periodo;codigo_provincia;provincia;poblacion_total;pct_18_34;pct_35_64;pct_65_mas;tamano_medio_hogar;pct_hogares_unipersonales;salario_medio_anual_euros_total;salario_medio_anual_euros_hombre;salario_medio_anual_euros_mujer;tasa_empleo_pct_total;tasa_paro_pct_total;inflación;indice_costes_construccion;ipv_general;ratio_prestamo_valor_pct;tipo_interes_prestamos_vivienda_pct;credito_vivienda_variacion_interanual_pct;valor_tasado_m2;tasa_migracion_neta_exterior_por_1000_habitantes;compraventas_viviendas;pct_compraventas_vivienda_nueva;importe_medio_hipoteca_vivienda_eur;visados_obra_nueva_viviendas;IAV_total
2015T1;1;Araba/Álava;321541,0;17,67;42,62;22,53;2,4;30,6;27956,0;31787,0;23571,0;49,61;18,97;98,7059;90,33;59,41;60,7;2,61;-3,78;1938,3;-0,36;456;29,8246;73828,72;177;5,546716268421806
2015T2;1;Araba/Álava;321541,0;17,67;42,62;22,53;2,4;30,6;27956,0;31787,0;23571,0;50,53;15,54;100,7259;93,72;60,42;61,8;2,51;-3,32;2029,1;-0,36;536;36,0075;112497,42;153;5,806553154957791
2015T3;1;Araba/Álava;321541,0;17,67;42,62;22,53;2,4;30,6;27956,0;31787,0;23571,0;50,14;13,33;99,8675;90,26;60,4;62,3;2,45;-3,36;1970,3;-0,36;496;22,1774;106469,03;164;5,638288739447703
2015T4;1;Araba/Álava;321541,0;17,67;42,62;22,53;2,4;30,6;27956,0;31787,0;23571,0;52,25;12,21;100,7007;92,91;60,84;63,2;2,43;-3,27;1967,3;-0,36;403;17,6179;113703,7;256;5,629703820289025
2016T1;1;Araba/Álava;322974,0;17,02;42,58;23,0;2,4;30,8;27893,0;31648,0;23676,0;52,56;10,71;98,3455;88,55;61,1;63,9;2,33;-3,32;1916,1;2,21;638;31,8182;116735,61;102;5,495572365826551
2016T2;1;Araba/Álava;322974,0;17,02;42,58;23,0;2,4;30,8;27893,0;31648,0;23676,0;50,27;13,11;99,9832;92,68;62,1;63,8;2,32;-3,6;1925,4;2,21;628;20,8599;107101,27;163;5,522245724733804
2016T3;1;Araba/Álava;322974,0;17,02;42,58;23,0;2,4;30,8;27893,0;31648,0;23676,0;51,09;12,16;99,7258;89,74;62,53;63,8;2,37;-3,16;1911,1;2,21;497;18,3099;107728,29;141;5,481231850285018
2016T4;1;Araba/Álava;322974,0;17,02;42,58;23,0;2,4;30,8;27893,0;31648,0;23676,0;51,8;11,97;101,6137;93,2;61,55;64,2;2,27;-3,1;1860,8;2,21;454;22,467;105553,61;117;5,336966263937189
2017T1;1;Araba/Álava;325250,0;16,54;42,5;23,4;2,4;30,9;28704,0;32653,0;24402,0;50,01;12,03;101,0518;90,09;63,11;64,8;2,24;-2,96;1931,1;3,42;745;19,8658;97096,36;216;5,382107023411371
2017T2;1;Araba/Álava;325250,0;16,54;42,5;23,4;2,4;30,9;28704,0;32653,0;24402,0;49,65;13,05;102,0234;93,77;64,92;65,0;2,17;-2,83;1905,1;3,42;684;12,8655;113034,31;226;5,30964325529543
2017T3;1;Araba/Álava;325250,0;16,54;42,5;23,4;2,4;30,9;28704,0;32653,0;24402,0;50,5;10,95;101,6625;91,13;66,14;64,9;2,22;-2,84;1910,5;3,42;682;16,129;114048,54;178;5,324693422519509
2017T4;1;Araba/Álava;325250,0;16,54;42,5;23,4;2,4;30,9;28704,0;32653,0;24402,0;52,72;9,04;103,1299;94,8;65,92;65,6;2,15;-2,79;1940,6;3,42;696;23,8506;99517,95;106;5,408584169453735
2018T1;1;Araba/Álava;327763,0;16,32;42,2;23,85;2,4;31,0;28898,0;32723,0;24693,0;51,49;10,54;101,7761;91,97;66,96;65,5;2,23;-2,6;1902,9;4,88;911;27,8814;118804,62;136;5,267907813689528
2018T2;1;Araba/Álava;327763,0;16,32;42,2;23,85;2,4;31,0;28898,0;32723,0;24693,0;51,63;10,53;103,6653;95,37;68,68;64,9;2,2;-2,19;1911,7;4,88;889;16,7604;115669,23;241;5,292269361201467
2018T3;1;Araba/Álava;327763,0;16,32;42,2;23,85;2,4;31,0;28898,0;32723,0;24693,0;53,15;7,99;103,5761;92,55;69,33;65,9;2,17;-1,81;1901,0;4,88;744;12,3656;117814,7;161;5,262647934113088
2018T4;1;Araba/Álava;327763,0;16,32;42,2;23,85;2,4;31,0;28898,0;32723,0;24693,0;53,83;7,39;104,5123;96,51;69,24;66,5;2,26;-1,57;1941,5;4,88;632;12,3418;123903,91;313;5,374766419821441
2019T1;1;Araba/Álava;330104,0;16,19;41,96;24,29;2,4;31,1;30031,0;34005,0;25639,0;54,91;7,54;102,9473;92,79;70,83;64,6;2,37;-1,25;1993,1;7,14;937;13,0203;125440,33;211;5,309446904864973
2019T2;1;Araba/Álava;330104,0;16,19;41,96;24,29;2,4;31,1;30031,0;34005,0;25639,0;53,66;8,04;104,7049;96,07;71,33;65,5;2,35;-1,14;1966,8;7,14;889;14,2857;128364,71;298;5,239385967833239
2019T3;1;Araba/Álava;330104,0;16,19;41,96;24,29;2,4;31,1;30031,0;34005,0;25639,0;51,37;10,23;104,1401;93,19;72,68;64,7;2,15;-1,19;1914,1;7,14;761;11,1695;122483,11;169;5,098997702374214
2019T4;1;Araba/Álava;330104,0;16,19;41,96;24,29;2,4;31,1;30031,0;34005,0;25639,0;52,28;7,31;105,2664;96,93;71,28;63,0;1,99;-1,08;1964,2;7,14;722;20,9141;121558,68;166;5,232459791548733
2020T1;1;Araba/Álava;332874,0;16,12;41,71;24,67;2,4;31,3;30677,0;34674,0;26353,0;52,15;5,59;103,6194;92,62;73,24;63,8;2,03;-1,14;1947,0;2,38;854;13,7002;125454,79;144;5,077419565146527
2020T2;1;Araba/Álava;332874,0;16,12;41,71;24,67;2,4;31,3;30677,0;34674,0;26353,0;49,84;7,81;103,9878;93,31;72,48;64,2;1,91;-1,64;1949,1;2,38;590;18,6441;142418,3;97;5,082895980702155
2020T3;1;Araba/Álava;332874,0;16,12;41,71;24,67;2,4;31,3;30677,0;34674,0;26353,0;50,42;8,04;103,5555;92,71;74,03;63,6;1,94;-1,62;1921,9;2,38;1163;7,0507;92538,59;84;5,011963360172116
2020T4;1;Araba/Álava;332874,0;16,12;41,71;24,67;2,4;31,3;30677,0;34674,0;26353,0;49,6;9,99;104,4917;97,76;72,82;65,2;1,8;-1,19;1966,4;2,38;773;9,3144;137038,02;122;5,128011213612805
2021T1;1;Araba/Álava;333485,0;15,99;41,64;25,0;2,4;31,9;31530,0;35523,0;27134,0;49,12;12,76;104,2923;94,96;73,38;64,7;1,72;-0,8;2017,1;2,6838;866;14,0878;140912,74;399;5,117919441801459
2021T2;1;Araba/Álava;333485,0;15,99;41,64;25,0;2,4;31,9;31530,0;35523,0;27134,0;49,32;10,92;106,8582;100,28;74,33;64,9;1,62;0,07;2010,0;2,6838;933;15,1125;138014,51;259;5,099904852521409
2021T3;1;Araba/Álava;333485,0;15,99;41,64;25,0;2,4;31,9;31530,0;35523,0;27134,0;51,26;12,3;107,1345;99,76;75,03;65,2;1,59;0,74;1975,4;2,6838;842;10,095;117049,27;357;5,012115445607358
2021T4;1;Araba/Álava;333485,0;15,99;41,64;25,0;2,4;31,9;31530,0;35523,0;27134,0;53,32;9,48;110,5639;105,01;75,9;65,4;1,54;0,76;2036,7;2,6838;842;15,677;154893,94;416;5,167649857278782
2022T1;1;Araba/Álava;333908,0;16,0;41,27;25,58;2,4;32,1;32799,0;36885,0;28321,0;50,63;10,21;112,5363;105,46;77,97;65,2;1,6;0,72;1985,2;10,7305;896;10,2679;141822,03;417;4,842098844476966
2022T2;1;Araba/Álava;333908,0;16,0;41,27;25,58;2,4;32,1;32799,0;36885,0;28321,0;51,39;9,67;116,2958;114,52;79,16;65,2;1,74;0,98;2048,8;10,7305;1055;19,0521;148721,23;241;4,99722552516845
2022T3;1;Araba/Álava;333908,0;16,0;41,27;25,58;2,4;32,1;32799,0;36885,0;28321,0;52,79;9,01;117,592;110,54;80,89;64,6;2,14;0,87;2046,4;10,7305;984;20,4268;124203,14;128;4,991371688161224
2022T4;1;Araba/Álava;333908,0;16,0;41,27;25,58;2,4;32,1;32799,0;36885,0;28321,0;53,96;7,87;117,1289;115,01;79,63;63,9;2,87;0,3;2035,2;10,7305;907;25,4686;138073,39;399;4,964053782127504
2023T1;1;Araba/Álava;336308,0;16,3;40,92;25,85;2,4;32,4;34386,0;38582,0;29750,0;54,7;6,67;117,6862;112,83;80,37;63,0;3,59;-0,75;2070,5;8,8907;936;18,8034;146592,07;270;4,817076717268656
2023T2;1;Araba/Álava;336308,0;16,3;40,92;25,85;2,4;32,4;34386,0;38582,0;29750,0;54,0;7,18;119,2574;116,6;81,56;62,7;3,89;-2,01;2078,3;8,8907;693;11,6883;147166,92;299;4,835223637526901
2023T3;1;Araba/Álava;336308,0;16,3;40,92;25,85;2,4;32,4;34386,0;38582,0;29750,0;52,25;9,7;120,3917;112,78;83,97;62,2;4,06;-3,14;2092,3;8,8907;821;10,1096;142561,7;166;4,867795032862212
2023T4;1;Araba/Álava;336308,0;16,3;40,92;25,85;2,4;32,4;34386,0;38582,0;29750,0;53,47;5,26;120,3101;117,61;82,72;61,4;4,03;-3,14;2108,4;8,8907;633;19,2733;138360,77;352;4,905252137497819
2024T1;1;Araba/Álava;338594,0;16,3;40,92;25,85;2,4;32,4;35761,0;40042,0;30998,0;52,1;8,8;120,7547;113,32;85,5;61,5;3,69;-2,61;2095,7;11,4296;831;20,0963;144308,15;457;4,688235787589832
2024T2;1;Araba/Álava;338594,0;16,3;40,92;25,85;2,4;32,4;35761,0;40042,0;30998,0;52,25;8,28;123,0728;117,41;88,46;63,0;3,55;-1,79;2112,0;11,4296;868;38,0184;133801,68;104;4,724700092279298
2024T3;1;Araba/Álava;338594,0;16,3;40,92;25,85;2,4;32,4;35761,0;40042,0;30998,0;50,99;9,4;122,6405;114,16;91,02;63,3;3,45;-0,62;2141,4;11,4296;1056;36,3636;143331,62;415;4,790470065154778
2024T4;1;Araba/Álava;338594,0;16,3;40,92;25,85;2,4;32,4;35761,0;40042,0;30998,0;51,68;7,79;123,2331;118,19;91,56;64,1;3,17;0,21;2183,2;11,4296;942;30,6794;147580,28;148;4,883979754481139
2015T1;2;Albacete;394012,0;20,91;39,53;21,5;2,6;27,7;15728,0;16985,0;14033,0;40,72;28,82;98,9558;90,33;69,07;60,7;2,61;-3,78;959,5;-0,54;545;26,2385;82770,64;74;4,880467955239064
2015T2;2;Albacete;394012,0;20,91;39,53;21,5;2,6;27,7;15728,0;16985,0;14033,0;43,84;24,66;100,8941;93,72;70,51;61,8;2,51;-3,32;969,7;-0,54;460;26,3043;78629,41;117;4,9323499491353004
2015T3;2;Albacete;394012,0;20,91;39,53;21,5;2,6;27,7;15728,0;16985,0;14033,0;44,28;23,28;99,6913;90,26;70,16;62,3;2,45;-3,36;945,3;-0,54;481;21,2058;78082,22;133;4,80824008138352
2015T4;2;Albacete;394012,0;20,91;39,53;21,5;2,6;27,7;15728,0;16985,0;14033,0;45,32;21,97;100,4588;92,91;70,38;63,2;2,43;-3,27;961,3;-0,54;482;22,4066;86327,87;316;4,889623601220753
2016T1;2;Albacete;391865,0;20,3;39,86;21,9;2,6;28,2;15780,0;17082,0;14046,0;42,33;24,67;97,9119;88,55;70,09;63,9;2,33;-3,32;953,3;0,83;565;20,0;87970,46;108;4,832953105196451
2016T2;2;Albacete;391865,0;20,3;39,86;21,9;2,6;28,2;15780,0;17082,0;14046,0;43,05;24,27;99,6721;92,68;70,92;63,8;2,32;-3,6;934,4;0,83;592;18,9189;100889,44;172;4,737135614702154
2016T3;2;Albacete;391865,0;20,3;39,86;21,9;2,6;28,2;15780,0;17082,0;14046,0;41,65;23,06;99,2761;89,74;71,06;63,8;2,37;-3,16;922,2;0,83;552;21,7391;83195,65;156;4,6752851711026615
2016T4;2;Albacete;391865,0;20,3;39,86;21,9;2,6;28,2;15780,0;17082,0;14046,0;42,96;23,31;101,2255;93,2;70,38;64,2;2,27;-3,1;950,6;0,83;469;18,1237;80906,98;147;4,819264892268695
2017T1;2;Albacete;390225,0;19,84;40,22;22,18;2,6;28,3;16132,000000000002;17473,0;14361,0;43,36;24,48;100,7642;90,09;71,22;64,8;2,24;-2,96;936,5;1,26;678;22,4189;88059,52;222;4,644185469873543
2017T2;2;Albacete;390225,0;19,84;40,22;22,18;2,6;28,3;16132,000000000002;17473,0;14361,0;43,92;25,32;101,5092;93,77;71,46;65,0;2,17;-2,83;924,8;1,26;699;22,7468;84747,75;247;4,586164145797173
2017T3;2;Albacete;390225,0;19,84;40,22;22,18;2,6;28,3;16132,000000000002;17473,0;14361,0;45,92;20,81;100,7267;91,13;71,19;64,9;2,22;-2,84;911,3;1,26;745;19,3289;99307,49;225;4,519216464170592
2017T4;2;Albacete;390225,0;19,84;40,22;22,18;2,6;28,3;16132,000000000002;17473,0;14361,0;46,57;22,01;102,5227;94,8;70,68;65,6;2,15;-2,79;932,9;1,26;619;24,2326;87975,28;170;4,626332754773121
2018T1;2;Albacete;388948,0;19,45;40,44;22,47;2,6;28,8;16764,0;18181,0;14928,0;44,92;23,82;101,5574;91,97;71,69;65,5;2,23;-2,6;905,1;1,98;786;28,8804;89484,04;150;4,319255547602005
2018T2;2;Albacete;388948,0;19,45;40,44;22,47;2,6;28,8;16764,0;18181,0;14928,0;47,92;20,66;103,4082;95,37;72,51;64,9;2,2;-2,19;897,6;1,98;706;23,2295;82183,36;279;4,283464566929134
2018T3;2;Albacete;388948,0;19,45;40,44;22,47;2,6;28,8;16764,0;18181,0;14928,0;49,39;16,86;103,4043;92,55;73,47;65,9;2,17;-1,81;916,7;1,98;771;20,3632;89120,0;188;4,374612264376044
2018T4;2;Albacete;388948,0;19,45;40,44;22,47;2,6;28,8;16764,0;18181,0;14928,0;48,73;17,59;104,6584;96,51;73,58;66,5;2,26;-1,57;941,8;1,98;695;21,8705;83245,37;183;4,4943927463612505
2019T1;2;Albacete;387818,0;19,24;40,51;22,82;2,5;29,0;17597,0;19036,0;15728,0;47,13;17,85;102,8576;92,79;74,65;64,6;2,37;-1,25;922,7;5,11;868;23,2719;100898,38;145;4,19480593282946
2019T2;2;Albacete;387818,0;19,24;40,51;22,82;2,5;29,0;17597,0;19036,0;15728,0;46,05;17,7;104,2637;96,07;75,33;65,5;2,35;-1,14;942,9;5,11;813;30,9963;86179,18;156;4,286639768142297
2019T3;2;Albacete;387818,0;19,24;40,51;22,82;2,5;29,0;17597,0;19036,0;15728,0;46,8;16,5;103,4355;93,19;75,74;64,7;2,15;-1,19;924,8;5,11;757;29,0621;100865,98;217;4,204353014718418
2019T4;2;Albacete;387818,0;19,24;40,51;22,82;2,5;29,0;17597,0;19036,0;15728,0;46,27;16,69;105,0928;96,93;75,8;63,0;1,99;-1,08;917,7;5,11;732;27,3224;97025,34;275;4,172074785474797
2020T1;2;Albacete;387838,0;19,09;40,64;23,03;2,5;29,4;17961,0;19207,0;16327,000000000002;44,85;20,72;103,4543;92,62;75,41;63,8;2,03;-1,14;893,7;2,94;794;26,7003;87523,5;201;3,980624686821447
2020T2;2;Albacete;387838,0;19,09;40,64;23,03;2,5;29,4;17961,0;19207,0;16327,000000000002;44,23;17,41;103,4184;93,31;76,5;64,2;1,91;-1,64;889,5;2,94;393;21,1196;84649,64;261;3,961917487890429
2020T3;2;Albacete;387838,0;19,09;40,64;23,03;2,5;29,4;17961,0;19207,0;16327,000000000002;46,61;17,48;102,9238;92,71;76,79;63,6;1,94;-1,62;902,1;2,94;734;24,5232;100998,42;135;4,018039084683481
2020T4;2;Albacete;387838,0;19,09;40,64;23,03;2,5;29,4;17961,0;19207,0;16327,000000000002;48,63;17,44;104,1642;97,76;76,7;65,2;1,8;-1,19;913,0;2,94;750;20,8;88795,77;235;4,066588720004454
2021T1;2;Albacete;386726,0;19,02;40,98;22,96;2,5;29,8;18798,0;20195,0;17010,0;46,1;19,93;104,1698;94,96;75,62;64,7;1,72;-0,8;896,4;2,0738;835;22,3952;101690,08;272;3,814873922757741
2021T2;2;Albacete;386726,0;19,02;40,98;22,96;2,5;29,8;18798,0;20195,0;17010,0;49,21;14,49;106,5814;100,28;78,32;64,9;1,62;0,07;920,3;2,0738;876;23,1735;95605,96;237;3,916586870943717
2021T3;2;Albacete;386726,0;19,02;40,98;22,96;2,5;29,8;18798,0;20195,0;17010,0;49,31;15,67;106,5873;99,76;79,09;65,2;1,59;0,74;903,5;2,0738;943;21,9512;100413,07;142;3,8450899031811896
2021T4;2;Albacete;386726,0;19,02;40,98;22,96;2,5;29,8;18798,0;20195,0;17010,0;48,04;12,02;110,6981;105,01;79,77;65,4;1,54;0,76;918,9;2,0738;792;19,4444;96015,48;169;3,91062879029684
2022T1;2;Albacete;385967,0;18,9;41,01;23,28;2,5;30,1;19680,0;21243,0;17726,0;47,94;16,62;113,0349;105,46;81,01;65,2;1,6;0,72;924,7;9,5734;973;15,7246;104749,0;126;3,758943089430894
2022T2;2;Albacete;385967,0;18,9;41,01;23,28;2,5;30,1;19680,0;21243,0;17726,0;50,21;12,65;117,5586;114,52;83,04;65,2;1,74;0,98;934,4;9,5734;1195;28,2008;100134,92;148;3,798373983739837
2022T3;2;Albacete;385967,0;18,9;41,01;23,28;2,5;30,1;19680,0;21243,0;17726,0;50,69;11,01;118,7478;110,54;84,29;64,6;2,14;0,87;929,2;9,5734;1006;17,1968;103799,76;153;3,777235772357724
2022T4;2;Albacete;385967,0;18,9;41,01;23,28;2,5;30,1;19680,0;21243,0;17726,0;51,96;11,11;118,7495;115,01;82,98;63,9;2,87;0,3;934,9;9,5734;855;13,9181;105656,91;174;3,800406504065041
2023T1;2;Albacete;387529,0;18,82;41,02;23,53;2,5;30,5;20702,0;22312,0;18711,0;50,78;13,89;119,0545;112,83;82,32;63,0;3,59;-0,75;950,7;8,2833;1050;23,8095;98798,1;123;3,673847937397353
2023T2;2;Albacete;387529,0;18,82;41,02;23,53;2,5;30,5;20702,0;22312,0;18711,0;51,81;12,74;121,2063;116,6;84,69;62,7;3,89;-2,01;951,2;8,2833;927;19,7411;105783,05;373;3,675780117863008
2023T3;2;Albacete;387529,0;18,82;41,02;23,53;2,5;30,5;20702,0;22312,0;18711,0;52,93;9,11;122,3716;112,78;85,16;62,2;4,06;-3,14;984,6;8,2833;865;15,1445;94826,99;194;3,804849772968795
2023T4;2;Albacete;387529,0;18,82;41,02;23,53;2,5;30,5;20702,0;22312,0;18711,0;50,47;12,09;123,4449;117,61;84,71;61,4;4,03;-3,14;984,3;8,2833;834;25,5396;105914,66;155;3,803690464689402
2024T1;2;Albacete;389070,0;18,82;41,02;23,53;2,5;30,5;21576,0;23309,0;19449,0;48,39;13,23;123,6346;113,32;86,38;61,5;3,69;-2,61;1004,9;8,6103;909;21,8922;99133,94;334;3,725991842788283
2024T2;2;Albacete;389070,0;18,82;41,02;23,53;2,5;30,5;21576,0;23309,0;19449,0;50,34;10,74;125,7433;117,41;89,16;63,0;3,55;-1,79;1006,5;8,6103;950;16,2105;93165,25;156;3,731924360400445
2024T3;2;Albacete;389070,0;18,82;41,02;23,53;2,5;30,5;21576,0;23309,0;19449,0;51,66;9,92;124,9297;114,16;91,03;63,3;3,45;-0,62;1003,7;8,6103;988;19,2308;103397,32;243;3,721542454579162
2024T4;2;Albacete;389070,0;18,82;41,02;23,53;2,5;30,5;21576,0;23309,0;19449,0;50,29;11,37;126,091;118,19;92,05;64,1;3,17;0,21;1029,1;8,6103;969;18,2663;97640,55;349;3,815721171672229
2015T1;3;Alicante/Alacant;1838578,0;19,43;41,24;21,53;2,5;28,7;15425,0;16864,0;13716,0;42,37;26,42;98,8526;90,33;58,07;60,7;2,61;-3,78;1216,0;-0,25;6443;24,5538;85465,9;1224;6,306645056726094
2015T2;3;Alicante/Alacant;1838578,0;19,43;41,24;21,53;2,5;28,7;15425,0;16864,0;13716,0;44,29;24,11;101,0021;93,72;60,38;61,8;2,51;-3,32;1237,9;-0,25;6624;20,471;78483,42;1408;6,420226904376013
2015T3;3;Alicante/Alacant;1838578,0;19,43;41,24;21,53;2,5;28,7;15425,0;16864,0;13716,0;44,6;23,39;99,9366;90,26;60,22;62,3;2,45;-3,36;1223,8;-0,25;7388;19,4911;80680,79;1305;6,34709886547812
2015T4;3;Alicante/Alacant;1838578,0;19,43;41,24;21,53;2,5;28,7;15425,0;16864,0;13716,0;44,96;22,96;100,2087;92,91;60,29;63,2;2,43;-3,27;1240,4;-0,25;6403;16,8827;84031,21;1291;6,433192868719611
2016T1;3;Alicante/Alacant;1837873,0;18,87;41,52;21,8;2,5;28,7;15597,0;17079,0;13845,0;44,31;23,62;97,8601;88,55;61,04;63,9;2,33;-3,32;1228,7;-0,77;7130;18,2468;84665,62;1737;6,302237609796756
2016T2;3;Alicante/Alacant;1837873,0;18,87;41,52;21,8;2,5;28,7;15597,0;17079,0;13845,0;46,7;22,74;99,6544;92,68;61,48;63,8;2,32;-3,6;1224,2;-0,77;7999;15,9895;80201,87;2038;6,27915624799641
2016T3;3;Alicante/Alacant;1837873,0;18,87;41,52;21,8;2,5;28,7;15597,0;17079,0;13845,0;48,62;18,61;99,2577;89,74;61,35;63,8;2,37;-3,16;1240,6;-0,77;7774;16,7739;86061,97;1222;6,363274988779893
2016T4;3;Alicante/Alacant;1837873,0;18,87;41,52;21,8;2,5;28,7;15597,0;17079,0;13845,0;47,93;18,21;100,7999;93,2;61,33;64,2;2,27;-3,1;1233,3;-0,77;6786;15,4288;85374,6;1361;6,325831890748221
2017T1;3;Alicante/Alacant;1836715,0;18,4;41,7;22,11;2,5;28,7;15938,0;17470,0;14127,0;47,13;19,77;100,5677;90,09;62,18;64,8;2,24;-2,96;1250,1;1,76;8425;15,9407;86744,57;1641;6,2748149077676
2017T2;3;Alicante/Alacant;1836715,0;18,4;41,7;22,11;2,5;28,7;15938,0;17470,0;14127,0;47,89;18,48;101,5996;93,77;62,62;65,0;2,17;-2,83;1239,1;1,76;9066;14,0304;83617,33;1570;6,21960095369557
2017T3;3;Alicante/Alacant;1836715,0;18,4;41,7;22,11;2,5;28,7;15938,0;17470,0;14127,0;49,01;16,22;100,9732;91,13;63,16;64,9;2,22;-2,84;1231,1;1,76;8693;18,7737;89029,37;2323;6,179445350734095
2017T4;3;Alicante/Alacant;1836715,0;18,4;41,7;22,11;2,5;28,7;15938,0;17470,0;14127,0;47,94;17,96;102,3874;94,8;63,88;65,6;2,15;-2,79;1252,9;1,76;8533;18,5281;87258,71;2066;6,288869368804116
2018T1;3;Alicante/Alacant;1839319,0;18,1;41,79;22,32;2,5;28,9;16467,0;18021,0;14652,0;47,14;18,3;101,567;91,97;64,31;65,5;2,23;-2,6;1274,4;10,25;10185;14,6195;87163,44;2152;6,191291674257606
2018T2;3;Alicante/Alacant;1839319,0;18,1;41,79;22,32;2,5;28,9;16467,0;18021,0;14652,0;48,3;15,6;103,569;95,37;65,14;64,9;2,2;-2,19;1270,2;10,25;10486;16,441;94088,65;1966;6,170887229003461
2018T3;3;Alicante/Alacant;1839319,0;18,1;41,79;22,32;2,5;28,9;16467,0;18021,0;14652,0;49,39;15,14;103,4571;92,55;66,11;65,9;2,17;-1,81;1253,8;10,25;9918;15,8802;96042,55;1359;6,091212728487277
2018T4;3;Alicante/Alacant;1839319,0;18,1;41,79;22,32;2,5;28,9;16467,0;18021,0;14652,0;47,86;15,63;104,1305;96,51;66,53;66,5;2,26;-1,57;1289,9;10,25;8810;13,0533;96610,32;2282;6,2665937936479015
2019T1;3;Alicante/Alacant;1855384,0;17,99;41,87;22,48;2,5;28,9;17139,0;18730,0;15292,0;47,47;15,44;102,5057;92,79;66,99;64,6;2,37;-1,25;1312,3;13,39;9633;14,523;95275,85;2411;6,125444891767314
2019T2;3;Alicante/Alacant;1855384,0;17,99;41,87;22,48;2,5;28,9;17139,0;18730,0;15292,0;49,99;14,71;104,1097;96,07;68,23;65,5;2,35;-1,14;1314,8;13,39;9641;15,8282;97090,73;1747;6,137114184024739
2019T3;3;Alicante/Alacant;1855384,0;17,99;41,87;22,48;2,5;28,9;17139,0;18730,0;15292,0;50,61;13,57;103,416;93,19;68,9;64,7;2,15;-1,19;1307,0;13,39;9156;18,4469;94310,1;1606;6,100705992181574
2019T4;3;Alicante/Alacant;1855384,0;17,99;41,87;22,48;2,5;28,9;17139,0;18730,0;15292,0;49,95;15,68;104,4462;96,93;69,04;63,0;1,99;-1,08;1314,6;13,39;8710;17,3594;98293,39;1365;6,136180640644145
2020T1;3;Alicante/Alacant;1877627,0;17,96;41,87;22,64;2,5;29,2;16897,0;18327,0;15224,0;48,08;15,01;103,0536;92,62;69,33;63,8;2,03;-1,14;1294,9;6,43;9033;15,8751;93854,39;2351;6,130792448363615
2020T2;3;Alicante/Alacant;1877627,0;17,96;41,87;22,64;2,5;29,2;16897,0;18327,0;15224,0;44,23;18,41;103,2342;93,31;69,32;64,2;1,91;-1,64;1261,6;6,43;4840;16,3843;88389,73;1144;5,9731313250872935
2020T3;3;Alicante/Alacant;1877627,0;17,96;41,87;22,64;2,5;29,2;16897,0;18327,0;15224,0;46,21;19,28;102,7731;92,71;70,3;63,6;1,94;-1,62;1282,8;6,43;7117;18,7017;107670,37;1363;6,073504172338285
2020T4;3;Alicante/Alacant;1877627,0;17,96;41,87;22,64;2,5;29,2;16897,0;18327,0;15224,0;45,92;19,41;103,5855;97,76;70,18;65,2;1,8;-1,19;1291,9;6,43;7706;15,6112;105851,33;1359;6,1165887435639466
2021T1;3;Alicante/Alacant;1887036,0;17,84;41,93;22,9;2,5;29,6;17649,0;19108,0;15954,0;44,71;19,18;103,9004;94,96;70,17;64,7;1,72;-0,8;1299,0;11,4704;7886;17,3472;99131,38;1308;5,888152303246643
2021T2;3;Alicante/Alacant;1887036,0;17,84;41,93;22,9;2,5;29,6;17649,0;19108,0;15954,0;45,83;18,24;106,2194;100,28;72,31;64,9;1,62;0,07;1320,6;11,4704;8313;15,0367;96037,22;1729;5,986061533231345
2021T3;3;Alicante/Alacant;1887036,0;17,84;41,93;22,9;2,5;29,6;17649,0;19108,0;15954,0;46,46;18,49;106,5309;99,76;73,79;65,2;1,59;0,74;1341,3;11,4704;10060;15,2386;105930,46;1684;6,079891211966683
2021T4;3;Alicante/Alacant;1887036,0;17,84;41,93;22,9;2,5;29,6;17649,0;19108,0;15954,0;47,0;18,91;110,0127;105,01;74,93;65,4;1,54;0,76;1375,1;11,4704;10197;14,5533;108237,55;1805;6,233101025553856
2022T1;3;Alicante/Alacant;1907494,0;17,72;41,88;23,37;2,5;29,5;19112,0;20741,0;17259,0;49,21;14,97;112,4436;105,46;76,45;65,2;1,6;0,72;1411,4;26,6192;12177;12,7618;103517,0;1527;5,907911259941398
2022T2;3;Alicante/Alacant;1907494,0;17,72;41,88;23,37;2,5;29,5;19112,0;20741,0;17259,0;48,84;14,39;116,1471;114,52;78,11;65,2;1,74;0,98;1400,9;26,6192;12383;12,3072;104613,31;1623;5,86395981582252
2022T3;3;Alicante/Alacant;1907494,0;17,72;41,88;23,37;2,5;29,5;19112,0;20741,0;17259,0;50,02;13,65;117,7245;110,54;78,89;64,6;2,14;0,87;1411,8;26,6192;13629;13,9775;103969,36;1172;5,909585600669736
2022T4;3;Alicante/Alacant;1907494,0;17,72;41,88;23,37;2,5;29,5;19112,0;20741,0;17259,0;50,63;15,57;117,4287;115,01;78,72;63,9;2,87;0,3;1402,0;26,6192;12366;12,5425;111042,59;1567;5,86856425282545
2023T1;3;Alicante/Alacant;1955268,0;17,91;41,64;23,44;2,5;29,5;20186,0;21867,0;18291,0;48,92;15,9;118,2636;112,83;79,02;63,0;3,59;-0,75;1453,7;19,8858;13212;14,4263;108876,86;1839;5,761220647973843
2023T2;3;Alicante/Alacant;1955268,0;17,91;41,64;23,44;2,5;29,5;20186,0;21867,0;18291,0;50,15;12,74;119,9062;116,6;80,82;62,7;3,89;-2,01;1463,8;19,8858;12657;14,3083;99251,67;3236;5,8012483899732485
2023T3;3;Alicante/Alacant;1955268,0;17,91;41,64;23,44;2,5;29,5;20186,0;21867,0;18291,0;52,16;11,6;121,2432;112,78;82,9;62,2;4,06;-3,14;1503,1;19,8858;12099;15,7534;111830,18;1732;5,956999900921431
2023T4;3;Alicante/Alacant;1955268,0;17,91;41,64;23,44;2,5;29,5;20186,0;21867,0;18291,0;50,83;13,33;121,7064;117,61;82,06;61,4;4,03;-3,14;1532,3;19,8858;10643;14,6011;112498,06;1691;6,072723669870207
2024T1;3;Alicante/Alacant;1993289,0;17,91;41,64;23,44;2,5;29,5;20984,0;22661,0;19102,0;48,09;14,37;122,168;113,32;84,15;61,5;3,69;-2,61;1560,4;20,5354;12799;16,8607;110229,67;1751;5,948913457872665
2024T2;3;Alicante/Alacant;1993289,0;17,91;41,64;23,44;2,5;29,5;20984,0;22661,0;19102,0;49,82;13,11;124,1937;117,41;87,79;63,0;3,55;-1,79;1559,9;20,5354;11725;19,6077;109674,13;2892;5,947007243614182
2024T3;3;Alicante/Alacant;1993289,0;17,91;41,64;23,44;2,5;29,5;20984,0;22661,0;19102,0;48,98;13,77;123,8457;114,16;90,21;63,3;3,45;-0,62;1608,0;20,5354;14050;18,669;114542,0;2330;6,130385055280214
2024T4;3;Alicante/Alacant;1993289,0;17,91;41,64;23,44;2,5;29,5;20984,0;22661,0;19102,0;49,98;13,31;124,364;118,19;92,07;64,1;3,17;0,21;1657,1;20,5354;13790;20,3408;117628,61;1742;6,31757529546321
2015T1;4;Almería;694051,0;22,71;40,9;15,88;2,7;28,0;13424,0;14322,0;12290,0;42,68;30,66;99,0098;90,33;53,94;60,7;2,61;-3,78;1076,5;1,67;1710;34,5614;79717,33;119;6,415375446960668
2015T2;4;Almería;694051,0;22,71;40,9;15,88;2,7;28,0;13424,0;14322,0;12290,0;43,2;29,09;100,9881;93,72;56,15;61,8;2,51;-3,32;1079,9;1,67;2085;44,4604;78107,89;274;6,435637663885578
2015T3;4;Almería;694051,0;22,71;40,9;15,88;2,7;28,0;13424,0;14322,0;12290,0;41,79;31,08;99,6723;90,26;56,78;62,3;2,45;-3,36;1096,4;1,67;1810;24,4751;84010,57;154;6,533969010727056
2015T4;4;Almería;694051,0;22,71;40,9;15,88;2,7;28,0;13424,0;14322,0;12290,0;44,14;25,13;100,3298;92,91;56,39;63,2;2,43;-3,27;1103,3;1,67;1700;28,6471;74885,02;245;6,575089392133492
2016T1;4;Almería;700055,0;22,07;41,4;16,07;2,7;28,1;13661,0;14568,0;12517,0;44,93;24,39;97,9669;88,55;56,88;63,9;2,33;-3,32;1079,2;0,28;2163;23,9482;78138,15;194;6,319888734353269
2016T2;4;Almería;700055,0;22,07;41,4;16,07;2,7;28,1;13661,0;14568,0;12517,0;45,76;22,45;99,6903;92,68;57,6;63,8;2,32;-3,6;1102,6;0,28;2025;22,5185;80652,78;369;6,456921162433204
2016T3;4;Almería;700055,0;22,07;41,4;16,07;2,7;28,1;13661,0;14568,0;12517,0;46,75;22,65;99,2899;89,74;57,55;63,8;2,37;-3,16;1091,3;0,28;3266;19,1366;84484,46;266;6,390747383061269
2016T4;4;Almería;700055,0;22,07;41,4;16,07;2,7;28,1;13661,0;14568,0;12517,0;46,13;24,84;101,3668;93,2;57,57;64,2;2,27;-3,1;1106,6;0,28;1855;30,7817;83247,61;548;6,480345509113535
2017T1;4;Almería;704871,0;21,47;41,72;16,39;2,7;28,1;13914,0;14862,0;12716,0;48,07;21,37;100,9177;90,09;58,08;64,8;2,24;-2,96;1109,3;-1,48;2046;27,1261;84489,56;403;6,378036509989938
2017T2;4;Almería;704871,0;21,47;41,72;16,39;2,7;28,1;13914,0;14862,0;12716,0;46,72;23,03;101,8398;93,77;58,98;65,0;2,17;-2,83;1094,5;-1,48;2472;25,5663;81003,21;301;6,292942360212735
2017T3;4;Almería;704871,0;21,47;41,72;16,39;2,7;28,1;13914,0;14862,0;12716,0;44,3;27,65;101,0674;91,13;59,67;64,9;2,22;-2,84;1075,9;-1,48;2157;23,9221;79028,11;348;6,185999712519764
2017T4;4;Almería;704871,0;21,47;41,72;16,39;2,7;28,1;13914,0;14862,0;12716,0;46,64;25,43;103,0424;94,8;60,15;65,6;2,15;-2,79;1088,8;-1,48;2226;28,4816;73390,05;358;6,260169613339083
2018T1;4;Almería;707319,0;21,03;41,93;16,66;2,7;28,3;14469,0;15438,0;13258,0;46,94;23,49;101,8867;91,97;60,44;65,5;2,23;-2,6;1096,6;6,1;2609;22,8057;74446,04;299;6,063169534867648
2018T2;4;Almería;707319,0;21,03;41,93;16,66;2,7;28,3;14469,0;15438,0;13258,0;45,24;22,52;103,6986;95,37;61,78;64,9;2,2;-2,19;1096,7;6,1;2563;22,2005;76352,89;617;6,063722441080932
2018T3;4;Almería;707319,0;21,03;41,93;16,66;2,7;28,3;14469,0;15438,0;13258,0;43,97;25,53;103,369;92,55;62,89;65,9;2,17;-1,81;1077,3;6,1;2887;20,6443;82761,64;594;5,956458635703918
2018T4;4;Almería;707319,0;21,03;41,93;16,66;2,7;28,3;14469,0;15438,0;13258,0;48,2;18,77;104,6232;96,51;63,54;66,5;2,26;-1,57;1091,9;6,1;2504;23,3227;88358,01;563;6,03718294284332
2019T1;4;Almería;714123,0;20,9;42,04;16,81;2,7;28,2;15233,0;16233,0;13983,0;49,8;16,06;102,7547;92,79;64,02;64,6;2,37;-1,25;1116,6;10,26;2800;27,2857;89393,42;560;5,86411081205278
2019T2;4;Almería;714123,0;20,9;42,04;16,81;2,7;28,2;15233,0;16233,0;13983,0;49,11;16,12;104,4819;96,07;65,22;65,5;2,35;-1,14;1128,2;10,26;2942;24,2692;85908,34;665;5,925031182301582
2019T3;4;Almería;714123,0;20,9;42,04;16,81;2,7;28,2;15233,0;16233,0;13983,0;46,4;19,75;103,6189;93,19;66,6;64,7;2,15;-1,19;1116,1;10,26;2558;24,4722;90868,32;634;5,861484934024815
2019T4;4;Almería;714123,0;20,9;42,04;16,81;2,7;28,2;15233,0;16233,0;13983,0;49,47;18,53;105,0849;96,93;66,17;63,0;1,99;-1,08;1129,5;10,26;2446;21,7498;86180,34;445;5,931858465174293
2020T1;4;Almería;724003,0;20,77;42,1;17,04;2,6;28,3;15595,0;16554,0;14384,0;48,93;19,71;103,7699;92,62;66,67;63,8;2,03;-1,14;1106,0;5,94;2894;24,7063;259728,18;538;5,673613337608208
2020T2;4;Almería;724003,0;20,77;42,1;17,04;2,6;28,3;15595,0;16554,0;14384,0;43,37;20,21;104,0374;93,31;66,76;64,2;1,91;-1,64;1104,8;5,94;1602;20,3496;78583,65;385;5,667457518435396
2020T3;4;Almería;724003,0;20,77;42,1;17,04;2,6;28,3;15595,0;16554,0;14384,0;44,08;26,55;103,346;92,71;67,44;63,6;1,94;-1,62;1091,4;5,94;2307;21,6732;82099,66;543;5,598717537672331
2020T4;4;Almería;724003,0;20,77;42,1;17,04;2,6;28,3;15595,0;16554,0;14384,0;47,09;21,15;104,7213;97,76;67,27;65,2;1,8;-1,19;1113,4;5,94;2508;20,933;85899,6;287;5,711574222507214
2021T1;4;Almería;730430,0;20,56;42,24;17,29;2,6;28,6;16219,999999999998;17173,0;15021,0;50,78;17,53;104,4429;94,96;67,1;64,7;1,72;-0,8;1086,7;8,8537;2603;21,2831;82166,06;471;5,359802712700371
2021T2;4;Almería;730430,0;20,56;42,24;17,29;2,6;28,6;16219,999999999998;17173,0;15021,0;47,46;21,96;106,5844;100,28;69,14;64,9;1,62;0,07;1118,6;8,8537;3088;24,158;92758,08;761;5,517139334155364
2021T3;4;Almería;730430,0;20,56;42,24;17,29;2,6;28,6;16219,999999999998;17173,0;15021,0;48,4;21,67;106,6292;99,76;71,51;65,2;1,59;0,74;1152,8;8,8537;4338;24,1586;91946,65;393;5,685819975339088
2021T4;4;Almería;730430,0;20,56;42,24;17,29;2,6;28,6;16219,999999999998;17173,0;15021,0;52,92;15,86;110,1595;105,01;72,66;65,4;1,54;0,76;1156,6;8,8537;3440;26,9477;90586,15;409;5,704562268803946
2022T1;4;Almería;739541,0;20,53;42,24;17,48;2,6;28,8;16962,0;17904,0;15769,0;52,77;16,18;112,2607;105,46;74,4;65,2;1,6;0,72;1161,5;16,7969;3903;26,4668;107203,92;86;5,478127579294895
2022T2;4;Almería;739541,0;20,53;42,24;17,48;2,6;28,8;16962,0;17904,0;15769,0;52,2;15,54;116,0346;114,52;76,2;65,2;1,74;0,98;1151,7;16,7969;3511;22,1874;88198,89;567;5,4319066147859925
2022T3;4;Almería;739541,0;20,53;42,24;17,48;2,6;28,8;16962,0;17904,0;15769,0;48,21;20,52;116,864;110,54;77,43;64,6;2,14;0,87;1159,7;16,7969;4355;25,4191;94631,6;453;5,469638014385096
2022T4;4;Almería;739541,0;20,53;42,24;17,48;2,6;28,8;16962,0;17904,0;15769,0;51,95;16,36;117,2854;115,01;77,35;63,9;2,87;0,3;1146,8;16,7969;3449;25,1957;84768,42;767;5,408796132531541
2023T1;4;Almería;753364,0;20,56;42,21;17,64;2,6;28,9;18037,0;19041,0;16752,0;54,82;12,87;117,7886;112,83;77,52;63,0;3,59;-0,75;1156,6;9,4032;4032;31,2996;89801,68;1143;5,129899650717968
2023T2;4;Almería;753364,0;20,56;42,21;17,64;2,6;28,9;18037,0;19041,0;16752,0;52,0;16,58;119,725;116,6;79,63;62,7;3,89;-2,01;1176,4;9,4032;3504;23,3162;96612,59;596;5,217719132893497
2023T3;4;Almería;753364,0;20,56;42,21;17,64;2,6;28,9;18037,0;19041,0;16752,0;49,96;19,86;120,7486;112,78;81,93;62,2;4,06;-3,14;1194,6;9,4032;3429;25,7218;95738,99;409;5,298442091256861
2023T4;4;Almería;753364,0;20,56;42,21;17,64;2,6;28,9;18037,0;19041,0;16752,0;50,54;14,58;121,3826;117,61;81,45;61,4;4,03;-3,14;1205,7;9,4032;3079;22,962;96611,44;225;5,347674225203748
2024T1;4;Almería;760964,0;20,56;42,21;17,64;2,6;28,9;18733,0;19740,0;17452,0;52,63;15,9;121,6539;113,32;83,66;61,5;3,69;-2,61;1218,1;12,9835;3121;23,3899;91330,37;442;5,201943095072866
2024T2;4;Almería;760964,0;20,56;42,21;17,64;2,6;28,9;18733,0;19740,0;17452,0;51,29;14,19;123,4066;117,41;87,22;63,0;3,55;-1,79;1240,8;12,9835;3410;22,1701;102350,99;775;5,298884321785085
2024T3;4;Almería;760964,0;20,56;42,21;17,64;2,6;28,9;18733,0;19740,0;17452,0;49,16;16,22;122,6829;114,16;90,57;63,3;3,45;-0,62;1241,6;12,9835;3801;21,8364;93871,59;739;5,302300752682432
2024T4;4;Almería;760964,0;20,56;42,21;17,64;2,6;28,9;18733,0;19740,0;17452,0;51,13;14,83;123,5106;118,19;92,35;64,1;3,17;0,21;1274,1;12,9835;3563;26,8875;92642,66;1095;5,441093257887151
2015T1;5;Ávila;165694,0;17,56;37,48;29,89;2,3;36,7;15936,0;17351,0;14233,0;38,77;25,92;98,8915;90,33;61,89;60,7;2,61;-3,78;823,4;0,25;260;34,6154;79964,29;66;4,133534136546185
2015T2;5;Ávila;165694,0;17,56;37,48;29,89;2,3;36,7;15936,0;17351,0;14233,0;41,59;23,93;101,0232;93,72;63,4;61,8;2,51;-3,32;818,5;0,25;233;23,176;69863,25;102;4,108935742971887
2015T3;5;Ávila;165694,0;17,56;37,48;29,89;2,3;36,7;15936,0;17351,0;14233,0;43,43;21,01;99,656;90,26;62,95;62,3;2,45;-3,36;838,6;0,25;226;26,9912;86179,69;70;4,209839357429719
2015T4;5;Ávila;165694,0;17,56;37,48;29,89;2,3;36,7;15936,0;17351,0;14233,0;41,41;21,08;100,4292;92,91;62,98;63,2;2,43;-3,27;877,9;0,25;206;28,6408;82747,97;64;4,407128514056225
2016T1;5;Ávila;163669,0;17,11;37,67;30,29;2,3;37,0;15969,0;17386,0;14273,0;40,48;26,77;97,8073;88,55;62,96;63,9;2,33;-3,32;849,6;1,31;245;25,7143;73442,03;61;4,2562464775502535
2016T2;5;Ávila;163669,0;17,11;37,67;30,29;2,3;37,0;15969,0;17386,0;14273,0;43,64;21,43;99,5665;92,68;63,75;63,8;2,32;-3,6;852,1;1,31;236;24,5763;67135,71;82;4,268770743315173
2016T3;5;Ávila;163669,0;17,11;37,67;30,29;2,3;37,0;15969,0;17386,0;14273,0;45,8;19,57;99,0231;89,74;63,7;63,8;2,37;-3,16;856,7;1,31;236;25,0;84136,0;90;4,291815392322625
2016T4;5;Ávila;163669,0;17,11;37,67;30,29;2,3;37,0;15969,0;17386,0;14273,0;46,28;17,16;101,1504;93,2;63,47;64,2;2,27;-3,1;867,7;1,31;251;23,1076;72510,2;60;4,346922161688271
2017T1;5;Ávila;161782,0;16,66;37,72;30,76;2,3;36,6;16347,999999999998;17813,0;14600,0;44,91;20,15;100,9246;90,09;64,28;64,8;2,24;-2,96;844,4;2,33;249;30,5221;75734,57;74;4,132126253976022
2017T2;5;Ávila;161782,0;16,66;37,72;30,76;2,3;36,6;16347,999999999998;17813,0;14600,0;46,16;18,92;101,6644;93,77;64,47;65,0;2,17;-2,83;838,5;2,33;266;22,1805;80903,23;74;4,10325422069978
2017T3;5;Ávila;161782,0;16,66;37,72;30,76;2,3;36,6;16347,999999999998;17813,0;14600,0;47,76;14,45;100,7204;91,13;64,37;64,9;2,22;-2,84;815,7;2,33;324;23,4568;78806,45;63;3,991680939564473
2017T4;5;Ávila;161782,0;16,66;37,72;30,76;2,3;36,6;16347,999999999998;17813,0;14600,0;43,54;18,34;102,6336;94,8;64,92;65,6;2,15;-2,79;835,2;2,33;296;23,9865;84036,23;82;4,087105456324934
2018T1;5;Ávila;160104,0;16,31;37,75;31,1;2,3;37,2;16993,0;18557,0;15145,0;43,62;18,85;101,7341;91,97;65,68;65,5;2,23;-2,6;838,2;4,54;302;25,4967;84607,95;81;3,946095451068087
2018T2;5;Ávila;160104,0;16,31;37,75;31,1;2,3;37,2;16993,0;18557,0;15145,0;43,45;18,05;103,6192;95,37;66,9;64,9;2,2;-2,19;828,3;4,54;336;24,1071;79447,2;90;3,899488024480669
2018T3;5;Ávila;160104,0;16,31;37,75;31,1;2,3;37,2;16993,0;18557,0;15145,0;45,3;15,26;103,5357;92,55;68,04;65,9;2,17;-1,81;842,5;4,54;311;21,5434;78432,93;103;3,966339080797976
2018T4;5;Ávila;160104,0;16,31;37,75;31,1;2,3;37,2;16993,0;18557,0;15145,0;45,67;13,53;104,8025;96,51;67,99;66,5;2,26;-1,57;821,5;4,54;349;18,6246;85212,33;68;3,86747484258224
2019T1;5;Ávila;159237,0;16,1;37,68;31,55;2,2;37,8;17506,0;19071,0;15690,0;41,73;17,87;103,283;92,79;68,93;64,6;2,37;-1,25;840,7;6,96;373;18,7668;81242,77;112;3,8418827830458127
2019T2;5;Ávila;159237,0;16,1;37,68;31,55;2,2;37,8;17506,0;19071,0;15690,0;44,41;14,72;105,0279;96,07;70,47;65,5;2,35;-1,14;810,8;6,96;380;17,8947;76760,98;88;3,7052439163715296
2019T3;5;Ávila;159237,0;16,1;37,68;31,55;2,2;37,8;17506,0;19071,0;15690,0;46,75;12,65;103,9757;93,19;70,81;64,7;2,15;-1,19;810,6;6,96;388;15,4639;81166,67;64;3,7043299440191935
2019T4;5;Ávila;159237,0;16,1;37,68;31,55;2,2;37,8;17506,0;19071,0;15690,0;47,27;13,57;105,5004;96,93;71,39;63,0;1,99;-1,08;801,8;6,96;396;23,2323;76828,88;86;3,664115160516394
2020T1;5;Ávila;158819,0;15,92;37,59;31,91;2,2;37,8;17913,0;19243,0;16364,0;47,02;12,85;104,1842;92,62;70,95;63,8;2,03;-1,14;817,3;3,71;341;26,0997;75775,12;68;3,650086529336236
2020T2;5;Ávila;158819,0;15,92;37,59;31,91;2,2;37,8;17913,0;19243,0;16364,0;45,11;13,38;103,9017;93,31;72,55;64,2;1,91;-1,64;788,7;3,71;175;20,0;71840,76;65;3,522358063975884
2020T3;5;Ávila;158819,0;15,92;37,59;31,91;2,2;37,8;17913,0;19243,0;16364,0;47,17;15,43;103,3414;92,71;72,38;63,6;1,94;-1,62;807,7;3,71;261;17,2414;74227,03;84;3,607212638865629
2020T4;5;Ávila;158819,0;15,92;37,59;31,91;2,2;37,8;17913,0;19243,0;16364,0;46,69;16,06;104,5762;97,76;72,33;65,2;1,8;-1,19;817,3;3,71;348;20,4023;75917,2;67;3,650086529336236
2021T1;5;Ávila;158898,0;15,84;37,99;31,71;2,2;38,6;18574,0;20060,0;16854,0;43,39;16,07;104,8709;94,96;72,36;64,7;1,72;-0,8;797,2;5,5319;350;17,1429;80481,08;77;3,433616883816087
2021T2;5;Ávila;158898,0;15,84;37,99;31,71;2,2;38,6;18574,0;20060,0;16854,0;43,25;18,5;107,4076;100,28;74,44;64,9;1,62;0,07;817,4;5,5319;425;16,4706;83748,84;85;3,5206202218154408
2021T3;5;Ávila;158898,0;15,84;37,99;31,71;2,2;38,6;18574,0;20060,0;16854,0;45,06;11,73;107,9466;99,76;75,44;65,2;1,59;0,74;844,1;5,5319;411;16,7883;75735,77;107;3,635619683428448
2021T4;5;Ávila;158898,0;15,84;37,99;31,71;2,2;38,6;18574,0;20060,0;16854,0;45,1;15,66;111,8561;105,01;76,22;65,4;1,54;0,76;839,0;5,5319;417;12,9496;81587,79;86;3,6136534941315817
2022T1;5;Ávila;159102,0;15,66;37,85;32,25;2,2;38,4;19533,0;21061,0;17789,0;44,07;15,34;114,668;105,46;77,6;65,2;1,6;0,72;848,7;14,7013;420;20,0;90163,87;89;3,4759637536476733
2022T2;5;Ávila;159102,0;15,66;37,85;32,25;2,2;38,4;19533,0;21061,0;17789,0;43,74;15,2;119,8396;114,52;79,21;65,2;1,74;0,98;849,2;14,7013;482;21,9917;82918,82;81;3,4780115701633134
2022T3;5;Ávila;159102,0;15,66;37,85;32,25;2,2;38,4;19533,0;21061,0;17789,0;46,45;13,81;121,0692;110,54;80,39;64,6;2,14;0,87;871,3;14,7013;577;16,1179;87492,31;69;3,5685250601546104
2022T4;5;Ávila;159102,0;15,66;37,85;32,25;2,2;38,4;19533,0;21061,0;17789,0;48,15;11,39;121,1315;115,01;79,32;63,9;2,87;0,3;878,8;14,7013;573;13,7871;90061,95;56;3,599242307889213
2023T1;5;Ávila;159764,0;15,59;37,84;32,34;2,2;39,0;20487,0;22186,0;18578,0;46,48;12,85;121,3915;112,83;79,54;63,0;3,59;-0,75;869,0;13,8955;592;16,0473;79434,96;75;3,393371406257627
2023T2;5;Ávila;159764,0;15,59;37,84;32,34;2,2;39,0;20487,0;22186,0;18578,0;46,7;11,91;123,3207;116,6;81,46;62,7;3,89;-2,01;860,4;13,8955;528;19,697;86533,65;102;3,359789134573144
2023T3;5;Ávila;159764,0;15,59;37,84;32,34;2,2;39,0;20487,0;22186,0;18578,0;46,75;10,51;124,3959;112,78;82,36;62,2;4,06;-3,14;888,9;13,8955;582;18,3849;84849,16;57;3,471079220969396
2023T4;5;Ávila;159764,0;15,59;37,84;32,34;2,2;39,0;20487,0;22186,0;18578,0;46,15;11,27;124,8593;117,61;82,08;61,4;4,03;-3,14;884,1;13,8955;508;16,9291;86697,67;75;3,4523356274710792
2024T1;5;Ávila;160463,0;15,59;37,84;32,34;2,2;39,0;21267,0;22992,0;19343,0;43,83;13,61;125,3949;113,32;84,24;61,5;3,69;-2,61;902,0;12,3206;565;15,9292;91487,18;92;3,393050265669817
2024T2;5;Ávila;160463,0;15,59;37,84;32,34;2,2;39,0;21267,0;22992,0;19343,0;46,53;10,31;127,5033;117,41;87,06;63,0;3,55;-1,79;929,8;12,3206;548;25,1825;82273,74;109;3,49762542906851
2024T3;5;Ávila;160463,0;15,59;37,84;32,34;2,2;39,0;21267,0;22992,0;19343,0;49,42;11,18;126,6938;114,16;88,94;63,3;3,45;-0,62;959,8;12,3206;664;20,9337;87883,18;91;3,610476324822495
2024T4;5;Ávila;160463,0;15,59;37,84;32,34;2,2;39,0;21267,0;22992,0;19343,0;47,57;9,47;127,55;118,19;90,75;64,1;3,17;0,21;965,9;12,3206;771;25,2918;97659,02;102;3,633422673625805
2015T1;6;Badajoz;686250,0;21,4;39,33;21,34;2,6;26,8;13362,0;14391,0;12069,0;38,28;30,54;99,1988;90,33;70,8;60,7;2,61;-3,78;883,2;-1,37;936;22,3291;69993,12;242;5,287831162999551
2015T2;6;Badajoz;686250,0;21,4;39,33;21,34;2,6;26,8;13362,0;14391,0;12069,0;38,18;30,83;101,0445;93,72;71,48;61,8;2,51;-3,32;878,6;-1,37;864;20,6019;65129,66;261;5,260290375692262
2015T3;6;Badajoz;686250,0;21,4;39,33;21,34;2,6;26,8;13362,0;14391,0;12069,0;39,41;29,63;99,4627;90,26;71,6;62,3;2,45;-3,36;875,8;-1,37;829;13,6309;71508,95;332;5,243526418200868
2015T4;6;Badajoz;686250,0;21,4;39,33;21,34;2,6;26,8;13362,0;14391,0;12069,0;39,1;30,01;100,294;92,91;71,38;63,2;2,43;-3,27;882,3;-1,37;812;14,7783;69177,84;253;5,282442748091603
2016T1;6;Badajoz;682970,0;20,89;39,76;21,55;2,5;27,1;13550,0;14626,0;12220,0;39,33;30,48;98,1725;88,55;71,98;63,9;2,33;-3,32;889,7;-1,54;1068;13,3895;75961,72;290;5,252841328413284
2016T2;6;Badajoz;682970,0;20,89;39,76;21,55;2,5;27,1;13550,0;14626,0;12220,0;40,17;28,75;100,0161;92,68;72,4;63,8;2,32;-3,6;891,2;-1,54;1071;12,3249;71467,55;405;5,26169741697417
2016T3;6;Badajoz;682970,0;20,89;39,76;21,55;2,5;27,1;13550,0;14626,0;12220,0;40,41;27,98;99,3886;89,74;73,01;63,8;2,37;-3,16;856,8;-1,54;969;8,5655;72677,84;374;5,05859778597786
2016T4;6;Badajoz;682970,0;20,89;39,76;21,55;2,5;27,1;13550,0;14626,0;12220,0;38,46;31,75;101,2846;93,2;71,95;64,2;2,27;-3,1;858,9;-1,54;1022;12,1331;70367,59;421;5,0709963099631
2017T1;6;Badajoz;679042,0;20,4;39,97;21,95;2,5;27,2;13868,0;15009,0;12459,0;38,01;31,8;100,7342;90,09;72,77;64,8;2,24;-2,96;877,1;-0,33;1094;9,415;75166,31;260;5,059705797519469
2017T2;6;Badajoz;679042,0;20,4;39,97;21,95;2,5;27,2;13868,0;15009,0;12459,0;40,74;27,62;101,7272;93,77;72,66;65,0;2,17;-2,83;860,0;-0,33;1109;10,009;70154,73;409;4,961061436400346
2017T3;6;Badajoz;679042,0;20,4;39,97;21,95;2,5;27,2;13868,0;15009,0;12459,0;40,96;26,18;100,6243;91,13;73,03;64,9;2,22;-2,84;844,1;-0,33;1100;12,4545;72910,6;420;4,869339486587828
2017T4;6;Badajoz;679042,0;20,4;39,97;21,95;2,5;27,2;13868,0;15009,0;12459,0;40,76;27,01;102,3972;94,8;72,08;65,6;2,15;-2,79;854,5;-0,33;1008;9,623;74565,74;363;4,92933371791174
2018T1;6;Badajoz;675742,0;19,93;40,16;22,33;2,5;27,7;14435,0;15649,0;12953,0;39,9;28,64;101,3373;91,97;73,02;65,5;2,23;-2,6;865,9;1,0;1006;9,4433;75066,5;293;4,798891582958088
2018T2;6;Badajoz;675742,0;19,93;40,16;22,33;2,5;27,7;14435,0;15649,0;12953,0;41,53;26,03;103,3652;95,37;74,26;64,9;2,2;-2,19;858,6;1,0;1263;11,0055;79773,77;516;4,758434360928299
2018T3;6;Badajoz;675742,0;19,93;40,16;22,33;2,5;27,7;14435,0;15649,0;12953,0;42,74;23,03;102,8885;92,55;74,65;65,9;2,17;-1,81;868,0;1,0;1250;11,6;81487,78;424;4,8105299618981645
2018T4;6;Badajoz;675742,0;19,93;40,16;22,33;2,5;27,7;14435,0;15649,0;12953,0;42,8;24,1;104,1672;96,51;74,0;66,5;2,26;-1,57;870,9;1,0;1116;12,3656;79804,12;374;4,826602009005889
2019T1;6;Badajoz;673384,0;19,56;40,33;22,71;2,5;28,0;15254,0;16533,0;13711,0;43,3;24,03;102,4006;92,79;74,8;64,6;2,37;-1,25;854,0;2,19;1363;12,3258;72289,75;337;4,478825226170185
2019T2;6;Badajoz;673384,0;19,56;40,33;22,71;2,5;28,0;15254,0;16533,0;13711,0;44,17;20,94;104,3242;96,07;75,52;65,5;2,35;-1,14;862,4;2,19;1490;23,6913;78066,67;611;4,522879244788252
2019T3;6;Badajoz;673384,0;19,56;40,33;22,71;2,5;28,0;15254,0;16533,0;13711,0;44,95;20,15;102,8152;93,19;75,76;64,7;2,15;-1,19;870,3;2,19;1013;8,7858;79062,98;582;4,56431100039334
2019T4;6;Badajoz;673384,0;19,56;40,33;22,71;2,5;28,0;15254,0;16533,0;13711,0;42,32;24,64;104,54;96,93;75,63;63,0;1,99;-1,08;871,7;2,19;1052;19,3916;86139,84;359;4,571653336829684
2020T1;6;Badajoz;672045,0;19,27;40,48;23,02;2,5;28,3;15503,0;16641,0;14118,0;41,85;24,65;102,9681;92,62;75,05;63,8;2,03;-1,14;875,6;1,52;1280;15,1562;84119,51;338;4,5183512868477065
2020T2;6;Badajoz;672045,0;19,27;40,48;23,02;2,5;28,3;15503,0;16641,0;14118,0;40,96;21,54;103,5883;93,31;76,49;64,2;1,91;-1,64;858,6;1,52;721;17,1983;82032,1;347;4,430626330387667
2020T3;6;Badajoz;672045,0;19,27;40,48;23,02;2,5;28,3;15503,0;16641,0;14118,0;43,21;21,26;102,6233;92,71;75,76;63,6;1,94;-1,62;848,2;1,52;1270;13,2283;84477,8;302;4,376959298200348
2020T4;6;Badajoz;672045,0;19,27;40,48;23,02;2,5;28,3;15503,0;16641,0;14118,0;42,96;22,91;103,7577;97,76;75,96;65,2;1,8;-1,19;863,2;1,52;1363;12,8393;77916,07;403;4,454363671547442
2021T1;6;Badajoz;671092,0;19,09;40,57;23,29;2,5;28,8;16195,0;17459,0;14686,0;42,04;23,02;103,6976;94,96;74,91;64,7;1,72;-0,8;840,8;0,3591;1476;13,5501;80017,41;448;4,153380673047237
2021T2;6;Badajoz;671092,0;19,09;40,57;23,29;2,5;28,8;16195,0;17459,0;14686,0;44,48;19,83;106,536;100,28;77,77;64,9;1,62;0,07;859,6;0,3591;1476;10,7046;81577,95;687;4,246248842235258
2021T3;6;Badajoz;671092,0;19,09;40,57;23,29;2,5;28,8;16195,0;17459,0;14686,0;46,95;18,93;106,4887;99,76;77,93;65,2;1,59;0,74;870,9;0,3591;1511;13,1701;86203,21;524;4,302068539672739
2021T4;6;Badajoz;671092,0;19,09;40,57;23,29;2,5;28,8;16195,0;17459,0;14686,0;43,81;20,33;110,4432;105,01;79,67;65,4;1,54;0,76;867,8;0,3591;1555;15,5627;87785,47;433;4,286755171349182
2022T1;6;Badajoz;667851,0;18,87;40,64;23,68;2,4;29,3;17040,0;18469,0;15368,0;44,7;19,14;112,6234;105,46;80,1;65,2;1,6;0,72;882,4;4,1641;1645;11,9757;83756,9;345;4,142723004694836
2022T2;6;Badajoz;667851,0;18,87;40,64;23,68;2,4;29,3;17040,0;18469,0;15368,0;47,04;16,13;116,7583;114,52;81,92;65,2;1,74;0,98;900,7;4,1641;1690;12,6627;84283,61;424;4,228638497652582
2022T3;6;Badajoz;667851,0;18,87;40,64;23,68;2,4;29,3;17040,0;18469,0;15368,0;47,69;16,41;118,3469;110,54;83,02;64,6;2,14;0,87;892,2;4,1641;1556;10,2185;88579,08;468;4,188732394366197
2022T4;6;Badajoz;667851,0;18,87;40,64;23,68;2,4;29,3;17040,0;18469,0;15368,0;45,74;18,81;118,8552;115,01;81,91;63,9;2,87;0,3;879,9;4,1641;1565;8,3067;90241,49;319;4,130985915492958
2023T1;6;Badajoz;666049,0;18,57;40,79;24,0;2,4;29,9;18069,0;19529,0;16376,000000000002;45,82;19,52;118,5129;112,83;80,96;63,0;3,59;-0,75;900,5;4,4516;1634;11,3831;85615,45;271;3,986938956223366
2023T2;6;Badajoz;666049,0;18,57;40,79;24,0;2,4;29,9;18069,0;19529,0;16376,000000000002;47,05;18,35;120,5451;116,6;83,38;62,7;3,89;-2,01;894,9;4,4516;1589;14,8521;84993,48;285;3,9621451104100944
2023T3;6;Badajoz;666049,0;18,57;40,79;24,0;2,4;29,9;18069,0;19529,0;16376,000000000002;47,54;19,23;121,4577;112,78;83,9;62,2;4,06;-3,14;899,4;4,4516;1263;11,8765;95228,89;298;3,982068736510045
2023T4;6;Badajoz;666049,0;18,57;40,79;24,0;2,4;29,9;18069,0;19529,0;16376,000000000002;46,55;17,6;122,3818;117,61;83,71;61,4;4,03;-3,14;908,4;4,4516;1451;11,2336;85502,08;390;4,021915988709945
2024T1;6;Badajoz;666029,0;18,57;40,79;24,0;2,4;29,9;18927,0;20433,0;17207,0;46,33;17,6;122,727;113,32;85,53;61,5;3,69;-2,61;920,4;3,7266;1430;6,8531;92203,25;561;3,8903154224124266
2024T2;6;Badajoz;666029,0;18,57;40,79;24,0;2,4;29,9;18927,0;20433,0;17207,0;47,72;15,94;124,8243;117,41;88,52;63,0;3,55;-1,79;924,8;3,7266;1628;13,3907;84318,76;410;3,908913192793364
2024T3;6;Badajoz;666029,0;18,57;40,79;24,0;2,4;29,9;18927,0;20433,0;17207,0;49,48;13,51;123,9474;114,16;90,78;63,3;3,45;-0,62;925,5;3,7266;1760;12,3295;89314,55;614;3,911871928990331
2024T4;6;Badajoz;666029,0;18,57;40,79;24,0;2,4;29,9;18927,0;20433,0;17207,0;46,73;14,53;125,1103;118,19;91,33;64,1;3,17;0,21;928,4;3,7266;1890;10,0;86966,05;409;3,924129550377767
2015T1;7;Balears, Illes;1111002,0;21,86;42,65;17,22;2,7;27,5;17529,0;19109,0;15799,0;48,82;22,29;98,8302;90,33;48,9;60,7;2,61;-3,78;1875,2;4,43;2525;22,3762;119315,31;628;8,558160762165555
2015T2;7;Balears, Illes;1111002,0;21,86;42,65;17,22;2,7;27,5;17529,0;19109,0;15799,0;56,17;16,45;100,646;93,72;51,06;61,8;2,51;-3,32;1927,9;4,43;2469;22,4787;121059,85;981;8,798676478977693
2015T3;7;Balears, Illes;1111002,0;21,86;42,65;17,22;2,7;27,5;17529,0;19109,0;15799,0;59,16;13,88;100,3747;90,26;52,63;62,3;2,45;-3,36;1957,5;4,43;2755;21,8149;110405,36;603;8,933766900564779
2015T4;7;Balears, Illes;1111002,0;21,86;42,65;17,22;2,7;27,5;17529,0;19109,0;15799,0;53,39;17,02;100,149;92,91;52,41;63,2;2,43;-3,27;2014,5;4,43;2854;20,5326;120705,13;756;9,193907239431798
2016T1;7;Balears, Illes;1117353,0;21,28;43,04;17,43;2,7;27,4;17748,0;19382,0;15967,0;52,18;18,41;98,3985;88,55;53,2;63,9;2,33;-3,32;2054,7;6,61;3066;22,9941;144470,74;765;9,261663286004056
2016T2;7;Balears, Illes;1117353,0;21,28;43,04;17,43;2,7;27,4;17748,0;19382,0;15967,0;58,03;13,02;99,8135;92,68;53,62;63,8;2,32;-3,6;2041,7;6,61;3833;23,402;132091,5;734;9,203065134099615
2016T3;7;Balears, Illes;1117353,0;21,28;43,04;17,43;2,7;27,4;17748,0;19382,0;15967,0;60,52;10,6;100,0941;89,74;55,45;63,8;2,37;-3,16;2040,0;6,61;3537;19,3384;137391,75;284;9,195402298850574
2016T4;7;Balears, Illes;1117353,0;21,28;43,04;17,43;2,7;27,4;17748,0;19382,0;15967,0;53,88;13,8;101,1425;93,2;55,4;64,2;2,27;-3,1;2070,4;6,61;3384;18,8534;142959,86;777;9,332431823304034
2017T1;7;Balears, Illes;1128492,0;20,91;43,26;17,62;2,7;27,3;18286,0;19941,0;16490,0;51,42;16,76;101,0961;90,09;56,14;64,8;2,24;-2,96;2064,5;9,48;3824;18,75;149708,43;755;9,0320463742754
2017T2;7;Balears, Illes;1128492,0;20,91;43,26;17,62;2,7;27,3;18286,0;19941,0;16490,0;58,13;11,49;102,0342;93,77;57,57;65,0;2,17;-2,83;2108,2;9,48;4458;15,2535;153890,43;709;9,22323088701739
2017T3;7;Balears, Illes;1128492,0;20,91;43,26;17,62;2,7;27,3;18286,0;19941,0;16490,0;61,12;9,25;102,0235;91,13;60,48;64,9;2,22;-2,84;2151,1;9,48;3963;18,7737;165168,83;822;9,410915454446023
2017T4;7;Balears, Illes;1128492,0;20,91;43,26;17,62;2,7;27,3;18286,0;19941,0;16490,0;53,82;12,61;102,7973;94,8;60,8;65,6;2,15;-2,79;2205,4;9,48;3648;16,1732;168289,12;1031;9,64847424258996
2018T1;7;Balears, Illes;1141233,0;20,72;43,37;17,79;2,7;27,3;19153,0;20767,0;17409,0;50,19;17,42;102,0546;91,97;60,72;65,5;2,23;-2,6;2208,4;13,35;4185;18,638;165818,94;955;9,224246854278704
2018T2;7;Balears, Illes;1141233,0;20,72;43,37;17,79;2,7;27,3;19153,0;20767,0;17409,0;58,66;11,22;103,8516;95,37;62,41;64,9;2,2;-2,19;2214,2;13,35;3973;16,4863;164671,03;1215;9,248472824100665
2018T3;7;Balears, Illes;1141233,0;20,72;43,37;17,79;2,7;27,3;19153,0;20767,0;17409,0;63,06;7,16;103,9973;92,55;64,73;65,9;2,17;-1,81;2262,9;13,35;4110;15,6448;193702,31;1080;9,451887432778156
2018T4;7;Balears, Illes;1141233,0;20,72;43,37;17,79;2,7;27,3;19153,0;20767,0;17409,0;56,02;10,91;104,1182;96,51;64,67;66,5;2,26;-1,57;2272,7;13,35;3397;18,3397;167235,67;1047;9,49282096799457
2019T1;7;Balears, Illes;1157928,0;20,73;43,42;17,9;2,7;27,2;19834,0;21432,0;18104,0;51,77;17,06;102,9007;92,79;65,16;64,6;2,37;-1,25;2321,3;16,41;3730;17,5603;160494,53;1315;9,36291217101946
2019T2;7;Balears, Illes;1157928,0;20,73;43,42;17,9;2,7;27,2;19834,0;21432,0;18104,0;57,84;12,13;104,3758;96,07;65,69;65,5;2,35;-1,14;2324,8;16,41;3625;19,3103;145626,77;1116;9,377029343551476
2019T3;7;Balears, Illes;1157928,0;20,73;43,42;17,9;2,7;27,2;19834,0;21432,0;18104,0;61,54;8,18;104,1105;93,19;68,64;64,7;2,15;-1,19;2371,9;16,41;3369;18,1953;191570,88;1365;9,567006151053748
2019T4;7;Balears, Illes;1157928,0;20,73;43,42;17,9;2,7;27,2;19834,0;21432,0;18104,0;56,19;9,91;104,6283;96,93;68,23;63,0;1,99;-1,08;2425,2;16,41;3201;18,338;204139,51;1585;9,781990521327014
2020T1;7;Balears, Illes;1176816,0;20,78;43,45;18,02;2,7;27,3;18411,0;19722,0;16939,0;49,34;18,2;103,6711;92,62;69,05;63,8;2,03;-1,14;2379,2;8,59;3488;18,1193;160376,82;1136;10,33816739992396
2020T2;7;Balears, Illes;1176816,0;20,78;43,45;18,02;2,7;27,3;18411,0;19722,0;16939,0;50,16;15,93;103,5723;93,31;68,71;64,2;1,91;-1,64;2332,8;8,59;2070;17,1014;168912,96;884;10,136548802346423
2020T3;7;Balears, Illes;1176816,0;20,78;43,45;18,02;2,7;27,3;18411,0;19722,0;16939,0;56,08;13,28;103,4739;92,71;70,94;63,6;1,94;-1,62;2381,5;8,59;2639;20,0076;169816,52;1369;10,348161425234911
2020T4;7;Balears, Illes;1176816,0;20,78;43,45;18,02;2,7;27,3;18411,0;19722,0;16939,0;51,08;17,34;104,0539;97,76;69,9;65,2;1,8;-1,19;2398,1;8,59;2487;19,2602;175690,62;1069;10,420292216609637
2021T1;7;Balears, Illes;1183415,0;20,55;43,56;18,3;2,7;27,7;19791,0;21214,0;18234,0;49,06;18,4;104,5334;94,96;69,84;64,7;1,72;-0,8;2363,4;3,1536;2895;21,1744;182586,43;1410;9,553433378808547
2021T2;7;Balears, Illes;1183415,0;20,55;43,56;18,3;2,7;27,7;19791,0;21214,0;18234,0;55,11;14,74;106,6263;100,28;72,62;64,9;1,62;0,07;2443,8;3,1536;3107;18,1847;188953,38;1253;9,878429589207215
2021T3;7;Balears, Illes;1183415,0;20,55;43,56;18,3;2,7;27,7;19791,0;21214,0;18234,0;60,14;10,02;107,1318;99,76;75,74;65,2;1,59;0,74;2495,7;3,1536;3922;14,8394;228918,35;998;10,088221919054115
2021T4;7;Balears, Illes;1183415,0;20,55;43,56;18,3;2,7;27,7;19791,0;21214,0;18234,0;52,33;14,58;110,2382;105,01;76,6;65,4;1,54;0,76;2546,2;3,1536;4244;15,2922;225437,43;991;10,292355110909
2022T1;7;Balears, Illes;1187043,0;20,27;43,56;18,73;2,7;27,5;21765,0;23350,0;20067,0;51,93;17,61;112,5351;105,46;78,22;65,2;1,6;0,72;2611,1;17,472;4766;17,5199;222890,79;1483;9,597427061796465
2022T2;7;Balears, Illes;1187043,0;20,27;43,56;18,73;2,7;27,5;21765,0;23350,0;20067,0;59,56;9,02;115,7723;114,52;80,51;65,2;1,74;0,98;2630,6;17,472;4437;17,4668;221393,54;1611;9,669101768895016
2022T3;7;Balears, Illes;1187043,0;20,27;43,56;18,73;2,7;27,5;21765,0;23350,0;20067,0;62,93;5,61;117,7741;110,54;82,06;64,6;2,14;0,87;2677,4;17,472;4444;16,7642;256811,12;1753;9,841121065931542
2022T4;7;Balears, Illes;1187043,0;20,27;43,56;18,73;2,7;27,5;21765,0;23350,0;20067,0;54,35;10,7;117,2567;115,01;81,13;63,9;2,87;0,3;2696,6;17,472;4166;17,9789;240747,32;1899;9,911693085228578
2023T1;7;Balears, Illes;1209906,0;20,62;43,5;18,78;2,7;27,5;23126,0;24812,0;21335,0;50,81;17,79;118,194;112,83;81,52;63,0;3,59;-0,75;2802,8;15,5987;3990;22,9323;256095,32;1511;9,69575369713742
2023T2;7;Balears, Illes;1209906,0;20,62;43,5;18,78;2,7;27,5;23126,0;24812,0;21335,0;60,02;7,12;119,994;116,6;83,12;62,7;3,89;-2,01;2869,9;15,5987;3686;20,2116;240444,49;1370;9,927873389258842
2023T3;7;Balears, Illes;1209906,0;20,62;43,5;18,78;2,7;27,5;23126,0;24812,0;21335,0;63,2;5,85;121,7386;112,78;85,73;62,2;4,06;-3,14;2919,9;15,5987;3334;19,4961;241416,99;973;10,100838882642911
2023T4;7;Balears, Illes;1209906,0;20,62;43,5;18,78;2,7;27,5;23126,0;24812,0;21335,0;54,13;11,16;121,4298;117,61;84,69;61,4;4,03;-3,14;2957,7;15,5987;3171;19,0476;235487,35;1802;10,23160079564127
2024T1;7;Balears, Illes;1231768,0;20,62;43,5;18,78;2,7;27,5;24254,0;25910,0;22499,0;51,95;15,48;121,8174;113,32;86,24;61,5;3,69;-2,61;3034,3;12,7743;3187;19,4854;225304,17;1503;10,008410983755256
2024T2;7;Balears, Illes;1231768,0;20,62;43,5;18,78;2,7;27,5;24254,0;25910,0;22499,0;60,15;7,95;124,4043;117,41;88,26;63,0;3,55;-1,79;3108,7;12,7743;3429;19,6559;238732,01;1370;10,253813803908631
2024T3;7;Balears, Illes;1231768,0;20,62;43,5;18,78;2,7;27,5;24254,0;25910,0;22499,0;63,02;6,17;124,5712;114,16;90,73;63,3;3,45;-0,62;3208,4;12,7743;3528;18,5941;259392,53;1179;10,582666776614166
2024T4;7;Balears, Illes;1231768,0;20,62;43,5;18,78;2,7;27,5;24254,0;25910,0;22499,0;56,73;8,2;124,73;118,19;91,98;64,1;3,17;0,21;3316,7;12,7743;3680;19,8641;252040,82;1352;10,939886204337428
2015T1;8;Barcelona;5453143,0;19,06;41,1;21,32;2,6;25,5;22153,0;24958,0;19073,0;49,81;19,58;98,966;90,33;50,9;60,7;2,61;-3,78;1873,8;0,65;9834;18,4767;130132,45;2235;6,766758452579786
2015T2;8;Barcelona;5453143,0;19,06;41,1;21,32;2,6;25,5;22153,0;24958,0;19073,0;50,7;18,97;100,7698;93,72;53,67;61,8;2,51;-3,32;1900,2;0,65;9046;13,354;127409,21;2281;6,862095427255902
2015T3;8;Barcelona;5453143,0;19,06;41,1;21,32;2,6;25,5;22153,0;24958,0;19073,0;51,13;17,24;99,9696;90,26;54,15;62,3;2,45;-3,36;1905,7;0,65;9815;12,4096;130650,73;2202;6,881957296980093
2015T4;8;Barcelona;5453143,0;19,06;41,1;21,32;2,6;25,5;22153,0;24958,0;19073,0;51,32;17,15;100,2946;92,91;54,38;63,2;2,43;-3,27;1954,6;0,65;9084;13,0779;133092,38;2577;7,058547375073354
2016T1;8;Barcelona;5472926,0;18,65;41,24;21,61;2,6;26,0;22352,0;25208,0;19215,0;51,77;17,05;98,7425;88,55;55,27;63,9;2,33;-3,32;1983,9;3,94;10995;13,5334;135746,22;2960;7,100572655690766
2016T2;8;Barcelona;5472926,0;18,65;41,24;21,61;2,6;26,0;22352,0;25208,0;19215,0;52,72;15,67;100,2297;92,68;56,63;63,8;2,32;-3,6;2018,9;3,94;12164;12,6356;133493,63;2623;7,225841088045812
2016T3;8;Barcelona;5472926,0;18,65;41,24;21,61;2,6;26,0;22352,0;25208,0;19215,0;53,17;14,54;100,1317;89,74;57,74;63,8;2,37;-3,16;2031,8;3,94;12719;11,6204;139186,93;2569;7,272011453113815
2016T4;8;Barcelona;5472926,0;18,65;41,24;21,61;2,6;26,0;22352,0;25208,0;19215,0;53,15;14,73;101,594;93,2;58,42;64,2;2,27;-3,1;2075,3;3,94;10651;10,7408;140283,87;2778;7,4277022190408015
2017T1;8;Barcelona;5507412,0;18,4;41,27;21,86;2,6;26,1;22782,0;25718,0;19568,0;53,37;14,69;101,4581;90,09;60,12;64,8;2,24;-2,96;2114,9;6,88;13774;11,7032;145007,73;3818;7,426564831884821
2017T2;8;Barcelona;5507412,0;18,4;41,27;21,86;2,6;26,1;22782,0;25718,0;19568,0;53,65;13,03;102,4103;93,77;61,89;65,0;2,17;-2,83;2128,3;6,88;14122;12,0804;151723,3;4130;7,473619524185761
2017T3;8;Barcelona;5507412,0;18,4;41,27;21,86;2,6;26,1;22782,0;25718,0;19568,0;54,13;12,56;102,1543;91,13;63,48;64,9;2,22;-2,84;2178,6;6,88;14136;12,6203;154089,52;2894;7,650250197524361
2017T4;8;Barcelona;5507412,0;18,4;41,27;21,86;2,6;26,1;22782,0;25718,0;19568,0;54,52;12,13;103,2728;94,8;64,39;65,6;2,15;-2,79;2207,5;6,88;11799;14,8402;154532,37;2769;7,751733824949522
2018T1;8;Barcelona;5556273,0;18,44;41,13;22,05;2,6;26,2;23470,0;26483,0;20198,0;54,24;11,55;102,7668;91,97;65,27;65,5;2,23;-2,6;2226,0;12,14;14426;16,0128;154441,56;3881;7,587558585428206
2018T2;8;Barcelona;5556273,0;18,44;41,13;22,05;2,6;26,2;23470,0;26483,0;20198,0;54,61;10,91;104,3496;95,37;67,66;64,9;2,2;-2,19;2296,5;12,14;14121;13,2285;156000,54;3910;7,827865360034086
2018T3;8;Barcelona;5556273,0;18,44;41,13;22,05;2,6;26,2;23470,0;26483,0;20198,0;54,59;10,55;104,3403;92,55;69,24;65,9;2,17;-1,81;2319,2;12,14;14315;13,3776;152422,26;3442;7,905240732850447
2018T4;8;Barcelona;5556273,0;18,44;41,13;22,05;2,6;26,2;23470,0;26483,0;20198,0;54,87;11,34;105,1835;96,51;69,63;66,5;2,26;-1,57;2360,4;12,14;13150;15,1939;162413,52;3823;8,045675330208777
2019T1;8;Barcelona;5622704,0;18,7;40,96;22,16;2,6;26,1;24243,0;27266,0;20973,0;54,98;10,93;104,0082;92,79;70,24;64,6;2,37;-1,25;2391,7;12,01;15251;17,212;166864,43;4027;7,89242255496432
2019T2;8;Barcelona;5622704,0;18,7;40,96;22,16;2,6;26,1;24243,0;27266,0;20973,0;54,86;10,93;105,6007;96,07;71,17;65,5;2,35;-1,14;2412,8;12,01;14005;15,0518;160438,84;3519;7,962050901291095
2019T3;8;Barcelona;5622704,0;18,7;40,96;22,16;2,6;26,1;24243,0;27266,0;20973,0;54,75;11,27;105,0669;93,19;72,47;64,7;2,15;-1,19;2407,8;12,01;13637;13,3754;162567,77;4551;7,945551293156788
2019T4;8;Barcelona;5622704,0;18,7;40,96;22,16;2,6;26,1;24243,0;27266,0;20973,0;55,24;10,47;105,8583;96,93;71,98;63,0;1,99;-1,08;2413,6;12,01;12376;15,1099;163178,33;5174;7,964690838592584
2020T1;8;Barcelona;5690371,0;18,96;40,78;22,28;2,6;26,4;23909,0;26658,0;20938,0;54,91;10,58;104,7125;92,62;72,46;63,8;2,03;-1,14;2409,9;6,56;13595;18,2788;270477,28;3659;8,063574386214396
2020T2;8;Barcelona;5690371,0;18,96;40,78;22,28;2,6;26,4;23909,0;26658,0;20938,0;51,25;12,45;105,0177;93,31;72,82;64,2;1,91;-1,64;2362,2;6,56;9318;17,9545;165213,84;2838;7,903969216612991
2020T3;8;Barcelona;5690371,0;18,96;40,78;22,28;2,6;26,4;23909,0;26658,0;20938,0;52,4;13,39;104,4355;92,71;73,73;63,6;1,94;-1,62;2364,9;6,56;9830;19,7355;176297,94;3775;7,913003471496089
2020T4;8;Barcelona;5690371,0;18,96;40,78;22,28;2,6;26,4;23909,0;26658,0;20938,0;52,97;13,67;105,0442;97,76;72,7;65,2;1,8;-1,19;2352,7;6,56;11335;17,7503;173955,87;3853;7,872182023505792
2021T1;8;Barcelona;5702262,0;19,06;40,92;22,28;2,6;26,9;25319,0;28135,0;22279,0;53,36;12,54;105,293;94,96;73,35;64,7;1,72;-0,8;2389,3;3,2906;13816;18,522;171130,77;4254;7,549429282357123
2021T2;8;Barcelona;5702262,0;19,06;40,92;22,28;2,6;26,9;25319,0;28135,0;22279,0;53,8;12,27;107,2803;100,28;75,19;64,9;1,62;0,07;2404,7;3,2906;14570;16,7742;176987,51;4023;7,598088392116592
2021T3;8;Barcelona;5702262,0;19,06;40,92;22,28;2,6;26,9;25319,0;28135,0;22279,0;54,84;10,89;107,5497;99,76;76,15;65,2;1,59;0,74;2395,7;3,2906;15579;16,2655;174504,88;3217;7,56965125004937
2021T4;8;Barcelona;5702262,0;19,06;40,92;22,28;2,6;26,9;25319,0;28135,0;22279,0;55,69;9,61;110,5464;105,01;77,11;65,4;1,54;0,76;2453,1;3,2906;14029;18,2907;180384,38;6197;7,75101702278921
2022T1;8;Barcelona;5699602,0;19,12;40,74;22,63;2,6;27,1;26736,0;29669,0;23580,0;54,66;10,48;112,8992;105,46;79,0;65,2;1,6;0,72;2535,8;20,5964;16546;18,1917;178915,9;4606;7,587672052663076
2022T2;8;Barcelona;5699602,0;19,12;40,74;22,63;2,6;27,1;26736,0;29669,0;23580,0;55,67;9,29;116,063;114,52;80,61;65,2;1,74;0,98;2511,1;20,5964;17335;16,6138;196445,95;3322;7,51376421304608
2022T3;8;Barcelona;5699602,0;19,12;40,74;22,63;2,6;27,1;26736,0;29669,0;23580,0;56,09;9,39;117,4652;110,54;82,34;64,6;2,14;0,87;2508,7;20,5964;17496;15,8265;180986,99;3055;7,5065828845002995
2022T4;8;Barcelona;5699602,0;19,12;40,74;22,63;2,6;27,1;26736,0;29669,0;23580,0;54,76;10,54;117,0321;115,01;81,32;63,9;2,87;0,3;2525,6;20,5964;15344;15,7065;182658,0;4329;7,557151406343507
2023T1;8;Barcelona;5797356,0;19,71;40,44;22,65;2,6;27,0;28108,0;31088,0;24914,0;54,62;10,5;118,0461;112,83;81,76;63,0;3,59;-0,75;2570,5;16,7544;16402;17,4613;174625,91;3728;7,316066600256155
2023T2;8;Barcelona;5797356,0;19,71;40,44;22,65;2,6;27,0;28108,0;31088,0;24914,0;56,59;8,95;119,6327;116,6;83,19;62,7;3,89;-2,01;2546,7;16,7544;15623;17,3782;172253,9;2603;7,248327878184146
2023T3;8;Barcelona;5797356,0;19,71;40,44;22,65;2,6;27,0;28108,0;31088,0;24914,0;57,1;8,39;120,7941;112,78;85,45;62,2;4,06;-3,14;2577,6;16,7544;13555;15,1605;175660,28;2612;7,33627437028604
2023T4;8;Barcelona;5797356,0;19,71;40,44;22,65;2,6;27,0;28108,0;31088,0;24914,0;57,58;8,64;120,8939;117,61;84,19;61,4;4,03;-3,14;2614,6;16,7544;12904;18,9166;173616,33;3886;7,441582467624875
2024T1;8;Barcelona;5877672,0;19,71;40,44;22,65;2,6;27,0;29255,0;32235,0;26070,0;56,87;8,67;121,6579;113,32;86,34;61,5;3,69;-2,61;2645,6;17,1357;15712;17,9417;171705,61;3977;7,234592377371389
2024T2;8;Barcelona;5877672,0;19,71;40,44;22,65;2,6;27,0;29255,0;32235,0;26070,0;56,65;8,95;123,8292;117,41;88,74;63,0;3,55;-1,79;2668,2;17,1357;14345;17,8111;173044,02;3325;7,296393778841224
2024T3;8;Barcelona;5877672,0;19,71;40,44;22,65;2,6;27,0;29255,0;32235,0;26070,0;56,99;8,78;123,7374;114,16;91,22;63,3;3,45;-0,62;2690,5;17,1357;16548;19,0597;180715,43;3368;7,357374807725175
2024T4;8;Barcelona;5877672,0;19,71;40,44;22,65;2,6;27,0;29255,0;32235,0;26070,0;56,83;7,41;124,0115;118,19;92,96;64,1;3,17;0,21;2766,9;17,1357;17555;19,9316;184881,86;3240;7,566296359596651
2015T1;9;Burgos;363328,0;17,52;40,2;26,69;2,4;33,9;19743,0;22619,0;16140,0;47,2;18,96;98,81;90,33;61,89;60,7;2,61;-3,78;1147,7;-2,21;772;26,0363;100355,9;85;4,65055969204275
2015T2;9;Burgos;363328,0;17,52;40,2;26,69;2,4;33,9;19743,0;22619,0;16140,0;47,23;18,74;100,6881;93,72;63,4;61,8;2,51;-3,32;1135,4;-2,21;635;23,622;79166,3;132;4,6007192422630805
2015T3;9;Burgos;363328,0;17,52;40,2;26,69;2,4;33,9;19743,0;22619,0;16140,0;48,07;16,12;99,9827;90,26;62,95;62,3;2,45;-3,36;1141,3;-2,21;818;22,3716;91803,28;248;4,624626449880971
2015T4;9;Burgos;363328,0;17,52;40,2;26,69;2,4;33,9;19743,0;22619,0;16140,0;48,19;17,72;100,5192;92,91;62,98;63,2;2,43;-3,27;1175,0;-2,21;654;23,2416;81273,35;190;4,761181178139087
2016T1;9;Burgos;360572,0;16,91;40,23;27,26;2,4;34,3;19726,0;22645,0;16101,0;50,47;15,38;98,105;88,55;62,96;63,9;2,33;-3,32;1128,7;-0,38;806;30,273;105348,18;161;4,577511913210991
2016T2;9;Burgos;360572,0;16,91;40,23;27,26;2,4;34,3;19726,0;22645,0;16101,0;53,59;12,34;99,4547;92,68;63,75;63,8;2,32;-3,6;1143,3;-0,38;794;21,6625;92561,54;174;4,63672310655987
2016T3;9;Burgos;360572,0;16,91;40,23;27,26;2,4;34,3;19726,0;22645,0;16101,0;55,09;8,74;99,4825;89,74;63,7;63,8;2,37;-3,16;1112,3;-0,38;686;17,3469;89322,71;172;4,511000709723208
2016T4;9;Burgos;360572,0;16,91;40,23;27,26;2,4;34,3;19726,0;22645,0;16101,0;53,01;10,47;101,5137;93,2;63,47;64,2;2,27;-3,1;1096,0;-0,38;653;19,2956;83381,52;170;4,444895062354253
2017T1;9;Burgos;358416,0;16,41;40,19;27,78;2,4;34,4;20306,0;23328,0;16572,0;51,21;10,22;101,1538;90,09;64,28;64,8;2,24;-2,96;1133,6;1,86;818;18,5819;89564,69;340;4,46606914212548
2017T2;9;Burgos;358416,0;16,41;40,19;27,78;2,4;34,4;20306,0;23328,0;16572,0;51,21;10,66;101,6721;93,77;64,47;65,0;2,17;-2,83;1120,8;1,86;815;24,5399;95946,71;329;4,415640697330838
2017T3;9;Burgos;358416,0;16,41;40,19;27,78;2,4;34,4;20306,0;23328,0;16572,0;51,9;10,25;101,0977;91,13;64,37;64,9;2,22;-2,84;1118,7;1,86;806;19,9752;89759,72;238;4,407367280606717
2017T4;9;Burgos;358416,0;16,41;40,19;27,78;2,4;34,4;20306,0;23328,0;16572,0;50,51;11,08;102,793;94,8;64,92;65,6;2,15;-2,79;1128,7;1,86;746;25,6032;88009,31;285;4,446764503102531
2018T1;9;Burgos;357165,0;16,15;40,04;28,24;2,3;34,8;20867,0;23979,0;17081,0;51,0;11,54;101,7834;91,97;65,68;65,5;2,23;-2,6;1112,4;3,58;874;21,167;92863,48;185;4,264724205683615
2018T2;9;Burgos;357165,0;16,15;40,04;28,24;2,3;34,8;20867,0;23979,0;17081,0;53,68;8,92;103,4222;95,37;66,9;64,9;2,2;-2,19;1120,6;3,58;907;21,2789;98244,65;291;4,296161403172473
2018T3;9;Burgos;357165,0;16,15;40,04;28,24;2,3;34,8;20867,0;23979,0;17081,0;52,01;10,14;103,4904;92,55;68,04;65,9;2,17;-1,81;1120,1;3,58;917;21,265;97406,0;187;4,294244500886568
2018T4;9;Burgos;357165,0;16,15;40,04;28,24;2,3;34,8;20867,0;23979,0;17081,0;51,86;10,96;104,5545;96,51;67,99;66,5;2,26;-1,57;1114,7;3,58;851;24,2068;100713,77;288;4,273541956198783
2019T1;9;Burgos;356607,0;16,02;39,83;28,7;2,3;34,9;21016,0;24078,0;17422,0;50,75;11,35;103,2351;92,79;68,93;64,6;2,37;-1,25;1143,1;5,38;952;20,9034;94445,39;208;4,351351351351352
2019T2;9;Burgos;356607,0;16,02;39,83;28,7;2,3;34,9;21016,0;24078,0;17422,0;50,6;9,34;104,4103;96,07;70,47;65,5;2,35;-1,14;1119,8;5,38;910;17,8022;95146,31;350;4,262657023220403
2019T3;9;Burgos;356607,0;16,02;39,83;28,7;2,3;34,9;21016,0;24078,0;17422,0;51,95;9,81;103,785;93,19;70,81;64,7;2,15;-1,19;1139,4;5,38;834;26,6187;98288,66;524;4,337266844309098
2019T4;9;Burgos;356607,0;16,02;39,83;28,7;2,3;34,9;21016,0;24078,0;17422,0;52,2;9,34;104,9114;96,93;71,39;63,0;1,99;-1,08;1118,0;5,38;754;20,8223;94365,9;189;4,255805100875524
2020T1;9;Burgos;357121,0;15,89;39,6;29,07;2,3;35,2;21007,0;23852,0;17666,0;51,85;9,76;103,4896;92,62;70,95;63,8;2,03;-1,14;1107,3;2,71;868;15,0922;98153,99;264;4,216880087589851
2020T2;9;Burgos;357121,0;15,89;39,6;29,07;2,3;35,2;21007,0;23852,0;17666,0;47,38;13,67;103,4504;93,31;72,55;64,2;1,91;-1,64;1109,1;2,71;524;22,7099;98898,25;356;4,223734945494359
2020T3;9;Burgos;357121,0;15,89;39,6;29,07;2,3;35,2;21007,0;23852,0;17666,0;50,66;11,68;103,1289;92,71;72,38;63,6;1,94;-1,62;1101,6;2,71;794;18,7657;111230,28;160;4,195173037558909
2020T4;9;Burgos;357121,0;15,89;39,6;29,07;2,3;35,2;21007,0;23852,0;17666,0;51,65;9,4;104,1242;97,76;72,33;65,2;1,8;-1,19;1122,9;2,71;1018;22,2004;114722,3;172;4,276288856095587
2021T1;9;Burgos;356042,0;15,85;39,69;29,15;2,3;35,7;21891,0;24863,0;18429,0;50,99;9,8;104,0302;94,96;72,36;64,7;1,72;-0,8;1118,6;2,2469;997;25,9779;99493,27;272;4,087890000456809
2021T2;9;Burgos;356042,0;15,85;39,69;29,15;2,3;35,7;21891,0;24863,0;18429,0;51,07;10,21;106,2308;100,28;74,44;64,9;1,62;0,07;1111,5;2,2469;1026;24,1715;99699,09;125;4,061943264355215
2021T3;9;Burgos;356042,0;15,85;39,69;29,15;2,3;35,7;21891,0;24863,0;18429,0;52,68;8,86;106,8359;99,76;75,44;65,2;1,59;0,74;1123,8;2,2469;1266;31,9115;100332,89;603;4,1068932437988215
2021T4;9;Burgos;356042,0;15,85;39,69;29,15;2,3;35,7;21891,0;24863,0;18429,0;52,21;9,65;110,612;105,01;76,22;65,4;1,54;0,76;1138,7;2,2469;998;20,8417;111562,58;156;4,161344844913435
2022T1;9;Burgos;354846,0;15,73;39,4;29,74;2,3;36,0;23002,0;26131,0;19442,0;52,44;9,83;112,7683;105,46;77,6;65,2;1,6;0,72;1167,7;12,8253;1357;28,4451;105213,1;186;4,061212068515781
2022T2;9;Burgos;354846,0;15,73;39,4;29,74;2,3;36,0;23002,0;26131,0;19442,0;51,89;11,08;116,4804;114,52;79,21;65,2;1,74;0,98;1147,2;12,8253;1240;17,7419;106480,16;273;3,98991392052865
2022T3;9;Burgos;354846,0;15,73;39,4;29,74;2,3;36,0;23002,0;26131,0;19442,0;55,11;6,09;118,0859;110,54;80,39;64,6;2,14;0,87;1175,3;12,8253;1332;21,997;111342,89;436;4,087644552647596
2022T4;9;Burgos;354846,0;15,73;39,4;29,74;2,3;36,0;23002,0;26131,0;19442,0;54,05;7,22;117,9911;115,01;79,32;63,9;2,87;0,3;1161,3;12,8253;1222;25,6137;103777,95;248;4,0389531345100425
2023T1;9;Burgos;357370,0;15,92;39,09;29,94;2,3;36,5;24046,0;27231,0;20463,0;52,55;8,02;118,0893;112,83;79,54;63,0;3,59;-0,75;1143,1;11,1733;1201;18,7344;107734,19;552;3,803044165349746
2023T2;9;Burgos;357370,0;15,92;39,09;29,94;2,3;36,5;24046,0;27231,0;20463,0;51,57;7,85;119,6004;116,6;81,46;62,7;3,89;-2,01;1150,2;11,1733;1247;18,3641;100854,94;225;3,8266655576811113
2023T3;9;Burgos;357370,0;15,92;39,09;29,94;2,3;36,5;24046,0;27231,0;20463,0;53,0;6,82;120,9548;112,78;82,36;62,2;4,06;-3,14;1136,2;11,1733;1217;17,7486;98611,65;209;3,78008816435166
2023T4;9;Burgos;357370,0;15,92;39,09;29,94;2,3;36,5;24046,0;27231,0;20463,0;52,57;8,18;121,6472;117,61;82,08;61,4;4,03;-3,14;1169,3;11,1733;951;15,4574;107382,82;329;3,890210430009149
2024T1;9;Burgos;359740,0;15,92;39,09;29,94;2,3;36,5;24884,0;28051,0;21360,0;52,54;8,24;122,1663;113,32;84,24;61,5;3,69;-2,61;1193,9;11,9698;1112;21,8525;115730,39;520;3,838289664041151
2024T2;9;Burgos;359740,0;15,92;39,09;29,94;2,3;36,5;24884,0;28051,0;21360,0;52,27;6,65;124,1144;117,41;87,06;63,0;3,55;-1,79;1205,5;11,9698;1159;17,8602;103706,65;228;3,8755827037453785
2024T3;9;Burgos;359740,0;15,92;39,09;29,94;2,3;36,5;24884,0;28051,0;21360,0;53,96;6,47;123,3441;114,16;88,94;63,3;3,45;-0,62;1179,8;11,9698;1443;19,4733;103130,98;181;3,792959331297219
2024T4;9;Burgos;359740,0;15,92;39,09;29,94;2,3;36,5;24884,0;28051,0;21360,0;52,08;6,35;124,3163;118,19;90,75;64,1;3,17;0,21;1212,3;11,9698;1413;18,1883;106169,93;532;3,897444140813374
2015T1;10;Cáceres;405967,0;19,57;39,06;25,58;2,3;33,6;14088,0;15266,0;12663,0;38,54;29,73;99,0721;90,33;70,8;60,7;2,61;-3,78;803,6;0,07;496;15,9274;71359,62;159;4,563316297558206
2015T2;10;Cáceres;405967,0;19,57;39,06;25,58;2,3;33,6;14088,0;15266,0;12663,0;40,21;27,44;100,7496;93,72;71,48;61,8;2,51;-3,32;828,3;0,07;461;14,0998;74126,03;220;4,703577512776832
2015T3;10;Cáceres;405967,0;19,57;39,06;25,58;2,3;33,6;14088,0;15266,0;12663,0;40,24;26,61;99,6031;90,26;71,6;62,3;2,45;-3,36;836,7;0,07;457;8,5339;72454,55;182;4,751277683134583
2015T4;10;Cáceres;405967,0;19,57;39,06;25,58;2,3;33,6;14088,0;15266,0;12663,0;40,27;24,68;100,5751;92,91;71,38;63,2;2,43;-3,27;846,7;0,07;456;8,7719;71307,19;205;4,808063600227143
2016T1;10;Cáceres;403183,0;19,01;39,4;25,91;2,3;33,9;14226,0;15372,0;12863,0;39,22;26,74;98,4959;88,55;71,98;63,9;2,33;-3,32;871,0;0,45;459;9,1503;80920,42;207;4,8980739491072685
2016T2;10;Cáceres;403183,0;19,01;39,4;25,91;2,3;33,9;14226,0;15372,0;12863,0;40,27;23,89;99,9893;92,68;72,4;63,8;2,32;-3,6;861,7;0,45;573;9,4241;73532,02;312;4,845775340925067
2016T3;10;Cáceres;403183,0;19,01;39,4;25,91;2,3;33,9;14226,0;15372,0;12863,0;41,86;21,43;99,4257;89,74;73,01;63,8;2,37;-3,16;847,9;0,45;511;8,0235;71235,47;198;4,768170954590187
2016T4;10;Cáceres;403183,0;19,01;39,4;25,91;2,3;33,9;14226,0;15372,0;12863,0;40,93;22,12;101,3129;93,2;71,95;64,2;2,27;-3,1;866,0;0,45;521;9,7889;76912,37;380;4,869956417826515
2017T1;10;Cáceres;400066,0;18,52;39,57;26,37;2,3;34,0;14506,0;15693,0;13109,0;39,94;24,71;100,8291;90,09;72,77;64,8;2,24;-2,96;840,4;0,73;593;7,2513;74596,82;161;4,634771818557838
2017T2;10;Cáceres;400066,0;18,52;39,57;26,37;2,3;34,0;14506,0;15693,0;13109,0;41,55;22,48;101,6706;93,77;72,66;65,0;2,17;-2,83;864,2;0,73;646;6,192;70162,69;298;4,766027850544602
2017T3;10;Cáceres;400066,0;18,52;39,57;26,37;2,3;34,0;14506,0;15693,0;13109,0;40,71;22,22;100,8526;91,13;73,03;64,9;2,22;-2,84;862,6;0,73;601;9,9834;70101,3;229;4,7572039156211225
2017T4;10;Cáceres;400066,0;18,52;39,57;26,37;2,3;34,0;14506,0;15693,0;13109,0;41,44;21,75;102,6452;94,8;72,08;65,6;2,15;-2,79;875,6;0,73;573;8,726;85825,07;195;4,828898386874397
2018T1;10;Cáceres;396979,0;18,07;39,62;26,9;2,3;34,6;15032,0;16244,0;13616,0;42,32;21,2;101,5832;91,97;73,02;65,5;2,23;-2,6;848,8;2,19;642;9,9688;75767,73;270;4,5172964342735495
2018T2;10;Cáceres;396979,0;18,07;39,62;26,9;2,3;34,6;15032,0;16244,0;13616,0;43,57;20,06;103,3724;95,37;74,26;64,9;2,2;-2,19;853,9;2,19;711;6,1885;77807,62;275;4,544438531133582
2018T3;10;Cáceres;396979,0;18,07;39,62;26,9;2,3;34,6;15032,0;16244,0;13616,0;44,33;19,37;103,0444;92,55;74,65;65,9;2,17;-1,81;837,0;2,19;667;18,8906;79753,56;215;4,454497072911123
2018T4;10;Cáceres;396979,0;18,07;39,62;26,9;2,3;34,6;15032,0;16244,0;13616,0;42,04;21,3;104,3424;96,51;74,0;66,5;2,26;-1,57;864,9;2,19;656;12,8049;81486,62;220;4,602980308674827
2019T1;10;Cáceres;394541,0;17,73;39,64;27,47;2,3;35,0;15869,0;17115,0;14417,0;42,82;19,8;102,6728;92,79;74,8;64,6;2,37;-1,25;838,0;2,9;673;12,4814;82327,47;264;4,2245888209717055
2019T2;10;Cáceres;394541,0;17,73;39,64;27,47;2,3;35,0;15869,0;17115,0;14417,0;44,05;19,63;104,1394;96,07;75,52;65,5;2,35;-1,14;861,5;2,9;754;14,9867;79562,38;460;4,34305879387485
2019T3;10;Cáceres;394541,0;17,73;39,64;27,47;2,3;35,0;15869,0;17115,0;14417,0;44,57;18,87;103,0569;93,19;75,76;64,7;2,15;-1,19;860,7;2,9;672;8,9286;68773,22;353;4,339025773520701
2019T4;10;Cáceres;394541,0;17,73;39,64;27,47;2,3;35,0;15869,0;17115,0;14417,0;43,04;21,48;104,7458;96,93;75,63;63,0;1,99;-1,08;841,1;2,9;662;6,7976;82048,95;262;4,240216774844035
2020T1;10;Cáceres;392925,0;17,44;39,59;27,99;2,3;35,4;16099,0;17214,0;14799,0;42,37;21,75;103,2992;92,62;75,05;63,8;2,03;-1,14;858,1;1,25;808;16,2129;81376,62;306;4,264115783589043
2020T2;10;Cáceres;392925,0;17,44;39,59;27,99;2,3;35,4;16099,0;17214,0;14799,0;42,57;21,14;103,7352;93,31;76,49;64,2;1,91;-1,64;839,0;1,25;403;8,933;79746,11;224;4,16920305609044
2020T3;10;Cáceres;392925,0;17,44;39,59;27,99;2,3;35,4;16099,0;17214,0;14799,0;43,63;20,22;103,1092;92,71;75,76;63,6;1,94;-1,62;840,1;1,25;739;11,6373;81128,0;255;4,17466923411392
2020T4;10;Cáceres;392925,0;17,44;39,59;27,99;2,3;35,4;16099,0;17214,0;14799,0;43,63;18,52;104,3951;97,76;75,96;65,2;1,8;-1,19;839,2;1,25;763;7,9948;78399,31;193;4,170196906640164
2021T1;10;Cáceres;390544,0;17,28;39,69;28,24;2,3;35,9;16840,0;18156,0;15330,0;38,96;23,88;104,1449;94,96;74,91;64,7;1,72;-0,8;824,4;2,243;801;12,1099;85604,4;490;3,916389548693586
2021T2;10;Cáceres;390544,0;17,28;39,69;28,24;2,3;35,9;16840,0;18156,0;15330,0;43,32;19,22;106,5212;100,28;77,77;64,9;1,62;0,07;823,1;2,243;913;13,034;81414,5;285;3,9102137767220895
2021T3;10;Cáceres;390544,0;17,28;39,69;28,24;2,3;35,9;16840,0;18156,0;15330,0;43,83;17,71;106,6698;99,76;77,93;65,2;1,59;0,74;837,3;2,243;816;9,0686;85331,13;324;3,977672209026128
2021T4;10;Cáceres;390544,0;17,28;39,69;28,24;2,3;35,9;16840,0;18156,0;15330,0;44,32;17,63;110,4876;105,01;79,67;65,4;1,54;0,76;858,2;2,243;816;10,5392;85847,04;311;4,076959619952494
2022T1;10;Cáceres;388957,0;17,05;39,58;28,75;2,2;36,3;17811,0;19245,0;16200,0;42,4;19,22;112,2915;105,46;80,1;65,2;1,6;0,72;838,7;6,9108;1079;16,7748;82233,83;205;3,767110212789849
2022T2;10;Cáceres;388957,0;17,05;39,58;28,75;2,2;36,3;17811,0;19245,0;16200,0;43,53;18,04;116,6358;114,52;81,92;65,2;1,74;0,98;841,9;6,9108;947;12,2492;98965,85;228;3,781483352984111
2022T3;10;Cáceres;388957,0;17,05;39,58;28,75;2,2;36,3;17811,0;19245,0;16200,0;44,75;14,6;117,5857;110,54;83,02;64,6;2,14;0,87;831,7;6,9108;970;18,1443;92128,62;327;3,7356689686149007
2022T4;10;Cáceres;388957,0;17,05;39,58;28,75;2,2;36,3;17811,0;19245,0;16200,0;44,41;15,25;117,6401;115,01;81,91;63,9;2,87;0,3;841,9;6,9108;933;13,9335;101250,0;355;3,781483352984111
2023T1;10;Cáceres;388257,0;16,85;39,57;29,09;2,2;36,7;18827,0;20271,0;17216,0;43,19;19,33;117,6237;112,83;80,96;63,0;3,59;-0,75;851,8;7,1344;1068;12,8277;89524,82;244;3,619482657884952
2023T2;10;Cáceres;388257,0;16,85;39,57;29,09;2,2;36,7;18827,0;20271,0;17216,0;44,68;15,06;118,9096;116,6;83,38;62,7;3,89;-2,01;851,7;7,1344;998;12,3246;84019,23;398;3,6190577362298826
2023T3;10;Cáceres;388257,0;16,85;39,57;29,09;2,2;36,7;18827,0;20271,0;17216,0;45,66;11,58;119,5846;112,78;83,9;62,2;4,06;-3,14;824,4;7,1344;865;8,7861;86937,86;293;3,5030541243958147
2023T4;10;Cáceres;388257,0;16,85;39,57;29,09;2,2;36,7;18827,0;20271,0;17216,0;45,88;13,79;120,4005;117,61;83,71;61,4;4,03;-3,14;849,7;7,1344;927;18,8781;87282,12;309;3,6105593031284857
2024T1;10;Cáceres;388652,0;16,85;39,57;29,09;2,2;36,7;19769,0;21280,0;18105,0;42,52;17,62;121,111;113,32;85,53;61,5;3,69;-2,61;843,3;6,7258;1007;13,3069;103310,66;269;3,412615711467449
2024T2;10;Cáceres;388652,0;16,85;39,57;29,09;2,2;36,7;19769,0;21280,0;18105,0;44,35;14,4;123,035;117,41;88,52;63,0;3,55;-1,79;862,9;6,7258;967;14,0641;87250,63;336;3,491931812433608
2024T3;10;Cáceres;388652,0;16,85;39,57;29,09;2,2;36,7;19769,0;21280,0;18105,0;44,54;14,31;122,091;114,16;90,78;63,3;3,45;-0,62;868,9;6,7258;1141;10,3418;89370,88;411;3,5162122515048813
2024T4;10;Cáceres;388652,0;16,85;39,57;29,09;2,2;36,7;19769,0;21280,0;18105,0;44,8;16,52;123,2309;118,19;91,33;64,1;3,17;0,21;873,4;6,7258;1210;14,1322;94286,29;336;3,5344225808083363
2015T1;11;Cádiz;1245567,0;21,27;42,11;16,68;2,7;23,7;15564,0;17859,0;12496,0;33,35;42,05;98,9893;90,33;53,94;60,7;2,61;-3,78;1307,8;-0,18;2193;36,4797;86013,91;310;6,722179388332048
2015T2;11;Cádiz;1245567,0;21,27;42,11;16,68;2,7;23,7;15564,0;17859,0;12496,0;35,88;37,32;100,7738;93,72;56,15;61,8;2,51;-3,32;1303,4;-0,18;2128;28,3365;82439,78;241;6,699563094320226
2015T3;11;Cádiz;1245567,0;21,27;42,11;16,68;2,7;23,7;15564,0;17859,0;12496,0;36,57;37,18;99,8534;90,26;56,78;62,3;2,45;-3,36;1311,3;-0,18;2686;24,758;90829,56;266;6,740169622205089
2015T4;11;Cádiz;1245567,0;21,27;42,11;16,68;2,7;23,7;15564,0;17859,0;12496,0;36,25;36,73;100,3835;92,91;56,39;63,2;2,43;-3,27;1291,4;-0,18;2069;30,5945;81118,69;225;6,637882292469802
2016T1;11;Cádiz;1244475,0;20,61;42,55;17,01;2,7;23,9;15803,0;18084,0;12767,0;35,51;37,16;98,515;88,55;56,88;63,9;2,33;-3,32;1289,5;0,69;2666;24,6062;85459,78;425;6,527874454217554
2016T2;11;Cádiz;1244475,0;20,61;42,55;17,01;2,7;23,9;15803,0;18084,0;12767,0;37,29;35,31;100,0431;92,68;57,6;63,8;2,32;-3,6;1299,5;0,69;2645;28,6578;84632,95;369;6,5784977535910905
2016T3;11;Cádiz;1244475,0;20,61;42,55;17,01;2,7;23,9;15803,0;18084,0;12767,0;39,32;31,24;99,8568;89,74;57,55;63,8;2,37;-3,16;1274,4;0,69;2500;28,36;88573,25;252;6,451433272163514
2016T4;11;Cádiz;1244475,0;20,61;42,55;17,01;2,7;23,9;15803,0;18084,0;12767,0;37,34;33,86;101,3711;93,2;57,57;64,2;2,27;-3,1;1256,2;0,69;2506;30,0479;91039,77;315;6,359298867303677
2017T1;11;Cádiz;1244090,0;20,0;42,8;17,47;2,7;23,9;15958,0;18311,0;12856,0;37,4;33,87;101,0382;90,09;58,08;64,8;2,24;-2,96;1288,3;1,45;2505;23,4731;91303,29;470;6,458453440280737
2017T2;11;Cádiz;1244090,0;20,0;42,8;17,47;2,7;23,9;15958,0;18311,0;12856,0;39,12;29,63;101,9503;93,77;58,98;65,0;2,17;-2,83;1282,5;1,45;2790;22,9032;95550,4;647;6,429377114926683
2017T3;11;Cádiz;1244090,0;20,0;42,8;17,47;2,7;23,9;15958,0;18311,0;12856,0;40,96;27,61;101,3526;91,13;59,67;64,9;2,22;-2,84;1264,0;1,45;2838;28,1184;92649,76;404;6,336633663366337
2017T4;11;Cádiz;1244090,0;20,0;42,8;17,47;2,7;23,9;15958,0;18311,0;12856,0;38,44;30,01;102,6356;94,8;60,15;65,6;2,15;-2,79;1291,8;1,45;2742;25,1276;98705,91;251;6,475999498684046
2018T1;11;Cádiz;1243737,0;19,51;42,95;18,0;2,7;24,2;16390,0;18772,0;13293,0;37,45;31,25;101,6493;91,97;60,44;65,5;2,23;-2,6;1290,8;1,71;3227;25,9064;96797,01;321;6,300427089688835
2018T2;11;Cádiz;1243737,0;19,51;42,95;18,0;2,7;24,2;16390,0;18772,0;13293,0;40,53;26,86;103,1653;95,37;61,78;64,9;2,2;-2,19;1290,5;1,71;3601;21,5496;88511,26;588;6,298962782184259
2018T3;11;Cádiz;1243737,0;19,51;42,95;18,0;2,7;24,2;16390,0;18772,0;13293,0;41,27;24,72;102,9009;92,55;62,89;65,9;2,17;-1,81;1306,7;1,71;3489;21,6108;101961,01;369;6,37803538743136
2018T4;11;Cádiz;1243737,0;19,51;42,95;18,0;2,7;24,2;16390,0;18772,0;13293,0;39,45;27,35;103,6857;96,51;63,54;66,5;2,26;-1,57;1340,3;1,71;3123;24,6558;100283,33;503;6,542037827943868
2019T1;11;Cádiz;1243186,0;19,14;43,05;18,48;2,7;24,5;17115,0;19534,0;13985,0;39,33;26,8;102,106;92,79;64,02;64,6;2,37;-1,25;1354,1;4,56;3462;26,7764;97826,74;667;6,329418638621092
2019T2;11;Cádiz;1243186,0;19,14;43,05;18,48;2,7;24,5;17115,0;19534,0;13985,0;41,86;24,34;103,556;96,07;65,22;65,5;2,35;-1,14;1344,9;4,56;3522;22,6008;94702,26;701;6,286415425065732
2019T3;11;Cádiz;1243186,0;19,14;43,05;18,48;2,7;24,5;17115,0;19534,0;13985,0;42,56;23,77;102,7582;93,19;66,6;64,7;2,15;-1,19;1359,1;4,56;3226;23,8996;100409,25;627;6,352789950335962
2019T4;11;Cádiz;1243186,0;19,14;43,05;18,48;2,7;24,5;17115,0;19534,0;13985,0;40,77;24,7;103,7961;96,93;66,17;63,0;1,99;-1,08;1346,2;4,56;3451;28,1657;96227,29;490;6,292491966111598
2020T1;11;Cádiz;1247160,0;18,88;43,18;18,91;2,7;24,8;17205,0;19486,0;14219,0;40,45;24,37;102,477;92,62;66,67;63,8;2,03;-1,14;1365,5;2,89;3266;22,3515;98528,54;398;6,349317058994479
2020T2;11;Cádiz;1247160,0;18,88;43,18;18,91;2,7;24,8;17205,0;19486,0;14219,0;39,97;21,42;103,206;93,31;66,76;64,2;1,91;-1,64;1329,5;2,89;1997;23,0346;101925,61;338;6,181923859343214
2020T3;11;Cádiz;1247160,0;18,88;43,18;18,91;2,7;24,8;17205,0;19486,0;14219,0;42,82;21,03;102,4535;92,71;67,44;63,6;1,94;-1,62;1360,2;2,89;2715;24,825;101786,56;458;6,324673060156931
2020T4;11;Cádiz;1247160,0;18,88;43,18;18,91;2,7;24,8;17205,0;19486,0;14219,0;41,42;24,91;103,3013;97,76;67,27;65,2;1,8;-1,19;1373,1;2,89;3137;21,868;103642,63;426;6,384655623365301
2021T1;11;Cádiz;1249873,0;18,74;43,22;19,35;2,6;25,4;18086,0;20457,0;15072,0;38,44;27,79;103,2648;94,96;67,1;64,7;1,72;-0,8;1366,9;1,9882;3485;25,3659;105354,5;424;6,046223598363375
2021T2;11;Cádiz;1249873,0;18,74;43,22;19,35;2,6;25,4;18086,0;20457,0;15072,0;40,97;25,95;105,4501;100,28;69,14;64,9;1,62;0,07;1405,1;1,9882;4161;25,8592;104721,62;716;6,215194072763463
2021T3;11;Cádiz;1249873,0;18,74;43,22;19,35;2,6;25,4;18086,0;20457,0;15072,0;43,44;23,51;105,5526;99,76;71,51;65,2;1,59;0,74;1412,7;1,9882;4574;27,7656;110203,93;751;6,248811235209554
2021T4;11;Cádiz;1249873,0;18,74;43,22;19,35;2,6;25,4;18086,0;20457,0;15072,0;40,84;25,92;108,8338;105,01;72,66;65,4;1,54;0,76;1426,2;1,9882;4351;22,1099;106428,95;746;6,308525931659847
2022T1;11;Cádiz;1250545,0;18,65;43,23;19,79;2,6;25,7;18988,0;21554,0;15803,0;39,04;26,21;110,7808;105,46;74,4;65,2;1,6;0,72;1444,5;6,1821;4398;22,3965;114418,07;448;6,085949020433958
2022T2;11;Cádiz;1250545,0;18,65;43,23;19,79;2,6;25,7;18988,0;21554,0;15803,0;43,04;21,7;114,8074;114,52;76,2;65,2;1,74;0,98;1439,3;6,1821;4380;22,7169;116018,51;611;6,064040446597852
2022T3;11;Cádiz;1250545,0;18,65;43,23;19,79;2,6;25,7;18988,0;21554,0;15803,0;42,85;20,96;116,3876;110,54;77,43;64,6;2,14;0,87;1469,8;6,1821;4691;21,0403;112069,13;567;6,192542658521171
2022T4;11;Cádiz;1250545,0;18,65;43,23;19,79;2,6;25,7;18988,0;21554,0;15803,0;40,28;25,0;116,8085;115,01;77,35;63,9;2,87;0,3;1466,7;6,1821;4315;23,3372;115287,2;667;6,17948177796503
2023T1;11;Cádiz;1254866,0;18,59;43,17;20,3;2,6;26,2;20014,0;22685,0;16734,0;40,88;24,98;117,7516;112,83;77,52;63,0;3,59;-0,75;1509,1;4,8284;4379;24,549;113862,86;578;6,032177475766964
2023T2;11;Cádiz;1254866,0;18,59;43,17;20,3;2,6;26,2;20014,0;22685,0;16734,0;43,36;21,93;119,4275;116,6;79,63;62,7;3,89;-2,01;1507,0;4,8284;3954;24,5068;116704,71;650;6,023783351653842
2023T3;11;Cádiz;1254866,0;18,59;43,17;20,3;2,6;26,2;20014,0;22685,0;16734,0;44,15;21,37;120,5049;112,78;81,93;62,2;4,06;-3,14;1558,0;4,8284;3663;21,5124;113704,58;670;6,227640651543919
2023T4;11;Cádiz;1254866,0;18,59;43,17;20,3;2,6;26,2;20014,0;22685,0;16734,0;42,57;20,74;120,9514;117,61;81,45;61,4;4,03;-3,14;1558,9;4,8284;3503;21,6957;114951,78;812;6,231238133306685
2024T1;11;Cádiz;1258730,0;18,59;43,17;20,3;2,6;26,2;20811,0;23611,0;17411,0;41,04;24,19;121,2842;113,32;83,66;61,5;3,69;-2,61;1597,2;5,5055;3873;26,2587;117354,52;634;6,139829897650281
2024T2;11;Cádiz;1258730,0;18,59;43,17;20,3;2,6;26,2;20811,0;23611,0;17411,0;43,78;20,6;123,0327;117,41;87,22;63,0;3,55;-1,79;1618,5;5,5055;3952;25,5061;117406,49;547;6,221709672769209
2024T3;11;Cádiz;1258730,0;18,59;43,17;20,3;2,6;26,2;20811,0;23611,0;17411,0;45,99;18,13;122,4787;114,16;90,57;63,3;3,45;-0,62;1652,4;5,5055;4310;24,5244;118571,43;1060;6,352025371197924
2024T4;11;Cádiz;1258730,0;18,59;43,17;20,3;2,6;26,2;20811,0;23611,0;17411,0;42,36;20,97;123,2556;118,19;92,35;64,1;3,17;0,21;1688,1;5,5055;4428;27,9359;128507,45;423;6,489260487242324
2015T1;12;Castellón/Castelló;577738,0;19,35;41,52;20,79;2,5;29,3;17005,0;19381,0;14130,0;44,61;25,69;98,9353;90,33;58,07;60,7;2,61;-3,78;1022,1;-3,04;1347;23,0141;76129,12;91;4,808468097618348
2015T2;12;Castellón/Castelló;577738,0;19,35;41,52;20,79;2,5;29,3;17005,0;19381,0;14130,0;45,62;23,85;100,9185;93,72;60,38;61,8;2,51;-3,32;1054,0;-3,04;1371;17,6513;70749,04;99;4,958541605410174
2015T3;12;Castellón/Castelló;577738,0;19,35;41,52;20,79;2,5;29,3;17005,0;19381,0;14130,0;46,44;20,94;99,8998;90,26;60,22;62,3;2,45;-3,36;1069,5;-3,04;1652;20,9443;73037,0;70;5,0314613349015
2015T4;12;Castellón/Castelló;577738,0;19,35;41,52;20,79;2,5;29,3;17005,0;19381,0;14130,0;46,76;19,53;100,2464;92,91;60,29;63,2;2,43;-3,27;1064,6;-3,04;1282;11,7785;75934,55;148;5,008409291384887
2016T1;12;Castellón/Castelló;575546,0;18,61;41,88;21,18;2,5;29,6;17342,0;19877,0;14275,0;44,91;21,43;97,9201;88,55;61,04;63,9;2,33;-3,32;1067,1;-0,77;1426;14,446;73461,45;130;4,922615615269288
2016T2;12;Castellón/Castelló;575546,0;18,61;41,88;21,18;2,5;29,6;17342,0;19877,0;14275,0;45,1;19,79;99,6503;92,68;61,48;63,8;2,32;-3,6;1062,0;-0,77;1691;13,1283;74950,71;162;4,899088917079921
2016T3;12;Castellón/Castelló;575546,0;18,61;41,88;21,18;2,5;29,6;17342,0;19877,0;14275,0;45,58;19,66;99,3063;89,74;61,35;63,8;2,37;-3,16;1027,1;-0,77;1627;13,0301;74821,74;147;4,738092492215431
2016T4;12;Castellón/Castelló;575546,0;18,61;41,88;21,18;2,5;29,6;17342,0;19877,0;14275,0;47,52;17,11;100,9399;93,2;61,33;64,2;2,27;-3,1;1048,9;-0,77;1482;11,6059;72995,17;363;4,838657594279783
2017T1;12;Castellón/Castelló;575433,0;18,04;42,11;21,57;2,5;29,7;17955,0;20760,0;14568,0;45,07;19,52;100,6419;90,09;62,18;64,8;2,24;-2,96;1028,9;-0,61;1686;10,8541;77139,28;186;4,584349763297132
2017T2;12;Castellón/Castelló;575433,0;18,04;42,11;21,57;2,5;29,7;17955,0;20760,0;14568,0;46,23;17,58;101,445;93,77;62,62;65,0;2,17;-2,83;1058,5;-0,61;1663;13,0487;71486,52;206;4,716235032024506
2017T3;12;Castellón/Castelló;575433,0;18,04;42,11;21,57;2,5;29,7;17955,0;20760,0;14568,0;48,27;15,42;100,8407;91,13;63,16;64,9;2,22;-2,84;1038,9;-0,61;1892;12,685;81303,71;96;4,62890559732665
2017T4;12;Castellón/Castelló;575433,0;18,04;42,11;21,57;2,5;29,7;17955,0;20760,0;14568,0;49,59;14,37;102,4099;94,8;63,88;65,6;2,15;-2,79;1041,2;-0,61;2008;7,0717;73040,0;232;4,639153439153439
2018T1;12;Castellón/Castelló;576342,0;17,71;42,12;21,98;2,5;30,0;18576,0;21442,0;15155,0;48,02;16,82;101,4647;91,97;64,31;65,5;2,23;-2,6;1033,7;3,04;2167;15,4592;72904,11;122;4,45176571920758
2018T2;12;Castellón/Castelló;576342,0;17,71;42,12;21,98;2,5;30,0;18576,0;21442,0;15155,0;49,17;15,68;103,3483;95,37;65,14;64,9;2,2;-2,19;1033,4;3,04;2344;15,1877;77950,46;477;4,450473729543497
2018T3;12;Castellón/Castelló;576342,0;17,71;42,12;21,98;2,5;30,0;18576,0;21442,0;15155,0;49,53;14,49;103,2869;92,55;66,11;65,9;2,17;-1,81;1043,3;3,04;2305;10,3688;74531,86;258;4,493109388458226
2018T4;12;Castellón/Castelló;576342,0;17,71;42,12;21,98;2,5;30,0;18576,0;21442,0;15155,0;49,02;15,11;104,0865;96,51;66,53;66,5;2,26;-1,57;1061,1;3,04;1945;12,8021;79542,51;273;4,569767441860465
2019T1;12;Castellón/Castelló;579592,0;17,59;42,1;22,25;2,5;30,1;19281,0;22128,0;15895,0;49,14;14,46;102,4482;92,79;66,99;64,6;2,37;-1,25;1088,4;4,99;2414;16,28;77996,2;202;4,515948342928271
2019T2;12;Castellón/Castelló;579592,0;17,59;42,1;22,25;2,5;30,1;19281,0;22128,0;15895,0;48,85;14,25;104,041;96,07;68,23;65,5;2,35;-1,14;1071,6;4,99;2321;10,5127;74494,75;392;4,4462424148125095
2019T3;12;Castellón/Castelló;579592,0;17,59;42,1;22,25;2,5;30,1;19281,0;22128,0;15895,0;51,5;12,01;103,4165;93,19;68,9;64,7;2,15;-1,19;1058,8;4,99;2195;12,8018;76119,83;140;4,39313313624812
2019T4;12;Castellón/Castelló;579592,0;17,59;42,1;22,25;2,5;30,1;19281,0;22128,0;15895,0;50,89;14,29;104,5889;96,93;69,04;63,0;1,99;-1,08;1066,6;4,99;1836;13,8344;79567,38;425;4,425496602873295
2020T1;12;Castellón/Castelló;584201,0;17,53;42,03;22,52;2,5;30,4;19556,0;22288,0;16290,0;50,48;13,81;103,3732;92,62;69,33;63,8;2,03;-1,14;1040,0;2,33;1984;11,5423;78536,09;172;4,254448762528124
2020T2;12;Castellón/Castelló;584201,0;17,53;42,03;22,52;2,5;30,4;19556,0;22288,0;16290,0;48,57;14,44;103,3195;93,31;69,32;64,2;1,91;-1,64;1030,5;2,33;1290;9,4574;72804,17;351;4,215586009408877
2020T3;12;Castellón/Castelló;584201,0;17,53;42,03;22,52;2,5;30,4;19556,0;22288,0;16290,0;49,9;14,77;102,9669;92,71;70,3;63,6;1,94;-1,62;1052,2;2,33;1550;13,3548;51929,99;155;4,304356719165473
2020T4;12;Castellón/Castelló;584201,0;17,53;42,03;22,52;2,5;30,4;19556,0;22288,0;16290,0;49,81;14,12;103,9327;97,76;70,18;65,2;1,8;-1,19;1050,9;2,33;1971;16,9964;88766,26;290;4,2990386582123135
2021T1;12;Castellón/Castelló;587632,0;17,52;42,03;22,8;2,4;30,7;20449,0;23428,0;16940,0;46,97;15,95;103,8907;94,96;70,17;64,7;1,72;-0,8;1036,2;3,8953;2186;15,828;84305,28;410;4,053792361484669
2021T2;12;Castellón/Castelló;587632,0;17,52;42,03;22,8;2,4;30,7;20449,0;23428,0;16940,0;49,49;15,3;106,3634;100,28;72,31;64,9;1,62;0,07;1052,2;3,8953;2164;13,9094;81734,02;292;4,116387109394102
2021T3;12;Castellón/Castelló;587632,0;17,52;42,03;22,8;2,4;30,7;20449,0;23428,0;16940,0;50,47;12,84;106,719;99,76;73,79;65,2;1,59;0,74;1084,5;3,8953;3088;15,965;87278,9;562;4,242750256736271
2021T4;12;Castellón/Castelló;587632,0;17,52;42,03;22,8;2,4;30,7;20449,0;23428,0;16940,0;49,98;11,2;110,5505;105,01;74,93;65,4;1,54;0,76;1105,5;3,8953;2614;13,4277;86758,5;273;4,324905863367402
2022T1;12;Castellón/Castelló;591300,0;17,58;41,94;23,02;2,4;30,9;21506,0;24516,0;18006,0;49,4;12,15;113,5377;105,46;76,45;65,2;1,6;0,72;1090,1;18,8652;2825;11,0088;84098,72;522;4,055054403422301
2022T2;12;Castellón/Castelló;591300,0;17,58;41,94;23,02;2,4;30,9;21506,0;24516,0;18006,0;51,45;10,51;117,2485;114,52;78,11;65,2;1,74;0,98;1084,9;18,8652;2844;13,045;81878,17;169;4,035710964382033
2022T3;12;Castellón/Castelló;591300,0;17,58;41,94;23,02;2,4;30,9;21506,0;24516,0;18006,0;51,12;11,93;118,6601;110,54;78,89;64,6;2,14;0,87;1064,4;18,8652;2862;11,9846;83936,09;233;3,9594531758579
2022T4;12;Castellón/Castelló;591300,0;17,58;41,94;23,02;2,4;30,9;21506,0;24516,0;18006,0;47,96;14,16;118,5252;115,01;78,72;63,9;2,87;0,3;1067,6;18,8652;2699;14,6721;87763,73;360;3,971356830651911
2023T1;12;Castellón/Castelló;604086,0;17,88;41,72;23,05;2,4;31,0;22227,0;24995,0;19028,0;47,75;14,51;119,6311;112,83;79,02;63,0;3,59;-0,75;1097,8;16,1484;2861;16,1482;85201,17;442;3,951230485445629
2023T2;12;Castellón/Castelló;604086,0;17,88;41,72;23,05;2,4;31,0;22227,0;24995,0;19028,0;48,16;14,85;120,9739;116,6;80,82;62,7;3,89;-2,01;1092,5;16,1484;2674;16,006;88356,66;384;3,9321545867638457
2023T3;12;Castellón/Castelló;604086,0;17,88;41,72;23,05;2,4;31,0;22227,0;24995,0;19028,0;48,28;14,67;122,4306;112,78;82,9;62,2;4,06;-3,14;1128,8;16,1484;2899;21,8351;85932,19;226;4,062806496603231
2023T4;12;Castellón/Castelló;604086,0;17,88;41,72;23,05;2,4;31,0;22227,0;24995,0;19028,0;46,82;15,0;122,8025;117,61;82,06;61,4;4,03;-3,14;1129,2;16,1484;2315;19,5248;86655,04;175;4,06424618706978
2024T1;12;Castellón/Castelló;615188,0;17,88;41,72;23,05;2,4;31,0;23117,0;25902,0;19903,0;48,06;16,35;123,3402;113,32;84,15;61,5;3,69;-2,61;1149,1;17,4337;2983;19,6782;86023,42;498;3,976640567547692
2024T2;12;Castellón/Castelló;615188,0;17,88;41,72;23,05;2,4;31,0;23117,0;25902,0;19903,0;51,39;12,36;125,0167;117,41;87,79;63,0;3,55;-1,79;1147,7;17,4337;2813;22,716;90069,82;404;3,9717956482242505
2024T3;12;Castellón/Castelló;615188,0;17,88;41,72;23,05;2,4;31,0;23117,0;25902,0;19903,0;52,61;13,06;124,5787;114,16;90,21;63,3;3,45;-0,62;1183,2;17,4337;3490;20,659;92364,54;295;4,094648959640092
2024T4;12;Castellón/Castelló;615188,0;17,88;41,72;23,05;2,4;31,0;23117,0;25902,0;19903,0;51,56;12,84;125,4037;118,19;92,07;64,1;3,17;0,21;1195,4;17,4337;3627;23,6283;90092,28;380;4,1368689708872255
2015T1;13;Ciudad Real;514152,0;21,39;38,45;22,49;2,6;27,5;15338,0;16643,0;13460,0;36,31;33,98;98,9947;90,33;69,07;60,7;2,61;-3,78;779,5;-3,31;590;25,7627;68995,64;165;4,065719128960751
2015T2;13;Ciudad Real;514152,0;21,39;38,45;22,49;2,6;27,5;15338,0;16643,0;13460,0;37,41;32,25;101,1389;93,72;70,51;61,8;2,51;-3,32;791,8;-3,31;589;16,8081;64759,67;248;4,12987351675577
2015T3;13;Ciudad Real;514152,0;21,39;38,45;22,49;2,6;27,5;15338,0;16643,0;13460,0;38,89;29,98;99,4253;90,26;70,16;62,3;2,45;-3,36;771,8;-3,31;547;21,5722;68112,78;185;4,025557439040292
2015T4;13;Ciudad Real;514152,0;21,39;38,45;22,49;2,6;27,5;15338,0;16643,0;13460,0;39,1;28,95;100,4411;92,91;70,38;63,2;2,43;-3,27;792,4;-3,31;550;16,9091;73474,14;135;4,133002999087235
2016T1;13;Ciudad Real;508629,0;20,73;38,92;22,79;2,6;27,7;15380,0;16743,0;13448,0;39,15;29,43;97,7594;88,55;70,09;63,9;2,33;-3,32;777,1;-1,54;592;18,5811;68288,61;170;4,042132639791937
2016T2;13;Ciudad Real;508629,0;20,73;38,92;22,79;2,6;27,7;15380,0;16743,0;13448,0;41,19;26,3;99,7002;92,68;70,92;63,8;2,32;-3,6;782,9;-1,54;714;13,5854;71956,0;228;4,072301690507152
2016T3;13;Ciudad Real;508629,0;20,73;38,92;22,79;2,6;27,7;15380,0;16743,0;13448,0;42,31;24,11;98,9747;89,74;71,06;63,8;2,37;-3,16;775,7;-1,54;609;9,688;79014,53;152;4,034850455136541
2016T4;13;Ciudad Real;508629,0;20,73;38,92;22,79;2,6;27,7;15380,0;16743,0;13448,0;41,91;25,09;101,3891;93,2;70,38;64,2;2,27;-3,1;786,6;-1,54;560;15,1786;73252,85;222;4,091547464239272
2017T1;13;Ciudad Real;504403,0;20,15;39,27;23,13;2,6;28,0;15795,0;17200,0;13821,0;41,8;25,76;100,8418;90,09;71,22;64,8;2,24;-2,96;773,5;-3,9;874;19,7941;77914,85;170;3,9176954732510287
2017T2;13;Ciudad Real;504403,0;20,15;39,27;23,13;2,6;28,0;15795,0;17200,0;13821,0;41,37;26,33;101,5332;93,77;71,46;65,0;2,17;-2,83;769,5;-3,9;706;13,1728;76565,31;265;3,897435897435898
2017T3;13;Ciudad Real;504403,0;20,15;39,27;23,13;2,6;28,0;15795,0;17200,0;13821,0;42,9;22,26;100,459;91,13;71,19;64,9;2,22;-2,84;770,6;-3,9;706;14,4476;79607,88;148;3,9030072807850575
2017T4;13;Ciudad Real;504403,0;20,15;39,27;23,13;2,6;28,0;15795,0;17200,0;13821,0;43,08;23,3;102,6659;94,8;70,68;65,6;2,15;-2,79;765,0;-3,9;700;15,0;78629,9;170;3,8746438746438745
2018T1;13;Ciudad Real;499168,0;19,69;39,4;23,58;2,5;28,4;16483,0;18018,0;14369,0;43,24;23,01;101,5302;91,97;71,69;65,5;2,23;-2,6;759,9;-0,07;830;17,8313;71573,06;202;3,6881635624582905
2018T2;13;Ciudad Real;499168,0;19,69;39,4;23,58;2,5;28,4;16483,0;18018,0;14369,0;42,96;21,87;103,5559;95,37;72,51;64,9;2,2;-2,19;749,1;-0,07;807;13,1351;76145,83;282;3,635745920038828
2018T3;13;Ciudad Real;499168,0;19,69;39,4;23,58;2,5;28,4;16483,0;18018,0;14369,0;44,12;18,75;103,0384;92,55;73,47;65,9;2,17;-1,81;766,6;-0,07;760;15,0;80087,48;192;3,720681914699994
2018T4;13;Ciudad Real;499168,0;19,69;39,4;23,58;2,5;28,4;16483,0;18018,0;14369,0;45,73;16,82;104,5871;96,51;73,58;66,5;2,26;-1,57;752,1;-0,07;796;17,4623;75902,3;127;3,650306376266456
2019T1;13;Ciudad Real;495686,0;19,28;39,51;24,05;2,5;28,6;17373,0;18903,0;15278,0;46,01;17,5;102,5849;92,79;74,65;64,6;2,37;-1,25;752,8;4,45;929;16,4693;77660,07;228;3,466528521268635
2019T2;13;Ciudad Real;495686,0;19,28;39,51;24,05;2,5;28,6;17373,0;18903,0;15278,0;45,79;17,82;104,4409;96,07;75,33;65,5;2,35;-1,14;727,4;4,45;823;12,8797;80537,78;306;3,349565417602026
2019T3;13;Ciudad Real;495686,0;19,28;39,51;24,05;2,5;28,6;17373,0;18903,0;15278,0;45,62;18,38;102,9608;93,19;75,74;64,7;2,15;-1,19;734,1;4,45;939;21,6187;75270,48;213;3,380417889829045
2019T4;13;Ciudad Real;495686,0;19,28;39,51;24,05;2,5;28,6;17373,0;18903,0;15278,0;45,49;19,34;104,9597;96,93;75,8;63,0;1,99;-1,08;733,9;4,45;789;10,5196;77613,31;228;3,3794969205088354
2020T1;13;Ciudad Real;494817,0;19,05;39,7;24,25;2,5;29,0;17715,0;19076,0;15843,0;44,68;19,21;103,2686;92,62;75,41;63,8;2,03;-1,14;731,9;2,27;890;11,9101;76632,12;207;3,305221563646627
2020T2;13;Ciudad Real;494817,0;19,05;39,7;24,25;2,5;29,0;17715,0;19076,0;15843,0;42,92;16,54;103,1007;93,31;76,5;64,2;1,91;-1,64;705,6;2,27;440;18,1818;74605,19;198;3,1864521591871298
2020T3;13;Ciudad Real;494817,0;19,05;39,7;24,25;2,5;29,0;17715,0;19076,0;15843,0;44,95;18,35;102,1927;92,71;76,79;63,6;1,94;-1,62;718,9;2,27;784;15,1786;79135,07;270;3,246514253457522
2020T4;13;Ciudad Real;494817,0;19,05;39,7;24,25;2,5;29,0;17715,0;19076,0;15843,0;44,94;17,49;103,7631;97,76;76,7;65,2;1,8;-1,19;730,9;2,27;1047;15,4728;87753,18;260;3,300705616709004
2021T1;13;Ciudad Real;492900,0;18,98;40,04;24,11;2,5;29,3;18557,0;20142,0;16443,0;43,52;20,15;103,8407;94,96;75,62;64,7;1,72;-0,8;723,4;1,7793;1001;17,7822;75827,48;311;3,1186075335452927
2021T2;13;Ciudad Real;492900,0;18,98;40,04;24,11;2,5;29,3;18557,0;20142,0;16443,0;44,92;18,38;106,5949;100,28;78,32;64,9;1,62;0,07;710,6;1,7793;1108;13,3574;77606,22;333;3,063426200355661
2021T3;13;Ciudad Real;492900,0;18,98;40,04;24,11;2,5;29,3;18557,0;20142,0;16443,0;46,89;16,16;106,5237;99,76;79,09;65,2;1,59;0,74;711,5;1,7793;1113;14,106;82139,08;279;3,067306137845557
2021T4;13;Ciudad Real;492900,0;18,98;40,04;24,11;2,5;29,3;18557,0;20142,0;16443,0;46,74;16,24;110,7874;105,01;79,77;65,4;1,54;0,76;714,9;1,7793;1059;12,559;83614,04;169;3,081963679474053
2022T1;13;Ciudad Real;490950,0;18,77;40,07;24,46;2,5;29,8;19438,0;21155,0;17214,0;44,86;18,47;113,4823;105,46;81,01;65,2;1,6;0,72;729,0;8,9928;1261;14,433;83556,66;149;3,0003086737318654
2022T2;13;Ciudad Real;490950,0;18,77;40,07;24,46;2,5;29,8;19438,0;21155,0;17214,0;45,6;17,22;118,5171;114,52;83,04;65,2;1,74;0,98;732,2;8,9928;1357;10,8327;79693,55;187;3,013478752958123
2022T3;13;Ciudad Real;490950,0;18,77;40,07;24,46;2,5;29,8;19438,0;21155,0;17214,0;44,58;20,19;119,7904;110,54;84,29;64,6;2,14;0,87;719,5;8,9928;1363;14,6001;82011,33;158;2,9612100010289124
2022T4;13;Ciudad Real;490950,0;18,77;40,07;24,46;2,5;29,8;19438,0;21155,0;17214,0;43,82;21,54;119,3364;115,01;82,98;63,9;2,87;0,3;729,6;8,9928;1236;10,1133;78503,99;222;3,002778063586789
2023T1;13;Ciudad Real;491927,0;18,61;40,08;24,79;2,5;30,2;20613,0;22399,0;18322,0;44,29;18,96;119,7294;112,83;82,32;63,0;3,59;-0,75;722,9;6,9909;1360;13,1618;87036,67;227;2,8056081113860185
2023T2;13;Ciudad Real;491927,0;18,61;40,08;24,79;2,5;30,2;20613,0;22399,0;18322,0;46,48;15,49;121,3135;116,6;84,69;62,7;3,89;-2,01;708,1;6,9909;1188;13,468;76499,13;225;2,748168631446174
2023T3;13;Ciudad Real;491927,0;18,61;40,08;24,79;2,5;30,2;20613,0;22399,0;18322,0;46,52;15,67;122,3792;112,78;85,16;62,2;4,06;-3,14;719,8;6,9909;1147;15,4316;79802,1;186;2,7935768689661864
2023T4;13;Ciudad Real;491927,0;18,61;40,08;24,79;2,5;30,2;20613,0;22399,0;18322,0;46,16;15,78;123,2322;117,61;84,71;61,4;4,03;-3,14;712,5;6,9909;1174;12,0102;85597,1;167;2,7652452335904525
2024T1;13;Ciudad Real;492948,0;18,61;40,08;24,79;2,5;30,2;21511,0;23413,0;19095,0;44,69;17,63;123,8733;113,32;86,38;61,5;3,69;-2,61;724,0;8,5891;1454;18,088;72760,87;210;2,6925758914043976
2024T2;13;Ciudad Real;492948,0;18,61;40,08;24,79;2,5;30,2;21511,0;23413,0;19095,0;45,64;17,84;125,8798;117,41;89,16;63,0;3,55;-1,79;724,2;8,5891;1387;16,6547;78304,66;279;2,6933196968992608
2024T3;13;Ciudad Real;492948,0;18,61;40,08;24,79;2,5;30,2;21511,0;23413,0;19095,0;47,13;16,6;124,6526;114,16;91,03;63,3;3,45;-0,62;713,0;8,5891;1691;17,9184;80287,42;404;2,651666589186928
2024T4;13;Ciudad Real;492948,0;18,61;40,08;24,79;2,5;30,2;21511,0;23413,0;19095,0;46,4;15,62;125,6978;118,19;92,05;64,1;3,17;0,21;725,5;8,5891;1714;18,4947;79059,22;295;2,698154432615871
2015T1;14;Córdoba;794359,0;21,11;39,17;21,31;2,6;25,0;13423,0;14966,0;11536,0;39,53;30,11;98,9584;90,33;53,94;60,7;2,61;-3,78;1149,8;-0,06;1098;26,6849;77747,94;173;6,852715488340907
2015T2;14;Córdoba;794359,0;21,11;39,17;21,31;2,6;25,0;13423,0;14966,0;11536,0;40,51;29,15;101,0333;93,72;56,15;61,8;2,51;-3,32;1144,6;-0,06;1163;19,4325;80020,02;313;6,821723906727259
2015T3;14;Córdoba;794359,0;21,11;39,17;21,31;2,6;25,0;13423,0;14966,0;11536,0;39,04;30,99;99,6111;90,26;56,78;62,3;2,45;-3,36;1150,3;-0,06;1106;17,7215;78859,24;263;6,855695448111451
2015T4;14;Córdoba;794359,0;21,11;39,17;21,31;2,6;25,0;13423,0;14966,0;11536,0;40,11;29,7;100,3972;92,91;56,39;63,2;2,43;-3,27;1173,4;-0,06;1078;15,3989;84277,89;300;6,993369589510541
2016T1;14;Córdoba;790749,0;20,58;39,66;21,45;2,6;25,3;13683,0;15181,0;11845,0;41,19;28,82;98,0319;88,55;56,88;63,9;2,33;-3,32;1149,7;0,98;1225;14,7755;89015,43;246;6,721917708104948
2016T2;14;Córdoba;790749,0;20,58;39,66;21,45;2,6;25,3;13683,0;15181,0;11845,0;40,75;30,15;99,9882;92,68;57,6;63,8;2,32;-3,6;1133,8;0,98;1322;15,5825;83486,91;278;6,628955638383395
2016T3;14;Córdoba;790749,0;20,58;39,66;21,45;2,6;25,3;13683,0;15181,0;11845,0;39,74;32,59;99,3662;89,74;57,55;63,8;2,37;-3,16;1147,8;0,98;1168;13,6986;89200,0;409;6,710809033106775
2016T4;14;Córdoba;790749,0;20,58;39,66;21,45;2,6;25,3;13683,0;15181,0;11845,0;40,78;29,42;101,3424;93,2;57,57;64,2;2,27;-3,1;1144,4;0,98;1081;12,766;85272,29;391;6,690930351531097
2017T1;14;Córdoba;787735,0;20,15;39,9;21,78;2,6;25,5;14008,0;15598,0;12072,0;42,15;27,53;101,1171;90,09;58,08;64,8;2,24;-2,96;1135,7;1,05;1393;13,7114;70441,13;488;6,486007995431182
2017T2;14;Córdoba;787735,0;20,15;39,9;21,78;2,6;25,5;14008,0;15598,0;12072,0;41,38;27,94;102,0295;93,77;58,98;65,0;2,17;-2,83;1143,4;1,05;1465;13,7884;85064,69;447;6,529982866933181
2017T3;14;Córdoba;787735,0;20,15;39,9;21,78;2,6;25,5;14008,0;15598,0;12072,0;40,56;30,21;101,0176;91,13;59,67;64,9;2,22;-2,84;1123,6;1,05;1380;14,5652;95756,03;373;6,416904625928042
2017T4;14;Córdoba;787735,0;20,15;39,9;21,78;2,6;25,5;14008,0;15598,0;12072,0;41,46;27,0;102,9016;94,8;60,15;65,6;2,15;-2,79;1132,4;1,05;1398;13,0901;83792,03;403;6,467161621930326
2018T1;14;Córdoba;784079,0;19,78;40,07;22,15;2,6;26,0;14602,0;16244,0;12617,0;42,51;25,45;101,6962;91,97;60,44;65,5;2,23;-2,6;1143,3;1,04;1493;13,2619;97786,81;398;6,263799479523353
2018T2;14;Córdoba;784079,0;19,78;40,07;22,15;2,6;26,0;14602,0;16244,0;12617,0;42,78;25,63;103,7349;95,37;61,78;64,9;2,2;-2,19;1158,5;1,04;1791;16,0804;94166,67;350;6,347075743048897
2018T3;14;Córdoba;784079,0;19,78;40,07;22,15;2,6;26,0;14602,0;16244,0;12617,0;41,65;25,4;103,166;92,55;62,89;65,9;2,17;-1,81;1131,4;1,04;1752;17,5799;89679,16;531;6,198602931105328
2018T4;14;Córdoba;784079,0;19,78;40,07;22,15;2,6;26,0;14602,0;16244,0;12617,0;43,26;22,47;104,479;96,51;63,54;66,5;2,26;-1,57;1144,2;1,04;1492;11,6622;84698,95;854;6,268730310916313
2019T1;14;Córdoba;780982,0;19,46;40,12;22,61;2,6;26,2;15477,0;17163,0;13440,0;44,45;21,05;102,7697;92,79;64,02;64,6;2,37;-1,25;1155,0;3,6;1621;12,955;93272,52;242;5,970149253731344
2019T2;14;Córdoba;780982,0;19,46;40,12;22,61;2,6;26,2;15477,0;17163,0;13440,0;44,16;22,21;104,442;96,07;65,22;65,5;2,35;-1,14;1170,4;3,6;1741;15,5083;99151,11;540;6,049751243781095
2019T3;14;Córdoba;780982,0;19,46;40,12;22,61;2,6;26,2;15477,0;17163,0;13440,0;42,85;25,28;103,1618;93,19;66,6;64,7;2,15;-1,19;1126,4;3,6;1602;18,4145;92474,05;396;5,822316986496091
2019T4;14;Córdoba;780982,0;19,46;40,12;22,61;2,6;26,2;15477,0;17163,0;13440,0;43,32;23,7;104,6057;96,93;66,17;63,0;1,99;-1,08;1141,3;3,6;1666;21,2485;95960,91;345;5,899334496349422
2020T1;14;Córdoba;780825,0;19,24;40,24;22,92;2,5;26,6;15547,0;17041,0;13725,0;43,09;24,89;103,3471;92,62;66,67;63,8;2,03;-1,14;1132,0;1,17;1610;14,7826;95396,69;534;5,824917990609121
2020T2;14;Córdoba;780825,0;19,24;40,24;22,92;2,5;26,6;15547,0;17041,0;13725,0;40,75;24,29;103,8017;93,31;66,76;64,2;1,91;-1,64;1121,5;1,17;1068;12,7341;109884,24;152;5,770888274265132
2020T3;14;Córdoba;780825,0;19,24;40,24;22,92;2,5;26,6;15547,0;17041,0;13725,0;41,92;24,09;102,7111;92,71;67,44;63,6;1,94;-1,62;1118,8;1,17;1347;17,0007;109236,43;641;5,75699491863382
2020T4;14;Córdoba;780825,0;19,24;40,24;22,92;2,5;26,6;15547,0;17041,0;13725,0;44,16;23,75;104,0143;97,76;67,27;65,2;1,8;-1,19;1130,1;1,17;1573;24,857;101160,47;444;5,815141184794494
2021T1;14;Córdoba;777622,0;19,08;40,28;23,28;2,5;27,2;16670,0;18312,0;14698,0;45,29;20,21;103,9211;94,96;67,1;64,7;1,72;-0,8;1099,9;1,5522;1739;20,644;102438,8;440;5,278464307138572
2021T2;14;Córdoba;777622,0;19,08;40,28;23,28;2,5;27,2;16670,0;18312,0;14698,0;44,26;23,1;106,7767;100,28;69,14;64,9;1,62;0,07;1107,9;1,5522;2049;18,7408;103357,73;630;5,316856628674265
2021T3;14;Córdoba;777622,0;19,08;40,28;23,28;2,5;27,2;16670,0;18312,0;14698,0;44,35;23,44;106,7996;99,76;71,51;65,2;1,59;0,74;1093,5;1,5522;2015;18,7097;101603,48;996;5,247750449910018
2021T4;14;Córdoba;777622,0;19,08;40,28;23,28;2,5;27,2;16670,0;18312,0;14698,0;47,04;17,46;111,1318;105,01;72,66;65,4;1,54;0,76;1092,5;1,5522;1875;17,1733;98717,66;587;5,2429514097180565
2022T1;14;Córdoba;775110,0;18,96;40,23;23,7;2,5;27,7;17580,0;19340,0;15506,0;46,22;16,84;113,2101;105,46;74,4;65,2;1,6;0,72;1123,5;4,7322;2206;16,1831;95445,9;423;5,112627986348123
2022T2;14;Córdoba;775110,0;18,96;40,23;23,7;2,5;27,7;17580,0;19340,0;15506,0;43,51;20,72;117,3833;114,52;76,2;65,2;1,74;0,98;1116,3;4,7322;2134;17,4789;98330,8;462;5,079863481228669
2022T3;14;Córdoba;775110,0;18,96;40,23;23,7;2,5;27,7;17580,0;19340,0;15506,0;43,13;22,23;118,1597;110,54;77,43;64,6;2,14;0,87;1115,4;4,7322;2060;12,5728;105334,54;494;5,075767918088737
2022T4;14;Córdoba;775110,0;18,96;40,23;23,7;2,5;27,7;17580,0;19340,0;15506,0;44,8;17,88;118,3574;115,01;77,35;63,9;2,87;0,3;1116,3;4,7322;2062;13,8215;99918,62;728;5,079863481228669
2023T1;14;Córdoba;775002,0;18,88;40,23;24,01;2,5;28,2;18668,0;20521,0;16501,0;45,07;18,02;118,6852;112,83;77,52;63,0;3,59;-0,75;1113,6;3,9897;2066;15,6341;105426,1;358;4,77223055496036
2023T2;14;Córdoba;775002,0;18,88;40,23;24,01;2,5;28,2;18668,0;20521,0;16501,0;43,87;22,07;120,6661;116,6;79,63;62,7;3,89;-2,01;1108,8;3,9897;2395;20,8351;104176,99;410;4,751660595671738
2023T3;14;Córdoba;775002,0;18,88;40,23;24,01;2,5;28,2;18668,0;20521,0;16501,0;45,18;18,04;121,6092;112,78;81,93;62,2;4,06;-3,14;1093,8;3,9897;1954;20,0614;106136,99;348;4,6873794728947935
2023T4;14;Córdoba;775002,0;18,88;40,23;24,01;2,5;28,2;18668,0;20521,0;16501,0;47,26;15,5;122,8176;117,61;81,45;61,4;4,03;-3,14;1119,0;3,9897;1653;12,7042;114841,46;405;4,79537175916006
2024T1;14;Córdoba;774313,0;18,88;40,23;24,01;2,5;28,2;19488,0;21460,0;17208,0;48,6;14,67;123,0463;113,32;83,66;61,5;3,69;-2,61;1125,9;3,9131;2262;29,3103;107567,63;603;4,62192118226601
2024T2;14;Córdoba;774313,0;18,88;40,23;24,01;2,5;28,2;19488,0;21460,0;17208,0;46,61;17,54;125,1599;117,41;87,22;63,0;3,55;-1,79;1147,0;3,9131;2393;21,0614;118306,31;650;4,708538587848933
2024T3;14;Córdoba;774313,0;18,88;40,23;24,01;2,5;28,2;19488,0;21460,0;17208,0;47,57;17,08;124,3236;114,16;90,57;63,3;3,45;-0,62;1127,6;3,9131;2449;17,9257;100256,39;567;4,628899835796387
2024T4;14;Córdoba;774313,0;18,88;40,23;24,01;2,5;28,2;19488,0;21460,0;17208,0;49,1;17,18;125,1956;118,19;92,35;64,1;3,17;0,21;1139,6;3,9131;2364;16,2437;117221,3;532;4,67816091954023
2015T1;15;Coruña, A;1127596,0;17,51;41,21;26,87;2,5;28,2;18972,0;21264,0;16379,999999999998;44,12;19,77;98,9485;90,33;61,18;60,7;2,61;-3,78;1179,9;0,05;1443;48,0942;103796,91;348;4,975332068311196
2015T2;15;Coruña, A;1127596,0;17,51;41,21;26,87;2,5;28,2;18972,0;21264,0;16379,999999999998;44,89;17,98;100,7073;93,72;62,64;61,8;2,51;-3,32;1188,9;0,05;1305;43,295;90045,83;304;5,013282732447818
2015T3;15;Coruña, A;1127596,0;17,51;41,21;26,87;2,5;28,2;18972,0;21264,0;16379,999999999998;45,93;16,07;99,8558;90,26;63,15;62,3;2,45;-3,36;1203,1;0,05;1298;44,0678;95543,17;267;5,073160446974489
2015T4;15;Coruña, A;1127596,0;17,51;41,21;26,87;2,5;28,2;18972,0;21264,0;16379,999999999998;45,85;15,81;100,4884;92,91;62,29;63,2;2,43;-3,27;1208,3;0,05;1337;37,6215;99217,43;268;5,0950874973645375
2016T1;15;Coruña, A;1123015,0;16,78;41,36;27,4;2,5;28,4;19360,0;21749,0;16694,0;45,51;16,11;98,0057;88,55;63,2;63,9;2,33;-3,32;1239,1;1,86;1506;31,1421;93046,51;354;5,120247933884298
2016T2;15;Coruña, A;1123015,0;16,78;41,36;27,4;2,5;28,4;19360,0;21749,0;16694,0;46,03;15,64;99,5557;92,68;63,42;63,8;2,32;-3,6;1210,9;1,86;1752;32,1918;96398,05;379;5,003719008264463
2016T3;15;Coruña, A;1123015,0;16,78;41,36;27,4;2,5;28,4;19360,0;21749,0;16694,0;46,74;15,41;99,4812;89,74;63,95;63,8;2,37;-3,16;1221,9;1,86;1422;26,512;96395,44;443;5,049173553719008
2016T4;15;Coruña, A;1123015,0;16,78;41,36;27,4;2,5;28,4;19360,0;21749,0;16694,0;47,21;14,49;101,4795;93,2;63,58;64,2;2,27;-3,1;1210,6;1,86;1342;30,2534;98739,87;498;5,002479338842975
2017T1;15;Coruña, A;1120302,0;16,16;41,45;27,87;2,5;28,5;19539,0;21824,0;16984,0;46,14;15,44;101,0735;90,09;64,03;64,8;2,24;-2,96;1216,9;3,79;1543;23,9793;100757,65;350;4,982445365678899
2017T2;15;Coruña, A;1120302,0;16,16;41,45;27,87;2,5;28,5;19539,0;21824,0;16984,0;47,02;14,42;101,7881;93,77;64,03;65,0;2,17;-2,83;1225,9;3,79;1599;22,0138;96067,43;748;5,019294743845642
2017T3;15;Coruña, A;1120302,0;16,16;41,45;27,87;2,5;28,5;19539,0;21824,0;16984,0;47,78;13,32;101,3008;91,13;65,05;64,9;2,22;-2,84;1231,5;3,79;1589;23,411;99275,16;484;5,04222324581606
2017T4;15;Coruña, A;1120302,0;16,16;41,45;27,87;2,5;28,5;19539,0;21824,0;16984,0;47,19;13,47;103,0125;94,8;65,41;65,6;2,15;-2,79;1217,0;3,79;1633;21,0043;103278,83;400;4,982854803214084
2018T1;15;Coruña, A;1120074,0;15,7;41,31;28,44;2,5;28,7;20385,0;22794,0;17728,0;46,79;13,88;101,946;91,97;66,08;65,5;2,23;-2,6;1221,9;5,34;1683;20,7368;94557,87;473;4,795290654893304
2018T2;15;Coruña, A;1120074,0;15,7;41,31;28,44;2,5;28,7;20385,0;22794,0;17728,0;47,7;13,44;103,64;95,37;66,53;64,9;2,2;-2,19;1224,4;5,34;1883;19,9681;99779,71;660;4,805101790532254
2018T3;15;Coruña, A;1120074,0;15,7;41,31;28,44;2,5;28,7;20385,0;22794,0;17728,0;49,18;10,9;103,5079;92,55;67,7;65,9;2,17;-1,81;1197,6;5,34;1877;18,9664;101305,15;385;4,699926416482708
2018T4;15;Coruña, A;1120074,0;15,7;41,31;28,44;2,5;28,7;20385,0;22794,0;17728,0;48,68;10,7;104,5972;96,51;68,07;66,5;2,26;-1,57;1225,4;5,34;1809;19,5688;107426,54;497;4,809026244787834
2019T1;15;Coruña, A;1120432,0;15,44;41,16;28,88;2,5;29,0;21208,0;23635,0;18559,0;49,1;10,11;102,9825;92,79;68,43;64,6;2,37;-1,25;1224,0;6,01;2087;21,1787;99972,54;567;4,617125612976236
2019T2;15;Coruña, A;1120432,0;15,44;41,16;28,88;2,5;29,0;21208,0;23635,0;18559,0;49,37;9,89;104,4728;96,07;69,76;65,5;2,35;-1,14;1242,3;6,01;2186;19,8536;103278,54;484;4,6861561674839685
2019T3;15;Coruña, A;1120432,0;15,44;41,16;28,88;2,5;29,0;21208,0;23635,0;18559,0;49,3;10,52;103,6865;93,19;70,24;64,7;2,15;-1,19;1228,6;6,01;1862;21,0526;99113,71;592;4,634477555639381
2019T4;15;Coruña, A;1120432,0;15,44;41,16;28,88;2,5;29,0;21208,0;23635,0;18559,0;49,12;10,29;104,8517;96,93;70,74;63,0;1,99;-1,08;1246,9;6,01;1925;20,2078;102411,05;744;4,703508110147114
2020T1;15;Coruña, A;1121994,0;15,23;40,93;29,4;2,5;29,3;21172,0;23400,0;18744,0;47,79;11,46;103,4838;92,62;70,67;63,8;2,03;-1,14;1235,9;2,65;1895;21,5303;101512,6;569;4,669941432080106
2020T2;15;Coruña, A;1121994,0;15,23;40,93;29,4;2,5;29,3;21172,0;23400,0;18744,0;46,39;10,85;103,7678;93,31;71,62;64,2;1,91;-1,64;1235,9;2,65;1258;19,4754;100398,62;471;4,669941432080106
2020T3;15;Coruña, A;1121994,0;15,23;40,93;29,4;2,5;29,3;21172,0;23400,0;18744,0;47,01;10,99;103,3216;92,71;71,59;63,6;1,94;-1,62;1248,5;2,65;1617;20,9647;107627,5;427;4,717551483090875
2020T4;15;Coruña, A;1121994,0;15,23;40,93;29,4;2,5;29,3;21172,0;23400,0;18744,0;46,83;11,63;104,3229;97,76;71,56;65,2;1,8;-1,19;1256,9;2,65;2248;24,4217;113303,73;376;4,749291517098054
2021T1;15;Coruña, A;1120501,0;15,05;40,73;29,89;2,4;29,8;22000,0;24240,0;19585,0;45,57;12,54;104,4253;94,96;72,26;64,7;1,72;-0,8;1261,1;3,9705;2270;28,326;114037,62;229;4,585818181818182
2021T2;15;Coruña, A;1120501,0;15,05;40,73;29,89;2,4;29,8;22000,0;24240,0;19585,0;46,79;11,18;106,7548;100,28;74,12;64,9;1,62;0,07;1256,0;3,9705;2127;23,7894;108717,5;317;4,567272727272727
2021T3;15;Coruña, A;1120501,0;15,05;40,73;29,89;2,4;29,8;22000,0;24240,0;19585,0;48,56;8,34;107,1908;99,76;75,73;65,2;1,59;0,74;1275,0;3,9705;2486;23,3307;109452,08;485;4,636363636363637
2021T4;15;Coruña, A;1120501,0;15,05;40,73;29,89;2,4;29,8;22000,0;24240,0;19585,0;47,57;10,34;110,4402;105,01;76,45;65,4;1,54;0,76;1267,9;3,9705;2437;24,2511;112198,16;468;4,610545454545455
2022T1;15;Coruña, A;1119164,0;14,99;40,41;30,41;2,4;30,4;23456,0;25930,0;20823,0;47,66;9,87;112,8374;105,46;78,25;65,2;1,6;0,72;1271,7;10,23;2593;23,1007;116771,91;268;4,33731241473397
2022T2;15;Coruña, A;1119164,0;14,99;40,41;30,41;2,4;30,4;23456,0;25930,0;20823,0;47,8;10,97;116,6461;114,52;79,81;65,2;1,74;0,98;1300,1;10,23;2535;19,645;116921,74;194;4,434174624829468
2022T3;15;Coruña, A;1119164,0;14,99;40,41;30,41;2,4;30,4;23456,0;25930,0;20823,0;49,04;9,51;117,8468;110,54;80,34;64,6;2,14;0,87;1313,6;10,23;2767;20,6361;114865,09;395;4,4802182810368345
2022T4;15;Coruña, A;1119164,0;14,99;40,41;30,41;2,4;30,4;23456,0;25930,0;20823,0;47,58;10,05;117,8464;115,01;79,87;63,9;2,87;0,3;1308,0;10,23;2479;22,8318;118640,66;783;4,461118690313779
2023T1;15;Coruña, A;1123884,0;15,12;40,22;30,58;2,4;30,8;24840,0;27407,0;22126,0;47,44;10,65;118,4366;112,83;80,88;63,0;3,59;-0,75;1334,7;8,9822;2388;21,943;119550,0;744;4,298550724637681
2023T2;15;Coruña, A;1123884,0;15,12;40,22;30,58;2,4;30,8;24840,0;27407,0;22126,0;48,52;8,93;120,1144;116,6;82,3;62,7;3,89;-2,01;1344,1;8,9822;2258;21,1692;123134,0;662;4,328824476650564
2023T3;15;Coruña, A;1123884,0;15,12;40,22;30,58;2,4;30,8;24840,0;27407,0;22126,0;49,24;8,39;121,3049;112,78;84,0;62,2;4,06;-3,14;1347,0;8,9822;2336;23,8442;117662,6;460;4,338164251207729
2023T4;15;Coruña, A;1123884,0;15,12;40,22;30,58;2,4;30,8;24840,0;27407,0;22126,0;48,76;8,44;121,9624;117,61;82,61;61,4;4,03;-3,14;1360,1;8,9822;2188;24,1773;110685,16;449;4,380354267310789
2024T1;15;Coruña, A;1128449,0;15,12;40,22;30,58;2,4;30,8;25959,0;28559,0;23233,0;48,74;9,15;122,534;113,32;85,01;61,5;3,69;-2,61;1386,7;11,5964;2568;21,3785;115299,72;535;4,273508224507878
2024T2;15;Coruña, A;1128449,0;15,12;40,22;30,58;2,4;30,8;25959,0;28559,0;23233,0;48,77;7,74;124,6441;117,41;87,83;63,0;3,55;-1,79;1398,6;11,5964;2305;23,4707;120404,69;1066;4,310181439963019
2024T3;15;Coruña, A;1128449,0;15,12;40,22;30,58;2,4;30,8;25959,0;28559,0;23233,0;49,12;7,77;124,1644;114,16;90,17;63,3;3,45;-0,62;1445,3;11,5964;3016;26,6578;126486,16;705;4,454100697253361
2024T4;15;Coruña, A;1128449,0;15,12;40,22;30,58;2,4;30,8;25959,0;28559,0;23233,0;48,88;7,26;124,7597;118,19;91,32;64,1;3,17;0,21;1448,8;11,5964;3172;25,5359;125020,07;934;4,464886937093109
2015T1;16;Cuenca;205664,0;19,77;37,16;27,23;2,5;32,0;14766,0;15699,0;13555,0;39,78;25,82;98,8653;90,33;69,07;60,7;2,61;-3,78;782,7;-0,2;238;12,1849;74524,39;87;4,240552620885818
2015T2;16;Cuenca;205664,0;19,77;37,16;27,23;2,5;32,0;14766,0;15699,0;13555,0;40,54;23,82;100,9879;93,72;70,51;61,8;2,51;-3,32;805,6;-0,2;227;8,8106;72411,39;86;4,364621427603955
2015T3;16;Cuenca;205664,0;19,77;37,16;27,23;2,5;32,0;14766,0;15699,0;13555,0;41,12;22,04;99,6073;90,26;70,16;62,3;2,45;-3,36;795,9;-0,2;254;9,0551;70893,85;89;4,312068264932954
2015T4;16;Cuenca;205664,0;19,77;37,16;27,23;2,5;32,0;14766,0;15699,0;13555,0;43,77;18,78;100,5396;92,91;70,38;63,2;2,43;-3,27;825,6;-0,2;210;2,8571;70487,8;87;4,4729784640390085
2016T1;16;Cuenca;202864,0;19,21;37,55;27,49;2,5;32,2;14886,0;15872,0;13616,0;44,88;19,79;97,8698;88,55;70,09;63,9;2,33;-3,32;800,3;0,81;262;10,3053;78852,63;113;4,3009539164315465
2016T2;16;Cuenca;202864,0;19,21;37,55;27,49;2,5;32,2;14886,0;15872,0;13616,0;44,64;19,19;99,7281;92,68;70,92;63,8;2,32;-3,6;820,4;0,81;292;8,2192;65895,24;116;4,408974875722155
2016T3;16;Cuenca;202864,0;19,21;37,55;27,49;2,5;32,2;14886,0;15872,0;13616,0;46,99;18,93;99,1774;89,74;71,06;63,8;2,37;-3,16;794,0;0,81;226;3,9823;82503,07;87;4,267096600832997
2016T4;16;Cuenca;202864,0;19,21;37,55;27,49;2,5;32,2;14886,0;15872,0;13616,0;48,32;14,15;101,3264;93,2;70,38;64,2;2,27;-3,1;777,8;0,81;245;4,0816;77593,02;95;4,180034932151014
2017T1;16;Cuenca;200531,0;18,75;37,78;27,75;2,5;32,2;15383,0;16458,0;14016,0;47,08;17,1;100,879;90,09;71,22;64,8;2,24;-2,96;799,3;2,34;299;7,3579;76668,27;82;4,156796463628681
2017T2;16;Cuenca;200531,0;18,75;37,78;27,75;2,5;32,2;15383,0;16458,0;14016,0;46,16;15,73;101,4984;93,77;71,46;65,0;2,17;-2,83;801,2;2,34;356;5,0562;73726,87;89;4,166677501137619
2017T3;16;Cuenca;200531,0;18,75;37,78;27,75;2,5;32,2;15383,0;16458,0;14016,0;46,89;13,6;100,7291;91,13;71,19;64,9;2,22;-2,84;798,4;2,34;416;5,0481;81262,91;96;4,152115972177079
2017T4;16;Cuenca;200531,0;18,75;37,78;27,75;2,5;32,2;15383,0;16458,0;14016,0;46,22;17,18;102,8602;94,8;70,68;65,6;2,15;-2,79;786,6;2,34;340;11,1765;77166,67;91;4,090749528700513
2018T1;16;Cuenca;198922,0;18,53;37,9;27,99;2,4;32,6;15982,0;17108,0;14569,0;45,79;15,21;101,7751;91,97;71,69;65,5;2,23;-2,6;766,7;5,44;369;4,878;75800,0;91;3,83781754473783
2018T2;16;Cuenca;198922,0;18,53;37,9;27,99;2,4;32,6;15982,0;17108,0;14569,0;45,73;16,2;103,7145;95,37;72,51;64,9;2,2;-2,19;788,5;5,44;326;6,135;72202,97;134;3,946940307846327
2018T3;16;Cuenca;198922,0;18,53;37,9;27,99;2,4;32,6;15982,0;17108,0;14569,0;45,8;16,5;103,4135;92,55;73,47;65,9;2,17;-1,81;763,9;5,44;380;19,4737;77737,56;101;3,823801776999124
2018T4;16;Cuenca;198922,0;18,53;37,9;27,99;2,4;32,6;15982,0;17108,0;14569,0;49,48;13,69;104,7655;96,51;73,58;66,5;2,26;-1,57;790,5;5,44;320;9,375;80269,43;104;3,956951570516831
2019T1;16;Cuenca;197617,0;18,36;38,03;28,25;2,4;32,7;16803,0;17994,0;15322,0;50,0;10,81;102,7411;92,79;74,65;64,6;2,37;-1,25;776,0;8,59;420;7,381;74596,64;96;3,694578349104327
2019T2;16;Cuenca;197617,0;18,36;38,03;28,25;2,4;32,7;16803,0;17994,0;15322,0;48,89;12,91;104,6908;96,07;75,33;65,5;2,35;-1,14;761,8;8,59;343;10,7872;72211,71;128;3,626971374159376
2019T3;16;Cuenca;197617,0;18,36;38,03;28,25;2,4;32,7;16803,0;17994,0;15322,0;48,79;13,93;103,8344;93,19;75,74;64,7;2,15;-1,19;781,5;8,59;367;5,1771;77796,02;87;3,720764149259061
2019T4;16;Cuenca;197617,0;18,36;38,03;28,25;2,4;32,7;16803,0;17994,0;15322,0;47,9;14,61;105,5958;96,93;75,8;63,0;1,99;-1,08;779,4;8,59;379;6,0686;72472,64;101;3,710765934654526
2020T1;16;Cuenca;197537,0;18,33;38,15;28,24;2,4;33,0;17194,0;18202,0;15948,0;45,92;17,01;103,8963;92,62;75,41;63,8;2,03;-1,14;752,0;3,56;407;6,6339;73922,51;74;3,4988949633593114
2020T2;16;Cuenca;197537,0;18,33;38,15;28,24;2,4;33,0;17194,0;18202,0;15948,0;44,26;15,96;103,4942;93,31;76,5;64,2;1,91;-1,64;753,3;3,56;177;6,7797;78933,82;93;3,504943584971502
2020T3;16;Cuenca;197537,0;18,33;38,15;28,24;2,4;33,0;17194,0;18202,0;15948,0;45,34;16,91;102,9875;92,71;76,79;63,6;1,94;-1,62;774,5;3,56;365;6,0274;71427,18;110;3,603582645108759
2020T4;16;Cuenca;197537,0;18,33;38,15;28,24;2,4;33,0;17194,0;18202,0;15948,0;47,87;12,73;104,3377;97,76;76,7;65,2;1,8;-1,19;773,8;3,56;411;4,1363;77584,75;141;3,600325695009887
2021T1;16;Cuenca;196510,0;18,39;38,61;27,9;2,4;33,4;17893,0;19072,0;16463,0;45,75;13,89;104,4116;94,96;75,62;64,7;1,72;-0,8;762,4;5,2211;431;8,3527;82497,91;145;3,4087073157100543
2021T2;16;Cuenca;196510,0;18,39;38,61;27,9;2,4;33,4;17893,0;19072,0;16463,0;46,48;13,4;106,9269;100,28;78,32;64,9;1,62;0,07;786,7;5,2211;429;9,5571;74042,4;155;3,517353154865031
2021T3;16;Cuenca;196510,0;18,39;38,61;27,9;2,4;33,4;17893,0;19072,0;16463,0;49,43;11,72;107,148;99,76;79,09;65,2;1,59;0,74;766,1;5,2211;520;6,9231;83079,04;192;3,4252500978036102
2021T4;16;Cuenca;196510,0;18,39;38,61;27,9;2,4;33,4;17893,0;19072,0;16463,0;50,45;9,42;111,4657;105,01;79,77;65,4;1,54;0,76;794,6;5,2211;477;7,7568;80297,4;243;3,552674230145867
2022T1;16;Cuenca;196640,0;18,39;38,56;28,11;2,4;33,5;18728,0;19941,0;17283,0;48,4;10,57;114,0745;105,46;81,01;65,2;1,6;0,72;772,2;15,6784;576;10,7639;81409,52;154;3,29859034600598
2022T2;16;Cuenca;196640,0;18,39;38,56;28,11;2,4;33,5;18728,0;19941,0;17283,0;50,17;10,68;119,0057;114,52;83,04;65,2;1,74;0,98;795,0;15,6784;515;5,0485;78217,25;291;3,395984621956429
2022T3;16;Cuenca;196640,0;18,39;38,56;28,11;2,4;33,5;18728,0;19941,0;17283,0;51,1;9,15;120,1442;110,54;84,29;64,6;2,14;0,87;793,2;15,6784;482;6,2241;81975,35;119;3,388295600170867
2022T4;16;Cuenca;196640,0;18,39;38,56;28,11;2,4;33,5;18728,0;19941,0;17283,0;49,97;8,03;120,0861;115,01;82,98;63,9;2,87;0,3;769,2;15,6784;445;2,2472;87705,61;147;3,2857753096967106
2023T1;16;Cuenca;198436,0;18,43;38,62;28,1;2,4;33,8;19700,0;21015,0;18141,0;47,18;12,12;120,3846;112,83;82,32;63,0;3,59;-0,75;747,1;12,7648;507;6,3116;80398,44;243;3,0339086294416244
2023T2;16;Cuenca;198436,0;18,43;38,62;28,1;2,4;33,8;19700,0;21015,0;18141,0;48,67;12,21;121,7084;116,6;84,69;62,7;3,89;-2,01;773,2;12,7648;463;4,5356;78762,11;103;3,1398984771573604
2023T3;16;Cuenca;198436,0;18,43;38,62;28,1;2,4;33,8;19700,0;21015,0;18141,0;51,04;10,0;122,9882;112,78;85,16;62,2;4,06;-3,14;781,5;12,7648;456;4,8246;76758,47;150;3,1736040609137057
2023T4;16;Cuenca;198436,0;18,43;38,62;28,1;2,4;33,8;19700,0;21015,0;18141,0;49,99;11,3;123,6252;117,61;84,71;61,4;4,03;-3,14;779,1;12,7648;472;6,1441;76853,98;96;3,1638578680203047
2024T1;16;Cuenca;199025,0;18,43;38,62;28,1;2,4;33,8;20472,0;21824,0;18871,0;50,08;14,74;124,1878;113,32;86,38;61,5;3,69;-2,61;776,7;12,7421;429;3,2634;87670,33;302;3,0351699882766705
2024T2;16;Cuenca;199025,0;18,43;38,62;28,1;2,4;33,8;20472,0;21824,0;18871,0;50,63;11,33;125,7025;117,41;89,16;63,0;3,55;-1,79;771,1;12,7421;524;3,0534;91547,1;250;3,013286440015631
2024T3;16;Cuenca;199025,0;18,43;38,62;28,1;2,4;33,8;20472,0;21824,0;18871,0;52,28;9,62;125,1074;114,16;91,03;63,3;3,45;-0,62;798,5;12,7421;549;11,4754;110938,39;107;3,120359515435717
2024T4;16;Cuenca;199025,0;18,43;38,62;28,1;2,4;33,8;20472,0;21824,0;18871,0;51,87;6,29;125,9612;118,19;92,05;64,1;3,17;0,21;809,0;12,7421;731;23,2558;103134,62;116;3,161391168425166
2015T1;17;Girona;743431,0;19,55;41,04;19,95;2,6;27,4;17913,0;19646,0;15943,0;50,17;21,9;98,9024;90,33;50,9;60,7;2,61;-3,78;1422,9;0,53;1982;18,9707;105787,23;403;6,354714453190421
2015T2;17;Girona;743431,0;19,55;41,04;19,95;2,6;27,4;17913,0;19646,0;15943,0;51,39;19,21;100,7178;93,72;53,67;61,8;2,51;-3,32;1452,2;0,53;1782;15,4321;106319,22;341;6,485569139730922
2015T3;17;Girona;743431,0;19,55;41,04;19,95;2,6;27,4;17913,0;19646,0;15943,0;52,04;18,05;100,0312;90,26;54,15;62,3;2,45;-3,36;1461,4;0,53;1960;14,949;108301,35;338;6,526656618098587
2015T4;17;Girona;743431,0;19,55;41,04;19,95;2,6;27,4;17913,0;19646,0;15943,0;50,07;19,73;100,3486;92,91;54,38;63,2;2,43;-3,27;1492,4;0,53;1888;13,6123;109557,41;404;6,665103556076592
2016T1;17;Girona;745797,0;19,0;41,25;20,26;2,6;27,3;18154,0;19926,0;16140,0;51,2;17,49;98,3032;88,55;55,27;63,9;2,33;-3,32;1471,2;2,6;2310;11,6883;110185,49;420;6,48319929492123
2016T2;17;Girona;745797,0;19,0;41,25;20,26;2,6;27,3;18154,0;19926,0;16140,0;51,83;16,95;99,8271;92,68;56,63;63,8;2,32;-3,6;1465,5;2,6;2216;14,0794;108751,17;502;6,458080863721494
2016T3;17;Girona;745797,0;19,0;41,25;20,26;2,6;27,3;18154,0;19926,0;16140,0;54,22;14,61;99,9145;89,74;57,74;63,8;2,37;-3,16;1457,9;2,6;2383;14,3517;115867,84;395;6,424589622121847
2016T4;17;Girona;745797,0;19,0;41,25;20,26;2,6;27,3;18154,0;19926,0;16140,0;52,25;15,51;101,5245;93,2;58,42;64,2;2,27;-3,1;1492,7;2,6;2092;15,4876;121212,93;496;6,577944254709706
2017T1;17;Girona;750468,0;18,65;41,33;20,57;2,6;27,3;18539,0;20371,0;16458,0;50,81;17,03;101,5084;90,09;60,12;64,8;2,24;-2,96;1509,6;3,85;2650;15,0189;125898,17;485;6,514267220454178
2017T2;17;Girona;750468,0;18,65;41,33;20,57;2,6;27,3;18539,0;20371,0;16458,0;54,53;13,13;102,1938;93,77;61,89;65,0;2,17;-2,83;1493,2;3,85;2676;14,7982;119770,86;564;6,443497491774098
2017T3;17;Girona;750468,0;18,65;41,33;20,57;2,6;27,3;18539,0;20371,0;16458,0;56,23;12,08;102,0741;91,13;63,48;64,9;2,22;-2,84;1504,0;3,85;2700;16,5926;120637,41;240;6,4901019472463455
2017T4;17;Girona;750468,0;18,65;41,33;20,57;2,6;27,3;18539,0;20371,0;16458,0;53,5;13,61;103,4151;94,8;64,39;65,6;2,15;-2,79;1523,6;3,85;2327;14,4392;120958,51;81;6,574680403473758
2018T1;17;Girona;756522,0;18,53;41,21;20,83;2,6;27,5;19173,0;21045,0;17059,0;51,96;14,05;102,8388;91,97;65,27;65,5;2,23;-2,6;1518,0;8,89;2770;18,1227;122216,44;130;6,333907056798623
2018T2;17;Girona;756522,0;18,53;41,21;20,83;2,6;27,5;19173,0;21045,0;17059,0;55,81;11,8;104,4518;95,37;67,66;64,9;2,2;-2,19;1492,4;8,89;2604;17,6651;126769,76;108;6,227090178897408
2018T3;17;Girona;756522,0;18,53;41,21;20,83;2,6;27,5;19173,0;21045,0;17059,0;57,92;8,94;104,6292;92,55;69,24;65,9;2,17;-1,81;1483,1;8,89;2721;16,1338;122595,11;274;6,188285609972357
2018T4;17;Girona;756522,0;18,53;41,21;20,83;2,6;27,5;19173,0;21045,0;17059,0;55,47;10,8;105,4007;96,51;69,63;66,5;2,26;-1,57;1533,2;8,89;2666;14,7787;127058,86;668;6,39732957805247
2019T1;17;Girona;765476,0;18,63;41,14;20,95;2,6;27,5;19839,0;21711,0;17726,0;54,04;13,39;103,8768;92,79;70,24;64,6;2,37;-1,25;1533,2;11,56;2877;14,5985;131328,11;609;6,182569685972076
2019T2;17;Girona;765476,0;18,63;41,14;20,95;2,6;27,5;19839,0;21711,0;17726,0;56,62;10,46;105,4109;96,07;71,17;65,5;2,35;-1,14;1525,3;11,56;2811;14,8346;126239,81;609;6,150713241594838
2019T3;17;Girona;765476,0;18,63;41,14;20,95;2,6;27,5;19839,0;21711,0;17726,0;58,55;8,01;104,9789;93,19;72,47;64,7;2,15;-1,19;1522,3;11,56;2704;15,6065;110153,95;641;6,138615857654115
2019T4;17;Girona;765476,0;18,63;41,14;20,95;2,6;27,5;19839,0;21711,0;17726,0;56,7;9,47;105,8963;96,93;71,98;63,0;1,99;-1,08;1550,6;11,56;2514;17,0644;128948,46;464;6,252734512828267
2020T1;17;Girona;776698,0;18,8;40,99;21,09;2,6;27,7;19614,0;21384,0;17601,0;55,23;10,77;104,6372;92,62;72,46;63,8;2,03;-1,14;1548,1;4,89;2783;14,8401;130015,1;582;6,314265320689303
2020T2;17;Girona;776698,0;18,8;40,99;21,09;2,6;27,7;19614,0;21384,0;17601,0;51,41;14,58;104,0198;93,31;72,82;64,2;1,91;-1,64;1500,7;4,89;1550;16,0;133161,89;418;6,120934026715611
2020T3;17;Girona;776698,0;18,8;40,99;21,09;2,6;27,7;19614,0;21384,0;17601,0;54,49;11,73;103,8356;92,71;73,73;63,6;1,94;-1,62;1536,1;4,89;2296;15,3746;144790,05;374;6,265320689303559
2020T4;17;Girona;776698,0;18,8;40,99;21,09;2,6;27,7;19614,0;21384,0;17601,0;52,75;13,33;104,3847;97,76;72,7;65,2;1,8;-1,19;1534,9;4,89;2609;16,9414;142417,49;651;6,260426226164984
2021T1;17;Girona;784941,0;18,78;41,05;21,26;2,6;28,0;20691,0;22527,0;18619,0;51,91;15,0;104,9479;94,96;73,35;64,7;1,72;-0,8;1527,8;3,3862;2948;15,9769;140471,94;811;5,907109371224204
2021T2;17;Girona;784941,0;18,78;41,05;21,26;2,6;28,0;20691,0;22527,0;18619,0;53,65;14,49;107,0536;100,28;75,19;64,9;1,62;0,07;1580,7;3,3862;2760;16,0507;133265,89;737;6,11164274322169
2021T3;17;Girona;784941,0;18,78;41,05;21,26;2,6;28,0;20691,0;22527,0;18619,0;56,31;11,21;107,6163;99,76;76,15;65,2;1,59;0,74;1584,8;3,3862;3484;16,6188;149277,03;810;6,1274950461553335
2021T4;17;Girona;784941,0;18,78;41,05;21,26;2,6;28,0;20691,0;22527,0;18619,0;55,42;11,2;110,9828;105,01;77,11;65,4;1,54;0,76;1639,4;3,3862;3340;17,6048;139430,95;741;6,338601324247257
2022T1;17;Girona;790432,0;18,83;40,9;21,6;2,6;28,1;21836,0;23726,0;19717,0;55,34;10,52;113,7488;105,46;79,0;65,2;1,6;0,72;1689,6;21,8159;3586;18,2655;145498,79;730;6,190144715149295
2022T2;17;Girona;790432,0;18,83;40,9;21,6;2,6;28,1;21836,0;23726,0;19717,0;58,4;8,65;117,5638;114,52;80,61;65,2;1,74;0,98;1686,0;21,8159;3676;16,7301;147125,16;666;6,176955486352812
2022T3;17;Girona;790432,0;18,83;40,9;21,6;2,6;28,1;21836,0;23726,0;19717,0;57,87;7,68;119,2434;110,54;82,34;64,6;2,14;0,87;1667,4;21,8159;4105;16,0536;143042,88;514;6,108811137570983
2022T4;17;Girona;790432,0;18,83;40,9;21,6;2,6;28,1;21836,0;23726,0;19717,0;56,38;8,98;118,6014;115,01;81,32;63,9;2,87;0,3;1671,4;21,8159;3638;16,1902;156153,37;659;6,123465836233742
2023T1;17;Girona;808672,0;19,22;40,67;21,63;2,6;28,2;22947,0;24831,0;20839,0;54,07;11,53;119,3848;112,83;81,76;63,0;3,59;-0,75;1724,9;14,5547;3866;16,3218;152784,04;805;6,013509391205822
2023T2;17;Girona;808672,0;19,22;40,67;21,63;2,6;28,2;22947,0;24831,0;20839,0;55,12;9,73;120,7274;116,6;83,19;62,7;3,89;-2,01;1751,5;14,5547;3621;16,0729;138461,86;697;6,106244825031594
2023T3;17;Girona;808672,0;19,22;40,67;21,63;2,6;28,2;22947,0;24831,0;20839,0;56,75;9,28;122,0803;112,78;85,45;62,2;4,06;-3,14;1762,8;14,5547;3183;16,4625;141529,06;986;6,145639952935024
2023T4;17;Girona;808672,0;19,22;40,67;21,63;2,6;28,2;22947,0;24831,0;20839,0;53,85;9,29;122,2412;117,61;84,19;61,4;4,03;-3,14;1775,9;14,5547;3037;17,7149;144439,45;721;6,191310410946965
2024T1;17;Girona;821108,0;19,22;40,67;21,63;2,6;28,2;24017,0;25911,0;21898,0;53,42;12,47;122,8641;113,32;86,34;61,5;3,69;-2,61;1800,8;11,2714;3443;18,0366;151572,41;1033;5,998417787400591
2024T2;17;Girona;821108,0;19,22;40,67;21,63;2,6;28,2;24017,0;25911,0;21898,0;55,87;10,05;124,6702;117,41;88,74;63,0;3,55;-1,79;1833,6;11,2714;3122;23,3824;141094,76;687;6,107673731107132
2024T3;17;Girona;821108,0;19,22;40,67;21,63;2,6;28,2;24017,0;25911,0;21898,0;56,74;7,63;124,5111;114,16;91,22;63,3;3,45;-0,62;1828,1;11,2714;3578;22,7501;150292,26;843;6,089353374692926
2024T4;17;Girona;821108,0;19,22;40,67;21,63;2,6;28,2;24017,0;25911,0;21898,0;55,52;7,72;125,0984;118,19;92,96;64,1;3,17;0,21;1886,9;11,2714;3462;20,7395;155590,82;640;6,2852146396302615
2015T1;18;Granada;917546,0;21,38;40,23;19,36;2,6;29,3;14794,0;16152,999999999998;13192,0;38,86;34,1;98,8936;90,33;53,94;60,7;2,61;-3,78;1065,1;-0,68;1768;35,7466;82651,6;307;5,759632283358118
2015T2;18;Granada;917546,0;21,38;40,23;19,36;2,6;29,3;14794,0;16152,999999999998;13192,0;40,33;31,12;100,9599;93,72;56,15;61,8;2,51;-3,32;1072,9;-0,68;1675;25,5522;78468,44;270;5,801811545221035
2015T3;18;Granada;917546,0;21,38;40,23;19,36;2,6;29,3;14794,0;16152,999999999998;13192,0;40,76;29,73;99,7439;90,26;56,78;62,3;2,45;-3,36;1059,9;-0,68;1832;25,5459;83790,8;414;5,731512775449507
2015T4;18;Granada;917546,0;21,38;40,23;19,36;2,6;29,3;14794,0;16152,999999999998;13192,0;41,44;28,82;100,4025;92,91;56,39;63,2;2,43;-3,27;1076,9;-0,68;1654;24,4256;80377,22;343;5,823441935919967
2016T1;18;Granada;915706,0;20,82;40,66;19,61;2,5;29,6;15008,0;16346,0;13441,0;41,14;29,65;98,1695;88,55;56,88;63,9;2,33;-3,32;1082,3;0,76;1897;19,5045;83609,84;280;5,769189765458422
2016T2;18;Granada;915706,0;20,82;40,66;19,61;2,5;29,6;15008,0;16346,0;13441,0;40,56;32,14;100,0406;92,68;57,6;63,8;2,32;-3,6;1082,3;0,76;1967;20,0813;83086,51;366;5,769189765458422
2016T3;18;Granada;915706,0;20,82;40,66;19,61;2,5;29,6;15008,0;16346,0;13441,0;41,19;29,07;99,5154;89,74;57,55;63,8;2,37;-3,16;1070,1;0,76;1912;18,4623;86387,69;258;5,704157782515991
2016T4;18;Granada;915706,0;20,82;40,66;19,61;2,5;29,6;15008,0;16346,0;13441,0;41,49;28,89;101,2384;93,2;57,57;64,2;2,27;-3,1;1089,9;0,76;1669;17,0761;82792,75;342;5,809701492537314
2017T1;18;Granada;914780,0;20,32;40,95;19,96;2,5;29,6;15195,0;16569,0;13596,0;43,56;25,66;100,5147;90,09;58,08;64,8;2,24;-2,96;1050,7;2,22;2183;17,453;91760,15;618;5,531819677525502
2017T2;18;Granada;914780,0;20,32;40,95;19,96;2,5;29,6;15195,0;16569,0;13596,0;44,17;24,61;101,69;93,77;58,98;65,0;2,17;-2,83;1083,9;2,22;2387;19,2292;87744,25;581;5,706614017769003
2017T3;18;Granada;914780,0;20,32;40,95;19,96;2,5;29,6;15195,0;16569,0;13596,0;42,56;26,95;100,9925;91,13;59,67;64,9;2,22;-2,84;1054,6;2,22;2330;18,1116;86653,15;367;5,552352747614346
2017T4;18;Granada;914780,0;20,32;40,95;19,96;2,5;29,6;15195,0;16569,0;13596,0;42,59;25,87;102,903;94,8;60,15;65,6;2,15;-2,79;1084,4;2,22;2271;19,6389;85829,22;347;5,709246462652188
2018T1;18;Granada;915140,0;20,01;41,11;20,29;2,5;30,0;15714,0;17113,0;14094,0;43,03;25,21;101,7471;91,97;60,44;65,5;2,23;-2,6;1094,0;4,25;2580;20,8915;94435,97;330;5,569555810105638
2018T2;18;Granada;915140,0;20,01;41,11;20,29;2,5;30,0;15714,0;17113,0;14094,0;42,93;23,81;103,8058;95,37;61,78;64,9;2,2;-2,19;1094,6;4,25;2643;15,0586;88123,85;407;5,572610411098384
2018T3;18;Granada;915140,0;20,01;41,11;20,29;2,5;30,0;15714,0;17113,0;14094,0;43,62;24,53;103,507;92,55;62,89;65,9;2,17;-1,81;1100,5;4,25;2667;17,4353;94365,35;492;5,602647320860379
2018T4;18;Granada;915140,0;20,01;41,11;20,29;2,5;30,0;15714,0;17113,0;14094,0;43,42;22,44;104,7234;96,51;63,54;66,5;2,26;-1,57;1124,4;4,25;2380;18,5294;93311,39;363;5,724322260404735
2019T1;18;Granada;916879,0;19,82;41,22;20,62;2,5;30,1;16585,0;17991,0;14947,0;43,63;21,67;102,845;92,79;64,02;64,6;2,37;-1,25;1119,7;6,56;2727;17,1617;96545,7;405;5,401025022610793
2019T2;18;Granada;916879,0;19,82;41,22;20,62;2,5;30,1;16585,0;17991,0;14947,0;43,44;24,0;104,5892;96,07;65,22;65,5;2,35;-1,14;1126,8;6,56;2750;21,4909;88584,8;430;5,435272836900814
2019T3;18;Granada;916879,0;19,82;41,22;20,62;2,5;30,1;16585,0;17991,0;14947,0;42,98;23,49;103,5764;93,19;66,6;64,7;2,15;-1,19;1116,3;6,56;2545;20,1965;94616,71;610;5,3846246608381065
2019T4;18;Granada;916879,0;19,82;41,22;20,62;2,5;30,1;16585,0;17991,0;14947,0;44,61;19,68;104,8787;96,93;66,17;63,0;1,99;-1,08;1114,7;6,56;2375;20,3368;92965,85;723;5,376906843533313
2020T1;18;Granada;921966,0;19,68;41,28;20,92;2,5;30,3;16610,0;17850,0;15156,0;43,8;19,08;103,3157;92,62;66,67;63,8;2,03;-1,14;1108,2;5,06;2598;19,1686;96975,93;333;5,337507525586996
2020T2;18;Granada;921966,0;19,68;41,28;20,92;2,5;30,3;16610,0;17850,0;15156,0;38,85;25,24;103,879;93,31;66,76;64,2;1,91;-1,64;1101,4;5,06;1462;19,015;90728,47;487;5,304756170981337
2020T3;18;Granada;921966,0;19,68;41,28;20,92;2,5;30,3;16610,0;17850,0;15156,0;40,06;25,94;103,3093;92,71;67,44;63,6;1,94;-1,62;1107,9;5,06;2444;21,6039;99182,37;407;5,336062612883805
2020T4;18;Granada;921966,0;19,68;41,28;20,92;2,5;30,3;16610,0;17850,0;15156,0;41,73;24,84;104,3073;97,76;67,27;65,2;1,8;-1,19;1117,8;5,06;2413;18,3589;100098,46;1015;5,383744732089103
2021T1;18;Granada;925046,0;19,63;41,41;21,09;2,5;30,8;17671,0;19048,0;16084,0;42,74;23,96;103,9421;94,96;67,1;64,7;1,72;-0,8;1128,2;2,6691;2770;22,3466;96387,01;305;5,107577386678739
2021T2;18;Granada;925046,0;19,63;41,41;21,09;2,5;30,8;17671,0;19048,0;16084,0;44,08;23,41;106,4583;100,28;69,14;64,9;1,62;0,07;1114,5;2,6691;2915;19,2453;102252,99;562;5,045554863901307
2021T3;18;Granada;925046,0;19,63;41,41;21,09;2,5;30,8;17671,0;19048,0;16084,0;44,24;22,57;106,5531;99,76;71,51;65,2;1,59;0,74;1130,6;2,6691;3270;18,7768;103626,05;380;5,118442646143399
2021T4;18;Granada;925046,0;19,63;41,41;21,09;2,5;30,8;17671,0;19048,0;16084,0;45,56;20,58;110,1443;105,01;72,66;65,4;1,54;0,76;1165,5;2,6691;3087;23,4532;103796,3;628;5,276441627525324
2022T1;18;Granada;926019,0;19,49;41,33;21,52;2,5;31,2;18658,0;20161,0;16952,0;45,6;19,31;112,0459;105,46;74,4;65,2;1,6;0,72;1200,4;9,1521;3454;24,8987;103683,34;348;5,146961089077071
2022T2;18;Granada;926019,0;19,49;41,33;21,52;2,5;31,2;18658,0;20161,0;16952,0;45,24;22,27;116,2733;114,52;76,2;65,2;1,74;0,98;1209,9;9,1521;3340;18,7725;106283,68;451;5,18769428663308
2022T3;18;Granada;926019,0;19,49;41,33;21,52;2,5;31,2;18658,0;20161,0;16952,0;45,03;22,59;117,4693;110,54;77,43;64,6;2,14;0,87;1197,2;9,1521;3787;19,9894;107893,31;327;5,133240433058206
2022T4;18;Granada;926019,0;19,49;41,33;21,52;2,5;31,2;18658,0;20161,0;16952,0;45,61;19,66;118,0268;115,01;77,35;63,9;2,87;0,3;1229,5;9,1521;3265;22,6034;113292,04;973;5,271733304748634
2023T1;18;Granada;934072,0;19,55;41,16;21,9;2,4;31,5;19687,0;21309,0;17862,0;45,84;20,24;118,232;112,83;77,52;63,0;3,59;-0,75;1225,3;7,2725;3373;23,2731;100772,28;741;4,97912327932138
2023T2;18;Granada;934072,0;19,55;41,16;21,9;2,4;31,5;19687,0;21309,0;17862,0;47,47;18,48;120,2175;116,6;79,63;62,7;3,89;-2,01;1243,7;7,2725;3271;20,1162;108163,67;395;5,053893432214151
2023T3;18;Granada;934072,0;19,55;41,16;21,9;2,4;31,5;19687,0;21309,0;17862,0;46,76;21,71;121,0064;112,78;81,93;62,2;4,06;-3,14;1253,3;7,2725;3007;18,7562;106540,45;531;5,092903946766902
2023T4;18;Granada;934072,0;19,55;41,16;21,9;2,4;31,5;19687,0;21309,0;17862,0;45,63;21,6;121,9993;117,61;81,45;61,4;4,03;-3,14;1281,1;7,2725;2685;19,7393;106466,39;624;5,205871895159242
2024T1;18;Granada;939741,0;19,55;41,16;21,9;2,4;31,5;20584,0;22274,0;18688,0;44,21;22,41;122,3189;113,32;83,66;61,5;3,69;-2,61;1285,3;7,9437;3033;21,9914;107687,04;510;4,995336183443452
2024T2;18;Granada;939741,0;19,55;41,16;21,9;2,4;31,5;20584,0;22274,0;18688,0;44,58;21,2;124,3682;117,41;87,22;63,0;3,55;-1,79;1322,0;7,9437;3340;24,8204;108500,0;477;5,137971239797901
2024T3;18;Granada;939741,0;19,55;41,16;21,9;2,4;31,5;20584,0;22274,0;18688,0;43,67;22,14;123,4963;114,16;90,57;63,3;3,45;-0,62;1343,5;7,9437;3684;23,317;113993,5;546;5,221531286436067
2024T4;18;Granada;939741,0;19,55;41,16;21,9;2,4;31,5;20584,0;22274,0;18688,0;44,88;19,99;124,8262;118,19;92,35;64,1;3,17;0,21;1389,2;7,9437;3402;21,7225;117075,35;781;5,3991449669646325
2015T1;19;Guadalajara;254458,0;20,0;41,55;18,62;2,6;29,8;19742,0;22262,0;16555,0;52,81;20,2;99,1218;90,33;69,07;60,7;2,61;-3,78;1017,1;-0,69;642;35,514;79847,18;111;4,121568230169182
2015T2;19;Guadalajara;254458,0;20,0;41,55;18,62;2,6;29,8;19742,0;22262,0;16555,0;52,85;18,6;100,7228;93,72;70,51;61,8;2,51;-3,32;1007,4;-0,69;556;35,9712;82470,59;75;4,082261169081147
2015T3;19;Guadalajara;254458,0;20,0;41,55;18,62;2,6;29,8;19742,0;22262,0;16555,0;53,95;19,09;99,8566;90,26;70,16;62,3;2,45;-3,36;1025,7;-0,69;573;27,0506;87107,95;105;4,156417789484348
2015T4;19;Guadalajara;254458,0;20,0;41,55;18,62;2,6;29,8;19742,0;22262,0;16555,0;53,79;19,29;100,2989;92,91;70,38;63,2;2,43;-3,27;1024,0;-0,69;513;25,9259;88135,14;72;4,149528923108094
2016T1;19;Guadalajara;254191,0;19,14;42,12;18,81;2,5;29,9;19683,0;22266,0;16467,0;53,78;17,8;98,4285;88,55;70,09;63,9;2,33;-3,32;989,7;1,96;665;29,4737;88736,62;265;4,0225575369608295
2016T2;19;Guadalajara;254191,0;19,14;42,12;18,81;2,5;29,9;19683,0;22266,0;16467,0;53,98;17,24;99,8134;92,68;70,92;63,8;2,32;-3,6;1021,9;1,96;657;25,723;93839,66;333;4,1534318955443785
2016T3;19;Guadalajara;254191,0;19,14;42,12;18,81;2,5;29,9;19683,0;22266,0;16467,0;52,73;18,26;99,623;89,74;71,06;63,8;2,37;-3,16;1027,1;1,96;552;21,558;91225,56;85;4,174566885129299
2016T4;19;Guadalajara;254191,0;19,14;42,12;18,81;2,5;29,9;19683,0;22266,0;16467,0;53,98;17,85;101,1519;93,2;70,38;64,2;2,27;-3,1;1017,1;1,96;528;18,1818;89188,14;82;4,1339226743890665
2017T1;19;Guadalajara;255242,0;18,62;42,52;18,95;2,6;29,7;19854,0;22528,0;16581,0;53,33;17,25;101,0874;90,09;71,22;64,8;2,24;-2,96;1044,5;3,23;657;20,8524;89574,07;225;4,208723682885061
2017T2;19;Guadalajara;255242,0;18,62;42,52;18,95;2,6;29,7;19854,0;22528,0;16581,0;54,13;15,43;101,773;93,77;71,46;65,0;2,17;-2,83;1046,7;3,23;759;21,7391;97224,76;174;4,217588395285585
2017T3;19;Guadalajara;255242,0;18,62;42,52;18,95;2,6;29,7;19854,0;22528,0;16581,0;55,72;12,47;101,3312;91,13;71,19;64,9;2,22;-2,84;1058,5;3,23;709;16,3611;100159,45;116;4,265135489070213
2017T4;19;Guadalajara;255242,0;18,62;42,52;18,95;2,6;29,7;19854,0;22528,0;16581,0;57,9;10,48;102,8574;94,8;70,68;65,6;2,15;-2,79;1063,6;3,23;780;23,3333;93911,5;147;4,285685504180518
2018T1;19;Guadalajara;256247,0;18,31;42,67;19,21;2,5;29,9;20523,0;23249,0;17238,0;56,28;12,92;102,194;91,97;71,69;65,5;2,23;-2,6;1080,1;8,18;722;18,2825;107589,02;336;4,210300638308239
2018T2;19;Guadalajara;256247,0;18,31;42,67;19,21;2,5;29,9;20523,0;23249,0;17238,0;58,49;10,99;103,5166;95,37;72,51;64,9;2,2;-2,19;1065,2;8,18;899;20,8009;100817,14;204;4,152219461092433
2018T3;19;Guadalajara;256247,0;18,31;42,67;19,21;2,5;29,9;20523,0;23249,0;17238,0;60,2;10,19;103,3932;92,55;73,47;65,9;2,17;-1,81;1083,9;8,18;927;28,2632;112730,39;438;4,225113287531062
2018T4;19;Guadalajara;256247,0;18,31;42,67;19,21;2,5;29,9;20523,0;23249,0;17238,0;59,92;11,69;104,3205;96,51;73,58;66,5;2,26;-1,57;1094,0;8,18;825;27,5152;98537,11;274;4,264483749939092
2019T1;19;Guadalajara;259266,0;18,12;42,8;19,38;2,6;29,7;21128,0;23852,0;17877,0;59,13;11,26;103,0666;92,79;74,65;64,6;2,37;-1,25;1111,3;8,81;931;36,8421;103428,76;182;4,207875804619462
2019T2;19;Guadalajara;259266,0;18,12;42,8;19,38;2,6;29,7;21128,0;23852,0;17877,0;60,06;11,55;104,3944;96,07;75,33;65,5;2,35;-1,14;1099,3;8,81;862;24,71;99323,94;447;4,162438470276411
2019T3;19;Guadalajara;259266,0;18,12;42,8;19,38;2,6;29,7;21128,0;23852,0;17877,0;58,29;12,4;103,5828;93,19;75,74;64,7;2,15;-1,19;1116,0;8,81;750;26,5333;106516,61;135;4,225672093903825
2019T4;19;Guadalajara;259266,0;18,12;42,8;19,38;2,6;29,7;21128,0;23852,0;17877,0;57,39;13,37;104,5161;96,93;75,8;63,0;1,99;-1,08;1124,6;8,81;867;25,6055;109108,72;192;4,258235516849678
2020T1;19;Guadalajara;262985,0;18,09;42,8;19,55;2,5;29,8;21102,0;23639,0;18054,0;55,23;13,02;103,4547;92,62;75,41;63,8;2,03;-1,14;1115,5;3,73;1063;36,4064;108811,83;532;4,2289830347834325
2020T2;19;Guadalajara;262985,0;18,09;42,8;19,55;2,5;29,8;21102,0;23639,0;18054,0;50,68;17,05;103,339;93,31;76,5;64,2;1,91;-1,64;1089,7;3,73;485;33,1959;111828,44;95;4,131172400720311
2020T3;19;Guadalajara;262985,0;18,09;42,8;19,55;2,5;29,8;21102,0;23639,0;18054,0;52,83;15,45;102,8036;92,71;76,79;63,6;1,94;-1,62;1116,4;3,73;784;22,5765;108224,65;100;4,2323950336461
2020T4;19;Guadalajara;262985,0;18,09;42,8;19,55;2,5;29,8;21102,0;23639,0;18054,0;53,78;13,96;103,2242;97,76;76,7;65,2;1,8;-1,19;1132,0;3,73;926;28,4017;108494,23;124;4,291536347265662
2021T1;19;Guadalajara;265969,0;18,1;43,12;19,41;2,5;30,3;21904,0;24597,0;18719,0;52,51;14,14;103,8722;94,96;75,62;64,7;1,72;-0,8;1108,7;3,632;1109;31,0189;109811,72;250;4,049306062819577
2021T2;19;Guadalajara;265969,0;18,1;43,12;19,41;2,5;30,3;21904,0;24597,0;18719,0;51,92;14,64;106,0893;100,28;78,32;64,9;1,62;0,07;1117,8;3,632;927;21,7907;115829,02;425;4,08254200146092
2021T3;19;Guadalajara;265969,0;18,1;43,12;19,41;2,5;30,3;21904,0;24597,0;18719,0;54,85;10,99;106,8283;99,76;79,09;65,2;1,59;0,74;1143,7;3,632;1164;22,079;116566,24;330;4,177136596055515
2021T4;19;Guadalajara;265969,0;18,1;43,12;19,41;2,5;30,3;21904,0;24597,0;18719,0;52,69;11,22;110,4478;105,01;79,77;65,4;1,54;0,76;1137,3;3,632;1223;28,6999;118101,24;303;4,153761869978086
2022T1;19;Guadalajara;268412,0;18,18;43,11;19,68;2,5;30,2;23045,0;25863,0;19770,0;54,17;10,04;113,4077;105,46;81,01;65,2;1,6;0,72;1176,2;18,3263;1263;27,9493;121069,61;416;4,083141679323064
2022T2;19;Guadalajara;268412,0;18,18;43,11;19,68;2,5;30,2;23045,0;25863,0;19770,0;55,32;11,64;117,6181;114,52;83,04;65,2;1,74;0,98;1191,8;18,3263;1030;18,7379;122506,59;229;4,137296593621176
2022T3;19;Guadalajara;268412,0;18,18;43,11;19,68;2,5;30,2;23045,0;25863,0;19770,0;55,56;12,17;119,2109;110,54;84,29;64,6;2,14;0,87;1230,4;18,3263;1104;17,9348;119060,83;468;4,271295291820351
2022T4;19;Guadalajara;268412,0;18,18;43,11;19,68;2,5;30,2;23045,0;25863,0;19770,0;57,07;10,84;119,3403;115,01;82,98;63,9;2,87;0,3;1239,7;18,3263;974;25,462;121720,07;312;4,303579952267303
2023T1;19;Guadalajara;275082,0;18,52;43,07;19,67;2,5;30,4;24116,0;26978,0;20808,0;57,95;9,94;120,3129;112,83;82,32;63,0;3,59;-0,75;1254,6;14,0831;922;18,0043;120123,71;496;4,161884226239841
2023T2;19;Guadalajara;275082,0;18,52;43,07;19,67;2,5;30,4;24116,0;26978,0;20808,0;58,13;9,23;121,6052;116,6;84,69;62,7;3,89;-2,01;1275,6;14,0831;1074;26,3501;120237,04;251;4,231547520318461
2023T3;19;Guadalajara;275082,0;18,52;43,07;19,67;2,5;30,4;24116,0;26978,0;20808,0;56,11;11,24;122,8001;112,78;85,16;62,2;4,06;-3,14;1285,4;14,0831;1064;20,7707;122728,19;464;4,26405705755515
2023T4;19;Guadalajara;275082,0;18,52;43,07;19,67;2,5;30,4;24116,0;26978,0;20808,0;58,92;9,05;123,0742;117,61;84,71;61,4;4,03;-3,14;1280,1;14,0831;954;32,7044;123585,94;514;4,246475369049594
2024T1;19;Guadalajara;280225,0;18,52;43,07;19,67;2,5;30,4;25037,0;27889,0;21742,0;55,69;11,4;123,5733;113,32;86,38;61,5;3,69;-2,61;1311,7;15,4626;1314;41,4003;127872,19;632;4,191236969285457
2024T2;19;Guadalajara;280225,0;18,52;43,07;19,67;2,5;30,4;25037,0;27889,0;21742,0;57,42;12,28;125,5171;117,41;89,16;63,0;3,55;-1,79;1342,3;15,4626;946;22,6216;126846,64;480;4,289012261852458
2024T3;19;Guadalajara;280225,0;18,52;43,07;19,67;2,5;30,4;25037,0;27889,0;21742,0;58,65;9,24;125,071;114,16;91,03;63,3;3,45;-0,62;1370,0;15,4626;1200;21,4167;122154,65;276;4,377521268522586
2024T4;19;Guadalajara;280225,0;18,52;43,07;19,67;2,5;30,4;25037,0;27889,0;21742,0;57,9;10,58;125,2063;118,19;92,05;64,1;3,17;0,21;1412,2;15,4626;1372;22,1574;128806,19;685;4,512361704677078
2015T1;20;Gipuzkoa;709766,0;16,78;41,43;24,42;2,4;31,2;27818,0;31630,0;23455,0;48,45;13,74;98,7609;90,33;59,41;60,7;2,61;-3,78;2666,8;0,64;1116;24,4624;161204,43;561;7,669278884175713
2015T2;20;Gipuzkoa;709766,0;16,78;41,43;24,42;2,4;31,2;27818,0;31630,0;23455,0;48,4;14,56;100,5663;93,72;60,42;61,8;2,51;-3,32;2709,3;0,64;993;21,9537;129680,68;630;7,791501905241211
2015T3;20;Gipuzkoa;709766,0;16,78;41,43;24,42;2,4;31,2;27818,0;31630,0;23455,0;49,67;12,22;99,9408;90,26;60,4;62,3;2,45;-3,36;2682,6;0,64;1217;19,3919;129458,63;543;7,71471708965418
2015T4;20;Gipuzkoa;709766,0;16,78;41,43;24,42;2,4;31,2;27818,0;31630,0;23455,0;50,85;10,16;100,732;92,91;60,84;63,2;2,43;-3,27;2650,4;0,64;1197;18,3793;147409,82;992;7,622115177223381
2016T1;20;Gipuzkoa;711261,0;16,44;41,3;24,83;2,4;31,3;27756,0;31492,0;23559,0;51,06;10,5;98,6028;88,55;61,1;63,9;2,33;-3,32;2566,3;1,83;1403;28,2252;139473,52;540;7,396743046548494
2016T2;20;Gipuzkoa;711261,0;16,44;41,3;24,83;2,4;31,3;27756,0;31492,0;23559,0;51,73;10,23;99,837;92,68;62,1;63,8;2,32;-3,6;2654,7;1,83;1446;24,2047;138408,11;203;7,651534803285776
2016T3;20;Gipuzkoa;711261,0;16,44;41,3;24,83;2,4;31,3;27756,0;31492,0;23559,0;51,55;10,35;99,8503;89,74;62,53;63,8;2,37;-3,16;2634,6;1,83;1323;27,5132;139929,55;348;7,593601383484652
2016T4;20;Gipuzkoa;711261,0;16,44;41,3;24,83;2,4;31,3;27756,0;31492,0;23559,0;49,87;9,95;101,5835;93,2;61,55;64,2;2,27;-3,1;2603,0;1,83;1121;20,8742;143785,21;376;7,502521977230148
2017T1;20;Gipuzkoa;713130,0;16,15;41,12;25,27;2,4;31,1;28563,0;32493,0;24281,0;48,87;10,72;101,023;90,09;63,11;64,8;2,24;-2,96;2653,5;3,79;1397;21,7609;137849,14;549;7,431992437769142
2017T2;20;Gipuzkoa;713130,0;16,15;41,12;25,27;2,4;31,1;28563,0;32493,0;24281,0;50,49;8,18;101,7091;93,77;64,92;65,0;2,17;-2,83;2686,2;3,79;1696;25,8844;147479,15;497;7,523579455939502
2017T3;20;Gipuzkoa;713130,0;16,15;41,12;25,27;2,4;31,1;28563,0;32493,0;24281,0;50,47;8,73;101,5831;91,13;66,14;64,9;2,22;-2,84;2640,7;3,79;1491;25,8887;140084,28;774;7,396141861849245
2017T4;20;Gipuzkoa;713130,0;16,15;41,12;25,27;2,4;31,1;28563,0;32493,0;24281,0;51,32;8,43;103,0437;94,8;65,92;65,6;2,15;-2,79;2666,6;3,79;1211;21,2221;157877,75;347;7,468683261562161
2018T1;20;Gipuzkoa;715749,0;16,07;40,85;25,69;2,4;31,2;28756,0;32562,0;24571,0;52,26;7,93;102,1073;91,97;66,96;65,5;2,23;-2,6;2607,4;6,21;1702;22,6792;145103,14;682;7,253860063986647
2018T2;20;Gipuzkoa;715749,0;16,07;40,85;25,69;2,4;31,2;28756,0;32562,0;24571,0;53,29;7,55;103,7324;95,37;68,68;64,9;2,2;-2,19;2685,2;6,21;1691;22,7676;149631,32;541;7,470301850048686
2018T3;20;Gipuzkoa;715749,0;16,07;40,85;25,69;2,4;31,2;28756,0;32562,0;24571,0;51,42;7,75;103,9387;92,55;69,33;65,9;2,17;-1,81;2609,2;6,21;1675;20,1791;153605,71;573;7,258867714563917
2018T4;20;Gipuzkoa;715749,0;16,07;40,85;25,69;2,4;31,2;28756,0;32562,0;24571,0;51,52;7,56;104,7774;96,51;69,24;66,5;2,26;-1,57;2679,5;6,21;1499;22,7485;162811,75;635;7,454444289887328
2019T1;20;Gipuzkoa;719613,0;16,2;40,5;26,04;2,4;31,1;29883,0;33837,0;25513,0;51,9;8,03;103,5846;92,79;70,83;64,6;2,37;-1,25;2670,3;7,67;2134;22,9616;157365,85;303;7,14867985142054
2019T2;20;Gipuzkoa;719613,0;16,2;40,5;26,04;2,4;31,1;29883,0;33837,0;25513,0;52,25;7,13;105,1149;96,07;71,33;65,5;2,35;-1,14;2667,4;7,67;1729;19,8959;148418,72;597;7,140916240002677
2019T3;20;Gipuzkoa;719613,0;16,2;40,5;26,04;2,4;31,1;29883,0;33837,0;25513,0;52,02;6,19;104,6868;93,19;72,68;64,7;2,15;-1,19;2721,1;7,67;1625;16,3692;156608,35;467;7,284676906602416
2019T4;20;Gipuzkoa;719613,0;16,2;40,5;26,04;2,4;31,1;29883,0;33837,0;25513,0;51,92;7,53;105,7378;96,93;71,28;63,0;1,99;-1,08;2697,4;7,67;1709;25,2194;160648,32;164;7,221229461566777
2020T1;20;Gipuzkoa;724347,0;16,4;40,15;26,37;2,4;31,2;30526,0;34504,0;26224,0;51,66;6,91;104,3595;92,62;73,24;63,8;2,03;-1,14;2707,5;3,48;1658;18,3957;165424,69;402;7,095590644041145
2020T2;20;Gipuzkoa;724347,0;16,4;40,15;26,37;2,4;31,2;30526,0;34504,0;26224,0;50,37;7,23;104,6483;93,31;72,48;64,2;1,91;-1,64;2668,5;3,48;1096;12,865;129992,16;882;6,9933826901657605
2020T3;20;Gipuzkoa;724347,0;16,4;40,15;26,37;2,4;31,2;30526,0;34504,0;26224,0;51,82;9,18;104,2438;92,71;74,03;63,6;1,94;-1,62;2655,3;3,48;1404;27,5641;164614,29;339;6,958789228854092
2020T4;20;Gipuzkoa;724347,0;16,4;40,15;26,37;2,4;31,2;30526,0;34504,0;26224,0;53,03;7,02;105,1038;97,76;72,82;65,2;1,8;-1,19;2698,9;3,48;1488;16,3978;172202,96;399;7,07305247985324
2021T1;20;Gipuzkoa;725508,0;16,54;39,93;26,66;2,4;31,5;31375,0;35348,0;27000,0;52,19;9,67;105,1076;94,96;73,38;64,7;1,72;-0,8;2735,2;1,2722;1880;20,0532;161727,66;561;6,974215139442231
2021T2;20;Gipuzkoa;725508,0;16,54;39,93;26,66;2,4;31,5;31375,0;35348,0;27000,0;52,68;7,82;107,4043;100,28;74,33;64,9;1,62;0,07;2751,2;1,2722;1885;15,5968;169135,17;782;7,015011952191235
2021T3;20;Gipuzkoa;725508,0;16,54;39,93;26,66;2,4;31,5;31375,0;35348,0;27000,0;52,13;9,55;107,8243;99,76;75,03;65,2;1,59;0,74;2735,5;1,2722;1793;12,1026;170536,41;198;6,974980079681275
2021T4;20;Gipuzkoa;725508,0;16,54;39,93;26,66;2,4;31,5;31375,0;35348,0;27000,0;52,04;7,42;110,846;105,01;75,9;65,4;1,54;0,76;2765,9;1,2722;1507;14,2004;178998,7;379;7,052494023904383
2022T1;20;Gipuzkoa;723241,0;16,64;39,61;27,13;2,4;31,8;32637,0;36703,0;28181,0;52,01;7,57;112,7258;105,46;77,97;65,2;1,6;0,72;2819,6;10,0299;1935;13,385;169564,73;428;6,911419554493366
2022T2;20;Gipuzkoa;723241,0;16,64;39,61;27,13;2,4;31,8;32637,0;36703,0;28181,0;49,62;7,82;116,0162;114,52;79,16;65,2;1,74;0,98;2797,6;10,0299;1845;13,9295;170608,94;438;6,8574930293838285
2022T3;20;Gipuzkoa;723241,0;16,64;39,61;27,13;2,4;31,8;32637,0;36703,0;28181,0;51,85;6,71;117,9729;110,54;80,89;64,6;2,14;0,87;2843,4;10,0299;1927;14,6341;170265,21;401;6,969758249839139
2022T4;20;Gipuzkoa;723241,0;16,64;39,61;27,13;2,4;31,8;32637,0;36703,0;28181,0;49,93;9,38;117,7195;115,01;79,63;63,9;2,87;0,3;2875,8;10,0299;1487;13,8534;172940,77;294;7,049177314091368
2023T1;20;Gipuzkoa;726712,0;17,02;39,29;27,31;2,4;32,2;34217,0;38392,0;29603,0;49,89;8,14;118,4992;112,83;80,37;63,0;3,59;-0,75;2937,7;8,5302;2123;19,0768;167785,87;737;6,868398749159774
2023T2;20;Gipuzkoa;726712,0;17,02;39,29;27,31;2,4;32,2;34217,0;38392,0;29603,0;51,26;6,63;120,2914;116,6;81,56;62,7;3,89;-2,01;2869,6;8,5302;1686;13,0486;194071,76;420;6,7091796475436185
2023T3;20;Gipuzkoa;726712,0;17,02;39,29;27,31;2,4;32,2;34217,0;38392,0;29603,0;51,12;8,68;121,764;112,78;83,97;62,2;4,06;-3,14;2854,1;8,5302;1794;17,3356;173866,89;576;6,672940351287372
2023T4;20;Gipuzkoa;726712,0;17,02;39,29;27,31;2,4;32,2;34217,0;38392,0;29603,0;52,21;6,41;121,9122;117,61;82,72;61,4;4,03;-3,14;2902,8;8,5302;1326;18,2504;169025,31;771;6,786801882105387
2024T1;20;Gipuzkoa;729722,0;17,02;39,29;27,31;2,4;32,2;35585,0;39845,0;30845,0;49,45;8,16;122,5385;113,32;85,5;61,5;3,69;-2,61;2944,8;9,6119;1831;23,7575;166959,28;481;6,620317549529296
2024T2;20;Gipuzkoa;729722,0;17,02;39,29;27,31;2,4;32,2;35585,0;39845,0;30845,0;52,83;6,75;124,7178;117,41;88,46;63,0;3,55;-1,79;2993,3;9,6119;1480;10,4054;154267,13;426;6,729352255163692
2024T3;20;Gipuzkoa;729722,0;17,02;39,29;27,31;2,4;32,2;35585,0;39845,0;30845,0;48,19;5,85;124,8028;114,16;91,02;63,3;3,45;-0,62;2916,3;9,6119;1948;10,9856;175375,41;254;6,55624560910496
2024T4;20;Gipuzkoa;729722,0;17,02;39,29;27,31;2,4;32,2;35585,0;39845,0;30845,0;50,3;4,67;125,6961;118,19;91,56;64,1;3,17;0,21;2986,3;9,6119;2111;17,1009;177230,93;854;6,713615287340171
2015T1;21;Huelva;520840,0;21,69;41,35;17,69;2,7;25,6;12512,0;14979,0;9887,0;40,15;28,69;99,033;90,33;53,94;60,7;2,61;-3,78;1059,2;-0,32;826;30,8717;77390,1;241;6,772378516624041
2015T2;21;Huelva;520840,0;21,69;41,35;17,69;2,7;25,6;12512,0;14979,0;9887,0;43,74;26,85;101,024;93,72;56,15;61,8;2,51;-3,32;1082,1;-0,32;882;27,4376;71287,33;179;6,918797953964194
2015T3;21;Huelva;520840,0;21,69;41,35;17,69;2,7;25,6;12512,0;14979,0;9887,0;39,24;30,86;99,6441;90,26;56,78;62,3;2,45;-3,36;1080,5;-0,32;1019;23,8469;69693,49;145;6,908567774936062
2015T4;21;Huelva;520840,0;21,69;41,35;17,69;2,7;25,6;12512,0;14979,0;9887,0;38,7;32,65;100,299;92,91;56,39;63,2;2,43;-3,27;1098,5;-0,32;846;25,7683;83112,9;98;7,023657289002558
2016T1;21;Huelva;520086,0;20,92;41,91;17,96;2,6;25,7;12749,0;15154,0;10217,0;39,46;30,99;98,1456;88,55;56,88;63,9;2,33;-3,32;1052,3;-0,03;909;23,3223;75471,24;115;6,6031845634951765
2016T2;21;Huelva;520086,0;20,92;41,91;17,96;2,6;25,7;12749,0;15154,0;10217,0;41,66;26,62;99,8408;92,68;57,6;63,8;2,32;-3,6;1073,7;-0,03;1105;24,7964;70517,51;114;6,737469605459252
2016T3;21;Huelva;520086,0;20,92;41,91;17,96;2,6;25,7;12749,0;15154,0;10217,0;38,95;29,64;99,4992;89,74;57,55;63,8;2,37;-3,16;1065,4;-0,03;1031;19,8836;75321,06;203;6,6853870891834655
2016T4;21;Huelva;520086,0;20,92;41,91;17,96;2,6;25,7;12749,0;15154,0;10217,0;39,52;28,89;101,5165;93,2;57,57;64,2;2,27;-3,1;1033,7;-0,03;949;21,8124;80042,07;143;6,486469527021727
2017T1;21;Huelva;519144,0;20,31;42,28;18,28;2,6;25,6;13069,0;15496,0;10484,0;41,96;26,22;101,0971;90,09;58,08;64,8;2,24;-2,96;1041,6;3,52;993;21,5509;77128,96;314;6,376004284949116
2017T2;21;Huelva;519144,0;20,31;42,28;18,28;2,6;25,6;13069,0;15496,0;10484,0;45,28;20,59;101,8833;93,77;58,98;65,0;2,17;-2,83;1058,5;3,52;1192;19,9664;77969,83;246;6,479455199326651
2017T3;21;Huelva;519144,0;20,31;42,28;18,28;2,6;25,6;13069,0;15496,0;10484,0;41,5;25,92;101,0886;91,13;59,67;64,9;2,22;-2,84;1044,9;3,52;1206;20,0663;76797,55;200;6,396204759354197
2017T4;21;Huelva;519144,0;20,31;42,28;18,28;2,6;25,6;13069,0;15496,0;10484,0;42,44;23,4;102,8033;94,8;60,15;65,6;2,15;-2,79;1079,9;3,52;1542;27,6265;77946,75;136;6,610452215165659
2018T1;21;Huelva;520445,0;19,83;42,58;18,62;2,6;26,0;13652,0;16171,0;10991,0;44,05;21,99;101,7044;91,97;60,44;65,5;2,23;-2,6;1049,5;5,42;1152;19,3576;84106,04;160;6,150014649868151
2018T2;21;Huelva;520445,0;19,83;42,58;18,62;2,6;26,0;13652,0;16171,0;10991,0;44,32;20,91;103,4136;95,37;61,78;64,9;2,2;-2,19;1066,9;5,42;1617;34,5083;79477,83;344;6,25197773220041
2018T3;21;Huelva;520445,0;19,83;42,58;18,62;2,6;26,0;13652,0;16171,0;10991,0;40,98;25,98;103,1225;92,55;62,89;65,9;2,17;-1,81;1061,0;5,42;1481;23,0925;79418,41;161;6,21740404336361
2018T4;21;Huelva;520445,0;19,83;42,58;18,62;2,6;26,0;13652,0;16171,0;10991,0;42,13;22,79;104,3889;96,51;63,54;66,5;2,26;-1,57;1093,6;5,42;1270;20,315;82497,13;217;6,408438324055084
2019T1;21;Huelva;522138,0;19,58;42,72;18,95;2,6;26,1;14477,0;17022,0;11762,0;44,55;22,96;102,6516;92,79;64,02;64,6;2,37;-1,25;1083,4;7,02;1481;20,4591;82071,13;236;5,986875733922774
2019T2;21;Huelva;522138,0;19,58;42,72;18,95;2,6;26,1;14477,0;17022,0;11762,0;47,79;18,41;104,1917;96,07;65,22;65,5;2,35;-1,14;1072,8;7,02;1424;21,3483;83740,32;118;5,928300062167576
2019T3;21;Huelva;522138,0;19,58;42,72;18,95;2,6;26,1;14477,0;17022,0;11762,0;43,33;22,83;103,0885;93,19;66,6;64,7;2,15;-1,19;1097,3;7,02;1357;19,6758;78580,82;253;6,063687228016854
2019T4;21;Huelva;522138,0;19,58;42,72;18,95;2,6;26,1;14477,0;17022,0;11762,0;43,23;23,57;104,6065;96,93;66,17;63,0;1,99;-1,08;1102,7;7,02;1399;24,0172;82505,21;161;6,093527664571389
2020T1;21;Huelva;525333,0;19,39;42,85;19,22;2,6;26,6;14670,0;17040,0;12081,0;44,45;19,42;103,2126;92,62;66,67;63,8;2,03;-1,14;1080,2;4,4;1521;18,4089;80901,84;118;5,8906612133606
2020T2;21;Huelva;525333,0;19,39;42,85;19,22;2,6;26,6;14670,0;17040,0;12081,0;45,46;13,85;103,5351;93,31;66,76;64,2;1,91;-1,64;1039,4;4,4;1024;33,7891;70792,4;163;5,668166325835037
2020T3;21;Huelva;525333,0;19,39;42,85;19,22;2,6;26,6;14670,0;17040,0;12081,0;41,31;21,96;102,9138;92,71;67,44;63,6;1,94;-1,62;1065,4;4,4;1037;18,0328;85300,8;194;5,809952283571915
2020T4;21;Huelva;525333,0;19,39;42,85;19,22;2,6;26,6;14670,0;17040,0;12081,0;39,75;27,16;103,972;97,76;67,27;65,2;1,8;-1,19;1076,6;4,4;1404;22,4359;83248,53;152;5,871029311520109
2021T1;21;Huelva;527254,0;19,2;42,94;19,59;2,6;27,0;15296,0;17704,0;12698,0;41,63;20,55;103,6839;94,96;67,1;64,7;1,72;-0,8;1084,5;6,7539;1478;23,6806;89045,98;286;5,672071129707113
2021T2;21;Huelva;527254,0;19,2;42,94;19,59;2,6;27,0;15296,0;17704,0;12698,0;48,72;13,59;106,1079;100,28;69,14;64,9;1,62;0,07;1104,7;6,7539;1678;18,9511;90275,71;430;5,777719665271967
2021T3;21;Huelva;527254,0;19,2;42,94;19,59;2,6;27,0;15296,0;17704,0;12698,0;39,08;27,33;106,4827;99,76;71,51;65,2;1,59;0,74;1119,8;6,7539;2009;24,44;90698,68;292;5,856694560669456
2021T4;21;Huelva;527254,0;19,2;42,94;19,59;2,6;27,0;15296,0;17704,0;12698,0;44,48;20,04;110,1745;105,01;72,66;65,4;1,54;0,76;1162,0;6,7539;2033;24,3483;89724,4;320;6,077405857740586
2022T1;21;Huelva;531094,0;19,19;43,02;19,82;2,6;27,3;16190,000000000002;18732,0;13459,0;44,41;18,56;112,5807;105,46;74,4;65,2;1,6;0,72;1173,4;7,7896;1964;19,5519;92757,64;200;5,798147004323656
2022T2;21;Huelva;531094,0;19,19;43,02;19,82;2,6;27,3;16190,000000000002;18732,0;13459,0;49,94;12,27;116,6481;114,52;76,2;65,2;1,74;0,98;1137,3;7,7896;1889;16,6226;95269,34;210;5,619765287214329
2022T3;21;Huelva;531094,0;19,19;43,02;19,82;2,6;27,3;16190,000000000002;18732,0;13459,0;44,61;17,45;117,9889;110,54;77,43;64,6;2,14;0,87;1162,4;7,7896;1897;19,5572;92495,5;225;5,743792464484249
2022T4;21;Huelva;531094,0;19,19;43,02;19,82;2,6;27,3;16190,000000000002;18732,0;13459,0;42,76;21,7;118,5014;115,01;77,35;63,9;2,87;0,3;1200,2;7,7896;1816;20,4295;95509,63;256;5,930574428659666
2023T1;21;Huelva;534084,0;19,2;42,98;20,11;2,5;27,6;17143,0;19815,0;14274,0;44,51;18,32;119,2731;112,83;77,52;63,0;3,59;-0,75;1199,0;6,162;1765;18,017;88004,04;217;5,595286705944117
2023T2;21;Huelva;534084,0;19,2;42,98;20,11;2,5;27,6;17143,0;19815,0;14274,0;49,72;15,12;120,8111;116,6;79,63;62,7;3,89;-2,01;1198,2;6,162;1687;17,7238;91238,74;135;5,591553403721636
2023T3;21;Huelva;534084,0;19,2;42,98;20,11;2,5;27,6;17143,0;19815,0;14274,0;45,64;19,7;121,8519;112,78;81,93;62,2;4,06;-3,14;1199,2;6,162;1696;22,4646;93609,06;166;5,596220031499738
2023T4;21;Huelva;534084,0;19,2;42,98;20,11;2,5;27,6;17143,0;19815,0;14274,0;45,29;20,17;122,6126;117,61;81,45;61,4;4,03;-3,14;1237,4;6,162;1586;20,3026;94612,41;210;5,774485212623228
2024T1;21;Huelva;535734,0;19,2;42,98;20,11;2,5;27,6;18012,0;20654,0;15164,0;46,29;17,35;123,1251;113,32;83,66;61,5;3,69;-2,61;1271,8;8,4632;1685;26,9436;100509,64;193;5,648678658671996
2024T2;21;Huelva;535734,0;19,2;42,98;20,11;2,5;27,6;18012,0;20654,0;15164,0;48,8;12,16;125,1348;117,41;87,22;63,0;3,55;-1,79;1266,3;8,4632;1817;21,7942;93432,36;234;5,624250499666889
2024T3;21;Huelva;535734,0;19,2;42,98;20,11;2,5;27,6;18012,0;20654,0;15164,0;46,81;14,44;124,2007;114,16;90,57;63,3;3,45;-0,62;1258,2;8,4632;1862;20,7841;97391,6;390;5,588274483677548
2024T4;21;Huelva;535734,0;19,2;42,98;20,11;2,5;27,6;18012,0;20654,0;15164,0;46,65;16,55;125,0591;118,19;92,35;64,1;3,17;0,21;1301,6;8,4632;1932;22,0497;100080,67;214;5,781034865645125
2015T1;22;Huesca;222677,0;18,26;39,02;26,47;2,5;30,7;17259,0;19128,0;15031,0;48,85;15,89;98,8849;90,33;57,28;60,7;2,61;-3,78;1156,6;-0,81;466;16,5236;84283,08;84;5,36114490990208
2015T2;22;Huesca;222677,0;18,26;39,02;26,47;2,5;30,7;17259,0;19128,0;15031,0;50,39;15,83;100,8717;93,72;58,79;61,8;2,51;-3,32;1207,9;-0,81;348;12,069;74379,06;332;5,598933889564865
2015T3;22;Huesca;222677,0;18,26;39,02;26,47;2,5;30,7;17259,0;19128,0;15031,0;51,12;13,79;99,9261;90,26;58,23;62,3;2,45;-3,36;1160,6;-0,81;421;12,3515;75304,69;84;5,379685960947911
2015T4;22;Huesca;222677,0;18,26;39,02;26,47;2,5;30,7;17259,0;19128,0;15031,0;50,75;12,38;100,3173;92,91;58,01;63,2;2,43;-3,27;1180,9;-0,81;427;11,007;82040,74;119;5,473781795005505
2016T1;22;Huesca;221495,0;17,74;39,41;26,57;2,5;30,9;17396,0;19238,0;15192,0;49,48;14,0;98,1951;88,55;58,39;63,9;2,33;-3,32;1130,1;0,82;581;20,4819;88341,11;117;5,19705679466544
2016T2;22;Huesca;221495,0;17,74;39,41;26,57;2,5;30,9;17396,0;19238,0;15192,0;50,52;13,25;99,625;92,68;59,57;63,8;2,32;-3,6;1121,9;0,82;473;18,3932;68276,69;107;5,159346976316394
2016T3;22;Huesca;221495,0;17,74;39,41;26,57;2,5;30,9;17396,0;19238,0;15192,0;52,8;10,47;99,4392;89,74;59,39;63,8;2,37;-3,16;1144,9;0,82;454;9,6916;80006,83;101;5,265118418027133
2016T4;22;Huesca;221495,0;17,74;39,41;26,57;2,5;30,9;17396,0;19238,0;15192,0;50,95;12,44;101,4192;93,2;59,37;64,2;2,27;-3,1;1113,2;0,82;547;17,9159;83595,51;127;5,119337778799724
2017T1;22;Huesca;220749,0;17,41;39,53;26,8;2,5;31,1;17770,0;19740,0;15430,0;51,37;11,51;101,1864;90,09;60,57;64,8;2,24;-2,96;1135,7;2,3;616;17,3701;91126,65;130;5,112886888013506
2017T2;22;Huesca;220749,0;17,41;39,53;26,8;2,5;31,1;17770,0;19740,0;15430,0;50,51;10,31;101,6776;93,77;60,55;65,0;2,17;-2,83;1125,5;2,3;581;10,327;94464,75;133;5,066966797974113
2017T3;22;Huesca;220749,0;17,41;39,53;26,8;2,5;31,1;17770,0;19740,0;15430,0;55,22;6,25;101,1574;91,13;61,09;64,9;2,22;-2,84;1118,5;2,3;534;12,3596;83628,99;117;5,035453010692178
2017T4;22;Huesca;220749,0;17,41;39,53;26,8;2,5;31,1;17770,0;19740,0;15430,0;53,46;8,12;102,9153;94,8;61,23;65,6;2,15;-2,79;1142,9;2,3;677;24,6677;93644,44;193;5,145301069217783
2018T1;22;Huesca;220653,0;17,13;39,56;27,03;2,5;31,4;18330,0;20361,0;15949,0;51,59;9,83;102,1683;91,97;62,44;65,5;2,23;-2,6;1125,7;4,53;659;8,6495;79309,46;42;4,91303873431533
2018T2;22;Huesca;220653,0;17,13;39,56;27,03;2,5;31,4;18330,0;20361,0;15949,0;52,07;9,99;103,7635;95,37;63,27;64,9;2,2;-2,19;1104,0;4,53;645;7,907;88456,46;222;4,818330605564648
2018T3;22;Huesca;220653,0;17,13;39,56;27,03;2,5;31,4;18330,0;20361,0;15949,0;54,22;8,28;103,7631;92,55;64,43;65,9;2,17;-1,81;1134,4;4,53;664;19,5783;78987,01;424;4,95100927441353
2018T4;22;Huesca;220653,0;17,13;39,56;27,03;2,5;31,4;18330,0;20361,0;15949,0;51,89;9,94;104,7539;96,51;65,02;66,5;2,26;-1,57;1166,5;4,53;680;14,1176;83464,48;141;5,091107474086198
2019T1;22;Huesca;220996,0;17,09;39,39;27,23;2,5;31,4;19081,0;21025,0;16796,0;52,22;9,17;103,2839;92,79;66,44;64,6;2,37;-1,25;1139,7;7,63;723;16,0443;86783,38;168;4,778365913736177
2019T2;22;Huesca;220996,0;17,09;39,39;27,23;2,5;31,4;19081,0;21025,0;16796,0;53,39;9,45;104,619;96,07;67,5;65,5;2,35;-1,14;1158,4;7,63;681;12,9222;85687,35;132;4,856768513180651
2019T3;22;Huesca;220996,0;17,09;39,39;27,23;2,5;31,4;19081,0;21025,0;16796,0;55,19;7,88;103,8587;93,19;68,14;64,7;2,15;-1,19;1172,4;7,63;630;12,8571;91952,98;128;4,915465646454589
2019T4;22;Huesca;220996,0;17,09;39,39;27,23;2,5;31,4;19081,0;21025,0;16796,0;54,18;9,59;104,9141;96,93;68,59;63,0;1,99;-1,08;1168,7;7,63;795;26,7925;93997,33;186;4,899952832660762
2020T1;22;Huesca;222767,0;17,17;39,25;27,33;2,5;31,6;19431,0;21432,0;17052,0;53,26;8,96;103,4428;92,62;68,86;63,8;2,03;-1,14;1141,4;4,23;619;9,2084;91192,98;87;4,699294941073542
2020T2;22;Huesca;222767,0;17,17;39,25;27,33;2,5;31,6;19431,0;21432,0;17052,0;51,46;10,78;102,9209;93,31;69,54;64,2;1,91;-1,64;1122,0;4,23;362;14,6409;83634,75;88;4,619422572178478
2020T3;22;Huesca;222767,0;17,17;39,25;27,33;2,5;31,6;19431,0;21432,0;17052,0;50,88;10,83;102,6471;92,71;69,85;63,6;1,94;-1,62;1140,3;4,23;628;21,4968;100070,42;142;4,694766095414543
2020T4;22;Huesca;222767,0;17,17;39,25;27,33;2,5;31,6;19431,0;21432,0;17052,0;50,2;12,46;103,5811;97,76;69,34;65,2;1,8;-1,19;1152,9;4,23;725;21,1034;96652,36;87;4,746641963872163
2021T1;22;Huesca;223995,0;17,18;39,36;27,29;2,4;32,1;20141,0;22162,0;17750,0;52,29;9,09;103,8075;94,96;70,16;64,7;1,72;-0,8;1125,1;5,009;734;29,1553;86418,55;100;4,468894295218708
2021T2;22;Huesca;223995,0;17,18;39,36;27,29;2,4;32,1;20141,0;22162,0;17750,0;55,12;6,73;106,4102;100,28;71,26;64,9;1,62;0,07;1145,6;5,009;644;11,0248;97556,34;123;4,550320242291843
2021T3;22;Huesca;223995,0;17,18;39,36;27,29;2,4;32,1;20141,0;22162,0;17750,0;56,47;7,32;107,2195;99,76;72,96;65,2;1,59;0,74;1174,3;5,009;794;21,1587;96217,82;187;4,664316568194231
2021T4;22;Huesca;223995,0;17,18;39,36;27,29;2,4;32,1;20141,0;22162,0;17750,0;53,77;7,33;111,018;105,01;73,73;65,4;1,54;0,76;1168,5;5,009;748;17,9144;102187,63;127;4,641278983168661
2022T1;22;Huesca;225199,0;17,11;39,29;27,52;2,4;32,4;21026,0;23034,0;18681,0;53,96;6,76;114,029;105,46;75,56;65,2;1,6;0,72;1189,3;14,1475;861;14,0534;102805,29;108;4,525064206220869
2022T2;22;Huesca;225199,0;17,11;39,29;27,52;2,4;32,4;21026,0;23034,0;18681,0;51,51;11,28;118,0269;114,52;76,63;65,2;1,74;0,98;1191,9;14,1475;915;13,8798;102342,49;149;4,534956720251118
2022T3;22;Huesca;225199,0;17,11;39,29;27,52;2,4;32,4;21026,0;23034,0;18681,0;52,24;10,54;119,2437;110,54;77,47;64,6;2,14;0,87;1161,7;14,1475;831;10,71;100951,22;268;4,420051364976696
2022T4;22;Huesca;225199,0;17,11;39,29;27,52;2,4;32,4;21026,0;23034,0;18681,0;51,46;9,1;118,8935;115,01;76,89;63,9;2,87;0,3;1185,3;14,1475;708;8,0508;108707,43;133;4,509844953866641
2023T1;22;Huesca;226878,0;17,27;39,17;27,51;2,4;32,7;22033,0;24029,0;19700,0;52,1;7,89;119,4282;112,83;77,97;63,0;3,59;-0,75;1156,4;11,2792;730;11,0959;101990,17;133;4,198792720010893
2023T2;22;Huesca;226878,0;17,27;39,17;27,51;2,4;32,7;22033,0;24029,0;19700,0;52,39;8,12;120,6258;116,6;79,25;62,7;3,89;-2,01;1185,1;11,2792;773;8,7969;90148,65;211;4,303000045386466
2023T3;22;Huesca;226878,0;17,27;39,17;27,51;2,4;32,7;22033,0;24029,0;19700,0;53,58;6,36;121,9425;112,78;81,13;62,2;4,06;-3,14;1166,1;11,2792;925;15,1351;98480,34;67;4,234012617437481
2023T4;22;Huesca;226878,0;17,27;39,17;27,51;2,4;32,7;22033,0;24029,0;19700,0;50,97;11,42;122,3243;117,61;80,19;61,4;4,03;-3,14;1205,5;11,2792;679;11,1929;109425,53;258;4,377070757500113
2024T1;22;Huesca;228519,0;17,27;39,17;27,51;2,4;32,7;22866,0;24847,0;20562,0;52,41;10,34;123,038;113,32;83,44;61,5;3,69;-2,61;1195,8;11,9727;985;20,3046;100166,67;105;4,183678824455524
2024T2;22;Huesca;228519,0;17,27;39,17;27,51;2,4;32,7;22866,0;24847,0;20562,0;53,1;10,27;124,9496;117,41;87,06;63,0;3,55;-1,79;1238,8;11,9727;714;13,7255;97141,27;133;4,334120528295285
2024T3;22;Huesca;228519,0;17,27;39,17;27,51;2,4;32,7;22866,0;24847,0;20562,0;56,18;7,0;124,4977;114,16;89,49;63,3;3,45;-0,62;1228,6;11,9727;892;12,6682;109004,41;331;4,298434356686784
2024T4;22;Huesca;228519,0;17,27;39,17;27,51;2,4;32,7;22866,0;24847,0;20562,0;53,64;8,91;125,6684;118,19;90,89;64,1;3,17;0,21;1269,6;11,9727;821;13,1547;111267,33;132;4,441878771975859
2015T1;23;Jaén;652317,0;21,75;38,75;21,33;2,6;26,7;12141,0;13109,0;10828,0;35,44;35,47;98,9087;90,33;53,94;60,7;2,61;-3,78;809,4;-0,32;840;20,5952;72566,04;286;5,333333333333333
2015T2;23;Jaén;652317,0;21,75;38,75;21,33;2,6;26,7;12141,0;13109,0;10828,0;36,0;34,56;101,1148;93,72;56,15;61,8;2,51;-3,32;829,5;-0,32;858;16,4336;69094,88;283;5,465777118853472
2015T3;23;Jaén;652317,0;21,75;38,75;21,33;2,6;26,7;12141,0;13109,0;10828,0;35,4;35,38;99,6119;90,26;56,78;62,3;2,45;-3,36;822,0;-0,32;807;17,72;69933,01;245;5,416357795898196
2015T4;23;Jaén;652317,0;21,75;38,75;21,33;2,6;26,7;12141,0;13109,0;10828,0;38,73;30,84;100,3646;92,91;56,39;63,2;2,43;-3,27;807,2;-0,32;775;17,6774;70899,85;212;5,318836998599786
2016T1;23;Jaén;647007,0;21,29;39,24;21,51;2,6;27,0;12462,0;13386,0;11208,0;38,6;29,73;98,1132;88,55;56,88;63,9;2,33;-3,32;821,4;0,28;895;13,5196;69691,87;264;5,272989889263361
2016T2;23;Jaén;647007,0;21,29;39,24;21,51;2,6;27,0;12462,0;13386,0;11208,0;35,32;34,85;100,0287;92,68;57,6;63,8;2,32;-3,6;813,3;0,28;1060;13,4906;66944,8;261;5,220991815117959
2016T3;23;Jaén;647007,0;21,29;39,24;21,51;2,6;27,0;12462,0;13386,0;11208,0;35,87;33,22;99,215;89,74;57,55;63,8;2,37;-3,16;831,7;0,28;902;13,6364;72197,2;213;5,3391108971272665
2016T4;23;Jaén;647007,0;21,29;39,24;21,51;2,6;27,0;12462,0;13386,0;11208,0;37,97;30,57;101,2502;93,2;57,57;64,2;2,27;-3,1;830,0;0,28;906;8,6093;73398,68;314;5,328197721072059
2017T1;23;Jaén;642515,0;20,88;39,54;21,8;2,6;26,9;12875,0;13902,0;11504,0;41,52;25,39;100,8652;90,09;58,08;64,8;2,24;-2,96;809,0;0,04;1161;15,7623;74900,65;233;5,026796116504855
2017T2;23;Jaén;642515,0;20,88;39,54;21,8;2,6;26,9;12875,0;13902,0;11504,0;38,61;30,76;101,9242;93,77;58,98;65,0;2,17;-2,83;806,2;0,04;1174;10,6474;71983,01;430;5,009398058252427
2017T3;23;Jaén;642515,0;20,88;39,54;21,8;2,6;26,9;12875,0;13902,0;11504,0;39,75;27,01;100,8415;91,13;59,67;64,9;2,22;-2,84;817,5;0,04;1043;13,9981;75536,56;326;5,079611650485437
2017T4;23;Jaén;642515,0;20,88;39,54;21,8;2,6;26,9;12875,0;13902,0;11504,0;41,4;23,86;102,7815;94,8;60,15;65,6;2,15;-2,79;812,4;0,04;1040;13,1731;72882,05;306;5,047922330097087
2018T1;23;Jaén;637669,0;20,6;39,69;22,2;2,5;27,2;13450,0;14549,0;12007,0;41,85;22,47;101,6238;91,97;60,44;65,5;2,23;-2,6;798,6;0,44;1111;12,7813;76285,35;233;4,750037174721189
2018T2;23;Jaén;637669,0;20,6;39,69;22,2;2,5;27,2;13450,0;14549,0;12007,0;39,79;24,7;103,6485;95,37;61,78;64,9;2,2;-2,19;813,5;0,44;1216;12,0066;77474,84;395;4,838661710037175
2018T3;23;Jaén;637669,0;20,6;39,69;22,2;2,5;27,2;13450,0;14549,0;12007,0;39,91;23,18;103,0345;92,55;62,89;65,9;2,17;-1,81;803,6;0,44;1187;15,417;80277,27;275;4,779776951672862
2018T4;23;Jaén;637669,0;20,6;39,69;22,2;2,5;27,2;13450,0;14549,0;12007,0;41,35;21,7;104,1892;96,51;63,54;66,5;2,26;-1,57;820,6;0,44;1205;12,0332;77918,81;297;4,88089219330855
2019T1;23;Jaén;633375,0;20,31;39,79;22,6;2,5;27,5;14261,0;15371,0;12807,0;42,31;20,35;102,3512;92,79;64,02;64,6;2,37;-1,25;809,9;1,87;1254;12,2807;75113,53;257;4,543299908842297
2019T2;23;Jaén;633375,0;20,31;39,79;22,6;2,5;27,5;14261,0;15371,0;12807,0;39,45;24,44;104,0318;96,07;65,22;65,5;2,35;-1,14;785,0;1,87;1292;8,9783;78839,8;293;4,403618259589089
2019T3;23;Jaén;633375,0;20,31;39,79;22,6;2,5;27,5;14261,0;15371,0;12807,0;39,25;24,26;102,6981;93,19;66,6;64,7;2,15;-1,19;800,3;1,87;1098;9,0164;81104,42;230;4,489446742865157
2019T4;23;Jaén;633375,0;20,31;39,79;22,6;2,5;27,5;14261,0;15371,0;12807,0;41,17;20,11;104,1752;96,93;66,17;63,0;1,99;-1,08;801,5;1,87;1107;9,3044;77477,99;357;4,496178388612299
2020T1;23;Jaén;630524,0;20,0;39,94;22,96;2,5;27,9;14230,0;15098,0;13079,0;40,77;20,16;102,8847;92,62;66,67;63,8;2,03;-1,14;794,4;1,56;1490;12,6174;80491,84;193;4,4660576247364725
2020T2;23;Jaén;630524,0;20,0;39,94;22,96;2,5;27,9;14230,0;15098,0;13079,0;35,38;25,63;103,3404;93,31;66,76;64,2;1,91;-1,64;786,3;1,56;830;9,759;77490,54;393;4,420520028109627
2020T3;23;Jaén;630524,0;20,0;39,94;22,96;2,5;27,9;14230,0;15098,0;13079,0;38,5;27,44;102,6334;92,71;67,44;63,6;1,94;-1,62;773,9;1,56;1061;9,6136;76255,54;365;4,3508081517919885
2020T4;23;Jaén;630524,0;20,0;39,94;22,96;2,5;27,9;14230,0;15098,0;13079,0;41,46;22,75;103,9226;97,76;67,27;65,2;1,8;-1,19;789,1;1,56;1118;8,4079;73214,46;328;4,436261419536192
2021T1;23;Jaén;627568,0;19,87;40,07;23,2;2,5;28,2;15190,0;16199,000000000002;13883,0;41,76;20,37;103,6561;94,96;67,1;64,7;1,72;-0,8;765,5;1,9679;1338;13,3782;76405,68;301;4,031599736668861
2021T2;23;Jaén;627568,0;19,87;40,07;23,2;2,5;28,2;15190,0;16199,000000000002;13883,0;39,01;24,45;106,2587;100,28;69,14;64,9;1,62;0,07;777,1;1,9679;1372;9,9125;80388,68;467;4,092692560895326
2021T3;23;Jaén;627568,0;19,87;40,07;23,2;2,5;28,2;15190,0;16199,000000000002;13883,0;40,85;23,02;106,2773;99,76;71,51;65,2;1,59;0,74;786,0;1,9679;1385;10,9747;80257,31;246;4,139565503620803
2021T4;23;Jaén;627568,0;19,87;40,07;23,2;2,5;28,2;15190,0;16199,000000000002;13883,0;42,7;20,52;110,2212;105,01;72,66;65,4;1,54;0,76;781,6;1,9679;1341;9,6197;80100,0;254;4,116392363396972
2022T1;23;Jaén;624191,0;19,71;40,03;23,64;2,5;28,8;16012,0;17159,0;14559,0;43,22;18,74;112,3212;105,46;74,4;65,2;1,6;0,72;796,4;4,8719;1458;10,3567;81607,73;292;3,979015738196353
2022T2;23;Jaén;624191,0;19,71;40,03;23,64;2,5;28,8;16012,0;17159,0;14559,0;41,89;19,73;116,6332;114,52;76,2;65,2;1,74;0,98;798,9;4,8719;1654;11,8501;82826,86;390;3,9915063702223335
2022T3;23;Jaén;624191,0;19,71;40,03;23,64;2,5;28,8;16012,0;17159,0;14559,0;42,19;19,38;117,842;110,54;77,43;64,6;2,14;0,87;787,5;4,8719;1532;14,8825;82625,11;360;3,934549088183862
2022T4;23;Jaén;624191,0;19,71;40,03;23,64;2,5;28,8;16012,0;17159,0;14559,0;41,98;18,05;118,1598;115,01;77,35;63,9;2,87;0,3;793,3;4,8719;1525;8,6557;84831,09;274;3,9635273544841367
2023T1;23;Jaén;620637,0;19,47;40,07;24,07;2,4;29,2;17014,0;18306,0;15402,0;43,73;14,02;118,4403;112,83;77,52;63,0;3,59;-0,75;798,2;5,3445;1806;9,3023;84920,46;303;3,753144469260609
2023T2;23;Jaén;620637,0;19,47;40,07;24,07;2,4;29,2;17014,0;18306,0;15402,0;42,82;17,18;120,1874;116,6;79,63;62,7;3,89;-2,01;803,8;5,3445;1577;10,2093;82784,98;303;3,7794757258728096
2023T3;23;Jaén;620637,0;19,47;40,07;24,07;2,4;29,2;17014,0;18306,0;15402,0;40,32;23,55;121,0057;112,78;81,93;62,2;4,06;-3,14;797,1;5,3445;1404;9,6866;82274,38;223;3,747972258140355
2023T4;23;Jaén;620637,0;19,47;40,07;24,07;2,4;29,2;17014,0;18306,0;15402,0;42,61;19,14;121,6675;117,61;81,45;61,4;4,03;-3,14;789,1;5,3445;1512;15,6085;80367,54;231;3,710356177265781
2024T1;23;Jaén;619055,0;19,47;40,07;24,07;2,4;29,2;17792,0;19069,0;16204,0;41,49;16,75;122,1663;113,32;83,66;61,5;3,69;-2,61;797,3;6,2999;1452;12,0523;83072,35;370;3,584982014388489
2024T2;23;Jaén;619055,0;19,47;40,07;24,07;2,4;29,2;17792,0;19069,0;16204,0;41,17;21,3;124,5494;117,41;87,22;63,0;3,55;-1,79;813,7;6,2999;1634;11,9339;80031,58;309;3,658723021582734
2024T3;23;Jaén;619055,0;19,47;40,07;24,07;2,4;29,2;17792,0;19069,0;16204,0;41,65;21,91;123,7797;114,16;90,57;63,3;3,45;-0,62;802,5;6,2999;1903;13,0321;83400,68;299;3,608363309352518
2024T4;23;Jaén;619055,0;19,47;40,07;24,07;2,4;29,2;17792,0;19069,0;16204,0;43,14;17,38;124,6534;118,19;92,35;64,1;3,17;0,21;813,9;6,2999;1855;11,4286;89446,29;294;3,659622302158273
2015T1;24;León;479104,0;17,3;38,78;30,86;2,3;33,3;17817,0;19954,0;15329,0;38,2;24,0;98,9759;90,33;61,89;60,7;2,61;-3,78;846,5;-1,23;621;41,3849;84571,43;76;3,800864343043161
2015T2;24;León;479104,0;17,3;38,78;30,86;2,3;33,3;17817,0;19954,0;15329,0;39,8;20,75;100,8515;93,72;63,4;61,8;2,51;-3,32;872,8;-1,23;608;36,8421;82238,96;86;3,9189538081607456
2015T3;24;León;479104,0;17,3;38,78;30,86;2,3;33,3;17817,0;19954,0;15329,0;40,25;19,93;99,792;90,26;62,95;62,3;2,45;-3,36;892,6;-1,23;609;28,4072;77830,07;103;4,007857664028736
2015T4;24;León;479104,0;17,3;38,78;30,86;2,3;33,3;17817,0;19954,0;15329,0;39,39;20,31;100,3807;92,91;62,98;63,2;2,43;-3,27;908,0;-1,23;537;28,3054;77435,97;177;4,077005107481619
2016T1;24;León;473574,0;16,63;38,99;31,33;2,3;33,7;17856,0;19944,0;15448,0;39,55;21,45;97,6824;88,55;62,96;63,9;2,33;-3,32;911,2;0,63;631;28,0507;75377,92;122;4,082437275985663
2016T2;24;León;473574,0;16,63;38,99;31,33;2,3;33,7;17856,0;19944,0;15448,0;40,45;19,58;99,3711;92,68;63,75;63,8;2,32;-3,6;880,4;0,63;658;34,6505;86719,23;111;3,9444444444444446
2016T3;24;León;473574,0;16,63;38,99;31,33;2,3;33,7;17856,0;19944,0;15448,0;42,79;17,15;99,5037;89,74;63,7;63,8;2,37;-3,16;911,1;0,63;687;30,4221;83329,58;282;4,081989247311828
2016T4;24;León;473574,0;16,63;38,99;31,33;2,3;33,7;17856,0;19944,0;15448,0;41,11;18,69;101,6511;93,2;63,47;64,2;2,27;-3,1;905,9;0,63;599;24,8748;80409,47;92;4,058691756272402
2017T1;24;León;468637,0;16,03;39,06;31,88;2,3;34,1;18333,0;20495,0;15866,0;40,82;18,57;101,3128;90,09;64,28;64,8;2,24;-2,96;896,0;1,11;820;35,7317;86072,57;120;3,909889270714013
2017T2;24;León;468637,0;16,03;39,06;31,88;2,3;34,1;18333,0;20495,0;15866,0;42,5;16,23;102,0306;93,77;64,47;65,0;2,17;-2,83;887,5;1,11;668;29,491;87087,21;156;3,872797687230677
2017T3;24;León;468637,0;16,03;39,06;31,88;2,3;34,1;18333,0;20495,0;15866,0;42,17;15,88;101,4285;91,13;64,37;64,9;2,22;-2,84;868,3;1,11;689;29,0276;87490,64;189;3,7890143457153767
2017T4;24;León;468637,0;16,03;39,06;31,88;2,3;34,1;18333,0;20495,0;15866,0;41,96;14,93;103,3237;94,8;64,92;65,6;2,15;-2,79;870,5;1,11;638;24,6082;77596,35;178;3,798614520264005
2018T1;24;León;464276,0;15,52;38,94;32,55;2,3;34,6;18842,0;21072,0;16325,0;42,65;14,88;102,3054;91,97;65,68;65,5;2,23;-2,6;891,2;2,43;747;27,7108;85262,01;115;3,7838870608215687
2018T2;24;León;464276,0;15,52;38,94;32,55;2,3;34,6;18842,0;21072,0;16325,0;44,34;11,42;104,2063;95,37;66,9;64,9;2,2;-2,19;875,1;2,43;732;27,459;100537,37;243;3,715529137034285
2018T3;24;León;464276,0;15,52;38,94;32,55;2,3;34,6;18842,0;21072,0;16325,0;45,67;10,1;104,1802;92,55;68,04;65,9;2,17;-1,81;860,3;2,43;892;28,8117;89205,41;105;3,6526907971552913
2018T4;24;León;464276,0;15,52;38,94;32,55;2,3;34,6;18842,0;21072,0;16325,0;45,12;10,66;105,0824;96,51;67,99;66,5;2,26;-1,57;875,3;2,43;727;24,3466;83477,58;179;3,716378303789407
2019T1;24;León;460247,0;15,12;38,86;33,07;2,3;35,1;19390,0;21591,0;16944,0;43,62;13,11;103,8015;92,79;68,93;64,6;2,37;-1,25;885,9;3,16;823;24,4228;85974,85;260;3,655079938112429
2019T2;24;León;460247,0;15,12;38,86;33,07;2,3;35,1;19390,0;21591,0;16944,0;46,31;12,22;105,3632;96,07;70,47;65,5;2,35;-1,14;852,3;3,16;893;23,0683;81567,03;241;3,516451779267664
2019T3;24;León;460247,0;15,12;38,86;33,07;2,3;35,1;19390,0;21591,0;16944,0;46,42;12,43;104,5585;93,19;70,81;64,7;2,15;-1,19;865,7;3,16;790;24,1772;92522,73;240;3,5717380092831355
2019T4;24;León;460247,0;15,12;38,86;33,07;2,3;35,1;19390,0;21591,0;16944,0;45,37;12,99;105,7759;96,93;71,39;63,0;1,99;-1,08;874,4;3,16;789;23,9544;89761,8;111;3,607632800412584
2020T1;24;León;456697,0;14,79;38,7;33,66;2,2;35,5;19673,0;21761,0;17370,0;42,99;15,27;104,0406;92,62;70,95;63,8;2,03;-1,14;865,4;2,22;863;27,4623;88317,65;192;3,5191379047425406
2020T2;24;León;456697,0;14,79;38,7;33,66;2,2;35,5;19673,0;21761,0;17370,0;40,36;15,35;103,6324;93,31;72,55;64,2;1,91;-1,64;857,4;2,22;550;29,2727;91609,96;190;3,486606008234636
2020T3;24;León;456697,0;14,79;38,7;33,66;2,2;35,5;19673,0;21761,0;17370,0;43,06;15,15;103,4124;92,71;72,38;63,6;1,94;-1,62;867,8;2,22;794;17,3804;93608,32;278;3,528897473694912
2020T4;24;León;456697,0;14,79;38,7;33,66;2,2;35,5;19673,0;21761,0;17370,0;42,66;12,07;104,6137;97,76;72,33;65,2;1,8;-1,19;849,5;2,22;978;22,6994;94882,46;147;3,4544807604330807
2021T1;24;León;452435,0;14,59;38,83;33,82;2,2;36,1;20358,0;22482,0;18033,0;41,19;15,12;104,9059;94,96;72,36;64,7;1,72;-0,8;854,6;1,6798;907;22,2712;86137,32;210;3,358286668631496
2021T2;24;León;452435,0;14,59;38,83;33,82;2,2;36,1;20358,0;22482,0;18033,0;41,14;16,36;107,6002;100,28;74,44;64,9;1,62;0,07;837,6;1,6798;945;20,3175;84993,23;170;3,291482463896257
2021T3;24;León;452435,0;14,59;38,83;33,82;2,2;36,1;20358,0;22482,0;18033,0;45,88;10,67;108,1667;99,76;75,44;65,2;1,59;0,74;860,4;1,6798;1042;27,0633;100015,8;116;3,381078691423519
2021T4;24;León;452435,0;14,59;38,83;33,82;2,2;36,1;20358,0;22482,0;18033,0;44,26;12,34;112,2045;105,01;76,22;65,4;1,54;0,76;849,7;1,6798;1064;31,9549;94550,23;229;3,339031339031339
2022T1;24;León;449270,0;14,43;38,42;34,53;2,2;36,7;21389,0;23621,0;18999,0;44,74;13,11;115,3493;105,46;77,6;65,2;1,6;0,72;874,5;7,6368;1097;22,8806;97680,49;394;3,2708401514797325
2022T2;24;León;449270,0;14,43;38,42;34,53;2,2;36,7;21389,0;23621,0;18999,0;46,71;10,86;120,2758;114,52;79,21;65,2;1,74;0,98;867,1;7,6368;1113;29,2902;100476,53;90;3,243162373182477
2022T3;24;León;449270,0;14,43;38,42;34,53;2,2;36,7;21389,0;23621,0;18999,0;47,14;10,13;121,9532;110,54;80,39;64,6;2,14;0,87;870,5;7,6368;1221;24,3243;102356,15;83;3,2558791902379727
2022T4;24;León;449270,0;14,43;38,42;34,53;2,2;36,7;21389,0;23621,0;18999,0;46,23;8,42;121,9202;115,01;79,32;63,9;2,87;0,3;873,9;7,6368;1097;21,8778;100295,73;141;3,268596007293469
2023T1;24;León;448573,0;14,47;38,22;34,79;2,2;37,1;22396,0;24635,0;20016,0;44,78;11,0;122,2354;112,83;79,54;63,0;3,59;-0,75;871,5;5,814;1086;18,6004;100834,38;169;3,113055902839793
2023T2;24;León;448573,0;14,47;38,22;34,79;2,2;37,1;22396,0;24635,0;20016,0;46,09;9,04;123,7506;116,6;81,46;62,7;3,89;-2,01;886,6;5,814;1087;22,1711;96832,26;284;3,166994106090373
2023T3;24;León;448573,0;14,47;38,22;34,79;2,2;37,1;22396,0;24635,0;20016,0;45,33;10,4;124,7841;112,78;82,36;62,2;4,06;-3,14;871,5;5,814;1071;20,2614;92732,45;127;3,113055902839793
2023T4;24;León;448573,0;14,47;38,22;34,79;2,2;37,1;22396,0;24635,0;20016,0;43,9;10,09;125,3571;117,61;82,08;61,4;4,03;-3,14;889,8;5,814;1019;24,9264;96437,06;129;3,178424718699768
2024T1;24;León;447802,0;14,47;38,22;34,79;2,2;37,1;23315,0;25560,0;20955,0;43,19;8,96;125,9523;113,32;84,24;61,5;3,69;-2,61;904,3;9,2988;1188;19,7811;100381,6;173;3,1028951318893414
2024T2;24;León;447802,0;14,47;38,22;34,79;2,2;37,1;23315,0;25560,0;20955,0;43,44;10,58;127,9902;117,41;87,06;63,0;3,55;-1,79;881,2;9,2988;1103;17,1351;96753,7;153;3,0236328543855886
2024T3;24;León;447802,0;14,47;38,22;34,79;2,2;37,1;23315,0;25560,0;20955,0;44,7;11,09;127,0593;114,16;88,94;63,3;3,45;-0,62;908,8;9,2988;1339;21,2845;102617,99;191;3,118335835299164
2024T4;24;León;447802,0;14,47;38,22;34,79;2,2;37,1;23315,0;25560,0;20955,0;44,43;7,82;127,9989;118,19;90,75;64,1;3,17;0,21;914,8;9,2988;1718;19,674;96800,0;346;3,138923439845593
2015T1;25;Lleida;431044,0;19,33;40,2;22,35;2,6;29,5;17327,0;18673,0;15703,0;51,52;16,91;98,8305;90,33;50,9;60,7;2,61;-3,78;1008,5;-2,04;721;23,4397;82314,98;106;4,656316731113291
2015T2;25;Lleida;431044,0;19,33;40,2;22,35;2,6;29,5;17327,0;18673,0;15703,0;53,19;14,94;100,9607;93,72;53,67;61,8;2,51;-3,32;1015,9;-2,04;574;24,7387;81358,97;175;4,690483061118486
2015T3;25;Lleida;431044,0;19,33;40,2;22,35;2,6;29,5;17327,0;18673,0;15703,0;54,93;14,04;99,9071;90,26;54,15;62,3;2,45;-3,36;996,8;-2,04;757;20,7398;92646,92;194;4,602296993132106
2015T4;25;Lleida;431044,0;19,33;40,2;22,35;2,6;29,5;17327,0;18673,0;15703,0;54,21;14,26;100,3017;92,91;54,38;63,2;2,43;-3,27;1034,4;-2,04;599;22,7045;91694,69;140;4,775898886131471
2016T1;25;Lleida;429806,0;18,77;40,51;22,6;2,5;29,9;17512,0;18934,0;15801,0;53,49;15,18;98,058;88,55;55,27;63,9;2,33;-3,32;1025,6;0,14;794;24,1814;87326,75;144;4,685244403837369
2016T2;25;Lleida;429806,0;18,77;40,51;22,6;2,5;29,9;17512,0;18934,0;15801,0;53,43;11,44;99,9045;92,68;56,63;63,8;2,32;-3,6;1025,9;0,14;809;19,9011;92001,62;118;4,686614892645044
2016T3;25;Lleida;429806,0;18,77;40,51;22,6;2,5;29,9;17512,0;18934,0;15801,0;53,37;9,3;99,6874;89,74;57,74;63,8;2,37;-3,16;1009,4;0,14;786;15,7761;90101,05;164;4,611238008222933
2016T4;25;Lleida;429806,0;18,77;40,51;22,6;2,5;29,9;17512,0;18934,0;15801,0;52,82;10,59;101,5126;93,2;58,42;64,2;2,27;-3,1;1023,6;0,14;682;16,7155;88509,26;146;4,676107811786204
2017T1;25;Lleida;429821,0;18,33;40,73;22,83;2,5;29,7;17958,0;19448,0;16175,999999999998;52,09;11,57;101,3597;90,09;60,12;64,8;2,24;-2,96;1021,9;2,48;841;17,8359;87691,41;100;4,55240004454839
2017T2;25;Lleida;429821,0;18,33;40,73;22,83;2,5;29,7;17958,0;19448,0;16175,999999999998;51,42;12,32;102,1551;93,77;61,89;65,0;2,17;-2,83;1008,2;2,48;860;14,4186;86231,1;155;4,491368749303931
2017T3;25;Lleida;429821,0;18,33;40,73;22,83;2,5;29,7;17958,0;19448,0;16175,999999999998;53,76;11,39;101,7045;91,13;63,48;64,9;2,22;-2,84;1029,1;2,48;859;15,2503;93047,51;116;4,584474885844749
2017T4;25;Lleida;429821,0;18,33;40,73;22,83;2,5;29,7;17958,0;19448,0;16175,999999999998;53,39;11,4;103,2013;94,8;64,39;65,6;2,15;-2,79;1044,9;2,48;843;21,1151;92169,81;145;4,654861343133979
2018T1;25;Lleida;430650,0;18,09;40,72;23,07;2,6;28,9;18570,0;20061,0;16791,0;51,85;10,55;102,4276;91,97;65,27;65,5;2,23;-2,6;1033,9;6,66;975;16,2051;84553,42;206;4,454065697361336
2018T2;25;Lleida;430650,0;18,09;40,72;23,07;2,6;28,9;18570,0;20061,0;16791,0;52,78;10,81;104,3234;95,37;67,66;64,9;2,2;-2,19;1059,3;6,66;1069;26,4733;93677,55;316;4,563489499192245
2018T3;25;Lleida;430650,0;18,09;40,72;23,07;2,6;28,9;18570,0;20061,0;16791,0;54,2;8,61;104,3823;92,55;69,24;65,9;2,17;-1,81;1023,5;6,66;1009;25,8672;92077,06;284;4,40926225094238
2018T4;25;Lleida;430650,0;18,09;40,72;23,07;2,6;28,9;18570,0;20061,0;16791,0;54,96;12,21;105,4888;96,51;69,63;66,5;2,26;-1,57;1058,1;6,66;892;21,5247;90290,15;193;4,55831987075929
2019T1;25;Lleida;432917,0;18,09;40,66;23,23;2,6;28,9;19289,0;20754,0;17541,0;54,44;10,93;103,7897;92,79;70,24;64,6;2,37;-1,25;1023,8;11,56;1012;17,3913;86319,19;268;4,246150655814195
2019T2;25;Lleida;432917,0;18,09;40,66;23,23;2,6;28,9;19289,0;20754,0;17541,0;55,26;10,09;105,7414;96,07;71,17;65,5;2,35;-1,14;1000,9;11,56;887;19,6167;85597,04;337;4,1511742443879935
2019T3;25;Lleida;432917,0;18,09;40,66;23,23;2,6;28,9;19289,0;20754,0;17541,0;57,08;8,37;104,9867;93,19;72,47;64,7;2,15;-1,19;1023,5;11,56;1003;22,7318;89202,82;199;4,244906423350096
2019T4;25;Lleida;432917,0;18,09;40,66;23,23;2,6;28,9;19289,0;20754,0;17541,0;57,74;9,31;106,2613;96,93;71,98;63,0;1,99;-1,08;1028,5;11,56;848;20,8726;92903,3;246;4,265643631085075
2020T1;25;Lleida;437508,0;18,24;40,51;23,33;2,6;29,1;19495,0;20881,0;17831,0;57,06;7,55;104,8727;92,62;72,46;63,8;2,03;-1,14;995,6;3,01;1096;16,7883;86610,17;189;4,08556040010259
2020T2;25;Lleida;437508,0;18,24;40,51;23,33;2,6;29,1;19495,0;20881,0;17831,0;53,06;9,13;104,7506;93,31;72,82;64,2;1,91;-1,64;996,0;3,01;544;20,0368;91880,0;161;4,08720184662734
2020T3;25;Lleida;437508,0;18,24;40,51;23,33;2,6;29,1;19495,0;20881,0;17831,0;54,89;9,77;104,2606;92,71;73,73;63,6;1,94;-1,62;987,3;3,01;765;18,3007;92681,37;164;4,051500384714029
2020T4;25;Lleida;437508,0;18,24;40,51;23,33;2,6;29,1;19495,0;20881,0;17831,0;56,05;10,98;105,0907;97,76;72,7;65,2;1,8;-1,19;973,9;3,01;927;21,3592;102406,95;241;3,9965119261349065
2021T1;25;Lleida;439258,0;18,24;40,6;23,32;2,5;29,3;20506,0;21864,0;18869,0;55,16;12,28;105,4775;94,96;73,35;64,7;1,72;-0,8;999,0;3,046;1408;23,7926;89152,59;194;3,8973958841314738
2021T2;25;Lleida;439258,0;18,24;40,6;23,32;2,5;29,3;20506,0;21864,0;18869,0;54,89;10,03;108,0566;100,28;75,19;64,9;1,62;0,07;1028,4;3,046;1153;16,9124;102822,4;226;4,01209402126207
2021T3;25;Lleida;439258,0;18,24;40,6;23,32;2,5;29,3;20506,0;21864,0;18869,0;55,48;11,31;108,4244;99,76;76,15;65,2;1,59;0,74;995,1;3,046;1165;18,2833;105437,6;227;3,8821808251243537
2021T4;25;Lleida;439258,0;18,24;40,6;23,32;2,5;29,3;20506,0;21864,0;18869,0;55,32;11,25;112,0605;105,01;77,11;65,4;1,54;0,76;1036,7;3,046;1333;25,2063;109815,51;205;4,044474787866966
2022T1;25;Lleida;440883,0;18,31;40,43;23,53;2,5;29,5;21565,0;22932,0;19917,0;56,94;6,98;114,8245;105,46;79,0;65,2;1,6;0,72;1065,1;17,0544;1280;18,5938;107330,05;149;3,951217250173893
2022T2;25;Lleida;440883,0;18,31;40,43;23,53;2,5;29,5;21565,0;22932,0;19917,0;53,81;11,41;118,983;114,52;80,61;65,2;1,74;0,98;1057,9;17,0544;1260;19,127;123324,59;336;3,924507303501043
2022T3;25;Lleida;440883,0;18,31;40,43;23,53;2,5;29,5;21565,0;22932,0;19917,0;52,55;11,38;120,9343;110,54;82,34;64,6;2,14;0,87;1032,0;17,0544;1217;23,0896;101336,02;202;3,8284256897750986
2022T4;25;Lleida;440883,0;18,31;40,43;23,53;2,5;29,5;21565,0;22932,0;19917,0;52,42;10,21;120,4911;115,01;81,32;63,9;2,87;0,3;1057,7;17,0544;1270;22,2047;105210,77;367;3,923765360537909
2023T1;25;Lleida;447343,0;18,62;40,35;23,45;2,5;29,7;22471,0;23804,0;20869,0;52,3;9,09;121,241;112,83;81,76;63,0;3,59;-0,75;1078,2;12,8827;1403;21,1689;106166,67;165;3,8385474611721775
2023T2;25;Lleida;447343,0;18,62;40,35;23,45;2,5;29,7;22471,0;23804,0;20869,0;54,04;7,85;122,837;116,6;83,19;62,7;3,89;-2,01;1055,64;12,8827;1261;19,0325;105775,45;219;3,7582306083396384
2023T3;25;Lleida;447343,0;18,62;40,35;23,45;2,5;29,7;22471,0;23804,0;20869,0;55,74;8,09;124,1207;112,78;85,45;62,2;4,06;-3,14;1071,64;12,8827;1211;23,1214;105406,11;164;3,815192915313071
2023T4;25;Lleida;447343,0;18,62;40,35;23,45;2,5;29,7;22471,0;23804,0;20869,0;56,09;5,34;124,4331;117,61;84,19;61,4;4,03;-3,14;1099,73;12,8827;1118;24,5975;131225,59;143;3,9151973654933023
2024T1;25;Lleida;451707,0;18,62;40,35;23,45;2,5;29,7;23538,0;24853,0;21954,0;57,5;7,72;125,0093;113,32;86,34;61,5;3,69;-2,61;1118,54;16,4089;1422;26,7229;117951,72;341;3,801648398334608
2024T2;25;Lleida;451707,0;18,62;40,35;23,45;2,5;29,7;23538,0;24853,0;21954,0;56,26;6,72;127,259;117,41;88,74;63,0;3,55;-1,79;1127,18;16,4089;1234;26,2561;88668,01;344;3,831013680006798
2024T3;25;Lleida;451707,0;18,62;40,35;23,45;2,5;29,7;23538,0;24853,0;21954,0;55,65;6,97;127,0155;114,16;91,22;63,3;3,45;-0,62;1106,56;16,4089;1535;26,9707;116314,55;370;3,7609312600900666
2024T4;25;Lleida;451707,0;18,62;40,35;23,45;2,5;29,7;23538,0;24853,0;21954,0;56,09;5,13;127,5779;118,19;92,96;64,1;3,17;0,21;1145,2;16,4089;1656;26,9928;117011,21;221;3,8922593253462487
2015T1;26;Rioja, La;314457,0;18,33;40,58;23,47;2,4;30,7;18506,0;20592,0;15971,0;48,83;17,58;98,6661;90,33;58,54;60,7;2,61;-3,78;1095,4;-0,65;716;42,8771;79860,79;124;4,735329082459743
2015T2;26;Rioja, La;314457,0;18,33;40,58;23,47;2,4;30,7;18506,0;20592,0;15971,0;50,25;16,39;100,954;93,72;60,75;61,8;2,51;-3,32;1103,8;-0,65;632;28,7975;82940,74;85;4,771641629741706
2015T3;26;Rioja, La;314457,0;18,33;40,58;23,47;2,4;30,7;18506,0;20592,0;15971,0;50,8;13,59;99,7298;90,26;60,42;62,3;2,45;-3,36;1124,3;-0,65;642;22,7414;74501,36;76;4,860261536798876
2015T4;26;Rioja, La;314457,0;18,33;40,58;23,47;2,4;30,7;18506,0;20592,0;15971,0;51,08;13,97;100,6501;92,91;60,86;63,2;2,43;-3,27;1096,0;-0,65;571;30,8231;81353,56;127;4,737922835837026
2016T1;26;Rioja, La;314025,0;17,77;40,77;23,88;2,4;30,8;18748,0;20880,0;16172,0;50,34;14,38;98,0876;88,55;60,76;63,9;2,33;-3,32;1072,4;1,26;614;30,6189;82452,05;247;4,5760614465543
2016T2;26;Rioja, La;314025,0;17,77;40,77;23,88;2,4;30,8;18748,0;20880,0;16172,0;50,94;15,29;99,8889;92,68;61,68;63,8;2,32;-3,6;1103,1;1,26;817;25,5814;79085,95;103;4,707062086622573
2016T3;26;Rioja, La;314025,0;17,77;40,77;23,88;2,4;30,8;18748,0;20880,0;16172,0;51,16;13,57;99,2062;89,74;61,76;63,8;2,37;-3,16;1067,2;1,26;632;19,462;76733,17;287;4,553872413057393
2016T4;26;Rioja, La;314025,0;17,77;40,77;23,88;2,4;30,8;18748,0;20880,0;16172,0;52,39;10,9;101,4063;93,2;61,07;64,2;2,27;-3,1;1098,3;1,26;638;18,652;83158,42;117;4,686579901856198
2017T1;26;Rioja, La;314136,0;17,31;40,88;24,28;2,4;31,0;19237,0;21483,0;16545,0;51,85;12,92;100,8506;90,09;62,05;64,8;2,24;-2,96;1076,6;2,31;812;15,6404;89501,93;186;4,477205385455113
2017T2;26;Rioja, La;314136,0;17,31;40,88;24,28;2,4;31,0;19237,0;21483,0;16545,0;52,36;10,92;101,9835;93,77;62,55;65,0;2,17;-2,83;1100,9;2,31;703;20,3414;82234,57;179;4,57826064355149
2017T3;26;Rioja, La;314136,0;17,31;40,88;24,28;2,4;31,0;19237,0;21483,0;16545,0;51,19;12,62;100,8101;91,13;62,39;64,9;2,22;-2,84;1071,7;2,31;789;22,4335;81584,44;106;4,456827987731975
2017T4;26;Rioja, La;314136,0;17,31;40,88;24,28;2,4;31,0;19237,0;21483,0;16545,0;52,14;11,51;102,6367;94,8;63,28;65,6;2,15;-2,79;1078,0;2,31;723;16,7358;81814,53;131;4,483027499090295
2018T1;26;Rioja, La;314890,0;17,04;40,83;24,68;2,4;31,2;19747,0;22091,0;16980,0;51,87;11,03;101,5877;91,97;64,05;65,5;2,23;-2,6;1078,7;4,44;847;17,0012;83650,85;116;4,370081531371854
2018T2;26;Rioja, La;314890,0;17,04;40,83;24,68;2,4;31,2;19747,0;22091,0;16980,0;53,07;10,68;103,576;95,37;65,25;64,9;2,2;-2,19;1110,9;4,44;958;24,3215;83972,53;190;4,500531726338178
2018T3;26;Rioja, La;314890,0;17,04;40,83;24,68;2,4;31,2;19747,0;22091,0;16980,0;53,86;9,6;103,0629;92,55;66,55;65,9;2,17;-1,81;1136,0;4,44;864;15,2778;104660,49;109;4,602218058439257
2018T4;26;Rioja, La;314890,0;17,04;40,83;24,68;2,4;31,2;19747,0;22091,0;16980,0;53,2;10,3;104,2777;96,51;66,75;66,5;2,26;-1,57;1129,7;4,44;930;26,4516;84183,84;224;4,576695194206715
2019T1;26;Rioja, La;315967,0;16,92;40,75;24,97;2,4;31,1;19580,0;21757,0;17147,0;52,91;11,1;102,7929;92,79;68,04;64,6;2,37;-1,25;1128,6;7,93;1179;17,4724;86330,94;289;4,61123595505618
2019T2;26;Rioja, La;315967,0;16,92;40,75;24,97;2,4;31,1;19580,0;21757,0;17147,0;54,3;9,86;104,7892;96,07;69,3;65,5;2,35;-1,14;1088,1;7,93;874;19,3364;80295,29;294;4,445760980592441
2019T3;26;Rioja, La;315967,0;16,92;40,75;24,97;2,4;31,1;19580,0;21757,0;17147,0;53,77;8,99;103,6549;93,19;69,47;64,7;2,15;-1,19;1073,6;7,93;806;17,866;84265,88;258;4,3865168539325845
2019T4;26;Rioja, La;315967,0;16,92;40,75;24,97;2,4;31,1;19580,0;21757,0;17147,0;53,34;9,89;105,0048;96,93;69,86;63,0;1,99;-1,08;1108,4;7,93;857;31,1552;88013,54;83;4,528702757916241
2020T1;26;Rioja, La;318703,0;16,84;40,65;25,18;2,4;31,5;19503,0;21514,0;17247,0;52,48;11,21;103,357;92,62;70,21;63,8;2,03;-1,14;1102,7;4,21;929;20,2368;82851,8;289;4,523201558734554
2020T2;26;Rioja, La;318703,0;16,84;40,65;25,18;2,4;31,5;19503,0;21514,0;17247,0;51,05;10,11;103,8355;93,31;70,81;64,2;1,91;-1,64;1077,0;4,21;587;20,2726;90394,98;266;4,417781879710814
2020T3;26;Rioja, La;318703,0;16,84;40,65;25,18;2,4;31,5;19503,0;21514,0;17247,0;51,58;11,52;102,819;92,71;70,3;63,6;1,94;-1,62;1089,9;4,21;816;19,1176;94040,78;346;4,470696815874481
2020T4;26;Rioja, La;318703,0;16,84;40,65;25,18;2,4;31,5;19503,0;21514,0;17247,0;53,26;10,36;103,8583;97,76;70,57;65,2;1,8;-1,19;1111,4;4,21;882;21,9955;92635,27;262;4,55888837614726
2021T1;26;Rioja, La;319444,0;16,77;40,68;25,31;2,4;31,8;20341,0;22370,0;18088,0;51,6;12,02;103,798;94,96;71,24;64,7;1,72;-0,8;1079,0;4,5329;1013;19,151;87171,33;130;4,243645838454353
2021T2;26;Rioja, La;319444,0;16,77;40,68;25,31;2,4;31,8;20341,0;22370,0;18088,0;53,74;11,49;106,5179;100,28;72,44;64,9;1,62;0,07;1089,3;4,5329;1034;17,2147;94929,41;322;4,284155154613834
2021T3;26;Rioja, La;319444,0;16,77;40,68;25,31;2,4;31,8;20341,0;22370,0;18088,0;53,02;12,38;106,5914;99,76;73,9;65,2;1,59;0,74;1110,6;4,5329;1217;26,1298;89987,43;316;4,367926847254314
2021T4;26;Rioja, La;319444,0;16,77;40,68;25,31;2,4;31,8;20341,0;22370,0;18088,0;53,34;10,53;110,3688;105,01;74,29;65,4;1,54;0,76;1099,7;4,5329;1169;19,4183;96465,62;233;4,32505776510496
2022T1;26;Rioja, La;319617,0;16,78;40,49;25,66;2,4;32,2;21257,0;23370,0;18971,0;53,04;11,33;112,5469;105,46;76,45;65,2;1,6;0,72;1128,8;11,6859;1409;18,5947;97279,77;285;4,248200592745919
2022T2;26;Rioja, La;319617,0;16,78;40,49;25,66;2,4;32,2;21257,0;23370,0;18971,0;53,64;10,42;116,6741;114,52;78,13;65,2;1,74;0,98;1155,4;11,6859;1327;17,1816;104070,72;158;4,348308792397798
2022T3;26;Rioja, La;319617,0;16,78;40,49;25,66;2,4;32,2;21257,0;23370,0;18971,0;54,36;7,93;118,2405;110,54;79,86;64,6;2,14;0,87;1132,4;11,6859;1171;14,1759;101015,5;121;4,261749070894294
2022T4;26;Rioja, La;319617,0;16,78;40,49;25,66;2,4;32,2;21257,0;23370,0;18971,0;54,32;8,52;117,9388;115,01;78,31;63,9;2,87;0,3;1142,1;11,6859;1059;12,8423;99054,42;198;4,2982546925718585
2023T1;26;Rioja, La;322282,0;17,06;40,33;25,77;2,4;32,5;22335,0;24436,0;20083,0;53,1;10,26;118,6569;112,83;78,58;63,0;3,59;-0,75;1166,1;8,626;1218;13,2184;99592,53;287;4,176762928139691
2023T2;26;Rioja, La;322282,0;17,06;40,33;25,77;2,4;32,5;22335,0;24436,0;20083,0;54,33;7,75;120,0958;116,6;80,18;62,7;3,89;-2,01;1184,4;8,626;967;16,4426;89288,2;228;4,242310275352586
2023T3;26;Rioja, La;322282,0;17,06;40,33;25,77;2,4;32,5;22335,0;24436,0;20083,0;53,86;9,78;121,2123;112,78;81,39;62,2;4,06;-3,14;1213,9;8,626;1013;14,4126;98710,97;107;4,347974031788673
2023T4;26;Rioja, La;322282,0;17,06;40,33;25,77;2,4;32,5;22335,0;24436,0;20083,0;52,46;9,71;121,6575;117,61;81,39;61,4;4,03;-3,14;1196,6;8,626;850;13,6471;95574,03;186;4,286008506827849
2024T1;26;Rioja, La;324184,0;17,06;40,33;25,77;2,4;32,5;23161,0;25224,0;20974,0;51,75;11,04;122,2407;113,32;84,17;61,5;3,69;-2,61;1232,3;9,2478;1120;12,4107;94019,75;69;4,256465610293165
2024T2;26;Rioja, La;324184,0;17,06;40,33;25,77;2,4;32,5;23161,0;25224,0;20974,0;52,91;9,14;124,2024;117,41;87,09;63,0;3,55;-1,79;1209,8;9,2478;1016;14,3701;100759,62;152;4,178748758689176
2024T3;26;Rioja, La;324184,0;17,06;40,33;25,77;2,4;32,5;23161,0;25224,0;20974,0;52,13;10,22;123,7871;114,16;88,87;63,3;3,45;-0,62;1224,1;9,2478;1236;16,2621;102897,01;80;4,228142135486378
2024T4;26;Rioja, La;324184,0;17,06;40,33;25,77;2,4;32,5;23161,0;25224,0;20974,0;54,25;8,58;124,4644;118,19;91,05;64,1;3,17;0,21;1262,3;9,2478;1449;23,9476;101948,04;318;4,360088079098484
2015T1;27;Lugo;338430,0;16,83;36,98;34,39;2,4;32,0;16806,0;18410,0;15004,0;42,31;16,8;98,7561;90,33;61,18;60,7;2,61;-3,78;815,8;1,11;428;51,4019;66941,7;72;3,88337498512436
2015T2;27;Lugo;338430,0;16,83;36,98;34,39;2,4;32,0;16806,0;18410,0;15004,0;42,87;16,45;100,8565;93,72;62,64;61,8;2,51;-3,32;849,1;1,11;551;49,5463;66710,04;88;4,041889801261454
2015T3;27;Lugo;338430,0;16,83;36,98;34,39;2,4;32,0;16806,0;18410,0;15004,0;44,49;14,73;99,6098;90,26;63,15;62,3;2,45;-3,36;825,3;1,11;447;38,9262;70380,07;190;3,928596929667976
2015T4;27;Lugo;338430,0;16,83;36,98;34,39;2,4;32,0;16806,0;18410,0;15004,0;44,86;15,85;100,7776;92,91;62,29;63,2;2,43;-3,27;827,4;1,11;503;49,7018;68043,65;71;3,938593359514459
2016T1;27;Lugo;335752,0;16,21;37,16;34,73;2,4;32,3;16954,0;18554,0;15182,0;44,27;16,54;98,093;88,55;63,2;63,9;2,33;-3,32;851,7;2,36;451;37,694;69036,5;128;4,018874601863867
2016T2;27;Lugo;335752,0;16,21;37,16;34,73;2,4;32,3;16954,0;18554,0;15182,0;45,06;14,81;99,9857;92,68;63,42;63,8;2,32;-3,6;877,7;2,36;494;40,4858;58883,18;83;4,141559513979002
2016T3;27;Lugo;335752,0;16,21;37,16;34,73;2,4;32,3;16954,0;18554,0;15182,0;44,77;14,04;99,3798;89,74;63,95;63,8;2,37;-3,16;856,5;2,36;430;30,6977;72419,01;68;4,041524124100508
2016T4;27;Lugo;335752,0;16,21;37,16;34,73;2,4;32,3;16954,0;18554,0;15182,0;43,52;13,75;101,782;93,2;63,58;64,2;2,27;-3,1;840,6;2,36;427;30,9133;74531,82;119;3,966497581691636
2017T1;27;Lugo;333152,0;15,69;37,37;34,98;2,4;32,4;17409,0;18982,0;15678,0;43,68;14,86;101,0396;90,09;64,03;64,8;2,24;-2,96;835,7;3,21;476;29,8319;73898,41;82;3,8403124820495145
2017T2;27;Lugo;333152,0;15,69;37,37;34,98;2,4;32,4;17409,0;18982,0;15678,0;44,83;13,44;102,0303;93,77;64,03;65,0;2,17;-2,83;852,5;3,21;426;30,2817;73204,14;138;3,917513929576656
2017T3;27;Lugo;333152,0;15,69;37,37;34,98;2,4;32,4;17409,0;18982,0;15678,0;46,42;11,11;101,2166;91,13;65,05;64,9;2,22;-2,84;856,0;3,21;429;24,0093;79174,27;70;3,933597564478144
2017T4;27;Lugo;333152,0;15,69;37,37;34,98;2,4;32,4;17409,0;18982,0;15678,0;45,56;11,23;103,3363;94,8;65,41;65,6;2,15;-2,79;860,7;3,21;438;23,9726;78648,15;64;3,9551955884887127
2018T1;27;Lugo;331128,0;15,26;37,41;35,26;2,4;33,0;17959,0;19557,0;16219,000000000002;46,17;9,67;101,9612;91,97;66,08;65,5;2,23;-2,6;871,2;4,44;540;23,8889;73593,86;259;3,880839690405925
2018T2;27;Lugo;331128,0;15,26;37,41;35,26;2,4;33,0;17959,0;19557,0;16219,000000000002;46,67;9,58;103,879;95,37;66,53;64,9;2,2;-2,19;876,1;4,44;546;22,8938;73627,24;167;3,902667186368952
2018T3;27;Lugo;331128,0;15,26;37,41;35,26;2,4;33,0;17959,0;19557,0;16219,000000000002;47,69;8,34;103,6235;92,55;67,7;65,9;2,17;-1,81;891,8;4,44;456;19,2982;71203,57;137;3,972604265270895
2018T4;27;Lugo;331128,0;15,26;37,41;35,26;2,4;33,0;17959,0;19557,0;16219,000000000002;47,24;9,16;104,9722;96,51;68,07;66,5;2,26;-1,57;859,6;4,44;451;23,9468;69041,28;173;3,829166434656718
2019T1;27;Lugo;329070,0;14,9;37,31;35,69;2,4;33,2;18648,0;20201,0;16973,0;45,44;8,91;102,8998;92,79;68,43;64,6;2,37;-1,25;832,5;6,2;489;21,0634;76563,64;113;3,571428571428572
2019T2;27;Lugo;329070,0;14,9;37,31;35,69;2,4;33,2;18648,0;20201,0;16973,0;46,5;8,15;104,6688;96,07;69,76;65,5;2,35;-1,14;850,3;6,2;474;29,1139;73987,7;270;3,647790647790648
2019T3;27;Lugo;329070,0;14,9;37,31;35,69;2,4;33,2;18648,0;20201,0;16973,0;47,04;8,6;103,6888;93,19;70,24;64,7;2,15;-1,19;870,8;6,2;410;17,0732;73290,84;109;3,735735735735736
2019T4;27;Lugo;329070,0;14,9;37,31;35,69;2,4;33,2;18648,0;20201,0;16973,0;47,0;9,79;105,1834;96,93;70,74;63,0;1,99;-1,08;844,9;6,2;469;23,6674;70245,55;122;3,6246246246246248
2020T1;27;Lugo;327573,0;14,58;37,14;36,14;2,3;33,6;18963,0;20431,0;17384,0;46,73;8,63;103,4989;92,62;70,67;63,8;2,03;-1,14;840,0;3,35;452;25,885;77529,22;193;3,5437430786267994
2020T2;27;Lugo;327573,0;14,58;37,14;36,14;2,3;33,6;18963,0;20431,0;17384,0;44,94;9,22;103,6324;93,31;71,62;64,2;1,91;-1,64;838,3;3,35;248;29,8387;85050,0;231;3,5365712176343407
2020T3;27;Lugo;327573,0;14,58;37,14;36,14;2,3;33,6;18963,0;20431,0;17384,0;47,37;9,05;103,0185;92,71;71,59;63,6;1,94;-1,62;854,2;3,35;410;26,3415;75371,79;113;3,6036492116226335
2020T4;27;Lugo;327573,0;14,58;37,14;36,14;2,3;33,6;18963,0;20431,0;17384,0;47,77;8,25;104,4798;97,76;71,56;65,2;1,8;-1,19;869,9;3,35;517;22,0503;80363,64;110;3,669883457258873
2021T1;27;Lugo;326068,0;14,29;37,02;36,55;2,3;34,2;19823,0;21377,0;18181,0;47,53;8,68;104,0203;94,96;72,26;64,7;1,72;-0,8;854,0;3,5913;563;26,1101;70843,67;193;3,4465015386167583
2021T2;27;Lugo;326068,0;14,29;37,02;36,55;2,3;34,2;19823,0;21377,0;18181,0;47,55;9,66;106,7232;100,28;74,12;64,9;1,62;0,07;876,0;3,5913;535;24,486;80034,72;121;3,53528729253897
2021T3;27;Lugo;326068,0;14,29;37,02;36,55;2,3;34,2;19823,0;21377,0;18181,0;48,64;8,26;107,0829;99,76;75,73;65,2;1,59;0,74;880,7;3,5913;651;26,4209;79147,73;122;3,554255158149624
2021T4;27;Lugo;326068,0;14,29;37,02;36,55;2,3;34,2;19823,0;21377,0;18181,0;46,74;8,89;110,675;105,01;76,45;65,4;1,54;0,76;892,0;3,5913;671;28,1669;76765,28;66;3,599858749936942
2022T1;27;Lugo;324240,0;14,11;36,78;37,02;2,3;34,8;20788,0;22315,0;19192,0;45,75;10,53;112,9184;105,46;78,25;65,2;1,6;0,72;887,3;10,85;652;24,8466;81498,8;138;3,414662305176063
2022T2;27;Lugo;324240,0;14,11;36,78;37,02;2,3;34,8;20788,0;22315,0;19192,0;47,2;8,92;117,843;114,52;79,81;65,2;1,74;0,98;911,5;10,85;584;20,5479;82636,86;84;3,5077929574754667
2022T3;27;Lugo;324240,0;14,11;36,78;37,02;2,3;34,8;20788,0;22315,0;19192,0;47,07;8,29;118,7126;110,54;80,34;64,6;2,14;0,87;900,6;10,85;716;23,324;209967,82;140;3,465845680200116
2022T4;27;Lugo;324240,0;14,11;36,78;37,02;2,3;34,8;20788,0;22315,0;19192,0;47,82;8,76;119,0646;115,01;79,87;63,9;2,87;0,3;881,7;10,85;651;22,2734;89988,98;124;3,3931114104290936
2023T1;27;Lugo;324267,0;14,05;36,81;36,99;2,3;35,1;21939,0;23588,0;20231,0;48,04;8,59;119,2813;112,83;80,88;63,0;3,59;-0,75;915,5;11,7095;642;21,028;85670,21;68;3,33834723551666
2023T2;27;Lugo;324267,0;14,05;36,81;36,99;2,3;35,1;21939,0;23588,0;20231,0;48,54;7,86;120,9219;116,6;82,3;62,7;3,89;-2,01;928,3;11,7095;583;19,0395;102953,22;336;3,385022106750536
2023T3;27;Lugo;324267,0;14,05;36,81;36,99;2,3;35,1;21939,0;23588,0;20231,0;48,02;9,34;122,1507;112,78;84,0;62,2;4,06;-3,14;961,9;11,7095;496;18,5484;80980,0;101;3,50754364373946
2023T4;27;Lugo;324267,0;14,05;36,81;36,99;2,3;35,1;21939,0;23588,0;20231,0;47,77;7,09;122,873;117,61;82,61;61,4;4,03;-3,14;948,4;11,7095;588;18,7075;83165,49;105;3,458316240484981
2024T1;27;Lugo;325048,0;14,05;36,81;36,99;2,3;35,1;22704,0;24272,0;21093,0;48,29;7,07;123,5382;113,32;85,01;61,5;3,69;-2,61;970,9;13,1027;904;32,9646;76611,11;121;3,4210711768851305
2024T2;27;Lugo;325048,0;14,05;36,81;36,99;2,3;35,1;22704,0;24272,0;21093,0;48,4;7,64;125,4317;117,41;87,83;63,0;3,55;-1,79;955,9;13,1027;650;19,6923;80403,95;176;3,368217054263566
2024T3;27;Lugo;325048,0;14,05;36,81;36,99;2,3;35,1;22704,0;24272,0;21093,0;48,79;6,66;124,9202;114,16;90,17;63,3;3,45;-0,62;986,9;13,1027;667;24,7376;76700,6;146;3,477448907681466
2024T4;27;Lugo;325048,0;14,05;36,81;36,99;2,3;35,1;22704,0;24272,0;21093,0;48,31;6,99;125,4398;118,19;91,32;64,1;3,17;0,21;996,4;13,1027;803;26,7746;85382,65;298;3,51092318534179
2015T1;28;Madrid;6375737,0;19,94;42,03;19,48;2,7;25,5;24734,0;28284,0;20824,0;53,08;17,79;99,1374;90,33;47,98;60,7;2,61;-3,78;2044,1;-0,04;14707;28,7618;145923,04;2501;6,611465998221072
2015T2;28;Madrid;6375737,0;19,94;42,03;19,48;2,7;25,5;24734,0;28284,0;20824,0;53,56;17,66;100,6922;93,72;50,4;61,8;2,51;-3,32;2078,0;-0,04;12664;21,7072;142687,79;3539;6,721112638473357
2015T3;28;Madrid;6375737,0;19,94;42,03;19,48;2,7;25,5;24734,0;28284,0;20824,0;53,53;16,27;99,9625;90,26;50,98;62,3;2,45;-3,36;2075,7;-0,04;13214;21,4621;152963,45;3442;6,713673485889868
2015T4;28;Madrid;6375737,0;19,94;42,03;19,48;2,7;25,5;24734,0;28284,0;20824,0;54,06;16,51;100,2079;92,91;51,18;63,2;2,43;-3,27;2101,9;-0,04;11300;22,9823;153884,34;3115;6,7984151370583
2016T1;28;Madrid;6411466,0;19,41;42,16;19,84;2,7;25,6;24886,0;28562,0;20850,0;53,44;16,81;98,5357;88,55;52,66;63,9;2,33;-3,32;2129,6;2,74;15093;25,4886;146741,49;5322;6,845937474885478
2016T2;28;Madrid;6411466,0;19,41;42,16;19,84;2,7;25,6;24886,0;28562,0;20850,0;53,63;16,25;99,7054;92,68;54,31;63,8;2,32;-3,6;2178,2;2,74;15667;22,9272;149334,72;4305;7,0021698947199225
2016T3;28;Madrid;6411466,0;19,41;42,16;19,84;2,7;25,6;24886,0;28562,0;20850,0;53,55;15,19;99,7112;89,74;54,96;63,8;2,37;-3,16;2165,4;2,74;15196;21,4728;157220,07;4497;6,961022261512497
2016T4;28;Madrid;6411466,0;19,41;42,16;19,84;2,7;25,6;24886,0;28562,0;20850,0;53,96;14,6;100,9955;93,2;55,79;64,2;2,27;-3,1;2203,3;2,74;13103;21,4226;156641,95;4049;7,08285783171261
2017T1;28;Madrid;6459297,0;18,98;42,22;20,19;2,7;25,6;25120,0;28787,0;21112,0;53,75;14,23;100,8601;90,09;58,26;64,8;2,24;-2,96;2234,5;6,69;16955;21,3447;157945,19;4712;7,11624203821656
2017T2;28;Madrid;6459297,0;18,98;42,22;20,19;2,7;25,6;25120,0;28787,0;21112,0;54,47;13,04;101,591;93,77;60,22;65,0;2,17;-2,83;2263,6;6,69;18530;22,8171;160064,7;5517;7,208917197452229
2017T3;28;Madrid;6459297,0;18,98;42,22;20,19;2,7;25,6;25120,0;28787,0;21112,0;55,09;12,35;101,226;91,13;61,75;64,9;2,22;-2,84;2305,2;6,69;18129;21,7938;164034,87;4837;7,34140127388535
2017T4;28;Madrid;6459297,0;18,98;42,22;20,19;2,7;25,6;25120,0;28787,0;21112,0;54,62;13,75;102,4244;94,8;62,44;65,6;2,15;-2,79;2354,9;6,69;16798;23,0801;170596,6;5677;7,49968152866242
2018T1;28;Madrid;6529923,0;18,84;42,14;20,5;2,7;25,7;25904,0;29573,0;21906,0;54,79;13,4;101,9077;91,97;64,18;65,5;2,23;-2,6;2413,2;11,19;18758;20,9297;168926,64;5996;7,452748610253242
2018T2;28;Madrid;6529923,0;18,84;42,14;20,5;2,7;25,7;25904,0;29573,0;21906,0;55,25;12,08;103,3128;95,37;66,31;64,9;2,2;-2,19;2481,5;11,19;20094;21,0909;173450,78;6751;7,663681284743669
2018T3;28;Madrid;6529923,0;18,84;42,14;20,5;2,7;25,7;25904,0;29573,0;21906,0;55,11;11,86;103,3791;92,55;68,47;65,9;2,17;-1,81;2496,7;11,19;20173;22,6193;178410,79;6418;7,710623841877703
2018T4;28;Madrid;6529923,0;18,84;42,14;20,5;2,7;25,7;25904,0;29573,0;21906,0;55,68;11,54;104,3454;96,51;68,42;66,5;2,26;-1,57;2546,0;11,19;17578;24,2405;183395,36;4916;7,862878319950587
2019T1;28;Madrid;6618078,0;18,94;41,98;20,75;2,7;25,6;26721,0;30439,0;22685,0;55,37;11,7;103,3924;92,79;70,41;64,6;2,37;-1,25;2612,7;14,03;19730;26,5737;150095,36;7031;7,822162344223645
2019T2;28;Madrid;6618078,0;18,94;41,98;20,75;2,7;25,6;26721,0;30439,0;22685,0;56,23;10,54;104,515;96,07;70,59;65,5;2,35;-1,14;2610,3;14,03;18237;21,2699;177929,46;6792;7,814976984394296
2019T3;28;Madrid;6618078,0;18,94;41,98;20,75;2,7;25,6;26721,0;30439,0;22685,0;55,97;10,26;104,0271;93,19;71,62;64,7;2,15;-1,19;2611,1;14,03;17364;20,8305;188601,92;4917;7,817372104337412
2019T4;28;Madrid;6618078,0;18,94;41,98;20,75;2,7;25,6;26721,0;30439,0;22685,0;57,06;9,99;104,9722;96,93;70,42;63,0;1,99;-1,08;2671,7;14,03;16464;24,587;176186,97;5191;7,998802440028442
2020T1;28;Madrid;6720310,0;19,17;41,84;20,91;2,7;26,1;26801,0;30389,0;22890,0;56,28;10,6;103,9525;92,62;72,18;63,8;2,03;-1,14;2637,2;6,31;17861;25,4913;162790,05;4657;7,871945076676243
2020T2;28;Madrid;6720310,0;19,17;41,84;20,91;2,7;26,1;26801,0;30389,0;22890,0;52,85;12,61;104,0667;93,31;71,76;64,2;1,91;-1,64;2589,0;6,31;11574;23,7083;184764,15;3930;7,728069848139995
2020T3;28;Madrid;6720310,0;19,17;41,84;20,91;2,7;26,1;26801,0;30389,0;22890,0;53,6;13,25;103,4499;92,71;72,5;63,6;1,94;-1,62;2610,3;6,31;13905;33,3693;196093,13;4393;7,791649565314727
2020T4;28;Madrid;6720310,0;19,17;41,84;20,91;2,7;26,1;26801,0;30389,0;22890,0;54,76;13,53;103,9646;97,76;71,46;65,2;1,8;-1,19;2573,6;6,31;15198;28,0103;196287,02;4829;7,682101414126339
2021T1;28;Madrid;6726640,0;19,19;42,02;20,95;2,6;26,4;27981,0;31585,0;24074,0;55,5;12,24;104,35;94,96;72,16;64,7;1,72;-0,8;2598,6;4,8715;19491;30,5423;190786,07;3384;7,429612951645759
2021T2;28;Madrid;6726640,0;19,19;42,02;20,95;2,6;26,4;27981,0;31585,0;24074,0;55,78;12,2;106,1131;100,28;73,12;64,9;1,62;0,07;2661,4;4,8715;20835;27,0266;202499,18;5390;7,609163360852007
2021T3;28;Madrid;6726640,0;19,19;42,02;20,95;2,6;26,4;27981,0;31585,0;24074,0;55,81;12,13;106,6132;99,76;74,55;65,2;1,59;0,74;2684,9;4,8715;21869;22,9;201065,16;5313;7,676351810156892
2021T4;28;Madrid;6726640,0;19,19;42,02;20,95;2,6;26,4;27981,0;31585,0;24074,0;56,61;10,18;109,7193;105,01;75,38;65,4;1,54;0,76;2760,1;4,8715;18741;25,0734;205256,35;5615;7,891354847932526
2022T1;28;Madrid;6743254,0;19,22;41,85;21,37;2,6;26,6;29447,0;33295,0;25324,0;56,19;11,72;111,8266;105,46;77,54;65,2;1,6;0,72;2846,2;20,112;22465;25,7378;210407,31;5823;7,732400584100248
2022T2;28;Madrid;6743254,0;19,22;41,85;21,37;2,6;26,6;29447,0;33295,0;25324,0;56,71;10,7;115,1319;114,52;78,44;65,2;1,74;0,98;2899,7;20,112;21897;20,126;206456,76;5085;7,87774645974123
2022T3;28;Madrid;6743254,0;19,22;41,85;21,37;2,6;26,6;29447,0;33295,0;25324,0;55,91;11,11;116,0949;110,54;80,23;64,6;2,14;0,87;2873,9;20,112;20640;19,6705;205593,43;5465;7,807654429992868
2022T4;28;Madrid;6743254,0;19,22;41,85;21,37;2,6;26,6;29447,0;33295,0;25324,0;55,99;11,33;115,9495;115,01;79,1;63,9;2,87;0,3;2888,1;20,112;18512;22,1316;214268,78;5812;7,846232213807858
2023T1;28;Madrid;6871903,0;19,86;41,42;21,47;2,6;26,4;30769,0;34621,0;26673,0;56,41;10,83;116,7033;112,83;79,92;63,0;3,59;-0,75;2978,3;21,8963;19876;24,4969;210362,25;4991;7,7436380772855795
2023T2;28;Madrid;6871903,0;19,86;41,42;21,47;2,6;26,4;30769,0;34621,0;26673,0;57,65;9,11;117,8826;116,6;81,64;62,7;3,89;-2,01;2978,6;21,8963;18625;24,0376;208298,38;3460;7,744418083135623
2023T3;28;Madrid;6871903,0;19,86;41,42;21,47;2,6;26,4;30769,0;34621,0;26673,0;56,65;10,24;118,9923;112,78;83,52;62,2;4,06;-3,14;3008,1;21,8963;16472;19,0809;198887,55;4836;7,821118658389938
2023T4;28;Madrid;6871903,0;19,86;41,42;21,47;2,6;26,4;30769,0;34621,0;26673,0;57,1;9,64;119,4074;117,61;82,63;61,4;4,03;-3,14;3080,0;21,8963;14982;20,1442;191133,43;4177;8,008060060450454
2024T1;28;Madrid;7009268,0;19,86;41,42;21,47;2,6;26,4;31911,0;35873,0;27731,0;57,46;9,19;119,9937;113,32;84,62;61,5;3,69;-2,61;3116,7;16,259;18469;22,1615;167057,64;5300;7,813481244711855
2024T2;28;Madrid;7009268,0;19,86;41,42;21,47;2,6;26,4;31911,0;35873,0;27731,0;57,39;8,48;121,8764;117,41;87,5;63,0;3,55;-1,79;3198,0;16,259;17538;19,9453;205799,52;6005;8,017298110369465
2024T3;28;Madrid;7009268,0;19,86;41,42;21,47;2,6;26,4;31911,0;35873,0;27731,0;57,04;9,65;121,5322;114,16;89,57;63,3;3,45;-0,62;3274,6;16,259;20227;18,065;222274,13;5299;8,2093322051957
2024T4;28;Madrid;7009268,0;19,86;41,42;21,47;2,6;26,4;31911,0;35873,0;27731,0;58,03;8,58;122,331;118,19;91,16;64,1;3,17;0,21;3370,5;16,259;21708;25,3455;226028,85;3432;8,449750869606092
2015T1;29;Málaga;1629179,0;20,5;41,97;18,35;2,6;28,3;15377,0;17177,0;13332,0;40,8;32,37;98,9238;90,33;53,94;60,7;2,61;-3,78;1487,2;2,15;6026;23,6641;108332,8;658;7,7372699486245695
2015T2;29;Málaga;1629179,0;20,5;41,97;18,35;2,6;28,3;15377,0;17177,0;13332,0;42,7;29,95;100,8476;93,72;56,15;61,8;2,51;-3,32;1481,3;2,15;6083;21,1573;104711,27;941;7,706574754503479
2015T3;29;Málaga;1629179,0;20,5;41,97;18,35;2,6;28,3;15377,0;17177,0;13332,0;42,86;28,97;99,836;90,26;56,78;62,3;2,45;-3,36;1524,5;2,15;6515;20,3684;109521,13;1170;7,931326006373155
2015T4;29;Málaga;1629179,0;20,5;41,97;18,35;2,6;28,3;15377,0;17177,0;13332,0;43,02;26,98;100,3926;92,91;56,39;63,2;2,43;-3,27;1520,2;2,15;5929;19,5649;126301,4;883;7,908954932691683
2016T1;29;Málaga;1638378,0;19,88;42,35;18,64;2,6;28,4;15651,0;17453,0;13607,0;42,81;28,03;98,3252;88,55;56,88;63,9;2,33;-3,32;1539,8;0,8;6225;18,6185;106923,68;956;7,870679189828126
2016T2;29;Málaga;1638378,0;19,88;42,35;18,64;2,6;28,4;15651,0;17453,0;13607,0;42,56;25,94;99,9762;92,68;57,6;63,8;2,32;-3,6;1565,2;0,8;7461;19,5282;132205,91;1262;8,00051114944732
2016T3;29;Málaga;1638378,0;19,88;42,35;18,64;2,6;28,4;15651,0;17453,0;13607,0;43,29;25,26;99,7357;89,74;57,55;63,8;2,37;-3,16;1531,0;0,8;6592;17,4454;128283,68;1283;7,825698038463996
2016T4;29;Málaga;1638378,0;19,88;42,35;18,64;2,6;28,4;15651,0;17453,0;13607,0;42,09;25,0;101,567;93,2;57,57;64,2;2,27;-3,1;1587,4;0,8;6370;15,0706;122435,72;1430;8,113986326752284
2017T1;29;Málaga;1644147,0;19,34;42,64;18,94;2,6;28,2;15939,0;17795,0;13842,0;41,68;26,2;101,2561;90,09;58,08;64,8;2,24;-2,96;1615,9;0,35;7733;21,8415;124564,96;1971;8,110420979986197
2017T2;29;Málaga;1644147,0;19,34;42,64;18,94;2,6;28,2;15939,0;17795,0;13842,0;43,83;21,94;102,14;93,77;58,98;65,0;2,17;-2,83;1611,5;0,35;7946;15,1523;118145,77;1967;8,088336783988957
2017T3;29;Málaga;1644147,0;19,34;42,64;18,94;2,6;28,2;15939,0;17795,0;13842,0;44,17;20,88;101,567;91,13;59,67;64,9;2,22;-2,84;1615,2;0,35;7878;19,345;115422,32;1680;8,106907585168456
2017T4;29;Málaga;1644147,0;19,34;42,64;18,94;2,6;28,2;15939,0;17795,0;13842,0;44,18;20,73;103,452;94,8;60,15;65,6;2,15;-2,79;1649,5;0,35;7312;16,6302;134193,39;1698;8,279063931237845
2018T1;29;Málaga;1650068,0;18,99;42,79;19,2;2,6;28,4;16527,0;18420,0;14403,0;43,74;22,11;102,4426;91,97;60,44;65,5;2,23;-2,6;1680,7;3,85;7999;17,0771;129027,91;2106;8,135535789919526
2018T2;29;Málaga;1650068,0;18,99;42,79;19,2;2,6;28,4;16527,0;18420,0;14403,0;46,29;20,21;104,2544;95,37;61,78;64,9;2,2;-2,19;1714,8;3,85;8781;16,7862;132759,08;2888;8,300599019785805
2018T3;29;Málaga;1650068,0;18,99;42,79;19,2;2,6;28,4;16527,0;18420,0;14403,0;47,06;17,88;104,0104;92,55;62,89;65,9;2,17;-1,81;1734,1;3,85;8362;19,6125;132931,15;1878;8,394021903551764
2018T4;29;Málaga;1650068,0;18,99;42,79;19,2;2,6;28,4;16527,0;18420,0;14403,0;47,38;16,56;105,1253;96,51;63,54;66,5;2,26;-1,57;1786,1;3,85;7494;20,4163;139003,35;3111;8,645731227688026
2019T1;29;Málaga;1660348,0;18,78;42,95;19,39;2,6;28,3;17390,0;19354,0;15183,0;47,01;17,46;103,6904;92,79;64,02;64,6;2,37;-1,25;1768,9;11,44;8051;21,5377;147266,16;3530;8,137550316273721
2019T2;29;Málaga;1660348,0;18,78;42,95;19,39;2,6;28,3;17390,0;19354,0;15183,0;47,04;17,27;105,2768;96,07;65,22;65,5;2,35;-1,14;1815,1;11,44;7555;16,4262;145030,58;3176;8,350086256469234
2019T3;29;Málaga;1660348,0;18,78;42,95;19,39;2,6;28,3;17390,0;19354,0;15183,0;46,91;18,09;104,4584;93,19;66,6;64,7;2,15;-1,19;1825,2;11,44;6937;16,6066;144588,28;1893;8,396549741230592
2019T4;29;Málaga;1660348,0;18,78;42,95;19,39;2,6;28,3;17390,0;19354,0;15183,0;46,5;17,75;105,6723;96,93;66,17;63,0;1,99;-1,08;1834,9;11,44;7309;19,8386;142912,31;2088;8,441173087981598
2020T1;29;Málaga;1683380,0;18,62;43,05;19,67;2,6;28,4;16946,0;18784,0;14855,0;45,77;19,4;104,4558;92,62;66,67;63,8;2,03;-1,14;1808,9;6,96;6952;19,5052;136925,55;2245;8,539596364923876
2020T2;29;Málaga;1683380,0;18,62;43,05;19,67;2,6;28,4;16946,0;18784,0;14855,0;43,04;20,06;104,6507;93,31;66,76;64,2;1,91;-1,64;1811,2;6,96;4051;20,7356;138106,54;1201;8,55045438451552
2020T3;29;Málaga;1683380,0;18,62;43,05;19,67;2,6;28,4;16946,0;18784,0;14855,0;44,2;22,6;104,0559;92,71;67,44;63,6;1,94;-1,62;1788,6;6,96;5913;28,4458;167797,09;1635;8,44376253983241
2020T4;29;Málaga;1683380,0;18,62;43,05;19,67;2,6;28,4;16946,0;18784,0;14855,0;46,34;19,32;105,1656;97,76;67,27;65,2;1,8;-1,19;1810,5;6,96;6349;29,7212;152613,44;1308;8,547149769857194
2021T1;29;Málaga;1696955,0;18,47;43,17;19,98;2,5;28,8;18112,0;20003,0;15992,0;43,41;22,68;105,3944;94,96;67,1;64,7;1,72;-0,8;1804,3;8,2047;7240;28,5635;158350,53;1695;7,96952296819788
2021T2;29;Málaga;1696955,0;18,47;43,17;19,98;2,5;28,8;18112,0;20003,0;15992,0;45,99;19,1;107,7666;100,28;69,14;64,9;1,62;0,07;1852,1;8,2047;7259;21,9727;162486,6;1816;8,18065371024735
2021T3;29;Málaga;1696955,0;18,47;43,17;19,98;2,5;28,8;18112,0;20003,0;15992,0;46,48;19,95;107,9082;99,76;71,51;65,2;1,59;0,74;1924,3;8,2047;9253;28,0233;159685,66;2074;8,499558303886927
2021T4;29;Málaga;1696955,0;18,47;43,17;19,98;2,5;28,8;18112,0;20003,0;15992,0;46,93;19,98;111,463;105,01;72,66;65,4;1,54;0,76;1921,6;8,2047;9387;25,7271;171589,04;2509;8,487632508833922
2022T1;29;Málaga;1715109,0;18,36;43,12;20,41;2,5;28,9;19443,0;21514,0;17170,0;45,16;20,31;113,7583;105,46;74,4;65,2;1,6;0,72;1980,8;21,0127;10933;23,7812;175566,39;2414;8,150182584992027
2022T2;29;Málaga;1715109,0;18,36;43,12;20,41;2,5;28,9;19443,0;21514,0;17170,0;46,73;18,01;117,8107;114,52;76,2;65,2;1,74;0,98;2015,7;21,0127;10713;21,992;173629,59;1965;8,293781823792624
2022T3;29;Málaga;1715109,0;18,36;43,12;20,41;2,5;28,9;19443,0;21514,0;17170,0;48,32;16,06;119,3849;110,54;77,43;64,6;2,14;0,87;2066,1;21,0127;10918;19,4358;176254,99;2373;8,501157228822713
2022T4;29;Málaga;1715109,0;18,36;43,12;20,41;2,5;28,9;19443,0;21514,0;17170,0;46,13;19,39;119,4527;115,01;77,35;63,9;2,87;0,3;2072,4;21,0127;9067;17,6685;175558,25;2790;8,527079154451474
2023T1;29;Málaga;1752728,0;18,58;42,97;20,62;2,5;29,1;20648,0;22804,0;18301,0;46,94;18,73;120,525;112,83;77,52;63,0;3,59;-0,75;2152,1;12,6968;9331;20,105;169508,5;2071;8,33824099186362
2023T2;29;Málaga;1752728,0;18,58;42,97;20,62;2,5;29,1;20648,0;22804,0;18301,0;48,94;16,04;122,3927;116,6;79,63;62,7;3,89;-2,01;2187,0;12,6968;8950;20,1341;158083,13;2152;8,473459899263851
2023T3;29;Málaga;1752728,0;18,58;42,97;20,62;2,5;29,1;20648,0;22804,0;18301,0;49,42;16,12;123,2363;112,78;81,93;62,2;4,06;-3,14;2230,4;12,6968;8205;18,5984;201088,44;1940;8,641611778380472
2023T4;29;Málaga;1752728,0;18,58;42,97;20,62;2,5;29,1;20648,0;22804,0;18301,0;48,79;16,4;124,1541;117,61;81,45;61,4;4,03;-3,14;2272,8;12,6968;7528;21,1477;180599,19;2026;8,805889190236343
2024T1;29;Málaga;1774701,0;18,58;42,97;20,62;2,5;29,1;21479,0;23691,0;19090,0;48,31;16,83;124,4207;113,32;83,66;61,5;3,69;-2,61;2327,4;11,8702;8049;27,8295;191591,4;2062;8,668559988826296
2024T2;29;Málaga;1774701,0;18,58;42,97;20,62;2,5;29,1;21479,0;23691,0;19090,0;51,41;12,59;126,6209;117,41;87,22;63,0;3,55;-1,79;2400,7;11,8702;8831;27,9697;185083,57;2310;8,941570836631128
2024T3;29;Málaga;1774701,0;18,58;42,97;20,62;2,5;29,1;21479,0;23691,0;19090,0;51,35;12,06;126,436;114,16;90,57;63,3;3,45;-0,62;2440,1;11,8702;8811;28,2715;206839,71;1966;9,088318823036454
2024T4;29;Málaga;1774701,0;18,58;42,97;20,62;2,5;29,1;21479,0;23691,0;19090,0;49,1;12,76;127,3282;118,19;92,35;64,1;3,17;0,21;2522,2;11,8702;9607;37,9619;197652,06;3145;9,394105870850598
2015T1;30;Murcia;1465195,0;21,46;40,5;17,15;2,9;23,3;15798,0;17253,0;13842,0;43,4;26,69;98,8418;90,33;59,39;60,7;2,61;-3,78;980,5;-1,29;2462;26,7262;77802,83;415;4,965185466514749
2015T2;30;Murcia;1465195,0;21,46;40,5;17,15;2,9;23,3;15798,0;17253,0;13842,0;45,22;24,77;101,0005;93,72;61,35;61,8;2,51;-3,32;987,9;-1,29;2553;17,2346;82907,55;400;5,0026585643752375
2015T3;30;Murcia;1465195,0;21,46;40,5;17,15;2,9;23,3;15798,0;17253,0;13842,0;45,28;23,49;99,72;90,26;61,58;62,3;2,45;-3,36;988,6;-1,29;3109;15,1817;79245,4;466;5,0062033168755535
2015T4;30;Murcia;1465195,0;21,46;40,5;17,15;2,9;23,3;15798,0;17253,0;13842,0;45,36;23,51;100,4377;92,91;61,06;63,2;2,43;-3,27;996,3;-1,29;2899;14,7637;85266,03;360;5,045195594379035
2016T1;30;Murcia;1468367,0;20,77;40,95;17,42;2,9;23,4;15979,0;17516,0;13938,0;45,83;22,1;98,2469;88,55;61,09;63,9;2,33;-3,32;988,8;0,75;2747;16,7455;78496,44;542;4,950497528005507
2016T2;30;Murcia;1468367,0;20,77;40,95;17,42;2,9;23,4;15979,0;17516,0;13938,0;48,19;18,7;100,0459;92,68;62,18;63,8;2,32;-3,6;984,5;0,75;3464;16,1952;75048,19;471;4,928969272169723
2016T3;30;Murcia;1468367,0;20,77;40,95;17,42;2,9;23,4;15979,0;17516,0;13938,0;47,63;19,75;99,5424;89,74;62,02;63,8;2,37;-3,16;984,2;0,75;2934;16,2918;79924,81;331;4,927467300832342
2016T4;30;Murcia;1468367,0;20,77;40,95;17,42;2,9;23,4;15979,0;17516,0;13938,0;48,1;18,58;101,3289;93,2;61,49;64,2;2,27;-3,1;970,3;0,75;2586;15,2746;84277,78;614;4,857875962200388
2017T1;30;Murcia;1475275,0;20,22;41,28;17,68;2,9;23,5;16282,0;17913,0;14145,0;47,97;19,34;100,8442;90,09;61,64;64,8;2,24;-2,96;973,7;-0,68;3194;15,2473;78346,54;602;4,784178847807395
2017T2;30;Murcia;1475275,0;20,22;41,28;17,68;2,9;23,5;16282,0;17913,0;14145,0;49,19;17,47;101,7078;93,77;62,35;65,0;2,17;-2,83;971,4;-0,68;3335;13,8231;75622,57;644;4,772878024812677
2017T3;30;Murcia;1475275,0;20,22;41,28;17,68;2,9;23,5;16282,0;17913,0;14145,0;48,86;18,11;100,5388;91,13;63,12;64,9;2,22;-2,84;967,9;-0,68;3577;17,2491;76670,29;429;4,755681120255497
2017T4;30;Murcia;1475275,0;20,22;41,28;17,68;2,9;23,5;16282,0;17913,0;14145,0;49,13;17,21;102,2359;94,8;62,63;65,6;2,15;-2,79;990,1;-0,68;3079;14,875;78287,83;558;4,864758629161036
2018T1;30;Murcia;1478718,0;19,9;41,48;17,82;2,8;23,7;16828,0;18534,0;14626,0;47,97;18,6;101,3331;91,97;63,32;65,5;2,23;-2,6;990,5;5,97;3976;17,832;79449,49;788;4,708818635607321
2018T2;30;Murcia;1478718,0;19,9;41,48;17,82;2,8;23,7;16828,0;18534,0;14626,0;49,81;16,29;103,2127;95,37;63,98;64,9;2,2;-2,19;985,8;5,97;4214;16,2316;81253,74;903;4,686474922747801
2018T3;30;Murcia;1478718,0;19,9;41,48;17,82;2,8;23,7;16828,0;18534,0;14626,0;49,57;16,33;102,7172;92,55;65,59;65,9;2,17;-1,81;963,1;5,97;4382;14,7649;89022,9;805;4,57855954361778
2018T4;30;Murcia;1478718,0;19,9;41,48;17,82;2,8;23,7;16828,0;18534,0;14626,0;50,14;15,83;103,7379;96,51;65,43;66,5;2,26;-1,57;976,9;5,97;3865;18,4217;81214,85;838;4,6441644877584976
2019T1;30;Murcia;1491312,0;19,79;41,51;18,05;2,8;23,8;17460,0;19214,0;15225,0;49,8;15,12;102,0872;92,79;66,14;64,6;2,37;-1,25;1003,1;10,07;4276;16,4406;84075,14;975;4,596105383734249
2019T2;30;Murcia;1491312,0;19,79;41,51;18,05;2,8;23,8;17460,0;19214,0;15225,0;51,2;13,36;103,7759;96,07;67,51;65,5;2,35;-1,14;997,4;10,07;4170;18,5132;82234,0;863;4,569988545246277
2019T3;30;Murcia;1491312,0;19,79;41,51;18,05;2,8;23,8;17460,0;19214,0;15225,0;50,71;14,16;102,7389;93,19;67,98;64,7;2,15;-1,19;989,3;10,07;4357;15,8366;79969,01;626;4,532875143184421
2019T4;30;Murcia;1491312,0;19,79;41,51;18,05;2,8;23,8;17460,0;19214,0;15225,0;50,06;16,08;104,0704;96,93;68,45;63,0;1,99;-1,08;974,0;10,07;3870;16,2532;81643,65;626;4,4627720504009165
2020T1;30;Murcia;1509077,0;19,85;41,53;18,18;2,8;24,0;17914,0;19504,0;15857,0;49,3;16,46;102,8037;92,62;68,35;63,8;2,03;-1,14;982,6;4,35;4641;17,9272;81816,55;647;4,388076364854304
2020T2;30;Murcia;1509077,0;19,85;41,53;18,18;2,8;24,0;17914,0;19504,0;15857,0;47,99;15,62;103,0844;93,31;69,45;64,2;1,91;-1,64;948,3;4,35;2515;19,5229;84408,22;529;4,234900078151167
2020T3;30;Murcia;1509077,0;19,85;41,53;18,18;2,8;24,0;17914,0;19504,0;15857,0;50,22;17,21;102,2497;92,71;70,05;63,6;1,94;-1,62;957,7;4,35;3941;20,2487;86815,26;573;4,276878419113542
2020T4;30;Murcia;1509077,0;19,85;41,53;18,18;2,8;24,0;17914,0;19504,0;15857,0;49,75;15,39;103,4763;97,76;70,53;65,2;1,8;-1,19;977,6;4,35;3924;18,0683;81886,3;879;4,365747460087083
2021T1;30;Murcia;1518279,0;19,81;41,56;18,41;2,8;24,3;18696,0;20312,0;16641,0;49,27;16,88;103,412;94,96;70,72;64,7;1,72;-0,8;981,1;5,5616;4558;17,9465;81569,04;1085;4,198117244330338
2021T2;30;Murcia;1518279,0;19,81;41,56;18,41;2,8;24,3;18696,0;20312,0;16641,0;52,01;13,62;105,7173;100,28;72,48;64,9;1,62;0,07;1000,0;5,5616;4903;20,0489;84208,51;996;4,278990158322636
2021T3;30;Murcia;1518279,0;19,81;41,56;18,41;2,8;24,3;18696,0;20312,0;16641,0;52,09;15,2;105,559;99,76;74,45;65,2;1,59;0,74;985,8;5,5616;5258;18,6573;87939,28;782;4,218228498074454
2021T4;30;Murcia;1518279,0;19,81;41,56;18,41;2,8;24,3;18696,0;20312,0;16641,0;51,95;13,19;109,2385;105,01;75,2;65,4;1,54;0,76;1027,1;5,5616;5066;18,5156;86245,83;919;4,394950791613179
2022T1;30;Murcia;1529658,0;19,89;41,49;18,61;2,8;24,5;19469,0;21157,0;17354,0;51,25;13,64;111,6403;105,46;77,44;65,2;1,6;0,72;1044,9;15,2426;5967;18,2336;88802,31;1261;4,293594945811289
2022T2;30;Murcia;1529658,0;19,89;41,49;18,61;2,8;24,5;19469,0;21157,0;17354,0;52,29;12,53;115,7209;114,52;79,26;65,2;1,74;0,98;1016,4;15,2426;5579;16,0961;91108,17;928;4,176485695207767
2022T3;30;Murcia;1529658,0;19,89;41,49;18,61;2,8;24,5;19469,0;21157,0;17354,0;50,51;15,16;116,7741;110,54;79,71;64,6;2,14;0,87;1030,5;15,2426;6056;16,1823;93058,26;977;4,234423956032668
2022T4;30;Murcia;1529658,0;19,89;41,49;18,61;2,8;24,5;19469,0;21157,0;17354,0;51,82;13,01;117,1451;115,01;78,82;63,9;2,87;0,3;1025,6;15,2426;5092;16,3001;92706,12;1303;4,214289383121886
2023T1;30;Murcia;1551692,0;20,08;41,41;18,77;2,8;24,8;20552,0;22313,0;18366,0;51,2;13,65;117,8407;112,83;78,76;63,0;3,59;-0,75;1048,6;11,4855;6069;17,68;91447,65;1180;4,081743869209809
2023T2;30;Murcia;1551692,0;20,08;41,41;18,77;2,8;24,8;20552,0;22313,0;18366,0;51,99;12,46;119,3711;116,6;80,37;62,7;3,89;-2,01;1030,9;11,4855;5166;19,2025;90576,94;1055;4,012845465161542
2023T3;30;Murcia;1551692,0;20,08;41,41;18,77;2,8;24,8;20552,0;22313,0;18366,0;52,24;13,53;120,4536;112,78;81,52;62,2;4,06;-3,14;1054,7;11,4855;5468;17,9956;86278,62;1126;4,105488516932659
2023T4;30;Murcia;1551692,0;20,08;41,41;18,77;2,8;24,8;20552,0;22313,0;18366,0;52,47;11,46;120,84;117,61;81,84;61,4;4,03;-3,14;1095,4;11,4855;4821;19,021;87967,41;1009;4,26391592059167
2024T1;30;Murcia;1568492,0;20,08;41,41;18,77;2,8;24,8;21483,0;23234,0;19327,0;51,74;12,95;121,6744;113,32;83,26;61,5;3,69;-2,61;1101,7;11,9248;5910;20,0;92982,16;1186;4,102592747754038
2024T2;30;Murcia;1568492,0;20,08;41,41;18,77;2,8;24,8;21483,0;23234,0;19327,0;52,52;12,63;123,5131;117,41;86,39;63,0;3,55;-1,79;1098,5;11,9248;5181;20,1699;87811,76;1329;4,090676348740865
2024T3;30;Murcia;1568492,0;20,08;41,41;18,77;2,8;24,8;21483,0;23234,0;19327,0;53,12;11,95;122,7556;114,16;88,88;63,3;3,45;-0,62;1095,3;11,9248;6314;20,2882;93249,05;899;4,078759949727692
2024T4;30;Murcia;1568492,0;20,08;41,41;18,77;2,8;24,8;21483,0;23234,0;19327,0;51,15;13,4;123,399;118,19;91,38;64,1;3,17;0,21;1132,0;11,9248;6143;18,981;100651,81;1112;4,215426150910022
2015T1;31;Navarra;637317,0;18,61;40,52;22,23;2,6;27,7;24864,0;28169,0;21104,0;49,49;15,66;98,8984;90,33;60,41;60,7;2,61;-3,78;1306,8;-0,6;1006;28,1312;103607,92;333;4,204633204633205
2015T2;31;Navarra;637317,0;18,61;40,52;22,23;2,6;27,7;24864,0;28169,0;21104,0;51,21;12,55;100,8211;93,72;62,07;61,8;2,51;-3,32;1340,1;-0,6;1229;26,6884;104744,68;384;4,311776061776062
2015T3;31;Navarra;637317,0;18,61;40,52;22,23;2,6;27,7;24864,0;28169,0;21104,0;51,25;13,57;99,8795;90,26;61,4;62,3;2,45;-3,36;1329,2;-0,6;1049;23,8322;98970,71;233;4,276705276705277
2015T4;31;Navarra;637317,0;18,61;40,52;22,23;2,6;27,7;24864,0;28169,0;21104,0;50,73;13,53;100,4011;92,91;61,36;63,2;2,43;-3,27;1337,9;-0,6;1002;25,9481;105372,55;409;4,3046975546975546
2016T1;31;Navarra;638922,0;18,14;40,64;22,55;2,6;27,8;25468,0;28862,0;21634,0;50,42;14,25;98,4116;88,55;61,92;63,9;2,33;-3,32;1308,3;2,38;1249;28,0224;99473,68;380;4,109627768179677
2016T2;31;Navarra;638922,0;18,14;40,64;22,55;2,6;27,8;25468,0;28862,0;21634,0;49,58;13,27;100,004;92,68;62,16;63,8;2,32;-3,6;1311,1;2,38;1213;25,5565;98466,12;636;4,118423119208418
2016T3;31;Navarra;638922,0;18,14;40,64;22,55;2,6;27,8;25468,0;28862,0;21634,0;51,94;12,41;100,0716;89,74;62,73;63,8;2,37;-3,16;1353,4;2,38;1184;19,848;106221,31;379;4,251295743678342
2016T4;31;Navarra;638922,0;18,14;40,64;22,55;2,6;27,8;25468,0;28862,0;21634,0;53,01;10,01;101,613;93,2;62,55;64,2;2,27;-3,1;1300,0;2,38;985;19,2893;102629,86;289;4,0835558347730485
2017T1;31;Navarra;642075,0;17,8;40,74;22,77;2,6;27,8;26329,0;29774,0;22438,0;52,68;10,25;101,0132;90,09;63,13;64,8;2,24;-2,96;1342,2;4,69;1382;24,0232;109170,66;396;4,078240723156975
2017T2;31;Navarra;642075,0;17,8;40,74;22,77;2,6;27,8;26329,0;29774,0;22438,0;53,31;10,55;101,6534;93,77;63,8;65,0;2,17;-2,83;1325,4;4,69;1341;21,7748;105608,74;433;4,027194348437084
2017T3;31;Navarra;642075,0;17,8;40,74;22,77;2,6;27,8;26329,0;29774,0;22438,0;53,1;10,52;101,1731;91,13;64,08;64,9;2,22;-2,84;1335,9;4,69;1253;18,3559;101354,05;444;4,059098332637016
2017T4;31;Navarra;642075,0;17,8;40,74;22,77;2,6;27,8;26329,0;29774,0;22438,0;53,18;9,63;102,5661;94,8;63,89;65,6;2,15;-2,79;1353,9;4,69;1169;21,2147;106880,46;406;4,113790876979756
2018T1;31;Navarra;646340,0;17,65;40,63;23,02;2,6;27,9;26364,0;29810,0;22480,0;52,25;10,54;101,7342;91,97;64,48;65,5;2,23;-2,6;1325,1;8,98;1449;21,9462;109692,72;775;4,020937642239417
2018T2;31;Navarra;646340,0;17,65;40,63;23,02;2,6;27,9;26364,0;29810,0;22480,0;53,61;9,93;103,5111;95,37;66,01;64,9;2,2;-2,19;1367,0;8,98;1565;21,4696;106421,65;575;4,148080716128053
2018T3;31;Navarra;646340,0;17,65;40,63;23,02;2,6;27,9;26364,0;29810,0;22480,0;53,42;9,65;103,6144;92,55;66,84;65,9;2,17;-1,81;1376,7;8,98;1680;29,0476;110232,88;546;4,177514792899408
2018T4;31;Navarra;646340,0;17,65;40,63;23,02;2,6;27,9;26364,0;29810,0;22480,0;53,4;9,99;104,4837;96,51;66,46;66,5;2,26;-1,57;1383,7;8,98;1408;25,071;107541,45;929;4,198755879229252
2019T1;31;Navarra;652797,0;17,76;40,49;23,13;2,6;28,0;27491,0;31050,0;23510,0;53,03;8,19;103,2637;92,79;67,66;64,6;2,37;-1,25;1417,2;9,75;1497;24,9833;115856,75;437;4,124113346186024
2019T2;31;Navarra;652797,0;17,76;40,49;23,13;2,6;28,0;27491,0;31050,0;23510,0;54,79;7,58;105,0164;96,07;68,58;65,5;2,35;-1,14;1412,2;9,75;1517;20,7647;110109,01;1027;4,109563129751555
2019T3;31;Navarra;652797,0;17,76;40,49;23,13;2,6;28,0;27491,0;31050,0;23510,0;54,04;8,19;104,5046;93,19;68,89;64,7;2,15;-1,19;1439,9;9,75;1371;27,5711;113797,23;1150;4,190171328798516
2019T4;31;Navarra;652797,0;17,76;40,49;23,13;2,6;28,0;27491,0;31050,0;23510,0;53,35;9,01;105,4105;96,93;68,6;63,0;1,99;-1,08;1467,5;9,75;1326;28,5822;122103,32;285;4,270488523516788
2020T1;31;Navarra;659907,0;17,88;40,33;23,3;2,6;28,2;27996,0;31600,0;23980,0;52,54;8,55;103,7947;92,62;69,84;63,8;2,03;-1,14;1434,3;3,19;1557;29,6082;110510,18;676;4,098585512216031
2020T2;31;Navarra;659907,0;17,88;40,33;23,3;2,6;28,2;27996,0;31600,0;23980,0;50,12;10,08;103,9707;93,31;69,41;64,2;1,91;-1,64;1396,3;3,19;856;22,0794;111842,57;310;3,989998571224461
2020T3;31;Navarra;659907,0;17,88;40,33;23,3;2,6;28,2;27996,0;31600,0;23980,0;51,56;9,94;103,5005;92,71;70,08;63,6;1,94;-1,62;1396,2;3,19;1175;30,1277;126657,67;457;3,989712816116588
2020T4;31;Navarra;659907,0;17,88;40,33;23,3;2,6;28,2;27996,0;31600,0;23980,0;51,3;11,65;104,4922;97,76;69,0;65,2;1,8;-1,19;1408,0;3,19;1333;22,1305;119883,07;560;4,023431918845549
2021T1;31;Navarra;662032,0;17,94;40,25;23,46;2,6;28,6;28456,0;32090,0;24410,0;50,88;11,51;104,6631;94,96;70,0;64,7;1,72;-0,8;1418,5;4,1312;1713;35,7852;122637,87;954;3,987911161090807
2021T2;31;Navarra;662032,0;17,94;40,25;23,46;2,6;28,6;28456,0;32090,0;24410,0;52,04;10,36;107,1462;100,28;71,2;64,9;1,62;0,07;1410,4;4,1312;1547;25,0162;120579,54;994;3,9651391622153502
2021T3;31;Navarra;662032,0;17,94;40,25;23,46;2,6;28,6;28456,0;32090,0;24410,0;52,19;11,03;107,3098;99,76;72,38;65,2;1,59;0,74;1427,6;4,1312;1857;31,8255;122526,28;1151;4,013494517852123
2021T4;31;Navarra;662032,0;17,94;40,25;23,46;2,6;28,6;28456,0;32090,0;24410,0;52,66;9,95;110,6936;105,01;72,6;65,4;1,54;0,76;1458,2;4,1312;1432;30,1676;128517,84;520;4,099522069159404
2022T1;31;Navarra;664514,0;18,09;39,92;23,87;2,6;28,7;29712,0;33480,0;25520,0;52,36;10,86;112,9713;105,46;75,43;65,2;1,6;0,72;1509,9;13,8236;1831;34,2436;126158,49;647;4,065428109854604
2022T2;31;Navarra;664514,0;18,09;39,92;23,87;2,6;28,7;29712,0;33480,0;25520,0;53,31;9,09;116,9549;114,52;76,37;65,2;1,74;0,98;1519,8;13,8236;1738;34,5224;134504,08;333;4,092084006462035
2022T3;31;Navarra;664514,0;18,09;39,92;23,87;2,6;28,7;29712,0;33480,0;25520,0;53,21;8,82;118,8237;110,54;77,3;64,6;2,14;0,87;1502,3;13,8236;1708;27,6347;132456,06;257;4,044964997307485
2022T4;31;Navarra;664514,0;18,09;39,92;23,87;2,6;28,7;29712,0;33480,0;25520,0;53,13;10,17;118,9525;115,01;77,83;63,9;2,87;0,3;1547,2;13,8236;1522;29,8949;129074,04;472;4,165858912224017
2023T1;31;Navarra;672155,0;18,43;39,68;23,97;2,6;28,9;31150,0;35020,0;26840,0;51,33;12,22;119,049;112,83;79,77;63,0;3,59;-0,75;1560,5;11,1938;1625;29,2923;133723,19;853;4,007704654895666
2023T2;31;Navarra;672155,0;18,43;39,68;23,97;2,6;28,9;31150,0;35020,0;26840,0;53,32;8,88;120,8046;116,6;80,68;62,7;3,89;-2,01;1580,5;11,1938;1702;38,3666;131456,52;1098;4,059069020866773
2023T3;31;Navarra;672155,0;18,43;39,68;23,97;2,6;28,9;31150,0;35020,0;26840,0;53,72;9,43;122,2551;112,78;83,19;62,2;4,06;-3,14;1569,7;11,1938;1511;37,0615;135320,79;365;4,031332263242375
2023T4;31;Navarra;672155,0;18,43;39,68;23,97;2,6;28,9;31150,0;35020,0;26840,0;53,39;9,25;122,5926;117,61;81,47;61,4;4,03;-3,14;1605,3;11,1938;1484;38,0728;134523,09;399;4,122760834670947
2024T1;31;Navarra;678333,0;18,43;39,68;23,97;2,6;28,9;32400,0;36380,0;28010,0;53,57;8,82;122,5327;113,32;85,86;61,5;3,69;-2,61;1643,6;10,7086;2124;29,5198;107762,68;460;4,058271604938271
2024T2;31;Navarra;678333,0;18,43;39,68;23,97;2,6;28,9;32400,0;36380,0;28010,0;55,13;7,42;124,7487;117,41;88,99;63,0;3,55;-1,79;1677,5;10,7086;1731;33,7955;131205,06;1057;4,141975308641976
2024T3;31;Navarra;678333,0;18,43;39,68;23,97;2,6;28,9;32400,0;36380,0;28010,0;54,76;7,72;124,699;114,16;92,11;63,3;3,45;-0,62;1624,6;10,7086;1758;25,7679;134914,78;478;4,011358024691358
2024T4;31;Navarra;678333,0;18,43;39,68;23,97;2,6;28,9;32400,0;36380,0;28010,0;55,48;6,6;125,3094;118,19;91,99;64,1;3,17;0,21;1672,8;10,7086;1724;30,4524;142300,07;743;4,13037037037037
2015T1;32;Ourense;318288,0;16,26;35,83;36,16;2,3;33,8;16595,0;18069,0;14963,0;37,36;23,42;98,9867;90,33;61,18;60,7;2,61;-3,78;961,4;-1,63;331;33,8369;74198,02;83;4,634648990659837
2015T2;32;Ourense;318288,0;16,26;35,83;36,16;2,3;33,8;16595,0;18069,0;14963,0;37,64;21,06;100,8697;93,72;62,64;61,8;2,51;-3,32;945,8;-1,63;273;34,0659;111985,65;134;4,559445616149443
2015T3;32;Ourense;318288,0;16,26;35,83;36,16;2,3;33,8;16595,0;18069,0;14963,0;38,82;18,11;99,7318;90,26;63,15;62,3;2,45;-3,36;957,2;-1,63;330;27,8788;84778,24;125;4,614401928291654
2015T4;32;Ourense;318288,0;16,26;35,83;36,16;2,3;33,8;16595,0;18069,0;14963,0;38,36;18,78;100,4117;92,91;62,29;63,2;2,43;-3,27;983,0;-1,63;301;29,5681;93901,64;77;4,7387767399819225
2016T1;32;Ourense;314476,0;15,65;35,84;36,73;2,3;34,1;16680,0;18105,0;15111,0;36,83;20,83;97,9925;88,55;63,2;63,9;2,33;-3,32;948,7;1,36;342;26,9006;82487,44;104;4,550119904076738
2016T2;32;Ourense;314476,0;15,65;35,84;36,73;2,3;34,1;16680,0;18105,0;15111,0;38,36;20,39;99,6612;92,68;63,42;63,8;2,32;-3,6;949,8;1,36;377;24,4032;80159,53;178;4,555395683453237
2016T3;32;Ourense;314476,0;15,65;35,84;36,73;2,3;34,1;16680,0;18105,0;15111,0;40,17;17,7;99,3614;89,74;63,95;63,8;2,37;-3,16;944,8;1,36;345;21,4493;90164,25;231;4,531414868105515
2016T4;32;Ourense;314476,0;15,65;35,84;36,73;2,3;34,1;16680,0;18105,0;15111,0;39,13;19,24;101,5727;93,2;63,58;64,2;2,27;-3,1;953,8;1,36;344;20,9302;90201,79;85;4,574580335731415
2017T1;32;Ourense;311385,0;15,13;35,88;37,13;2,3;34,3;17109,0;18460,0;15623,0;38,95;20,36;101,0921;90,09;64,03;64,8;2,24;-2,96;917,8;4,24;398;24,6231;82453,74;86;4,291542463031154
2017T2;32;Ourense;311385,0;15,13;35,88;37,13;2,3;34,3;17109,0;18460,0;15623,0;39,37;16,54;101,8929;93,77;64,03;65,0;2,17;-2,83;946,9;4,24;364;22,5275;80455,32;136;4,427611198784265
2017T3;32;Ourense;311385,0;15,13;35,88;37,13;2,3;34,3;17109,0;18460,0;15623,0;40,49;15,29;101,0722;91,13;65,05;64,9;2,22;-2,84;952,3;4,24;401;22,4439;89423,24;105;4,452861067274534
2017T4;32;Ourense;311385,0;15,13;35,88;37,13;2,3;34,3;17109,0;18460,0;15623,0;41,28;13,69;102,8523;94,8;65,41;65,6;2,15;-2,79;937,3;4,24;372;23,1183;82702,02;87;4,382722543690456
2018T1;32;Ourense;309290,0;14,76;35,63;37,72;2,3;34,9;17614,0;18999,0;16104,0;41,0;14,27;101,6335;91,97;66,08;65,5;2,23;-2,6;953,2;6,99;451;26,6075;83990,83;151;4,329283524469172
2018T2;32;Ourense;309290,0;14,76;35,63;37,72;2,3;34,9;17614,0;18999,0;16104,0;41,87;13,36;103,3553;95,37;66,53;64,9;2,2;-2,19;950,6;6,99;423;26,0047;85738,28;143;4,31747473600545
2018T3;32;Ourense;309290,0;14,76;35,63;37,72;2,3;34,9;17614,0;18999,0;16104,0;41,24;14,25;103,2324;92,55;67,7;65,9;2,17;-1,81;918,1;6,99;452;24,3363;89657,89;116;4,169864880208925
2018T4;32;Ourense;309290,0;14,76;35,63;37,72;2,3;34,9;17614,0;18999,0;16104,0;41,46;13,12;104,3649;96,51;68,07;66,5;2,26;-1,57;928,7;6,99;435;22,2989;85225,0;171;4,218008402407176
2019T1;32;Ourense;307764,0;14,48;35,48;38,16;2,3;35,0;18280,0;19608,0;16844,0;40,77;14,87;102,4861;92,79;68,43;64,6;2,37;-1,25;957,4;7,95;460;27,8261;84476,79;115;4,189934354485777
2019T2;32;Ourense;307764,0;14,48;35,48;38,16;2,3;35,0;18280,0;19608,0;16844,0;42,29;10,92;104,0153;96,07;69,76;65,5;2,35;-1,14;955,7;7,95;435;22,7586;93265,15;106;4,182494529540482
2019T3;32;Ourense;307764,0;14,48;35,48;38,16;2,3;35,0;18280,0;19608,0;16844,0;41,22;13,06;103,0338;93,19;70,24;64,7;2,15;-1,19;934,6;7,95;360;33,0556;83865,92;158;4,090153172866521
2019T4;32;Ourense;307764,0;14,48;35,48;38,16;2,3;35,0;18280,0;19608,0;16844,0;41,59;12,88;104,5345;96,93;70,74;63,0;1,99;-1,08;954,5;7,95;421;25,4157;89437,21;93;4,177242888402626
2020T1;32;Ourense;306825,0;14,27;35,31;38,51;2,2;35,4;18447,0;19576,0;17224,0;41,49;13,15;102,9815;92,62;70,67;63,8;2,03;-1,14;942,8;3,69;454;23,5683;64542,37;109;4,088686507291159
2020T2;32;Ourense;306825,0;14,27;35,31;38,51;2,2;35,4;18447,0;19576,0;17224,0;40,56;13,04;103,0079;93,31;71,62;64,2;1,91;-1,64;917,0;3,69;234;27,3504;87182,32;208;3,9767983954030464
2020T3;32;Ourense;306825,0;14,27;35,31;38,51;2,2;35,4;18447,0;19576,0;17224,0;42,92;10,45;102,5244;92,71;71,59;63,6;1,94;-1,62;914,9;3,69;371;23,4501;89500,0;238;3,967691223505177
2020T4;32;Ourense;306825,0;14,27;35,31;38,51;2,2;35,4;18447,0;19576,0;17224,0;42,35;10,26;103,8388;97,76;71,56;65,2;1,8;-1,19;920,5;3,69;434;23,7327;81182,17;155;3,991977015232829
2021T1;32;Ourense;305297,0;14,07;35,3;38,72;2,2;36,0;19398,0;20637,0;18065,0;42,4;11,59;103,6343;94,96;72,26;64,7;1,72;-0,8;898,7;5,4046;430;17,907;86213,56;109;3,706361480565007
2021T2;32;Ourense;305297,0;14,07;35,3;38,72;2,2;36,0;19398,0;20637,0;18065,0;42,16;12,45;106,2504;100,28;74,12;64,9;1,62;0,07;891,3;5,4046;407;23,8329;98539,37;104;3,67584287039901
2021T3;32;Ourense;305297,0;14,07;35,3;38,72;2,2;36,0;19398,0;20637,0;18065,0;43,91;9,67;106,8317;99,76;75,73;65,2;1,59;0,74;890,6;5,4046;415;19,2771;84985,02;106;3,672955974842768
2021T4;32;Ourense;305297,0;14,07;35,3;38,72;2,2;36,0;19398,0;20637,0;18065,0;43,24;10,08;110,4064;105,01;76,45;65,4;1,54;0,76;906,6;5,4046;406;24,3842;92818,18;115;3,7389421589854623
2022T1;32;Ourense;304223,0;13,99;34,98;39,25;2,2;36,3;20355,0;21602,0;19041,0;42,79;11,65;112,6666;105,46;78,25;65,2;1,6;0,72;919,2;12,9313;450;22,4444;102116,0;197;3,612675018422992
2022T2;32;Ourense;304223,0;13,99;34,98;39,25;2,2;36,3;20355,0;21602,0;19041,0;43,55;10,68;117,3473;114,52;79,81;65,2;1,74;0,98;929,0;12,9313;492;22,3577;86993,71;120;3,651191353475805
2022T3;32;Ourense;304223,0;13,99;34,98;39,25;2,2;36,3;20355,0;21602,0;19041,0;43,39;11,84;118,487;110,54;80,34;64,6;2,14;0,87;932,6;12,9313;490;17,3469;93853,9;162;3,665340211250307
2022T4;32;Ourense;304223,0;13,99;34,98;39,25;2,2;36,3;20355,0;21602,0;19041,0;42,0;11,78;118,9688;115,01;79,87;63,9;2,87;0,3;931,4;12,9313;471;18,6837;83523,3;113;3,660623925325473
2023T1;32;Ourense;304563,0;14,02;34,96;39,23;2,2;36,8;21473,0;22773,0;20103,0;42,1;11,3;119,0934;112,83;80,88;63,0;3,59;-0,75;960,3;9,3544;532;19,3609;95759,42;96;3,5777022307083315
2023T2;32;Ourense;304563,0;14,02;34,96;39,23;2,2;36,8;21473,0;22773,0;20103,0;44,89;8,98;120,8799;116,6;82,3;62,7;3,89;-2,01;962,1;9,3544;473;19,0275;72746,67;121;3,584408326735901
2023T3;32;Ourense;304563,0;14,02;34,96;39,23;2,2;36,8;21473,0;22773,0;20103,0;44,96;8,43;122,0336;112,78;84,0;62,2;4,06;-3,14;938,7;9,3544;496;20,3629;93099,21;54;3,4972290783774973
2023T4;32;Ourense;304563,0;14,02;34,96;39,23;2,2;36,8;21473,0;22773,0;20103,0;44,73;9,57;122,8339;117,61;82,61;61,4;4,03;-3,14;929,1;9,3544;503;19,2843;80399,16;115;3,4614632328971267
2024T1;32;Ourense;304467,0;14,02;34,96;39,23;2,2;36,8;22294,0;23640,0;20885,0;43,94;10,46;123,2949;113,32;85,01;61,5;3,69;-2,61;936,4;12,6779;534;16,8539;90150,0;229;3,3601865972907508
2024T2;32;Ourense;304467,0;14,02;34,96;39,23;2,2;36,8;22294,0;23640,0;20885,0;42,92;11,17;125,1923;117,41;87,83;63,0;3,55;-1,79;944,4;12,6779;488;21,1066;91579,19;173;3,3888938727908853
2024T3;32;Ourense;304467,0;14,02;34,96;39,23;2,2;36,8;22294,0;23640,0;20885,0;44,37;10,54;124,2972;114,16;90,17;63,3;3,45;-0,62;973,1;12,6779;572;20,4545;88862,07;106;3,491881223647618
2024T4;32;Ourense;304467,0;14,02;34,96;39,23;2,2;36,8;22294,0;23640,0;20885,0;42,94;11,75;125,3169;118,19;91,32;64,1;3,17;0,21;966,7;12,6779;744;21,9086;92266,51;162;3,4689154032475105
2015T1;33;Asturias;1049328,0;16,4;42,28;28,21;2,3;31,3;19684,0;22542,0;16443,0;40,61;18,99;98,9496;90,33;60,88;60,7;2,61;-3,78;1264,5;-0,69;1367;30,2121;83817,65;817;5,139199349725666
2015T2;33;Asturias;1049328,0;16,4;42,28;28,21;2,3;31,3;19684,0;22542,0;16443,0;40,35;20,15;100,8376;93,72;62,75;61,8;2,51;-3,32;1271,2;-0,69;1285;24,358;106571,81;1083;5,166429587482219
2015T3;33;Asturias;1049328,0;16,4;42,28;28,21;2,3;31,3;19684,0;22542,0;16443,0;42,69;16,97;99,7516;90,26;63,86;62,3;2,45;-3,36;1259,9;-0,69;1416;24,0819;92038,39;1003;5,1205039626092255
2015T4;33;Asturias;1049328,0;16,4;42,28;28,21;2,3;31,3;19684,0;22542,0;16443,0;41,27;20,33;100,4612;92,91;62,26;63,2;2,43;-3,27;1286,6;-0,69;1441;28,2443;86571,86;1112;5,229018492176387
2016T1;33;Asturias;1040407,0;15,7;42,38;28,76;2,3;31,7;19765,0;22702,0;16474,0;41,34;19,5;98,251;88,55;62,77;63,9;2,33;-3,32;1286,3;1,18;1610;25,1553;90727,84;1061;5,20637490513534
2016T2;33;Asturias;1040407,0;15,7;42,38;28,76;2,3;31,7;19765,0;22702,0;16474,0;42,06;19,29;99,9512;92,68;63,2;63,8;2,32;-3,6;1266,3;1,18;1621;22,8254;86220,17;1136;5,125423728813559
2016T3;33;Asturias;1040407,0;15,7;42,38;28,76;2,3;31,7;19765,0;22702,0;16474,0;43,43;17,05;99,7688;89,74;63,85;63,8;2,37;-3,16;1279,2;1,18;1566;24,0102;90622,7;1014;5,177637237541108
2016T4;33;Asturias;1040407,0;15,7;42,38;28,76;2,3;31,7;19765,0;22702,0;16474,0;43,48;14,59;101,5959;93,2;63,47;64,2;2,27;-3,1;1269,6;1,18;1617;24,0569;85774,88;1077;5,138780672906653
2017T1;33;Asturias;1033550,0;15,12;42,37;29,3;2,3;32,1;19987,0;22959,0;16685,0;43,59;14,23;100,9918;90,09;63,65;64,8;2,24;-2,96;1263,8;1,22;1875;23,4133;95897,72;1079;5,058488017211188
2017T2;33;Asturias;1033550,0;15,12;42,37;29,3;2,3;32,1;19987,0;22959,0;16685,0;44,49;13,03;101,7249;93,77;63,03;65,0;2,17;-2,83;1254,0;1,22;1997;20,3806;89722,41;990;5,019262520638415
2017T3;33;Asturias;1033550,0;15,12;42,37;29,3;2,3;32,1;19987,0;22959,0;16685,0;44,21;12,95;101,1863;91,13;64,39;64,9;2,22;-2,84;1288,7;1,22;2013;25,0869;92529,05;1090;5,1581527993195575
2017T4;33;Asturias;1033550,0;15,12;42,37;29,3;2,3;32,1;19987,0;22959,0;16685,0;43,25;14,64;102,7785;94,8;65,0;65,6;2,15;-2,79;1295,0;1,22;1955;20,665;90069,8;1025;5,183369189973483
2018T1;33;Asturias;1027091,0;14,67;42,16;29,96;2,3;32,6;20650,0;23611,0;17377,0;43,29;15,02;101,6438;91,97;65,02;65,5;2,23;-2,6;1260,5;2,48;2399;25,8024;93283,93;1330;4,883292978208233
2018T2;33;Asturias;1027091,0;14,67;42,16;29,96;2,3;32,6;20650,0;23611,0;17377,0;44,16;13,1;103,4058;95,37;65,62;64,9;2,2;-2,19;1274,2;2,48;2062;20,4171;95278,86;1212;4,93636803874092
2018T3;33;Asturias;1027091,0;14,67;42,16;29,96;2,3;32,6;20650,0;23611,0;17377,0;44,19;13,45;103,4553;92,55;67,22;65,9;2,17;-1,81;1276,6;2,48;2411;22,5633;90502,36;943;4,945665859564165
2018T4;33;Asturias;1027091,0;14,67;42,16;29,96;2,3;32,6;20650,0;23611,0;17377,0;43,81;12,86;104,4199;96,51;67,18;66,5;2,26;-1,57;1276,6;2,48;2053;21,2372;95744,62;730;4,945665859564165
2019T1;33;Asturias;1021469,0;14,33;41,92;30,57;2,3;32,7;21311,0;24238,0;18091,0;43,27;15,03;102,7336;92,79;67,48;64,6;2,37;-1,25;1274,7;4,64;2222;25,2025;95142,38;859;4,785134437614378
2019T2;33;Asturias;1021469,0;14,33;41,92;30,57;2,3;32,7;21311,0;24238,0;18091,0;43,23;14,17;104,2359;96,07;68,98;65,5;2,35;-1,14;1303,7;4,64;2382;22,8799;94052,33;926;4,893998404579794
2019T3;33;Asturias;1021469,0;14,33;41,92;30,57;2,3;32,7;21311,0;24238,0;18091,0;43,41;14,43;103,4163;93,19;69,6;64,7;2,15;-1,19;1268,7;4,64;1867;21,9604;94149,39;1031;4,762610858242223
2019T4;33;Asturias;1021469,0;14,33;41,92;30,57;2,3;32,7;21311,0;24238,0;18091,0;44,1;13,14;104,4825;96,93;70,07;63,0;1,99;-1,08;1269,8;4,64;1866;23,687;96005,8;877;4,766740181127117
2020T1;33;Asturias;1018053,0;14,11;41,63;31,17;2,3;33,1;21191,0;23851,0;18292,0;43,63;14,37;103,0571;92,62;70,43;63,8;2,03;-1,14;1262,8;2,56;1999;23,5618;82498,72;928;4,767306875560379
2020T2;33;Asturias;1018053,0;14,11;41,63;31,17;2,3;33,1;21191,0;23851,0;18292,0;41,84;14,45;103,1776;93,31;71,61;64,2;1,91;-1,64;1270,5;2,56;1305;25,9004;103536,83;731;4,796375819923552
2020T3;33;Asturias;1018053,0;14,11;41,63;31,17;2,3;33,1;21191,0;23851,0;18292,0;42,96;14,16;102,8071;92,71;71,49;63,6;1,94;-1,62;1275,6;2,56;2061;29,2091;102424,31;938;4,81562927657968
2020T4;33;Asturias;1018053,0;14,11;41,63;31,17;2,3;33,1;21191,0;23851,0;18292,0;43,41;13,5;103,7246;97,76;71,37;65,2;1,8;-1,19;1247,3;2,56;2262;24,1379;97563,53;839;4,70879146807607
2021T1;33;Asturias;1012117,0;13,93;41,51;31,59;2,2;33,7;22286,0;25118,0;19183,0;43,5;13,73;103,6742;94,96;71,96;64,7;1,72;-0,8;1283,6;1,2943;2358;22,4767;103800,11;830;4,607735798258997
2021T2;33;Asturias;1012117,0;13,93;41,51;31,59;2,2;33,7;22286,0;25118,0;19183,0;43,95;13,42;105,9391;100,28;74,21;64,9;1,62;0,07;1285,3;1,2943;2341;21,7428;105268,9;1342;4,613838284124562
2021T3;33;Asturias;1012117,0;13,93;41,51;31,59;2,2;33,7;22286,0;25118,0;19183,0;44,59;12,09;106,1605;99,76;74,79;65,2;1,59;0,74;1293,5;1,2943;2399;19,2163;109419,81;1145;4,643273804181998
2021T4;33;Asturias;1012117,0;13,93;41,51;31,59;2,2;33,7;22286,0;25118,0;19183,0;44,72;10,1;109,5004;105,01;75,76;65,4;1,54;0,76;1280,9;1,2943;2308;20,1906;106855,78;1338;4,598043614825451
2022T1;33;Asturias;1004960,0;13,75;41,16;32,26;2,2;34,0;23405,0;26408,0;20157,0;43,86;11,68;111,5774;105,46;77,19;65,2;1,6;0,72;1303,7;9,0839;2800;19,1786;108167,55;998;4,456141850032044
2022T2;33;Asturias;1004960,0;13,75;41,16;32,26;2,2;34,0;23405,0;26408,0;20157,0;43,04;11,6;115,6563;114,52;79,1;65,2;1,74;0,98;1319,5;9,0839;2938;17,2907;108841,64;1261;4,510147404400769
2022T3;33;Asturias;1004960,0;13,75;41,16;32,26;2,2;34,0;23405,0;26408,0;20157,0;43,36;12,59;117,0154;110,54;79,58;64,6;2,14;0,87;1298,8;9,0839;2878;19,4232;112356,89;894;4,4393932920316175
2022T4;33;Asturias;1004960,0;13,75;41,16;32,26;2,2;34,0;23405,0;26408,0;20157,0;42,69;14,18;116,7721;115,01;79,26;63,9;2,87;0,3;1300,1;9,0839;2715;17,4954;107061,94;839;4,443836787011322
2023T1;33;Asturias;1006060,0;13,86;40,82;32,59;2,2;34,4;24581,0;27637,0;21305,0;42,77;13,1;117,4023;112,83;79,97;63,0;3,59;-0,75;1335,6;9,1168;3181;16,1584;114853,16;827;4,346771896993613
2023T2;33;Asturias;1006060,0;13,86;40,82;32,59;2,2;34,4;24581,0;27637,0;21305,0;44,71;10,38;118,8954;116,6;81,36;62,7;3,89;-2,01;1361,8;9,1168;3145;20,318;113383,62;1298;4,432041007282047
2023T3;33;Asturias;1006060,0;13,86;40,82;32,59;2,2;34,4;24581,0;27637,0;21305,0;44,35;13,39;120,0696;112,78;83,58;62,2;4,06;-3,14;1363,4;9,1168;2813;20,7252;107400,66;938;4,437248281192791
2023T4;33;Asturias;1006060,0;13,86;40,82;32,59;2,2;34,4;24581,0;27637,0;21305,0;44,23;11,62;120,2662;117,61;82,01;61,4;4,03;-3,14;1347,2;9,1168;2931;17,332;111395,44;783;4,384524632846508
2024T1;33;Asturias;1009599,0;13,86;40,82;32,59;2,2;34,4;25470,0;28640,0;22113,0;45,02;11,4;120,993;113,32;84,06;61,5;3,69;-2,61;1362,8;10,2417;3184;19,2211;113672,62;926;4,280486847271299
2024T2;33;Asturias;1009599,0;13,86;40,82;32,59;2,2;34,4;25470,0;28640,0;22113,0;44,72;11,79;122,9718;117,41;87,36;63,0;3,55;-1,79;1400,4;10,2417;3185;16,8289;101461,11;971;4,3985865724381625
2024T3;33;Asturias;1009599,0;13,86;40,82;32,59;2,2;34,4;25470,0;28640,0;22113,0;47,13;9,26;122,9104;114,16;89,33;63,3;3,45;-0,62;1435,8;10,2417;3783;23,3148;110003,64;1090;4,509776207302709
2024T4;33;Asturias;1009599,0;13,86;40,82;32,59;2,2;34,4;25470,0;28640,0;22113,0;47,94;8,09;123,3793;118,19;91,64;64,1;3,17;0,21;1473,1;10,2417;4264;23,0535;111853,3;1536;4,626933647428347
2015T1;34;Palencia;165820,0;17,63;39,91;28,86;2,4;32,3;18060,0;20168,0;15482,0;40,85;25,36;99,074;90,33;61,89;60,7;2,61;-3,78;1052,9;-0,84;294;33,6735;80391,3;37;4,664008859357697
2015T2;34;Palencia;165820,0;17,63;39,91;28,86;2,4;32,3;18060,0;20168,0;15482,0;43,34;19,48;100,7104;93,72;63,4;61,8;2,51;-3,32;1062,7;-0,84;239;21,7573;77312,5;47;4,707419712070875
2015T3;34;Palencia;165820,0;17,63;39,91;28,86;2,4;32,3;18060,0;20168,0;15482,0;46,86;17,31;99,8044;90,26;62,95;62,3;2,45;-3,36;1044,7;-0,84;308;16,5584;81497,24;29;4,627685492801771
2015T4;34;Palencia;165820,0;17,63;39,91;28,86;2,4;32,3;18060,0;20168,0;15482,0;45,02;19,09;100,4112;92,91;62,98;63,2;2,43;-3,27;1027,8;-0,84;270;16,6667;84145,7;39;4,552823920265781
2016T1;34;Palencia;164421,0;17,1;39,9;29,39;2,3;32,6;18173,0;20367,0;15523,0;44,85;17,97;98,1095;88,55;62,96;63,9;2,33;-3,32;1053,1;1,03;261;19,9234;73592,11;30;4,63588840587685
2016T2;34;Palencia;164421,0;17,1;39,9;29,39;2,3;32,6;18173,0;20367,0;15523,0;45,7;15,73;99,5216;92,68;63,75;63,8;2,32;-3,6;1009,3;1,03;315;15,2381;82712,92;49;4,443074891322292
2016T3;34;Palencia;164421,0;17,1;39,9;29,39;2,3;32,6;18173,0;20367,0;15523,0;48,22;13,29;99,4863;89,74;63,7;63,8;2,37;-3,16;1003,6;1,03;274;18,6131;84485,55;57;4,417982721619985
2016T4;34;Palencia;164421,0;17,1;39,9;29,39;2,3;32,6;18173,0;20367,0;15523,0;46,51;13,86;101,3795;93,2;63,47;64,2;2,27;-3,1;1043,6;1,03;269;15,9851;77518,29;42;4,5940681230396745
2017T1;34;Palencia;163221,0;16,55;39,98;29,83;2,3;33,1;18469,0;20620,0;15901,0;46,03;14,32;100,9042;90,09;64,28;64,8;2,24;-2,96;1011,8;1,65;334;22,1557;81645,71;41;4,382695327305214
2017T2;34;Palencia;163221,0;16,55;39,98;29,83;2,3;33,1;18469,0;20620,0;15901,0;46,79;14,11;101,4967;93,77;64,47;65,0;2,17;-2,83;1021,1;1,65;328;14,939;83851,85;76;4,422979045968921
2017T3;34;Palencia;163221,0;16,55;39,98;29,83;2,3;33,1;18469,0;20620,0;15901,0;47,82;13,01;101,0378;91,13;64,37;64,9;2,22;-2,84;989,2;1,65;289;8,9965;85178,34;57;4,284801559369755
2017T4;34;Palencia;163221,0;16,55;39,98;29,83;2,3;33,1;18469,0;20620,0;15901,0;47,72;13,07;102,6864;94,8;64,92;65,6;2,15;-2,79;997,1;1,65;318;16,6667;76069,18;69;4,319021062320646
2018T1;34;Palencia;162064,0;16,17;39,87;30,33;2,3;33,7;18895,0;21064,0;16351,0;47,29;12,44;101,8274;91,97;65,68;65,5;2,23;-2,6;999,4;3,03;319;18,1818;86068,97;54;4,231383964011643
2018T2;34;Palencia;162064,0;16,17;39,87;30,33;2,3;33,7;18895,0;21064,0;16351,0;49,1;9,12;103,4042;95,37;66,9;64,9;2,2;-2,19;966,6;3,03;329;10,6383;83168,42;35;4,092511246361472
2018T3;34;Palencia;162064,0;16,17;39,87;30,33;2,3;33,7;18895,0;21064,0;16351,0;47,31;11,52;103,3559;92,55;68,04;65,9;2,17;-1,81;993,6;3,03;297;12,1212;89151,35;243;4,206827202963747
2018T4;34;Palencia;162064,0;16,17;39,87;30,33;2,3;33,7;18895,0;21064,0;16351,0;44,7;15,0;104,4977;96,51;67,99;66,5;2,26;-1,57;1019,4;3,03;318;13,2075;86893,33;47;4,3160624503837
2019T1;34;Palencia;161053,0;15,86;39,68;30,84;2,3;33,8;19448,0;21578,0;16981,0;45,55;13,24;102,8348;92,79;68,93;64,6;2,37;-1,25;1002,2;3,51;347;10,951;84522,73;116;4,122583299053887
2019T2;34;Palencia;161053,0;15,86;39,68;30,84;2,3;33,8;19448,0;21578,0;16981,0;46,12;12,42;104,3817;96,07;70,47;65,5;2,35;-1,14;987,6;3,51;311;10,6109;99718,59;85;4,062525709584533
2019T3;34;Palencia;161053,0;15,86;39,68;30,84;2,3;33,8;19448,0;21578,0;16981,0;49,3;6,95;103,7438;93,19;70,81;64,7;2,15;-1,19;950,5;3,51;333;11,4114;100421,88;42;3,909913615795969
2019T4;34;Palencia;161053,0;15,86;39,68;30,84;2,3;33,8;19448,0;21578,0;16981,0;47,87;9,35;104,9061;96,93;71,39;63,0;1,99;-1,08;939,9;3,51;346;18,4971;91321,27;101;3,866310160427808
2020T1;34;Palencia;160357,0;15,55;39,56;31,33;2,3;34,2;19483,0;21469,0;17219,0;46,48;12,63;103,487;92,62;70,95;63,8;2,03;-1,14;956,1;1,72;289;12,1107;86780,1;103;3,9258841040907457
2020T2;34;Palencia;160357,0;15,55;39,56;31,33;2,3;34,2;19483,0;21469,0;17219,0;46,8;12,09;103,4277;93,31;72,55;64,2;1,91;-1,64;942,0;1,72;197;12,6904;85482,99;112;3,867987476261356
2020T3;34;Palencia;160357,0;15,55;39,56;31,33;2,3;34,2;19483,0;21469,0;17219,0;46,83;11,32;102,9533;92,71;72,38;63,6;1,94;-1,62;943,3;1,72;311;14,1479;82549,13;80;3,8733254632243495
2020T4;34;Palencia;160357,0;15,55;39,56;31,33;2,3;34,2;19483,0;21469,0;17219,0;49,3;9,64;103,8606;97,76;72,33;65,2;1,8;-1,19;931,1;1,72;379;7,9156;86965,52;63;3,8232305086485656
2021T1;34;Palencia;159146,0;15,34;39,48;31,64;2,3;34,8;20140,0;22107,0;17912,0;46,38;11,24;103,9329;94,96;72,36;64,7;1,72;-0,8;903,8;2,4003;460;16,7391;89415,54;91;3,590069513406157
2021T2;34;Palencia;159146,0;15,34;39,48;31,64;2,3;34,8;20140,0;22107,0;17912,0;48,38;9,87;106,1022;100,28;74,44;64,9;1,62;0,07;903,9;2,4003;435;20,6897;86044,61;126;3,5904667328699107
2021T3;34;Palencia;159146,0;15,34;39,48;31,64;2,3;34,8;20140,0;22107,0;17912,0;48,5;8,65;106,6359;99,76;75,44;65,2;1,59;0,74;929,7;2,4003;454;15,1982;99248,57;86;3,692949354518372
2021T4;34;Palencia;159146,0;15,34;39,48;31,64;2,3;34,8;20140,0;22107,0;17912,0;47,43;10,21;110,221;105,01;76,22;65,4;1,54;0,76;890,0;2,4003;461;15,4013;93539,03;106;3,535253227408143
2022T1;34;Palencia;157993,0;15,1;39,21;32,24;2,2;35,4;21160,0;23306,0;18781,0;47,19;10,67;112,4374;105,46;77,6;65,2;1,6;0,72;910,8;9,8928;460;15,8696;84737,7;105;3,4434782608695653
2022T2;34;Palencia;157993,0;15,1;39,21;32,24;2,2;35,4;21160,0;23306,0;18781,0;49,01;10,66;116,4667;114,52;79,21;65,2;1,74;0,98;944,4;9,8928;412;13,1068;98891,7;70;3,570510396975425
2022T3;34;Palencia;157993,0;15,1;39,21;32,24;2,2;35,4;21160,0;23306,0;18781,0;51,52;7,98;118,0434;110,54;80,39;64,6;2,14;0,87;916,4;9,8928;501;16,9661;99550,68;61;3,464650283553876
2022T4;34;Palencia;157993,0;15,1;39,21;32,24;2,2;35,4;21160,0;23306,0;18781,0;50,01;8,72;117,9959;115,01;79,32;63,9;2,87;0,3;927,8;9,8928;434;13,3641;93837,84;50;3,507750472589792
2023T1;34;Palencia;157787,0;14,96;38,97;32,62;2,2;35,7;22128,0;24416,0;19616,0;47,57;11,76;118,5166;112,83;79,54;63,0;3,59;-0,75;951,9;9,3671;435;13,3333;102358,85;47;3,441431670281996
2023T2;34;Palencia;157787,0;14,96;38,97;32,62;2,2;35,7;22128,0;24416,0;19616,0;49,93;9,03;120,0686;116,6;81,46;62,7;3,89;-2,01;946,8;9,3671;408;13,9706;107917,36;72;3,422993492407809
2023T3;34;Palencia;157787,0;14,96;38,97;32,62;2,2;35,7;22128,0;24416,0;19616,0;51,22;6,92;121,1566;112,78;82,36;62,2;4,06;-3,14;960,8;9,3671;434;20,9677;97606,97;66;3,473608098336949
2023T4;34;Palencia;157787,0;14,96;38,97;32,62;2,2;35,7;22128,0;24416,0;19616,0;51,43;7,23;121,4814;117,61;82,08;61,4;4,03;-3,14;931,1;9,3671;420;16,1905;102555,56;29;3,366232827187274
2024T1;34;Palencia;158063,0;14,96;38,97;32,62;2,2;35,7;23057,0;25362,0;20546,0;49,58;8,11;122,0261;113,32;84,24;61,5;3,69;-2,61;942,4;11,7358;426;10,5634;86294,12;50;3,269809602289977
2024T2;34;Palencia;158063,0;14,96;38,97;32,62;2,2;35,7;23057,0;25362,0;20546,0;49,41;7,14;123,5928;117,41;87,06;63,0;3,55;-1,79;957,3;11,7358;432;13,1944;91118,72;59;3,3215075682005466
2024T3;34;Palencia;158063,0;14,96;38,97;32,62;2,2;35,7;23057,0;25362,0;20546,0;51,97;5,92;123,0124;114,16;88,94;63,3;3,45;-0,62;928,7;11,7358;502;13,745;90488,22;58;3,2222752309493865
2024T4;34;Palencia;158063,0;14,96;38,97;32,62;2,2;35,7;23057,0;25362,0;20546,0;49,55;6,83;123,7957;118,19;90,75;64,1;3,17;0,21;954,7;11,7358;537;18,2495;85369,96;394;3,312486446632259
2015T1;35;Palmas, Las;1097578,0;21,83;45,19;15,15;2,7;27,3;16409,0;17706,0;14933,0;43,21;31,6;99,2371;90,33;55,63;60,7;2,61;-3,78;1364,3;3,03;2805;25,5615;71803,92;160;6,6514717533061125
2015T2;35;Palmas, Las;1097578,0;21,83;45,19;15,15;2,7;27,3;16409,0;17706,0;14933,0;43,2;30,53;100,6016;93,72;58,07;61,8;2,51;-3,32;1357,1;3,03;2402;23,8551;93866,45;163;6,616369065756597
2015T3;35;Palmas, Las;1097578,0;21,83;45,19;15,15;2,7;27,3;16409,0;17706,0;14933,0;43,23;29,7;99,9641;90,26;57,84;62,3;2,45;-3,36;1364,5;3,03;2610;19,6935;81651,8;206;6,652446827960266
2015T4;35;Palmas, Las;1097578,0;21,83;45,19;15,15;2,7;27,3;16409,0;17706,0;14933,0;44,38;27,64;100,1971;92,91;57,66;63,2;2,43;-3,27;1369,9;3,03;2521;19,3574;84878,25;148;6,678773843622403
2016T1;35;Palmas, Las;1099894,0;21,25;45,55;15,6;2,7;27,3;16475,0;17779,0;14996,0;45,0;25,73;98,5155;88,55;58,9;63,9;2,33;-3,32;1403,1;5,63;3117;20,2117;67103,03;141;6,8132321699544764
2016T2;35;Palmas, Las;1099894,0;21,25;45,55;15,6;2,7;27,3;16475,0;17779,0;14996,0;44,2;27,32;99,7573;92,68;59,17;63,8;2,32;-3,6;1421,6;5,63;2930;21,6041;83838,32;188;6,903065250379362
2016T3;35;Palmas, Las;1099894,0;21,25;45,55;15,6;2,7;27,3;16475,0;17779,0;14996,0;44,3;26,88;99,709;89,74;59,2;63,8;2,37;-3,16;1430,6;5,63;2564;19,8518;83170,93;656;6,946767830045523
2016T4;35;Palmas, Las;1099894,0;21,25;45,55;15,6;2,7;27,3;16475,0;17779,0;14996,0;44,73;25,25;100,9599;93,2;59,59;64,2;2,27;-3,1;1462,8;5,63;2644;27,1558;81565,9;302;7,103125948406677
2017T1;35;Palmas, Las;1105579,0;20,84;45,77;16,04;2,7;27,2;16779,0;18143,0;15246,0;43,92;27,16;100,4972;90,09;60,93;64,8;2,24;-2,96;1475,1;5,64;2705;19,963;81922,75;420;7,033077060611479
2017T2;35;Palmas, Las;1105579,0;20,84;45,77;16,04;2,7;27,2;16779,0;18143,0;15246,0;45,75;26,09;101,6158;93,77;61,29;65,0;2,17;-2,83;1479,1;5,64;3141;22,2222;78428,71;382;7,052148518982061
2017T3;35;Palmas, Las;1105579,0;20,84;45,77;16,04;2,7;27,2;16779,0;18143,0;15246,0;46,64;23,51;100,9633;91,13;61,87;64,9;2,22;-2,84;1518,4;5,64;3124;21,5429;93089,9;306;7,239525597473031
2017T4;35;Palmas, Las;1105579,0;20,84;45,77;16,04;2,7;27,2;16779,0;18143,0;15246,0;48,18;21,48;102,1056;94,8;63,18;65,6;2,15;-2,79;1525,7;5,64;2791;20,4228;92504,26;444;7,274331008999344
2018T1;35;Palmas, Las;1111873,0;20,6;45,82;16,52;2,7;27,3;17350,0;18694,0;15849,0;48,15;20,93;101,585;91,97;63,7;65,5;2,23;-2,6;1543,7;10,69;3353;17,5962;93567,69;389;7,117925072046109
2018T2;35;Palmas, Las;1111873,0;20,6;45,82;16,52;2,7;27,3;17350,0;18694,0;15849,0;48,46;19,73;103,1109;95,37;64,94;64,9;2,2;-2,19;1558,3;10,69;3379;21,0417;92911,69;431;7,185244956772334
2018T3;35;Palmas, Las;1111873,0;20,6;45,82;16,52;2,7;27,3;17350,0;18694,0;15849,0;49,76;19,75;102,8663;92,55;65,19;65,9;2,17;-1,81;1573,3;10,69;3104;20,0709;90361,46;615;7,2544092219020175
2018T4;35;Palmas, Las;1111873,0;20,6;45,82;16,52;2,7;27,3;17350,0;18694,0;15849,0;48,62;20,53;103,8924;96,51;65,8;66,5;2,26;-1,57;1574,5;10,69;2630;22,5475;101279,49;492;7,259942363112392
2019T1;35;Palmas, Las;1121686,0;20,52;45,92;16,87;2,7;27,4;17961,0;19278,0;16503,0;45,88;23,04;102,6245;92,79;67,0;64,6;2,37;-1,25;1607,7;10,94;2782;23,1488;97436,86;627;7,160848505094371
2019T2;35;Palmas, Las;1121686,0;20,52;45,92;16,87;2,7;27,4;17961,0;19278,0;16503,0;46,1;23,38;103,304;96,07;67,03;65,5;2,35;-1,14;1593,2;10,94;2833;19,6258;96466,12;765;7,096264127832527
2019T3;35;Palmas, Las;1121686,0;20,52;45,92;16,87;2,7;27,4;17961,0;19278,0;16503,0;45,93;22,86;102,7535;93,19;67,67;64,7;2,15;-1,19;1600,3;10,94;3027;20,0198;105690,51;894;7,127888202215912
2019T4;35;Palmas, Las;1121686,0;20,52;45,92;16,87;2,7;27,4;17961,0;19278,0;16503,0;49,17;19,6;103,758;96,93;67,81;63,0;1,99;-1,08;1635,1;10,94;2445;24,5399;83289,54;578;7,282890707644339
2020T1;35;Palmas, Las;1131195,0;20,51;45,93;17,23;2,7;27,7;16764,0;17894,0;15514,0;49,73;17,43;103,6727;92,62;68,19;63,8;2,03;-1,14;1614,8;2,69;3204;18,4457;108928,35;374;7,706036745406824
2020T2;35;Palmas, Las;1131195,0;20,51;45,93;17,23;2,7;27,7;16764,0;17894,0;15514,0;44,3;20,45;104,3618;93,31;67,45;64,2;1,91;-1,64;1569,2;2,69;1419;22,1283;95964,97;451;7,488427582915772
2020T3;35;Palmas, Las;1131195,0;20,51;45,93;17,23;2,7;27,7;16764,0;17894,0;15514,0;42,25;24,41;103,4567;92,71;68,64;63,6;1,94;-1,62;1573,2;2,69;1937;22,1993;95196,86;350;7,507516105941303
2020T4;35;Palmas, Las;1131195,0;20,51;45,93;17,23;2,7;27,7;16764,0;17894,0;15514,0;42,31;25,88;103,9374;97,76;68,38;65,2;1,8;-1,19;1581,9;2,69;2077;25,0843;110556,75;754;7,549033643521833
2021T1;35;Palmas, Las;1131359,0;20,36;45,92;17,74;2,6;28,3;18127,0;19250,0;16896,0;40,84;26,24;103,3623;94,96;69,42;64,7;1,72;-0,8;1581,1;4,3355;2552;26,7241;106256,54;630;6,977878303083798
2021T2;35;Palmas, Las;1131359,0;20,36;45,92;17,74;2,6;28,3;18127,0;19250,0;16896,0;43,27;24,55;105,49;100,28;71,76;64,9;1,62;0,07;1620,2;4,3355;2669;24,9906;124009,51;334;7,150438572295471
2021T3;35;Palmas, Las;1131359,0;20,36;45,92;17,74;2,6;28,3;18127,0;19250,0;16896,0;45,68;25,05;105,7189;99,76;73,41;65,2;1,59;0,74;1625,0;4,3355;2935;24,3271;101444,87;454;7,17162244166161
2021T4;35;Palmas, Las;1131359,0;20,36;45,92;17,74;2,6;28,3;18127,0;19250,0;16896,0;49,09;18,38;108,7013;105,01;73,72;65,4;1,54;0,76;1636,2;4,3355;2758;24,7281;116536,53;325;7,2210514701826
2022T1;35;Palmas, Las;1133733,0;20,24;45,9;18,31;2,6;28,5;19889,0;21109,0;18569,0;47,7;20,71;110,5315;105,46;76,98;65,2;1,6;0,72;1680,6;12,6335;3512;23,2346;118622,75;578;6,759917542360099
2022T2;35;Palmas, Las;1133733,0;20,24;45,9;18,31;2,6;28,5;19889,0;21109,0;18569,0;50,02;17,56;113,4973;114,52;78,53;65,2;1,74;0,98;1711,0;12,6335;3651;19,4467;111925,7;385;6,882196188848107
2022T3;35;Palmas, Las;1133733,0;20,24;45,9;18,31;2,6;28,5;19889,0;21109,0;18569,0;50,92;17,55;115,7178;110,54;79,32;64,6;2,14;0,87;1702,3;12,6335;4083;17,4627;120137,9;399;6,84720197093871
2022T4;35;Palmas, Las;1133733,0;20,24;45,9;18,31;2,6;28,5;19889,0;21109,0;18569,0;52,79;13,46;116,2376;115,01;79,72;63,9;2,87;0,3;1684,4;12,6335;3137;21,9637;124763,59;574;6,7752023731711
2023T1;35;Palmas, Las;1145843,0;20,36;45,88;18,66;2,6;28,6;20962,0;22157,0;19678,0;52,65;15,57;117,0782;112,83;81,22;63,0;3,59;-0,75;1740,5;12,9005;3598;25,3752;107171,81;429;6,642495945043412
2023T2;35;Palmas, Las;1145843,0;20,36;45,88;18,66;2,6;28,6;20962,0;22157,0;19678,0;51,15;14,86;118,6304;116,6;82,1;62,7;3,89;-2,01;1754,9;12,9005;3258;24,5549;112069,95;513;6,697452533155233
2023T3;35;Palmas, Las;1145843,0;20,36;45,88;18,66;2,6;28,6;20962,0;22157,0;19678,0;51,88;14,48;119,2583;112,78;84,56;62,2;4,06;-3,14;1787,7;12,9005;2945;24,1426;115365,27;857;6,822631428298826
2023T4;35;Palmas, Las;1145843,0;20,36;45,88;18,66;2,6;28,6;20962,0;22157,0;19678,0;51,72;15,28;120,4052;117,61;83,34;61,4;4,03;-3,14;1784,9;12,9005;2671;26,2449;96923,81;715;6,811945425054861
2024T1;35;Palmas, Las;1159890,0;20,36;45,88;18,66;2,6;28,6;21902,0;23143,0;20579,0;51,85;15,44;120,9899;113,32;85,94;61,5;3,69;-2,61;1831,0;12,6115;3386;23,4495;78492,4;685;6,687973701031869
2024T2;35;Palmas, Las;1159890,0;20,36;45,88;18,66;2,6;28,6;21902,0;23143,0;20579,0;52,16;13,64;122,5733;117,41;89,09;63,0;3,55;-1,79;1834,3;12,6115;3233;24,7448;120700,77;443;6,70002739475847
2024T3;35;Palmas, Las;1159890,0;20,36;45,88;18,66;2,6;28,6;21902,0;23143,0;20579,0;51,03;14,96;122,2424;114,16;90,57;63,3;3,45;-0,62;1858,1;12,6115;3404;25,1763;126962,26;615;6,786960094968496
2024T4;35;Palmas, Las;1159890,0;20,36;45,88;18,66;2,6;28,6;21902,0;23143,0;20579,0;53,11;12,02;122,7705;118,19;92,18;64,1;3,17;0,21;1908,7;12,6115;3374;28,4825;131051,15;618;6,971783398776368
2015T1;36;Pontevedra;948487,0;18,58;41,62;24,06;2,6;27,2;17184,0;19284,0;14767,0;40,4;25,58;98,9976;90,33;61,18;60,7;2,61;-3,78;1209,6;0,13;1062;39,6422;92032,77;118;5,631284916201118
2015T2;36;Pontevedra;948487,0;18,58;41,62;24,06;2,6;27,2;17184,0;19284,0;14767,0;42,0;23,34;100,7858;93,72;62,64;61,8;2,51;-3,32;1226,6;0,13;914;33,3698;95503,72;176;5,710428305400373
2015T3;36;Pontevedra;948487,0;18,58;41,62;24,06;2,6;27,2;17184,0;19284,0;14767,0;43,51;20,47;99,6943;90,26;63,15;62,3;2,45;-3,36;1214,4;0,13;979;37,2829;104715,8;156;5,653631284916201
2015T4;36;Pontevedra;948487,0;18,58;41,62;24,06;2,6;27,2;17184,0;19284,0;14767,0;43,01;20,47;100,5223;92,91;62,29;63,2;2,43;-3,27;1216,7;0,13;1035;35,0725;107524,1;203;5,6643389199255125
2016T1;36;Pontevedra;945852,0;17,81;41,85;24,63;2,6;27,3;17422,0;19614,0;14932,0;42,89;20,67;98,125;88,55;63,2;63,9;2,33;-3,32;1222,6;1,06;992;31,754;96401,63;118;5,614051199632648
2016T2;36;Pontevedra;945852,0;17,81;41,85;24,63;2,6;27,3;17422,0;19614,0;14932,0;43,13;20,52;99,7608;92,68;63,42;63,8;2,32;-3,6;1242,9;1,06;1075;24,6512;94972,68;182;5,7072666743198255
2016T3;36;Pontevedra;945852,0;17,81;41,85;24,63;2,6;27,3;17422,0;19614,0;14932,0;44,74;17,89;99,5488;89,74;63,95;63,8;2,37;-3,16;1209,9;1,06;1103;25,476;98826,09;208;5,555734129261853
2016T4;36;Pontevedra;945852,0;17,81;41,85;24,63;2,6;27,3;17422,0;19614,0;14932,0;43,95;18,47;101,5567;93,2;63,58;64,2;2,27;-3,1;1242,2;1,06;1029;25,0729;103751,23;150;5,704052347606474
2017T1;36;Pontevedra;944116,0;17,15;42,03;25,14;2,6;27,3;17898,0;20129,0;15373,0;43,37;19,63;100,991;90,09;64,03;64,8;2,24;-2,96;1225,9;0,23;1196;29,1806;95917,11;224;5,479494915633032
2017T2;36;Pontevedra;944116,0;17,15;42,03;25,14;2,6;27,3;17898,0;20129,0;15373,0;43,82;18,99;101,8559;93,77;64,03;65,0;2,17;-2,83;1216,2;0,23;1280;24,2188;102255,47;252;5,436138115990613
2017T3;36;Pontevedra;944116,0;17,15;42,03;25,14;2,6;27,3;17898,0;20129,0;15373,0;45,1;16,87;101,2679;91,13;65,05;64,9;2,22;-2,84;1245,1;0,23;1306;26,6462;99370,52;210;5,565314560286065
2017T4;36;Pontevedra;944116,0;17,15;42,03;25,14;2,6;27,3;17898,0;20129,0;15373,0;43,98;17,76;103,1179;94,8;65,41;65,6;2,15;-2,79;1228,8;0,23;1222;20,7856;96137,03;200;5,492457257794167
2018T1;36;Pontevedra;942556,0;16,69;41,94;25,73;2,6;27,8;18529,0;20815,0;15953,0;43,71;18,66;101,9456;91,97;66,08;65,5;2,23;-2,6;1223,6;3,49;1269;20,5674;103424,33;161;5,282961843596524
2018T2;36;Pontevedra;942556,0;16,69;41,94;25,73;2,6;27,8;18529,0;20815,0;15953,0;45,4;16,38;103,8523;95,37;66,53;64,9;2,2;-2,19;1248,1;3,49;1425;23,6491;100191,22;315;5,388741972043823
2018T3;36;Pontevedra;942556,0;16,69;41,94;25,73;2,6;27,8;18529,0;20815,0;15953,0;46,03;14,65;103,7841;92,55;67,7;65,9;2,17;-1,81;1229,5;3,49;1438;21,4882;102577,72;582;5,308435425549139
2018T4;36;Pontevedra;942556,0;16,69;41,94;25,73;2,6;27,8;18529,0;20815,0;15953,0;45,63;14,38;104,9701;96,51;68,07;66,5;2,26;-1,57;1254,3;3,49;1378;21,4804;106307,93;477;5,415510820875385
2019T1;36;Pontevedra;942944,0;16,38;41,87;26,25;2,5;28,1;19160,0;21432,0;16631,0;45,06;15,85;103,2145;92,79;68,43;64,6;2,37;-1,25;1252,8;6,05;1446;21,7151;106647,45;364;5,2308977035490605
2019T2;36;Pontevedra;942944,0;16,38;41,87;26,25;2,5;28,1;19160,0;21432,0;16631,0;46,11;14,28;104,7765;96,07;69,76;65,5;2,35;-1,14;1262,8;6,05;1405;20,427;106052,68;341;5,2726513569937365
2019T3;36;Pontevedra;942944,0;16,38;41,87;26,25;2,5;28,1;19160,0;21432,0;16631,0;47,13;13,18;103,9244;93,19;70,24;64,7;2,15;-1,19;1264,4;6,05;1361;20,4996;107557,61;338;5,279331941544886
2019T4;36;Pontevedra;942944,0;16,38;41,87;26,25;2,5;28,1;19160,0;21432,0;16631,0;45,95;13,86;105,3899;96,93;70,74;63,0;1,99;-1,08;1269,7;6,05;1318;19,7269;100210,23;425;5,301461377870564
2020T1;36;Pontevedra;946213,0;16,2;41,72;26,74;2,5;28,3;19105,0;21215,0;16747,0;45,99;15,27;103,8854;92,62;70,67;63,8;2,03;-1,14;1268,9;2,46;1477;23,629;102551,79;361;5,313373462444386
2020T2;36;Pontevedra;946213,0;16,2;41,72;26,74;2,5;28,3;19105,0;21215,0;16747,0;44,57;13,88;103,7755;93,31;71,62;64,2;1,91;-1,64;1243,6;2,46;999;19,9199;104569,17;414;5,207432609264591
2020T3;36;Pontevedra;946213,0;16,2;41,72;26,74;2,5;28,3;19105,0;21215,0;16747,0;46,15;14,1;103,4111;92,71;71,59;63,6;1,94;-1,62;1271,1;2,46;1131;19,0981;110861,69;453;5,322585710546977
2020T4;36;Pontevedra;946213,0;16,2;41,72;26,74;2,5;28,3;19105,0;21215,0;16747,0;46,17;13,27;104,6876;97,76;71,56;65,2;1,8;-1,19;1265,4;2,46;1470;19,1837;114207,36;423;5,298717613190265
2021T1;36;Pontevedra;946311,0;16,07;41,54;27,25;2,5;28,8;20046,0;22207,0;17655,0;44,94;14,98;104,6001;94,96;72,26;64,7;1,72;-0,8;1288,8;2,5626;1510;22,7152;114881,08;389;5,143370248428615
2021T2;36;Pontevedra;946311,0;16,07;41,54;27,25;2,5;28,8;20046,0;22207,0;17655,0;45,99;14,37;107,2965;100,28;74,12;64,9;1,62;0,07;1276,7;2,5626;1524;25,3937;107825,79;414;5,095081312980145
2021T3;36;Pontevedra;946311,0;16,07;41,54;27,25;2,5;28,8;20046,0;22207,0;17655,0;47,23;13,04;107,9056;99,76;75,73;65,2;1,59;0,74;1270,2;2,5626;1748;24,1991;121271,02;447;5,0691409757557615
2021T4;36;Pontevedra;946311,0;16,07;41,54;27,25;2,5;28,8;20046,0;22207,0;17655,0;46,51;12,6;111,4181;105,01;76,45;65,4;1,54;0,76;1302,9;2,5626;1635;22,63;114415,51;591;5,19964082609997
2022T1;36;Pontevedra;945198,0;15,99;41,29;27,81;2,5;29,2;21097,0;23402,0;18604,0;46,86;13,52;113,7703;105,46;78,25;65,2;1,6;0,72;1331,4;7,3699;1793;20,8031;117071,67;505;5,048679907095796
2022T2;36;Pontevedra;945198,0;15,99;41,29;27,81;2,5;29,2;21097,0;23402,0;18604,0;47,21;12,27;118,4821;114,52;79,81;65,2;1,74;0,98;1368,1;7,3699;1758;19,1126;118585,57;382;5,18784661326255
2022T3;36;Pontevedra;945198,0;15,99;41,29;27,81;2,5;29,2;21097,0;23402,0;18604,0;46,7;13,18;119,8492;110,54;80,34;64,6;2,14;0,87;1360,6;7,3699;1805;24,0443;122550,88;474;5,159406550694412
2022T4;36;Pontevedra;945198,0;15,99;41,29;27,81;2,5;29,2;21097,0;23402,0;18604,0;47,51;11,66;119,9033;115,01;79,87;63,9;2,87;0,3;1344,2;7,3699;1628;25,3686;124195,08;496;5,09721761387875
2023T1;36;Pontevedra;946710,0;16,02;41,18;28,11;2,5;29,7;22259,0;24650,0;19694,0;47,36;11,87;120,3149;112,83;80,88;63,0;3,59;-0,75;1376,6;6,9673;1556;22,108;122856,37;92;4,947571768722764
2023T2;36;Pontevedra;946710,0;16,02;41,18;28,11;2,5;29,7;22259,0;24650,0;19694,0;48,27;10,55;121,7185;116,6;82,3;62,7;3,89;-2,01;1380,0;6,9673;1434;16,9456;132613,31;663;4,9597915449930365
2023T3;36;Pontevedra;946710,0;16,02;41,18;28,11;2,5;29,7;22259,0;24650,0;19694,0;48,75;10,9;123,0784;112,78;84,0;62,2;4,06;-3,14;1404,2;6,9673;1507;24,8839;128440,69;522;5,046767599622624
2023T4;36;Pontevedra;946710,0;16,02;41,18;28,11;2,5;29,7;22259,0;24650,0;19694,0;48,35;10,65;123,8184;117,61;82,61;61,4;4,03;-3,14;1423,3;6,9673;1349;26,8347;125503,74;477;5,115413989846804
2024T1;36;Pontevedra;947869,0;16,02;41,18;28,11;2,5;29,7;23182,0;25599,0;20613,0;47,25;13,1;124,5417;113,32;85,01;61,5;3,69;-2,61;1457,7;6,8839;1803;19,4121;115911,98;559;5,030454663100682
2024T2;36;Pontevedra;947869,0;16,02;41,18;28,11;2,5;29,7;23182,0;25599,0;20613,0;48,44;11,78;126,5153;117,41;87,83;63,0;3,55;-1,79;1464,0;6,8839;1460;25,0;120639,33;893;5,052195669053576
2024T3;36;Pontevedra;947869,0;16,02;41,18;28,11;2,5;29,7;23182,0;25599,0;20613,0;49,99;10,29;125,7667;114,16;90,17;63,3;3,45;-0,62;1506,9;6,8839;1835;26,4305;136656,19;1252;5,20024156673281
2024T4;36;Pontevedra;947869,0;16,02;41,18;28,11;2,5;29,7;23182,0;25599,0;20613,0;49,89;9,94;126,8089;118,19;91,32;64,1;3,17;0,21;1517,8;6,8839;2145;31,3753;125803,67;459;5,237856957984644
2015T1;37;Salamanca;341635,0;17,61;37,69;30,32;2,3;33,7;17690,0;19220,0;15869,0;42,85;18,26;99,0796;90,33;61,89;60,7;2,61;-3,78;1225,2;-0,89;617;15,8833;88277,78;122;5,5407574901074055
2015T2;37;Salamanca;341635,0;17,61;37,69;30,32;2,3;33,7;17690,0;19220,0;15869,0;45,66;16,22;100,7582;93,72;63,4;61,8;2,51;-3,32;1190,1;-0,89;500;14,6;82498,53;136;5,382023742227247
2015T3;37;Salamanca;341635,0;17,61;37,69;30,32;2,3;33,7;17690,0;19220,0;15869,0;47,65;13,56;99,8379;90,26;62,95;62,3;2,45;-3,36;1217,3;-0,89;457;11,5974;83611,26;143;5,505031091011871
2015T4;37;Salamanca;341635,0;17,61;37,69;30,32;2,3;33,7;17690,0;19220,0;15869,0;46,07;15,78;100,3242;92,91;62,98;63,2;2,43;-3,27;1191,9;-0,89;506;14,0316;94684,52;108;5,390163934426229
2016T1;37;Salamanca;338308,0;17,04;37,74;30,9;2,3;34,2;17712,0;19321,0;15829,0;43,2;17,1;98,0798;88,55;62,96;63,9;2,33;-3,32;1220,0;0,92;607;16,4745;92653,75;118;5,510388437217705
2016T2;37;Salamanca;338308,0;17,04;37,74;30,9;2,3;34,2;17712,0;19321,0;15829,0;43,63;17,33;99,3852;92,68;63,75;63,8;2,32;-3,6;1205,3;0,92;574;15,6794;86835,75;173;5,443992773261066
2016T3;37;Salamanca;338308,0;17,04;37,74;30,9;2,3;34,2;17712,0;19321,0;15829,0;45,0;15,26;99,3036;89,74;63,7;63,8;2,37;-3,16;1173,9;0,92;524;12,9771;90089,29;131;5,302168021680217
2016T4;37;Salamanca;338308,0;17,04;37,74;30,9;2,3;34,2;17712,0;19321,0;15829,0;43,04;16,22;101,1787;93,2;63,47;64,2;2,27;-3,1;1214,4;0,92;540;11,4815;81768,81;142;5,485094850948509
2017T1;37;Salamanca;335783,0;16,59;37,74;31,42;2,3;34,4;18173,0;19856,0;16219,000000000002;43,23;17,19;101,0805;90,09;64,28;64,8;2,24;-2,96;1199,0;1,61;648;15,5864;97336,54;164;5,278159907555164
2017T2;37;Salamanca;335783,0;16,59;37,74;31,42;2,3;34,4;18173,0;19856,0;16219,000000000002;44,45;16,22;101,4979;93,77;64,47;65,0;2,17;-2,83;1178,4;1,61;623;14,9278;90264,34;162;5,187475925824025
2017T3;37;Salamanca;335783,0;16,59;37,74;31,42;2,3;34,4;18173,0;19856,0;16219,000000000002;47,45;12,44;100,9155;91,13;64,37;64,9;2,22;-2,84;1214,7;1,61;561;13,369;98120,42;163;5,347273427612392
2017T4;37;Salamanca;335783,0;16,59;37,74;31,42;2,3;34,4;18173,0;19856,0;16219,000000000002;46,94;12,39;102,4088;94,8;64,92;65,6;2,15;-2,79;1186,9;1,61;632;15,5063;108048,47;178;5,224894073625708
2018T1;37;Salamanca;333500,0;16,27;37,7;31,89;2,3;35,0;18647,0;20382,0;16651,0;45,66;14,09;101,6127;91,97;65,68;65,5;2,23;-2,6;1183,2;4,23;701;12,6961;93344,26;183;5,076205287713841
2018T2;37;Salamanca;333500,0;16,27;37,7;31,89;2,3;35,0;18647,0;20382,0;16651,0;47,06;12,85;103,3415;95,37;66,9;64,9;2,2;-2,19;1147,1;4,23;660;10,4545;95097,26;130;4,921327827532579
2018T3;37;Salamanca;333500,0;16,27;37,7;31,89;2,3;35,0;18647,0;20382,0;16651,0;47,2;13,27;103,4941;92,55;68,04;65,9;2,17;-1,81;1176,8;4,23;643;13,8414;90529,26;264;5,048747787847911
2018T4;37;Salamanca;333500,0;16,27;37,7;31,89;2,3;35,0;18647,0;20382,0;16651,0;46,35;12,18;104,5394;96,51;67,99;66,5;2,26;-1,57;1173,0;4,23;726;15,7025;93742,99;113;5,032444897302515
2019T1;37;Salamanca;332044,0;16,11;37,57;32,29;2,3;35,1;19331,0;21127,0;17292,0;46,09;13,01;103,0108;92,79;68,93;64,6;2,37;-1,25;1173,4;5,43;800;15,375;94794,81;151;4,856034348973152
2019T2;37;Salamanca;332044,0;16,11;37,57;32,29;2,3;35,1;19331,0;21127,0;17292,0;45,87;14,47;104,5781;96,07;70,47;65,5;2,35;-1,14;1181,3;5,43;714;12,7451;101362,07;158;4,888727949924991
2019T3;37;Salamanca;332044,0;16,11;37,57;32,29;2,3;35,1;19331,0;21127,0;17292,0;46,15;13,1;103,7045;93,19;70,81;64,7;2,15;-1,19;1178,3;5,43;602;12,2924;101963,59;146;4,876312658424292
2019T4;37;Salamanca;332044,0;16,11;37,57;32,29;2,3;35,1;19331,0;21127,0;17292,0;46,34;13,02;104,7698;96,93;71,39;63,0;1,99;-1,08;1201,9;5,43;663;18,4012;97169,35;197;4,973979618229786
2020T1;37;Salamanca;330834,0;15,93;37,48;32,68;2,3;35,5;19395,0;21007,0;17570,0;45,77;13,17;103,7844;92,62;70,95;63,8;2,03;-1,14;1204,5;0,3;688;10,9012;94465,62;135;4,968290796597061
2020T2;37;Salamanca;330834,0;15,93;37,48;32,68;2,3;35,5;19395,0;21007,0;17570,0;44,11;12,42;103,5056;93,31;72,55;64,2;1,91;-1,64;1191,4;0,3;419;14,3198;106515,98;115;4,91425625161124
2020T3;37;Salamanca;330834,0;15,93;37,48;32,68;2,3;35,5;19395,0;21007,0;17570,0;44,92;12,53;103,0499;92,71;72,38;63,6;1,94;-1,62;1184,0;0,3;588;14,6259;111238,41;125;4,88373292085589
2020T4;37;Salamanca;330834,0;15,93;37,48;32,68;2,3;35,5;19395,0;21007,0;17570,0;44,51;15,75;103,9234;97,76;72,33;65,2;1,8;-1,19;1162,1;0,3;709;12,4118;96283,06;162;4,793400360917762
2021T1;37;Salamanca;327735,0;15,9;37,55;32,78;2,2;36,1;20138,0;21836,0;18226,0;43,8;16,93;104,2656;94,96;72,36;64,7;1,72;-0,8;1147,7;4,2321;647;17,1561;123026,19;166;4,559340550203595
2021T2;37;Salamanca;327735,0;15,9;37,55;32,78;2,2;36,1;20138,0;21836,0;18226,0;45,75;12,93;106,391;100,28;74,44;64,9;1,62;0,07;1141,5;4,2321;752;11,4362;98085,77;249;4,534710497566789
2021T3;37;Salamanca;327735,0;15,9;37,55;32,78;2,2;36,1;20138,0;21836,0;18226,0;47,63;11,96;106,797;99,76;75,44;65,2;1,59;0,74;1178,3;4,2321;919;10,0109;97310,0;218;4,680901777733638
2021T4;37;Salamanca;327735,0;15,9;37,55;32,78;2,2;36,1;20138,0;21836,0;18226,0;47,0;11,53;110,6529;105,01;76,22;65,4;1,54;0,76;1183,0;4,2321;842;11,9952;107644,34;162;4,699572946667991
2022T1;37;Salamanca;326285,0;15,8;37,15;33,45;2,2;36,6;21174,0;23016,0;19138,0;47,73;12,3;112,5446;105,46;77,6;65,2;1,6;0,72;1178,8;10,6073;881;12,9398;106369,23;193;4,453764050250307
2022T2;37;Salamanca;326285,0;15,8;37,15;33,45;2,2;36,6;21174,0;23016,0;19138,0;49,52;10,24;116,4702;114,52;79,21;65,2;1,74;0,98;1217,9;10,6073;949;11,5911;105911,07;130;4,601492396335128
2022T3;37;Salamanca;326285,0;15,8;37,15;33,45;2,2;36,6;21174,0;23016,0;19138,0;47,53;11,31;117,4768;110,54;80,39;64,6;2,14;0,87;1198,3;10,6073;928;11,8534;106422,26;188;4,52743931236422
2022T4;37;Salamanca;326285,0;15,8;37,15;33,45;2,2;36,6;21174,0;23016,0;19138,0;47,81;11,04;118,086;115,01;79,32;63,9;2,87;0,3;1176,2;10,6073;805;9,441;110093,5;232;4,443940681968452
2023T1;37;Salamanca;327089,0;15,96;36,96;33,58;2,2;37,1;22204,0;24140,0;20095,0;47,7;10,51;118,6186;112,83;79,54;63,0;3,59;-0,75;1215,0;8,38;909;12,2112;105704,7;162;4,377589623491263
2023T2;37;Salamanca;327089,0;15,96;36,96;33,58;2,2;37,1;22204,0;24140,0;20095,0;48,01;10,18;120,4626;116,6;81,46;62,7;3,89;-2,01;1188,0;8,38;794;11,0831;97859,04;178;4,280309854080346
2023T3;37;Salamanca;327089,0;15,96;36,96;33,58;2,2;37,1;22204,0;24140,0;20095,0;47,91;11,76;121,2826;112,78;82,36;62,2;4,06;-3,14;1175,0;8,38;836;20,0957;107796,25;128;4,233471446586201
2023T4;37;Salamanca;327089,0;15,96;36,96;33,58;2,2;37,1;22204,0;24140,0;20095,0;47,15;10,83;122,1022;117,61;82,08;61,4;4,03;-3,14;1218,1;8,38;816;12,6225;102815,72;171;4,388758782201405
2024T1;37;Salamanca;327552,0;15,96;36,96;33,58;2,2;37,1;23060,0;25014,0;20965,0;45,49;12,44;122,5851;113,32;84,24;61,5;3,69;-2,61;1202,6;8,9421;927;9,2772;106781,05;162;4,1720728534258456
2024T2;37;Salamanca;327552,0;15,96;36,96;33,58;2,2;37,1;23060,0;25014,0;20965,0;45,81;12,11;124,5005;117,41;87,06;63,0;3,55;-1,79;1199,0;8,9421;766;9,7911;105660,75;119;4,159583694709454
2024T3;37;Salamanca;327552,0;15,96;36,96;33,58;2,2;37,1;23060,0;25014,0;20965,0;47,39;11,87;123,5181;114,16;88,94;63,3;3,45;-0,62;1237,9;8,9421;1014;10,5523;106044,98;134;4,2945359930615785
2024T4;37;Salamanca;327552,0;15,96;36,96;33,58;2,2;37,1;23060,0;25014,0;20965,0;47,55;10,97;124,3385;118,19;90,75;64,1;3,17;0,21;1230,7;8,9421;1132;11,8375;115729,38;335;4,2695576756287945
2015T1;38;Santa Cruz de Tenerife;1003741,0;21,11;44,22;18,01;2,6;29,4;15753,0;16736,0;14674,0;42,91;29,94;99,3702;90,33;55,63;60,7;2,61;-3,78;1240,9;5,32;2064;30,4264;94785,25;75;6,301783787215133
2015T2;38;Santa Cruz de Tenerife;1003741,0;21,11;44,22;18,01;2,6;29,4;15753,0;16736,0;14674,0;43,05;30,05;100,7655;93,72;58,07;61,8;2,51;-3,32;1274,7;5,32;2255;23,2373;81336,48;98;6,473433631689202
2015T3;38;Santa Cruz de Tenerife;1003741,0;21,11;44,22;18,01;2,6;29,4;15753,0;16736,0;14674,0;45,08;27,35;99,7895;90,26;57,84;62,3;2,45;-3,36;1256,9;5,32;2008;22,261;86863,34;333;6,3830381514632135
2015T4;38;Santa Cruz de Tenerife;1003741,0;21,11;44,22;18,01;2,6;29,4;15753,0;16736,0;14674,0;46,26;25,82;100,0748;92,91;57,66;63,2;2,43;-3,27;1275,3;5,32;1789;22,7501;92222,34;162;6,476480670348505
2016T1;38;Santa Cruz de Tenerife;1003542,0;20,58;44,56;18,28;2,6;29,3;15887,0;16860,0;14823,0;45,4;26,29;98,4607;88,55;58,9;63,9;2,33;-3,32;1263,2;10,72;2363;26,4917;83490,33;189;6,360924025933153
2016T2;38;Santa Cruz de Tenerife;1003542,0;20,58;44,56;18,28;2,6;29,3;15887,0;16860,0;14823,0;44,85;27,34;99,8627;92,68;59,17;63,8;2,32;-3,6;1288,7;10,72;2568;16,9782;79094,8;211;6,489330899477561
2016T3;38;Santa Cruz de Tenerife;1003542,0;20,58;44,56;18,28;2,6;29,3;15887,0;16860,0;14823,0;46,34;25,1;99,7465;89,74;59,2;63,8;2,37;-3,16;1261,6;10,72;2362;19,1363;91664,8;220;6,3528671240637
2016T4;38;Santa Cruz de Tenerife;1003542,0;20,58;44,56;18,28;2,6;29,3;15887,0;16860,0;14823,0;46,86;24,54;101,1308;93,2;59,59;64,2;2,27;-3,1;1286,3;10,72;2154;19,7772;80945,83;204;6,477245546673381
2017T1;38;Santa Cruz de Tenerife;1009654,0;20,14;44,75;18,64;2,7;29,1;16116,0;17110,0;15028,0;45,54;24,08;101,1729;90,09;60,93;64,8;2,24;-2,96;1297,3;13,97;2667;20,8099;85400,42;262;6,439811367585008
2017T2;38;Santa Cruz de Tenerife;1009654,0;20,14;44,75;18,64;2,7;29,1;16116,0;17110,0;15028,0;45,46;22,27;102,0387;93,77;61,29;65,0;2,17;-2,83;1324,4;13,97;3144;16,6349;76721,29;371;6,57433606353934
2017T3;38;Santa Cruz de Tenerife;1009654,0;20,14;44,75;18,64;2,7;29,1;16116,0;17110,0;15028,0;47,14;20,04;101,4616;91,13;61,87;64,9;2,22;-2,84;1320,0;13,97;2884;20,9431;96324,22;382;6,552494415487714
2017T4;38;Santa Cruz de Tenerife;1009654,0;20,14;44,75;18,64;2,7;29,1;16116,0;17110,0;15028,0;46,76;22,64;102,7837;94,8;63,18;65,6;2,15;-2,79;1329,3;13,97;2618;21,8869;91408,21;268;6,598659717051378
2018T1;38;Santa Cruz de Tenerife;1019708,0;19,93;44,83;18,95;2,6;29,0;16649,0;17606,0;15601,0;47,14;20,27;102,3367;91,97;63,7;65,5;2,23;-2,6;1337,5;17,72;3031;23,9855;94604,32;395;6,426812421166437
2018T2;38;Santa Cruz de Tenerife;1019708,0;19,93;44,83;18,95;2,6;29,0;16649,0;17606,0;15601,0;47,19;20,4;103,7163;95,37;64,94;64,9;2,2;-2,19;1357,6;17,72;3253;22,8097;71422,89;312;6,523394798486396
2018T3;38;Santa Cruz de Tenerife;1019708,0;19,93;44,83;18,95;2,6;29,0;16649,0;17606,0;15601,0;47,83;19,52;103,298;92,55;65,19;65,9;2,17;-1,81;1397,5;17,72;2937;21,7228;101471,65;487;6,715118025106613
2018T4;38;Santa Cruz de Tenerife;1019708,0;19,93;44,83;18,95;2,6;29,0;16649,0;17606,0;15601,0;48,94;19,42;104,3658;96,51;65,8;66,5;2,26;-1,57;1394,5;17,72;2537;24,7536;103722,79;458;6,700702744909604
2019T1;38;Santa Cruz de Tenerife;1031630,0;19,85;44,89;19,18;2,6;28,8;17405,0;18331,0;16401,0;49,02;18,94;102,971;92,79;67,0;64,6;2,37;-1,25;1417,9;18,61;2519;19,5713;91957,85;480;6,517207698937087
2019T2;38;Santa Cruz de Tenerife;1031630,0;19,85;44,89;19,18;2,6;28,8;17405,0;18331,0;16401,0;49,1;18,5;104,3031;96,07;67,03;65,5;2,35;-1,14;1439,6;18,61;3202;18,3011;97593,3;511;6,6169491525423725
2019T3;38;Santa Cruz de Tenerife;1031630,0;19,85;44,89;19,18;2,6;28,8;17405,0;18331,0;16401,0;47,91;19,43;103,5366;93,19;67,67;64,7;2,15;-1,19;1433,2;18,61;2226;25,0674;102265,24;278;6,587532318299339
2019T4;38;Santa Cruz de Tenerife;1031630,0;19,85;44,89;19,18;2,6;28,8;17405,0;18331,0;16401,0;49,35;17,9;104,6827;96,93;67,81;63,0;1,99;-1,08;1428,6;18,61;2282;20,4645;106545,33;468;6,566388968687159
2020T1;38;Santa Cruz de Tenerife;1045045,0;19,82;44,86;19,52;2,6;29,1;16490,0;17194,0;15724,0;47,29;20,25;104,0665;92,62;68,19;63,8;2,03;-1,14;1452,2;7,94;3123;19,2763;96294,67;431;7,045239539114615
2020T2;38;Santa Cruz de Tenerife;1045045,0;19,82;44,86;19,52;2,6;29,1;16490,0;17194,0;15724,0;41,18;22,77;104,3212;93,31;67,45;64,2;1,91;-1,64;1400,7;7,94;1163;19,7764;103047,24;548;6,795391146149181
2020T3;38;Santa Cruz de Tenerife;1045045,0;19,82;44,86;19,52;2,6;29,1;16490,0;17194,0;15724,0;42,9;25,68;103,883;92,71;68,64;63,6;1,94;-1,62;1417,2;7,94;2017;18,0466;106919,49;402;6,875439660400243
2020T4;38;Santa Cruz de Tenerife;1045045,0;19,82;44,86;19,52;2,6;29,1;16490,0;17194,0;15724,0;43,62;24,53;104,6364;97,76;68,38;65,2;1,8;-1,19;1440,0;7,94;1999;18,5593;118199,83;273;6,986052152819891
2021T1;38;Santa Cruz de Tenerife;1047565,0;19,67;44,85;20,01;2,6;29,5;17697,0;18421,0;16919,0;41,86;24,88;104,556;94,96;69,42;64,7;1,72;-0,8;1417,9;6,243;2043;21,5859;110629,75;387;6,4096739560377465
2021T2;38;Santa Cruz de Tenerife;1047565,0;19,67;44,85;20,01;2,6;29,5;17697,0;18421,0;16919,0;42,14;25,02;106,3187;100,28;71,76;64,9;1,62;0,07;1425,9;6,243;2404;18,2612;110431,6;599;6,445838277674183
2021T3;38;Santa Cruz de Tenerife;1047565,0;19,67;44,85;20,01;2,6;29,5;17697,0;18421,0;16919,0;44,17;23,86;106,7522;99,76;73,41;65,2;1,59;0,74;1469,4;6,243;2672;20,7335;118282,08;179;6,642481776572301
2021T4;38;Santa Cruz de Tenerife;1047565,0;19,67;44,85;20,01;2,6;29,5;17697,0;18421,0;16919,0;47,0;20,17;110,1122;105,01;73,72;65,4;1,54;0,76;1497,2;6,243;2768;22,5795;112065,08;497;6,768152794258914
2022T1;38;Santa Cruz de Tenerife;1051874,0;19,55;44,72;20,62;2,6;29,6;19267,0;20034,0;18452,0;46,84;19,78;111,7604;105,46;76,98;65,2;1,6;0,72;1509,8;16,7539;3094;16,225;114474,17;400;6,268957284476048
2022T2;38;Santa Cruz de Tenerife;1051874,0;19,55;44,72;20,62;2,6;29,6;19267,0;20034,0;18452,0;47,29;18,34;114,4991;114,52;78,53;65,2;1,74;0,98;1494,8;16,7539;3771;16,0965;103033,04;418;6,206674625006488
2022T3;38;Santa Cruz de Tenerife;1051874,0;19,55;44,72;20,62;2,6;29,6;19267,0;20034,0;18452,0;46,09;17,42;115,9213;110,54;79,32;64,6;2,14;0,87;1503,3;16,7539;3737;19,9893;114860,99;411;6,241968132039238
2022T4;38;Santa Cruz de Tenerife;1051874,0;19,55;44,72;20,62;2,6;29,6;19267,0;20034,0;18452,0;47,66;16,48;116,947;115,01;79,72;63,9;2,87;0,3;1554,8;16,7539;2991;17,0512;108361,3;465;6,455805262884725
2023T1;38;Santa Cruz de Tenerife;1067173,0;19,67;44,68;20,89;2,6;29,6;20422,0;21257,0;19539,0;46,17;19,85;118,2324;112,83;81,22;63,0;3,59;-0,75;1600,6;13,473;3174;21,8652;118587,57;527;6,270100871609049
2023T2;38;Santa Cruz de Tenerife;1067173,0;19,67;44,68;20,89;2,6;29,6;20422,0;21257,0;19539,0;48,93;16,53;120,2821;116,6;82,1;62,7;3,89;-2,01;1642,3;13,473;3190;18,6207;121928,36;515;6,433454118107923
2023T3;38;Santa Cruz de Tenerife;1067173,0;19,67;44,68;20,89;2,6;29,6;20422,0;21257,0;19539,0;48,65;15,68;121,3184;112,78;84,56;62,2;4,06;-3,14;1678,9;13,473;2602;22,9439;107905,88;442;6,576828909999021
2023T4;38;Santa Cruz de Tenerife;1067173,0;19,67;44,68;20,89;2,6;29,6;20422,0;21257,0;19539,0;49,87;16,91;122,1458;117,61;83,34;61,4;4,03;-3,14;1697,9;13,473;2322;22,3084;117141,53;650;6,651258446773088
2024T1;38;Santa Cruz de Tenerife;1078864,0;19,67;44,68;20,89;2,6;29,6;21321,0;22143,0;20456,0;50,58;14,26;122,6652;113,32;85,94;61,5;3,69;-2,61;1746,9;11,7744;2742;24,9088;113314,37;386;6,554664415365133
2024T2;38;Santa Cruz de Tenerife;1078864,0;19,67;44,68;20,89;2,6;29,6;21321,0;22143,0;20456,0;50,53;14,1;124,1703;117,41;89,09;63,0;3,55;-1,79;1788,9;11,7744;2934;28,4254;119840,62;730;6,7122555227240746
2024T3;38;Santa Cruz de Tenerife;1078864,0;19,67;44,68;20,89;2,6;29,6;21321,0;22143,0;20456,0;50,72;13,78;123,8563;114,16;90,57;63,3;3,45;-0,62;1816,1;11,7744;3055;29,9182;134283,97;327;6,814314525585104
2024T4;38;Santa Cruz de Tenerife;1078864,0;19,67;44,68;20,89;2,6;29,6;21321,0;22143,0;20456,0;50,83;11,78;124,5849;118,19;92,18;64,1;3,17;0,21;1873,7;11,7744;2648;32,8172;132967,47;370;7,030439472820224
2015T1;39;Cantabria;585184,0;17,84;42,37;23,75;2,5;29,3;18918,0;21498,0;15878,0;45,77;18,54;99,0368;90,33;54,89;60,7;2,61;-3,78;1471,9;-1,2;966;22,3602;102283,15;351;6,2243366106353735
2015T2;39;Cantabria;585184,0;17,84;42,37;23,75;2,5;29,3;18918,0;21498,0;15878,0;45,75;18,15;100,6767;93,72;57,68;61,8;2,51;-3,32;1512,4;-1,2;1068;20,2247;103928,93;283;6,395602072100645
2015T3;39;Cantabria;585184,0;17,84;42,37;23,75;2,5;29,3;18918,0;21498,0;15878,0;47,35;16,19;99,9314;90,26;58,52;62,3;2,45;-3,36;1484,9;-1,2;1152;22,7431;103702,26;359;6,279310709377312
2015T4;39;Cantabria;585184,0;17,84;42,37;23,75;2,5;29,3;18918,0;21498,0;15878,0;45,89;17,71;100,3551;92,91;57,71;63,2;2,43;-3,27;1442,4;-1,2;1118;20,2147;103538,57;225;6,099587694259435
2016T1;39;Cantabria;582494,0;17,06;42,57;24,3;2,5;29,4;18905,0;21421,0;15974,0;45,15;18,9;98,1957;88,55;57,71;63,9;2,33;-3,32;1452,2;0,79;1162;22,3752;99728,77;310;6,145252578682888
2016T2;39;Cantabria;582494,0;17,06;42,57;24,3;2,5;29,4;18905,0;21421,0;15974,0;47,57;15,31;99,4364;92,68;58,9;63,8;2,32;-3,6;1493,4;0,79;1178;21,9015;111826,65;274;6,319597989949749
2016T3;39;Cantabria;582494,0;17,06;42,57;24,3;2,5;29,4;18905,0;21421,0;15974,0;49,39;12,53;99,6259;89,74;58,95;63,8;2,37;-3,16;1458,9;0,79;1243;16,8946;115641,03;287;6,173604866437451
2016T4;39;Cantabria;582494,0;17,06;42,57;24,3;2,5;29,4;18905,0;21421,0;15974,0;48,95;12,89;101,3376;93,2;59,07;64,2;2,27;-3,1;1457,6;0,79;1158;19,171;100126,41;274;6,168103676276117
2017T1;39;Cantabria;581421,0;16,44;42,67;24,8;2,5;29,6;19267,0;21881,0;16218,0;47,81;14,07;101,032;90,09;59,42;64,8;2,24;-2,96;1495,4;2,24;1421;17,3118;101418,63;260;6,20916593138527
2017T2;39;Cantabria;581421,0;16,44;42,67;24,8;2,5;29,6;19267,0;21881,0;16218,0;48,03;14,03;101,3869;93,77;61,33;65,0;2,17;-2,83;1473,5;2,24;1319;20,091;103211,68;287;6,118233248559713
2017T3;39;Cantabria;581421,0;16,44;42,67;24,8;2,5;29,6;19267,0;21881,0;16218,0;48,72;12,67;101,257;91,13;61,65;64,9;2,22;-2,84;1477,0;2,24;1443;21,2058;110655,01;386;6,13276586910261
2017T4;39;Cantabria;581421,0;16,44;42,67;24,8;2,5;29,6;19267,0;21881,0;16218,0;48,32;13,49;102,8074;94,8;61,69;65,6;2,15;-2,79;1468,6;2,24;1357;17,3176;106339,14;340;6,097887579799657
2018T1;39;Cantabria;581533,0;16,03;42,57;25,33;2,5;30,0;19890,0;22518,0;16851,0;47,9;12,46;101,8959;91,97;62,84;65,5;2,23;-2,6;1428,1;4,25;1686;16,9632;104640,61;529;5,743991955756662
2018T2;39;Cantabria;581533,0;16,03;42,57;25,33;2,5;30,0;19890,0;22518,0;16851,0;48,77;11,57;103,386;95,37;64,89;64,9;2,2;-2,19;1450,2;4,25;1463;16,2679;103001,09;533;5,83288084464555
2018T3;39;Cantabria;581533,0;16,03;42,57;25,33;2,5;30,0;19890,0;22518,0;16851,0;50,14;8,99;103,643;92,55;65,15;65,9;2,17;-1,81;1437,1;4,25;1653;20,5082;106000,0;473;5,780191050779286
2018T4;39;Cantabria;581533,0;16,03;42,57;25,33;2,5;30,0;19890,0;22518,0;16851,0;49,04;9,68;104,5284;96,51;65,53;66,5;2,26;-1,57;1479,5;4,25;1673;17,4537;105961,96;477;5,950729009552539
2019T1;39;Cantabria;581989,0;15,78;42,46;25,79;2,5;30,2;20078,0;22567,0;17295,0;48,15;12,2;102,9965;92,79;66,42;64,6;2,37;-1,25;1456,2;5,05;1768;18,552;100902,17;437;5,8021715310289865
2019T2;39;Cantabria;581989,0;15,78;42,46;25,79;2,5;30,2;20078,0;22567,0;17295,0;49,55;9,01;104,387;96,07;66,33;65,5;2,35;-1,14;1469,9;5,05;1597;17,2198;101372,76;588;5,856758641298934
2019T3;39;Cantabria;581989,0;15,78;42,46;25,79;2,5;30,2;20078,0;22567,0;17295,0;50,37;8,73;103,9017;93,19;66,69;64,7;2,15;-1,19;1490,2;5,05;1446;12,1024;99085,03;562;5,937643191552944
2019T4;39;Cantabria;581989,0;15,78;42,46;25,79;2,5;30,2;20078,0;22567,0;17295,0;49,5;11,18;105,0091;96,93;66,94;63,0;1,99;-1,08;1447,4;5,05;1526;13,1717;106085,01;503;5,767108277716904
2020T1;39;Cantabria;583011,0;15,61;42,29;26,26;2,4;30,4;20011,0;22327,0;17430,0;48,34;11,09;103,6308;92,62;67,06;63,8;2,03;-1,14;1455,0;3,4;1573;15,8932;99893,49;316;5,81680075958223
2020T2;39;Cantabria;583011,0;15,61;42,29;26,26;2,4;30,4;20011,0;22327,0;17430,0;44,46;13,76;103,5966;93,31;67,19;64,2;1,91;-1,64;1411,9;3,4;1020;18,4314;107610,8;386;5,644495527459897
2020T3;39;Cantabria;583011,0;15,61;42,29;26,26;2,4;30,4;20011,0;22327,0;17430,0;48,58;12,02;103,4147;92,71;67,61;63,6;1,94;-1,62;1449,9;3,4;1406;23,3286;109167,85;482;5,796411973414622
2020T4;39;Cantabria;583011,0;15,61;42,29;26,26;2,4;30,4;20011,0;22327,0;17430,0;47,74;11,79;104,2144;97,76;67,74;65,2;1,8;-1,19;1432,8;3,4;1594;17,064;108366,7;429;5,728049572734996
2021T1;39;Cantabria;584708,0;15,53;42,17;26,66;2,4;30,7;20893,0;23255,0;18283,0;47,65;11,59;104,2929;94,96;68,43;64,7;1,72;-0,8;1441,2;3,7437;1823;17,7729;110515,26;416;5,518403292968937
2021T2;39;Cantabria;584708,0;15,53;42,17;26,66;2,4;30,7;20893,0;23255,0;18283,0;48,48;12,15;106,4042;100,28;70,76;64,9;1,62;0,07;1468,4;3,7437;1748;14,8741;102257,46;637;5,62255300818456
2021T3;39;Cantabria;584708,0;15,53;42,17;26,66;2,4;30,7;20893,0;23255,0;18283,0;51,31;9,74;107,2187;99,76;72,26;65,2;1,59;0,74;1480,5;3,7437;1939;15,2656;111035,13;622;5,668884315320921
2021T4;39;Cantabria;584708,0;15,53;42,17;26,66;2,4;30,7;20893,0;23255,0;18283,0;48,6;11,58;110,445;105,01;72,95;65,4;1,54;0,76;1467,5;3,7437;2185;15,3776;110769,8;407;5,6191068779016895
2022T1;39;Cantabria;585450,0;15,52;41,88;27,23;2,4;31,1;22036,0;24544,0;19317,0;48,47;10,83;112,685;105,46;75,94;65,2;1,6;0,72;1464,6;10,8207;2309;15,4179;114087,99;624;5,317117444182247
2022T2;39;Cantabria;585450,0;15,52;41,88;27,23;2,4;31,1;22036,0;24544,0;19317,0;50,24;8,32;116,0991;114,52;77,8;65,2;1,74;0,98;1509,6;10,8207;2074;13,5005;118476,33;615;5,480486476674533
2022T3;39;Cantabria;585450,0;15,52;41,88;27,23;2,4;31,1;22036,0;24544,0;19317,0;50,72;8,62;117,5318;110,54;79,0;64,6;2,14;0,87;1557,7;10,8207;2269;11,9877;113705,44;661;5,655109820294064
2022T4;39;Cantabria;585450,0;15,52;41,88;27,23;2,4;31,1;22036,0;24544,0;19317,0;48,44;10,53;117,4542;115,01;79,21;63,9;2,87;0,3;1512,7;10,8207;2116;14,1304;120114,44;582;5,4917407878017785
2023T1;39;Cantabria;588387,0;15,67;41,6;27,57;2,4;31,4;22989,0;25604,0;20195,0;48,87;9,46;118,3012;112,83;80,18;63,0;3,59;-0,75;1504,4;8,5131;2049;13,714;116471,78;569;5,235199443211971
2023T2;39;Cantabria;588387,0;15,67;41,6;27,57;2,4;31,4;22989,0;25604,0;20195,0;50,67;8,02;120,0276;116,6;81,49;62,7;3,89;-2,01;1547,5;8,5131;2121;13,7199;116442,59;462;5,385184218539301
2023T3;39;Cantabria;588387,0;15,67;41,6;27,57;2,4;31,4;22989,0;25604,0;20195,0;51,44;7,7;121,4219;112,78;83,68;62,2;4,06;-3,14;1564,2;8,5131;1938;16,0991;112028,67;415;5,443298969072165
2023T4;39;Cantabria;588387,0;15,67;41,6;27,57;2,4;31,4;22989,0;25604,0;20195,0;50,43;7,39;121,5861;117,61;82,65;61,4;4,03;-3,14;1572,3;8,5131;1759;15,577;116611,78;468;5,471486363043194
2024T1;39;Cantabria;590851,0;15,67;41,6;27,57;2,4;31,4;23787,0;26455,0;20966,0;51,6;7,53;122,0473;113,32;85,64;61,5;3,69;-2,61;1612,2;8,5487;2249;16,3628;122117,48;374;5,422121326775129
2024T2;39;Cantabria;590851,0;15,67;41,6;27,57;2,4;31,4;23787,0;26455,0;20966,0;50,83;8,46;123,9228;117,41;88,54;63,0;3,55;-1,79;1626,5;8,5487;2034;15,0934;117435,56;831;5,4702148232227685
2024T3;39;Cantabria;590851,0;15,67;41,6;27,57;2,4;31,4;23787,0;26455,0;20966,0;52,82;7,17;123,64;114,16;91,1;63,3;3,45;-0,62;1679,2;8,5487;2349;14,6445;121711,43;581;5,647454491949384
2024T4;39;Cantabria;590851,0;15,67;41,6;27,57;2,4;31,4;23787,0;26455,0;20966,0;50,73;8,23;124,2726;118,19;92,37;64,1;3,17;0,21;1700,8;8,5487;2509;16,381;123564,23;431;5,720099213856308
2015T1;40;Segovia;157578,0;18,51;38,7;26,46;2,5;32,6;17008,0;18651,0;15057,0;50,79;15,95;98,7562;90,33;61,89;60,7;2,61;-3,78;999,8;-1,06;254;20,8661;91878,45;77;4,7027281279397934
2015T2;40;Segovia;157578,0;18,51;38,7;26,46;2,5;32,6;17008,0;18651,0;15057,0;52,13;14,11;100,8533;93,72;63,4;61,8;2,51;-3,32;1014,5;-1,06;255;14,902;89313,19;131;4,771872060206961
2015T3;40;Segovia;157578,0;18,51;38,7;26,46;2,5;32,6;17008,0;18651,0;15057,0;50,96;13,45;99,858;90,26;62,95;62,3;2,45;-3,36;1025,7;-1,06;362;13,8122;75995,65;109;4,8245531514581375
2015T4;40;Segovia;157578,0;18,51;38,7;26,46;2,5;32,6;17008,0;18651,0;15057,0;49,57;15,75;100,5325;92,91;62,98;63,2;2,43;-3,27;1018,8;-1,06;262;18,3206;101558,01;90;4,7920978363123234
2016T1;40;Segovia;155991,0;18,05;38,98;26,78;2,5;32,9;17097,0;18839,0;15040,0;49,12;17,28;98,2693;88,55;62,96;63,9;2,33;-3,32;978,6;0,86;362;19,337;88151,75;110;4,579048955957186
2016T2;40;Segovia;155991,0;18,05;38,98;26,78;2,5;32,9;17097,0;18839,0;15040,0;51,42;15,45;99,8649;92,68;63,75;63,8;2,32;-3,6;1002,4;0,86;340;16,7647;90317,6;94;4,690413522840265
2016T3;40;Segovia;155991,0;18,05;38,98;26,78;2,5;32,9;17097,0;18839,0;15040,0;53,93;11,28;99,7848;89,74;63,7;63,8;2,37;-3,16;989,1;0,86;352;18,75;86279,33;112;4,62818038252325
2016T4;40;Segovia;155991,0;18,05;38,98;26,78;2,5;32,9;17097,0;18839,0;15040,0;53,4;12,63;101,7114;93,2;63,47;64,2;2,27;-3,1;952,7;0,86;265;10,1887;99107,78;75;4,457858103760894
2017T1;40;Segovia;154854,0;17,59;39,11;27,16;2,5;32,9;17523,0;19458,0;15278,0;53,42;12,56;101,2892;90,09;64,28;64,8;2,24;-2,96;972,7;1,38;386;19,4301;87144,8;93;4,440792101809051
2017T2;40;Segovia;154854,0;17,59;39,11;27,16;2,5;32,9;17523,0;19458,0;15278,0;53,3;11,8;102,0673;93,77;64,47;65,0;2,17;-2,83;989,0;1,38;374;19,5187;89898,4;143;4,515208583005193
2017T3;40;Segovia;154854,0;17,59;39,11;27,16;2,5;32,9;17523,0;19458,0;15278,0;53,56;10,73;101,565;91,13;64,37;64,9;2,22;-2,84;974,3;1,38;382;9,1623;102552,88;85;4,448096787079838
2017T4;40;Segovia;154854,0;17,59;39,11;27,16;2,5;32,9;17523,0;19458,0;15278,0;50,74;12,6;103,3516;94,8;64,92;65,6;2,15;-2,79;977,1;1,38;330;14,5455;90389,61;137;4,460879986303715
2018T1;40;Segovia;153983,0;17,32;39,18;27,44;2,4;33,1;17939,0;19896,0;15687,0;49,63;13,31;102,2643;91,97;65,68;65,5;2,23;-2,6;1001,7;5,28;403;12,1588;85571,43;96;4,467138636490328
2018T2;40;Segovia;153983,0;17,32;39,18;27,44;2,4;33,1;17939,0;19896,0;15687,0;50,04;13,24;103,8513;95,37;66,9;64,9;2,2;-2,19;974,2;5,28;420;10,2381;96290,84;108;4,344500808294777
2018T3;40;Segovia;153983,0;17,32;39,18;27,44;2,4;33,1;17939,0;19896,0;15687,0;51,14;11,45;103,8886;92,55;68,04;65,9;2,17;-1,81;959,3;5,28;436;12,844;98196,91;114;4,278053403199732
2018T4;40;Segovia;153983,0;17,32;39,18;27,44;2,4;33,1;17939,0;19896,0;15687,0;51,5;9,28;104,9634;96,51;67,99;66,5;2,26;-1,57;986,8;5,28;417;7,1942;91061,03;89;4,400691231395284
2019T1;40;Segovia;153571,0;17,15;39,26;27,67;2,4;33,1;18459,0;20523,0;16111,0;50,72;9,87;103,3511;92,79;68,93;64,6;2,37;-1,25;964,2;6,24;500;12,0;97508,85;147;4,178774581504957
2019T2;40;Segovia;153571,0;17,15;39,26;27,67;2,4;33,1;18459,0;20523,0;16111,0;53,41;9,89;104,9155;96,07;70,47;65,5;2,35;-1,14;960,9;6,24;450;14,2222;96271,26;94;4,16447261498456
2019T3;40;Segovia;153571,0;17,15;39,26;27,67;2,4;33,1;18459,0;20523,0;16111,0;55,14;8,46;104,2367;93,19;70,81;64,7;2,15;-1,19;990,5;6,24;395;11,6456;99768,89;111;4,292756920743269
2019T4;40;Segovia;153571,0;17,15;39,26;27,67;2,4;33,1;18459,0;20523,0;16111,0;55,37;11,11;105,4413;96,93;71,39;63,0;1,99;-1,08;986,7;6,24;423;17,2577;99007,97;200;4,27628798959857
2020T1;40;Segovia;153641,0;17,05;39,23;27,9;2,4;33,5;18909,0;20849,0;16687,0;53,14;9,38;104,032;92,62;70,95;63,8;2,03;-1,14;974,4;3,77;375;9,8667;101080,54;88;4,122481358083452
2020T2;40;Segovia;153641,0;17,05;39,23;27,9;2,4;33,5;18909,0;20849,0;16687,0;50,38;10,03;104,1421;93,31;72,55;64,2;1,91;-1,64;966,6;3,77;186;11,2903;95220,34;84;4,089481199428843
2020T3;40;Segovia;153641,0;17,05;39,23;27,9;2,4;33,5;18909,0;20849,0;16687,0;54,08;8,96;103,6505;92,71;72,38;63,6;1,94;-1,62;985,8;3,77;435;7,3563;102614,21;112;4,1707123591940345
2020T4;40;Segovia;153641,0;17,05;39,23;27,9;2,4;33,5;18909,0;20849,0;16687,0;55,02;8,21;104,736;97,76;72,33;65,2;1,8;-1,19;967,9;3,77;507;15,1874;94272,06;125;4,094981225871278
2021T1;40;Segovia;153626,0;17,03;39,69;27,57;2,4;33,8;19566,0;21501,0;17367,0;50,94;9,78;104,9857;94,96;72,36;64,7;1,72;-0,8;976,5;3,5606;572;9,7902;94127,21;132;3,9926402943882247
2021T2;40;Segovia;153626,0;17,03;39,69;27,57;2,4;33,8;19566,0;21501,0;17367,0;52,57;10,73;107,4446;100,28;74,44;64,9;1,62;0,07;963,1;3,5606;499;10,8216;100441,56;139;3,937851374833896
2021T3;40;Segovia;153626,0;17,03;39,69;27,57;2,4;33,8;19566,0;21501,0;17367,0;54,29;7,79;107,7846;99,76;75,44;65,2;1,59;0,74;984,8;3,5606;583;10,9777;96674,77;146;4,026576714709189
2021T4;40;Segovia;153626,0;17,03;39,69;27,57;2,4;33,8;19566,0;21501,0;17367,0;51,44;9,14;111,6323;105,01;76,22;65,4;1,54;0,76;987,4;3,5606;580;11,3793;99916,43;156;4,037207400592865
2022T1;40;Segovia;153731,0;16,98;39,48;28,05;2,4;34,2;20391,0;22414,0;18136,0;51,83;8,67;114,1174;105,46;77,6;65,2;1,6;0,72;1022,8;15,3385;610;10,4918;94945,05;155;4,012750723358344
2022T2;40;Segovia;153731,0;16,98;39,48;28,05;2,4;34,2;20391,0;22414,0;18136,0;53,88;7,48;118,2961;114,52;79,21;65,2;1,74;0,98;1053,8;15,3385;582;13,5739;106481,82;106;4,134373007699475
2022T3;40;Segovia;153731,0;16,98;39,48;28,05;2,4;34,2;20391,0;22414,0;18136,0;53,13;9,82;119,7187;110,54;80,39;64,6;2,14;0,87;1030,4;15,3385;633;6,951;106255,32;140;4,042567799519396
2022T4;40;Segovia;153731,0;16,98;39,48;28,05;2,4;34,2;20391,0;22414,0;18136,0;52,51;7,12;119,7246;115,01;79,32;63,9;2,87;0,3;1061,1;15,3385;573;17,9756;114493,15;104;4,163013094012064
2023T1;40;Segovia;155332,0;17,13;39,3;28,18;2,4;34,3;21502,0;23649,0;19143,0;53,06;7,32;120,0681;112,83;79,54;63,0;3,59;-0,75;1101,9;13,2812;756;18,5185;106563,13;157;4,099711654729792
2023T2;40;Segovia;155332,0;17,13;39,3;28,18;2,4;34,3;21502,0;23649,0;19143,0;56,76;6,43;121,754;116,6;81,46;62,7;3,89;-2,01;1092,6;13,2812;615;13,0081;101248,3;185;4,065110222304902
2023T3;40;Segovia;155332,0;17,13;39,3;28,18;2,4;34,3;21502,0;23649,0;19143,0;53,2;10,32;122,9891;112,78;82,36;62,2;4,06;-3,14;1102,6;13,2812;536;10,2612;101216,67;253;4,102316063621989
2023T4;40;Segovia;155332,0;17,13;39,3;28,18;2,4;34,3;21502,0;23649,0;19143,0;53,66;8,19;123,3702;117,61;82,08;61,4;4,03;-3,14;1144,3;13,2812;562;13,7011;108273,41;458;4,25746442191424
2024T1;40;Segovia;156620,0;17,13;39,3;28,18;2,4;34,3;22430,0;24620,0;20060,0;54,66;6,93;124,0207;113,32;84,24;61,5;3,69;-2,61;1142,0;13,8999;577;17,6776;94362,18;252;4,073116362015158
2024T2;40;Segovia;156620,0;17,13;39,3;28,18;2,4;34,3;22430,0;24620,0;20060,0;55,31;7,49;125,9494;117,41;87,06;63,0;3,55;-1,79;1143,8;13,8999;530;10,3774;107210,53;224;4,07953633526527
2024T3;40;Segovia;156620,0;17,13;39,3;28,18;2,4;34,3;22430,0;24620,0;20060,0;54,37;5,56;125,6253;114,16;88,94;63,3;3,45;-0,62;1178,7;13,8999;698;9,5989;107266,67;172;4,20401248328132
2024T4;40;Segovia;156620,0;17,13;39,3;28,18;2,4;34,3;22430,0;24620,0;20060,0;54,92;6,79;125,961;118,19;90,75;64,1;3,17;0,21;1194,1;13,8999;732;18,4426;111364,65;167;4,258938921087829
2015T1;41;Sevilla;1935135,0;20,99;41,37;17,31;2,8;22,5;15920,0;17974,0;13397,0;40,74;32,38;99,0202;90,33;53,94;60,7;2,61;-3,78;1268,1;-0,12;2969;18,6258;85176,42;354;6,372361809045226
2015T2;41;Sevilla;1935135,0;20,99;41,37;17,31;2,8;22,5;15920,0;17974,0;13397,0;42,79;29,31;100,7635;93,72;56,15;61,8;2,51;-3,32;1279,3;-0,12;2970;16,835;88134,53;448;6,428643216080402
2015T3;41;Sevilla;1935135,0;20,99;41,37;17,31;2,8;22,5;15920,0;17974,0;13397,0;41,25;31,23;99,8567;90,26;56,78;62,3;2,45;-3,36;1259,7;-0,12;3081;12,2687;90333,06;375;6,330150753768844
2015T4;41;Sevilla;1935135,0;20,99;41,37;17,31;2,8;22,5;15920,0;17974,0;13397,0;42,69;29,08;100,3596;92,91;56,39;63,2;2,43;-3,27;1278,3;-0,12;2526;10,966;91014,87;323;6,423618090452261
2016T1;41;Sevilla;1935590,0;20,33;41,88;17,51;2,7;22,6;16100,000000000002;18171,0;13568,0;42,23;28,49;98,3945;88,55;56,88;63,9;2,33;-3,32;1224,4;0,63;3239;11,8555;90164,74;467;6,083975155279503
2016T2;41;Sevilla;1935590,0;20,33;41,88;17,51;2,7;22,6;16100,000000000002;18171,0;13568,0;43,02;27,01;99,9498;92,68;57,6;63,8;2,32;-3,6;1243,5;0,63;3582;10,5528;87855,45;504;6,178881987577639
2016T3;41;Sevilla;1935590,0;20,33;41,88;17,51;2,7;22,6;16100,000000000002;18171,0;13568,0;41,69;28,02;99,8491;89,74;57,55;63,8;2,37;-3,16;1245,3;0,63;3384;13,6525;91202,03;416;6,187826086956521
2016T4;41;Sevilla;1935590,0;20,33;41,88;17,51;2,7;22,6;16100,000000000002;18171,0;13568,0;42,89;27,03;101,4646;93,2;57,57;64,2;2,27;-3,1;1207,7;0,63;2875;9,113;91981,68;492;6,000993788819875
2017T1;41;Sevilla;1936735,0;19,76;42,14;17,87;2,7;22,9;16257,000000000002;18386,0;13681,0;43,08;26,37;100,995;90,09;58,08;64,8;2,24;-2,96;1249,5;1,44;3588;10,4515;97087,03;795;6,148735929138216
2017T2;41;Sevilla;1936735,0;19,76;42,14;17,87;2,7;22,9;16257,000000000002;18386,0;13681,0;44,12;24,76;101,7319;93,77;58,98;65,0;2,17;-2,83;1256,0;1,44;3821;11,0181;100704,46;719;6,180722150458263
2017T3;41;Sevilla;1936735,0;19,76;42,14;17,87;2,7;22,9;16257,000000000002;18386,0;13681,0;44,58;23,54;101,2205;91,13;59,67;64,9;2,22;-2,84;1246,4;1,44;3978;11,9658;107414,57;1008;6,133480962047117
2017T4;41;Sevilla;1936735,0;19,76;42,14;17,87;2,7;22,9;16257,000000000002;18386,0;13681,0;45,26;22,42;102,6679;94,8;60,15;65,6;2,15;-2,79;1261,6;1,44;3417;9,9502;99696,84;398;6,208279510364766
2018T1;41;Sevilla;1938007,0;19,32;42,31;18,26;2,7;23,2;16816,0;19014,0;14190,0;44,62;24,41;101,9162;91,97;60,44;65,5;2,23;-2,6;1232,5;2,35;4132;9,7289;104739,54;605;5,863463368220742
2018T2;41;Sevilla;1938007,0;19,32;42,31;18,26;2,7;23,2;16816,0;19014,0;14190,0;45,64;22,16;103,5718;95,37;61,78;64,9;2,2;-2,19;1257,0;2,35;4509;10,224;102701,21;732;5,980019029495718
2018T3;41;Sevilla;1938007,0;19,32;42,31;18,26;2,7;23,2;16816,0;19014,0;14190,0;45,71;22,25;103,3833;92,55;62,89;65,9;2,17;-1,81;1274,4;2,35;4617;9,465;104358,98;1293;6,0627973358706
2018T4;41;Sevilla;1938007,0;19,32;42,31;18,26;2,7;23,2;16816,0;19014,0;14190,0;46,95;20,94;104,1776;96,51;63,54;66,5;2,26;-1,57;1302,6;2,35;4478;12,1259;107592,7;852;6,196955280685062
2019T1;41;Sevilla;1941191,0;19,05;42,39;18,67;2,7;23,3;17710,0;19982,0;15001,0;45,82;22,02;102,904;92,79;64,02;64,6;2,37;-1,25;1332,6;3,97;4680;11,4957;105736,5;860;6,0196499153020895
2019T2;41;Sevilla;1941191,0;19,05;42,39;18,67;2,7;23,3;17710,0;19982,0;15001,0;46,13;21,83;104,197;96,07;65,22;65,5;2,35;-1,14;1290,1;3,97;4806;12,0474;109044,57;1454;5,827667984189723
2019T3;41;Sevilla;1941191,0;19,05;42,39;18,67;2,7;23,3;17710,0;19982,0;15001,0;46,2;21,42;103,4828;93,19;66,6;64,7;2,15;-1,19;1305,3;3,97;4648;11,5749;103855,35;634;5,8963297571993225
2019T4;41;Sevilla;1941191,0;19,05;42,39;18,67;2,7;23,3;17710,0;19982,0;15001,0;46,77;20,74;104,5158;96,93;66,17;63,0;1,99;-1,08;1321,6;3,97;4272;12,5468;114754,21;965;5,969960474308301
2020T1;41;Sevilla;1947848,0;18,9;42,47;18,98;2,7;23,7;17817,0;19963,0;15247,0;45,91;21,7;103,3897;92,62;66,67;63,8;2,03;-1,14;1348,7;2,37;4908;14,5681;107903,85;1062;6,05578941460403
2020T2;41;Sevilla;1947848,0;18,9;42,47;18,98;2,7;23,7;17817,0;19963,0;15247,0;42,89;20,5;103,6595;93,31;66,76;64,2;1,91;-1,64;1300,6;2,37;2978;17,3942;104531,07;578;5,839815906157041
2020T3;41;Sevilla;1947848,0;18,9;42,47;18,98;2,7;23,7;17817,0;19963,0;15247,0;43,28;23,75;102,9622;92,71;67,44;63,6;1,94;-1,62;1290,0;2,37;3639;19,9505;121236,81;453;5,792220912611551
2020T4;41;Sevilla;1947848,0;18,9;42,47;18,98;2,7;23,7;17817,0;19963,0;15247,0;44,63;22,44;103,9095;97,76;67,27;65,2;1,8;-1,19;1324,9;2,37;4265;14,6542;118755,83;1535;5,948925183813212
2021T1;41;Sevilla;1950056,0;18,83;42,5;19,31;2,7;24,1;18751,0;20995,0;16109,000000000002;43,68;23,57;104,0469;94,96;67,1;64,7;1,72;-0,8;1308,5;0,5774;5358;17,6558;111257,87;1521;5,582635592768385
2021T2;41;Sevilla;1950056,0;18,83;42,5;19,31;2,7;24,1;18751,0;20995,0;16109,000000000002;45,83;21,5;106,2317;100,28;69,14;64,9;1,62;0,07;1333,9;0,5774;5554;14,4761;113447,17;993;5,691003146498853
2021T3;41;Sevilla;1950056,0;18,83;42,5;19,31;2,7;24,1;18751,0;20995,0;16109,000000000002;44,48;23,13;106,445;99,76;71,51;65,2;1,59;0,74;1340,9;0,5774;5504;14,5167;113567,97;1282;5,720868220361581
2021T4;41;Sevilla;1950056,0;18,83;42,5;19,31;2,7;24,1;18751,0;20995,0;16109,000000000002;46,75;19,98;109,8709;105,01;72,66;65,4;1,54;0,76;1376,8;0,5774;6038;26,8301;117440,76;1894;5,87403338488614
2022T1;41;Sevilla;1949558,0;18,83;42,46;19,64;2,6;24,5;19851,0;22308,0;16993,0;47,44;17,99;112,2774;105,46;74,4;65,2;1,6;0,72;1412,2;5,9121;6210;18,0032;113721,27;1216;5,691199435796685
2022T2;41;Sevilla;1949558,0;18,83;42,46;19,64;2,6;24,5;19851,0;22308,0;16993,0;47,2;17,92;115,8972;114,52;76,2;65,2;1,74;0,98;1374,3;5,9121;5800;13,0862;122332,7;1041;5,538461538461538
2022T3;41;Sevilla;1949558,0;18,83;42,46;19,64;2,6;24,5;19851,0;22308,0;16993,0;48,65;17,61;117,5069;110,54;77,43;64,6;2,14;0,87;1379,9;5,9121;5844;16,102;118820,8;2377;5,561029671049317
2022T4;41;Sevilla;1949558,0;18,83;42,46;19,64;2,6;24,5;19851,0;22308,0;16993,0;48,58;16,03;117,579;115,01;77,35;63,9;2,87;0,3;1427,8;5,9121;6117;15,2853;123936,52;1458;5,754067805148355
2023T1;41;Sevilla;1959394,0;18,99;42,35;19,95;2,6;24,9;21050,0;23662,0;18043,0;48,72;16,84;118,3872;112,83;77,52;63,0;3,59;-0,75;1474,7;5,6472;5778;16,5455;121139,96;2004;5,604560570071259
2023T2;41;Sevilla;1959394,0;18,99;42,35;19,95;2,6;24,9;21050,0;23662,0;18043,0;47,57;18,01;119,9265;116,6;79,63;62,7;3,89;-2,01;1469,7;5,6472;5597;18,7958;118263,89;1052;5,585558194774347
2023T3;41;Sevilla;1959394,0;18,99;42,35;19,95;2,6;24,9;21050,0;23662,0;18043,0;48,23;16,29;120,7962;112,78;81,93;62,2;4,06;-3,14;1494,4;5,6472;4900;15,3469;119389,58;2719;5,679429928741093
2023T4;41;Sevilla;1959394,0;18,99;42,35;19,95;2,6;24,9;21050,0;23662,0;18043,0;48,91;15,79;121,6293;117,61;81,45;61,4;4,03;-3,14;1534,2;5,6472;4700;18,7234;126524,59;2613;5,830688836104513
2024T1;41;Sevilla;1968624,0;18,99;42,35;19,95;2,6;24,9;21876,0;24598,0;18776,0;47,98;14,85;122,1706;113,32;83,66;61,5;3,69;-2,61;1549,7;5,5699;4952;23,3037;124567,17;2788;5,667215213018833
2024T2;41;Sevilla;1968624,0;18,99;42,35;19,95;2,6;24,9;21876,0;24598,0;18776,0;49,36;14,63;123,938;117,41;87,22;63,0;3,55;-1,79;1567,1;5,5699;5379;20,6916;117283,9;2905;5,730846589870177
2024T3;41;Sevilla;1968624,0;18,99;42,35;19,95;2,6;24,9;21876,0;24598,0;18776,0;49,95;13,84;123,1956;114,16;90,57;63,3;3,45;-0,62;1539,1;5,5699;5970;22,0938;122839,04;3522;5,628451270799049
2024T4;41;Sevilla;1968624,0;18,99;42,35;19,95;2,6;24,9;21876,0;24598,0;18776,0;50,94;12,49;124,0219;118,19;92,35;64,1;3,17;0,21;1592,2;5,5699;6239;25,8054;129008,25;3802;5,822636679466082
2015T1;42;Soria;91454,0;17,52;36,53;30,95;2,4;34,7;18334,0;19657,0;16787,0;48,61;15,52;98,8483;90,33;61,89;60,7;2,61;-3,78;1026,1;-0,39;184;38,587;93012,35;71;4,477364459474201
2015T2;42;Soria;91454,0;17,52;36,53;30,95;2,4;34,7;18334,0;19657,0;16787,0;47,2;15,51;100,6127;93,72;63,4;61,8;2,51;-3,32;1068,4;-0,39;136;31,6176;74095,89;83;4,661939565833969
2015T3;42;Soria;91454,0;17,52;36,53;30,95;2,4;34,7;18334,0;19657,0;16787,0;49,17;11,95;99,9396;90,26;62,95;62,3;2,45;-3,36;1081,1;-0,39;153;32,0261;76313,95;69;4,717355732518818
2015T4;42;Soria;91454,0;17,52;36,53;30,95;2,4;34,7;18334,0;19657,0;16787,0;47,41;13,33;100,5995;92,91;62,98;63,2;2,43;-3,27;1118,5;-0,39;153;26,7974;78506,17;44;4,880549798189157
2016T1;42;Soria;90460,0;17,08;36,56;31,3;2,4;35,0;18426,0;19881,0;16743,0;45,21;15,44;97,9778;88,55;62,96;63,9;2,33;-3,32;1069,3;1,03;171;36,8421;83887,32;112;4,642570281124498
2016T2;42;Soria;90460,0;17,08;36,56;31,3;2,4;35,0;18426,0;19881,0;16743,0;46,88;14,18;99,4031;92,68;63,75;63,8;2,32;-3,6;1086,4;1,03;178;24,1573;87659,34;105;4,716813198740909
2016T3;42;Soria;90460,0;17,08;36,56;31,3;2,4;35,0;18426,0;19881,0;16743,0;49,87;10,96;99,7713;89,74;63,7;63,8;2,37;-3,16;1056,7;1,03;174;39,0805;92717,95;58;4,587864973407142
2016T4;42;Soria;90460,0;17,08;36,56;31,3;2,4;35,0;18426,0;19881,0;16743,0;50,61;12,25;101,6954;93,2;63,47;64,2;2,27;-3,1;1017,1;1,03;180;44,4444;76171,72;37;4,415934006295452
2017T1;42;Soria;89614,0;16,64;36,87;31,46;2,4;35,2;18918,0;20402,0;17212,0;50,56;12,48;101,1897;90,09;64,28;64,8;2,24;-2,96;1036,8;4,05;189;34,3915;79640,78;65;4,384395813510942
2017T2;42;Soria;89614,0;16,64;36,87;31,46;2,4;35,2;18918,0;20402,0;17212,0;52,68;13,04;101,7475;93,77;64,47;65,0;2,17;-2,83;1026,3;4,05;175;29,1429;77471,26;65;4,339993656834761
2017T3;42;Soria;89614,0;16,64;36,87;31,46;2,4;35,2;18918,0;20402,0;17212,0;54,52;8,29;101,3525;91,13;64,37;64,9;2,22;-2,84;1015,8;4,05;148;30,4054;76043,01;59;4,295591500158579
2017T4;42;Soria;89614,0;16,64;36,87;31,46;2,4;35,2;18918,0;20402,0;17212,0;55,5;9,55;103,1147;94,8;64,92;65,6;2,15;-2,79;1032,4;4,05;182;30,2198;84670,45;76;4,365789195475209
2018T1;42;Soria;89329,0;16,51;36,77;31,73;2,3;35,6;19535,0;21070,0;17785,0;52,54;11,4;102,2003;91,97;65,68;65,5;2,23;-2,6;1034,3;4,85;227;29,5154;94043,96;64;4,235679549526491
2018T2;42;Soria;89329,0;16,51;36,77;31,73;2,3;35,6;19535,0;21070,0;17785,0;53,54;8,68;103,9041;95,37;66,9;64,9;2,2;-2,19;1003,8;4,85;164;29,878;84963,96;34;4,110775531098029
2018T3;42;Soria;89329,0;16,51;36,77;31,73;2,3;35,6;19535,0;21070,0;17785,0;53,23;7,84;104,2385;92,55;68,04;65,9;2,17;-1,81;1010,9;4,85;198;44,9495;77926,32;91;4,139851548502688
2018T4;42;Soria;89329,0;16,51;36,77;31,73;2,3;35,6;19535,0;21070,0;17785,0;54,17;4,35;105,2926;96,51;67,99;66,5;2,26;-1,57;1028,9;4,85;208;34,1346;87115,38;101;4,213565395444075
2019T1;42;Soria;89008,0;16,49;36,67;32,02;2,3;35,8;19915,0;21398,0;18233,0;52,28;6,89;103,6418;92,79;68,93;64,6;2,37;-1,25;990,1;9,69;231;25,1082;78634,78;39;3,977303540045192
2019T2;42;Soria;89008,0;16,49;36,67;32,02;2,3;35,8;19915,0;21398,0;18233,0;52,76;8,75;105,1265;96,07;70,47;65,5;2,35;-1,14;990,7;9,69;229;21,8341;90690,61;80;3,979713783580216
2019T3;42;Soria;89008,0;16,49;36,67;32,02;2,3;35,8;19915,0;21398,0;18233,0;56,28;7,05;104,9001;93,19;70,81;64,7;2,15;-1,19;970,6;9,69;241;41,0788;79333,33;177;3,8989706251569167
2019T4;42;Soria;89008,0;16,49;36,67;32,02;2,3;35,8;19915,0;21398,0;18233,0;54,52;7,23;105,9687;96,93;71,39;63,0;1,99;-1,08;939,6;9,69;238;29,4118;90070,18;54;3,774441375847352
2020T1;42;Soria;89302,0;16,51;36,68;32,01;2,3;36,3;20214,0;21582,0;18667,0;53,04;9,58;104,3602;92,62;70,95;63,8;2,03;-1,14;951,4;4,1;213;26,7606;89584,07;105;3,765311170475908
2020T2;42;Soria;89302,0;16,51;36,68;32,01;2,3;36,3;20214,0;21582,0;18667,0;51,24;8,77;103,9216;93,31;72,55;64,2;1,91;-1,64;923,8;4,1;100;23,0;79000,0;33;3,656079944592857
2020T3;42;Soria;89302,0;16,51;36,68;32,01;2,3;36,3;20214,0;21582,0;18667,0;54,04;9,03;103,7072;92,71;72,38;63,6;1,94;-1,62;936,3;4,1;152;24,3421;82583,33;135;3,705550608489166
2020T4;42;Soria;89302,0;16,51;36,68;32,01;2,3;36,3;20214,0;21582,0;18667,0;52,52;7,67;104,9304;97,76;72,33;65,2;1,8;-1,19;904,9;4,1;249;24,0964;100398,88;39;3,5812803007816365
2021T1;42;Soria;88796,0;16,5;37,12;31,59;2,3;36,9;20825,0;22230,0;19244,0;49,06;10,64;105,0872;94,96;72,36;64,7;1,72;-0,8;915,5;4,5272;265;38,4906;99281,48;37;3,516926770708283
2021T2;42;Soria;88796,0;16,5;37,12;31,59;2,3;36,9;20825,0;22230,0;19244,0;52,17;11,78;107,3094;100,28;74,44;64,9;1,62;0,07;881,5;4,5272;216;19,9074;89320,22;114;3,386314525810324
2021T3;42;Soria;88796,0;16,5;37,12;31,59;2,3;36,9;20825,0;22230,0;19244,0;54,28;6,66;108,1517;99,76;75,44;65,2;1,59;0,74;914,4;4,5272;285;29,4737;101173,65;107;3,5127010804321728
2021T4;42;Soria;88796,0;16,5;37,12;31,59;2,3;36,9;20825,0;22230,0;19244,0;53,53;7,73;111,9671;105,01;76,22;65,4;1,54;0,76;877,7;4,5272;290;17,931;91177,3;119;3,3717166866746697
2022T1;42;Soria;88330,0;16,43;37,03;31,94;2,3;37,1;21720,0;23137,0;20145,0;52,49;9,18;114,1288;105,46;77,6;65,2;1,6;0,72;907,7;22,1216;328;31,0976;100519,23;51;3,343278084714549
2022T2;42;Soria;88330,0;16,43;37,03;31,94;2,3;37,1;21720,0;23137,0;20145,0;55,07;7,61;118,1928;114,52;79,21;65,2;1,74;0,98;931,7;22,1216;324;27,4691;101443,93;41;3,4316758747697973
2022T3;42;Soria;88330,0;16,43;37,03;31,94;2,3;37,1;21720,0;23137,0;20145,0;55,09;7,65;120,2724;110,54;80,39;64,6;2,14;0,87;904,0;22,1216;257;19,0661;94312,5;63;3,3296500920810312
2022T4;42;Soria;88330,0;16,43;37,03;31,94;2,3;37,1;21720,0;23137,0;20145,0;53,1;7,96;119,8316;115,01;79,32;63,9;2,87;0,3;919,2;22,1216;246;18,2927;88970,37;44;3,385635359116022
2023T1;42;Soria;89528,0;16,59;37,16;31,58;2,3;37,4;22641,0;24089,0;21030,0;49,29;10,89;120,0217;112,83;79,54;63,0;3,59;-0,75;929,5;16,3636;313;23,0032;107583,33;164;3,284307230246014
2023T2;42;Soria;89528,0;16,59;37,16;31,58;2,3;37,4;22641,0;24089,0;21030,0;51,02;7,65;121,3829;116,6;81,46;62,7;3,89;-2,01;942,5;16,3636;286;26,2238;109536,91;6;3,3302415971026016
2023T3;42;Soria;89528,0;16,59;37,16;31,58;2,3;37,4;22641,0;24089,0;21030,0;52,74;7,46;123,2477;112,78;82,36;62,2;4,06;-3,14;907,7;16,3636;303;22,4422;86560,98;61;3,207278830440352
2023T4;42;Soria;89528,0;16,59;37,16;31,58;2,3;37,4;22641,0;24089,0;21030,0;56,63;5,14;123,0952;117,61;82,08;61,4;4,03;-3,14;939,8;16,3636;271;25,8303;122713,11;56;3,320701382447772
2024T1;42;Soria;90073,0;16,59;37,16;31,58;2,3;37,4;23569,0;25028,0;21945,0;51,66;10,07;123,656;113,32;84,24;61,5;3,69;-2,61;935,4;15,4763;328;27,439;108923,57;72;3,175018032160889
2024T2;42;Soria;90073,0;16,59;37,16;31,58;2,3;37,4;23569,0;25028,0;21945,0;54,84;4,15;125,6191;117,41;87,06;63,0;3,55;-1,79;967,9;15,4763;382;32,7225;101994,82;75;3,285332428189571
2024T3;42;Soria;90073,0;16,59;37,16;31,58;2,3;37,4;23569,0;25028,0;21945,0;54,92;5,77;125,3999;114,16;88,94;63,3;3,45;-0,62;976,0;15,4763;261;14,1762;109173,91;61;3,312826169969027
2024T4;42;Soria;90073,0;16,59;37,16;31,58;2,3;37,4;23569,0;25028,0;21945,0;54,26;5,37;125,5118;118,19;90,75;64,1;3,17;0,21;968,7;15,4763;368;25,8152;109024,39;47;3,288047859476431
2015T1;43;Tarragona;793272,0;19,32;40,91;20,55;2,6;27,9;18647,0;21076,0;15777,0;48,1;23,17;99,0537;90,33;50,9;60,7;2,61;-3,78;1213,2;-0,7;1736;21,6014;84169,68;198;5,204912318335389
2015T2;43;Tarragona;793272,0;19,32;40,91;20,55;2,6;27,9;18647,0;21076,0;15777,0;48,99;22,16;100,7745;93,72;53,67;61,8;2,51;-3,32;1243,1;-0,7;1827;14,8878;81895,83;352;5,333190325521532
2015T3;43;Tarragona;793272,0;19,32;40,91;20,55;2,6;27,9;18647,0;21076,0;15777,0;50,12;20,55;100,1504;90,26;54,15;62,3;2,45;-3,36;1226,1;-0,7;1969;14,5251;89902,33;167;5,260256341502655
2015T4;43;Tarragona;793272,0;19,32;40,91;20,55;2,6;27,9;18647,0;21076,0;15777,0;48,24;21,86;100,0214;92,91;54,38;63,2;2,43;-3,27;1230,9;-0,7;1799;14,1745;84062,1;315;5,280849466402103
2016T1;43;Tarragona;792163,0;18,63;41,23;20,95;2,6;28,1;18828,0;21329,0;15884,0;47,97;21,27;98,1158;88,55;55,27;63,9;2,33;-3,32;1237,4;0,5;1834;13,7405;86941,79;342;5,257701295942214
2016T2;43;Tarragona;792163,0;18,63;41,23;20,95;2,6;28,1;18828,0;21329,0;15884,0;48,72;19,43;99,4582;92,68;56,63;63,8;2,32;-3,6;1239,4;0,5;2076;13,8728;86472,51;311;5,266199277671553
2016T3;43;Tarragona;792163,0;18,63;41,23;20,95;2,6;28,1;18828,0;21329,0;15884,0;49,63;18,13;99,7866;89,74;57,74;63,8;2,37;-3,16;1224,6;0,5;2395;11,8163;88705,18;214;5,203314212874442
2016T4;43;Tarragona;792163,0;18,63;41,23;20,95;2,6;28,1;18828,0;21329,0;15884,0;47,96;17,41;101,1697;93,2;58,42;64,2;2,27;-3,1;1227,6;0,5;2308;11,0485;88460,55;292;5,216061185468451
2017T1;43;Tarragona;793077,0;18,13;41,36;21,38;2,6;28,1;19129,0;21669,0;16158,999999999998;46,71;19,98;101,3663;90,09;60,12;64,8;2,24;-2,96;1249,5;1,69;2535;14,4773;89980,71;251;5,225573736212034
2017T2;43;Tarragona;793077,0;18,13;41,36;21,38;2,6;28,1;19129,0;21669,0;16158,999999999998;52,12;14,95;101,67;93,77;61,89;65,0;2,17;-2,83;1241,7;1,69;2531;14,1051;91342,0;267;5,192953107846725
2017T3;43;Tarragona;793077,0;18,13;41,36;21,38;2,6;28,1;19129,0;21669,0;16158,999999999998;51,96;13,5;101,5666;91,13;63,48;64,9;2,22;-2,84;1253,6;1,69;2764;18,5601;97692,31;275;5,24272047676303
2017T4;43;Tarragona;793077,0;18,13;41,36;21,38;2,6;28,1;19129,0;21669,0;16158,999999999998;50,51;15,92;102,7065;94,8;64,39;65,6;2,15;-2,79;1241,8;1,69;2493;17,6093;94575,38;388;5,193371321030895
2018T1;43;Tarragona;795919,0;17,81;41,34;21,76;2,5;28,2;19738,0;22291,0;16779,0;51,04;15,84;102,2441;91,97;65,27;65,5;2,23;-2,6;1261,7;8,1;2660;11,5789;90844,57;371;5,113790657614754
2018T2;43;Tarragona;795919,0;17,81;41,34;21,76;2,5;28,2;19738,0;22291,0;16779,0;51,57;14,7;103,8473;95,37;67,66;64,9;2,2;-2,19;1250,1;8,1;2749;12,4773;97391,16;335;5,066774749214713
2018T3;43;Tarragona;795919,0;17,81;41,34;21,76;2,5;28,2;19738,0;22291,0;16779,0;52,44;13,93;104,2085;92,55;69,24;65,9;2,17;-1,81;1254,2;8,1;2823;14,3819;95634,39;466;5,083392440976796
2018T4;43;Tarragona;795919,0;17,81;41,34;21,76;2,5;28,2;19738,0;22291,0;16779,0;50,04;15,39;104,7142;96,51;69,63;66,5;2,26;-1,57;1280,4;8,1;2735;14,479;95805,1;371;5,18958354443206
2019T1;43;Tarragona;803528,0;17,81;41,26;22,0;2,5;28,3;20399,0;22947,0;17459,0;49,16;15,49;103,2593;92,79;70,24;64,6;2,37;-1,25;1279,1;12,19;2889;11,3188;96622,22;409;5,016324329624001
2019T2;43;Tarragona;803528,0;17,81;41,26;22,0;2,5;28,3;20399,0;22947,0;17459,0;51,28;14,16;104,5907;96,07;71,17;65,5;2,35;-1,14;1288,7;12,19;2905;9,5697;89418,82;377;5,053973233982058
2019T3;43;Tarragona;803528,0;17,81;41,26;22,0;2,5;28,3;20399,0;22947,0;17459,0;52,38;12,21;104,0922;93,19;72,47;64,7;2,15;-1,19;1278,8;12,19;2703;11,3208;98894,74;274;5,015147801362812
2019T4;43;Tarragona;803528,0;17,81;41,26;22,0;2,5;28,3;20399,0;22947,0;17459,0;51,59;11,96;104,6852;96,93;71,98;63,0;1,99;-1,08;1280,4;12,19;2584;8,9396;96174,22;270;5,021422618755821
2020T1;43;Tarragona;815746,0;17,88;41,16;22,17;2,5;28,6;20352,0;22703,0;17608,0;50,77;12,83;103,6797;92,62;72,46;63,8;2,03;-1,14;1259,2;5,53;2736;8,9547;98604,96;365;4,949685534591195
2020T2;43;Tarragona;815746,0;17,88;41,16;22,17;2,5;28,6;20352,0;22703,0;17608,0;48,3;15,34;103,0262;93,31;72,82;64,2;1,91;-1,64;1221,4;5,53;1513;10,4428;106840,37;194;4,801100628930818
2020T3;43;Tarragona;815746,0;17,88;41,16;22,17;2,5;28,6;20352,0;22703,0;17608,0;50,2;15,43;103,0753;92,71;73,73;63,6;1,94;-1,62;1259,8;5,53;2264;13,3392;105812,06;325;4,952044025157233
2020T4;43;Tarragona;815746,0;17,88;41,16;22,17;2,5;28,6;20352,0;22703,0;17608,0;48,85;17,47;103,6268;97,76;72,7;65,2;1,8;-1,19;1270,1;5,53;2725;11,6697;111039,84;289;4,99253144654088
2021T1;43;Tarragona;823435,0;17,86;41,2;22,35;2,5;28,9;21387,0;23811,0;18590,0;49,98;15,64;104,2677;94,96;73,35;64,7;1,72;-0,8;1263,4;3,5716;2943;15,8342;107110,17;369;4,725861504652359
2021T2;43;Tarragona;823435,0;17,86;41,2;22,35;2,5;28,9;21387,0;23811,0;18590,0;50,45;12,87;106,3022;100,28;75,19;64,9;1,62;0,07;1298,5;3,5716;3428;13,7398;108412,95;278;4,857156216393136
2021T3;43;Tarragona;823435,0;17,86;41,2;22,35;2,5;28,9;21387,0;23811,0;18590,0;51,98;11,86;106,8109;99,76;76,15;65,2;1,59;0,74;1321,9;3,5716;3764;13,2572;110532,23;260;4,944686024220321
2021T4;43;Tarragona;823435,0;17,86;41,2;22,35;2,5;28,9;21387,0;23811,0;18590,0;49,18;13,08;110,126;105,01;77,11;65,4;1,54;0,76;1358,4;3,5716;3455;14,356;113624,83;345;5,0812175620704165
2022T1;43;Tarragona;830906,0;17,92;40,99;22,68;2,5;29,0;22527,0;25019,0;19671,0;48,63;12,99;113,0501;105,46;79,0;65,2;1,6;0,72;1403,5;19,7279;3910;15,3453;110056,03;342;4,9842411328627865
2022T2;43;Tarragona;830906,0;17,92;40,99;22,68;2,5;29,0;22527,0;25019,0;19671,0;50,09;11,18;116,5488;114,52;80,61;65,2;1,74;0,98;1380,9;19,7279;3884;13,4912;111562,06;375;4,903981888400586
2022T3;43;Tarragona;830906,0;17,92;40,99;22,68;2,5;29,0;22527,0;25019,0;19671,0;51,18;11,27;117,9861;110,54;82,34;64,6;2,14;0,87;1344,1;19,7279;4314;13,9546;124684,48;384;4,773294269099303
2022T4;43;Tarragona;830906,0;17,92;40,99;22,68;2,5;29,0;22527,0;25019,0;19671,0;51,53;10,14;117,2485;115,01;81,32;63,9;2,87;0,3;1361,2;19,7279;3776;14,6716;115049,71;459;4,834021396546366
2023T1;43;Tarragona;848592,0;18,22;40,89;22,74;2,5;29,3;23653,0;26172,0;20780,0;50,87;11,78;117,8714;112,83;81,76;63,0;3,59;-0,75;1381,4;14,3061;3933;14,6962;112762,77;399;4,672219168815795
2023T2;43;Tarragona;848592,0;18,22;40,89;22,74;2,5;29,3;23653,0;26172,0;20780,0;54,09;8,06;119,4548;116,6;83,19;62,7;3,89;-2,01;1376,1;14,3061;3696;15,4221;111770,17;381;4,6542933243140405
2023T3;43;Tarragona;848592,0;18,22;40,89;22,74;2,5;29,3;23653,0;26172,0;20780,0;54,24;10,38;120,869;112,78;85,45;62,2;4,06;-3,14;1402,2;14,3061;3695;13,7212;107215,12;296;4,742569652898152
2023T4;43;Tarragona;848592,0;18,22;40,89;22,74;2,5;29,3;23653,0;26172,0;20780,0;49,88;14,88;120,6304;117,61;84,19;61,4;4,03;-3,14;1443,8;14,3061;3370;13,0267;117577,43;595;4,883270621062867
2024T1;43;Tarragona;861744,0;18,22;40,89;22,74;2,5;29,3;24677,0;27144,0;21870,0;50,63;13,4;121,3167;113,32;86,34;61,5;3,69;-2,61;1472,2;13,5133;3629;13,5299;111231,15;430;4,772703326984642
2024T2;43;Tarragona;861744,0;18,22;40,89;22,74;2,5;29,3;24677,0;27144,0;21870,0;51,44;13,44;123,5155;117,41;88,74;63,0;3,55;-1,79;1472,4;13,5133;3391;13,2999;106958,62;490;4,7733517040158855
2024T3;43;Tarragona;861744,0;18,22;40,89;22,74;2,5;29,3;24677,0;27144,0;21870,0;53,28;11,28;123,0535;114,16;91,22;63,3;3,45;-0,62;1487,4;13,5133;4071;12,4294;115002,14;371;4,82197998135916
2024T4;43;Tarragona;861744,0;18,22;40,89;22,74;2,5;29,3;24677,0;27144,0;21870,0;51,45;12,67;123,463;118,19;92,96;64,1;3,17;0,21;1528,7;13,5133;4137;19,7486;117666,26;530;4,955869838310978
2015T1;44;Teruel;137871,0;18,65;36,83;28,92;2,5;31,2;17146,0;19067,0;14727,0;44,28;21,59;98,6846;90,33;57,28;60,7;2,61;-3,78;809,4;-2,43;168;24,4048;88938,68;71;3,776507640265952
2015T2;44;Teruel;137871,0;18,65;36,83;28,92;2,5;31,2;17146,0;19067,0;14727,0;47,27;18,05;100,9493;93,72;58,79;61,8;2,51;-3,32;801,2;-2,43;185;23,2432;67817,2;75;3,7382479878688906
2015T3;44;Teruel;137871,0;18,65;36,83;28,92;2,5;31,2;17146,0;19067,0;14727,0;47,94;15,46;99,8178;90,26;58,23;62,3;2,45;-3,36;780,9;-2,43;166;9,0361;70946,15;71;3,643532019129826
2015T4;44;Teruel;137871,0;18,65;36,83;28,92;2,5;31,2;17146,0;19067,0;14727,0;49,73;13,0;100,5483;92,91;58,01;63,2;2,43;-3,27;808,2;-2,43;223;13,4529;87245,76;66;3,7709086667444303
2016T1;44;Teruel;136377,0;18,14;37,07;29,22;2,5;31,4;17308,0;19200,0;14947,0;48,93;14,52;98,1186;88,55;58,39;63,9;2,33;-3,32;790,1;1,04;214;14,0187;74805,19;70;3,651952854171481
2016T2;44;Teruel;136377,0;18,14;37,07;29,22;2,5;31,4;17308,0;19200,0;14947,0;47,92;14,24;99,7816;92,68;59,57;63,8;2,32;-3,6;797,2;1,04;201;8,4577;65214,88;55;3,6847700485324704
2016T3;44;Teruel;136377,0;18,14;37,07;29,22;2,5;31,4;17308,0;19200,0;14947,0;50,15;12,75;99,3882;89,74;59,39;63,8;2,37;-3,16;796,8;1,04;169;16,568;72057,47;66;3,682921192512133
2016T4;44;Teruel;136377,0;18,14;37,07;29,22;2,5;31,4;17308,0;19200,0;14947,0;49,29;12,27;101,6268;93,2;59,37;64,2;2,27;-3,1;807,0;1,04;178;11,7978;73948,91;102;3,730067021030737
2017T1;44;Teruel;135324,0;17,72;37,17;29,52;2,5;31,7;17546,0;19434,0;15221,0;46,48;14,07;101,1155;90,09;60,57;64,8;2,24;-2,96;788,2;1,66;213;18,7793;88153,44;179;3,593753562065428
2017T2;44;Teruel;135324,0;17,72;37,17;29,52;2,5;31,7;17546,0;19434,0;15221,0;48,29;13,16;101,812;93,77;60,55;65,0;2,17;-2,83;780,9;1,66;182;13,1868;75900,76;120;3,5604696227060297
2017T3;44;Teruel;135324,0;17,72;37,17;29,52;2,5;31,7;17546,0;19434,0;15221,0;51,06;10,23;101,0305;91,13;61,09;64,9;2,22;-2,84;801,5;1,66;209;14,3541;69556,52;56;3,6543941639120026
2017T4;44;Teruel;135324,0;17,72;37,17;29,52;2,5;31,7;17546,0;19434,0;15221,0;48,86;11,16;102,9069;94,8;61,23;65,6;2,15;-2,79;806,0;1,66;263;18,251;80600,0;64;3,674911660777385
2018T1;44;Teruel;134449,0;17,42;37,2;29,75;2,4;32,0;18061,0;19970,0;15736,0;49,01;10,21;101,8835;91,97;62,44;65,5;2,23;-2,6;809,8;3,72;280;29,2857;77859,46;116;3,5869553180886995
2018T2;44;Teruel;134449,0;17,42;37,2;29,75;2,4;32,0;18061,0;19970,0;15736,0;51,26;8,79;103,5995;95,37;63,27;64,9;2,2;-2,19;818,9;3,72;262;19,084;74183,1;56;3,627263163722939
2018T3;44;Teruel;134449,0;17,42;37,2;29,75;2,4;32,0;18061,0;19970,0;15736,0;52,53;8,41;103,3584;92,55;64,43;65,9;2,17;-1,81;791,3;3,72;284;13,3803;77945,95;62;3,5050107967443664
2018T4;44;Teruel;134449,0;17,42;37,2;29,75;2,4;32,0;18061,0;19970,0;15736,0;51,43;9,23;104,689;96,51;65,02;66,5;2,26;-1,57;783,3;3,72;260;20,7692;81819,67;52;3,469575328054925
2019T1;44;Teruel;134025,0;17,33;37,2;29,88;2,4;32,2;18849,0;20708,0;16597,0;49,35;11,66;102,8736;92,79;66,44;64,6;2,37;-1,25;783,7;5,92;306;21,8954;105018,96;51;3,3262242028754843
2019T2;44;Teruel;134025,0;17,33;37,2;29,88;2,4;32,2;18849,0;20708,0;16597,0;51,02;10,29;104,463;96,07;67,5;65,5;2,35;-1,14;756,4;5,92;298;32,8859;105271,28;98;3,210355987055016
2019T3;44;Teruel;134025,0;17,33;37,2;29,88;2,4;32,2;18849,0;20708,0;16597,0;52,07;8,09;103,6054;93,19;68,14;64,7;2,15;-1,19;773,1;5,92;216;15,7407;81586,78;57;3,2812350787840203
2019T4;44;Teruel;134025,0;17,33;37,2;29,88;2,4;32,2;18849,0;20708,0;16597,0;52,7;9,04;105,2011;96,93;68,59;63,0;1,99;-1,08;791,4;5,92;279;18,638;96687,94;137;3,3589049816966416
2020T1;44;Teruel;134085,0;17,34;37,32;29,78;2,4;32,6;18956,0;20629,0;16922,0;50,46;10,35;103,5835;92,62;68,86;63,8;2,03;-1,14;785,2;2,71;314;23,2484;96022,47;126;3,313779278328761
2020T2;44;Teruel;134085,0;17,34;37,32;29,78;2,4;32,6;18956,0;20629,0;16922,0;48,69;11,59;103,4968;93,31;69,54;64,2;1,91;-1,64;755,3;2,71;154;24,026;105314,81;67;3,187592319054653
2020T3;44;Teruel;134085,0;17,34;37,32;29,78;2,4;32,6;18956,0;20629,0;16922,0;50,31;11,15;102,97;92,71;69,85;63,6;1,94;-1,62;735,8;2,71;281;21,3523;88911,76;60;3,1052964760498
2020T4;44;Teruel;134085,0;17,34;37,32;29,78;2,4;32,6;18956,0;20629,0;16922,0;50,67;9,25;104,2858;97,76;69,34;65,2;1,8;-1,19;753,9;2,71;269;14,4981;87093,02;91;3,1816838995568686
2021T1;44;Teruel;134259,0;17,3;37,46;29,64;2,4;33,0;19745,0;21532,0;17614,0;48,68;10,51;103,9391;94,96;70,16;64,7;1,72;-0,8;765,0;3,672;304;14,8026;77020,55;67;3,0995188655355785
2021T2;44;Teruel;134259,0;17,3;37,46;29,64;2,4;33,0;19745,0;21532,0;17614,0;51,89;8,76;106,3364;100,28;71,26;64,9;1,62;0,07;758,2;3,672;293;21,1604;95469,27;73;3,071967586730818
2021T3;44;Teruel;134259,0;17,3;37,46;29,64;2,4;33,0;19745,0;21532,0;17614,0;53,24;7,19;106,604;99,76;72,96;65,2;1,59;0,74;751,9;3,672;333;16,8168;90602,56;45;3,0464421372499366
2021T4;44;Teruel;134259,0;17,3;37,46;29,64;2,4;33,0;19745,0;21532,0;17614,0;52,64;7,08;110,4872;105,01;73,73;65,4;1,54;0,76;765,5;3,672;303;16,5017;86392,86;82;3,101544694859458
2022T1;44;Teruel;134132,0;17,23;37,32;29,87;2,4;33,4;20777,0;22627,0;18609,0;52,29;10,06;112,8744;105,46;75,56;65,2;1,6;0,72;775,7;12,9947;356;16,573;101075,22;94;2,986764210424989
2022T2;44;Teruel;134132,0;17,23;37,32;29,87;2,4;33,4;20777,0;22627,0;18609,0;52,07;9,62;117,5932;114,52;76,63;65,2;1,74;0,98;766,1;12,9947;378;15,3439;89355,0;84;2,9498002599027773
2022T3;44;Teruel;134132,0;17,23;37,32;29,87;2,4;33,4;20777,0;22627,0;18609,0;53,28;6,4;118,6553;110,54;77,47;64,6;2,14;0,87;789,0;12,9947;434;9,447;89749,06;53;3,037974683544304
2022T4;44;Teruel;134132,0;17,23;37,32;29,87;2,4;33,4;20777,0;22627,0;18609,0;49,68;9,68;119,3399;115,01;76,89;63,9;2,87;0,3;766,5;12,9947;354;14,9718;92645,83;84;2,9513404245078694
2023T1;44;Teruel;135046,0;17,15;37,37;29,77;2,4;33,9;21815,0;23681,0;19640,0;49,17;11,15;118,9532;112,83;77,97;63,0;3,59;-0,75;762,9;9,9892;436;14,4495;101672,34;151;2,7977079990832
2023T2;44;Teruel;135046,0;17,15;37,37;29,77;2,4;33,9;21815,0;23681,0;19640,0;52,12;8,77;120,6608;116,6;79,25;62,7;3,89;-2,01;792,1;9,9892;341;14,0762;105382,65;54;2,904790281916113
2023T3;44;Teruel;135046,0;17,15;37,37;29,77;2,4;33,9;21815,0;23681,0;19640,0;52,52;8,26;121,5643;112,78;81,13;62,2;4,06;-3,14;788,1;9,9892;324;14,1975;94226,95;47;2,8901214760485905
2023T4;44;Teruel;135046,0;17,15;37,37;29,77;2,4;33,9;21815,0;23681,0;19640,0;52,6;9,39;122,5628;117,61;80,19;61,4;4,03;-3,14;819,2;9,9892;337;9,7923;94928,0;70;3,0041714416685767
2024T1;44;Teruel;135309,0;17,15;37,37;29,77;2,4;33,9;22767,0;24583,0;20683,0;52,92;6,36;122,5784;113,32;83,44;61,5;3,69;-2,61;840,3;14,1454;343;10,7872;89889,76;74;2,952694689682436
2024T2;44;Teruel;135309,0;17,15;37,37;29,77;2,4;33,9;22767,0;24583,0;20683,0;54,2;8,22;124,0121;117,41;87,06;63,0;3,55;-1,79;864,5;14,1454;343;9,3294;87507,58;135;3,037730047876312
2024T3;44;Teruel;135309,0;17,15;37,37;29,77;2,4;33,9;22767,0;24583,0;20683,0;57,04;5,74;123,4768;114,16;89,49;63,3;3,45;-0,62;861,6;14,1454;367;8,4469;88206,06;77;3,027539860324153
2024T4;44;Teruel;135309,0;17,15;37,37;29,77;2,4;33,9;22767,0;24583,0;20683,0;55,52;8,47;124,2166;118,19;90,89;64,1;3,17;0,21;891,4;14,1454;423;11,1111;95305,39;54;3,1322528220670267
2015T1;45;Toledo;694329,0;20,87;39,26;20,2;2,7;26,3;16113,0;17567,0;14088,0;43,36;29,13;99,1077;90,33;69,07;60,7;2,61;-3,78;811,2;-1,53;1076;21,7472;77238,38;320;4,027555390057717
2015T2;45;Toledo;694329,0;20,87;39,26;20,2;2,7;26,3;16113,0;17567,0;14088,0;42,81;28,84;100,8472;93,72;70,51;61,8;2,51;-3,32;803,1;-1,53;1139;20,5443;76846,05;216;3,987339415378887
2015T3;45;Toledo;694329,0;20,87;39,26;20,2;2,7;26,3;16113,0;17567,0;14088,0;45,46;24,86;99,7149;90,26;70,16;62,3;2,45;-3,36;810,5;-1,53;1184;18,5811;81928,66;242;4,024079935455843
2015T4;45;Toledo;694329,0;20,87;39,26;20,2;2,7;26,3;16113,0;17567,0;14088,0;43,53;27,91;100,3302;92,91;70,38;63,2;2,43;-3,27;809,0;-1,53;1085;15,4839;79351,17;273;4,016632532737541
2016T1;45;Toledo;691787,0;20,06;39,78;20,54;2,6;26,6;16376,999999999998;17915,0;14251,0;43,53;27,77;97,857;88,55;70,09;63,9;2,33;-3,32;820,1;-1,08;1395;22,509;74335,4;239;4,006106124442817
2016T2;45;Toledo;691787,0;20,06;39,78;20,54;2,6;26,6;16376,999999999998;17915,0;14251,0;44,32;26,08;99,2539;92,68;70,92;63,8;2,32;-3,6;790,9;-1,08;1455;17,1134;75844,52;454;3,863467057458632
2016T3;45;Toledo;691787,0;20,06;39,78;20,54;2,6;26,6;16376,999999999998;17915,0;14251,0;45,53;24,31;99,3415;89,74;71,06;63,8;2,37;-3,16;800,3;-1,08;1222;14,3208;82899,38;179;3,909385113268609
2016T4;45;Toledo;691787,0;20,06;39,78;20,54;2,6;26,6;16376,999999999998;17915,0;14251,0;46,66;23,44;101,2925;93,2;70,38;64,2;2,27;-3,1;813,1;-1,08;1238;15,105;93390,21;197;3,971911827563046
2017T1;45;Toledo;691021,0;19,36;40,21;20,87;2,6;26,7;16737,0;18407,0;14470,0;47,35;22,65;101,1629;90,09;71,22;64,8;2,24;-2,96;804,1;0,11;1561;18,9622;86277,3;241;3,8434605962836814
2017T2;45;Toledo;691021,0;19,36;40,21;20,87;2,6;26,7;16737,0;18407,0;14470,0;46,76;22,08;101,5939;93,77;71,46;65,0;2,17;-2,83;798,5;0,11;1618;21,3844;85830,91;190;3,816693553205473
2017T3;45;Toledo;691021,0;19,36;40,21;20,87;2,6;26,7;16737,0;18407,0;14470,0;48,39;18,59;101,1776;91,13;71,19;64,9;2,22;-2,84;799,4;0,11;1706;15,592;89281,46;276;3,820995399414471
2017T4;45;Toledo;691021,0;19,36;40,21;20,87;2,6;26,7;16737,0;18407,0;14470,0;48,67;20,33;102,9721;94,8;70,68;65,6;2,15;-2,79;796,5;0,11;1545;16,1165;86988,65;402;3,807133894963255
2018T1;45;Toledo;691124,0;18,87;40,46;21,15;2,6;26,9;17426,0;19218,0;15040,0;46,34;21,89;102,198;91,97;71,69;65,5;2,23;-2,6;800,8;5,51;2051;16,8211;83574,61;429;3,676345690347756
2018T2;45;Toledo;691124,0;18,87;40,46;21,15;2,6;26,9;17426,0;19218,0;15040,0;47,16;20,45;103,9084;95,37;72,51;64,9;2,2;-2,19;798,4;5,51;1992;16,2651;83243,51;271;3,6653276712957648
2018T3;45;Toledo;691124,0;18,87;40,46;21,15;2,6;26,9;17426,0;19218,0;15040,0;48,74;18,03;103,9578;92,55;73,47;65,9;2,17;-1,81;809,6;5,51;2083;22,7076;88003,18;420;3,716745093538391
2018T4;45;Toledo;691124,0;18,87;40,46;21,15;2,6;26,9;17426,0;19218,0;15040,0;48,89;17,5;105,0693;96,51;73,58;66,5;2,26;-1,57;837,2;5,51;1942;19,3615;90761,15;370;3,8434523126362894
2019T1;45;Toledo;696390,0;18,58;40,71;21,29;2,6;26,9;18230,0;20085,0;15777,0;49,37;16,62;103,2982;92,79;74,65;64,6;2,37;-1,25;831,6;8,29;2290;17,7293;81690,2;512;3,649369171695008
2019T2;45;Toledo;696390,0;18,58;40,71;21,29;2,6;26,9;18230,0;20085,0;15777,0;48,24;17,86;104,7562;96,07;75,33;65,5;2,35;-1,14;826,7;8,29;2274;24,4943;84514,22;540;3,627866154690072
2019T3;45;Toledo;696390,0;18,58;40,71;21,29;2,6;26,9;18230,0;20085,0;15777,0;49,34;16,49;103,9943;93,19;75,74;64,7;2,15;-1,19;838,2;8,29;1994;20,8124;87486,51;297;3,678332419089413
2019T4;45;Toledo;696390,0;18,58;40,71;21,29;2,6;26,9;18230,0;20085,0;15777,0;49,85;16,47;105,4904;96,93;75,8;63,0;1,99;-1,08;849,7;8,29;2063;17,6927;65998,94;271;3,7287986834887534
2020T1;45;Toledo;704792,0;18,36;40,86;21,41;2,6;27,1;18265,0;19915,0;16075,0;48,31;18,29;104,0858;92,62;75,41;63,8;2,03;-1,14;835,0;3,41;2104;18,9163;79791,59;165;3,6572679989050094
2020T2;45;Toledo;704792,0;18,36;40,86;21,41;2,6;27,1;18265,0;19915,0;16075,0;46,72;16,9;103,5493;93,31;76,5;64,2;1,91;-1,64;815,2;3,41;1086;20,6262;88937,82;241;3,5705447577333698
2020T3;45;Toledo;704792,0;18,36;40,86;21,41;2,6;27,1;18265,0;19915,0;16075,0;47,58;20,31;103,1378;92,71;76,79;63,6;1,94;-1,62;838,1;3,41;1917;23,3177;89900,25;377;3,670845880098549
2020T4;45;Toledo;704792,0;18,36;40,86;21,41;2,6;27,1;18265,0;19915,0;16075,0;48,9;19,85;104,1608;97,76;76,7;65,2;1,8;-1,19;849,8;3,41;2108;18,6433;93649,57;482;3,722091431699973
2021T1;45;Toledo;710400,0;18,26;41,21;21,24;2,6;27,4;19135,0;20984,0;16744,0;49,32;16,71;104,509;94,96;75,62;64,7;1,72;-0,8;830,9;3,8809;2064;19,4283;96224,36;679;3,473843741834335
2021T2;45;Toledo;710400,0;18,26;41,21;21,24;2,6;27,4;19135,0;20984,0;16744,0;51,11;18,28;107,0473;100,28;78,32;64,9;1,62;0,07;850,2;3,8809;2259;20,5401;94236,43;580;3,5545335772145283
2021T3;45;Toledo;710400,0;18,26;41,21;21,24;2,6;27,4;19135,0;20984,0;16744,0;52,35;16,79;107,8639;99,76;79,09;65,2;1,59;0,74;867,5;3,8809;2626;21,9726;103961,02;874;3,6268617716226808
2021T4;45;Toledo;710400,0;18,26;41,21;21,24;2,6;27,4;19135,0;20984,0;16744,0;54,13;13,87;111,8831;105,01;79,77;65,4;1,54;0,76;880,0;3,8809;2466;15,8556;101721,29;302;3,679122027697936
2022T1;45;Toledo;716309,0;18,19;41,25;21,47;2,6;27,5;20266,0;22253,0;17761,0;53,28;13,31;115,0128;105,46;81,01;65,2;1,6;0,72;904,8;15,9512;2915;20,446;98148,0;502;3,571696437382809
2022T2;45;Toledo;716309,0;18,19;41,25;21,47;2,6;27,5;20266,0;22253,0;17761,0;52,08;15,69;119,9996;114,52;83,04;65,2;1,74;0,98;884,2;15,9512;2920;19,863;102641,71;462;3,490377972959637
2022T3;45;Toledo;716309,0;18,19;41,25;21,47;2,6;27,5;20266,0;22253,0;17761,0;51,09;15,99;121,4562;110,54;84,29;64,6;2,14;0,87;880,4;15,9512;3028;18,2629;107332,57;255;3,475377479522353
2022T4;45;Toledo;716309,0;18,19;41,25;21,47;2,6;27,5;20266,0;22253,0;17761,0;51,16;15,75;121,1904;115,01;82,98;63,9;2,87;0,3;892,2;15,9512;2366;18,4277;101452,91;285;3,5219579591433927
2023T1;45;Toledo;731112,0;18,37;41,16;21,63;2,6;27,6;21320,0;23391,0;18748,0;50,28;17,06;121,9515;112,83;82,32;63,0;3,59;-0,75;918,6;13,4138;2612;18,415;98617,61;317;3,4469043151969982
2023T2;45;Toledo;731112,0;18,37;41,16;21,63;2,6;27,6;21320,0;23391,0;18748,0;52,53;13,62;123,2443;116,6;84,69;62,7;3,89;-2,01;942,2;13,4138;2888;19,8061;96433,06;252;3,5354596622889307
2023T3;45;Toledo;731112,0;18,37;41,16;21,63;2,6;27,6;21320,0;23391,0;18748,0;53,03;11,99;124,3622;112,78;85,16;62,2;4,06;-3,14;934,8;13,4138;2830;19,364;97652,37;248;3,507692307692308
2023T4;45;Toledo;731112,0;18,37;41,16;21,63;2,6;27,6;21320,0;23391,0;18748,0;51,09;11,89;125,2517;117,61;84,71;61,4;4,03;-3,14;930,9;13,4138;2584;18,5759;97440,67;406;3,493058161350844
2024T1;45;Toledo;743165,0;18,37;41,16;21,63;2,6;27,6;22188,0;24319,0;19570,0;49,83;15,78;125,9655;113,32;86,38;61,5;3,69;-2,61;947,1;12,6029;2784;19,3966;86320,24;490;3,414818820984316
2024T2;45;Toledo;743165,0;18,37;41,16;21,63;2,6;27,6;22188,0;24319,0;19570,0;50,52;14,45;127,8103;117,41;89,16;63,0;3,55;-1,79;959,9;12,6029;3024;20,7011;108211,07;540;3,4609698936362
2024T3;45;Toledo;743165,0;18,37;41,16;21,63;2,6;27,6;22188,0;24319,0;19570,0;51,18;13,54;126,9183;114,16;91,03;63,3;3,45;-0,62;979,8;12,6029;3337;19,8681;104162,99;543;3,5327203893996755
2024T4;45;Toledo;743165,0;18,37;41,16;21,63;2,6;27,6;22188,0;24319,0;19570,0;51,13;11,71;127,7084;118,19;92,05;64,1;3,17;0,21;1010,7;12,6029;3760;32,4734;108813,2;794;3,644131963223364
2015T1;46;Valencia/València;2528776,0;19,3;42,05;20,44;2,5;27,6;18052,0;19972,0;15731,0;46,36;22,43;98,944;90,33;58,07;60,7;2,61;-3,78;1058,4;-1,49;4659;19,1457;77553,59;568;4,690449811655219
2015T2;46;Valencia/València;2528776,0;19,3;42,05;20,44;2,5;27,6;18052,0;19972,0;15731,0;46,37;22,05;100,8623;93,72;60,38;61,8;2,51;-3,32;1066,9;-1,49;4834;15,06;78351,53;588;4,7281187680035455
2015T3;46;Valencia/València;2528776,0;19,3;42,05;20,44;2,5;27,6;18052,0;19972,0;15731,0;46,73;21,96;99,8701;90,26;60,22;62,3;2,45;-3,36;1074,5;-1,49;4949;14,7909;82735,25;480;4,761799246620873
2015T4;46;Valencia/València;2528776,0;19,3;42,05;20,44;2,5;27,6;18052,0;19972,0;15731,0;47,56;20,79;100,3235;92,91;60,29;63,2;2,43;-3,27;1085,4;-1,49;4502;15,5709;80234,42;525;4,810104143585198
2016T1;46;Valencia/València;2526469,0;18,65;42,35;20,8;2,5;27,7;18253,0;20281,0;15823,0;47,87;20,67;98,1953;88,55;61,04;63,9;2,33;-3,32;1089,3;1,64;5334;15,823;82240,96;517;4,774228893880458
2016T2;46;Valencia/València;2526469,0;18,65;42,35;20,8;2,5;27,7;18253,0;20281,0;15823,0;47,39;20,55;99,7881;92,68;61,48;63,8;2,32;-3,6;1096,2;1,64;6186;19,1238;80130,83;884;4,804470498000328
2016T3;46;Valencia/València;2526469,0;18,65;42,35;20,8;2,5;27,7;18253,0;20281,0;15823,0;46,84;21,43;99,611;89,74;61,35;63,8;2,37;-3,16;1117,1;1,64;5376;12,1652;83490,38;636;4,8960718785953
2016T4;46;Valencia/València;2526469,0;18,65;42,35;20,8;2,5;27,7;18253,0;20281,0;15823,0;48,37;20,24;101,0386;93,2;61,33;64,2;2,27;-3,1;1095,4;1,64;5197;11,8915;84073,83;840;4,800964225058895
2017T1;46;Valencia/València;2531673,0;18,19;42,49;21,18;2,5;27,7;18716,0;20839,0;16181,000000000002;48,04;19,82;100,7782;90,09;62,18;64,8;2,24;-2,96;1099,2;4,16;6373;12,4274;85893,5;869;4,698439837572131
2017T2;46;Valencia/València;2531673,0;18,19;42,49;21,18;2,5;27,7;18716,0;20839,0;16181,000000000002;48,16;19,06;101,6123;93,77;62,62;65,0;2,17;-2,83;1081,9;4,16;6969;15,325;83322,17;1164;4,624492412908741
2017T3;46;Valencia/València;2531673,0;18,19;42,49;21,18;2,5;27,7;18716,0;20839,0;16181,000000000002;48,96;18,85;101,1261;91,13;63,16;64,9;2,22;-2,84;1084,6;4,16;7223;12,2664;86428,64;793;4,636033340457363
2017T4;46;Valencia/València;2531673,0;18,19;42,49;21,18;2,5;27,7;18716,0;20839,0;16181,000000000002;50,36;16,43;102,4867;94,8;63,88;65,6;2,15;-2,79;1092,7;4,16;6154;11,131;86313,36;1220;4,670656123103227
2018T1;46;Valencia/València;2542923,0;17,95;42,49;21,52;2,5;27,9;19313,0;21463,0;16779,0;49,39;16,36;101,7048;91,97;64,31;65,5;2,23;-2,6;1116,6;4,58;7528;10,0159;89892,41;1183;4,625278309946668
2018T2;46;Valencia/València;2542923,0;17,95;42,49;21,52;2,5;27,9;19313,0;21463,0;16779,0;50,81;15,66;103,473;95,37;65,14;64,9;2,2;-2,19;1130,9;4,58;8095;9,475;91670,86;1391;4,684513022316574
2018T3;46;Valencia/València;2542923,0;17,95;42,49;21,52;2,5;27,9;19313,0;21463,0;16779,0;50,22;15,58;103,4928;92,55;66,11;65,9;2,17;-1,81;1113,0;4,58;8149;11,8419;94005,14;941;4,610366074664734
2018T4;46;Valencia/València;2542923,0;17,95;42,49;21,52;2,5;27,9;19313,0;21463,0;16779,0;51,35;13,17;104,2961;96,51;66,53;66,5;2,26;-1,57;1149,3;4,58;6843;10,6094;93564,28;1630;4,760731113757573
2019T1;46;Valencia/València;2554332,0;17,89;42,39;21,84;2,5;28,0;20069,0;22296,0;17464,0;50,91;13,09;102,9233;92,79;66,99;64,6;2,37;-1,25;1177,5;11,56;7518;12,5432;94721,67;1783;4,693806368030296
2019T2;46;Valencia/València;2554332,0;17,89;42,39;21,84;2,5;28,0;20069,0;22296,0;17464,0;50,38;14,0;104,4177;96,07;68,23;65,5;2,35;-1,14;1182,4;11,56;7774;12,1045;95472,52;1659;4,713338980517215
2019T3;46;Valencia/València;2554332,0;17,89;42,39;21,84;2,5;28,0;20069,0;22296,0;17464,0;49,81;14,58;103,5037;93,19;68,9;64,7;2,15;-1,19;1172,3;11,56;7488;12,0593;101645,47;1735;4,673077881309482
2019T4;46;Valencia/València;2554332,0;17,89;42,39;21,84;2,5;28,0;20069,0;22296,0;17464,0;50,27;12,93;104,5645;96,93;69,04;63,0;1,99;-1,08;1196,5;11,56;6745;12,0237;98118,05;1450;4,7695450695101895
2020T1;46;Valencia/València;2584654,0;17,96;42,31;22,05;2,5;28,4;20171,0;22198,0;17790,0;49,94;14,08;103,243;92,62;69,33;63,8;2,03;-1,14;1184,4;4,58;7500;13,0133;91333,61;1913;4,697436914382034
2020T2;46;Valencia/València;2584654,0;17,96;42,31;22,05;2,5;28,4;20171,0;22198,0;17790,0;47,07;16,06;103,4991;93,31;69,32;64,2;1,91;-1,64;1150,5;4,58;4155;11,4079;95609,92;1438;4,56298646571811
2020T3;46;Valencia/València;2584654,0;17,96;42,31;22,05;2,5;28,4;20171,0;22198,0;17790,0;49,01;16,35;103,02;92,71;70,3;63,6;1,94;-1,62;1179,7;4,58;5470;12,1755;104597,78;1474;4,678796291705915
2020T4;46;Valencia/València;2584654,0;17,96;42,31;22,05;2,5;28,4;20171,0;22198,0;17790,0;49,41;14,65;103,9096;97,76;70,18;65,2;1,8;-1,19;1193,0;4,58;6748;14,8044;100678,42;1647;4,731545287789401
2021T1;46;Valencia/València;2593243,0;17,95;42,3;22,32;2,5;28,7;20860,0;22914,0;18481,0;48,79;14,96;104,0867;94,96;70,17;64,7;1,72;-0,8;1196,3;6,8941;7479;16,553;105281,09;1571;4,587919463087248
2021T2;46;Valencia/València;2593243,0;17,95;42,3;22,32;2,5;28,7;20860,0;22914,0;18481,0;49,72;16,4;106,4303;100,28;72,31;64,9;1,62;0,07;1227,1;6,8941;8449;14,3212;103481,59;1526;4,706040268456376
2021T3;46;Valencia/València;2593243,0;17,95;42,3;22,32;2,5;28,7;20860,0;22914,0;18481,0;50,41;15,35;106,493;99,76;73,79;65,2;1,59;0,74;1220,0;6,8941;9223;13,3037;104331,67;1702;4,6788111217641415
2021T4;46;Valencia/València;2593243,0;17,95;42,3;22,32;2,5;28,7;20860,0;22914,0;18481,0;51,63;12,14;109,9617;105,01;74,93;65,4;1,54;0,76;1271,2;6,8941;8610;15,2613;106527,24;1428;4,8751677852349
2022T1;46;Valencia/València;2609322,0;18,08;42,16;22,57;2,5;28,7;22248,0;24519,0;19658,0;51,94;11,73;112,182;105,46;76,45;65,2;1,6;0,72;1298,6;19,7258;9537;13,5892;109121,63;2040;4,669543329737505
2022T2;46;Valencia/València;2609322,0;18,08;42,16;22,57;2,5;28,7;22248,0;24519,0;19658,0;51,87;12,44;115,6217;114,52;78,11;65,2;1,74;0,98;1300,9;19,7258;9760;12,1004;108729,95;1632;4,677813736066163
2022T3;46;Valencia/València;2609322,0;18,08;42,16;22,57;2,5;28,7;22248,0;24519,0;19658,0;51,75;13,82;117,0278;110,54;78,89;64,6;2,14;0,87;1288,9;19,7258;10109;13,117;111378,49;1241;4,634663790003596
2022T4;46;Valencia/València;2609322,0;18,08;42,16;22,57;2,5;28,7;22248,0;24519,0;19658,0;52,48;12,22;116,6795;115,01;78,72;63,9;2,87;0,3;1308,8;19,7258;9266;13,8355;112207,5;1856;4,706220783890687
2023T1;46;Valencia/València;2656841,0;18,48;41,88;22,63;2,5;28,7;23359,0;25674,0;20749,0;52,7;12,69;117,3828;112,83;79,02;63,0;3,59;-0,75;1353,2;20,1988;10156;13,1843;110508,08;1555;4,6344449676784105
2023T2;46;Valencia/València;2656841,0;18,48;41,88;22,63;2,5;28,7;23359,0;25674,0;20749,0;52,71;11,47;118,9344;116,6;80,82;62,7;3,89;-2,01;1361,6;20,1988;9910;15,1766;120461,47;2029;4,6632133224881205
2023T3;46;Valencia/València;2656841,0;18,48;41,88;22,63;2,5;28,7;23359,0;25674,0;20749,0;54,18;11,49;120,0953;112,78;82,9;62,2;4,06;-3,14;1376,6;20,1988;8790;14,5848;106310,72;1248;4,7145853846483154
2023T4;46;Valencia/València;2656841,0;18,48;41,88;22,63;2,5;28,7;23359,0;25674,0;20749,0;53,65;12,23;120,4524;117,61;82,06;61,4;4,03;-3,14;1427,6;20,1988;7946;17,4553;116763,74;2398;4,889250395992979
2024T1;46;Valencia/València;2710808,0;18,48;41,88;22,63;2,5;28,7;24209,0;26519,0;21625,0;53,5;12,2;121,0711;113,32;84,15;61,5;3,69;-2,61;1449,9;19,5949;9237;16,0658;113834,08;1220;4,791275971746045
2024T2;46;Valencia/València;2710808,0;18,48;41,88;22,63;2,5;28,7;24209,0;26519,0;21625,0;54,27;10,57;122,9474;117,41;87,79;63,0;3,55;-1,79;1481,6;19,5949;8893;15,3379;111711,01;2226;4,896030401916643
2024T3;46;Valencia/València;2710808,0;18,48;41,88;22,63;2,5;28,7;24209,0;26519,0;21625,0;52,36;12,52;122,7055;114,16;90,21;63,3;3,45;-0,62;1517,7;19,5949;10339;14,8467;119104,71;1552;5,015324879177165
2024T4;46;Valencia/València;2710808,0;18,48;41,88;22,63;2,5;28,7;24209,0;26519,0;21625,0;52,71;11,52;123,3402;118,19;92,07;64,1;3,17;0,21;1568,2;19,5949;10431;17,9082;120648,21;1659;5,182204965095625
2015T1;47;Valladolid;527199,0;17,44;42,23;24,45;2,5;28,4;19562,0;21875,0;16770,0;47,48;16,28;98,9771;90,33;61,89;60,7;2,61;-3,78;1122,4;-1,96;853;21,6882;87503,6;162;4,590123709232185
2015T2;47;Valladolid;527199,0;17,44;42,23;24,45;2,5;28,4;19562,0;21875,0;16770,0;47,8;16,41;100,7719;93,72;63,4;61,8;2,51;-3,32;1151,5;-1,96;804;21,7662;85642,37;280;4,709129945813311
2015T3;47;Valladolid;527199,0;17,44;42,23;24,45;2,5;28,4;19562,0;21875,0;16770,0;47,99;16,04;99,8894;90,26;62,95;62,3;2,45;-3,36;1164,8;-1,96;934;23,4475;90925,37;89;4,763521112360699
2015T4;47;Valladolid;527199,0;17,44;42,23;24,45;2,5;28,4;19562,0;21875,0;16770,0;48,94;15,62;100,3616;92,91;62,98;63,2;2,43;-3,27;1163,1;-1,96;685;17,0803;95416,0;194;4,756568857989981
2016T1;47;Valladolid;524669,0;16,73;42,29;25,05;2,5;28,8;19747,0;22187,0;16848,0;48,46;16,1;98,1;88,55;62,96;63,9;2,33;-3,32;1148,6;-0,57;808;18,1931;90311,86;210;4,65326378690434
2016T2;47;Valladolid;524669,0;16,73;42,29;25,05;2,5;28,8;19747,0;22187,0;16848,0;49,32;13,84;99,622;92,68;63,75;63,8;2,32;-3,6;1172,6;-0,57;1215;16,7901;94855,39;188;4,750493745885451
2016T3;47;Valladolid;524669,0;16,73;42,29;25,05;2,5;28,8;19747,0;22187,0;16848,0;49,23;12,5;99,5435;89,74;63,7;63,8;2,37;-3,16;1139,7;-0,57;990;16,1616;90393,94;122;4,617207677115511
2016T4;47;Valladolid;524669,0;16,73;42,29;25,05;2,5;28,8;19747,0;22187,0;16848,0;49,04;13,96;101,3465;93,2;63,47;64,2;2,27;-3,1;1175,4;-0,57;940;12,8723;83381,41;323;4,761837241099914
2017T1;47;Valladolid;522985,0;16,17;42,21;25,66;2,4;29,1;20224,0;22742,0;17270,0;48,82;13,44;101,15;90,09;64,28;64,8;2,24;-2,96;1163,4;-1,48;1162;23,3219;101743,46;159;4,6020569620253164
2017T2;47;Valladolid;522985,0;16,17;42,21;25,66;2,4;29,1;20224,0;22742,0;17270,0;49,16;13,8;101,817;93,77;64,47;65,0;2,17;-2,83;1156,7;-1,48;1227;15,3219;94125,99;201;4,575553797468355
2017T3;47;Valladolid;522985,0;16,17;42,21;25,66;2,4;29,1;20224,0;22742,0;17270,0;48,81;13,74;101,3477;91,13;64,37;64,9;2,22;-2,84;1168,6;-1,48;1021;15,8668;79774,47;362;4,622626582278481
2017T4;47;Valladolid;522985,0;16,17;42,21;25,66;2,4;29,1;20224,0;22742,0;17270,0;48,34;14,32;102,829;94,8;64,92;65,6;2,15;-2,79;1198,3;-1,48;1118;22,8086;94348,87;252;4,740110759493671
2018T1;47;Valladolid;520930,0;15,76;42,01;26,27;2,4;29,5;20689,0;23198,0;17787,0;49,3;12,06;101,994;91,97;65,68;65,5;2,23;-2,6;1173,9;2,42;1306;19,4487;98319,2;432;4,539223742085166
2018T2;47;Valladolid;520930,0;15,76;42,01;26,27;2,4;29,5;20689,0;23198,0;17787,0;49,95;11,79;103,5593;95,37;66,9;64,9;2,2;-2,19;1206,6;2,42;1277;15,6617;93618,69;260;4,665667746145295
2018T3;47;Valladolid;520930,0;15,76;42,01;26,27;2,4;29,5;20689,0;23198,0;17787,0;51,81;9,86;103,5851;92,55;68,04;65,9;2,17;-1,81;1193,6;2,42;1323;16,0998;94463,7;323;4,615399487650442
2018T4;47;Valladolid;520930,0;15,76;42,01;26,27;2,4;29,5;20689,0;23198,0;17787,0;52,24;10,25;104,6969;96,51;67,99;66,5;2,26;-1,57;1232,3;2,42;1164;14,6907;96629,31;319;4,765044226400502
2019T1;47;Valladolid;520483,0;15,54;41,81;26,77;2,4;29,7;21380,0;23985,0;18400,0;50,58;11,45;103,3403;92,79;68,93;64,6;2,37;-1,25;1233,4;3,63;1337;12,1915;98520,81;370;4,615154349859682
2019T2;47;Valladolid;520483,0;15,54;41,81;26,77;2,4;29,7;21380,0;23985,0;18400,0;51,8;10,74;104,8229;96,07;70,47;65,5;2,35;-1,14;1235,8;3,63;1197;12,782;103878,36;422;4,624134705332086
2019T3;47;Valladolid;520483,0;15,54;41,81;26,77;2,4;29,7;21380,0;23985,0;18400,0;51,15;11,91;104,1673;93,19;70,81;64,7;2,15;-1,19;1236,2;3,63;1090;14,4954;104210,72;479;4,6256314312441535
2019T4;47;Valladolid;520483,0;15,54;41,81;26,77;2,4;29,7;21380,0;23985,0;18400,0;52,67;9,37;105,3978;96,93;71,39;63,0;1,99;-1,08;1251,8;3,63;996;15,7631;105626,52;503;4,68400374181478
2020T1;47;Valladolid;520904,0;15,35;41,59;27,28;2,4;30,2;21415,0;23810,0;18679,0;52,34;9,55;103,9708;92,62;70,95;63,8;2,03;-1,14;1247,4;2,61;1247;17,6423;67155,75;312;4,65991127714219
2020T2;47;Valladolid;520904,0;15,35;41,59;27,28;2,4;30,2;21415,0;23810,0;18679,0;48,61;9,82;103,9467;93,31;72,55;64,2;1,91;-1,64;1215,8;2,61;760;17,3684;106833,83;183;4,541863180014009
2020T3;47;Valladolid;520904,0;15,35;41,59;27,28;2,4;30,2;21415,0;23810,0;18679,0;49,95;11,7;103,4371;92,71;72,38;63,6;1,94;-1,62;1209,7;2,61;1070;20,3738;99021,21;483;4,519075414429138
2020T4;47;Valladolid;520904,0;15,35;41,59;27,28;2,4;30,2;21415,0;23810,0;18679,0;50,31;11,35;104,2004;97,76;72,33;65,2;1,8;-1,19;1228,9;2,61;1150;20,087;104744,64;395;4,590800840532337
2021T1;47;Valladolid;519380,0;15,32;41,49;27,55;2,4;30,8;22319,0;24767,0;19543,0;48,57;12,82;104,3179;94,96;72,36;64,7;1,72;-0,8;1219,2;2,1391;1216;15,7895;112437,62;481;4,3700882656032976
2021T2;47;Valladolid;519380,0;15,32;41,49;27,55;2,4;30,8;22319,0;24767,0;19543,0;47,62;12,65;106,6165;100,28;74,44;64,9;1,62;0,07;1250,7;2,1391;1316;20,1368;100335,24;518;4,482996550024643
2021T3;47;Valladolid;519380,0;15,32;41,49;27,55;2,4;30,8;22319,0;24767,0;19543,0;47,89;9,65;107,2334;99,76;75,44;65,2;1,59;0,74;1254,5;2,1391;1583;25,9002;117237,9;882;4,496617231954836
2021T4;47;Valladolid;519380,0;15,32;41,49;27,55;2,4;30,8;22319,0;24767,0;19543,0;48,68;8,56;110,6385;105,01;76,22;65,4;1,54;0,76;1287,7;2,1391;1542;23,022;114587,57;613;4,615618979344953
2022T1;47;Valladolid;518158,0;15,32;41,04;28,21;2,4;31,2;23407,0;25972,0;20548,0;48,19;9,4;113,1564;105,46;77,6;65,2;1,6;0,72;1276,9;9,5048;1620;21,1111;118186,01;478;4,364164566155424
2022T2;47;Valladolid;518158,0;15,32;41,04;28,21;2,4;31,2;23407,0;25972,0;20548,0;49,03;9,54;117,6385;114,52;79,21;65,2;1,74;0,98;1289,8;9,5048;1492;17,0912;114320,53;274;4,408253941128722
2022T3;47;Valladolid;518158,0;15,32;41,04;28,21;2,4;31,2;23407,0;25972,0;20548,0;49,85;7,5;119,1847;110,54;80,39;64,6;2,14;0,87;1250,5;9,5048;1490;25,302;107703,1;356;4,2739351476054175
2022T4;47;Valladolid;518158,0;15,32;41,04;28,21;2,4;31,2;23407,0;25972,0;20548,0;50,06;7,71;118,8817;115,01;79,32;63,9;2,87;0,3;1290,1;9,5048;1230;23,4146;115575,2;691;4,409279275430427
2023T1;47;Valladolid;521333,0;15,57;40,62;28,53;2,3;31,6;24657,0;27344,0;21694,0;49,51;9,84;119,1826;112,83;79,54;63,0;3,59;-0,75;1276,0;8,5301;1548;25,646;123200,0;807;4,140000811128686
2023T2;47;Valladolid;521333,0;15,57;40,62;28,53;2,3;31,6;24657,0;27344,0;21694,0;49,85;9,28;120,5391;116,6;81,46;62,7;3,89;-2,01;1278,7;8,5301;1539;32,3587;119506,71;708;4,148761000932798
2023T3;47;Valladolid;521333,0;15,57;40,62;28,53;2,3;31,6;24657,0;27344,0;21694,0;50,43;9,27;121,3394;112,78;82,36;62,2;4,06;-3,14;1283,3;8,5301;1386;29,8701;116956,78;676;4,163685768747212
2023T4;47;Valladolid;521333,0;15,57;40,62;28,53;2,3;31,6;24657,0;27344,0;21694,0;50,01;9,1;121,8816;117,61;82,08;61,4;4,03;-3,14;1309,7;8,5301;1208;26,4073;116132,77;663;4,2493409579429775
2024T1;47;Valladolid;525116,0;15,57;40,62;28,53;2,3;31,6;25571,0;28290,0;22597,0;50,88;10,56;122,426;113,32;84,24;61,5;3,69;-2,61;1314,3;8,0725;1489;32,7065;91904,46;649;4,111845449923742
2024T2;47;Valladolid;525116,0;15,57;40,62;28,53;2,3;31,6;25571,0;28290,0;22597,0;50,63;12,17;124,2782;117,41;87,06;63,0;3,55;-1,79;1315,0;8,0725;1474;26,1872;102753,16;1070;4,114035430761409
2024T3;47;Valladolid;525116,0;15,57;40,62;28,53;2,3;31,6;25571,0;28290,0;22597,0;52,22;9,22;123,7927;114,16;88,94;63,3;3,45;-0,62;1344,2;8,0725;1660;23,9157;122315,79;646;4,205388917132689
2024T4;47;Valladolid;525116,0;15,57;40,62;28,53;2,3;31,6;25571,0;28290,0;22597,0;53,5;8,07;124,7351;118,19;90,75;64,1;3,17;0,21;1374,6;8,0725;1828;27,1335;127707,95;945;4,300496656368543
2015T1;48;Bizkaia;1141400,0;16,67;42,15;25,25;2,5;26,6;27323,0;31066,0;23037,0;47,24;17,31;98,9241;90,33;59,41;60,7;2,61;-3,78;2382,2;-0,5;1848;27,0022;121055,94;297;6,974929546535885
2015T2;48;Bizkaia;1141400,0;16,67;42,15;25,25;2,5;26,6;27323,0;31066,0;23037,0;46,4;16,99;100,5921;93,72;60,42;61,8;2,51;-3,32;2398,9;-0,5;2163;25,3352;122586,7;465;7,023826080591443
2015T3;48;Bizkaia;1141400,0;16,67;42,15;25,25;2,5;26,6;27323,0;31066,0;23037,0;46,99;14,85;99,8617;90,26;60,4;62,3;2,45;-3,36;2341,4;-0,5;2082;27,3775;133699,03;476;6,8554697507594335
2015T4;48;Bizkaia;1141400,0;16,67;42,15;25,25;2,5;26,6;27323,0;31066,0;23037,0;47,79;14,79;100,6221;92,91;60,84;63,2;2,43;-3,27;2326,1;-0,5;1720;19,4767;140291,94;870;6,810672327343264
2016T1;48;Bizkaia;1140191,0;16,18;42,12;25,72;2,5;27,1;27261,0;30930,0;23139,0;47,81;14,83;98,5795;88,55;61,1;63,9;2,33;-3,32;2342,0;1,83;2232;23,1183;126680,25;871;6,872821980118117
2016T2;48;Bizkaia;1140191,0;16,18;42,12;25,72;2,5;27,1;27261,0;30930,0;23139,0;48,4;13,76;100,03;92,68;62,1;63,8;2,32;-3,6;2363,7;1,83;2386;20,4946;137066,5;682;6,936502696159349
2016T3;48;Bizkaia;1140191,0;16,18;42,12;25,72;2,5;27,1;27261,0;30930,0;23139,0;48,88;14,5;99,9311;89,74;62,53;63,8;2,37;-3,16;2309,9;1,83;1928;16,7531;134571,94;528;6,778621473900444
2016T4;48;Bizkaia;1140191,0;16,18;42,12;25,72;2,5;27,1;27261,0;30930,0;23139,0;49,03;13,75;101,7506;93,2;61,55;64,2;2,27;-3,1;2336,1;1,83;1906;21,8783;125717,24;734;6,8555078683834045
2017T1;48;Bizkaia;1141564,0;15,83;42,03;26,11;2,4;27,8;28054,0;31914,0;23849,0;49,29;12,5;101,4334;90,09;63,11;64,8;2,24;-2,96;2363,6;3,45;2541;18,0244;128129,25;681;6,740144007984601
2017T2;48;Bizkaia;1141564,0;15,83;42,03;26,11;2,4;27,8;28054,0;31914,0;23849,0;49,32;12,54;102,1539;93,77;64,92;65,0;2,17;-2,83;2350,5;3,45;2415;15,3209;139762,76;338;6,702787481286091
2017T3;48;Bizkaia;1141564,0;15,83;42,03;26,11;2,4;27,8;28054,0;31914,0;23849,0;49,23;13,42;101,6877;91,13;66,14;64,9;2,22;-2,84;2320,8;3,45;2286;15,4856;133331,42;844;6,618093676481072
2017T4;48;Bizkaia;1141564,0;15,83;42,03;26,11;2,4;27,8;28054,0;31914,0;23849,0;49,11;12,34;103,1588;94,8;65,92;65,6;2,15;-2,79;2335,2;3,45;1943;14,7195;139322,94;1019;6,659157339416839
2018T1;48;Bizkaia;1143742,0;15,66;41,78;26,56;2,4;28,3;28243,0;31982,0;24133,0;48,51;12,61;102,2327;91,97;66,96;65,5;2,23;-2,6;2332,7;5,83;2724;16,7768;138719,13;497;6,607513366143824
2018T2;48;Bizkaia;1143742,0;15,66;41,78;26,56;2,4;28,3;28243,0;31982,0;24133,0;49,4;11,63;103,8999;95,37;68,68;64,9;2,2;-2,19;2323,1;5,83;2696;14,5772;136549,42;1065;6,5803207874517575
2018T3;48;Bizkaia;1143742,0;15,66;41,78;26,56;2,4;28,3;28243,0;31982,0;24133,0;49,27;10,88;103,9226;92,55;69,33;65,9;2,17;-1,81;2294,6;5,83;2773;12,9102;139888,76;1364;6,499592819459689
2018T4;48;Bizkaia;1143742,0;15,66;41,78;26,56;2,4;28,3;28243,0;31982,0;24133,0;49,77;11,47;104,7493;96,51;69,24;66,5;2,26;-1,57;2311,9;5,83;2314;20,4408;141849,09;545;6,548596112311016
2019T1;48;Bizkaia;1147589,0;15,66;41,53;26,93;2,4;28,6;29350,0;33234,0;25058,0;49,64;11,23;103,4178;92,79;70,83;64,6;2,37;-1,25;2367,4;8,49;2928;15,2322;139842,41;1235;6,452879045996593
2019T2;48;Bizkaia;1147589,0;15,66;41,53;26,93;2,4;28,6;29350,0;33234,0;25058,0;50,61;9,74;105,0109;96,07;71,33;65,5;2,35;-1,14;2324,4;8,49;2657;17,3504;140280,72;981;6,335672913117547
2019T3;48;Bizkaia;1147589,0;15,66;41,53;26,93;2,4;28,6;29350,0;33234,0;25058,0;49,64;10,87;104,5284;93,19;72,68;64,7;2,15;-1,19;2351,6;8,49;2477;17,3193;142979,65;1079;6,4098126064735945
2019T4;48;Bizkaia;1147589,0;15,66;41,53;26,93;2,4;28,6;29350,0;33234,0;25058,0;49,56;10,58;105,5692;96,93;71,28;63,0;1,99;-1,08;2392,1;8,49;2137;15,8166;147444,9;862;6,5202044293015335
2020T1;48;Bizkaia;1154696,0;15,84;41,22;27,21;2,4;29,0;29982,0;33889,0;25756,0;49,25;10,72;104,2578;92,62;73,24;63,8;2,03;-1,14;2346,9;3,66;2659;16,8108;151573,2;914;6,262157294376626
2020T2;48;Bizkaia;1154696,0;15,84;41,22;27,21;2,4;29,0;29982,0;33889,0;25756,0;47,53;10,72;104,5982;93,31;72,48;64,2;1,91;-1,64;2349,7;3,66;1958;17,0582;151539,58;559;6,269628443732906
2020T3;48;Bizkaia;1154696,0;15,84;41,22;27,21;2,4;29,0;29982,0;33889,0;25756,0;48,67;11,73;104,1897;92,71;74,03;63,6;1,94;-1,62;2275,7;3,66;2122;18,049;152768,26;1006;6,072176639316924
2020T4;48;Bizkaia;1154696,0;15,84;41,22;27,21;2,4;29,0;29982,0;33889,0;25756,0;48,18;11,86;105,2823;97,76;72,82;65,2;1,8;-1,19;2328,2;3,66;2117;17,761;157137,1;1417;6,212260689747182
2021T1;48;Bizkaia;1153635,0;15,9;41,05;27,53;2,4;29,7;30815,0;34718,0;26519,0;46,89;12,61;105,1483;94,96;73,38;64,7;1,72;-0,8;2366,6;1,4623;2841;20,5209;149280,29;1466;6,144020769105955
2021T2;48;Bizkaia;1153635,0;15,9;41,05;27,53;2,4;29,7;30815,0;34718,0;26519,0;48,63;11,55;107,447;100,28;74,33;64,9;1,62;0,07;2363,5;1,4623;3001;15,1616;158070,47;1236;6,135972740548434
2021T3;48;Bizkaia;1153635,0;15,9;41,05;27,53;2,4;29,7;30815,0;34718,0;26519,0;50,27;10,06;107,6255;99,76;75,03;65,2;1,59;0,74;2363,8;1,4623;2872;15,5989;159183,06;1268;6,136751582021743
2021T4;48;Bizkaia;1153635,0;15,9;41,05;27,53;2,4;29,7;30815,0;34718,0;26519,0;51,34;10,04;110,9846;105,01;75,9;65,4;1,54;0,76;2391,5;1,4623;2422;15,9785;156411,42;1254;6,208664611390557
2022T1;48;Bizkaia;1148677,0;15,94;40,7;28,05;2,4;30,2;32055,0;36049,0;27679,0;51,72;9,68;113,374;105,46;77,97;65,2;1,6;0,72;2460,9;10,3615;3544;21,0497;155259,43;1519;6,141693963500234
2022T2;48;Bizkaia;1148677,0;15,94;40,7;28,05;2,4;30,2;32055,0;36049,0;27679,0;51,14;9,46;116,9233;114,52;79,16;65,2;1,74;0,98;2452,6;10,3615;3321;11,8037;160326,8;850;6,120979566370301
2022T3;48;Bizkaia;1148677,0;15,94;40,7;28,05;2,4;30,2;32055,0;36049,0;27679,0;51,95;9,45;118,4046;110,54;80,89;64,6;2,14;0,87;2471,3;10,3615;3043;11,5675;163748,49;1350;6,16764935267509
2022T4;48;Bizkaia;1148677,0;15,94;40,7;28,05;2,4;30,2;32055,0;36049,0;27679,0;51,59;9,05;118,0801;115,01;79,63;63,9;2,87;0,3;2444,6;10,3615;2707;19,9113;167060,45;976;6,101013882389643
2023T1;48;Bizkaia;1153282,0;16,3;40,32;28,26;2,4;30,6;33607,0;37708,0;29075,0;50,7;9,5;118,8935;112,83;80,37;63,0;3,59;-0,75;2444,3;9,3524;3087;19,5983;156426,9;530;5,8185497069063
2023T2;48;Bizkaia;1153282,0;16,3;40,32;28,26;2,4;30,6;33607,0;37708,0;29075,0;53,49;7,76;120,7623;116,6;81,56;62,7;3,89;-2,01;2494,1;9,3524;2621;13,5826;152149,78;875;5,937096438242033
2023T3;48;Bizkaia;1153282,0;16,3;40,32;28,26;2,4;30,6;33607,0;37708,0;29075,0;53,13;8,26;121,9551;112,78;83,97;62,2;4,06;-3,14;2462,4;9,3524;2407;13,7516;152924,72;824;5,861635968696998
2023T4;48;Bizkaia;1153282,0;16,3;40,32;28,26;2,4;30,6;33607,0;37708,0;29075,0;54,59;6,68;122,1328;117,61;82,72;61,4;4,03;-3,14;2498,1;9,3524;2241;13,8777;146473,42;353;5,946618264052132
2024T1;48;Bizkaia;1159368,0;16,3;40,32;28,26;2,4;30,6;34951,0;39134,0;30296,0;52,77;8,68;122,9261;113,32;85,5;61,5;3,69;-2,61;2495,8;10,8128;2712;16,9985;155006,57;725;5,712683471145318
2024T2;48;Bizkaia;1159368,0;16,3;40,32;28,26;2,4;30,6;34951,0;39134,0;30296,0;53,14;8,88;125,2243;117,41;88,46;63,0;3,55;-1,79;2546,0;10,8128;2800;15,1071;152062,76;663;5,827587193499471
2024T3;48;Bizkaia;1159368,0;16,3;40,32;28,26;2,4;30,6;34951,0;39134,0;30296,0;52,24;8,08;125,137;114,16;91,02;63,3;3,45;-0,62;2512,4;10,8128;3468;22,1165;169109,72;917;5,750679522760436
2024T4;48;Bizkaia;1159368,0;16,3;40,32;28,26;2,4;30,6;34951,0;39134,0;30296,0;50,92;10,28;125,7253;118,19;91,56;64,1;3,17;0,21;2552,1;10,8128;3174;18,7146;159116,56;720;5,8415495980086405
2015T1;49;Zamora;183885,0;16,62;35,77;35,64;2,3;34,4;15749,0;16981,0;14257,0;38,15;27,83;98,7229;90,33;61,89;60,7;2,61;-3,78;840,5;-0,79;217;18,4332;71974,03;80;4,269477427138231
2015T2;49;Zamora;183885,0;16,62;35,77;35,64;2,3;34,4;15749,0;16981,0;14257,0;39,11;22,99;100,6977;93,72;63,4;61,8;2,51;-3,32;856,5;-0,79;215;10,6977;93584,8;59;4,350752428725634
2015T3;49;Zamora;183885,0;16,62;35,77;35,64;2,3;34,4;15749,0;16981,0;14257,0;41,28;17,33;99,8377;90,26;62,95;62,3;2,45;-3,36;854,0;-0,79;208;9,1346;75036,81;52;4,338053209727602
2015T4;49;Zamora;183885,0;16,62;35,77;35,64;2,3;34,4;15749,0;16981,0;14257,0;41,54;19,56;100,7418;92,91;62,98;63,2;2,43;-3,27;876,1;-0,79;181;8,8398;74903,7;40;4,450314305670202
2016T1;49;Zamora;181057,0;16,07;35,92;36,15;2,3;34,9;15836,0;17108,0;14323,0;39,89;21,09;98,2418;88,55;62,96;63,9;2,33;-3,32;900,6;0,29;207;5,7971;77695,95;42;4,549633745895428
2016T2;49;Zamora;181057,0;16,07;35,92;36,15;2,3;34,9;15836,0;17108,0;14323,0;40,65;19,69;99,8047;92,68;63,75;63,8;2,32;-3,6;915,1;0,29;233;6,867;84637,31;47;4,622884566809801
2016T3;49;Zamora;181057,0;16,07;35,92;36,15;2,3;34,9;15836,0;17108,0;14323,0;42,55;18,1;99,5346;89,74;63,7;63,8;2,37;-3,16;878,3;0,29;250;14,4;82127,66;53;4,436979035109876
2016T4;49;Zamora;181057,0;16,07;35,92;36,15;2,3;34,9;15836,0;17108,0;14323,0;44,17;16,67;101,5149;93,2;63,47;64,2;2,27;-3,1;902,1;0,29;201;8,9552;70910,45;60;4,557211417024501
2017T1;49;Zamora;178243,0;15,6;36,06;36,57;2,3;35,2;16225,000000000002;17506,0;14705,0;42,82;18,15;100,8903;90,09;64,28;64,8;2,24;-2,96;873,0;0,2;281;4,6263;81206,52;59;4,304468412942989
2017T2;49;Zamora;178243,0;15,6;36,06;36,57;2,3;35,2;16225,000000000002;17506,0;14705,0;44,26;16,05;101,6634;93,77;64,47;65,0;2,17;-2,83;863,9;0,2;210;6,6667;76496,64;69;4,25959938366718
2017T3;49;Zamora;178243,0;15,6;36,06;36,57;2,3;35,2;16225,000000000002;17506,0;14705,0;44,9;14,11;100,806;91,13;64,37;64,9;2,22;-2,84;884,2;0,2;260;6,1538;79024,24;51;4,359691833590138
2017T4;49;Zamora;178243,0;15,6;36,06;36,57;2,3;35,2;16225,000000000002;17506,0;14705,0;44,07;16,7;102,6026;94,8;64,92;65,6;2,15;-2,79;863,6;0,2;267;5,2434;80343,75;41;4,258120184899846
2018T1;49;Zamora;175662,0;15,11;35,93;37,25;2,2;36,0;16735,0;18081,0;15159,0;39,55;21,04;101,4382;91,97;65,68;65,5;2,23;-2,6;857,9;1,5;269;4,0892;71814,57;59;4,10110546758291
2018T2;49;Zamora;175662,0;15,11;35,93;37,25;2,2;36,0;16735,0;18081,0;15159,0;42,1;17,27;103,2923;95,37;66,9;64,9;2,2;-2,19;851,6;1,5;300;6,0;72726,26;49;4,070988945324171
2018T3;49;Zamora;175662,0;15,11;35,93;37,25;2,2;36,0;16735,0;18081,0;15159,0;43,71;15,6;103,2276;92,55;68,04;65,9;2,17;-1,81;857,3;1,5;237;5,9072;76482,56;49;4,098237227367792
2018T4;49;Zamora;175662,0;15,11;35,93;37,25;2,2;36,0;16735,0;18081,0;15159,0;42,97;14,57;104,4579;96,51;67,99;66,5;2,26;-1,57;847,6;1,5;233;6,4378;80618,71;50;4,051867343890051
2019T1;49;Zamora;173318,0;14,81;35,76;37,82;2,2;36,4;17383,0;18806,0;15749,0;41,77;14,87;102,7769;92,79;68,93;64,6;2,37;-1,25;864,8;2,44;271;4,797;76242,24;97;3,979980440660416
2019T2;49;Zamora;173318,0;14,81;35,76;37,82;2,2;36,4;17383,0;18806,0;15749,0;43,38;14,01;104,5714;96,07;70,47;65,5;2,35;-1,14;832,2;2,44;275;8,0;83994,51;71;3,829948800552264
2019T3;49;Zamora;173318,0;14,81;35,76;37,82;2,2;36,4;17383,0;18806,0;15749,0;44,09;12,38;103,6138;93,19;70,81;64,7;2,15;-1,19;825,9;2,44;230;3,913;75694,92;72;3,800954955991486
2019T4;49;Zamora;173318,0;14,81;35,76;37,82;2,2;36,4;17383,0;18806,0;15749,0;42,61;14,94;104,9468;96,93;71,39;63,0;1,99;-1,08;834,7;2,44;214;6,0748;84616,67;33;3,841454294425588
2020T1;49;Zamora;171301,0;14,49;35,63;38,34;2,2;36,9;17675,0;19002,0;16161,999999999998;42,84;14,24;103,4207;92,62;70,95;63,8;2,03;-1,14;828,9;0,54;261;6,1303;76024,54;42;3,751739745403112
2020T2;49;Zamora;171301,0;14,49;35,63;38,34;2,2;36,9;17675,0;19002,0;16161,999999999998;39,97;13,46;103,809;93,31;72,55;64,2;1,91;-1,64;854,3;0,54;119;5,8824;83416,67;43;3,866704384724186
2020T3;49;Zamora;171301,0;14,49;35,63;38,34;2,2;36,9;17675,0;19002,0;16161,999999999998;44,16;13,57;103,0735;92,71;72,38;63,6;1,94;-1,62;823,5;0,54;248;4,8387;87921,26;44;3,727298444130127
2020T4;49;Zamora;171301,0;14,49;35,63;38,34;2,2;36,9;17675,0;19002,0;16161,999999999998;44,99;11,47;104,3899;97,76;72,33;65,2;1,8;-1,19;845,4;0,54;271;5,5351;78979,87;47;3,8264214992927865
2021T1;49;Zamora;169165,0;14,38;35,74;38,44;2,2;37,5;18270,0;19668,0;16688,0;42,31;13,18;104,2323;94,96;72,36;64,7;1,72;-0,8;833,6;2,3705;271;6,6421;90836,26;65;3,6501368363437328
2021T2;49;Zamora;169165,0;14,38;35,74;38,44;2,2;37,5;18270,0;19668,0;16688,0;44,32;11,74;106,6407;100,28;74,44;64,9;1,62;0,07;803,0;2,3705;341;7,0381;79453,2;96;3,516146688560481
2021T3;49;Zamora;169165,0;14,38;35,74;38,44;2,2;37,5;18270,0;19668,0;16688,0;45,31;10,79;107,0251;99,76;75,44;65,2;1,59;0,74;791,6;2,3705;355;11,2676;84462,37;134;3,466228790366721
2021T4;49;Zamora;169165,0;14,38;35,74;38,44;2,2;37,5;18270,0;19668,0;16688,0;45,86;9,25;110,9096;105,01;76,22;65,4;1,54;0,76;815,8;2,3705;307;5,5375;92716,67;120;3,572194854953476
2022T1;49;Zamora;167868,0;14,27;35,31;39,18;2,1;38,1;19254,0;20798,0;17558,0;44,16;13,3;113,3693;105,46;77,6;65,2;1,6;0,72;798,9;8,0956;366;9,5628;88925,29;232;3,319414147709567
2022T2;49;Zamora;167868,0;14,27;35,31;39,18;2,1;38,1;19254,0;20798,0;17558,0;43,62;12,19;117,6197;114,52;79,21;65,2;1,74;0,98;786,3;8,0956;318;7,5472;87151,35;127;3,267061389841072
2022T3;49;Zamora;167868,0;14,27;35,31;39,18;2,1;38,1;19254,0;20798,0;17558,0;44,2;10,36;119,166;110,54;80,39;64,6;2,14;0,87;789,1;8,0956;442;24,4344;88931,58;87;3,2786953360340707
2022T4;49;Zamora;167868,0;14,27;35,31;39,18;2,1;38,1;19254,0;20798,0;17558,0;43,13;13,69;119,5294;115,01;79,32;63,9;2,87;0,3;795,7;8,0956;376;15,6915;106711,23;62;3,3061182092032824
2023T1;49;Zamora;166927,0;14,03;35,27;39,47;2,1;38,6;20227,0;21791,0;18516,0;41,84;14,33;120,4288;112,83;79,54;63,0;3,59;-0,75;805,4;8,3809;396;10,8586;108993,94;133;3,1854451970138924
2023T2;49;Zamora;166927,0;14,03;35,27;39,47;2,1;38,6;20227,0;21791,0;18516,0;43,65;11,73;122,3051;116,6;81,46;62,7;3,89;-2,01;812,8;8,3809;420;7,8571;88376,54;98;3,214713007366392
2023T3;49;Zamora;166927,0;14,03;35,27;39,47;2,1;38,6;20227,0;21791,0;18516,0;45,77;12,91;123,1916;112,78;82,36;62,2;4,06;-3,14;826,4;8,3809;326;12,5767;82790,42;73;3,2685024966628764
2023T4;49;Zamora;166927,0;14,03;35,27;39,47;2,1;38,6;20227,0;21791,0;18516,0;44,21;15,58;123,4455;117,61;82,08;61,4;4,03;-3,14;804,4;8,3809;342;12,2807;84080,0;83;3,181490087506798
2024T1;49;Zamora;166253,0;14,03;35,27;39,47;2,1;38,6;20975,0;22561,0;19253,0;43,91;15,35;124,3689;113,32;84,24;61,5;3,69;-2,61;814,4;7,669;355;16,6197;93803,8;65;3,1061740166865315
2024T2;49;Zamora;166253,0;14,03;35,27;39,47;2,1;38,6;20975,0;22561,0;19253,0;46,66;10,36;126,2601;117,41;87,06;63,0;3,55;-1,79;841,2;7,669;351;12,8205;85860,0;62;3,2083909415971394
2024T3;49;Zamora;166253,0;14,03;35,27;39,47;2,1;38,6;20975,0;22561,0;19253,0;47,62;13,95;125,2935;114,16;88,94;63,3;3,45;-0,62;813,7;7,669;419;10,5012;89300,93;80;3,1035041716328964
2024T4;49;Zamora;166253,0;14,03;35,27;39,47;2,1;38,6;20975,0;22561,0;19253,0;47,35;11,86;126,1677;118,19;90,75;64,1;3,17;0,21;836,4;7,669;459;6,3181;86153,47;192;3,190083432657926
2015T1;50;Zaragoza;965052,0;18,61;40,63;23,61;2,5;28,5;19672,0;22260,0;16572,0;47,79;18,78;99,0235;90,33;57,28;60,7;2,61;-3,78;1252,2;-3,18;1812;21,5232;97548,32;557;5,092313948759658
2015T2;50;Zaragoza;965052,0;18,61;40,63;23,61;2,5;28,5;19672,0;22260,0;16572,0;49,07;17,13;100,8038;93,72;58,79;61,8;2,51;-3,32;1270,5;-3,18;1762;15,9478;97542,58;403;5,166734444896299
2015T3;50;Zaragoza;965052,0;18,61;40,63;23,61;2,5;28,5;19672,0;22260,0;16572,0;50,15;15,18;99,7671;90,26;58,23;62,3;2,45;-3,36;1260,8;-3,18;1810;20,9392;94482,86;417;5,127287515250102
2015T4;50;Zaragoza;965052,0;18,61;40,63;23,61;2,5;28,5;19672,0;22260,0;16572,0;49,91;15,33;100,4056;92,91;58,01;63,2;2,43;-3,27;1248,6;-3,18;1542;15,1102;101760,15;481;5,077673851159008
2016T1;50;Zaragoza;960170,0;17,94;40,82;24,03;2,5;28,9;19729,0;22346,0;16610,0;50,4;15,67;98,4581;88,55;58,39;63,9;2,33;-3,32;1252,2;0,83;1893;16,1648;102663,43;219;5,077601500329465
2016T2;50;Zaragoza;960170,0;17,94;40,82;24,03;2,5;28,9;19729,0;22346,0;16610,0;50,77;15,86;99,7384;92,68;59,57;63,8;2,32;-3,6;1261,1;0,83;2058;14,4801;98590,24;1030;5,113690506361194
2016T3;50;Zaragoza;960170,0;17,94;40,82;24,03;2,5;28,9;19729,0;22346,0;16610,0;50,22;16,17;99,5378;89,74;59,39;63,8;2,37;-3,16;1237,8;0,83;1922;22,5806;98642,6;334;5,019210299559025
2016T4;50;Zaragoza;960170,0;17,94;40,82;24,03;2,5;28,9;19729,0;22346,0;16610,0;51,52;13,95;101,3379;93,2;59,37;64,2;2,27;-3,1;1265,5;0,83;1779;20,6296;97951,56;491;5,131532262152162
2017T1;50;Zaragoza;959338,0;17,49;40,83;24,44;2,5;29,0;20071,0;22818,0;16847,0;51,47;13,63;100,9326;90,09;60,57;64,8;2,24;-2,96;1227,5;0,08;2254;16,4596;97476,49;602;4,8926311593841865
2017T2;50;Zaragoza;959338,0;17,49;40,83;24,44;2,5;29,0;20071,0;22818,0;16847,0;52,99;11,39;101,5204;93,77;60,55;65,0;2,17;-2,83;1213,8;0,08;2215;12,6411;101234,6;644;4,838025011210204
2017T3;50;Zaragoza;959338,0;17,49;40,83;24,44;2,5;29,0;20071,0;22818,0;16847,0;51,63;11,52;100,903;91,13;61,09;64,9;2,22;-2,84;1238,4;0,08;2204;19,7368;112906,57;402;4,936076926909472
2017T4;50;Zaragoza;959338,0;17,49;40,83;24,44;2,5;29,0;20071,0;22818,0;16847,0;51,85;12,14;102,5794;94,8;61,23;65,6;2,15;-2,79;1260,9;0,08;2207;16,1758;98728,02;817;5,0257585571222165
2018T1;50;Zaragoza;958391,0;17,2;40,74;24,84;2,5;29,3;20572,0;23366,0;17328,0;51,67;12,15;101,7817;91,97;62,44;65,5;2,23;-2,6;1239,5;8,82;2436;17,1593;109693,05;762;4,820143884892087
2018T2;50;Zaragoza;958391,0;17,2;40,74;24,84;2,5;29,3;20572,0;23366,0;17328,0;53,2;10,12;103,3496;95,37;63,27;64,9;2,2;-2,19;1267,1;8,82;2650;16,2264;96398,12;408;4,927474236826755
2018T3;50;Zaragoza;958391,0;17,2;40,74;24,84;2,5;29,3;20572,0;23366,0;17328,0;52,77;10,44;103,1993;92,55;64,43;65,9;2,17;-1,81;1254,6;8,82;2487;17,3703;97449,22;615;4,878864475986778
2018T4;50;Zaragoza;958391,0;17,2;40,74;24,84;2,5;29,3;20572,0;23366,0;17328,0;52,85;11,61;104,2419;96,51;65,02;66,5;2,26;-1,57;1301,6;8,82;2186;17,6578;107084,6;755;5,061637176745091
2019T1;50;Zaragoza;965673,0;17,3;40,57;25,02;2,5;29,2;21338,0;24083,0;18149,0;52,97;10,65;102,9045;92,79;66,44;64,6;2,37;-1,25;1295,1;10,23;2408;20,598;103477,87;418;4,855562845627519
2019T2;50;Zaragoza;965673,0;17,3;40,57;25,02;2,5;29,2;21338,0;24083,0;18149,0;53,54;10,06;104,3276;96,07;67,5;65,5;2,35;-1,14;1322,8;10,23;2447;15,5292;103126,19;517;4,959415127940763
2019T3;50;Zaragoza;965673,0;17,3;40,57;25,02;2,5;29,2;21338,0;24083,0;18149,0;53,87;10,31;103,6427;93,19;68,14;64,7;2,15;-1,19;1324,7;10,23;2303;19,4963;114208,04;547;4,966538569687881
2019T4;50;Zaragoza;965673,0;17,3;40,57;25,02;2,5;29,2;21338,0;24083,0;18149,0;53,34;10,13;104,6954;96,93;68,59;63,0;1,99;-1,08;1314,4;10,23;2288;23,4266;105519,9;579;4,927922017058768
2020T1;50;Zaragoza;973740,0;17,38;40,44;25,2;2,5;29,5;21392,0;23975,0;18375,0;52,57;11,06;103,426;92,62;68,86;63,8;2,03;-1,14;1307,2;5,24;2409;24,4085;109454,33;588;4,888556469708302
2020T2;50;Zaragoza;973740,0;17,38;40,44;25,2;2,5;29,5;21392,0;23975,0;18375,0;50,69;12,03;103,3914;93,31;69,54;64,2;1,91;-1,64;1266,2;5,24;1367;23,4089;113590,72;352;4,735228122662678
2020T3;50;Zaragoza;973740,0;17,38;40,44;25,2;2,5;29,5;21392,0;23975,0;18375,0;51,2;12,24;103,1013;92,71;69,85;63,6;1,94;-1,62;1288,6;5,24;2097;20,3624;127516,75;203;4,818997756170531
2020T4;50;Zaragoza;973740,0;17,38;40,44;25,2;2,5;29,5;21392,0;23975,0;18375,0;51,38;12,92;104,0375;97,76;69,34;65,2;1,8;-1,19;1294,2;5,24;2383;23,4578;129886,55;1043;4,839940164547494
2021T1;50;Zaragoza;973684,0;17,39;40,53;25,24;2,4;30,0;22288,0;24936,0;19218,0;50,51;13,35;104,173;94,96;70,16;64,7;1,72;-0,8;1266,1;-1,3752;2478;17,837;112337,96;533;4,544508255563532
2021T2;50;Zaragoza;973684,0;17,39;40,53;25,24;2,4;30,0;22288,0;24936,0;19218,0;51,15;12,14;106,4283;100,28;71,26;64,9;1,62;0,07;1283,6;-1,3752;3110;17,8778;115258,56;591;4,607322325915291
2021T3;50;Zaragoza;973684,0;17,39;40,53;25,24;2,4;30,0;22288,0;24936,0;19218,0;52,97;9,57;106,8371;99,76;72,96;65,2;1,59;0,74;1301,1;-1,3752;2742;17,8702;111177,44;745;4,67013639626705
2021T4;50;Zaragoza;973684,0;17,39;40,53;25,24;2,4;30,0;22288,0;24936,0;19218,0;53,27;9,88;110,5277;105,01;73,73;65,4;1,54;0,76;1339,5;-1,3752;2452;18,4747;134421,37;399;4,807968413496051
2022T1;50;Zaragoza;968884,0;17,28;40,33;25,67;2,4;30,2;23346,0;26135,0;20160,0;52,73;11,06;112,8767;105,46;75,56;65,2;1,6;0,72;1362,3;14,7706;2997;19,7865;116826,3;549;4,668208686712927
2022T2;50;Zaragoza;968884,0;17,28;40,33;25,67;2,4;30,2;23346,0;26135,0;20160,0;54,23;8,78;116,602;114,52;76,63;65,2;1,74;0,98;1385,1;14,7706;3116;17,5225;126374,61;604;4,746337702390131
2022T3;50;Zaragoza;968884,0;17,28;40,33;25,67;2,4;30,2;23346,0;26135,0;20160,0;53,17;9,53;117,9397;110,54;77,47;64,6;2,14;0,87;1378,0;14,7706;3313;21,0081;119164,06;592;4,722008052771352
2022T4;50;Zaragoza;968884,0;17,28;40,33;25,67;2,4;30,2;23346,0;26135,0;20160,0;53,56;9,67;117,8421;115,01;76,89;63,9;2,87;0,3;1407,9;14,7706;2482;20,8703;136468,79;671;4,824466718067335
2023T1;50;Zaragoza;979365,0;17,65;40,18;25,64;2,4;30,5;24533,0;27434,0;21245,0;53,79;9,43;118,1926;112,83;77,97;63,0;3,59;-0,75;1393,0;10,468;2805;17,3619;121401,64;366;4,5424530224595445
2023T2;50;Zaragoza;979365,0;17,65;40,18;25,64;2,4;30,5;24533,0;27434,0;21245,0;54,02;8,94;119,3163;116,6;79,25;62,7;3,89;-2,01;1399,1;10,468;2849;23,4117;103013,95;1139;4,56234459707333
2023T3;50;Zaragoza;979365,0;17,65;40,18;25,64;2,4;30,5;24533,0;27434,0;21245,0;53,55;8,34;120,5831;112,78;81,13;62,2;4,06;-3,14;1452,7;10,468;2449;16,6599;126190,68;635;4,737129580564953
2023T4;50;Zaragoza;979365,0;17,65;40,18;25,64;2,4;30,5;24533,0;27434,0;21245,0;55,19;7,28;120,7511;117,61;80,19;61,4;4,03;-3,14;1456,3;10,468;2504;21,7252;116234,63;516;4,748868870500958
2024T1;50;Zaragoza;987763,0;17,65;40,18;25,64;2,4;30,5;25448,0;28380,0;22150,0;54,21;7,73;121,7358;113,32;83,44;61,5;3,69;-2,61;1468,7;12,5516;2624;21,0366;127829,08;929;4,617101540396102
2024T2;50;Zaragoza;987763,0;17,65;40,18;25,64;2,4;30,5;25448,0;28380,0;22150,0;54,29;7,78;123,5714;117,41;87,06;63,0;3,55;-1,79;1519,8;12,5516;2796;18,598;114350,49;723;4,777742848160956
2024T3;50;Zaragoza;987763,0;17,65;40,18;25,64;2,4;30,5;25448,0;28380,0;22150,0;52,79;9,47;123,3675;114,16;89,49;63,3;3,45;-0,62;1542,0;12,5516;2971;16,4591;122656,83;846;4,847532222571519
2024T4;50;Zaragoza;987763,0;17,65;40,18;25,64;2,4;30,5;25448,0;28380,0;22150,0;54,17;7,2;124,06;118,19;90,89;64,1;3,17;0,21;1588,7;12,5516;3179;21,4218;123335,8;621;4,994341402074819
2015T1;51;Ceuta;84561,0;23,83;39,17;12,09;3,2;23,3;21989,0;24621,0;17993,0;38,94;31,76;99,0428;90,33;47,54;60,7;2,61;-3,78;1703,5;1,35;119;27,7311;127678,16;36;6,197644276683796
2015T2;51;Ceuta;84561,0;23,83;39,17;12,09;3,2;23,3;21989,0;24621,0;17993,0;42,23;24,59;100,8742;93,72;50,28;61,8;2,51;-3,32;1727,5;1,35;102;24,5098;124531,65;41;6,284960662149256
2015T3;51;Ceuta;84561,0;23,83;39,17;12,09;3,2;23,3;21989,0;24621,0;17993,0;41,87;30,59;99,5345;90,26;50,56;62,3;2,45;-3,36;1731,8;1,35;40;35,0;119823,53;35;6,300604847878485
2015T4;51;Ceuta;84561,0;23,83;39,17;12,09;3,2;23,3;21989,0;24621,0;17993,0;42,9;23,25;100,5486;92,91;50,27;63,2;2,43;-3,27;1719,7;1,35;93;16,129;122590,91;35;6,256582836872982
2016T1;51;Ceuta;84558,0;23,18;39,52;12,38;3,2;23,2;21810,0;24461,0;17902,0;43,37;26,21;98,4881;88,55;51,13;63,9;2,33;-3,32;1686,4;2,58;99;21,2121;115460,53;46;6,18578633654287
2016T2;51;Ceuta;84558,0;23,18;39,52;12,38;3,2;23,2;21810,0;24461,0;17902,0;43,43;26,28;100,2056;92,68;52,39;63,8;2,32;-3,6;1742,8;2,58;141;14,8936;121709,4;42;6,39266391563503
2016T3;51;Ceuta;84558,0;23,18;39,52;12,38;3,2;23,2;21810,0;24461,0;17902,0;42,76;24,64;99,4707;89,74;52,55;63,8;2,37;-3,16;1715,0;2,58;73;19,1781;110027,03;40;6,290692342961944
2016T4;51;Ceuta;84558,0;23,18;39,52;12,38;3,2;23,2;21810,0;24461,0;17902,0;42,91;22,39;101,2047;93,2;52,82;64,2;2,27;-3,1;1741,7;2,58;51;27,451;188191,18;33;6,388629069234296
2017T1;51;Ceuta;85005,0;22,85;39,7;12,54;3,1;24,5;21866,0;24663,0;17892,0;44,17;23,3;100,7176;90,09;54,52;64,8;2,24;-2,96;1755,7;2,25;112;17,8571;137810,81;44;6,423488520991493
2017T2;51;Ceuta;85005,0;22,85;39,7;12,54;3,1;24,5;21866,0;24663,0;17892,0;44,01;17,79;102,0254;93,77;55,35;65,0;2,17;-2,83;1818,7;2,25;130;37,6923;134443,48;45;6,653983353151011
2017T3;51;Ceuta;85005,0;22,85;39,7;12,54;3,1;24,5;21866,0;24663,0;17892,0;42,76;22,36;100,7424;91,13;56,08;64,9;2,22;-2,84;1763,3;2,25;97;30,9278;112716,22;37;6,4512942467758165
2017T4;51;Ceuta;85005,0;22,85;39,7;12,54;3,1;24,5;21866,0;24663,0;17892,0;42,12;26,03;102,1488;94,8;57,03;65,6;2,15;-2,79;1754,9;2,25;99;19,1919;122986,49;42;6,420561602487881
2018T1;51;Ceuta;85327,0;22,74;39,76;12,77;3,1;24,4;22287,0;24972,0;18445,0;40,49;31,44;100,8373;91,97;58,51;65,5;2,23;-2,6;1790,5;-1,28;104;9,6154;109179,78;42;6,427065105218289
2018T2;51;Ceuta;85327,0;22,74;39,76;12,77;3,1;24,4;22287,0;24972,0;18445,0;43,5;29,46;102,7375;95,37;60,09;64,9;2,2;-2,19;1728,9;-1,28;147;40,1361;129405,94;44;6,205949656750572
2018T3;51;Ceuta;85327,0;22,74;39,76;12,77;3,1;24,4;22287,0;24972,0;18445,0;40,87;30,79;102,1248;92,55;61,06;65,9;2,17;-1,81;1710,6;-1,28;79;22,7848;120138,46;59;6,140261138780455
2018T4;51;Ceuta;85327,0;22,74;39,76;12,77;3,1;24,4;22287,0;24972,0;18445,0;42,09;24,02;103,1538;96,51;62,23;66,5;2,26;-1,57;1687,5;-1,28;94;19,1489;113987,5;46;6,057342845605061
2019T1;51;Ceuta;85087,0;22,6;39,9;13,07;3,1;24,8;23246,0;25639,0;19734,0;44,55;22,31;101,7872;92,79;63,85;64,6;2,37;-1,25;1728,7;1,76;512;83,7891;122473,68;54;5,949238578680203
2019T2;51;Ceuta;85087,0;22,6;39,9;13,07;3,1;24,8;23246,0;25639,0;19734,0;43,36;24,61;103,3791;96,07;64,86;65,5;2,35;-1,14;1731,4;1,76;126;26,9841;142754,55;51;5,958530499870945
2019T3;51;Ceuta;85087,0;22,6;39,9;13,07;3,1;24,8;23246,0;25639,0;19734,0;41,77;28,76;101,7532;93,19;66,37;64,7;2,15;-1,19;1786,1;1,76;103;10,6796;120729,41;41;6,146777940290803
2019T4;51;Ceuta;85087,0;22,6;39,9;13,07;3,1;24,8;23246,0;25639,0;19734,0;42,59;27,58;103,2288;96,93;65,48;63,0;1,99;-1,08;1732,4;1,76;93;13,9785;123827,59;52;5,961971952163813
2020T1;51;Ceuta;84502,0;22,44;39,99;13,47;3,1;24,9;23439,0;26037,0;19805,0;44,61;23,89;101,6583;92,62;66,96;63,8;2,03;-1,14;1745,6;4,26;93;16,129;133988,37;42;5,957933358931695
2020T2;51;Ceuta;84502,0;22,44;39,99;13,47;3,1;24,9;23439,0;26037,0;19805,0;43,86;20,3;102,6252;93,31;67,15;64,2;1,91;-1,64;1749,9;4,26;68;11,7647;168425,2;37;5,97260975297581
2020T3;51;Ceuta;84502,0;22,44;39,99;13,47;3,1;24,9;23439,0;26037,0;19805,0;40,66;27,14;101,4889;92,71;69,27;63,6;1,94;-1,62;1806,0;4,26;89;40,4494;133037,04;46;6,164085498528094
2020T4;51;Ceuta;84502,0;22,44;39,99;13,47;3,1;24,9;23439,0;26037,0;19805,0;41,07;26,74;102,6608;97,76;68,68;65,2;1,8;-1,19;1781,7;4,26;73;24,6575;132071,43;38;6,0811468066043775
2021T1;51;Ceuta;84071,0;22,28;40,18;13,78;3,0;25,5;23545,0;25981,0;20198,0;37,23;30,54;102,4338;94,96;68,66;64,7;1,72;-0,8;1786,0;1,4868;72;12,5;127592,59;41;6,068379698449777
2021T2;51;Ceuta;84071,0;22,28;40,18;13,78;3,0;25,5;23545,0;25981,0;20198,0;40,66;28,1;104,667;100,28;69,05;64,9;1,62;0,07;1796,6;1,4868;99;20,202;121459,46;57;6,104395837757486
2021T3;51;Ceuta;84071,0;22,28;40,18;13,78;3,0;25,5;23545,0;25981,0;20198,0;37,31;33,59;104,3961;99,76;71,62;65,2;1,59;0,74;1797,7;1,4868;12;25,0;185444,44;68;6,1081333616479085
2021T4;51;Ceuta;84071,0;22,28;40,18;13,78;3,0;25,5;23545,0;25981,0;20198,0;38,46;31,17;107,7403;105,01;72,83;65,4;1,54;0,76;1749,2;1,4868;125;39,2;147674,16;58;5,943342535570185
2022T1;51;Ceuta;83051,0;22,57;40,18;14,06;3,0;25,8;23841,0;26049,0;20699,0;41,24;32,82;109,283;105,46;74,84;65,2;1,6;0,72;1813,9;5,0451;131;25,1908;125195,65;57;6,086657438865819
2022T2;51;Ceuta;83051,0;22,57;40,18;14,06;3,0;25,8;23841,0;26049,0;20699,0;45,54;23,65;113,1997;114,52;75,61;65,2;1,74;0,98;1850,7;5,0451;153;19,6078;125890,0;53;6,210142192022147
2022T3;51;Ceuta;83051,0;22,57;40,18;14,06;3,0;25,8;23841,0;26049,0;20699,0;43,06;29,6;114,1169;110,54;77,28;64,6;2,14;0,87;1849,5;5,0451;91;6,5934;149494,85;47;6,206115515288788
2022T4;51;Ceuta;83051,0;22,57;40,18;14,06;3,0;25,8;23841,0;26049,0;20699,0;41,45;33,34;114,9292;115,01;78,66;63,9;2,87;0,3;1852,9;5,0451;123;14,6341;143942,15;45;6,217524432699971
2023T1;51;Ceuta;83052,0;22,9;40,26;14,32;3,0;26,0;24812,0;26833,0;21943,0;44,69;27,34;115,7664;112,83;78,99;63,0;3,59;-0,75;1822,8;4,431;110;14,5455;137024,79;75;5,877156214734805
2023T2;51;Ceuta;83052,0;22,9;40,26;14,32;3,0;26,0;24812,0;26833,0;21943,0;43,48;29,42;117,3675;116,6;80,28;62,7;3,89;-2,01;1862,5;4,431;115;4,3478;128628,32;46;6,005158794131872
2023T3;51;Ceuta;83052,0;22,9;40,26;14,32;3,0;26,0;24812,0;26833,0;21943,0;44,91;30,5;118,964;112,78;81,75;62,2;4,06;-3,14;1862,9;4,431;105;15,2381;130816,09;36;6,006448492664839
2023T4;51;Ceuta;83052,0;22,9;40,26;14,32;3,0;26,0;24812,0;26833,0;21943,0;40,33;32,66;119,1562;117,61;82,26;61,4;4,03;-3,14;1825,2;4,431;123;21,9512;122000,0;42;5,884894405932613
2024T1;51;Ceuta;83179,0;22,9;40,26;14,32;3,0;26,0;26041,0;27994,0;23285,0;42,28;28,99;119,3998;113,32;84,48;61,5;3,69;-2,61;1896,9;5,0013;133;7,5188;132034,78;55;5,827425982105142
2024T2;51;Ceuta;83179,0;22,9;40,26;14,32;3,0;26,0;26041,0;27994,0;23285,0;43,68;29,55;121,2838;117,41;87,89;63,0;3,55;-1,79;1950,3;5,0013;117;13,6752;155972,48;63;5,991474981759533
2024T3;51;Ceuta;83179,0;22,9;40,26;14,32;3,0;26,0;26041,0;27994,0;23285,0;43,55;29,3;120,3948;114,16;88,71;63,3;3,45;-0,62;1957,2;5,0013;130;10,7692;124126,76;47;6,012672324411505
2024T4;51;Ceuta;83179,0;22,9;40,26;14,32;3,0;26,0;26041,0;27994,0;23285,0;45,93;21,79;121,0439;118,19;91,66;64,1;3,17;0,21;1975,6;5,0013;197;13,198;132767,54;51;6,06919857148343
2015T1;52;Melilla;85009,0;24,41;37,02;10,88;3,2;18,6;21002,0;23134,0;17853,0;37,54;35,4;98,9927;90,33;48,78;60,7;2,61;-3,78;1505,1;0,17;134;20,1493;126719,01;36;5,733168269688601
2015T2;52;Melilla;85009,0;24,41;37,02;10,88;3,2;18,6;21002,0;23134,0;17853,0;36,58;36,35;100,636;93,72;51,29;61,8;2,51;-3,32;1434,4;0,17;100;11,0;158976,3;41;5,463860584706218
2015T3;52;Melilla;85009,0;24,41;37,02;10,88;3,2;18,6;21002,0;23134,0;17853,0;39,57;31,4;99,6197;90,26;51,96;62,3;2,45;-3,36;1467,9;0,17;128;15,625;135373,83;35;5,591467479287687
2015T4;52;Melilla;85009,0;24,41;37,02;10,88;3,2;18,6;21002,0;23134,0;17853,0;37,57;32,64;100,7516;92,91;52,18;63,2;2,43;-3,27;1463,0;0,17;109;15,5963;130606,74;35;5,572802590229502
2016T1;52;Melilla;85457,0;23,96;37,29;10,98;3,2;18,6;20994,0;22901,0;18146,0;39,35;30,67;98,3309;88,55;52,96;63,9;2,33;-3,32;1489,3;-0,2;102;1,9608;129651,69;46;5,675145279603696
2016T2;52;Melilla;85457,0;23,96;37,29;10,98;3,2;18,6;20994,0;22901,0;18146,0;38,29;33,84;100,2386;92,68;54,31;63,8;2,32;-3,6;1468,1;-0,2;135;5,9259;133669,12;42;5,594360293417167
2016T3;52;Melilla;85457,0;23,96;37,29;10,98;3,2;18,6;20994,0;22901,0;18146,0;41,07;31,22;99,462;89,74;53,98;63,8;2,37;-3,16;1493,5;-0,2;127;7,874;116244,19;40;5,691149852338763
2016T4;52;Melilla;85457,0;23,96;37,29;10,98;3,2;18,6;20994,0;22901,0;18146,0;43,46;27,38;101,6463;93,2;53,87;64,2;2,27;-3,1;1504,8;-0,2;126;3,1746;99938,78;33;5,734209774221206
2017T1;52;Melilla;85918,0;23,56;37,56;11,14;3,2;19,0;20956,0;22914,0;18080,0;40,86;29,46;101,0028;90,09;55,5;64,8;2,24;-2,96;1551,6;1,66;110;3,6364;126315,22;45;5,92326779919832
2017T2;52;Melilla;85918,0;23,56;37,56;11,14;3,2;19,0;20956,0;22914,0;18080,0;42,04;30,22;102,3434;93,77;56,41;65,0;2,17;-2,83;1572,5;1,66;142;4,2254;119026,09;46;6,003054017942356
2017T3;52;Melilla;85918,0;23,56;37,56;11,14;3,2;19,0;20956,0;22914,0;18080,0;44,32;26,16;101,4155;91,13;56,51;64,9;2,22;-2,84;1563,1;1,66;126;3,9683;131183,91;37;5,967169307119679
2017T4;52;Melilla;85918,0;23,56;37,56;11,14;3,2;19,0;20956,0;22914,0;18080,0;45,77;24,62;103,3771;94,8;58,01;65,6;2,15;-2,79;1520,7;1,66;119;0,8403;124566,04;42;5,805306356174842
2018T1;52;Melilla;86084,0;23,23;37,7;11,34;3,2;19,2;20972,0;22797,0;18338,0;44,32;27,24;101,8478;91,97;58,99;65,5;2,23;-2,6;1556,5;4,03;153;3,268;129951,39;43;5,937440396719436
2018T2;52;Melilla;86084,0;23,23;37,7;11,34;3,2;19,2;20972,0;22797,0;18338,0;46,01;27,96;103,7401;95,37;60,93;64,9;2,2;-2,19;1613,2;4,03;169;4,7337;135422,22;44;6,153728781232119
2018T3;52;Melilla;86084,0;23,23;37,7;11,34;3,2;19,2;20972,0;22797,0;18338,0;48,98;24,01;102,7697;92,55;61,76;65,9;2,17;-1,81;1604,9;4,03;139;8,6331;131964,29;60;6,122067518596223
2018T4;52;Melilla;86084,0;23,23;37,7;11,34;3,2;19,2;20972,0;22797,0;18338,0;47,23;23,85;103,7159;96,51;62,38;66,5;2,26;-1,57;1653,9;4,03;120;7,5;115020,0;46;6,308983406446691
2019T1;52;Melilla;86373,0;23,3;37,9;11,53;3,2;19,2;21666,0;23381,0;19177,0;46,91;25,92;101,4857;92,79;63,98;64,6;2,37;-1,25;1687,7;8,63;120;14,1667;123800,0;54;6,231699436905751
2019T2;52;Melilla;86373,0;23,3;37,9;11,53;3,2;19,2;21666,0;23381,0;19177,0;45,79;26,21;103,1723;96,07;63,38;65,5;2,35;-1,14;1641,9;8,63;129;10,0775;129101,85;52;6,062586541124342
2019T3;52;Melilla;86373,0;23,3;37,9;11,53;3,2;19,2;21666,0;23381,0;19177,0;41,48;28,99;102,3999;93,19;65,07;64,7;2,15;-1,19;1613,3;8,63;146;9,589;122009,9;41;5,956983291793594
2019T4;52;Melilla;86373,0;23,3;37,9;11,53;3,2;19,2;21666,0;23381,0;19177,0;42,51;26,81;103,6989;96,93;64,44;63,0;1,99;-1,08;1667,7;8,63;116;9,4828;103612,5;53;6,157851010800332
2020T1;52;Melilla;86558,0;23,24;38,0;11,82;3,3;19,5;22042,0;23575,0;19844,0;44,83;23,09;101,8831;92,62;65,74;63,8;2,03;-1,14;1624,2;3,5;148;8,1081;135473,21;43;5,8949278649850285
2020T2;52;Melilla;86558,0;23,24;38,0;11,82;3,3;19,5;22042,0;23575,0;19844,0;46,86;23,37;103,1735;93,31;66,52;64,2;1,91;-1,64;1647,6;3,5;79;12,6582;123455,7;38;5,979856637328736
2020T3;52;Melilla;86558,0;23,24;38,0;11,82;3,3;19,5;22042,0;23575,0;19844,0;48,55;24,14;102,3451;92,71;68,24;63,6;1,94;-1,62;1684,5;3,5;114;15,7895;149591,55;47;6,113782778332275
2020T4;52;Melilla;86558,0;23,24;38,0;11,82;3,3;19,5;22042,0;23575,0;19844,0;49,93;23,83;103,7074;97,76;67,93;65,2;1,8;-1,19;1657,4;3,5;152;28,2895;133044,25;39;6,015425097541058
2021T1;52;Melilla;86450,0;23,2;38,26;12,07;3,3;20,3;22311,0;23750,0;20301,0;45,37;27,81;103,8744;94,96;68,9;64,7;1,72;-0,8;1647,5;-9,011;179;24,581;124207,41;43;5,907399937250683
2021T2;52;Melilla;86450,0;23,2;38,26;12,07;3,3;20,3;22311,0;23750,0;20301,0;45,44;24,24;106,5535;100,28;70,97;64,9;1,62;0,07;1689,0;-9,011;177;18,0791;128187,92;59;6,056205459190534
2021T3;52;Melilla;86450,0;23,2;38,26;12,07;3,3;20,3;22311,0;23750,0;20301,0;45,56;22,82;106,5038;99,76;72,78;65,2;1,59;0,74;1699,1;-9,011;192;19,2708;151092,86;70;6,092420778987943
2021T4;52;Melilla;86450,0;23,2;38,26;12,07;3,3;20,3;22311,0;23750,0;20301,0;45,47;26,51;110,1647;105,01;72,79;65,4;1,54;0,76;1670,1;-9,011;166;15,6627;133084,51;59;5,9884361973914215
2022T1;52;Melilla;84932,0;23,63;38,17;12,51;3,2;20,3;22354,0;23662,0;20492,0;44,57;25,41;112,097;105,46;75,44;65,2;1,6;0,72;1737,7;9,3958;200;21,0;143339,39;58;6,218842265366377
2022T2;52;Melilla;84932,0;23,63;38,17;12,51;3,2;20,3;22354,0;23662,0;20492,0;43,49;29,21;116,353;114,52;77,17;65,2;1,74;0,98;1772,2;9,3958;116;12,931;126825,0;55;6,342310101100474
2022T3;52;Melilla;84932,0;23,63;38,17;12,51;3,2;20,3;22354,0;23662,0;20492,0;44,61;22,84;117,045;110,54;78,1;64,6;2,14;0,87;1765,4;9,3958;199;15,0754;158139,39;48;6,317974411738391
2022T4;52;Melilla;84932,0;23,63;38,17;12,51;3,2;20,3;22354,0;23662,0;20492,0;40,78;26,15;118,1574;115,01;78,63;63,9;2,87;0,3;1814,7;9,3958;153;17,6471;133054,55;46;6,494408159613492
2023T1;52;Melilla;85493,0;23,69;38,22;12,97;3,2;20,7;23275,0;24501,0;21516,0;37,84;30,8;119,2735;112,83;80,14;63,0;3,59;-0,75;1797,9;6,714;133;20,3008;131456,9;77;6,179677765843179
2023T2;52;Melilla;85493,0;23,69;38,22;12,97;3,2;20,7;23275,0;24501,0;21516,0;42,51;22,55;121,6989;116,6;81,91;62,7;3,89;-2,01;1814,8;6,714;148;22,973;140922,33;47;6,237765843179377
2023T3;52;Melilla;85493,0;23,69;38,22;12,97;3,2;20,7;23275,0;24501,0;21516,0;43,19;23,61;122,475;112,78;82,69;62,2;4,06;-3,14;1886,7;6,714;110;15,4545;130853,93;37;6,484897959183673
2023T4;52;Melilla;85493,0;23,69;38,22;12,97;3,2;20,7;23275,0;24501,0;21516,0;39,65;29,57;122,7462;117,61;81,14;61,4;4,03;-3,14;1846,7;6,714;108;13,8889;140146,67;43;6,347411385606875
2024T1;52;Melilla;85985,0;23,69;38,22;12,97;3,2;20,7;24572,0;25782,0;22824,0;40,24;32,44;122,6225;113,32;83,91;61,5;3,69;-2,61;1914,0;16,9797;116;16,3793;150602,15;57;6,231482988767703
2024T2;52;Melilla;85985,0;23,69;38,22;12,97;3,2;20,7;24572,0;25782,0;22824,0;40,72;27,93;125,166;117,41;87,79;63,0;3,55;-1,79;1916,1;16,9797;164;21,3415;140285,71;65;6,238320039068859
2024T3;52;Melilla;85985,0;23,69;38,22;12,97;3,2;20,7;24572,0;25782,0;22824,0;44,78;27,09;124,0277;114,16;89,24;63,3;3,45;-0,62;1867,9;16,9797;134;11,9403;137494,38;49;6,081393455966141
2024T4;52;Melilla;85985,0;23,69;38,22;12,97;3,2;20,7;24572,0;25782,0;22824,0;43,02;25,8;125,2459;118,19;91,04;64,1;3,17;0,21;1915,1;16,9797;145;13,7931;143095,24;52;6,235064300830214
