codigo_provincia,provincia,anio,variable,valor
02,Albacete,2015,alquiler_mensual_eur_m2_mediana_vivienda_colectiva,4.52741942941693
02,Albacete,2015,alquiler_mensual_eur_m2_mediana_vivienda_unifamiliar,2.7027027027027
02,Albacete,2015,alquiler_mensual_eur_m2_p25_vivienda_colectiva,3.1496062992126
02,Albacete,2015,alquiler_mensual_eur_m2_p25_vivienda_unifamiliar,1.6304347826087
02,Albacete,2015,alquiler_mensual_eur_m2_p75_vivienda_colectiva,6.68816021126761
02,Albacete,2015,alquiler_mensual_eur_m2_p75_vivienda_unifamiliar,4.55342902711324
02,Albacete,2015,alquiler_mensual_total_eur_mediana_vivienda_colectiva,400.0
02,Albacete,2015,alquiler_mensual_total_eur_mediana_vivienda_unifamiliar,340.45
02,Albacete,2015,alquiler_mensual_total_eur_p25_vivienda_colectiva,300.0
02,Albacete,2015,alquiler_mensual_total_eur_p25_vivienda_unifamiliar,210.0
02,Albacete,2015,alquiler_mensual_total_eur_p75_vivienda_colectiva,600.0
02,Albacete,2015,alquiler_mensual_total_eur_p75_vivienda_unifamiliar,580.0
02,Albacete,2015,observaciones_alquiler_vivienda_colectiva,6835.0
02,Albacete,2015,observaciones_alquiler_vivienda_unifamiliar,814.0
02,Albacete,2015,superficie_m2_mediana_vivienda_colectiva,99.0
02,Albacete,2015,superficie_m2_mediana_vivienda_unifamiliar,213.0
02,Albacete,2015,superficie_m2_p25_vivienda_colectiva,80.0
02,Albacete,2015,superficie_m2_p25_vivienda_unifamiliar,147.0
02,Albacete,2015,superficie_m2_p75_vivienda_colectiva,118.0
02,Albacete,2015,superficie_m2_p75_vivienda_unifamiliar,274.5
02,Albacete,2016,alquiler_mensual_eur_m2_mediana_vivienda_colectiva,4.7605210561974
02,Albacete,2016,alquiler_mensual_eur_m2_mediana_vivienda_unifamiliar,2.85714285714286
02,Albacete,2016,alquiler_mensual_eur_m2_p25_vivienda_colectiva,3.33333333333333
02,Albacete,2016,alquiler_mensual_eur_m2_p25_vivienda_unifamiliar,1.74716392512762
02,Albacete,2016,alquiler_mensual_eur_m2_p75_vivienda_colectiva,7.0694009056078
02,Albacete,2016,alquiler_mensual_eur_m2_p75_vivienda_unifamiliar,4.65116279069768
02,Albacete,2016,alquiler_mensual_total_eur_mediana_vivienda_colectiva,430.0
02,Albacete,2016,alquiler_mensual_total_eur_mediana_vivienda_unifamiliar,350.0
02,Albacete,2016,alquiler_mensual_total_eur_p25_vivienda_colectiva,314.8125
02,Albacete,2016,alquiler_mensual_total_eur_p25_vivienda_unifamiliar,225.0
02,Albacete,2016,alquiler_mensual_total_eur_p75_vivienda_colectiva,650.0
02,Albacete,2016,alquiler_mensual_total_eur_p75_vivienda_unifamiliar,600.0
02,Albacete,2016,observaciones_alquiler_vivienda_colectiva,7439.0
02,Albacete,2016,observaciones_alquiler_vivienda_unifamiliar,897.0
02,Albacete,2016,superficie_m2_mediana_vivienda_colectiva,98.0
02,Albacete,2016,superficie_m2_mediana_vivienda_unifamiliar,202.5
02,Albacete,2016,superficie_m2_p25_vivienda_colectiva,80.0
02,Albacete,2016,superficie_m2_p25_vivienda_unifamiliar,142.0
02,Albacete,2016,superficie_m2_p75_vivienda_colectiva,117.0
02,Albacete,2016,superficie_m2_p75_vivienda_unifamiliar,269.0
02,Albacete,2017,alquiler_mensual_eur_m2_mediana_vivienda_colectiva,4.81927710843374
02,Albacete,2017,alquiler_mensual_eur_m2_mediana_vivienda_unifamiliar,2.82577353887102
02,Albacete,2017,alquiler_mensual_eur_m2_p25_vivienda_colectiva,3.45675300647549
02,Albacete,2017,alquiler_mensual_eur_m2_p25_vivienda_unifamiliar,1.84648164335664
02,Albacete,2017,alquiler_mensual_eur_m2_p75_vivienda_colectiva,7.24258781824041
02,Albacete,2017,alquiler_mensual_eur_m2_p75_vivienda_unifamiliar,4.90346445326597
02,Albacete,2017,alquiler_mensual_total_eur_mediana_vivienda_colectiva,440.0
02,Albacete,2017,alquiler_mensual_total_eur_mediana_vivienda_unifamiliar,360.555555555556
02,Albacete,2017,alquiler_mensual_total_eur_p25_vivienda_colectiva,323.5
02,Albacete,2017,alquiler_mensual_total_eur_p25_vivienda_unifamiliar,250.0
02,Albacete,2017,alquiler_mensual_total_eur_p75_vivienda_colectiva,650.0
02,Albacete,2017,alquiler_mensual_total_eur_p75_vivienda_unifamiliar,600.0
02,Albacete,2017,observaciones_alquiler_vivienda_colectiva,8037.0
02,Albacete,2017,observaciones_alquiler_vivienda_unifamiliar,983.0
02,Albacete,2017,superficie_m2_mediana_vivienda_colectiva,97.0
02,Albacete,2017,superficie_m2_mediana_vivienda_unifamiliar,205.0
02,Albacete,2017,superficie_m2_p25_vivienda_colectiva,78.0
02,Albacete,2017,superficie_m2_p25_vivienda_unifamiliar,143.0
02,Albacete,2017,superficie_m2_p75_vivienda_colectiva,117.0
02,Albacete,2017,superficie_m2_p75_vivienda_unifamiliar,272.0
02,Albacete,2018,alquiler_mensual_eur_m2_mediana_vivienda_colectiva,4.94623655913979
02,Albacete,2018,alquiler_mensual_eur_m2_mediana_vivienda_unifamiliar,2.8735632183908
02,Albacete,2018,alquiler_mensual_eur_m2_p25_vivienda_colectiva,3.57142857142857
02,Albacete,2018,alquiler_mensual_eur_m2_p25_vivienda_unifamiliar,1.91780821917808
02,Albacete,2018,alquiler_mensual_eur_m2_p75_vivienda_colectiva,7.5
02,Albacete,2018,alquiler_mensual_eur_m2_p75_vivienda_unifamiliar,5.07246376811594
02,Albacete,2018,alquiler_mensual_total_eur_mediana_vivienda_colectiva,450.0
02,Albacete,2018,alquiler_mensual_total_eur_mediana_vivienda_unifamiliar,375.0
02,Albacete,2018,alquiler_mensual_total_eur_p25_vivienda_colectiva,331.666666666667
02,Albacete,2018,alquiler_mensual_total_eur_p25_vivienda_unifamiliar,250.0
02,Albacete,2018,alquiler_mensual_total_eur_p75_vivienda_colectiva,700.0
02,Albacete,2018,alquiler_mensual_total_eur_p75_vivienda_unifamiliar,600.0
02,Albacete,2018,observaciones_alquiler_vivienda_colectiva,8748.0
02,Albacete,2018,observaciones_alquiler_vivienda_unifamiliar,1084.0
02,Albacete,2018,superficie_m2_mediana_vivienda_colectiva,97.0
02,Albacete,2018,superficie_m2_mediana_vivienda_unifamiliar,200.0
02,Albacete,2018,superficie_m2_p25_vivienda_colectiva,78.0
02,Albacete,2018,superficie_m2_p25_vivienda_unifamiliar,141.0
02,Albacete,2018,superficie_m2_p75_vivienda_colectiva,116.0
02,Albacete,2018,superficie_m2_p75_vivienda_unifamiliar,268.0
03,Alicante,2015,alquiler_mensual_eur_m2_mediana_vivienda_colectiva,4.89130434782609
03,Alicante,2015,alquiler_mensual_eur_m2_mediana_vivienda_unifamiliar,4.76190476190476
03,Alicante,2015,alquiler_mensual_eur_m2_p25_vivienda_colectiva,3.30459770114943
03,Alicante,2015,alquiler_mensual_eur_m2_p25_vivienda_unifamiliar,2.80373831775701
03,Alicante,2015,alquiler_mensual_eur_m2_p75_vivienda_colectiva,7.40740740740741
03,Alicante,2015,alquiler_mensual_eur_m2_p75_vivienda_unifamiliar,7.37010796221323
03,Alicante,2015,alquiler_mensual_total_eur_mediana_vivienda_colectiva,400.0
03,Alicante,2015,alquiler_mensual_total_eur_mediana_vivienda_unifamiliar,500.0
03,Alicante,2015,alquiler_mensual_total_eur_p25_vivienda_colectiva,300.0
03,Alicante,2015,alquiler_mensual_total_eur_p25_vivienda_unifamiliar,300.0
03,Alicante,2015,alquiler_mensual_total_eur_p75_vivienda_colectiva,600.0
03,Alicante,2015,alquiler_mensual_total_eur_p75_vivienda_unifamiliar,800.0
03,Alicante,2015,observaciones_alquiler_vivienda_colectiva,31848.0
03,Alicante,2015,observaciones_alquiler_vivienda_unifamiliar,5830.0
03,Alicante,2015,superficie_m2_mediana_vivienda_colectiva,91.0
03,Alicante,2015,superficie_m2_mediana_vivienda_unifamiliar,133.0
03,Alicante,2015,superficie_m2_p25_vivienda_colectiva,71.0
03,Alicante,2015,superficie_m2_p25_vivienda_unifamiliar,88.0
03,Alicante,2015,superficie_m2_p75_vivienda_colectiva,110.0
03,Alicante,2015,superficie_m2_p75_vivienda_unifamiliar,208.0
03,Alicante,2016,alquiler_mensual_eur_m2_mediana_vivienda_colectiva,5.12820512820513
03,Alicante,2016,alquiler_mensual_eur_m2_mediana_vivienda_unifamiliar,5.0
03,Alicante,2016,alquiler_mensual_eur_m2_p25_vivienda_colectiva,3.47826086956522
03,Alicante,2016,alquiler_mensual_eur_m2_p25_vivienda_unifamiliar,3.03030303030303
03,Alicante,2016,alquiler_mensual_eur_m2_p75_vivienda_colectiva,7.77852222222222
03,Alicante,2016,alquiler_mensual_eur_m2_p75_vivienda_unifamiliar,8.05856406673072
03,Alicante,2016,alquiler_mensual_total_eur_mediana_vivienda_colectiva,420.0
03,Alicante,2016,alquiler_mensual_total_eur_mediana_vivienda_unifamiliar,500.0
03,Alicante,2016,alquiler_mensual_total_eur_p25_vivienda_colectiva,300.0
03,Alicante,2016,alquiler_mensual_total_eur_p25_vivienda_unifamiliar,330.5475
03,Alicante,2016,alquiler_mensual_total_eur_p75_vivienda_colectiva,650.0
03,Alicante,2016,alquiler_mensual_total_eur_p75_vivienda_unifamiliar,825.0
03,Alicante,2016,observaciones_alquiler_vivienda_colectiva,36267.0
03,Alicante,2016,observaciones_alquiler_vivienda_unifamiliar,6520.0
03,Alicante,2016,superficie_m2_mediana_vivienda_colectiva,90.0
03,Alicante,2016,superficie_m2_mediana_vivienda_unifamiliar,131.0
03,Alicante,2016,superficie_m2_p25_vivienda_colectiva,71.0
03,Alicante,2016,superficie_m2_p25_vivienda_unifamiliar,88.0
03,Alicante,2016,superficie_m2_p75_vivienda_colectiva,110.0
03,Alicante,2016,superficie_m2_p75_vivienda_unifamiliar,206.0
03,Alicante,2017,alquiler_mensual_eur_m2_mediana_vivienda_colectiva,5.27777777777778
03,Alicante,2017,alquiler_mensual_eur_m2_mediana_vivienda_unifamiliar,5.15463917525773
03,Alicante,2017,alquiler_mensual_eur_m2_p25_vivienda_colectiva,3.60576923076923
03,Alicante,2017,alquiler_mensual_eur_m2_p25_vivienda_unifamiliar,3.09888255150739
03,Alicante,2017,alquiler_mensual_eur_m2_p75_vivienda_colectiva,7.94376251414643
03,Alicante,2017,alquiler_mensual_eur_m2_p75_vivienda_unifamiliar,8.01503094606543
03,Alicante,2017,alquiler_mensual_total_eur_mediana_vivienda_colectiva,430.0
03,Alicante,2017,alquiler_mensual_total_eur_mediana_vivienda_unifamiliar,500.0
03,Alicante,2017,alquiler_mensual_total_eur_p25_vivienda_colectiva,320.0
03,Alicante,2017,alquiler_mensual_total_eur_p25_vivienda_unifamiliar,346.458333333333
03,Alicante,2017,alquiler_mensual_total_eur_p75_vivienda_colectiva,665.0
03,Alicante,2017,alquiler_mensual_total_eur_p75_vivienda_unifamiliar,840.57
03,Alicante,2017,observaciones_alquiler_vivienda_colectiva,39816.0
03,Alicante,2017,observaciones_alquiler_vivienda_unifamiliar,7138.0
03,Alicante,2017,superficie_m2_mediana_vivienda_colectiva,90.0
03,Alicante,2017,superficie_m2_mediana_vivienda_unifamiliar,131.0
03,Alicante,2017,superficie_m2_p25_vivienda_colectiva,70.0
03,Alicante,2017,superficie_m2_p25_vivienda_unifamiliar,87.0
03,Alicante,2017,superficie_m2_p75_vivienda_colectiva,110.0
03,Alicante,2017,superficie_m2_p75_vivienda_unifamiliar,206.0
03,Alicante,2018,alquiler_mensual_eur_m2_mediana_vivienda_colectiva,5.46666666666667
03,Alicante,2018,alquiler_mensual_eur_m2_mediana_vivienda_unifamiliar,5.37634408602151
03,Alicante,2018,alquiler_mensual_eur_m2_p25_vivienda_colectiva,3.73831775700935
03,Alicante,2018,alquiler_mensual_eur_m2_p25_vivienda_unifamiliar,3.22704714640198
03,Alicante,2018,alquiler_mensual_eur_m2_p75_vivienda_colectiva,8.24742268041237
03,Alicante,2018,alquiler_mensual_eur_m2_p75_vivienda_unifamiliar,8.47457627118644
03,Alicante,2018,alquiler_mensual_total_eur_mediana_vivienda_colectiva,450.0
03,Alicante,2018,alquiler_mensual_total_eur_mediana_vivienda_unifamiliar,534.01647781737
03,Alicante,2018,alquiler_mensual_total_eur_p25_vivienda_colectiva,333.333333333333
03,Alicante,2018,alquiler_mensual_total_eur_p25_vivienda_unifamiliar,350.0
03,Alicante,2018,alquiler_mensual_total_eur_p75_vivienda_colectiva,700.0
03,Alicante,2018,alquiler_mensual_total_eur_p75_vivienda_unifamiliar,900.0
03,Alicante,2018,observaciones_alquiler_vivienda_colectiva,42970.0
03,Alicante,2018,observaciones_alquiler_vivienda_unifamiliar,7717.0
03,Alicante,2018,superficie_m2_mediana_vivienda_colectiva,90.0
03,Alicante,2018,superficie_m2_mediana_vivienda_unifamiliar,129.0
03,Alicante,2018,superficie_m2_p25_vivienda_colectiva,70.0
03,Alicante,2018,superficie_m2_p25_vivienda_unifamiliar,87.0
03,Alicante,2018,superficie_m2_p75_vivienda_colectiva,110.0
03,Alicante,2018,superficie_m2_p75_vivienda_unifamiliar,204.0
04,Almería,2015,alquiler_mensual_eur_m2_mediana_vivienda_colectiva,4.76190476190476
04,Almería,2015,alquiler_mensual_eur_m2_mediana_vivienda_unifamiliar,3.6734693877551
04,Almería,2015,alquiler_mensual_eur_m2_p25_vivienda_colectiva,3.39717171717172
04,Almería,2015,alquiler_mensual_eur_m2_p25_vivienda_unifamiliar,2.41796440489433
04,Almería,2015,alquiler_mensual_eur_m2_p75_vivienda_colectiva,7.11864406779661
04,Almería,2015,alquiler_mensual_eur_m2_p75_vivienda_unifamiliar,5.69362894616441
04,Almería,2015,alquiler_mensual_total_eur_mediana_vivienda_colectiva,380.0
04,Almería,2015,alquiler_mensual_total_eur_mediana_vivienda_unifamiliar,400.0
04,Almería,2015,alquiler_mensual_total_eur_p25_vivienda_colectiva,291.666666666667
04,Almería,2015,alquiler_mensual_total_eur_p25_vivienda_unifamiliar,300.0
04,Almería,2015,alquiler_mensual_total_eur_p75_vivienda_colectiva,600.0
04,Almería,2015,alquiler_mensual_total_eur_p75_vivienda_unifamiliar,600.0
04,Almería,2015,observaciones_alquiler_vivienda_colectiva,8584.0
04,Almería,2015,observaciones_alquiler_vivienda_unifamiliar,1735.0
04,Almería,2015,superficie_m2_mediana_vivienda_colectiva,87.0
04,Almería,2015,superficie_m2_mediana_vivienda_unifamiliar,140.0
04,Almería,2015,superficie_m2_p25_vivienda_colectiva,71.0
04,Almería,2015,superficie_m2_p25_vivienda_unifamiliar,104.0
04,Almería,2015,superficie_m2_p75_vivienda_colectiva,104.0
04,Almería,2015,superficie_m2_p75_vivienda_unifamiliar,197.0
04,Almería,2016,alquiler_mensual_eur_m2_mediana_vivienda_colectiva,5.0
04,Almería,2016,alquiler_mensual_eur_m2_mediana_vivienda_unifamiliar,3.91216690042076
04,Almería,2016,alquiler_mensual_eur_m2_p25_vivienda_colectiva,3.59619081951454
04,Almería,2016,alquiler_mensual_eur_m2_p25_vivienda_unifamiliar,2.57935721208917
04,Almería,2016,alquiler_mensual_eur_m2_p75_vivienda_colectiva,7.64755342136855
04,Almería,2016,alquiler_mensual_eur_m2_p75_vivienda_unifamiliar,6.30630630630631
04,Almería,2016,alquiler_mensual_total_eur_mediana_vivienda_colectiva,400.0
04,Almería,2016,alquiler_mensual_total_eur_mediana_vivienda_unifamiliar,400.001666666667
04,Almería,2016,alquiler_mensual_total_eur_p25_vivienda_colectiva,300.0
04,Almería,2016,alquiler_mensual_total_eur_p25_vivienda_unifamiliar,300.0
04,Almería,2016,alquiler_mensual_total_eur_p75_vivienda_colectiva,600.0
04,Almería,2016,alquiler_mensual_total_eur_p75_vivienda_unifamiliar,680.0
04,Almería,2016,observaciones_alquiler_vivienda_colectiva,9798.0
04,Almería,2016,observaciones_alquiler_vivienda_unifamiliar,2013.0
04,Almería,2016,superficie_m2_mediana_vivienda_colectiva,86.0
04,Almería,2016,superficie_m2_mediana_vivienda_unifamiliar,140.0
04,Almería,2016,superficie_m2_p25_vivienda_colectiva,70.0
04,Almería,2016,superficie_m2_p25_vivienda_unifamiliar,105.0
04,Almería,2016,superficie_m2_p75_vivienda_colectiva,103.0
04,Almería,2016,superficie_m2_p75_vivienda_unifamiliar,198.0
04,Almería,2017,alquiler_mensual_eur_m2_mediana_vivienda_colectiva,5.06329113924051
04,Almería,2017,alquiler_mensual_eur_m2_mediana_vivienda_unifamiliar,3.81154156577885
04,Almería,2017,alquiler_mensual_eur_m2_p25_vivienda_colectiva,3.67836701112248
04,Almería,2017,alquiler_mensual_eur_m2_p25_vivienda_unifamiliar,2.56176305446378
04,Almería,2017,alquiler_mensual_eur_m2_p75_vivienda_colectiva,7.75193798449612
04,Almería,2017,alquiler_mensual_eur_m2_p75_vivienda_unifamiliar,6.12692445399212
04,Almería,2017,alquiler_mensual_total_eur_mediana_vivienda_colectiva,400.0
04,Almería,2017,alquiler_mensual_total_eur_mediana_vivienda_unifamiliar,400.0
04,Almería,2017,alquiler_mensual_total_eur_p25_vivienda_colectiva,300.0
04,Almería,2017,alquiler_mensual_total_eur_p25_vivienda_unifamiliar,300.0
04,Almería,2017,alquiler_mensual_total_eur_p75_vivienda_colectiva,600.0
04,Almería,2017,alquiler_mensual_total_eur_p75_vivienda_unifamiliar,650.0
04,Almería,2017,observaciones_alquiler_vivienda_colectiva,10894.0
04,Almería,2017,observaciones_alquiler_vivienda_unifamiliar,2195.0
04,Almería,2017,superficie_m2_mediana_vivienda_colectiva,85.0
04,Almería,2017,superficie_m2_mediana_vivienda_unifamiliar,141.0
04,Almería,2017,superficie_m2_p25_vivienda_colectiva,70.0
04,Almería,2017,superficie_m2_p25_vivienda_unifamiliar,104.0
04,Almería,2017,superficie_m2_p75_vivienda_colectiva,103.0
04,Almería,2017,superficie_m2_p75_vivienda_unifamiliar,199.0
04,Almería,2018,alquiler_mensual_eur_m2_mediana_vivienda_colectiva,5.20833333333333
04,Almería,2018,alquiler_mensual_eur_m2_mediana_vivienda_unifamiliar,3.90625
04,Almería,2018,alquiler_mensual_eur_m2_p25_vivienda_colectiva,3.8135593220339
04,Almería,2018,alquiler_mensual_eur_m2_p25_vivienda_unifamiliar,2.5974025974026
04,Almería,2018,alquiler_mensual_eur_m2_p75_vivienda_colectiva,8.0
04,Almería,2018,alquiler_mensual_eur_m2_p75_vivienda_unifamiliar,6.14837398373984
04,Almería,2018,alquiler_mensual_total_eur_mediana_vivienda_colectiva,400.0
04,Almería,2018,alquiler_mensual_total_eur_mediana_vivienda_unifamiliar,411.666666666667
04,Almería,2018,alquiler_mensual_total_eur_p25_vivienda_colectiva,300.0
04,Almería,2018,alquiler_mensual_total_eur_p25_vivienda_unifamiliar,300.0
04,Almería,2018,alquiler_mensual_total_eur_p75_vivienda_colectiva,640.0
04,Almería,2018,alquiler_mensual_total_eur_p75_vivienda_unifamiliar,699.520876112252
04,Almería,2018,observaciones_alquiler_vivienda_colectiva,11718.0
04,Almería,2018,observaciones_alquiler_vivienda_unifamiliar,2400.0
04,Almería,2018,superficie_m2_mediana_vivienda_colectiva,85.0
04,Almería,2018,superficie_m2_mediana_vivienda_unifamiliar,139.0
04,Almería,2018,superficie_m2_p25_vivienda_colectiva,70.0
04,Almería,2018,superficie_m2_p25_vivienda_unifamiliar,103.0
04,Almería,2018,superficie_m2_p75_vivienda_colectiva,102.0
04,Almería,2018,superficie_m2_p75_vivienda_unifamiliar,196.0
05,Ávila,2015,alquiler_mensual_eur_m2_mediana_vivienda_colectiva,4.28571428571429
05,Ávila,2015,alquiler_mensual_eur_m2_mediana_vivienda_unifamiliar,3.1090268695857
05,Ávila,2015,alquiler_mensual_eur_m2_p25_vivienda_colectiva,3.03738317757009
05,Ávila,2015,alquiler_mensual_eur_m2_p25_vivienda_unifamiliar,1.92307692307692
05,Ávila,2015,alquiler_mensual_eur_m2_p75_vivienda_colectiva,6.81818181818182
05,Ávila,2015,alquiler_mensual_eur_m2_p75_vivienda_unifamiliar,4.936830402264
05,Ávila,2015,alquiler_mensual_total_eur_mediana_vivienda_colectiva,350.0
05,Ávila,2015,alquiler_mensual_total_eur_mediana_vivienda_unifamiliar,347.916666666667
05,Ávila,2015,alquiler_mensual_total_eur_p25_vivienda_colectiva,250.0
05,Ávila,2015,alquiler_mensual_total_eur_p25_vivienda_unifamiliar,215.416666666667
05,Ávila,2015,alquiler_mensual_total_eur_p75_vivienda_colectiva,550.0
05,Ávila,2015,alquiler_mensual_total_eur_p75_vivienda_unifamiliar,569.041666666667
05,Ávila,2015,observaciones_alquiler_vivienda_colectiva,2808.0
05,Ávila,2015,observaciones_alquiler_vivienda_unifamiliar,685.0
05,Ávila,2015,superficie_m2_mediana_vivienda_colectiva,87.0
05,Ávila,2015,superficie_m2_mediana_vivienda_unifamiliar,157.0
05,Ávila,2015,superficie_m2_p25_vivienda_colectiva,70.0
05,Ávila,2015,superficie_m2_p25_vivienda_unifamiliar,113.25
05,Ávila,2015,superficie_m2_p75_vivienda_colectiva,102.0
05,Ávila,2015,superficie_m2_p75_vivienda_unifamiliar,207.0
05,Ávila,2016,alquiler_mensual_eur_m2_mediana_vivienda_colectiva,4.6
05,Ávila,2016,alquiler_mensual_eur_m2_mediana_vivienda_unifamiliar,3.40909090909091
05,Ávila,2016,alquiler_mensual_eur_m2_p25_vivienda_colectiva,3.23076923076923
05,Ávila,2016,alquiler_mensual_eur_m2_p25_vivienda_unifamiliar,2.03951367781155
05,Ávila,2016,alquiler_mensual_eur_m2_p75_vivienda_colectiva,7.2289156626506
05,Ávila,2016,alquiler_mensual_eur_m2_p75_vivienda_unifamiliar,5.15630196208846
05,Ávila,2016,alquiler_mensual_total_eur_mediana_vivienda_colectiva,360.0
05,Ávila,2016,alquiler_mensual_total_eur_mediana_vivienda_unifamiliar,370.0
05,Ávila,2016,alquiler_mensual_total_eur_p25_vivienda_colectiva,260.0
05,Ávila,2016,alquiler_mensual_total_eur_p25_vivienda_unifamiliar,247.581666666667
05,Ávila,2016,alquiler_mensual_total_eur_p75_vivienda_colectiva,600.0
05,Ávila,2016,alquiler_mensual_total_eur_p75_vivienda_unifamiliar,600.0
05,Ávila,2016,observaciones_alquiler_vivienda_colectiva,2996.0
05,Ávila,2016,observaciones_alquiler_vivienda_unifamiliar,783.0
05,Ávila,2016,superficie_m2_mediana_vivienda_colectiva,87.0
05,Ávila,2016,superficie_m2_mediana_vivienda_unifamiliar,160.0
05,Ávila,2016,superficie_m2_p25_vivienda_colectiva,70.0
05,Ávila,2016,superficie_m2_p25_vivienda_unifamiliar,113.75
05,Ávila,2016,superficie_m2_p75_vivienda_colectiva,102.0
05,Ávila,2016,superficie_m2_p75_vivienda_unifamiliar,216.5
05,Ávila,2017,alquiler_mensual_eur_m2_mediana_vivienda_colectiva,4.54545454545455
05,Ávila,2017,alquiler_mensual_eur_m2_mediana_vivienda_unifamiliar,3.34936487481591
05,Ávila,2017,alquiler_mensual_eur_m2_p25_vivienda_colectiva,3.2967032967033
05,Ávila,2017,alquiler_mensual_eur_m2_p25_vivienda_unifamiliar,2.17391304347826
05,Ávila,2017,alquiler_mensual_eur_m2_p75_vivienda_colectiva,7.14285714285714
05,Ávila,2017,alquiler_mensual_eur_m2_p75_vivienda_unifamiliar,5.4032604032604
05,Ávila,2017,alquiler_mensual_total_eur_mediana_vivienda_colectiva,362.5
05,Ávila,2017,alquiler_mensual_total_eur_mediana_vivienda_unifamiliar,360.0
05,Ávila,2017,alquiler_mensual_total_eur_p25_vivienda_colectiva,266.666666666667
05,Ávila,2017,alquiler_mensual_total_eur_p25_vivienda_unifamiliar,250.0
05,Ávila,2017,alquiler_mensual_total_eur_p75_vivienda_colectiva,600.0
05,Ávila,2017,alquiler_mensual_total_eur_p75_vivienda_unifamiliar,600.0
05,Ávila,2017,observaciones_alquiler_vivienda_colectiva,3274.0
05,Ávila,2017,observaciones_alquiler_vivienda_unifamiliar,821.0
05,Ávila,2017,superficie_m2_mediana_vivienda_colectiva,86.0
05,Ávila,2017,superficie_m2_mediana_vivienda_unifamiliar,156.5
05,Ávila,2017,superficie_m2_p25_vivienda_colectiva,70.0
05,Ávila,2017,superficie_m2_p25_vivienda_unifamiliar,112.0
05,Ávila,2017,superficie_m2_p75_vivienda_colectiva,102.0
05,Ávila,2017,superficie_m2_p75_vivienda_unifamiliar,213.0
05,Ávila,2018,alquiler_mensual_eur_m2_mediana_vivienda_colectiva,4.75278083363892
05,Ávila,2018,alquiler_mensual_eur_m2_mediana_vivienda_unifamiliar,3.57142857142857
05,Ávila,2018,alquiler_mensual_eur_m2_p25_vivienda_colectiva,3.40652656346087
05,Ávila,2018,alquiler_mensual_eur_m2_p25_vivienda_unifamiliar,2.30790491984522
05,Ávila,2018,alquiler_mensual_eur_m2_p75_vivienda_colectiva,7.36842105263158
05,Ávila,2018,alquiler_mensual_eur_m2_p75_vivienda_unifamiliar,5.68114685289262
05,Ávila,2018,alquiler_mensual_total_eur_mediana_vivienda_colectiva,380.0
05,Ávila,2018,alquiler_mensual_total_eur_mediana_vivienda_unifamiliar,390.0
05,Ávila,2018,alquiler_mensual_total_eur_p25_vivienda_colectiva,280.0
05,Ávila,2018,alquiler_mensual_total_eur_p25_vivienda_unifamiliar,250.0
05,Ávila,2018,alquiler_mensual_total_eur_p75_vivienda_colectiva,600.0
05,Ávila,2018,alquiler_mensual_total_eur_p75_vivienda_unifamiliar,623.333333333333
05,Ávila,2018,observaciones_alquiler_vivienda_colectiva,3571.0
05,Ávila,2018,observaciones_alquiler_vivienda_unifamiliar,874.0
05,Ávila,2018,superficie_m2_mediana_vivienda_colectiva,87.0
05,Ávila,2018,superficie_m2_mediana_vivienda_unifamiliar,158.0
05,Ávila,2018,superficie_m2_p25_vivienda_colectiva,71.0
05,Ávila,2018,superficie_m2_p25_vivienda_unifamiliar,113.0
05,Ávila,2018,superficie_m2_p75_vivienda_colectiva,102.0
05,Ávila,2018,superficie_m2_p75_vivienda_unifamiliar,214.0
06,Badajoz,2015,alquiler_mensual_eur_m2_mediana_vivienda_colectiva,4.50533333333333
06,Badajoz,2015,alquiler_mensual_eur_m2_mediana_vivienda_unifamiliar,2.77544351073763
06,Badajoz,2015,alquiler_mensual_eur_m2_p25_vivienda_colectiva,3.19148936170213
06,Badajoz,2015,alquiler_mensual_eur_m2_p25_vivienda_unifamiliar,1.7156862745098
06,Badajoz,2015,alquiler_mensual_eur_m2_p75_vivienda_colectiva,6.73076923076923
06,Badajoz,2015,alquiler_mensual_eur_m2_p75_vivienda_unifamiliar,4.51322290031967
06,Badajoz,2015,alquiler_mensual_total_eur_mediana_vivienda_colectiva,380.0
06,Badajoz,2015,alquiler_mensual_total_eur_mediana_vivienda_unifamiliar,327.606666666667
06,Badajoz,2015,alquiler_mensual_total_eur_p25_vivienda_colectiva,291.666666666667
06,Badajoz,2015,alquiler_mensual_total_eur_p25_vivienda_unifamiliar,215.0
06,Badajoz,2015,alquiler_mensual_total_eur_p75_vivienda_colectiva,600.0
06,Badajoz,2015,alquiler_mensual_total_eur_p75_vivienda_unifamiliar,540.0
06,Badajoz,2015,observaciones_alquiler_vivienda_colectiva,7076.0
06,Badajoz,2015,observaciones_alquiler_vivienda_unifamiliar,1573.0
06,Badajoz,2015,superficie_m2_mediana_vivienda_colectiva,92.0
06,Badajoz,2015,superficie_m2_mediana_vivienda_unifamiliar,174.0
06,Badajoz,2015,superficie_m2_p25_vivienda_colectiva,76.0
06,Badajoz,2015,superficie_m2_p25_vivienda_unifamiliar,125.0
06,Badajoz,2015,superficie_m2_p75_vivienda_colectiva,110.0
06,Badajoz,2015,superficie_m2_p75_vivienda_unifamiliar,252.0
06,Badajoz,2016,alquiler_mensual_eur_m2_mediana_vivienda_colectiva,4.74576271186441
06,Badajoz,2016,alquiler_mensual_eur_m2_mediana_vivienda_unifamiliar,2.89855072463768
06,Badajoz,2016,alquiler_mensual_eur_m2_p25_vivienda_colectiva,3.34671686746988
06,Badajoz,2016,alquiler_mensual_eur_m2_p25_vivienda_unifamiliar,1.81979615866899
06,Badajoz,2016,alquiler_mensual_eur_m2_p75_vivienda_colectiva,7.13178294573643
06,Badajoz,2016,alquiler_mensual_eur_m2_p75_vivienda_unifamiliar,4.76153931339978
06,Badajoz,2016,alquiler_mensual_total_eur_mediana_vivienda_colectiva,400.0
06,Badajoz,2016,alquiler_mensual_total_eur_mediana_vivienda_unifamiliar,350.0
06,Badajoz,2016,alquiler_mensual_total_eur_p25_vivienda_colectiva,300.0
06,Badajoz,2016,alquiler_mensual_total_eur_p25_vivienda_unifamiliar,230.0
06,Badajoz,2016,alquiler_mensual_total_eur_p75_vivienda_colectiva,619.688385269122
06,Badajoz,2016,alquiler_mensual_total_eur_p75_vivienda_unifamiliar,575.0
06,Badajoz,2016,observaciones_alquiler_vivienda_colectiva,7824.0
06,Badajoz,2016,observaciones_alquiler_vivienda_unifamiliar,1678.0
06,Badajoz,2016,superficie_m2_mediana_vivienda_colectiva,92.0
06,Badajoz,2016,superficie_m2_mediana_vivienda_unifamiliar,170.0
06,Badajoz,2016,superficie_m2_p25_vivienda_colectiva,75.0
06,Badajoz,2016,superficie_m2_p25_vivienda_unifamiliar,125.0
06,Badajoz,2016,superficie_m2_p75_vivienda_colectiva,110.0
06,Badajoz,2016,superficie_m2_p75_vivienda_unifamiliar,246.0
06,Badajoz,2017,alquiler_mensual_eur_m2_mediana_vivienda_colectiva,4.84848484848485
06,Badajoz,2017,alquiler_mensual_eur_m2_mediana_vivienda_unifamiliar,2.94736842105263
06,Badajoz,2017,alquiler_mensual_eur_m2_p25_vivienda_colectiva,3.45423143350604
06,Badajoz,2017,alquiler_mensual_eur_m2_p25_vivienda_unifamiliar,1.86567164179104
06,Badajoz,2017,alquiler_mensual_eur_m2_p75_vivienda_colectiva,7.12871287128713
06,Badajoz,2017,alquiler_mensual_eur_m2_p75_vivienda_unifamiliar,4.66666666666667
06,Badajoz,2017,alquiler_mensual_total_eur_mediana_vivienda_colectiva,400.0
06,Badajoz,2017,alquiler_mensual_total_eur_mediana_vivienda_unifamiliar,350.0
06,Badajoz,2017,alquiler_mensual_total_eur_p25_vivienda_colectiva,300.0
06,Badajoz,2017,alquiler_mensual_total_eur_p25_vivienda_unifamiliar,233.333333333333
06,Badajoz,2017,alquiler_mensual_total_eur_p75_vivienda_colectiva,620.0
06,Badajoz,2017,alquiler_mensual_total_eur_p75_vivienda_unifamiliar,557.0
06,Badajoz,2017,observaciones_alquiler_vivienda_colectiva,8608.0
06,Badajoz,2017,observaciones_alquiler_vivienda_unifamiliar,1844.0
06,Badajoz,2017,superficie_m2_mediana_vivienda_colectiva,92.0
06,Badajoz,2017,superficie_m2_mediana_vivienda_unifamiliar,167.0
06,Badajoz,2017,superficie_m2_p25_vivienda_colectiva,75.0
06,Badajoz,2017,superficie_m2_p25_vivienda_unifamiliar,125.0
06,Badajoz,2017,superficie_m2_p75_vivienda_colectiva,110.0
06,Badajoz,2017,superficie_m2_p75_vivienda_unifamiliar,244.0
06,Badajoz,2018,alquiler_mensual_eur_m2_mediana_vivienda_colectiva,4.97269005847953
06,Badajoz,2018,alquiler_mensual_eur_m2_mediana_vivienda_unifamiliar,3.01204819277108
06,Badajoz,2018,alquiler_mensual_eur_m2_p25_vivienda_colectiva,3.5
06,Badajoz,2018,alquiler_mensual_eur_m2_p25_vivienda_unifamiliar,1.94106156056587
06,Badajoz,2018,alquiler_mensual_eur_m2_p75_vivienda_colectiva,7.40740740740741
06,Badajoz,2018,alquiler_mensual_eur_m2_p75_vivienda_unifamiliar,4.8804306402439
06,Badajoz,2018,alquiler_mensual_total_eur_mediana_vivienda_colectiva,400.0
06,Badajoz,2018,alquiler_mensual_total_eur_mediana_vivienda_unifamiliar,350.0
06,Badajoz,2018,alquiler_mensual_total_eur_p25_vivienda_colectiva,300.0
06,Badajoz,2018,alquiler_mensual_total_eur_p25_vivienda_unifamiliar,247.0
06,Badajoz,2018,alquiler_mensual_total_eur_p75_vivienda_colectiva,640.0
06,Badajoz,2018,alquiler_mensual_total_eur_p75_vivienda_unifamiliar,580.0
06,Badajoz,2018,observaciones_alquiler_vivienda_colectiva,9327.0
06,Badajoz,2018,observaciones_alquiler_vivienda_unifamiliar,1994.0
06,Badajoz,2018,superficie_m2_mediana_vivienda_colectiva,91.0
06,Badajoz,2018,superficie_m2_mediana_vivienda_unifamiliar,165.0
06,Badajoz,2018,superficie_m2_p25_vivienda_colectiva,75.0
06,Badajoz,2018,superficie_m2_p25_vivienda_unifamiliar,124.0
06,Badajoz,2018,superficie_m2_p75_vivienda_colectiva,110.0
06,Badajoz,2018,superficie_m2_p75_vivienda_unifamiliar,242.0
07,"Balears, Illes",2015,alquiler_mensual_eur_m2_mediana_vivienda_colectiva,6.77083333333333
07,"Balears, Illes",2015,alquiler_mensual_eur_m2_mediana_vivienda_unifamiliar,4.64285714285714
07,"Balears, Illes",2015,alquiler_mensual_eur_m2_p25_vivienda_colectiva,4.72222222222222
07,"Balears, Illes",2015,alquiler_mensual_eur_m2_p25_vivienda_unifamiliar,2.81526308223117
07,"Balears, Illes",2015,alquiler_mensual_eur_m2_p75_vivienda_colectiva,9.91130776794494
07,"Balears, Illes",2015,alquiler_mensual_eur_m2_p75_vivienda_unifamiliar,7.58179689786362
07,"Balears, Illes",2015,alquiler_mensual_total_eur_mediana_vivienda_colectiva,540.0
07,"Balears, Illes",2015,alquiler_mensual_total_eur_mediana_vivienda_unifamiliar,550.0
07,"Balears, Illes",2015,alquiler_mensual_total_eur_p25_vivienda_colectiva,400.0
07,"Balears, Illes",2015,alquiler_mensual_total_eur_p25_vivienda_unifamiliar,375.0
07,"Balears, Illes",2015,alquiler_mensual_total_eur_p75_vivienda_colectiva,791.666666666667
07,"Balears, Illes",2015,alquiler_mensual_total_eur_p75_vivienda_unifamiliar,900.0
07,"Balears, Illes",2015,observaciones_alquiler_vivienda_colectiva,40742.0
07,"Balears, Illes",2015,observaciones_alquiler_vivienda_unifamiliar,11731.0
07,"Balears, Illes",2015,superficie_m2_mediana_vivienda_colectiva,87.0
07,"Balears, Illes",2015,superficie_m2_mediana_vivienda_unifamiliar,171.0
07,"Balears, Illes",2015,superficie_m2_p25_vivienda_colectiva,66.0
07,"Balears, Illes",2015,superficie_m2_p25_vivienda_unifamiliar,112.0
07,"Balears, Illes",2015,superficie_m2_p75_vivienda_colectiva,108.0
07,"Balears, Illes",2015,superficie_m2_p75_vivienda_unifamiliar,263.0
07,"Balears, Illes",2016,alquiler_mensual_eur_m2_mediana_vivienda_colectiva,7.06521739130435
07,"Balears, Illes",2016,alquiler_mensual_eur_m2_mediana_vivienda_unifamiliar,4.86486486486487
07,"Balears, Illes",2016,alquiler_mensual_eur_m2_p25_vivienda_colectiva,4.93348348348348
07,"Balears, Illes",2016,alquiler_mensual_eur_m2_p25_vivienda_unifamiliar,2.94526085509107
07,"Balears, Illes",2016,alquiler_mensual_eur_m2_p75_vivienda_colectiva,10.4166666666667
07,"Balears, Illes",2016,alquiler_mensual_eur_m2_p75_vivienda_unifamiliar,8.0436891426898
07,"Balears, Illes",2016,alquiler_mensual_total_eur_mediana_vivienda_colectiva,550.0
07,"Balears, Illes",2016,alquiler_mensual_total_eur_mediana_vivienda_unifamiliar,582.416666666667
07,"Balears, Illes",2016,alquiler_mensual_total_eur_p25_vivienda_colectiva,416.666666666667
07,"Balears, Illes",2016,alquiler_mensual_total_eur_p25_vivienda_unifamiliar,400.0
07,"Balears, Illes",2016,alquiler_mensual_total_eur_p75_vivienda_colectiva,800.005
07,"Balears, Illes",2016,alquiler_mensual_total_eur_p75_vivienda_unifamiliar,1000.0
07,"Balears, Illes",2016,observaciones_alquiler_vivienda_colectiva,45172.0
07,"Balears, Illes",2016,observaciones_alquiler_vivienda_unifamiliar,12934.0
07,"Balears, Illes",2016,superficie_m2_mediana_vivienda_colectiva,86.0
07,"Balears, Illes",2016,superficie_m2_mediana_vivienda_unifamiliar,171.0
07,"Balears, Illes",2016,superficie_m2_p25_vivienda_colectiva,66.0
07,"Balears, Illes",2016,superficie_m2_p25_vivienda_unifamiliar,112.0
07,"Balears, Illes",2016,superficie_m2_p75_vivienda_colectiva,108.0
07,"Balears, Illes",2016,superficie_m2_p75_vivienda_unifamiliar,262.0
07,"Balears, Illes",2017,alquiler_mensual_eur_m2_mediana_vivienda_colectiva,7.47663551401869
07,"Balears, Illes",2017,alquiler_mensual_eur_m2_mediana_vivienda_unifamiliar,5.20389579539156
07,"Balears, Illes",2017,alquiler_mensual_eur_m2_p25_vivienda_colectiva,5.23809523809524
07,"Balears, Illes",2017,alquiler_mensual_eur_m2_p25_vivienda_unifamiliar,3.125
07,"Balears, Illes",2017,alquiler_mensual_eur_m2_p75_vivienda_colectiva,11.0655737704918
07,"Balears, Illes",2017,alquiler_mensual_eur_m2_p75_vivienda_unifamiliar,8.58159829495774
07,"Balears, Illes",2017,alquiler_mensual_total_eur_mediana_vivienda_colectiva,595.833333333333
07,"Balears, Illes",2017,alquiler_mensual_total_eur_mediana_vivienda_unifamiliar,600.0
07,"Balears, Illes",2017,alquiler_mensual_total_eur_p25_vivienda_colectiva,450.0
07,"Balears, Illes",2017,alquiler_mensual_total_eur_p25_vivienda_unifamiliar,400.0
07,"Balears, Illes",2017,alquiler_mensual_total_eur_p75_vivienda_colectiva,874.050833333333
07,"Balears, Illes",2017,alquiler_mensual_total_eur_p75_vivienda_unifamiliar,1000.0
07,"Balears, Illes",2017,observaciones_alquiler_vivienda_colectiva,47500.0
07,"Balears, Illes",2017,observaciones_alquiler_vivienda_unifamiliar,13539.0
07,"Balears, Illes",2017,superficie_m2_mediana_vivienda_colectiva,85.0
07,"Balears, Illes",2017,superficie_m2_mediana_vivienda_unifamiliar,170.0
07,"Balears, Illes",2017,superficie_m2_p25_vivienda_colectiva,65.0
07,"Balears, Illes",2017,superficie_m2_p25_vivienda_unifamiliar,111.0
07,"Balears, Illes",2017,superficie_m2_p75_vivienda_colectiva,107.0
07,"Balears, Illes",2017,superficie_m2_p75_vivienda_unifamiliar,262.0
07,"Balears, Illes",2018,alquiler_mensual_eur_m2_mediana_vivienda_colectiva,8.06451612903226
07,"Balears, Illes",2018,alquiler_mensual_eur_m2_mediana_vivienda_unifamiliar,5.50373134328358
07,"Balears, Illes",2018,alquiler_mensual_eur_m2_p25_vivienda_colectiva,5.58943089430894
07,"Balears, Illes",2018,alquiler_mensual_eur_m2_p25_vivienda_unifamiliar,3.33333333333333
07,"Balears, Illes",2018,alquiler_mensual_eur_m2_p75_vivienda_colectiva,12.0197861132267
07,"Balears, Illes",2018,alquiler_mensual_eur_m2_p75_vivienda_unifamiliar,9.08883230452675
07,"Balears, Illes",2018,alquiler_mensual_total_eur_mediana_vivienda_colectiva,624.083333333333
07,"Balears, Illes",2018,alquiler_mensual_total_eur_mediana_vivienda_unifamiliar,640.0
07,"Balears, Illes",2018,alquiler_mensual_total_eur_p25_vivienda_colectiva,470.833333333333
07,"Balears, Illes",2018,alquiler_mensual_total_eur_p25_vivienda_unifamiliar,420.833333333333
07,"Balears, Illes",2018,alquiler_mensual_total_eur_p75_vivienda_colectiva,935.246805555556
07,"Balears, Illes",2018,alquiler_mensual_total_eur_p75_vivienda_unifamiliar,1100.0
07,"Balears, Illes",2018,observaciones_alquiler_vivienda_colectiva,49755.0
07,"Balears, Illes",2018,observaciones_alquiler_vivienda_unifamiliar,14156.0
07,"Balears, Illes",2018,superficie_m2_mediana_vivienda_colectiva,85.0
07,"Balears, Illes",2018,superficie_m2_mediana_vivienda_unifamiliar,170.0
07,"Balears, Illes",2018,superficie_m2_p25_vivienda_colectiva,65.0
07,"Balears, Illes",2018,superficie_m2_p25_vivienda_unifamiliar,111.0
07,"Balears, Illes",2018,superficie_m2_p75_vivienda_colectiva,107.0
07,"Balears, Illes",2018,superficie_m2_p75_vivienda_unifamiliar,265.0
08,Barcelona,2015,alquiler_mensual_eur_m2_mediana_vivienda_colectiva,8.75
08,Barcelona,2015,alquiler_mensual_eur_m2_mediana_vivienda_unifamiliar,5.59088853276353
08,Barcelona,2015,alquiler_mensual_eur_m2_p25_vivienda_colectiva,6.11111111111111
08,Barcelona,2015,alquiler_mensual_eur_m2_p25_vivienda_unifamiliar,3.24451121583408
08,Barcelona,2015,alquiler_mensual_eur_m2_p75_vivienda_colectiva,12.4219618055556
08,Barcelona,2015,alquiler_mensual_eur_m2_p75_vivienda_unifamiliar,8.94318663838812
08,Barcelona,2015,alquiler_mensual_total_eur_mediana_vivienda_colectiva,600.0
08,Barcelona,2015,alquiler_mensual_total_eur_mediana_vivienda_unifamiliar,700.0
08,Barcelona,2015,alquiler_mensual_total_eur_p25_vivienda_colectiva,450.0
08,Barcelona,2015,alquiler_mensual_total_eur_p25_vivienda_unifamiliar,445.0
08,Barcelona,2015,alquiler_mensual_total_eur_p75_vivienda_colectiva,900.0
08,Barcelona,2015,alquiler_mensual_total_eur_p75_vivienda_unifamiliar,1156.841875
08,Barcelona,2015,observaciones_alquiler_vivienda_colectiva,229623.0
08,Barcelona,2015,observaciones_alquiler_vivienda_unifamiliar,27283.0
08,Barcelona,2015,superficie_m2_mediana_vivienda_colectiva,73.0
08,Barcelona,2015,superficie_m2_mediana_vivienda_unifamiliar,182.0
08,Barcelona,2015,superficie_m2_p25_vivienda_colectiva,60.0
08,Barcelona,2015,superficie_m2_p25_vivienda_unifamiliar,123.0
08,Barcelona,2015,superficie_m2_p75_vivienda_colectiva,91.0
08,Barcelona,2015,superficie_m2_p75_vivienda_unifamiliar,256.0
08,Barcelona,2016,alquiler_mensual_eur_m2_mediana_vivienda_colectiva,9.05089192708333
08,Barcelona,2016,alquiler_mensual_eur_m2_mediana_vivienda_unifamiliar,5.85106382978723
08,Barcelona,2016,alquiler_mensual_eur_m2_p25_vivienda_colectiva,6.33333333333333
08,Barcelona,2016,alquiler_mensual_eur_m2_p25_vivienda_unifamiliar,3.43915343915344
08,Barcelona,2016,alquiler_mensual_eur_m2_p75_vivienda_colectiva,12.9496153846154
08,Barcelona,2016,alquiler_mensual_eur_m2_p75_vivienda_unifamiliar,9.42005813953488
08,Barcelona,2016,alquiler_mensual_total_eur_mediana_vivienda_colectiva,625.0
08,Barcelona,2016,alquiler_mensual_total_eur_mediana_vivienda_unifamiliar,708.333333333333
08,Barcelona,2016,alquiler_mensual_total_eur_p25_vivienda_colectiva,459.0
08,Barcelona,2016,alquiler_mensual_total_eur_p25_vivienda_unifamiliar,456.0
08,Barcelona,2016,alquiler_mensual_total_eur_p75_vivienda_colectiva,950.0
08,Barcelona,2016,alquiler_mensual_total_eur_p75_vivienda_unifamiliar,1200.0
08,Barcelona,2016,observaciones_alquiler_vivienda_colectiva,251048.0
08,Barcelona,2016,observaciones_alquiler_vivienda_unifamiliar,29264.0
08,Barcelona,2016,superficie_m2_mediana_vivienda_colectiva,73.0
08,Barcelona,2016,superficie_m2_mediana_vivienda_unifamiliar,181.0
08,Barcelona,2016,superficie_m2_p25_vivienda_colectiva,59.0
08,Barcelona,2016,superficie_m2_p25_vivienda_unifamiliar,122.0
08,Barcelona,2016,superficie_m2_p75_vivienda_colectiva,91.0
08,Barcelona,2016,superficie_m2_p75_vivienda_unifamiliar,255.0
08,Barcelona,2017,alquiler_mensual_eur_m2_mediana_vivienda_colectiva,9.42982456140351
08,Barcelona,2017,alquiler_mensual_eur_m2_mediana_vivienda_unifamiliar,6.10687022900763
08,Barcelona,2017,alquiler_mensual_eur_m2_p25_vivienda_colectiva,6.61764705882353
08,Barcelona,2017,alquiler_mensual_eur_m2_p25_vivienda_unifamiliar,3.64145658263305
08,Barcelona,2017,alquiler_mensual_eur_m2_p75_vivienda_colectiva,13.56112505256
08,Barcelona,2017,alquiler_mensual_eur_m2_p75_vivienda_unifamiliar,9.81385281385281
08,Barcelona,2017,alquiler_mensual_total_eur_mediana_vivienda_colectiva,650.0
08,Barcelona,2017,alquiler_mensual_total_eur_mediana_vivienda_unifamiliar,750.0
08,Barcelona,2017,alquiler_mensual_total_eur_p25_vivienda_colectiva,485.245
08,Barcelona,2017,alquiler_mensual_total_eur_p25_vivienda_unifamiliar,487.5
08,Barcelona,2017,alquiler_mensual_total_eur_p75_vivienda_colectiva,1000.0
08,Barcelona,2017,alquiler_mensual_total_eur_p75_vivienda_unifamiliar,1224.0
08,Barcelona,2017,observaciones_alquiler_vivienda_colectiva,263782.0
08,Barcelona,2017,observaciones_alquiler_vivienda_unifamiliar,30352.0
08,Barcelona,2017,superficie_m2_mediana_vivienda_colectiva,73.0
08,Barcelona,2017,superficie_m2_mediana_vivienda_unifamiliar,180.0
08,Barcelona,2017,superficie_m2_p25_vivienda_colectiva,59.0
08,Barcelona,2017,superficie_m2_p25_vivienda_unifamiliar,121.0
08,Barcelona,2017,superficie_m2_p75_vivienda_colectiva,90.0
08,Barcelona,2017,superficie_m2_p75_vivienda_unifamiliar,255.0
08,Barcelona,2018,alquiler_mensual_eur_m2_mediana_vivienda_colectiva,10.0
08,Barcelona,2018,alquiler_mensual_eur_m2_mediana_vivienda_unifamiliar,6.34920634920635
08,Barcelona,2018,alquiler_mensual_eur_m2_p25_vivienda_colectiva,6.95252977878616
08,Barcelona,2018,alquiler_mensual_eur_m2_p25_vivienda_unifamiliar,3.83141762452107
08,Barcelona,2018,alquiler_mensual_eur_m2_p75_vivienda_colectiva,14.4615288461538
08,Barcelona,2018,alquiler_mensual_eur_m2_p75_vivienda_unifamiliar,10.2739726027397
08,Barcelona,2018,alquiler_mensual_total_eur_mediana_vivienda_colectiva,694.0
08,Barcelona,2018,alquiler_mensual_total_eur_mediana_vivienda_unifamiliar,780.0
08,Barcelona,2018,alquiler_mensual_total_eur_p25_vivienda_colectiva,500.0
08,Barcelona,2018,alquiler_mensual_total_eur_p25_vivienda_unifamiliar,500.0
08,Barcelona,2018,alquiler_mensual_total_eur_p75_vivienda_colectiva,1050.0
08,Barcelona,2018,alquiler_mensual_total_eur_p75_vivienda_unifamiliar,1299.77666666667
08,Barcelona,2018,observaciones_alquiler_vivienda_colectiva,276377.0
08,Barcelona,2018,observaciones_alquiler_vivienda_unifamiliar,31240.0
08,Barcelona,2018,superficie_m2_mediana_vivienda_colectiva,73.0
08,Barcelona,2018,superficie_m2_mediana_vivienda_unifamiliar,180.0
08,Barcelona,2018,superficie_m2_p25_vivienda_colectiva,59.0
08,Barcelona,2018,superficie_m2_p25_vivienda_unifamiliar,120.0
08,Barcelona,2018,superficie_m2_p75_vivienda_colectiva,90.0
08,Barcelona,2018,superficie_m2_p75_vivienda_unifamiliar,255.0
09,Burgos,2015,alquiler_mensual_eur_m2_mediana_vivienda_colectiva,5.97014925373134
09,Burgos,2015,alquiler_mensual_eur_m2_mediana_vivienda_unifamiliar,3.74067164179104
09,Burgos,2015,alquiler_mensual_eur_m2_p25_vivienda_colectiva,4.35964285714286
09,Burgos,2015,alquiler_mensual_eur_m2_p25_vivienda_unifamiliar,2.12493599590374
09,Burgos,2015,alquiler_mensual_eur_m2_p75_vivienda_colectiva,9.18367346938775
09,Burgos,2015,alquiler_mensual_eur_m2_p75_vivienda_unifamiliar,5.92484698681733
09,Burgos,2015,alquiler_mensual_total_eur_mediana_vivienda_colectiva,450.0
09,Burgos,2015,alquiler_mensual_total_eur_mediana_vivienda_unifamiliar,442.616635802469
09,Burgos,2015,alquiler_mensual_total_eur_p25_vivienda_colectiva,348.333333333333
09,Burgos,2015,alquiler_mensual_total_eur_p25_vivienda_unifamiliar,299.753694581281
09,Burgos,2015,alquiler_mensual_total_eur_p75_vivienda_colectiva,723.598333333333
09,Burgos,2015,alquiler_mensual_total_eur_p75_vivienda_unifamiliar,700.0
09,Burgos,2015,observaciones_alquiler_vivienda_colectiva,8055.0
09,Burgos,2015,observaciones_alquiler_vivienda_unifamiliar,697.0
09,Burgos,2015,superficie_m2_mediana_vivienda_colectiva,81.0
09,Burgos,2015,superficie_m2_mediana_vivienda_unifamiliar,167.0
09,Burgos,2015,superficie_m2_p25_vivienda_colectiva,67.0
09,Burgos,2015,superficie_m2_p25_vivienda_unifamiliar,120.0
09,Burgos,2015,superficie_m2_p75_vivienda_colectiva,101.0
09,Burgos,2015,superficie_m2_p75_vivienda_unifamiliar,217.0
09,Burgos,2016,alquiler_mensual_eur_m2_mediana_vivienda_colectiva,6.12244897959184
09,Burgos,2016,alquiler_mensual_eur_m2_mediana_vivienda_unifamiliar,3.87819888887175
09,Burgos,2016,alquiler_mensual_eur_m2_p25_vivienda_colectiva,4.52432266009852
09,Burgos,2016,alquiler_mensual_eur_m2_p25_vivienda_unifamiliar,2.38095238095238
09,Burgos,2016,alquiler_mensual_eur_m2_p75_vivienda_colectiva,9.43396226415094
09,Burgos,2016,alquiler_mensual_eur_m2_p75_vivienda_unifamiliar,6.08554108666367
09,Burgos,2016,alquiler_mensual_total_eur_mediana_vivienda_colectiva,464.899244332494
09,Burgos,2016,alquiler_mensual_total_eur_mediana_vivienda_unifamiliar,450.0
09,Burgos,2016,alquiler_mensual_total_eur_p25_vivienda_colectiva,350.0
09,Burgos,2016,alquiler_mensual_total_eur_p25_vivienda_unifamiliar,300.0
09,Burgos,2016,alquiler_mensual_total_eur_p75_vivienda_colectiva,760.0
09,Burgos,2016,alquiler_mensual_total_eur_p75_vivienda_unifamiliar,740.535833333333
09,Burgos,2016,observaciones_alquiler_vivienda_colectiva,8817.0
09,Burgos,2016,observaciones_alquiler_vivienda_unifamiliar,743.0
09,Burgos,2016,superficie_m2_mediana_vivienda_colectiva,81.0
09,Burgos,2016,superficie_m2_mediana_vivienda_unifamiliar,165.0
09,Burgos,2016,superficie_m2_p25_vivienda_colectiva,67.0
09,Burgos,2016,superficie_m2_p25_vivienda_unifamiliar,119.0
09,Burgos,2016,superficie_m2_p75_vivienda_colectiva,101.0
09,Burgos,2016,superficie_m2_p75_vivienda_unifamiliar,223.25
09,Burgos,2017,alquiler_mensual_eur_m2_mediana_vivienda_colectiva,6.25
09,Burgos,2017,alquiler_mensual_eur_m2_mediana_vivienda_unifamiliar,3.94736842105263
09,Burgos,2017,alquiler_mensual_eur_m2_p25_vivienda_colectiva,4.6875
09,Burgos,2017,alquiler_mensual_eur_m2_p25_vivienda_unifamiliar,2.52584569431757
09,Burgos,2017,alquiler_mensual_eur_m2_p75_vivienda_colectiva,9.55555555555556
09,Burgos,2017,alquiler_mensual_eur_m2_p75_vivienda_unifamiliar,6.12870915237261
09,Burgos,2017,alquiler_mensual_total_eur_mediana_vivienda_colectiva,475.0
09,Burgos,2017,alquiler_mensual_total_eur_mediana_vivienda_unifamiliar,466.666666666667
09,Burgos,2017,alquiler_mensual_total_eur_p25_vivienda_colectiva,363.333333333333
09,Burgos,2017,alquiler_mensual_total_eur_p25_vivienda_unifamiliar,321.875
09,Burgos,2017,alquiler_mensual_total_eur_p75_vivienda_colectiva,774.44
09,Burgos,2017,alquiler_mensual_total_eur_p75_vivienda_unifamiliar,758.0
09,Burgos,2017,observaciones_alquiler_vivienda_colectiva,9204.0
09,Burgos,2017,observaciones_alquiler_vivienda_unifamiliar,814.0
09,Burgos,2017,superficie_m2_mediana_vivienda_colectiva,81.0
09,Burgos,2017,superficie_m2_mediana_vivienda_unifamiliar,165.0
09,Burgos,2017,superficie_m2_p25_vivienda_colectiva,67.0
09,Burgos,2017,superficie_m2_p25_vivienda_unifamiliar,123.0
09,Burgos,2017,superficie_m2_p75_vivienda_colectiva,101.0
09,Burgos,2017,superficie_m2_p75_vivienda_unifamiliar,226.0
09,Burgos,2018,alquiler_mensual_eur_m2_mediana_vivienda_colectiva,6.46849647266314
09,Burgos,2018,alquiler_mensual_eur_m2_mediana_vivienda_unifamiliar,3.94736842105263
09,Burgos,2018,alquiler_mensual_eur_m2_p25_vivienda_colectiva,4.85744047619048
09,Burgos,2018,alquiler_mensual_eur_m2_p25_vivienda_unifamiliar,2.53968253968254
09,Burgos,2018,alquiler_mensual_eur_m2_p75_vivienda_colectiva,10.0
09,Burgos,2018,alquiler_mensual_eur_m2_p75_vivienda_unifamiliar,6.29370629370629
09,Burgos,2018,alquiler_mensual_total_eur_mediana_vivienda_colectiva,497.451666666667
09,Burgos,2018,alquiler_mensual_total_eur_mediana_vivienda_unifamiliar,483.333333333333
09,Burgos,2018,alquiler_mensual_total_eur_p25_vivienda_colectiva,377.067708333333
09,Burgos,2018,alquiler_mensual_total_eur_p25_vivienda_unifamiliar,325.0
09,Burgos,2018,alquiler_mensual_total_eur_p75_vivienda_colectiva,800.0
09,Burgos,2018,alquiler_mensual_total_eur_p75_vivienda_unifamiliar,800.0
09,Burgos,2018,observaciones_alquiler_vivienda_colectiva,9901.0
09,Burgos,2018,observaciones_alquiler_vivienda_unifamiliar,856.0
09,Burgos,2018,superficie_m2_mediana_vivienda_colectiva,80.0
09,Burgos,2018,superficie_m2_mediana_vivienda_unifamiliar,165.0
09,Burgos,2018,superficie_m2_p25_vivienda_colectiva,66.0
09,Burgos,2018,superficie_m2_p25_vivienda_unifamiliar,122.0
09,Burgos,2018,superficie_m2_p75_vivienda_colectiva,100.0
09,Burgos,2018,superficie_m2_p75_vivienda_unifamiliar,225.0
10,Cáceres,2015,alquiler_mensual_eur_m2_mediana_vivienda_colectiva,4.16666666666667
10,Cáceres,2015,alquiler_mensual_eur_m2_mediana_vivienda_unifamiliar,2.7027027027027
10,Cáceres,2015,alquiler_mensual_eur_m2_p25_vivienda_colectiva,2.90931303778526
10,Cáceres,2015,alquiler_mensual_eur_m2_p25_vivienda_unifamiliar,1.61427676040985
10,Cáceres,2015,alquiler_mensual_eur_m2_p75_vivienda_colectiva,6.32183908045977
10,Cáceres,2015,alquiler_mensual_eur_m2_p75_vivienda_unifamiliar,4.16666666666667
10,Cáceres,2015,alquiler_mensual_total_eur_mediana_vivienda_colectiva,375.0
10,Cáceres,2015,alquiler_mensual_total_eur_mediana_vivienda_unifamiliar,320.0
10,Cáceres,2015,alquiler_mensual_total_eur_p25_vivienda_colectiva,272.022195512821
10,Cáceres,2015,alquiler_mensual_total_eur_p25_vivienda_unifamiliar,200.0
10,Cáceres,2015,alquiler_mensual_total_eur_p75_vivienda_colectiva,591.435185185185
10,Cáceres,2015,alquiler_mensual_total_eur_p75_vivienda_unifamiliar,500.0
10,Cáceres,2015,observaciones_alquiler_vivienda_colectiva,4961.0
10,Cáceres,2015,observaciones_alquiler_vivienda_unifamiliar,1066.0
10,Cáceres,2015,superficie_m2_mediana_vivienda_colectiva,97.0
10,Cáceres,2015,superficie_m2_mediana_vivienda_unifamiliar,176.0
10,Cáceres,2015,superficie_m2_p25_vivienda_colectiva,77.0
10,Cáceres,2015,superficie_m2_p25_vivienda_unifamiliar,130.0
10,Cáceres,2015,superficie_m2_p75_vivienda_colectiva,117.0
10,Cáceres,2015,superficie_m2_p75_vivienda_unifamiliar,232.0
10,Cáceres,2016,alquiler_mensual_eur_m2_mediana_vivienda_colectiva,4.29520222045995
10,Cáceres,2016,alquiler_mensual_eur_m2_mediana_vivienda_unifamiliar,2.95419771485345
10,Cáceres,2016,alquiler_mensual_eur_m2_p25_vivienda_colectiva,3.07692307692308
10,Cáceres,2016,alquiler_mensual_eur_m2_p25_vivienda_unifamiliar,1.74136722731906
10,Cáceres,2016,alquiler_mensual_eur_m2_p75_vivienda_colectiva,6.52176630434783
10,Cáceres,2016,alquiler_mensual_eur_m2_p75_vivienda_unifamiliar,4.46163617886179
10,Cáceres,2016,alquiler_mensual_total_eur_mediana_vivienda_colectiva,390.0
10,Cáceres,2016,alquiler_mensual_total_eur_mediana_vivienda_unifamiliar,350.0
10,Cáceres,2016,alquiler_mensual_total_eur_p25_vivienda_colectiva,291.666666666667
10,Cáceres,2016,alquiler_mensual_total_eur_p25_vivienda_unifamiliar,210.0
10,Cáceres,2016,alquiler_mensual_total_eur_p75_vivienda_colectiva,600.0
10,Cáceres,2016,alquiler_mensual_total_eur_p75_vivienda_unifamiliar,550.0
10,Cáceres,2016,observaciones_alquiler_vivienda_colectiva,5545.0
10,Cáceres,2016,observaciones_alquiler_vivienda_unifamiliar,1211.0
10,Cáceres,2016,superficie_m2_mediana_vivienda_colectiva,97.0
10,Cáceres,2016,superficie_m2_mediana_vivienda_unifamiliar,177.0
10,Cáceres,2016,superficie_m2_p25_vivienda_colectiva,77.25
10,Cáceres,2016,superficie_m2_p25_vivienda_unifamiliar,129.0
10,Cáceres,2016,superficie_m2_p75_vivienda_colectiva,116.0
10,Cáceres,2016,superficie_m2_p75_vivienda_unifamiliar,230.25
10,Cáceres,2017,alquiler_mensual_eur_m2_mediana_vivienda_colectiva,4.34782608695652
10,Cáceres,2017,alquiler_mensual_eur_m2_mediana_vivienda_unifamiliar,2.95918367346939
10,Cáceres,2017,alquiler_mensual_eur_m2_p25_vivienda_colectiva,3.125
10,Cáceres,2017,alquiler_mensual_eur_m2_p25_vivienda_unifamiliar,1.75682261208577
10,Cáceres,2017,alquiler_mensual_eur_m2_p75_vivienda_colectiva,6.53846153846154
10,Cáceres,2017,alquiler_mensual_eur_m2_p75_vivienda_unifamiliar,4.52031893004115
10,Cáceres,2017,alquiler_mensual_total_eur_mediana_vivienda_colectiva,390.0
10,Cáceres,2017,alquiler_mensual_total_eur_mediana_vivienda_unifamiliar,350.0
10,Cáceres,2017,alquiler_mensual_total_eur_p25_vivienda_colectiva,300.0
10,Cáceres,2017,alquiler_mensual_total_eur_p25_vivienda_unifamiliar,208.333333333333
10,Cáceres,2017,alquiler_mensual_total_eur_p75_vivienda_colectiva,600.0
10,Cáceres,2017,alquiler_mensual_total_eur_p75_vivienda_unifamiliar,550.0
10,Cáceres,2017,observaciones_alquiler_vivienda_colectiva,5988.0
10,Cáceres,2017,observaciones_alquiler_vivienda_unifamiliar,1342.0
10,Cáceres,2017,superficie_m2_mediana_vivienda_colectiva,96.0
10,Cáceres,2017,superficie_m2_mediana_vivienda_unifamiliar,171.0
10,Cáceres,2017,superficie_m2_p25_vivienda_colectiva,77.0
10,Cáceres,2017,superficie_m2_p25_vivienda_unifamiliar,126.0
10,Cáceres,2017,superficie_m2_p75_vivienda_colectiva,115.0
10,Cáceres,2017,superficie_m2_p75_vivienda_unifamiliar,228.0
10,Cáceres,2018,alquiler_mensual_eur_m2_mediana_vivienda_colectiva,4.44949536503757
10,Cáceres,2018,alquiler_mensual_eur_m2_mediana_vivienda_unifamiliar,2.99145299145299
10,Cáceres,2018,alquiler_mensual_eur_m2_p25_vivienda_colectiva,3.24074074074074
10,Cáceres,2018,alquiler_mensual_eur_m2_p25_vivienda_unifamiliar,1.80322468362298
10,Cáceres,2018,alquiler_mensual_eur_m2_p75_vivienda_colectiva,6.72453191803037
10,Cáceres,2018,alquiler_mensual_eur_m2_p75_vivienda_unifamiliar,4.60654288240495
10,Cáceres,2018,alquiler_mensual_total_eur_mediana_vivienda_colectiva,400.0
10,Cáceres,2018,alquiler_mensual_total_eur_mediana_vivienda_unifamiliar,350.0
10,Cáceres,2018,alquiler_mensual_total_eur_p25_vivienda_colectiva,300.0
10,Cáceres,2018,alquiler_mensual_total_eur_p25_vivienda_unifamiliar,225.0
10,Cáceres,2018,alquiler_mensual_total_eur_p75_vivienda_colectiva,600.0
10,Cáceres,2018,alquiler_mensual_total_eur_p75_vivienda_unifamiliar,550.0
10,Cáceres,2018,observaciones_alquiler_vivienda_colectiva,6473.0
10,Cáceres,2018,observaciones_alquiler_vivienda_unifamiliar,1450.0
10,Cáceres,2018,superficie_m2_mediana_vivienda_colectiva,96.0
10,Cáceres,2018,superficie_m2_mediana_vivienda_unifamiliar,171.0
10,Cáceres,2018,superficie_m2_p25_vivienda_colectiva,77.0
10,Cáceres,2018,superficie_m2_p25_vivienda_unifamiliar,128.5
10,Cáceres,2018,superficie_m2_p75_vivienda_colectiva,115.0
10,Cáceres,2018,superficie_m2_p75_vivienda_unifamiliar,228.0
11,Cádiz,2015,alquiler_mensual_eur_m2_mediana_vivienda_colectiva,6.02409638554217
11,Cádiz,2015,alquiler_mensual_eur_m2_mediana_vivienda_unifamiliar,5.21739130434783
11,Cádiz,2015,alquiler_mensual_eur_m2_p25_vivienda_colectiva,4.28571428571429
11,Cádiz,2015,alquiler_mensual_eur_m2_p25_vivienda_unifamiliar,3.22051397205589
11,Cádiz,2015,alquiler_mensual_eur_m2_p75_vivienda_colectiva,9.16666666666667
11,Cádiz,2015,alquiler_mensual_eur_m2_p75_vivienda_unifamiliar,8.97435897435897
11,Cádiz,2015,alquiler_mensual_total_eur_mediana_vivienda_colectiva,453.883617963314
11,Cádiz,2015,alquiler_mensual_total_eur_mediana_vivienda_unifamiliar,600.0
11,Cádiz,2015,alquiler_mensual_total_eur_p25_vivienda_colectiva,347.833333333333
11,Cádiz,2015,alquiler_mensual_total_eur_p25_vivienda_unifamiliar,375.0
11,Cádiz,2015,alquiler_mensual_total_eur_p75_vivienda_colectiva,700.0
11,Cádiz,2015,alquiler_mensual_total_eur_p75_vivienda_unifamiliar,1110.61
11,Cádiz,2015,observaciones_alquiler_vivienda_colectiva,13412.0
11,Cádiz,2015,observaciones_alquiler_vivienda_unifamiliar,4792.0
11,Cádiz,2015,superficie_m2_mediana_vivienda_colectiva,81.0
11,Cádiz,2015,superficie_m2_mediana_vivienda_unifamiliar,141.0
11,Cádiz,2015,superficie_m2_p25_vivienda_colectiva,66.0
11,Cádiz,2015,superficie_m2_p25_vivienda_unifamiliar,104.0
11,Cádiz,2015,superficie_m2_p75_vivienda_colectiva,99.0
11,Cádiz,2015,superficie_m2_p75_vivienda_unifamiliar,215.0
11,Cádiz,2016,alquiler_mensual_eur_m2_mediana_vivienda_colectiva,6.35792138895587
11,Cádiz,2016,alquiler_mensual_eur_m2_mediana_vivienda_unifamiliar,5.6390977443609
11,Cádiz,2016,alquiler_mensual_eur_m2_p25_vivienda_colectiva,4.44444444444444
11,Cádiz,2016,alquiler_mensual_eur_m2_p25_vivienda_unifamiliar,3.6231884057971
11,Cádiz,2016,alquiler_mensual_eur_m2_p75_vivienda_colectiva,9.61538461538462
11,Cádiz,2016,alquiler_mensual_eur_m2_p75_vivienda_unifamiliar,9.73597359735974
11,Cádiz,2016,alquiler_mensual_total_eur_mediana_vivienda_colectiva,483.333333333333
11,Cádiz,2016,alquiler_mensual_total_eur_mediana_vivienda_unifamiliar,666.666666666667
11,Cádiz,2016,alquiler_mensual_total_eur_p25_vivienda_colectiva,350.0
11,Cádiz,2016,alquiler_mensual_total_eur_p25_vivienda_unifamiliar,400.0
11,Cádiz,2016,alquiler_mensual_total_eur_p75_vivienda_colectiva,754.805332969432
11,Cádiz,2016,alquiler_mensual_total_eur_p75_vivienda_unifamiliar,1200.0
11,Cádiz,2016,observaciones_alquiler_vivienda_colectiva,15071.0
11,Cádiz,2016,observaciones_alquiler_vivienda_unifamiliar,5300.0
11,Cádiz,2016,superficie_m2_mediana_vivienda_colectiva,81.0
11,Cádiz,2016,superficie_m2_mediana_vivienda_unifamiliar,140.0
11,Cádiz,2016,superficie_m2_p25_vivienda_colectiva,66.0
11,Cádiz,2016,superficie_m2_p25_vivienda_unifamiliar,103.0
11,Cádiz,2016,superficie_m2_p75_vivienda_colectiva,99.0
11,Cádiz,2016,superficie_m2_p75_vivienda_unifamiliar,215.0
11,Cádiz,2017,alquiler_mensual_eur_m2_mediana_vivienda_colectiva,6.39251207729469
11,Cádiz,2017,alquiler_mensual_eur_m2_mediana_vivienda_unifamiliar,5.69105691056911
11,Cádiz,2017,alquiler_mensual_eur_m2_p25_vivienda_colectiva,4.5343137254902
11,Cádiz,2017,alquiler_mensual_eur_m2_p25_vivienda_unifamiliar,3.59442452304693
11,Cádiz,2017,alquiler_mensual_eur_m2_p75_vivienda_colectiva,9.63333333333333
11,Cádiz,2017,alquiler_mensual_eur_m2_p75_vivienda_unifamiliar,9.83672659968271
11,Cádiz,2017,alquiler_mensual_total_eur_mediana_vivienda_colectiva,483.333333333333
11,Cádiz,2017,alquiler_mensual_total_eur_mediana_vivienda_unifamiliar,650.0
11,Cádiz,2017,alquiler_mensual_total_eur_p25_vivienda_colectiva,350.0
11,Cádiz,2017,alquiler_mensual_total_eur_p25_vivienda_unifamiliar,400.0
11,Cádiz,2017,alquiler_mensual_total_eur_p75_vivienda_colectiva,750.0
11,Cádiz,2017,alquiler_mensual_total_eur_p75_vivienda_unifamiliar,1201.75
11,Cádiz,2017,observaciones_alquiler_vivienda_colectiva,16596.0
11,Cádiz,2017,observaciones_alquiler_vivienda_unifamiliar,5571.0
11,Cádiz,2017,superficie_m2_mediana_vivienda_colectiva,80.0
11,Cádiz,2017,superficie_m2_mediana_vivienda_unifamiliar,139.0
11,Cádiz,2017,superficie_m2_p25_vivienda_colectiva,65.0
11,Cádiz,2017,superficie_m2_p25_vivienda_unifamiliar,103.0
11,Cádiz,2017,superficie_m2_p75_vivienda_colectiva,98.0
11,Cádiz,2017,superficie_m2_p75_vivienda_unifamiliar,210.0
11,Cádiz,2018,alquiler_mensual_eur_m2_mediana_vivienda_colectiva,6.57894736842105
11,Cádiz,2018,alquiler_mensual_eur_m2_mediana_vivienda_unifamiliar,5.80357142857143
11,Cádiz,2018,alquiler_mensual_eur_m2_p25_vivienda_colectiva,4.69483568075117
11,Cádiz,2018,alquiler_mensual_eur_m2_p25_vivienda_unifamiliar,3.72340425531915
11,Cádiz,2018,alquiler_mensual_eur_m2_p75_vivienda_colectiva,10.0
11,Cádiz,2018,alquiler_mensual_eur_m2_p75_vivienda_unifamiliar,10.0
11,Cádiz,2018,alquiler_mensual_total_eur_mediana_vivienda_colectiva,500.0
11,Cádiz,2018,alquiler_mensual_total_eur_mediana_vivienda_unifamiliar,656.666666666667
11,Cádiz,2018,alquiler_mensual_total_eur_p25_vivienda_colectiva,362.5
11,Cádiz,2018,alquiler_mensual_total_eur_p25_vivienda_unifamiliar,400.0
11,Cádiz,2018,alquiler_mensual_total_eur_p75_vivienda_colectiva,780.0
11,Cádiz,2018,alquiler_mensual_total_eur_p75_vivienda_unifamiliar,1200.0
11,Cádiz,2018,observaciones_alquiler_vivienda_colectiva,17723.0
11,Cádiz,2018,observaciones_alquiler_vivienda_unifamiliar,5776.0
11,Cádiz,2018,superficie_m2_mediana_vivienda_colectiva,80.0
11,Cádiz,2018,superficie_m2_mediana_vivienda_unifamiliar,136.0
11,Cádiz,2018,superficie_m2_p25_vivienda_colectiva,65.0
11,Cádiz,2018,superficie_m2_p25_vivienda_unifamiliar,101.0
11,Cádiz,2018,superficie_m2_p75_vivienda_colectiva,98.0
11,Cádiz,2018,superficie_m2_p75_vivienda_unifamiliar,208.0
12,Castellón/Castelló,2015,alquiler_mensual_eur_m2_mediana_vivienda_colectiva,3.81176470588235
12,Castellón/Castelló,2015,alquiler_mensual_eur_m2_mediana_vivienda_unifamiliar,3.44827586206897
12,Castellón/Castelló,2015,alquiler_mensual_eur_m2_p25_vivienda_colectiva,2.7027027027027
12,Castellón/Castelló,2015,alquiler_mensual_eur_m2_p25_vivienda_unifamiliar,2.08668890146964
12,Castellón/Castelló,2015,alquiler_mensual_eur_m2_p75_vivienda_colectiva,5.8252427184466
12,Castellón/Castelló,2015,alquiler_mensual_eur_m2_p75_vivienda_unifamiliar,5.51084503302466
12,Castellón/Castelló,2015,alquiler_mensual_total_eur_mediana_vivienda_colectiva,330.0
12,Castellón/Castelló,2015,alquiler_mensual_total_eur_mediana_vivienda_unifamiliar,360.0
12,Castellón/Castelló,2015,alquiler_mensual_total_eur_p25_vivienda_colectiva,250.0
12,Castellón/Castelló,2015,alquiler_mensual_total_eur_p25_vivienda_unifamiliar,250.0
12,Castellón/Castelló,2015,alquiler_mensual_total_eur_p75_vivienda_colectiva,500.0
12,Castellón/Castelló,2015,alquiler_mensual_total_eur_p75_vivienda_unifamiliar,600.0
12,Castellón/Castelló,2015,observaciones_alquiler_vivienda_colectiva,13238.0
12,Castellón/Castelló,2015,observaciones_alquiler_vivienda_unifamiliar,2234.0
12,Castellón/Castelló,2015,superficie_m2_mediana_vivienda_colectiva,94.0
12,Castellón/Castelló,2015,superficie_m2_mediana_vivienda_unifamiliar,158.0
12,Castellón/Castelló,2015,superficie_m2_p25_vivienda_colectiva,75.0
12,Castellón/Castelló,2015,superficie_m2_p25_vivienda_unifamiliar,112.0
12,Castellón/Castelló,2015,superficie_m2_p75_vivienda_colectiva,112.0
12,Castellón/Castelló,2015,superficie_m2_p75_vivienda_unifamiliar,213.0
12,Castellón/Castelló,2016,alquiler_mensual_eur_m2_mediana_vivienda_colectiva,3.94736842105263
12,Castellón/Castelló,2016,alquiler_mensual_eur_m2_mediana_vivienda_unifamiliar,3.50877192982456
12,Castellón/Castelló,2016,alquiler_mensual_eur_m2_p25_vivienda_colectiva,2.8169014084507
12,Castellón/Castelló,2016,alquiler_mensual_eur_m2_p25_vivienda_unifamiliar,2.14592274678112
12,Castellón/Castelló,2016,alquiler_mensual_eur_m2_p75_vivienda_colectiva,6.02693860078278
12,Castellón/Castelló,2016,alquiler_mensual_eur_m2_p75_vivienda_unifamiliar,5.80290712468193
12,Castellón/Castelló,2016,alquiler_mensual_total_eur_mediana_vivienda_colectiva,350.0
12,Castellón/Castelló,2016,alquiler_mensual_total_eur_mediana_vivienda_unifamiliar,395.833333333333
12,Castellón/Castelló,2016,alquiler_mensual_total_eur_p25_vivienda_colectiva,250.0
12,Castellón/Castelló,2016,alquiler_mensual_total_eur_p25_vivienda_unifamiliar,250.0
12,Castellón/Castelló,2016,alquiler_mensual_total_eur_p75_vivienda_colectiva,500.005416666667
12,Castellón/Castelló,2016,alquiler_mensual_total_eur_p75_vivienda_unifamiliar,600.0
12,Castellón/Castelló,2016,observaciones_alquiler_vivienda_colectiva,14687.0
12,Castellón/Castelló,2016,observaciones_alquiler_vivienda_unifamiliar,2484.0
12,Castellón/Castelló,2016,superficie_m2_mediana_vivienda_colectiva,94.0
12,Castellón/Castelló,2016,superficie_m2_mediana_vivienda_unifamiliar,158.0
12,Castellón/Castelló,2016,superficie_m2_p25_vivienda_colectiva,75.0
12,Castellón/Castelló,2016,superficie_m2_p25_vivienda_unifamiliar,113.0
12,Castellón/Castelló,2016,superficie_m2_p75_vivienda_colectiva,112.0
12,Castellón/Castelló,2016,superficie_m2_p75_vivienda_unifamiliar,213.0
12,Castellón/Castelló,2017,alquiler_mensual_eur_m2_mediana_vivienda_colectiva,4.0983606557377
12,Castellón/Castelló,2017,alquiler_mensual_eur_m2_mediana_vivienda_unifamiliar,3.68773946360153
12,Castellón/Castelló,2017,alquiler_mensual_eur_m2_p25_vivienda_colectiva,2.94117647058824
12,Castellón/Castelló,2017,alquiler_mensual_eur_m2_p25_vivienda_unifamiliar,2.29885057471264
12,Castellón/Castelló,2017,alquiler_mensual_eur_m2_p75_vivienda_colectiva,6.27906976744186
12,Castellón/Castelló,2017,alquiler_mensual_eur_m2_p75_vivienda_unifamiliar,6.13797204876598
12,Castellón/Castelló,2017,alquiler_mensual_total_eur_mediana_vivienda_colectiva,350.0
12,Castellón/Castelló,2017,alquiler_mensual_total_eur_mediana_vivienda_unifamiliar,400.0
12,Castellón/Castelló,2017,alquiler_mensual_total_eur_p25_vivienda_colectiva,270.0
12,Castellón/Castelló,2017,alquiler_mensual_total_eur_p25_vivienda_unifamiliar,250.0
12,Castellón/Castelló,2017,alquiler_mensual_total_eur_p75_vivienda_colectiva,540.0
12,Castellón/Castelló,2017,alquiler_mensual_total_eur_p75_vivienda_unifamiliar,650.0
12,Castellón/Castelló,2017,observaciones_alquiler_vivienda_colectiva,15836.0
12,Castellón/Castelló,2017,observaciones_alquiler_vivienda_unifamiliar,2650.0
12,Castellón/Castelló,2017,superficie_m2_mediana_vivienda_colectiva,93.0
12,Castellón/Castelló,2017,superficie_m2_mediana_vivienda_unifamiliar,154.0
12,Castellón/Castelló,2017,superficie_m2_p25_vivienda_colectiva,74.0
12,Castellón/Castelló,2017,superficie_m2_p25_vivienda_unifamiliar,112.0
12,Castellón/Castelló,2017,superficie_m2_p75_vivienda_colectiva,111.0
12,Castellón/Castelló,2017,superficie_m2_p75_vivienda_unifamiliar,210.0
12,Castellón/Castelló,2018,alquiler_mensual_eur_m2_mediana_vivienda_colectiva,4.28607066732251
12,Castellón/Castelló,2018,alquiler_mensual_eur_m2_mediana_vivienda_unifamiliar,3.81401669274909
12,Castellón/Castelló,2018,alquiler_mensual_eur_m2_p25_vivienda_colectiva,3.04347826086956
12,Castellón/Castelló,2018,alquiler_mensual_eur_m2_p25_vivienda_unifamiliar,2.40780651340996
12,Castellón/Castelló,2018,alquiler_mensual_eur_m2_p75_vivienda_colectiva,6.55737704918033
12,Castellón/Castelló,2018,alquiler_mensual_eur_m2_p75_vivienda_unifamiliar,6.36363636363636
12,Castellón/Castelló,2018,alquiler_mensual_total_eur_mediana_vivienda_colectiva,360.0
12,Castellón/Castelló,2018,alquiler_mensual_total_eur_mediana_vivienda_unifamiliar,400.0
12,Castellón/Castelló,2018,alquiler_mensual_total_eur_p25_vivienda_colectiva,280.0
12,Castellón/Castelló,2018,alquiler_mensual_total_eur_p25_vivienda_unifamiliar,260.0
12,Castellón/Castelló,2018,alquiler_mensual_total_eur_p75_vivienda_colectiva,565.0
12,Castellón/Castelló,2018,alquiler_mensual_total_eur_p75_vivienda_unifamiliar,686.833370837084
12,Castellón/Castelló,2018,observaciones_alquiler_vivienda_colectiva,17117.0
12,Castellón/Castelló,2018,observaciones_alquiler_vivienda_unifamiliar,2845.0
12,Castellón/Castelló,2018,superficie_m2_mediana_vivienda_colectiva,93.0
12,Castellón/Castelló,2018,superficie_m2_mediana_vivienda_unifamiliar,156.0
12,Castellón/Castelló,2018,superficie_m2_p25_vivienda_colectiva,74.0
12,Castellón/Castelló,2018,superficie_m2_p25_vivienda_unifamiliar,112.0
12,Castellón/Castelló,2018,superficie_m2_p75_vivienda_colectiva,111.0
12,Castellón/Castelló,2018,superficie_m2_p75_vivienda_unifamiliar,209.0
13,Ciudad Real,2015,alquiler_mensual_eur_m2_mediana_vivienda_colectiva,4.58333333333333
13,Ciudad Real,2015,alquiler_mensual_eur_m2_mediana_vivienda_unifamiliar,2.69230769230769
13,Ciudad Real,2015,alquiler_mensual_eur_m2_p25_vivienda_colectiva,3.2520325203252
13,Ciudad Real,2015,alquiler_mensual_eur_m2_p25_vivienda_unifamiliar,1.68067226890756
13,Ciudad Real,2015,alquiler_mensual_eur_m2_p75_vivienda_colectiva,6.96517412935323
13,Ciudad Real,2015,alquiler_mensual_eur_m2_p75_vivienda_unifamiliar,4.22535211267606
13,Ciudad Real,2015,alquiler_mensual_total_eur_mediana_vivienda_colectiva,350.0
13,Ciudad Real,2015,alquiler_mensual_total_eur_mediana_vivienda_unifamiliar,350.0
13,Ciudad Real,2015,alquiler_mensual_total_eur_p25_vivienda_colectiva,272.083333333333
13,Ciudad Real,2015,alquiler_mensual_total_eur_p25_vivienda_unifamiliar,230.02300230023
13,Ciudad Real,2015,alquiler_mensual_total_eur_p75_vivienda_colectiva,558.333333333333
13,Ciudad Real,2015,alquiler_mensual_total_eur_p75_vivienda_unifamiliar,540.0
13,Ciudad Real,2015,observaciones_alquiler_vivienda_colectiva,4656.0
13,Ciudad Real,2015,observaciones_alquiler_vivienda_unifamiliar,1148.0
13,Ciudad Real,2015,superficie_m2_mediana_vivienda_colectiva,86.0
13,Ciudad Real,2015,superficie_m2_mediana_vivienda_unifamiliar,176.0
13,Ciudad Real,2015,superficie_m2_p25_vivienda_colectiva,68.0
13,Ciudad Real,2015,superficie_m2_p25_vivienda_unifamiliar,131.0
13,Ciudad Real,2015,superficie_m2_p75_vivienda_colectiva,105.0
13,Ciudad Real,2015,superficie_m2_p75_vivienda_unifamiliar,240.0
13,Ciudad Real,2016,alquiler_mensual_eur_m2_mediana_vivienda_colectiva,4.73333860759494
13,Ciudad Real,2016,alquiler_mensual_eur_m2_mediana_vivienda_unifamiliar,2.69230769230769
13,Ciudad Real,2016,alquiler_mensual_eur_m2_p25_vivienda_colectiva,3.40909090909091
13,Ciudad Real,2016,alquiler_mensual_eur_m2_p25_vivienda_unifamiliar,1.68067226890756
13,Ciudad Real,2016,alquiler_mensual_eur_m2_p75_vivienda_colectiva,7.2463768115942
13,Ciudad Real,2016,alquiler_mensual_eur_m2_p75_vivienda_unifamiliar,4.54545454545455
13,Ciudad Real,2016,alquiler_mensual_total_eur_mediana_vivienda_colectiva,365.0
13,Ciudad Real,2016,alquiler_mensual_total_eur_mediana_vivienda_unifamiliar,341.666666666667
13,Ciudad Real,2016,alquiler_mensual_total_eur_p25_vivienda_colectiva,275.0
13,Ciudad Real,2016,alquiler_mensual_total_eur_p25_vivienda_unifamiliar,225.0
13,Ciudad Real,2016,alquiler_mensual_total_eur_p75_vivienda_colectiva,600.0
13,Ciudad Real,2016,alquiler_mensual_total_eur_p75_vivienda_unifamiliar,550.0
13,Ciudad Real,2016,observaciones_alquiler_vivienda_colectiva,5313.0
13,Ciudad Real,2016,observaciones_alquiler_vivienda_unifamiliar,1312.0
13,Ciudad Real,2016,superficie_m2_mediana_vivienda_colectiva,85.0
13,Ciudad Real,2016,superficie_m2_mediana_vivienda_unifamiliar,175.0
13,Ciudad Real,2016,superficie_m2_p25_vivienda_colectiva,68.0
13,Ciudad Real,2016,superficie_m2_p25_vivienda_unifamiliar,129.0
13,Ciudad Real,2016,superficie_m2_p75_vivienda_colectiva,105.0
13,Ciudad Real,2016,superficie_m2_p75_vivienda_unifamiliar,243.0
13,Ciudad Real,2017,alquiler_mensual_eur_m2_mediana_vivienda_colectiva,4.6875
13,Ciudad Real,2017,alquiler_mensual_eur_m2_mediana_vivienda_unifamiliar,2.77777777777778
13,Ciudad Real,2017,alquiler_mensual_eur_m2_p25_vivienda_colectiva,3.39805825242718
13,Ciudad Real,2017,alquiler_mensual_eur_m2_p25_vivienda_unifamiliar,1.74857123870282
13,Ciudad Real,2017,alquiler_mensual_eur_m2_p75_vivienda_colectiva,7.05882352941176
13,Ciudad Real,2017,alquiler_mensual_eur_m2_p75_vivienda_unifamiliar,4.5868897234551
13,Ciudad Real,2017,alquiler_mensual_total_eur_mediana_vivienda_colectiva,360.0
13,Ciudad Real,2017,alquiler_mensual_total_eur_mediana_vivienda_unifamiliar,350.0
13,Ciudad Real,2017,alquiler_mensual_total_eur_p25_vivienda_colectiva,280.0
13,Ciudad Real,2017,alquiler_mensual_total_eur_p25_vivienda_unifamiliar,240.0
13,Ciudad Real,2017,alquiler_mensual_total_eur_p75_vivienda_colectiva,573.75
13,Ciudad Real,2017,alquiler_mensual_total_eur_p75_vivienda_unifamiliar,551.65
13,Ciudad Real,2017,observaciones_alquiler_vivienda_colectiva,5950.0
13,Ciudad Real,2017,observaciones_alquiler_vivienda_unifamiliar,1457.0
13,Ciudad Real,2017,superficie_m2_mediana_vivienda_colectiva,85.0
13,Ciudad Real,2017,superficie_m2_mediana_vivienda_unifamiliar,174.0
13,Ciudad Real,2017,superficie_m2_p25_vivienda_colectiva,68.0
13,Ciudad Real,2017,superficie_m2_p25_vivienda_unifamiliar,129.0
13,Ciudad Real,2017,superficie_m2_p75_vivienda_colectiva,104.0
13,Ciudad Real,2017,superficie_m2_p75_vivienda_unifamiliar,238.75
13,Ciudad Real,2018,alquiler_mensual_eur_m2_mediana_vivienda_colectiva,4.7787610619469
13,Ciudad Real,2018,alquiler_mensual_eur_m2_mediana_vivienda_unifamiliar,3.04347826086956
13,Ciudad Real,2018,alquiler_mensual_eur_m2_p25_vivienda_colectiva,3.48837209302326
13,Ciudad Real,2018,alquiler_mensual_eur_m2_p25_vivienda_unifamiliar,1.91330027765804
13,Ciudad Real,2018,alquiler_mensual_eur_m2_p75_vivienda_colectiva,7.31707317073171
13,Ciudad Real,2018,alquiler_mensual_eur_m2_p75_vivienda_unifamiliar,4.85109223300971
13,Ciudad Real,2018,alquiler_mensual_total_eur_mediana_vivienda_colectiva,366.666666666667
13,Ciudad Real,2018,alquiler_mensual_total_eur_mediana_vivienda_unifamiliar,380.0
13,Ciudad Real,2018,alquiler_mensual_total_eur_p25_vivienda_colectiva,290.0
13,Ciudad Real,2018,alquiler_mensual_total_eur_p25_vivienda_unifamiliar,250.0
13,Ciudad Real,2018,alquiler_mensual_total_eur_p75_vivienda_colectiva,600.0
13,Ciudad Real,2018,alquiler_mensual_total_eur_p75_vivienda_unifamiliar,600.0
13,Ciudad Real,2018,observaciones_alquiler_vivienda_colectiva,6528.0
13,Ciudad Real,2018,observaciones_alquiler_vivienda_unifamiliar,1591.0
13,Ciudad Real,2018,superficie_m2_mediana_vivienda_colectiva,85.0
13,Ciudad Real,2018,superficie_m2_mediana_vivienda_unifamiliar,173.0
13,Ciudad Real,2018,superficie_m2_p25_vivienda_colectiva,68.0
13,Ciudad Real,2018,superficie_m2_p25_vivienda_unifamiliar,131.0
13,Ciudad Real,2018,superficie_m2_p75_vivienda_colectiva,105.0
13,Ciudad Real,2018,superficie_m2_p75_vivienda_unifamiliar,239.0
14,Córdoba,2015,alquiler_mensual_eur_m2_mediana_vivienda_colectiva,5.72309195799592
14,Córdoba,2015,alquiler_mensual_eur_m2_mediana_vivienda_unifamiliar,3.36958256029685
14,Córdoba,2015,alquiler_mensual_eur_m2_p25_vivienda_colectiva,3.94736842105263
14,Córdoba,2015,alquiler_mensual_eur_m2_p25_vivienda_unifamiliar,2.0009291023442
14,Córdoba,2015,alquiler_mensual_eur_m2_p75_vivienda_colectiva,8.48736061055756
14,Córdoba,2015,alquiler_mensual_eur_m2_p75_vivienda_unifamiliar,5.5809620596206
14,Córdoba,2015,alquiler_mensual_total_eur_mediana_vivienda_colectiva,450.0
14,Córdoba,2015,alquiler_mensual_total_eur_mediana_vivienda_unifamiliar,423.726851851852
14,Córdoba,2015,alquiler_mensual_total_eur_p25_vivienda_colectiva,326.666666666667
14,Córdoba,2015,alquiler_mensual_total_eur_p25_vivienda_unifamiliar,266.666666666667
14,Córdoba,2015,alquiler_mensual_total_eur_p75_vivienda_colectiva,700.0
14,Córdoba,2015,alquiler_mensual_total_eur_p75_vivienda_unifamiliar,756.200329896907
14,Córdoba,2015,observaciones_alquiler_vivienda_colectiva,8179.0
14,Córdoba,2015,observaciones_alquiler_vivienda_unifamiliar,1001.0
14,Córdoba,2015,superficie_m2_mediana_vivienda_colectiva,85.0
14,Córdoba,2015,superficie_m2_mediana_vivienda_unifamiliar,162.5
14,Córdoba,2015,superficie_m2_p25_vivienda_colectiva,67.0
14,Córdoba,2015,superficie_m2_p25_vivienda_unifamiliar,119.0
14,Córdoba,2015,superficie_m2_p75_vivienda_colectiva,103.0
14,Córdoba,2015,superficie_m2_p75_vivienda_unifamiliar,253.75
14,Córdoba,2016,alquiler_mensual_eur_m2_mediana_vivienda_colectiva,6.03448275862069
14,Córdoba,2016,alquiler_mensual_eur_m2_mediana_vivienda_unifamiliar,3.57142857142857
14,Córdoba,2016,alquiler_mensual_eur_m2_p25_vivienda_colectiva,4.11522633744856
14,Córdoba,2016,alquiler_mensual_eur_m2_p25_vivienda_unifamiliar,2.1551724137931
14,Córdoba,2016,alquiler_mensual_eur_m2_p75_vivienda_colectiva,8.88251366120219
14,Córdoba,2016,alquiler_mensual_eur_m2_p75_vivienda_unifamiliar,5.84795321637427
14,Córdoba,2016,alquiler_mensual_total_eur_mediana_vivienda_colectiva,468.333333333333
14,Córdoba,2016,alquiler_mensual_total_eur_mediana_vivienda_unifamiliar,476.32270597646
14,Córdoba,2016,alquiler_mensual_total_eur_p25_vivienda_colectiva,350.0
14,Córdoba,2016,alquiler_mensual_total_eur_p25_vivienda_unifamiliar,300.0
14,Córdoba,2016,alquiler_mensual_total_eur_p75_vivienda_colectiva,730.0
14,Córdoba,2016,alquiler_mensual_total_eur_p75_vivienda_unifamiliar,800.0
14,Córdoba,2016,observaciones_alquiler_vivienda_colectiva,9088.0
14,Córdoba,2016,observaciones_alquiler_vivienda_unifamiliar,1128.0
14,Córdoba,2016,superficie_m2_mediana_vivienda_colectiva,84.0
14,Córdoba,2016,superficie_m2_mediana_vivienda_unifamiliar,163.0
14,Córdoba,2016,superficie_m2_p25_vivienda_colectiva,67.0
14,Córdoba,2016,superficie_m2_p25_vivienda_unifamiliar,118.0
14,Córdoba,2016,superficie_m2_p75_vivienda_colectiva,103.0
14,Córdoba,2016,superficie_m2_p75_vivienda_unifamiliar,254.0
14,Córdoba,2017,alquiler_mensual_eur_m2_mediana_vivienda_colectiva,6.04281135531136
14,Córdoba,2017,alquiler_mensual_eur_m2_mediana_vivienda_unifamiliar,3.62903225806452
14,Córdoba,2017,alquiler_mensual_eur_m2_p25_vivienda_colectiva,4.23728813559322
14,Córdoba,2017,alquiler_mensual_eur_m2_p25_vivienda_unifamiliar,2.26758535582065
14,Córdoba,2017,alquiler_mensual_eur_m2_p75_vivienda_colectiva,8.91891891891892
14,Córdoba,2017,alquiler_mensual_eur_m2_p75_vivienda_unifamiliar,5.96999827823692
14,Córdoba,2017,alquiler_mensual_total_eur_mediana_vivienda_colectiva,460.0
14,Córdoba,2017,alquiler_mensual_total_eur_mediana_vivienda_unifamiliar,470.525416666667
14,Córdoba,2017,alquiler_mensual_total_eur_p25_vivienda_colectiva,350.0
14,Córdoba,2017,alquiler_mensual_total_eur_p25_vivienda_unifamiliar,300.0
14,Córdoba,2017,alquiler_mensual_total_eur_p75_vivienda_colectiva,720.0
14,Córdoba,2017,alquiler_mensual_total_eur_p75_vivienda_unifamiliar,800.0
14,Córdoba,2017,observaciones_alquiler_vivienda_colectiva,9801.0
14,Córdoba,2017,observaciones_alquiler_vivienda_unifamiliar,1242.0
14,Córdoba,2017,superficie_m2_mediana_vivienda_colectiva,83.0
14,Córdoba,2017,superficie_m2_mediana_vivienda_unifamiliar,165.0
14,Córdoba,2017,superficie_m2_p25_vivienda_colectiva,67.0
14,Córdoba,2017,superficie_m2_p25_vivienda_unifamiliar,116.5
14,Córdoba,2017,superficie_m2_p75_vivienda_colectiva,102.0
14,Córdoba,2017,superficie_m2_p75_vivienda_unifamiliar,250.0
14,Córdoba,2018,alquiler_mensual_eur_m2_mediana_vivienda_colectiva,6.21890547263682
14,Córdoba,2018,alquiler_mensual_eur_m2_mediana_vivienda_unifamiliar,3.72340425531915
14,Córdoba,2018,alquiler_mensual_eur_m2_p25_vivienda_colectiva,4.3010752688172
14,Córdoba,2018,alquiler_mensual_eur_m2_p25_vivienda_unifamiliar,2.27272727272727
14,Córdoba,2018,alquiler_mensual_eur_m2_p75_vivienda_colectiva,9.24528301886793
14,Córdoba,2018,alquiler_mensual_eur_m2_p75_vivienda_unifamiliar,6.09365228267667
14,Córdoba,2018,alquiler_mensual_total_eur_mediana_vivienda_colectiva,480.0
14,Córdoba,2018,alquiler_mensual_total_eur_mediana_vivienda_unifamiliar,475.44
14,Córdoba,2018,alquiler_mensual_total_eur_p25_vivienda_colectiva,350.0
14,Córdoba,2018,alquiler_mensual_total_eur_p25_vivienda_unifamiliar,300.0
14,Córdoba,2018,alquiler_mensual_total_eur_p75_vivienda_colectiva,760.0
14,Córdoba,2018,alquiler_mensual_total_eur_p75_vivienda_unifamiliar,800.0
14,Córdoba,2018,observaciones_alquiler_vivienda_colectiva,10584.0
14,Córdoba,2018,observaciones_alquiler_vivienda_unifamiliar,1394.0
14,Córdoba,2018,superficie_m2_mediana_vivienda_colectiva,83.0
14,Córdoba,2018,superficie_m2_mediana_vivienda_unifamiliar,163.0
14,Córdoba,2018,superficie_m2_p25_vivienda_colectiva,67.0
14,Córdoba,2018,superficie_m2_p25_vivienda_unifamiliar,119.0
14,Córdoba,2018,superficie_m2_p75_vivienda_colectiva,102.0
14,Córdoba,2018,superficie_m2_p75_vivienda_unifamiliar,252.5
15,"Coruña, A",2015,alquiler_mensual_eur_m2_mediana_vivienda_colectiva,5.26315789473684
15,"Coruña, A",2015,alquiler_mensual_eur_m2_mediana_vivienda_unifamiliar,3.2051282051282
15,"Coruña, A",2015,alquiler_mensual_eur_m2_p25_vivienda_colectiva,3.72340425531915
15,"Coruña, A",2015,alquiler_mensual_eur_m2_p25_vivienda_unifamiliar,1.85185185185185
15,"Coruña, A",2015,alquiler_mensual_eur_m2_p75_vivienda_colectiva,8.0
15,"Coruña, A",2015,alquiler_mensual_eur_m2_p75_vivienda_unifamiliar,5.26187460275586
15,"Coruña, A",2015,alquiler_mensual_total_eur_mediana_vivienda_colectiva,400.0
15,"Coruña, A",2015,alquiler_mensual_total_eur_mediana_vivienda_unifamiliar,400.0
15,"Coruña, A",2015,alquiler_mensual_total_eur_p25_vivienda_colectiva,300.0
15,"Coruña, A",2015,alquiler_mensual_total_eur_p25_vivienda_unifamiliar,250.0
15,"Coruña, A",2015,alquiler_mensual_total_eur_p75_vivienda_colectiva,625.0
15,"Coruña, A",2015,alquiler_mensual_total_eur_p75_vivienda_unifamiliar,700.0
15,"Coruña, A",2015,observaciones_alquiler_vivienda_colectiva,33456.0
15,"Coruña, A",2015,observaciones_alquiler_vivienda_unifamiliar,3114.0
15,"Coruña, A",2015,superficie_m2_mediana_vivienda_colectiva,86.0
15,"Coruña, A",2015,superficie_m2_mediana_vivienda_unifamiliar,209.0
15,"Coruña, A",2015,superficie_m2_p25_vivienda_colectiva,70.0
15,"Coruña, A",2015,superficie_m2_p25_vivienda_unifamiliar,135.0
15,"Coruña, A",2015,superficie_m2_p75_vivienda_colectiva,105.0
15,"Coruña, A",2015,superficie_m2_p75_vivienda_unifamiliar,288.5
15,"Coruña, A",2016,alquiler_mensual_eur_m2_mediana_vivienda_colectiva,5.40540540540541
15,"Coruña, A",2016,alquiler_mensual_eur_m2_mediana_vivienda_unifamiliar,3.33333333333333
15,"Coruña, A",2016,alquiler_mensual_eur_m2_p25_vivienda_colectiva,3.82978723404255
15,"Coruña, A",2016,alquiler_mensual_eur_m2_p25_vivienda_unifamiliar,1.96496086610768
15,"Coruña, A",2016,alquiler_mensual_eur_m2_p75_vivienda_colectiva,8.23529411764706
15,"Coruña, A",2016,alquiler_mensual_eur_m2_p75_vivienda_unifamiliar,5.42329396637935
15,"Coruña, A",2016,alquiler_mensual_total_eur_mediana_vivienda_colectiva,419.793333333333
15,"Coruña, A",2016,alquiler_mensual_total_eur_mediana_vivienda_unifamiliar,416.666666666667
15,"Coruña, A",2016,alquiler_mensual_total_eur_p25_vivienda_colectiva,300.0
15,"Coruña, A",2016,alquiler_mensual_total_eur_p25_vivienda_unifamiliar,264.605
15,"Coruña, A",2016,alquiler_mensual_total_eur_p75_vivienda_colectiva,650.0
15,"Coruña, A",2016,alquiler_mensual_total_eur_p75_vivienda_unifamiliar,700.0
15,"Coruña, A",2016,observaciones_alquiler_vivienda_colectiva,36355.0
15,"Coruña, A",2016,observaciones_alquiler_vivienda_unifamiliar,3382.0
15,"Coruña, A",2016,superficie_m2_mediana_vivienda_colectiva,86.0
15,"Coruña, A",2016,superficie_m2_mediana_vivienda_unifamiliar,208.0
15,"Coruña, A",2016,superficie_m2_p25_vivienda_colectiva,70.0
15,"Coruña, A",2016,superficie_m2_p25_vivienda_unifamiliar,135.0
15,"Coruña, A",2016,superficie_m2_p75_vivienda_colectiva,105.0
15,"Coruña, A",2016,superficie_m2_p75_vivienda_unifamiliar,286.0
15,"Coruña, A",2017,alquiler_mensual_eur_m2_mediana_vivienda_colectiva,5.53846153846154
15,"Coruña, A",2017,alquiler_mensual_eur_m2_mediana_vivienda_unifamiliar,3.4375
15,"Coruña, A",2017,alquiler_mensual_eur_m2_p25_vivienda_colectiva,3.92996002906977
15,"Coruña, A",2017,alquiler_mensual_eur_m2_p25_vivienda_unifamiliar,2.02617174136161
15,"Coruña, A",2017,alquiler_mensual_eur_m2_p75_vivienda_colectiva,8.45070422535211
15,"Coruña, A",2017,alquiler_mensual_eur_m2_p75_vivienda_unifamiliar,5.61797752808989
15,"Coruña, A",2017,alquiler_mensual_total_eur_mediana_vivienda_colectiva,425.0
15,"Coruña, A",2017,alquiler_mensual_total_eur_mediana_vivienda_unifamiliar,425.0
15,"Coruña, A",2017,alquiler_mensual_total_eur_p25_vivienda_colectiva,316.666666666667
15,"Coruña, A",2017,alquiler_mensual_total_eur_p25_vivienda_unifamiliar,280.0
15,"Coruña, A",2017,alquiler_mensual_total_eur_p75_vivienda_colectiva,660.0
15,"Coruña, A",2017,alquiler_mensual_total_eur_p75_vivienda_unifamiliar,730.0
15,"Coruña, A",2017,observaciones_alquiler_vivienda_colectiva,38734.0
15,"Coruña, A",2017,observaciones_alquiler_vivienda_unifamiliar,3598.0
15,"Coruña, A",2017,superficie_m2_mediana_vivienda_colectiva,85.0
15,"Coruña, A",2017,superficie_m2_mediana_vivienda_unifamiliar,207.0
15,"Coruña, A",2017,superficie_m2_p25_vivienda_colectiva,69.0
15,"Coruña, A",2017,superficie_m2_p25_vivienda_unifamiliar,133.0
15,"Coruña, A",2017,superficie_m2_p75_vivienda_colectiva,104.0
15,"Coruña, A",2017,superficie_m2_p75_vivienda_unifamiliar,288.0
15,"Coruña, A",2018,alquiler_mensual_eur_m2_mediana_vivienda_colectiva,5.68181818181818
15,"Coruña, A",2018,alquiler_mensual_eur_m2_mediana_vivienda_unifamiliar,3.54381443298969
15,"Coruña, A",2018,alquiler_mensual_eur_m2_p25_vivienda_colectiva,4.05386742917616
15,"Coruña, A",2018,alquiler_mensual_eur_m2_p25_vivienda_unifamiliar,2.10526315789474
15,"Coruña, A",2018,alquiler_mensual_eur_m2_p75_vivienda_colectiva,8.64197530864198
15,"Coruña, A",2018,alquiler_mensual_eur_m2_p75_vivienda_unifamiliar,5.81395348837209
15,"Coruña, A",2018,alquiler_mensual_total_eur_mediana_vivienda_colectiva,438.333333333333
15,"Coruña, A",2018,alquiler_mensual_total_eur_mediana_vivienda_unifamiliar,450.0
15,"Coruña, A",2018,alquiler_mensual_total_eur_p25_vivienda_colectiva,325.0
15,"Coruña, A",2018,alquiler_mensual_total_eur_p25_vivienda_unifamiliar,295.0
15,"Coruña, A",2018,alquiler_mensual_total_eur_p75_vivienda_colectiva,680.0
15,"Coruña, A",2018,alquiler_mensual_total_eur_p75_vivienda_unifamiliar,750.07500750075
15,"Coruña, A",2018,observaciones_alquiler_vivienda_colectiva,41277.0
15,"Coruña, A",2018,observaciones_alquiler_vivienda_unifamiliar,3886.0
15,"Coruña, A",2018,superficie_m2_mediana_vivienda_colectiva,85.0
15,"Coruña, A",2018,superficie_m2_mediana_vivienda_unifamiliar,204.0
15,"Coruña, A",2018,superficie_m2_p25_vivienda_colectiva,69.0
15,"Coruña, A",2018,superficie_m2_p25_vivienda_unifamiliar,132.0
15,"Coruña, A",2018,superficie_m2_p75_vivienda_colectiva,104.0
15,"Coruña, A",2018,superficie_m2_p75_vivienda_unifamiliar,287.0
16,Cuenca,2015,alquiler_mensual_eur_m2_mediana_vivienda_colectiva,4.59016393442623
16,Cuenca,2015,alquiler_mensual_eur_m2_mediana_vivienda_unifamiliar,2.61824324324324
16,Cuenca,2015,alquiler_mensual_eur_m2_p25_vivienda_colectiva,3.25704225352113
16,Cuenca,2015,alquiler_mensual_eur_m2_p25_vivienda_unifamiliar,1.59478945506016
16,Cuenca,2015,alquiler_mensual_eur_m2_p75_vivienda_colectiva,7.04225352112676
16,Cuenca,2015,alquiler_mensual_eur_m2_p75_vivienda_unifamiliar,4.16666666666667
16,Cuenca,2015,alquiler_mensual_total_eur_mediana_vivienda_colectiva,400.0
16,Cuenca,2015,alquiler_mensual_total_eur_mediana_vivienda_unifamiliar,300.0
16,Cuenca,2015,alquiler_mensual_total_eur_p25_vivienda_colectiva,300.0
16,Cuenca,2015,alquiler_mensual_total_eur_p25_vivienda_unifamiliar,200.493333333333
16,Cuenca,2015,alquiler_mensual_total_eur_p75_vivienda_colectiva,644.117647058824
16,Cuenca,2015,alquiler_mensual_total_eur_p75_vivienda_unifamiliar,490.0
16,Cuenca,2015,observaciones_alquiler_vivienda_colectiva,2084.0
16,Cuenca,2015,observaciones_alquiler_vivienda_unifamiliar,630.0
16,Cuenca,2015,superficie_m2_mediana_vivienda_colectiva,104.0
16,Cuenca,2015,superficie_m2_mediana_vivienda_unifamiliar,180.0
16,Cuenca,2015,superficie_m2_p25_vivienda_colectiva,83.0
16,Cuenca,2015,superficie_m2_p25_vivienda_unifamiliar,124.5
16,Cuenca,2015,superficie_m2_p75_vivienda_colectiva,127.0
16,Cuenca,2015,superficie_m2_p75_vivienda_unifamiliar,267.5
16,Cuenca,2016,alquiler_mensual_eur_m2_mediana_vivienda_colectiva,4.71698113207547
16,Cuenca,2016,alquiler_mensual_eur_m2_mediana_vivienda_unifamiliar,2.80528542061986
16,Cuenca,2016,alquiler_mensual_eur_m2_p25_vivienda_colectiva,3.34120481927711
16,Cuenca,2016,alquiler_mensual_eur_m2_p25_vivienda_unifamiliar,1.7101334738321
16,Cuenca,2016,alquiler_mensual_eur_m2_p75_vivienda_colectiva,7.3394495412844
16,Cuenca,2016,alquiler_mensual_eur_m2_p75_vivienda_unifamiliar,4.63600824175824
16,Cuenca,2016,alquiler_mensual_total_eur_mediana_vivienda_colectiva,416.666666666667
16,Cuenca,2016,alquiler_mensual_total_eur_mediana_vivienda_unifamiliar,300.0025
16,Cuenca,2016,alquiler_mensual_total_eur_p25_vivienda_colectiva,300.0
16,Cuenca,2016,alquiler_mensual_total_eur_p25_vivienda_unifamiliar,225.0
16,Cuenca,2016,alquiler_mensual_total_eur_p75_vivienda_colectiva,687.5
16,Cuenca,2016,alquiler_mensual_total_eur_p75_vivienda_unifamiliar,500.00375
16,Cuenca,2016,observaciones_alquiler_vivienda_colectiva,2264.0
16,Cuenca,2016,observaciones_alquiler_vivienda_unifamiliar,677.0
16,Cuenca,2016,superficie_m2_mediana_vivienda_colectiva,104.0
16,Cuenca,2016,superficie_m2_mediana_vivienda_unifamiliar,172.0
16,Cuenca,2016,superficie_m2_p25_vivienda_colectiva,83.0
16,Cuenca,2016,superficie_m2_p25_vivienda_unifamiliar,120.25
16,Cuenca,2016,superficie_m2_p75_vivienda_colectiva,127.0
16,Cuenca,2016,superficie_m2_p75_vivienda_unifamiliar,269.75
16,Cuenca,2017,alquiler_mensual_eur_m2_mediana_vivienda_colectiva,4.67619218787443
16,Cuenca,2017,alquiler_mensual_eur_m2_mediana_vivienda_unifamiliar,2.75409954489634
16,Cuenca,2017,alquiler_mensual_eur_m2_p25_vivienda_colectiva,3.38983050847458
16,Cuenca,2017,alquiler_mensual_eur_m2_p25_vivienda_unifamiliar,1.76716150995432
16,Cuenca,2017,alquiler_mensual_eur_m2_p75_vivienda_colectiva,7.26485354456348
16,Cuenca,2017,alquiler_mensual_eur_m2_p75_vivienda_unifamiliar,4.56493506493506
16,Cuenca,2017,alquiler_mensual_total_eur_mediana_vivienda_colectiva,408.333333333333
16,Cuenca,2017,alquiler_mensual_total_eur_mediana_vivienda_unifamiliar,320.0
16,Cuenca,2017,alquiler_mensual_total_eur_p25_vivienda_colectiva,300.0
16,Cuenca,2017,alquiler_mensual_total_eur_p25_vivienda_unifamiliar,225.0
16,Cuenca,2017,alquiler_mensual_total_eur_p75_vivienda_colectiva,666.666666666667
16,Cuenca,2017,alquiler_mensual_total_eur_p75_vivienda_unifamiliar,500.0
16,Cuenca,2017,observaciones_alquiler_vivienda_colectiva,2451.0
16,Cuenca,2017,observaciones_alquiler_vivienda_unifamiliar,785.0
16,Cuenca,2017,superficie_m2_mediana_vivienda_colectiva,104.0
16,Cuenca,2017,superficie_m2_mediana_vivienda_unifamiliar,172.0
16,Cuenca,2017,superficie_m2_p25_vivienda_colectiva,83.0
16,Cuenca,2017,superficie_m2_p25_vivienda_unifamiliar,120.0
16,Cuenca,2017,superficie_m2_p75_vivienda_colectiva,127.0
16,Cuenca,2017,superficie_m2_p75_vivienda_unifamiliar,267.0
16,Cuenca,2018,alquiler_mensual_eur_m2_mediana_vivienda_colectiva,4.76190476190476
16,Cuenca,2018,alquiler_mensual_eur_m2_mediana_vivienda_unifamiliar,2.83018867924528
16,Cuenca,2018,alquiler_mensual_eur_m2_p25_vivienda_colectiva,3.47826086956522
16,Cuenca,2018,alquiler_mensual_eur_m2_p25_vivienda_unifamiliar,1.88679245283019
16,Cuenca,2018,alquiler_mensual_eur_m2_p75_vivienda_colectiva,7.5
16,Cuenca,2018,alquiler_mensual_eur_m2_p75_vivienda_unifamiliar,4.63293650793651
16,Cuenca,2018,alquiler_mensual_total_eur_mediana_vivienda_colectiva,420.0
16,Cuenca,2018,alquiler_mensual_total_eur_mediana_vivienda_unifamiliar,333.333333333333
16,Cuenca,2018,alquiler_mensual_total_eur_p25_vivienda_colectiva,320.0
16,Cuenca,2018,alquiler_mensual_total_eur_p25_vivienda_unifamiliar,249.375
16,Cuenca,2018,alquiler_mensual_total_eur_p75_vivienda_colectiva,700.0
16,Cuenca,2018,alquiler_mensual_total_eur_p75_vivienda_unifamiliar,550.0
16,Cuenca,2018,observaciones_alquiler_vivienda_colectiva,2672.0
16,Cuenca,2018,observaciones_alquiler_vivienda_unifamiliar,807.0
16,Cuenca,2018,superficie_m2_mediana_vivienda_colectiva,104.0
16,Cuenca,2018,superficie_m2_mediana_vivienda_unifamiliar,175.5
16,Cuenca,2018,superficie_m2_p25_vivienda_colectiva,84.0
16,Cuenca,2018,superficie_m2_p25_vivienda_unifamiliar,124.75
16,Cuenca,2018,superficie_m2_p75_vivienda_colectiva,128.0
16,Cuenca,2018,superficie_m2_p75_vivienda_unifamiliar,271.0
17,Girona,2015,alquiler_mensual_eur_m2_mediana_vivienda_colectiva,6.0585046728972
17,Girona,2015,alquiler_mensual_eur_m2_mediana_vivienda_unifamiliar,4.22818791946309
17,Girona,2015,alquiler_mensual_eur_m2_p25_vivienda_colectiva,4.40699807793116
17,Girona,2015,alquiler_mensual_eur_m2_p25_vivienda_unifamiliar,2.43722675174288
17,Girona,2015,alquiler_mensual_eur_m2_p75_vivienda_colectiva,8.88888888888889
17,Girona,2015,alquiler_mensual_eur_m2_p75_vivienda_unifamiliar,6.49060658792097
17,Girona,2015,alquiler_mensual_total_eur_mediana_vivienda_colectiva,450.0
17,Girona,2015,alquiler_mensual_total_eur_mediana_vivienda_unifamiliar,534.416666666667
17,Girona,2015,alquiler_mensual_total_eur_p25_vivienda_colectiva,350.0
17,Girona,2015,alquiler_mensual_total_eur_p25_vivienda_unifamiliar,366.666666666667
17,Girona,2015,alquiler_mensual_total_eur_p75_vivienda_colectiva,700.0
17,Girona,2015,alquiler_mensual_total_eur_p75_vivienda_unifamiliar,850.0
17,Girona,2015,observaciones_alquiler_vivienda_colectiva,23930.0
17,Girona,2015,observaciones_alquiler_vivienda_unifamiliar,9278.0
17,Girona,2015,superficie_m2_mediana_vivienda_colectiva,81.0
17,Girona,2015,superficie_m2_mediana_vivienda_unifamiliar,187.0
17,Girona,2015,superficie_m2_p25_vivienda_colectiva,64.0
17,Girona,2015,superficie_m2_p25_vivienda_unifamiliar,128.0
17,Girona,2015,superficie_m2_p75_vivienda_colectiva,99.0
17,Girona,2015,superficie_m2_p75_vivienda_unifamiliar,291.0
17,Girona,2016,alquiler_mensual_eur_m2_mediana_vivienda_colectiva,6.17647058823529
17,Girona,2016,alquiler_mensual_eur_m2_mediana_vivienda_unifamiliar,4.41367777680704
17,Girona,2016,alquiler_mensual_eur_m2_p25_vivienda_colectiva,4.5286980448455
17,Girona,2016,alquiler_mensual_eur_m2_p25_vivienda_unifamiliar,2.61627906976744
17,Girona,2016,alquiler_mensual_eur_m2_p75_vivienda_colectiva,9.15858215893521
17,Girona,2016,alquiler_mensual_eur_m2_p75_vivienda_unifamiliar,6.76841281607775
17,Girona,2016,alquiler_mensual_total_eur_mediana_vivienda_colectiva,464.343333333333
17,Girona,2016,alquiler_mensual_total_eur_mediana_vivienda_unifamiliar,550.0
17,Girona,2016,alquiler_mensual_total_eur_p25_vivienda_colectiva,360.0
17,Girona,2016,alquiler_mensual_total_eur_p25_vivienda_unifamiliar,380.0
17,Girona,2016,alquiler_mensual_total_eur_p75_vivienda_colectiva,704.006666666667
17,Girona,2016,alquiler_mensual_total_eur_p75_vivienda_unifamiliar,887.5
17,Girona,2016,observaciones_alquiler_vivienda_colectiva,26350.0
17,Girona,2016,observaciones_alquiler_vivienda_unifamiliar,9949.0
17,Girona,2016,superficie_m2_mediana_vivienda_colectiva,80.0
17,Girona,2016,superficie_m2_mediana_vivienda_unifamiliar,185.0
17,Girona,2016,superficie_m2_p25_vivienda_colectiva,64.0
17,Girona,2016,superficie_m2_p25_vivienda_unifamiliar,127.0
17,Girona,2016,superficie_m2_p75_vivienda_colectiva,99.0
17,Girona,2016,superficie_m2_p75_vivienda_unifamiliar,286.0
17,Girona,2017,alquiler_mensual_eur_m2_mediana_vivienda_colectiva,6.43939393939394
17,Girona,2017,alquiler_mensual_eur_m2_mediana_vivienda_unifamiliar,4.57159391534392
17,Girona,2017,alquiler_mensual_eur_m2_p25_vivienda_colectiva,4.72222222222222
17,Girona,2017,alquiler_mensual_eur_m2_p25_vivienda_unifamiliar,2.73984562898672
17,Girona,2017,alquiler_mensual_eur_m2_p75_vivienda_colectiva,9.51343396226415
17,Girona,2017,alquiler_mensual_eur_m2_p75_vivienda_unifamiliar,7.04225352112676
17,Girona,2017,alquiler_mensual_total_eur_mediana_vivienda_colectiva,490.0
17,Girona,2017,alquiler_mensual_total_eur_mediana_vivienda_unifamiliar,564.775
17,Girona,2017,alquiler_mensual_total_eur_p25_vivienda_colectiva,377.346458333333
17,Girona,2017,alquiler_mensual_total_eur_p25_vivienda_unifamiliar,400.0
17,Girona,2017,alquiler_mensual_total_eur_p75_vivienda_colectiva,746.482617586912
17,Girona,2017,alquiler_mensual_total_eur_p75_vivienda_unifamiliar,900.0
17,Girona,2017,observaciones_alquiler_vivienda_colectiva,28003.0
17,Girona,2017,observaciones_alquiler_vivienda_unifamiliar,10243.0
17,Girona,2017,superficie_m2_mediana_vivienda_colectiva,80.0
17,Girona,2017,superficie_m2_mediana_vivienda_unifamiliar,185.0
17,Girona,2017,superficie_m2_p25_vivienda_colectiva,63.0
17,Girona,2017,superficie_m2_p25_vivienda_unifamiliar,126.75
17,Girona,2017,superficie_m2_p75_vivienda_colectiva,98.0
17,Girona,2017,superficie_m2_p75_vivienda_unifamiliar,286.0
17,Girona,2018,alquiler_mensual_eur_m2_mediana_vivienda_colectiva,6.73076923076923
17,Girona,2018,alquiler_mensual_eur_m2_mediana_vivienda_unifamiliar,4.71294642857143
17,Girona,2018,alquiler_mensual_eur_m2_p25_vivienda_colectiva,4.93224910394265
17,Girona,2018,alquiler_mensual_eur_m2_p25_vivienda_unifamiliar,2.86885245901639
17,Girona,2018,alquiler_mensual_eur_m2_p75_vivienda_colectiva,9.95670995670996
17,Girona,2018,alquiler_mensual_eur_m2_p75_vivienda_unifamiliar,7.33333333333333
17,Girona,2018,alquiler_mensual_total_eur_mediana_vivienda_colectiva,500.0
17,Girona,2018,alquiler_mensual_total_eur_mediana_vivienda_unifamiliar,600.0
17,Girona,2018,alquiler_mensual_total_eur_p25_vivienda_colectiva,400.0
17,Girona,2018,alquiler_mensual_total_eur_p25_vivienda_unifamiliar,400.0
17,Girona,2018,alquiler_mensual_total_eur_p75_vivienda_colectiva,783.86
17,Girona,2018,alquiler_mensual_total_eur_p75_vivienda_unifamiliar,942.964166666667
17,Girona,2018,observaciones_alquiler_vivienda_colectiva,29796.0
17,Girona,2018,observaciones_alquiler_vivienda_unifamiliar,10540.0
17,Girona,2018,superficie_m2_mediana_vivienda_colectiva,80.0
17,Girona,2018,superficie_m2_mediana_vivienda_unifamiliar,184.0
17,Girona,2018,superficie_m2_p25_vivienda_colectiva,63.0
17,Girona,2018,superficie_m2_p25_vivienda_unifamiliar,126.0
17,Girona,2018,superficie_m2_p75_vivienda_colectiva,98.0
17,Girona,2018,superficie_m2_p75_vivienda_unifamiliar,286.0
18,Granada,2015,alquiler_mensual_eur_m2_mediana_vivienda_colectiva,4.84496124031008
18,Granada,2015,alquiler_mensual_eur_m2_mediana_vivienda_unifamiliar,3.73348773374507
18,Granada,2015,alquiler_mensual_eur_m2_p25_vivienda_colectiva,3.50467289719626
18,Granada,2015,alquiler_mensual_eur_m2_p25_vivienda_unifamiliar,2.41992923444536
18,Granada,2015,alquiler_mensual_eur_m2_p75_vivienda_colectiva,7.40740740740741
18,Granada,2015,alquiler_mensual_eur_m2_p75_vivienda_unifamiliar,5.87284530904834
18,Granada,2015,alquiler_mensual_total_eur_mediana_vivienda_colectiva,408.333333333333
18,Granada,2015,alquiler_mensual_total_eur_mediana_vivienda_unifamiliar,450.0
18,Granada,2015,alquiler_mensual_total_eur_p25_vivienda_colectiva,300.0
18,Granada,2015,alquiler_mensual_total_eur_p25_vivienda_unifamiliar,300.0
18,Granada,2015,alquiler_mensual_total_eur_p75_vivienda_colectiva,625.0
18,Granada,2015,alquiler_mensual_total_eur_p75_vivienda_unifamiliar,745.78
18,Granada,2015,observaciones_alquiler_vivienda_colectiva,16003.0
18,Granada,2015,observaciones_alquiler_vivienda_unifamiliar,3005.0
18,Granada,2015,superficie_m2_mediana_vivienda_colectiva,90.0
18,Granada,2015,superficie_m2_mediana_vivienda_unifamiliar,175.0
18,Granada,2015,superficie_m2_p25_vivienda_colectiva,72.0
18,Granada,2015,superficie_m2_p25_vivienda_unifamiliar,132.0
18,Granada,2015,superficie_m2_p75_vivienda_colectiva,111.0
18,Granada,2015,superficie_m2_p75_vivienda_unifamiliar,224.0
18,Granada,2016,alquiler_mensual_eur_m2_mediana_vivienda_colectiva,5.17241379310345
18,Granada,2016,alquiler_mensual_eur_m2_mediana_vivienda_unifamiliar,3.89586748203253
18,Granada,2016,alquiler_mensual_eur_m2_p25_vivienda_colectiva,3.7037037037037
18,Granada,2016,alquiler_mensual_eur_m2_p25_vivienda_unifamiliar,2.56709363227823
18,Granada,2016,alquiler_mensual_eur_m2_p75_vivienda_colectiva,7.89473684210526
18,Granada,2016,alquiler_mensual_eur_m2_p75_vivienda_unifamiliar,6.25
18,Granada,2016,alquiler_mensual_total_eur_mediana_vivienda_colectiva,445.0
18,Granada,2016,alquiler_mensual_total_eur_mediana_vivienda_unifamiliar,475.0
18,Granada,2016,alquiler_mensual_total_eur_p25_vivienda_colectiva,300.0
18,Granada,2016,alquiler_mensual_total_eur_p25_vivienda_unifamiliar,316.666666666667
18,Granada,2016,alquiler_mensual_total_eur_p75_vivienda_colectiva,666.666666666667
18,Granada,2016,alquiler_mensual_total_eur_p75_vivienda_unifamiliar,762.291666666667
18,Granada,2016,observaciones_alquiler_vivienda_colectiva,17765.0
18,Granada,2016,observaciones_alquiler_vivienda_unifamiliar,3379.0
18,Granada,2016,superficie_m2_mediana_vivienda_colectiva,89.0
18,Granada,2016,superficie_m2_mediana_vivienda_unifamiliar,174.0
18,Granada,2016,superficie_m2_p25_vivienda_colectiva,72.0
18,Granada,2016,superficie_m2_p25_vivienda_unifamiliar,130.0
18,Granada,2016,superficie_m2_p75_vivienda_colectiva,110.0
18,Granada,2016,superficie_m2_p75_vivienda_unifamiliar,220.0
18,Granada,2017,alquiler_mensual_eur_m2_mediana_vivienda_colectiva,5.26315789473684
18,Granada,2017,alquiler_mensual_eur_m2_mediana_vivienda_unifamiliar,3.94736842105263
18,Granada,2017,alquiler_mensual_eur_m2_p25_vivienda_colectiva,3.81937056737589
18,Granada,2017,alquiler_mensual_eur_m2_p25_vivienda_unifamiliar,2.70042194092827
18,Granada,2017,alquiler_mensual_eur_m2_p75_vivienda_colectiva,8.0306012884753
18,Granada,2017,alquiler_mensual_eur_m2_p75_vivienda_unifamiliar,6.32911392405063
18,Granada,2017,alquiler_mensual_total_eur_mediana_vivienda_colectiva,445.0
18,Granada,2017,alquiler_mensual_total_eur_mediana_vivienda_unifamiliar,480.0
18,Granada,2017,alquiler_mensual_total_eur_p25_vivienda_colectiva,316.666666666667
18,Granada,2017,alquiler_mensual_total_eur_p25_vivienda_unifamiliar,333.333333333333
18,Granada,2017,alquiler_mensual_total_eur_p75_vivienda_colectiva,670.0
18,Granada,2017,alquiler_mensual_total_eur_p75_vivienda_unifamiliar,800.0
18,Granada,2017,observaciones_alquiler_vivienda_colectiva,19611.0
18,Granada,2017,observaciones_alquiler_vivienda_unifamiliar,3736.0
18,Granada,2017,superficie_m2_mediana_vivienda_colectiva,88.0
18,Granada,2017,superficie_m2_mediana_vivienda_unifamiliar,172.0
18,Granada,2017,superficie_m2_p25_vivienda_colectiva,71.0
18,Granada,2017,superficie_m2_p25_vivienda_unifamiliar,129.0
18,Granada,2017,superficie_m2_p75_vivienda_colectiva,109.0
18,Granada,2017,superficie_m2_p75_vivienda_unifamiliar,219.0
18,Granada,2018,alquiler_mensual_eur_m2_mediana_vivienda_colectiva,5.49450549450549
18,Granada,2018,alquiler_mensual_eur_m2_mediana_vivienda_unifamiliar,4.0983606557377
18,Granada,2018,alquiler_mensual_eur_m2_p25_vivienda_colectiva,3.972354590311
18,Granada,2018,alquiler_mensual_eur_m2_p25_vivienda_unifamiliar,2.75229357798165
18,Granada,2018,alquiler_mensual_eur_m2_p75_vivienda_colectiva,8.44444444444444
18,Granada,2018,alquiler_mensual_eur_m2_p75_vivienda_unifamiliar,6.60869565217391
18,Granada,2018,alquiler_mensual_total_eur_mediana_vivienda_colectiva,457.5
18,Granada,2018,alquiler_mensual_total_eur_mediana_vivienda_unifamiliar,500.0
18,Granada,2018,alquiler_mensual_total_eur_p25_vivienda_colectiva,330.0
18,Granada,2018,alquiler_mensual_total_eur_p25_vivienda_unifamiliar,343.333333333333
18,Granada,2018,alquiler_mensual_total_eur_p75_vivienda_colectiva,700.0
18,Granada,2018,alquiler_mensual_total_eur_p75_vivienda_unifamiliar,800.0
18,Granada,2018,observaciones_alquiler_vivienda_colectiva,20911.0
18,Granada,2018,observaciones_alquiler_vivienda_unifamiliar,3980.0
18,Granada,2018,superficie_m2_mediana_vivienda_colectiva,87.0
18,Granada,2018,superficie_m2_mediana_vivienda_unifamiliar,173.0
18,Granada,2018,superficie_m2_p25_vivienda_colectiva,71.0
18,Granada,2018,superficie_m2_p25_vivienda_unifamiliar,127.0
18,Granada,2018,superficie_m2_p75_vivienda_colectiva,108.0
18,Granada,2018,superficie_m2_p75_vivienda_unifamiliar,219.0
19,Guadalajara,2015,alquiler_mensual_eur_m2_mediana_vivienda_colectiva,5.72060212418301
19,Guadalajara,2015,alquiler_mensual_eur_m2_mediana_vivienda_unifamiliar,4.26448436753738
19,Guadalajara,2015,alquiler_mensual_eur_m2_p25_vivienda_colectiva,4.26829268292683
19,Guadalajara,2015,alquiler_mensual_eur_m2_p25_vivienda_unifamiliar,2.84509816312774
19,Guadalajara,2015,alquiler_mensual_eur_m2_p75_vivienda_colectiva,8.80560844729098
19,Guadalajara,2015,alquiler_mensual_eur_m2_p75_vivienda_unifamiliar,6.61918342965006
19,Guadalajara,2015,alquiler_mensual_total_eur_mediana_vivienda_colectiva,450.0
19,Guadalajara,2015,alquiler_mensual_total_eur_mediana_vivienda_unifamiliar,550.0
19,Guadalajara,2015,alquiler_mensual_total_eur_p25_vivienda_colectiva,350.0
19,Guadalajara,2015,alquiler_mensual_total_eur_p25_vivienda_unifamiliar,350.0
19,Guadalajara,2015,alquiler_mensual_total_eur_p75_vivienda_colectiva,700.0
19,Guadalajara,2015,alquiler_mensual_total_eur_p75_vivienda_unifamiliar,825.0
19,Guadalajara,2015,observaciones_alquiler_vivienda_colectiva,5551.0
19,Guadalajara,2015,observaciones_alquiler_vivienda_unifamiliar,1781.0
19,Guadalajara,2015,superficie_m2_mediana_vivienda_colectiva,85.0
19,Guadalajara,2015,superficie_m2_mediana_vivienda_unifamiliar,171.0
19,Guadalajara,2015,superficie_m2_p25_vivienda_colectiva,70.0
19,Guadalajara,2015,superficie_m2_p25_vivienda_unifamiliar,135.0
19,Guadalajara,2015,superficie_m2_p75_vivienda_colectiva,102.0
19,Guadalajara,2015,superficie_m2_p75_vivienda_unifamiliar,222.75
19,Guadalajara,2016,alquiler_mensual_eur_m2_mediana_vivienda_colectiva,5.89285714285714
19,Guadalajara,2016,alquiler_mensual_eur_m2_mediana_vivienda_unifamiliar,4.46743697478992
19,Guadalajara,2016,alquiler_mensual_eur_m2_p25_vivienda_colectiva,4.42677801724138
19,Guadalajara,2016,alquiler_mensual_eur_m2_p25_vivienda_unifamiliar,3.0
19,Guadalajara,2016,alquiler_mensual_eur_m2_p75_vivienda_colectiva,9.09090909090909
19,Guadalajara,2016,alquiler_mensual_eur_m2_p75_vivienda_unifamiliar,7.04380467829
19,Guadalajara,2016,alquiler_mensual_total_eur_mediana_vivienda_colectiva,450.0
19,Guadalajara,2016,alquiler_mensual_total_eur_mediana_vivienda_unifamiliar,575.0
19,Guadalajara,2016,alquiler_mensual_total_eur_p25_vivienda_colectiva,350.0
19,Guadalajara,2016,alquiler_mensual_total_eur_p25_vivienda_unifamiliar,365.0
19,Guadalajara,2016,alquiler_mensual_total_eur_p75_vivienda_colectiva,720.0
19,Guadalajara,2016,alquiler_mensual_total_eur_p75_vivienda_unifamiliar,900.0
19,Guadalajara,2016,observaciones_alquiler_vivienda_colectiva,6255.0
19,Guadalajara,2016,observaciones_alquiler_vivienda_unifamiliar,1987.0
19,Guadalajara,2016,superficie_m2_mediana_vivienda_colectiva,85.0
19,Guadalajara,2016,superficie_m2_mediana_vivienda_unifamiliar,170.0
19,Guadalajara,2016,superficie_m2_p25_vivienda_colectiva,70.0
19,Guadalajara,2016,superficie_m2_p25_vivienda_unifamiliar,134.0
19,Guadalajara,2016,superficie_m2_p75_vivienda_colectiva,102.0
19,Guadalajara,2016,superficie_m2_p75_vivienda_unifamiliar,222.0
19,Guadalajara,2017,alquiler_mensual_eur_m2_mediana_vivienda_colectiva,6.07733584131327
19,Guadalajara,2017,alquiler_mensual_eur_m2_mediana_vivienda_unifamiliar,4.57372304701308
19,Guadalajara,2017,alquiler_mensual_eur_m2_p25_vivienda_colectiva,4.58715596330275
19,Guadalajara,2017,alquiler_mensual_eur_m2_p25_vivienda_unifamiliar,3.2051282051282
19,Guadalajara,2017,alquiler_mensual_eur_m2_p75_vivienda_colectiva,9.375
19,Guadalajara,2017,alquiler_mensual_eur_m2_p75_vivienda_unifamiliar,7.3394495412844
19,Guadalajara,2017,alquiler_mensual_total_eur_mediana_vivienda_colectiva,450.0
19,Guadalajara,2017,alquiler_mensual_total_eur_mediana_vivienda_unifamiliar,600.0
19,Guadalajara,2017,alquiler_mensual_total_eur_p25_vivienda_colectiva,360.0
19,Guadalajara,2017,alquiler_mensual_total_eur_p25_vivienda_unifamiliar,400.0
19,Guadalajara,2017,alquiler_mensual_total_eur_p75_vivienda_colectiva,750.0
19,Guadalajara,2017,alquiler_mensual_total_eur_p75_vivienda_unifamiliar,900.0
19,Guadalajara,2017,observaciones_alquiler_vivienda_colectiva,6935.0
19,Guadalajara,2017,observaciones_alquiler_vivienda_unifamiliar,2161.0
19,Guadalajara,2017,superficie_m2_mediana_vivienda_colectiva,85.0
19,Guadalajara,2017,superficie_m2_mediana_vivienda_unifamiliar,168.0
19,Guadalajara,2017,superficie_m2_p25_vivienda_colectiva,70.0
19,Guadalajara,2017,superficie_m2_p25_vivienda_unifamiliar,132.0
19,Guadalajara,2017,superficie_m2_p75_vivienda_colectiva,102.0
19,Guadalajara,2017,superficie_m2_p75_vivienda_unifamiliar,218.0
19,Guadalajara,2018,alquiler_mensual_eur_m2_mediana_vivienda_colectiva,6.32911392405063
19,Guadalajara,2018,alquiler_mensual_eur_m2_mediana_vivienda_unifamiliar,4.74683544303797
19,Guadalajara,2018,alquiler_mensual_eur_m2_p25_vivienda_colectiva,4.75
19,Guadalajara,2018,alquiler_mensual_eur_m2_p25_vivienda_unifamiliar,3.26086956521739
19,Guadalajara,2018,alquiler_mensual_eur_m2_p75_vivienda_colectiva,9.72222222222222
19,Guadalajara,2018,alquiler_mensual_eur_m2_p75_vivienda_unifamiliar,7.58420986395008
19,Guadalajara,2018,alquiler_mensual_total_eur_mediana_vivienda_colectiva,480.0
19,Guadalajara,2018,alquiler_mensual_total_eur_mediana_vivienda_unifamiliar,600.0
19,Guadalajara,2018,alquiler_mensual_total_eur_p25_vivienda_colectiva,375.0
19,Guadalajara,2018,alquiler_mensual_total_eur_p25_vivienda_unifamiliar,400.0
19,Guadalajara,2018,alquiler_mensual_total_eur_p75_vivienda_colectiva,800.0
19,Guadalajara,2018,alquiler_mensual_total_eur_p75_vivienda_unifamiliar,954.438333333333
19,Guadalajara,2018,observaciones_alquiler_vivienda_colectiva,7720.0
19,Guadalajara,2018,observaciones_alquiler_vivienda_unifamiliar,2378.0
19,Guadalajara,2018,superficie_m2_mediana_vivienda_colectiva,85.0
19,Guadalajara,2018,superficie_m2_mediana_vivienda_unifamiliar,166.0
19,Guadalajara,2018,superficie_m2_p25_vivienda_colectiva,70.0
19,Guadalajara,2018,superficie_m2_p25_vivienda_unifamiliar,130.0
19,Guadalajara,2018,superficie_m2_p75_vivienda_colectiva,102.0
19,Guadalajara,2018,superficie_m2_p75_vivienda_unifamiliar,216.0
21,Huelva,2015,alquiler_mensual_eur_m2_mediana_vivienda_colectiva,5.19047619047619
21,Huelva,2015,alquiler_mensual_eur_m2_mediana_vivienda_unifamiliar,3.68034055727554
21,Huelva,2015,alquiler_mensual_eur_m2_p25_vivienda_colectiva,3.68421052631579
21,Huelva,2015,alquiler_mensual_eur_m2_p25_vivienda_unifamiliar,2.41832968835429
21,Huelva,2015,alquiler_mensual_eur_m2_p75_vivienda_colectiva,7.69230769230769
21,Huelva,2015,alquiler_mensual_eur_m2_p75_vivienda_unifamiliar,6.01515151515152
21,Huelva,2015,alquiler_mensual_total_eur_mediana_vivienda_colectiva,400.0
21,Huelva,2015,alquiler_mensual_total_eur_mediana_vivienda_unifamiliar,400.0
21,Huelva,2015,alquiler_mensual_total_eur_p25_vivienda_colectiva,300.0
21,Huelva,2015,alquiler_mensual_total_eur_p25_vivienda_unifamiliar,275.0
21,Huelva,2015,alquiler_mensual_total_eur_p75_vivienda_colectiva,620.0
21,Huelva,2015,alquiler_mensual_total_eur_p75_vivienda_unifamiliar,619.0625
21,Huelva,2015,observaciones_alquiler_vivienda_colectiva,3060.0
21,Huelva,2015,observaciones_alquiler_vivienda_unifamiliar,1203.0
21,Huelva,2015,superficie_m2_mediana_vivienda_colectiva,86.0
21,Huelva,2015,superficie_m2_mediana_vivienda_unifamiliar,122.0
21,Huelva,2015,superficie_m2_p25_vivienda_colectiva,69.0
21,Huelva,2015,superficie_m2_p25_vivienda_unifamiliar,98.0
21,Huelva,2015,superficie_m2_p75_vivienda_colectiva,103.0
21,Huelva,2015,superficie_m2_p75_vivienda_unifamiliar,176.0
21,Huelva,2016,alquiler_mensual_eur_m2_mediana_vivienda_colectiva,5.65116279069768
21,Huelva,2016,alquiler_mensual_eur_m2_mediana_vivienda_unifamiliar,3.88888888888889
21,Huelva,2016,alquiler_mensual_eur_m2_p25_vivienda_colectiva,3.90243902439024
21,Huelva,2016,alquiler_mensual_eur_m2_p25_vivienda_unifamiliar,2.52747252747253
21,Huelva,2016,alquiler_mensual_eur_m2_p75_vivienda_colectiva,8.29058441558442
21,Huelva,2016,alquiler_mensual_eur_m2_p75_vivienda_unifamiliar,6.25
21,Huelva,2016,alquiler_mensual_total_eur_mediana_vivienda_colectiva,425.0
21,Huelva,2016,alquiler_mensual_total_eur_mediana_vivienda_unifamiliar,400.0
21,Huelva,2016,alquiler_mensual_total_eur_p25_vivienda_colectiva,325.0
21,Huelva,2016,alquiler_mensual_total_eur_p25_vivienda_unifamiliar,291.666666666667
21,Huelva,2016,alquiler_mensual_total_eur_p75_vivienda_colectiva,682.701590909091
21,Huelva,2016,alquiler_mensual_total_eur_p75_vivienda_unifamiliar,685.0
21,Huelva,2016,observaciones_alquiler_vivienda_colectiva,3506.0
21,Huelva,2016,observaciones_alquiler_vivienda_unifamiliar,1340.0
21,Huelva,2016,superficie_m2_mediana_vivienda_colectiva,85.0
21,Huelva,2016,superficie_m2_mediana_vivienda_unifamiliar,122.0
21,Huelva,2016,superficie_m2_p25_vivienda_colectiva,68.0
21,Huelva,2016,superficie_m2_p25_vivienda_unifamiliar,98.0
21,Huelva,2016,superficie_m2_p75_vivienda_colectiva,102.0
21,Huelva,2016,superficie_m2_p75_vivienda_unifamiliar,171.0
21,Huelva,2017,alquiler_mensual_eur_m2_mediana_vivienda_colectiva,5.48780487804878
21,Huelva,2017,alquiler_mensual_eur_m2_mediana_vivienda_unifamiliar,3.94736842105263
21,Huelva,2017,alquiler_mensual_eur_m2_p25_vivienda_colectiva,3.9445885841364
21,Huelva,2017,alquiler_mensual_eur_m2_p25_vivienda_unifamiliar,2.69499105545617
21,Huelva,2017,alquiler_mensual_eur_m2_p75_vivienda_colectiva,8.16326530612245
21,Huelva,2017,alquiler_mensual_eur_m2_p75_vivienda_unifamiliar,6.20293519485517
21,Huelva,2017,alquiler_mensual_total_eur_mediana_vivienda_colectiva,412.5
21,Huelva,2017,alquiler_mensual_total_eur_mediana_vivienda_unifamiliar,400.0
21,Huelva,2017,alquiler_mensual_total_eur_p25_vivienda_colectiva,325.0
21,Huelva,2017,alquiler_mensual_total_eur_p25_vivienda_unifamiliar,300.0
21,Huelva,2017,alquiler_mensual_total_eur_p75_vivienda_colectiva,651.66
21,Huelva,2017,alquiler_mensual_total_eur_p75_vivienda_unifamiliar,700.0
21,Huelva,2017,observaciones_alquiler_vivienda_colectiva,4029.0
21,Huelva,2017,observaciones_alquiler_vivienda_unifamiliar,1470.0
21,Huelva,2017,superficie_m2_mediana_vivienda_colectiva,84.0
21,Huelva,2017,superficie_m2_mediana_vivienda_unifamiliar,123.0
21,Huelva,2017,superficie_m2_p25_vivienda_colectiva,68.0
21,Huelva,2017,superficie_m2_p25_vivienda_unifamiliar,98.0
21,Huelva,2017,superficie_m2_p75_vivienda_colectiva,101.0
21,Huelva,2017,superficie_m2_p75_vivienda_unifamiliar,177.0
21,Huelva,2018,alquiler_mensual_eur_m2_mediana_vivienda_colectiva,5.66292134831461
21,Huelva,2018,alquiler_mensual_eur_m2_mediana_vivienda_unifamiliar,4.04040404040404
21,Huelva,2018,alquiler_mensual_eur_m2_p25_vivienda_colectiva,4.0915854978355
21,Huelva,2018,alquiler_mensual_eur_m2_p25_vivienda_unifamiliar,2.75229357798165
21,Huelva,2018,alquiler_mensual_eur_m2_p75_vivienda_colectiva,8.57142857142857
21,Huelva,2018,alquiler_mensual_eur_m2_p75_vivienda_unifamiliar,6.25
21,Huelva,2018,alquiler_mensual_total_eur_mediana_vivienda_colectiva,429.166666666667
21,Huelva,2018,alquiler_mensual_total_eur_mediana_vivienda_unifamiliar,400.0
21,Huelva,2018,alquiler_mensual_total_eur_p25_vivienda_colectiva,341.041666666667
21,Huelva,2018,alquiler_mensual_total_eur_p25_vivienda_unifamiliar,300.0
21,Huelva,2018,alquiler_mensual_total_eur_p75_vivienda_colectiva,686.244293429343
21,Huelva,2018,alquiler_mensual_total_eur_p75_vivienda_unifamiliar,700.0
21,Huelva,2018,observaciones_alquiler_vivienda_colectiva,4446.0
21,Huelva,2018,observaciones_alquiler_vivienda_unifamiliar,1644.0
21,Huelva,2018,superficie_m2_mediana_vivienda_colectiva,84.0
21,Huelva,2018,superficie_m2_mediana_vivienda_unifamiliar,120.0
21,Huelva,2018,superficie_m2_p25_vivienda_colectiva,68.0
21,Huelva,2018,superficie_m2_p25_vivienda_unifamiliar,96.0
21,Huelva,2018,superficie_m2_p75_vivienda_colectiva,101.0
21,Huelva,2018,superficie_m2_p75_vivienda_unifamiliar,169.0
22,Huesca,2015,alquiler_mensual_eur_m2_mediana_vivienda_colectiva,5.14285714285714
22,Huesca,2015,alquiler_mensual_eur_m2_mediana_vivienda_unifamiliar,2.9646017699115
22,Huesca,2015,alquiler_mensual_eur_m2_p25_vivienda_colectiva,3.56603897731545
22,Huesca,2015,alquiler_mensual_eur_m2_p25_vivienda_unifamiliar,1.92
22,Huesca,2015,alquiler_mensual_eur_m2_p75_vivienda_colectiva,7.59217508417509
22,Huesca,2015,alquiler_mensual_eur_m2_p75_vivienda_unifamiliar,4.82456140350877
22,Huesca,2015,alquiler_mensual_total_eur_mediana_vivienda_colectiva,400.0
22,Huesca,2015,alquiler_mensual_total_eur_mediana_vivienda_unifamiliar,333.333333333333
22,Huesca,2015,alquiler_mensual_total_eur_p25_vivienda_colectiva,300.0
22,Huesca,2015,alquiler_mensual_total_eur_p25_vivienda_unifamiliar,225.0
22,Huesca,2015,alquiler_mensual_total_eur_p75_vivienda_colectiva,600.0
22,Huesca,2015,alquiler_mensual_total_eur_p75_vivienda_unifamiliar,600.0
22,Huesca,2015,observaciones_alquiler_vivienda_colectiva,6090.0
22,Huesca,2015,observaciones_alquiler_vivienda_unifamiliar,720.0
22,Huesca,2015,superficie_m2_mediana_vivienda_colectiva,83.0
22,Huesca,2015,superficie_m2_mediana_vivienda_unifamiliar,190.0
22,Huesca,2015,superficie_m2_p25_vivienda_colectiva,66.0
22,Huesca,2015,superficie_m2_p25_vivienda_unifamiliar,134.0
22,Huesca,2015,superficie_m2_p75_vivienda_colectiva,106.0
22,Huesca,2015,superficie_m2_p75_vivienda_unifamiliar,292.0
22,Huesca,2016,alquiler_mensual_eur_m2_mediana_vivienda_colectiva,5.23310149967398
22,Huesca,2016,alquiler_mensual_eur_m2_mediana_vivienda_unifamiliar,3.14685314685315
22,Huesca,2016,alquiler_mensual_eur_m2_p25_vivienda_colectiva,3.65853658536585
22,Huesca,2016,alquiler_mensual_eur_m2_p25_vivienda_unifamiliar,2.01310861423221
22,Huesca,2016,alquiler_mensual_eur_m2_p75_vivienda_colectiva,7.84313725490196
22,Huesca,2016,alquiler_mensual_eur_m2_p75_vivienda_unifamiliar,5.00147260273973
22,Huesca,2016,alquiler_mensual_total_eur_mediana_vivienda_colectiva,400.0
22,Huesca,2016,alquiler_mensual_total_eur_mediana_vivienda_unifamiliar,350.0
22,Huesca,2016,alquiler_mensual_total_eur_p25_vivienda_colectiva,300.0
22,Huesca,2016,alquiler_mensual_total_eur_p25_vivienda_unifamiliar,250.0
22,Huesca,2016,alquiler_mensual_total_eur_p75_vivienda_colectiva,636.5
22,Huesca,2016,alquiler_mensual_total_eur_p75_vivienda_unifamiliar,600.0
22,Huesca,2016,observaciones_alquiler_vivienda_colectiva,6517.0
22,Huesca,2016,observaciones_alquiler_vivienda_unifamiliar,804.0
22,Huesca,2016,superficie_m2_mediana_vivienda_colectiva,83.0
22,Huesca,2016,superficie_m2_mediana_vivienda_unifamiliar,192.0
22,Huesca,2016,superficie_m2_p25_vivienda_colectiva,66.0
22,Huesca,2016,superficie_m2_p25_vivienda_unifamiliar,132.0
22,Huesca,2016,superficie_m2_p75_vivienda_colectiva,105.0
22,Huesca,2016,superficie_m2_p75_vivienda_unifamiliar,278.0
22,Huesca,2017,alquiler_mensual_eur_m2_mediana_vivienda_colectiva,5.35714285714286
22,Huesca,2017,alquiler_mensual_eur_m2_mediana_vivienda_unifamiliar,3.30578512396694
22,Huesca,2017,alquiler_mensual_eur_m2_p25_vivienda_colectiva,3.76332138590203
22,Huesca,2017,alquiler_mensual_eur_m2_p25_vivienda_unifamiliar,2.11403033586132
22,Huesca,2017,alquiler_mensual_eur_m2_p75_vivienda_colectiva,7.97831098805013
22,Huesca,2017,alquiler_mensual_eur_m2_p75_vivienda_unifamiliar,5.2633004528523
22,Huesca,2017,alquiler_mensual_total_eur_mediana_vivienda_colectiva,400.0
22,Huesca,2017,alquiler_mensual_total_eur_mediana_vivienda_unifamiliar,354.32
22,Huesca,2017,alquiler_mensual_total_eur_p25_vivienda_colectiva,312.5
22,Huesca,2017,alquiler_mensual_total_eur_p25_vivienda_unifamiliar,250.0
22,Huesca,2017,alquiler_mensual_total_eur_p75_vivienda_colectiva,636.0
22,Huesca,2017,alquiler_mensual_total_eur_p75_vivienda_unifamiliar,600.0
22,Huesca,2017,observaciones_alquiler_vivienda_colectiva,7019.0
22,Huesca,2017,observaciones_alquiler_vivienda_unifamiliar,874.0
22,Huesca,2017,superficie_m2_mediana_vivienda_colectiva,82.0
22,Huesca,2017,superficie_m2_mediana_vivienda_unifamiliar,191.0
22,Huesca,2017,superficie_m2_p25_vivienda_colectiva,66.0
22,Huesca,2017,superficie_m2_p25_vivienda_unifamiliar,134.0
22,Huesca,2017,superficie_m2_p75_vivienda_colectiva,104.0
22,Huesca,2017,superficie_m2_p75_vivienda_unifamiliar,278.5
22,Huesca,2018,alquiler_mensual_eur_m2_mediana_vivienda_colectiva,5.47945205479452
22,Huesca,2018,alquiler_mensual_eur_m2_mediana_vivienda_unifamiliar,3.5039470333588
22,Huesca,2018,alquiler_mensual_eur_m2_p25_vivienda_colectiva,3.84615384615385
22,Huesca,2018,alquiler_mensual_eur_m2_p25_vivienda_unifamiliar,2.12089794446448
22,Huesca,2018,alquiler_mensual_eur_m2_p75_vivienda_colectiva,8.22146118721461
22,Huesca,2018,alquiler_mensual_eur_m2_p75_vivienda_unifamiliar,5.55224242424243
22,Huesca,2018,alquiler_mensual_total_eur_mediana_vivienda_colectiva,412.5
22,Huesca,2018,alquiler_mensual_total_eur_mediana_vivienda_unifamiliar,390.625
22,Huesca,2018,alquiler_mensual_total_eur_p25_vivienda_colectiva,320.0
22,Huesca,2018,alquiler_mensual_total_eur_p25_vivienda_unifamiliar,250.0
22,Huesca,2018,alquiler_mensual_total_eur_p75_vivienda_colectiva,660.0
22,Huesca,2018,alquiler_mensual_total_eur_p75_vivienda_unifamiliar,605.6725
22,Huesca,2018,observaciones_alquiler_vivienda_colectiva,7637.0
22,Huesca,2018,observaciones_alquiler_vivienda_unifamiliar,981.0
22,Huesca,2018,superficie_m2_mediana_vivienda_colectiva,82.0
22,Huesca,2018,superficie_m2_mediana_vivienda_unifamiliar,192.0
22,Huesca,2018,superficie_m2_p25_vivienda_colectiva,65.0
22,Huesca,2018,superficie_m2_p25_vivienda_unifamiliar,136.0
22,Huesca,2018,superficie_m2_p75_vivienda_colectiva,104.0
22,Huesca,2018,superficie_m2_p75_vivienda_unifamiliar,283.5
23,Jaén,2015,alquiler_mensual_eur_m2_mediana_vivienda_colectiva,4.21052631578947
23,Jaén,2015,alquiler_mensual_eur_m2_mediana_vivienda_unifamiliar,2.78749028749029
23,Jaén,2015,alquiler_mensual_eur_m2_p25_vivienda_colectiva,2.80373831775701
23,Jaén,2015,alquiler_mensual_eur_m2_p25_vivienda_unifamiliar,1.63368802805675
23,Jaén,2015,alquiler_mensual_eur_m2_p75_vivienda_colectiva,6.40297389816003
23,Jaén,2015,alquiler_mensual_eur_m2_p75_vivienda_unifamiliar,4.71142234671646
23,Jaén,2015,alquiler_mensual_total_eur_mediana_vivienda_colectiva,379.166666666667
23,Jaén,2015,alquiler_mensual_total_eur_mediana_vivienda_unifamiliar,386.6825
23,Jaén,2015,alquiler_mensual_total_eur_p25_vivienda_colectiva,280.0
23,Jaén,2015,alquiler_mensual_total_eur_p25_vivienda_unifamiliar,250.0
23,Jaén,2015,alquiler_mensual_total_eur_p75_vivienda_colectiva,600.0
23,Jaén,2015,alquiler_mensual_total_eur_p75_vivienda_unifamiliar,650.0
23,Jaén,2015,observaciones_alquiler_vivienda_colectiva,5530.0
23,Jaén,2015,observaciones_alquiler_vivienda_unifamiliar,731.0
23,Jaén,2015,superficie_m2_mediana_vivienda_colectiva,99.0
23,Jaén,2015,superficie_m2_mediana_vivienda_unifamiliar,186.0
23,Jaén,2015,superficie_m2_p25_vivienda_colectiva,79.0
23,Jaén,2015,superficie_m2_p25_vivienda_unifamiliar,130.0
23,Jaén,2015,superficie_m2_p75_vivienda_colectiva,118.0
23,Jaén,2015,superficie_m2_p75_vivienda_unifamiliar,264.0
23,Jaén,2016,alquiler_mensual_eur_m2_mediana_vivienda_colectiva,4.50450450450451
23,Jaén,2016,alquiler_mensual_eur_m2_mediana_vivienda_unifamiliar,2.75590551181102
23,Jaén,2016,alquiler_mensual_eur_m2_p25_vivienda_colectiva,2.94117647058824
23,Jaén,2016,alquiler_mensual_eur_m2_p25_vivienda_unifamiliar,1.51909722222222
23,Jaén,2016,alquiler_mensual_eur_m2_p75_vivienda_colectiva,6.73076923076923
23,Jaén,2016,alquiler_mensual_eur_m2_p75_vivienda_unifamiliar,4.77941176470588
23,Jaén,2016,alquiler_mensual_total_eur_mediana_vivienda_colectiva,400.0
23,Jaén,2016,alquiler_mensual_total_eur_mediana_vivienda_unifamiliar,366.666666666667
23,Jaén,2016,alquiler_mensual_total_eur_p25_vivienda_colectiva,291.666666666667
23,Jaén,2016,alquiler_mensual_total_eur_p25_vivienda_unifamiliar,240.0
23,Jaén,2016,alquiler_mensual_total_eur_p75_vivienda_colectiva,600.041669666967
23,Jaén,2016,alquiler_mensual_total_eur_p75_vivienda_unifamiliar,642.86
23,Jaén,2016,observaciones_alquiler_vivienda_colectiva,5954.0
23,Jaén,2016,observaciones_alquiler_vivienda_unifamiliar,812.0
23,Jaén,2016,superficie_m2_mediana_vivienda_colectiva,99.0
23,Jaén,2016,superficie_m2_mediana_vivienda_unifamiliar,181.0
23,Jaén,2016,superficie_m2_p25_vivienda_colectiva,78.0
23,Jaén,2016,superficie_m2_p25_vivienda_unifamiliar,127.0
23,Jaén,2016,superficie_m2_p75_vivienda_colectiva,118.0
23,Jaén,2016,superficie_m2_p75_vivienda_unifamiliar,262.0
23,Jaén,2017,alquiler_mensual_eur_m2_mediana_vivienda_colectiva,4.48717948717949
23,Jaén,2017,alquiler_mensual_eur_m2_mediana_vivienda_unifamiliar,3.01032882148678
23,Jaén,2017,alquiler_mensual_eur_m2_p25_vivienda_colectiva,3.0
23,Jaén,2017,alquiler_mensual_eur_m2_p25_vivienda_unifamiliar,1.70649128268991
23,Jaén,2017,alquiler_mensual_eur_m2_p75_vivienda_colectiva,6.77860696517413
23,Jaén,2017,alquiler_mensual_eur_m2_p75_vivienda_unifamiliar,4.92449860074627
23,Jaén,2017,alquiler_mensual_total_eur_mediana_vivienda_colectiva,400.0
23,Jaén,2017,alquiler_mensual_total_eur_mediana_vivienda_unifamiliar,382.415
23,Jaén,2017,alquiler_mensual_total_eur_p25_vivienda_colectiva,300.0
23,Jaén,2017,alquiler_mensual_total_eur_p25_vivienda_unifamiliar,250.0
23,Jaén,2017,alquiler_mensual_total_eur_p75_vivienda_colectiva,600.0
23,Jaén,2017,alquiler_mensual_total_eur_p75_vivienda_unifamiliar,641.52375
23,Jaén,2017,observaciones_alquiler_vivienda_colectiva,6460.0
23,Jaén,2017,observaciones_alquiler_vivienda_unifamiliar,905.0
23,Jaén,2017,superficie_m2_mediana_vivienda_colectiva,98.0
23,Jaén,2017,superficie_m2_mediana_vivienda_unifamiliar,173.0
23,Jaén,2017,superficie_m2_p25_vivienda_colectiva,78.0
23,Jaén,2017,superficie_m2_p25_vivienda_unifamiliar,120.0
23,Jaén,2017,superficie_m2_p75_vivienda_colectiva,117.0
23,Jaén,2017,superficie_m2_p75_vivienda_unifamiliar,252.0
23,Jaén,2018,alquiler_mensual_eur_m2_mediana_vivienda_colectiva,4.58309523809524
23,Jaén,2018,alquiler_mensual_eur_m2_mediana_vivienda_unifamiliar,3.05839002267574
23,Jaén,2018,alquiler_mensual_eur_m2_p25_vivienda_colectiva,3.04428540680155
23,Jaén,2018,alquiler_mensual_eur_m2_p25_vivienda_unifamiliar,1.81051337914083
23,Jaén,2018,alquiler_mensual_eur_m2_p75_vivienda_colectiva,7.04225352112676
23,Jaén,2018,alquiler_mensual_eur_m2_p75_vivienda_unifamiliar,5.18262987012987
23,Jaén,2018,alquiler_mensual_total_eur_mediana_vivienda_colectiva,400.0
23,Jaén,2018,alquiler_mensual_total_eur_mediana_vivienda_unifamiliar,400.0
23,Jaén,2018,alquiler_mensual_total_eur_p25_vivienda_colectiva,300.0
23,Jaén,2018,alquiler_mensual_total_eur_p25_vivienda_unifamiliar,250.0
23,Jaén,2018,alquiler_mensual_total_eur_p75_vivienda_colectiva,630.847708333333
23,Jaén,2018,alquiler_mensual_total_eur_p75_vivienda_unifamiliar,660.0
23,Jaén,2018,observaciones_alquiler_vivienda_colectiva,7011.0
23,Jaén,2018,observaciones_alquiler_vivienda_unifamiliar,959.0
23,Jaén,2018,superficie_m2_mediana_vivienda_colectiva,97.0
23,Jaén,2018,superficie_m2_mediana_vivienda_unifamiliar,174.0
23,Jaén,2018,superficie_m2_p25_vivienda_colectiva,78.0
23,Jaén,2018,superficie_m2_p25_vivienda_unifamiliar,124.0
23,Jaén,2018,superficie_m2_p75_vivienda_colectiva,117.0
23,Jaén,2018,superficie_m2_p75_vivienda_unifamiliar,252.25
24,León,2015,alquiler_mensual_eur_m2_mediana_vivienda_colectiva,4.70588235294118
24,León,2015,alquiler_mensual_eur_m2_mediana_vivienda_unifamiliar,2.8473302669733
24,León,2015,alquiler_mensual_eur_m2_p25_vivienda_colectiva,3.25545171339564
24,León,2015,alquiler_mensual_eur_m2_p25_vivienda_unifamiliar,1.65637382542737
24,León,2015,alquiler_mensual_eur_m2_p75_vivienda_colectiva,6.97674418604651
24,León,2015,alquiler_mensual_eur_m2_p75_vivienda_unifamiliar,4.61485421591805
24,León,2015,alquiler_mensual_total_eur_mediana_vivienda_colectiva,390.0
24,León,2015,alquiler_mensual_total_eur_mediana_vivienda_unifamiliar,375.0
24,León,2015,alquiler_mensual_total_eur_p25_vivienda_colectiva,290.416666666667
24,León,2015,alquiler_mensual_total_eur_p25_vivienda_unifamiliar,232.3375
24,León,2015,alquiler_mensual_total_eur_p75_vivienda_colectiva,600.0
24,León,2015,alquiler_mensual_total_eur_p75_vivienda_unifamiliar,614.166666666667
24,León,2015,observaciones_alquiler_vivienda_colectiva,11296.0
24,León,2015,observaciones_alquiler_vivienda_unifamiliar,1351.0
24,León,2015,superficie_m2_mediana_vivienda_colectiva,91.0
24,León,2015,superficie_m2_mediana_vivienda_unifamiliar,211.0
24,León,2015,superficie_m2_p25_vivienda_colectiva,74.0
24,León,2015,superficie_m2_p25_vivienda_unifamiliar,144.0
24,León,2015,superficie_m2_p75_vivienda_colectiva,111.0
24,León,2015,superficie_m2_p75_vivienda_unifamiliar,305.25
24,León,2016,alquiler_mensual_eur_m2_mediana_vivienda_colectiva,4.82758620689655
24,León,2016,alquiler_mensual_eur_m2_mediana_vivienda_unifamiliar,2.9902917131178
24,León,2016,alquiler_mensual_eur_m2_p25_vivienda_colectiva,3.33333333333333
24,León,2016,alquiler_mensual_eur_m2_p25_vivienda_unifamiliar,1.73611111111111
24,León,2016,alquiler_mensual_eur_m2_p75_vivienda_colectiva,7.15754239644148
24,León,2016,alquiler_mensual_eur_m2_p75_vivienda_unifamiliar,5.03923236906788
24,León,2016,alquiler_mensual_total_eur_mediana_vivienda_colectiva,400.0
24,León,2016,alquiler_mensual_total_eur_mediana_vivienda_unifamiliar,400.0
24,León,2016,alquiler_mensual_total_eur_p25_vivienda_colectiva,300.0
24,León,2016,alquiler_mensual_total_eur_p25_vivienda_unifamiliar,240.0
24,León,2016,alquiler_mensual_total_eur_p75_vivienda_colectiva,600.0
24,León,2016,alquiler_mensual_total_eur_p75_vivienda_unifamiliar,650.0
24,León,2016,observaciones_alquiler_vivienda_colectiva,12402.0
24,León,2016,observaciones_alquiler_vivienda_unifamiliar,1487.0
24,León,2016,superficie_m2_mediana_vivienda_colectiva,90.0
24,León,2016,superficie_m2_mediana_vivienda_unifamiliar,209.0
24,León,2016,superficie_m2_p25_vivienda_colectiva,74.0
24,León,2016,superficie_m2_p25_vivienda_unifamiliar,140.0
24,León,2016,superficie_m2_p75_vivienda_colectiva,111.0
24,León,2016,superficie_m2_p75_vivienda_unifamiliar,300.25
24,León,2017,alquiler_mensual_eur_m2_mediana_vivienda_colectiva,4.90196078431373
24,León,2017,alquiler_mensual_eur_m2_mediana_vivienda_unifamiliar,3.13392857142857
24,León,2017,alquiler_mensual_eur_m2_p25_vivienda_colectiva,3.46153846153846
24,León,2017,alquiler_mensual_eur_m2_p25_vivienda_unifamiliar,1.82444762280529
24,León,2017,alquiler_mensual_eur_m2_p75_vivienda_colectiva,7.24550023375409
24,León,2017,alquiler_mensual_eur_m2_p75_vivienda_unifamiliar,5.15257602339181
24,León,2017,alquiler_mensual_total_eur_mediana_vivienda_colectiva,400.0
24,León,2017,alquiler_mensual_total_eur_mediana_vivienda_unifamiliar,400.0
24,León,2017,alquiler_mensual_total_eur_p25_vivienda_colectiva,300.0
24,León,2017,alquiler_mensual_total_eur_p25_vivienda_unifamiliar,250.0
24,León,2017,alquiler_mensual_total_eur_p75_vivienda_colectiva,600.0
24,León,2017,alquiler_mensual_total_eur_p75_vivienda_unifamiliar,700.0
24,León,2017,observaciones_alquiler_vivienda_colectiva,12910.0
24,León,2017,observaciones_alquiler_vivienda_unifamiliar,1537.0
24,León,2017,superficie_m2_mediana_vivienda_colectiva,90.0
24,León,2017,superficie_m2_mediana_vivienda_unifamiliar,209.0
24,León,2017,superficie_m2_p25_vivienda_colectiva,74.0
24,León,2017,superficie_m2_p25_vivienda_unifamiliar,138.0
24,León,2017,superficie_m2_p75_vivienda_colectiva,111.0
24,León,2017,superficie_m2_p75_vivienda_unifamiliar,300.0
24,León,2018,alquiler_mensual_eur_m2_mediana_vivienda_colectiva,5.04
24,León,2018,alquiler_mensual_eur_m2_mediana_vivienda_unifamiliar,3.28467153284672
24,León,2018,alquiler_mensual_eur_m2_p25_vivienda_colectiva,3.57142857142857
24,León,2018,alquiler_mensual_eur_m2_p25_vivienda_unifamiliar,1.92307692307692
24,León,2018,alquiler_mensual_eur_m2_p75_vivienda_colectiva,7.46268656716418
24,León,2018,alquiler_mensual_eur_m2_p75_vivienda_unifamiliar,5.41937952990585
24,León,2018,alquiler_mensual_total_eur_mediana_vivienda_colectiva,400.0
24,León,2018,alquiler_mensual_total_eur_mediana_vivienda_unifamiliar,400.0
24,León,2018,alquiler_mensual_total_eur_p25_vivienda_colectiva,300.0
24,León,2018,alquiler_mensual_total_eur_p25_vivienda_unifamiliar,250.0
24,León,2018,alquiler_mensual_total_eur_p75_vivienda_colectiva,620.0
24,León,2018,alquiler_mensual_total_eur_p75_vivienda_unifamiliar,700.0
24,León,2018,observaciones_alquiler_vivienda_colectiva,13663.0
24,León,2018,observaciones_alquiler_vivienda_unifamiliar,1614.0
24,León,2018,superficie_m2_mediana_vivienda_colectiva,90.0
24,León,2018,superficie_m2_mediana_vivienda_unifamiliar,208.0
24,León,2018,superficie_m2_p25_vivienda_colectiva,74.0
24,León,2018,superficie_m2_p25_vivienda_unifamiliar,140.0
24,León,2018,superficie_m2_p75_vivienda_colectiva,111.0
24,León,2018,superficie_m2_p75_vivienda_unifamiliar,294.5
25,Lleida,2015,alquiler_mensual_eur_m2_mediana_vivienda_colectiva,4.76190476190476
25,Lleida,2015,alquiler_mensual_eur_m2_mediana_vivienda_unifamiliar,3.10032187192724
25,Lleida,2015,alquiler_mensual_eur_m2_p25_vivienda_colectiva,3.28947368421053
25,Lleida,2015,alquiler_mensual_eur_m2_p25_vivienda_unifamiliar,1.93552191113816
25,Lleida,2015,alquiler_mensual_eur_m2_p75_vivienda_colectiva,6.95341517857143
25,Lleida,2015,alquiler_mensual_eur_m2_p75_vivienda_unifamiliar,4.67468777814864
25,Lleida,2015,alquiler_mensual_total_eur_mediana_vivienda_colectiva,397.187776777678
25,Lleida,2015,alquiler_mensual_total_eur_mediana_vivienda_unifamiliar,380.0
25,Lleida,2015,alquiler_mensual_total_eur_p25_vivienda_colectiva,300.0
25,Lleida,2015,alquiler_mensual_total_eur_p25_vivienda_unifamiliar,270.0
25,Lleida,2015,alquiler_mensual_total_eur_p75_vivienda_colectiva,560.0
25,Lleida,2015,alquiler_mensual_total_eur_p75_vivienda_unifamiliar,600.0
25,Lleida,2015,observaciones_alquiler_vivienda_colectiva,12291.0
25,Lleida,2015,observaciones_alquiler_vivienda_unifamiliar,1971.0
25,Lleida,2015,superficie_m2_mediana_vivienda_colectiva,88.0
25,Lleida,2015,superficie_m2_mediana_vivienda_unifamiliar,246.0
25,Lleida,2015,superficie_m2_p25_vivienda_colectiva,69.0
25,Lleida,2015,superficie_m2_p25_vivienda_unifamiliar,171.0
25,Lleida,2015,superficie_m2_p75_vivienda_colectiva,109.0
25,Lleida,2015,superficie_m2_p75_vivienda_unifamiliar,363.25
25,Lleida,2016,alquiler_mensual_eur_m2_mediana_vivienda_colectiva,4.86269950986553
25,Lleida,2016,alquiler_mensual_eur_m2_mediana_vivienda_unifamiliar,3.08476098369715
25,Lleida,2016,alquiler_mensual_eur_m2_p25_vivienda_colectiva,3.41745780590717
25,Lleida,2016,alquiler_mensual_eur_m2_p25_vivienda_unifamiliar,2.0
25,Lleida,2016,alquiler_mensual_eur_m2_p75_vivienda_colectiva,7.14285714285714
25,Lleida,2016,alquiler_mensual_eur_m2_p75_vivienda_unifamiliar,4.7350640113798
25,Lleida,2016,alquiler_mensual_total_eur_mediana_vivienda_colectiva,400.0
25,Lleida,2016,alquiler_mensual_total_eur_mediana_vivienda_unifamiliar,400.0
25,Lleida,2016,alquiler_mensual_total_eur_p25_vivienda_colectiva,300.0
25,Lleida,2016,alquiler_mensual_total_eur_p25_vivienda_unifamiliar,280.0
25,Lleida,2016,alquiler_mensual_total_eur_p75_vivienda_colectiva,590.0
25,Lleida,2016,alquiler_mensual_total_eur_p75_vivienda_unifamiliar,600.0
25,Lleida,2016,observaciones_alquiler_vivienda_colectiva,13271.0
25,Lleida,2016,observaciones_alquiler_vivienda_unifamiliar,2133.0
25,Lleida,2016,superficie_m2_mediana_vivienda_colectiva,88.0
25,Lleida,2016,superficie_m2_mediana_vivienda_unifamiliar,246.0
25,Lleida,2016,superficie_m2_p25_vivienda_colectiva,69.0
25,Lleida,2016,superficie_m2_p25_vivienda_unifamiliar,174.0
25,Lleida,2016,superficie_m2_p75_vivienda_colectiva,109.0
25,Lleida,2016,superficie_m2_p75_vivienda_unifamiliar,358.0
25,Lleida,2017,alquiler_mensual_eur_m2_mediana_vivienda_colectiva,5.0
25,Lleida,2017,alquiler_mensual_eur_m2_mediana_vivienda_unifamiliar,3.2258064516129
25,Lleida,2017,alquiler_mensual_eur_m2_p25_vivienda_colectiva,3.52941176470588
25,Lleida,2017,alquiler_mensual_eur_m2_p25_vivienda_unifamiliar,2.03488372093023
25,Lleida,2017,alquiler_mensual_eur_m2_p75_vivienda_colectiva,7.35294117647059
25,Lleida,2017,alquiler_mensual_eur_m2_p75_vivienda_unifamiliar,4.87804878048781
25,Lleida,2017,alquiler_mensual_total_eur_mediana_vivienda_colectiva,400.0
25,Lleida,2017,alquiler_mensual_total_eur_mediana_vivienda_unifamiliar,400.0
25,Lleida,2017,alquiler_mensual_total_eur_p25_vivienda_colectiva,300.0
25,Lleida,2017,alquiler_mensual_total_eur_p25_vivienda_unifamiliar,293.4
25,Lleida,2017,alquiler_mensual_total_eur_p75_vivienda_colectiva,600.0
25,Lleida,2017,alquiler_mensual_total_eur_p75_vivienda_unifamiliar,620.0
25,Lleida,2017,observaciones_alquiler_vivienda_colectiva,14543.0
25,Lleida,2017,observaciones_alquiler_vivienda_unifamiliar,2248.0
25,Lleida,2017,superficie_m2_mediana_vivienda_colectiva,87.0
25,Lleida,2017,superficie_m2_mediana_vivienda_unifamiliar,246.0
25,Lleida,2017,superficie_m2_p25_vivienda_colectiva,68.0
25,Lleida,2017,superficie_m2_p25_vivienda_unifamiliar,170.0
25,Lleida,2017,superficie_m2_p75_vivienda_colectiva,108.0
25,Lleida,2017,superficie_m2_p75_vivienda_unifamiliar,363.0
25,Lleida,2018,alquiler_mensual_eur_m2_mediana_vivienda_colectiva,5.14705882352941
25,Lleida,2018,alquiler_mensual_eur_m2_mediana_vivienda_unifamiliar,3.30275229357798
25,Lleida,2018,alquiler_mensual_eur_m2_p25_vivienda_colectiva,3.64583333333333
25,Lleida,2018,alquiler_mensual_eur_m2_p25_vivienda_unifamiliar,2.12804031354983
25,Lleida,2018,alquiler_mensual_eur_m2_p75_vivienda_colectiva,7.54385964912281
25,Lleida,2018,alquiler_mensual_eur_m2_p75_vivienda_unifamiliar,5.08474576271186
25,Lleida,2018,alquiler_mensual_total_eur_mediana_vivienda_colectiva,400.0
25,Lleida,2018,alquiler_mensual_total_eur_mediana_vivienda_unifamiliar,400.0
25,Lleida,2018,alquiler_mensual_total_eur_p25_vivienda_colectiva,315.0
25,Lleida,2018,alquiler_mensual_total_eur_p25_vivienda_unifamiliar,300.0
25,Lleida,2018,alquiler_mensual_total_eur_p75_vivienda_colectiva,600.0
25,Lleida,2018,alquiler_mensual_total_eur_p75_vivienda_unifamiliar,650.0
25,Lleida,2018,observaciones_alquiler_vivienda_colectiva,15634.0
25,Lleida,2018,observaciones_alquiler_vivienda_unifamiliar,2410.0
25,Lleida,2018,superficie_m2_mediana_vivienda_colectiva,87.0
25,Lleida,2018,superficie_m2_mediana_vivienda_unifamiliar,246.0
25,Lleida,2018,superficie_m2_p25_vivienda_colectiva,68.0
25,Lleida,2018,superficie_m2_p25_vivienda_unifamiliar,170.0
25,Lleida,2018,superficie_m2_p75_vivienda_colectiva,108.0
25,Lleida,2018,superficie_m2_p75_vivienda_unifamiliar,362.0
26,"Rioja, La",2015,alquiler_mensual_eur_m2_mediana_vivienda_colectiva,5.12820512820513
26,"Rioja, La",2015,alquiler_mensual_eur_m2_mediana_vivienda_unifamiliar,3.5
26,"Rioja, La",2015,alquiler_mensual_eur_m2_p25_vivienda_colectiva,3.75641025641026
26,"Rioja, La",2015,alquiler_mensual_eur_m2_p25_vivienda_unifamiliar,1.94938440492476
26,"Rioja, La",2015,alquiler_mensual_eur_m2_p75_vivienda_colectiva,7.93785310734463
26,"Rioja, La",2015,alquiler_mensual_eur_m2_p75_vivienda_unifamiliar,5.73692375886525
26,"Rioja, La",2015,alquiler_mensual_total_eur_mediana_vivienda_colectiva,420.0
26,"Rioja, La",2015,alquiler_mensual_total_eur_mediana_vivienda_unifamiliar,400.0
26,"Rioja, La",2015,alquiler_mensual_total_eur_p25_vivienda_colectiva,300.0
26,"Rioja, La",2015,alquiler_mensual_total_eur_p25_vivienda_unifamiliar,250.0
26,"Rioja, La",2015,alquiler_mensual_total_eur_p75_vivienda_colectiva,695.891666666667
26,"Rioja, La",2015,alquiler_mensual_total_eur_p75_vivienda_unifamiliar,700.0
26,"Rioja, La",2015,observaciones_alquiler_vivienda_colectiva,7496.0
26,"Rioja, La",2015,observaciones_alquiler_vivienda_unifamiliar,382.0
26,"Rioja, La",2015,superficie_m2_mediana_vivienda_colectiva,89.0
26,"Rioja, La",2015,superficie_m2_mediana_vivienda_unifamiliar,236.0
26,"Rioja, La",2015,superficie_m2_p25_vivienda_colectiva,75.0
26,"Rioja, La",2015,superficie_m2_p25_vivienda_unifamiliar,161.5
26,"Rioja, La",2015,superficie_m2_p75_vivienda_colectiva,106.0
26,"Rioja, La",2015,superficie_m2_p75_vivienda_unifamiliar,326.0
26,"Rioja, La",2016,alquiler_mensual_eur_m2_mediana_vivienda_colectiva,5.26315789473684
26,"Rioja, La",2016,alquiler_mensual_eur_m2_mediana_vivienda_unifamiliar,3.52941176470588
26,"Rioja, La",2016,alquiler_mensual_eur_m2_p25_vivienda_colectiva,3.8961038961039
26,"Rioja, La",2016,alquiler_mensual_eur_m2_p25_vivienda_unifamiliar,2.11529884032114
26,"Rioja, La",2016,alquiler_mensual_eur_m2_p75_vivienda_colectiva,8.16326530612245
26,"Rioja, La",2016,alquiler_mensual_eur_m2_p75_vivienda_unifamiliar,6.25
26,"Rioja, La",2016,alquiler_mensual_total_eur_mediana_vivienda_colectiva,440.0
26,"Rioja, La",2016,alquiler_mensual_total_eur_mediana_vivienda_unifamiliar,437.5
26,"Rioja, La",2016,alquiler_mensual_total_eur_p25_vivienda_colectiva,321.135833333333
26,"Rioja, La",2016,alquiler_mensual_total_eur_p25_vivienda_unifamiliar,256.507515432099
26,"Rioja, La",2016,alquiler_mensual_total_eur_p75_vivienda_colectiva,700.0
26,"Rioja, La",2016,alquiler_mensual_total_eur_p75_vivienda_unifamiliar,750.0
26,"Rioja, La",2016,observaciones_alquiler_vivienda_colectiva,8308.0
26,"Rioja, La",2016,observaciones_alquiler_vivienda_unifamiliar,439.0
26,"Rioja, La",2016,superficie_m2_mediana_vivienda_colectiva,89.0
26,"Rioja, La",2016,superficie_m2_mediana_vivienda_unifamiliar,236.0
26,"Rioja, La",2016,superficie_m2_p25_vivienda_colectiva,75.0
26,"Rioja, La",2016,superficie_m2_p25_vivienda_unifamiliar,163.75
26,"Rioja, La",2016,superficie_m2_p75_vivienda_colectiva,105.0
26,"Rioja, La",2016,superficie_m2_p75_vivienda_unifamiliar,321.25
26,"Rioja, La",2017,alquiler_mensual_eur_m2_mediana_vivienda_colectiva,5.35714285714286
26,"Rioja, La",2017,alquiler_mensual_eur_m2_mediana_vivienda_unifamiliar,3.68589743589744
26,"Rioja, La",2017,alquiler_mensual_eur_m2_p25_vivienda_colectiva,3.95101638995317
26,"Rioja, La",2017,alquiler_mensual_eur_m2_p25_vivienda_unifamiliar,2.19738594738595
26,"Rioja, La",2017,alquiler_mensual_eur_m2_p75_vivienda_colectiva,8.23944122266522
26,"Rioja, La",2017,alquiler_mensual_eur_m2_p75_vivienda_unifamiliar,6.93134171907757
26,"Rioja, La",2017,alquiler_mensual_total_eur_mediana_vivienda_colectiva,441.666666666667
26,"Rioja, La",2017,alquiler_mensual_total_eur_mediana_vivienda_unifamiliar,450.0
26,"Rioja, La",2017,alquiler_mensual_total_eur_p25_vivienda_colectiva,330.0
26,"Rioja, La",2017,alquiler_mensual_total_eur_p25_vivienda_unifamiliar,270.0
26,"Rioja, La",2017,alquiler_mensual_total_eur_p75_vivienda_colectiva,700.0
26,"Rioja, La",2017,alquiler_mensual_total_eur_p75_vivienda_unifamiliar,800.0
26,"Rioja, La",2017,observaciones_alquiler_vivienda_colectiva,9023.0
26,"Rioja, La",2017,observaciones_alquiler_vivienda_unifamiliar,482.0
26,"Rioja, La",2017,superficie_m2_mediana_vivienda_colectiva,88.0
26,"Rioja, La",2017,superficie_m2_mediana_vivienda_unifamiliar,239.0
26,"Rioja, La",2017,superficie_m2_p25_vivienda_colectiva,74.0
26,"Rioja, La",2017,superficie_m2_p25_vivienda_unifamiliar,163.0
26,"Rioja, La",2017,superficie_m2_p75_vivienda_colectiva,105.0
26,"Rioja, La",2017,superficie_m2_p75_vivienda_unifamiliar,321.0
26,"Rioja, La",2018,alquiler_mensual_eur_m2_mediana_vivienda_colectiva,5.49450549450549
26,"Rioja, La",2018,alquiler_mensual_eur_m2_mediana_vivienda_unifamiliar,3.68892973856209
26,"Rioja, La",2018,alquiler_mensual_eur_m2_p25_vivienda_colectiva,4.06976744186047
26,"Rioja, La",2018,alquiler_mensual_eur_m2_p25_vivienda_unifamiliar,2.29222250528369
26,"Rioja, La",2018,alquiler_mensual_eur_m2_p75_vivienda_colectiva,8.51063829787234
26,"Rioja, La",2018,alquiler_mensual_eur_m2_p75_vivienda_unifamiliar,6.62316176470588
26,"Rioja, La",2018,alquiler_mensual_total_eur_mediana_vivienda_colectiva,450.0
26,"Rioja, La",2018,alquiler_mensual_total_eur_mediana_vivienda_unifamiliar,450.0
26,"Rioja, La",2018,alquiler_mensual_total_eur_p25_vivienda_colectiva,340.0
26,"Rioja, La",2018,alquiler_mensual_total_eur_p25_vivienda_unifamiliar,290.833333333333
26,"Rioja, La",2018,alquiler_mensual_total_eur_p75_vivienda_colectiva,700.166666666667
26,"Rioja, La",2018,alquiler_mensual_total_eur_p75_vivienda_unifamiliar,800.0
26,"Rioja, La",2018,observaciones_alquiler_vivienda_colectiva,9688.0
26,"Rioja, La",2018,observaciones_alquiler_vivienda_unifamiliar,517.0
26,"Rioja, La",2018,superficie_m2_mediana_vivienda_colectiva,88.0
26,"Rioja, La",2018,superficie_m2_mediana_vivienda_unifamiliar,234.5
26,"Rioja, La",2018,superficie_m2_p25_vivienda_colectiva,74.0
26,"Rioja, La",2018,superficie_m2_p25_vivienda_unifamiliar,154.25
26,"Rioja, La",2018,superficie_m2_p75_vivienda_colectiva,105.0
26,"Rioja, La",2018,superficie_m2_p75_vivienda_unifamiliar,320.75
27,Lugo,2015,alquiler_mensual_eur_m2_mediana_vivienda_colectiva,3.84
27,Lugo,2015,alquiler_mensual_eur_m2_mediana_vivienda_unifamiliar,2.26244343891403
27,Lugo,2015,alquiler_mensual_eur_m2_p25_vivienda_colectiva,2.57575757575758
27,Lugo,2015,alquiler_mensual_eur_m2_p25_vivienda_unifamiliar,1.30475340687865
27,Lugo,2015,alquiler_mensual_eur_m2_p75_vivienda_colectiva,5.79710144927536
27,Lugo,2015,alquiler_mensual_eur_m2_p75_vivienda_unifamiliar,3.77792977656179
27,Lugo,2015,alquiler_mensual_total_eur_mediana_vivienda_colectiva,350.0
27,Lugo,2015,alquiler_mensual_total_eur_mediana_vivienda_unifamiliar,275.0
27,Lugo,2015,alquiler_mensual_total_eur_p25_vivienda_colectiva,250.0
27,Lugo,2015,alquiler_mensual_total_eur_p25_vivienda_unifamiliar,176.973140495868
27,Lugo,2015,alquiler_mensual_total_eur_p75_vivienda_colectiva,540.0
27,Lugo,2015,alquiler_mensual_total_eur_p75_vivienda_unifamiliar,447.432513497301
27,Lugo,2015,observaciones_alquiler_vivienda_colectiva,6221.0
27,Lugo,2015,observaciones_alquiler_vivienda_unifamiliar,733.0
27,Lugo,2015,superficie_m2_mediana_vivienda_colectiva,101.0
27,Lugo,2015,superficie_m2_mediana_vivienda_unifamiliar,198.0
27,Lugo,2015,superficie_m2_p25_vivienda_colectiva,80.0
27,Lugo,2015,superficie_m2_p25_vivienda_unifamiliar,138.0
27,Lugo,2015,superficie_m2_p75_vivienda_colectiva,121.0
27,Lugo,2015,superficie_m2_p75_vivienda_unifamiliar,296.0
27,Lugo,2016,alquiler_mensual_eur_m2_mediana_vivienda_colectiva,3.94736842105263
27,Lugo,2016,alquiler_mensual_eur_m2_mediana_vivienda_unifamiliar,2.4375
27,Lugo,2016,alquiler_mensual_eur_m2_p25_vivienda_colectiva,2.65486725663717
27,Lugo,2016,alquiler_mensual_eur_m2_p25_vivienda_unifamiliar,1.47515527950311
27,Lugo,2016,alquiler_mensual_eur_m2_p75_vivienda_colectiva,6.0
27,Lugo,2016,alquiler_mensual_eur_m2_p75_vivienda_unifamiliar,4.0
27,Lugo,2016,alquiler_mensual_total_eur_mediana_vivienda_colectiva,350.0
27,Lugo,2016,alquiler_mensual_total_eur_mediana_vivienda_unifamiliar,300.0
27,Lugo,2016,alquiler_mensual_total_eur_p25_vivienda_colectiva,262.5
27,Lugo,2016,alquiler_mensual_total_eur_p25_vivienda_unifamiliar,200.0
27,Lugo,2016,alquiler_mensual_total_eur_p75_vivienda_colectiva,550.0
27,Lugo,2016,alquiler_mensual_total_eur_p75_vivienda_unifamiliar,458.333333333333
27,Lugo,2016,observaciones_alquiler_vivienda_colectiva,6797.0
27,Lugo,2016,observaciones_alquiler_vivienda_unifamiliar,820.0
27,Lugo,2016,superficie_m2_mediana_vivienda_colectiva,100.0
27,Lugo,2016,superficie_m2_mediana_vivienda_unifamiliar,196.0
27,Lugo,2016,superficie_m2_p25_vivienda_colectiva,79.0
27,Lugo,2016,superficie_m2_p25_vivienda_unifamiliar,133.0
27,Lugo,2016,superficie_m2_p75_vivienda_colectiva,120.0
27,Lugo,2016,superficie_m2_p75_vivienda_unifamiliar,286.0
27,Lugo,2017,alquiler_mensual_eur_m2_mediana_vivienda_colectiva,4.16666666666667
27,Lugo,2017,alquiler_mensual_eur_m2_mediana_vivienda_unifamiliar,2.44205388471178
27,Lugo,2017,alquiler_mensual_eur_m2_p25_vivienda_colectiva,2.77777777777778
27,Lugo,2017,alquiler_mensual_eur_m2_p25_vivienda_unifamiliar,1.48023016748571
27,Lugo,2017,alquiler_mensual_eur_m2_p75_vivienda_colectiva,6.28571428571429
27,Lugo,2017,alquiler_mensual_eur_m2_p75_vivienda_unifamiliar,3.98499995934959
27,Lugo,2017,alquiler_mensual_total_eur_mediana_vivienda_colectiva,360.0
27,Lugo,2017,alquiler_mensual_total_eur_mediana_vivienda_unifamiliar,300.0
27,Lugo,2017,alquiler_mensual_total_eur_p25_vivienda_colectiva,275.0
27,Lugo,2017,alquiler_mensual_total_eur_p25_vivienda_unifamiliar,200.0
27,Lugo,2017,alquiler_mensual_total_eur_p75_vivienda_colectiva,583.333333333333
27,Lugo,2017,alquiler_mensual_total_eur_p75_vivienda_unifamiliar,478.088235294118
27,Lugo,2017,observaciones_alquiler_vivienda_colectiva,7245.0
27,Lugo,2017,observaciones_alquiler_vivienda_unifamiliar,889.0
27,Lugo,2017,superficie_m2_mediana_vivienda_colectiva,99.5
27,Lugo,2017,superficie_m2_mediana_vivienda_unifamiliar,196.0
27,Lugo,2017,superficie_m2_p25_vivienda_colectiva,78.0
27,Lugo,2017,superficie_m2_p25_vivienda_unifamiliar,132.0
27,Lugo,2017,superficie_m2_p75_vivienda_colectiva,120.0
27,Lugo,2017,superficie_m2_p75_vivienda_unifamiliar,286.75
27,Lugo,2018,alquiler_mensual_eur_m2_mediana_vivienda_colectiva,4.22535211267606
27,Lugo,2018,alquiler_mensual_eur_m2_mediana_vivienda_unifamiliar,2.45934959349593
27,Lugo,2018,alquiler_mensual_eur_m2_p25_vivienda_colectiva,2.84440500338066
27,Lugo,2018,alquiler_mensual_eur_m2_p25_vivienda_unifamiliar,1.39154231424588
27,Lugo,2018,alquiler_mensual_eur_m2_p75_vivienda_colectiva,6.38297872340426
27,Lugo,2018,alquiler_mensual_eur_m2_p75_vivienda_unifamiliar,4.02892857142857
27,Lugo,2018,alquiler_mensual_total_eur_mediana_vivienda_colectiva,363.0
27,Lugo,2018,alquiler_mensual_total_eur_mediana_vivienda_unifamiliar,300.0
27,Lugo,2018,alquiler_mensual_total_eur_p25_vivienda_colectiva,280.0
27,Lugo,2018,alquiler_mensual_total_eur_p25_vivienda_unifamiliar,200.0
27,Lugo,2018,alquiler_mensual_total_eur_p75_vivienda_colectiva,600.0
27,Lugo,2018,alquiler_mensual_total_eur_p75_vivienda_unifamiliar,500.0
27,Lugo,2018,observaciones_alquiler_vivienda_colectiva,7715.0
27,Lugo,2018,observaciones_alquiler_vivienda_unifamiliar,982.0
27,Lugo,2018,superficie_m2_mediana_vivienda_colectiva,100.0
27,Lugo,2018,superficie_m2_mediana_vivienda_unifamiliar,200.0
27,Lugo,2018,superficie_m2_p25_vivienda_colectiva,78.0
27,Lugo,2018,superficie_m2_p25_vivienda_unifamiliar,136.0
27,Lugo,2018,superficie_m2_p75_vivienda_colectiva,119.25
27,Lugo,2018,superficie_m2_p75_vivienda_unifamiliar,287.5
28,Madrid,2015,alquiler_mensual_eur_m2_mediana_vivienda_colectiva,10.4166666666667
28,Madrid,2015,alquiler_mensual_eur_m2_mediana_vivienda_unifamiliar,6.59211680338441
28,Madrid,2015,alquiler_mensual_eur_m2_p25_vivienda_colectiva,7.29166666666667
28,Madrid,2015,alquiler_mensual_eur_m2_p25_vivienda_unifamiliar,4.25531914893617
28,Madrid,2015,alquiler_mensual_eur_m2_p75_vivienda_colectiva,15.3714224084802
28,Madrid,2015,alquiler_mensual_eur_m2_p75_vivienda_unifamiliar,10.4166666666667
28,Madrid,2015,alquiler_mensual_total_eur_mediana_vivienda_colectiva,700.0
28,Madrid,2015,alquiler_mensual_total_eur_mediana_vivienda_unifamiliar,850.0
28,Madrid,2015,alquiler_mensual_total_eur_p25_vivienda_colectiva,500.0
28,Madrid,2015,alquiler_mensual_total_eur_p25_vivienda_unifamiliar,520.591693663407
28,Madrid,2015,alquiler_mensual_total_eur_p75_vivienda_colectiva,1100.0
28,Madrid,2015,alquiler_mensual_total_eur_p75_vivienda_unifamiliar,1500.0
28,Madrid,2015,observaciones_alquiler_vivienda_colectiva,266999.0
28,Madrid,2015,observaciones_alquiler_vivienda_unifamiliar,16517.0
28,Madrid,2015,superficie_m2_mediana_vivienda_colectiva,71.0
28,Madrid,2015,superficie_m2_mediana_vivienda_unifamiliar,189.0
28,Madrid,2015,superficie_m2_p25_vivienda_colectiva,57.0
28,Madrid,2015,superficie_m2_p25_vivienda_unifamiliar,134.0
28,Madrid,2015,superficie_m2_p75_vivienda_colectiva,91.0
28,Madrid,2015,superficie_m2_p75_vivienda_unifamiliar,254.0
28,Madrid,2016,alquiler_mensual_eur_m2_mediana_vivienda_colectiva,10.9149747060432
28,Madrid,2016,alquiler_mensual_eur_m2_mediana_vivienda_unifamiliar,6.88405797101449
28,Madrid,2016,alquiler_mensual_eur_m2_p25_vivienda_colectiva,7.59493670886076
28,Madrid,2016,alquiler_mensual_eur_m2_p25_vivienda_unifamiliar,4.42477876106195
28,Madrid,2016,alquiler_mensual_eur_m2_p75_vivienda_colectiva,15.9090909090909
28,Madrid,2016,alquiler_mensual_eur_m2_p75_vivienda_unifamiliar,10.8105944088418
28,Madrid,2016,alquiler_mensual_total_eur_mediana_vivienda_colectiva,733.333333333333
28,Madrid,2016,alquiler_mensual_total_eur_mediana_vivienda_unifamiliar,900.0
28,Madrid,2016,alquiler_mensual_total_eur_p25_vivienda_colectiva,504.166666666667
28,Madrid,2016,alquiler_mensual_total_eur_p25_vivienda_unifamiliar,550.0
28,Madrid,2016,alquiler_mensual_total_eur_p75_vivienda_colectiva,1100.0
28,Madrid,2016,alquiler_mensual_total_eur_p75_vivienda_unifamiliar,1505.375
28,Madrid,2016,observaciones_alquiler_vivienda_colectiva,295511.0
28,Madrid,2016,observaciones_alquiler_vivienda_unifamiliar,18114.0
28,Madrid,2016,superficie_m2_mediana_vivienda_colectiva,71.0
28,Madrid,2016,superficie_m2_mediana_vivienda_unifamiliar,190.0
28,Madrid,2016,superficie_m2_p25_vivienda_colectiva,57.0
28,Madrid,2016,superficie_m2_p25_vivienda_unifamiliar,134.0
28,Madrid,2016,superficie_m2_p75_vivienda_colectiva,91.0
28,Madrid,2016,superficie_m2_p75_vivienda_unifamiliar,254.0
28,Madrid,2017,alquiler_mensual_eur_m2_mediana_vivienda_colectiva,11.1693492781728
28,Madrid,2017,alquiler_mensual_eur_m2_mediana_vivienda_unifamiliar,7.04225352112676
28,Madrid,2017,alquiler_mensual_eur_m2_p25_vivienda_colectiva,7.79661016949153
28,Madrid,2017,alquiler_mensual_eur_m2_p25_vivienda_unifamiliar,4.59425452680403
28,Madrid,2017,alquiler_mensual_eur_m2_p75_vivienda_colectiva,16.3265306122449
28,Madrid,2017,alquiler_mensual_eur_m2_p75_vivienda_unifamiliar,10.9806397243395
28,Madrid,2017,alquiler_mensual_total_eur_mediana_vivienda_colectiva,750.0
28,Madrid,2017,alquiler_mensual_total_eur_mediana_vivienda_unifamiliar,900.0
28,Madrid,2017,alquiler_mensual_total_eur_p25_vivienda_colectiva,530.0
28,Madrid,2017,alquiler_mensual_total_eur_p25_vivienda_unifamiliar,564.720833333333
28,Madrid,2017,alquiler_mensual_total_eur_p75_vivienda_colectiva,1150.0
28,Madrid,2017,alquiler_mensual_total_eur_p75_vivienda_unifamiliar,1572.9561163522
28,Madrid,2017,observaciones_alquiler_vivienda_colectiva,319277.0
28,Madrid,2017,observaciones_alquiler_vivienda_unifamiliar,19195.0
28,Madrid,2017,superficie_m2_mediana_vivienda_colectiva,71.0
28,Madrid,2017,superficie_m2_mediana_vivienda_unifamiliar,188.0
28,Madrid,2017,superficie_m2_p25_vivienda_colectiva,56.0
28,Madrid,2017,superficie_m2_p25_vivienda_unifamiliar,131.0
28,Madrid,2017,superficie_m2_p75_vivienda_colectiva,91.0
28,Madrid,2017,superficie_m2_p75_vivienda_unifamiliar,253.0
28,Madrid,2018,alquiler_mensual_eur_m2_mediana_vivienda_colectiva,11.6883116883117
28,Madrid,2018,alquiler_mensual_eur_m2_mediana_vivienda_unifamiliar,7.32149220162319
28,Madrid,2018,alquiler_mensual_eur_m2_p25_vivienda_colectiva,8.11594202898551
28,Madrid,2018,alquiler_mensual_eur_m2_p25_vivienda_unifamiliar,4.70588235294118
28,Madrid,2018,alquiler_mensual_eur_m2_p75_vivienda_colectiva,17.1717171717172
28,Madrid,2018,alquiler_mensual_eur_m2_p75_vivienda_unifamiliar,11.521646228168
28,Madrid,2018,alquiler_mensual_total_eur_mediana_vivienda_colectiva,780.0
28,Madrid,2018,alquiler_mensual_total_eur_mediana_vivienda_unifamiliar,950.0
28,Madrid,2018,alquiler_mensual_total_eur_p25_vivienda_colectiva,550.0
28,Madrid,2018,alquiler_mensual_total_eur_p25_vivienda_unifamiliar,600.0
28,Madrid,2018,alquiler_mensual_total_eur_p75_vivienda_colectiva,1200.0
28,Madrid,2018,alquiler_mensual_total_eur_p75_vivienda_unifamiliar,1600.0
28,Madrid,2018,observaciones_alquiler_vivienda_colectiva,341763.0
28,Madrid,2018,observaciones_alquiler_vivienda_unifamiliar,20173.0
28,Madrid,2018,superficie_m2_mediana_vivienda_colectiva,71.0
28,Madrid,2018,superficie_m2_mediana_vivienda_unifamiliar,188.0
28,Madrid,2018,superficie_m2_p25_vivienda_colectiva,56.0
28,Madrid,2018,superficie_m2_p25_vivienda_unifamiliar,130.0
28,Madrid,2018,superficie_m2_p75_vivienda_colectiva,91.0
28,Madrid,2018,superficie_m2_p75_vivienda_unifamiliar,252.0
29,Málaga,2015,alquiler_mensual_eur_m2_mediana_vivienda_colectiva,6.49565217391304
29,Málaga,2015,alquiler_mensual_eur_m2_mediana_vivienda_unifamiliar,5.35330261136713
29,Málaga,2015,alquiler_mensual_eur_m2_p25_vivienda_colectiva,4.76190476190476
29,Málaga,2015,alquiler_mensual_eur_m2_p25_vivienda_unifamiliar,3.33333333333333
29,Málaga,2015,alquiler_mensual_eur_m2_p75_vivienda_colectiva,9.89010989010989
29,Málaga,2015,alquiler_mensual_eur_m2_p75_vivienda_unifamiliar,8.53658536585366
29,Málaga,2015,alquiler_mensual_total_eur_mediana_vivienda_colectiva,500.0
29,Málaga,2015,alquiler_mensual_total_eur_mediana_vivienda_unifamiliar,600.0
29,Málaga,2015,alquiler_mensual_total_eur_p25_vivienda_colectiva,381.87
29,Málaga,2015,alquiler_mensual_total_eur_p25_vivienda_unifamiliar,400.0
29,Málaga,2015,alquiler_mensual_total_eur_p75_vivienda_colectiva,800.0
29,Málaga,2015,alquiler_mensual_total_eur_p75_vivienda_unifamiliar,1000.0
29,Málaga,2015,observaciones_alquiler_vivienda_colectiva,29728.0
29,Málaga,2015,observaciones_alquiler_vivienda_unifamiliar,4665.0
29,Málaga,2015,superficie_m2_mediana_vivienda_colectiva,86.0
29,Málaga,2015,superficie_m2_mediana_vivienda_unifamiliar,150.0
29,Málaga,2015,superficie_m2_p25_vivienda_colectiva,67.0
29,Málaga,2015,superficie_m2_p25_vivienda_unifamiliar,104.0
29,Málaga,2015,superficie_m2_p75_vivienda_colectiva,110.0
29,Málaga,2015,superficie_m2_p75_vivienda_unifamiliar,223.0
29,Málaga,2016,alquiler_mensual_eur_m2_mediana_vivienda_colectiva,6.96517412935323
29,Málaga,2016,alquiler_mensual_eur_m2_mediana_vivienda_unifamiliar,5.74324324324324
29,Málaga,2016,alquiler_mensual_eur_m2_p25_vivienda_colectiva,5.06329113924051
29,Málaga,2016,alquiler_mensual_eur_m2_p25_vivienda_unifamiliar,3.515625
29,Málaga,2016,alquiler_mensual_eur_m2_p75_vivienda_colectiva,10.6666666666667
29,Málaga,2016,alquiler_mensual_eur_m2_p75_vivienda_unifamiliar,9.1743119266055
29,Málaga,2016,alquiler_mensual_total_eur_mediana_vivienda_colectiva,550.0
29,Málaga,2016,alquiler_mensual_total_eur_mediana_vivienda_unifamiliar,641.666666666667
29,Málaga,2016,alquiler_mensual_total_eur_p25_vivienda_colectiva,400.0
29,Málaga,2016,alquiler_mensual_total_eur_p25_vivienda_unifamiliar,400.0
29,Málaga,2016,alquiler_mensual_total_eur_p75_vivienda_colectiva,840.008333333333
29,Málaga,2016,alquiler_mensual_total_eur_p75_vivienda_unifamiliar,1050.0
29,Málaga,2016,observaciones_alquiler_vivienda_colectiva,33608.0
29,Málaga,2016,observaciones_alquiler_vivienda_unifamiliar,5168.0
29,Málaga,2016,superficie_m2_mediana_vivienda_colectiva,86.0
29,Málaga,2016,superficie_m2_mediana_vivienda_unifamiliar,150.0
29,Málaga,2016,superficie_m2_p25_vivienda_colectiva,67.0
29,Málaga,2016,superficie_m2_p25_vivienda_unifamiliar,104.0
29,Málaga,2016,superficie_m2_p75_vivienda_colectiva,109.0
29,Málaga,2016,superficie_m2_p75_vivienda_unifamiliar,220.0
29,Málaga,2017,alquiler_mensual_eur_m2_mediana_vivienda_colectiva,7.14285714285714
29,Málaga,2017,alquiler_mensual_eur_m2_mediana_vivienda_unifamiliar,5.92592592592593
29,Málaga,2017,alquiler_mensual_eur_m2_p25_vivienda_colectiva,5.2565
29,Málaga,2017,alquiler_mensual_eur_m2_p25_vivienda_unifamiliar,3.76788379757397
29,Málaga,2017,alquiler_mensual_eur_m2_p75_vivienda_colectiva,10.958904109589
29,Málaga,2017,alquiler_mensual_eur_m2_p75_vivienda_unifamiliar,9.50204918032787
29,Málaga,2017,alquiler_mensual_total_eur_mediana_vivienda_colectiva,550.0
29,Málaga,2017,alquiler_mensual_total_eur_mediana_vivienda_unifamiliar,650.0
29,Málaga,2017,alquiler_mensual_total_eur_p25_vivienda_colectiva,400.0
29,Málaga,2017,alquiler_mensual_total_eur_p25_vivienda_unifamiliar,406.180833333333
29,Málaga,2017,alquiler_mensual_total_eur_p75_vivienda_colectiva,860.0
29,Málaga,2017,alquiler_mensual_total_eur_p75_vivienda_unifamiliar,1100.0
29,Málaga,2017,observaciones_alquiler_vivienda_colectiva,36616.0
29,Málaga,2017,observaciones_alquiler_vivienda_unifamiliar,5683.0
29,Málaga,2017,superficie_m2_mediana_vivienda_colectiva,85.0
29,Málaga,2017,superficie_m2_mediana_vivienda_unifamiliar,147.0
29,Málaga,2017,superficie_m2_p25_vivienda_colectiva,66.0
29,Málaga,2017,superficie_m2_p25_vivienda_unifamiliar,102.0
29,Málaga,2017,superficie_m2_p75_vivienda_colectiva,108.0
29,Málaga,2017,superficie_m2_p75_vivienda_unifamiliar,217.0
29,Málaga,2018,alquiler_mensual_eur_m2_mediana_vivienda_colectiva,7.67045454545455
29,Málaga,2018,alquiler_mensual_eur_m2_mediana_vivienda_unifamiliar,6.22677595628415
29,Málaga,2018,alquiler_mensual_eur_m2_p25_vivienda_colectiva,5.52208835341366
29,Málaga,2018,alquiler_mensual_eur_m2_p25_vivienda_unifamiliar,3.89908256880734
29,Málaga,2018,alquiler_mensual_eur_m2_p75_vivienda_colectiva,11.6264534883721
29,Málaga,2018,alquiler_mensual_eur_m2_p75_vivienda_unifamiliar,9.85969387755102
29,Málaga,2018,alquiler_mensual_total_eur_mediana_vivienda_colectiva,600.0
29,Málaga,2018,alquiler_mensual_total_eur_mediana_vivienda_unifamiliar,700.0
29,Málaga,2018,alquiler_mensual_total_eur_p25_vivienda_colectiva,425.0
29,Málaga,2018,alquiler_mensual_total_eur_p25_vivienda_unifamiliar,450.0
29,Málaga,2018,alquiler_mensual_total_eur_p75_vivienda_colectiva,900.0
29,Málaga,2018,alquiler_mensual_total_eur_p75_vivienda_unifamiliar,1125.0
29,Málaga,2018,observaciones_alquiler_vivienda_colectiva,38966.0
29,Málaga,2018,observaciones_alquiler_vivienda_unifamiliar,6116.0
29,Málaga,2018,superficie_m2_mediana_vivienda_colectiva,85.0
29,Málaga,2018,superficie_m2_mediana_vivienda_unifamiliar,147.0
29,Málaga,2018,superficie_m2_p25_vivienda_colectiva,66.0
29,Málaga,2018,superficie_m2_p25_vivienda_unifamiliar,102.0
29,Málaga,2018,superficie_m2_p75_vivienda_colectiva,108.0
29,Málaga,2018,superficie_m2_p75_vivienda_unifamiliar,215.0
30,Murcia,2015,alquiler_mensual_eur_m2_mediana_vivienda_colectiva,4.36507936507936
30,Murcia,2015,alquiler_mensual_eur_m2_mediana_vivienda_unifamiliar,3.57142857142857
30,Murcia,2015,alquiler_mensual_eur_m2_p25_vivienda_colectiva,3.09734513274336
30,Murcia,2015,alquiler_mensual_eur_m2_p25_vivienda_unifamiliar,2.41935483870968
30,Murcia,2015,alquiler_mensual_eur_m2_p75_vivienda_colectiva,6.54761904761905
30,Murcia,2015,alquiler_mensual_eur_m2_p75_vivienda_unifamiliar,5.31196120689655
30,Murcia,2015,alquiler_mensual_total_eur_mediana_vivienda_colectiva,387.5
30,Murcia,2015,alquiler_mensual_total_eur_mediana_vivienda_unifamiliar,375.0
30,Murcia,2015,alquiler_mensual_total_eur_p25_vivienda_colectiva,291.666666666667
30,Murcia,2015,alquiler_mensual_total_eur_p25_vivienda_unifamiliar,270.0
30,Murcia,2015,alquiler_mensual_total_eur_p75_vivienda_colectiva,583.333333333333
30,Murcia,2015,alquiler_mensual_total_eur_p75_vivienda_unifamiliar,584.856259097526
30,Murcia,2015,observaciones_alquiler_vivienda_colectiva,21611.0
30,Murcia,2015,observaciones_alquiler_vivienda_unifamiliar,5397.0
30,Murcia,2015,superficie_m2_mediana_vivienda_colectiva,98.0
30,Murcia,2015,superficie_m2_mediana_vivienda_unifamiliar,136.0
30,Murcia,2015,superficie_m2_p25_vivienda_colectiva,77.0
30,Murcia,2015,superficie_m2_p25_vivienda_unifamiliar,99.0
30,Murcia,2015,superficie_m2_p75_vivienda_colectiva,117.0
30,Murcia,2015,superficie_m2_p75_vivienda_unifamiliar,193.0
30,Murcia,2016,alquiler_mensual_eur_m2_mediana_vivienda_colectiva,4.50707746478873
30,Murcia,2016,alquiler_mensual_eur_m2_mediana_vivienda_unifamiliar,3.79746835443038
30,Murcia,2016,alquiler_mensual_eur_m2_p25_vivienda_colectiva,3.19148936170213
30,Murcia,2016,alquiler_mensual_eur_m2_p25_vivienda_unifamiliar,2.56907930521812
30,Murcia,2016,alquiler_mensual_eur_m2_p75_vivienda_colectiva,6.80272108843537
30,Murcia,2016,alquiler_mensual_eur_m2_p75_vivienda_unifamiliar,5.66037735849057
30,Murcia,2016,alquiler_mensual_total_eur_mediana_vivienda_colectiva,400.0
30,Murcia,2016,alquiler_mensual_total_eur_mediana_vivienda_unifamiliar,400.0
30,Murcia,2016,alquiler_mensual_total_eur_p25_vivienda_colectiva,300.0
30,Murcia,2016,alquiler_mensual_total_eur_p25_vivienda_unifamiliar,287.291666666667
30,Murcia,2016,alquiler_mensual_total_eur_p75_vivienda_colectiva,600.0
30,Murcia,2016,alquiler_mensual_total_eur_p75_vivienda_unifamiliar,600.0
30,Murcia,2016,observaciones_alquiler_vivienda_colectiva,24562.0
30,Murcia,2016,observaciones_alquiler_vivienda_unifamiliar,6115.0
30,Murcia,2016,superficie_m2_mediana_vivienda_colectiva,97.0
30,Murcia,2016,superficie_m2_mediana_vivienda_unifamiliar,135.0
30,Murcia,2016,superficie_m2_p25_vivienda_colectiva,77.0
30,Murcia,2016,superficie_m2_p25_vivienda_unifamiliar,98.0
30,Murcia,2016,superficie_m2_p75_vivienda_colectiva,117.0
30,Murcia,2016,superficie_m2_p75_vivienda_unifamiliar,191.0
30,Murcia,2017,alquiler_mensual_eur_m2_mediana_vivienda_colectiva,4.6218487394958
30,Murcia,2017,alquiler_mensual_eur_m2_mediana_vivienda_unifamiliar,3.81932674199623
30,Murcia,2017,alquiler_mensual_eur_m2_p25_vivienda_colectiva,3.29444617281809
30,Murcia,2017,alquiler_mensual_eur_m2_p25_vivienda_unifamiliar,2.61194029850746
30,Murcia,2017,alquiler_mensual_eur_m2_p75_vivienda_colectiva,6.91056910569106
30,Murcia,2017,alquiler_mensual_eur_m2_p75_vivienda_unifamiliar,5.75014376437644
30,Murcia,2017,alquiler_mensual_total_eur_mediana_vivienda_colectiva,400.0
30,Murcia,2017,alquiler_mensual_total_eur_mediana_vivienda_unifamiliar,400.0
30,Murcia,2017,alquiler_mensual_total_eur_p25_vivienda_colectiva,300.0
30,Murcia,2017,alquiler_mensual_total_eur_p25_vivienda_unifamiliar,300.0
30,Murcia,2017,alquiler_mensual_total_eur_p75_vivienda_colectiva,600.0
30,Murcia,2017,alquiler_mensual_total_eur_p75_vivienda_unifamiliar,600.0
30,Murcia,2017,observaciones_alquiler_vivienda_colectiva,27001.0
30,Murcia,2017,observaciones_alquiler_vivienda_unifamiliar,6795.0
30,Murcia,2017,superficie_m2_mediana_vivienda_colectiva,97.0
30,Murcia,2017,superficie_m2_mediana_vivienda_unifamiliar,135.0
30,Murcia,2017,superficie_m2_p25_vivienda_colectiva,76.0
30,Murcia,2017,superficie_m2_p25_vivienda_unifamiliar,98.0
30,Murcia,2017,superficie_m2_p75_vivienda_colectiva,117.0
30,Murcia,2017,superficie_m2_p75_vivienda_unifamiliar,191.0
30,Murcia,2018,alquiler_mensual_eur_m2_mediana_vivienda_colectiva,4.79452054794521
30,Murcia,2018,alquiler_mensual_eur_m2_mediana_vivienda_unifamiliar,3.96942110177404
30,Murcia,2018,alquiler_mensual_eur_m2_p25_vivienda_colectiva,3.39805825242718
30,Murcia,2018,alquiler_mensual_eur_m2_p25_vivienda_unifamiliar,2.69426195478191
30,Murcia,2018,alquiler_mensual_eur_m2_p75_vivienda_colectiva,7.14285714285714
30,Murcia,2018,alquiler_mensual_eur_m2_p75_vivienda_unifamiliar,5.99950194797952
30,Murcia,2018,alquiler_mensual_total_eur_mediana_vivienda_colectiva,400.0
30,Murcia,2018,alquiler_mensual_total_eur_mediana_vivienda_unifamiliar,400.0
30,Murcia,2018,alquiler_mensual_total_eur_p25_vivienda_colectiva,300.0
30,Murcia,2018,alquiler_mensual_total_eur_p25_vivienda_unifamiliar,300.0
30,Murcia,2018,alquiler_mensual_total_eur_p75_vivienda_colectiva,600.0
30,Murcia,2018,alquiler_mensual_total_eur_p75_vivienda_unifamiliar,600.0600060006
30,Murcia,2018,observaciones_alquiler_vivienda_colectiva,29180.0
30,Murcia,2018,observaciones_alquiler_vivienda_unifamiliar,7425.0
30,Murcia,2018,superficie_m2_mediana_vivienda_colectiva,97.0
30,Murcia,2018,superficie_m2_mediana_vivienda_unifamiliar,135.0
30,Murcia,2018,superficie_m2_p25_vivienda_colectiva,77.0
30,Murcia,2018,superficie_m2_p25_vivienda_unifamiliar,98.0
30,Murcia,2018,superficie_m2_p75_vivienda_colectiva,117.0
30,Murcia,2018,superficie_m2_p75_vivienda_unifamiliar,191.0
32,Ourense,2015,alquiler_mensual_eur_m2_mediana_vivienda_colectiva,4.52674897119342
32,Ourense,2015,alquiler_mensual_eur_m2_mediana_vivienda_unifamiliar,3.20433628318584
32,Ourense,2015,alquiler_mensual_eur_m2_p25_vivienda_colectiva,3.125
32,Ourense,2015,alquiler_mensual_eur_m2_p25_vivienda_unifamiliar,1.96831692540704
32,Ourense,2015,alquiler_mensual_eur_m2_p75_vivienda_colectiva,6.97674418604651
32,Ourense,2015,alquiler_mensual_eur_m2_p75_vivienda_unifamiliar,5.04909829100179
32,Ourense,2015,alquiler_mensual_total_eur_mediana_vivienda_colectiva,380.0
32,Ourense,2015,alquiler_mensual_total_eur_mediana_vivienda_unifamiliar,340.0
32,Ourense,2015,alquiler_mensual_total_eur_p25_vivienda_colectiva,290.0
32,Ourense,2015,alquiler_mensual_total_eur_p25_vivienda_unifamiliar,229.583333333333
32,Ourense,2015,alquiler_mensual_total_eur_p75_vivienda_colectiva,600.0
32,Ourense,2015,alquiler_mensual_total_eur_p75_vivienda_unifamiliar,507.721666666667
32,Ourense,2015,observaciones_alquiler_vivienda_colectiva,7548.0
32,Ourense,2015,observaciones_alquiler_vivienda_unifamiliar,594.0
32,Ourense,2015,superficie_m2_mediana_vivienda_colectiva,94.0
32,Ourense,2015,superficie_m2_mediana_vivienda_unifamiliar,167.0
32,Ourense,2015,superficie_m2_p25_vivienda_colectiva,76.0
32,Ourense,2015,superficie_m2_p25_vivienda_unifamiliar,101.0
32,Ourense,2015,superficie_m2_p75_vivienda_colectiva,110.0
32,Ourense,2015,superficie_m2_p75_vivienda_unifamiliar,254.0
32,Ourense,2016,alquiler_mensual_eur_m2_mediana_vivienda_colectiva,4.65470930232558
32,Ourense,2016,alquiler_mensual_eur_m2_mediana_vivienda_unifamiliar,3.33333333333333
32,Ourense,2016,alquiler_mensual_eur_m2_p25_vivienda_colectiva,3.19182389937107
32,Ourense,2016,alquiler_mensual_eur_m2_p25_vivienda_unifamiliar,2.08333333333333
32,Ourense,2016,alquiler_mensual_eur_m2_p75_vivienda_colectiva,7.14285714285714
32,Ourense,2016,alquiler_mensual_eur_m2_p75_vivienda_unifamiliar,5.26315789473684
32,Ourense,2016,alquiler_mensual_total_eur_mediana_vivienda_colectiva,400.0
32,Ourense,2016,alquiler_mensual_total_eur_mediana_vivienda_unifamiliar,350.0
32,Ourense,2016,alquiler_mensual_total_eur_p25_vivienda_colectiva,300.0
32,Ourense,2016,alquiler_mensual_total_eur_p25_vivienda_unifamiliar,233.333333333333
32,Ourense,2016,alquiler_mensual_total_eur_p75_vivienda_colectiva,600.0
32,Ourense,2016,alquiler_mensual_total_eur_p75_vivienda_unifamiliar,577.140714071407
32,Ourense,2016,observaciones_alquiler_vivienda_colectiva,8094.0
32,Ourense,2016,observaciones_alquiler_vivienda_unifamiliar,663.0
32,Ourense,2016,superficie_m2_mediana_vivienda_colectiva,93.0
32,Ourense,2016,superficie_m2_mediana_vivienda_unifamiliar,169.0
32,Ourense,2016,superficie_m2_p25_vivienda_colectiva,76.0
32,Ourense,2016,superficie_m2_p25_vivienda_unifamiliar,102.0
32,Ourense,2016,superficie_m2_p75_vivienda_colectiva,109.0
32,Ourense,2016,superficie_m2_p75_vivienda_unifamiliar,260.25
32,Ourense,2017,alquiler_mensual_eur_m2_mediana_vivienda_colectiva,4.73684210526316
32,Ourense,2017,alquiler_mensual_eur_m2_mediana_vivienda_unifamiliar,3.53238265002971
32,Ourense,2017,alquiler_mensual_eur_m2_p25_vivienda_colectiva,3.27102803738318
32,Ourense,2017,alquiler_mensual_eur_m2_p25_vivienda_unifamiliar,2.20722975053896
32,Ourense,2017,alquiler_mensual_eur_m2_p75_vivienda_colectiva,7.29166666666667
32,Ourense,2017,alquiler_mensual_eur_m2_p75_vivienda_unifamiliar,5.53083804143126
32,Ourense,2017,alquiler_mensual_total_eur_mediana_vivienda_colectiva,400.0
32,Ourense,2017,alquiler_mensual_total_eur_mediana_vivienda_unifamiliar,352.083333333333
32,Ourense,2017,alquiler_mensual_total_eur_p25_vivienda_colectiva,300.0
32,Ourense,2017,alquiler_mensual_total_eur_p25_vivienda_unifamiliar,240.0
32,Ourense,2017,alquiler_mensual_total_eur_p75_vivienda_colectiva,600.0
32,Ourense,2017,alquiler_mensual_total_eur_p75_vivienda_unifamiliar,600.0
32,Ourense,2017,observaciones_alquiler_vivienda_colectiva,8600.0
32,Ourense,2017,observaciones_alquiler_vivienda_unifamiliar,731.0
32,Ourense,2017,superficie_m2_mediana_vivienda_colectiva,92.0
32,Ourense,2017,superficie_m2_mediana_vivienda_unifamiliar,164.0
32,Ourense,2017,superficie_m2_p25_vivienda_colectiva,75.0
32,Ourense,2017,superficie_m2_p25_vivienda_unifamiliar,98.0
32,Ourense,2017,superficie_m2_p75_vivienda_colectiva,108.0
32,Ourense,2017,superficie_m2_p75_vivienda_unifamiliar,254.25
32,Ourense,2018,alquiler_mensual_eur_m2_mediana_vivienda_colectiva,4.848899958489
32,Ourense,2018,alquiler_mensual_eur_m2_mediana_vivienda_unifamiliar,3.70873590982287
32,Ourense,2018,alquiler_mensual_eur_m2_p25_vivienda_colectiva,3.33333333333333
32,Ourense,2018,alquiler_mensual_eur_m2_p25_vivienda_unifamiliar,2.27272727272727
32,Ourense,2018,alquiler_mensual_eur_m2_p75_vivienda_colectiva,7.40148155554074
32,Ourense,2018,alquiler_mensual_eur_m2_p75_vivienda_unifamiliar,5.51136363636364
32,Ourense,2018,alquiler_mensual_total_eur_mediana_vivienda_colectiva,400.0
32,Ourense,2018,alquiler_mensual_total_eur_mediana_vivienda_unifamiliar,366.666666666667
32,Ourense,2018,alquiler_mensual_total_eur_p25_vivienda_colectiva,300.0
32,Ourense,2018,alquiler_mensual_total_eur_p25_vivienda_unifamiliar,247.5
32,Ourense,2018,alquiler_mensual_total_eur_p75_vivienda_colectiva,612.541666666667
32,Ourense,2018,alquiler_mensual_total_eur_p75_vivienda_unifamiliar,600.0
32,Ourense,2018,observaciones_alquiler_vivienda_colectiva,9175.0
32,Ourense,2018,observaciones_alquiler_vivienda_unifamiliar,767.0
32,Ourense,2018,superficie_m2_mediana_vivienda_colectiva,93.0
32,Ourense,2018,superficie_m2_mediana_vivienda_unifamiliar,159.0
32,Ourense,2018,superficie_m2_p25_vivienda_colectiva,75.0
32,Ourense,2018,superficie_m2_p25_vivienda_unifamiliar,98.0
32,Ourense,2018,superficie_m2_p75_vivienda_colectiva,108.0
32,Ourense,2018,superficie_m2_p75_vivienda_unifamiliar,256.25
33,Asturias,2015,alquiler_mensual_eur_m2_mediana_vivienda_colectiva,5.90277777777778
33,Asturias,2015,alquiler_mensual_eur_m2_mediana_vivienda_unifamiliar,3.75
33,Asturias,2015,alquiler_mensual_eur_m2_p25_vivienda_colectiva,4.25257731958763
33,Asturias,2015,alquiler_mensual_eur_m2_p25_vivienda_unifamiliar,2.10526315789474
33,Asturias,2015,alquiler_mensual_eur_m2_p75_vivienda_colectiva,8.7719298245614
33,Asturias,2015,alquiler_mensual_eur_m2_p75_vivienda_unifamiliar,5.88235294117647
33,Asturias,2015,alquiler_mensual_total_eur_mediana_vivienda_colectiva,420.0
33,Asturias,2015,alquiler_mensual_total_eur_mediana_vivienda_unifamiliar,380.0
33,Asturias,2015,alquiler_mensual_total_eur_p25_vivienda_colectiva,320.0
33,Asturias,2015,alquiler_mensual_total_eur_p25_vivienda_unifamiliar,232.5
33,Asturias,2015,alquiler_mensual_total_eur_p75_vivienda_colectiva,636.27
33,Asturias,2015,alquiler_mensual_total_eur_p75_vivienda_unifamiliar,650.0
33,Asturias,2015,observaciones_alquiler_vivienda_colectiva,31874.0
33,Asturias,2015,observaciones_alquiler_vivienda_unifamiliar,2564.0
33,Asturias,2015,superficie_m2_mediana_vivienda_colectiva,78.0
33,Asturias,2015,superficie_m2_mediana_vivienda_unifamiliar,154.0
33,Asturias,2015,superficie_m2_p25_vivienda_colectiva,64.0
33,Asturias,2015,superficie_m2_p25_vivienda_unifamiliar,97.0
33,Asturias,2015,superficie_m2_p75_vivienda_colectiva,93.0
33,Asturias,2015,superficie_m2_p75_vivienda_unifamiliar,231.0
33,Asturias,2016,alquiler_mensual_eur_m2_mediana_vivienda_colectiva,6.13811340384949
33,Asturias,2016,alquiler_mensual_eur_m2_mediana_vivienda_unifamiliar,3.93258426966292
33,Asturias,2016,alquiler_mensual_eur_m2_p25_vivienda_colectiva,4.43665153572035
33,Asturias,2016,alquiler_mensual_eur_m2_p25_vivienda_unifamiliar,2.34375
33,Asturias,2016,alquiler_mensual_eur_m2_p75_vivienda_colectiva,9.21052631578947
33,Asturias,2016,alquiler_mensual_eur_m2_p75_vivienda_unifamiliar,6.25
33,Asturias,2016,alquiler_mensual_total_eur_mediana_vivienda_colectiva,430.479166666667
33,Asturias,2016,alquiler_mensual_total_eur_mediana_vivienda_unifamiliar,400.0
33,Asturias,2016,alquiler_mensual_total_eur_p25_vivienda_colectiva,335.0
33,Asturias,2016,alquiler_mensual_total_eur_p25_vivienda_unifamiliar,250.0
33,Asturias,2016,alquiler_mensual_total_eur_p75_vivienda_colectiva,680.0
33,Asturias,2016,alquiler_mensual_total_eur_p75_vivienda_unifamiliar,700.0
33,Asturias,2016,observaciones_alquiler_vivienda_colectiva,34909.0
33,Asturias,2016,observaciones_alquiler_vivienda_unifamiliar,2752.0
33,Asturias,2016,superficie_m2_mediana_vivienda_colectiva,78.0
33,Asturias,2016,superficie_m2_mediana_vivienda_unifamiliar,154.0
33,Asturias,2016,superficie_m2_p25_vivienda_colectiva,63.0
33,Asturias,2016,superficie_m2_p25_vivienda_unifamiliar,96.0
33,Asturias,2016,superficie_m2_p75_vivienda_colectiva,93.0
33,Asturias,2016,superficie_m2_p75_vivienda_unifamiliar,234.0
33,Asturias,2017,alquiler_mensual_eur_m2_mediana_vivienda_colectiva,6.2186964337974
33,Asturias,2017,alquiler_mensual_eur_m2_mediana_vivienda_unifamiliar,4.07785336356765
33,Asturias,2017,alquiler_mensual_eur_m2_p25_vivienda_colectiva,4.54545454545455
33,Asturias,2017,alquiler_mensual_eur_m2_p25_vivienda_unifamiliar,2.44507841614907
33,Asturias,2017,alquiler_mensual_eur_m2_p75_vivienda_colectiva,9.28571428571429
33,Asturias,2017,alquiler_mensual_eur_m2_p75_vivienda_unifamiliar,6.46420539730135
33,Asturias,2017,alquiler_mensual_total_eur_mediana_vivienda_colectiva,439.620833333333
33,Asturias,2017,alquiler_mensual_total_eur_mediana_vivienda_unifamiliar,400.0
33,Asturias,2017,alquiler_mensual_total_eur_p25_vivienda_colectiva,348.333333333333
33,Asturias,2017,alquiler_mensual_total_eur_p25_vivienda_unifamiliar,266.5625
33,Asturias,2017,alquiler_mensual_total_eur_p75_vivienda_colectiva,683.54
33,Asturias,2017,alquiler_mensual_total_eur_p75_vivienda_unifamiliar,725.0
33,Asturias,2017,observaciones_alquiler_vivienda_colectiva,36915.0
33,Asturias,2017,observaciones_alquiler_vivienda_unifamiliar,2963.0
33,Asturias,2017,superficie_m2_mediana_vivienda_colectiva,77.0
33,Asturias,2017,superficie_m2_mediana_vivienda_unifamiliar,155.0
33,Asturias,2017,superficie_m2_p25_vivienda_colectiva,62.0
33,Asturias,2017,superficie_m2_p25_vivienda_unifamiliar,96.0
33,Asturias,2017,superficie_m2_p75_vivienda_colectiva,92.0
33,Asturias,2017,superficie_m2_p75_vivienda_unifamiliar,229.25
33,Asturias,2018,alquiler_mensual_eur_m2_mediana_vivienda_colectiva,6.33802816901408
33,Asturias,2018,alquiler_mensual_eur_m2_mediana_vivienda_unifamiliar,4.16666666666667
33,Asturias,2018,alquiler_mensual_eur_m2_p25_vivienda_colectiva,4.66666666666667
33,Asturias,2018,alquiler_mensual_eur_m2_p25_vivienda_unifamiliar,2.50224673202614
33,Asturias,2018,alquiler_mensual_eur_m2_p75_vivienda_colectiva,9.47368421052632
33,Asturias,2018,alquiler_mensual_eur_m2_p75_vivienda_unifamiliar,6.66666666666667
33,Asturias,2018,alquiler_mensual_total_eur_mediana_vivienda_colectiva,450.0
33,Asturias,2018,alquiler_mensual_total_eur_mediana_vivienda_unifamiliar,420.0
33,Asturias,2018,alquiler_mensual_total_eur_p25_vivienda_colectiva,350.0
33,Asturias,2018,alquiler_mensual_total_eur_p25_vivienda_unifamiliar,285.713127934272
33,Asturias,2018,alquiler_mensual_total_eur_p75_vivienda_colectiva,700.0
33,Asturias,2018,alquiler_mensual_total_eur_p75_vivienda_unifamiliar,750.056255625563
33,Asturias,2018,observaciones_alquiler_vivienda_colectiva,38621.0
33,Asturias,2018,observaciones_alquiler_vivienda_unifamiliar,2989.0
33,Asturias,2018,superficie_m2_mediana_vivienda_colectiva,77.0
33,Asturias,2018,superficie_m2_mediana_vivienda_unifamiliar,153.0
33,Asturias,2018,superficie_m2_p25_vivienda_colectiva,62.0
33,Asturias,2018,superficie_m2_p25_vivienda_unifamiliar,95.0
33,Asturias,2018,superficie_m2_p75_vivienda_colectiva,92.0
33,Asturias,2018,superficie_m2_p75_vivienda_unifamiliar,228.0
34,Palencia,2015,alquiler_mensual_eur_m2_mediana_vivienda_colectiva,4.96213235294118
34,Palencia,2015,alquiler_mensual_eur_m2_mediana_vivienda_unifamiliar,3.49848484848485
34,Palencia,2015,alquiler_mensual_eur_m2_p25_vivienda_colectiva,3.43731944444444
34,Palencia,2015,alquiler_mensual_eur_m2_p25_vivienda_unifamiliar,1.88238405924881
34,Palencia,2015,alquiler_mensual_eur_m2_p75_vivienda_colectiva,7.44400715563506
34,Palencia,2015,alquiler_mensual_eur_m2_p75_vivienda_unifamiliar,5.3619972260749
34,Palencia,2015,alquiler_mensual_total_eur_mediana_vivienda_colectiva,400.0
34,Palencia,2015,alquiler_mensual_total_eur_mediana_vivienda_unifamiliar,400.0
34,Palencia,2015,alquiler_mensual_total_eur_p25_vivienda_colectiva,300.0
34,Palencia,2015,alquiler_mensual_total_eur_p25_vivienda_unifamiliar,245.6025
34,Palencia,2015,alquiler_mensual_total_eur_p75_vivienda_colectiva,600.0
34,Palencia,2015,alquiler_mensual_total_eur_p75_vivienda_unifamiliar,600.0
34,Palencia,2015,observaciones_alquiler_vivienda_colectiva,3582.0
34,Palencia,2015,observaciones_alquiler_vivienda_unifamiliar,419.0
34,Palencia,2015,superficie_m2_mediana_vivienda_colectiva,88.0
34,Palencia,2015,superficie_m2_mediana_vivienda_unifamiliar,166.5
34,Palencia,2015,superficie_m2_p25_vivienda_colectiva,70.0
34,Palencia,2015,superficie_m2_p25_vivienda_unifamiliar,112.0
34,Palencia,2015,superficie_m2_p75_vivienda_colectiva,107.0
34,Palencia,2015,superficie_m2_p75_vivienda_unifamiliar,237.0
34,Palencia,2016,alquiler_mensual_eur_m2_mediana_vivienda_colectiva,5.22388059701493
34,Palencia,2016,alquiler_mensual_eur_m2_mediana_vivienda_unifamiliar,3.63636363636364
34,Palencia,2016,alquiler_mensual_eur_m2_p25_vivienda_colectiva,3.6874460742019
34,Palencia,2016,alquiler_mensual_eur_m2_p25_vivienda_unifamiliar,2.15293821526872
34,Palencia,2016,alquiler_mensual_eur_m2_p75_vivienda_colectiva,7.97670807453416
34,Palencia,2016,alquiler_mensual_eur_m2_p75_vivienda_unifamiliar,5.77906229929351
34,Palencia,2016,alquiler_mensual_total_eur_mediana_vivienda_colectiva,400.0
34,Palencia,2016,alquiler_mensual_total_eur_mediana_vivienda_unifamiliar,420.0
34,Palencia,2016,alquiler_mensual_total_eur_p25_vivienda_colectiva,300.0
34,Palencia,2016,alquiler_mensual_total_eur_p25_vivienda_unifamiliar,250.0
34,Palencia,2016,alquiler_mensual_total_eur_p75_vivienda_colectiva,650.0
34,Palencia,2016,alquiler_mensual_total_eur_p75_vivienda_unifamiliar,684.493333333333
34,Palencia,2016,observaciones_alquiler_vivienda_colectiva,3947.0
34,Palencia,2016,observaciones_alquiler_vivienda_unifamiliar,462.0
34,Palencia,2016,superficie_m2_mediana_vivienda_colectiva,87.0
34,Palencia,2016,superficie_m2_mediana_vivienda_unifamiliar,167.0
34,Palencia,2016,superficie_m2_p25_vivienda_colectiva,70.0
34,Palencia,2016,superficie_m2_p25_vivienda_unifamiliar,114.5
34,Palencia,2016,superficie_m2_p75_vivienda_colectiva,107.0
34,Palencia,2016,superficie_m2_p75_vivienda_unifamiliar,225.0
34,Palencia,2017,alquiler_mensual_eur_m2_mediana_vivienda_colectiva,5.3030303030303
34,Palencia,2017,alquiler_mensual_eur_m2_mediana_vivienda_unifamiliar,3.7593984962406
34,Palencia,2017,alquiler_mensual_eur_m2_p25_vivienda_colectiva,3.80952380952381
34,Palencia,2017,alquiler_mensual_eur_m2_p25_vivienda_unifamiliar,2.2
34,Palencia,2017,alquiler_mensual_eur_m2_p75_vivienda_colectiva,8.07457243460765
34,Palencia,2017,alquiler_mensual_eur_m2_p75_vivienda_unifamiliar,6.55737704918033
34,Palencia,2017,alquiler_mensual_total_eur_mediana_vivienda_colectiva,401.541666666667
34,Palencia,2017,alquiler_mensual_total_eur_mediana_vivienda_unifamiliar,450.0
34,Palencia,2017,alquiler_mensual_total_eur_p25_vivienda_colectiva,320.0
34,Palencia,2017,alquiler_mensual_total_eur_p25_vivienda_unifamiliar,260.0
34,Palencia,2017,alquiler_mensual_total_eur_p75_vivienda_colectiva,653.526666666667
34,Palencia,2017,alquiler_mensual_total_eur_p75_vivienda_unifamiliar,720.0
34,Palencia,2017,observaciones_alquiler_vivienda_colectiva,4094.0
34,Palencia,2017,observaciones_alquiler_vivienda_unifamiliar,484.0
34,Palencia,2017,superficie_m2_mediana_vivienda_colectiva,87.0
34,Palencia,2017,superficie_m2_mediana_vivienda_unifamiliar,168.0
34,Palencia,2017,superficie_m2_p25_vivienda_colectiva,70.0
34,Palencia,2017,superficie_m2_p25_vivienda_unifamiliar,115.0
34,Palencia,2017,superficie_m2_p75_vivienda_colectiva,106.0
34,Palencia,2017,superficie_m2_p75_vivienda_unifamiliar,226.0
34,Palencia,2018,alquiler_mensual_eur_m2_mediana_vivienda_colectiva,5.4368932038835
34,Palencia,2018,alquiler_mensual_eur_m2_mediana_vivienda_unifamiliar,4.0
34,Palencia,2018,alquiler_mensual_eur_m2_p25_vivienda_colectiva,3.86926420052557
34,Palencia,2018,alquiler_mensual_eur_m2_p25_vivienda_unifamiliar,2.4468085106383
34,Palencia,2018,alquiler_mensual_eur_m2_p75_vivienda_colectiva,8.41613379242499
34,Palencia,2018,alquiler_mensual_eur_m2_p75_vivienda_unifamiliar,6.35656786017585
34,Palencia,2018,alquiler_mensual_total_eur_mediana_vivienda_colectiva,416.696666666667
34,Palencia,2018,alquiler_mensual_total_eur_mediana_vivienda_unifamiliar,450.0
34,Palencia,2018,alquiler_mensual_total_eur_p25_vivienda_colectiva,320.833333333333
34,Palencia,2018,alquiler_mensual_total_eur_p25_vivienda_unifamiliar,300.0
34,Palencia,2018,alquiler_mensual_total_eur_p75_vivienda_colectiva,689.08962264151
34,Palencia,2018,alquiler_mensual_total_eur_p75_vivienda_unifamiliar,700.0
34,Palencia,2018,observaciones_alquiler_vivienda_colectiva,4310.0
34,Palencia,2018,observaciones_alquiler_vivienda_unifamiliar,516.0
34,Palencia,2018,superficie_m2_mediana_vivienda_colectiva,86.0
34,Palencia,2018,superficie_m2_mediana_vivienda_unifamiliar,160.0
34,Palencia,2018,superficie_m2_p25_vivienda_colectiva,70.0
34,Palencia,2018,superficie_m2_p25_vivienda_unifamiliar,112.0
34,Palencia,2018,superficie_m2_p75_vivienda_colectiva,105.0
34,Palencia,2018,superficie_m2_p75_vivienda_unifamiliar,224.0
35,"Palmas, Las",2015,alquiler_mensual_eur_m2_mediana_vivienda_colectiva,6.07361268576682
35,"Palmas, Las",2015,alquiler_mensual_eur_m2_mediana_vivienda_unifamiliar,5.59322033898305
35,"Palmas, Las",2015,alquiler_mensual_eur_m2_p25_vivienda_colectiva,4.48717948717949
35,"Palmas, Las",2015,alquiler_mensual_eur_m2_p25_vivienda_unifamiliar,3.35198729170719
35,"Palmas, Las",2015,alquiler_mensual_eur_m2_p75_vivienda_colectiva,9.17636043181317
35,"Palmas, Las",2015,alquiler_mensual_eur_m2_p75_vivienda_unifamiliar,8.92857142857143
35,"Palmas, Las",2015,alquiler_mensual_total_eur_mediana_vivienda_colectiva,450.0
35,"Palmas, Las",2015,alquiler_mensual_total_eur_mediana_vivienda_unifamiliar,520.0
35,"Palmas, Las",2015,alquiler_mensual_total_eur_p25_vivienda_colectiva,350.0
35,"Palmas, Las",2015,alquiler_mensual_total_eur_p25_vivienda_unifamiliar,366.666666666667
35,"Palmas, Las",2015,alquiler_mensual_total_eur_p75_vivienda_colectiva,700.0
35,"Palmas, Las",2015,alquiler_mensual_total_eur_p75_vivienda_unifamiliar,821.036036036036
35,"Palmas, Las",2015,observaciones_alquiler_vivienda_colectiva,25521.0
35,"Palmas, Las",2015,observaciones_alquiler_vivienda_unifamiliar,7866.0
35,"Palmas, Las",2015,superficie_m2_mediana_vivienda_colectiva,79.0
35,"Palmas, Las",2015,superficie_m2_mediana_vivienda_unifamiliar,112.0
35,"Palmas, Las",2015,superficie_m2_p25_vivienda_colectiva,62.0
35,"Palmas, Las",2015,superficie_m2_p25_vivienda_unifamiliar,72.0
35,"Palmas, Las",2015,superficie_m2_p75_vivienda_colectiva,97.0
35,"Palmas, Las",2015,superficie_m2_p75_vivienda_unifamiliar,200.5
35,"Palmas, Las",2016,alquiler_mensual_eur_m2_mediana_vivienda_colectiva,6.37373737373737
35,"Palmas, Las",2016,alquiler_mensual_eur_m2_mediana_vivienda_unifamiliar,5.99483451536643
35,"Palmas, Las",2016,alquiler_mensual_eur_m2_p25_vivienda_colectiva,4.64734162895928
35,"Palmas, Las",2016,alquiler_mensual_eur_m2_p25_vivienda_unifamiliar,3.71541908573361
35,"Palmas, Las",2016,alquiler_mensual_eur_m2_p75_vivienda_colectiva,9.67741935483871
35,"Palmas, Las",2016,alquiler_mensual_eur_m2_p75_vivienda_unifamiliar,9.57294832826748
35,"Palmas, Las",2016,alquiler_mensual_total_eur_mediana_vivienda_colectiva,470.0
35,"Palmas, Las",2016,alquiler_mensual_total_eur_mediana_vivienda_unifamiliar,595.0
35,"Palmas, Las",2016,alquiler_mensual_total_eur_p25_vivienda_colectiva,350.0
35,"Palmas, Las",2016,alquiler_mensual_total_eur_p25_vivienda_unifamiliar,400.0
35,"Palmas, Las",2016,alquiler_mensual_total_eur_p75_vivienda_colectiva,700.0
35,"Palmas, Las",2016,alquiler_mensual_total_eur_p75_vivienda_unifamiliar,900.0
35,"Palmas, Las",2016,observaciones_alquiler_vivienda_colectiva,28799.0
35,"Palmas, Las",2016,observaciones_alquiler_vivienda_unifamiliar,8866.0
35,"Palmas, Las",2016,superficie_m2_mediana_vivienda_colectiva,78.0
35,"Palmas, Las",2016,superficie_m2_mediana_vivienda_unifamiliar,112.0
35,"Palmas, Las",2016,superficie_m2_p25_vivienda_colectiva,62.0
35,"Palmas, Las",2016,superficie_m2_p25_vivienda_unifamiliar,71.0
35,"Palmas, Las",2016,superficie_m2_p75_vivienda_colectiva,97.0
35,"Palmas, Las",2016,superficie_m2_p75_vivienda_unifamiliar,198.0
35,"Palmas, Las",2017,alquiler_mensual_eur_m2_mediana_vivienda_colectiva,6.59110824742268
35,"Palmas, Las",2017,alquiler_mensual_eur_m2_mediana_vivienda_unifamiliar,6.19469026548673
35,"Palmas, Las",2017,alquiler_mensual_eur_m2_p25_vivienda_colectiva,4.81927710843374
35,"Palmas, Las",2017,alquiler_mensual_eur_m2_p25_vivienda_unifamiliar,3.77358490566038
35,"Palmas, Las",2017,alquiler_mensual_eur_m2_p75_vivienda_colectiva,9.87654320987654
35,"Palmas, Las",2017,alquiler_mensual_eur_m2_p75_vivienda_unifamiliar,9.94118242745618
35,"Palmas, Las",2017,alquiler_mensual_total_eur_mediana_vivienda_colectiva,490.0
35,"Palmas, Las",2017,alquiler_mensual_total_eur_mediana_vivienda_unifamiliar,600.0
35,"Palmas, Las",2017,alquiler_mensual_total_eur_p25_vivienda_colectiva,365.208333333333
35,"Palmas, Las",2017,alquiler_mensual_total_eur_p25_vivienda_unifamiliar,400.0
35,"Palmas, Las",2017,alquiler_mensual_total_eur_p75_vivienda_colectiva,720.0
35,"Palmas, Las",2017,alquiler_mensual_total_eur_p75_vivienda_unifamiliar,900.0
35,"Palmas, Las",2017,observaciones_alquiler_vivienda_colectiva,30886.0
35,"Palmas, Las",2017,observaciones_alquiler_vivienda_unifamiliar,9519.0
35,"Palmas, Las",2017,superficie_m2_mediana_vivienda_colectiva,78.0
35,"Palmas, Las",2017,superficie_m2_mediana_vivienda_unifamiliar,112.0
35,"Palmas, Las",2017,superficie_m2_p25_vivienda_colectiva,61.0
35,"Palmas, Las",2017,superficie_m2_p25_vivienda_unifamiliar,71.0
35,"Palmas, Las",2017,superficie_m2_p75_vivienda_colectiva,97.0
35,"Palmas, Las",2017,superficie_m2_p75_vivienda_unifamiliar,199.0
35,"Palmas, Las",2018,alquiler_mensual_eur_m2_mediana_vivienda_colectiva,6.90789473684211
35,"Palmas, Las",2018,alquiler_mensual_eur_m2_mediana_vivienda_unifamiliar,6.45161290322581
35,"Palmas, Las",2018,alquiler_mensual_eur_m2_p25_vivienda_colectiva,5.0
35,"Palmas, Las",2018,alquiler_mensual_eur_m2_p25_vivienda_unifamiliar,3.93564085739283
35,"Palmas, Las",2018,alquiler_mensual_eur_m2_p75_vivienda_colectiva,10.3830390920555
35,"Palmas, Las",2018,alquiler_mensual_eur_m2_p75_vivienda_unifamiliar,10.3077163386442
35,"Palmas, Las",2018,alquiler_mensual_total_eur_mediana_vivienda_colectiva,500.0
35,"Palmas, Las",2018,alquiler_mensual_total_eur_mediana_vivienda_unifamiliar,612.54125
35,"Palmas, Las",2018,alquiler_mensual_total_eur_p25_vivienda_colectiva,390.0
35,"Palmas, Las",2018,alquiler_mensual_total_eur_p25_vivienda_unifamiliar,400.0
35,"Palmas, Las",2018,alquiler_mensual_total_eur_p75_vivienda_colectiva,770.0
35,"Palmas, Las",2018,alquiler_mensual_total_eur_p75_vivienda_unifamiliar,1000.0
35,"Palmas, Las",2018,observaciones_alquiler_vivienda_colectiva,32283.0
35,"Palmas, Las",2018,observaciones_alquiler_vivienda_unifamiliar,9917.0
35,"Palmas, Las",2018,superficie_m2_mediana_vivienda_colectiva,78.0
35,"Palmas, Las",2018,superficie_m2_mediana_vivienda_unifamiliar,114.0
35,"Palmas, Las",2018,superficie_m2_p25_vivienda_colectiva,62.0
35,"Palmas, Las",2018,superficie_m2_p25_vivienda_unifamiliar,72.0
35,"Palmas, Las",2018,superficie_m2_p75_vivienda_colectiva,96.0
35,"Palmas, Las",2018,superficie_m2_p75_vivienda_unifamiliar,202.0
36,Pontevedra,2015,alquiler_mensual_eur_m2_mediana_vivienda_colectiva,5.64516129032258
36,Pontevedra,2015,alquiler_mensual_eur_m2_mediana_vivienda_unifamiliar,3.75
36,Pontevedra,2015,alquiler_mensual_eur_m2_p25_vivienda_colectiva,3.84615384615385
36,Pontevedra,2015,alquiler_mensual_eur_m2_p25_vivienda_unifamiliar,2.22222222222222
36,Pontevedra,2015,alquiler_mensual_eur_m2_p75_vivienda_colectiva,8.68074633699634
36,Pontevedra,2015,alquiler_mensual_eur_m2_p75_vivienda_unifamiliar,5.98665929174404
36,Pontevedra,2015,alquiler_mensual_total_eur_mediana_vivienda_colectiva,432.0
36,Pontevedra,2015,alquiler_mensual_total_eur_mediana_vivienda_unifamiliar,416.666666666667
36,Pontevedra,2015,alquiler_mensual_total_eur_p25_vivienda_colectiva,325.0
36,Pontevedra,2015,alquiler_mensual_total_eur_p25_vivienda_unifamiliar,280.833333333333
36,Pontevedra,2015,alquiler_mensual_total_eur_p75_vivienda_colectiva,670.0
36,Pontevedra,2015,alquiler_mensual_total_eur_p75_vivienda_unifamiliar,720.0
36,Pontevedra,2015,observaciones_alquiler_vivienda_colectiva,22555.0
36,Pontevedra,2015,observaciones_alquiler_vivienda_unifamiliar,2746.0
36,Pontevedra,2015,superficie_m2_mediana_vivienda_colectiva,89.0
36,Pontevedra,2015,superficie_m2_mediana_vivienda_unifamiliar,206.0
36,Pontevedra,2015,superficie_m2_p25_vivienda_colectiva,69.0
36,Pontevedra,2015,superficie_m2_p25_vivienda_unifamiliar,129.5
36,Pontevedra,2015,superficie_m2_p75_vivienda_colectiva,108.0
36,Pontevedra,2015,superficie_m2_p75_vivienda_unifamiliar,300.5
36,Pontevedra,2016,alquiler_mensual_eur_m2_mediana_vivienda_colectiva,5.85106382978723
36,Pontevedra,2016,alquiler_mensual_eur_m2_mediana_vivienda_unifamiliar,3.78787878787879
36,Pontevedra,2016,alquiler_mensual_eur_m2_p25_vivienda_colectiva,3.93325394038702
36,Pontevedra,2016,alquiler_mensual_eur_m2_p25_vivienda_unifamiliar,2.26027397260274
36,Pontevedra,2016,alquiler_mensual_eur_m2_p75_vivienda_colectiva,8.95255063765942
36,Pontevedra,2016,alquiler_mensual_eur_m2_p75_vivienda_unifamiliar,6.17283950617284
36,Pontevedra,2016,alquiler_mensual_total_eur_mediana_vivienda_colectiva,450.0
36,Pontevedra,2016,alquiler_mensual_total_eur_mediana_vivienda_unifamiliar,440.0
36,Pontevedra,2016,alquiler_mensual_total_eur_p25_vivienda_colectiva,330.0
36,Pontevedra,2016,alquiler_mensual_total_eur_p25_vivienda_unifamiliar,296.45
36,Pontevedra,2016,alquiler_mensual_total_eur_p75_vivienda_colectiva,700.0
36,Pontevedra,2016,alquiler_mensual_total_eur_p75_vivienda_unifamiliar,725.0
36,Pontevedra,2016,observaciones_alquiler_vivienda_colectiva,24730.0
36,Pontevedra,2016,observaciones_alquiler_vivienda_unifamiliar,3076.0
36,Pontevedra,2016,superficie_m2_mediana_vivienda_colectiva,88.0
36,Pontevedra,2016,superficie_m2_mediana_vivienda_unifamiliar,207.0
36,Pontevedra,2016,superficie_m2_p25_vivienda_colectiva,68.0
36,Pontevedra,2016,superficie_m2_p25_vivienda_unifamiliar,129.0
36,Pontevedra,2016,superficie_m2_p75_vivienda_colectiva,108.0
36,Pontevedra,2016,superficie_m2_p75_vivienda_unifamiliar,302.0
36,Pontevedra,2017,alquiler_mensual_eur_m2_mediana_vivienda_colectiva,5.9808429118774
36,Pontevedra,2017,alquiler_mensual_eur_m2_mediana_vivienda_unifamiliar,3.96087631437562
36,Pontevedra,2017,alquiler_mensual_eur_m2_p25_vivienda_colectiva,4.07407407407407
36,Pontevedra,2017,alquiler_mensual_eur_m2_p25_vivienda_unifamiliar,2.43276549512679
36,Pontevedra,2017,alquiler_mensual_eur_m2_p75_vivienda_colectiva,9.09090909090909
36,Pontevedra,2017,alquiler_mensual_eur_m2_p75_vivienda_unifamiliar,6.34940476190476
36,Pontevedra,2017,alquiler_mensual_total_eur_mediana_vivienda_colectiva,450.0
36,Pontevedra,2017,alquiler_mensual_total_eur_mediana_vivienda_unifamiliar,450.0
36,Pontevedra,2017,alquiler_mensual_total_eur_p25_vivienda_colectiva,340.0
36,Pontevedra,2017,alquiler_mensual_total_eur_p25_vivienda_unifamiliar,300.0
36,Pontevedra,2017,alquiler_mensual_total_eur_p75_vivienda_colectiva,700.0
36,Pontevedra,2017,alquiler_mensual_total_eur_p75_vivienda_unifamiliar,750.0
36,Pontevedra,2017,observaciones_alquiler_vivienda_colectiva,26232.0
36,Pontevedra,2017,observaciones_alquiler_vivienda_unifamiliar,3315.0
36,Pontevedra,2017,superficie_m2_mediana_vivienda_colectiva,87.0
36,Pontevedra,2017,superficie_m2_mediana_vivienda_unifamiliar,205.0
36,Pontevedra,2017,superficie_m2_p25_vivienda_colectiva,67.0
36,Pontevedra,2017,superficie_m2_p25_vivienda_unifamiliar,127.0
36,Pontevedra,2017,superficie_m2_p75_vivienda_colectiva,107.0
36,Pontevedra,2017,superficie_m2_p75_vivienda_unifamiliar,298.0
36,Pontevedra,2018,alquiler_mensual_eur_m2_mediana_vivienda_colectiva,6.13636363636364
36,Pontevedra,2018,alquiler_mensual_eur_m2_mediana_vivienda_unifamiliar,4.0680343378418
36,Pontevedra,2018,alquiler_mensual_eur_m2_p25_vivienda_colectiva,4.16666666666667
36,Pontevedra,2018,alquiler_mensual_eur_m2_p25_vivienda_unifamiliar,2.46334564765643
36,Pontevedra,2018,alquiler_mensual_eur_m2_p75_vivienda_colectiva,9.34684684684685
36,Pontevedra,2018,alquiler_mensual_eur_m2_p75_vivienda_unifamiliar,6.49350649350649
36,Pontevedra,2018,alquiler_mensual_total_eur_mediana_vivienda_colectiva,450.0
36,Pontevedra,2018,alquiler_mensual_total_eur_mediana_vivienda_unifamiliar,450.0
36,Pontevedra,2018,alquiler_mensual_total_eur_p25_vivienda_colectiva,350.0
36,Pontevedra,2018,alquiler_mensual_total_eur_p25_vivienda_unifamiliar,300.0
36,Pontevedra,2018,alquiler_mensual_total_eur_p75_vivienda_colectiva,700.0
36,Pontevedra,2018,alquiler_mensual_total_eur_p75_vivienda_unifamiliar,780.0
36,Pontevedra,2018,observaciones_alquiler_vivienda_colectiva,28268.0
36,Pontevedra,2018,observaciones_alquiler_vivienda_unifamiliar,3583.0
36,Pontevedra,2018,superficie_m2_mediana_vivienda_colectiva,87.0
36,Pontevedra,2018,superficie_m2_mediana_vivienda_unifamiliar,204.0
36,Pontevedra,2018,superficie_m2_p25_vivienda_colectiva,67.0
36,Pontevedra,2018,superficie_m2_p25_vivienda_unifamiliar,127.0
36,Pontevedra,2018,superficie_m2_p75_vivienda_colectiva,106.0
36,Pontevedra,2018,superficie_m2_p75_vivienda_unifamiliar,298.0
37,Salamanca,2015,alquiler_mensual_eur_m2_mediana_vivienda_colectiva,5.29213483146067
37,Salamanca,2015,alquiler_mensual_eur_m2_mediana_vivienda_unifamiliar,3.23635209479475
37,Salamanca,2015,alquiler_mensual_eur_m2_p25_vivienda_colectiva,3.81083189840723
37,Salamanca,2015,alquiler_mensual_eur_m2_p25_vivienda_unifamiliar,2.03252032520325
37,Salamanca,2015,alquiler_mensual_eur_m2_p75_vivienda_colectiva,8.19672131147541
37,Salamanca,2015,alquiler_mensual_eur_m2_p75_vivienda_unifamiliar,4.91745283018868
37,Salamanca,2015,alquiler_mensual_total_eur_mediana_vivienda_colectiva,450.0
37,Salamanca,2015,alquiler_mensual_total_eur_mediana_vivienda_unifamiliar,400.0
37,Salamanca,2015,alquiler_mensual_total_eur_p25_vivienda_colectiva,330.0
37,Salamanca,2015,alquiler_mensual_total_eur_p25_vivienda_unifamiliar,229.791666666667
37,Salamanca,2015,alquiler_mensual_total_eur_p75_vivienda_colectiva,700.0
37,Salamanca,2015,alquiler_mensual_total_eur_p75_vivienda_unifamiliar,628.069672131148
37,Salamanca,2015,observaciones_alquiler_vivienda_colectiva,10138.0
37,Salamanca,2015,observaciones_alquiler_vivienda_unifamiliar,691.0
37,Salamanca,2015,superficie_m2_mediana_vivienda_colectiva,89.0
37,Salamanca,2015,superficie_m2_mediana_vivienda_unifamiliar,184.0
37,Salamanca,2015,superficie_m2_p25_vivienda_colectiva,73.0
37,Salamanca,2015,superficie_m2_p25_vivienda_unifamiliar,131.5
37,Salamanca,2015,superficie_m2_p75_vivienda_colectiva,105.0
37,Salamanca,2015,superficie_m2_p75_vivienda_unifamiliar,247.25
37,Salamanca,2016,alquiler_mensual_eur_m2_mediana_vivienda_colectiva,5.48780487804878
37,Salamanca,2016,alquiler_mensual_eur_m2_mediana_vivienda_unifamiliar,3.48837209302326
37,Salamanca,2016,alquiler_mensual_eur_m2_p25_vivienda_colectiva,3.94736842105263
37,Salamanca,2016,alquiler_mensual_eur_m2_p25_vivienda_unifamiliar,2.04022168307883
37,Salamanca,2016,alquiler_mensual_eur_m2_p75_vivienda_colectiva,8.54440850815851
37,Salamanca,2016,alquiler_mensual_eur_m2_p75_vivienda_unifamiliar,5.49115518627714
37,Salamanca,2016,alquiler_mensual_total_eur_mediana_vivienda_colectiva,450.0
37,Salamanca,2016,alquiler_mensual_total_eur_mediana_vivienda_unifamiliar,407.5
37,Salamanca,2016,alquiler_mensual_total_eur_p25_vivienda_colectiva,345.0
37,Salamanca,2016,alquiler_mensual_total_eur_p25_vivienda_unifamiliar,246.666666666667
37,Salamanca,2016,alquiler_mensual_total_eur_p75_vivienda_colectiva,730.0
37,Salamanca,2016,alquiler_mensual_total_eur_p75_vivienda_unifamiliar,687.009166666667
37,Salamanca,2016,observaciones_alquiler_vivienda_colectiva,11123.0
37,Salamanca,2016,observaciones_alquiler_vivienda_unifamiliar,758.0
37,Salamanca,2016,superficie_m2_mediana_vivienda_colectiva,89.0
37,Salamanca,2016,superficie_m2_mediana_vivienda_unifamiliar,184.0
37,Salamanca,2016,superficie_m2_p25_vivienda_colectiva,72.0
37,Salamanca,2016,superficie_m2_p25_vivienda_unifamiliar,132.0
37,Salamanca,2016,superficie_m2_p75_vivienda_colectiva,104.0
37,Salamanca,2016,superficie_m2_p75_vivienda_unifamiliar,247.0
37,Salamanca,2017,alquiler_mensual_eur_m2_mediana_vivienda_colectiva,5.55555555555556
37,Salamanca,2017,alquiler_mensual_eur_m2_mediana_vivienda_unifamiliar,3.61519607843137
37,Salamanca,2017,alquiler_mensual_eur_m2_p25_vivienda_colectiva,4.02298850574713
37,Salamanca,2017,alquiler_mensual_eur_m2_p25_vivienda_unifamiliar,2.11992809450437
37,Salamanca,2017,alquiler_mensual_eur_m2_p75_vivienda_colectiva,8.62068965517241
37,Salamanca,2017,alquiler_mensual_eur_m2_p75_vivienda_unifamiliar,6.06256109481916
37,Salamanca,2017,alquiler_mensual_total_eur_mediana_vivienda_colectiva,450.0
37,Salamanca,2017,alquiler_mensual_total_eur_mediana_vivienda_unifamiliar,450.0
37,Salamanca,2017,alquiler_mensual_total_eur_p25_vivienda_colectiva,350.0
37,Salamanca,2017,alquiler_mensual_total_eur_p25_vivienda_unifamiliar,250.0
37,Salamanca,2017,alquiler_mensual_total_eur_p75_vivienda_colectiva,733.333333333333
37,Salamanca,2017,alquiler_mensual_total_eur_p75_vivienda_unifamiliar,800.0
37,Salamanca,2017,observaciones_alquiler_vivienda_colectiva,11956.0
37,Salamanca,2017,observaciones_alquiler_vivienda_unifamiliar,782.0
37,Salamanca,2017,superficie_m2_mediana_vivienda_colectiva,89.0
37,Salamanca,2017,superficie_m2_mediana_vivienda_unifamiliar,184.0
37,Salamanca,2017,superficie_m2_p25_vivienda_colectiva,72.0
37,Salamanca,2017,superficie_m2_p25_vivienda_unifamiliar,130.0
37,Salamanca,2017,superficie_m2_p75_vivienda_colectiva,104.0
37,Salamanca,2017,superficie_m2_p75_vivienda_unifamiliar,247.5
37,Salamanca,2018,alquiler_mensual_eur_m2_mediana_vivienda_colectiva,5.68023255813954
37,Salamanca,2018,alquiler_mensual_eur_m2_mediana_vivienda_unifamiliar,3.59342226219025
37,Salamanca,2018,alquiler_mensual_eur_m2_p25_vivienda_colectiva,4.13546880213547
37,Salamanca,2018,alquiler_mensual_eur_m2_p25_vivienda_unifamiliar,2.36943164362519
37,Salamanca,2018,alquiler_mensual_eur_m2_p75_vivienda_colectiva,8.89563729246488
37,Salamanca,2018,alquiler_mensual_eur_m2_p75_vivienda_unifamiliar,5.88235294117647
37,Salamanca,2018,alquiler_mensual_total_eur_mediana_vivienda_colectiva,465.0
37,Salamanca,2018,alquiler_mensual_total_eur_mediana_vivienda_unifamiliar,450.0
37,Salamanca,2018,alquiler_mensual_total_eur_p25_vivienda_colectiva,350.0
37,Salamanca,2018,alquiler_mensual_total_eur_p25_vivienda_unifamiliar,260.0
37,Salamanca,2018,alquiler_mensual_total_eur_p75_vivienda_colectiva,760.0
37,Salamanca,2018,alquiler_mensual_total_eur_p75_vivienda_unifamiliar,750.0
37,Salamanca,2018,observaciones_alquiler_vivienda_colectiva,12450.0
37,Salamanca,2018,observaciones_alquiler_vivienda_unifamiliar,853.0
37,Salamanca,2018,superficie_m2_mediana_vivienda_colectiva,88.0
37,Salamanca,2018,superficie_m2_mediana_vivienda_unifamiliar,184.0
37,Salamanca,2018,superficie_m2_p25_vivienda_colectiva,72.0
37,Salamanca,2018,superficie_m2_p25_vivienda_unifamiliar,133.0
37,Salamanca,2018,superficie_m2_p75_vivienda_colectiva,104.0
37,Salamanca,2018,superficie_m2_p75_vivienda_unifamiliar,246.0
38,Santa Cruz de Tenerife,2015,alquiler_mensual_eur_m2_mediana_vivienda_colectiva,6.07407407407407
38,Santa Cruz de Tenerife,2015,alquiler_mensual_eur_m2_mediana_vivienda_unifamiliar,4.80769230769231
38,Santa Cruz de Tenerife,2015,alquiler_mensual_eur_m2_p25_vivienda_colectiva,4.41176470588235
38,Santa Cruz de Tenerife,2015,alquiler_mensual_eur_m2_p25_vivienda_unifamiliar,2.80701754385965
38,Santa Cruz de Tenerife,2015,alquiler_mensual_eur_m2_p75_vivienda_colectiva,9.03614457831325
38,Santa Cruz de Tenerife,2015,alquiler_mensual_eur_m2_p75_vivienda_unifamiliar,7.54716981132075
38,Santa Cruz de Tenerife,2015,alquiler_mensual_total_eur_mediana_vivienda_colectiva,437.05
38,Santa Cruz de Tenerife,2015,alquiler_mensual_total_eur_mediana_vivienda_unifamiliar,500.0
38,Santa Cruz de Tenerife,2015,alquiler_mensual_total_eur_p25_vivienda_colectiva,336.75
38,Santa Cruz de Tenerife,2015,alquiler_mensual_total_eur_p25_vivienda_unifamiliar,350.0
38,Santa Cruz de Tenerife,2015,alquiler_mensual_total_eur_p75_vivienda_colectiva,660.0
38,Santa Cruz de Tenerife,2015,alquiler_mensual_total_eur_p75_vivienda_unifamiliar,805.729166666667
38,Santa Cruz de Tenerife,2015,observaciones_alquiler_vivienda_colectiva,24624.0
38,Santa Cruz de Tenerife,2015,observaciones_alquiler_vivienda_unifamiliar,4057.0
38,Santa Cruz de Tenerife,2015,superficie_m2_mediana_vivienda_colectiva,77.0
38,Santa Cruz de Tenerife,2015,superficie_m2_mediana_vivienda_unifamiliar,153.0
38,Santa Cruz de Tenerife,2015,superficie_m2_p25_vivienda_colectiva,61.0
38,Santa Cruz de Tenerife,2015,superficie_m2_p25_vivienda_unifamiliar,95.0
38,Santa Cruz de Tenerife,2015,superficie_m2_p75_vivienda_colectiva,96.0
38,Santa Cruz de Tenerife,2015,superficie_m2_p75_vivienda_unifamiliar,240.0
38,Santa Cruz de Tenerife,2016,alquiler_mensual_eur_m2_mediana_vivienda_colectiva,6.41745933600713
38,Santa Cruz de Tenerife,2016,alquiler_mensual_eur_m2_mediana_vivienda_unifamiliar,5.0
38,Santa Cruz de Tenerife,2016,alquiler_mensual_eur_m2_p25_vivienda_colectiva,4.61538461538462
38,Santa Cruz de Tenerife,2016,alquiler_mensual_eur_m2_p25_vivienda_unifamiliar,3.01564856711916
38,Santa Cruz de Tenerife,2016,alquiler_mensual_eur_m2_p75_vivienda_colectiva,9.64997093852518
38,Santa Cruz de Tenerife,2016,alquiler_mensual_eur_m2_p75_vivienda_unifamiliar,8.03847692718058
38,Santa Cruz de Tenerife,2016,alquiler_mensual_total_eur_mediana_vivienda_colectiva,450.0
38,Santa Cruz de Tenerife,2016,alquiler_mensual_total_eur_mediana_vivienda_unifamiliar,550.0
38,Santa Cruz de Tenerife,2016,alquiler_mensual_total_eur_p25_vivienda_colectiva,350.0
38,Santa Cruz de Tenerife,2016,alquiler_mensual_total_eur_p25_vivienda_unifamiliar,354.166666666667
38,Santa Cruz de Tenerife,2016,alquiler_mensual_total_eur_p75_vivienda_colectiva,700.0
38,Santa Cruz de Tenerife,2016,alquiler_mensual_total_eur_p75_vivienda_unifamiliar,880.0
38,Santa Cruz de Tenerife,2016,observaciones_alquiler_vivienda_colectiva,27361.0
38,Santa Cruz de Tenerife,2016,observaciones_alquiler_vivienda_unifamiliar,4563.0
38,Santa Cruz de Tenerife,2016,superficie_m2_mediana_vivienda_colectiva,76.0
38,Santa Cruz de Tenerife,2016,superficie_m2_mediana_vivienda_unifamiliar,152.0
38,Santa Cruz de Tenerife,2016,superficie_m2_p25_vivienda_colectiva,60.0
38,Santa Cruz de Tenerife,2016,superficie_m2_p25_vivienda_unifamiliar,94.0
38,Santa Cruz de Tenerife,2016,superficie_m2_p75_vivienda_colectiva,95.0
38,Santa Cruz de Tenerife,2016,superficie_m2_p75_vivienda_unifamiliar,236.25
38,Santa Cruz de Tenerife,2017,alquiler_mensual_eur_m2_mediana_vivienda_colectiva,6.62430857926141
38,Santa Cruz de Tenerife,2017,alquiler_mensual_eur_m2_mediana_vivienda_unifamiliar,5.25890625
38,Santa Cruz de Tenerife,2017,alquiler_mensual_eur_m2_p25_vivienda_colectiva,4.79452054794521
38,Santa Cruz de Tenerife,2017,alquiler_mensual_eur_m2_p25_vivienda_unifamiliar,3.24074074074074
38,Santa Cruz de Tenerife,2017,alquiler_mensual_eur_m2_p75_vivienda_colectiva,9.89583333333333
38,Santa Cruz de Tenerife,2017,alquiler_mensual_eur_m2_p75_vivienda_unifamiliar,8.46153846153846
38,Santa Cruz de Tenerife,2017,alquiler_mensual_total_eur_mediana_vivienda_colectiva,460.0
38,Santa Cruz de Tenerife,2017,alquiler_mensual_total_eur_mediana_vivienda_unifamiliar,562.045833333333
38,Santa Cruz de Tenerife,2017,alquiler_mensual_total_eur_p25_vivienda_colectiva,350.0
38,Santa Cruz de Tenerife,2017,alquiler_mensual_total_eur_p25_vivienda_unifamiliar,375.0
38,Santa Cruz de Tenerife,2017,alquiler_mensual_total_eur_p75_vivienda_colectiva,700.0
38,Santa Cruz de Tenerife,2017,alquiler_mensual_total_eur_p75_vivienda_unifamiliar,900.0
38,Santa Cruz de Tenerife,2017,observaciones_alquiler_vivienda_colectiva,29765.0
38,Santa Cruz de Tenerife,2017,observaciones_alquiler_vivienda_unifamiliar,4984.0
38,Santa Cruz de Tenerife,2017,superficie_m2_mediana_vivienda_colectiva,76.0
38,Santa Cruz de Tenerife,2017,superficie_m2_mediana_vivienda_unifamiliar,149.0
38,Santa Cruz de Tenerife,2017,superficie_m2_p25_vivienda_colectiva,60.0
38,Santa Cruz de Tenerife,2017,superficie_m2_p25_vivienda_unifamiliar,94.0
38,Santa Cruz de Tenerife,2017,superficie_m2_p75_vivienda_colectiva,95.0
38,Santa Cruz de Tenerife,2017,superficie_m2_p75_vivienda_unifamiliar,234.0
38,Santa Cruz de Tenerife,2018,alquiler_mensual_eur_m2_mediana_vivienda_colectiva,7.0
38,Santa Cruz de Tenerife,2018,alquiler_mensual_eur_m2_mediana_vivienda_unifamiliar,5.37634408602151
38,Santa Cruz de Tenerife,2018,alquiler_mensual_eur_m2_p25_vivienda_colectiva,5.0
38,Santa Cruz de Tenerife,2018,alquiler_mensual_eur_m2_p25_vivienda_unifamiliar,3.33333333333333
38,Santa Cruz de Tenerife,2018,alquiler_mensual_eur_m2_p75_vivienda_colectiva,10.389107017014
38,Santa Cruz de Tenerife,2018,alquiler_mensual_eur_m2_p75_vivienda_unifamiliar,8.75
38,Santa Cruz de Tenerife,2018,alquiler_mensual_total_eur_mediana_vivienda_colectiva,500.0
38,Santa Cruz de Tenerife,2018,alquiler_mensual_total_eur_mediana_vivienda_unifamiliar,600.0
38,Santa Cruz de Tenerife,2018,alquiler_mensual_total_eur_p25_vivienda_colectiva,375.0
38,Santa Cruz de Tenerife,2018,alquiler_mensual_total_eur_p25_vivienda_unifamiliar,398.49717689488
38,Santa Cruz de Tenerife,2018,alquiler_mensual_total_eur_p75_vivienda_colectiva,750.0
38,Santa Cruz de Tenerife,2018,alquiler_mensual_total_eur_p75_vivienda_unifamiliar,950.0
38,Santa Cruz de Tenerife,2018,observaciones_alquiler_vivienda_colectiva,31809.0
38,Santa Cruz de Tenerife,2018,observaciones_alquiler_vivienda_unifamiliar,5402.0
38,Santa Cruz de Tenerife,2018,superficie_m2_mediana_vivienda_colectiva,76.0
38,Santa Cruz de Tenerife,2018,superficie_m2_mediana_vivienda_unifamiliar,151.0
38,Santa Cruz de Tenerife,2018,superficie_m2_p25_vivienda_colectiva,60.0
38,Santa Cruz de Tenerife,2018,superficie_m2_p25_vivienda_unifamiliar,94.0
38,Santa Cruz de Tenerife,2018,superficie_m2_p75_vivienda_colectiva,95.0
38,Santa Cruz de Tenerife,2018,superficie_m2_p75_vivienda_unifamiliar,237.5
39,Cantabria,2015,alquiler_mensual_eur_m2_mediana_vivienda_colectiva,6.12745098039216
39,Cantabria,2015,alquiler_mensual_eur_m2_mediana_vivienda_unifamiliar,4.46435714285714
39,Cantabria,2015,alquiler_mensual_eur_m2_p25_vivienda_colectiva,4.51612903225807
39,Cantabria,2015,alquiler_mensual_eur_m2_p25_vivienda_unifamiliar,2.6720477225173
39,Cantabria,2015,alquiler_mensual_eur_m2_p75_vivienda_colectiva,9.05123954343642
39,Cantabria,2015,alquiler_mensual_eur_m2_p75_vivienda_unifamiliar,7.04016471711626
39,Cantabria,2015,alquiler_mensual_total_eur_mediana_vivienda_colectiva,450.0
39,Cantabria,2015,alquiler_mensual_total_eur_mediana_vivienda_unifamiliar,500.0
39,Cantabria,2015,alquiler_mensual_total_eur_p25_vivienda_colectiva,350.0
39,Cantabria,2015,alquiler_mensual_total_eur_p25_vivienda_unifamiliar,312.5025
39,Cantabria,2015,alquiler_mensual_total_eur_p75_vivienda_colectiva,700.0
39,Cantabria,2015,alquiler_mensual_total_eur_p75_vivienda_unifamiliar,850.0
39,Cantabria,2015,observaciones_alquiler_vivienda_colectiva,13360.0
39,Cantabria,2015,observaciones_alquiler_vivienda_unifamiliar,1581.0
39,Cantabria,2015,superficie_m2_mediana_vivienda_colectiva,78.0
39,Cantabria,2015,superficie_m2_mediana_vivienda_unifamiliar,166.5
39,Cantabria,2015,superficie_m2_p25_vivienda_colectiva,65.0
39,Cantabria,2015,superficie_m2_p25_vivienda_unifamiliar,115.0
39,Cantabria,2015,superficie_m2_p75_vivienda_colectiva,95.0
39,Cantabria,2015,superficie_m2_p75_vivienda_unifamiliar,226.75
39,Cantabria,2016,alquiler_mensual_eur_m2_mediana_vivienda_colectiva,6.34615384615385
39,Cantabria,2016,alquiler_mensual_eur_m2_mediana_vivienda_unifamiliar,4.7936170212766
39,Cantabria,2016,alquiler_mensual_eur_m2_p25_vivienda_colectiva,4.70550527903469
39,Cantabria,2016,alquiler_mensual_eur_m2_p25_vivienda_unifamiliar,3.125
39,Cantabria,2016,alquiler_mensual_eur_m2_p75_vivienda_colectiva,9.57119283356907
39,Cantabria,2016,alquiler_mensual_eur_m2_p75_vivienda_unifamiliar,7.57474850968703
39,Cantabria,2016,alquiler_mensual_total_eur_mediana_vivienda_colectiva,460.0
39,Cantabria,2016,alquiler_mensual_total_eur_mediana_vivienda_unifamiliar,550.0
39,Cantabria,2016,alquiler_mensual_total_eur_p25_vivienda_colectiva,350.0
39,Cantabria,2016,alquiler_mensual_total_eur_p25_vivienda_unifamiliar,350.0
39,Cantabria,2016,alquiler_mensual_total_eur_p75_vivienda_colectiva,740.839166666667
39,Cantabria,2016,alquiler_mensual_total_eur_p75_vivienda_unifamiliar,890.708333333333
39,Cantabria,2016,observaciones_alquiler_vivienda_colectiva,14874.0
39,Cantabria,2016,observaciones_alquiler_vivienda_unifamiliar,1793.0
39,Cantabria,2016,superficie_m2_mediana_vivienda_colectiva,78.0
39,Cantabria,2016,superficie_m2_mediana_vivienda_unifamiliar,166.0
39,Cantabria,2016,superficie_m2_p25_vivienda_colectiva,65.0
39,Cantabria,2016,superficie_m2_p25_vivienda_unifamiliar,113.0
39,Cantabria,2016,superficie_m2_p75_vivienda_colectiva,95.0
39,Cantabria,2016,superficie_m2_p75_vivienda_unifamiliar,229.0
39,Cantabria,2017,alquiler_mensual_eur_m2_mediana_vivienda_colectiva,6.55172413793104
39,Cantabria,2017,alquiler_mensual_eur_m2_mediana_vivienda_unifamiliar,4.8810250152532
39,Cantabria,2017,alquiler_mensual_eur_m2_p25_vivienda_colectiva,4.90196078431373
39,Cantabria,2017,alquiler_mensual_eur_m2_p25_vivienda_unifamiliar,3.1867816091954
39,Cantabria,2017,alquiler_mensual_eur_m2_p75_vivienda_colectiva,9.80295088332363
39,Cantabria,2017,alquiler_mensual_eur_m2_p75_vivienda_unifamiliar,7.7536231884058
39,Cantabria,2017,alquiler_mensual_total_eur_mediana_vivienda_colectiva,480.0
39,Cantabria,2017,alquiler_mensual_total_eur_mediana_vivienda_unifamiliar,550.0
39,Cantabria,2017,alquiler_mensual_total_eur_p25_vivienda_colectiva,370.6125
39,Cantabria,2017,alquiler_mensual_total_eur_p25_vivienda_unifamiliar,370.0
39,Cantabria,2017,alquiler_mensual_total_eur_p75_vivienda_colectiva,760.0
39,Cantabria,2017,alquiler_mensual_total_eur_p75_vivienda_unifamiliar,900.0
39,Cantabria,2017,observaciones_alquiler_vivienda_colectiva,15670.0
39,Cantabria,2017,observaciones_alquiler_vivienda_unifamiliar,1888.0
39,Cantabria,2017,superficie_m2_mediana_vivienda_colectiva,78.0
39,Cantabria,2017,superficie_m2_mediana_vivienda_unifamiliar,165.0
39,Cantabria,2017,superficie_m2_p25_vivienda_colectiva,65.0
39,Cantabria,2017,superficie_m2_p25_vivienda_unifamiliar,115.0
39,Cantabria,2017,superficie_m2_p75_vivienda_colectiva,94.0
39,Cantabria,2017,superficie_m2_p75_vivienda_unifamiliar,227.0
39,Cantabria,2018,alquiler_mensual_eur_m2_mediana_vivienda_colectiva,6.70731707317073
39,Cantabria,2018,alquiler_mensual_eur_m2_mediana_vivienda_unifamiliar,5.0
39,Cantabria,2018,alquiler_mensual_eur_m2_p25_vivienda_colectiva,5.02026398276031
39,Cantabria,2018,alquiler_mensual_eur_m2_p25_vivienda_unifamiliar,3.33944244604316
39,Cantabria,2018,alquiler_mensual_eur_m2_p75_vivienda_colectiva,10.0
39,Cantabria,2018,alquiler_mensual_eur_m2_p75_vivienda_unifamiliar,7.98772831050228
39,Cantabria,2018,alquiler_mensual_total_eur_mediana_vivienda_colectiva,490.0
39,Cantabria,2018,alquiler_mensual_total_eur_mediana_vivienda_unifamiliar,575.0
39,Cantabria,2018,alquiler_mensual_total_eur_p25_vivienda_colectiva,380.0
39,Cantabria,2018,alquiler_mensual_total_eur_p25_vivienda_unifamiliar,380.0
39,Cantabria,2018,alquiler_mensual_total_eur_p75_vivienda_colectiva,778.333333333333
39,Cantabria,2018,alquiler_mensual_total_eur_p75_vivienda_unifamiliar,916.666666666667
39,Cantabria,2018,observaciones_alquiler_vivienda_colectiva,16911.0
39,Cantabria,2018,observaciones_alquiler_vivienda_unifamiliar,2044.0
39,Cantabria,2018,superficie_m2_mediana_vivienda_colectiva,78.0
39,Cantabria,2018,superficie_m2_mediana_vivienda_unifamiliar,165.0
39,Cantabria,2018,superficie_m2_p25_vivienda_colectiva,65.0
39,Cantabria,2018,superficie_m2_p25_vivienda_unifamiliar,114.0
39,Cantabria,2018,superficie_m2_p75_vivienda_colectiva,94.0
39,Cantabria,2018,superficie_m2_p75_vivienda_unifamiliar,224.0
40,Segovia,2015,alquiler_mensual_eur_m2_mediana_vivienda_colectiva,5.47945205479452
40,Segovia,2015,alquiler_mensual_eur_m2_mediana_vivienda_unifamiliar,3.43137254901961
40,Segovia,2015,alquiler_mensual_eur_m2_p25_vivienda_colectiva,3.84032634032634
40,Segovia,2015,alquiler_mensual_eur_m2_p25_vivienda_unifamiliar,2.29321613702952
40,Segovia,2015,alquiler_mensual_eur_m2_p75_vivienda_colectiva,8.49300087378093
40,Segovia,2015,alquiler_mensual_eur_m2_p75_vivienda_unifamiliar,5.27385537013265
40,Segovia,2015,alquiler_mensual_total_eur_mediana_vivienda_colectiva,450.0
40,Segovia,2015,alquiler_mensual_total_eur_mediana_vivienda_unifamiliar,400.0
40,Segovia,2015,alquiler_mensual_total_eur_p25_vivienda_colectiva,306.354166666667
40,Segovia,2015,alquiler_mensual_total_eur_p25_vivienda_unifamiliar,280.625
40,Segovia,2015,alquiler_mensual_total_eur_p75_vivienda_colectiva,700.0
40,Segovia,2015,alquiler_mensual_total_eur_p75_vivienda_unifamiliar,641.045
40,Segovia,2015,observaciones_alquiler_vivienda_colectiva,3497.0
40,Segovia,2015,observaciones_alquiler_vivienda_unifamiliar,898.0
40,Segovia,2015,superficie_m2_mediana_vivienda_colectiva,86.0
40,Segovia,2015,superficie_m2_mediana_vivienda_unifamiliar,167.0
40,Segovia,2015,superficie_m2_p25_vivienda_colectiva,71.0
40,Segovia,2015,superficie_m2_p25_vivienda_unifamiliar,124.5
40,Segovia,2015,superficie_m2_p75_vivienda_colectiva,106.0
40,Segovia,2015,superficie_m2_p75_vivienda_unifamiliar,236.0
40,Segovia,2016,alquiler_mensual_eur_m2_mediana_vivienda_colectiva,5.67010309278351
40,Segovia,2016,alquiler_mensual_eur_m2_mediana_vivienda_unifamiliar,3.5014985014985
40,Segovia,2016,alquiler_mensual_eur_m2_p25_vivienda_colectiva,4.0
40,Segovia,2016,alquiler_mensual_eur_m2_p25_vivienda_unifamiliar,2.33090614886731
40,Segovia,2016,alquiler_mensual_eur_m2_p75_vivienda_colectiva,8.81057692307692
40,Segovia,2016,alquiler_mensual_eur_m2_p75_vivienda_unifamiliar,5.5911530330135
40,Segovia,2016,alquiler_mensual_total_eur_mediana_vivienda_colectiva,450.0
40,Segovia,2016,alquiler_mensual_total_eur_mediana_vivienda_unifamiliar,413.25
40,Segovia,2016,alquiler_mensual_total_eur_p25_vivienda_colectiva,320.833333333333
40,Segovia,2016,alquiler_mensual_total_eur_p25_vivienda_unifamiliar,300.0
40,Segovia,2016,alquiler_mensual_total_eur_p75_vivienda_colectiva,700.0
40,Segovia,2016,alquiler_mensual_total_eur_p75_vivienda_unifamiliar,700.0
40,Segovia,2016,observaciones_alquiler_vivienda_colectiva,3745.0
40,Segovia,2016,observaciones_alquiler_vivienda_unifamiliar,1013.0
40,Segovia,2016,superficie_m2_mediana_vivienda_colectiva,85.0
40,Segovia,2016,superficie_m2_mediana_vivienda_unifamiliar,173.0
40,Segovia,2016,superficie_m2_p25_vivienda_colectiva,70.0
40,Segovia,2016,superficie_m2_p25_vivienda_unifamiliar,129.0
40,Segovia,2016,superficie_m2_p75_vivienda_colectiva,107.0
40,Segovia,2016,superficie_m2_p75_vivienda_unifamiliar,236.0
40,Segovia,2017,alquiler_mensual_eur_m2_mediana_vivienda_colectiva,5.82191780821918
40,Segovia,2017,alquiler_mensual_eur_m2_mediana_vivienda_unifamiliar,3.58039603960396
40,Segovia,2017,alquiler_mensual_eur_m2_p25_vivienda_colectiva,4.11764705882353
40,Segovia,2017,alquiler_mensual_eur_m2_p25_vivienda_unifamiliar,2.37341772151899
40,Segovia,2017,alquiler_mensual_eur_m2_p75_vivienda_colectiva,9.02083333333333
40,Segovia,2017,alquiler_mensual_eur_m2_p75_vivienda_unifamiliar,5.55555555555556
40,Segovia,2017,alquiler_mensual_total_eur_mediana_vivienda_colectiva,458.333333333333
40,Segovia,2017,alquiler_mensual_total_eur_mediana_vivienda_unifamiliar,430.0
40,Segovia,2017,alquiler_mensual_total_eur_p25_vivienda_colectiva,330.0
40,Segovia,2017,alquiler_mensual_total_eur_p25_vivienda_unifamiliar,300.0
40,Segovia,2017,alquiler_mensual_total_eur_p75_vivienda_colectiva,730.0
40,Segovia,2017,alquiler_mensual_total_eur_p75_vivienda_unifamiliar,700.0
40,Segovia,2017,observaciones_alquiler_vivienda_colectiva,4016.0
40,Segovia,2017,observaciones_alquiler_vivienda_unifamiliar,1092.0
40,Segovia,2017,superficie_m2_mediana_vivienda_colectiva,85.0
40,Segovia,2017,superficie_m2_mediana_vivienda_unifamiliar,173.0
40,Segovia,2017,superficie_m2_p25_vivienda_colectiva,71.0
40,Segovia,2017,superficie_m2_p25_vivienda_unifamiliar,129.0
40,Segovia,2017,superficie_m2_p75_vivienda_colectiva,106.0
40,Segovia,2017,superficie_m2_p75_vivienda_unifamiliar,239.0
40,Segovia,2018,alquiler_mensual_eur_m2_mediana_vivienda_colectiva,5.97014925373134
40,Segovia,2018,alquiler_mensual_eur_m2_mediana_vivienda_unifamiliar,3.61842105263158
40,Segovia,2018,alquiler_mensual_eur_m2_p25_vivienda_colectiva,4.25777108433735
40,Segovia,2018,alquiler_mensual_eur_m2_p25_vivienda_unifamiliar,2.42387739608923
40,Segovia,2018,alquiler_mensual_eur_m2_p75_vivienda_colectiva,9.31792423325262
40,Segovia,2018,alquiler_mensual_eur_m2_p75_vivienda_unifamiliar,5.55555555555556
40,Segovia,2018,alquiler_mensual_total_eur_mediana_vivienda_colectiva,480.0
40,Segovia,2018,alquiler_mensual_total_eur_mediana_vivienda_unifamiliar,440.0
40,Segovia,2018,alquiler_mensual_total_eur_p25_vivienda_colectiva,349.694166666667
40,Segovia,2018,alquiler_mensual_total_eur_p25_vivienda_unifamiliar,300.0
40,Segovia,2018,alquiler_mensual_total_eur_p75_vivienda_colectiva,760.0
40,Segovia,2018,alquiler_mensual_total_eur_p75_vivienda_unifamiliar,700.0
40,Segovia,2018,observaciones_alquiler_vivienda_colectiva,4301.0
40,Segovia,2018,observaciones_alquiler_vivienda_unifamiliar,1174.0
40,Segovia,2018,superficie_m2_mediana_vivienda_colectiva,85.0
40,Segovia,2018,superficie_m2_mediana_vivienda_unifamiliar,175.0
40,Segovia,2018,superficie_m2_p25_vivienda_colectiva,70.0
40,Segovia,2018,superficie_m2_p25_vivienda_unifamiliar,129.0
40,Segovia,2018,superficie_m2_p75_vivienda_colectiva,106.0
40,Segovia,2018,superficie_m2_p75_vivienda_unifamiliar,239.0
41,Sevilla,2015,alquiler_mensual_eur_m2_mediana_vivienda_colectiva,6.79012345679012
41,Sevilla,2015,alquiler_mensual_eur_m2_mediana_vivienda_unifamiliar,4.24107142857143
41,Sevilla,2015,alquiler_mensual_eur_m2_p25_vivienda_colectiva,4.93827160493827
41,Sevilla,2015,alquiler_mensual_eur_m2_p25_vivienda_unifamiliar,2.83171521035599
41,Sevilla,2015,alquiler_mensual_eur_m2_p75_vivienda_colectiva,10.1138555475073
41,Sevilla,2015,alquiler_mensual_eur_m2_p75_vivienda_unifamiliar,6.6
41,Sevilla,2015,alquiler_mensual_total_eur_mediana_vivienda_colectiva,508.333333333333
41,Sevilla,2015,alquiler_mensual_total_eur_mediana_vivienda_unifamiliar,500.0
41,Sevilla,2015,alquiler_mensual_total_eur_p25_vivienda_colectiva,385.208333333333
41,Sevilla,2015,alquiler_mensual_total_eur_p25_vivienda_unifamiliar,350.0
41,Sevilla,2015,alquiler_mensual_total_eur_p75_vivienda_colectiva,800.0
41,Sevilla,2015,alquiler_mensual_total_eur_p75_vivienda_unifamiliar,800.0
41,Sevilla,2015,observaciones_alquiler_vivienda_colectiva,23266.0
41,Sevilla,2015,observaciones_alquiler_vivienda_unifamiliar,5352.0
41,Sevilla,2015,superficie_m2_mediana_vivienda_colectiva,81.0
41,Sevilla,2015,superficie_m2_mediana_vivienda_unifamiliar,140.0
41,Sevilla,2015,superficie_m2_p25_vivienda_colectiva,64.0
41,Sevilla,2015,superficie_m2_p25_vivienda_unifamiliar,113.0
41,Sevilla,2015,superficie_m2_p75_vivienda_colectiva,102.0
41,Sevilla,2015,superficie_m2_p75_vivienda_unifamiliar,191.0
41,Sevilla,2016,alquiler_mensual_eur_m2_mediana_vivienda_colectiva,7.07964601769912
41,Sevilla,2016,alquiler_mensual_eur_m2_mediana_vivienda_unifamiliar,4.54545454545455
41,Sevilla,2016,alquiler_mensual_eur_m2_p25_vivienda_colectiva,5.12820512820513
41,Sevilla,2016,alquiler_mensual_eur_m2_p25_vivienda_unifamiliar,3.07835820895522
41,Sevilla,2016,alquiler_mensual_eur_m2_p75_vivienda_colectiva,10.5422665466907
41,Sevilla,2016,alquiler_mensual_eur_m2_p75_vivienda_unifamiliar,7.25806451612903
41,Sevilla,2016,alquiler_mensual_total_eur_mediana_vivienda_colectiva,550.0
41,Sevilla,2016,alquiler_mensual_total_eur_mediana_vivienda_unifamiliar,550.0
41,Sevilla,2016,alquiler_mensual_total_eur_p25_vivienda_colectiva,400.0
41,Sevilla,2016,alquiler_mensual_total_eur_p25_vivienda_unifamiliar,368.73920552677
41,Sevilla,2016,alquiler_mensual_total_eur_p75_vivienda_colectiva,833.333333333333
41,Sevilla,2016,alquiler_mensual_total_eur_p75_vivienda_unifamiliar,900.0
41,Sevilla,2016,observaciones_alquiler_vivienda_colectiva,26304.0
41,Sevilla,2016,observaciones_alquiler_vivienda_unifamiliar,6088.0
41,Sevilla,2016,superficie_m2_mediana_vivienda_colectiva,81.0
41,Sevilla,2016,superficie_m2_mediana_vivienda_unifamiliar,139.0
41,Sevilla,2016,superficie_m2_p25_vivienda_colectiva,64.0
41,Sevilla,2016,superficie_m2_p25_vivienda_unifamiliar,113.0
41,Sevilla,2016,superficie_m2_p75_vivienda_colectiva,101.0
41,Sevilla,2016,superficie_m2_p75_vivienda_unifamiliar,189.0
41,Sevilla,2017,alquiler_mensual_eur_m2_mediana_vivienda_colectiva,7.14962121212121
41,Sevilla,2017,alquiler_mensual_eur_m2_mediana_vivienda_unifamiliar,4.5264240237691
41,Sevilla,2017,alquiler_mensual_eur_m2_p25_vivienda_colectiva,5.23255813953488
41,Sevilla,2017,alquiler_mensual_eur_m2_p25_vivienda_unifamiliar,3.125
41,Sevilla,2017,alquiler_mensual_eur_m2_p75_vivienda_colectiva,10.7078947368421
41,Sevilla,2017,alquiler_mensual_eur_m2_p75_vivienda_unifamiliar,7.15337643678161
41,Sevilla,2017,alquiler_mensual_total_eur_mediana_vivienda_colectiva,550.0
41,Sevilla,2017,alquiler_mensual_total_eur_mediana_vivienda_unifamiliar,550.0
41,Sevilla,2017,alquiler_mensual_total_eur_p25_vivienda_colectiva,400.0
41,Sevilla,2017,alquiler_mensual_total_eur_p25_vivienda_unifamiliar,370.0
41,Sevilla,2017,alquiler_mensual_total_eur_p75_vivienda_colectiva,847.235
41,Sevilla,2017,alquiler_mensual_total_eur_p75_vivienda_unifamiliar,900.0
41,Sevilla,2017,observaciones_alquiler_vivienda_colectiva,29028.0
41,Sevilla,2017,observaciones_alquiler_vivienda_unifamiliar,6859.0
41,Sevilla,2017,superficie_m2_mediana_vivienda_colectiva,80.0
41,Sevilla,2017,superficie_m2_mediana_vivienda_unifamiliar,140.0
41,Sevilla,2017,superficie_m2_p25_vivienda_colectiva,64.0
41,Sevilla,2017,superficie_m2_p25_vivienda_unifamiliar,113.0
41,Sevilla,2017,superficie_m2_p75_vivienda_colectiva,100.0
41,Sevilla,2017,superficie_m2_p75_vivienda_unifamiliar,190.0
41,Sevilla,2018,alquiler_mensual_eur_m2_mediana_vivienda_colectiva,7.43243243243243
41,Sevilla,2018,alquiler_mensual_eur_m2_mediana_vivienda_unifamiliar,4.67171717171717
41,Sevilla,2018,alquiler_mensual_eur_m2_p25_vivienda_colectiva,5.40554214929215
41,Sevilla,2018,alquiler_mensual_eur_m2_p25_vivienda_unifamiliar,3.17460317460317
41,Sevilla,2018,alquiler_mensual_eur_m2_p75_vivienda_colectiva,11.1111111111111
41,Sevilla,2018,alquiler_mensual_eur_m2_p75_vivienda_unifamiliar,7.38970588235294
41,Sevilla,2018,alquiler_mensual_total_eur_mediana_vivienda_colectiva,560.511363636364
41,Sevilla,2018,alquiler_mensual_total_eur_mediana_vivienda_unifamiliar,550.0
41,Sevilla,2018,alquiler_mensual_total_eur_p25_vivienda_colectiva,404.166666666667
41,Sevilla,2018,alquiler_mensual_total_eur_p25_vivienda_unifamiliar,375.0
41,Sevilla,2018,alquiler_mensual_total_eur_p75_vivienda_colectiva,885.809375
41,Sevilla,2018,alquiler_mensual_total_eur_p75_vivienda_unifamiliar,900.0
41,Sevilla,2018,observaciones_alquiler_vivienda_colectiva,31297.0
41,Sevilla,2018,observaciones_alquiler_vivienda_unifamiliar,7480.0
41,Sevilla,2018,superficie_m2_mediana_vivienda_colectiva,80.0
41,Sevilla,2018,superficie_m2_mediana_vivienda_unifamiliar,139.0
41,Sevilla,2018,superficie_m2_p25_vivienda_colectiva,64.0
41,Sevilla,2018,superficie_m2_p25_vivienda_unifamiliar,112.0
41,Sevilla,2018,superficie_m2_p75_vivienda_colectiva,100.0
41,Sevilla,2018,superficie_m2_p75_vivienda_unifamiliar,189.0
42,Soria,2015,alquiler_mensual_eur_m2_mediana_vivienda_colectiva,5.58441558441558
42,Soria,2015,alquiler_mensual_eur_m2_mediana_vivienda_unifamiliar,3.13036941580756
42,Soria,2015,alquiler_mensual_eur_m2_p25_vivienda_colectiva,3.72340425531915
42,Soria,2015,alquiler_mensual_eur_m2_p25_vivienda_unifamiliar,1.70575820324944
42,Soria,2015,alquiler_mensual_eur_m2_p75_vivienda_colectiva,8.63333333333333
42,Soria,2015,alquiler_mensual_eur_m2_p75_vivienda_unifamiliar,5.3692084942085
42,Soria,2015,alquiler_mensual_total_eur_mediana_vivienda_colectiva,450.0
42,Soria,2015,alquiler_mensual_total_eur_mediana_vivienda_unifamiliar,425.569821189015
42,Soria,2015,alquiler_mensual_total_eur_p25_vivienda_colectiva,305.0
42,Soria,2015,alquiler_mensual_total_eur_p25_vivienda_unifamiliar,250.0
42,Soria,2015,alquiler_mensual_total_eur_p75_vivienda_colectiva,720.0
42,Soria,2015,alquiler_mensual_total_eur_p75_vivienda_unifamiliar,700.0
42,Soria,2015,observaciones_alquiler_vivienda_colectiva,2052.0
42,Soria,2015,observaciones_alquiler_vivienda_unifamiliar,207.0
42,Soria,2015,superficie_m2_mediana_vivienda_colectiva,89.0
42,Soria,2015,superficie_m2_mediana_vivienda_unifamiliar,198.5
42,Soria,2015,superficie_m2_p25_vivienda_colectiva,73.0
42,Soria,2015,superficie_m2_p25_vivienda_unifamiliar,132.0
42,Soria,2015,superficie_m2_p75_vivienda_colectiva,105.0
42,Soria,2015,superficie_m2_p75_vivienda_unifamiliar,284.5
42,Soria,2016,alquiler_mensual_eur_m2_mediana_vivienda_colectiva,5.64866760168303
42,Soria,2016,alquiler_mensual_eur_m2_mediana_vivienda_unifamiliar,3.23741007194245
42,Soria,2016,alquiler_mensual_eur_m2_p25_vivienda_colectiva,3.81842948717949
42,Soria,2016,alquiler_mensual_eur_m2_p25_vivienda_unifamiliar,1.70138888888889
42,Soria,2016,alquiler_mensual_eur_m2_p75_vivienda_colectiva,8.84198203363914
42,Soria,2016,alquiler_mensual_eur_m2_p75_vivienda_unifamiliar,5.40540540540541
42,Soria,2016,alquiler_mensual_total_eur_mediana_vivienda_colectiva,460.0
42,Soria,2016,alquiler_mensual_total_eur_mediana_vivienda_unifamiliar,400.0
42,Soria,2016,alquiler_mensual_total_eur_p25_vivienda_colectiva,312.6875
42,Soria,2016,alquiler_mensual_total_eur_p25_vivienda_unifamiliar,250.0
42,Soria,2016,alquiler_mensual_total_eur_p75_vivienda_colectiva,744.300625
42,Soria,2016,alquiler_mensual_total_eur_p75_vivienda_unifamiliar,683.333333333333
42,Soria,2016,observaciones_alquiler_vivienda_colectiva,2275.0
42,Soria,2016,observaciones_alquiler_vivienda_unifamiliar,236.0
42,Soria,2016,superficie_m2_mediana_vivienda_colectiva,88.0
42,Soria,2016,superficie_m2_mediana_vivienda_unifamiliar,194.0
42,Soria,2016,superficie_m2_p25_vivienda_colectiva,73.0
42,Soria,2016,superficie_m2_p25_vivienda_unifamiliar,133.0
42,Soria,2016,superficie_m2_p75_vivienda_colectiva,105.0
42,Soria,2016,superficie_m2_p75_vivienda_unifamiliar,279.0
42,Soria,2017,alquiler_mensual_eur_m2_mediana_vivienda_colectiva,5.80501152073733
42,Soria,2017,alquiler_mensual_eur_m2_mediana_vivienda_unifamiliar,3.17074468085106
42,Soria,2017,alquiler_mensual_eur_m2_p25_vivienda_colectiva,4.0
42,Soria,2017,alquiler_mensual_eur_m2_p25_vivienda_unifamiliar,1.76429865424431
42,Soria,2017,alquiler_mensual_eur_m2_p75_vivienda_colectiva,9.09090909090909
42,Soria,2017,alquiler_mensual_eur_m2_p75_vivienda_unifamiliar,5.24935590725065
42,Soria,2017,alquiler_mensual_total_eur_mediana_vivienda_colectiva,465.916666666667
42,Soria,2017,alquiler_mensual_total_eur_mediana_vivienda_unifamiliar,401.666666666667
42,Soria,2017,alquiler_mensual_total_eur_p25_vivienda_colectiva,333.562271062271
42,Soria,2017,alquiler_mensual_total_eur_p25_vivienda_unifamiliar,250.0
42,Soria,2017,alquiler_mensual_total_eur_p75_vivienda_colectiva,760.0
42,Soria,2017,alquiler_mensual_total_eur_p75_vivienda_unifamiliar,670.0
42,Soria,2017,observaciones_alquiler_vivienda_colectiva,2329.0
42,Soria,2017,observaciones_alquiler_vivienda_unifamiliar,259.0
42,Soria,2017,superficie_m2_mediana_vivienda_colectiva,88.0
42,Soria,2017,superficie_m2_mediana_vivienda_unifamiliar,199.5
42,Soria,2017,superficie_m2_p25_vivienda_colectiva,72.0
42,Soria,2017,superficie_m2_p25_vivienda_unifamiliar,143.0
42,Soria,2017,superficie_m2_p75_vivienda_colectiva,105.0
42,Soria,2017,superficie_m2_p75_vivienda_unifamiliar,282.0
42,Soria,2018,alquiler_mensual_eur_m2_mediana_vivienda_colectiva,5.92105263157895
42,Soria,2018,alquiler_mensual_eur_m2_mediana_vivienda_unifamiliar,3.20864790665752
42,Soria,2018,alquiler_mensual_eur_m2_p25_vivienda_colectiva,4.07084409991387
42,Soria,2018,alquiler_mensual_eur_m2_p25_vivienda_unifamiliar,1.90804703688323
42,Soria,2018,alquiler_mensual_eur_m2_p75_vivienda_colectiva,9.3204352861876
42,Soria,2018,alquiler_mensual_eur_m2_p75_vivienda_unifamiliar,5.35119047619048
42,Soria,2018,alquiler_mensual_total_eur_mediana_vivienda_colectiva,471.465
42,Soria,2018,alquiler_mensual_total_eur_mediana_vivienda_unifamiliar,400.0
42,Soria,2018,alquiler_mensual_total_eur_p25_vivienda_colectiva,350.0
42,Soria,2018,alquiler_mensual_total_eur_p25_vivienda_unifamiliar,266.804166666667
42,Soria,2018,alquiler_mensual_total_eur_p75_vivienda_colectiva,780.0
42,Soria,2018,alquiler_mensual_total_eur_p75_vivienda_unifamiliar,700.0
42,Soria,2018,observaciones_alquiler_vivienda_colectiva,2445.0
42,Soria,2018,observaciones_alquiler_vivienda_unifamiliar,253.0
42,Soria,2018,superficie_m2_mediana_vivienda_colectiva,88.0
42,Soria,2018,superficie_m2_mediana_vivienda_unifamiliar,193.0
42,Soria,2018,superficie_m2_p25_vivienda_colectiva,73.0
42,Soria,2018,superficie_m2_p25_vivienda_unifamiliar,132.0
42,Soria,2018,superficie_m2_p75_vivienda_colectiva,105.0
42,Soria,2018,superficie_m2_p75_vivienda_unifamiliar,262.75
43,Tarragona,2015,alquiler_mensual_eur_m2_mediana_vivienda_colectiva,5.43478260869565
43,Tarragona,2015,alquiler_mensual_eur_m2_mediana_vivienda_unifamiliar,4.38262910798122
43,Tarragona,2015,alquiler_mensual_eur_m2_p25_vivienda_colectiva,3.96341463414634
43,Tarragona,2015,alquiler_mensual_eur_m2_p25_vivienda_unifamiliar,2.73251697971284
43,Tarragona,2015,alquiler_mensual_eur_m2_p75_vivienda_colectiva,8.16326530612245
43,Tarragona,2015,alquiler_mensual_eur_m2_p75_vivienda_unifamiliar,6.86274509803922
43,Tarragona,2015,alquiler_mensual_total_eur_mediana_vivienda_colectiva,416.666666666667
43,Tarragona,2015,alquiler_mensual_total_eur_mediana_vivienda_unifamiliar,500.0
43,Tarragona,2015,alquiler_mensual_total_eur_p25_vivienda_colectiva,314.674166666667
43,Tarragona,2015,alquiler_mensual_total_eur_p25_vivienda_unifamiliar,311.833333333333
43,Tarragona,2015,alquiler_mensual_total_eur_p75_vivienda_colectiva,614.4
43,Tarragona,2015,alquiler_mensual_total_eur_p75_vivienda_unifamiliar,800.0
43,Tarragona,2015,observaciones_alquiler_vivienda_colectiva,21888.0
43,Tarragona,2015,observaciones_alquiler_vivienda_unifamiliar,4594.0
43,Tarragona,2015,superficie_m2_mediana_vivienda_colectiva,82.0
43,Tarragona,2015,superficie_m2_mediana_vivienda_unifamiliar,165.0
43,Tarragona,2015,superficie_m2_p25_vivienda_colectiva,66.0
43,Tarragona,2015,superficie_m2_p25_vivienda_unifamiliar,117.0
43,Tarragona,2015,superficie_m2_p75_vivienda_colectiva,99.0
43,Tarragona,2015,superficie_m2_p75_vivienda_unifamiliar,233.0
43,Tarragona,2016,alquiler_mensual_eur_m2_mediana_vivienda_colectiva,5.625
43,Tarragona,2016,alquiler_mensual_eur_m2_mediana_vivienda_unifamiliar,4.61538461538462
43,Tarragona,2016,alquiler_mensual_eur_m2_p25_vivienda_colectiva,4.10958904109589
43,Tarragona,2016,alquiler_mensual_eur_m2_p25_vivienda_unifamiliar,2.78989497541978
43,Tarragona,2016,alquiler_mensual_eur_m2_p75_vivienda_colectiva,8.45070422535211
43,Tarragona,2016,alquiler_mensual_eur_m2_p75_vivienda_unifamiliar,7.31637630662021
43,Tarragona,2016,alquiler_mensual_total_eur_mediana_vivienda_colectiva,425.0
43,Tarragona,2016,alquiler_mensual_total_eur_mediana_vivienda_unifamiliar,500.0
43,Tarragona,2016,alquiler_mensual_total_eur_p25_vivienda_colectiva,329.166666666667
43,Tarragona,2016,alquiler_mensual_total_eur_p25_vivienda_unifamiliar,325.0
43,Tarragona,2016,alquiler_mensual_total_eur_p75_vivienda_colectiva,650.0
43,Tarragona,2016,alquiler_mensual_total_eur_p75_vivienda_unifamiliar,814.28
43,Tarragona,2016,observaciones_alquiler_vivienda_colectiva,24295.0
43,Tarragona,2016,observaciones_alquiler_vivienda_unifamiliar,5141.0
43,Tarragona,2016,superficie_m2_mediana_vivienda_colectiva,81.0
43,Tarragona,2016,superficie_m2_mediana_vivienda_unifamiliar,164.5
43,Tarragona,2016,superficie_m2_p25_vivienda_colectiva,66.0
43,Tarragona,2016,superficie_m2_p25_vivienda_unifamiliar,116.0
43,Tarragona,2016,superficie_m2_p75_vivienda_colectiva,98.0
43,Tarragona,2016,superficie_m2_p75_vivienda_unifamiliar,232.0
43,Tarragona,2017,alquiler_mensual_eur_m2_mediana_vivienda_colectiva,5.78512396694215
43,Tarragona,2017,alquiler_mensual_eur_m2_mediana_vivienda_unifamiliar,4.7752808988764
43,Tarragona,2017,alquiler_mensual_eur_m2_p25_vivienda_colectiva,4.25531914893617
43,Tarragona,2017,alquiler_mensual_eur_m2_p25_vivienda_unifamiliar,2.98368298368298
43,Tarragona,2017,alquiler_mensual_eur_m2_p75_vivienda_colectiva,8.66666666666667
43,Tarragona,2017,alquiler_mensual_eur_m2_p75_vivienda_unifamiliar,7.63305322128852
43,Tarragona,2017,alquiler_mensual_total_eur_mediana_vivienda_colectiva,450.0
43,Tarragona,2017,alquiler_mensual_total_eur_mediana_vivienda_unifamiliar,520.0
43,Tarragona,2017,alquiler_mensual_total_eur_p25_vivienda_colectiva,343.333333333333
43,Tarragona,2017,alquiler_mensual_total_eur_p25_vivienda_unifamiliar,338.666666666667
43,Tarragona,2017,alquiler_mensual_total_eur_p75_vivienda_colectiva,666.666666666667
43,Tarragona,2017,alquiler_mensual_total_eur_p75_vivienda_unifamiliar,875.0
43,Tarragona,2017,observaciones_alquiler_vivienda_colectiva,26268.0
43,Tarragona,2017,observaciones_alquiler_vivienda_unifamiliar,5324.0
43,Tarragona,2017,superficie_m2_mediana_vivienda_colectiva,81.0
43,Tarragona,2017,superficie_m2_mediana_vivienda_unifamiliar,164.0
43,Tarragona,2017,superficie_m2_p25_vivienda_colectiva,65.0
43,Tarragona,2017,superficie_m2_p25_vivienda_unifamiliar,116.0
43,Tarragona,2017,superficie_m2_p75_vivienda_colectiva,98.0
43,Tarragona,2017,superficie_m2_p75_vivienda_unifamiliar,232.0
43,Tarragona,2018,alquiler_mensual_eur_m2_mediana_vivienda_colectiva,6.0
43,Tarragona,2018,alquiler_mensual_eur_m2_mediana_vivienda_unifamiliar,4.8951048951049
43,Tarragona,2018,alquiler_mensual_eur_m2_p25_vivienda_colectiva,4.39418022328549
43,Tarragona,2018,alquiler_mensual_eur_m2_p25_vivienda_unifamiliar,3.10160185185185
43,Tarragona,2018,alquiler_mensual_eur_m2_p75_vivienda_colectiva,8.98876404494382
43,Tarragona,2018,alquiler_mensual_eur_m2_p75_vivienda_unifamiliar,7.63888888888889
43,Tarragona,2018,alquiler_mensual_total_eur_mediana_vivienda_colectiva,450.0
43,Tarragona,2018,alquiler_mensual_total_eur_mediana_vivienda_unifamiliar,538.333333333333
43,Tarragona,2018,alquiler_mensual_total_eur_p25_vivienda_colectiva,350.0
43,Tarragona,2018,alquiler_mensual_total_eur_p25_vivienda_unifamiliar,350.0
43,Tarragona,2018,alquiler_mensual_total_eur_p75_vivienda_colectiva,700.0
43,Tarragona,2018,alquiler_mensual_total_eur_p75_vivienda_unifamiliar,868.607594936709
43,Tarragona,2018,observaciones_alquiler_vivienda_colectiva,28490.0
43,Tarragona,2018,observaciones_alquiler_vivienda_unifamiliar,5680.0
43,Tarragona,2018,superficie_m2_mediana_vivienda_colectiva,80.0
43,Tarragona,2018,superficie_m2_mediana_vivienda_unifamiliar,162.0
43,Tarragona,2018,superficie_m2_p25_vivienda_colectiva,65.0
43,Tarragona,2018,superficie_m2_p25_vivienda_unifamiliar,114.0
43,Tarragona,2018,superficie_m2_p75_vivienda_colectiva,98.0
43,Tarragona,2018,superficie_m2_p75_vivienda_unifamiliar,231.0
44,Teruel,2015,alquiler_mensual_eur_m2_mediana_vivienda_colectiva,4.32989690721649
44,Teruel,2015,alquiler_mensual_eur_m2_mediana_vivienda_unifamiliar,2.6246719160105
44,Teruel,2015,alquiler_mensual_eur_m2_p25_vivienda_colectiva,3.00581701166496
44,Teruel,2015,alquiler_mensual_eur_m2_p25_vivienda_unifamiliar,1.52210175145955
44,Teruel,2015,alquiler_mensual_eur_m2_p75_vivienda_colectiva,6.85144881150514
44,Teruel,2015,alquiler_mensual_eur_m2_p75_vivienda_unifamiliar,4.42307692307692
44,Teruel,2015,alquiler_mensual_total_eur_mediana_vivienda_colectiva,360.0
44,Teruel,2015,alquiler_mensual_total_eur_mediana_vivienda_unifamiliar,339.354166666667
44,Teruel,2015,alquiler_mensual_total_eur_p25_vivienda_colectiva,256.333333333333
44,Teruel,2015,alquiler_mensual_total_eur_p25_vivienda_unifamiliar,200.0
44,Teruel,2015,alquiler_mensual_total_eur_p75_vivienda_colectiva,600.0
44,Teruel,2015,alquiler_mensual_total_eur_p75_vivienda_unifamiliar,540.0
44,Teruel,2015,observaciones_alquiler_vivienda_colectiva,2430.0
44,Teruel,2015,observaciones_alquiler_vivienda_unifamiliar,540.0
44,Teruel,2015,superficie_m2_mediana_vivienda_colectiva,94.0
44,Teruel,2015,superficie_m2_mediana_vivienda_unifamiliar,220.0
44,Teruel,2015,superficie_m2_p25_vivienda_colectiva,76.0
44,Teruel,2015,superficie_m2_p25_vivienda_unifamiliar,152.0
44,Teruel,2015,superficie_m2_p75_vivienda_colectiva,113.0
44,Teruel,2015,superficie_m2_p75_vivienda_unifamiliar,329.0
44,Teruel,2016,alquiler_mensual_eur_m2_mediana_vivienda_colectiva,4.49719101123596
44,Teruel,2016,alquiler_mensual_eur_m2_mediana_vivienda_unifamiliar,2.54742547425474
44,Teruel,2016,alquiler_mensual_eur_m2_p25_vivienda_colectiva,3.11891233766234
44,Teruel,2016,alquiler_mensual_eur_m2_p25_vivienda_unifamiliar,1.50187969924812
44,Teruel,2016,alquiler_mensual_eur_m2_p75_vivienda_colectiva,7.14285714285714
44,Teruel,2016,alquiler_mensual_eur_m2_p75_vivienda_unifamiliar,4.41153846153846
44,Teruel,2016,alquiler_mensual_total_eur_mediana_vivienda_colectiva,373.941666666667
44,Teruel,2016,alquiler_mensual_total_eur_mediana_vivienda_unifamiliar,315.0
44,Teruel,2016,alquiler_mensual_total_eur_p25_vivienda_colectiva,270.0
44,Teruel,2016,alquiler_mensual_total_eur_p25_vivienda_unifamiliar,200.0
44,Teruel,2016,alquiler_mensual_total_eur_p75_vivienda_colectiva,600.0
44,Teruel,2016,alquiler_mensual_total_eur_p75_vivienda_unifamiliar,520.001666666667
44,Teruel,2016,observaciones_alquiler_vivienda_colectiva,2681.0
44,Teruel,2016,observaciones_alquiler_vivienda_unifamiliar,578.0
44,Teruel,2016,superficie_m2_mediana_vivienda_colectiva,93.0
44,Teruel,2016,superficie_m2_mediana_vivienda_unifamiliar,213.0
44,Teruel,2016,superficie_m2_p25_vivienda_colectiva,75.0
44,Teruel,2016,superficie_m2_p25_vivienda_unifamiliar,156.0
44,Teruel,2016,superficie_m2_p75_vivienda_colectiva,112.0
44,Teruel,2016,superficie_m2_p75_vivienda_unifamiliar,320.5
44,Teruel,2017,alquiler_mensual_eur_m2_mediana_vivienda_colectiva,4.50704225352113
44,Teruel,2017,alquiler_mensual_eur_m2_mediana_vivienda_unifamiliar,2.71317829457364
44,Teruel,2017,alquiler_mensual_eur_m2_p25_vivienda_colectiva,3.21951219512195
44,Teruel,2017,alquiler_mensual_eur_m2_p25_vivienda_unifamiliar,1.51021303258145
44,Teruel,2017,alquiler_mensual_eur_m2_p75_vivienda_colectiva,7.14285714285714
44,Teruel,2017,alquiler_mensual_eur_m2_p75_vivienda_unifamiliar,4.35689310689311
44,Teruel,2017,alquiler_mensual_total_eur_mediana_vivienda_colectiva,370.833333333333
44,Teruel,2017,alquiler_mensual_total_eur_mediana_vivienda_unifamiliar,325.0
44,Teruel,2017,alquiler_mensual_total_eur_p25_vivienda_colectiva,280.0
44,Teruel,2017,alquiler_mensual_total_eur_p25_vivienda_unifamiliar,201.315
44,Teruel,2017,alquiler_mensual_total_eur_p75_vivienda_colectiva,600.0
44,Teruel,2017,alquiler_mensual_total_eur_p75_vivienda_unifamiliar,566.85
44,Teruel,2017,observaciones_alquiler_vivienda_colectiva,2948.0
44,Teruel,2017,observaciones_alquiler_vivienda_unifamiliar,606.0
44,Teruel,2017,superficie_m2_mediana_vivienda_colectiva,92.0
44,Teruel,2017,superficie_m2_mediana_vivienda_unifamiliar,220.0
44,Teruel,2017,superficie_m2_p25_vivienda_colectiva,75.0
44,Teruel,2017,superficie_m2_p25_vivienda_unifamiliar,160.0
44,Teruel,2017,superficie_m2_p75_vivienda_colectiva,112.0
44,Teruel,2017,superficie_m2_p75_vivienda_unifamiliar,333.0
44,Teruel,2018,alquiler_mensual_eur_m2_mediana_vivienda_colectiva,4.77611940298508
44,Teruel,2018,alquiler_mensual_eur_m2_mediana_vivienda_unifamiliar,2.77610693400167
44,Teruel,2018,alquiler_mensual_eur_m2_p25_vivienda_colectiva,3.28320518619026
44,Teruel,2018,alquiler_mensual_eur_m2_p25_vivienda_unifamiliar,1.70604066985646
44,Teruel,2018,alquiler_mensual_eur_m2_p75_vivienda_colectiva,7.49603174603175
44,Teruel,2018,alquiler_mensual_eur_m2_p75_vivienda_unifamiliar,4.49444980694981
44,Teruel,2018,alquiler_mensual_total_eur_mediana_vivienda_colectiva,400.0
44,Teruel,2018,alquiler_mensual_total_eur_mediana_vivienda_unifamiliar,356.875
44,Teruel,2018,alquiler_mensual_total_eur_p25_vivienda_colectiva,290.0
44,Teruel,2018,alquiler_mensual_total_eur_p25_vivienda_unifamiliar,225.0
44,Teruel,2018,alquiler_mensual_total_eur_p75_vivienda_colectiva,600.0
44,Teruel,2018,alquiler_mensual_total_eur_p75_vivienda_unifamiliar,600.0
44,Teruel,2018,observaciones_alquiler_vivienda_colectiva,3150.0
44,Teruel,2018,observaciones_alquiler_vivienda_unifamiliar,637.0
44,Teruel,2018,superficie_m2_mediana_vivienda_colectiva,92.0
44,Teruel,2018,superficie_m2_mediana_vivienda_unifamiliar,218.0
44,Teruel,2018,superficie_m2_p25_vivienda_colectiva,74.0
44,Teruel,2018,superficie_m2_p25_vivienda_unifamiliar,159.0
44,Teruel,2018,superficie_m2_p75_vivienda_colectiva,112.0
44,Teruel,2018,superficie_m2_p75_vivienda_unifamiliar,330.75
45,Toledo,2015,alquiler_mensual_eur_m2_mediana_vivienda_colectiva,4.76190476190476
45,Toledo,2015,alquiler_mensual_eur_m2_mediana_vivienda_unifamiliar,3.37078651685393
45,Toledo,2015,alquiler_mensual_eur_m2_p25_vivienda_colectiva,3.37078651685393
45,Toledo,2015,alquiler_mensual_eur_m2_p25_vivienda_unifamiliar,2.13044655370111
45,Toledo,2015,alquiler_mensual_eur_m2_p75_vivienda_colectiva,7.43243243243243
45,Toledo,2015,alquiler_mensual_eur_m2_p75_vivienda_unifamiliar,5.26315789473684
45,Toledo,2015,alquiler_mensual_total_eur_mediana_vivienda_colectiva,400.0
45,Toledo,2015,alquiler_mensual_total_eur_mediana_vivienda_unifamiliar,450.0
45,Toledo,2015,alquiler_mensual_total_eur_p25_vivienda_colectiva,300.0
45,Toledo,2015,alquiler_mensual_total_eur_p25_vivienda_unifamiliar,275.0
45,Toledo,2015,alquiler_mensual_total_eur_p75_vivienda_colectiva,607.725607725608
45,Toledo,2015,alquiler_mensual_total_eur_p75_vivienda_unifamiliar,700.0
45,Toledo,2015,observaciones_alquiler_vivienda_colectiva,8312.0
45,Toledo,2015,observaciones_alquiler_vivienda_unifamiliar,3722.0
45,Toledo,2015,superficie_m2_mediana_vivienda_colectiva,92.0
45,Toledo,2015,superficie_m2_mediana_vivienda_unifamiliar,176.0
45,Toledo,2015,superficie_m2_p25_vivienda_colectiva,73.0
45,Toledo,2015,superficie_m2_p25_vivienda_unifamiliar,138.0
45,Toledo,2015,superficie_m2_p75_vivienda_colectiva,110.0
45,Toledo,2015,superficie_m2_p75_vivienda_unifamiliar,227.0
45,Toledo,2016,alquiler_mensual_eur_m2_mediana_vivienda_colectiva,5.05952380952381
45,Toledo,2016,alquiler_mensual_eur_m2_mediana_vivienda_unifamiliar,3.55029585798817
45,Toledo,2016,alquiler_mensual_eur_m2_p25_vivienda_colectiva,3.57142857142857
45,Toledo,2016,alquiler_mensual_eur_m2_p25_vivienda_unifamiliar,2.30197368421053
45,Toledo,2016,alquiler_mensual_eur_m2_p75_vivienda_colectiva,7.8125
45,Toledo,2016,alquiler_mensual_eur_m2_p75_vivienda_unifamiliar,5.62748820467922
45,Toledo,2016,alquiler_mensual_total_eur_mediana_vivienda_colectiva,400.490709630875
45,Toledo,2016,alquiler_mensual_total_eur_mediana_vivienda_unifamiliar,475.0
45,Toledo,2016,alquiler_mensual_total_eur_p25_vivienda_colectiva,300.0
45,Toledo,2016,alquiler_mensual_total_eur_p25_vivienda_unifamiliar,300.0
45,Toledo,2016,alquiler_mensual_total_eur_p75_vivienda_colectiva,650.0
45,Toledo,2016,alquiler_mensual_total_eur_p75_vivienda_unifamiliar,756.666666666667
45,Toledo,2016,observaciones_alquiler_vivienda_colectiva,9321.0
45,Toledo,2016,observaciones_alquiler_vivienda_unifamiliar,4155.0
45,Toledo,2016,superficie_m2_mediana_vivienda_colectiva,91.0
45,Toledo,2016,superficie_m2_mediana_vivienda_unifamiliar,177.0
45,Toledo,2016,superficie_m2_p25_vivienda_colectiva,72.0
45,Toledo,2016,superficie_m2_p25_vivienda_unifamiliar,138.0
45,Toledo,2016,superficie_m2_p75_vivienda_colectiva,110.0
45,Toledo,2016,superficie_m2_p75_vivienda_unifamiliar,225.0
45,Toledo,2017,alquiler_mensual_eur_m2_mediana_vivienda_colectiva,5.08474576271186
45,Toledo,2017,alquiler_mensual_eur_m2_mediana_vivienda_unifamiliar,3.60694433170107
45,Toledo,2017,alquiler_mensual_eur_m2_p25_vivienda_colectiva,3.63636363636364
45,Toledo,2017,alquiler_mensual_eur_m2_p25_vivienda_unifamiliar,2.4233682983683
45,Toledo,2017,alquiler_mensual_eur_m2_p75_vivienda_colectiva,7.90697674418605
45,Toledo,2017,alquiler_mensual_eur_m2_p75_vivienda_unifamiliar,5.71428571428571
45,Toledo,2017,alquiler_mensual_total_eur_mediana_vivienda_colectiva,400.0
45,Toledo,2017,alquiler_mensual_total_eur_mediana_vivienda_unifamiliar,500.0
45,Toledo,2017,alquiler_mensual_total_eur_p25_vivienda_colectiva,300.0
45,Toledo,2017,alquiler_mensual_total_eur_p25_vivienda_unifamiliar,300.0
45,Toledo,2017,alquiler_mensual_total_eur_p75_vivienda_colectiva,650.0
45,Toledo,2017,alquiler_mensual_total_eur_p75_vivienda_unifamiliar,750.0
45,Toledo,2017,observaciones_alquiler_vivienda_colectiva,10642.0
45,Toledo,2017,observaciones_alquiler_vivienda_unifamiliar,4689.0
45,Toledo,2017,superficie_m2_mediana_vivienda_colectiva,90.0
45,Toledo,2017,superficie_m2_mediana_vivienda_unifamiliar,176.0
45,Toledo,2017,superficie_m2_p25_vivienda_colectiva,71.0
45,Toledo,2017,superficie_m2_p25_vivienda_unifamiliar,138.0
45,Toledo,2017,superficie_m2_p75_vivienda_colectiva,109.0
45,Toledo,2017,superficie_m2_p75_vivienda_unifamiliar,224.0
45,Toledo,2018,alquiler_mensual_eur_m2_mediana_vivienda_colectiva,5.27777777777778
45,Toledo,2018,alquiler_mensual_eur_m2_mediana_vivienda_unifamiliar,3.80952380952381
45,Toledo,2018,alquiler_mensual_eur_m2_p25_vivienda_colectiva,3.74878640776699
45,Toledo,2018,alquiler_mensual_eur_m2_p25_vivienda_unifamiliar,2.5
45,Toledo,2018,alquiler_mensual_eur_m2_p75_vivienda_colectiva,8.07692307692308
45,Toledo,2018,alquiler_mensual_eur_m2_p75_vivienda_unifamiliar,6.04466776746569
45,Toledo,2018,alquiler_mensual_total_eur_mediana_vivienda_colectiva,425.0
45,Toledo,2018,alquiler_mensual_total_eur_mediana_vivienda_unifamiliar,500.0
45,Toledo,2018,alquiler_mensual_total_eur_p25_vivienda_colectiva,300.0
45,Toledo,2018,alquiler_mensual_total_eur_p25_vivienda_unifamiliar,300.0
45,Toledo,2018,alquiler_mensual_total_eur_p75_vivienda_colectiva,666.666666666667
45,Toledo,2018,alquiler_mensual_total_eur_p75_vivienda_unifamiliar,800.0
45,Toledo,2018,observaciones_alquiler_vivienda_colectiva,12054.0
45,Toledo,2018,observaciones_alquiler_vivienda_unifamiliar,5173.0
45,Toledo,2018,superficie_m2_mediana_vivienda_colectiva,90.0
45,Toledo,2018,superficie_m2_mediana_vivienda_unifamiliar,175.0
45,Toledo,2018,superficie_m2_p25_vivienda_colectiva,71.0
45,Toledo,2018,superficie_m2_p25_vivienda_unifamiliar,137.0
45,Toledo,2018,superficie_m2_p75_vivienda_colectiva,109.0
45,Toledo,2018,superficie_m2_p75_vivienda_unifamiliar,221.0
46,Valencia/Valéncia,2015,alquiler_mensual_eur_m2_mediana_vivienda_colectiva,4.62962962962963
46,Valencia/Valéncia,2015,alquiler_mensual_eur_m2_mediana_vivienda_unifamiliar,4.19354838709677
46,Valencia/Valéncia,2015,alquiler_mensual_eur_m2_p25_vivienda_colectiva,3.33333333333333
46,Valencia/Valéncia,2015,alquiler_mensual_eur_m2_p25_vivienda_unifamiliar,2.60869565217391
46,Valencia/Valéncia,2015,alquiler_mensual_eur_m2_p75_vivienda_colectiva,6.82539682539683
46,Valencia/Valéncia,2015,alquiler_mensual_eur_m2_p75_vivienda_unifamiliar,6.5644242604725
46,Valencia/Valéncia,2015,alquiler_mensual_total_eur_mediana_vivienda_colectiva,400.0
46,Valencia/Valéncia,2015,alquiler_mensual_total_eur_mediana_vivienda_unifamiliar,500.0
46,Valencia/Valéncia,2015,alquiler_mensual_total_eur_p25_vivienda_colectiva,300.0
46,Valencia/Valéncia,2015,alquiler_mensual_total_eur_p25_vivienda_unifamiliar,300.0
46,Valencia/Valéncia,2015,alquiler_mensual_total_eur_p75_vivienda_colectiva,600.0
46,Valencia/Valéncia,2015,alquiler_mensual_total_eur_p75_vivienda_unifamiliar,800.0
46,Valencia/Valéncia,2015,observaciones_alquiler_vivienda_colectiva,59966.0
46,Valencia/Valéncia,2015,observaciones_alquiler_vivienda_unifamiliar,6053.0
46,Valencia/Valéncia,2015,superficie_m2_mediana_vivienda_colectiva,93.0
46,Valencia/Valéncia,2015,superficie_m2_mediana_vivienda_unifamiliar,179.0
46,Valencia/Valéncia,2015,superficie_m2_p25_vivienda_colectiva,75.0
46,Valencia/Valéncia,2015,superficie_m2_p25_vivienda_unifamiliar,128.0
46,Valencia/Valéncia,2015,superficie_m2_p75_vivienda_colectiva,111.0
46,Valencia/Valéncia,2015,superficie_m2_p75_vivienda_unifamiliar,240.0
46,Valencia/Valéncia,2016,alquiler_mensual_eur_m2_mediana_vivienda_colectiva,4.83773842309262
46,Valencia/Valéncia,2016,alquiler_mensual_eur_m2_mediana_vivienda_unifamiliar,4.41542288557214
46,Valencia/Valéncia,2016,alquiler_mensual_eur_m2_p25_vivienda_colectiva,3.48837209302326
46,Valencia/Valéncia,2016,alquiler_mensual_eur_m2_p25_vivienda_unifamiliar,2.74725274725275
46,Valencia/Valéncia,2016,alquiler_mensual_eur_m2_p75_vivienda_colectiva,7.14285714285714
46,Valencia/Valéncia,2016,alquiler_mensual_eur_m2_p75_vivienda_unifamiliar,7.0
46,Valencia/Valéncia,2016,alquiler_mensual_total_eur_mediana_vivienda_colectiva,412.5
46,Valencia/Valéncia,2016,alquiler_mensual_total_eur_mediana_vivienda_unifamiliar,500.0
46,Valencia/Valéncia,2016,alquiler_mensual_total_eur_p25_vivienda_colectiva,300.0
46,Valencia/Valéncia,2016,alquiler_mensual_total_eur_p25_vivienda_unifamiliar,301.617283950617
46,Valencia/Valéncia,2016,alquiler_mensual_total_eur_p75_vivienda_colectiva,632.948587487975
46,Valencia/Valéncia,2016,alquiler_mensual_total_eur_p75_vivienda_unifamiliar,835.28
46,Valencia/Valéncia,2016,observaciones_alquiler_vivienda_colectiva,67849.0
46,Valencia/Valéncia,2016,observaciones_alquiler_vivienda_unifamiliar,6842.0
46,Valencia/Valéncia,2016,superficie_m2_mediana_vivienda_colectiva,93.0
46,Valencia/Valéncia,2016,superficie_m2_mediana_vivienda_unifamiliar,180.0
46,Valencia/Valéncia,2016,superficie_m2_p25_vivienda_colectiva,74.0
46,Valencia/Valéncia,2016,superficie_m2_p25_vivienda_unifamiliar,130.0
46,Valencia/Valéncia,2016,superficie_m2_p75_vivienda_colectiva,110.0
46,Valencia/Valéncia,2016,superficie_m2_p75_vivienda_unifamiliar,240.0
46,Valencia/Valéncia,2017,alquiler_mensual_eur_m2_mediana_vivienda_colectiva,5.0
46,Valencia/Valéncia,2017,alquiler_mensual_eur_m2_mediana_vivienda_unifamiliar,4.54545454545455
46,Valencia/Valéncia,2017,alquiler_mensual_eur_m2_p25_vivienda_colectiva,3.63636363636364
46,Valencia/Valéncia,2017,alquiler_mensual_eur_m2_p25_vivienda_unifamiliar,2.86567854361371
46,Valencia/Valéncia,2017,alquiler_mensual_eur_m2_p75_vivienda_colectiva,7.40740740740741
46,Valencia/Valéncia,2017,alquiler_mensual_eur_m2_p75_vivienda_unifamiliar,7.2463768115942
46,Valencia/Valéncia,2017,alquiler_mensual_total_eur_mediana_vivienda_colectiva,425.0
46,Valencia/Valéncia,2017,alquiler_mensual_total_eur_mediana_vivienda_unifamiliar,525.0
46,Valencia/Valéncia,2017,alquiler_mensual_total_eur_p25_vivienda_colectiva,320.833333333333
46,Valencia/Valéncia,2017,alquiler_mensual_total_eur_p25_vivienda_unifamiliar,327.703541666667
46,Valencia/Valéncia,2017,alquiler_mensual_total_eur_p75_vivienda_colectiva,650.0
46,Valencia/Valéncia,2017,alquiler_mensual_total_eur_p75_vivienda_unifamiliar,900.0
46,Valencia/Valéncia,2017,observaciones_alquiler_vivienda_colectiva,74069.0
46,Valencia/Valéncia,2017,observaciones_alquiler_vivienda_unifamiliar,7271.0
46,Valencia/Valéncia,2017,superficie_m2_mediana_vivienda_colectiva,92.0
46,Valencia/Valéncia,2017,superficie_m2_mediana_vivienda_unifamiliar,180.0
46,Valencia/Valéncia,2017,superficie_m2_p25_vivienda_colectiva,74.0
46,Valencia/Valéncia,2017,superficie_m2_p25_vivienda_unifamiliar,130.0
46,Valencia/Valéncia,2017,superficie_m2_p75_vivienda_colectiva,110.0
46,Valencia/Valéncia,2017,superficie_m2_p75_vivienda_unifamiliar,240.0
46,Valencia/Valéncia,2018,alquiler_mensual_eur_m2_mediana_vivienda_colectiva,5.26315789473684
46,Valencia/Valéncia,2018,alquiler_mensual_eur_m2_mediana_vivienda_unifamiliar,4.74949540204917
46,Valencia/Valéncia,2018,alquiler_mensual_eur_m2_p25_vivienda_colectiva,3.77659574468085
46,Valencia/Valéncia,2018,alquiler_mensual_eur_m2_p25_vivienda_unifamiliar,2.94117647058824
46,Valencia/Valéncia,2018,alquiler_mensual_eur_m2_p75_vivienda_colectiva,7.78816199376947
46,Valencia/Valéncia,2018,alquiler_mensual_eur_m2_p75_vivienda_unifamiliar,7.49274680467341
46,Valencia/Valéncia,2018,alquiler_mensual_total_eur_mediana_vivienda_colectiva,450.0
46,Valencia/Valéncia,2018,alquiler_mensual_total_eur_mediana_vivienda_unifamiliar,546.5
46,Valencia/Valéncia,2018,alquiler_mensual_total_eur_p25_vivienda_colectiva,338.0
46,Valencia/Valéncia,2018,alquiler_mensual_total_eur_p25_vivienda_unifamiliar,350.0
46,Valencia/Valéncia,2018,alquiler_mensual_total_eur_p75_vivienda_colectiva,700.0
46,Valencia/Valéncia,2018,alquiler_mensual_total_eur_p75_vivienda_unifamiliar,900.0
46,Valencia/Valéncia,2018,observaciones_alquiler_vivienda_colectiva,80804.0
46,Valencia/Valéncia,2018,observaciones_alquiler_vivienda_unifamiliar,7905.0
46,Valencia/Valéncia,2018,superficie_m2_mediana_vivienda_colectiva,92.0
46,Valencia/Valéncia,2018,superficie_m2_mediana_vivienda_unifamiliar,179.0
46,Valencia/Valéncia,2018,superficie_m2_p25_vivienda_colectiva,74.0
46,Valencia/Valéncia,2018,superficie_m2_p25_vivienda_unifamiliar,129.0
46,Valencia/Valéncia,2018,superficie_m2_p75_vivienda_colectiva,110.0
46,Valencia/Valéncia,2018,superficie_m2_p75_vivienda_unifamiliar,238.0
47,Valladolid,2015,alquiler_mensual_eur_m2_mediana_vivienda_colectiva,5.56704399723784
47,Valladolid,2015,alquiler_mensual_eur_m2_mediana_vivienda_unifamiliar,4.05092592592593
47,Valladolid,2015,alquiler_mensual_eur_m2_p25_vivienda_colectiva,4.21052631578947
47,Valladolid,2015,alquiler_mensual_eur_m2_p25_vivienda_unifamiliar,2.65513838278674
47,Valladolid,2015,alquiler_mensual_eur_m2_p75_vivienda_colectiva,8.51063829787234
47,Valladolid,2015,alquiler_mensual_eur_m2_p75_vivienda_unifamiliar,6.45487129358097
47,Valladolid,2015,alquiler_mensual_total_eur_mediana_vivienda_colectiva,450.0
47,Valladolid,2015,alquiler_mensual_total_eur_mediana_vivienda_unifamiliar,460.0
47,Valladolid,2015,alquiler_mensual_total_eur_p25_vivienda_colectiva,350.0
47,Valladolid,2015,alquiler_mensual_total_eur_p25_vivienda_unifamiliar,300.0
47,Valladolid,2015,alquiler_mensual_total_eur_p75_vivienda_colectiva,700.0
47,Valladolid,2015,alquiler_mensual_total_eur_p75_vivienda_unifamiliar,755.833333333333
47,Valladolid,2015,observaciones_alquiler_vivienda_colectiva,13905.0
47,Valladolid,2015,observaciones_alquiler_vivienda_unifamiliar,1583.0
47,Valladolid,2015,superficie_m2_mediana_vivienda_colectiva,86.0
47,Valladolid,2015,superficie_m2_mediana_vivienda_unifamiliar,164.0
47,Valladolid,2015,superficie_m2_p25_vivienda_colectiva,72.0
47,Valladolid,2015,superficie_m2_p25_vivienda_unifamiliar,122.0
47,Valladolid,2015,superficie_m2_p75_vivienda_colectiva,105.0
47,Valladolid,2015,superficie_m2_p75_vivienda_unifamiliar,221.0
47,Valladolid,2016,alquiler_mensual_eur_m2_mediana_vivienda_colectiva,5.85714285714286
47,Valladolid,2016,alquiler_mensual_eur_m2_mediana_vivienda_unifamiliar,4.3141592920354
47,Valladolid,2016,alquiler_mensual_eur_m2_p25_vivienda_colectiva,4.40463525835866
47,Valladolid,2016,alquiler_mensual_eur_m2_p25_vivienda_unifamiliar,2.96087553163211
47,Valladolid,2016,alquiler_mensual_eur_m2_p75_vivienda_colectiva,8.95665229885057
47,Valladolid,2016,alquiler_mensual_eur_m2_p75_vivienda_unifamiliar,7.02635986952306
47,Valladolid,2016,alquiler_mensual_total_eur_mediana_vivienda_colectiva,460.0
47,Valladolid,2016,alquiler_mensual_total_eur_mediana_vivienda_unifamiliar,500.0
47,Valladolid,2016,alquiler_mensual_total_eur_p25_vivienda_colectiva,350.0
47,Valladolid,2016,alquiler_mensual_total_eur_p25_vivienda_unifamiliar,340.0
47,Valladolid,2016,alquiler_mensual_total_eur_p75_vivienda_colectiva,750.0
47,Valladolid,2016,alquiler_mensual_total_eur_p75_vivienda_unifamiliar,800.0
47,Valladolid,2016,observaciones_alquiler_vivienda_colectiva,15555.0
47,Valladolid,2016,observaciones_alquiler_vivienda_unifamiliar,1746.0
47,Valladolid,2016,superficie_m2_mediana_vivienda_colectiva,86.0
47,Valladolid,2016,superficie_m2_mediana_vivienda_unifamiliar,166.0
47,Valladolid,2016,superficie_m2_p25_vivienda_colectiva,71.0
47,Valladolid,2016,superficie_m2_p25_vivienda_unifamiliar,122.0
47,Valladolid,2016,superficie_m2_p75_vivienda_colectiva,104.0
47,Valladolid,2016,superficie_m2_p75_vivienda_unifamiliar,221.0
47,Valladolid,2017,alquiler_mensual_eur_m2_mediana_vivienda_colectiva,5.92105263157895
47,Valladolid,2017,alquiler_mensual_eur_m2_mediana_vivienda_unifamiliar,4.35667761357417
47,Valladolid,2017,alquiler_mensual_eur_m2_p25_vivienda_colectiva,4.48717948717949
47,Valladolid,2017,alquiler_mensual_eur_m2_p25_vivienda_unifamiliar,3.03017597712365
47,Valladolid,2017,alquiler_mensual_eur_m2_p75_vivienda_colectiva,9.07894736842105
47,Valladolid,2017,alquiler_mensual_eur_m2_p75_vivienda_unifamiliar,7.035641168807
47,Valladolid,2017,alquiler_mensual_total_eur_mediana_vivienda_colectiva,461.666666666667
47,Valladolid,2017,alquiler_mensual_total_eur_mediana_vivienda_unifamiliar,500.0
47,Valladolid,2017,alquiler_mensual_total_eur_p25_vivienda_colectiva,360.0
47,Valladolid,2017,alquiler_mensual_total_eur_p25_vivienda_unifamiliar,348.892857142857
47,Valladolid,2017,alquiler_mensual_total_eur_p75_vivienda_colectiva,750.0
47,Valladolid,2017,alquiler_mensual_total_eur_p75_vivienda_unifamiliar,840.0
47,Valladolid,2017,observaciones_alquiler_vivienda_colectiva,16720.0
47,Valladolid,2017,observaciones_alquiler_vivienda_unifamiliar,1883.0
47,Valladolid,2017,superficie_m2_mediana_vivienda_colectiva,85.0
47,Valladolid,2017,superficie_m2_mediana_vivienda_unifamiliar,164.0
47,Valladolid,2017,superficie_m2_p25_vivienda_colectiva,71.0
47,Valladolid,2017,superficie_m2_p25_vivienda_unifamiliar,123.0
47,Valladolid,2017,superficie_m2_p75_vivienda_colectiva,104.0
47,Valladolid,2017,superficie_m2_p75_vivienda_unifamiliar,219.0
47,Valladolid,2018,alquiler_mensual_eur_m2_mediana_vivienda_colectiva,6.08108108108108
47,Valladolid,2018,alquiler_mensual_eur_m2_mediana_vivienda_unifamiliar,4.4724434912854
47,Valladolid,2018,alquiler_mensual_eur_m2_p25_vivienda_colectiva,4.6078431372549
47,Valladolid,2018,alquiler_mensual_eur_m2_p25_vivienda_unifamiliar,3.10294457942844
47,Valladolid,2018,alquiler_mensual_eur_m2_p75_vivienda_colectiva,9.30275229357798
47,Valladolid,2018,alquiler_mensual_eur_m2_p75_vivienda_unifamiliar,7.24263384836507
47,Valladolid,2018,alquiler_mensual_total_eur_mediana_vivienda_colectiva,479.166666666667
47,Valladolid,2018,alquiler_mensual_total_eur_mediana_vivienda_unifamiliar,500.279583333333
47,Valladolid,2018,alquiler_mensual_total_eur_p25_vivienda_colectiva,375.0
47,Valladolid,2018,alquiler_mensual_total_eur_p25_vivienda_unifamiliar,350.0
47,Valladolid,2018,alquiler_mensual_total_eur_p75_vivienda_colectiva,772.5
47,Valladolid,2018,alquiler_mensual_total_eur_p75_vivienda_unifamiliar,857.500416666667
47,Valladolid,2018,observaciones_alquiler_vivienda_colectiva,17948.0
47,Valladolid,2018,observaciones_alquiler_vivienda_unifamiliar,2001.0
47,Valladolid,2018,superficie_m2_mediana_vivienda_colectiva,85.0
47,Valladolid,2018,superficie_m2_mediana_vivienda_unifamiliar,162.5
47,Valladolid,2018,superficie_m2_p25_vivienda_colectiva,71.0
47,Valladolid,2018,superficie_m2_p25_vivienda_unifamiliar,121.0
47,Valladolid,2018,superficie_m2_p75_vivienda_colectiva,104.0
47,Valladolid,2018,superficie_m2_p75_vivienda_unifamiliar,217.0
49,Zamora,2015,alquiler_mensual_eur_m2_mediana_vivienda_colectiva,4.31818181818182
49,Zamora,2015,alquiler_mensual_eur_m2_mediana_vivienda_unifamiliar,3.21100917431193
49,Zamora,2015,alquiler_mensual_eur_m2_p25_vivienda_colectiva,3.06122448979592
49,Zamora,2015,alquiler_mensual_eur_m2_p25_vivienda_unifamiliar,1.85912110602388
49,Zamora,2015,alquiler_mensual_eur_m2_p75_vivienda_colectiva,6.38297872340426
49,Zamora,2015,alquiler_mensual_eur_m2_p75_vivienda_unifamiliar,5.03002610966057
49,Zamora,2015,alquiler_mensual_total_eur_mediana_vivienda_colectiva,370.0
49,Zamora,2015,alquiler_mensual_total_eur_mediana_vivienda_unifamiliar,350.0
49,Zamora,2015,alquiler_mensual_total_eur_p25_vivienda_colectiva,291.666666666667
49,Zamora,2015,alquiler_mensual_total_eur_p25_vivienda_unifamiliar,225.0
49,Zamora,2015,alquiler_mensual_total_eur_p75_vivienda_colectiva,568.21
49,Zamora,2015,alquiler_mensual_total_eur_p75_vivienda_unifamiliar,550.0
49,Zamora,2015,observaciones_alquiler_vivienda_colectiva,2612.0
49,Zamora,2015,observaciones_alquiler_vivienda_unifamiliar,350.0
49,Zamora,2015,superficie_m2_mediana_vivienda_colectiva,95.0
49,Zamora,2015,superficie_m2_mediana_vivienda_unifamiliar,172.0
49,Zamora,2015,superficie_m2_p25_vivienda_colectiva,77.0
49,Zamora,2015,superficie_m2_p25_vivienda_unifamiliar,129.0
49,Zamora,2015,superficie_m2_p75_vivienda_colectiva,115.0
49,Zamora,2015,superficie_m2_p75_vivienda_unifamiliar,269.0
49,Zamora,2016,alquiler_mensual_eur_m2_mediana_vivienda_colectiva,4.51388888888889
49,Zamora,2016,alquiler_mensual_eur_m2_mediana_vivienda_unifamiliar,3.10077519379845
49,Zamora,2016,alquiler_mensual_eur_m2_p25_vivienda_colectiva,3.21305803571429
49,Zamora,2016,alquiler_mensual_eur_m2_p25_vivienda_unifamiliar,1.90630488765066
49,Zamora,2016,alquiler_mensual_eur_m2_p75_vivienda_colectiva,6.67276923299734
49,Zamora,2016,alquiler_mensual_eur_m2_p75_vivienda_unifamiliar,5.26470634920635
49,Zamora,2016,alquiler_mensual_total_eur_mediana_vivienda_colectiva,380.0
49,Zamora,2016,alquiler_mensual_total_eur_mediana_vivienda_unifamiliar,350.0
49,Zamora,2016,alquiler_mensual_total_eur_p25_vivienda_colectiva,300.0
49,Zamora,2016,alquiler_mensual_total_eur_p25_vivienda_unifamiliar,218.244761055635
49,Zamora,2016,alquiler_mensual_total_eur_p75_vivienda_colectiva,600.0
49,Zamora,2016,alquiler_mensual_total_eur_p75_vivienda_unifamiliar,600.0
49,Zamora,2016,observaciones_alquiler_vivienda_colectiva,2850.0
49,Zamora,2016,observaciones_alquiler_vivienda_unifamiliar,390.0
49,Zamora,2016,superficie_m2_mediana_vivienda_colectiva,95.0
49,Zamora,2016,superficie_m2_mediana_vivienda_unifamiliar,170.0
49,Zamora,2016,superficie_m2_p25_vivienda_colectiva,77.0
49,Zamora,2016,superficie_m2_p25_vivienda_unifamiliar,125.5
49,Zamora,2016,superficie_m2_p75_vivienda_colectiva,115.0
49,Zamora,2016,superficie_m2_p75_vivienda_unifamiliar,263.0
49,Zamora,2017,alquiler_mensual_eur_m2_mediana_vivienda_colectiva,4.50533867200534
49,Zamora,2017,alquiler_mensual_eur_m2_mediana_vivienda_unifamiliar,3.2651352308128
49,Zamora,2017,alquiler_mensual_eur_m2_p25_vivienda_colectiva,3.28786693295739
49,Zamora,2017,alquiler_mensual_eur_m2_p25_vivienda_unifamiliar,1.99751243781095
49,Zamora,2017,alquiler_mensual_eur_m2_p75_vivienda_colectiva,6.73947010869565
49,Zamora,2017,alquiler_mensual_eur_m2_p75_vivienda_unifamiliar,5.06887335526316
49,Zamora,2017,alquiler_mensual_total_eur_mediana_vivienda_colectiva,379.166666666667
49,Zamora,2017,alquiler_mensual_total_eur_mediana_vivienda_unifamiliar,350.0
49,Zamora,2017,alquiler_mensual_total_eur_p25_vivienda_colectiva,300.0
49,Zamora,2017,alquiler_mensual_total_eur_p25_vivienda_unifamiliar,238.333333333333
49,Zamora,2017,alquiler_mensual_total_eur_p75_vivienda_colectiva,600.0
49,Zamora,2017,alquiler_mensual_total_eur_p75_vivienda_unifamiliar,563.125
49,Zamora,2017,observaciones_alquiler_vivienda_colectiva,3049.0
49,Zamora,2017,observaciones_alquiler_vivienda_unifamiliar,439.0
49,Zamora,2017,superficie_m2_mediana_vivienda_colectiva,94.0
49,Zamora,2017,superficie_m2_mediana_vivienda_unifamiliar,172.0
49,Zamora,2017,superficie_m2_p25_vivienda_colectiva,76.0
49,Zamora,2017,superficie_m2_p25_vivienda_unifamiliar,123.75
49,Zamora,2017,superficie_m2_p75_vivienda_colectiva,113.0
49,Zamora,2017,superficie_m2_p75_vivienda_unifamiliar,263.0
49,Zamora,2018,alquiler_mensual_eur_m2_mediana_vivienda_colectiva,4.64101620029455
49,Zamora,2018,alquiler_mensual_eur_m2_mediana_vivienda_unifamiliar,3.17829725571286
49,Zamora,2018,alquiler_mensual_eur_m2_p25_vivienda_colectiva,3.35971352912855
49,Zamora,2018,alquiler_mensual_eur_m2_p25_vivienda_unifamiliar,2.03392167677882
49,Zamora,2018,alquiler_mensual_eur_m2_p75_vivienda_colectiva,6.81818181818182
49,Zamora,2018,alquiler_mensual_eur_m2_p75_vivienda_unifamiliar,4.75026442590199
49,Zamora,2018,alquiler_mensual_total_eur_mediana_vivienda_colectiva,380.0
49,Zamora,2018,alquiler_mensual_total_eur_mediana_vivienda_unifamiliar,350.0
49,Zamora,2018,alquiler_mensual_total_eur_p25_vivienda_colectiva,300.0
49,Zamora,2018,alquiler_mensual_total_eur_p25_vivienda_unifamiliar,232.083333333333
49,Zamora,2018,alquiler_mensual_total_eur_p75_vivienda_colectiva,600.0
49,Zamora,2018,alquiler_mensual_total_eur_p75_vivienda_unifamiliar,506.495
49,Zamora,2018,observaciones_alquiler_vivienda_colectiva,3255.0
49,Zamora,2018,observaciones_alquiler_vivienda_unifamiliar,446.0
49,Zamora,2018,superficie_m2_mediana_vivienda_colectiva,93.0
49,Zamora,2018,superficie_m2_mediana_vivienda_unifamiliar,172.0
49,Zamora,2018,superficie_m2_p25_vivienda_colectiva,75.75
49,Zamora,2018,superficie_m2_p25_vivienda_unifamiliar,123.5
49,Zamora,2018,superficie_m2_p75_vivienda_colectiva,112.0
49,Zamora,2018,superficie_m2_p75_vivienda_unifamiliar,252.5
50,Zaragoza,2015,alquiler_mensual_eur_m2_mediana_vivienda_colectiva,6.27450980392157
50,Zaragoza,2015,alquiler_mensual_eur_m2_mediana_vivienda_unifamiliar,3.79931897253683
50,Zaragoza,2015,alquiler_mensual_eur_m2_p25_vivienda_colectiva,4.75619343457586
50,Zaragoza,2015,alquiler_mensual_eur_m2_p25_vivienda_unifamiliar,2.38512536384068
50,Zaragoza,2015,alquiler_mensual_eur_m2_p75_vivienda_colectiva,9.36925954592363
50,Zaragoza,2015,alquiler_mensual_eur_m2_p75_vivienda_unifamiliar,6.108206725845
50,Zaragoza,2015,alquiler_mensual_total_eur_mediana_vivienda_colectiva,450.0
50,Zaragoza,2015,alquiler_mensual_total_eur_mediana_vivienda_unifamiliar,444.106666666667
50,Zaragoza,2015,alquiler_mensual_total_eur_p25_vivienda_colectiva,350.0
50,Zaragoza,2015,alquiler_mensual_total_eur_p25_vivienda_unifamiliar,300.0
50,Zaragoza,2015,alquiler_mensual_total_eur_p75_vivienda_colectiva,700.0
50,Zaragoza,2015,alquiler_mensual_total_eur_p75_vivienda_unifamiliar,740.124791666667
50,Zaragoza,2015,observaciones_alquiler_vivienda_colectiva,33590.0
50,Zaragoza,2015,observaciones_alquiler_vivienda_unifamiliar,2455.0
50,Zaragoza,2015,superficie_m2_mediana_vivienda_colectiva,75.0
50,Zaragoza,2015,superficie_m2_mediana_vivienda_unifamiliar,180.0
50,Zaragoza,2015,superficie_m2_p25_vivienda_colectiva,62.0
50,Zaragoza,2015,superficie_m2_p25_vivienda_unifamiliar,130.0
50,Zaragoza,2015,superficie_m2_p75_vivienda_colectiva,92.0
50,Zaragoza,2015,superficie_m2_p75_vivienda_unifamiliar,252.0
50,Zaragoza,2016,alquiler_mensual_eur_m2_mediana_vivienda_colectiva,6.44067796610169
50,Zaragoza,2016,alquiler_mensual_eur_m2_mediana_vivienda_unifamiliar,3.82074605855856
50,Zaragoza,2016,alquiler_mensual_eur_m2_p25_vivienda_colectiva,4.88928315412186
50,Zaragoza,2016,alquiler_mensual_eur_m2_p25_vivienda_unifamiliar,2.4892693982013
50,Zaragoza,2016,alquiler_mensual_eur_m2_p75_vivienda_colectiva,9.74244322695297
50,Zaragoza,2016,alquiler_mensual_eur_m2_p75_vivienda_unifamiliar,6.22950819672131
50,Zaragoza,2016,alquiler_mensual_total_eur_mediana_vivienda_colectiva,457.0
50,Zaragoza,2016,alquiler_mensual_total_eur_mediana_vivienda_unifamiliar,450.0
50,Zaragoza,2016,alquiler_mensual_total_eur_p25_vivienda_colectiva,350.0
50,Zaragoza,2016,alquiler_mensual_total_eur_p25_vivienda_unifamiliar,300.0
50,Zaragoza,2016,alquiler_mensual_total_eur_p75_vivienda_colectiva,711.083333333333
50,Zaragoza,2016,alquiler_mensual_total_eur_p75_vivienda_unifamiliar,769.275
50,Zaragoza,2016,observaciones_alquiler_vivienda_colectiva,36694.0
50,Zaragoza,2016,observaciones_alquiler_vivienda_unifamiliar,2677.0
50,Zaragoza,2016,superficie_m2_mediana_vivienda_colectiva,75.0
50,Zaragoza,2016,superficie_m2_mediana_vivienda_unifamiliar,179.0
50,Zaragoza,2016,superficie_m2_p25_vivienda_colectiva,62.0
50,Zaragoza,2016,superficie_m2_p25_vivienda_unifamiliar,132.0
50,Zaragoza,2016,superficie_m2_p75_vivienda_colectiva,92.0
50,Zaragoza,2016,superficie_m2_p75_vivienda_unifamiliar,254.0
50,Zaragoza,2017,alquiler_mensual_eur_m2_mediana_vivienda_colectiva,6.53107188821474
50,Zaragoza,2017,alquiler_mensual_eur_m2_mediana_vivienda_unifamiliar,3.90625
50,Zaragoza,2017,alquiler_mensual_eur_m2_p25_vivienda_colectiva,5.0
50,Zaragoza,2017,alquiler_mensual_eur_m2_p25_vivienda_unifamiliar,2.45757837215991
50,Zaragoza,2017,alquiler_mensual_eur_m2_p75_vivienda_colectiva,9.90990990990991
50,Zaragoza,2017,alquiler_mensual_eur_m2_p75_vivienda_unifamiliar,6.39767441860465
50,Zaragoza,2017,alquiler_mensual_total_eur_mediana_vivienda_colectiva,460.233333333333
50,Zaragoza,2017,alquiler_mensual_total_eur_mediana_vivienda_unifamiliar,450.0
50,Zaragoza,2017,alquiler_mensual_total_eur_p25_vivienda_colectiva,350.0
50,Zaragoza,2017,alquiler_mensual_total_eur_p25_vivienda_unifamiliar,300.0
50,Zaragoza,2017,alquiler_mensual_total_eur_p75_vivienda_colectiva,726.0
50,Zaragoza,2017,alquiler_mensual_total_eur_p75_vivienda_unifamiliar,766.9
50,Zaragoza,2017,observaciones_alquiler_vivienda_colectiva,39413.0
50,Zaragoza,2017,observaciones_alquiler_vivienda_unifamiliar,2950.0
50,Zaragoza,2017,superficie_m2_mediana_vivienda_colectiva,74.0
50,Zaragoza,2017,superficie_m2_mediana_vivienda_unifamiliar,177.0
50,Zaragoza,2017,superficie_m2_p25_vivienda_colectiva,61.0
50,Zaragoza,2017,superficie_m2_p25_vivienda_unifamiliar,130.0
50,Zaragoza,2017,superficie_m2_p75_vivienda_colectiva,91.0
50,Zaragoza,2017,superficie_m2_p75_vivienda_unifamiliar,248.0
50,Zaragoza,2018,alquiler_mensual_eur_m2_mediana_vivienda_colectiva,6.75675675675676
50,Zaragoza,2018,alquiler_mensual_eur_m2_mediana_vivienda_unifamiliar,3.98550724637681
50,Zaragoza,2018,alquiler_mensual_eur_m2_p25_vivienda_colectiva,5.17453488372093
50,Zaragoza,2018,alquiler_mensual_eur_m2_p25_vivienda_unifamiliar,2.55114818900533
50,Zaragoza,2018,alquiler_mensual_eur_m2_p75_vivienda_colectiva,10.2083333333333
50,Zaragoza,2018,alquiler_mensual_eur_m2_p75_vivienda_unifamiliar,6.47634271099744
50,Zaragoza,2018,alquiler_mensual_total_eur_mediana_vivienda_colectiva,480.0
50,Zaragoza,2018,alquiler_mensual_total_eur_mediana_vivienda_unifamiliar,450.0
50,Zaragoza,2018,alquiler_mensual_total_eur_p25_vivienda_colectiva,360.416666666667
50,Zaragoza,2018,alquiler_mensual_total_eur_p25_vivienda_unifamiliar,300.0
50,Zaragoza,2018,alquiler_mensual_total_eur_p75_vivienda_colectiva,750.0
50,Zaragoza,2018,alquiler_mensual_total_eur_p75_vivienda_unifamiliar,800.0
50,Zaragoza,2018,observaciones_alquiler_vivienda_colectiva,42600.0
50,Zaragoza,2018,observaciones_alquiler_vivienda_unifamiliar,3245.0
50,Zaragoza,2018,superficie_m2_mediana_vivienda_colectiva,74.0
50,Zaragoza,2018,superficie_m2_mediana_vivienda_unifamiliar,177.0
50,Zaragoza,2018,superficie_m2_p25_vivienda_colectiva,61.0
50,Zaragoza,2018,superficie_m2_p25_vivienda_unifamiliar,131.0
50,Zaragoza,2018,superficie_m2_p75_vivienda_colectiva,90.0
50,Zaragoza,2018,superficie_m2_p75_vivienda_unifamiliar,248.0
51,Ceuta,2015,alquiler_mensual_eur_m2_mediana_vivienda_colectiva,9.24501424501425
51,Ceuta,2015,alquiler_mensual_eur_m2_mediana_vivienda_unifamiliar,8.48775502662897
51,Ceuta,2015,alquiler_mensual_eur_m2_p25_vivienda_colectiva,6.72870494240059
51,Ceuta,2015,alquiler_mensual_eur_m2_p25_vivienda_unifamiliar,4.62015086206897
51,Ceuta,2015,alquiler_mensual_eur_m2_p75_vivienda_colectiva,13.6431863818912
51,Ceuta,2015,alquiler_mensual_eur_m2_p75_vivienda_unifamiliar,13.819917260529
51,Ceuta,2015,alquiler_mensual_total_eur_mediana_vivienda_colectiva,663.75
51,Ceuta,2015,alquiler_mensual_total_eur_mediana_vivienda_unifamiliar,600.0
51,Ceuta,2015,alquiler_mensual_total_eur_p25_vivienda_colectiva,500.0
51,Ceuta,2015,alquiler_mensual_total_eur_p25_vivienda_unifamiliar,398.125
51,Ceuta,2015,alquiler_mensual_total_eur_p75_vivienda_colectiva,1087.49666666667
51,Ceuta,2015,alquiler_mensual_total_eur_p75_vivienda_unifamiliar,1021.2962962963
51,Ceuta,2015,observaciones_alquiler_vivienda_colectiva,1387.0
51,Ceuta,2015,observaciones_alquiler_vivienda_unifamiliar,233.0
51,Ceuta,2015,superficie_m2_mediana_vivienda_colectiva,77.0
51,Ceuta,2015,superficie_m2_mediana_vivienda_unifamiliar,76.5
51,Ceuta,2015,superficie_m2_p25_vivienda_colectiva,58.0
51,Ceuta,2015,superficie_m2_p25_vivienda_unifamiliar,49.0
51,Ceuta,2015,superficie_m2_p75_vivienda_colectiva,101.0
51,Ceuta,2015,superficie_m2_p75_vivienda_unifamiliar,131.0
51,Ceuta,2016,alquiler_mensual_eur_m2_mediana_vivienda_colectiva,9.67118450433608
51,Ceuta,2016,alquiler_mensual_eur_m2_mediana_vivienda_unifamiliar,9.96299366021055
51,Ceuta,2016,alquiler_mensual_eur_m2_p25_vivienda_colectiva,7.0005787037037
51,Ceuta,2016,alquiler_mensual_eur_m2_p25_vivienda_unifamiliar,5.48835371342012
51,Ceuta,2016,alquiler_mensual_eur_m2_p75_vivienda_colectiva,14.5264681555004
51,Ceuta,2016,alquiler_mensual_eur_m2_p75_vivienda_unifamiliar,16.7441860465116
51,Ceuta,2016,alquiler_mensual_total_eur_mediana_vivienda_colectiva,700.0
51,Ceuta,2016,alquiler_mensual_total_eur_mediana_vivienda_unifamiliar,647.352847088932
51,Ceuta,2016,alquiler_mensual_total_eur_p25_vivienda_colectiva,521.479166666667
51,Ceuta,2016,alquiler_mensual_total_eur_p25_vivienda_unifamiliar,414.579334612924
51,Ceuta,2016,alquiler_mensual_total_eur_p75_vivienda_colectiva,1100.0
51,Ceuta,2016,alquiler_mensual_total_eur_p75_vivienda_unifamiliar,1100.0
51,Ceuta,2016,observaciones_alquiler_vivienda_colectiva,1481.0
51,Ceuta,2016,observaciones_alquiler_vivienda_unifamiliar,252.0
51,Ceuta,2016,superficie_m2_mediana_vivienda_colectiva,76.0
51,Ceuta,2016,superficie_m2_mediana_vivienda_unifamiliar,63.0
51,Ceuta,2016,superficie_m2_p25_vivienda_colectiva,58.0
51,Ceuta,2016,superficie_m2_p25_vivienda_unifamiliar,45.0
51,Ceuta,2016,superficie_m2_p75_vivienda_colectiva,100.0
51,Ceuta,2016,superficie_m2_p75_vivienda_unifamiliar,119.0
51,Ceuta,2017,alquiler_mensual_eur_m2_mediana_vivienda_colectiva,9.42028985507246
51,Ceuta,2017,alquiler_mensual_eur_m2_mediana_vivienda_unifamiliar,9.70149253731343
51,Ceuta,2017,alquiler_mensual_eur_m2_p25_vivienda_colectiva,6.81818181818182
51,Ceuta,2017,alquiler_mensual_eur_m2_p25_vivienda_unifamiliar,5.30684207371891
51,Ceuta,2017,alquiler_mensual_eur_m2_p75_vivienda_colectiva,14.5233675464321
51,Ceuta,2017,alquiler_mensual_eur_m2_p75_vivienda_unifamiliar,16.4130286957704
51,Ceuta,2017,alquiler_mensual_total_eur_mediana_vivienda_colectiva,700.0
51,Ceuta,2017,alquiler_mensual_total_eur_mediana_vivienda_unifamiliar,600.0
51,Ceuta,2017,alquiler_mensual_total_eur_p25_vivienda_colectiva,500.0
51,Ceuta,2017,alquiler_mensual_total_eur_p25_vivienda_unifamiliar,400.0
51,Ceuta,2017,alquiler_mensual_total_eur_p75_vivienda_colectiva,1100.0
51,Ceuta,2017,alquiler_mensual_total_eur_p75_vivienda_unifamiliar,1100.0
51,Ceuta,2017,observaciones_alquiler_vivienda_colectiva,1582.0
51,Ceuta,2017,observaciones_alquiler_vivienda_unifamiliar,278.0
51,Ceuta,2017,superficie_m2_mediana_vivienda_colectiva,76.0
51,Ceuta,2017,superficie_m2_mediana_vivienda_unifamiliar,68.0
51,Ceuta,2017,superficie_m2_p25_vivienda_colectiva,57.0
51,Ceuta,2017,superficie_m2_p25_vivienda_unifamiliar,46.5
51,Ceuta,2017,superficie_m2_p75_vivienda_colectiva,100.0
51,Ceuta,2017,superficie_m2_p75_vivienda_unifamiliar,119.5
51,Ceuta,2018,alquiler_mensual_eur_m2_mediana_vivienda_colectiva,9.58022388059702
51,Ceuta,2018,alquiler_mensual_eur_m2_mediana_vivienda_unifamiliar,10.0
51,Ceuta,2018,alquiler_mensual_eur_m2_p25_vivienda_colectiva,7.14285714285714
51,Ceuta,2018,alquiler_mensual_eur_m2_p25_vivienda_unifamiliar,5.49708842835503
51,Ceuta,2018,alquiler_mensual_eur_m2_p75_vivienda_colectiva,14.308410188845
51,Ceuta,2018,alquiler_mensual_eur_m2_p75_vivienda_unifamiliar,16.0315764482431
51,Ceuta,2018,alquiler_mensual_total_eur_mediana_vivienda_colectiva,700.0
51,Ceuta,2018,alquiler_mensual_total_eur_mediana_vivienda_unifamiliar,663.333333333333
51,Ceuta,2018,alquiler_mensual_total_eur_p25_vivienda_colectiva,530.0
51,Ceuta,2018,alquiler_mensual_total_eur_p25_vivienda_unifamiliar,402.34375
51,Ceuta,2018,alquiler_mensual_total_eur_p75_vivienda_colectiva,1100.0
51,Ceuta,2018,alquiler_mensual_total_eur_p75_vivienda_unifamiliar,1110.72916666667
51,Ceuta,2018,observaciones_alquiler_vivienda_colectiva,1641.0
51,Ceuta,2018,observaciones_alquiler_vivienda_unifamiliar,287.0
51,Ceuta,2018,superficie_m2_mediana_vivienda_colectiva,76.0
51,Ceuta,2018,superficie_m2_mediana_vivienda_unifamiliar,68.0
51,Ceuta,2018,superficie_m2_p25_vivienda_colectiva,57.0
51,Ceuta,2018,superficie_m2_p25_vivienda_unifamiliar,45.0
51,Ceuta,2018,superficie_m2_p75_vivienda_colectiva,99.0
51,Ceuta,2018,superficie_m2_p75_vivienda_unifamiliar,127.0
52,Melilla,2015,alquiler_mensual_eur_m2_mediana_vivienda_colectiva,8.83697616816174
52,Melilla,2015,alquiler_mensual_eur_m2_mediana_vivienda_unifamiliar,6.63471821915901
52,Melilla,2015,alquiler_mensual_eur_m2_p25_vivienda_colectiva,6.29796683281677
52,Melilla,2015,alquiler_mensual_eur_m2_p25_vivienda_unifamiliar,4.55734832003868
52,Melilla,2015,alquiler_mensual_eur_m2_p75_vivienda_colectiva,12.8205128205128
52,Melilla,2015,alquiler_mensual_eur_m2_p75_vivienda_unifamiliar,11.25
52,Melilla,2015,alquiler_mensual_total_eur_mediana_vivienda_colectiva,600.0
52,Melilla,2015,alquiler_mensual_total_eur_mediana_vivienda_unifamiliar,550.0
52,Melilla,2015,alquiler_mensual_total_eur_p25_vivienda_colectiva,475.0
52,Melilla,2015,alquiler_mensual_total_eur_p25_vivienda_unifamiliar,387.75
52,Melilla,2015,alquiler_mensual_total_eur_p75_vivienda_colectiva,1000.0
52,Melilla,2015,alquiler_mensual_total_eur_p75_vivienda_unifamiliar,975.0
52,Melilla,2015,observaciones_alquiler_vivienda_colectiva,1459.0
52,Melilla,2015,observaciones_alquiler_vivienda_unifamiliar,367.0
52,Melilla,2015,superficie_m2_mediana_vivienda_colectiva,75.0
52,Melilla,2015,superficie_m2_mediana_vivienda_unifamiliar,91.5
52,Melilla,2015,superficie_m2_p25_vivienda_colectiva,58.0
52,Melilla,2015,superficie_m2_p25_vivienda_unifamiliar,60.75
52,Melilla,2015,superficie_m2_p75_vivienda_colectiva,97.0
52,Melilla,2015,superficie_m2_p75_vivienda_unifamiliar,151.0
52,Melilla,2016,alquiler_mensual_eur_m2_mediana_vivienda_colectiva,9.0
52,Melilla,2016,alquiler_mensual_eur_m2_mediana_vivienda_unifamiliar,6.42857142857143
52,Melilla,2016,alquiler_mensual_eur_m2_p25_vivienda_colectiva,6.40916666666667
52,Melilla,2016,alquiler_mensual_eur_m2_p25_vivienda_unifamiliar,4.16666666666667
52,Melilla,2016,alquiler_mensual_eur_m2_p75_vivienda_colectiva,13.3156043956044
52,Melilla,2016,alquiler_mensual_eur_m2_p75_vivienda_unifamiliar,10.2040816326531
52,Melilla,2016,alquiler_mensual_total_eur_mediana_vivienda_colectiva,639.923333333333
52,Melilla,2016,alquiler_mensual_total_eur_mediana_vivienda_unifamiliar,503.08835589942
52,Melilla,2016,alquiler_mensual_total_eur_p25_vivienda_colectiva,489.36
52,Melilla,2016,alquiler_mensual_total_eur_p25_vivienda_unifamiliar,350.0
52,Melilla,2016,alquiler_mensual_total_eur_p75_vivienda_colectiva,1000.0
52,Melilla,2016,alquiler_mensual_total_eur_p75_vivienda_unifamiliar,910.166666666667
52,Melilla,2016,observaciones_alquiler_vivienda_colectiva,1516.0
52,Melilla,2016,observaciones_alquiler_vivienda_unifamiliar,404.0
52,Melilla,2016,superficie_m2_mediana_vivienda_colectiva,75.0
52,Melilla,2016,superficie_m2_mediana_vivienda_unifamiliar,90.0
52,Melilla,2016,superficie_m2_p25_vivienda_colectiva,57.0
52,Melilla,2016,superficie_m2_p25_vivienda_unifamiliar,60.0
52,Melilla,2016,superficie_m2_p75_vivienda_colectiva,100.0
52,Melilla,2016,superficie_m2_p75_vivienda_unifamiliar,160.0
52,Melilla,2017,alquiler_mensual_eur_m2_mediana_vivienda_colectiva,9.25925925925926
52,Melilla,2017,alquiler_mensual_eur_m2_mediana_vivienda_unifamiliar,6.80090377458798
52,Melilla,2017,alquiler_mensual_eur_m2_p25_vivienda_colectiva,6.71641791044776
52,Melilla,2017,alquiler_mensual_eur_m2_p25_vivienda_unifamiliar,4.41993464052288
52,Melilla,2017,alquiler_mensual_eur_m2_p75_vivienda_colectiva,13.9309523809524
52,Melilla,2017,alquiler_mensual_eur_m2_p75_vivienda_unifamiliar,11.0324269005848
52,Melilla,2017,alquiler_mensual_total_eur_mediana_vivienda_colectiva,650.0
52,Melilla,2017,alquiler_mensual_total_eur_mediana_vivienda_unifamiliar,561.19
52,Melilla,2017,alquiler_mensual_total_eur_p25_vivienda_colectiva,500.0
52,Melilla,2017,alquiler_mensual_total_eur_p25_vivienda_unifamiliar,400.0
52,Melilla,2017,alquiler_mensual_total_eur_p75_vivienda_colectiva,1019.9
52,Melilla,2017,alquiler_mensual_total_eur_p75_vivienda_unifamiliar,1000.0
52,Melilla,2017,observaciones_alquiler_vivienda_colectiva,1622.0
52,Melilla,2017,observaciones_alquiler_vivienda_unifamiliar,397.0
52,Melilla,2017,superficie_m2_mediana_vivienda_colectiva,73.0
52,Melilla,2017,superficie_m2_mediana_vivienda_unifamiliar,91.0
52,Melilla,2017,superficie_m2_p25_vivienda_colectiva,57.0
52,Melilla,2017,superficie_m2_p25_vivienda_unifamiliar,61.0
52,Melilla,2017,superficie_m2_p75_vivienda_colectiva,97.0
52,Melilla,2017,superficie_m2_p75_vivienda_unifamiliar,158.5
52,Melilla,2018,alquiler_mensual_eur_m2_mediana_vivienda_colectiva,9.45454545454546
52,Melilla,2018,alquiler_mensual_eur_m2_mediana_vivienda_unifamiliar,6.70361313021961
52,Melilla,2018,alquiler_mensual_eur_m2_p25_vivienda_colectiva,6.81818181818182
52,Melilla,2018,alquiler_mensual_eur_m2_p25_vivienda_unifamiliar,4.5530303030303
52,Melilla,2018,alquiler_mensual_eur_m2_p75_vivienda_colectiva,14.1994366197183
52,Melilla,2018,alquiler_mensual_eur_m2_p75_vivienda_unifamiliar,11.1693861693862
52,Melilla,2018,alquiler_mensual_total_eur_mediana_vivienda_colectiva,650.0
52,Melilla,2018,alquiler_mensual_total_eur_mediana_vivienda_unifamiliar,596.153333333333
52,Melilla,2018,alquiler_mensual_total_eur_p25_vivienda_colectiva,500.0
52,Melilla,2018,alquiler_mensual_total_eur_p25_vivienda_unifamiliar,400.0
52,Melilla,2018,alquiler_mensual_total_eur_p75_vivienda_colectiva,1093.14333333333
52,Melilla,2018,alquiler_mensual_total_eur_p75_vivienda_unifamiliar,1028.35625
52,Melilla,2018,observaciones_alquiler_vivienda_colectiva,1728.0
52,Melilla,2018,observaciones_alquiler_vivienda_unifamiliar,397.0
52,Melilla,2018,superficie_m2_mediana_vivienda_colectiva,73.0
52,Melilla,2018,superficie_m2_mediana_vivienda_unifamiliar,94.0
52,Melilla,2018,superficie_m2_p25_vivienda_colectiva,58.0
52,Melilla,2018,superficie_m2_p25_vivienda_unifamiliar,61.0
52,Melilla,2018,superficie_m2_p75_vivienda_colectiva,96.0
52,Melilla,2018,superficie_m2_p75_vivienda_unifamiliar,167.25
