poblacion_total_lag4;pct_18_34_lag4;pct_35_64_lag4;pct_65_mas_lag4;tamano_medio_hogar_lag4;pct_hogares_unipersonales_lag4;pct_poblacion_espanola_lag4;tasa_migracion_neta_exterior_por_1000_habitantes_lag4;salario_medio_anual_euros_total_lag8;tasa_actividad_pct_total_lag1;tasa_paro_pct_total_lag1;renta_neta_media_por_hogar_eur_lag8;indice_precios_consumo_base_2015_lag1;indice_costes_construccion_lag1;tipo_interes_prestamos_vivienda_pct_lag1;importe_medio_hipoteca_vivienda_eur_lag1;valor_tasado_m2_lag1;ipv_general_lag1;compraventas_por_1000_hab_lag1;pct_compraventas_vivienda_nueva_lag1;visados_obra_nueva_por_1000_hab_lag1;plazas_hoteleras_por_1000_hab_lag1;pernoctaciones_por_habitante_lag1;sen_trimestre;cos_trimestre;tendencia_temporal;prov_Albacete;prov_Alicante/Alacant;prov_Almería;prov_Araba/Álava;prov_Asturias;prov_Badajoz;prov_Balears, Illes;prov_Barcelona;prov_Bizkaia;prov_Burgos;prov_Cantabria;prov_Castellón/Castelló;prov_Ceuta;prov_Ciudad Real;prov_Coruña, A;prov_Cuenca;prov_Cáceres;prov_Cádiz;prov_Córdoba;prov_Gipuzkoa;prov_Girona;prov_Granada;prov_Guadalajara;prov_Huelva;prov_Huesca;prov_Jaén;prov_León;prov_Lleida;prov_Lugo;prov_Madrid;prov_Melilla;prov_Murcia;prov_Málaga;prov_Navarra;prov_Ourense;prov_Palencia;prov_Palmas, Las;prov_Pontevedra;prov_Rioja, La;prov_Salamanca;prov_Santa Cruz de Tenerife;prov_Segovia;prov_Sevilla;prov_Soria;prov_Tarragona;prov_Teruel;prov_Toledo;prov_Valencia/València;prov_Valladolid;prov_Zamora;prov_Zaragoza;prov_Ávila;provincia;trimestre;periodo;periodo_objetivo;persistencia
387529,0;18,823;41,02;23,535;2,5;30,5;91,8;8,28;19680,0;57,42;12,09;30908,0;123,44;117,607;4,03;105914,66;984,3;84,707;2,152;25,54;0,4;15,646;0,492;1,0;6,123233995736766e-17;36;True;False;False;False;False;False;False;False;False;False;False;False;False;False;False;False;False;False;False;False;False;False;False;False;False;False;False;False;False;False;False;False;False;False;False;False;False;False;False;False;False;False;False;False;False;False;False;False;False;False;False;False;Albacete;1;2024T1;2025T1;4,51
387529,0;18,823;41,02;23,535;2,5;30,5;91,8;8,28;19680,0;55,77;13,23;30908,0;123,63;113,317;3,693;99133,94;1004,9;86,38;2,336;21,89;0,858;14,361;0,368;1,2246467991473532e-16;-1,0;37;True;False;False;False;False;False;False;False;False;False;False;False;False;False;False;False;False;False;False;False;False;False;False;False;False;False;False;False;False;False;False;False;False;False;False;False;False;False;False;False;False;False;False;False;False;False;False;False;False;False;False;False;Albacete;2;2024T2;2025T2;4,623
387529,0;18,823;41,02;23,535;2,5;30,5;91,8;8,28;19680,0;56,4;10,74;30908,0;125,74;117,41;3,55;93165,25;1006,5;89,16;2,442;16,21;0,401;16,715;0,57;-1,0;-1,8369701987210297e-16;38;True;False;False;False;False;False;False;False;False;False;False;False;False;False;False;False;False;False;False;False;False;False;False;False;False;False;False;False;False;False;False;False;False;False;False;False;False;False;False;False;False;False;False;False;False;False;False;False;False;False;False;False;Albacete;3;2024T3;2025T3;4,692
387529,0;18,823;41,02;23,535;2,5;30,5;91,8;8,28;19680,0;57,35;9,92;30908,0;124,93;114,163;3,45;103397,32;1003,7;91,033;2,539;19,23;0,625;16,534;0,646;-2,4492935982947064e-16;1,0;39;True;False;False;False;False;False;False;False;False;False;False;False;False;False;False;False;False;False;False;False;False;False;False;False;False;False;False;False;False;False;False;False;False;False;False;False;False;False;False;False;False;False;False;False;False;False;False;False;False;False;False;False;Albacete;4;2024T4;2025T4;4,619
1955268,0;17,908;41,64;23,444;2,5;29,5;76,9;19,89;19112,0;58,64;13,33;28965,0;121,71;117,607;4,03;112498,06;1532,3;82,063;5,443;14,6;0,865;36,87;1,878;1,0;6,123233995736766e-17;36;False;True;False;False;False;False;False;False;False;False;False;False;False;False;False;False;False;False;False;False;False;False;False;False;False;False;False;False;False;False;False;False;False;False;False;False;False;False;False;False;False;False;False;False;False;False;False;False;False;False;False;False;Alicante/Alacant;1;2024T1;2025T1;6,586
1955268,0;17,908;41,64;23,444;2,5;29,5;76,9;19,89;19112,0;56,16;14,37;28965,0;122,17;113,317;3,693;110229,67;1560,4;84,149;6,421;16,86;0,878;33,816;1,667;1,2246467991473532e-16;-1,0;37;False;True;False;False;False;False;False;False;False;False;False;False;False;False;False;False;False;False;False;False;False;False;False;False;False;False;False;False;False;False;False;False;False;False;False;False;False;False;False;False;False;False;False;False;False;False;False;False;False;False;False;False;Alicante/Alacant;2;2024T2;2025T2;6,729
1955268,0;17,908;41,64;23,444;2,5;29,5;76,9;19,89;19112,0;57,33;13,11;28965,0;124,19;117,41;3,55;109674,13;1559,9;87,789;5,882;19,61;1,451;40,135;2,561;-1,0;-1,8369701987210297e-16;38;False;True;False;False;False;False;False;False;False;False;False;False;False;False;False;False;False;False;False;False;False;False;False;False;False;False;False;False;False;False;False;False;False;False;False;False;False;False;False;False;False;False;False;False;False;False;False;False;False;False;False;False;Alicante/Alacant;3;2024T3;2025T3;6,797
1955268,0;17,908;41,64;23,444;2,5;29,5;76,9;19,89;19112,0;56,8;13,77;28965,0;123,85;114,163;3,45;114542,0;1608,0;90,21;7,049;18,67;1,169;41,486;3,109;-2,4492935982947064e-16;1,0;39;False;True;False;False;False;False;False;False;False;False;False;False;False;False;False;False;False;False;False;False;False;False;False;False;False;False;False;False;False;False;False;False;False;False;False;False;False;False;False;False;False;False;False;False;False;False;False;False;False;False;False;False;Alicante/Alacant;4;2024T4;2025T4;6,782
753364,0;20,56;42,21;17,636;2,6;28,9;78,0;9,4;16962,0;59,17;14,58;28442,0;121,38;117,607;4,03;96611,44;1205,7;81,449;4,087;22,96;0,299;23,752;0,738;1,0;6,123233995736766e-17;36;False;False;True;False;False;False;False;False;False;False;False;False;False;False;False;False;False;False;False;False;False;False;False;False;False;False;False;False;False;False;False;False;False;False;False;False;False;False;False;False;False;False;False;False;False;False;False;False;False;False;False;False;Almería;1;2024T1;2025T1;6,847
753364,0;20,56;42,21;17,636;2,6;28,9;78,0;9,4;16962,0;62,58;15,9;28442,0;121,65;113,317;3,693;91330,37;1218,1;83,656;4,101;23,39;0,581;23,242;0,719;1,2246467991473532e-16;-1,0;37;False;False;True;False;False;False;False;False;False;False;False;False;False;False;False;False;False;False;False;False;False;False;False;False;False;False;False;False;False;False;False;False;False;False;False;False;False;False;False;False;False;False;False;False;False;False;False;False;False;False;False;False;Almería;2;2024T2;2025T2;7,012
753364,0;20,56;42,21;17,636;2,6;28,9;78,0;9,4;16962,0;59,77;14,19;28442,0;123,41;117,41;3,55;102350,99;1240,8;87,224;4,481;22,17;1,018;47,463;1,938;-1,0;-1,8369701987210297e-16;38;False;False;True;False;False;False;False;False;False;False;False;False;False;False;False;False;False;False;False;False;False;False;False;False;False;False;False;False;False;False;False;False;False;False;False;False;False;False;False;False;False;False;False;False;False;False;False;False;False;False;False;False;Almería;3;2024T3;2025T3;7,126
753364,0;20,56;42,21;17,636;2,6;28,9;78,0;9,4;16962,0;58,68;16,22;28442,0;122,68;114,163;3,45;93871,59;1241,6;90,574;4,995;21,84;0,971;55,845;3,361;-2,4492935982947064e-16;1,0;39;False;False;True;False;False;False;False;False;False;False;False;False;False;False;False;False;False;False;False;False;False;False;False;False;False;False;False;False;False;False;False;False;False;False;False;False;False;False;False;False;False;False;False;False;False;False;False;False;False;False;False;False;Almería;4;2024T4;2025T4;7,118
336308,0;16,295;40,92;25,846;2,4;32,4;89,3;8,89;32799,0;56,43;5,26;38586,0;120,31;117,607;4,03;138360,77;2108,4;82,719;1,882;19,27;1,047;14,75;0,683;1,0;6,123233995736766e-17;36;False;False;False;True;False;False;False;False;False;False;False;False;False;False;False;False;False;False;False;False;False;False;False;False;False;False;False;False;False;False;False;False;False;False;False;False;False;False;False;False;False;False;False;False;False;False;False;False;False;False;False;False;Araba/Álava;1;2024T1;2025T1;6,236
336308,0;16,295;40,92;25,846;2,4;32,4;89,3;8,89;32799,0;57,13;8,8;38586,0;120,75;113,317;3,693;144308,15;2095,7;85,5;2,454;20,1;1,35;13,784;0,589;1,2246467991473532e-16;-1,0;37;False;False;False;True;False;False;False;False;False;False;False;False;False;False;False;False;False;False;False;False;False;False;False;False;False;False;False;False;False;False;False;False;False;False;False;False;False;False;False;False;False;False;False;False;False;False;False;False;False;False;False;False;Araba/Álava;2;2024T2;2025T2;6,331
336308,0;16,295;40,92;25,846;2,4;32,4;89,3;8,89;32799,0;56,96;8,28;38586,0;123,07;117,41;3,55;133801,68;2112,0;88,46;2,564;38,02;0,307;14,515;0,726;-1,0;-1,8369701987210297e-16;38;False;False;False;True;False;False;False;False;False;False;False;False;False;False;False;False;False;False;False;False;False;False;False;False;False;False;False;False;False;False;False;False;False;False;False;False;False;False;False;False;False;False;False;False;False;False;False;False;False;False;False;False;Araba/Álava;3;2024T3;2025T3;6,47
336308,0;16,295;40,92;25,846;2,4;32,4;89,3;8,89;32799,0;56,28;9,4;38586,0;122,64;114,163;3,45;143331,62;2141,4;91,022;3,119;36,36;1,226;14,891;0,93;-2,4492935982947064e-16;1,0;39;False;False;False;True;False;False;False;False;False;False;False;False;False;False;False;False;False;False;False;False;False;False;False;False;False;False;False;False;False;False;False;False;False;False;False;False;False;False;False;False;False;False;False;False;False;False;False;False;False;False;False;False;Araba/Álava;4;2024T4;2025T4;6,369
1006060,0;13,857;40,82;32,585;2,2;34,4;94,1;9,12;23405,0;50,05;11,62;33242,0;120,27;117,607;4,03;111395,44;1347,2;82,013;2,913;17,33;0,778;21,403;0,747;1,0;6,123233995736766e-17;36;False;False;False;False;True;False;False;False;False;False;False;False;False;False;False;False;False;False;False;False;False;False;False;False;False;False;False;False;False;False;False;False;False;False;False;False;False;False;False;False;False;False;False;False;False;False;False;False;False;False;False;False;Asturias;1;2024T1;2025T1;5,369
1006060,0;13,857;40,82;32,585;2,2;34,4;94,1;9,12;23405,0;50,81;11,4;33242,0;120,99;113,317;3,693;113672,62;1362,8;84,06;3,154;19,22;0,917;19,159;0,58;1,2246467991473532e-16;-1,0;37;False;False;False;False;True;False;False;False;False;False;False;False;False;False;False;False;False;False;False;False;False;False;False;False;False;False;False;False;False;False;False;False;False;False;False;False;False;False;False;False;False;False;False;False;False;False;False;False;False;False;False;False;Asturias;2;2024T2;2025T2;5,502
1006060,0;13,857;40,82;32,585;2,2;34,4;94,1;9,12;23405,0;50,7;11,79;33242,0;122,97;117,41;3,55;101461,11;1400,4;87,358;3,155;16,83;0,962;25,96;0,991;-1,0;-1,8369701987210297e-16;38;False;False;False;False;True;False;False;False;False;False;False;False;False;False;False;False;False;False;False;False;False;False;False;False;False;False;False;False;False;False;False;False;False;False;False;False;False;False;False;False;False;False;False;False;False;False;False;False;False;False;False;False;Asturias;3;2024T3;2025T3;5,535
1006060,0;13,857;40,82;32,585;2,2;34,4;94,1;9,12;23405,0;51,94;9,26;33242,0;122,91;114,163;3,45;110003,64;1435,8;89,334;3,747;23,31;1,08;28,327;1,705;-2,4492935982947064e-16;1,0;39;False;False;False;False;True;False;False;False;False;False;False;False;False;False;False;False;False;False;False;False;False;False;False;False;False;False;False;False;False;False;False;False;False;False;False;False;False;False;False;False;False;False;False;False;False;False;False;False;False;False;False;False;Asturias;4;2024T4;2025T4;5,513
666049,0;18,571;40,79;23,998;2,4;29,9;96,2;4,45;17040,0;56,49;17,6;27243,0;122,38;117,607;4,03;85502,08;908,4;83,711;2,179;11,23;0,586;12,749;0,446;1,0;6,123233995736766e-17;36;False;False;False;False;False;True;False;False;False;False;False;False;False;False;False;False;False;False;False;False;False;False;False;False;False;False;False;False;False;False;False;False;False;False;False;False;False;False;False;False;False;False;False;False;False;False;False;False;False;False;False;False;Badajoz;1;2024T1;2025T1;4,64
666049,0;18,571;40,79;23,998;2,4;29,9;96,2;4,45;17040,0;56,23;17,6;27243,0;122,73;113,317;3,693;92203,25;920,4;85,534;2,147;6,85;0,842;12,431;0,396;1,2246467991473532e-16;-1,0;37;False;False;False;False;False;True;False;False;False;False;False;False;False;False;False;False;False;False;False;False;False;False;False;False;False;False;False;False;False;False;False;False;False;False;False;False;False;False;False;False;False;False;False;False;False;False;False;False;False;False;False;False;Badajoz;2;2024T2;2025T2;4,746
666049,0;18,571;40,79;23,998;2,4;29,9;96,2;4,45;17040,0;56,77;15,94;27243,0;124,82;117,41;3,55;84318,76;924,8;88,52;2,444;13,39;0,616;13,497;0,533;-1,0;-1,8369701987210297e-16;38;False;False;False;False;False;True;False;False;False;False;False;False;False;False;False;False;False;False;False;False;False;False;False;False;False;False;False;False;False;False;False;False;False;False;False;False;False;False;False;False;False;False;False;False;False;False;False;False;False;False;False;False;Badajoz;3;2024T3;2025T3;4,809
666049,0;18,571;40,79;23,998;2,4;29,9;96,2;4,45;17040,0;57,2;13,51;27243,0;123,95;114,163;3,45;89314,55;925,5;90,78;2,643;12,33;0,922;13,762;0,599;-2,4492935982947064e-16;1,0;39;False;False;False;False;False;True;False;False;False;False;False;False;False;False;False;False;False;False;False;False;False;False;False;False;False;False;False;False;False;False;False;False;False;False;False;False;False;False;False;False;False;False;False;False;False;False;False;False;False;False;False;False;Badajoz;4;2024T4;2025T4;4,745
1209906,0;20,622;43,5;18,785;2,7;27,5;79,3;15,6;21765,0;60,93;11,16;40597,0;121,43;117,607;4,03;235487,35;2957,7;84,691;2,621;19,05;1,489;98,631;5,839;1,0;6,123233995736766e-17;36;False;False;False;False;False;False;True;False;False;False;False;False;False;False;False;False;False;False;False;False;False;False;False;False;False;False;False;False;False;False;False;False;False;False;False;False;False;False;False;False;False;False;False;False;False;False;False;False;False;False;False;False;Balears, Illes;1;2024T1;2025T1;10,904
1209906,0;20,622;43,5;18,785;2,7;27,5;79,3;15,6;21765,0;61,47;15,48;40597,0;121,82;113,317;3,693;225304,17;3034,3;86,24;2,587;19,49;1,22;43,372;2,021;1,2246467991473532e-16;-1,0;37;False;False;False;False;False;False;True;False;False;False;False;False;False;False;False;False;False;False;False;False;False;False;False;False;False;False;False;False;False;False;False;False;False;False;False;False;False;False;False;False;False;False;False;False;False;False;False;False;False;False;False;False;Balears, Illes;2;2024T2;2025T2;11,224
1209906,0;20,622;43,5;18,785;2,7;27,5;79,3;15,6;21765,0;65,35;7,95;40597,0;124,4;117,41;3,55;238732,01;3108,7;88,257;2,784;19,66;1,112;245,364;17,122;-1,0;-1,8369701987210297e-16;38;False;False;False;False;False;False;True;False;False;False;False;False;False;False;False;False;False;False;False;False;False;False;False;False;False;False;False;False;False;False;False;False;False;False;False;False;False;False;False;False;False;False;False;False;False;False;False;False;False;False;False;False;Balears, Illes;3;2024T3;2025T3;11,439
1209906,0;20,622;43,5;18,785;2,7;27,5;79,3;15,6;21765,0;67,16;6,17;40597,0;124,57;114,163;3,45;259392,53;3208,4;90,726;2,864;18,59;0,957;306,692;25,735;-2,4492935982947064e-16;1,0;39;False;False;False;False;False;False;True;False;False;False;False;False;False;False;False;False;False;False;False;False;False;False;False;False;False;False;False;False;False;False;False;False;False;False;False;False;False;False;False;False;False;False;False;False;False;False;False;False;False;False;False;False;Balears, Illes;4;2024T4;2025T4;11,31
5797356,0;19,711;40,44;22,645;2,6;27,0;83,6;16,75;26736,0;63,02;8,64;41594,0;120,89;117,607;4,03;173616,33;2614,6;84,193;2,226;18,92;0,67;22,48;1,236;1,0;6,123233995736766e-17;36;False;False;False;False;False;False;False;True;False;False;False;False;False;False;False;False;False;False;False;False;False;False;False;False;False;False;False;False;False;False;False;False;False;False;False;False;False;False;False;False;False;False;False;False;False;False;False;False;False;False;False;False;Barcelona;1;2024T1;2025T1;8,469
5797356,0;19,711;40,44;22,645;2,6;27,0;83,6;16,75;26736,0;62,27;8,67;41594,0;121,66;113,317;3,693;171705,61;2645,6;86,345;2,673;17,94;0,677;21,333;1,089;1,2246467991473532e-16;-1,0;37;False;False;False;False;False;False;False;True;False;False;False;False;False;False;False;False;False;False;False;False;False;False;False;False;False;False;False;False;False;False;False;False;False;False;False;False;False;False;False;False;False;False;False;False;False;False;False;False;False;False;False;False;Barcelona;2;2024T2;2025T2;8,641
5797356,0;19,711;40,44;22,645;2,6;27,0;83,6;16,75;26736,0;62,22;8,95;41594,0;123,83;117,41;3,55;173044,02;2668,2;88,741;2,441;17,81;0,566;26,058;1,659;-1,0;-1,8369701987210297e-16;38;False;False;False;False;False;False;False;True;False;False;False;False;False;False;False;False;False;False;False;False;False;False;False;False;False;False;False;False;False;False;False;False;False;False;False;False;False;False;False;False;False;False;False;False;False;False;False;False;False;False;False;False;Barcelona;3;2024T3;2025T3;8,826
5797356,0;19,711;40,44;22,645;2,6;27,0;83,6;16,75;26736,0;62,48;8,78;41594,0;123,74;114,163;3,45;180715,43;2690,5;91,222;2,815;19,06;0,573;27,413;1,92;-2,4492935982947064e-16;1,0;39;False;False;False;False;False;False;False;True;False;False;False;False;False;False;False;False;False;False;False;False;False;False;False;False;False;False;False;False;False;False;False;False;False;False;False;False;False;False;False;False;False;False;False;False;False;False;False;False;False;False;False;False;Barcelona;4;2024T4;2025T4;8,717
1153282,0;16,302;40,32;28,256;2,4;30,6;91,0;9,35;32055,0;58,49;6,68;40694,0;122,13;117,607;4,03;146473,42;2498,1;82,719;1,943;13,88;0,306;13,156;0,627;1,0;6,123233995736766e-17;36;False;False;False;False;False;False;False;False;True;False;False;False;False;False;False;False;False;False;False;False;False;False;False;False;False;False;False;False;False;False;False;False;False;False;False;False;False;False;False;False;False;False;False;False;False;False;False;False;False;False;False;False;Bizkaia;1;2024T1;2025T1;7,626
1153282,0;16,302;40,32;28,256;2,4;30,6;91,0;9,35;32055,0;57,78;8,68;40694,0;122,93;113,317;3,693;155006,57;2495,8;85,5;2,339;17,0;0,625;12,586;0,516;1,2246467991473532e-16;-1,0;37;False;False;False;False;False;False;False;False;True;False;False;False;False;False;False;False;False;False;False;False;False;False;False;False;False;False;False;False;False;False;False;False;False;False;False;False;False;False;False;False;False;False;False;False;False;False;False;False;False;False;False;False;Bizkaia;2;2024T2;2025T2;7,743
1153282,0;16,302;40,32;28,256;2,4;30,6;91,0;9,35;32055,0;58,32;8,88;40694,0;125,22;117,41;3,55;152062,76;2546,0;88,46;2,415;15,11;0,572;13,663;0,736;-1,0;-1,8369701987210297e-16;38;False;False;False;False;False;False;False;False;True;False;False;False;False;False;False;False;False;False;False;False;False;False;False;False;False;False;False;False;False;False;False;False;False;False;False;False;False;False;False;False;False;False;False;False;False;False;False;False;False;False;False;False;Bizkaia;3;2024T3;2025T3;7,912
1153282,0;16,302;40,32;28,256;2,4;30,6;91,0;9,35;32055,0;56,83;8,08;40694,0;125,14;114,163;3,45;169109,72;2512,4;91,022;2,991;22,12;0,791;13,991;0,932;-2,4492935982947064e-16;1,0;39;False;False;False;False;False;False;False;False;True;False;False;False;False;False;False;False;False;False;False;False;False;False;False;False;False;False;False;False;False;False;False;False;False;False;False;False;False;False;False;False;False;False;False;False;False;False;False;False;False;False;False;False;Bizkaia;4;2024T4;2025T4;7,79
357370,0;15,922;39,09;29,938;2,3;36,5;90,3;11,17;23002,0;57,25;8,18;34530,0;121,65;117,607;4,03;107382,82;1169,3;82,077;2,661;15,46;0,921;23,587;0,89;1,0;6,123233995736766e-17;36;False;False;False;False;False;False;False;False;False;True;False;False;False;False;False;False;False;False;False;False;False;False;False;False;False;False;False;False;False;False;False;False;False;False;False;False;False;False;False;False;False;False;False;False;False;False;False;False;False;False;False;False;Burgos;1;2024T1;2025T1;4,941
357370,0;15,922;39,09;29,938;2,3;36,5;90,3;11,17;23002,0;57,25;8,24;34530,0;122,17;113,317;3,693;115730,39;1193,9;84,235;3,091;21,85;1,445;22,071;0,713;1,2246467991473532e-16;-1,0;37;False;False;False;False;False;False;False;False;False;True;False;False;False;False;False;False;False;False;False;False;False;False;False;False;False;False;False;False;False;False;False;False;False;False;False;False;False;False;False;False;False;False;False;False;False;False;False;False;False;False;False;False;Burgos;2;2024T2;2025T2;5,043
357370,0;15,922;39,09;29,938;2,3;36,5;90,3;11,17;23002,0;55,99;6,65;34530,0;124,11;117,41;3,55;103706,65;1205,5;87,058;3,222;17,86;0,634;24,394;1,063;-1,0;-1,8369701987210297e-16;38;False;False;False;False;False;False;False;False;False;True;False;False;False;False;False;False;False;False;False;False;False;False;False;False;False;False;False;False;False;False;False;False;False;False;False;False;False;False;False;False;False;False;False;False;False;False;False;False;False;False;False;False;Burgos;3;2024T3;2025T3;5,119
357370,0;15,922;39,09;29,938;2,3;36,5;90,3;11,17;23002,0;57,69;6,47;34530,0;123,34;114,163;3,45;103130,98;1179,8;88,944;4,011;19,47;0,503;24,601;1,348;-2,4492935982947064e-16;1,0;39;False;False;False;False;False;False;False;False;False;True;False;False;False;False;False;False;False;False;False;False;False;False;False;False;False;False;False;False;False;False;False;False;False;False;False;False;False;False;False;False;False;False;False;False;False;False;False;False;False;False;False;False;Burgos;4;2024T4;2025T4;5,051
588387,0;15,667;41,6;27,571;2,4;31,4;92,6;8,51;22036,0;54,45;7,39;34461,0;121,59;117,607;4,03;116611,78;1572,3;82,65;2,99;15,58;0,795;22,819;0,823;1,0;6,123233995736766e-17;36;False;False;False;False;False;False;False;False;False;False;True;False;False;False;False;False;False;False;False;False;False;False;False;False;False;False;False;False;False;False;False;False;False;False;False;False;False;False;False;False;False;False;False;False;False;False;False;False;False;False;False;False;Cantabria;1;2024T1;2025T1;7,123
588387,0;15,667;41,6;27,571;2,4;31,4;92,6;8,51;22036,0;55,8;7,53;34461,0;122,05;113,317;3,693;122117,48;1612,2;85,639;3,806;16,36;0,633;20,107;0,634;1,2246467991473532e-16;-1,0;37;False;False;False;False;False;False;False;False;False;False;True;False;False;False;False;False;False;False;False;False;False;False;False;False;False;False;False;False;False;False;False;False;False;False;False;False;False;False;False;False;False;False;False;False;False;False;False;False;False;False;False;False;Cantabria;2;2024T2;2025T2;7,297
588387,0;15,667;41,6;27,571;2,4;31,4;92,6;8,51;22036,0;55,53;8,46;34461,0;123,92;117,41;3,55;117435,56;1626,5;88,536;3,442;15,09;1,406;32,64;1,32;-1,0;-1,8369701987210297e-16;38;False;False;False;False;False;False;False;False;False;False;True;False;False;False;False;False;False;False;False;False;False;False;False;False;False;False;False;False;False;False;False;False;False;False;False;False;False;False;False;False;False;False;False;False;False;False;False;False;False;False;False;False;Cantabria;3;2024T3;2025T3;7,411
588387,0;15,667;41,6;27,571;2,4;31,4;92,6;8,51;22036,0;56,9;7,17;34461,0;123,64;114,163;3,45;121711,43;1679,2;91,1;3,976;14,64;0,983;38,314;2,304;-2,4492935982947064e-16;1,0;39;False;False;False;False;False;False;False;False;False;False;True;False;False;False;False;False;False;False;False;False;False;False;False;False;False;False;False;False;False;False;False;False;False;False;False;False;False;False;False;False;False;False;False;False;False;False;False;False;False;False;False;False;Cantabria;4;2024T4;2025T4;7,43
604086,0;17,88;41,72;23,053;2,4;31,0;82,5;16,15;21506,0;55,08;15,0;32694,0;122,8;117,607;4,03;86655,04;1129,2;82,063;3,832;19,52;0,29;20,678;0,749;1,0;6,123233995736766e-17;36;False;False;False;False;False;False;False;False;False;False;False;True;False;False;False;False;False;False;False;False;False;False;False;False;False;False;False;False;False;False;False;False;False;False;False;False;False;False;False;False;False;False;False;False;False;False;False;False;False;False;False;False;Castellón/Castelló;1;2024T1;2025T1;5,01
604086,0;17,88;41,72;23,053;2,4;31,0;82,5;16,15;21506,0;57,46;16,35;32694,0;123,34;113,317;3,693;86023,42;1149,1;84,149;4,849;19,68;0,81;19,122;0,672;1,2246467991473532e-16;-1,0;37;False;False;False;False;False;False;False;False;False;False;False;True;False;False;False;False;False;False;False;False;False;False;False;False;False;False;False;False;False;False;False;False;False;False;False;False;False;False;False;False;False;False;False;False;False;False;False;False;False;False;False;False;Castellón/Castelló;2;2024T2;2025T2;5,119
604086,0;17,88;41,72;23,053;2,4;31,0;82,5;16,15;21506,0;58,64;12,36;32694,0;125,02;117,41;3,55;90069,82;1147,7;87,789;4,573;22,72;0,657;36,303;1,615;-1,0;-1,8369701987210297e-16;38;False;False;False;False;False;False;False;False;False;False;False;True;False;False;False;False;False;False;False;False;False;False;False;False;False;False;False;False;False;False;False;False;False;False;False;False;False;False;False;False;False;False;False;False;False;False;False;False;False;False;False;False;Castellón/Castelló;3;2024T3;2025T3;5,171
604086,0;17,88;41,72;23,053;2,4;31,0;82,5;16,15;21506,0;60,52;13,06;32694,0;124,58;114,163;3,45;92364,54;1183,2;90,21;5,673;20,66;0,48;42,095;2,826;-2,4492935982947064e-16;1,0;39;False;False;False;False;False;False;False;False;False;False;False;True;False;False;False;False;False;False;False;False;False;False;False;False;False;False;False;False;False;False;False;False;False;False;False;False;False;False;False;False;False;False;False;False;False;False;False;False;False;False;False;False;Castellón/Castelló;4;2024T4;2025T4;5,159
83052,0;22,905;40,26;14,322;3,0;26,0;94,2;4,43;23841,0;59,89;32,66;42318,0;119,16;117,607;4,03;122000,0;1825,2;82,261;1,481;21,95;0,506;8,966;0,344;1,0;6,123233995736766e-17;36;False;False;False;False;False;False;False;False;False;False;False;False;True;False;False;False;False;False;False;False;False;False;False;False;False;False;False;False;False;False;False;False;False;False;False;False;False;False;False;False;False;False;False;False;False;False;False;False;False;False;False;False;Ceuta;1;2024T1;2025T1;8,701
83052,0;22,905;40,26;14,322;3,0;26,0;94,2;4,43;23841,0;59,54;28,99;42318,0;119,4;113,317;3,693;132034,78;1896,9;84,477;1,599;7,52;0,661;9,349;0,336;1,2246467991473532e-16;-1,0;37;False;False;False;False;False;False;False;False;False;False;False;False;True;False;False;False;False;False;False;False;False;False;False;False;False;False;False;False;False;False;False;False;False;False;False;False;False;False;False;False;False;False;False;False;False;False;False;False;False;False;False;False;Ceuta;2;2024T2;2025T2;8,79
83052,0;22,905;40,26;14,322;3,0;26,0;94,2;4,43;23841,0;61,99;29,55;42318,0;121,28;117,41;3,55;155972,48;1950,3;87,89;1,407;13,68;0,757;9,185;0,437;-1,0;-1,8369701987210297e-16;38;False;False;False;False;False;False;False;False;False;False;False;False;True;False;False;False;False;False;False;False;False;False;False;False;False;False;False;False;False;False;False;False;False;False;False;False;False;False;False;False;False;False;False;False;False;False;False;False;False;False;False;False;Ceuta;3;2024T3;2025T3;8,985
83052,0;22,905;40,26;14,322;3,0;26,0;94,2;4,43;23841,0;61,59;29,3;42318,0;120,39;114,163;3,45;124126,76;1957,2;88,71;1,563;10,77;0,565;9,197;0,489;-2,4492935982947064e-16;1,0;39;False;False;False;False;False;False;False;False;False;False;False;False;True;False;False;False;False;False;False;False;False;False;False;False;False;False;False;False;False;False;False;False;False;False;False;False;False;False;False;False;False;False;False;False;False;False;False;False;False;False;False;False;Ceuta;4;2024T4;2025T4;9,144
491927,0;18,61;40,08;24,794;2,5;30,2;92,7;6,99;19438,0;54,81;15,78;29290,0;123,23;117,607;4,03;85597,1;712,5;84,707;2,387;12,01;0,339;13,009;0,355;1,0;6,123233995736766e-17;36;False;False;False;False;False;False;False;False;False;False;False;False;False;True;False;False;False;False;False;False;False;False;False;False;False;False;False;False;False;False;False;False;False;False;False;False;False;False;False;False;False;False;False;False;False;False;False;False;False;False;False;False;Ciudad Real;1;2024T1;2025T1;3,732
491927,0;18,61;40,08;24,794;2,5;30,2;92,7;6,99;19438,0;54,25;17,63;29290,0;123,87;113,317;3,693;72760,87;724,0;86,38;2,95;18,09;0,426;12,945;0,306;1,2246467991473532e-16;-1,0;37;False;False;False;False;False;False;False;False;False;False;False;False;False;True;False;False;False;False;False;False;False;False;False;False;False;False;False;False;False;False;False;False;False;False;False;False;False;False;False;False;False;False;False;False;False;False;False;False;False;False;False;False;Ciudad Real;2;2024T2;2025T2;3,826
491927,0;18,61;40,08;24,794;2,5;30,2;92,7;6,99;19438,0;55,55;17,84;29290,0;125,88;117,41;3,55;78304,66;724,2;89,16;2,814;16,65;0,566;14,341;0,423;-1,0;-1,8369701987210297e-16;38;False;False;False;False;False;False;False;False;False;False;False;False;False;True;False;False;False;False;False;False;False;False;False;False;False;False;False;False;False;False;False;False;False;False;False;False;False;False;False;False;False;False;False;False;False;False;False;False;False;False;False;False;Ciudad Real;3;2024T3;2025T3;3,883
491927,0;18,61;40,08;24,794;2,5;30,2;92,7;6,99;19438,0;56,51;16,6;29290,0;124,65;114,163;3,45;80287,42;713,0;91,033;3,43;17,92;0,82;13,868;0,409;-2,4492935982947064e-16;1,0;39;False;False;False;False;False;False;False;False;False;False;False;False;False;True;False;False;False;False;False;False;False;False;False;False;False;False;False;False;False;False;False;False;False;False;False;False;False;False;False;False;False;False;False;False;False;False;False;False;False;False;False;False;Ciudad Real;4;2024T4;2025T4;3,823
1123884,0;15,124;40,22;30,581;2,4;30,8;94,7;8,98;23456,0;53,26;8,44;34683,0;121,96;117,607;4,03;110685,16;1360,1;82,611;1,947;24,18;0,4;21,386;0,739;1,0;6,123233995736766e-17;36;False;False;False;False;False;False;False;False;False;False;False;False;False;False;True;False;False;False;False;False;False;False;False;False;False;False;False;False;False;False;False;False;False;False;False;False;False;False;False;False;False;False;False;False;False;False;False;False;False;False;False;False;Coruña, A;1;2024T1;2025T1;5,118
1123884,0;15,124;40,22;30,581;2,4;30,8;94,7;8,98;23456,0;53,65;9,15;34683,0;122,53;113,317;3,693;115299,72;1386,7;85,008;2,276;21,38;0,474;18,446;0,513;1,2246467991473532e-16;-1,0;37;False;False;False;False;False;False;False;False;False;False;False;False;False;False;True;False;False;False;False;False;False;False;False;False;False;False;False;False;False;False;False;False;False;False;False;False;False;False;False;False;False;False;False;False;False;False;False;False;False;False;False;False;Coruña, A;2;2024T2;2025T2;5,22
1123884,0;15,124;40,22;30,581;2,4;30,8;94,7;8,98;23456,0;52,86;7,74;34683,0;124,64;117,41;3,55;120404,69;1398,6;87,831;2,043;23,47;0,945;23,175;1,002;-1,0;-1,8369701987210297e-16;38;False;False;False;False;False;False;False;False;False;False;False;False;False;False;True;False;False;False;False;False;False;False;False;False;False;False;False;False;False;False;False;False;False;False;False;False;False;False;False;False;False;False;False;False;False;False;False;False;False;False;False;False;Coruña, A;3;2024T3;2025T3;5,255
1123884,0;15,124;40,22;30,581;2,4;30,8;94,7;8,98;23456,0;53,26;7,77;34683,0;124,16;114,163;3,45;126486,16;1445,3;90,172;2,673;26,66;0,625;23,888;1,373;-2,4492935982947064e-16;1,0;39;False;False;False;False;False;False;False;False;False;False;False;False;False;False;True;False;False;False;False;False;False;False;False;False;False;False;False;False;False;False;False;False;False;False;False;False;False;False;False;False;False;False;False;False;False;False;False;False;False;False;False;False;Coruña, A;4;2024T4;2025T4;5,224
198436,0;18,43;38,62;28,095;2,4;33,8;86,3;12,76;18728,0;56,36;11,3;29064,0;123,63;117,607;4,03;76853,98;779,1;84,707;2,379;6,14;0,484;25,738;0,695;1,0;6,123233995736766e-17;36;False;False;False;False;False;False;False;False;False;False;False;False;False;False;False;True;False;False;False;False;False;False;False;False;False;False;False;False;False;False;False;False;False;False;False;False;False;False;False;False;False;False;False;False;False;False;False;False;False;False;False;False;Cuenca;1;2024T1;2025T1;3,966
198436,0;18,43;38,62;28,095;2,4;33,8;86,3;12,76;18728,0;58,73;14,74;29064,0;124,19;113,317;3,693;87670,33;776,7;86,38;2,156;3,26;1,517;23,255;0,533;1,2246467991473532e-16;-1,0;37;False;False;False;False;False;False;False;False;False;False;False;False;False;False;False;True;False;False;False;False;False;False;False;False;False;False;False;False;False;False;False;False;False;False;False;False;False;False;False;False;False;False;False;False;False;False;False;False;False;False;False;False;Cuenca;2;2024T2;2025T2;4,065
198436,0;18,43;38,62;28,095;2,4;33,8;86,3;12,76;18728,0;57,1;11,33;29064,0;125,7;117,41;3,55;91547,1;771,1;89,16;2,633;3,05;1,256;25,632;0,778;-1,0;-1,8369701987210297e-16;38;False;False;False;False;False;False;False;False;False;False;False;False;False;False;False;True;False;False;False;False;False;False;False;False;False;False;False;False;False;False;False;False;False;False;False;False;False;False;False;False;False;False;False;False;False;False;False;False;False;False;False;False;Cuenca;3;2024T3;2025T3;4,126
198436,0;18,43;38,62;28,095;2,4;33,8;86,3;12,76;18728,0;57,85;9,62;29064,0;125,11;114,163;3,45;110938,39;798,5;91,033;2,758;11,48;0,538;25,874;0,786;-2,4492935982947064e-16;1,0;39;False;False;False;False;False;False;False;False;False;False;False;False;False;False;False;True;False;False;False;False;False;False;False;False;False;False;False;False;False;False;False;False;False;False;False;False;False;False;False;False;False;False;False;False;False;False;False;False;False;False;False;False;Cuenca;4;2024T4;2025T4;4,062
388257,0;16,849;39,57;29,091;2,2;36,7;95,8;7,13;17811,0;53,22;13,79;26529,0;120,4;117,607;4,03;87282,12;849,7;83,711;2,388;18,88;0,796;23,251;0,74;1,0;6,123233995736766e-17;36;False;False;False;False;False;False;False;False;False;False;False;False;False;False;False;False;True;False;False;False;False;False;False;False;False;False;False;False;False;False;False;False;False;False;False;False;False;False;False;False;False;False;False;False;False;False;False;False;False;False;False;False;Cáceres;1;2024T1;2025T1;4,181
388257,0;16,849;39,57;29,091;2,2;36,7;95,8;7,13;17811,0;51,61;17,62;26529,0;121,11;113,317;3,693;103310,66;843,3;85,534;2,591;13,31;0,692;22,109;0,653;1,2246467991473532e-16;-1,0;37;False;False;False;False;False;False;False;False;False;False;False;False;False;False;False;False;True;False;False;False;False;False;False;False;False;False;False;False;False;False;False;False;False;False;False;False;False;False;False;False;False;False;False;False;False;False;False;False;False;False;False;False;Cáceres;2;2024T2;2025T2;4,276
388257,0;16,849;39,57;29,091;2,2;36,7;95,8;7,13;17811,0;51,81;14,4;26529,0;123,04;117,41;3,55;87250,63;862,9;88,52;2,488;14,06;0,865;24,208;0,931;-1,0;-1,8369701987210297e-16;38;False;False;False;False;False;False;False;False;False;False;False;False;False;False;False;False;True;False;False;False;False;False;False;False;False;False;False;False;False;False;False;False;False;False;False;False;False;False;False;False;False;False;False;False;False;False;False;False;False;False;False;False;Cáceres;3;2024T3;2025T3;4,334
388257,0;16,849;39,57;29,091;2,2;36,7;95,8;7,13;17811,0;51,97;14,31;26529,0;122,09;114,163;3,45;89370,88;868,9;90,78;2,936;10,34;1,058;24,166;0,987;-2,4492935982947064e-16;1,0;39;False;False;False;False;False;False;False;False;False;False;False;False;False;False;False;False;True;False;False;False;False;False;False;False;False;False;False;False;False;False;False;False;False;False;False;False;False;False;False;False;False;False;False;False;False;False;False;False;False;False;False;False;Cáceres;4;2024T4;2025T4;4,276
1254866,0;18,592;43,17;20,304;2,6;26,2;95,1;4,83;18988,0;53,72;20,74;30055,0;120,95;117,607;4,03;114951,78;1558,9;81,449;2,792;21,7;0,647;26,011;1,066;1,0;6,123233995736766e-17;36;False;False;False;False;False;False;False;False;False;False;False;False;False;False;False;False;False;True;False;False;False;False;False;False;False;False;False;False;False;False;False;False;False;False;False;False;False;False;False;False;False;False;False;False;False;False;False;False;False;False;False;False;Cádiz;1;2024T1;2025T1;7,321
1254866,0;18,592;43,17;20,304;2,6;26,2;95,1;4,83;18988,0;54,14;24,19;30055,0;121,28;113,317;3,693;117354,52;1597,2;83,656;3,077;26,26;0,504;22,348;0,786;1,2246467991473532e-16;-1,0;37;False;False;False;False;False;False;False;False;False;False;False;False;False;False;False;False;False;True;False;False;False;False;False;False;False;False;False;False;False;False;False;False;False;False;False;False;False;False;False;False;False;False;False;False;False;False;False;False;False;False;False;False;Cádiz;2;2024T2;2025T2;7,498
1254866,0;18,592;43,17;20,304;2,6;26,2;95,1;4,83;18988,0;55,14;20,6;30055,0;123,03;117,41;3,55;117406,49;1618,5;87,224;3,14;25,51;0,435;40,638;2,022;-1,0;-1,8369701987210297e-16;38;False;False;False;False;False;False;False;False;False;False;False;False;False;False;False;False;False;True;False;False;False;False;False;False;False;False;False;False;False;False;False;False;False;False;False;False;False;False;False;False;False;False;False;False;False;False;False;False;False;False;False;False;Cádiz;3;2024T3;2025T3;7,619
1254866,0;18,592;43,17;20,304;2,6;26,2;95,1;4,83;18988,0;56,17;18,13;30055,0;122,48;114,163;3,45;118571,43;1652,4;90,574;3,424;24,52;0,842;41,865;2,842;-2,4492935982947064e-16;1,0;39;False;False;False;False;False;False;False;False;False;False;False;False;False;False;False;False;False;True;False;False;False;False;False;False;False;False;False;False;False;False;False;False;False;False;False;False;False;False;False;False;False;False;False;False;False;False;False;False;False;False;False;False;Cádiz;4;2024T4;2025T4;7,611
775002,0;18,876;40,23;24,014;2,5;28,2;96,5;3,99;17580,0;55,93;15,5;29082,0;122,82;117,607;4,03;114841,46;1119,0;81,449;2,133;12,7;0,523;14,992;0,669;1,0;6,123233995736766e-17;36;False;False;False;False;False;False;False;False;False;False;False;False;False;False;False;False;False;False;True;False;False;False;False;False;False;False;False;False;False;False;False;False;False;False;False;False;False;False;False;False;False;False;False;False;False;False;False;False;False;False;False;False;Córdoba;1;2024T1;2025T1;7,003
775002,0;18,876;40,23;24,014;2,5;28,2;96,5;3,99;17580,0;56,96;14,67;29082,0;123,05;113,317;3,693;107567,63;1125,9;83,656;2,921;29,31;0,779;14,767;0,596;1,2246467991473532e-16;-1,0;37;False;False;False;False;False;False;False;False;False;False;False;False;False;False;False;False;False;False;True;False;False;False;False;False;False;False;False;False;False;False;False;False;False;False;False;False;False;False;False;False;False;False;False;False;False;False;False;False;False;False;False;False;Córdoba;2;2024T2;2025T2;7,173
775002,0;18,876;40,23;24,014;2,5;28,2;96,5;3,99;17580,0;56,53;17,54;29082,0;125,16;117,41;3,55;118306,31;1147,0;87,224;3,09;21,06;0,839;15,195;0,734;-1,0;-1,8369701987210297e-16;38;False;False;False;False;False;False;False;False;False;False;False;False;False;False;False;False;False;False;True;False;False;False;False;False;False;False;False;False;False;False;False;False;False;False;False;False;False;False;False;False;False;False;False;False;False;False;False;False;False;False;False;False;Córdoba;3;2024T3;2025T3;7,289
775002,0;18,876;40,23;24,014;2,5;28,2;96,5;3,99;17580,0;57,37;17,08;29082,0;124,32;114,163;3,45;100256,39;1127,6;90,574;3,163;17,93;0,732;14,125;0,588;-2,4492935982947064e-16;1,0;39;False;False;False;False;False;False;False;False;False;False;False;False;False;False;False;False;False;False;True;False;False;False;False;False;False;False;False;False;False;False;False;False;False;False;False;False;False;False;False;False;False;False;False;False;False;False;False;False;False;False;False;False;Córdoba;4;2024T4;2025T4;7,281
726712,0;17,024;39,29;27,315;2,4;32,2;90,6;8,53;32637,0;55,78;6,41;43392,0;121,91;117,607;4,03;169025,31;2902,8;82,719;1,825;18,25;1,061;16,924;0,851;1,0;6,123233995736766e-17;36;False;False;False;False;False;False;False;False;False;False;False;False;False;False;False;False;False;False;False;True;False;False;False;False;False;False;False;False;False;False;False;False;False;False;False;False;False;False;False;False;False;False;False;False;False;False;False;False;False;False;False;False;Gipuzkoa;1;2024T1;2025T1;8,49
726712,0;17,024;39,29;27,315;2,4;32,2;90,6;8,53;32637,0;53,84;8,16;43392,0;122,54;113,317;3,693;166959,28;2944,8;85,5;2,509;23,76;0,659;16,712;0,735;1,2246467991473532e-16;-1,0;37;False;False;False;False;False;False;False;False;False;False;False;False;False;False;False;False;False;False;False;True;False;False;False;False;False;False;False;False;False;False;False;False;False;False;False;False;False;False;False;False;False;False;False;False;False;False;False;False;False;False;False;False;Gipuzkoa;2;2024T2;2025T2;8,62
726712,0;17,024;39,29;27,315;2,4;32,2;90,6;8,53;32637,0;56,65;6,75;43392,0;124,72;117,41;3,55;154267,13;2993,3;88,46;2,028;10,41;0,584;18,377;1,083;-1,0;-1,8369701987210297e-16;38;False;False;False;False;False;False;False;False;False;False;False;False;False;False;False;False;False;False;False;True;False;False;False;False;False;False;False;False;False;False;False;False;False;False;False;False;False;False;False;False;False;False;False;False;False;False;False;False;False;False;False;False;Gipuzkoa;3;2024T3;2025T3;8,808
726712,0;17,024;39,29;27,315;2,4;32,2;90,6;8,53;32637,0;51,19;5,85;43392,0;124,8;114,163;3,45;175375,41;2916,3;91,022;2,67;10,99;0,348;18,999;1,387;-2,4492935982947064e-16;1,0;39;False;False;False;False;False;False;False;False;False;False;False;False;False;False;False;False;False;False;False;True;False;False;False;False;False;False;False;False;False;False;False;False;False;False;False;False;False;False;False;False;False;False;False;False;False;False;False;False;False;False;False;False;Gipuzkoa;4;2024T4;2025T4;8,671
808672,0;19,218;40,67;21,627;2,6;28,2;79,0;14,55;21836,0;59,37;9,29;37444,0;122,24;117,607;4,03;144439,45;1775,9;84,193;3,756;17,71;0,892;46,918;2,09;1,0;6,123233995736766e-17;36;False;False;False;False;False;False;False;False;False;False;False;False;False;False;False;False;False;False;False;False;True;False;False;False;False;False;False;False;False;False;False;False;False;False;False;False;False;False;False;False;False;False;False;False;False;False;False;False;False;False;False;False;Girona;1;2024T1;2025T1;7,917
808672,0;19,218;40,67;21,627;2,6;28,2;79,0;14,55;21836,0;61,03;12,47;37444,0;122,86;113,317;3,693;151572,41;1800,8;86,345;4,193;18,04;1,258;35,352;1,267;1,2246467991473532e-16;-1,0;37;False;False;False;False;False;False;False;False;False;False;False;False;False;False;False;False;False;False;False;False;True;False;False;False;False;False;False;False;False;False;False;False;False;False;False;False;False;False;False;False;False;False;False;False;False;False;False;False;False;False;False;False;Girona;2;2024T2;2025T2;8,078
808672,0;19,218;40,67;21,627;2,6;28,2;79,0;14,55;21836,0;62,11;10,05;37444,0;124,67;117,41;3,55;141094,76;1833,6;88,741;3,802;23,38;0,837;92,546;4,669;-1,0;-1,8369701987210297e-16;38;False;False;False;False;False;False;False;False;False;False;False;False;False;False;False;False;False;False;False;False;True;False;False;False;False;False;False;False;False;False;False;False;False;False;False;False;False;False;False;False;False;False;False;False;False;False;False;False;False;False;False;False;Girona;3;2024T3;2025T3;8,251
808672,0;19,218;40,67;21,627;2,6;28,2;79,0;14,55;21836,0;61,43;7,63;37444,0;124,51;114,163;3,45;150292,26;1828,1;91,222;4,358;22,75;1,027;106,418;7,62;-2,4492935982947064e-16;1,0;39;False;False;False;False;False;False;False;False;False;False;False;False;False;False;False;False;False;False;False;False;True;False;False;False;False;False;False;False;False;False;False;False;False;False;False;False;False;False;False;False;False;False;False;False;False;False;False;False;False;False;False;False;Girona;4;2024T4;2025T4;8,15
934072,0;19,547;41,16;21,905;2,4;31,5;91,5;7,27;18658,0;58,2;21,6;29113,0;122,0;117,607;4,03;106466,39;1281,1;81,449;2,875;19,74;0,668;31,186;1,379;1,0;6,123233995736766e-17;36;False;False;False;False;False;False;False;False;False;False;False;False;False;False;False;False;False;False;False;False;False;True;False;False;False;False;False;False;False;False;False;False;False;False;False;False;False;False;False;False;False;False;False;False;False;False;False;False;False;False;False;False;Granada;1;2024T1;2025T1;6,108
934072,0;19,547;41,16;21,905;2,4;31,5;91,5;7,27;18658,0;56,98;22,41;29113,0;122,32;113,317;3,693;107687,04;1285,3;83,656;3,227;21,99;0,543;31,887;1,41;1,2246467991473532e-16;-1,0;37;False;False;False;False;False;False;False;False;False;False;False;False;False;False;False;False;False;False;False;False;False;True;False;False;False;False;False;False;False;False;False;False;False;False;False;False;False;False;False;False;False;False;False;False;False;False;False;False;False;False;False;False;Granada;2;2024T2;2025T2;6,256
934072,0;19,547;41,16;21,905;2,4;31,5;91,5;7,27;18658,0;56,58;21,2;29113,0;124,37;117,41;3,55;108500,0;1322,0;87,224;3,554;24,82;0,508;34,204;1,659;-1,0;-1,8369701987210297e-16;38;False;False;False;False;False;False;False;False;False;False;False;False;False;False;False;False;False;False;False;False;False;True;False;False;False;False;False;False;False;False;False;False;False;False;False;False;False;False;False;False;False;False;False;False;False;False;False;False;False;False;False;False;Granada;3;2024T3;2025T3;6,357
934072,0;19,547;41,16;21,905;2,4;31,5;91,5;7,27;18658,0;56,09;22,14;29113,0;123,5;114,163;3,45;113993,5;1343,5;90,574;3,92;23,32;0,581;34,638;1,807;-2,4492935982947064e-16;1,0;39;False;False;False;False;False;False;False;False;False;False;False;False;False;False;False;False;False;False;False;False;False;True;False;False;False;False;False;False;False;False;False;False;False;False;False;False;False;False;False;False;False;False;False;False;False;False;False;False;False;False;False;False;Granada;4;2024T4;2025T4;6,35
275082,0;18,517;43,07;19,674;2,5;30,4;84,4;14,08;23045,0;64,79;9,05;35509,0;123,07;117,607;4,03;123585,94;1280,1;84,707;3,468;32,7;1,869;14,678;0,418;1,0;6,123233995736766e-17;36;False;False;False;False;False;False;False;False;False;False;False;False;False;False;False;False;False;False;False;False;False;False;True;False;False;False;False;False;False;False;False;False;False;False;False;False;False;False;False;False;False;False;False;False;False;False;False;False;False;False;False;False;Guadalajara;1;2024T1;2025T1;4,091
275082,0;18,517;43,07;19,674;2,5;30,4;84,4;14,08;23045,0;62,86;11,4;35509,0;123,57;113,317;3,693;127872,19;1311,7;86,38;4,689;41,4;2,255;14,417;0,343;1,2246467991473532e-16;-1,0;37;False;False;False;False;False;False;False;False;False;False;False;False;False;False;False;False;False;False;False;False;False;False;True;False;False;False;False;False;False;False;False;False;False;False;False;False;False;False;False;False;False;False;False;False;False;False;False;False;False;False;False;False;Guadalajara;2;2024T2;2025T2;4,193
275082,0;18,517;43,07;19,674;2,5;30,4;84,4;14,08;23045,0;65,46;12,28;35509,0;125,52;117,41;3,55;126846,64;1342,3;89,16;3,376;22,62;1,713;15,253;0,456;-1,0;-1,8369701987210297e-16;38;False;False;False;False;False;False;False;False;False;False;False;False;False;False;False;False;False;False;False;False;False;False;True;False;False;False;False;False;False;False;False;False;False;False;False;False;False;False;False;False;False;False;False;False;False;False;False;False;False;False;False;False;Guadalajara;3;2024T3;2025T3;4,256
275082,0;18,517;43,07;19,674;2,5;30,4;84,4;14,08;23045,0;64,61;9,24;35509,0;125,07;114,163;3,45;122154,65;1370,0;91,033;4,282;21,42;0,985;14,409;0,468;-2,4492935982947064e-16;1,0;39;False;False;False;False;False;False;False;False;False;False;False;False;False;False;False;False;False;False;False;False;False;False;True;False;False;False;False;False;False;False;False;False;False;False;False;False;False;False;False;False;False;False;False;False;False;False;False;False;False;False;False;False;Guadalajara;4;2024T4;2025T4;4,19
534084,0;19,201;42,98;20,106;2,5;27,6;89,8;6,16;16190,0;56,73;20,17;29133,0;122,61;117,607;4,03;94612,41;1237,4;81,449;2,97;20,3;0,393;21,544;0,835;1,0;6,123233995736766e-17;36;False;False;False;False;False;False;False;False;False;False;False;False;False;False;False;False;False;False;False;False;False;False;False;True;False;False;False;False;False;False;False;False;False;False;False;False;False;False;False;False;False;False;False;False;False;False;False;False;False;False;False;False;Huelva;1;2024T1;2025T1;7,114
534084,0;19,201;42,98;20,106;2,5;27,6;89,8;6,16;16190,0;56,01;17,35;29133,0;123,13;113,317;3,693;100509,64;1271,8;83,656;3,145;26,94;0,36;20,8;0,731;1,2246467991473532e-16;-1,0;37;False;False;False;False;False;False;False;False;False;False;False;False;False;False;False;False;False;False;False;False;False;False;False;True;False;False;False;False;False;False;False;False;False;False;False;False;False;False;False;False;False;False;False;False;False;False;False;False;False;False;False;False;Huelva;2;2024T2;2025T2;7,286
534084,0;19,201;42,98;20,106;2,5;27,6;89,8;6,16;16190,0;55,55;12,16;29133,0;125,13;117,41;3,55;93432,36;1266,3;87,224;3,392;21,79;0,437;49,234;2,334;-1,0;-1,8369701987210297e-16;38;False;False;False;False;False;False;False;False;False;False;False;False;False;False;False;False;False;False;False;False;False;False;False;True;False;False;False;False;False;False;False;False;False;False;False;False;False;False;False;False;False;False;False;False;False;False;False;False;False;False;False;False;Huelva;3;2024T3;2025T3;7,404
534084,0;19,201;42,98;20,106;2,5;27,6;89,8;6,16;16190,0;54,71;14,44;29133,0;124,2;114,163;3,45;97391,6;1258,2;90,574;3,476;20,78;0,728;54,411;3,631;-2,4492935982947064e-16;1,0;39;False;False;False;False;False;False;False;False;False;False;False;False;False;False;False;False;False;False;False;False;False;False;False;True;False;False;False;False;False;False;False;False;False;False;False;False;False;False;False;False;False;False;False;False;False;False;False;False;False;False;False;False;Huelva;4;2024T4;2025T4;7,396
226878,0;17,269;39,17;27,514;2,4;32,7;85,6;11,28;21026,0;57,54;11,42;34901,0;122,32;117,607;4,03;109425,53;1205,5;80,188;2,993;11,19;1,137;46,942;1,413;1,0;6,123233995736766e-17;36;False;False;False;False;False;False;False;False;False;False;False;False;False;False;False;False;False;False;False;False;False;False;False;False;True;False;False;False;False;False;False;False;False;False;False;False;False;False;False;False;False;False;False;False;False;False;False;False;False;False;False;False;Huesca;1;2024T1;2025T1;5,824
226878,0;17,269;39,17;27,514;2,4;32,7;85,6;11,28;21026,0;58,46;10,34;34901,0;123,04;113,317;3,693;100166,67;1195,8;83,44;4,31;20,3;0,459;61,432;2,467;1,2246467991473532e-16;-1,0;37;False;False;False;False;False;False;False;False;False;False;False;False;False;False;False;False;False;False;False;False;False;False;False;False;True;False;False;False;False;False;False;False;False;False;False;False;False;False;False;False;False;False;False;False;False;False;False;False;False;False;False;False;Huesca;2;2024T2;2025T2;5,907
226878,0;17,269;39,17;27,514;2,4;32,7;85,6;11,28;21026,0;59,18;10,27;34901,0;124,95;117,41;3,55;97141,27;1238,8;87,055;3,124;13,73;0,582;55,479;1,741;-1,0;-1,8369701987210297e-16;38;False;False;False;False;False;False;False;False;False;False;False;False;False;False;False;False;False;False;False;False;False;False;False;False;True;False;False;False;False;False;False;False;False;False;False;False;False;False;False;False;False;False;False;False;False;False;False;False;False;False;False;False;Huesca;3;2024T3;2025T3;5,971
226878,0;17,269;39,17;27,514;2,4;32,7;85,6;11,28;21026,0;60,41;7,0;34901,0;124,5;114,163;3,45;109004,41;1228,6;89,494;3,903;12,67;1,448;69,751;3,475;-2,4492935982947064e-16;1,0;39;False;False;False;False;False;False;False;False;False;False;False;False;False;False;False;False;False;False;False;False;False;False;False;False;True;False;False;False;False;False;False;False;False;False;False;False;False;False;False;False;False;False;False;False;False;False;False;False;False;False;False;False;Huesca;4;2024T4;2025T4;5,927
620637,0;19,466;40,07;24,072;2,4;29,2;96,5;5,34;16012,0;52,7;19,14;27429,0;121,67;117,607;4,03;80367,54;789,1;81,449;2,436;15,61;0,372;13,331;0,4;1,0;6,123233995736766e-17;36;False;False;False;False;False;False;False;False;False;False;False;False;False;False;False;False;False;False;False;False;False;False;False;False;False;True;False;False;False;False;False;False;False;False;False;False;False;False;False;False;False;False;False;False;False;False;False;False;False;False;False;False;Jaén;1;2024T1;2025T1;5,441
620637,0;19,466;40,07;24,072;2,4;29,2;96,5;5,34;16012,0;49,84;16,75;27429,0;122,17;113,317;3,693;83072,35;797,3;83,656;2,346;12,05;0,598;12,411;0,346;1,2246467991473532e-16;-1,0;37;False;False;False;False;False;False;False;False;False;False;False;False;False;False;False;False;False;False;False;False;False;False;False;False;False;True;False;False;False;False;False;False;False;False;False;False;False;False;False;False;False;False;False;False;False;False;False;False;False;False;False;False;Jaén;2;2024T2;2025T2;5,573
620637,0;19,466;40,07;24,072;2,4;29,2;96,5;5,34;16012,0;52,32;21,3;27429,0;124,55;117,41;3,55;80031,58;813,7;87,224;2,64;11,93;0,499;13,668;0,464;-1,0;-1,8369701987210297e-16;38;False;False;False;False;False;False;False;False;False;False;False;False;False;False;False;False;False;False;False;False;False;False;False;False;False;True;False;False;False;False;False;False;False;False;False;False;False;False;False;False;False;False;False;False;False;False;False;False;False;False;False;False;Jaén;3;2024T3;2025T3;5,663
620637,0;19,466;40,07;24,072;2,4;29,2;96,5;5,34;16012,0;53,33;21,91;27429,0;123,78;114,163;3,45;83400,68;802,5;90,574;3,074;13,03;0,483;13,603;0,472;-2,4492935982947064e-16;1,0;39;False;False;False;False;False;False;False;False;False;False;False;False;False;False;False;False;False;False;False;False;False;False;False;False;False;True;False;False;False;False;False;False;False;False;False;False;False;False;False;False;False;False;False;False;False;False;False;False;False;False;False;False;Jaén;4;2024T4;2025T4;5,657
448573,0;14,475;38,22;34,791;2,2;37,1;94,5;5,81;21389,0;48,83;10,09;31392,0;125,36;117,607;4,03;96437,06;889,8;82,077;2,272;24,93;0,288;20,741;0,671;1,0;6,123233995736766e-17;36;False;False;False;False;False;False;False;False;False;False;False;False;False;False;False;False;False;False;False;False;False;False;False;False;False;False;True;False;False;False;False;False;False;False;False;False;False;False;False;False;False;False;False;False;False;False;False;False;False;False;False;False;León;1;2024T1;2025T1;4,066
448573,0;14,475;38,22;34,791;2,2;37,1;94,5;5,81;21389,0;47,44;8,96;31392,0;125,95;113,317;3,693;100381,6;904,3;84,235;2,653;19,78;0,386;19,605;0,527;1,2246467991473532e-16;-1,0;37;False;False;False;False;False;False;False;False;False;False;False;False;False;False;False;False;False;False;False;False;False;False;False;False;False;False;True;False;False;False;False;False;False;False;False;False;False;False;False;False;False;False;False;False;False;False;False;False;False;False;False;False;León;2;2024T2;2025T2;4,151
448573,0;14,475;38,22;34,791;2,2;37,1;94,5;5,81;21389,0;48,58;10,58;31392,0;127,99;117,41;3,55;96753,7;881,2;87,058;2,463;17,14;0,342;23,188;0,855;-1,0;-1,8369701987210297e-16;38;False;False;False;False;False;False;False;False;False;False;False;False;False;False;False;False;False;False;False;False;False;False;False;False;False;False;True;False;False;False;False;False;False;False;False;False;False;False;False;False;False;False;False;False;False;False;False;False;False;False;False;False;León;3;2024T3;2025T3;4,213
448573,0;14,475;38,22;34,791;2,2;37,1;94,5;5,81;21389,0;50,27;11,09;31392,0;127,06;114,163;3,45;102617,99;908,8;88,944;2,99;21,28;0,427;23,614;1,092;-2,4492935982947064e-16;1,0;39;False;False;False;False;False;False;False;False;False;False;False;False;False;False;False;False;False;False;False;False;False;False;False;False;False;False;True;False;False;False;False;False;False;False;False;False;False;False;False;False;False;False;False;False;False;False;False;False;False;False;False;False;León;4;2024T4;2025T4;4,157
447343,0;18,62;40,35;23,454;2,5;29,7;80,3;12,88;21565,0;59,25;5,34;35640,0;124,43;117,607;4,03;131225,59;1099,728;84,193;2,499;24,6;0,32;27,385;0,827;1,0;6,123233995736766e-17;36;False;False;False;False;False;False;False;False;False;False;False;False;False;False;False;False;False;False;False;False;False;False;False;False;False;False;False;True;False;False;False;False;False;False;False;False;False;False;False;False;False;False;False;False;False;False;False;False;False;False;False;False;Lleida;1;2024T1;2025T1;5,578
447343,0;18,62;40,35;23,454;2,5;29,7;80,3;12,88;21565,0;62,31;7,72;35640,0;125,01;113,317;3,693;117951,72;1118,536;86,345;3,148;26,72;0,755;38,175;1,56;1,2246467991473532e-16;-1,0;37;False;False;False;False;False;False;False;False;False;False;False;False;False;False;False;False;False;False;False;False;False;False;False;False;False;False;False;True;False;False;False;False;False;False;False;False;False;False;False;False;False;False;False;False;False;False;False;False;False;False;False;False;Lleida;2;2024T2;2025T2;5,691
447343,0;18,62;40,35;23,454;2,5;29,7;80,3;12,88;21565,0;60,31;6,72;35640,0;127,26;117,41;3,55;88668,01;1127,177;88,741;2,732;26,26;0,762;28,707;0,816;-1,0;-1,8369701987210297e-16;38;False;False;False;False;False;False;False;False;False;False;False;False;False;False;False;False;False;False;False;False;False;False;False;False;False;False;False;True;False;False;False;False;False;False;False;False;False;False;False;False;False;False;False;False;False;False;False;False;False;False;False;False;Lleida;3;2024T3;2025T3;5,813
447343,0;18,62;40,35;23,454;2,5;29,7;80,3;12,88;21565,0;59,82;6,97;35640,0;127,02;114,163;3,45;116314,55;1106,56;91,222;3,398;26,97;0,819;35,128;1,481;-2,4492935982947064e-16;1,0;39;False;False;False;False;False;False;False;False;False;False;False;False;False;False;False;False;False;False;False;False;False;False;False;False;False;False;False;True;False;False;False;False;False;False;False;False;False;False;False;False;False;False;False;False;False;False;False;False;False;False;False;False;Lleida;4;2024T4;2025T4;5,741
324267,0;14,048;36,81;36,99;2,3;35,1;93,3;11,71;20788,0;51,42;7,09;30709,0;122,87;117,607;4,03;83165,49;948,4;82,611;1,813;18,71;0,324;25,724;0,662;1,0;6,123233995736766e-17;36;False;False;False;False;False;False;False;False;False;False;False;False;False;False;False;False;False;False;False;False;False;False;False;False;False;False;False;False;True;False;False;False;False;False;False;False;False;False;False;False;False;False;False;False;False;False;False;False;False;False;False;False;Lugo;1;2024T1;2025T1;4,008
324267,0;14,048;36,81;36,99;2,3;35,1;93,3;11,71;20788,0;51,97;7,07;30709,0;123,54;113,317;3,693;76611,11;970,9;85,008;2,781;32,96;0,372;23,336;0,469;1,2246467991473532e-16;-1,0;37;False;False;False;False;False;False;False;False;False;False;False;False;False;False;False;False;False;False;False;False;False;False;False;False;False;False;False;False;True;False;False;False;False;False;False;False;False;False;False;False;False;False;False;False;False;False;False;False;False;False;False;False;Lugo;2;2024T2;2025T2;4,088
324267,0;14,048;36,81;36,99;2,3;35,1;93,3;11,71;20788,0;52,41;7,64;30709,0;125,43;117,41;3,55;80403,95;955,9;87,831;2,0;19,69;0,541;30,062;1,072;-1,0;-1,8369701987210297e-16;38;False;False;False;False;False;False;False;False;False;False;False;False;False;False;False;False;False;False;False;False;False;False;False;False;False;False;False;False;True;False;False;False;False;False;False;False;False;False;False;False;False;False;False;False;False;False;False;False;False;False;False;False;Lugo;3;2024T3;2025T3;4,115
324267,0;14,048;36,81;36,99;2,3;35,1;93,3;11,71;20788,0;52,27;6,66;30709,0;124,92;114,163;3,45;76700,6;986,9;90,172;2,052;24,74;0,449;32,479;1,608;-2,4492935982947064e-16;1,0;39;False;False;False;False;False;False;False;False;False;False;False;False;False;False;False;False;False;False;False;False;False;False;False;False;False;False;False;False;True;False;False;False;False;False;False;False;False;False;False;False;False;False;False;False;False;False;False;False;False;False;False;False;Lugo;4;2024T4;2025T4;4,091
6871903,0;19,857;41,42;21,472;2,6;26,4;84,5;21,9;29447,0;63,19;9,64;45726,0;119,41;117,607;4,03;191133,43;3080,0;82,634;2,18;20,14;0,608;17,434;0,959;1,0;6,123233995736766e-17;36;False;False;False;False;False;False;False;False;False;False;False;False;False;False;False;False;False;False;False;False;False;False;False;False;False;False;False;False;False;True;False;False;False;False;False;False;False;False;False;False;False;False;False;False;False;False;False;False;False;False;False;False;Madrid;1;2024T1;2025T1;8,719
6871903,0;19,857;41,42;21,472;2,6;26,4;84,5;21,9;29447,0;63,27;9,19;45726,0;119,99;113,317;3,693;167057,64;3116,7;84,621;2,635;22,16;0,756;17,444;0,856;1,2246467991473532e-16;-1,0;37;False;False;False;False;False;False;False;False;False;False;False;False;False;False;False;False;False;False;False;False;False;False;False;False;False;False;False;False;False;True;False;False;False;False;False;False;False;False;False;False;False;False;False;False;False;False;False;False;False;False;False;False;Madrid;2;2024T2;2025T2;8,82
6871903,0;19,857;41,42;21,472;2,6;26,4;84,5;21,9;29447,0;62,71;8,48;45726,0;121,88;117,41;3,55;205799,52;3198,0;87,504;2,502;19,95;0,857;17,683;1,018;-1,0;-1,8369701987210297e-16;38;False;False;False;False;False;False;False;False;False;False;False;False;False;False;False;False;False;False;False;False;False;False;False;False;False;False;False;False;False;True;False;False;False;False;False;False;False;False;False;False;False;False;False;False;False;False;False;False;False;False;False;False;Madrid;3;2024T3;2025T3;9,021
6871903,0;19,857;41,42;21,472;2,6;26,4;84,5;21,9;29447,0;63,13;9,65;45726,0;121,53;114,163;3,45;222274,13;3274,6;89,567;2,886;18,07;0,756;17,524;0,953;-2,4492935982947064e-16;1,0;39;False;False;False;False;False;False;False;False;False;False;False;False;False;False;False;False;False;False;False;False;False;False;False;False;False;False;False;False;False;True;False;False;False;False;False;False;False;False;False;False;False;False;False;False;False;False;False;False;False;False;False;False;Madrid;4;2024T4;2025T4;8,894
85493,0;23,69;38,22;12,969;3,2;20,7;87,2;6,71;22354,0;56,3;29,57;43422,0;122,75;117,607;4,03;140146,67;1846,7;81,138;1,263;13,89;0,503;9,334;0,369;1,0;6,123233995736766e-17;36;False;False;False;False;False;False;False;False;False;False;False;False;False;False;False;False;False;False;False;False;False;False;False;False;False;False;False;False;False;False;True;False;False;False;False;False;False;False;False;False;False;False;False;False;False;False;False;False;False;False;False;False;Melilla;1;2024T1;2025T1;7,761
85493,0;23,69;38,22;12,969;3,2;20,7;87,2;6,71;22354,0;59,57;32,44;43422,0;122,62;113,317;3,693;150602,15;1914,0;83,911;1,349;16,38;0,663;9,281;0,295;1,2246467991473532e-16;-1,0;37;False;False;False;False;False;False;False;False;False;False;False;False;False;False;False;False;False;False;False;False;False;False;False;False;False;False;False;False;False;False;True;False;False;False;False;False;False;False;False;False;False;False;False;False;False;False;False;False;False;False;False;False;Melilla;2;2024T2;2025T2;7,939
85493,0;23,69;38,22;12,969;3,2;20,7;87,2;6,71;22354,0;56,49;27,93;43422,0;125,17;117,41;3,55;140285,71;1916,1;87,789;1,907;21,34;0,756;9,281;0,394;-1,0;-1,8369701987210297e-16;38;False;False;False;False;False;False;False;False;False;False;False;False;False;False;False;False;False;False;False;False;False;False;False;False;False;False;False;False;False;False;True;False;False;False;False;False;False;False;False;False;False;False;False;False;False;False;False;False;False;False;False;False;Melilla;3;2024T3;2025T3;8,035
85493,0;23,69;38,22;12,969;3,2;20,7;87,2;6,71;22354,0;61,43;27,09;43422,0;124,03;114,163;3,45;137494,38;1867,9;89,24;1,558;11,94;0,57;9,219;0,442;-2,4492935982947064e-16;1,0;39;False;False;False;False;False;False;False;False;False;False;False;False;False;False;False;False;False;False;False;False;False;False;False;False;False;False;False;False;False;False;True;False;False;False;False;False;False;False;False;False;False;False;False;False;False;False;False;False;False;False;False;False;Melilla;4;2024T4;2025T4;8,089
1551692,0;20,077;41,41;18,765;2,8;24,8;84,9;11,49;19469,0;59,26;11,46;32743,0;120,84;117,607;4,03;87967,41;1095,4;81,841;3,107;19,02;0,65;10,176;0,397;1,0;6,123233995736766e-17;36;False;False;False;False;False;False;False;False;False;False;False;False;False;False;False;False;False;False;False;False;False;False;False;False;False;False;False;False;False;False;False;True;False;False;False;False;False;False;False;False;False;False;False;False;False;False;False;False;False;False;False;False;Murcia;1;2024T1;2025T1;5,168
1551692,0;20,077;41,41;18,765;2,8;24,8;84,9;11,49;19469,0;59,44;12,95;32743,0;121,67;113,317;3,693;92982,16;1101,7;83,261;3,768;20,0;0,756;10,15;0,398;1,2246467991473532e-16;-1,0;37;False;False;False;False;False;False;False;False;False;False;False;False;False;False;False;False;False;False;False;False;False;False;False;False;False;False;False;False;False;False;False;True;False;False;False;False;False;False;False;False;False;False;False;False;False;False;False;False;False;False;False;False;Murcia;2;2024T2;2025T2;5,29
1551692,0;20,077;41,41;18,765;2,8;24,8;84,9;11,49;19469,0;60,12;12,63;32743,0;123,51;117,41;3,55;87811,76;1098,5;86,389;3,303;20,17;0,847;13,322;0,604;-1,0;-1,8369701987210297e-16;38;False;False;False;False;False;False;False;False;False;False;False;False;False;False;False;False;False;False;False;False;False;False;False;False;False;False;False;False;False;False;False;True;False;False;False;False;False;False;False;False;False;False;False;False;False;False;False;False;False;False;False;False;Murcia;3;2024T3;2025T3;5,32
1551692,0;20,077;41,41;18,765;2,8;24,8;84,9;11,49;19469,0;60,33;11,95;32743,0;122,76;114,163;3,45;93249,05;1095,3;88,875;4,026;20,29;0,573;13,734;0,758;-2,4492935982947064e-16;1,0;39;False;False;False;False;False;False;False;False;False;False;False;False;False;False;False;False;False;False;False;False;False;False;False;False;False;False;False;False;False;False;False;True;False;False;False;False;False;False;False;False;False;False;False;False;False;False;False;False;False;False;False;False;Murcia;4;2024T4;2025T4;5,26
1752728,0;18,583;42,97;20,62;2,5;29,1;81,9;12,7;19443,0;58,36;16,4;30644,0;124,15;117,607;4,03;180599,19;2272,8;81,449;4,295;21,15;1,156;47,302;2,49;1,0;6,123233995736766e-17;36;False;False;False;False;False;False;False;False;False;False;False;False;False;False;False;False;False;False;False;False;False;False;False;False;False;False;False;False;False;False;False;False;True;False;False;False;False;False;False;False;False;False;False;False;False;False;False;False;False;False;False;False;Málaga;1;2024T1;2025T1;8,245
1752728,0;18,583;42,97;20,62;2,5;29,1;81,9;12,7;19443,0;58,08;16,83;30644,0;124,42;113,317;3,693;191591,4;2327,4;83,656;4,535;27,83;1,162;43,839;2,132;1,2246467991473532e-16;-1,0;37;False;False;False;False;False;False;False;False;False;False;False;False;False;False;False;False;False;False;False;False;False;False;False;False;False;False;False;False;False;False;False;False;True;False;False;False;False;False;False;False;False;False;False;False;False;False;False;False;False;False;False;False;Málaga;2;2024T2;2025T2;8,445
1752728,0;18,583;42,97;20,62;2,5;29,1;81,9;12,7;19443,0;58,82;12,59;30644,0;126,62;117,41;3,55;185083,57;2400,7;87,224;4,976;27,97;1,302;57,447;3,619;-1,0;-1,8369701987210297e-16;38;False;False;False;False;False;False;False;False;False;False;False;False;False;False;False;False;False;False;False;False;False;False;False;False;False;False;False;False;False;False;False;False;True;False;False;False;False;False;False;False;False;False;False;False;False;False;False;False;False;False;False;False;Málaga;3;2024T3;2025T3;8,581
1752728,0;18,583;42,97;20,62;2,5;29,1;81,9;12,7;19443,0;58,4;12,06;30644,0;126,44;114,163;3,45;206839,71;2440,1;90,574;4,965;28,27;1,108;59,464;4,279;-2,4492935982947064e-16;1,0;39;False;False;False;False;False;False;False;False;False;False;False;False;False;False;False;False;False;False;False;False;False;False;False;False;False;False;False;False;False;False;False;False;True;False;False;False;False;False;False;False;False;False;False;False;False;False;False;False;False;False;False;False;Málaga;4;2024T4;2025T4;8,572
672155,0;18,434;39,68;23,968;2,6;28,9;87,6;11,19;29712,0;58,84;9,25;40760,0;122,59;117,607;4,03;134523,09;1605,3;81,474;2,208;38,07;0,594;17,098;0,649;1,0;6,123233995736766e-17;36;False;False;False;False;False;False;False;False;False;False;False;False;False;False;False;False;False;False;False;False;False;False;False;False;False;False;False;False;False;False;False;False;False;True;False;False;False;False;False;False;False;False;False;False;False;False;False;False;False;False;False;False;Navarra;1;2024T1;2025T1;4,401
672155,0;18,434;39,68;23,968;2,6;28,9;87,6;11,19;29712,0;58,75;8,82;40760,0;122,53;113,317;3,693;107762,68;1643,6;85,858;3,131;29,52;0,678;15,832;0,474;1,2246467991473532e-16;-1,0;37;False;False;False;False;False;False;False;False;False;False;False;False;False;False;False;False;False;False;False;False;False;False;False;False;False;False;False;False;False;False;False;False;False;True;False;False;False;False;False;False;False;False;False;False;False;False;False;False;False;False;False;False;Navarra;2;2024T2;2025T2;4,456
672155,0;18,434;39,68;23,968;2,6;28,9;87,6;11,19;29712,0;59,55;7,42;40760,0;124,75;117,41;3,55;131205,06;1677,5;88,99;2,552;33,8;1,558;18,327;0,793;-1,0;-1,8369701987210297e-16;38;False;False;False;False;False;False;False;False;False;False;False;False;False;False;False;False;False;False;False;False;False;False;False;False;False;False;False;False;False;False;False;False;False;True;False;False;False;False;False;False;False;False;False;False;False;False;False;False;False;False;False;False;Navarra;3;2024T3;2025T3;4,51
672155,0;18,434;39,68;23,968;2,6;28,9;87,6;11,19;29712,0;59,35;7,72;40760,0;124,7;114,163;3,45;134914,78;1624,6;92,106;2,592;25,77;0,705;18,255;0,989;-2,4492935982947064e-16;1,0;39;False;False;False;False;False;False;False;False;False;False;False;False;False;False;False;False;False;False;False;False;False;False;False;False;False;False;False;False;False;False;False;False;False;True;False;False;False;False;False;False;False;False;False;False;False;False;False;False;False;False;False;False;Navarra;4;2024T4;2025T4;4,541
304563,0;14,023;34,96;39,225;2,2;36,8;93,0;9,35;20355,0;49,46;9,57;29073,0;122,83;117,607;4,03;80399,16;929,1;82,611;1,652;19,28;0,378;18,588;0,519;1,0;6,123233995736766e-17;36;False;False;False;False;False;False;False;False;False;False;False;False;False;False;False;False;False;False;False;False;False;False;False;False;False;False;False;False;False;False;False;False;False;False;True;False;False;False;False;False;False;False;False;False;False;False;False;False;False;False;False;False;Ourense;1;2024T1;2025T1;4,747
304563,0;14,023;34,96;39,225;2,2;36,8;93,0;9,35;20355,0;49,08;10,46;29073,0;123,29;113,317;3,693;90150,0;936,4;85,008;1,754;16,85;0,752;17,207;0,391;1,2246467991473532e-16;-1,0;37;False;False;False;False;False;False;False;False;False;False;False;False;False;False;False;False;False;False;False;False;False;False;False;False;False;False;False;False;False;False;False;False;False;False;True;False;False;False;False;False;False;False;False;False;False;False;False;False;False;False;False;False;Ourense;2;2024T2;2025T2;4,842
304563,0;14,023;34,96;39,225;2,2;36,8;93,0;9,35;20355,0;48,32;11,17;29073,0;125,19;117,41;3,55;91579,19;944,4;87,831;1,603;21,11;0,568;19,616;0,588;-1,0;-1,8369701987210297e-16;38;False;False;False;False;False;False;False;False;False;False;False;False;False;False;False;False;False;False;False;False;False;False;False;False;False;False;False;False;False;False;False;False;False;False;True;False;False;False;False;False;False;False;False;False;False;False;False;False;False;False;False;False;Ourense;3;2024T3;2025T3;4,874
304563,0;14,023;34,96;39,225;2,2;36,8;93,0;9,35;20355,0;49,6;10,54;29073,0;124,3;114,163;3,45;88862,07;973,1;90,172;1,879;20,45;0,348;20,219;0,779;-2,4492935982947064e-16;1,0;39;False;False;False;False;False;False;False;False;False;False;False;False;False;False;False;False;False;False;False;False;False;False;False;False;False;False;False;False;False;False;False;False;False;False;True;False;False;False;False;False;False;False;False;False;False;False;False;False;False;False;False;False;Ourense;4;2024T4;2025T4;4,845
157787,0;14,958;38,97;32,617;2,2;35,7;94,0;9,37;21160,0;55,44;7,23;32105,0;121,48;117,607;4,03;102555,56;931,1;82,077;2,662;16,19;0,184;15,343;0,513;1,0;6,123233995736766e-17;36;False;False;False;False;False;False;False;False;False;False;False;False;False;False;False;False;False;False;False;False;False;False;False;False;False;False;False;False;False;False;False;False;False;False;False;True;False;False;False;False;False;False;False;False;False;False;False;False;False;False;False;False;Palencia;1;2024T1;2025T1;4,891
157787,0;14,958;38,97;32,617;2,2;35,7;94,0;9,37;21160,0;53,96;8,11;32105,0;122,03;113,317;3,693;86294,12;942,4;84,235;2,695;10,56;0,316;13,769;0,397;1,2246467991473532e-16;-1,0;37;False;False;False;False;False;False;False;False;False;False;False;False;False;False;False;False;False;False;False;False;False;False;False;False;False;False;False;False;False;False;False;False;False;False;False;True;False;False;False;False;False;False;False;False;False;False;False;False;False;False;False;False;Palencia;2;2024T2;2025T2;4,992
157787,0;14,958;38,97;32,617;2,2;35,7;94,0;9,37;21160,0;53,21;7,14;32105,0;123,59;117,41;3,55;91118,72;957,3;87,058;2,733;13,19;0,373;19,062;0,701;-1,0;-1,8369701987210297e-16;38;False;False;False;False;False;False;False;False;False;False;False;False;False;False;False;False;False;False;False;False;False;False;False;False;False;False;False;False;False;False;False;False;False;False;False;True;False;False;False;False;False;False;False;False;False;False;False;False;False;False;False;False;Palencia;3;2024T3;2025T3;5,067
157787,0;14,958;38,97;32,617;2,2;35,7;94,0;9,37;21160,0;55,24;5,92;32105,0;123,01;114,163;3,45;90488,22;928,7;88,944;3,176;13,75;0,367;19,739;0,906;-2,4492935982947064e-16;1,0;39;False;False;False;False;False;False;False;False;False;False;False;False;False;False;False;False;False;False;False;False;False;False;False;False;False;False;False;False;False;False;False;False;False;False;False;True;False;False;False;False;False;False;False;False;False;False;False;False;False;False;False;False;Palencia;4;2024T4;2025T4;4,999
1145843,0;20,363;45,88;18,656;2,6;28,6;86,3;12,9;19889,0;61,05;15,28;34010,0;120,41;117,607;4,03;96923,81;1784,9;83,341;2,331;26,24;0,624;141,685;9,664;1,0;6,123233995736766e-17;36;False;False;False;False;False;False;False;False;False;False;False;False;False;False;False;False;False;False;False;False;False;False;False;False;False;False;False;False;False;False;False;False;False;False;False;False;True;False;False;False;False;False;False;False;False;False;False;False;False;False;False;False;Palmas, Las;1;2024T1;2025T1;7,371
1145843,0;20,363;45,88;18,656;2,6;28,6;86,3;12,9;19889,0;61,32;15,44;34010,0;120,99;113,317;3,693;78492,4;1831,0;85,935;2,919;23,45;0,591;141,193;9,843;1,2246467991473532e-16;-1,0;37;False;False;False;False;False;False;False;False;False;False;False;False;False;False;False;False;False;False;False;False;False;False;False;False;False;False;False;False;False;False;False;False;False;False;False;False;True;False;False;False;False;False;False;False;False;False;False;False;False;False;False;False;Palmas, Las;2;2024T2;2025T2;7,519
1145843,0;20,363;45,88;18,656;2,6;28,6;86,3;12,9;19889,0;60,39;13,64;34010,0;122,57;117,41;3,55;120700,77;1834,3;89,088;2,787;24,74;0,382;139,093;8,881;-1,0;-1,8369701987210297e-16;38;False;False;False;False;False;False;False;False;False;False;False;False;False;False;False;False;False;False;False;False;False;False;False;False;False;False;False;False;False;False;False;False;False;False;False;False;True;False;False;False;False;False;False;False;False;False;False;False;False;False;False;False;Palmas, Las;3;2024T3;2025T3;7,595
1145843,0;20,363;45,88;18,656;2,6;28,6;86,3;12,9;19889,0;60,01;14,96;34010,0;122,24;114,163;3,45;126962,26;1858,1;90,57;2,935;25,18;0,53;140,175;10,314;-2,4492935982947064e-16;1,0;39;False;False;False;False;False;False;False;False;False;False;False;False;False;False;False;False;False;False;False;False;False;False;False;False;False;False;False;False;False;False;False;False;False;False;False;False;True;False;False;False;False;False;False;False;False;False;False;False;False;False;False;False;Palmas, Las;4;2024T4;2025T4;7,633
946710,0;16,019;41,18;28,11;2,5;29,7;95,0;6,97;21097,0;54,11;10,65;33230,0;123,82;117,607;4,03;125503,74;1423,3;82,611;1,425;26,83;0,504;18,693;0,709;1,0;6,123233995736766e-17;36;False;False;False;False;False;False;False;False;False;False;False;False;False;False;False;False;False;False;False;False;False;False;False;False;False;False;False;False;False;False;False;False;False;False;False;False;False;True;False;False;False;False;False;False;False;False;False;False;False;False;False;False;Pontevedra;1;2024T1;2025T1;5,794
946710,0;16,019;41,18;28,11;2,5;29,7;95,0;6,97;21097,0;54,37;13,1;33230,0;124,54;113,317;3,693;115911,98;1457,7;85,008;1,902;19,41;0,59;15,999;0,41;1,2246467991473532e-16;-1,0;37;False;False;False;False;False;False;False;False;False;False;False;False;False;False;False;False;False;False;False;False;False;False;False;False;False;False;False;False;False;False;False;False;False;False;False;False;False;True;False;False;False;False;False;False;False;False;False;False;False;False;False;False;Pontevedra;2;2024T2;2025T2;5,91
946710,0;16,019;41,18;28,11;2,5;29,7;95,0;6,97;21097,0;54,91;11,78;33230,0;126,52;117,41;3,55;120639,33;1464,0;87,831;1,54;25,0;0,942;25,207;0,928;-1,0;-1,8369701987210297e-16;38;False;False;False;False;False;False;False;False;False;False;False;False;False;False;False;False;False;False;False;False;False;False;False;False;False;False;False;False;False;False;False;False;False;False;False;False;False;True;False;False;False;False;False;False;False;False;False;False;False;False;False;False;Pontevedra;3;2024T3;2025T3;5,949
946710,0;16,019;41,18;28,11;2,5;29,7;95,0;6,97;21097,0;55,72;10,29;33230,0;125,77;114,163;3,45;136656,19;1506,9;90,172;1,936;26,43;1,321;32,136;1,885;-2,4492935982947064e-16;1,0;39;False;False;False;False;False;False;False;False;False;False;False;False;False;False;False;False;False;False;False;False;False;False;False;False;False;False;False;False;False;False;False;False;False;False;False;False;False;True;False;False;False;False;False;False;False;False;False;False;False;False;False;False;Pontevedra;4;2024T4;2025T4;5,914
322282,0;17,056;40,33;25,767;2,4;32,5;85,7;8,63;21257,0;58,1;9,71;33314,0;121,66;117,607;4,03;95574,03;1196,6;81,385;2,637;13,65;0,577;19,925;0,713;1,0;6,123233995736766e-17;36;False;False;False;False;False;False;False;False;False;False;False;False;False;False;False;False;False;False;False;False;False;False;False;False;False;False;False;False;False;False;False;False;False;False;False;False;False;False;True;False;False;False;False;False;False;False;False;False;False;False;False;False;Rioja, La;1;2024T1;2025T1;5,286
322282,0;17,056;40,33;25,767;2,4;32,5;85,7;8,63;21257,0;58,18;11,04;33314,0;122,24;113,317;3,693;94019,75;1232,3;84,174;3,455;12,41;0,213;19,174;0,557;1,2246467991473532e-16;-1,0;37;False;False;False;False;False;False;False;False;False;False;False;False;False;False;False;False;False;False;False;False;False;False;False;False;False;False;False;False;False;False;False;False;False;False;False;False;False;False;True;False;False;False;False;False;False;False;False;False;False;False;False;False;Rioja, La;2;2024T2;2025T2;5,402
322282,0;17,056;40,33;25,767;2,4;32,5;85,7;8,63;21257,0;58,24;9,14;33314,0;124,2;117,41;3,55;100759,62;1209,8;87,086;3,134;14,37;0,469;21,595;0,871;-1,0;-1,8369701987210297e-16;38;False;False;False;False;False;False;False;False;False;False;False;False;False;False;False;False;False;False;False;False;False;False;False;False;False;False;False;False;False;False;False;False;False;False;False;False;False;False;True;False;False;False;False;False;False;False;False;False;False;False;False;False;Rioja, La;3;2024T3;2025T3;5,521
322282,0;17,056;40,33;25,767;2,4;32,5;85,7;8,63;21257,0;58,07;10,22;33314,0;123,79;114,163;3,45;102897,01;1224,1;88,869;3,813;16,26;0,247;21,31;0,998;-2,4492935982947064e-16;1,0;39;False;False;False;False;False;False;False;False;False;False;False;False;False;False;False;False;False;False;False;False;False;False;False;False;False;False;False;False;False;False;False;False;False;False;False;False;False;False;True;False;False;False;False;False;False;False;False;False;False;False;False;False;Rioja, La;4;2024T4;2025T4;5,414
327089,0;15,963;36,96;33,584;2,2;37,1;93,9;8,38;21174,0;52,88;10,83;30435,0;122,1;117,607;4,03;102815,72;1218,1;82,077;2,495;12,62;0,523;31,623;1,337;1,0;6,123233995736766e-17;36;False;False;False;False;False;False;False;False;False;False;False;False;False;False;False;False;False;False;False;False;False;False;False;False;False;False;False;False;False;False;False;False;False;False;False;False;False;False;False;True;False;False;False;False;False;False;False;False;False;False;False;False;Salamanca;1;2024T1;2025T1;5,63
327089,0;15,963;36,96;33,584;2,2;37,1;93,9;8,38;21174,0;51,95;12,44;30435,0;122,59;113,317;3,693;106781,05;1202,6;84,235;2,83;9,28;0,495;28,301;1,024;1,2246467991473532e-16;-1,0;37;False;False;False;False;False;False;False;False;False;False;False;False;False;False;False;False;False;False;False;False;False;False;False;False;False;False;False;False;False;False;False;False;False;False;False;False;False;False;False;True;False;False;False;False;False;False;False;False;False;False;False;False;Salamanca;2;2024T2;2025T2;5,747
327089,0;15,963;36,96;33,584;2,2;37,1;93,9;8,38;21174,0;52,13;12,11;30435,0;124,5;117,41;3,55;105660,75;1199,0;87,058;2,339;9,79;0,363;33,219;1,438;-1,0;-1,8369701987210297e-16;38;False;False;False;False;False;False;False;False;False;False;False;False;False;False;False;False;False;False;False;False;False;False;False;False;False;False;False;False;False;False;False;False;False;False;False;False;False;False;False;True;False;False;False;False;False;False;False;False;False;False;False;False;Salamanca;3;2024T3;2025T3;5,833
327089,0;15,963;36,96;33,584;2,2;37,1;93,9;8,38;21174,0;53,78;11,87;30435,0;123,52;114,163;3,45;106044,98;1237,9;88,944;3,096;10,55;0,409;32,485;1,617;-2,4492935982947064e-16;1,0;39;False;False;False;False;False;False;False;False;False;False;False;False;False;False;False;False;False;False;False;False;False;False;False;False;False;False;False;False;False;False;False;False;False;False;False;False;False;False;False;True;False;False;False;False;False;False;False;False;False;False;False;False;Salamanca;4;2024T4;2025T4;5,755
1067173,0;19,668;44,68;20,889;2,6;29,6;84,8;13,47;19267,0;60,02;16,91;32485,0;122,15;117,607;4,03;117141,53;1697,9;83,341;2,176;22,31;0,609;92,272;6,458;1,0;6,123233995736766e-17;36;False;False;False;False;False;False;False;False;False;False;False;False;False;False;False;False;False;False;False;False;False;False;False;False;False;False;False;False;False;False;False;False;False;False;False;False;False;False;False;False;True;False;False;False;False;False;False;False;False;False;False;False;Santa Cruz de Tenerife;1;2024T1;2025T1;7,039
1067173,0;19,668;44,68;20,889;2,6;29,6;84,8;13,47;19267,0;59,0;14,26;32485,0;122,67;113,317;3,693;113314,37;1746,9;85,935;2,542;24,91;0,358;92,821;6,535;1,2246467991473532e-16;-1,0;37;False;False;False;False;False;False;False;False;False;False;False;False;False;False;False;False;False;False;False;False;False;False;False;False;False;False;False;False;False;False;False;False;False;False;False;False;False;False;False;False;True;False;False;False;False;False;False;False;False;False;False;False;Santa Cruz de Tenerife;2;2024T2;2025T2;7,182
1067173,0;19,668;44,68;20,889;2,6;29,6;84,8;13,47;19267,0;58,83;14,1;32485,0;124,17;117,41;3,55;119840,62;1788,9;89,088;2,72;28,43;0,677;91,382;5,935;-1,0;-1,8369701987210297e-16;38;False;False;False;False;False;False;False;False;False;False;False;False;False;False;False;False;False;False;False;False;False;False;False;False;False;False;False;False;False;False;False;False;False;False;False;False;False;False;False;False;True;False;False;False;False;False;False;False;False;False;False;False;Santa Cruz de Tenerife;3;2024T3;2025T3;7,254
1067173,0;19,668;44,68;20,889;2,6;29,6;84,8;13,47;19267,0;58,82;13,78;32485,0;123,86;114,163;3,45;134283,97;1816,1;90,57;2,832;29,92;0,303;94,007;6,748;-2,4492935982947064e-16;1,0;39;False;False;False;False;False;False;False;False;False;False;False;False;False;False;False;False;False;False;False;False;False;False;False;False;False;False;False;False;False;False;False;False;False;False;False;False;False;False;False;False;True;False;False;False;False;False;False;False;False;False;False;False;Santa Cruz de Tenerife;4;2024T4;2025T4;7,29
155332,0;17,135;39,3;28,179;2,4;34,3;86,6;13,28;20391,0;58,45;8,19;33362,0;123,37;117,607;4,03;108273,41;1144,3;82,077;3,618;13,7;2,949;34,614;1,335;1,0;6,123233995736766e-17;36;False;False;False;False;False;False;False;False;False;False;False;False;False;False;False;False;False;False;False;False;False;False;False;False;False;False;False;False;False;False;False;False;False;False;False;False;False;False;False;False;False;True;False;False;False;False;False;False;False;False;False;False;Segovia;1;2024T1;2025T1;4,918
155332,0;17,135;39,3;28,179;2,4;34,3;86,6;13,28;20391,0;58,73;6,93;33362,0;124,02;113,317;3,693;94362,18;1142,0;84,235;3,684;17,68;1,609;34,483;1,127;1,2246467991473532e-16;-1,0;37;False;False;False;False;False;False;False;False;False;False;False;False;False;False;False;False;False;False;False;False;False;False;False;False;False;False;False;False;False;False;False;False;False;False;False;False;False;False;False;False;False;True;False;False;False;False;False;False;False;False;False;False;Segovia;2;2024T2;2025T2;5,021
155332,0;17,135;39,3;28,179;2,4;34,3;86,6;13,28;20391,0;59,79;7,49;33362,0;125,95;117,41;3,55;107210,53;1143,8;87,058;3,384;10,38;1,43;38,026;1,63;-1,0;-1,8369701987210297e-16;38;False;False;False;False;False;False;False;False;False;False;False;False;False;False;False;False;False;False;False;False;False;False;False;False;False;False;False;False;False;False;False;False;False;False;False;False;False;False;False;False;False;True;False;False;False;False;False;False;False;False;False;False;Segovia;3;2024T3;2025T3;5,096
155332,0;17,135;39,3;28,179;2,4;34,3;86,6;13,28;20391,0;57,57;5,56;33362,0;125,63;114,163;3,45;107266,67;1178,7;88,944;4,457;9,6;1,098;40,169;1,963;-2,4492935982947064e-16;1,0;39;False;False;False;False;False;False;False;False;False;False;False;False;False;False;False;False;False;False;False;False;False;False;False;False;False;False;False;False;False;False;False;False;False;False;False;False;False;False;False;False;False;True;False;False;False;False;False;False;False;False;False;False;Segovia;4;2024T4;2025T4;5,028
1959394,0;18,993;42,35;19,954;2,6;24,9;95,2;5,65;19851,0;58,09;15,79;31899,0;121,63;117,607;4,03;126524,59;1534,2;81,449;2,399;18,72;1,334;17,228;0,974;1,0;6,123233995736766e-17;36;False;False;False;False;False;False;False;False;False;False;False;False;False;False;False;False;False;False;False;False;False;False;False;False;False;False;False;False;False;False;False;False;False;False;False;False;False;False;False;False;False;False;True;False;False;False;False;False;False;False;False;False;Sevilla;1;2024T1;2025T1;6,83
1959394,0;18,993;42,35;19,954;2,6;24,9;95,2;5,65;19851,0;56,35;14,85;31899,0;122,17;113,317;3,693;124567,17;1549,7;83,656;2,515;23,3;1,416;17,461;0,927;1,2246467991473532e-16;-1,0;37;False;False;False;False;False;False;False;False;False;False;False;False;False;False;False;False;False;False;False;False;False;False;False;False;False;False;False;False;False;False;False;False;False;False;False;False;False;False;False;False;False;False;True;False;False;False;False;False;False;False;False;False;Sevilla;2;2024T2;2025T2;6,995
1959394,0;18,993;42,35;19,954;2,6;24,9;95,2;5,65;19851,0;57,82;14,63;31899,0;123,94;117,41;3,55;117283,9;1567,1;87,224;2,732;20,69;1,476;17,919;1,112;-1,0;-1,8369701987210297e-16;38;False;False;False;False;False;False;False;False;False;False;False;False;False;False;False;False;False;False;False;False;False;False;False;False;False;False;False;False;False;False;False;False;False;False;False;False;False;False;False;False;False;False;True;False;False;False;False;False;False;False;False;False;Sevilla;3;2024T3;2025T3;7,108
1959394,0;18,993;42,35;19,954;2,6;24,9;95,2;5,65;19851,0;57,98;13,84;31899,0;123,2;114,163;3,45;122839,04;1539,1;90,574;3,033;22,09;1,789;17,713;0,978;-2,4492935982947064e-16;1,0;39;False;False;False;False;False;False;False;False;False;False;False;False;False;False;False;False;False;False;False;False;False;False;False;False;False;False;False;False;False;False;False;False;False;False;False;False;False;False;False;False;False;False;True;False;False;False;False;False;False;False;False;False;Sevilla;4;2024T4;2025T4;7,101
89528,0;16,589;37,16;31,579;2,3;37,4;88,1;16,36;21720,0;59,69;5,14;33830,0;123,1;117,607;4,03;122713,11;939,8;82,077;3,027;25,83;0,626;38,517;1,186;1,0;6,123233995736766e-17;36;False;False;False;False;False;False;False;False;False;False;False;False;False;False;False;False;False;False;False;False;False;False;False;False;False;False;False;False;False;False;False;False;False;False;False;False;False;False;False;False;False;False;False;True;False;False;False;False;False;False;False;False;Soria;1;2024T1;2025T1;4,885
89528,0;16,589;37,16;31,579;2,3;37,4;88,1;16,36;21720,0;57,44;10,07;33830,0;123,66;113,317;3,693;108923,57;935,4;84,235;3,641;27,44;0,799;34,942;0,968;1,2246467991473532e-16;-1,0;37;False;False;False;False;False;False;False;False;False;False;False;False;False;False;False;False;False;False;False;False;False;False;False;False;False;False;False;False;False;False;False;False;False;False;False;False;False;False;False;False;False;False;False;True;False;False;False;False;False;False;False;False;Soria;2;2024T2;2025T2;4,987
89528,0;16,589;37,16;31,579;2,3;37,4;88,1;16,36;21720,0;57,22;4,15;33830,0;125,62;117,41;3,55;101994,82;967,9;87,058;4,241;32,72;0,833;40,097;1,371;-1,0;-1,8369701987210297e-16;38;False;False;False;False;False;False;False;False;False;False;False;False;False;False;False;False;False;False;False;False;False;False;False;False;False;False;False;False;False;False;False;False;False;False;False;False;False;False;False;False;False;False;False;True;False;False;False;False;False;False;False;False;Soria;3;2024T3;2025T3;5,061
89528,0;16,589;37,16;31,579;2,3;37,4;88,1;16,36;21720,0;58,29;5,77;33830,0;125,4;114,163;3,45;109173,91;976,0;88,944;2,898;14,18;0,677;40,748;1,671;-2,4492935982947064e-16;1,0;39;False;False;False;False;False;False;False;False;False;False;False;False;False;False;False;False;False;False;False;False;False;False;False;False;False;False;False;False;False;False;False;False;False;False;False;False;False;False;False;False;False;False;False;True;False;False;False;False;False;False;False;False;Soria;4;2024T4;2025T4;4,994
848592,0;18,22;40,89;22,742;2,5;29,3;81,9;14,31;22527,0;58,6;14,88;34872,0;120,63;117,607;4,03;117577,43;1443,8;84,193;3,971;13,03;0,701;30,523;1,382;1,0;6,123233995736766e-17;36;False;False;False;False;False;False;False;False;False;False;False;False;False;False;False;False;False;False;False;False;False;False;False;False;False;False;False;False;False;False;False;False;False;False;False;False;False;False;False;False;False;False;False;False;True;False;False;False;False;False;False;False;Tarragona;1;2024T1;2025T1;6,469
848592,0;18,22;40,89;22,742;2,5;29,3;81,9;14,31;22527,0;58,46;13,4;34872,0;121,32;113,317;3,693;111231,15;1472,2;86,345;4,211;13,53;0,499;20,322;0,588;1,2246467991473532e-16;-1,0;37;False;False;False;False;False;False;False;False;False;False;False;False;False;False;False;False;False;False;False;False;False;False;False;False;False;False;False;False;False;False;False;False;False;False;False;False;False;False;False;False;False;False;False;False;True;False;False;False;False;False;False;False;Tarragona;2;2024T2;2025T2;6,601
848592,0;18,22;40,89;22,742;2,5;29,3;81,9;14,31;22527,0;59,42;13,44;34872,0;123,52;117,41;3,55;106958,62;1472,4;88,741;3,935;13,3;0,569;72,283;4,227;-1,0;-1,8369701987210297e-16;38;False;False;False;False;False;False;False;False;False;False;False;False;False;False;False;False;False;False;False;False;False;False;False;False;False;False;False;False;False;False;False;False;False;False;False;False;False;False;False;False;False;False;False;False;True;False;False;False;False;False;False;False;Tarragona;3;2024T3;2025T3;6,742
848592,0;18,22;40,89;22,742;2,5;29,3;81,9;14,31;22527,0;60,05;11,28;34872,0;123,05;114,163;3,45;115002,14;1487,4;91,222;4,724;12,43;0,431;85,634;6,43;-2,4492935982947064e-16;1,0;39;False;False;False;False;False;False;False;False;False;False;False;False;False;False;False;False;False;False;False;False;False;False;False;False;False;False;False;False;False;False;False;False;False;False;False;False;False;False;False;False;False;False;False;False;True;False;False;False;False;False;False;False;Tarragona;4;2024T4;2025T4;6,659
135046,0;17,148;37,37;29,77;2,4;33,9;87,4;9,99;20777,0;58,05;9,39;32889,0;122,56;117,607;4,03;94928,0;819,2;80,188;2,495;9,79;0,518;52,466;1,523;1,0;6,123233995736766e-17;36;False;False;False;False;False;False;False;False;False;False;False;False;False;False;False;False;False;False;False;False;False;False;False;False;False;False;False;False;False;False;False;False;False;False;False;False;False;False;False;False;False;False;False;False;False;True;False;False;False;False;False;False;Teruel;1;2024T1;2025T1;4,007
135046,0;17,148;37,37;29,77;2,4;33,9;87,4;9,99;20777,0;56,51;6,36;32889,0;122,58;113,317;3,693;89889,76;840,3;83,44;2,535;10,79;0,547;48,275;1,288;1,2246467991473532e-16;-1,0;37;False;False;False;False;False;False;False;False;False;False;False;False;False;False;False;False;False;False;False;False;False;False;False;False;False;False;False;False;False;False;False;False;False;False;False;False;False;False;False;False;False;False;False;False;False;True;False;False;False;False;False;False;Teruel;2;2024T2;2025T2;4,064
135046,0;17,148;37,37;29,77;2,4;33,9;87,4;9,99;20777,0;59,05;8,22;32889,0;124,01;117,41;3,55;87507,58;864,5;87,055;2,535;9,33;0,998;53,717;1,675;-1,0;-1,8369701987210297e-16;38;False;False;False;False;False;False;False;False;False;False;False;False;False;False;False;False;False;False;False;False;False;False;False;False;False;False;False;False;False;False;False;False;False;False;False;False;False;False;False;False;False;False;False;False;False;True;False;False;False;False;False;False;Teruel;3;2024T3;2025T3;4,108
135046,0;17,148;37,37;29,77;2,4;33,9;87,4;9,99;20777,0;60,51;5,74;32889,0;123,48;114,163;3,45;88206,06;861,6;89,494;2,712;8,45;0,569;51,894;1,954;-2,4492935982947064e-16;1,0;39;False;False;False;False;False;False;False;False;False;False;False;False;False;False;False;False;False;False;False;False;False;False;False;False;False;False;False;False;False;False;False;False;False;False;False;False;False;False;False;False;False;False;False;False;False;True;False;False;False;False;False;False;Teruel;4;2024T4;2025T4;4,078
731112,0;18,371;41,16;21,626;2,6;27,6;87,6;13,41;20266,0;57,98;11,89;30626,0;125,25;117,607;4,03;97440,67;930,9;84,707;3,534;18,58;0,555;12,719;0,484;1,0;6,123233995736766e-17;36;False;False;False;False;False;False;False;False;False;False;False;False;False;False;False;False;False;False;False;False;False;False;False;False;False;False;False;False;False;False;False;False;False;False;False;False;False;False;False;False;False;False;False;False;False;False;True;False;False;False;False;False;Toledo;1;2024T1;2025T1;3,692
731112,0;18,371;41,16;21,626;2,6;27,6;87,6;13,41;20266,0;59,17;15,78;30626,0;125,97;113,317;3,693;86320,24;947,1;86,38;3,746;19,4;0,659;12,231;0,39;1,2246467991473532e-16;-1,0;37;False;False;False;False;False;False;False;False;False;False;False;False;False;False;False;False;False;False;False;False;False;False;False;False;False;False;False;False;False;False;False;False;False;False;False;False;False;False;False;False;False;False;False;False;False;False;True;False;False;False;False;False;Toledo;2;2024T2;2025T2;3,785
731112,0;18,371;41,16;21,626;2,6;27,6;87,6;13,41;20266,0;59,05;14,45;30626,0;127,81;117,41;3,55;108211,07;959,9;89,16;4,069;20,7;0,727;13,166;0,571;-1,0;-1,8369701987210297e-16;38;False;False;False;False;False;False;False;False;False;False;False;False;False;False;False;False;False;False;False;False;False;False;False;False;False;False;False;False;False;False;False;False;False;False;False;False;False;False;False;False;False;False;False;False;False;False;True;False;False;False;False;False;Toledo;3;2024T3;2025T3;3,841
731112,0;18,371;41,16;21,626;2,6;27,6;87,6;13,41;20266,0;59,2;13,54;30626,0;126,92;114,163;3,45;104162,99;979,8;91,033;4,49;19,87;0,731;12,635;0,516;-2,4492935982947064e-16;1,0;39;False;False;False;False;False;False;False;False;False;False;False;False;False;False;False;False;False;False;False;False;False;False;False;False;False;False;False;False;False;False;False;False;False;False;False;False;False;False;False;False;False;False;False;False;False;False;True;False;False;False;False;False;Toledo;4;2024T4;2025T4;3,782
2656841,0;18,482;41,88;22,632;2,5;28,7;85,7;20,2;22248,0;61,13;12,23;34198,0;120,45;117,607;4,03;116763,74;1427,6;82,063;2,991;17,46;0,903;13,09;0,656;1,0;6,123233995736766e-17;36;False;False;False;False;False;False;False;False;False;False;False;False;False;False;False;False;False;False;False;False;False;False;False;False;False;False;False;False;False;False;False;False;False;False;False;False;False;False;False;False;False;False;False;False;False;False;False;True;False;False;False;False;Valencia/València;1;2024T1;2025T1;4,929
2656841,0;18,482;41,88;22,632;2,5;28,7;85,7;20,2;22248,0;60,93;12,2;34198,0;121,07;113,317;3,693;113834,08;1449,9;84,149;3,407;16,07;0,45;13,051;0,649;1,2246467991473532e-16;-1,0;37;False;False;False;False;False;False;False;False;False;False;False;False;False;False;False;False;False;False;False;False;False;False;False;False;False;False;False;False;False;False;False;False;False;False;False;False;False;False;False;False;False;False;False;False;False;False;False;True;False;False;False;False;Valencia/València;2;2024T2;2025T2;5,037
2656841,0;18,482;41,88;22,632;2,5;28,7;85,7;20,2;22248,0;60,68;10,57;34198,0;122,95;117,41;3,55;111711,01;1481,6;87,789;3,281;15,34;0,821;15,222;0,91;-1,0;-1,8369701987210297e-16;38;False;False;False;False;False;False;False;False;False;False;False;False;False;False;False;False;False;False;False;False;False;False;False;False;False;False;False;False;False;False;False;False;False;False;False;False;False;False;False;False;False;False;False;False;False;False;False;True;False;False;False;False;Valencia/València;3;2024T3;2025T3;5,087
2656841,0;18,482;41,88;22,632;2,5;28,7;85,7;20,2;22248,0;59,86;12,52;34198,0;122,71;114,163;3,45;119104,71;1517,7;90,21;3,814;14,85;0,573;15,523;1,069;-2,4492935982947064e-16;1,0;39;False;False;False;False;False;False;False;False;False;False;False;False;False;False;False;False;False;False;False;False;False;False;False;False;False;False;False;False;False;False;False;False;False;False;False;False;False;False;False;False;False;False;False;False;False;False;False;True;False;False;False;False;Valencia/València;4;2024T4;2025T4;5,076
521333,0;15,573;40,62;28,526;2,3;31,6;93,2;8,53;23407,0;55,01;9,1;34708,0;121,88;117,607;4,03;116132,77;1309,7;82,077;2,317;26,41;1,272;14,482;0,567;1,0;6,123233995736766e-17;36;False;False;False;False;False;False;False;False;False;False;False;False;False;False;False;False;False;False;False;False;False;False;False;False;False;False;False;False;False;False;False;False;False;False;False;False;False;False;False;False;False;False;False;False;False;False;False;False;True;False;False;False;Valladolid;1;2024T1;2025T1;4,858
521333,0;15,573;40,62;28,526;2,3;31,6;93,2;8,53;23407,0;56,89;10,56;34708,0;122,43;113,317;3,693;91904,46;1314,3;84,235;2,836;32,71;1,236;14,372;0,489;1,2246467991473532e-16;-1,0;37;False;False;False;False;False;False;False;False;False;False;False;False;False;False;False;False;False;False;False;False;False;False;False;False;False;False;False;False;False;False;False;False;False;False;False;False;False;False;False;False;False;False;False;False;False;False;False;False;True;False;False;False;Valladolid;2;2024T2;2025T2;4,959
521333,0;15,573;40,62;28,526;2,3;31,6;93,2;8,53;23407,0;57,64;12,17;34708,0;124,28;117,41;3,55;102753,16;1315,0;87,058;2,807;26,19;2,038;14,54;0,603;-1,0;-1,8369701987210297e-16;38;False;False;False;False;False;False;False;False;False;False;False;False;False;False;False;False;False;False;False;False;False;False;False;False;False;False;False;False;False;False;False;False;False;False;False;False;False;False;False;False;False;False;False;False;False;False;False;False;True;False;False;False;Valladolid;3;2024T3;2025T3;5,033
521333,0;15,573;40,62;28,526;2,3;31,6;93,2;8,53;23407,0;57,52;9,22;34708,0;123,79;114,163;3,45;122315,79;1344,2;88,944;3,161;23,92;1,23;14,536;0,664;-2,4492935982947064e-16;1,0;39;False;False;False;False;False;False;False;False;False;False;False;False;False;False;False;False;False;False;False;False;False;False;False;False;False;False;False;False;False;False;False;False;False;False;False;False;False;False;False;False;False;False;False;False;False;False;False;False;True;False;False;False;Valladolid;4;2024T4;2025T4;4,966
166927,0;14,032;35,27;39,469;2,1;38,6;95,0;8,38;19254,0;52,36;15,58;27928,0;123,45;117,607;4,03;84080,0;804,4;82,077;2,049;12,28;0,497;18,098;0,531;1,0;6,123233995736766e-17;36;False;False;False;False;False;False;False;False;False;False;False;False;False;False;False;False;False;False;False;False;False;False;False;False;False;False;False;False;False;False;False;False;False;False;False;False;False;False;False;False;False;False;False;False;False;False;False;False;False;True;False;False;Zamora;1;2024T1;2025T1;4,398
166927,0;14,032;35,27;39,469;2,1;38,6;95,0;8,38;19254,0;51,87;15,35;27928,0;124,37;113,317;3,693;93803,8;814,4;84,235;2,135;16,62;0,391;15,695;0,411;1,2246467991473532e-16;-1,0;37;False;False;False;False;False;False;False;False;False;False;False;False;False;False;False;False;False;False;False;False;False;False;False;False;False;False;False;False;False;False;False;False;False;False;False;False;False;False;False;False;False;False;False;False;False;False;False;False;False;True;False;False;Zamora;2;2024T2;2025T2;4,49
166927,0;14,032;35,27;39,469;2,1;38,6;95,0;8,38;19254,0;52,05;10,36;27928,0;126,26;117,41;3,55;85860,0;841,2;87,058;2,111;12,82;0,373;18,72;0,594;-1,0;-1,8369701987210297e-16;38;False;False;False;False;False;False;False;False;False;False;False;False;False;False;False;False;False;False;False;False;False;False;False;False;False;False;False;False;False;False;False;False;False;False;False;False;False;False;False;False;False;False;False;False;False;False;False;False;False;True;False;False;Zamora;3;2024T3;2025T3;4,557
166927,0;14,032;35,27;39,469;2,1;38,6;95,0;8,38;19254,0;55,35;13,95;27928,0;125,29;114,163;3,45;89300,93;813,7;88,944;2,52;10,5;0,481;19,324;0,803;-2,4492935982947064e-16;1,0;39;False;False;False;False;False;False;False;False;False;False;False;False;False;False;False;False;False;False;False;False;False;False;False;False;False;False;False;False;False;False;False;False;False;False;False;False;False;False;False;False;False;False;False;False;False;False;False;False;False;True;False;False;Zamora;4;2024T4;2025T4;4,496
979365,0;17,649;40,18;25,639;2,4;30,5;86,1;10,47;23346,0;59,52;7,28;36098,0;120,75;117,607;4,03;116234,63;1456,3;80,188;2,557;21,73;0,527;16,338;0,719;1,0;6,123233995736766e-17;36;False;False;False;False;False;False;False;False;False;False;False;False;False;False;False;False;False;False;False;False;False;False;False;False;False;False;False;False;False;False;False;False;False;False;False;False;False;False;False;False;False;False;False;False;False;False;False;False;False;False;True;False;Zaragoza;1;2024T1;2025T1;5,609
979365,0;17,649;40,18;25,639;2,4;30,5;86,1;10,47;23346,0;58,74;7,73;36098,0;121,74;113,317;3,693;127829,08;1468,7;83,44;2,657;21,04;0,941;15,589;0,604;1,2246467991473532e-16;-1,0;37;False;False;False;False;False;False;False;False;False;False;False;False;False;False;False;False;False;False;False;False;False;False;False;False;False;False;False;False;False;False;False;False;False;False;False;False;False;False;False;False;False;False;False;False;False;False;False;False;False;False;True;False;Zaragoza;2;2024T2;2025T2;5,688
979365,0;17,649;40,18;25,639;2,4;30,5;86,1;10,47;23346,0;58,87;7,78;36098,0;123,57;117,41;3,55;114350,49;1519,8;87,055;2,831;18,6;0,732;16,561;0,769;-1,0;-1,8369701987210297e-16;38;False;False;False;False;False;False;False;False;False;False;False;False;False;False;False;False;False;False;False;False;False;False;False;False;False;False;False;False;False;False;False;False;False;False;False;False;False;False;False;False;False;False;False;False;False;False;False;False;False;False;True;False;Zaragoza;3;2024T3;2025T3;5,75
979365,0;17,649;40,18;25,639;2,4;30,5;86,1;10,47;23346,0;58,32;9,47;36098,0;123,37;114,163;3,45;122656,83;1542,0;89,494;3,008;16,46;0,856;16,549;0,802;-2,4492935982947064e-16;1,0;39;False;False;False;False;False;False;False;False;False;False;False;False;False;False;False;False;False;False;False;False;False;False;False;False;False;False;False;False;False;False;False;False;False;False;False;False;False;False;False;False;False;False;False;False;False;False;False;False;False;False;True;False;Zaragoza;4;2024T4;2025T4;5,707
159764,0;15,588;37,84;32,341;2,2;39,0;91,2;13,9;19533,0;52,02;11,27;28227,0;124,86;117,607;4,03;86697,67;884,1;82,077;3,18;16,93;0,469;29,817;0,937;1,0;6,123233995736766e-17;36;False;False;False;False;False;False;False;False;False;False;False;False;False;False;False;False;False;False;False;False;False;False;False;False;False;False;False;False;False;False;False;False;False;False;False;False;False;False;False;False;False;False;False;False;False;False;False;False;False;False;False;True;Ávila;1;2024T1;2025T1;4,248
159764,0;15,588;37,84;32,341;2,2;39,0;91,2;13,9;19533,0;50,73;13,61;28227,0;125,39;113,317;3,693;91487,18;902,0;84,235;3,521;15,93;0,573;28,171;0,791;1,2246467991473532e-16;-1,0;37;False;False;False;False;False;False;False;False;False;False;False;False;False;False;False;False;False;False;False;False;False;False;False;False;False;False;False;False;False;False;False;False;False;False;False;False;False;False;False;False;False;False;False;False;False;False;False;False;False;False;False;True;Ávila;2;2024T2;2025T2;4,337
159764,0;15,588;37,84;32,341;2,2;39,0;91,2;13,9;19533,0;51,88;10,31;28227,0;127,5;117,41;3,55;82273,74;929,8;87,058;3,415;25,18;0,679;31,021;1,076;-1,0;-1,8369701987210297e-16;38;False;False;False;False;False;False;False;False;False;False;False;False;False;False;False;False;False;False;False;False;False;False;False;False;False;False;False;False;False;False;False;False;False;False;False;False;False;False;False;False;False;False;False;False;False;False;False;False;False;False;False;True;Ávila;3;2024T3;2025T3;4,401
159764,0;15,588;37,84;32,341;2,2;39,0;91,2;13,9;19533,0;55,64;11,18;28227,0;126,69;114,163;3,45;87883,18;959,8;88,944;4,138;20,93;0,567;31,247;1,235;-2,4492935982947064e-16;1,0;39;False;False;False;False;False;False;False;False;False;False;False;False;False;False;False;False;False;False;False;False;False;False;False;False;False;False;False;False;False;False;False;False;False;False;False;False;False;False;False;False;False;False;False;False;False;False;False;False;False;False;False;True;Ávila;4;2024T4;2025T4;4,343
