codigo_provincia,provincia,anio,variable,valor
01,Araba/Álava,2015,establecimientos_abiertos_estimados,72.66666666666667
01,Araba/Álava,2015,grado_ocupacion_habitaciones_pct,49.94083333333333
01,Araba/Álava,2015,grado_ocupacion_plazas_fin_semana_pct,52.185833333333335
01,Araba/Álava,2015,grado_ocupacion_plazas_pct,42.498333333333335
01,Araba/Álava,2015,habitaciones_estimadas,2201.6666666666665
01,Araba/Álava,2015,personal_empleado,530.0833333333334
01,Araba/Álava,2015,plazas_estimadas,4243.833333333333
01,Araba/Álava,2016,establecimientos_abiertos_estimados,71.41666666666667
01,Araba/Álava,2016,grado_ocupacion_habitaciones_pct,54.14416666666667
01,Araba/Álava,2016,grado_ocupacion_plazas_fin_semana_pct,54.73
01,Araba/Álava,2016,grado_ocupacion_plazas_pct,44.24916666666667
01,Araba/Álava,2016,habitaciones_estimadas,2214.4166666666665
01,Araba/Álava,2016,personal_empleado,495.0
01,Araba/Álava,2016,plazas_estimadas,4286.333333333333
01,Araba/Álava,2017,establecimientos_abiertos_estimados,74.33333333333333
01,Araba/Álava,2017,grado_ocupacion_habitaciones_pct,58.18333333333334
01,Araba/Álava,2017,grado_ocupacion_plazas_fin_semana_pct,58.4375
01,Araba/Álava,2017,grado_ocupacion_plazas_pct,47.77
01,Araba/Álava,2017,habitaciones_estimadas,2242.75
01,Araba/Álava,2017,personal_empleado,487.1666666666667
01,Araba/Álava,2017,plazas_estimadas,4371.416666666667
01,Araba/Álava,2018,establecimientos_abiertos_estimados,71.41666666666667
01,Araba/Álava,2018,grado_ocupacion_habitaciones_pct,60.305
01,Araba/Álava,2018,grado_ocupacion_plazas_fin_semana_pct,57.729166666666664
01,Araba/Álava,2018,grado_ocupacion_plazas_pct,48.6975
01,Araba/Álava,2018,habitaciones_estimadas,2229.4166666666665
01,Araba/Álava,2018,personal_empleado,468.3333333333333
01,Araba/Álava,2018,plazas_estimadas,4371.416666666667
01,Araba/Álava,2019,establecimientos_abiertos_estimados,65.83333333333333
01,Araba/Álava,2019,grado_ocupacion_habitaciones_pct,61.639166666666675
01,Araba/Álava,2019,grado_ocupacion_plazas_fin_semana_pct,59.02916666666667
01,Araba/Álava,2019,grado_ocupacion_plazas_pct,49.10999999999999
01,Araba/Álava,2019,habitaciones_estimadas,2161.1666666666665
01,Araba/Álava,2019,personal_empleado,446.5833333333333
01,Araba/Álava,2019,plazas_estimadas,4266.25
01,Araba/Álava,2020,establecimientos_abiertos_estimados,44.833333333333336
01,Araba/Álava,2020,grado_ocupacion_habitaciones_pct,34.38583333333333
01,Araba/Álava,2020,grado_ocupacion_plazas_fin_semana_pct,27.755
01,Araba/Álava,2020,grado_ocupacion_plazas_pct,25.752499999999998
01,Araba/Álava,2020,habitaciones_estimadas,1565.25
01,Araba/Álava,2020,personal_empleado,264.5833333333333
01,Araba/Álava,2020,plazas_estimadas,3083.5833333333335
01,Araba/Álava,2021,establecimientos_abiertos_estimados,58.583333333333336
01,Araba/Álava,2021,grado_ocupacion_habitaciones_pct,46.82333333333333
01,Araba/Álava,2021,grado_ocupacion_plazas_fin_semana_pct,43.324999999999996
01,Araba/Álava,2021,grado_ocupacion_plazas_pct,37.165
01,Araba/Álava,2021,habitaciones_estimadas,2058.8333333333335
01,Araba/Álava,2021,personal_empleado,353.1666666666667
01,Araba/Álava,2021,plazas_estimadas,4116.0
01,Araba/Álava,2022,establecimientos_abiertos_estimados,65.83333333333333
01,Araba/Álava,2022,grado_ocupacion_habitaciones_pct,61.056666666666665
01,Araba/Álava,2022,grado_ocupacion_plazas_fin_semana_pct,59.23166666666666
01,Araba/Álava,2022,grado_ocupacion_plazas_pct,50.405
01,Araba/Álava,2022,habitaciones_estimadas,2179.1666666666665
01,Araba/Álava,2022,personal_empleado,418.0
01,Araba/Álava,2022,plazas_estimadas,4342.25
01,Araba/Álava,2023,establecimientos_abiertos_estimados,69.91666666666667
01,Araba/Álava,2023,grado_ocupacion_habitaciones_pct,64.68833333333333
01,Araba/Álava,2023,grado_ocupacion_plazas_fin_semana_pct,63.48916666666667
01,Araba/Álava,2023,grado_ocupacion_plazas_pct,54.03333333333333
01,Araba/Álava,2023,habitaciones_estimadas,2348.8333333333335
01,Araba/Álava,2023,personal_empleado,449.1666666666667
01,Araba/Álava,2023,plazas_estimadas,4660.166666666667
01,Araba/Álava,2024,establecimientos_abiertos_estimados,69.33333333333333
01,Araba/Álava,2024,grado_ocupacion_habitaciones_pct,65.45166666666667
01,Araba/Álava,2024,grado_ocupacion_plazas_fin_semana_pct,64.08583333333333
01,Araba/Álava,2024,grado_ocupacion_plazas_pct,54.79833333333334
01,Araba/Álava,2024,habitaciones_estimadas,2485.8333333333335
01,Araba/Álava,2024,personal_empleado,465.3333333333333
01,Araba/Álava,2024,plazas_estimadas,4979.333333333333
01,Araba/Álava,2025,establecimientos_abiertos_estimados,72.58333333333333
01,Araba/Álava,2025,grado_ocupacion_habitaciones_pct,69.82166666666667
01,Araba/Álava,2025,grado_ocupacion_plazas_fin_semana_pct,64.64916666666666
01,Araba/Álava,2025,grado_ocupacion_plazas_pct,56.11083333333334
01,Araba/Álava,2025,habitaciones_estimadas,2641.25
01,Araba/Álava,2025,personal_empleado,464.1666666666667
01,Araba/Álava,2025,plazas_estimadas,5326.666666666667
02,Albacete,2015,establecimientos_abiertos_estimados,143.0
02,Albacete,2015,grado_ocupacion_habitaciones_pct,32.01
02,Albacete,2015,grado_ocupacion_plazas_fin_semana_pct,35.0375
02,Albacete,2015,grado_ocupacion_plazas_pct,26.645
02,Albacete,2015,habitaciones_estimadas,3285.5
02,Albacete,2015,personal_empleado,563.25
02,Albacete,2015,plazas_estimadas,6256.416666666667
02,Albacete,2016,establecimientos_abiertos_estimados,139.5
02,Albacete,2016,grado_ocupacion_habitaciones_pct,33.255
02,Albacete,2016,grado_ocupacion_plazas_fin_semana_pct,38.0925
02,Albacete,2016,grado_ocupacion_plazas_pct,27.686666666666667
02,Albacete,2016,habitaciones_estimadas,3230.4166666666665
02,Albacete,2016,personal_empleado,589.5833333333334
02,Albacete,2016,plazas_estimadas,6173.083333333333
02,Albacete,2017,establecimientos_abiertos_estimados,131.5
02,Albacete,2017,grado_ocupacion_habitaciones_pct,36.401666666666664
02,Albacete,2017,grado_ocupacion_plazas_fin_semana_pct,39.659166666666664
02,Albacete,2017,grado_ocupacion_plazas_pct,30.074166666666667
02,Albacete,2017,habitaciones_estimadas,3170.0
02,Albacete,2017,personal_empleado,602.9166666666666
02,Albacete,2017,plazas_estimadas,6088.916666666667
02,Albacete,2018,establecimientos_abiertos_estimados,128.66666666666666
02,Albacete,2018,grado_ocupacion_habitaciones_pct,37.5575
02,Albacete,2018,grado_ocupacion_plazas_fin_semana_pct,41.652499999999996
02,Albacete,2018,grado_ocupacion_plazas_pct,31.16
02,Albacete,2018,habitaciones_estimadas,3089.4166666666665
02,Albacete,2018,personal_empleado,538.6666666666666
02,Albacete,2018,plazas_estimadas,5962.75
02,Albacete,2019,establecimientos_abiertos_estimados,126.91666666666667
02,Albacete,2019,grado_ocupacion_habitaciones_pct,40.39083333333333
02,Albacete,2019,grado_ocupacion_plazas_fin_semana_pct,46.12083333333334
02,Albacete,2019,grado_ocupacion_plazas_pct,33.652499999999996
02,Albacete,2019,habitaciones_estimadas,3093.0
02,Albacete,2019,personal_empleado,530.9166666666666
02,Albacete,2019,plazas_estimadas,5964.833333333333
02,Albacete,2020,establecimientos_abiertos_estimados,91.25
02,Albacete,2020,grado_ocupacion_habitaciones_pct,25.790833333333335
02,Albacete,2020,grado_ocupacion_plazas_fin_semana_pct,20.9175
02,Albacete,2020,grado_ocupacion_plazas_pct,18.7375
02,Albacete,2020,habitaciones_estimadas,2058.75
02,Albacete,2020,personal_empleado,298.25
02,Albacete,2020,plazas_estimadas,3944.75
02,Albacete,2021,establecimientos_abiertos_estimados,111.83333333333333
02,Albacete,2021,grado_ocupacion_habitaciones_pct,33.16583333333333
02,Albacete,2021,grado_ocupacion_plazas_fin_semana_pct,31.3075
02,Albacete,2021,grado_ocupacion_plazas_pct,25.367500000000003
02,Albacete,2021,habitaciones_estimadas,2683.6666666666665
02,Albacete,2021,personal_empleado,352.75
02,Albacete,2021,plazas_estimadas,5131.583333333333
02,Albacete,2022,establecimientos_abiertos_estimados,132.08333333333334
02,Albacete,2022,grado_ocupacion_habitaciones_pct,40.53666666666667
02,Albacete,2022,grado_ocupacion_plazas_fin_semana_pct,40.265
02,Albacete,2022,grado_ocupacion_plazas_pct,32.12833333333334
02,Albacete,2022,habitaciones_estimadas,3154.1666666666665
02,Albacete,2022,personal_empleado,423.9166666666667
02,Albacete,2022,plazas_estimadas,6093.916666666667
02,Albacete,2023,establecimientos_abiertos_estimados,132.41666666666666
02,Albacete,2023,grado_ocupacion_habitaciones_pct,43.215
02,Albacete,2023,grado_ocupacion_plazas_fin_semana_pct,42.26583333333333
02,Albacete,2023,grado_ocupacion_plazas_pct,33.87583333333333
02,Albacete,2023,habitaciones_estimadas,3147.5
02,Albacete,2023,personal_empleado,445.6666666666667
02,Albacete,2023,plazas_estimadas,6124.25
02,Albacete,2024,establecimientos_abiertos_estimados,132.75
02,Albacete,2024,grado_ocupacion_habitaciones_pct,44.4925
02,Albacete,2024,grado_ocupacion_plazas_fin_semana_pct,45.2475
02,Albacete,2024,grado_ocupacion_plazas_pct,36.068333333333335
02,Albacete,2024,habitaciones_estimadas,3200.75
02,Albacete,2024,personal_empleado,456.3333333333333
02,Albacete,2024,plazas_estimadas,6213.666666666667
02,Albacete,2025,establecimientos_abiertos_estimados,126.91666666666667
02,Albacete,2025,grado_ocupacion_habitaciones_pct,45.362500000000004
02,Albacete,2025,grado_ocupacion_plazas_fin_semana_pct,46.39833333333333
02,Albacete,2025,grado_ocupacion_plazas_pct,36.82083333333333
02,Albacete,2025,habitaciones_estimadas,3210.3333333333335
02,Albacete,2025,personal_empleado,495.9166666666667
02,Albacete,2025,plazas_estimadas,6287.25
03,Alicante/Alacant,2015,establecimientos_abiertos_estimados,432.1666666666667
03,Alicante/Alacant,2015,grado_ocupacion_habitaciones_pct,65.985
03,Alicante/Alacant,2015,grado_ocupacion_plazas_fin_semana_pct,71.00416666666666
03,Alicante/Alacant,2015,grado_ocupacion_plazas_pct,64.20083333333334
03,Alicante/Alacant,2015,habitaciones_estimadas,34063.583333333336
03,Alicante/Alacant,2015,personal_empleado,8335.416666666666
03,Alicante/Alacant,2015,plazas_estimadas,66797.75
03,Alicante/Alacant,2016,establecimientos_abiertos_estimados,428.8333333333333
03,Alicante/Alacant,2016,grado_ocupacion_habitaciones_pct,70.99583333333334
03,Alicante/Alacant,2016,grado_ocupacion_plazas_fin_semana_pct,73.75
03,Alicante/Alacant,2016,grado_ocupacion_plazas_pct,67.72416666666668
03,Alicante/Alacant,2016,habitaciones_estimadas,34226.666666666664
03,Alicante/Alacant,2016,personal_empleado,8828.416666666666
03,Alicante/Alacant,2016,plazas_estimadas,67418.66666666667
03,Alicante/Alacant,2017,establecimientos_abiertos_estimados,443.0
03,Alicante/Alacant,2017,grado_ocupacion_habitaciones_pct,71.30083333333333
03,Alicante/Alacant,2017,grado_ocupacion_plazas_fin_semana_pct,73.64999999999999
03,Alicante/Alacant,2017,grado_ocupacion_plazas_pct,67.57166666666667
03,Alicante/Alacant,2017,habitaciones_estimadas,34831.75
03,Alicante/Alacant,2017,personal_empleado,9407.416666666666
03,Alicante/Alacant,2017,plazas_estimadas,68838.25
03,Alicante/Alacant,2018,establecimientos_abiertos_estimados,449.75
03,Alicante/Alacant,2018,grado_ocupacion_habitaciones_pct,70.13166666666667
03,Alicante/Alacant,2018,grado_ocupacion_plazas_fin_semana_pct,71.395
03,Alicante/Alacant,2018,grado_ocupacion_plazas_pct,65.40166666666666
03,Alicante/Alacant,2018,habitaciones_estimadas,35147.333333333336
03,Alicante/Alacant,2018,personal_empleado,9483.916666666666
03,Alicante/Alacant,2018,plazas_estimadas,70604.75
03,Alicante/Alacant,2019,establecimientos_abiertos_estimados,464.0
03,Alicante/Alacant,2019,grado_ocupacion_habitaciones_pct,69.97083333333333
03,Alicante/Alacant,2019,grado_ocupacion_plazas_fin_semana_pct,70.235
03,Alicante/Alacant,2019,grado_ocupacion_plazas_pct,63.77
03,Alicante/Alacant,2019,habitaciones_estimadas,35316.333333333336
03,Alicante/Alacant,2019,personal_empleado,9723.416666666666
03,Alicante/Alacant,2019,plazas_estimadas,72176.0
03,Alicante/Alacant,2020,establecimientos_abiertos_estimados,289.5833333333333
03,Alicante/Alacant,2020,grado_ocupacion_habitaciones_pct,32.020833333333336
03,Alicante/Alacant,2020,grado_ocupacion_plazas_fin_semana_pct,32.475
03,Alicante/Alacant,2020,grado_ocupacion_plazas_pct,27.53833333333333
03,Alicante/Alacant,2020,habitaciones_estimadas,16949.333333333332
03,Alicante/Alacant,2020,personal_empleado,4055.0833333333335
03,Alicante/Alacant,2020,plazas_estimadas,34924.25
03,Alicante/Alacant,2021,establecimientos_abiertos_estimados,367.1666666666667
03,Alicante/Alacant,2021,grado_ocupacion_habitaciones_pct,43.4675
03,Alicante/Alacant,2021,grado_ocupacion_plazas_fin_semana_pct,45.73666666666667
03,Alicante/Alacant,2021,grado_ocupacion_plazas_pct,38.223333333333336
03,Alicante/Alacant,2021,habitaciones_estimadas,22498.916666666668
03,Alicante/Alacant,2021,personal_empleado,5514.75
03,Alicante/Alacant,2021,plazas_estimadas,46511.5
03,Alicante/Alacant,2022,establecimientos_abiertos_estimados,456.25
03,Alicante/Alacant,2022,grado_ocupacion_habitaciones_pct,64.40166666666667
03,Alicante/Alacant,2022,grado_ocupacion_plazas_fin_semana_pct,64.42666666666666
03,Alicante/Alacant,2022,grado_ocupacion_plazas_pct,56.91583333333333
03,Alicante/Alacant,2022,habitaciones_estimadas,33630.166666666664
03,Alicante/Alacant,2022,personal_empleado,9251.0
03,Alicante/Alacant,2022,plazas_estimadas,70686.08333333333
03,Alicante/Alacant,2023,establecimientos_abiertos_estimados,470.25
03,Alicante/Alacant,2023,grado_ocupacion_habitaciones_pct,68.115
03,Alicante/Alacant,2023,grado_ocupacion_plazas_fin_semana_pct,67.635
03,Alicante/Alacant,2023,grado_ocupacion_plazas_pct,59.935833333333335
03,Alicante/Alacant,2023,habitaciones_estimadas,35261.083333333336
03,Alicante/Alacant,2023,personal_empleado,9873.416666666666
03,Alicante/Alacant,2023,plazas_estimadas,74167.91666666667
03,Alicante/Alacant,2024,establecimientos_abiertos_estimados,499.5833333333333
03,Alicante/Alacant,2024,grado_ocupacion_habitaciones_pct,71.53166666666667
03,Alicante/Alacant,2024,grado_ocupacion_plazas_fin_semana_pct,68.98
03,Alicante/Alacant,2024,grado_ocupacion_plazas_pct,62.850833333333334
03,Alicante/Alacant,2024,habitaciones_estimadas,36159.416666666664
03,Alicante/Alacant,2024,personal_empleado,10260.333333333334
03,Alicante/Alacant,2024,plazas_estimadas,76293.75
03,Alicante/Alacant,2025,establecimientos_abiertos_estimados,546.1666666666666
03,Alicante/Alacant,2025,grado_ocupacion_habitaciones_pct,70.9575
03,Alicante/Alacant,2025,grado_ocupacion_plazas_fin_semana_pct,68.99166666666666
03,Alicante/Alacant,2025,grado_ocupacion_plazas_pct,62.29583333333334
03,Alicante/Alacant,2025,habitaciones_estimadas,36901.833333333336
03,Alicante/Alacant,2025,personal_empleado,10385.833333333334
03,Alicante/Alacant,2025,plazas_estimadas,78657.08333333333
04,Almería,2015,establecimientos_abiertos_estimados,193.16666666666666
04,Almería,2015,grado_ocupacion_habitaciones_pct,49.72833333333333
04,Almería,2015,grado_ocupacion_plazas_fin_semana_pct,44.86833333333333
04,Almería,2015,grado_ocupacion_plazas_pct,39.14
04,Almería,2015,habitaciones_estimadas,11029.583333333334
04,Almería,2015,personal_empleado,2758.5
04,Almería,2015,plazas_estimadas,28816.166666666668
04,Almería,2016,establecimientos_abiertos_estimados,195.16666666666666
04,Almería,2016,grado_ocupacion_habitaciones_pct,56.88916666666666
04,Almería,2016,grado_ocupacion_plazas_fin_semana_pct,48.89083333333334
04,Almería,2016,grado_ocupacion_plazas_pct,44.27916666666667
04,Almería,2016,habitaciones_estimadas,11465.333333333334
04,Almería,2016,personal_empleado,3079.1666666666665
04,Almería,2016,plazas_estimadas,29665.583333333332
04,Almería,2017,establecimientos_abiertos_estimados,205.75
04,Almería,2017,grado_ocupacion_habitaciones_pct,56.62416666666667
04,Almería,2017,grado_ocupacion_plazas_fin_semana_pct,49.531666666666666
04,Almería,2017,grado_ocupacion_plazas_pct,44.81666666666666
04,Almería,2017,habitaciones_estimadas,11419.0
04,Almería,2017,personal_empleado,3205.0833333333335
04,Almería,2017,plazas_estimadas,29465.25
04,Almería,2018,establecimientos_abiertos_estimados,203.66666666666666
04,Almería,2018,grado_ocupacion_habitaciones_pct,56.6625
04,Almería,2018,grado_ocupacion_plazas_fin_semana_pct,49.189166666666665
04,Almería,2018,grado_ocupacion_plazas_pct,44.15833333333333
04,Almería,2018,habitaciones_estimadas,11493.916666666666
04,Almería,2018,personal_empleado,3114.6666666666665
04,Almería,2018,plazas_estimadas,29973.083333333332
04,Almería,2019,establecimientos_abiertos_estimados,194.83333333333334
04,Almería,2019,grado_ocupacion_habitaciones_pct,54.51083333333333
04,Almería,2019,grado_ocupacion_plazas_fin_semana_pct,48.8775
04,Almería,2019,grado_ocupacion_plazas_pct,42.79833333333334
04,Almería,2019,habitaciones_estimadas,11306.0
04,Almería,2019,personal_empleado,3138.6666666666665
04,Almería,2019,plazas_estimadas,29753.0
04,Almería,2020,establecimientos_abiertos_estimados,125.58333333333333
04,Almería,2020,grado_ocupacion_habitaciones_pct,29.53333333333333
04,Almería,2020,grado_ocupacion_plazas_fin_semana_pct,24.856666666666666
04,Almería,2020,grado_ocupacion_plazas_pct,21.775000000000002
04,Almería,2020,habitaciones_estimadas,5867.25
04,Almería,2020,personal_empleado,1226.5
04,Almería,2020,plazas_estimadas,14644.5
04,Almería,2021,establecimientos_abiertos_estimados,138.33333333333334
04,Almería,2021,grado_ocupacion_habitaciones_pct,41.38666666666666
04,Almería,2021,grado_ocupacion_plazas_fin_semana_pct,35.998333333333335
04,Almería,2021,grado_ocupacion_plazas_pct,31.639166666666668
04,Almería,2021,habitaciones_estimadas,7486.5
04,Almería,2021,personal_empleado,1847.6666666666667
04,Almería,2021,plazas_estimadas,18924.083333333332
04,Almería,2022,establecimientos_abiertos_estimados,179.91666666666666
04,Almería,2022,grado_ocupacion_habitaciones_pct,53.04749999999999
04,Almería,2022,grado_ocupacion_plazas_fin_semana_pct,47.205000000000005
04,Almería,2022,grado_ocupacion_plazas_pct,40.99666666666666
04,Almería,2022,habitaciones_estimadas,10189.25
04,Almería,2022,personal_empleado,2944.4166666666665
04,Almería,2022,plazas_estimadas,25987.583333333332
04,Almería,2023,establecimientos_abiertos_estimados,191.33333333333334
04,Almería,2023,grado_ocupacion_habitaciones_pct,53.318333333333335
04,Almería,2023,grado_ocupacion_plazas_fin_semana_pct,47.906666666666666
04,Almería,2023,grado_ocupacion_plazas_pct,41.336666666666666
04,Almería,2023,habitaciones_estimadas,10803.0
04,Almería,2023,personal_empleado,3135.25
04,Almería,2023,plazas_estimadas,27272.583333333332
04,Almería,2024,establecimientos_abiertos_estimados,199.0
04,Almería,2024,grado_ocupacion_habitaciones_pct,55.3425
04,Almería,2024,grado_ocupacion_plazas_fin_semana_pct,48.34
04,Almería,2024,grado_ocupacion_plazas_pct,42.380833333333335
04,Almería,2024,habitaciones_estimadas,11128.083333333334
04,Almería,2024,personal_empleado,3291.1666666666665
04,Almería,2024,plazas_estimadas,28528.666666666668
04,Almería,2025,establecimientos_abiertos_estimados,190.5
04,Almería,2025,grado_ocupacion_habitaciones_pct,57.715833333333336
04,Almería,2025,grado_ocupacion_plazas_fin_semana_pct,50.69499999999999
04,Almería,2025,grado_ocupacion_plazas_pct,44.064166666666665
04,Almería,2025,habitaciones_estimadas,10949.083333333334
04,Almería,2025,personal_empleado,3366.25
04,Almería,2025,plazas_estimadas,28553.833333333332
05,Ávila,2015,establecimientos_abiertos_estimados,102.08333333333333
05,Ávila,2015,grado_ocupacion_habitaciones_pct,36.49
05,Ávila,2015,grado_ocupacion_plazas_fin_semana_pct,44.94166666666666
05,Ávila,2015,grado_ocupacion_plazas_pct,32.074999999999996
05,Ávila,2015,habitaciones_estimadas,2462.25
05,Ávila,2015,personal_empleado,578.75
05,Ávila,2015,plazas_estimadas,4851.25
05,Ávila,2016,establecimientos_abiertos_estimados,96.75
05,Ávila,2016,grado_ocupacion_habitaciones_pct,34.0775
05,Ávila,2016,grado_ocupacion_plazas_fin_semana_pct,42.97333333333333
05,Ávila,2016,grado_ocupacion_plazas_pct,30.685833333333335
05,Ávila,2016,habitaciones_estimadas,2328.0833333333335
05,Ávila,2016,personal_empleado,543.0833333333334
05,Ávila,2016,plazas_estimadas,4593.75
05,Ávila,2017,establecimientos_abiertos_estimados,102.08333333333333
05,Ávila,2017,grado_ocupacion_habitaciones_pct,37.524166666666666
05,Ávila,2017,grado_ocupacion_plazas_fin_semana_pct,48.350833333333334
05,Ávila,2017,grado_ocupacion_plazas_pct,34.6575
05,Ávila,2017,habitaciones_estimadas,2393.5833333333335
05,Ávila,2017,personal_empleado,571.8333333333334
05,Ávila,2017,plazas_estimadas,4732.25
05,Ávila,2018,establecimientos_abiertos_estimados,99.66666666666667
05,Ávila,2018,grado_ocupacion_habitaciones_pct,37.560833333333335
05,Ávila,2018,grado_ocupacion_plazas_fin_semana_pct,50.104166666666664
05,Ávila,2018,grado_ocupacion_plazas_pct,34.079166666666666
05,Ávila,2018,habitaciones_estimadas,2449.5
05,Ávila,2018,personal_empleado,575.25
05,Ávila,2018,plazas_estimadas,4867.583333333333
05,Ávila,2019,establecimientos_abiertos_estimados,101.75
05,Ávila,2019,grado_ocupacion_habitaciones_pct,38.498333333333335
05,Ávila,2019,grado_ocupacion_plazas_fin_semana_pct,50.20166666666666
05,Ávila,2019,grado_ocupacion_plazas_pct,34.92
05,Ávila,2019,habitaciones_estimadas,2476.25
05,Ávila,2019,personal_empleado,582.4166666666666
05,Ávila,2019,plazas_estimadas,4927.833333333333
05,Ávila,2021,establecimientos_abiertos_estimados,80.41666666666667
05,Ávila,2021,grado_ocupacion_habitaciones_pct,29.055000000000003
05,Ávila,2021,grado_ocupacion_plazas_fin_semana_pct,34.87833333333334
05,Ávila,2021,grado_ocupacion_plazas_pct,24.8275
05,Ávila,2021,habitaciones_estimadas,1961.5
05,Ávila,2021,personal_empleado,383.4166666666667
05,Ávila,2021,plazas_estimadas,3961.75
05,Ávila,2022,establecimientos_abiertos_estimados,95.5
05,Ávila,2022,grado_ocupacion_habitaciones_pct,37.81
05,Ávila,2022,grado_ocupacion_plazas_fin_semana_pct,47.34
05,Ávila,2022,grado_ocupacion_plazas_pct,32.299166666666665
05,Ávila,2022,habitaciones_estimadas,2301.5833333333335
05,Ávila,2022,personal_empleado,524.4166666666666
05,Ávila,2022,plazas_estimadas,4691.0
05,Ávila,2023,establecimientos_abiertos_estimados,96.58333333333333
05,Ávila,2023,grado_ocupacion_habitaciones_pct,41.809999999999995
05,Ávila,2023,grado_ocupacion_plazas_fin_semana_pct,50.56166666666667
05,Ávila,2023,grado_ocupacion_plazas_pct,35.92333333333333
05,Ávila,2023,habitaciones_estimadas,2350.5833333333335
05,Ávila,2023,personal_empleado,547.75
05,Ávila,2023,plazas_estimadas,4790.916666666667
05,Ávila,2024,establecimientos_abiertos_estimados,99.33333333333333
05,Ávila,2024,grado_ocupacion_habitaciones_pct,41.9325
05,Ávila,2024,grado_ocupacion_plazas_fin_semana_pct,51.80083333333334
05,Ávila,2024,grado_ocupacion_plazas_pct,36.41166666666667
05,Ávila,2024,habitaciones_estimadas,2363.9166666666665
05,Ávila,2024,personal_empleado,572.4166666666666
05,Ávila,2024,plazas_estimadas,4822.666666666667
05,Ávila,2025,establecimientos_abiertos_estimados,98.58333333333333
05,Ávila,2025,grado_ocupacion_habitaciones_pct,39.865833333333335
05,Ávila,2025,grado_ocupacion_plazas_fin_semana_pct,48.86833333333333
05,Ávila,2025,grado_ocupacion_plazas_pct,34.681666666666665
05,Ávila,2025,habitaciones_estimadas,2370.4166666666665
05,Ávila,2025,personal_empleado,590.3333333333334
05,Ávila,2025,plazas_estimadas,4871.916666666667
06,Badajoz,2015,establecimientos_abiertos_estimados,193.5
06,Badajoz,2015,grado_ocupacion_habitaciones_pct,32.82333333333333
06,Badajoz,2015,grado_ocupacion_plazas_fin_semana_pct,36.62416666666667
06,Badajoz,2015,grado_ocupacion_plazas_pct,29.617500000000003
06,Badajoz,2015,habitaciones_estimadas,5005.583333333333
06,Badajoz,2015,personal_empleado,1042.75
06,Badajoz,2015,plazas_estimadas,9472.25
06,Badajoz,2016,establecimientos_abiertos_estimados,194.41666666666666
06,Badajoz,2016,grado_ocupacion_habitaciones_pct,33.093333333333334
06,Badajoz,2016,grado_ocupacion_plazas_fin_semana_pct,35.55833333333333
06,Badajoz,2016,grado_ocupacion_plazas_pct,29.55666666666667
06,Badajoz,2016,habitaciones_estimadas,5098.083333333333
06,Badajoz,2016,personal_empleado,1040.6666666666667
06,Badajoz,2016,plazas_estimadas,9639.416666666666
06,Badajoz,2017,establecimientos_abiertos_estimados,186.08333333333334
06,Badajoz,2017,grado_ocupacion_habitaciones_pct,37.145
06,Badajoz,2017,grado_ocupacion_plazas_fin_semana_pct,40.1625
06,Badajoz,2017,grado_ocupacion_plazas_pct,33.10583333333333
06,Badajoz,2017,habitaciones_estimadas,4928.333333333333
06,Badajoz,2017,personal_empleado,1059.5833333333333
06,Badajoz,2017,plazas_estimadas,9327.083333333334
06,Badajoz,2018,establecimientos_abiertos_estimados,180.16666666666666
06,Badajoz,2018,grado_ocupacion_habitaciones_pct,41.12833333333333
06,Badajoz,2018,grado_ocupacion_plazas_fin_semana_pct,43.75083333333333
06,Badajoz,2018,grado_ocupacion_plazas_pct,36.36333333333334
06,Badajoz,2018,habitaciones_estimadas,4857.25
06,Badajoz,2018,personal_empleado,1101.4166666666667
06,Badajoz,2018,plazas_estimadas,9242.083333333334
06,Badajoz,2019,establecimientos_abiertos_estimados,172.41666666666666
06,Badajoz,2019,grado_ocupacion_habitaciones_pct,43.012499999999996
06,Badajoz,2019,grado_ocupacion_plazas_fin_semana_pct,44.865833333333335
06,Badajoz,2019,grado_ocupacion_plazas_pct,37.402499999999996
06,Badajoz,2019,habitaciones_estimadas,4824.333333333333
06,Badajoz,2019,personal_empleado,1124.3333333333333
06,Badajoz,2019,plazas_estimadas,9269.25
06,Badajoz,2020,establecimientos_abiertos_estimados,128.41666666666666
06,Badajoz,2020,grado_ocupacion_habitaciones_pct,24.715
06,Badajoz,2020,grado_ocupacion_plazas_fin_semana_pct,20.98
06,Badajoz,2020,grado_ocupacion_plazas_pct,19.857499999999998
06,Badajoz,2020,habitaciones_estimadas,3398.5833333333335
06,Badajoz,2020,personal_empleado,677.1666666666666
06,Badajoz,2020,plazas_estimadas,6561.666666666667
06,Badajoz,2021,establecimientos_abiertos_estimados,139.33333333333334
06,Badajoz,2021,grado_ocupacion_habitaciones_pct,34.485
06,Badajoz,2021,grado_ocupacion_plazas_fin_semana_pct,32.527499999999996
06,Badajoz,2021,grado_ocupacion_plazas_pct,27.866666666666664
06,Badajoz,2021,habitaciones_estimadas,4052.5
06,Badajoz,2021,personal_empleado,777.75
06,Badajoz,2021,plazas_estimadas,7919.25
06,Badajoz,2022,establecimientos_abiertos_estimados,154.66666666666666
06,Badajoz,2022,grado_ocupacion_habitaciones_pct,45.590833333333336
06,Badajoz,2022,grado_ocupacion_plazas_fin_semana_pct,46.696666666666665
06,Badajoz,2022,grado_ocupacion_plazas_pct,38.36833333333333
06,Badajoz,2022,habitaciones_estimadas,4477.5
06,Badajoz,2022,personal_empleado,1026.4166666666667
06,Badajoz,2022,plazas_estimadas,8812.833333333334
06,Badajoz,2023,establecimientos_abiertos_estimados,145.91666666666666
06,Badajoz,2023,grado_ocupacion_habitaciones_pct,48.4975
06,Badajoz,2023,grado_ocupacion_plazas_fin_semana_pct,46.836666666666666
06,Badajoz,2023,grado_ocupacion_plazas_pct,40.589166666666664
06,Badajoz,2023,habitaciones_estimadas,4379.916666666667
06,Badajoz,2023,personal_empleado,1015.4166666666666
06,Badajoz,2023,plazas_estimadas,8664.416666666666
06,Badajoz,2024,establecimientos_abiertos_estimados,160.5
06,Badajoz,2024,grado_ocupacion_habitaciones_pct,48.70416666666667
06,Badajoz,2024,grado_ocupacion_plazas_fin_semana_pct,47.81583333333333
06,Badajoz,2024,grado_ocupacion_plazas_pct,40.821666666666665
06,Badajoz,2024,habitaciones_estimadas,4535.666666666667
06,Badajoz,2024,personal_empleado,1061.4166666666667
06,Badajoz,2024,plazas_estimadas,8887.166666666666
06,Badajoz,2025,establecimientos_abiertos_estimados,165.0
06,Badajoz,2025,grado_ocupacion_habitaciones_pct,46.13583333333333
06,Badajoz,2025,grado_ocupacion_plazas_fin_semana_pct,46.06166666666667
06,Badajoz,2025,grado_ocupacion_plazas_pct,39.071666666666665
06,Badajoz,2025,habitaciones_estimadas,4532.583333333333
06,Badajoz,2025,personal_empleado,1044.5
06,Badajoz,2025,plazas_estimadas,8896.75
07,"Balears, Illes",2015,establecimientos_abiertos_estimados,731.1666666666666
07,"Balears, Illes",2015,grado_ocupacion_habitaciones_pct,67.33166666666666
07,"Balears, Illes",2015,grado_ocupacion_plazas_fin_semana_pct,63.85999999999999
07,"Balears, Illes",2015,grado_ocupacion_plazas_pct,62.652499999999996
07,"Balears, Illes",2015,habitaciones_estimadas,90769.66666666667
07,"Balears, Illes",2015,personal_empleado,27124.0
07,"Balears, Illes",2015,plazas_estimadas,188599.16666666666
07,"Balears, Illes",2016,establecimientos_abiertos_estimados,733.1666666666666
07,"Balears, Illes",2016,grado_ocupacion_habitaciones_pct,71.3125
07,"Balears, Illes",2016,grado_ocupacion_plazas_fin_semana_pct,66.7225
07,"Balears, Illes",2016,grado_ocupacion_plazas_pct,66.22833333333334
07,"Balears, Illes",2016,habitaciones_estimadas,92231.91666666667
07,"Balears, Illes",2016,personal_empleado,29601.25
07,"Balears, Illes",2016,plazas_estimadas,192493.16666666666
07,"Balears, Illes",2017,establecimientos_abiertos_estimados,733.5833333333334
07,"Balears, Illes",2017,grado_ocupacion_habitaciones_pct,71.05166666666666
07,"Balears, Illes",2017,grado_ocupacion_plazas_fin_semana_pct,66.16916666666667
07,"Balears, Illes",2017,grado_ocupacion_plazas_pct,65.41833333333334
07,"Balears, Illes",2017,habitaciones_estimadas,93489.0
07,"Balears, Illes",2017,personal_empleado,31694.666666666668
07,"Balears, Illes",2017,plazas_estimadas,196643.58333333334
07,"Balears, Illes",2018,establecimientos_abiertos_estimados,775.5
07,"Balears, Illes",2018,grado_ocupacion_habitaciones_pct,69.9025
07,"Balears, Illes",2018,grado_ocupacion_plazas_fin_semana_pct,65.64666666666666
07,"Balears, Illes",2018,grado_ocupacion_plazas_pct,63.94416666666667
07,"Balears, Illes",2018,habitaciones_estimadas,95166.25
07,"Balears, Illes",2018,personal_empleado,33109.25
07,"Balears, Illes",2018,plazas_estimadas,201287.66666666666
07,"Balears, Illes",2019,establecimientos_abiertos_estimados,771.3333333333334
07,"Balears, Illes",2019,grado_ocupacion_habitaciones_pct,68.6975
07,"Balears, Illes",2019,grado_ocupacion_plazas_fin_semana_pct,64.71833333333333
07,"Balears, Illes",2019,grado_ocupacion_plazas_pct,62.45249999999999
07,"Balears, Illes",2019,habitaciones_estimadas,94985.25
07,"Balears, Illes",2019,personal_empleado,33352.166666666664
07,"Balears, Illes",2019,plazas_estimadas,201033.16666666666
07,"Balears, Illes",2020,establecimientos_abiertos_estimados,224.33333333333334
07,"Balears, Illes",2020,grado_ocupacion_habitaciones_pct,31.25583333333333
07,"Balears, Illes",2020,grado_ocupacion_plazas_fin_semana_pct,28.040000000000003
07,"Balears, Illes",2020,grado_ocupacion_plazas_pct,26.08
07,"Balears, Illes",2020,habitaciones_estimadas,20791.333333333332
07,"Balears, Illes",2020,personal_empleado,5883.416666666667
07,"Balears, Illes",2020,plazas_estimadas,44920.416666666664
07,"Balears, Illes",2021,establecimientos_abiertos_estimados,475.9166666666667
07,"Balears, Illes",2021,grado_ocupacion_habitaciones_pct,46.91583333333333
07,"Balears, Illes",2021,grado_ocupacion_plazas_fin_semana_pct,42.2975
07,"Balears, Illes",2021,grado_ocupacion_plazas_pct,41.09666666666667
07,"Balears, Illes",2021,habitaciones_estimadas,56630.833333333336
07,"Balears, Illes",2021,personal_empleado,17379.5
07,"Balears, Illes",2021,plazas_estimadas,121303.25
07,"Balears, Illes",2022,establecimientos_abiertos_estimados,729.4166666666666
07,"Balears, Illes",2022,grado_ocupacion_habitaciones_pct,66.44083333333333
07,"Balears, Illes",2022,grado_ocupacion_plazas_fin_semana_pct,62.92249999999999
07,"Balears, Illes",2022,grado_ocupacion_plazas_pct,60.28916666666667
07,"Balears, Illes",2022,habitaciones_estimadas,93219.08333333333
07,"Balears, Illes",2022,personal_empleado,33261.916666666664
07,"Balears, Illes",2022,plazas_estimadas,198427.16666666666
07,"Balears, Illes",2023,establecimientos_abiertos_estimados,750.4166666666666
07,"Balears, Illes",2023,grado_ocupacion_habitaciones_pct,70.94833333333334
07,"Balears, Illes",2023,grado_ocupacion_plazas_fin_semana_pct,65.995
07,"Balears, Illes",2023,grado_ocupacion_plazas_pct,63.89666666666667
07,"Balears, Illes",2023,habitaciones_estimadas,95806.83333333333
07,"Balears, Illes",2023,personal_empleado,36444.333333333336
07,"Balears, Illes",2023,plazas_estimadas,204563.25
07,"Balears, Illes",2024,establecimientos_abiertos_estimados,789.3333333333334
07,"Balears, Illes",2024,grado_ocupacion_habitaciones_pct,72.1375
07,"Balears, Illes",2024,grado_ocupacion_plazas_fin_semana_pct,67.4675
07,"Balears, Illes",2024,grado_ocupacion_plazas_pct,65.0125
07,"Balears, Illes",2024,habitaciones_estimadas,100346.16666666667
07,"Balears, Illes",2024,personal_empleado,39828.0
07,"Balears, Illes",2024,plazas_estimadas,214379.08333333334
07,"Balears, Illes",2025,establecimientos_abiertos_estimados,812.75
07,"Balears, Illes",2025,grado_ocupacion_habitaciones_pct,72.08583333333333
07,"Balears, Illes",2025,grado_ocupacion_plazas_fin_semana_pct,67.45166666666667
07,"Balears, Illes",2025,grado_ocupacion_plazas_pct,65.08916666666666
07,"Balears, Illes",2025,habitaciones_estimadas,100389.25
07,"Balears, Illes",2025,personal_empleado,41626.583333333336
07,"Balears, Illes",2025,plazas_estimadas,214945.08333333334
08,Barcelona,2015,establecimientos_abiertos_estimados,1044.0833333333333
08,Barcelona,2015,grado_ocupacion_habitaciones_pct,69.60916666666667
08,Barcelona,2015,grado_ocupacion_plazas_fin_semana_pct,64.5525
08,Barcelona,2015,grado_ocupacion_plazas_pct,60.979166666666664
08,Barcelona,2015,habitaciones_estimadas,63459.083333333336
08,Barcelona,2015,personal_empleado,18560.833333333332
08,Barcelona,2015,plazas_estimadas,125651.5
08,Barcelona,2016,establecimientos_abiertos_estimados,1100.9166666666667
08,Barcelona,2016,grado_ocupacion_habitaciones_pct,73.495
08,Barcelona,2016,grado_ocupacion_plazas_fin_semana_pct,67.88083333333334
08,Barcelona,2016,grado_ocupacion_plazas_pct,63.94
08,Barcelona,2016,habitaciones_estimadas,64377.5
08,Barcelona,2016,personal_empleado,19066.833333333332
08,Barcelona,2016,plazas_estimadas,128062.25
08,Barcelona,2017,establecimientos_abiertos_estimados,1121.8333333333333
08,Barcelona,2017,grado_ocupacion_habitaciones_pct,74.31
08,Barcelona,2017,grado_ocupacion_plazas_fin_semana_pct,68.3225
08,Barcelona,2017,grado_ocupacion_plazas_pct,64.4575
08,Barcelona,2017,habitaciones_estimadas,65728.25
08,Barcelona,2017,personal_empleado,20403.666666666668
08,Barcelona,2017,plazas_estimadas,131131.83333333334
08,Barcelona,2018,establecimientos_abiertos_estimados,1135.4166666666667
08,Barcelona,2018,grado_ocupacion_habitaciones_pct,73.41250000000001
08,Barcelona,2018,grado_ocupacion_plazas_fin_semana_pct,66.87416666666667
08,Barcelona,2018,grado_ocupacion_plazas_pct,63.16833333333333
08,Barcelona,2018,habitaciones_estimadas,66825.41666666667
08,Barcelona,2018,personal_empleado,20565.833333333332
08,Barcelona,2018,plazas_estimadas,133943.5
08,Barcelona,2019,establecimientos_abiertos_estimados,1183.0833333333333
08,Barcelona,2019,grado_ocupacion_habitaciones_pct,74.64666666666666
08,Barcelona,2019,grado_ocupacion_plazas_fin_semana_pct,68.19166666666666
08,Barcelona,2019,grado_ocupacion_plazas_pct,64.28
08,Barcelona,2019,habitaciones_estimadas,68484.5
08,Barcelona,2019,personal_empleado,21789.916666666668
08,Barcelona,2019,plazas_estimadas,137712.08333333334
08,Barcelona,2020,establecimientos_abiertos_estimados,561.1666666666666
08,Barcelona,2020,grado_ocupacion_habitaciones_pct,28.7075
08,Barcelona,2020,grado_ocupacion_plazas_fin_semana_pct,25.159166666666664
08,Barcelona,2020,grado_ocupacion_plazas_pct,22.805833333333336
08,Barcelona,2020,habitaciones_estimadas,29363.0
08,Barcelona,2020,personal_empleado,7197.833333333333
08,Barcelona,2020,plazas_estimadas,59574.666666666664
08,Barcelona,2021,establecimientos_abiertos_estimados,791.25
08,Barcelona,2021,grado_ocupacion_habitaciones_pct,42.21333333333333
08,Barcelona,2021,grado_ocupacion_plazas_fin_semana_pct,40.54
08,Barcelona,2021,grado_ocupacion_plazas_pct,34.7575
08,Barcelona,2021,habitaciones_estimadas,44308.5
08,Barcelona,2021,personal_empleado,9766.916666666666
08,Barcelona,2021,plazas_estimadas,89996.33333333333
08,Barcelona,2022,establecimientos_abiertos_estimados,1087.25
08,Barcelona,2022,grado_ocupacion_habitaciones_pct,69.02583333333332
08,Barcelona,2022,grado_ocupacion_plazas_fin_semana_pct,64.11916666666667
08,Barcelona,2022,grado_ocupacion_plazas_pct,58.47
08,Barcelona,2022,habitaciones_estimadas,66544.08333333333
08,Barcelona,2022,personal_empleado,18225.5
08,Barcelona,2022,plazas_estimadas,135597.75
08,Barcelona,2023,establecimientos_abiertos_estimados,1096.1666666666667
08,Barcelona,2023,grado_ocupacion_habitaciones_pct,74.5225
08,Barcelona,2023,grado_ocupacion_plazas_fin_semana_pct,68.77666666666667
08,Barcelona,2023,grado_ocupacion_plazas_pct,63.740833333333335
08,Barcelona,2023,habitaciones_estimadas,68697.91666666667
08,Barcelona,2023,personal_empleado,20394.5
08,Barcelona,2023,plazas_estimadas,140029.75
08,Barcelona,2024,establecimientos_abiertos_estimados,1119.6666666666667
08,Barcelona,2024,grado_ocupacion_habitaciones_pct,75.135
08,Barcelona,2024,grado_ocupacion_plazas_fin_semana_pct,68.57416666666667
08,Barcelona,2024,grado_ocupacion_plazas_pct,63.91833333333333
08,Barcelona,2024,habitaciones_estimadas,70019.5
08,Barcelona,2024,personal_empleado,22051.333333333332
08,Barcelona,2024,plazas_estimadas,143233.83333333334
08,Barcelona,2025,establecimientos_abiertos_estimados,1131.25
08,Barcelona,2025,grado_ocupacion_habitaciones_pct,75.47083333333333
08,Barcelona,2025,grado_ocupacion_plazas_fin_semana_pct,67.7025
08,Barcelona,2025,grado_ocupacion_plazas_pct,63.39333333333334
08,Barcelona,2025,habitaciones_estimadas,70181.33333333333
08,Barcelona,2025,personal_empleado,23008.083333333332
08,Barcelona,2025,plazas_estimadas,145003.83333333334
09,Burgos,2015,establecimientos_abiertos_estimados,197.66666666666666
09,Burgos,2015,grado_ocupacion_habitaciones_pct,39.17333333333333
09,Burgos,2015,grado_ocupacion_plazas_fin_semana_pct,45.26416666666666
09,Burgos,2015,grado_ocupacion_plazas_pct,35.714166666666664
09,Burgos,2015,habitaciones_estimadas,4843.0
09,Burgos,2015,personal_empleado,980.1666666666666
09,Burgos,2015,plazas_estimadas,8848.083333333334
09,Burgos,2016,establecimientos_abiertos_estimados,199.5
09,Burgos,2016,grado_ocupacion_habitaciones_pct,43.794999999999995
09,Burgos,2016,grado_ocupacion_plazas_fin_semana_pct,47.737500000000004
09,Burgos,2016,grado_ocupacion_plazas_pct,39.145833333333336
09,Burgos,2016,habitaciones_estimadas,4825.166666666667
09,Burgos,2016,personal_empleado,1007.1666666666666
09,Burgos,2016,plazas_estimadas,8882.583333333334
09,Burgos,2017,establecimientos_abiertos_estimados,197.33333333333334
09,Burgos,2017,grado_ocupacion_habitaciones_pct,46.95583333333334
09,Burgos,2017,grado_ocupacion_plazas_fin_semana_pct,51.086666666666666
09,Burgos,2017,grado_ocupacion_plazas_pct,41.487500000000004
09,Burgos,2017,habitaciones_estimadas,4704.5
09,Burgos,2017,personal_empleado,1011.0833333333334
09,Burgos,2017,plazas_estimadas,8650.416666666666
09,Burgos,2018,establecimientos_abiertos_estimados,205.08333333333334
09,Burgos,2018,grado_ocupacion_habitaciones_pct,45.2925
09,Burgos,2018,grado_ocupacion_plazas_fin_semana_pct,49.189166666666665
09,Burgos,2018,grado_ocupacion_plazas_pct,39.934999999999995
09,Burgos,2018,habitaciones_estimadas,4805.333333333333
09,Burgos,2018,personal_empleado,1037.1666666666667
09,Burgos,2018,plazas_estimadas,8869.166666666666
09,Burgos,2019,establecimientos_abiertos_estimados,200.83333333333334
09,Burgos,2019,grado_ocupacion_habitaciones_pct,47.01333333333333
09,Burgos,2019,grado_ocupacion_plazas_fin_semana_pct,50.20666666666667
09,Burgos,2019,grado_ocupacion_plazas_pct,41.27583333333333
09,Burgos,2019,habitaciones_estimadas,4687.25
09,Burgos,2019,personal_empleado,980.25
09,Burgos,2019,plazas_estimadas,8680.75
09,Burgos,2020,establecimientos_abiertos_estimados,114.66666666666667
09,Burgos,2020,grado_ocupacion_habitaciones_pct,23.716666666666665
09,Burgos,2020,grado_ocupacion_plazas_fin_semana_pct,20.6575
09,Burgos,2020,grado_ocupacion_plazas_pct,19.228333333333335
09,Burgos,2020,habitaciones_estimadas,2823.75
09,Burgos,2020,personal_empleado,518.5833333333334
09,Burgos,2020,plazas_estimadas,5253.583333333333
09,Burgos,2021,establecimientos_abiertos_estimados,138.66666666666666
09,Burgos,2021,grado_ocupacion_habitaciones_pct,37.330000000000005
09,Burgos,2021,grado_ocupacion_plazas_fin_semana_pct,36.030833333333334
09,Burgos,2021,grado_ocupacion_plazas_pct,31.008333333333336
09,Burgos,2021,habitaciones_estimadas,3526.3333333333335
09,Burgos,2021,personal_empleado,645.3333333333334
09,Burgos,2021,plazas_estimadas,6604.75
09,Burgos,2022,establecimientos_abiertos_estimados,179.5
09,Burgos,2022,grado_ocupacion_habitaciones_pct,46.7925
09,Burgos,2022,grado_ocupacion_plazas_fin_semana_pct,50.61333333333334
09,Burgos,2022,grado_ocupacion_plazas_pct,41.06916666666667
09,Burgos,2022,habitaciones_estimadas,4626.916666666667
09,Burgos,2022,personal_empleado,940.0833333333334
09,Burgos,2022,plazas_estimadas,8657.583333333334
09,Burgos,2023,establecimientos_abiertos_estimados,178.58333333333334
09,Burgos,2023,grado_ocupacion_habitaciones_pct,51.20583333333334
09,Burgos,2023,grado_ocupacion_plazas_fin_semana_pct,52.916666666666664
09,Burgos,2023,grado_ocupacion_plazas_pct,44.01416666666666
09,Burgos,2023,habitaciones_estimadas,4654.416666666667
09,Burgos,2023,personal_empleado,1011.8333333333334
09,Burgos,2023,plazas_estimadas,8681.0
09,Burgos,2024,establecimientos_abiertos_estimados,160.16666666666666
09,Burgos,2024,grado_ocupacion_habitaciones_pct,54.310833333333335
09,Burgos,2024,grado_ocupacion_plazas_fin_semana_pct,56.384166666666665
09,Burgos,2024,grado_ocupacion_plazas_pct,46.689166666666665
09,Burgos,2024,habitaciones_estimadas,4478.0
09,Burgos,2024,personal_empleado,1082.6666666666667
09,Burgos,2024,plazas_estimadas,8407.166666666666
09,Burgos,2025,establecimientos_abiertos_estimados,159.41666666666666
09,Burgos,2025,grado_ocupacion_habitaciones_pct,56.83166666666667
09,Burgos,2025,grado_ocupacion_plazas_fin_semana_pct,57.57916666666667
09,Burgos,2025,grado_ocupacion_plazas_pct,47.9125
09,Burgos,2025,habitaciones_estimadas,4353.5
09,Burgos,2025,personal_empleado,1107.1666666666667
09,Burgos,2025,plazas_estimadas,8310.0
10,Cáceres,2015,establecimientos_abiertos_estimados,243.08333333333334
10,Cáceres,2015,grado_ocupacion_habitaciones_pct,32.6075
10,Cáceres,2015,grado_ocupacion_plazas_fin_semana_pct,40.82
10,Cáceres,2015,grado_ocupacion_plazas_pct,29.747500000000002
10,Cáceres,2015,habitaciones_estimadas,5255.0
10,Cáceres,2015,personal_empleado,1205.4166666666667
10,Cáceres,2015,plazas_estimadas,10073.5
10,Cáceres,2016,establecimientos_abiertos_estimados,231.33333333333334
10,Cáceres,2016,grado_ocupacion_habitaciones_pct,37.69583333333333
10,Cáceres,2016,grado_ocupacion_plazas_fin_semana_pct,44.73
10,Cáceres,2016,grado_ocupacion_plazas_pct,33.56333333333333
10,Cáceres,2016,habitaciones_estimadas,5141.083333333333
10,Cáceres,2016,personal_empleado,1233.75
10,Cáceres,2016,plazas_estimadas,9929.666666666666
10,Cáceres,2017,establecimientos_abiertos_estimados,219.5
10,Cáceres,2017,grado_ocupacion_habitaciones_pct,37.51916666666667
10,Cáceres,2017,grado_ocupacion_plazas_fin_semana_pct,46.09166666666667
10,Cáceres,2017,grado_ocupacion_plazas_pct,34.05916666666667
10,Cáceres,2017,habitaciones_estimadas,5029.083333333333
10,Cáceres,2017,personal_empleado,1268.75
10,Cáceres,2017,plazas_estimadas,9668.25
10,Cáceres,2018,establecimientos_abiertos_estimados,205.58333333333334
10,Cáceres,2018,grado_ocupacion_habitaciones_pct,38.92666666666667
10,Cáceres,2018,grado_ocupacion_plazas_fin_semana_pct,49.68083333333333
10,Cáceres,2018,grado_ocupacion_plazas_pct,35.5725
10,Cáceres,2018,habitaciones_estimadas,4863.75
10,Cáceres,2018,personal_empleado,1212.9166666666667
10,Cáceres,2018,plazas_estimadas,9374.583333333334
10,Cáceres,2019,establecimientos_abiertos_estimados,199.91666666666666
10,Cáceres,2019,grado_ocupacion_habitaciones_pct,40.11
10,Cáceres,2019,grado_ocupacion_plazas_fin_semana_pct,49.175000000000004
10,Cáceres,2019,grado_ocupacion_plazas_pct,35.9975
10,Cáceres,2019,habitaciones_estimadas,4793.333333333333
10,Cáceres,2019,personal_empleado,1213.75
10,Cáceres,2019,plazas_estimadas,9274.0
10,Cáceres,2020,establecimientos_abiertos_estimados,145.08333333333334
10,Cáceres,2020,grado_ocupacion_habitaciones_pct,22.9575
10,Cáceres,2020,grado_ocupacion_plazas_fin_semana_pct,22.516666666666666
10,Cáceres,2020,grado_ocupacion_plazas_pct,19.140833333333333
10,Cáceres,2020,habitaciones_estimadas,3279.3333333333335
10,Cáceres,2020,personal_empleado,710.3333333333334
10,Cáceres,2020,plazas_estimadas,6385.0
10,Cáceres,2021,establecimientos_abiertos_estimados,172.5
10,Cáceres,2021,grado_ocupacion_habitaciones_pct,32.015
10,Cáceres,2021,grado_ocupacion_plazas_fin_semana_pct,33.395
10,Cáceres,2021,grado_ocupacion_plazas_pct,27.294166666666666
10,Cáceres,2021,habitaciones_estimadas,4061.75
10,Cáceres,2021,personal_empleado,880.4166666666666
10,Cáceres,2021,plazas_estimadas,7912.583333333333
10,Cáceres,2022,establecimientos_abiertos_estimados,188.58333333333334
10,Cáceres,2022,grado_ocupacion_habitaciones_pct,41.68666666666667
10,Cáceres,2022,grado_ocupacion_plazas_fin_semana_pct,47.0
10,Cáceres,2022,grado_ocupacion_plazas_pct,36.469166666666666
10,Cáceres,2022,habitaciones_estimadas,4569.25
10,Cáceres,2022,personal_empleado,1178.6666666666667
10,Cáceres,2022,plazas_estimadas,8878.25
10,Cáceres,2023,establecimientos_abiertos_estimados,195.0
10,Cáceres,2023,grado_ocupacion_habitaciones_pct,42.24333333333333
10,Cáceres,2023,grado_ocupacion_plazas_fin_semana_pct,47.46333333333333
10,Cáceres,2023,grado_ocupacion_plazas_pct,37.255
10,Cáceres,2023,habitaciones_estimadas,4698.75
10,Cáceres,2023,personal_empleado,1228.8333333333333
10,Cáceres,2023,plazas_estimadas,9120.166666666666
10,Cáceres,2024,establecimientos_abiertos_estimados,198.91666666666666
10,Cáceres,2024,grado_ocupacion_habitaciones_pct,44.3025
10,Cáceres,2024,grado_ocupacion_plazas_fin_semana_pct,49.16166666666667
10,Cáceres,2024,grado_ocupacion_plazas_pct,38.5925
10,Cáceres,2024,habitaciones_estimadas,4715.916666666667
10,Cáceres,2024,personal_empleado,1262.5
10,Cáceres,2024,plazas_estimadas,9172.833333333334
10,Cáceres,2025,establecimientos_abiertos_estimados,194.08333333333334
10,Cáceres,2025,grado_ocupacion_habitaciones_pct,42.627500000000005
10,Cáceres,2025,grado_ocupacion_plazas_fin_semana_pct,46.994166666666665
10,Cáceres,2025,grado_ocupacion_plazas_pct,36.839166666666664
10,Cáceres,2025,habitaciones_estimadas,4579.583333333333
10,Cáceres,2025,personal_empleado,1247.75
10,Cáceres,2025,plazas_estimadas,8906.0
11,Cádiz,2015,establecimientos_abiertos_estimados,397.1666666666667
11,Cádiz,2015,grado_ocupacion_habitaciones_pct,52.125
11,Cádiz,2015,grado_ocupacion_plazas_fin_semana_pct,53.399166666666666
11,Cádiz,2015,grado_ocupacion_plazas_pct,45.76083333333333
11,Cádiz,2015,habitaciones_estimadas,17015.666666666668
11,Cádiz,2015,personal_empleado,4842.25
11,Cádiz,2015,plazas_estimadas,36831.916666666664
11,Cádiz,2016,establecimientos_abiertos_estimados,406.4166666666667
11,Cádiz,2016,grado_ocupacion_habitaciones_pct,55.125
11,Cádiz,2016,grado_ocupacion_plazas_fin_semana_pct,55.63666666666666
11,Cádiz,2016,grado_ocupacion_plazas_pct,48.17916666666667
11,Cádiz,2016,habitaciones_estimadas,17229.75
11,Cádiz,2016,personal_empleado,5218.75
11,Cádiz,2016,plazas_estimadas,37602.583333333336
11,Cádiz,2017,establecimientos_abiertos_estimados,414.0
11,Cádiz,2017,grado_ocupacion_habitaciones_pct,57.67416666666667
11,Cádiz,2017,grado_ocupacion_plazas_fin_semana_pct,58.57083333333333
11,Cádiz,2017,grado_ocupacion_plazas_pct,49.876666666666665
11,Cádiz,2017,habitaciones_estimadas,17419.666666666668
11,Cádiz,2017,personal_empleado,5473.416666666667
11,Cádiz,2017,plazas_estimadas,37941.083333333336
11,Cádiz,2018,establecimientos_abiertos_estimados,429.3333333333333
11,Cádiz,2018,grado_ocupacion_habitaciones_pct,57.2275
11,Cádiz,2018,grado_ocupacion_plazas_fin_semana_pct,58.04416666666666
11,Cádiz,2018,grado_ocupacion_plazas_pct,49.2175
11,Cádiz,2018,habitaciones_estimadas,18028.833333333332
11,Cádiz,2018,personal_empleado,5662.25
11,Cádiz,2018,plazas_estimadas,39193.416666666664
11,Cádiz,2019,establecimientos_abiertos_estimados,437.0
11,Cádiz,2019,grado_ocupacion_habitaciones_pct,58.104166666666664
11,Cádiz,2019,grado_ocupacion_plazas_fin_semana_pct,58.895
11,Cádiz,2019,grado_ocupacion_plazas_pct,49.607499999999995
11,Cádiz,2019,habitaciones_estimadas,18310.916666666668
11,Cádiz,2019,personal_empleado,5762.333333333333
11,Cádiz,2019,plazas_estimadas,39891.75
11,Cádiz,2020,establecimientos_abiertos_estimados,289.75
11,Cádiz,2020,grado_ocupacion_habitaciones_pct,32.26583333333333
11,Cádiz,2020,grado_ocupacion_plazas_fin_semana_pct,32.375
11,Cádiz,2020,grado_ocupacion_plazas_pct,26.800833333333333
11,Cádiz,2020,habitaciones_estimadas,10716.916666666666
11,Cádiz,2020,personal_empleado,2798.1666666666665
11,Cádiz,2020,plazas_estimadas,23059.583333333332
11,Cádiz,2021,establecimientos_abiertos_estimados,350.75
11,Cádiz,2021,grado_ocupacion_habitaciones_pct,45.56666666666666
11,Cádiz,2021,grado_ocupacion_plazas_fin_semana_pct,45.19583333333333
11,Cádiz,2021,grado_ocupacion_plazas_pct,38.376666666666665
11,Cádiz,2021,habitaciones_estimadas,13873.666666666666
11,Cádiz,2021,personal_empleado,4112.083333333333
11,Cádiz,2021,plazas_estimadas,30155.5
11,Cádiz,2022,establecimientos_abiertos_estimados,412.5
11,Cádiz,2022,grado_ocupacion_habitaciones_pct,56.4275
11,Cádiz,2022,grado_ocupacion_plazas_fin_semana_pct,56.25333333333334
11,Cádiz,2022,grado_ocupacion_plazas_pct,47.81916666666667
11,Cádiz,2022,habitaciones_estimadas,17809.25
11,Cádiz,2022,personal_empleado,5907.083333333333
11,Cádiz,2022,plazas_estimadas,39093.0
11,Cádiz,2023,establecimientos_abiertos_estimados,410.8333333333333
11,Cádiz,2023,grado_ocupacion_habitaciones_pct,59.14833333333333
11,Cádiz,2023,grado_ocupacion_plazas_fin_semana_pct,58.05583333333333
11,Cádiz,2023,grado_ocupacion_plazas_pct,49.98333333333333
11,Cádiz,2023,habitaciones_estimadas,18350.416666666668
11,Cádiz,2023,personal_empleado,6529.25
11,Cádiz,2023,plazas_estimadas,40283.75
11,Cádiz,2024,establecimientos_abiertos_estimados,411.4166666666667
11,Cádiz,2024,grado_ocupacion_habitaciones_pct,60.055
11,Cádiz,2024,grado_ocupacion_plazas_fin_semana_pct,59.98083333333333
11,Cádiz,2024,grado_ocupacion_plazas_pct,50.92916666666667
11,Cádiz,2024,habitaciones_estimadas,18841.583333333332
11,Cádiz,2024,personal_empleado,7031.416666666667
11,Cádiz,2024,plazas_estimadas,41364.083333333336
11,Cádiz,2025,establecimientos_abiertos_estimados,414.9166666666667
11,Cádiz,2025,grado_ocupacion_habitaciones_pct,62.1
11,Cádiz,2025,grado_ocupacion_plazas_fin_semana_pct,61.92166666666666
11,Cádiz,2025,grado_ocupacion_plazas_pct,52.98416666666666
11,Cádiz,2025,habitaciones_estimadas,18714.083333333332
11,Cádiz,2025,personal_empleado,7437.333333333333
11,Cádiz,2025,plazas_estimadas,41081.416666666664
12,Castellón/Castelló,2015,establecimientos_abiertos_estimados,185.58333333333334
12,Castellón/Castelló,2015,grado_ocupacion_habitaciones_pct,46.92916666666667
12,Castellón/Castelló,2015,grado_ocupacion_plazas_fin_semana_pct,54.83583333333333
12,Castellón/Castelló,2015,grado_ocupacion_plazas_pct,45.36333333333334
12,Castellón/Castelló,2015,habitaciones_estimadas,8758.083333333334
12,Castellón/Castelló,2015,personal_empleado,2004.5833333333333
12,Castellón/Castelló,2015,plazas_estimadas,18001.333333333332
12,Castellón/Castelló,2016,establecimientos_abiertos_estimados,192.58333333333334
12,Castellón/Castelló,2016,grado_ocupacion_habitaciones_pct,48.53666666666667
12,Castellón/Castelló,2016,grado_ocupacion_plazas_fin_semana_pct,55.23083333333333
12,Castellón/Castelló,2016,grado_ocupacion_plazas_pct,45.34833333333333
12,Castellón/Castelló,2016,habitaciones_estimadas,9187.75
12,Castellón/Castelló,2016,personal_empleado,2067.0833333333335
12,Castellón/Castelló,2016,plazas_estimadas,18985.666666666668
12,Castellón/Castelló,2017,establecimientos_abiertos_estimados,176.0
12,Castellón/Castelló,2017,grado_ocupacion_habitaciones_pct,51.965833333333336
12,Castellón/Castelló,2017,grado_ocupacion_plazas_fin_semana_pct,59.909166666666664
12,Castellón/Castelló,2017,grado_ocupacion_plazas_pct,48.675000000000004
12,Castellón/Castelló,2017,habitaciones_estimadas,8879.583333333334
12,Castellón/Castelló,2017,personal_empleado,2076.4166666666665
12,Castellón/Castelló,2017,plazas_estimadas,18497.666666666668
12,Castellón/Castelló,2018,establecimientos_abiertos_estimados,173.58333333333334
12,Castellón/Castelló,2018,grado_ocupacion_habitaciones_pct,51.784166666666664
12,Castellón/Castelló,2018,grado_ocupacion_plazas_fin_semana_pct,59.58166666666667
12,Castellón/Castelló,2018,grado_ocupacion_plazas_pct,48.5725
12,Castellón/Castelló,2018,habitaciones_estimadas,8805.583333333334
12,Castellón/Castelló,2018,personal_empleado,2060.25
12,Castellón/Castelló,2018,plazas_estimadas,18326.083333333332
12,Castellón/Castelló,2019,establecimientos_abiertos_estimados,187.5
12,Castellón/Castelló,2019,grado_ocupacion_habitaciones_pct,52.7875
12,Castellón/Castelló,2019,grado_ocupacion_plazas_fin_semana_pct,58.50083333333333
12,Castellón/Castelló,2019,grado_ocupacion_plazas_pct,48.25416666666666
12,Castellón/Castelló,2019,habitaciones_estimadas,8890.0
12,Castellón/Castelló,2019,personal_empleado,2303.9166666666665
12,Castellón/Castelló,2019,plazas_estimadas,18890.833333333332
12,Castellón/Castelló,2020,establecimientos_abiertos_estimados,127.83333333333333
12,Castellón/Castelló,2020,grado_ocupacion_habitaciones_pct,28.38083333333333
12,Castellón/Castelló,2020,grado_ocupacion_plazas_fin_semana_pct,30.094166666666666
12,Castellón/Castelló,2020,grado_ocupacion_plazas_pct,24.540000000000003
12,Castellón/Castelló,2020,habitaciones_estimadas,5045.666666666667
12,Castellón/Castelló,2020,personal_empleado,1121.5833333333333
12,Castellón/Castelló,2020,plazas_estimadas,10676.666666666666
12,Castellón/Castelló,2021,establecimientos_abiertos_estimados,161.0
12,Castellón/Castelló,2021,grado_ocupacion_habitaciones_pct,39.659166666666664
12,Castellón/Castelló,2021,grado_ocupacion_plazas_fin_semana_pct,43.568333333333335
12,Castellón/Castelló,2021,grado_ocupacion_plazas_pct,34.845
12,Castellón/Castelló,2021,habitaciones_estimadas,6764.25
12,Castellón/Castelló,2021,personal_empleado,1491.25
12,Castellón/Castelló,2021,plazas_estimadas,14227.833333333334
12,Castellón/Castelló,2022,establecimientos_abiertos_estimados,175.66666666666666
12,Castellón/Castelló,2022,grado_ocupacion_habitaciones_pct,50.465
12,Castellón/Castelló,2022,grado_ocupacion_plazas_fin_semana_pct,52.01333333333334
12,Castellón/Castelló,2022,grado_ocupacion_plazas_pct,43.31
12,Castellón/Castelló,2022,habitaciones_estimadas,8182.416666666667
12,Castellón/Castelló,2022,personal_empleado,1865.9166666666667
12,Castellón/Castelló,2022,plazas_estimadas,17813.916666666668
12,Castellón/Castelló,2023,establecimientos_abiertos_estimados,176.75
12,Castellón/Castelló,2023,grado_ocupacion_habitaciones_pct,52.7175
12,Castellón/Castelló,2023,grado_ocupacion_plazas_fin_semana_pct,54.01583333333334
12,Castellón/Castelló,2023,grado_ocupacion_plazas_pct,45.00416666666666
12,Castellón/Castelló,2023,habitaciones_estimadas,8142.666666666667
12,Castellón/Castelló,2023,personal_empleado,1877.0
12,Castellón/Castelló,2023,plazas_estimadas,17909.75
12,Castellón/Castelló,2024,establecimientos_abiertos_estimados,177.33333333333334
12,Castellón/Castelló,2024,grado_ocupacion_habitaciones_pct,53.346666666666664
12,Castellón/Castelló,2024,grado_ocupacion_plazas_fin_semana_pct,54.895
12,Castellón/Castelló,2024,grado_ocupacion_plazas_pct,46.92250000000001
12,Castellón/Castelló,2024,habitaciones_estimadas,8498.5
12,Castellón/Castelló,2024,personal_empleado,1993.0
12,Castellón/Castelló,2024,plazas_estimadas,18550.0
12,Castellón/Castelló,2025,establecimientos_abiertos_estimados,185.08333333333334
12,Castellón/Castelló,2025,grado_ocupacion_habitaciones_pct,56.129999999999995
12,Castellón/Castelló,2025,grado_ocupacion_plazas_fin_semana_pct,58.03333333333333
12,Castellón/Castelló,2025,grado_ocupacion_plazas_pct,48.45583333333334
12,Castellón/Castelló,2025,habitaciones_estimadas,8701.666666666666
12,Castellón/Castelló,2025,personal_empleado,1932.5833333333333
12,Castellón/Castelló,2025,plazas_estimadas,18975.083333333332
13,Ciudad Real,2015,establecimientos_abiertos_estimados,181.5
13,Ciudad Real,2015,grado_ocupacion_habitaciones_pct,28.087500000000002
13,Ciudad Real,2015,grado_ocupacion_plazas_fin_semana_pct,30.81416666666667
13,Ciudad Real,2015,grado_ocupacion_plazas_pct,23.034166666666668
13,Ciudad Real,2015,habitaciones_estimadas,3876.25
13,Ciudad Real,2015,personal_empleado,652.5833333333334
13,Ciudad Real,2015,plazas_estimadas,7427.166666666667
13,Ciudad Real,2016,establecimientos_abiertos_estimados,188.16666666666666
13,Ciudad Real,2016,grado_ocupacion_habitaciones_pct,29.239166666666666
13,Ciudad Real,2016,grado_ocupacion_plazas_fin_semana_pct,32.410833333333336
13,Ciudad Real,2016,grado_ocupacion_plazas_pct,24.194999999999997
13,Ciudad Real,2016,habitaciones_estimadas,3940.5
13,Ciudad Real,2016,personal_empleado,667.0833333333334
13,Ciudad Real,2016,plazas_estimadas,7526.583333333333
13,Ciudad Real,2017,establecimientos_abiertos_estimados,182.58333333333334
13,Ciudad Real,2017,grado_ocupacion_habitaciones_pct,30.63416666666667
13,Ciudad Real,2017,grado_ocupacion_plazas_fin_semana_pct,35.58166666666667
13,Ciudad Real,2017,grado_ocupacion_plazas_pct,25.528333333333336
13,Ciudad Real,2017,habitaciones_estimadas,3978.1666666666665
13,Ciudad Real,2017,personal_empleado,673.4166666666666
13,Ciudad Real,2017,plazas_estimadas,7619.333333333333
13,Ciudad Real,2018,establecimientos_abiertos_estimados,180.41666666666666
13,Ciudad Real,2018,grado_ocupacion_habitaciones_pct,31.9425
13,Ciudad Real,2018,grado_ocupacion_plazas_fin_semana_pct,36.47416666666667
13,Ciudad Real,2018,grado_ocupacion_plazas_pct,25.945833333333336
13,Ciudad Real,2018,habitaciones_estimadas,3979.1666666666665
13,Ciudad Real,2018,personal_empleado,682.9166666666666
13,Ciudad Real,2018,plazas_estimadas,7693.083333333333
13,Ciudad Real,2019,establecimientos_abiertos_estimados,174.91666666666666
13,Ciudad Real,2019,grado_ocupacion_habitaciones_pct,32.83833333333333
13,Ciudad Real,2019,grado_ocupacion_plazas_fin_semana_pct,36.105
13,Ciudad Real,2019,grado_ocupacion_plazas_pct,26.185833333333335
13,Ciudad Real,2019,habitaciones_estimadas,3872.1666666666665
13,Ciudad Real,2019,personal_empleado,671.75
13,Ciudad Real,2019,plazas_estimadas,7487.25
13,Ciudad Real,2020,establecimientos_abiertos_estimados,115.41666666666667
13,Ciudad Real,2020,grado_ocupacion_habitaciones_pct,19.301666666666666
13,Ciudad Real,2020,grado_ocupacion_plazas_fin_semana_pct,16.028333333333332
13,Ciudad Real,2020,grado_ocupacion_plazas_pct,14.6025
13,Ciudad Real,2020,habitaciones_estimadas,2492.1666666666665
13,Ciudad Real,2020,personal_empleado,369.5833333333333
13,Ciudad Real,2020,plazas_estimadas,4745.333333333333
13,Ciudad Real,2021,establecimientos_abiertos_estimados,135.25
13,Ciudad Real,2021,grado_ocupacion_habitaciones_pct,28.160833333333333
13,Ciudad Real,2021,grado_ocupacion_plazas_fin_semana_pct,27.84583333333333
13,Ciudad Real,2021,grado_ocupacion_plazas_pct,22.364166666666666
13,Ciudad Real,2021,habitaciones_estimadas,3026.6666666666665
13,Ciudad Real,2021,personal_empleado,463.0
13,Ciudad Real,2021,plazas_estimadas,5769.916666666667
13,Ciudad Real,2022,establecimientos_abiertos_estimados,156.75
13,Ciudad Real,2022,grado_ocupacion_habitaciones_pct,35.0875
13,Ciudad Real,2022,grado_ocupacion_plazas_fin_semana_pct,37.60333333333333
13,Ciudad Real,2022,grado_ocupacion_plazas_pct,28.412499999999998
13,Ciudad Real,2022,habitaciones_estimadas,3598.0
13,Ciudad Real,2022,personal_empleado,572.4166666666666
13,Ciudad Real,2022,plazas_estimadas,6865.083333333333
13,Ciudad Real,2023,establecimientos_abiertos_estimados,152.25
13,Ciudad Real,2023,grado_ocupacion_habitaciones_pct,36.185
13,Ciudad Real,2023,grado_ocupacion_plazas_fin_semana_pct,37.5725
13,Ciudad Real,2023,grado_ocupacion_plazas_pct,29.0275
13,Ciudad Real,2023,habitaciones_estimadas,3514.4166666666665
13,Ciudad Real,2023,personal_empleado,587.4166666666666
13,Ciudad Real,2023,plazas_estimadas,6755.833333333333
13,Ciudad Real,2024,establecimientos_abiertos_estimados,143.08333333333334
13,Ciudad Real,2024,grado_ocupacion_habitaciones_pct,37.895833333333336
13,Ciudad Real,2024,grado_ocupacion_plazas_fin_semana_pct,39.67166666666667
13,Ciudad Real,2024,grado_ocupacion_plazas_pct,29.69666666666667
13,Ciudad Real,2024,habitaciones_estimadas,3444.1666666666665
13,Ciudad Real,2024,personal_empleado,588.5833333333334
13,Ciudad Real,2024,plazas_estimadas,6719.666666666667
13,Ciudad Real,2025,establecimientos_abiertos_estimados,141.75
13,Ciudad Real,2025,grado_ocupacion_habitaciones_pct,40.3125
13,Ciudad Real,2025,grado_ocupacion_plazas_fin_semana_pct,39.75
13,Ciudad Real,2025,grado_ocupacion_plazas_pct,30.621666666666666
13,Ciudad Real,2025,habitaciones_estimadas,3465.5
13,Ciudad Real,2025,personal_empleado,649.5833333333334
13,Ciudad Real,2025,plazas_estimadas,6830.083333333333
14,Córdoba,2015,establecimientos_abiertos_estimados,188.16666666666666
14,Córdoba,2015,grado_ocupacion_habitaciones_pct,50.16
14,Córdoba,2015,grado_ocupacion_plazas_fin_semana_pct,57.195
14,Córdoba,2015,grado_ocupacion_plazas_pct,45.607499999999995
14,Córdoba,2015,habitaciones_estimadas,5574.0
14,Córdoba,2015,personal_empleado,1272.0
14,Córdoba,2015,plazas_estimadas,10886.083333333334
14,Córdoba,2016,establecimientos_abiertos_estimados,195.66666666666666
14,Córdoba,2016,grado_ocupacion_habitaciones_pct,51.876666666666665
14,Córdoba,2016,grado_ocupacion_plazas_fin_semana_pct,57.58083333333334
14,Córdoba,2016,grado_ocupacion_plazas_pct,46.98333333333333
14,Córdoba,2016,habitaciones_estimadas,5628.583333333333
14,Córdoba,2016,personal_empleado,1301.5
14,Córdoba,2016,plazas_estimadas,11047.666666666666
14,Córdoba,2017,establecimientos_abiertos_estimados,203.25
14,Córdoba,2017,grado_ocupacion_habitaciones_pct,52.844166666666666
14,Córdoba,2017,grado_ocupacion_plazas_fin_semana_pct,59.34583333333333
14,Córdoba,2017,grado_ocupacion_plazas_pct,48.00333333333333
14,Córdoba,2017,habitaciones_estimadas,5701.583333333333
14,Córdoba,2017,personal_empleado,1306.5833333333333
14,Córdoba,2017,plazas_estimadas,11223.833333333334
14,Córdoba,2018,establecimientos_abiertos_estimados,198.16666666666666
14,Córdoba,2018,grado_ocupacion_habitaciones_pct,53.36666666666667
14,Córdoba,2018,grado_ocupacion_plazas_fin_semana_pct,58.36666666666667
14,Córdoba,2018,grado_ocupacion_plazas_pct,47.845
14,Córdoba,2018,habitaciones_estimadas,5592.75
14,Córdoba,2018,personal_empleado,1283.0833333333333
14,Córdoba,2018,plazas_estimadas,11044.666666666666
14,Córdoba,2019,establecimientos_abiertos_estimados,202.83333333333334
14,Córdoba,2019,grado_ocupacion_habitaciones_pct,54.5525
14,Córdoba,2019,grado_ocupacion_plazas_fin_semana_pct,60.35833333333333
14,Córdoba,2019,grado_ocupacion_plazas_pct,48.8325
14,Córdoba,2019,habitaciones_estimadas,5745.5
14,Córdoba,2019,personal_empleado,1354.1666666666667
14,Córdoba,2019,plazas_estimadas,11313.416666666666
14,Córdoba,2020,establecimientos_abiertos_estimados,127.83333333333333
14,Córdoba,2020,grado_ocupacion_habitaciones_pct,28.885833333333334
14,Córdoba,2020,grado_ocupacion_plazas_fin_semana_pct,27.944999999999997
14,Córdoba,2020,grado_ocupacion_plazas_pct,23.4375
14,Córdoba,2020,habitaciones_estimadas,3350.8333333333335
14,Córdoba,2020,personal_empleado,664.0
14,Córdoba,2020,plazas_estimadas,6593.0
14,Córdoba,2021,establecimientos_abiertos_estimados,148.16666666666666
14,Córdoba,2021,grado_ocupacion_habitaciones_pct,37.14666666666667
14,Córdoba,2021,grado_ocupacion_plazas_fin_semana_pct,38.25666666666667
14,Córdoba,2021,grado_ocupacion_plazas_pct,30.852500000000003
14,Córdoba,2021,habitaciones_estimadas,4438.166666666667
14,Córdoba,2021,personal_empleado,828.25
14,Córdoba,2021,plazas_estimadas,8783.666666666666
14,Córdoba,2022,establecimientos_abiertos_estimados,186.66666666666666
14,Córdoba,2022,grado_ocupacion_habitaciones_pct,50.300000000000004
14,Córdoba,2022,grado_ocupacion_plazas_fin_semana_pct,55.093333333333334
14,Córdoba,2022,grado_ocupacion_plazas_pct,43.85333333333333
14,Córdoba,2022,habitaciones_estimadas,5546.083333333333
14,Córdoba,2022,personal_empleado,1218.6666666666667
14,Córdoba,2022,plazas_estimadas,10998.416666666666
14,Córdoba,2023,establecimientos_abiertos_estimados,194.33333333333334
14,Córdoba,2023,grado_ocupacion_habitaciones_pct,53.48416666666666
14,Córdoba,2023,grado_ocupacion_plazas_fin_semana_pct,56.94416666666667
14,Córdoba,2023,grado_ocupacion_plazas_pct,46.06666666666666
14,Córdoba,2023,habitaciones_estimadas,5699.333333333333
14,Córdoba,2023,personal_empleado,1296.5
14,Córdoba,2023,plazas_estimadas,11386.833333333334
14,Córdoba,2024,establecimientos_abiertos_estimados,192.66666666666666
14,Córdoba,2024,grado_ocupacion_habitaciones_pct,54.24166666666667
14,Córdoba,2024,grado_ocupacion_plazas_fin_semana_pct,57.73666666666667
14,Córdoba,2024,grado_ocupacion_plazas_pct,47.30583333333333
14,Córdoba,2024,habitaciones_estimadas,5691.416666666667
14,Córdoba,2024,personal_empleado,1348.0
14,Córdoba,2024,plazas_estimadas,11403.166666666666
14,Córdoba,2025,establecimientos_abiertos_estimados,169.83333333333334
14,Córdoba,2025,grado_ocupacion_habitaciones_pct,55.487500000000004
14,Córdoba,2025,grado_ocupacion_plazas_fin_semana_pct,56.99583333333334
14,Córdoba,2025,grado_ocupacion_plazas_pct,48.09166666666667
14,Córdoba,2025,habitaciones_estimadas,5567.25
14,Córdoba,2025,personal_empleado,1353.5
14,Córdoba,2025,plazas_estimadas,11213.25
15,"Coruña, A",2015,establecimientos_abiertos_estimados,629.5833333333334
15,"Coruña, A",2015,grado_ocupacion_habitaciones_pct,40.163333333333334
15,"Coruña, A",2015,grado_ocupacion_plazas_fin_semana_pct,39.4975
15,"Coruña, A",2015,grado_ocupacion_plazas_pct,35.26583333333333
15,"Coruña, A",2015,habitaciones_estimadas,13415.333333333334
15,"Coruña, A",2015,personal_empleado,2438.25
15,"Coruña, A",2015,plazas_estimadas,25178.666666666668
15,"Coruña, A",2016,establecimientos_abiertos_estimados,626.8333333333334
15,"Coruña, A",2016,grado_ocupacion_habitaciones_pct,41.255
15,"Coruña, A",2016,grado_ocupacion_plazas_fin_semana_pct,41.86333333333334
15,"Coruña, A",2016,grado_ocupacion_plazas_pct,36.5375
15,"Coruña, A",2016,habitaciones_estimadas,13520.416666666666
15,"Coruña, A",2016,personal_empleado,2535.1666666666665
15,"Coruña, A",2016,plazas_estimadas,25220.166666666668
15,"Coruña, A",2017,establecimientos_abiertos_estimados,628.5
15,"Coruña, A",2017,grado_ocupacion_habitaciones_pct,43.192499999999995
15,"Coruña, A",2017,grado_ocupacion_plazas_fin_semana_pct,43.580000000000005
15,"Coruña, A",2017,grado_ocupacion_plazas_pct,38.083333333333336
15,"Coruña, A",2017,habitaciones_estimadas,13536.416666666666
15,"Coruña, A",2017,personal_empleado,2537.8333333333335
15,"Coruña, A",2017,plazas_estimadas,25283.666666666668
15,"Coruña, A",2018,establecimientos_abiertos_estimados,597.0
15,"Coruña, A",2018,grado_ocupacion_habitaciones_pct,43.262499999999996
15,"Coruña, A",2018,grado_ocupacion_plazas_fin_semana_pct,43.19
15,"Coruña, A",2018,grado_ocupacion_plazas_pct,37.623333333333335
15,"Coruña, A",2018,habitaciones_estimadas,13287.083333333334
15,"Coruña, A",2018,personal_empleado,2536.25
15,"Coruña, A",2018,plazas_estimadas,24458.583333333332
15,"Coruña, A",2019,establecimientos_abiertos_estimados,574.75
15,"Coruña, A",2019,grado_ocupacion_habitaciones_pct,45.94
15,"Coruña, A",2019,grado_ocupacion_plazas_fin_semana_pct,45.965
15,"Coruña, A",2019,grado_ocupacion_plazas_pct,39.95083333333333
15,"Coruña, A",2019,habitaciones_estimadas,13224.333333333334
15,"Coruña, A",2019,personal_empleado,2661.8333333333335
15,"Coruña, A",2019,plazas_estimadas,24304.833333333332
15,"Coruña, A",2020,establecimientos_abiertos_estimados,398.0833333333333
15,"Coruña, A",2020,grado_ocupacion_habitaciones_pct,22.6875
15,"Coruña, A",2020,grado_ocupacion_plazas_fin_semana_pct,20.184166666666666
15,"Coruña, A",2020,grado_ocupacion_plazas_pct,18.456666666666667
15,"Coruña, A",2020,habitaciones_estimadas,9057.416666666666
15,"Coruña, A",2020,personal_empleado,1472.75
15,"Coruña, A",2020,plazas_estimadas,16633.166666666668
15,"Coruña, A",2021,establecimientos_abiertos_estimados,520.4166666666666
15,"Coruña, A",2021,grado_ocupacion_habitaciones_pct,36.255
15,"Coruña, A",2021,grado_ocupacion_plazas_fin_semana_pct,34.73416666666667
15,"Coruña, A",2021,grado_ocupacion_plazas_pct,30.516666666666666
15,"Coruña, A",2021,habitaciones_estimadas,11569.25
15,"Coruña, A",2021,personal_empleado,1934.5833333333333
15,"Coruña, A",2021,plazas_estimadas,21365.166666666668
15,"Coruña, A",2022,establecimientos_abiertos_estimados,595.25
15,"Coruña, A",2022,grado_ocupacion_habitaciones_pct,48.925000000000004
15,"Coruña, A",2022,grado_ocupacion_plazas_fin_semana_pct,49.73333333333333
15,"Coruña, A",2022,grado_ocupacion_plazas_pct,42.4325
15,"Coruña, A",2022,habitaciones_estimadas,13009.666666666666
15,"Coruña, A",2022,personal_empleado,2476.1666666666665
15,"Coruña, A",2022,plazas_estimadas,24167.333333333332
15,"Coruña, A",2023,establecimientos_abiertos_estimados,611.3333333333334
15,"Coruña, A",2023,grado_ocupacion_habitaciones_pct,49.975833333333334
15,"Coruña, A",2023,grado_ocupacion_plazas_fin_semana_pct,48.807500000000005
15,"Coruña, A",2023,grado_ocupacion_plazas_pct,42.65
15,"Coruña, A",2023,habitaciones_estimadas,13521.666666666666
15,"Coruña, A",2023,personal_empleado,2672.75
15,"Coruña, A",2023,plazas_estimadas,25272.333333333332
15,"Coruña, A",2024,establecimientos_abiertos_estimados,608.9166666666666
15,"Coruña, A",2024,grado_ocupacion_habitaciones_pct,51.41
15,"Coruña, A",2024,grado_ocupacion_plazas_fin_semana_pct,50.70916666666667
15,"Coruña, A",2024,grado_ocupacion_plazas_pct,43.97333333333333
15,"Coruña, A",2024,habitaciones_estimadas,13011.833333333334
15,"Coruña, A",2024,personal_empleado,2802.5833333333335
15,"Coruña, A",2024,plazas_estimadas,24429.166666666668
15,"Coruña, A",2025,establecimientos_abiertos_estimados,574.3333333333334
15,"Coruña, A",2025,grado_ocupacion_habitaciones_pct,52.61833333333333
15,"Coruña, A",2025,grado_ocupacion_plazas_fin_semana_pct,51.50666666666667
15,"Coruña, A",2025,grado_ocupacion_plazas_pct,44.52916666666667
15,"Coruña, A",2025,habitaciones_estimadas,12918.833333333334
15,"Coruña, A",2025,personal_empleado,2750.0833333333335
15,"Coruña, A",2025,plazas_estimadas,24417.0
16,Cuenca,2015,establecimientos_abiertos_estimados,137.0
16,Cuenca,2015,grado_ocupacion_habitaciones_pct,26.491666666666664
16,Cuenca,2015,grado_ocupacion_plazas_fin_semana_pct,35.655833333333334
16,Cuenca,2015,grado_ocupacion_plazas_pct,23.76
16,Cuenca,2015,habitaciones_estimadas,2684.0833333333335
16,Cuenca,2015,personal_empleado,498.3333333333333
16,Cuenca,2015,plazas_estimadas,5201.416666666667
16,Cuenca,2016,establecimientos_abiertos_estimados,138.75
16,Cuenca,2016,grado_ocupacion_habitaciones_pct,30.15833333333333
16,Cuenca,2016,grado_ocupacion_plazas_fin_semana_pct,39.901666666666664
16,Cuenca,2016,grado_ocupacion_plazas_pct,27.0975
16,Cuenca,2016,habitaciones_estimadas,2634.4166666666665
16,Cuenca,2016,personal_empleado,478.6666666666667
16,Cuenca,2016,plazas_estimadas,5122.166666666667
16,Cuenca,2017,establecimientos_abiertos_estimados,136.41666666666666
16,Cuenca,2017,grado_ocupacion_habitaciones_pct,31.3175
16,Cuenca,2017,grado_ocupacion_plazas_fin_semana_pct,40.516666666666666
16,Cuenca,2017,grado_ocupacion_plazas_pct,27.88083333333333
16,Cuenca,2017,habitaciones_estimadas,2572.0
16,Cuenca,2017,personal_empleado,473.75
16,Cuenca,2017,plazas_estimadas,5033.166666666667
16,Cuenca,2018,establecimientos_abiertos_estimados,149.83333333333334
16,Cuenca,2018,grado_ocupacion_habitaciones_pct,31.118333333333336
16,Cuenca,2018,grado_ocupacion_plazas_fin_semana_pct,40.064166666666665
16,Cuenca,2018,grado_ocupacion_plazas_pct,27.645833333333332
16,Cuenca,2018,habitaciones_estimadas,2722.3333333333335
16,Cuenca,2018,personal_empleado,475.9166666666667
16,Cuenca,2018,plazas_estimadas,5318.25
16,Cuenca,2019,establecimientos_abiertos_estimados,143.5
16,Cuenca,2019,grado_ocupacion_habitaciones_pct,32.22166666666667
16,Cuenca,2019,grado_ocupacion_plazas_fin_semana_pct,41.51333333333333
16,Cuenca,2019,grado_ocupacion_plazas_pct,28.6575
16,Cuenca,2019,habitaciones_estimadas,2638.8333333333335
16,Cuenca,2019,personal_empleado,457.6666666666667
16,Cuenca,2019,plazas_estimadas,5184.25
16,Cuenca,2020,establecimientos_abiertos_estimados,98.58333333333333
16,Cuenca,2020,grado_ocupacion_habitaciones_pct,19.668333333333333
16,Cuenca,2020,grado_ocupacion_plazas_fin_semana_pct,21.308333333333334
16,Cuenca,2020,grado_ocupacion_plazas_pct,16.226666666666667
16,Cuenca,2020,habitaciones_estimadas,1823.75
16,Cuenca,2020,personal_empleado,298.0
16,Cuenca,2020,plazas_estimadas,3572.75
16,Cuenca,2021,establecimientos_abiertos_estimados,120.0
16,Cuenca,2021,grado_ocupacion_habitaciones_pct,30.525000000000002
16,Cuenca,2021,grado_ocupacion_plazas_fin_semana_pct,30.985833333333332
16,Cuenca,2021,grado_ocupacion_plazas_pct,24.52333333333333
16,Cuenca,2021,habitaciones_estimadas,2264.0
16,Cuenca,2021,personal_empleado,393.9166666666667
16,Cuenca,2021,plazas_estimadas,4463.0
16,Cuenca,2022,establecimientos_abiertos_estimados,136.58333333333334
16,Cuenca,2022,grado_ocupacion_habitaciones_pct,36.07666666666667
16,Cuenca,2022,grado_ocupacion_plazas_fin_semana_pct,38.54
16,Cuenca,2022,grado_ocupacion_plazas_pct,29.421666666666667
16,Cuenca,2022,habitaciones_estimadas,2573.0
16,Cuenca,2022,personal_empleado,506.5833333333333
16,Cuenca,2022,plazas_estimadas,5102.083333333333
16,Cuenca,2023,establecimientos_abiertos_estimados,137.25
16,Cuenca,2023,grado_ocupacion_habitaciones_pct,36.00666666666667
16,Cuenca,2023,grado_ocupacion_plazas_fin_semana_pct,37.777499999999996
16,Cuenca,2023,grado_ocupacion_plazas_pct,29.668333333333333
16,Cuenca,2023,habitaciones_estimadas,2527.25
16,Cuenca,2023,personal_empleado,531.0
16,Cuenca,2023,plazas_estimadas,5000.083333333333
16,Cuenca,2024,establecimientos_abiertos_estimados,127.5
16,Cuenca,2024,grado_ocupacion_habitaciones_pct,36.096666666666664
16,Cuenca,2024,grado_ocupacion_plazas_fin_semana_pct,38.80166666666667
16,Cuenca,2024,grado_ocupacion_plazas_pct,29.543333333333333
16,Cuenca,2024,habitaciones_estimadas,2514.8333333333335
16,Cuenca,2024,personal_empleado,517.4166666666666
16,Cuenca,2024,plazas_estimadas,5013.416666666667
16,Cuenca,2025,establecimientos_abiertos_estimados,133.0
16,Cuenca,2025,grado_ocupacion_habitaciones_pct,35.659166666666664
16,Cuenca,2025,grado_ocupacion_plazas_fin_semana_pct,39.945
16,Cuenca,2025,grado_ocupacion_plazas_pct,28.76
16,Cuenca,2025,habitaciones_estimadas,2519.75
16,Cuenca,2025,personal_empleado,454.0
16,Cuenca,2025,plazas_estimadas,5068.166666666667
17,Girona,2015,establecimientos_abiertos_estimados,561.1666666666666
17,Girona,2015,grado_ocupacion_habitaciones_pct,49.75416666666667
17,Girona,2015,grado_ocupacion_plazas_fin_semana_pct,56.844166666666666
17,Girona,2015,grado_ocupacion_plazas_pct,47.56916666666667
17,Girona,2015,habitaciones_estimadas,26664.416666666668
17,Girona,2015,personal_empleado,6286.916666666667
17,Girona,2015,plazas_estimadas,55121.416666666664
17,Girona,2016,establecimientos_abiertos_estimados,576.25
17,Girona,2016,grado_ocupacion_habitaciones_pct,52.91083333333333
17,Girona,2016,grado_ocupacion_plazas_fin_semana_pct,58.97333333333333
17,Girona,2016,grado_ocupacion_plazas_pct,49.07083333333333
17,Girona,2016,habitaciones_estimadas,27351.333333333332
17,Girona,2016,personal_empleado,6536.166666666667
17,Girona,2016,plazas_estimadas,57540.083333333336
17,Girona,2017,establecimientos_abiertos_estimados,580.0
17,Girona,2017,grado_ocupacion_habitaciones_pct,53.5525
17,Girona,2017,grado_ocupacion_plazas_fin_semana_pct,57.7275
17,Girona,2017,grado_ocupacion_plazas_pct,48.23083333333333
17,Girona,2017,habitaciones_estimadas,26100.25
17,Girona,2017,personal_empleado,6575.75
17,Girona,2017,plazas_estimadas,56264.5
17,Girona,2018,establecimientos_abiertos_estimados,591.75
17,Girona,2018,grado_ocupacion_habitaciones_pct,53.718333333333334
17,Girona,2018,grado_ocupacion_plazas_fin_semana_pct,59.365
17,Girona,2018,grado_ocupacion_plazas_pct,49.455000000000005
17,Girona,2018,habitaciones_estimadas,26173.0
17,Girona,2018,personal_empleado,6864.083333333333
17,Girona,2018,plazas_estimadas,56291.333333333336
17,Girona,2019,establecimientos_abiertos_estimados,594.0833333333334
17,Girona,2019,grado_ocupacion_habitaciones_pct,54.682500000000005
17,Girona,2019,grado_ocupacion_plazas_fin_semana_pct,60.04833333333334
17,Girona,2019,grado_ocupacion_plazas_pct,49.44333333333333
17,Girona,2019,habitaciones_estimadas,26695.083333333332
17,Girona,2019,personal_empleado,6987.166666666667
17,Girona,2019,plazas_estimadas,57685.166666666664
17,Girona,2020,establecimientos_abiertos_estimados,346.9166666666667
17,Girona,2020,grado_ocupacion_habitaciones_pct,28.189166666666665
17,Girona,2020,grado_ocupacion_plazas_fin_semana_pct,31.195833333333336
17,Girona,2020,grado_ocupacion_plazas_pct,24.675833333333333
17,Girona,2020,habitaciones_estimadas,12048.916666666666
17,Girona,2020,personal_empleado,2835.75
17,Girona,2020,plazas_estimadas,26372.166666666668
17,Girona,2021,establecimientos_abiertos_estimados,450.4166666666667
17,Girona,2021,grado_ocupacion_habitaciones_pct,39.065000000000005
17,Girona,2021,grado_ocupacion_plazas_fin_semana_pct,43.92083333333333
17,Girona,2021,grado_ocupacion_plazas_pct,34.2325
17,Girona,2021,habitaciones_estimadas,18109.75
17,Girona,2021,personal_empleado,4328.166666666667
17,Girona,2021,plazas_estimadas,39600.083333333336
17,Girona,2022,establecimientos_abiertos_estimados,533.6666666666666
17,Girona,2022,grado_ocupacion_habitaciones_pct,54.30916666666667
17,Girona,2022,grado_ocupacion_plazas_fin_semana_pct,59.28
17,Girona,2022,grado_ocupacion_plazas_pct,48.70416666666667
17,Girona,2022,habitaciones_estimadas,24781.833333333332
17,Girona,2022,personal_empleado,6573.0
17,Girona,2022,plazas_estimadas,53925.5
17,Girona,2023,establecimientos_abiertos_estimados,562.75
17,Girona,2023,grado_ocupacion_habitaciones_pct,57.54833333333334
17,Girona,2023,grado_ocupacion_plazas_fin_semana_pct,61.7575
17,Girona,2023,grado_ocupacion_plazas_pct,51.5625
17,Girona,2023,habitaciones_estimadas,26081.0
17,Girona,2023,personal_empleado,7344.083333333333
17,Girona,2023,plazas_estimadas,56944.583333333336
17,Girona,2024,establecimientos_abiertos_estimados,546.3333333333334
17,Girona,2024,grado_ocupacion_habitaciones_pct,57.998333333333335
17,Girona,2024,grado_ocupacion_plazas_fin_semana_pct,60.8325
17,Girona,2024,grado_ocupacion_plazas_pct,51.251666666666665
17,Girona,2024,habitaciones_estimadas,26294.833333333332
17,Girona,2024,personal_empleado,7584.666666666667
17,Girona,2024,plazas_estimadas,57776.583333333336
17,Girona,2025,establecimientos_abiertos_estimados,532.75
17,Girona,2025,grado_ocupacion_habitaciones_pct,59.50666666666666
17,Girona,2025,grado_ocupacion_plazas_fin_semana_pct,63.02
17,Girona,2025,grado_ocupacion_plazas_pct,53.280833333333334
17,Girona,2025,habitaciones_estimadas,26150.75
17,Girona,2025,personal_empleado,8078.916666666667
17,Girona,2025,plazas_estimadas,57217.333333333336
18,Granada,2015,establecimientos_abiertos_estimados,421.3333333333333
18,Granada,2015,grado_ocupacion_habitaciones_pct,53.53
18,Granada,2015,grado_ocupacion_plazas_fin_semana_pct,59.339166666666664
18,Granada,2015,grado_ocupacion_plazas_pct,48.41916666666666
18,Granada,2015,habitaciones_estimadas,15112.0
18,Granada,2015,personal_empleado,3312.75
18,Granada,2015,plazas_estimadas,31150.083333333332
18,Granada,2016,establecimientos_abiertos_estimados,417.9166666666667
18,Granada,2016,grado_ocupacion_habitaciones_pct,55.15833333333333
18,Granada,2016,grado_ocupacion_plazas_fin_semana_pct,60.3375
18,Granada,2016,grado_ocupacion_plazas_pct,49.73916666666667
18,Granada,2016,habitaciones_estimadas,15058.416666666666
18,Granada,2016,personal_empleado,3353.0833333333335
18,Granada,2016,plazas_estimadas,31226.583333333332
18,Granada,2017,establecimientos_abiertos_estimados,400.75
18,Granada,2017,grado_ocupacion_habitaciones_pct,57.23500000000001
18,Granada,2017,grado_ocupacion_plazas_fin_semana_pct,62.78666666666667
18,Granada,2017,grado_ocupacion_plazas_pct,51.92666666666667
18,Granada,2017,habitaciones_estimadas,14720.666666666666
18,Granada,2017,personal_empleado,3403.3333333333335
18,Granada,2017,plazas_estimadas,30580.25
18,Granada,2018,establecimientos_abiertos_estimados,412.75
18,Granada,2018,grado_ocupacion_habitaciones_pct,59.074999999999996
18,Granada,2018,grado_ocupacion_plazas_fin_semana_pct,64.355
18,Granada,2018,grado_ocupacion_plazas_pct,52.833333333333336
18,Granada,2018,habitaciones_estimadas,15321.0
18,Granada,2018,personal_empleado,3655.4166666666665
18,Granada,2018,plazas_estimadas,31877.916666666668
18,Granada,2019,establecimientos_abiertos_estimados,397.75
18,Granada,2019,grado_ocupacion_habitaciones_pct,61.961666666666666
18,Granada,2019,grado_ocupacion_plazas_fin_semana_pct,65.39999999999999
18,Granada,2019,grado_ocupacion_plazas_pct,55.0625
18,Granada,2019,habitaciones_estimadas,15242.583333333334
18,Granada,2019,personal_empleado,3610.0
18,Granada,2019,plazas_estimadas,31975.416666666668
18,Granada,2020,establecimientos_abiertos_estimados,215.0
18,Granada,2020,grado_ocupacion_habitaciones_pct,28.063333333333333
18,Granada,2020,grado_ocupacion_plazas_fin_semana_pct,29.9025
18,Granada,2020,grado_ocupacion_plazas_pct,23.964166666666667
18,Granada,2020,habitaciones_estimadas,8124.25
18,Granada,2020,personal_empleado,1518.5
18,Granada,2020,plazas_estimadas,17019.75
18,Granada,2021,establecimientos_abiertos_estimados,278.3333333333333
18,Granada,2021,grado_ocupacion_habitaciones_pct,38.33166666666667
18,Granada,2021,grado_ocupacion_plazas_fin_semana_pct,41.770833333333336
18,Granada,2021,grado_ocupacion_plazas_pct,32.62833333333334
18,Granada,2021,habitaciones_estimadas,10340.333333333334
18,Granada,2021,personal_empleado,1948.0833333333333
18,Granada,2021,plazas_estimadas,21678.083333333332
18,Granada,2022,establecimientos_abiertos_estimados,362.1666666666667
18,Granada,2022,grado_ocupacion_habitaciones_pct,52.90166666666667
18,Granada,2022,grado_ocupacion_plazas_fin_semana_pct,58.36416666666667
18,Granada,2022,grado_ocupacion_plazas_pct,46.98166666666666
18,Granada,2022,habitaciones_estimadas,14114.416666666666
18,Granada,2022,personal_empleado,3176.5
18,Granada,2022,plazas_estimadas,29564.333333333332
18,Granada,2023,establecimientos_abiertos_estimados,373.8333333333333
18,Granada,2023,grado_ocupacion_habitaciones_pct,57.4475
18,Granada,2023,grado_ocupacion_plazas_fin_semana_pct,59.62583333333333
18,Granada,2023,grado_ocupacion_plazas_pct,49.859166666666674
18,Granada,2023,habitaciones_estimadas,14168.333333333334
18,Granada,2023,personal_empleado,3383.0
18,Granada,2023,plazas_estimadas,30027.666666666668
18,Granada,2024,establecimientos_abiertos_estimados,384.0
18,Granada,2024,grado_ocupacion_habitaciones_pct,59.215
18,Granada,2024,grado_ocupacion_plazas_fin_semana_pct,59.935
18,Granada,2024,grado_ocupacion_plazas_pct,51.70083333333333
18,Granada,2024,habitaciones_estimadas,14623.166666666666
18,Granada,2024,personal_empleado,3716.0833333333335
18,Granada,2024,plazas_estimadas,31048.916666666668
18,Granada,2025,establecimientos_abiertos_estimados,378.5833333333333
18,Granada,2025,grado_ocupacion_habitaciones_pct,60.15166666666667
18,Granada,2025,grado_ocupacion_plazas_fin_semana_pct,60.25666666666667
18,Granada,2025,grado_ocupacion_plazas_pct,52.23833333333334
18,Granada,2025,habitaciones_estimadas,14721.0
18,Granada,2025,personal_empleado,3875.4166666666665
18,Granada,2025,plazas_estimadas,31575.166666666668
19,Guadalajara,2015,establecimientos_abiertos_estimados,117.41666666666667
19,Guadalajara,2015,grado_ocupacion_habitaciones_pct,28.102500000000003
19,Guadalajara,2015,grado_ocupacion_plazas_fin_semana_pct,35.2425
19,Guadalajara,2015,grado_ocupacion_plazas_pct,24.78916666666667
19,Guadalajara,2015,habitaciones_estimadas,2326.9166666666665
19,Guadalajara,2015,personal_empleado,362.0833333333333
19,Guadalajara,2015,plazas_estimadas,4456.916666666667
19,Guadalajara,2016,establecimientos_abiertos_estimados,124.66666666666667
19,Guadalajara,2016,grado_ocupacion_habitaciones_pct,30.055833333333336
19,Guadalajara,2016,grado_ocupacion_plazas_fin_semana_pct,37.07416666666666
19,Guadalajara,2016,grado_ocupacion_plazas_pct,27.47083333333333
19,Guadalajara,2016,habitaciones_estimadas,2400.0833333333335
19,Guadalajara,2016,personal_empleado,379.5833333333333
19,Guadalajara,2016,plazas_estimadas,4584.166666666667
19,Guadalajara,2017,establecimientos_abiertos_estimados,123.41666666666667
19,Guadalajara,2017,grado_ocupacion_habitaciones_pct,32.80083333333334
19,Guadalajara,2017,grado_ocupacion_plazas_fin_semana_pct,39.39833333333333
19,Guadalajara,2017,grado_ocupacion_plazas_pct,29.261666666666667
19,Guadalajara,2017,habitaciones_estimadas,2295.0
19,Guadalajara,2017,personal_empleado,345.5
19,Guadalajara,2017,plazas_estimadas,4401.333333333333
19,Guadalajara,2018,establecimientos_abiertos_estimados,117.33333333333333
19,Guadalajara,2018,grado_ocupacion_habitaciones_pct,35.4275
19,Guadalajara,2018,grado_ocupacion_plazas_fin_semana_pct,40.28916666666667
19,Guadalajara,2018,grado_ocupacion_plazas_pct,31.746666666666666
19,Guadalajara,2018,habitaciones_estimadas,2241.1666666666665
19,Guadalajara,2018,personal_empleado,343.25
19,Guadalajara,2018,plazas_estimadas,4312.25
19,Guadalajara,2019,establecimientos_abiertos_estimados,110.5
19,Guadalajara,2019,grado_ocupacion_habitaciones_pct,34.45583333333333
19,Guadalajara,2019,grado_ocupacion_plazas_fin_semana_pct,40.59916666666667
19,Guadalajara,2019,grado_ocupacion_plazas_pct,31.166666666666668
19,Guadalajara,2019,habitaciones_estimadas,2211.5
19,Guadalajara,2019,personal_empleado,348.8333333333333
19,Guadalajara,2019,plazas_estimadas,4277.25
19,Guadalajara,2020,establecimientos_abiertos_estimados,85.58333333333333
19,Guadalajara,2020,grado_ocupacion_habitaciones_pct,21.96666666666667
19,Guadalajara,2020,grado_ocupacion_plazas_fin_semana_pct,19.359166666666667
19,Guadalajara,2020,grado_ocupacion_plazas_pct,17.962500000000002
19,Guadalajara,2020,habitaciones_estimadas,1737.5
19,Guadalajara,2020,personal_empleado,231.08333333333334
19,Guadalajara,2020,plazas_estimadas,3356.8333333333335
19,Guadalajara,2021,establecimientos_abiertos_estimados,97.33333333333333
19,Guadalajara,2021,grado_ocupacion_habitaciones_pct,27.894166666666667
19,Guadalajara,2021,grado_ocupacion_plazas_fin_semana_pct,28.839166666666667
19,Guadalajara,2021,grado_ocupacion_plazas_pct,23.334999999999997
19,Guadalajara,2021,habitaciones_estimadas,2057.9166666666665
19,Guadalajara,2021,personal_empleado,260.75
19,Guadalajara,2021,plazas_estimadas,3951.1666666666665
19,Guadalajara,2022,establecimientos_abiertos_estimados,93.66666666666667
19,Guadalajara,2022,grado_ocupacion_habitaciones_pct,38.20916666666667
19,Guadalajara,2022,grado_ocupacion_plazas_fin_semana_pct,41.274166666666666
19,Guadalajara,2022,grado_ocupacion_plazas_pct,32.541666666666664
19,Guadalajara,2022,habitaciones_estimadas,2034.25
19,Guadalajara,2022,personal_empleado,314.0
19,Guadalajara,2022,plazas_estimadas,3943.4166666666665
19,Guadalajara,2023,establecimientos_abiertos_estimados,98.16666666666667
19,Guadalajara,2023,grado_ocupacion_habitaciones_pct,39.199999999999996
19,Guadalajara,2023,grado_ocupacion_plazas_fin_semana_pct,40.19916666666666
19,Guadalajara,2023,grado_ocupacion_plazas_pct,31.866666666666664
19,Guadalajara,2023,habitaciones_estimadas,2089.4166666666665
19,Guadalajara,2023,personal_empleado,322.0
19,Guadalajara,2023,plazas_estimadas,4058.4166666666665
19,Guadalajara,2024,establecimientos_abiertos_estimados,98.91666666666667
19,Guadalajara,2024,grado_ocupacion_habitaciones_pct,39.455
19,Guadalajara,2024,grado_ocupacion_plazas_fin_semana_pct,40.9225
19,Guadalajara,2024,grado_ocupacion_plazas_pct,31.790833333333335
19,Guadalajara,2024,habitaciones_estimadas,2107.8333333333335
19,Guadalajara,2024,personal_empleado,366.5833333333333
19,Guadalajara,2024,plazas_estimadas,4147.5
19,Guadalajara,2025,establecimientos_abiertos_estimados,101.75
19,Guadalajara,2025,grado_ocupacion_habitaciones_pct,40.695
19,Guadalajara,2025,grado_ocupacion_plazas_fin_semana_pct,41.04833333333333
19,Guadalajara,2025,grado_ocupacion_plazas_pct,32.95333333333333
19,Guadalajara,2025,habitaciones_estimadas,2223.6666666666665
19,Guadalajara,2025,personal_empleado,488.25
19,Guadalajara,2025,plazas_estimadas,4510.75
20,Gipuzkoa,2015,establecimientos_abiertos_estimados,247.66666666666666
20,Gipuzkoa,2015,grado_ocupacion_habitaciones_pct,59.89166666666667
20,Gipuzkoa,2015,grado_ocupacion_plazas_fin_semana_pct,64.13666666666667
20,Gipuzkoa,2015,grado_ocupacion_plazas_pct,53.81583333333333
20,Gipuzkoa,2015,habitaciones_estimadas,5356.916666666667
20,Gipuzkoa,2015,personal_empleado,1535.5833333333333
20,Gipuzkoa,2015,plazas_estimadas,9958.833333333334
20,Gipuzkoa,2016,establecimientos_abiertos_estimados,263.0
20,Gipuzkoa,2016,grado_ocupacion_habitaciones_pct,63.26666666666667
20,Gipuzkoa,2016,grado_ocupacion_plazas_fin_semana_pct,65.635
20,Gipuzkoa,2016,grado_ocupacion_plazas_pct,55.843333333333334
20,Gipuzkoa,2016,habitaciones_estimadas,5452.5
20,Gipuzkoa,2016,personal_empleado,1610.4166666666667
20,Gipuzkoa,2016,plazas_estimadas,10214.166666666666
20,Gipuzkoa,2017,establecimientos_abiertos_estimados,284.25
20,Gipuzkoa,2017,grado_ocupacion_habitaciones_pct,63.612500000000004
20,Gipuzkoa,2017,grado_ocupacion_plazas_fin_semana_pct,64.89333333333333
20,Gipuzkoa,2017,grado_ocupacion_plazas_pct,55.76499999999999
20,Gipuzkoa,2017,habitaciones_estimadas,5693.0
20,Gipuzkoa,2017,personal_empleado,1670.9166666666667
20,Gipuzkoa,2017,plazas_estimadas,10700.333333333334
20,Gipuzkoa,2018,establecimientos_abiertos_estimados,281.4166666666667
20,Gipuzkoa,2018,grado_ocupacion_habitaciones_pct,65.05166666666666
20,Gipuzkoa,2018,grado_ocupacion_plazas_fin_semana_pct,65.79083333333334
20,Gipuzkoa,2018,grado_ocupacion_plazas_pct,56.81916666666667
20,Gipuzkoa,2018,habitaciones_estimadas,5813.083333333333
20,Gipuzkoa,2018,personal_empleado,1768.0
20,Gipuzkoa,2018,plazas_estimadas,10979.916666666666
20,Gipuzkoa,2019,establecimientos_abiertos_estimados,277.3333333333333
20,Gipuzkoa,2019,grado_ocupacion_habitaciones_pct,65.97500000000001
20,Gipuzkoa,2019,grado_ocupacion_plazas_fin_semana_pct,66.19333333333333
20,Gipuzkoa,2019,grado_ocupacion_plazas_pct,57.24583333333334
20,Gipuzkoa,2019,habitaciones_estimadas,5848.0
20,Gipuzkoa,2019,personal_empleado,1733.4166666666667
20,Gipuzkoa,2019,plazas_estimadas,11158.5
20,Gipuzkoa,2020,establecimientos_abiertos_estimados,192.41666666666666
20,Gipuzkoa,2020,grado_ocupacion_habitaciones_pct,32.8075
20,Gipuzkoa,2020,grado_ocupacion_plazas_fin_semana_pct,32.325833333333335
20,Gipuzkoa,2020,grado_ocupacion_plazas_pct,27.609166666666667
20,Gipuzkoa,2020,habitaciones_estimadas,4072.0
20,Gipuzkoa,2020,personal_empleado,1009.3333333333334
20,Gipuzkoa,2020,plazas_estimadas,7776.833333333333
20,Gipuzkoa,2021,establecimientos_abiertos_estimados,224.25
20,Gipuzkoa,2021,grado_ocupacion_habitaciones_pct,46.932500000000005
20,Gipuzkoa,2021,grado_ocupacion_plazas_fin_semana_pct,48.45666666666667
20,Gipuzkoa,2021,grado_ocupacion_plazas_pct,40.515
20,Gipuzkoa,2021,habitaciones_estimadas,5303.75
20,Gipuzkoa,2021,personal_empleado,1274.5
20,Gipuzkoa,2021,plazas_estimadas,10207.833333333334
20,Gipuzkoa,2022,establecimientos_abiertos_estimados,280.5833333333333
20,Gipuzkoa,2022,grado_ocupacion_habitaciones_pct,63.36000000000001
20,Gipuzkoa,2022,grado_ocupacion_plazas_fin_semana_pct,65.12
20,Gipuzkoa,2022,grado_ocupacion_plazas_pct,55.685833333333335
20,Gipuzkoa,2022,habitaciones_estimadas,6443.583333333333
20,Gipuzkoa,2022,personal_empleado,1693.5
20,Gipuzkoa,2022,plazas_estimadas,12442.0
20,Gipuzkoa,2023,establecimientos_abiertos_estimados,288.25
20,Gipuzkoa,2023,grado_ocupacion_habitaciones_pct,67.81916666666667
20,Gipuzkoa,2023,grado_ocupacion_plazas_fin_semana_pct,68.87583333333333
20,Gipuzkoa,2023,grado_ocupacion_plazas_pct,59.78333333333333
20,Gipuzkoa,2023,habitaciones_estimadas,6613.75
20,Gipuzkoa,2023,personal_empleado,1800.8333333333333
20,Gipuzkoa,2023,plazas_estimadas,12807.666666666666
20,Gipuzkoa,2024,establecimientos_abiertos_estimados,297.5833333333333
20,Gipuzkoa,2024,grado_ocupacion_habitaciones_pct,68.43666666666667
20,Gipuzkoa,2024,grado_ocupacion_plazas_fin_semana_pct,69.13333333333334
20,Gipuzkoa,2024,grado_ocupacion_plazas_pct,60.40833333333333
20,Gipuzkoa,2024,habitaciones_estimadas,6813.25
20,Gipuzkoa,2024,personal_empleado,1935.8333333333333
20,Gipuzkoa,2024,plazas_estimadas,13433.666666666666
20,Gipuzkoa,2025,establecimientos_abiertos_estimados,297.9166666666667
20,Gipuzkoa,2025,grado_ocupacion_habitaciones_pct,69.62583333333333
20,Gipuzkoa,2025,grado_ocupacion_plazas_fin_semana_pct,70.22583333333334
20,Gipuzkoa,2025,grado_ocupacion_plazas_pct,61.225833333333334
20,Gipuzkoa,2025,habitaciones_estimadas,7342.333333333333
20,Gipuzkoa,2025,personal_empleado,2168.6666666666665
20,Gipuzkoa,2025,plazas_estimadas,14342.5
21,Huelva,2015,establecimientos_abiertos_estimados,139.66666666666666
21,Huelva,2015,grado_ocupacion_habitaciones_pct,47.4125
21,Huelva,2015,grado_ocupacion_plazas_fin_semana_pct,47.35666666666666
21,Huelva,2015,grado_ocupacion_plazas_pct,40.305
21,Huelva,2015,habitaciones_estimadas,8151.5
21,Huelva,2015,personal_empleado,2236.5833333333335
21,Huelva,2015,plazas_estimadas,19426.5
21,Huelva,2016,establecimientos_abiertos_estimados,143.33333333333334
21,Huelva,2016,grado_ocupacion_habitaciones_pct,51.86333333333334
21,Huelva,2016,grado_ocupacion_plazas_fin_semana_pct,50.11083333333334
21,Huelva,2016,grado_ocupacion_plazas_pct,43.38166666666666
21,Huelva,2016,habitaciones_estimadas,8887.0
21,Huelva,2016,personal_empleado,2542.5
21,Huelva,2016,plazas_estimadas,21155.083333333332
21,Huelva,2017,establecimientos_abiertos_estimados,147.5
21,Huelva,2017,grado_ocupacion_habitaciones_pct,53.12083333333334
21,Huelva,2017,grado_ocupacion_plazas_fin_semana_pct,50.79
21,Huelva,2017,grado_ocupacion_plazas_pct,45.01916666666667
21,Huelva,2017,habitaciones_estimadas,9114.083333333334
21,Huelva,2017,personal_empleado,2610.1666666666665
21,Huelva,2017,plazas_estimadas,21483.75
21,Huelva,2018,establecimientos_abiertos_estimados,131.5
21,Huelva,2018,grado_ocupacion_habitaciones_pct,54.9025
21,Huelva,2018,grado_ocupacion_plazas_fin_semana_pct,51.20666666666667
21,Huelva,2018,grado_ocupacion_plazas_pct,46.15
21,Huelva,2018,habitaciones_estimadas,8766.166666666666
21,Huelva,2018,personal_empleado,2652.0
21,Huelva,2018,plazas_estimadas,20827.25
21,Huelva,2019,establecimientos_abiertos_estimados,133.41666666666666
21,Huelva,2019,grado_ocupacion_habitaciones_pct,57.1325
21,Huelva,2019,grado_ocupacion_plazas_fin_semana_pct,54.17666666666667
21,Huelva,2019,grado_ocupacion_plazas_pct,48.156666666666666
21,Huelva,2019,habitaciones_estimadas,8584.5
21,Huelva,2019,personal_empleado,2716.0833333333335
21,Huelva,2019,plazas_estimadas,20575.5
21,Huelva,2020,establecimientos_abiertos_estimados,86.33333333333333
21,Huelva,2020,grado_ocupacion_habitaciones_pct,32.410000000000004
21,Huelva,2020,grado_ocupacion_plazas_fin_semana_pct,30.168333333333333
21,Huelva,2020,grado_ocupacion_plazas_pct,27.2
21,Huelva,2020,habitaciones_estimadas,4491.583333333333
21,Huelva,2020,personal_empleado,1165.25
21,Huelva,2020,plazas_estimadas,10115.333333333334
21,Huelva,2021,establecimientos_abiertos_estimados,110.0
21,Huelva,2021,grado_ocupacion_habitaciones_pct,45.23833333333334
21,Huelva,2021,grado_ocupacion_plazas_fin_semana_pct,44.23333333333333
21,Huelva,2021,grado_ocupacion_plazas_pct,37.96666666666667
21,Huelva,2021,habitaciones_estimadas,5689.25
21,Huelva,2021,personal_empleado,1846.3333333333333
21,Huelva,2021,plazas_estimadas,12693.083333333334
21,Huelva,2022,establecimientos_abiertos_estimados,135.91666666666666
21,Huelva,2022,grado_ocupacion_habitaciones_pct,51.62166666666667
21,Huelva,2022,grado_ocupacion_plazas_fin_semana_pct,52.612500000000004
21,Huelva,2022,grado_ocupacion_plazas_pct,45.254999999999995
21,Huelva,2022,habitaciones_estimadas,8062.166666666667
21,Huelva,2022,personal_empleado,2658.0
21,Huelva,2022,plazas_estimadas,18658.75
21,Huelva,2023,establecimientos_abiertos_estimados,138.91666666666666
21,Huelva,2023,grado_ocupacion_habitaciones_pct,53.24166666666667
21,Huelva,2023,grado_ocupacion_plazas_fin_semana_pct,54.03583333333333
21,Huelva,2023,grado_ocupacion_plazas_pct,46.12916666666666
21,Huelva,2023,habitaciones_estimadas,8268.416666666666
21,Huelva,2023,personal_empleado,2730.1666666666665
21,Huelva,2023,plazas_estimadas,19158.0
21,Huelva,2024,establecimientos_abiertos_estimados,138.25
21,Huelva,2024,grado_ocupacion_habitaciones_pct,56.5875
21,Huelva,2024,grado_ocupacion_plazas_fin_semana_pct,56.13166666666667
21,Huelva,2024,grado_ocupacion_plazas_pct,48.54833333333334
21,Huelva,2024,habitaciones_estimadas,8411.333333333334
21,Huelva,2024,personal_empleado,2972.5833333333335
21,Huelva,2024,plazas_estimadas,19535.916666666668
21,Huelva,2025,establecimientos_abiertos_estimados,127.83333333333333
21,Huelva,2025,grado_ocupacion_habitaciones_pct,56.55833333333334
21,Huelva,2025,grado_ocupacion_plazas_fin_semana_pct,56.56333333333333
21,Huelva,2025,grado_ocupacion_plazas_pct,48.31
21,Huelva,2025,habitaciones_estimadas,7931.5
21,Huelva,2025,personal_empleado,2900.4166666666665
21,Huelva,2025,plazas_estimadas,18720.5
22,Huesca,2015,establecimientos_abiertos_estimados,303.5
22,Huesca,2015,grado_ocupacion_habitaciones_pct,34.45666666666667
22,Huesca,2015,grado_ocupacion_plazas_fin_semana_pct,44.9925
22,Huesca,2015,grado_ocupacion_plazas_pct,32.888333333333335
22,Huesca,2015,habitaciones_estimadas,6832.5
22,Huesca,2015,personal_empleado,1266.0833333333333
22,Huesca,2015,plazas_estimadas,13835.0
22,Huesca,2016,establecimientos_abiertos_estimados,299.4166666666667
22,Huesca,2016,grado_ocupacion_habitaciones_pct,37.267500000000005
22,Huesca,2016,grado_ocupacion_plazas_fin_semana_pct,46.8025
22,Huesca,2016,grado_ocupacion_plazas_pct,35.64416666666667
22,Huesca,2016,habitaciones_estimadas,6917.833333333333
22,Huesca,2016,personal_empleado,1352.25
22,Huesca,2016,plazas_estimadas,13993.416666666666
22,Huesca,2017,establecimientos_abiertos_estimados,300.1666666666667
22,Huesca,2017,grado_ocupacion_habitaciones_pct,40.76083333333333
22,Huesca,2017,grado_ocupacion_plazas_fin_semana_pct,49.41416666666667
22,Huesca,2017,grado_ocupacion_plazas_pct,39.04083333333333
22,Huesca,2017,habitaciones_estimadas,6905.166666666667
22,Huesca,2017,personal_empleado,1406.0833333333333
22,Huesca,2017,plazas_estimadas,13986.25
22,Huesca,2018,establecimientos_abiertos_estimados,288.0
22,Huesca,2018,grado_ocupacion_habitaciones_pct,40.81916666666667
22,Huesca,2018,grado_ocupacion_plazas_fin_semana_pct,49.30416666666667
22,Huesca,2018,grado_ocupacion_plazas_pct,38.41416666666667
22,Huesca,2018,habitaciones_estimadas,6564.666666666667
22,Huesca,2018,personal_empleado,1341.25
22,Huesca,2018,plazas_estimadas,13606.333333333334
22,Huesca,2019,establecimientos_abiertos_estimados,285.0833333333333
22,Huesca,2019,grado_ocupacion_habitaciones_pct,40.9475
22,Huesca,2019,grado_ocupacion_plazas_fin_semana_pct,50.96333333333333
22,Huesca,2019,grado_ocupacion_plazas_pct,38.365
22,Huesca,2019,habitaciones_estimadas,6669.75
22,Huesca,2019,personal_empleado,1427.0
22,Huesca,2019,plazas_estimadas,13895.916666666666
22,Huesca,2020,establecimientos_abiertos_estimados,184.41666666666666
22,Huesca,2020,grado_ocupacion_habitaciones_pct,28.708333333333332
22,Huesca,2020,grado_ocupacion_plazas_fin_semana_pct,31.929999999999996
22,Huesca,2020,grado_ocupacion_plazas_pct,25.935000000000002
22,Huesca,2020,habitaciones_estimadas,4169.75
22,Huesca,2020,personal_empleado,800.9166666666666
22,Huesca,2020,plazas_estimadas,8736.833333333334
22,Huesca,2021,establecimientos_abiertos_estimados,227.08333333333334
22,Huesca,2021,grado_ocupacion_habitaciones_pct,35.038333333333334
22,Huesca,2021,grado_ocupacion_plazas_fin_semana_pct,38.112500000000004
22,Huesca,2021,grado_ocupacion_plazas_pct,30.724999999999998
22,Huesca,2021,habitaciones_estimadas,5030.75
22,Huesca,2021,personal_empleado,951.9166666666666
22,Huesca,2021,plazas_estimadas,10611.833333333334
22,Huesca,2022,establecimientos_abiertos_estimados,257.1666666666667
22,Huesca,2022,grado_ocupacion_habitaciones_pct,44.395833333333336
22,Huesca,2022,grado_ocupacion_plazas_fin_semana_pct,50.675000000000004
22,Huesca,2022,grado_ocupacion_plazas_pct,40.83583333333333
22,Huesca,2022,habitaciones_estimadas,6280.833333333333
22,Huesca,2022,personal_empleado,1395.8333333333333
22,Huesca,2022,plazas_estimadas,13214.5
22,Huesca,2023,establecimientos_abiertos_estimados,250.66666666666666
22,Huesca,2023,grado_ocupacion_habitaciones_pct,45.678333333333335
22,Huesca,2023,grado_ocupacion_plazas_fin_semana_pct,50.642500000000005
22,Huesca,2023,grado_ocupacion_plazas_pct,40.954166666666666
22,Huesca,2023,habitaciones_estimadas,6214.833333333333
22,Huesca,2023,personal_empleado,1394.6666666666667
22,Huesca,2023,plazas_estimadas,13103.25
22,Huesca,2024,establecimientos_abiertos_estimados,259.4166666666667
22,Huesca,2024,grado_ocupacion_habitaciones_pct,45.70250000000001
22,Huesca,2024,grado_ocupacion_plazas_fin_semana_pct,48.16083333333333
22,Huesca,2024,grado_ocupacion_plazas_pct,40.204166666666666
22,Huesca,2024,habitaciones_estimadas,6459.5
22,Huesca,2024,personal_empleado,1459.0833333333333
22,Huesca,2024,plazas_estimadas,13724.083333333334
22,Huesca,2025,establecimientos_abiertos_estimados,261.5833333333333
22,Huesca,2025,grado_ocupacion_habitaciones_pct,46.62916666666666
22,Huesca,2025,grado_ocupacion_plazas_fin_semana_pct,51.11916666666667
22,Huesca,2025,grado_ocupacion_plazas_pct,40.99666666666667
22,Huesca,2025,habitaciones_estimadas,6574.583333333333
22,Huesca,2025,personal_empleado,1565.5833333333333
22,Huesca,2025,plazas_estimadas,14031.25
23,Jaén,2015,establecimientos_abiertos_estimados,186.0
23,Jaén,2015,grado_ocupacion_habitaciones_pct,30.72
23,Jaén,2015,grado_ocupacion_plazas_fin_semana_pct,36.81166666666667
23,Jaén,2015,grado_ocupacion_plazas_pct,26.86583333333333
23,Jaén,2015,habitaciones_estimadas,4439.416666666667
23,Jaén,2015,personal_empleado,960.4166666666666
23,Jaén,2015,plazas_estimadas,8625.583333333334
23,Jaén,2016,establecimientos_abiertos_estimados,178.41666666666666
23,Jaén,2016,grado_ocupacion_habitaciones_pct,33.3125
23,Jaén,2016,grado_ocupacion_plazas_fin_semana_pct,40.6175
23,Jaén,2016,grado_ocupacion_plazas_pct,29.061666666666667
23,Jaén,2016,habitaciones_estimadas,4303.5
23,Jaén,2016,personal_empleado,967.75
23,Jaén,2016,plazas_estimadas,8440.416666666666
23,Jaén,2017,establecimientos_abiertos_estimados,174.91666666666666
23,Jaén,2017,grado_ocupacion_habitaciones_pct,35.26
23,Jaén,2017,grado_ocupacion_plazas_fin_semana_pct,41.619166666666665
23,Jaén,2017,grado_ocupacion_plazas_pct,30.4425
23,Jaén,2017,habitaciones_estimadas,4291.0
23,Jaén,2017,personal_empleado,950.1666666666666
23,Jaén,2017,plazas_estimadas,8489.0
23,Jaén,2018,establecimientos_abiertos_estimados,174.58333333333334
23,Jaén,2018,grado_ocupacion_habitaciones_pct,36.44416666666667
23,Jaén,2018,grado_ocupacion_plazas_fin_semana_pct,42.785
23,Jaén,2018,grado_ocupacion_plazas_pct,30.891666666666666
23,Jaén,2018,habitaciones_estimadas,4264.666666666667
23,Jaén,2018,personal_empleado,927.9166666666666
23,Jaén,2018,plazas_estimadas,8453.166666666666
23,Jaén,2019,establecimientos_abiertos_estimados,163.91666666666666
23,Jaén,2019,grado_ocupacion_habitaciones_pct,35.18833333333333
23,Jaén,2019,grado_ocupacion_plazas_fin_semana_pct,44.169999999999995
23,Jaén,2019,grado_ocupacion_plazas_pct,31.010833333333334
23,Jaén,2019,habitaciones_estimadas,4166.25
23,Jaén,2019,personal_empleado,892.5
23,Jaén,2019,plazas_estimadas,8143.333333333333
23,Jaén,2020,establecimientos_abiertos_estimados,107.0
23,Jaén,2020,grado_ocupacion_habitaciones_pct,21.289166666666667
23,Jaén,2020,grado_ocupacion_plazas_fin_semana_pct,21.39
23,Jaén,2020,grado_ocupacion_plazas_pct,17.871666666666666
23,Jaén,2020,habitaciones_estimadas,2785.4166666666665
23,Jaén,2020,personal_empleado,566.75
23,Jaén,2020,plazas_estimadas,5428.916666666667
23,Jaén,2021,establecimientos_abiertos_estimados,142.0
23,Jaén,2021,grado_ocupacion_habitaciones_pct,29.97666666666667
23,Jaén,2021,grado_ocupacion_plazas_fin_semana_pct,32.505
23,Jaén,2021,grado_ocupacion_plazas_pct,25.2775
23,Jaén,2021,habitaciones_estimadas,3626.9166666666665
23,Jaén,2021,personal_empleado,755.25
23,Jaén,2021,plazas_estimadas,7038.75
23,Jaén,2022,establecimientos_abiertos_estimados,163.33333333333334
23,Jaén,2022,grado_ocupacion_habitaciones_pct,38.08166666666667
23,Jaén,2022,grado_ocupacion_plazas_fin_semana_pct,44.288333333333334
23,Jaén,2022,grado_ocupacion_plazas_pct,32.915
23,Jaén,2022,habitaciones_estimadas,4064.4166666666665
23,Jaén,2022,personal_empleado,928.75
23,Jaén,2022,plazas_estimadas,8060.416666666667
23,Jaén,2023,establecimientos_abiertos_estimados,169.16666666666666
23,Jaén,2023,grado_ocupacion_habitaciones_pct,38.336666666666666
23,Jaén,2023,grado_ocupacion_plazas_fin_semana_pct,43.42083333333333
23,Jaén,2023,grado_ocupacion_plazas_pct,32.79
23,Jaén,2023,habitaciones_estimadas,4118.0
23,Jaén,2023,personal_empleado,964.6666666666666
23,Jaén,2023,plazas_estimadas,8189.083333333333
23,Jaén,2024,establecimientos_abiertos_estimados,165.0
23,Jaén,2024,grado_ocupacion_habitaciones_pct,40.615833333333335
23,Jaén,2024,grado_ocupacion_plazas_fin_semana_pct,46.585
23,Jaén,2024,grado_ocupacion_plazas_pct,34.729166666666664
23,Jaén,2024,habitaciones_estimadas,4152.0
23,Jaén,2024,personal_empleado,995.9166666666666
23,Jaén,2024,plazas_estimadas,8173.583333333333
23,Jaén,2025,establecimientos_abiertos_estimados,157.5
23,Jaén,2025,grado_ocupacion_habitaciones_pct,42.285833333333336
23,Jaén,2025,grado_ocupacion_plazas_fin_semana_pct,46.62416666666667
23,Jaén,2025,grado_ocupacion_plazas_pct,35.348333333333336
23,Jaén,2025,habitaciones_estimadas,4115.083333333333
23,Jaén,2025,personal_empleado,946.5
23,Jaén,2025,plazas_estimadas,8139.333333333333
24,León,2015,establecimientos_abiertos_estimados,249.16666666666666
24,León,2015,grado_ocupacion_habitaciones_pct,36.75083333333333
24,León,2015,grado_ocupacion_plazas_fin_semana_pct,42.440000000000005
24,León,2015,grado_ocupacion_plazas_pct,32.053333333333335
24,León,2015,habitaciones_estimadas,5746.416666666667
24,León,2015,personal_empleado,1018.4166666666666
24,León,2015,plazas_estimadas,10437.5
24,León,2016,establecimientos_abiertos_estimados,281.8333333333333
24,León,2016,grado_ocupacion_habitaciones_pct,37.8825
24,León,2016,grado_ocupacion_plazas_fin_semana_pct,42.277499999999996
24,León,2016,grado_ocupacion_plazas_pct,33.098333333333336
24,León,2016,habitaciones_estimadas,5933.5
24,León,2016,personal_empleado,1023.9166666666666
24,León,2016,plazas_estimadas,10712.25
24,León,2017,establecimientos_abiertos_estimados,273.0833333333333
24,León,2017,grado_ocupacion_habitaciones_pct,38.33166666666667
24,León,2017,grado_ocupacion_plazas_fin_semana_pct,41.549166666666665
24,León,2017,grado_ocupacion_plazas_pct,33.61416666666667
24,León,2017,habitaciones_estimadas,5818.333333333333
24,León,2017,personal_empleado,1017.4166666666666
24,León,2017,plazas_estimadas,10519.25
24,León,2018,establecimientos_abiertos_estimados,253.91666666666666
24,León,2018,grado_ocupacion_habitaciones_pct,37.00666666666667
24,León,2018,grado_ocupacion_plazas_fin_semana_pct,39.218333333333334
24,León,2018,grado_ocupacion_plazas_pct,31.814999999999998
24,León,2018,habitaciones_estimadas,5417.166666666667
24,León,2018,personal_empleado,852.4166666666666
24,León,2018,plazas_estimadas,9784.0
24,León,2019,establecimientos_abiertos_estimados,265.0833333333333
24,León,2019,grado_ocupacion_habitaciones_pct,40.16833333333333
24,León,2019,grado_ocupacion_plazas_fin_semana_pct,42.92249999999999
24,León,2019,grado_ocupacion_plazas_pct,34.134166666666665
24,León,2019,habitaciones_estimadas,5451.5
24,León,2019,personal_empleado,883.5833333333334
24,León,2019,plazas_estimadas,9871.0
24,León,2021,establecimientos_abiertos_estimados,214.16666666666666
24,León,2021,grado_ocupacion_habitaciones_pct,35.30583333333333
24,León,2021,grado_ocupacion_plazas_fin_semana_pct,33.36083333333333
24,León,2021,grado_ocupacion_plazas_pct,28.766666666666666
24,León,2021,habitaciones_estimadas,4308.083333333333
24,León,2021,personal_empleado,671.1666666666666
24,León,2021,plazas_estimadas,7854.0
24,León,2022,establecimientos_abiertos_estimados,261.8333333333333
24,León,2022,grado_ocupacion_habitaciones_pct,43.718333333333334
24,León,2022,grado_ocupacion_plazas_fin_semana_pct,44.5325
24,León,2022,grado_ocupacion_plazas_pct,37.30083333333334
24,León,2022,habitaciones_estimadas,5114.666666666667
24,León,2022,personal_empleado,862.3333333333334
24,León,2022,plazas_estimadas,9415.083333333334
24,León,2023,establecimientos_abiertos_estimados,247.33333333333334
24,León,2023,grado_ocupacion_habitaciones_pct,44.895833333333336
24,León,2023,grado_ocupacion_plazas_fin_semana_pct,45.29666666666666
24,León,2023,grado_ocupacion_plazas_pct,38.276666666666664
24,León,2023,habitaciones_estimadas,5166.166666666667
24,León,2023,personal_empleado,896.5833333333334
24,León,2023,plazas_estimadas,9545.416666666666
24,León,2024,establecimientos_abiertos_estimados,259.0833333333333
24,León,2024,grado_ocupacion_habitaciones_pct,45.67333333333334
24,León,2024,grado_ocupacion_plazas_fin_semana_pct,46.57916666666667
24,León,2024,grado_ocupacion_plazas_pct,39.015
24,León,2024,habitaciones_estimadas,5293.833333333333
24,León,2024,personal_empleado,846.0
24,León,2024,plazas_estimadas,9724.333333333334
24,León,2025,establecimientos_abiertos_estimados,264.5
24,León,2025,grado_ocupacion_habitaciones_pct,48.78333333333333
24,León,2025,grado_ocupacion_plazas_fin_semana_pct,48.3725
24,León,2025,grado_ocupacion_plazas_pct,40.21333333333333
24,León,2025,habitaciones_estimadas,5205.166666666667
24,León,2025,personal_empleado,987.8333333333334
24,León,2025,plazas_estimadas,9701.25
25,Lleida,2015,establecimientos_abiertos_estimados,282.6666666666667
25,Lleida,2015,grado_ocupacion_habitaciones_pct,33.36083333333333
25,Lleida,2015,grado_ocupacion_plazas_fin_semana_pct,39.035833333333336
25,Lleida,2015,grado_ocupacion_plazas_pct,30.353333333333335
25,Lleida,2015,habitaciones_estimadas,6948.5
25,Lleida,2015,personal_empleado,1438.4166666666667
25,Lleida,2015,plazas_estimadas,14308.416666666666
25,Lleida,2016,establecimientos_abiertos_estimados,286.5833333333333
25,Lleida,2016,grado_ocupacion_habitaciones_pct,34.66166666666667
25,Lleida,2016,grado_ocupacion_plazas_fin_semana_pct,40.9425
25,Lleida,2016,grado_ocupacion_plazas_pct,30.7225
25,Lleida,2016,habitaciones_estimadas,7045.416666666667
25,Lleida,2016,personal_empleado,1516.25
25,Lleida,2016,plazas_estimadas,14625.333333333334
25,Lleida,2017,establecimientos_abiertos_estimados,289.6666666666667
25,Lleida,2017,grado_ocupacion_habitaciones_pct,35.505
25,Lleida,2017,grado_ocupacion_plazas_fin_semana_pct,43.24416666666667
25,Lleida,2017,grado_ocupacion_plazas_pct,32.40083333333333
25,Lleida,2017,habitaciones_estimadas,7103.75
25,Lleida,2017,personal_empleado,1507.9166666666667
25,Lleida,2017,plazas_estimadas,14928.166666666666
25,Lleida,2018,establecimientos_abiertos_estimados,281.4166666666667
25,Lleida,2018,grado_ocupacion_habitaciones_pct,37.6175
25,Lleida,2018,grado_ocupacion_plazas_fin_semana_pct,44.74916666666667
25,Lleida,2018,grado_ocupacion_plazas_pct,34.05416666666667
25,Lleida,2018,habitaciones_estimadas,6923.25
25,Lleida,2018,personal_empleado,1555.0
25,Lleida,2018,plazas_estimadas,14741.666666666666
25,Lleida,2019,establecimientos_abiertos_estimados,282.75
25,Lleida,2019,grado_ocupacion_habitaciones_pct,40.083333333333336
25,Lleida,2019,grado_ocupacion_plazas_fin_semana_pct,46.142500000000005
25,Lleida,2019,grado_ocupacion_plazas_pct,35.310833333333335
25,Lleida,2019,habitaciones_estimadas,6961.5
25,Lleida,2019,personal_empleado,1580.5
25,Lleida,2019,plazas_estimadas,14848.333333333334
25,Lleida,2020,establecimientos_abiertos_estimados,194.0
25,Lleida,2020,grado_ocupacion_habitaciones_pct,27.499166666666667
25,Lleida,2020,grado_ocupacion_plazas_fin_semana_pct,27.296666666666667
25,Lleida,2020,grado_ocupacion_plazas_pct,23.94333333333333
25,Lleida,2020,habitaciones_estimadas,4644.083333333333
25,Lleida,2020,personal_empleado,966.3333333333334
25,Lleida,2020,plazas_estimadas,9904.166666666666
25,Lleida,2021,establecimientos_abiertos_estimados,227.0
25,Lleida,2021,grado_ocupacion_habitaciones_pct,35.04916666666667
25,Lleida,2021,grado_ocupacion_plazas_fin_semana_pct,36.604166666666664
25,Lleida,2021,grado_ocupacion_plazas_pct,29.320000000000004
25,Lleida,2021,habitaciones_estimadas,5341.166666666667
25,Lleida,2021,personal_empleado,1076.0
25,Lleida,2021,plazas_estimadas,11329.5
25,Lleida,2022,establecimientos_abiertos_estimados,270.5833333333333
25,Lleida,2022,grado_ocupacion_habitaciones_pct,42.35166666666667
25,Lleida,2022,grado_ocupacion_plazas_fin_semana_pct,46.330000000000005
25,Lleida,2022,grado_ocupacion_plazas_pct,37.02583333333333
25,Lleida,2022,habitaciones_estimadas,6664.916666666667
25,Lleida,2022,personal_empleado,1499.9166666666667
25,Lleida,2022,plazas_estimadas,14333.833333333334
25,Lleida,2023,establecimientos_abiertos_estimados,266.5833333333333
25,Lleida,2023,grado_ocupacion_habitaciones_pct,42.574999999999996
25,Lleida,2023,grado_ocupacion_plazas_fin_semana_pct,46.84833333333333
25,Lleida,2023,grado_ocupacion_plazas_pct,37.240833333333335
25,Lleida,2023,habitaciones_estimadas,6686.416666666667
25,Lleida,2023,personal_empleado,1514.25
25,Lleida,2023,plazas_estimadas,14448.75
25,Lleida,2024,establecimientos_abiertos_estimados,265.0833333333333
25,Lleida,2024,grado_ocupacion_habitaciones_pct,43.66583333333333
25,Lleida,2024,grado_ocupacion_plazas_fin_semana_pct,47.155833333333334
25,Lleida,2024,grado_ocupacion_plazas_pct,37.8025
25,Lleida,2024,habitaciones_estimadas,6756.25
25,Lleida,2024,personal_empleado,1530.8333333333333
25,Lleida,2024,plazas_estimadas,14688.75
25,Lleida,2025,establecimientos_abiertos_estimados,274.8333333333333
25,Lleida,2025,grado_ocupacion_habitaciones_pct,45.490833333333335
25,Lleida,2025,grado_ocupacion_plazas_fin_semana_pct,47.48083333333333
25,Lleida,2025,grado_ocupacion_plazas_pct,37.98
25,Lleida,2025,habitaciones_estimadas,7026.416666666667
25,Lleida,2025,personal_empleado,1595.6666666666667
25,Lleida,2025,plazas_estimadas,15404.583333333334
26,"Rioja, La",2015,establecimientos_abiertos_estimados,141.0
26,"Rioja, La",2015,grado_ocupacion_habitaciones_pct,51.07750000000001
26,"Rioja, La",2015,grado_ocupacion_plazas_fin_semana_pct,59.333333333333336
26,"Rioja, La",2015,grado_ocupacion_plazas_pct,44.885
26,"Rioja, La",2015,habitaciones_estimadas,3147.0
26,"Rioja, La",2015,personal_empleado,818.8333333333334
26,"Rioja, La",2015,plazas_estimadas,5960.833333333333
26,"Rioja, La",2016,establecimientos_abiertos_estimados,148.25
26,"Rioja, La",2016,grado_ocupacion_habitaciones_pct,52.087500000000006
26,"Rioja, La",2016,grado_ocupacion_plazas_fin_semana_pct,61.530833333333334
26,"Rioja, La",2016,grado_ocupacion_plazas_pct,45.324999999999996
26,"Rioja, La",2016,habitaciones_estimadas,3186.0833333333335
26,"Rioja, La",2016,personal_empleado,839.25
26,"Rioja, La",2016,plazas_estimadas,6041.416666666667
26,"Rioja, La",2017,establecimientos_abiertos_estimados,148.33333333333334
26,"Rioja, La",2017,grado_ocupacion_habitaciones_pct,52.071666666666665
26,"Rioja, La",2017,grado_ocupacion_plazas_fin_semana_pct,60.18083333333333
26,"Rioja, La",2017,grado_ocupacion_plazas_pct,44.72833333333333
26,"Rioja, La",2017,habitaciones_estimadas,3252.3333333333335
26,"Rioja, La",2017,personal_empleado,821.9166666666666
26,"Rioja, La",2017,plazas_estimadas,6235.416666666667
26,"Rioja, La",2018,establecimientos_abiertos_estimados,147.91666666666666
26,"Rioja, La",2018,grado_ocupacion_habitaciones_pct,50.67583333333334
26,"Rioja, La",2018,grado_ocupacion_plazas_fin_semana_pct,57.05166666666667
26,"Rioja, La",2018,grado_ocupacion_plazas_pct,43.0975
26,"Rioja, La",2018,habitaciones_estimadas,3268.5833333333335
26,"Rioja, La",2018,personal_empleado,813.0
26,"Rioja, La",2018,plazas_estimadas,6268.666666666667
26,"Rioja, La",2019,establecimientos_abiertos_estimados,147.5
26,"Rioja, La",2019,grado_ocupacion_habitaciones_pct,50.7775
26,"Rioja, La",2019,grado_ocupacion_plazas_fin_semana_pct,56.815
26,"Rioja, La",2019,grado_ocupacion_plazas_pct,43.1625
26,"Rioja, La",2019,habitaciones_estimadas,3220.25
26,"Rioja, La",2019,personal_empleado,783.3333333333334
26,"Rioja, La",2019,plazas_estimadas,6214.25
26,"Rioja, La",2020,establecimientos_abiertos_estimados,90.5
26,"Rioja, La",2020,grado_ocupacion_habitaciones_pct,24.905833333333334
26,"Rioja, La",2020,grado_ocupacion_plazas_fin_semana_pct,22.790000000000003
26,"Rioja, La",2020,grado_ocupacion_plazas_pct,19.5725
26,"Rioja, La",2020,habitaciones_estimadas,2034.5833333333333
26,"Rioja, La",2020,personal_empleado,422.75
26,"Rioja, La",2020,plazas_estimadas,3941.0833333333335
26,"Rioja, La",2021,establecimientos_abiertos_estimados,118.91666666666667
26,"Rioja, La",2021,grado_ocupacion_habitaciones_pct,36.0225
26,"Rioja, La",2021,grado_ocupacion_plazas_fin_semana_pct,36.53416666666667
26,"Rioja, La",2021,grado_ocupacion_plazas_pct,29.670833333333334
26,"Rioja, La",2021,habitaciones_estimadas,2634.0833333333335
26,"Rioja, La",2021,personal_empleado,536.0
26,"Rioja, La",2021,plazas_estimadas,5105.5
26,"Rioja, La",2022,establecimientos_abiertos_estimados,148.33333333333334
26,"Rioja, La",2022,grado_ocupacion_habitaciones_pct,47.31166666666667
26,"Rioja, La",2022,grado_ocupacion_plazas_fin_semana_pct,53.585
26,"Rioja, La",2022,grado_ocupacion_plazas_pct,40.08583333333333
26,"Rioja, La",2022,habitaciones_estimadas,3150.1666666666665
26,"Rioja, La",2022,personal_empleado,732.3333333333334
26,"Rioja, La",2022,plazas_estimadas,6113.083333333333
26,"Rioja, La",2023,establecimientos_abiertos_estimados,143.16666666666666
26,"Rioja, La",2023,grado_ocupacion_habitaciones_pct,50.6225
26,"Rioja, La",2023,grado_ocupacion_plazas_fin_semana_pct,53.97416666666667
26,"Rioja, La",2023,grado_ocupacion_plazas_pct,42.04666666666667
26,"Rioja, La",2023,habitaciones_estimadas,3200.9166666666665
26,"Rioja, La",2023,personal_empleado,798.25
26,"Rioja, La",2023,plazas_estimadas,6300.916666666667
26,"Rioja, La",2024,establecimientos_abiertos_estimados,150.41666666666666
26,"Rioja, La",2024,grado_ocupacion_habitaciones_pct,49.5425
26,"Rioja, La",2024,grado_ocupacion_plazas_fin_semana_pct,53.4075
26,"Rioja, La",2024,grado_ocupacion_plazas_pct,41.399166666666666
26,"Rioja, La",2024,habitaciones_estimadas,3376.0833333333335
26,"Rioja, La",2024,personal_empleado,835.1666666666666
26,"Rioja, La",2024,plazas_estimadas,6665.333333333333
26,"Rioja, La",2025,establecimientos_abiertos_estimados,143.58333333333334
26,"Rioja, La",2025,grado_ocupacion_habitaciones_pct,53.88916666666666
26,"Rioja, La",2025,grado_ocupacion_plazas_fin_semana_pct,60.56583333333334
26,"Rioja, La",2025,grado_ocupacion_plazas_pct,45.3775
26,"Rioja, La",2025,habitaciones_estimadas,3460.4166666666665
26,"Rioja, La",2025,personal_empleado,862.4166666666666
26,"Rioja, La",2025,plazas_estimadas,6813.916666666667
27,Lugo,2015,establecimientos_abiertos_estimados,300.3333333333333
27,Lugo,2015,grado_ocupacion_habitaciones_pct,31.97
27,Lugo,2015,grado_ocupacion_plazas_fin_semana_pct,32.098333333333336
27,Lugo,2015,grado_ocupacion_plazas_pct,27.6725
27,Lugo,2015,habitaciones_estimadas,4836.0
27,Lugo,2015,personal_empleado,864.9166666666666
27,Lugo,2015,plazas_estimadas,9580.0
27,Lugo,2016,establecimientos_abiertos_estimados,293.8333333333333
27,Lugo,2016,grado_ocupacion_habitaciones_pct,34.41833333333333
27,Lugo,2016,grado_ocupacion_plazas_fin_semana_pct,34.354166666666664
27,Lugo,2016,grado_ocupacion_plazas_pct,30.060833333333335
27,Lugo,2016,habitaciones_estimadas,4727.75
27,Lugo,2016,personal_empleado,862.9166666666666
27,Lugo,2016,plazas_estimadas,9192.666666666666
27,Lugo,2017,establecimientos_abiertos_estimados,300.0833333333333
27,Lugo,2017,grado_ocupacion_habitaciones_pct,35.15833333333333
27,Lugo,2017,grado_ocupacion_plazas_fin_semana_pct,35.10583333333333
27,Lugo,2017,grado_ocupacion_plazas_pct,30.854166666666668
27,Lugo,2017,habitaciones_estimadas,4711.166666666667
27,Lugo,2017,personal_empleado,879.6666666666666
27,Lugo,2017,plazas_estimadas,9136.333333333334
27,Lugo,2018,establecimientos_abiertos_estimados,275.4166666666667
27,Lugo,2018,grado_ocupacion_habitaciones_pct,35.901666666666664
27,Lugo,2018,grado_ocupacion_plazas_fin_semana_pct,37.0
27,Lugo,2018,grado_ocupacion_plazas_pct,32.3175
27,Lugo,2018,habitaciones_estimadas,4630.25
27,Lugo,2018,personal_empleado,938.6666666666666
27,Lugo,2018,plazas_estimadas,8562.333333333334
27,Lugo,2019,establecimientos_abiertos_estimados,283.6666666666667
27,Lugo,2019,grado_ocupacion_habitaciones_pct,38.02916666666667
27,Lugo,2019,grado_ocupacion_plazas_fin_semana_pct,38.31583333333334
27,Lugo,2019,grado_ocupacion_plazas_pct,33.53916666666667
27,Lugo,2019,habitaciones_estimadas,4787.25
27,Lugo,2019,personal_empleado,978.75
27,Lugo,2019,plazas_estimadas,8883.916666666666
27,Lugo,2020,establecimientos_abiertos_estimados,186.33333333333334
27,Lugo,2020,grado_ocupacion_habitaciones_pct,19.12
27,Lugo,2020,grado_ocupacion_plazas_fin_semana_pct,16.156666666666666
27,Lugo,2020,grado_ocupacion_plazas_pct,15.518333333333333
27,Lugo,2020,habitaciones_estimadas,3151.25
27,Lugo,2020,personal_empleado,548.5833333333334
27,Lugo,2020,plazas_estimadas,5826.166666666667
27,Lugo,2021,establecimientos_abiertos_estimados,245.33333333333334
27,Lugo,2021,grado_ocupacion_habitaciones_pct,30.5275
27,Lugo,2021,grado_ocupacion_plazas_fin_semana_pct,28.623333333333335
27,Lugo,2021,grado_ocupacion_plazas_pct,26.295
27,Lugo,2021,habitaciones_estimadas,4072.1666666666665
27,Lugo,2021,personal_empleado,681.5833333333334
27,Lugo,2021,plazas_estimadas,7555.916666666667
27,Lugo,2022,establecimientos_abiertos_estimados,268.6666666666667
27,Lugo,2022,grado_ocupacion_habitaciones_pct,38.47666666666667
27,Lugo,2022,grado_ocupacion_plazas_fin_semana_pct,38.07
27,Lugo,2022,grado_ocupacion_plazas_pct,33.27
27,Lugo,2022,habitaciones_estimadas,4517.333333333333
27,Lugo,2022,personal_empleado,897.5833333333334
27,Lugo,2022,plazas_estimadas,8467.916666666666
27,Lugo,2023,establecimientos_abiertos_estimados,287.9166666666667
27,Lugo,2023,grado_ocupacion_habitaciones_pct,39.01083333333333
27,Lugo,2023,grado_ocupacion_plazas_fin_semana_pct,38.950833333333335
27,Lugo,2023,grado_ocupacion_plazas_pct,33.73333333333333
27,Lugo,2023,habitaciones_estimadas,4753.75
27,Lugo,2023,personal_empleado,986.0833333333334
27,Lugo,2023,plazas_estimadas,8927.083333333334
27,Lugo,2024,establecimientos_abiertos_estimados,289.6666666666667
27,Lugo,2024,grado_ocupacion_habitaciones_pct,41.61833333333333
27,Lugo,2024,grado_ocupacion_plazas_fin_semana_pct,40.291666666666664
27,Lugo,2024,grado_ocupacion_plazas_pct,35.8025
27,Lugo,2024,habitaciones_estimadas,4821.333333333333
27,Lugo,2024,personal_empleado,1003.0833333333334
27,Lugo,2024,plazas_estimadas,9128.583333333334
27,Lugo,2025,establecimientos_abiertos_estimados,297.8333333333333
27,Lugo,2025,grado_ocupacion_habitaciones_pct,44.11333333333334
27,Lugo,2025,grado_ocupacion_plazas_fin_semana_pct,42.70583333333334
27,Lugo,2025,grado_ocupacion_plazas_pct,37.6475
27,Lugo,2025,habitaciones_estimadas,4951.916666666667
27,Lugo,2025,personal_empleado,1032.0
27,Lugo,2025,plazas_estimadas,9460.916666666666
28,Madrid,2015,establecimientos_abiertos_estimados,1098.3333333333333
28,Madrid,2015,grado_ocupacion_habitaciones_pct,66.34166666666667
28,Madrid,2015,grado_ocupacion_plazas_fin_semana_pct,64.21
28,Madrid,2015,grado_ocupacion_plazas_pct,55.844166666666666
28,Madrid,2015,habitaciones_estimadas,54340.5
28,Madrid,2015,personal_empleado,13229.25
28,Madrid,2015,plazas_estimadas,105469.08333333333
28,Madrid,2016,establecimientos_abiertos_estimados,1077.9166666666667
28,Madrid,2016,grado_ocupacion_habitaciones_pct,68.35416666666667
28,Madrid,2016,grado_ocupacion_plazas_fin_semana_pct,64.83166666666666
28,Madrid,2016,grado_ocupacion_plazas_pct,57.00333333333333
28,Madrid,2016,habitaciones_estimadas,54243.166666666664
28,Madrid,2016,personal_empleado,13634.25
28,Madrid,2016,plazas_estimadas,105522.0
28,Madrid,2017,establecimientos_abiertos_estimados,1097.0833333333333
28,Madrid,2017,grado_ocupacion_habitaciones_pct,72.30666666666666
28,Madrid,2017,grado_ocupacion_plazas_fin_semana_pct,67.80833333333334
28,Madrid,2017,grado_ocupacion_plazas_pct,60.48083333333333
28,Madrid,2017,habitaciones_estimadas,55219.25
28,Madrid,2017,personal_empleado,14217.333333333334
28,Madrid,2017,plazas_estimadas,107545.16666666667
28,Madrid,2018,establecimientos_abiertos_estimados,1084.5833333333333
28,Madrid,2018,grado_ocupacion_habitaciones_pct,72.99833333333333
28,Madrid,2018,grado_ocupacion_plazas_fin_semana_pct,67.92999999999999
28,Madrid,2018,grado_ocupacion_plazas_pct,59.92083333333333
28,Madrid,2018,habitaciones_estimadas,56712.833333333336
28,Madrid,2018,personal_empleado,14080.916666666666
28,Madrid,2018,plazas_estimadas,111002.25
28,Madrid,2019,establecimientos_abiertos_estimados,1176.6666666666667
28,Madrid,2019,grado_ocupacion_habitaciones_pct,73.845
28,Madrid,2019,grado_ocupacion_plazas_fin_semana_pct,69.05916666666667
28,Madrid,2019,grado_ocupacion_plazas_pct,60.8325
28,Madrid,2019,habitaciones_estimadas,58646.666666666664
28,Madrid,2019,personal_empleado,14735.416666666666
28,Madrid,2019,plazas_estimadas,114330.33333333333
28,Madrid,2020,establecimientos_abiertos_estimados,706.5833333333334
28,Madrid,2020,grado_ocupacion_habitaciones_pct,34.160000000000004
28,Madrid,2020,grado_ocupacion_plazas_fin_semana_pct,28.885833333333334
28,Madrid,2020,grado_ocupacion_plazas_pct,26.715
28,Madrid,2020,habitaciones_estimadas,31428.25
28,Madrid,2020,personal_empleado,5906.75
28,Madrid,2020,plazas_estimadas,61068.75
28,Madrid,2021,establecimientos_abiertos_estimados,880.5
28,Madrid,2021,grado_ocupacion_habitaciones_pct,44.78
28,Madrid,2021,grado_ocupacion_plazas_fin_semana_pct,44.22333333333333
28,Madrid,2021,grado_ocupacion_plazas_pct,35.9575
28,Madrid,2021,habitaciones_estimadas,46197.666666666664
28,Madrid,2021,personal_empleado,8729.916666666666
28,Madrid,2021,plazas_estimadas,90980.08333333333
28,Madrid,2022,establecimientos_abiertos_estimados,1066.75
28,Madrid,2022,grado_ocupacion_habitaciones_pct,64.93416666666667
28,Madrid,2022,grado_ocupacion_plazas_fin_semana_pct,62.185833333333335
28,Madrid,2022,grado_ocupacion_plazas_pct,53.26916666666667
28,Madrid,2022,habitaciones_estimadas,57109.75
28,Madrid,2022,personal_empleado,13463.75
28,Madrid,2022,plazas_estimadas,113077.41666666667
28,Madrid,2023,establecimientos_abiertos_estimados,1139.4166666666667
28,Madrid,2023,grado_ocupacion_habitaciones_pct,71.085
28,Madrid,2023,grado_ocupacion_plazas_fin_semana_pct,65.37833333333333
28,Madrid,2023,grado_ocupacion_plazas_pct,57.774166666666666
28,Madrid,2023,habitaciones_estimadas,59861.75
28,Madrid,2023,personal_empleado,14799.083333333334
28,Madrid,2023,plazas_estimadas,118496.91666666667
28,Madrid,2024,establecimientos_abiertos_estimados,1195.6666666666667
28,Madrid,2024,grado_ocupacion_habitaciones_pct,72.465
28,Madrid,2024,grado_ocupacion_plazas_fin_semana_pct,65.90666666666667
28,Madrid,2024,grado_ocupacion_plazas_pct,58.74583333333334
28,Madrid,2024,habitaciones_estimadas,62026.583333333336
28,Madrid,2024,personal_empleado,15668.916666666666
28,Madrid,2024,plazas_estimadas,123182.41666666667
28,Madrid,2025,establecimientos_abiertos_estimados,1172.1666666666667
28,Madrid,2025,grado_ocupacion_habitaciones_pct,73.36916666666667
28,Madrid,2025,grado_ocupacion_plazas_fin_semana_pct,67.3
28,Madrid,2025,grado_ocupacion_plazas_pct,60.2475
28,Madrid,2025,habitaciones_estimadas,62132.166666666664
28,Madrid,2025,personal_empleado,16738.25
28,Madrid,2025,plazas_estimadas,123865.83333333333
29,Málaga,2015,establecimientos_abiertos_estimados,561.25
29,Málaga,2015,grado_ocupacion_habitaciones_pct,66.515
29,Málaga,2015,grado_ocupacion_plazas_fin_semana_pct,63.3025
29,Málaga,2015,grado_ocupacion_plazas_pct,58.63666666666666
29,Málaga,2015,habitaciones_estimadas,37254.333333333336
29,Málaga,2015,personal_empleado,11441.333333333334
29,Málaga,2015,plazas_estimadas,81549.66666666667
29,Málaga,2016,establecimientos_abiertos_estimados,569.1666666666666
29,Málaga,2016,grado_ocupacion_habitaciones_pct,70.80833333333334
29,Málaga,2016,grado_ocupacion_plazas_fin_semana_pct,65.6825
29,Málaga,2016,grado_ocupacion_plazas_pct,61.24333333333333
29,Málaga,2016,habitaciones_estimadas,37827.833333333336
29,Málaga,2016,personal_empleado,12231.75
29,Málaga,2016,plazas_estimadas,83445.58333333333
29,Málaga,2017,establecimientos_abiertos_estimados,554.9166666666666
29,Málaga,2017,grado_ocupacion_habitaciones_pct,71.54916666666666
29,Málaga,2017,grado_ocupacion_plazas_fin_semana_pct,65.97666666666667
29,Málaga,2017,grado_ocupacion_plazas_pct,61.362500000000004
29,Málaga,2017,habitaciones_estimadas,37659.333333333336
29,Málaga,2017,personal_empleado,12933.75
29,Málaga,2017,plazas_estimadas,83343.58333333333
29,Málaga,2018,establecimientos_abiertos_estimados,545.8333333333334
29,Málaga,2018,grado_ocupacion_habitaciones_pct,70.23916666666666
29,Málaga,2018,grado_ocupacion_plazas_fin_semana_pct,65.0975
29,Málaga,2018,grado_ocupacion_plazas_pct,60.04749999999999
29,Málaga,2018,habitaciones_estimadas,38182.5
29,Málaga,2018,personal_empleado,13275.916666666666
29,Málaga,2018,plazas_estimadas,84973.83333333333
29,Málaga,2019,establecimientos_abiertos_estimados,548.4166666666666
29,Málaga,2019,grado_ocupacion_habitaciones_pct,71.39166666666667
29,Málaga,2019,grado_ocupacion_plazas_fin_semana_pct,66.30916666666667
29,Málaga,2019,grado_ocupacion_plazas_pct,61.00416666666666
29,Málaga,2019,habitaciones_estimadas,38791.166666666664
29,Málaga,2019,personal_empleado,14068.166666666666
29,Málaga,2019,plazas_estimadas,85966.58333333333
29,Málaga,2020,establecimientos_abiertos_estimados,301.9166666666667
29,Málaga,2020,grado_ocupacion_habitaciones_pct,29.878333333333334
29,Málaga,2020,grado_ocupacion_plazas_fin_semana_pct,28.189999999999998
29,Málaga,2020,grado_ocupacion_plazas_pct,24.8925
29,Málaga,2020,habitaciones_estimadas,19672.5
29,Málaga,2020,personal_empleado,5402.166666666667
29,Málaga,2020,plazas_estimadas,43210.5
29,Málaga,2021,establecimientos_abiertos_estimados,401.0
29,Málaga,2021,grado_ocupacion_habitaciones_pct,44.36666666666667
29,Málaga,2021,grado_ocupacion_plazas_fin_semana_pct,43.9175
29,Málaga,2021,grado_ocupacion_plazas_pct,38.065
29,Málaga,2021,habitaciones_estimadas,27065.333333333332
29,Málaga,2021,personal_empleado,8547.75
29,Málaga,2021,plazas_estimadas,59870.25
29,Málaga,2022,establecimientos_abiertos_estimados,553.25
29,Málaga,2022,grado_ocupacion_habitaciones_pct,67.71666666666667
29,Málaga,2022,grado_ocupacion_plazas_fin_semana_pct,63.605
29,Málaga,2022,grado_ocupacion_plazas_pct,58.02
29,Málaga,2022,habitaciones_estimadas,38112.583333333336
29,Málaga,2022,personal_empleado,13871.0
29,Málaga,2022,plazas_estimadas,84409.16666666667
29,Málaga,2023,establecimientos_abiertos_estimados,634.8333333333334
29,Málaga,2023,grado_ocupacion_habitaciones_pct,72.21333333333334
29,Málaga,2023,grado_ocupacion_plazas_fin_semana_pct,66.1875
29,Málaga,2023,grado_ocupacion_plazas_pct,61.24166666666667
29,Málaga,2023,habitaciones_estimadas,40145.666666666664
29,Málaga,2023,personal_empleado,14976.666666666666
29,Málaga,2023,plazas_estimadas,89797.16666666667
29,Málaga,2024,establecimientos_abiertos_estimados,620.1666666666666
29,Málaga,2024,grado_ocupacion_habitaciones_pct,73.44583333333334
29,Málaga,2024,grado_ocupacion_plazas_fin_semana_pct,65.66
29,Málaga,2024,grado_ocupacion_plazas_pct,61.92083333333333
29,Málaga,2024,habitaciones_estimadas,41153.416666666664
29,Málaga,2024,personal_empleado,15527.333333333334
29,Málaga,2024,plazas_estimadas,91843.25
29,Málaga,2025,establecimientos_abiertos_estimados,603.0
29,Málaga,2025,grado_ocupacion_habitaciones_pct,72.65666666666667
29,Málaga,2025,grado_ocupacion_plazas_fin_semana_pct,66.2575
29,Málaga,2025,grado_ocupacion_plazas_pct,60.778333333333336
29,Málaga,2025,habitaciones_estimadas,41698.583333333336
29,Málaga,2025,personal_empleado,16544.5
29,Málaga,2025,plazas_estimadas,93811.16666666667
30,Murcia,2015,establecimientos_abiertos_estimados,162.25
30,Murcia,2015,grado_ocupacion_habitaciones_pct,48.92416666666667
30,Murcia,2015,grado_ocupacion_plazas_fin_semana_pct,53.6575
30,Murcia,2015,grado_ocupacion_plazas_pct,44.88916666666666
30,Murcia,2015,habitaciones_estimadas,8467.916666666666
30,Murcia,2015,personal_empleado,2015.3333333333333
30,Murcia,2015,plazas_estimadas,16096.083333333334
30,Murcia,2016,establecimientos_abiertos_estimados,163.66666666666666
30,Murcia,2016,grado_ocupacion_habitaciones_pct,53.50666666666667
30,Murcia,2016,grado_ocupacion_plazas_fin_semana_pct,57.965
30,Murcia,2016,grado_ocupacion_plazas_pct,47.74916666666667
30,Murcia,2016,habitaciones_estimadas,8613.25
30,Murcia,2016,personal_empleado,2039.75
30,Murcia,2016,plazas_estimadas,16664.5
30,Murcia,2017,establecimientos_abiertos_estimados,164.66666666666666
30,Murcia,2017,grado_ocupacion_habitaciones_pct,54.385
30,Murcia,2017,grado_ocupacion_plazas_fin_semana_pct,58.428333333333335
30,Murcia,2017,grado_ocupacion_plazas_pct,48.1325
30,Murcia,2017,habitaciones_estimadas,8820.916666666666
30,Murcia,2017,personal_empleado,2092.25
30,Murcia,2017,plazas_estimadas,17151.916666666668
30,Murcia,2018,establecimientos_abiertos_estimados,159.58333333333334
30,Murcia,2018,grado_ocupacion_habitaciones_pct,56.81
30,Murcia,2018,grado_ocupacion_plazas_fin_semana_pct,59.30833333333334
30,Murcia,2018,grado_ocupacion_plazas_pct,49.43083333333333
30,Murcia,2018,habitaciones_estimadas,8974.0
30,Murcia,2018,personal_empleado,2108.3333333333335
30,Murcia,2018,plazas_estimadas,17474.416666666668
30,Murcia,2019,establecimientos_abiertos_estimados,161.75
30,Murcia,2019,grado_ocupacion_habitaciones_pct,55.26083333333333
30,Murcia,2019,grado_ocupacion_plazas_fin_semana_pct,58.69833333333333
30,Murcia,2019,grado_ocupacion_plazas_pct,48.4025
30,Murcia,2019,habitaciones_estimadas,9129.583333333334
30,Murcia,2019,personal_empleado,2198.9166666666665
30,Murcia,2019,plazas_estimadas,17797.5
30,Murcia,2020,establecimientos_abiertos_estimados,107.58333333333333
30,Murcia,2020,grado_ocupacion_habitaciones_pct,30.002499999999998
30,Murcia,2020,grado_ocupacion_plazas_fin_semana_pct,27.3
30,Murcia,2020,grado_ocupacion_plazas_pct,24.6825
30,Murcia,2020,habitaciones_estimadas,5338.25
30,Murcia,2020,personal_empleado,1088.3333333333333
30,Murcia,2020,plazas_estimadas,10208.5
30,Murcia,2021,establecimientos_abiertos_estimados,129.25
30,Murcia,2021,grado_ocupacion_habitaciones_pct,42.79666666666666
30,Murcia,2021,grado_ocupacion_plazas_fin_semana_pct,45.03916666666667
30,Murcia,2021,grado_ocupacion_plazas_pct,36.29416666666666
30,Murcia,2021,habitaciones_estimadas,6594.25
30,Murcia,2021,personal_empleado,1351.75
30,Murcia,2021,plazas_estimadas,12705.666666666666
30,Murcia,2022,establecimientos_abiertos_estimados,158.66666666666666
30,Murcia,2022,grado_ocupacion_habitaciones_pct,53.73083333333333
30,Murcia,2022,grado_ocupacion_plazas_fin_semana_pct,58.153333333333336
30,Murcia,2022,grado_ocupacion_plazas_pct,46.455000000000005
30,Murcia,2022,habitaciones_estimadas,8418.583333333334
30,Murcia,2022,personal_empleado,1885.0833333333333
30,Murcia,2022,plazas_estimadas,16486.5
30,Murcia,2023,establecimientos_abiertos_estimados,164.75
30,Murcia,2023,grado_ocupacion_habitaciones_pct,55.95083333333333
30,Murcia,2023,grado_ocupacion_plazas_fin_semana_pct,57.83833333333333
30,Murcia,2023,grado_ocupacion_plazas_pct,47.62916666666666
30,Murcia,2023,habitaciones_estimadas,8874.75
30,Murcia,2023,personal_empleado,2089.6666666666665
30,Murcia,2023,plazas_estimadas,17636.166666666668
30,Murcia,2024,establecimientos_abiertos_estimados,173.0
30,Murcia,2024,grado_ocupacion_habitaciones_pct,57.038333333333334
30,Murcia,2024,grado_ocupacion_plazas_fin_semana_pct,58.41833333333333
30,Murcia,2024,grado_ocupacion_plazas_pct,47.785
30,Murcia,2024,habitaciones_estimadas,9348.833333333334
30,Murcia,2024,personal_empleado,2244.5833333333335
30,Murcia,2024,plazas_estimadas,18854.916666666668
30,Murcia,2025,establecimientos_abiertos_estimados,174.0
30,Murcia,2025,grado_ocupacion_habitaciones_pct,58.73
30,Murcia,2025,grado_ocupacion_plazas_fin_semana_pct,59.166666666666664
30,Murcia,2025,grado_ocupacion_plazas_pct,48.153333333333336
30,Murcia,2025,habitaciones_estimadas,9538.333333333334
30,Murcia,2025,personal_empleado,2194.1666666666665
30,Murcia,2025,plazas_estimadas,19433.583333333332
31,Navarra,2015,establecimientos_abiertos_estimados,255.08333333333334
31,Navarra,2015,grado_ocupacion_habitaciones_pct,45.01333333333333
31,Navarra,2015,grado_ocupacion_plazas_fin_semana_pct,44.600833333333334
31,Navarra,2015,grado_ocupacion_plazas_pct,38.6325
31,Navarra,2015,habitaciones_estimadas,6065.166666666667
31,Navarra,2015,personal_empleado,1282.4166666666667
31,Navarra,2015,plazas_estimadas,11686.916666666666
31,Navarra,2016,establecimientos_abiertos_estimados,251.0
31,Navarra,2016,grado_ocupacion_habitaciones_pct,49.35166666666667
31,Navarra,2016,grado_ocupacion_plazas_fin_semana_pct,48.48166666666666
31,Navarra,2016,grado_ocupacion_plazas_pct,42.07666666666666
31,Navarra,2016,habitaciones_estimadas,6012.166666666667
31,Navarra,2016,personal_empleado,1384.5
31,Navarra,2016,plazas_estimadas,11495.5
31,Navarra,2017,establecimientos_abiertos_estimados,244.0
31,Navarra,2017,grado_ocupacion_habitaciones_pct,52.6675
31,Navarra,2017,grado_ocupacion_plazas_fin_semana_pct,52.413333333333334
31,Navarra,2017,grado_ocupacion_plazas_pct,44.82083333333333
31,Navarra,2017,habitaciones_estimadas,5808.416666666667
31,Navarra,2017,personal_empleado,1429.9166666666667
31,Navarra,2017,plazas_estimadas,11182.916666666666
31,Navarra,2018,establecimientos_abiertos_estimados,260.75
31,Navarra,2018,grado_ocupacion_habitaciones_pct,52.46666666666667
31,Navarra,2018,grado_ocupacion_plazas_fin_semana_pct,51.56166666666667
31,Navarra,2018,grado_ocupacion_plazas_pct,44.025
31,Navarra,2018,habitaciones_estimadas,6037.833333333333
31,Navarra,2018,personal_empleado,1522.8333333333333
31,Navarra,2018,plazas_estimadas,11663.333333333334
31,Navarra,2019,establecimientos_abiertos_estimados,273.0833333333333
31,Navarra,2019,grado_ocupacion_habitaciones_pct,53.41416666666667
31,Navarra,2019,grado_ocupacion_plazas_fin_semana_pct,51.6875
31,Navarra,2019,grado_ocupacion_plazas_pct,44.32
31,Navarra,2019,habitaciones_estimadas,6157.25
31,Navarra,2019,personal_empleado,1472.9166666666667
31,Navarra,2019,plazas_estimadas,11882.083333333334
31,Navarra,2020,establecimientos_abiertos_estimados,181.91666666666666
31,Navarra,2020,grado_ocupacion_habitaciones_pct,27.503333333333334
31,Navarra,2020,grado_ocupacion_plazas_fin_semana_pct,22.4725
31,Navarra,2020,grado_ocupacion_plazas_pct,21.231666666666666
31,Navarra,2020,habitaciones_estimadas,4116.5
31,Navarra,2020,personal_empleado,830.0833333333334
31,Navarra,2020,plazas_estimadas,8026.083333333333
31,Navarra,2021,establecimientos_abiertos_estimados,235.75
31,Navarra,2021,grado_ocupacion_habitaciones_pct,41.30916666666666
31,Navarra,2021,grado_ocupacion_plazas_fin_semana_pct,38.095
31,Navarra,2021,grado_ocupacion_plazas_pct,32.755
31,Navarra,2021,habitaciones_estimadas,5312.916666666667
31,Navarra,2021,personal_empleado,1068.8333333333333
31,Navarra,2021,plazas_estimadas,10456.083333333334
31,Navarra,2022,establecimientos_abiertos_estimados,262.9166666666667
31,Navarra,2022,grado_ocupacion_habitaciones_pct,51.78333333333333
31,Navarra,2022,grado_ocupacion_plazas_fin_semana_pct,49.776666666666664
31,Navarra,2022,grado_ocupacion_plazas_pct,42.0525
31,Navarra,2022,habitaciones_estimadas,5831.75
31,Navarra,2022,personal_empleado,1372.0833333333333
31,Navarra,2022,plazas_estimadas,11464.75
31,Navarra,2023,establecimientos_abiertos_estimados,268.25
31,Navarra,2023,grado_ocupacion_habitaciones_pct,54.00333333333333
31,Navarra,2023,grado_ocupacion_plazas_fin_semana_pct,52.1875
31,Navarra,2023,grado_ocupacion_plazas_pct,44.125
31,Navarra,2023,habitaciones_estimadas,5849.583333333333
31,Navarra,2023,personal_empleado,1370.5833333333333
31,Navarra,2023,plazas_estimadas,11548.0
31,Navarra,2024,establecimientos_abiertos_estimados,264.75
31,Navarra,2024,grado_ocupacion_habitaciones_pct,54.95583333333334
31,Navarra,2024,grado_ocupacion_plazas_fin_semana_pct,52.26416666666666
31,Navarra,2024,grado_ocupacion_plazas_pct,44.81166666666667
31,Navarra,2024,habitaciones_estimadas,5939.75
31,Navarra,2024,personal_empleado,1409.1666666666667
31,Navarra,2024,plazas_estimadas,11802.0
31,Navarra,2025,establecimientos_abiertos_estimados,280.1666666666667
31,Navarra,2025,grado_ocupacion_habitaciones_pct,57.80083333333334
31,Navarra,2025,grado_ocupacion_plazas_fin_semana_pct,55.22083333333333
31,Navarra,2025,grado_ocupacion_plazas_pct,46.705000000000005
31,Navarra,2025,habitaciones_estimadas,6115.5
31,Navarra,2025,personal_empleado,1516.1666666666667
31,Navarra,2025,plazas_estimadas,12243.666666666666
32,Ourense,2015,establecimientos_abiertos_estimados,180.58333333333334
32,Ourense,2015,grado_ocupacion_habitaciones_pct,28.88416666666667
32,Ourense,2015,grado_ocupacion_plazas_fin_semana_pct,28.368333333333336
32,Ourense,2015,grado_ocupacion_plazas_pct,24.353333333333335
32,Ourense,2015,habitaciones_estimadas,3252.8333333333335
32,Ourense,2015,personal_empleado,588.6666666666666
32,Ourense,2015,plazas_estimadas,6030.083333333333
32,Ourense,2016,establecimientos_abiertos_estimados,187.0
32,Ourense,2016,grado_ocupacion_habitaciones_pct,31.463333333333335
32,Ourense,2016,grado_ocupacion_plazas_fin_semana_pct,30.926666666666666
32,Ourense,2016,grado_ocupacion_plazas_pct,26.2925
32,Ourense,2016,habitaciones_estimadas,3378.0833333333335
32,Ourense,2016,personal_empleado,620.0833333333334
32,Ourense,2016,plazas_estimadas,6250.5
32,Ourense,2017,establecimientos_abiertos_estimados,174.33333333333334
32,Ourense,2017,grado_ocupacion_habitaciones_pct,33.3275
32,Ourense,2017,grado_ocupacion_plazas_fin_semana_pct,33.15
32,Ourense,2017,grado_ocupacion_plazas_pct,27.690833333333334
32,Ourense,2017,habitaciones_estimadas,3250.25
32,Ourense,2017,personal_empleado,627.6666666666666
32,Ourense,2017,plazas_estimadas,6043.416666666667
32,Ourense,2018,establecimientos_abiertos_estimados,168.83333333333334
32,Ourense,2018,grado_ocupacion_habitaciones_pct,33.8525
32,Ourense,2018,grado_ocupacion_plazas_fin_semana_pct,35.55833333333333
32,Ourense,2018,grado_ocupacion_plazas_pct,28.954166666666666
32,Ourense,2018,habitaciones_estimadas,3265.9166666666665
32,Ourense,2018,personal_empleado,640.5
32,Ourense,2018,plazas_estimadas,5955.583333333333
32,Ourense,2019,establecimientos_abiertos_estimados,166.08333333333334
32,Ourense,2019,grado_ocupacion_habitaciones_pct,36.38
32,Ourense,2019,grado_ocupacion_plazas_fin_semana_pct,36.9175
32,Ourense,2019,grado_ocupacion_plazas_pct,30.63416666666667
32,Ourense,2019,habitaciones_estimadas,3264.1666666666665
32,Ourense,2019,personal_empleado,648.6666666666666
32,Ourense,2019,plazas_estimadas,5963.5
32,Ourense,2020,establecimientos_abiertos_estimados,120.41666666666667
32,Ourense,2020,grado_ocupacion_habitaciones_pct,22.870833333333334
32,Ourense,2020,grado_ocupacion_plazas_fin_semana_pct,18.14166666666667
32,Ourense,2020,grado_ocupacion_plazas_pct,17.940833333333334
32,Ourense,2020,habitaciones_estimadas,2350.6666666666665
32,Ourense,2020,personal_empleado,417.25
32,Ourense,2020,plazas_estimadas,4338.25
32,Ourense,2021,establecimientos_abiertos_estimados,143.08333333333334
32,Ourense,2021,grado_ocupacion_habitaciones_pct,30.059166666666666
32,Ourense,2021,grado_ocupacion_plazas_fin_semana_pct,28.2775
32,Ourense,2021,grado_ocupacion_plazas_pct,24.80333333333333
32,Ourense,2021,habitaciones_estimadas,2844.1666666666665
32,Ourense,2021,personal_empleado,488.75
32,Ourense,2021,plazas_estimadas,5227.25
32,Ourense,2022,establecimientos_abiertos_estimados,157.0
32,Ourense,2022,grado_ocupacion_habitaciones_pct,36.8525
32,Ourense,2022,grado_ocupacion_plazas_fin_semana_pct,37.7825
32,Ourense,2022,grado_ocupacion_plazas_pct,30.924999999999997
32,Ourense,2022,habitaciones_estimadas,3106.75
32,Ourense,2022,personal_empleado,601.25
32,Ourense,2022,plazas_estimadas,5761.25
32,Ourense,2023,establecimientos_abiertos_estimados,157.08333333333334
32,Ourense,2023,grado_ocupacion_habitaciones_pct,38.54333333333333
32,Ourense,2023,grado_ocupacion_plazas_fin_semana_pct,38.18
32,Ourense,2023,grado_ocupacion_plazas_pct,32.494166666666665
32,Ourense,2023,habitaciones_estimadas,3075.25
32,Ourense,2023,personal_empleado,576.0833333333334
32,Ourense,2023,plazas_estimadas,5704.5
32,Ourense,2024,establecimientos_abiertos_estimados,163.0
32,Ourense,2024,grado_ocupacion_habitaciones_pct,38.2225
32,Ourense,2024,grado_ocupacion_plazas_fin_semana_pct,37.9375
32,Ourense,2024,grado_ocupacion_plazas_pct,32.635
32,Ourense,2024,habitaciones_estimadas,3083.5833333333335
32,Ourense,2024,personal_empleado,590.0833333333334
32,Ourense,2024,plazas_estimadas,5724.583333333333
32,Ourense,2025,establecimientos_abiertos_estimados,160.33333333333334
32,Ourense,2025,grado_ocupacion_habitaciones_pct,36.805
32,Ourense,2025,grado_ocupacion_plazas_fin_semana_pct,37.29916666666667
32,Ourense,2025,grado_ocupacion_plazas_pct,31.109166666666667
32,Ourense,2025,habitaciones_estimadas,3036.8333333333335
32,Ourense,2025,personal_empleado,598.1666666666666
32,Ourense,2025,plazas_estimadas,5710.083333333333
33,Asturias,2015,establecimientos_abiertos_estimados,540.75
33,Asturias,2015,grado_ocupacion_habitaciones_pct,40.36166666666667
33,Asturias,2015,grado_ocupacion_plazas_fin_semana_pct,45.094166666666666
33,Asturias,2015,grado_ocupacion_plazas_pct,35.875
33,Asturias,2015,habitaciones_estimadas,12213.916666666666
33,Asturias,2015,personal_empleado,2635.25
33,Asturias,2015,plazas_estimadas,23567.583333333332
33,Asturias,2016,establecimientos_abiertos_estimados,531.75
33,Asturias,2016,grado_ocupacion_habitaciones_pct,42.94583333333333
33,Asturias,2016,grado_ocupacion_plazas_fin_semana_pct,46.35916666666666
33,Asturias,2016,grado_ocupacion_plazas_pct,37.343333333333334
33,Asturias,2016,habitaciones_estimadas,12230.75
33,Asturias,2016,personal_empleado,2764.0
33,Asturias,2016,plazas_estimadas,23642.833333333332
33,Asturias,2017,establecimientos_abiertos_estimados,547.6666666666666
33,Asturias,2017,grado_ocupacion_habitaciones_pct,42.82416666666666
33,Asturias,2017,grado_ocupacion_plazas_fin_semana_pct,46.84
33,Asturias,2017,grado_ocupacion_plazas_pct,37.788333333333334
33,Asturias,2017,habitaciones_estimadas,12507.916666666666
33,Asturias,2017,personal_empleado,2802.4166666666665
33,Asturias,2017,plazas_estimadas,24158.916666666668
33,Asturias,2018,establecimientos_abiertos_estimados,551.8333333333334
33,Asturias,2018,grado_ocupacion_habitaciones_pct,42.325833333333335
33,Asturias,2018,grado_ocupacion_plazas_fin_semana_pct,47.18333333333334
33,Asturias,2018,grado_ocupacion_plazas_pct,37.58833333333333
33,Asturias,2018,habitaciones_estimadas,12598.333333333334
33,Asturias,2018,personal_empleado,2826.3333333333335
33,Asturias,2018,plazas_estimadas,24482.5
33,Asturias,2019,establecimientos_abiertos_estimados,548.6666666666666
33,Asturias,2019,grado_ocupacion_habitaciones_pct,44.208333333333336
33,Asturias,2019,grado_ocupacion_plazas_fin_semana_pct,49.72416666666667
33,Asturias,2019,grado_ocupacion_plazas_pct,39.37333333333333
33,Asturias,2019,habitaciones_estimadas,12466.75
33,Asturias,2019,personal_empleado,2766.75
33,Asturias,2019,plazas_estimadas,24186.0
33,Asturias,2020,establecimientos_abiertos_estimados,333.1666666666667
33,Asturias,2020,grado_ocupacion_habitaciones_pct,27.99416666666667
33,Asturias,2020,grado_ocupacion_plazas_fin_semana_pct,27.508333333333336
33,Asturias,2020,grado_ocupacion_plazas_pct,24.037499999999998
33,Asturias,2020,habitaciones_estimadas,7714.416666666667
33,Asturias,2020,personal_empleado,1483.6666666666667
33,Asturias,2020,plazas_estimadas,14988.5
33,Asturias,2021,establecimientos_abiertos_estimados,410.8333333333333
33,Asturias,2021,grado_ocupacion_habitaciones_pct,37.775
33,Asturias,2021,grado_ocupacion_plazas_fin_semana_pct,37.16166666666667
33,Asturias,2021,grado_ocupacion_plazas_pct,32.4675
33,Asturias,2021,habitaciones_estimadas,9690.0
33,Asturias,2021,personal_empleado,1942.1666666666667
33,Asturias,2021,plazas_estimadas,18873.583333333332
33,Asturias,2022,establecimientos_abiertos_estimados,507.5
33,Asturias,2022,grado_ocupacion_habitaciones_pct,46.18083333333333
33,Asturias,2022,grado_ocupacion_plazas_fin_semana_pct,48.98
33,Asturias,2022,grado_ocupacion_plazas_pct,40.33083333333333
33,Asturias,2022,habitaciones_estimadas,11806.416666666666
33,Asturias,2022,personal_empleado,2560.0
33,Asturias,2022,plazas_estimadas,22981.25
33,Asturias,2023,establecimientos_abiertos_estimados,522.75
33,Asturias,2023,grado_ocupacion_habitaciones_pct,49.4675
33,Asturias,2023,grado_ocupacion_plazas_fin_semana_pct,51.093333333333334
33,Asturias,2023,grado_ocupacion_plazas_pct,42.895833333333336
33,Asturias,2023,habitaciones_estimadas,12262.083333333334
33,Asturias,2023,personal_empleado,2768.1666666666665
33,Asturias,2023,plazas_estimadas,23857.5
33,Asturias,2024,establecimientos_abiertos_estimados,511.3333333333333
33,Asturias,2024,grado_ocupacion_habitaciones_pct,50.843333333333334
33,Asturias,2024,grado_ocupacion_plazas_fin_semana_pct,53.01
33,Asturias,2024,grado_ocupacion_plazas_pct,43.65083333333333
33,Asturias,2024,habitaciones_estimadas,12240.5
33,Asturias,2024,personal_empleado,2807.9166666666665
33,Asturias,2024,plazas_estimadas,23903.666666666668
33,Asturias,2025,establecimientos_abiertos_estimados,477.5833333333333
33,Asturias,2025,grado_ocupacion_habitaciones_pct,51.314166666666665
33,Asturias,2025,grado_ocupacion_plazas_fin_semana_pct,53.875
33,Asturias,2025,grado_ocupacion_plazas_pct,43.73666666666667
33,Asturias,2025,habitaciones_estimadas,11534.333333333334
33,Asturias,2025,personal_empleado,2838.9166666666665
33,Asturias,2025,plazas_estimadas,22685.083333333332
34,Palencia,2015,establecimientos_abiertos_estimados,80.66666666666667
34,Palencia,2015,grado_ocupacion_habitaciones_pct,35.96583333333333
34,Palencia,2015,grado_ocupacion_plazas_fin_semana_pct,34.61333333333334
34,Palencia,2015,grado_ocupacion_plazas_pct,29.617500000000003
34,Palencia,2015,habitaciones_estimadas,1574.1666666666667
34,Palencia,2015,personal_empleado,281.5
34,Palencia,2015,plazas_estimadas,2883.1666666666665
34,Palencia,2016,establecimientos_abiertos_estimados,79.66666666666667
34,Palencia,2016,grado_ocupacion_habitaciones_pct,38.975
34,Palencia,2016,grado_ocupacion_plazas_fin_semana_pct,35.94083333333334
34,Palencia,2016,grado_ocupacion_plazas_pct,32.0525
34,Palencia,2016,habitaciones_estimadas,1604.5
34,Palencia,2016,personal_empleado,282.5
34,Palencia,2016,plazas_estimadas,2940.25
34,Palencia,2017,establecimientos_abiertos_estimados,72.83333333333333
34,Palencia,2017,grado_ocupacion_habitaciones_pct,38.29
34,Palencia,2017,grado_ocupacion_plazas_fin_semana_pct,39.638333333333335
34,Palencia,2017,grado_ocupacion_plazas_pct,32.57833333333333
34,Palencia,2017,habitaciones_estimadas,1531.25
34,Palencia,2017,personal_empleado,272.5833333333333
34,Palencia,2017,plazas_estimadas,2787.5
34,Palencia,2018,establecimientos_abiertos_estimados,69.16666666666667
34,Palencia,2018,grado_ocupacion_habitaciones_pct,39.07333333333333
34,Palencia,2018,grado_ocupacion_plazas_fin_semana_pct,38.718333333333334
34,Palencia,2018,grado_ocupacion_plazas_pct,33.86
34,Palencia,2018,habitaciones_estimadas,1515.8333333333333
34,Palencia,2018,personal_empleado,280.5833333333333
34,Palencia,2018,plazas_estimadas,2762.5
34,Palencia,2019,establecimientos_abiertos_estimados,69.58333333333333
34,Palencia,2019,grado_ocupacion_habitaciones_pct,40.339166666666664
34,Palencia,2019,grado_ocupacion_plazas_fin_semana_pct,41.416666666666664
34,Palencia,2019,grado_ocupacion_plazas_pct,34.574999999999996
34,Palencia,2019,habitaciones_estimadas,1516.0
34,Palencia,2019,personal_empleado,284.25
34,Palencia,2019,plazas_estimadas,2764.6666666666665
34,Palencia,2021,establecimientos_abiertos_estimados,56.166666666666664
34,Palencia,2021,grado_ocupacion_habitaciones_pct,36.733333333333334
34,Palencia,2021,grado_ocupacion_plazas_fin_semana_pct,32.064166666666665
34,Palencia,2021,grado_ocupacion_plazas_pct,29.514166666666668
34,Palencia,2021,habitaciones_estimadas,1159.25
34,Palencia,2021,personal_empleado,214.33333333333334
34,Palencia,2021,plazas_estimadas,2140.5833333333335
34,Palencia,2022,establecimientos_abiertos_estimados,63.333333333333336
34,Palencia,2022,grado_ocupacion_habitaciones_pct,44.51166666666666
34,Palencia,2022,grado_ocupacion_plazas_fin_semana_pct,42.2825
34,Palencia,2022,grado_ocupacion_plazas_pct,37.236666666666665
34,Palencia,2022,habitaciones_estimadas,1378.9166666666667
34,Palencia,2022,personal_empleado,248.25
34,Palencia,2022,plazas_estimadas,2504.3333333333335
34,Palencia,2023,establecimientos_abiertos_estimados,62.666666666666664
34,Palencia,2023,grado_ocupacion_habitaciones_pct,48.23
34,Palencia,2023,grado_ocupacion_plazas_fin_semana_pct,45.35
34,Palencia,2023,grado_ocupacion_plazas_pct,40.12083333333333
34,Palencia,2023,habitaciones_estimadas,1411.9166666666667
34,Palencia,2023,personal_empleado,271.5833333333333
34,Palencia,2023,plazas_estimadas,2606.9166666666665
34,Palencia,2024,establecimientos_abiertos_estimados,65.5
34,Palencia,2024,grado_ocupacion_habitaciones_pct,49.19166666666666
34,Palencia,2024,grado_ocupacion_plazas_fin_semana_pct,42.30083333333334
34,Palencia,2024,grado_ocupacion_plazas_pct,39.60666666666667
34,Palencia,2024,habitaciones_estimadas,1485.9166666666667
34,Palencia,2024,personal_empleado,292.75
34,Palencia,2024,plazas_estimadas,2767.6666666666665
34,Palencia,2025,establecimientos_abiertos_estimados,69.16666666666667
34,Palencia,2025,grado_ocupacion_habitaciones_pct,52.56666666666666
34,Palencia,2025,grado_ocupacion_plazas_fin_semana_pct,43.031666666666666
34,Palencia,2025,grado_ocupacion_plazas_pct,40.24583333333333
34,Palencia,2025,habitaciones_estimadas,1529.9166666666667
34,Palencia,2025,personal_empleado,297.8333333333333
34,Palencia,2025,plazas_estimadas,2860.8333333333335
35,"Palmas, Las",2015,establecimientos_abiertos_estimados,272.0
35,"Palmas, Las",2015,grado_ocupacion_habitaciones_pct,82.63666666666667
35,"Palmas, Las",2015,grado_ocupacion_plazas_fin_semana_pct,74.50333333333333
35,"Palmas, Las",2015,grado_ocupacion_plazas_pct,74.82583333333334
35,"Palmas, Las",2015,habitaciones_estimadas,62293.333333333336
35,"Palmas, Las",2015,personal_empleado,23894.666666666668
35,"Palmas, Las",2015,plazas_estimadas,140075.41666666666
35,"Palmas, Las",2016,establecimientos_abiertos_estimados,273.4166666666667
35,"Palmas, Las",2016,grado_ocupacion_habitaciones_pct,86.89833333333333
35,"Palmas, Las",2016,grado_ocupacion_plazas_fin_semana_pct,78.63583333333334
35,"Palmas, Las",2016,grado_ocupacion_plazas_pct,78.64583333333333
35,"Palmas, Las",2016,habitaciones_estimadas,63857.416666666664
35,"Palmas, Las",2016,personal_empleado,25757.75
35,"Palmas, Las",2016,plazas_estimadas,145120.91666666666
35,"Palmas, Las",2017,establecimientos_abiertos_estimados,283.1666666666667
35,"Palmas, Las",2017,grado_ocupacion_habitaciones_pct,86.60583333333334
35,"Palmas, Las",2017,grado_ocupacion_plazas_fin_semana_pct,78.76416666666667
35,"Palmas, Las",2017,grado_ocupacion_plazas_pct,78.38666666666667
35,"Palmas, Las",2017,habitaciones_estimadas,65491.083333333336
35,"Palmas, Las",2017,personal_empleado,27297.833333333332
35,"Palmas, Las",2017,plazas_estimadas,149693.75
35,"Palmas, Las",2018,establecimientos_abiertos_estimados,283.6666666666667
35,"Palmas, Las",2018,grado_ocupacion_habitaciones_pct,83.88583333333334
35,"Palmas, Las",2018,grado_ocupacion_plazas_fin_semana_pct,76.19916666666667
35,"Palmas, Las",2018,grado_ocupacion_plazas_pct,75.57333333333334
35,"Palmas, Las",2018,habitaciones_estimadas,65379.583333333336
35,"Palmas, Las",2018,personal_empleado,27694.916666666668
35,"Palmas, Las",2018,plazas_estimadas,149860.5
35,"Palmas, Las",2019,establecimientos_abiertos_estimados,288.3333333333333
35,"Palmas, Las",2019,grado_ocupacion_habitaciones_pct,79.80166666666666
35,"Palmas, Las",2019,grado_ocupacion_plazas_fin_semana_pct,72.10166666666667
35,"Palmas, Las",2019,grado_ocupacion_plazas_pct,71.27083333333333
35,"Palmas, Las",2019,habitaciones_estimadas,65673.75
35,"Palmas, Las",2019,personal_empleado,27263.5
35,"Palmas, Las",2019,plazas_estimadas,151602.33333333334
35,"Palmas, Las",2020,establecimientos_abiertos_estimados,145.66666666666666
35,"Palmas, Las",2020,grado_ocupacion_habitaciones_pct,42.11333333333334
35,"Palmas, Las",2020,grado_ocupacion_plazas_fin_semana_pct,35.303333333333335
35,"Palmas, Las",2020,grado_ocupacion_plazas_pct,34.5325
35,"Palmas, Las",2020,habitaciones_estimadas,30816.833333333332
35,"Palmas, Las",2020,personal_empleado,11606.916666666666
35,"Palmas, Las",2020,plazas_estimadas,71164.66666666667
35,"Palmas, Las",2021,establecimientos_abiertos_estimados,207.0
35,"Palmas, Las",2021,grado_ocupacion_habitaciones_pct,49.498333333333335
35,"Palmas, Las",2021,grado_ocupacion_plazas_fin_semana_pct,45.634166666666665
35,"Palmas, Las",2021,grado_ocupacion_plazas_pct,42.7775
35,"Palmas, Las",2021,habitaciones_estimadas,42722.083333333336
35,"Palmas, Las",2021,personal_empleado,15378.5
35,"Palmas, Las",2021,plazas_estimadas,98458.25
35,"Palmas, Las",2022,establecimientos_abiertos_estimados,312.6666666666667
35,"Palmas, Las",2022,grado_ocupacion_habitaciones_pct,77.14416666666666
35,"Palmas, Las",2022,grado_ocupacion_plazas_fin_semana_pct,68.71083333333333
35,"Palmas, Las",2022,grado_ocupacion_plazas_pct,67.42999999999999
35,"Palmas, Las",2022,habitaciones_estimadas,66932.41666666667
35,"Palmas, Las",2022,personal_empleado,27857.833333333332
35,"Palmas, Las",2022,plazas_estimadas,154779.58333333334
35,"Palmas, Las",2023,establecimientos_abiertos_estimados,327.9166666666667
35,"Palmas, Las",2023,grado_ocupacion_habitaciones_pct,82.14416666666666
35,"Palmas, Las",2023,grado_ocupacion_plazas_fin_semana_pct,73.00166666666667
35,"Palmas, Las",2023,grado_ocupacion_plazas_pct,71.79833333333333
35,"Palmas, Las",2023,habitaciones_estimadas,68936.16666666667
35,"Palmas, Las",2023,personal_empleado,31423.833333333332
35,"Palmas, Las",2023,plazas_estimadas,159829.33333333334
35,"Palmas, Las",2024,establecimientos_abiertos_estimados,330.0833333333333
35,"Palmas, Las",2024,grado_ocupacion_habitaciones_pct,84.3125
35,"Palmas, Las",2024,grado_ocupacion_plazas_fin_semana_pct,74.77833333333334
35,"Palmas, Las",2024,grado_ocupacion_plazas_pct,74.02083333333333
35,"Palmas, Las",2024,habitaciones_estimadas,70237.33333333333
35,"Palmas, Las",2024,personal_empleado,34266.083333333336
35,"Palmas, Las",2024,plazas_estimadas,162899.08333333334
35,"Palmas, Las",2025,establecimientos_abiertos_estimados,329.6666666666667
35,"Palmas, Las",2025,grado_ocupacion_habitaciones_pct,84.9525
35,"Palmas, Las",2025,grado_ocupacion_plazas_fin_semana_pct,75.90166666666667
35,"Palmas, Las",2025,grado_ocupacion_plazas_pct,74.73083333333334
35,"Palmas, Las",2025,habitaciones_estimadas,69221.08333333333
35,"Palmas, Las",2025,personal_empleado,35728.333333333336
35,"Palmas, Las",2025,plazas_estimadas,161141.33333333334
36,Pontevedra,2015,establecimientos_abiertos_estimados,386.6666666666667
36,Pontevedra,2015,grado_ocupacion_habitaciones_pct,35.300000000000004
36,Pontevedra,2015,grado_ocupacion_plazas_fin_semana_pct,38.74333333333333
36,Pontevedra,2015,grado_ocupacion_plazas_pct,31.944166666666664
36,Pontevedra,2015,habitaciones_estimadas,10977.416666666666
36,Pontevedra,2015,personal_empleado,2354.1666666666665
36,Pontevedra,2015,plazas_estimadas,20665.0
36,Pontevedra,2016,establecimientos_abiertos_estimados,404.0833333333333
36,Pontevedra,2016,grado_ocupacion_habitaciones_pct,39.00666666666667
36,Pontevedra,2016,grado_ocupacion_plazas_fin_semana_pct,41.845
36,Pontevedra,2016,grado_ocupacion_plazas_pct,35.17416666666667
36,Pontevedra,2016,habitaciones_estimadas,11190.25
36,Pontevedra,2016,personal_empleado,2373.9166666666665
36,Pontevedra,2016,plazas_estimadas,20952.666666666668
36,Pontevedra,2017,establecimientos_abiertos_estimados,393.9166666666667
36,Pontevedra,2017,grado_ocupacion_habitaciones_pct,43.23583333333334
36,Pontevedra,2017,grado_ocupacion_plazas_fin_semana_pct,46.9925
36,Pontevedra,2017,grado_ocupacion_plazas_pct,39.5775
36,Pontevedra,2017,habitaciones_estimadas,11203.833333333334
36,Pontevedra,2017,personal_empleado,2489.9166666666665
36,Pontevedra,2017,plazas_estimadas,20934.5
36,Pontevedra,2018,establecimientos_abiertos_estimados,377.3333333333333
36,Pontevedra,2018,grado_ocupacion_habitaciones_pct,44.73833333333334
36,Pontevedra,2018,grado_ocupacion_plazas_fin_semana_pct,49.42166666666666
36,Pontevedra,2018,grado_ocupacion_plazas_pct,40.513333333333335
36,Pontevedra,2018,habitaciones_estimadas,10846.666666666666
36,Pontevedra,2018,personal_empleado,2467.3333333333335
36,Pontevedra,2018,plazas_estimadas,20270.083333333332
36,Pontevedra,2019,establecimientos_abiertos_estimados,393.1666666666667
36,Pontevedra,2019,grado_ocupacion_habitaciones_pct,46.020833333333336
36,Pontevedra,2019,grado_ocupacion_plazas_fin_semana_pct,50.596666666666664
36,Pontevedra,2019,grado_ocupacion_plazas_pct,41.76583333333333
36,Pontevedra,2019,habitaciones_estimadas,11056.416666666666
36,Pontevedra,2019,personal_empleado,2606.6666666666665
36,Pontevedra,2019,plazas_estimadas,20666.25
36,Pontevedra,2020,establecimientos_abiertos_estimados,274.75
36,Pontevedra,2020,grado_ocupacion_habitaciones_pct,25.000833333333333
36,Pontevedra,2020,grado_ocupacion_plazas_fin_semana_pct,24.423333333333332
36,Pontevedra,2020,grado_ocupacion_plazas_pct,21.260833333333334
36,Pontevedra,2020,habitaciones_estimadas,7204.0
36,Pontevedra,2020,personal_empleado,1473.3333333333333
36,Pontevedra,2020,plazas_estimadas,13477.083333333334
36,Pontevedra,2021,establecimientos_abiertos_estimados,350.75
36,Pontevedra,2021,grado_ocupacion_habitaciones_pct,36.81166666666667
36,Pontevedra,2021,grado_ocupacion_plazas_fin_semana_pct,37.685
36,Pontevedra,2021,grado_ocupacion_plazas_pct,32.43083333333333
36,Pontevedra,2021,habitaciones_estimadas,9136.75
36,Pontevedra,2021,personal_empleado,1917.5
36,Pontevedra,2021,plazas_estimadas,17108.083333333332
36,Pontevedra,2022,establecimientos_abiertos_estimados,396.0833333333333
36,Pontevedra,2022,grado_ocupacion_habitaciones_pct,45.54833333333334
36,Pontevedra,2022,grado_ocupacion_plazas_fin_semana_pct,48.843333333333334
36,Pontevedra,2022,grado_ocupacion_plazas_pct,40.939166666666665
36,Pontevedra,2022,habitaciones_estimadas,10858.083333333334
36,Pontevedra,2022,personal_empleado,2484.0
36,Pontevedra,2022,plazas_estimadas,20393.583333333332
36,Pontevedra,2023,establecimientos_abiertos_estimados,402.8333333333333
36,Pontevedra,2023,grado_ocupacion_habitaciones_pct,46.056666666666665
36,Pontevedra,2023,grado_ocupacion_plazas_fin_semana_pct,49.064166666666665
36,Pontevedra,2023,grado_ocupacion_plazas_pct,41.59083333333333
36,Pontevedra,2023,habitaciones_estimadas,11094.0
36,Pontevedra,2023,personal_empleado,2569.3333333333335
36,Pontevedra,2023,plazas_estimadas,20988.083333333332
36,Pontevedra,2024,establecimientos_abiertos_estimados,419.4166666666667
36,Pontevedra,2024,grado_ocupacion_habitaciones_pct,46.96666666666667
36,Pontevedra,2024,grado_ocupacion_plazas_fin_semana_pct,50.35583333333333
36,Pontevedra,2024,grado_ocupacion_plazas_pct,42.44916666666666
36,Pontevedra,2024,habitaciones_estimadas,11567.916666666666
36,Pontevedra,2024,personal_empleado,2741.5833333333335
36,Pontevedra,2024,plazas_estimadas,22016.833333333332
36,Pontevedra,2025,establecimientos_abiertos_estimados,410.0
36,Pontevedra,2025,grado_ocupacion_habitaciones_pct,48.192499999999995
36,Pontevedra,2025,grado_ocupacion_plazas_fin_semana_pct,50.085
36,Pontevedra,2025,grado_ocupacion_plazas_pct,42.88583333333333
36,Pontevedra,2025,habitaciones_estimadas,11011.083333333334
36,Pontevedra,2025,personal_empleado,2836.6666666666665
36,Pontevedra,2025,plazas_estimadas,21162.916666666668
37,Salamanca,2015,establecimientos_abiertos_estimados,196.58333333333334
37,Salamanca,2015,grado_ocupacion_habitaciones_pct,44.767500000000005
37,Salamanca,2015,grado_ocupacion_plazas_fin_semana_pct,56.669999999999995
37,Salamanca,2015,grado_ocupacion_plazas_pct,41.62416666666667
37,Salamanca,2015,habitaciones_estimadas,5555.75
37,Salamanca,2015,personal_empleado,1084.9166666666667
37,Salamanca,2015,plazas_estimadas,10681.083333333334
37,Salamanca,2016,establecimientos_abiertos_estimados,193.33333333333334
37,Salamanca,2016,grado_ocupacion_habitaciones_pct,46.9
37,Salamanca,2016,grado_ocupacion_plazas_fin_semana_pct,56.36833333333333
37,Salamanca,2016,grado_ocupacion_plazas_pct,43.520833333333336
37,Salamanca,2016,habitaciones_estimadas,5299.583333333333
37,Salamanca,2016,personal_empleado,1088.6666666666667
37,Salamanca,2016,plazas_estimadas,10235.166666666666
37,Salamanca,2017,establecimientos_abiertos_estimados,190.25
37,Salamanca,2017,grado_ocupacion_habitaciones_pct,47.28333333333333
37,Salamanca,2017,grado_ocupacion_plazas_fin_semana_pct,56.071666666666665
37,Salamanca,2017,grado_ocupacion_plazas_pct,43.84583333333333
37,Salamanca,2017,habitaciones_estimadas,5356.916666666667
37,Salamanca,2017,personal_empleado,1132.5833333333333
37,Salamanca,2017,plazas_estimadas,10367.333333333334
37,Salamanca,2018,establecimientos_abiertos_estimados,197.0
37,Salamanca,2018,grado_ocupacion_habitaciones_pct,49.26583333333334
37,Salamanca,2018,grado_ocupacion_plazas_fin_semana_pct,55.24666666666667
37,Salamanca,2018,grado_ocupacion_plazas_pct,44.19833333333333
37,Salamanca,2018,habitaciones_estimadas,5532.583333333333
37,Salamanca,2018,personal_empleado,1178.0833333333333
37,Salamanca,2018,plazas_estimadas,10708.916666666666
37,Salamanca,2019,establecimientos_abiertos_estimados,197.25
37,Salamanca,2019,grado_ocupacion_habitaciones_pct,51.056666666666665
37,Salamanca,2019,grado_ocupacion_plazas_fin_semana_pct,57.04749999999999
37,Salamanca,2019,grado_ocupacion_plazas_pct,45.340833333333336
37,Salamanca,2019,habitaciones_estimadas,5554.083333333333
37,Salamanca,2019,personal_empleado,1181.4166666666667
37,Salamanca,2019,plazas_estimadas,10833.666666666666
37,Salamanca,2020,establecimientos_abiertos_estimados,126.66666666666667
37,Salamanca,2020,grado_ocupacion_habitaciones_pct,24.795
37,Salamanca,2020,grado_ocupacion_plazas_fin_semana_pct,24.573333333333334
37,Salamanca,2020,grado_ocupacion_plazas_pct,20.52
37,Salamanca,2020,habitaciones_estimadas,3158.0
37,Salamanca,2020,personal_empleado,550.6666666666666
37,Salamanca,2020,plazas_estimadas,6115.25
37,Salamanca,2021,establecimientos_abiertos_estimados,141.91666666666666
37,Salamanca,2021,grado_ocupacion_habitaciones_pct,38.36
37,Salamanca,2021,grado_ocupacion_plazas_fin_semana_pct,41.233333333333334
37,Salamanca,2021,grado_ocupacion_plazas_pct,32.61833333333333
37,Salamanca,2021,habitaciones_estimadas,3882.8333333333335
37,Salamanca,2021,personal_empleado,699.0833333333334
37,Salamanca,2021,plazas_estimadas,7569.25
37,Salamanca,2022,establecimientos_abiertos_estimados,172.08333333333334
37,Salamanca,2022,grado_ocupacion_habitaciones_pct,47.54416666666666
37,Salamanca,2022,grado_ocupacion_plazas_fin_semana_pct,54.655833333333334
37,Salamanca,2022,grado_ocupacion_plazas_pct,42.05833333333333
37,Salamanca,2022,habitaciones_estimadas,5189.25
37,Salamanca,2022,personal_empleado,988.25
37,Salamanca,2022,plazas_estimadas,10137.666666666666
37,Salamanca,2023,establecimientos_abiertos_estimados,172.33333333333334
37,Salamanca,2023,grado_ocupacion_habitaciones_pct,53.22833333333333
37,Salamanca,2023,grado_ocupacion_plazas_fin_semana_pct,57.18333333333334
37,Salamanca,2023,grado_ocupacion_plazas_pct,46.69166666666666
37,Salamanca,2023,habitaciones_estimadas,5232.5
37,Salamanca,2023,personal_empleado,1048.3333333333333
37,Salamanca,2023,plazas_estimadas,10214.75
37,Salamanca,2024,establecimientos_abiertos_estimados,172.16666666666666
37,Salamanca,2024,grado_ocupacion_habitaciones_pct,52.291666666666664
37,Salamanca,2024,grado_ocupacion_plazas_fin_semana_pct,57.96416666666667
37,Salamanca,2024,grado_ocupacion_plazas_pct,46.18333333333334
37,Salamanca,2024,habitaciones_estimadas,5231.166666666667
37,Salamanca,2024,personal_empleado,1073.9166666666667
37,Salamanca,2024,plazas_estimadas,10277.416666666666
37,Salamanca,2025,establecimientos_abiertos_estimados,180.91666666666666
37,Salamanca,2025,grado_ocupacion_habitaciones_pct,52.024166666666666
37,Salamanca,2025,grado_ocupacion_plazas_fin_semana_pct,58.987500000000004
37,Salamanca,2025,grado_ocupacion_plazas_pct,45.6825
37,Salamanca,2025,habitaciones_estimadas,5344.666666666667
37,Salamanca,2025,personal_empleado,1122.3333333333333
37,Salamanca,2025,plazas_estimadas,10607.583333333334
38,Santa Cruz de Tenerife,2015,establecimientos_abiertos_estimados,246.91666666666666
38,Santa Cruz de Tenerife,2015,grado_ocupacion_habitaciones_pct,78.935
38,Santa Cruz de Tenerife,2015,grado_ocupacion_plazas_fin_semana_pct,74.88833333333334
38,Santa Cruz de Tenerife,2015,grado_ocupacion_plazas_pct,73.4975
38,Santa Cruz de Tenerife,2015,habitaciones_estimadas,40799.333333333336
38,Santa Cruz de Tenerife,2015,personal_empleado,16400.75
38,Santa Cruz de Tenerife,2015,plazas_estimadas,89563.58333333333
38,Santa Cruz de Tenerife,2016,establecimientos_abiertos_estimados,247.66666666666666
38,Santa Cruz de Tenerife,2016,grado_ocupacion_habitaciones_pct,84.735
38,Santa Cruz de Tenerife,2016,grado_ocupacion_plazas_fin_semana_pct,79.92
38,Santa Cruz de Tenerife,2016,grado_ocupacion_plazas_pct,78.70916666666666
38,Santa Cruz de Tenerife,2016,habitaciones_estimadas,41081.583333333336
38,Santa Cruz de Tenerife,2016,personal_empleado,17700.25
38,Santa Cruz de Tenerife,2016,plazas_estimadas,90192.08333333333
38,Santa Cruz de Tenerife,2017,establecimientos_abiertos_estimados,248.41666666666666
38,Santa Cruz de Tenerife,2017,grado_ocupacion_habitaciones_pct,83.31666666666666
38,Santa Cruz de Tenerife,2017,grado_ocupacion_plazas_fin_semana_pct,79.49083333333333
38,Santa Cruz de Tenerife,2017,grado_ocupacion_plazas_pct,78.17166666666667
38,Santa Cruz de Tenerife,2017,habitaciones_estimadas,41561.25
38,Santa Cruz de Tenerife,2017,personal_empleado,18848.416666666668
38,Santa Cruz de Tenerife,2017,plazas_estimadas,91487.5
38,Santa Cruz de Tenerife,2018,establecimientos_abiertos_estimados,251.16666666666666
38,Santa Cruz de Tenerife,2018,grado_ocupacion_habitaciones_pct,81.16666666666667
38,Santa Cruz de Tenerife,2018,grado_ocupacion_plazas_fin_semana_pct,76.82333333333334
38,Santa Cruz de Tenerife,2018,grado_ocupacion_plazas_pct,75.16583333333334
38,Santa Cruz de Tenerife,2018,habitaciones_estimadas,42349.833333333336
38,Santa Cruz de Tenerife,2018,personal_empleado,19686.583333333332
38,Santa Cruz de Tenerife,2018,plazas_estimadas,94423.25
38,Santa Cruz de Tenerife,2019,establecimientos_abiertos_estimados,252.91666666666666
38,Santa Cruz de Tenerife,2019,grado_ocupacion_habitaciones_pct,80.36
38,Santa Cruz de Tenerife,2019,grado_ocupacion_plazas_fin_semana_pct,75.5525
38,Santa Cruz de Tenerife,2019,grado_ocupacion_plazas_pct,73.30166666666666
38,Santa Cruz de Tenerife,2019,habitaciones_estimadas,43549.416666666664
38,Santa Cruz de Tenerife,2019,personal_empleado,20588.666666666668
38,Santa Cruz de Tenerife,2019,plazas_estimadas,98464.5
38,Santa Cruz de Tenerife,2020,establecimientos_abiertos_estimados,124.5
38,Santa Cruz de Tenerife,2020,grado_ocupacion_habitaciones_pct,37.166666666666664
38,Santa Cruz de Tenerife,2020,grado_ocupacion_plazas_fin_semana_pct,34.95083333333333
38,Santa Cruz de Tenerife,2020,grado_ocupacion_plazas_pct,32.23166666666667
38,Santa Cruz de Tenerife,2020,habitaciones_estimadas,19082.333333333332
38,Santa Cruz de Tenerife,2020,personal_empleado,8571.25
38,Santa Cruz de Tenerife,2020,plazas_estimadas,43345.166666666664
38,Santa Cruz de Tenerife,2021,establecimientos_abiertos_estimados,163.66666666666666
38,Santa Cruz de Tenerife,2021,grado_ocupacion_habitaciones_pct,48.995
38,Santa Cruz de Tenerife,2021,grado_ocupacion_plazas_fin_semana_pct,48.28666666666666
38,Santa Cruz de Tenerife,2021,grado_ocupacion_plazas_pct,43.86000000000001
38,Santa Cruz de Tenerife,2021,habitaciones_estimadas,26066.666666666668
38,Santa Cruz de Tenerife,2021,personal_empleado,11051.916666666666
38,Santa Cruz de Tenerife,2021,plazas_estimadas,58873.083333333336
38,Santa Cruz de Tenerife,2022,establecimientos_abiertos_estimados,248.41666666666666
38,Santa Cruz de Tenerife,2022,grado_ocupacion_habitaciones_pct,76.57833333333333
38,Santa Cruz de Tenerife,2022,grado_ocupacion_plazas_fin_semana_pct,71.15083333333334
38,Santa Cruz de Tenerife,2022,grado_ocupacion_plazas_pct,68.47333333333334
38,Santa Cruz de Tenerife,2022,habitaciones_estimadas,43066.916666666664
38,Santa Cruz de Tenerife,2022,personal_empleado,20009.333333333332
38,Santa Cruz de Tenerife,2022,plazas_estimadas,99136.5
38,Santa Cruz de Tenerife,2023,establecimientos_abiertos_estimados,247.66666666666666
38,Santa Cruz de Tenerife,2023,grado_ocupacion_habitaciones_pct,82.77833333333334
38,Santa Cruz de Tenerife,2023,grado_ocupacion_plazas_fin_semana_pct,76.36
38,Santa Cruz de Tenerife,2023,grado_ocupacion_plazas_pct,73.72833333333334
38,Santa Cruz de Tenerife,2023,habitaciones_estimadas,42566.916666666664
38,Santa Cruz de Tenerife,2023,personal_empleado,21436.083333333332
38,Santa Cruz de Tenerife,2023,plazas_estimadas,97893.5
38,Santa Cruz de Tenerife,2024,establecimientos_abiertos_estimados,257.3333333333333
38,Santa Cruz de Tenerife,2024,grado_ocupacion_habitaciones_pct,82.51
38,Santa Cruz de Tenerife,2024,grado_ocupacion_plazas_fin_semana_pct,76.59583333333333
38,Santa Cruz de Tenerife,2024,grado_ocupacion_plazas_pct,73.99916666666667
38,Santa Cruz de Tenerife,2024,habitaciones_estimadas,43748.666666666664
38,Santa Cruz de Tenerife,2024,personal_empleado,23356.166666666668
38,Santa Cruz de Tenerife,2024,plazas_estimadas,100730.33333333333
38,Santa Cruz de Tenerife,2025,establecimientos_abiertos_estimados,251.41666666666666
38,Santa Cruz de Tenerife,2025,grado_ocupacion_habitaciones_pct,82.47
38,Santa Cruz de Tenerife,2025,grado_ocupacion_plazas_fin_semana_pct,75.85083333333334
38,Santa Cruz de Tenerife,2025,grado_ocupacion_plazas_pct,74.11666666666666
38,Santa Cruz de Tenerife,2025,habitaciones_estimadas,43440.833333333336
38,Santa Cruz de Tenerife,2025,personal_empleado,23812.583333333332
38,Santa Cruz de Tenerife,2025,plazas_estimadas,100625.33333333333
39,Cantabria,2015,establecimientos_abiertos_estimados,307.5
39,Cantabria,2015,grado_ocupacion_habitaciones_pct,44.005
39,Cantabria,2015,grado_ocupacion_plazas_fin_semana_pct,48.369166666666665
39,Cantabria,2015,grado_ocupacion_plazas_pct,40.10916666666667
39,Cantabria,2015,habitaciones_estimadas,7786.833333333333
39,Cantabria,2015,personal_empleado,1889.1666666666667
39,Cantabria,2015,plazas_estimadas,15160.916666666666
39,Cantabria,2016,establecimientos_abiertos_estimados,308.8333333333333
39,Cantabria,2016,grado_ocupacion_habitaciones_pct,47.645
39,Cantabria,2016,grado_ocupacion_plazas_fin_semana_pct,51.23916666666667
39,Cantabria,2016,grado_ocupacion_plazas_pct,43.935
39,Cantabria,2016,habitaciones_estimadas,7809.166666666667
39,Cantabria,2016,personal_empleado,1938.6666666666667
39,Cantabria,2016,plazas_estimadas,15071.0
39,Cantabria,2017,establecimientos_abiertos_estimados,309.3333333333333
39,Cantabria,2017,grado_ocupacion_habitaciones_pct,48.83416666666667
39,Cantabria,2017,grado_ocupacion_plazas_fin_semana_pct,53.53333333333333
39,Cantabria,2017,grado_ocupacion_plazas_pct,45.12916666666666
39,Cantabria,2017,habitaciones_estimadas,7887.083333333333
39,Cantabria,2017,personal_empleado,2037.75
39,Cantabria,2017,plazas_estimadas,15338.916666666666
39,Cantabria,2018,establecimientos_abiertos_estimados,324.1666666666667
39,Cantabria,2018,grado_ocupacion_habitaciones_pct,49.754999999999995
39,Cantabria,2018,grado_ocupacion_plazas_fin_semana_pct,53.821666666666665
39,Cantabria,2018,grado_ocupacion_plazas_pct,45.70416666666667
39,Cantabria,2018,habitaciones_estimadas,8057.333333333333
39,Cantabria,2018,personal_empleado,2101.1666666666665
39,Cantabria,2018,plazas_estimadas,15694.25
39,Cantabria,2019,establecimientos_abiertos_estimados,328.5833333333333
39,Cantabria,2019,grado_ocupacion_habitaciones_pct,50.13166666666667
39,Cantabria,2019,grado_ocupacion_plazas_fin_semana_pct,55.01666666666667
39,Cantabria,2019,grado_ocupacion_plazas_pct,45.509166666666665
39,Cantabria,2019,habitaciones_estimadas,8165.833333333333
39,Cantabria,2019,personal_empleado,2135.0833333333335
39,Cantabria,2019,plazas_estimadas,15950.666666666666
39,Cantabria,2020,establecimientos_abiertos_estimados,196.58333333333334
39,Cantabria,2020,grado_ocupacion_habitaciones_pct,29.891666666666666
39,Cantabria,2020,grado_ocupacion_plazas_fin_semana_pct,30.839166666666667
39,Cantabria,2020,grado_ocupacion_plazas_pct,26.189999999999998
39,Cantabria,2020,habitaciones_estimadas,4933.583333333333
39,Cantabria,2020,personal_empleado,1204.6666666666667
39,Cantabria,2020,plazas_estimadas,9703.666666666666
39,Cantabria,2021,establecimientos_abiertos_estimados,253.33333333333334
39,Cantabria,2021,grado_ocupacion_habitaciones_pct,40.87166666666667
39,Cantabria,2021,grado_ocupacion_plazas_fin_semana_pct,43.55833333333334
39,Cantabria,2021,grado_ocupacion_plazas_pct,36.34166666666667
39,Cantabria,2021,habitaciones_estimadas,6149.0
39,Cantabria,2021,personal_empleado,1546.0833333333333
39,Cantabria,2021,plazas_estimadas,12176.416666666666
39,Cantabria,2022,establecimientos_abiertos_estimados,331.5
39,Cantabria,2022,grado_ocupacion_habitaciones_pct,50.68833333333333
39,Cantabria,2022,grado_ocupacion_plazas_fin_semana_pct,54.45666666666667
39,Cantabria,2022,grado_ocupacion_plazas_pct,45.66583333333333
39,Cantabria,2022,habitaciones_estimadas,7961.75
39,Cantabria,2022,personal_empleado,2120.1666666666665
39,Cantabria,2022,plazas_estimadas,15828.666666666666
39,Cantabria,2023,establecimientos_abiertos_estimados,351.0
39,Cantabria,2023,grado_ocupacion_habitaciones_pct,49.32333333333333
39,Cantabria,2023,grado_ocupacion_plazas_fin_semana_pct,54.498333333333335
39,Cantabria,2023,grado_ocupacion_plazas_pct,44.501666666666665
39,Cantabria,2023,habitaciones_estimadas,8173.333333333333
39,Cantabria,2023,personal_empleado,2171.8333333333335
39,Cantabria,2023,plazas_estimadas,16251.5
39,Cantabria,2024,establecimientos_abiertos_estimados,344.9166666666667
39,Cantabria,2024,grado_ocupacion_habitaciones_pct,50.41416666666667
39,Cantabria,2024,grado_ocupacion_plazas_fin_semana_pct,54.165
39,Cantabria,2024,grado_ocupacion_plazas_pct,44.346666666666664
39,Cantabria,2024,habitaciones_estimadas,8358.666666666666
39,Cantabria,2024,personal_empleado,2240.0833333333335
39,Cantabria,2024,plazas_estimadas,16716.583333333332
39,Cantabria,2025,establecimientos_abiertos_estimados,332.25
39,Cantabria,2025,grado_ocupacion_habitaciones_pct,50.86166666666667
39,Cantabria,2025,grado_ocupacion_plazas_fin_semana_pct,54.845
39,Cantabria,2025,grado_ocupacion_plazas_pct,44.60583333333333
39,Cantabria,2025,habitaciones_estimadas,8224.0
39,Cantabria,2025,personal_empleado,2282.4166666666665
39,Cantabria,2025,plazas_estimadas,16549.333333333332
40,Segovia,2015,establecimientos_abiertos_estimados,123.33333333333333
40,Segovia,2015,grado_ocupacion_habitaciones_pct,36.1425
40,Segovia,2015,grado_ocupacion_plazas_fin_semana_pct,47.7225
40,Segovia,2015,grado_ocupacion_plazas_pct,33.65833333333333
40,Segovia,2015,habitaciones_estimadas,2915.6666666666665
40,Segovia,2015,personal_empleado,572.0
40,Segovia,2015,plazas_estimadas,5490.666666666667
40,Segovia,2016,establecimientos_abiertos_estimados,127.58333333333333
40,Segovia,2016,grado_ocupacion_habitaciones_pct,38.7875
40,Segovia,2016,grado_ocupacion_plazas_fin_semana_pct,49.12166666666667
40,Segovia,2016,grado_ocupacion_plazas_pct,35.46666666666667
40,Segovia,2016,habitaciones_estimadas,3005.6666666666665
40,Segovia,2016,personal_empleado,592.0833333333334
40,Segovia,2016,plazas_estimadas,5685.166666666667
40,Segovia,2017,establecimientos_abiertos_estimados,119.75
40,Segovia,2017,grado_ocupacion_habitaciones_pct,42.4625
40,Segovia,2017,grado_ocupacion_plazas_fin_semana_pct,52.24416666666667
40,Segovia,2017,grado_ocupacion_plazas_pct,39.28666666666667
40,Segovia,2017,habitaciones_estimadas,2929.8333333333335
40,Segovia,2017,personal_empleado,579.6666666666666
40,Segovia,2017,plazas_estimadas,5557.5
40,Segovia,2018,establecimientos_abiertos_estimados,122.16666666666667
40,Segovia,2018,grado_ocupacion_habitaciones_pct,42.38333333333333
40,Segovia,2018,grado_ocupacion_plazas_fin_semana_pct,50.82416666666666
40,Segovia,2018,grado_ocupacion_plazas_pct,38.108333333333334
40,Segovia,2018,habitaciones_estimadas,3026.5
40,Segovia,2018,personal_empleado,583.25
40,Segovia,2018,plazas_estimadas,5783.333333333333
40,Segovia,2019,establecimientos_abiertos_estimados,123.83333333333333
40,Segovia,2019,grado_ocupacion_habitaciones_pct,44.73583333333334
40,Segovia,2019,grado_ocupacion_plazas_fin_semana_pct,53.945
40,Segovia,2019,grado_ocupacion_plazas_pct,40.395833333333336
40,Segovia,2019,habitaciones_estimadas,3036.0833333333335
40,Segovia,2019,personal_empleado,579.8333333333334
40,Segovia,2019,plazas_estimadas,5802.5
40,Segovia,2021,establecimientos_abiertos_estimados,92.25
40,Segovia,2021,grado_ocupacion_habitaciones_pct,33.5625
40,Segovia,2021,grado_ocupacion_plazas_fin_semana_pct,37.4525
40,Segovia,2021,grado_ocupacion_plazas_pct,28.689166666666665
40,Segovia,2021,habitaciones_estimadas,2379.8333333333335
40,Segovia,2021,personal_empleado,410.1666666666667
40,Segovia,2021,plazas_estimadas,4589.833333333333
40,Segovia,2022,establecimientos_abiertos_estimados,109.33333333333333
40,Segovia,2022,grado_ocupacion_habitaciones_pct,44.30416666666667
40,Segovia,2022,grado_ocupacion_plazas_fin_semana_pct,52.65416666666667
40,Segovia,2022,grado_ocupacion_plazas_pct,38.943333333333335
40,Segovia,2022,habitaciones_estimadas,2945.1666666666665
40,Segovia,2022,personal_empleado,583.4166666666666
40,Segovia,2022,plazas_estimadas,5716.083333333333
40,Segovia,2023,establecimientos_abiertos_estimados,109.75
40,Segovia,2023,grado_ocupacion_habitaciones_pct,50.785
40,Segovia,2023,grado_ocupacion_plazas_fin_semana_pct,55.28666666666667
40,Segovia,2023,grado_ocupacion_plazas_pct,43.240833333333335
40,Segovia,2023,habitaciones_estimadas,2853.4166666666665
40,Segovia,2023,personal_empleado,613.6666666666666
40,Segovia,2023,plazas_estimadas,5572.75
40,Segovia,2024,establecimientos_abiertos_estimados,118.75
40,Segovia,2024,grado_ocupacion_habitaciones_pct,53.9125
40,Segovia,2024,grado_ocupacion_plazas_fin_semana_pct,55.36083333333334
40,Segovia,2024,grado_ocupacion_plazas_pct,44.245
40,Segovia,2024,habitaciones_estimadas,2997.6666666666665
40,Segovia,2024,personal_empleado,665.25
40,Segovia,2024,plazas_estimadas,5910.0
40,Segovia,2025,establecimientos_abiertos_estimados,123.25
40,Segovia,2025,grado_ocupacion_habitaciones_pct,53.159166666666664
40,Segovia,2025,grado_ocupacion_plazas_fin_semana_pct,58.25
40,Segovia,2025,grado_ocupacion_plazas_pct,44.096666666666664
40,Segovia,2025,habitaciones_estimadas,3121.0
40,Segovia,2025,personal_empleado,657.75
40,Segovia,2025,plazas_estimadas,6212.333333333333
41,Sevilla,2015,establecimientos_abiertos_estimados,350.25
41,Sevilla,2015,grado_ocupacion_habitaciones_pct,59.095
41,Sevilla,2015,grado_ocupacion_plazas_fin_semana_pct,63.1225
41,Sevilla,2015,grado_ocupacion_plazas_pct,52.971666666666664
41,Sevilla,2015,habitaciones_estimadas,14465.916666666666
41,Sevilla,2015,personal_empleado,3987.4166666666665
41,Sevilla,2015,plazas_estimadas,28597.0
41,Sevilla,2016,establecimientos_abiertos_estimados,372.1666666666667
41,Sevilla,2016,grado_ocupacion_habitaciones_pct,62.6575
41,Sevilla,2016,grado_ocupacion_plazas_fin_semana_pct,64.80833333333334
41,Sevilla,2016,grado_ocupacion_plazas_pct,55.42416666666667
41,Sevilla,2016,habitaciones_estimadas,14916.75
41,Sevilla,2016,personal_empleado,4095.4166666666665
41,Sevilla,2016,plazas_estimadas,29705.083333333332
41,Sevilla,2017,establecimientos_abiertos_estimados,365.75
41,Sevilla,2017,grado_ocupacion_habitaciones_pct,65.77166666666666
41,Sevilla,2017,grado_ocupacion_plazas_fin_semana_pct,67.13166666666667
41,Sevilla,2017,grado_ocupacion_plazas_pct,58.57416666666666
41,Sevilla,2017,habitaciones_estimadas,14886.583333333334
41,Sevilla,2017,personal_empleado,4233.0
41,Sevilla,2017,plazas_estimadas,29805.333333333332
41,Sevilla,2018,establecimientos_abiertos_estimados,367.0
41,Sevilla,2018,grado_ocupacion_habitaciones_pct,68.26166666666667
41,Sevilla,2018,grado_ocupacion_plazas_fin_semana_pct,69.61749999999999
41,Sevilla,2018,grado_ocupacion_plazas_pct,60.66416666666667
41,Sevilla,2018,habitaciones_estimadas,15147.5
41,Sevilla,2018,personal_empleado,4496.583333333333
41,Sevilla,2018,plazas_estimadas,30593.666666666668
41,Sevilla,2019,establecimientos_abiertos_estimados,384.6666666666667
41,Sevilla,2019,grado_ocupacion_habitaciones_pct,70.35666666666667
41,Sevilla,2019,grado_ocupacion_plazas_fin_semana_pct,69.83333333333333
41,Sevilla,2019,grado_ocupacion_plazas_pct,62.26166666666666
41,Sevilla,2019,habitaciones_estimadas,15611.083333333334
41,Sevilla,2019,personal_empleado,4718.916666666667
41,Sevilla,2019,plazas_estimadas,31646.083333333332
41,Sevilla,2020,establecimientos_abiertos_estimados,197.0
41,Sevilla,2020,grado_ocupacion_habitaciones_pct,32.67333333333333
41,Sevilla,2020,grado_ocupacion_plazas_fin_semana_pct,31.251666666666665
41,Sevilla,2020,grado_ocupacion_plazas_pct,26.989166666666666
41,Sevilla,2020,habitaciones_estimadas,8576.333333333334
41,Sevilla,2020,personal_empleado,1901.5
41,Sevilla,2020,plazas_estimadas,17315.833333333332
41,Sevilla,2021,establecimientos_abiertos_estimados,250.0
41,Sevilla,2021,grado_ocupacion_habitaciones_pct,43.160833333333336
41,Sevilla,2021,grado_ocupacion_plazas_fin_semana_pct,46.74583333333334
41,Sevilla,2021,grado_ocupacion_plazas_pct,36.972500000000004
41,Sevilla,2021,habitaciones_estimadas,11693.416666666666
41,Sevilla,2021,personal_empleado,2441.0
41,Sevilla,2021,plazas_estimadas,23494.333333333332
41,Sevilla,2022,establecimientos_abiertos_estimados,367.25
41,Sevilla,2022,grado_ocupacion_habitaciones_pct,62.535
41,Sevilla,2022,grado_ocupacion_plazas_fin_semana_pct,64.88833333333334
41,Sevilla,2022,grado_ocupacion_plazas_pct,55.865
41,Sevilla,2022,habitaciones_estimadas,16050.916666666666
41,Sevilla,2022,personal_empleado,4152.083333333333
41,Sevilla,2022,plazas_estimadas,32080.666666666668
41,Sevilla,2023,establecimientos_abiertos_estimados,385.0833333333333
41,Sevilla,2023,grado_ocupacion_habitaciones_pct,67.09
41,Sevilla,2023,grado_ocupacion_plazas_fin_semana_pct,66.70916666666666
41,Sevilla,2023,grado_ocupacion_plazas_pct,59.67666666666667
41,Sevilla,2023,habitaciones_estimadas,16856.583333333332
41,Sevilla,2023,personal_empleado,4757.75
41,Sevilla,2023,plazas_estimadas,33839.333333333336
41,Sevilla,2024,establecimientos_abiertos_estimados,414.8333333333333
41,Sevilla,2024,grado_ocupacion_habitaciones_pct,68.61916666666666
41,Sevilla,2024,grado_ocupacion_plazas_fin_semana_pct,68.27166666666666
41,Sevilla,2024,grado_ocupacion_plazas_pct,61.068333333333335
41,Sevilla,2024,habitaciones_estimadas,17322.916666666668
41,Sevilla,2024,personal_empleado,5190.75
41,Sevilla,2024,plazas_estimadas,34998.0
41,Sevilla,2025,establecimientos_abiertos_estimados,431.0833333333333
41,Sevilla,2025,grado_ocupacion_habitaciones_pct,67.23333333333333
41,Sevilla,2025,grado_ocupacion_plazas_fin_semana_pct,65.52166666666666
41,Sevilla,2025,grado_ocupacion_plazas_pct,58.84
41,Sevilla,2025,habitaciones_estimadas,17746.0
41,Sevilla,2025,personal_empleado,5203.916666666667
41,Sevilla,2025,plazas_estimadas,36008.75
42,Soria,2015,establecimientos_abiertos_estimados,115.58333333333333
42,Soria,2015,grado_ocupacion_habitaciones_pct,30.67833333333333
42,Soria,2015,grado_ocupacion_plazas_fin_semana_pct,39.11833333333333
42,Soria,2015,grado_ocupacion_plazas_pct,27.526666666666667
42,Soria,2015,habitaciones_estimadas,1926.4166666666667
42,Soria,2015,personal_empleado,422.8333333333333
42,Soria,2015,plazas_estimadas,3596.8333333333335
42,Soria,2016,establecimientos_abiertos_estimados,104.16666666666667
42,Soria,2016,grado_ocupacion_habitaciones_pct,35.80166666666667
42,Soria,2016,grado_ocupacion_plazas_fin_semana_pct,42.55916666666666
42,Soria,2016,grado_ocupacion_plazas_pct,31.742500000000003
42,Soria,2016,habitaciones_estimadas,1884.8333333333333
42,Soria,2016,personal_empleado,421.0
42,Soria,2016,plazas_estimadas,3515.6666666666665
42,Soria,2017,establecimientos_abiertos_estimados,102.25
42,Soria,2017,grado_ocupacion_habitaciones_pct,36.83
42,Soria,2017,grado_ocupacion_plazas_fin_semana_pct,44.0275
42,Soria,2017,grado_ocupacion_plazas_pct,32.410833333333336
42,Soria,2017,habitaciones_estimadas,1907.1666666666667
42,Soria,2017,personal_empleado,402.0
42,Soria,2017,plazas_estimadas,3593.9166666666665
42,Soria,2018,establecimientos_abiertos_estimados,103.91666666666667
42,Soria,2018,grado_ocupacion_habitaciones_pct,37.693333333333335
42,Soria,2018,grado_ocupacion_plazas_fin_semana_pct,44.395833333333336
42,Soria,2018,grado_ocupacion_plazas_pct,32.55916666666667
42,Soria,2018,habitaciones_estimadas,1907.0833333333333
42,Soria,2018,personal_empleado,399.6666666666667
42,Soria,2018,plazas_estimadas,3597.25
42,Soria,2019,establecimientos_abiertos_estimados,99.33333333333333
42,Soria,2019,grado_ocupacion_habitaciones_pct,40.6725
42,Soria,2019,grado_ocupacion_plazas_fin_semana_pct,45.59583333333333
42,Soria,2019,grado_ocupacion_plazas_pct,33.885
42,Soria,2019,habitaciones_estimadas,1851.25
42,Soria,2019,personal_empleado,393.1666666666667
42,Soria,2019,plazas_estimadas,3495.0
42,Soria,2020,establecimientos_abiertos_estimados,69.83333333333333
42,Soria,2020,grado_ocupacion_habitaciones_pct,26.775000000000002
42,Soria,2020,grado_ocupacion_plazas_fin_semana_pct,23.273333333333337
42,Soria,2020,grado_ocupacion_plazas_pct,20.2775
42,Soria,2020,habitaciones_estimadas,1291.5833333333333
42,Soria,2020,personal_empleado,248.91666666666666
42,Soria,2020,plazas_estimadas,2431.5
42,Soria,2021,establecimientos_abiertos_estimados,86.58333333333333
42,Soria,2021,grado_ocupacion_habitaciones_pct,36.071666666666665
42,Soria,2021,grado_ocupacion_plazas_fin_semana_pct,33.22083333333333
42,Soria,2021,grado_ocupacion_plazas_pct,28.255
42,Soria,2021,habitaciones_estimadas,1559.1666666666667
42,Soria,2021,personal_empleado,305.25
42,Soria,2021,plazas_estimadas,2924.0
42,Soria,2022,establecimientos_abiertos_estimados,93.16666666666667
42,Soria,2022,grado_ocupacion_habitaciones_pct,41.55916666666667
42,Soria,2022,grado_ocupacion_plazas_fin_semana_pct,42.935
42,Soria,2022,grado_ocupacion_plazas_pct,34.26583333333333
42,Soria,2022,habitaciones_estimadas,1734.0
42,Soria,2022,personal_empleado,373.3333333333333
42,Soria,2022,plazas_estimadas,3267.3333333333335
42,Soria,2023,establecimientos_abiertos_estimados,95.33333333333333
42,Soria,2023,grado_ocupacion_habitaciones_pct,43.53
42,Soria,2023,grado_ocupacion_plazas_fin_semana_pct,45.7525
42,Soria,2023,grado_ocupacion_plazas_pct,36.2725
42,Soria,2023,habitaciones_estimadas,1822.8333333333333
42,Soria,2023,personal_empleado,392.6666666666667
42,Soria,2023,plazas_estimadas,3438.1666666666665
42,Soria,2024,establecimientos_abiertos_estimados,95.0
42,Soria,2024,grado_ocupacion_habitaciones_pct,40.568333333333335
42,Soria,2024,grado_ocupacion_plazas_fin_semana_pct,45.77916666666667
42,Soria,2024,grado_ocupacion_plazas_pct,35.83583333333333
42,Soria,2024,habitaciones_estimadas,1840.75
42,Soria,2024,personal_empleado,410.5833333333333
42,Soria,2024,plazas_estimadas,3499.8333333333335
42,Soria,2025,establecimientos_abiertos_estimados,99.33333333333333
42,Soria,2025,grado_ocupacion_habitaciones_pct,38.87166666666666
42,Soria,2025,grado_ocupacion_plazas_fin_semana_pct,43.73166666666666
42,Soria,2025,grado_ocupacion_plazas_pct,34.0425
42,Soria,2025,habitaciones_estimadas,1928.3333333333333
42,Soria,2025,personal_empleado,442.9166666666667
42,Soria,2025,plazas_estimadas,3709.75
43,Tarragona,2015,establecimientos_abiertos_estimados,260.1666666666667
43,Tarragona,2015,grado_ocupacion_habitaciones_pct,50.764166666666675
43,Tarragona,2015,grado_ocupacion_plazas_fin_semana_pct,52.64083333333334
43,Tarragona,2015,grado_ocupacion_plazas_pct,44.344166666666666
43,Tarragona,2015,habitaciones_estimadas,18520.0
43,Tarragona,2015,personal_empleado,4035.9166666666665
43,Tarragona,2015,plazas_estimadas,45056.0
43,Tarragona,2016,establecimientos_abiertos_estimados,263.0833333333333
43,Tarragona,2016,grado_ocupacion_habitaciones_pct,55.567499999999995
43,Tarragona,2016,grado_ocupacion_plazas_fin_semana_pct,55.751666666666665
43,Tarragona,2016,grado_ocupacion_plazas_pct,48.45583333333334
43,Tarragona,2016,habitaciones_estimadas,18648.75
43,Tarragona,2016,personal_empleado,4234.75
43,Tarragona,2016,plazas_estimadas,43809.083333333336
43,Tarragona,2017,establecimientos_abiertos_estimados,258.3333333333333
43,Tarragona,2017,grado_ocupacion_habitaciones_pct,59.0325
43,Tarragona,2017,grado_ocupacion_plazas_fin_semana_pct,61.665
43,Tarragona,2017,grado_ocupacion_plazas_pct,53.064166666666665
43,Tarragona,2017,habitaciones_estimadas,18361.916666666668
43,Tarragona,2017,personal_empleado,4408.333333333333
43,Tarragona,2017,plazas_estimadas,42495.833333333336
43,Tarragona,2018,establecimientos_abiertos_estimados,259.25
43,Tarragona,2018,grado_ocupacion_habitaciones_pct,56.5
43,Tarragona,2018,grado_ocupacion_plazas_fin_semana_pct,58.8425
43,Tarragona,2018,grado_ocupacion_plazas_pct,50.95583333333334
43,Tarragona,2018,habitaciones_estimadas,18422.083333333332
43,Tarragona,2018,personal_empleado,4365.75
43,Tarragona,2018,plazas_estimadas,42382.75
43,Tarragona,2019,establecimientos_abiertos_estimados,250.25
43,Tarragona,2019,grado_ocupacion_habitaciones_pct,57.3225
43,Tarragona,2019,grado_ocupacion_plazas_fin_semana_pct,60.785
43,Tarragona,2019,grado_ocupacion_plazas_pct,50.91583333333333
43,Tarragona,2019,habitaciones_estimadas,18001.666666666668
43,Tarragona,2019,personal_empleado,4522.583333333333
43,Tarragona,2019,plazas_estimadas,41559.416666666664
43,Tarragona,2020,establecimientos_abiertos_estimados,142.25
43,Tarragona,2020,grado_ocupacion_habitaciones_pct,27.948333333333334
43,Tarragona,2020,grado_ocupacion_plazas_fin_semana_pct,26.602500000000003
43,Tarragona,2020,grado_ocupacion_plazas_pct,22.71166666666667
43,Tarragona,2020,habitaciones_estimadas,6873.5
43,Tarragona,2020,personal_empleado,1372.8333333333333
43,Tarragona,2020,plazas_estimadas,15583.5
43,Tarragona,2021,establecimientos_abiertos_estimados,186.91666666666666
43,Tarragona,2021,grado_ocupacion_habitaciones_pct,37.800000000000004
43,Tarragona,2021,grado_ocupacion_plazas_fin_semana_pct,41.37833333333333
43,Tarragona,2021,grado_ocupacion_plazas_pct,32.4425
43,Tarragona,2021,habitaciones_estimadas,11768.25
43,Tarragona,2021,personal_empleado,2546.5
43,Tarragona,2021,plazas_estimadas,27890.25
43,Tarragona,2022,establecimientos_abiertos_estimados,233.83333333333334
43,Tarragona,2022,grado_ocupacion_habitaciones_pct,55.482499999999995
43,Tarragona,2022,grado_ocupacion_plazas_fin_semana_pct,56.90083333333333
43,Tarragona,2022,grado_ocupacion_plazas_pct,48.1575
43,Tarragona,2022,habitaciones_estimadas,17126.333333333332
43,Tarragona,2022,personal_empleado,4235.916666666667
43,Tarragona,2022,plazas_estimadas,40907.916666666664
43,Tarragona,2023,establecimientos_abiertos_estimados,233.16666666666666
43,Tarragona,2023,grado_ocupacion_habitaciones_pct,60.45416666666667
43,Tarragona,2023,grado_ocupacion_plazas_fin_semana_pct,58.839166666666664
43,Tarragona,2023,grado_ocupacion_plazas_pct,51.36666666666667
43,Tarragona,2023,habitaciones_estimadas,17577.083333333332
43,Tarragona,2023,personal_empleado,4849.583333333333
43,Tarragona,2023,plazas_estimadas,43123.166666666664
43,Tarragona,2024,establecimientos_abiertos_estimados,229.83333333333334
43,Tarragona,2024,grado_ocupacion_habitaciones_pct,60.67416666666667
43,Tarragona,2024,grado_ocupacion_plazas_fin_semana_pct,57.2075
43,Tarragona,2024,grado_ocupacion_plazas_pct,50.846666666666664
43,Tarragona,2024,habitaciones_estimadas,18323.916666666668
43,Tarragona,2024,personal_empleado,5436.916666666667
43,Tarragona,2024,plazas_estimadas,45404.166666666664
43,Tarragona,2025,establecimientos_abiertos_estimados,227.58333333333334
43,Tarragona,2025,grado_ocupacion_habitaciones_pct,60.37083333333334
43,Tarragona,2025,grado_ocupacion_plazas_fin_semana_pct,58.55166666666667
43,Tarragona,2025,grado_ocupacion_plazas_pct,51.22166666666667
43,Tarragona,2025,habitaciones_estimadas,18026.583333333332
43,Tarragona,2025,personal_empleado,5722.333333333333
43,Tarragona,2025,plazas_estimadas,44489.5
44,Teruel,2015,establecimientos_abiertos_estimados,219.08333333333334
44,Teruel,2015,grado_ocupacion_habitaciones_pct,26.298333333333332
44,Teruel,2015,grado_ocupacion_plazas_fin_semana_pct,36.068333333333335
44,Teruel,2015,grado_ocupacion_plazas_pct,24.1675
44,Teruel,2015,habitaciones_estimadas,3657.0833333333335
44,Teruel,2015,personal_empleado,713.0833333333334
44,Teruel,2015,plazas_estimadas,7167.083333333333
44,Teruel,2016,establecimientos_abiertos_estimados,222.83333333333334
44,Teruel,2016,grado_ocupacion_habitaciones_pct,28.724166666666665
44,Teruel,2016,grado_ocupacion_plazas_fin_semana_pct,38.598333333333336
44,Teruel,2016,grado_ocupacion_plazas_pct,25.906666666666666
44,Teruel,2016,habitaciones_estimadas,3698.8333333333335
44,Teruel,2016,personal_empleado,758.0
44,Teruel,2016,plazas_estimadas,7314.25
44,Teruel,2017,establecimientos_abiertos_estimados,220.08333333333334
44,Teruel,2017,grado_ocupacion_habitaciones_pct,33.20583333333334
44,Teruel,2017,grado_ocupacion_plazas_fin_semana_pct,43.49
44,Teruel,2017,grado_ocupacion_plazas_pct,29.584999999999997
44,Teruel,2017,habitaciones_estimadas,3642.5
44,Teruel,2017,personal_empleado,725.5833333333334
44,Teruel,2017,plazas_estimadas,7298.166666666667
44,Teruel,2018,establecimientos_abiertos_estimados,220.16666666666666
44,Teruel,2018,grado_ocupacion_habitaciones_pct,32.09583333333333
44,Teruel,2018,grado_ocupacion_plazas_fin_semana_pct,42.95416666666667
44,Teruel,2018,grado_ocupacion_plazas_pct,29.162499999999998
44,Teruel,2018,habitaciones_estimadas,3661.75
44,Teruel,2018,personal_empleado,720.25
44,Teruel,2018,plazas_estimadas,7384.416666666667
44,Teruel,2019,establecimientos_abiertos_estimados,231.08333333333334
44,Teruel,2019,grado_ocupacion_habitaciones_pct,33.485
44,Teruel,2019,grado_ocupacion_plazas_fin_semana_pct,41.98083333333333
44,Teruel,2019,grado_ocupacion_plazas_pct,29.66416666666667
44,Teruel,2019,habitaciones_estimadas,3730.1666666666665
44,Teruel,2019,personal_empleado,764.8333333333334
44,Teruel,2019,plazas_estimadas,7557.833333333333
44,Teruel,2020,establecimientos_abiertos_estimados,144.0
44,Teruel,2020,grado_ocupacion_habitaciones_pct,22.5675
44,Teruel,2020,grado_ocupacion_plazas_fin_semana_pct,23.6875
44,Teruel,2020,grado_ocupacion_plazas_pct,18.32166666666667
44,Teruel,2020,habitaciones_estimadas,2327.1666666666665
44,Teruel,2020,personal_empleado,451.1666666666667
44,Teruel,2020,plazas_estimadas,4728.5
44,Teruel,2021,establecimientos_abiertos_estimados,176.0
44,Teruel,2021,grado_ocupacion_habitaciones_pct,29.5975
44,Teruel,2021,grado_ocupacion_plazas_fin_semana_pct,32.11666666666667
44,Teruel,2021,grado_ocupacion_plazas_pct,24.728333333333335
44,Teruel,2021,habitaciones_estimadas,2884.75
44,Teruel,2021,personal_empleado,588.75
44,Teruel,2021,plazas_estimadas,5850.416666666667
44,Teruel,2022,establecimientos_abiertos_estimados,198.66666666666666
44,Teruel,2022,grado_ocupacion_habitaciones_pct,37.089166666666664
44,Teruel,2022,grado_ocupacion_plazas_fin_semana_pct,43.91583333333333
44,Teruel,2022,grado_ocupacion_plazas_pct,31.598333333333333
44,Teruel,2022,habitaciones_estimadas,3411.5833333333335
44,Teruel,2022,personal_empleado,752.0
44,Teruel,2022,plazas_estimadas,6989.25
44,Teruel,2023,establecimientos_abiertos_estimados,195.0
44,Teruel,2023,grado_ocupacion_habitaciones_pct,38.651666666666664
44,Teruel,2023,grado_ocupacion_plazas_fin_semana_pct,43.405
44,Teruel,2023,grado_ocupacion_plazas_pct,31.939999999999998
44,Teruel,2023,habitaciones_estimadas,3433.6666666666665
44,Teruel,2023,personal_empleado,818.3333333333334
44,Teruel,2023,plazas_estimadas,7076.333333333333
44,Teruel,2024,establecimientos_abiertos_estimados,187.16666666666666
44,Teruel,2024,grado_ocupacion_habitaciones_pct,40.906666666666666
44,Teruel,2024,grado_ocupacion_plazas_fin_semana_pct,45.18833333333333
44,Teruel,2024,grado_ocupacion_plazas_pct,33.86333333333334
44,Teruel,2024,habitaciones_estimadas,3292.8333333333335
44,Teruel,2024,personal_empleado,798.75
44,Teruel,2024,plazas_estimadas,6854.833333333333
44,Teruel,2025,establecimientos_abiertos_estimados,203.66666666666666
44,Teruel,2025,grado_ocupacion_habitaciones_pct,42.66166666666667
44,Teruel,2025,grado_ocupacion_plazas_fin_semana_pct,45.11833333333333
44,Teruel,2025,grado_ocupacion_plazas_pct,34.82
44,Teruel,2025,habitaciones_estimadas,3517.6666666666665
44,Teruel,2025,personal_empleado,893.25
44,Teruel,2025,plazas_estimadas,7280.0
45,Toledo,2015,establecimientos_abiertos_estimados,197.41666666666666
45,Toledo,2015,grado_ocupacion_habitaciones_pct,36.104166666666664
45,Toledo,2015,grado_ocupacion_plazas_fin_semana_pct,44.93833333333333
45,Toledo,2015,grado_ocupacion_plazas_pct,32.634166666666665
45,Toledo,2015,habitaciones_estimadas,5023.833333333333
45,Toledo,2015,personal_empleado,816.4166666666666
45,Toledo,2015,plazas_estimadas,9574.75
45,Toledo,2016,establecimientos_abiertos_estimados,193.91666666666666
45,Toledo,2016,grado_ocupacion_habitaciones_pct,40.41583333333333
45,Toledo,2016,grado_ocupacion_plazas_fin_semana_pct,46.11333333333334
45,Toledo,2016,grado_ocupacion_plazas_pct,36.225833333333334
45,Toledo,2016,habitaciones_estimadas,4908.0
45,Toledo,2016,personal_empleado,858.75
45,Toledo,2016,plazas_estimadas,9387.5
45,Toledo,2017,establecimientos_abiertos_estimados,183.58333333333334
45,Toledo,2017,grado_ocupacion_habitaciones_pct,42.99666666666667
45,Toledo,2017,grado_ocupacion_plazas_fin_semana_pct,48.3825
45,Toledo,2017,grado_ocupacion_plazas_pct,38.8375
45,Toledo,2017,habitaciones_estimadas,4655.083333333333
45,Toledo,2017,personal_empleado,862.5
45,Toledo,2017,plazas_estimadas,8918.083333333334
45,Toledo,2018,establecimientos_abiertos_estimados,182.16666666666666
45,Toledo,2018,grado_ocupacion_habitaciones_pct,44.79083333333333
45,Toledo,2018,grado_ocupacion_plazas_fin_semana_pct,50.105
45,Toledo,2018,grado_ocupacion_plazas_pct,40.005
45,Toledo,2018,habitaciones_estimadas,4616.333333333333
45,Toledo,2018,personal_empleado,850.0833333333334
45,Toledo,2018,plazas_estimadas,8865.25
45,Toledo,2019,establecimientos_abiertos_estimados,174.83333333333334
45,Toledo,2019,grado_ocupacion_habitaciones_pct,45.8475
45,Toledo,2019,grado_ocupacion_plazas_fin_semana_pct,51.44916666666666
45,Toledo,2019,grado_ocupacion_plazas_pct,40.736666666666665
45,Toledo,2019,habitaciones_estimadas,4570.666666666667
45,Toledo,2019,personal_empleado,812.0
45,Toledo,2019,plazas_estimadas,8765.666666666666
45,Toledo,2020,establecimientos_abiertos_estimados,121.41666666666667
45,Toledo,2020,grado_ocupacion_habitaciones_pct,22.315833333333334
45,Toledo,2020,grado_ocupacion_plazas_fin_semana_pct,22.7825
45,Toledo,2020,grado_ocupacion_plazas_pct,18.726666666666667
45,Toledo,2020,habitaciones_estimadas,2975.0833333333335
45,Toledo,2020,personal_empleado,457.5833333333333
45,Toledo,2020,plazas_estimadas,5677.833333333333
45,Toledo,2021,establecimientos_abiertos_estimados,151.16666666666666
45,Toledo,2021,grado_ocupacion_habitaciones_pct,33.4175
45,Toledo,2021,grado_ocupacion_plazas_fin_semana_pct,37.23083333333333
45,Toledo,2021,grado_ocupacion_plazas_pct,28.55666666666667
45,Toledo,2021,habitaciones_estimadas,3979.25
45,Toledo,2021,personal_empleado,568.25
45,Toledo,2021,plazas_estimadas,7602.75
45,Toledo,2022,establecimientos_abiertos_estimados,185.83333333333334
45,Toledo,2022,grado_ocupacion_habitaciones_pct,44.2425
45,Toledo,2022,grado_ocupacion_plazas_fin_semana_pct,50.281666666666666
45,Toledo,2022,grado_ocupacion_plazas_pct,38.068333333333335
45,Toledo,2022,habitaciones_estimadas,4862.166666666667
45,Toledo,2022,personal_empleado,850.4166666666666
45,Toledo,2022,plazas_estimadas,9374.5
45,Toledo,2023,establecimientos_abiertos_estimados,182.66666666666666
45,Toledo,2023,grado_ocupacion_habitaciones_pct,48.3725
45,Toledo,2023,grado_ocupacion_plazas_fin_semana_pct,51.48666666666667
45,Toledo,2023,grado_ocupacion_plazas_pct,40.7275
45,Toledo,2023,habitaciones_estimadas,4782.0
45,Toledo,2023,personal_empleado,912.75
45,Toledo,2023,plazas_estimadas,9333.25
45,Toledo,2024,establecimientos_abiertos_estimados,179.75
45,Toledo,2024,grado_ocupacion_habitaciones_pct,49.81166666666667
45,Toledo,2024,grado_ocupacion_plazas_fin_semana_pct,52.6025
45,Toledo,2024,grado_ocupacion_plazas_pct,41.95333333333333
45,Toledo,2024,habitaciones_estimadas,4824.666666666667
45,Toledo,2024,personal_empleado,1096.0
45,Toledo,2024,plazas_estimadas,9462.833333333334
45,Toledo,2025,establecimientos_abiertos_estimados,187.16666666666666
45,Toledo,2025,grado_ocupacion_habitaciones_pct,50.48333333333333
45,Toledo,2025,grado_ocupacion_plazas_fin_semana_pct,52.7475
45,Toledo,2025,grado_ocupacion_plazas_pct,41.70166666666667
45,Toledo,2025,habitaciones_estimadas,5094.666666666667
45,Toledo,2025,personal_empleado,1101.1666666666667
45,Toledo,2025,plazas_estimadas,10126.833333333334
46,Valencia/València,2015,establecimientos_abiertos_estimados,351.6666666666667
46,Valencia/València,2015,grado_ocupacion_habitaciones_pct,55.35
46,Valencia/València,2015,grado_ocupacion_plazas_fin_semana_pct,56.20583333333334
46,Valencia/València,2015,grado_ocupacion_plazas_pct,47.73166666666666
46,Valencia/València,2015,habitaciones_estimadas,17530.0
46,Valencia/València,2015,personal_empleado,3684.3333333333335
46,Valencia/València,2015,plazas_estimadas,35196.0
46,Valencia/València,2016,establecimientos_abiertos_estimados,350.3333333333333
46,Valencia/València,2016,grado_ocupacion_habitaciones_pct,59.41583333333333
46,Valencia/València,2016,grado_ocupacion_plazas_fin_semana_pct,59.369166666666665
46,Valencia/València,2016,grado_ocupacion_plazas_pct,50.54333333333333
46,Valencia/València,2016,habitaciones_estimadas,17704.25
46,Valencia/València,2016,personal_empleado,3860.0
46,Valencia/València,2016,plazas_estimadas,35897.916666666664
46,Valencia/València,2017,establecimientos_abiertos_estimados,367.5
46,Valencia/València,2017,grado_ocupacion_habitaciones_pct,61.060833333333335
46,Valencia/València,2017,grado_ocupacion_plazas_fin_semana_pct,61.00666666666667
46,Valencia/València,2017,grado_ocupacion_plazas_pct,52.0275
46,Valencia/València,2017,habitaciones_estimadas,17865.5
46,Valencia/València,2017,personal_empleado,4017.0833333333335
46,Valencia/València,2017,plazas_estimadas,36324.583333333336
46,Valencia/València,2018,establecimientos_abiertos_estimados,375.75
46,Valencia/València,2018,grado_ocupacion_habitaciones_pct,65.48
46,Valencia/València,2018,grado_ocupacion_plazas_fin_semana_pct,62.71416666666667
46,Valencia/València,2018,grado_ocupacion_plazas_pct,54.92416666666667
46,Valencia/València,2018,habitaciones_estimadas,18108.75
46,Valencia/València,2018,personal_empleado,4105.083333333333
46,Valencia/València,2018,plazas_estimadas,36964.5
46,Valencia/València,2019,establecimientos_abiertos_estimados,379.4166666666667
46,Valencia/València,2019,grado_ocupacion_habitaciones_pct,68.60083333333334
46,Valencia/València,2019,grado_ocupacion_plazas_fin_semana_pct,65.42333333333333
46,Valencia/València,2019,grado_ocupacion_plazas_pct,56.9075
46,Valencia/València,2019,habitaciones_estimadas,18113.166666666668
46,Valencia/València,2019,personal_empleado,4195.0
46,Valencia/València,2019,plazas_estimadas,37043.25
46,Valencia/València,2020,establecimientos_abiertos_estimados,267.3333333333333
46,Valencia/València,2020,grado_ocupacion_habitaciones_pct,32.9775
46,Valencia/València,2020,grado_ocupacion_plazas_fin_semana_pct,30.676666666666666
46,Valencia/València,2020,grado_ocupacion_plazas_pct,25.742499999999996
46,Valencia/València,2020,habitaciones_estimadas,11279.166666666666
46,Valencia/València,2020,personal_empleado,2066.5833333333335
46,Valencia/València,2020,plazas_estimadas,23017.083333333332
46,Valencia/València,2021,establecimientos_abiertos_estimados,326.6666666666667
46,Valencia/València,2021,grado_ocupacion_habitaciones_pct,47.70249999999999
46,Valencia/València,2021,grado_ocupacion_plazas_fin_semana_pct,48.84
46,Valencia/València,2021,grado_ocupacion_plazas_pct,39.788333333333334
46,Valencia/València,2021,habitaciones_estimadas,14534.25
46,Valencia/València,2021,personal_empleado,2916.75
46,Valencia/València,2021,plazas_estimadas,29414.583333333332
46,Valencia/València,2022,establecimientos_abiertos_estimados,373.0
46,Valencia/València,2022,grado_ocupacion_habitaciones_pct,66.425
46,Valencia/València,2022,grado_ocupacion_plazas_fin_semana_pct,67.0625
46,Valencia/València,2022,grado_ocupacion_plazas_pct,56.665
46,Valencia/València,2022,habitaciones_estimadas,17929.833333333332
46,Valencia/València,2022,personal_empleado,4257.916666666667
46,Valencia/València,2022,plazas_estimadas,36464.833333333336
46,Valencia/València,2023,establecimientos_abiertos_estimados,390.4166666666667
46,Valencia/València,2023,grado_ocupacion_habitaciones_pct,70.33583333333333
46,Valencia/València,2023,grado_ocupacion_plazas_fin_semana_pct,68.84583333333333
46,Valencia/València,2023,grado_ocupacion_plazas_pct,59.449999999999996
46,Valencia/València,2023,habitaciones_estimadas,18273.25
46,Valencia/València,2023,personal_empleado,4874.833333333333
46,Valencia/València,2023,plazas_estimadas,37293.166666666664
46,Valencia/València,2024,establecimientos_abiertos_estimados,398.3333333333333
46,Valencia/València,2024,grado_ocupacion_habitaciones_pct,71.21583333333334
46,Valencia/València,2024,grado_ocupacion_plazas_fin_semana_pct,67.895
46,Valencia/València,2024,grado_ocupacion_plazas_pct,60.3975
46,Valencia/València,2024,habitaciones_estimadas,19078.416666666668
46,Valencia/València,2024,personal_empleado,5173.666666666667
46,Valencia/València,2024,plazas_estimadas,38573.5
46,Valencia/València,2025,establecimientos_abiertos_estimados,399.5833333333333
46,Valencia/València,2025,grado_ocupacion_habitaciones_pct,70.36333333333333
46,Valencia/València,2025,grado_ocupacion_plazas_fin_semana_pct,66.24666666666667
46,Valencia/València,2025,grado_ocupacion_plazas_pct,58.35333333333333
46,Valencia/València,2025,habitaciones_estimadas,19420.083333333332
46,Valencia/València,2025,personal_empleado,5583.083333333333
46,Valencia/València,2025,plazas_estimadas,39733.333333333336
47,Valladolid,2015,establecimientos_abiertos_estimados,126.33333333333333
47,Valladolid,2015,grado_ocupacion_habitaciones_pct,42.464166666666664
47,Valladolid,2015,grado_ocupacion_plazas_fin_semana_pct,48.53666666666667
47,Valladolid,2015,grado_ocupacion_plazas_pct,35.74
47,Valladolid,2015,habitaciones_estimadas,4277.666666666667
47,Valladolid,2015,personal_empleado,1126.9166666666667
47,Valladolid,2015,plazas_estimadas,7990.666666666667
47,Valladolid,2016,establecimientos_abiertos_estimados,124.33333333333333
47,Valladolid,2016,grado_ocupacion_habitaciones_pct,44.645833333333336
47,Valladolid,2016,grado_ocupacion_plazas_fin_semana_pct,49.169999999999995
47,Valladolid,2016,grado_ocupacion_plazas_pct,37.65083333333333
47,Valladolid,2016,habitaciones_estimadas,4394.333333333333
47,Valladolid,2016,personal_empleado,1222.75
47,Valladolid,2016,plazas_estimadas,8238.166666666666
47,Valladolid,2017,establecimientos_abiertos_estimados,117.66666666666667
47,Valladolid,2017,grado_ocupacion_habitaciones_pct,49.92666666666667
47,Valladolid,2017,grado_ocupacion_plazas_fin_semana_pct,55.97833333333333
47,Valladolid,2017,grado_ocupacion_plazas_pct,42.1175
47,Valladolid,2017,habitaciones_estimadas,4225.666666666667
47,Valladolid,2017,personal_empleado,1193.1666666666667
47,Valladolid,2017,plazas_estimadas,7931.0
47,Valladolid,2018,establecimientos_abiertos_estimados,125.08333333333333
47,Valladolid,2018,grado_ocupacion_habitaciones_pct,50.24
47,Valladolid,2018,grado_ocupacion_plazas_fin_semana_pct,55.379999999999995
47,Valladolid,2018,grado_ocupacion_plazas_pct,41.987500000000004
47,Valladolid,2018,habitaciones_estimadas,4319.583333333333
47,Valladolid,2018,personal_empleado,1245.4166666666667
47,Valladolid,2018,plazas_estimadas,8112.916666666667
47,Valladolid,2019,establecimientos_abiertos_estimados,125.75
47,Valladolid,2019,grado_ocupacion_habitaciones_pct,51.550000000000004
47,Valladolid,2019,grado_ocupacion_plazas_fin_semana_pct,55.7225
47,Valladolid,2019,grado_ocupacion_plazas_pct,42.836666666666666
47,Valladolid,2019,habitaciones_estimadas,4403.583333333333
47,Valladolid,2019,personal_empleado,1266.1666666666667
47,Valladolid,2019,plazas_estimadas,8271.25
47,Valladolid,2020,establecimientos_abiertos_estimados,82.5
47,Valladolid,2020,grado_ocupacion_habitaciones_pct,28.0525
47,Valladolid,2020,grado_ocupacion_plazas_fin_semana_pct,24.535
47,Valladolid,2020,grado_ocupacion_plazas_pct,21.83666666666667
47,Valladolid,2020,habitaciones_estimadas,2922.9166666666665
47,Valladolid,2020,personal_empleado,686.4166666666666
47,Valladolid,2020,plazas_estimadas,5482.25
47,Valladolid,2021,establecimientos_abiertos_estimados,95.66666666666667
47,Valladolid,2021,grado_ocupacion_habitaciones_pct,39.6675
47,Valladolid,2021,grado_ocupacion_plazas_fin_semana_pct,39.48833333333334
47,Valladolid,2021,grado_ocupacion_plazas_pct,32.6075
47,Valladolid,2021,habitaciones_estimadas,3556.25
47,Valladolid,2021,personal_empleado,883.4166666666666
47,Valladolid,2021,plazas_estimadas,6703.166666666667
47,Valladolid,2022,establecimientos_abiertos_estimados,106.83333333333333
47,Valladolid,2022,grado_ocupacion_habitaciones_pct,49.6625
47,Valladolid,2022,grado_ocupacion_plazas_fin_semana_pct,53.89416666666667
47,Valladolid,2022,grado_ocupacion_plazas_pct,41.57
47,Valladolid,2022,habitaciones_estimadas,4015.75
47,Valladolid,2022,personal_empleado,1099.8333333333333
47,Valladolid,2022,plazas_estimadas,7590.083333333333
47,Valladolid,2023,establecimientos_abiertos_estimados,104.08333333333333
47,Valladolid,2023,grado_ocupacion_habitaciones_pct,54.306666666666665
47,Valladolid,2023,grado_ocupacion_plazas_fin_semana_pct,54.1775
47,Valladolid,2023,grado_ocupacion_plazas_pct,44.07833333333334
47,Valladolid,2023,habitaciones_estimadas,3899.6666666666665
47,Valladolid,2023,personal_empleado,1141.9166666666667
47,Valladolid,2023,plazas_estimadas,7375.083333333333
47,Valladolid,2024,establecimientos_abiertos_estimados,103.0
47,Valladolid,2024,grado_ocupacion_habitaciones_pct,54.69583333333333
47,Valladolid,2024,grado_ocupacion_plazas_fin_semana_pct,54.625
47,Valladolid,2024,grado_ocupacion_plazas_pct,44.05416666666667
47,Valladolid,2024,habitaciones_estimadas,3950.4166666666665
47,Valladolid,2024,personal_empleado,1103.3333333333333
47,Valladolid,2024,plazas_estimadas,7570.75
47,Valladolid,2025,establecimientos_abiertos_estimados,99.25
47,Valladolid,2025,grado_ocupacion_habitaciones_pct,57.305
47,Valladolid,2025,grado_ocupacion_plazas_fin_semana_pct,56.2075
47,Valladolid,2025,grado_ocupacion_plazas_pct,46.229166666666664
47,Valladolid,2025,habitaciones_estimadas,3810.5833333333335
47,Valladolid,2025,personal_empleado,1164.5
47,Valladolid,2025,plazas_estimadas,7322.583333333333
48,Bizkaia,2015,establecimientos_abiertos_estimados,201.25
48,Bizkaia,2015,grado_ocupacion_habitaciones_pct,61.33083333333334
48,Bizkaia,2015,grado_ocupacion_plazas_fin_semana_pct,59.18416666666667
48,Bizkaia,2015,grado_ocupacion_plazas_pct,51.32750000000001
48,Bizkaia,2015,habitaciones_estimadas,6746.0
48,Bizkaia,2015,personal_empleado,1713.5833333333333
48,Bizkaia,2015,plazas_estimadas,12887.5
48,Bizkaia,2016,establecimientos_abiertos_estimados,200.25
48,Bizkaia,2016,grado_ocupacion_habitaciones_pct,64.69166666666666
48,Bizkaia,2016,grado_ocupacion_plazas_fin_semana_pct,60.5675
48,Bizkaia,2016,grado_ocupacion_plazas_pct,52.12083333333334
48,Bizkaia,2016,habitaciones_estimadas,6845.083333333333
48,Bizkaia,2016,personal_empleado,1700.8333333333333
48,Bizkaia,2016,plazas_estimadas,13196.5
48,Bizkaia,2017,establecimientos_abiertos_estimados,205.16666666666666
48,Bizkaia,2017,grado_ocupacion_habitaciones_pct,68.50166666666667
48,Bizkaia,2017,grado_ocupacion_plazas_fin_semana_pct,64.07833333333333
48,Bizkaia,2017,grado_ocupacion_plazas_pct,55.288333333333334
48,Bizkaia,2017,habitaciones_estimadas,6942.583333333333
48,Bizkaia,2017,personal_empleado,1751.4166666666667
48,Bizkaia,2017,plazas_estimadas,13468.083333333334
48,Bizkaia,2018,establecimientos_abiertos_estimados,211.0
48,Bizkaia,2018,grado_ocupacion_habitaciones_pct,69.70916666666666
48,Bizkaia,2018,grado_ocupacion_plazas_fin_semana_pct,65.92166666666667
48,Bizkaia,2018,grado_ocupacion_plazas_pct,56.70416666666667
48,Bizkaia,2018,habitaciones_estimadas,7135.166666666667
48,Bizkaia,2018,personal_empleado,1850.9166666666667
48,Bizkaia,2018,plazas_estimadas,13709.0
48,Bizkaia,2019,establecimientos_abiertos_estimados,212.08333333333334
48,Bizkaia,2019,grado_ocupacion_habitaciones_pct,68.98583333333333
48,Bizkaia,2019,grado_ocupacion_plazas_fin_semana_pct,65.76833333333333
48,Bizkaia,2019,grado_ocupacion_plazas_pct,56.9125
48,Bizkaia,2019,habitaciones_estimadas,7365.833333333333
48,Bizkaia,2019,personal_empleado,1970.5833333333333
48,Bizkaia,2019,plazas_estimadas,14120.416666666666
48,Bizkaia,2020,establecimientos_abiertos_estimados,152.91666666666666
48,Bizkaia,2020,grado_ocupacion_habitaciones_pct,31.709166666666665
48,Bizkaia,2020,grado_ocupacion_plazas_fin_semana_pct,26.755
48,Bizkaia,2020,grado_ocupacion_plazas_pct,25.141666666666666
48,Bizkaia,2020,habitaciones_estimadas,5150.5
48,Bizkaia,2020,personal_empleado,1120.9166666666667
48,Bizkaia,2020,plazas_estimadas,9847.833333333334
48,Bizkaia,2021,establecimientos_abiertos_estimados,192.75
48,Bizkaia,2021,grado_ocupacion_habitaciones_pct,42.54833333333333
48,Bizkaia,2021,grado_ocupacion_plazas_fin_semana_pct,42.73166666666666
48,Bizkaia,2021,grado_ocupacion_plazas_pct,35.6075
48,Bizkaia,2021,habitaciones_estimadas,6776.083333333333
48,Bizkaia,2021,personal_empleado,1299.3333333333333
48,Bizkaia,2021,plazas_estimadas,13033.916666666666
48,Bizkaia,2022,establecimientos_abiertos_estimados,208.66666666666666
48,Bizkaia,2022,grado_ocupacion_habitaciones_pct,60.1975
48,Bizkaia,2022,grado_ocupacion_plazas_fin_semana_pct,60.99
48,Bizkaia,2022,grado_ocupacion_plazas_pct,51.119166666666665
48,Bizkaia,2022,habitaciones_estimadas,7787.583333333333
48,Bizkaia,2022,personal_empleado,1685.3333333333333
48,Bizkaia,2022,plazas_estimadas,15002.583333333334
48,Bizkaia,2023,establecimientos_abiertos_estimados,215.5
48,Bizkaia,2023,grado_ocupacion_habitaciones_pct,66.77416666666666
48,Bizkaia,2023,grado_ocupacion_plazas_fin_semana_pct,65.04083333333334
48,Bizkaia,2023,grado_ocupacion_plazas_pct,55.85583333333333
48,Bizkaia,2023,habitaciones_estimadas,8007.083333333333
48,Bizkaia,2023,personal_empleado,1833.25
48,Bizkaia,2023,plazas_estimadas,15416.5
48,Bizkaia,2024,establecimientos_abiertos_estimados,212.25
48,Bizkaia,2024,grado_ocupacion_habitaciones_pct,67.91833333333334
48,Bizkaia,2024,grado_ocupacion_plazas_fin_semana_pct,64.92916666666666
48,Bizkaia,2024,grado_ocupacion_plazas_pct,56.30916666666667
48,Bizkaia,2024,habitaciones_estimadas,8111.916666666667
48,Bizkaia,2024,personal_empleado,1968.4166666666667
48,Bizkaia,2024,plazas_estimadas,15655.416666666666
48,Bizkaia,2025,establecimientos_abiertos_estimados,220.25
48,Bizkaia,2025,grado_ocupacion_habitaciones_pct,68.2225
48,Bizkaia,2025,grado_ocupacion_plazas_fin_semana_pct,65.49333333333333
48,Bizkaia,2025,grado_ocupacion_plazas_pct,56.8125
48,Bizkaia,2025,habitaciones_estimadas,8332.5
48,Bizkaia,2025,personal_empleado,2094.5833333333335
48,Bizkaia,2025,plazas_estimadas,16170.166666666666
49,Zamora,2015,establecimientos_abiertos_estimados,90.25
49,Zamora,2015,grado_ocupacion_habitaciones_pct,30.3875
49,Zamora,2015,grado_ocupacion_plazas_fin_semana_pct,35.089999999999996
49,Zamora,2015,grado_ocupacion_plazas_pct,27.366666666666664
49,Zamora,2015,habitaciones_estimadas,1866.75
49,Zamora,2015,personal_empleado,448.5
49,Zamora,2015,plazas_estimadas,3389.3333333333335
49,Zamora,2016,establecimientos_abiertos_estimados,90.0
49,Zamora,2016,grado_ocupacion_habitaciones_pct,33.49583333333333
49,Zamora,2016,grado_ocupacion_plazas_fin_semana_pct,39.64
49,Zamora,2016,grado_ocupacion_plazas_pct,29.768333333333334
49,Zamora,2016,habitaciones_estimadas,1833.9166666666667
49,Zamora,2016,personal_empleado,497.4166666666667
49,Zamora,2016,plazas_estimadas,3347.4166666666665
49,Zamora,2017,establecimientos_abiertos_estimados,85.0
49,Zamora,2017,grado_ocupacion_habitaciones_pct,34.49
49,Zamora,2017,grado_ocupacion_plazas_fin_semana_pct,40.94166666666667
49,Zamora,2017,grado_ocupacion_plazas_pct,30.771666666666665
49,Zamora,2017,habitaciones_estimadas,1828.75
49,Zamora,2017,personal_empleado,499.5
49,Zamora,2017,plazas_estimadas,3361.8333333333335
49,Zamora,2018,establecimientos_abiertos_estimados,93.41666666666667
49,Zamora,2018,grado_ocupacion_habitaciones_pct,39.13916666666667
49,Zamora,2018,grado_ocupacion_plazas_fin_semana_pct,42.94916666666666
49,Zamora,2018,grado_ocupacion_plazas_pct,33.9925
49,Zamora,2018,habitaciones_estimadas,1905.4166666666667
49,Zamora,2018,personal_empleado,534.4166666666666
49,Zamora,2018,plazas_estimadas,3522.4166666666665
49,Zamora,2019,establecimientos_abiertos_estimados,94.33333333333333
49,Zamora,2019,grado_ocupacion_habitaciones_pct,41.135
49,Zamora,2019,grado_ocupacion_plazas_fin_semana_pct,45.01666666666667
49,Zamora,2019,grado_ocupacion_plazas_pct,35.795
49,Zamora,2019,habitaciones_estimadas,1876.5
49,Zamora,2019,personal_empleado,546.0833333333334
49,Zamora,2019,plazas_estimadas,3472.0
49,Zamora,2021,establecimientos_abiertos_estimados,74.08333333333333
49,Zamora,2021,grado_ocupacion_habitaciones_pct,34.979166666666664
49,Zamora,2021,grado_ocupacion_plazas_fin_semana_pct,32.02916666666667
49,Zamora,2021,grado_ocupacion_plazas_pct,28.855
49,Zamora,2021,habitaciones_estimadas,1324.1666666666667
49,Zamora,2021,personal_empleado,336.4166666666667
49,Zamora,2021,plazas_estimadas,2494.6666666666665
49,Zamora,2022,establecimientos_abiertos_estimados,82.25
49,Zamora,2022,grado_ocupacion_habitaciones_pct,39.9
49,Zamora,2022,grado_ocupacion_plazas_fin_semana_pct,43.85333333333333
49,Zamora,2022,grado_ocupacion_plazas_pct,34.402499999999996
49,Zamora,2022,habitaciones_estimadas,1543.0
49,Zamora,2022,personal_empleado,398.5
49,Zamora,2022,plazas_estimadas,2922.5833333333335
49,Zamora,2023,establecimientos_abiertos_estimados,81.0
49,Zamora,2023,grado_ocupacion_habitaciones_pct,39.803333333333335
49,Zamora,2023,grado_ocupacion_plazas_fin_semana_pct,38.545833333333334
49,Zamora,2023,grado_ocupacion_plazas_pct,32.86
49,Zamora,2023,habitaciones_estimadas,1663.75
49,Zamora,2023,personal_empleado,405.9166666666667
49,Zamora,2023,plazas_estimadas,3168.9166666666665
49,Zamora,2024,establecimientos_abiertos_estimados,70.58333333333333
49,Zamora,2024,grado_ocupacion_habitaciones_pct,42.70166666666666
49,Zamora,2024,grado_ocupacion_plazas_fin_semana_pct,43.784166666666664
49,Zamora,2024,grado_ocupacion_plazas_pct,35.01416666666667
49,Zamora,2024,habitaciones_estimadas,1535.5833333333333
49,Zamora,2024,personal_empleado,407.0
49,Zamora,2024,plazas_estimadas,2945.0833333333335
49,Zamora,2025,establecimientos_abiertos_estimados,78.91666666666667
49,Zamora,2025,grado_ocupacion_habitaciones_pct,40.24
49,Zamora,2025,grado_ocupacion_plazas_fin_semana_pct,39.15083333333333
49,Zamora,2025,grado_ocupacion_plazas_pct,31.673333333333332
49,Zamora,2025,habitaciones_estimadas,1564.4166666666667
49,Zamora,2025,personal_empleado,362.1666666666667
49,Zamora,2025,plazas_estimadas,3039.25
50,Zaragoza,2015,establecimientos_abiertos_estimados,258.1666666666667
50,Zaragoza,2015,grado_ocupacion_habitaciones_pct,43.06333333333333
50,Zaragoza,2015,grado_ocupacion_plazas_fin_semana_pct,47.355
50,Zaragoza,2015,grado_ocupacion_plazas_pct,36.780833333333334
50,Zaragoza,2015,habitaciones_estimadas,8637.666666666666
50,Zaragoza,2015,personal_empleado,1561.8333333333333
50,Zaragoza,2015,plazas_estimadas,15987.416666666666
50,Zaragoza,2016,establecimientos_abiertos_estimados,247.75
50,Zaragoza,2016,grado_ocupacion_habitaciones_pct,48.92666666666667
50,Zaragoza,2016,grado_ocupacion_plazas_fin_semana_pct,52.987500000000004
50,Zaragoza,2016,grado_ocupacion_plazas_pct,41.725833333333334
50,Zaragoza,2016,habitaciones_estimadas,8766.75
50,Zaragoza,2016,personal_empleado,1499.75
50,Zaragoza,2016,plazas_estimadas,16268.0
50,Zaragoza,2017,establecimientos_abiertos_estimados,246.91666666666666
50,Zaragoza,2017,grado_ocupacion_habitaciones_pct,50.49166666666667
50,Zaragoza,2017,grado_ocupacion_plazas_fin_semana_pct,54.50833333333333
50,Zaragoza,2017,grado_ocupacion_plazas_pct,43.274166666666666
50,Zaragoza,2017,habitaciones_estimadas,8966.75
50,Zaragoza,2017,personal_empleado,1460.0
50,Zaragoza,2017,plazas_estimadas,16653.833333333332
50,Zaragoza,2018,establecimientos_abiertos_estimados,245.0
50,Zaragoza,2018,grado_ocupacion_habitaciones_pct,55.24916666666667
50,Zaragoza,2018,grado_ocupacion_plazas_fin_semana_pct,59.24583333333334
50,Zaragoza,2018,grado_ocupacion_plazas_pct,47.25833333333333
50,Zaragoza,2018,habitaciones_estimadas,8730.666666666666
50,Zaragoza,2018,personal_empleado,1458.25
50,Zaragoza,2018,plazas_estimadas,16183.333333333334
50,Zaragoza,2019,establecimientos_abiertos_estimados,251.08333333333334
50,Zaragoza,2019,grado_ocupacion_habitaciones_pct,57.2125
50,Zaragoza,2019,grado_ocupacion_plazas_fin_semana_pct,59.20666666666667
50,Zaragoza,2019,grado_ocupacion_plazas_pct,47.98583333333334
50,Zaragoza,2019,habitaciones_estimadas,8681.083333333334
50,Zaragoza,2019,personal_empleado,1443.25
50,Zaragoza,2019,plazas_estimadas,16160.25
50,Zaragoza,2020,establecimientos_abiertos_estimados,181.75
50,Zaragoza,2020,grado_ocupacion_habitaciones_pct,31.123333333333335
50,Zaragoza,2020,grado_ocupacion_plazas_fin_semana_pct,25.367499999999996
50,Zaragoza,2020,grado_ocupacion_plazas_pct,23.918333333333333
50,Zaragoza,2020,habitaciones_estimadas,5690.916666666667
50,Zaragoza,2020,personal_empleado,784.75
50,Zaragoza,2020,plazas_estimadas,10526.75
50,Zaragoza,2021,establecimientos_abiertos_estimados,215.83333333333334
50,Zaragoza,2021,grado_ocupacion_habitaciones_pct,41.19833333333333
50,Zaragoza,2021,grado_ocupacion_plazas_fin_semana_pct,38.571666666666665
50,Zaragoza,2021,grado_ocupacion_plazas_pct,33.07416666666666
50,Zaragoza,2021,habitaciones_estimadas,7216.083333333333
50,Zaragoza,2021,personal_empleado,1074.1666666666667
50,Zaragoza,2021,plazas_estimadas,13407.166666666666
50,Zaragoza,2022,establecimientos_abiertos_estimados,231.16666666666666
50,Zaragoza,2022,grado_ocupacion_habitaciones_pct,52.034166666666664
50,Zaragoza,2022,grado_ocupacion_plazas_fin_semana_pct,54.2075
50,Zaragoza,2022,grado_ocupacion_plazas_pct,43.899166666666666
50,Zaragoza,2022,habitaciones_estimadas,8398.25
50,Zaragoza,2022,personal_empleado,1462.1666666666667
50,Zaragoza,2022,plazas_estimadas,15635.0
50,Zaragoza,2023,establecimientos_abiertos_estimados,227.58333333333334
50,Zaragoza,2023,grado_ocupacion_habitaciones_pct,56.18416666666667
50,Zaragoza,2023,grado_ocupacion_plazas_fin_semana_pct,55.1275
50,Zaragoza,2023,grado_ocupacion_plazas_pct,46.23416666666666
50,Zaragoza,2023,habitaciones_estimadas,8475.083333333334
50,Zaragoza,2023,personal_empleado,1528.5
50,Zaragoza,2023,plazas_estimadas,15905.5
50,Zaragoza,2024,establecimientos_abiertos_estimados,224.83333333333334
50,Zaragoza,2024,grado_ocupacion_habitaciones_pct,58.892500000000005
50,Zaragoza,2024,grado_ocupacion_plazas_fin_semana_pct,58.6225
50,Zaragoza,2024,grado_ocupacion_plazas_pct,48.541666666666664
50,Zaragoza,2024,habitaciones_estimadas,8417.166666666666
50,Zaragoza,2024,personal_empleado,1528.0833333333333
50,Zaragoza,2024,plazas_estimadas,15949.583333333334
50,Zaragoza,2025,establecimientos_abiertos_estimados,218.25
50,Zaragoza,2025,grado_ocupacion_habitaciones_pct,61.0
50,Zaragoza,2025,grado_ocupacion_plazas_fin_semana_pct,59.03916666666667
50,Zaragoza,2025,grado_ocupacion_plazas_pct,48.98833333333334
50,Zaragoza,2025,habitaciones_estimadas,8141.833333333333
50,Zaragoza,2025,personal_empleado,1556.4166666666667
50,Zaragoza,2025,plazas_estimadas,15478.416666666666
51,Ceuta,2015,establecimientos_abiertos_estimados,11.833333333333334
51,Ceuta,2015,grado_ocupacion_habitaciones_pct,53.45666666666667
51,Ceuta,2015,grado_ocupacion_plazas_fin_semana_pct,56.181666666666665
51,Ceuta,2015,grado_ocupacion_plazas_pct,55.595
51,Ceuta,2015,habitaciones_estimadas,418.3333333333333
51,Ceuta,2015,personal_empleado,142.91666666666666
51,Ceuta,2015,plazas_estimadas,789.6666666666666
51,Ceuta,2016,establecimientos_abiertos_estimados,12.916666666666666
51,Ceuta,2016,grado_ocupacion_habitaciones_pct,60.495
51,Ceuta,2016,grado_ocupacion_plazas_fin_semana_pct,65.59166666666667
51,Ceuta,2016,grado_ocupacion_plazas_pct,64.00166666666667
51,Ceuta,2016,habitaciones_estimadas,412.0833333333333
51,Ceuta,2016,personal_empleado,152.0
51,Ceuta,2016,plazas_estimadas,786.9166666666666
51,Ceuta,2017,establecimientos_abiertos_estimados,12.583333333333334
51,Ceuta,2017,grado_ocupacion_habitaciones_pct,64.12916666666666
51,Ceuta,2017,grado_ocupacion_plazas_fin_semana_pct,65.44416666666666
51,Ceuta,2017,grado_ocupacion_plazas_pct,64.44583333333334
51,Ceuta,2017,habitaciones_estimadas,407.25
51,Ceuta,2017,personal_empleado,160.0
51,Ceuta,2017,plazas_estimadas,769.5
51,Ceuta,2018,establecimientos_abiertos_estimados,12.75
51,Ceuta,2018,grado_ocupacion_habitaciones_pct,62.19416666666667
51,Ceuta,2018,grado_ocupacion_plazas_fin_semana_pct,63.873333333333335
51,Ceuta,2018,grado_ocupacion_plazas_pct,63.90416666666667
51,Ceuta,2018,habitaciones_estimadas,404.75
51,Ceuta,2018,personal_empleado,134.0
51,Ceuta,2018,plazas_estimadas,768.5
51,Ceuta,2019,establecimientos_abiertos_estimados,12.666666666666666
51,Ceuta,2019,grado_ocupacion_habitaciones_pct,60.30833333333334
51,Ceuta,2019,grado_ocupacion_plazas_fin_semana_pct,57.9275
51,Ceuta,2019,grado_ocupacion_plazas_pct,58.16833333333333
51,Ceuta,2019,habitaciones_estimadas,409.25
51,Ceuta,2019,personal_empleado,125.25
51,Ceuta,2019,plazas_estimadas,785.5
51,Ceuta,2021,establecimientos_abiertos_estimados,9.0
51,Ceuta,2021,grado_ocupacion_habitaciones_pct,44.18833333333333
51,Ceuta,2021,grado_ocupacion_plazas_fin_semana_pct,32.012499999999996
51,Ceuta,2021,grado_ocupacion_plazas_pct,38.428333333333335
51,Ceuta,2021,habitaciones_estimadas,371.6666666666667
51,Ceuta,2021,personal_empleado,119.08333333333333
51,Ceuta,2021,plazas_estimadas,684.0
51,Ceuta,2022,establecimientos_abiertos_estimados,11.416666666666666
51,Ceuta,2022,grado_ocupacion_habitaciones_pct,48.82666666666666
51,Ceuta,2022,grado_ocupacion_plazas_fin_semana_pct,46.56583333333333
51,Ceuta,2022,grado_ocupacion_plazas_pct,47.26666666666667
51,Ceuta,2022,habitaciones_estimadas,421.3333333333333
51,Ceuta,2022,personal_empleado,137.83333333333334
51,Ceuta,2022,plazas_estimadas,782.5833333333334
51,Ceuta,2023,establecimientos_abiertos_estimados,10.916666666666666
51,Ceuta,2023,grado_ocupacion_habitaciones_pct,52.379999999999995
51,Ceuta,2023,grado_ocupacion_plazas_fin_semana_pct,52.160000000000004
51,Ceuta,2023,grado_ocupacion_plazas_pct,51.557500000000005
51,Ceuta,2023,habitaciones_estimadas,410.0
51,Ceuta,2023,personal_empleado,160.91666666666666
51,Ceuta,2023,plazas_estimadas,762.75
51,Ceuta,2024,establecimientos_abiertos_estimados,9.916666666666666
51,Ceuta,2024,grado_ocupacion_habitaciones_pct,52.583333333333336
51,Ceuta,2024,grado_ocupacion_plazas_fin_semana_pct,47.044999999999995
51,Ceuta,2024,grado_ocupacion_plazas_pct,47.7875
51,Ceuta,2024,habitaciones_estimadas,406.9166666666667
51,Ceuta,2024,personal_empleado,169.91666666666666
51,Ceuta,2024,plazas_estimadas,767.0833333333334
51,Ceuta,2025,establecimientos_abiertos_estimados,10.5
51,Ceuta,2025,grado_ocupacion_habitaciones_pct,54.18666666666667
51,Ceuta,2025,grado_ocupacion_plazas_fin_semana_pct,51.471666666666664
51,Ceuta,2025,grado_ocupacion_plazas_pct,50.494166666666665
51,Ceuta,2025,habitaciones_estimadas,414.5
51,Ceuta,2025,personal_empleado,153.75
51,Ceuta,2025,plazas_estimadas,774.3333333333334
52,Melilla,2015,establecimientos_abiertos_estimados,10.833333333333334
52,Melilla,2015,grado_ocupacion_habitaciones_pct,59.89333333333334
52,Melilla,2015,grado_ocupacion_plazas_fin_semana_pct,53.405
52,Melilla,2015,grado_ocupacion_plazas_pct,47.8025
52,Melilla,2015,habitaciones_estimadas,448.8333333333333
52,Melilla,2015,personal_empleado,148.5
52,Melilla,2015,plazas_estimadas,844.9166666666666
52,Melilla,2016,establecimientos_abiertos_estimados,10.25
52,Melilla,2016,grado_ocupacion_habitaciones_pct,62.721666666666664
52,Melilla,2016,grado_ocupacion_plazas_fin_semana_pct,59.660833333333336
52,Melilla,2016,grado_ocupacion_plazas_pct,51.262499999999996
52,Melilla,2016,habitaciones_estimadas,439.0
52,Melilla,2016,personal_empleado,153.66666666666666
52,Melilla,2016,plazas_estimadas,833.5
52,Melilla,2017,establecimientos_abiertos_estimados,10.0
52,Melilla,2017,grado_ocupacion_habitaciones_pct,63.1175
52,Melilla,2017,grado_ocupacion_plazas_fin_semana_pct,57.6325
52,Melilla,2017,grado_ocupacion_plazas_pct,50.053333333333335
52,Melilla,2017,habitaciones_estimadas,441.0
52,Melilla,2017,personal_empleado,157.5
52,Melilla,2017,plazas_estimadas,838.0
52,Melilla,2018,establecimientos_abiertos_estimados,9.916666666666666
52,Melilla,2018,grado_ocupacion_habitaciones_pct,61.68333333333334
52,Melilla,2018,grado_ocupacion_plazas_fin_semana_pct,54.093333333333334
52,Melilla,2018,grado_ocupacion_plazas_pct,47.43
52,Melilla,2018,habitaciones_estimadas,440.5
52,Melilla,2018,personal_empleado,154.41666666666666
52,Melilla,2018,plazas_estimadas,837.0833333333334
52,Melilla,2019,establecimientos_abiertos_estimados,9.916666666666666
52,Melilla,2019,grado_ocupacion_habitaciones_pct,60.63999999999999
52,Melilla,2019,grado_ocupacion_plazas_fin_semana_pct,55.20916666666667
52,Melilla,2019,grado_ocupacion_plazas_pct,45.854166666666664
52,Melilla,2019,habitaciones_estimadas,440.5
52,Melilla,2019,personal_empleado,151.75
52,Melilla,2019,plazas_estimadas,837.0833333333334
52,Melilla,2021,establecimientos_abiertos_estimados,7.0
52,Melilla,2021,grado_ocupacion_habitaciones_pct,43.979166666666664
52,Melilla,2021,grado_ocupacion_plazas_fin_semana_pct,32.7825
52,Melilla,2021,grado_ocupacion_plazas_pct,30.535
52,Melilla,2021,habitaciones_estimadas,410.6666666666667
52,Melilla,2021,personal_empleado,114.83333333333333
52,Melilla,2021,plazas_estimadas,786.6666666666666
52,Melilla,2022,establecimientos_abiertos_estimados,8.0
52,Melilla,2022,grado_ocupacion_habitaciones_pct,51.93833333333333
52,Melilla,2022,grado_ocupacion_plazas_fin_semana_pct,47.163333333333334
52,Melilla,2022,grado_ocupacion_plazas_pct,38.57
52,Melilla,2022,habitaciones_estimadas,423.0
52,Melilla,2022,personal_empleado,136.5
52,Melilla,2022,plazas_estimadas,809.0
52,Melilla,2023,establecimientos_abiertos_estimados,7.333333333333333
52,Melilla,2023,grado_ocupacion_habitaciones_pct,57.791666666666664
52,Melilla,2023,grado_ocupacion_plazas_fin_semana_pct,53.682500000000005
52,Melilla,2023,grado_ocupacion_plazas_pct,43.19083333333333
52,Melilla,2023,habitaciones_estimadas,419.0
52,Melilla,2023,personal_empleado,136.66666666666666
52,Melilla,2023,plazas_estimadas,801.6666666666666
52,Melilla,2024,establecimientos_abiertos_estimados,6.916666666666667
52,Melilla,2024,grado_ocupacion_habitaciones_pct,57.574999999999996
52,Melilla,2024,grado_ocupacion_plazas_fin_semana_pct,54.928333333333335
52,Melilla,2024,grado_ocupacion_plazas_pct,44.35583333333333
52,Melilla,2024,habitaciones_estimadas,415.75
52,Melilla,2024,personal_empleado,139.08333333333334
52,Melilla,2024,plazas_estimadas,795.6666666666666
52,Melilla,2025,establecimientos_abiertos_estimados,7.5
52,Melilla,2025,grado_ocupacion_habitaciones_pct,61.357499999999995
52,Melilla,2025,grado_ocupacion_plazas_fin_semana_pct,56.45166666666666
52,Melilla,2025,grado_ocupacion_plazas_pct,45.346666666666664
52,Melilla,2025,habitaciones_estimadas,428.0
52,Melilla,2025,personal_empleado,146.58333333333334
52,Melilla,2025,plazas_estimadas,832.3333333333334
