codigo_provincia,provincia,anio,mes,periodo,establecimientos_abiertos_estimados,grado_ocupacion_habitaciones_pct,grado_ocupacion_plazas_fin_semana_pct,grado_ocupacion_plazas_pct,habitaciones_estimadas,personal_empleado,plazas_estimadas
01,Araba/Álava,2015,1,2015M01,67.0,33.32,29.39,27.3,2073.0,456.0,3998.0
01,Araba/Álava,2015,2,2015M02,73.0,37.23,33.21,28.98,2167.0,528.0,4175.0
01,Araba/Álava,2015,3,2015M03,73.0,41.66,42.59,34.13,2199.0,533.0,4234.0
01,Araba/Álava,2015,4,2015M04,75.0,43.66,50.38,36.06,2226.0,536.0,4292.0
01,Araba/Álava,2015,5,2015M05,76.0,52.49,52.59,42.94,2231.0,537.0,4303.0
01,Araba/Álava,2015,6,2015M06,73.0,50.82,55.89,41.45,2203.0,536.0,4248.0
01,Araba/Álava,2015,7,2015M07,74.0,59.38,66.27,52.52,2214.0,582.0,4273.0
01,Araba/Álava,2015,8,2015M08,72.0,70.85,74.15,68.94,2199.0,587.0,4243.0
01,Araba/Álava,2015,9,2015M09,73.0,60.04,63.74,49.81,2235.0,528.0,4302.0
01,Araba/Álava,2015,10,2015M10,72.0,55.8,58.98,46.43,2225.0,534.0,4285.0
01,Araba/Álava,2015,11,2015M11,72.0,47.2,52.05,38.43,2221.0,527.0,4283.0
01,Araba/Álava,2015,12,2015M12,72.0,46.84,46.99,42.99,2227.0,477.0,4290.0
01,Araba/Álava,2016,1,2016M01,64.0,37.16,38.54,30.14,2084.0,430.0,4008.0
01,Araba/Álava,2016,2,2016M02,67.0,40.3,40.65,30.99,2137.0,476.0,4120.0
01,Araba/Álava,2016,3,2016M03,70.0,49.44,59.67,41.55,2193.0,492.0,4236.0
01,Araba/Álava,2016,4,2016M04,71.0,44.99,43.84,33.87,2232.0,492.0,4301.0
01,Araba/Álava,2016,5,2016M05,74.0,55.86,50.9,42.2,2254.0,488.0,4337.0
01,Araba/Álava,2016,6,2016M06,74.0,58.86,57.7,44.48,2254.0,497.0,4338.0
01,Araba/Álava,2016,7,2016M07,74.0,67.52,71.22,59.41,2254.0,516.0,4364.0
01,Araba/Álava,2016,8,2016M08,72.0,75.81,75.49,70.45,2242.0,530.0,4339.0
01,Araba/Álava,2016,9,2016M09,73.0,67.47,64.94,55.07,2254.0,515.0,4363.0
01,Araba/Álava,2016,10,2016M10,75.0,61.71,64.78,50.37,2263.0,507.0,4420.0
01,Araba/Álava,2016,11,2016M11,73.0,47.23,45.42,34.98,2242.0,499.0,4385.0
01,Araba/Álava,2016,12,2016M12,70.0,43.38,43.61,37.48,2164.0,498.0,4225.0
01,Araba/Álava,2017,1,2017M01,66.0,39.54,35.11,30.65,2059.0,434.0,4017.0
01,Araba/Álava,2017,2,2017M02,70.0,50.39,50.91,39.61,2166.0,477.0,4229.0
01,Araba/Álava,2017,3,2017M03,74.0,49.29,49.37,37.57,2212.0,487.0,4324.0
01,Araba/Álava,2017,4,2017M04,77.0,59.37,64.65,51.15,2287.0,481.0,4456.0
01,Araba/Álava,2017,5,2017M05,76.0,60.49,58.31,46.89,2277.0,488.0,4439.0
01,Araba/Álava,2017,6,2017M06,77.0,61.52,59.11,48.72,2287.0,487.0,4455.0
01,Araba/Álava,2017,7,2017M07,78.0,69.77,69.27,59.88,2297.0,517.0,4469.0
01,Araba/Álava,2017,8,2017M08,76.0,75.42,78.12,70.58,2281.0,512.0,4442.0
01,Araba/Álava,2017,9,2017M09,75.0,68.18,62.83,55.89,2276.0,509.0,4432.0
01,Araba/Álava,2017,10,2017M10,77.0,61.55,65.8,49.94,2290.0,486.0,4463.0
01,Araba/Álava,2017,11,2017M11,75.0,55.91,59.48,42.19,2278.0,487.0,4440.0
01,Araba/Álava,2017,12,2017M12,71.0,46.77,48.29,40.17,2203.0,481.0,4291.0
01,Araba/Álava,2018,1,2018M01,66.0,43.78,35.73,33.04,2084.0,396.0,4078.0
01,Araba/Álava,2018,2,2018M02,69.0,43.21,40.04,32.15,2208.0,463.0,4328.0
01,Araba/Álava,2018,3,2018M03,72.0,51.63,52.97,41.37,2256.0,479.0,4426.0
01,Araba/Álava,2018,4,2018M04,73.0,58.95,55.01,46.38,2256.0,480.0,4425.0
01,Araba/Álava,2018,5,2018M05,72.0,65.54,66.86,51.17,2253.0,488.0,4420.0
01,Araba/Álava,2018,6,2018M06,74.0,64.85,62.6,51.51,2275.0,506.0,4453.0
01,Araba/Álava,2018,7,2018M07,72.0,69.03,66.47,58.49,2251.0,519.0,4418.0
01,Araba/Álava,2018,8,2018M08,72.0,79.14,74.75,72.53,2252.0,500.0,4417.0
01,Araba/Álava,2018,9,2018M09,73.0,72.87,63.23,58.0,2259.0,469.0,4431.0
01,Araba/Álava,2018,10,2018M10,73.0,66.92,66.86,53.6,2258.0,468.0,4429.0
01,Araba/Álava,2018,11,2018M11,72.0,57.9,59.13,44.2,2248.0,451.0,4410.0
01,Araba/Álava,2018,12,2018M12,69.0,49.84,49.1,41.93,2153.0,401.0,4222.0
01,Araba/Álava,2019,1,2019M01,60.0,45.52,39.55,34.65,1992.0,368.0,3925.0
01,Araba/Álava,2019,2,2019M02,62.0,50.02,43.84,37.41,2038.0,386.0,4016.0
01,Araba/Álava,2019,3,2019M03,66.0,55.08,55.07,43.25,2135.0,418.0,4204.0
01,Araba/Álava,2019,4,2019M04,68.0,60.98,64.3,49.89,2206.0,461.0,4352.0
01,Araba/Álava,2019,5,2019M05,68.0,67.64,62.4,51.28,2214.0,468.0,4367.0
01,Araba/Álava,2019,6,2019M06,68.0,65.7,66.47,52.72,2219.0,473.0,4378.0
01,Araba/Álava,2019,7,2019M07,68.0,70.54,68.9,57.69,2220.0,488.0,4387.0
01,Araba/Álava,2019,8,2019M08,65.0,76.29,68.08,69.35,2187.0,484.0,4324.0
01,Araba/Álava,2019,9,2019M09,67.0,72.53,67.03,56.93,2198.0,461.0,4345.0
01,Araba/Álava,2019,10,2019M10,67.0,66.86,59.8,50.74,2202.0,457.0,4354.0
01,Araba/Álava,2019,11,2019M11,66.0,58.32,58.06,44.1,2189.0,464.0,4327.0
01,Araba/Álava,2019,12,2019M12,65.0,50.19,54.85,41.31,2134.0,431.0,4216.0
01,Araba/Álava,2020,1,2020M01,58.0,47.84,39.59,36.14,1956.0,374.0,3859.0
01,Araba/Álava,2020,2,2020M02,58.0,54.81,51.4,40.48,2015.0,410.0,3976.0
01,Araba/Álava,2020,3,2020M03,58.0,27.74,20.59,19.57,1903.0,350.0,3741.0
01,Araba/Álava,2020,4,2020M04,0.0,0.0,0.0,0.0,0.0,0.0,0.0
01,Araba/Álava,2020,5,2020M05,11.0,26.6,17.43,18.9,508.0,66.0,1099.0
01,Araba/Álava,2020,6,2020M06,45.0,26.41,17.91,18.42,1515.0,220.0,2954.0
01,Araba/Álava,2020,7,2020M07,54.0,42.74,41.61,34.47,1860.0,320.0,3647.0
01,Araba/Álava,2020,8,2020M08,56.0,50.65,45.55,43.73,1903.0,331.0,3727.0
01,Araba/Álava,2020,9,2020M09,56.0,41.52,37.15,31.39,1912.0,321.0,3746.0
01,Araba/Álava,2020,10,2020M10,55.0,40.96,32.14,30.0,1897.0,287.0,3714.0
01,Araba/Álava,2020,11,2020M11,44.0,28.92,14.14,19.11,1639.0,235.0,3205.0
01,Araba/Álava,2020,12,2020M12,43.0,24.44,15.55,16.82,1675.0,261.0,3335.0
01,Araba/Álava,2021,1,2021M01,46.0,23.58,17.0,16.72,1663.0,261.0,3325.0
01,Araba/Álava,2021,2,2021M02,47.0,27.01,14.8,17.39,1704.0,258.0,3407.0
01,Araba/Álava,2021,3,2021M03,56.0,31.63,28.78,22.75,1961.0,301.0,3903.0
01,Araba/Álava,2021,4,2021M04,55.0,32.5,27.47,24.95,1909.0,305.0,3820.0
01,Araba/Álava,2021,5,2021M05,58.0,34.62,31.79,26.09,1999.0,325.0,3999.0
01,Araba/Álava,2021,6,2021M06,61.0,43.68,46.92,34.8,2219.0,362.0,4441.0
01,Araba/Álava,2021,7,2021M07,63.0,59.12,55.81,48.98,2256.0,395.0,4510.0
01,Araba/Álava,2021,8,2021M08,65.0,76.93,73.38,67.58,2274.0,418.0,4547.0
01,Araba/Álava,2021,9,2021M09,66.0,62.08,61.15,50.56,2280.0,424.0,4556.0
01,Araba/Álava,2021,10,2021M10,64.0,67.29,63.08,53.75,2178.0,404.0,4355.0
01,Araba/Álava,2021,11,2021M11,61.0,57.32,54.59,43.37,2153.0,397.0,4305.0
01,Araba/Álava,2021,12,2021M12,61.0,46.12,45.13,39.04,2110.0,388.0,4224.0
01,Araba/Álava,2022,1,2022M01,54.0,37.57,32.7,29.6,1931.0,304.0,3884.0
01,Araba/Álava,2022,2,2022M02,60.0,50.06,49.96,39.41,2023.0,348.0,4027.0
01,Araba/Álava,2022,3,2022M03,65.0,54.8,54.02,43.12,2182.0,414.0,4342.0
01,Araba/Álava,2022,4,2022M04,68.0,58.55,60.22,49.44,2230.0,432.0,4442.0
01,Araba/Álava,2022,5,2022M05,69.0,62.81,65.23,50.73,2238.0,437.0,4459.0
01,Araba/Álava,2022,6,2022M06,69.0,66.27,66.41,54.31,2235.0,439.0,4450.0
01,Araba/Álava,2022,7,2022M07,69.0,74.41,70.07,64.37,2233.0,453.0,4447.0
01,Araba/Álava,2022,8,2022M08,68.0,79.88,75.42,72.07,2231.0,452.0,4444.0
01,Araba/Álava,2022,9,2022M09,69.0,70.5,66.26,57.59,2240.0,466.0,4460.0
01,Araba/Álava,2022,10,2022M10,68.0,69.02,65.49,55.7,2232.0,427.0,4443.0
01,Araba/Álava,2022,11,2022M11,68.0,58.25,56.8,45.07,2234.0,437.0,4443.0
01,Araba/Álava,2022,12,2022M12,63.0,50.56,48.2,43.45,2141.0,407.0,4266.0
01,Araba/Álava,2023,1,2023M01,60.0,48.86,47.03,39.53,2061.0,347.0,4085.0
01,Araba/Álava,2023,2,2023M02,65.0,55.66,56.57,45.16,2182.0,384.0,4307.0
01,Araba/Álava,2023,3,2023M03,69.0,56.36,55.6,45.11,2280.0,434.0,4505.0
01,Araba/Álava,2023,4,2023M04,71.0,62.35,63.56,53.39,2304.0,451.0,4541.0
01,Araba/Álava,2023,5,2023M05,71.0,63.04,65.78,51.32,2304.0,444.0,4541.0
01,Araba/Álava,2023,6,2023M06,70.0,68.16,68.83,56.42,2279.0,449.0,4512.0
01,Araba/Álava,2023,7,2023M07,71.0,77.41,74.36,67.98,2319.0,474.0,4592.0
01,Araba/Álava,2023,8,2023M08,72.0,82.29,77.83,74.48,2483.0,482.0,4963.0
01,Araba/Álava,2023,9,2023M09,74.0,77.86,71.18,64.89,2506.0,491.0,4994.0
01,Araba/Álava,2023,10,2023M10,73.0,69.57,70.02,57.05,2505.0,485.0,4992.0
01,Araba/Álava,2023,11,2023M11,72.0,61.34,60.77,48.61,2496.0,480.0,4974.0
01,Araba/Álava,2023,12,2023M12,71.0,53.36,50.34,44.46,2467.0,469.0,4916.0
01,Araba/Álava,2024,1,2024M01,62.0,50.87,44.72,39.99,2316.0,382.0,4627.0
01,Araba/Álava,2024,2,2024M02,62.0,55.35,54.13,44.66,2276.0,366.0,4558.0
01,Araba/Álava,2024,3,2024M03,68.0,62.35,63.17,53.54,2410.0,465.0,4817.0
01,Araba/Álava,2024,4,2024M04,68.0,63.6,63.07,50.71,2456.0,473.0,4921.0
01,Araba/Álava,2024,5,2024M05,68.0,67.08,70.66,56.36,2453.0,471.0,4915.0
01,Araba/Álava,2024,6,2024M06,68.0,68.44,69.91,57.17,2450.0,477.0,4908.0
01,Araba/Álava,2024,7,2024M07,69.0,75.08,73.56,66.58,2455.0,481.0,4920.0
01,Araba/Álava,2024,8,2024M08,70.0,80.43,74.09,73.98,2467.0,491.0,4946.0
01,Araba/Álava,2024,9,2024M09,74.0,74.6,72.52,62.08,2621.0,500.0,5260.0
01,Araba/Álava,2024,10,2024M10,74.0,67.32,63.26,54.8,2621.0,498.0,5260.0
01,Araba/Álava,2024,11,2024M11,75.0,63.12,60.02,49.68,2665.0,504.0,5335.0
01,Araba/Álava,2024,12,2024M12,74.0,57.18,59.92,48.03,2640.0,476.0,5285.0
01,Araba/Álava,2025,1,2025M01,64.0,52.09,46.3,41.83,2456.0,381.0,4929.0
01,Araba/Álava,2025,2,2025M02,70.0,54.72,54.07,43.11,2543.0,447.0,5117.0
01,Araba/Álava,2025,3,2025M03,73.0,62.91,60.42,49.67,2609.0,452.0,5260.0
01,Araba/Álava,2025,4,2025M04,75.0,67.91,70.21,56.6,2660.0,485.0,5366.0
01,Araba/Álava,2025,5,2025M05,75.0,76.2,70.83,60.2,2660.0,476.0,5366.0
01,Araba/Álava,2025,6,2025M06,73.0,77.42,71.69,61.43,2650.0,476.0,5355.0
01,Araba/Álava,2025,7,2025M07,75.0,80.29,74.88,67.62,2620.0,481.0,5286.0
01,Araba/Álava,2025,8,2025M08,73.0,84.42,72.37,73.07,2647.0,486.0,5343.0
01,Araba/Álava,2025,9,2025M09,76.0,81.03,70.25,63.24,2755.0,490.0,5557.0
01,Araba/Álava,2025,10,2025M10,75.0,76.8,67.71,59.65,2743.0,484.0,5532.0
01,Araba/Álava,2025,11,2025M11,74.0,65.61,58.51,49.53,2735.0,476.0,5516.0
01,Araba/Álava,2025,12,2025M12,68.0,58.46,58.55,47.38,2617.0,436.0,5293.0
02,Albacete,2015,1,2015M01,132.0,19.33,18.24,14.22,2851.0,379.0,5389.0
02,Albacete,2015,2,2015M02,134.0,26.8,31.45,20.28,2900.0,393.0,5484.0
02,Albacete,2015,3,2015M03,145.0,29.23,32.28,23.94,3353.0,545.0,6385.0
02,Albacete,2015,4,2015M04,148.0,32.42,40.35,28.33,3442.0,598.0,6551.0
02,Albacete,2015,5,2015M05,148.0,32.41,36.82,27.34,3499.0,628.0,6681.0
02,Albacete,2015,6,2015M06,149.0,32.88,39.4,27.3,3506.0,625.0,6695.0
02,Albacete,2015,7,2015M07,151.0,29.46,32.82,25.44,3512.0,632.0,6707.0
02,Albacete,2015,8,2015M08,147.0,35.84,36.08,32.37,3490.0,650.0,6672.0
02,Albacete,2015,9,2015M09,140.0,42.38,44.75,34.89,3321.0,654.0,6344.0
02,Albacete,2015,10,2015M10,140.0,41.8,43.86,34.76,3322.0,614.0,6340.0
02,Albacete,2015,11,2015M11,147.0,36.71,40.47,29.83,3310.0,581.0,6299.0
02,Albacete,2015,12,2015M12,135.0,24.86,23.93,21.04,2920.0,460.0,5530.0
02,Albacete,2016,1,2016M01,123.0,22.61,20.31,16.66,2641.0,394.0,5019.0
02,Albacete,2016,2,2016M02,127.0,28.03,32.58,20.73,2802.0,471.0,5323.0
02,Albacete,2016,3,2016M03,141.0,32.25,40.4,27.27,3218.0,561.0,6144.0
02,Albacete,2016,4,2016M04,148.0,34.15,41.35,28.2,3440.0,616.0,6569.0
02,Albacete,2016,5,2016M05,146.0,35.19,41.6,29.69,3424.0,640.0,6539.0
02,Albacete,2016,6,2016M06,149.0,34.95,42.59,29.01,3497.0,624.0,6681.0
02,Albacete,2016,7,2016M07,149.0,32.59,37.31,28.41,3529.0,665.0,6743.0
02,Albacete,2016,8,2016M08,154.0,37.03,43.74,33.8,3553.0,701.0,6796.0
02,Albacete,2016,9,2016M09,133.0,44.79,49.27,37.78,3210.0,673.0,6161.0
02,Albacete,2016,10,2016M10,138.0,39.77,42.77,33.26,3298.0,654.0,6322.0
02,Albacete,2016,11,2016M11,135.0,34.53,37.96,27.78,3211.0,590.0,6157.0
02,Albacete,2016,12,2016M12,131.0,23.17,27.23,19.65,2942.0,486.0,5623.0
02,Albacete,2017,1,2017M01,130.0,22.73,18.79,16.88,2809.0,442.0,5366.0
02,Albacete,2017,2,2017M02,125.0,30.78,31.05,22.49,2812.0,462.0,5358.0
02,Albacete,2017,3,2017M03,129.0,33.25,39.12,26.57,3074.0,553.0,5880.0
02,Albacete,2017,4,2017M04,134.0,40.62,49.38,34.7,3309.0,622.0,6368.0
02,Albacete,2017,5,2017M05,133.0,41.37,42.86,33.4,3337.0,639.0,6395.0
02,Albacete,2017,6,2017M06,135.0,36.97,43.99,31.12,3381.0,649.0,6465.0
02,Albacete,2017,7,2017M07,136.0,37.75,39.03,32.45,3338.0,666.0,6429.0
02,Albacete,2017,8,2017M08,145.0,39.27,43.55,35.86,3460.0,727.0,6667.0
02,Albacete,2017,9,2017M09,131.0,46.31,50.29,38.95,3260.0,690.0,6297.0
02,Albacete,2017,10,2017M10,136.0,42.83,49.48,35.63,3306.0,674.0,6372.0
02,Albacete,2017,11,2017M11,127.0,37.48,38.81,29.56,3143.0,609.0,6065.0
02,Albacete,2017,12,2017M12,117.0,27.46,29.56,23.28,2811.0,502.0,5405.0
02,Albacete,2018,1,2018M01,105.0,24.16,19.3,17.54,2463.0,428.0,4755.0
02,Albacete,2018,2,2018M02,111.0,32.27,32.76,24.41,2551.0,452.0,4925.0
02,Albacete,2018,3,2018M03,128.0,35.06,39.22,29.28,3119.0,560.0,6031.0
02,Albacete,2018,4,2018M04,130.0,41.69,47.63,34.69,3181.0,534.0,6151.0
02,Albacete,2018,5,2018M05,126.0,40.55,45.15,33.28,3162.0,558.0,6109.0
02,Albacete,2018,6,2018M06,130.0,39.88,47.34,33.06,3218.0,558.0,6226.0
02,Albacete,2018,7,2018M07,136.0,37.19,41.3,31.5,3273.0,612.0,6326.0
02,Albacete,2018,8,2018M08,137.0,42.55,45.98,38.29,3293.0,599.0,6367.0
02,Albacete,2018,9,2018M09,127.0,47.45,52.77,40.58,3192.0,573.0,6169.0
02,Albacete,2018,10,2018M10,144.0,43.56,55.15,36.83,3437.0,575.0,6608.0
02,Albacete,2018,11,2018M11,141.0,37.01,40.73,29.96,3319.0,534.0,6373.0
02,Albacete,2018,12,2018M12,129.0,29.32,32.5,24.5,2865.0,481.0,5513.0
02,Albacete,2019,1,2019M01,113.0,25.42,23.5,18.74,2674.0,389.0,5140.0
02,Albacete,2019,2,2019M02,120.0,38.03,39.38,28.74,2743.0,402.0,5270.0
02,Albacete,2019,3,2019M03,127.0,36.82,45.97,29.77,2950.0,474.0,5679.0
02,Albacete,2019,4,2019M04,130.0,44.35,54.34,38.52,3158.0,543.0,6107.0
02,Albacete,2019,5,2019M05,131.0,43.96,51.31,36.59,3197.0,578.0,6186.0
02,Albacete,2019,6,2019M06,129.0,42.27,51.52,35.24,3252.0,594.0,6291.0
02,Albacete,2019,7,2019M07,132.0,40.16,44.74,34.27,3295.0,603.0,6370.0
02,Albacete,2019,8,2019M08,134.0,44.27,48.12,40.58,3304.0,613.0,6377.0
02,Albacete,2019,9,2019M09,125.0,46.68,52.9,40.32,3232.0,594.0,6229.0
02,Albacete,2019,10,2019M10,127.0,48.47,56.12,40.15,3229.0,556.0,6231.0
02,Albacete,2019,11,2019M11,132.0,42.59,47.07,34.6,3252.0,543.0,6268.0
02,Albacete,2019,12,2019M12,123.0,31.67,38.48,26.31,2830.0,482.0,5430.0
02,Albacete,2020,1,2020M01,119.0,26.45,24.04,19.76,2697.0,426.0,5151.0
02,Albacete,2020,2,2020M02,124.0,39.27,43.54,30.02,2799.0,422.0,5355.0
02,Albacete,2020,3,2020M03,102.0,24.8,15.74,17.36,2226.0,332.0,4245.0
02,Albacete,2020,4,2020M04,0.0,0.0,0.0,0.0,0.0,0.0,0.0
02,Albacete,2020,5,2020M05,21.0,18.03,3.99,10.48,604.0,61.0,1211.0
02,Albacete,2020,6,2020M06,71.0,27.42,14.99,17.65,1615.0,206.0,3119.0
02,Albacete,2020,7,2020M07,117.0,33.67,28.75,25.21,2478.0,361.0,4760.0
02,Albacete,2020,8,2020M08,117.0,33.66,34.56,28.74,2584.0,396.0,4943.0
02,Albacete,2020,9,2020M09,114.0,30.4,29.74,22.98,2581.0,411.0,4932.0
02,Albacete,2020,10,2020M10,111.0,31.04,27.91,22.84,2536.0,361.0,4843.0
02,Albacete,2020,11,2020M11,98.0,24.28,13.45,15.66,2284.0,300.0,4375.0
02,Albacete,2020,12,2020M12,101.0,20.47,14.3,14.15,2301.0,303.0,4403.0
02,Albacete,2021,1,2021M01,77.0,18.18,10.93,12.3,1940.0,224.0,3699.0
02,Albacete,2021,2,2021M02,76.0,24.47,13.38,15.73,1974.0,238.0,3762.0
02,Albacete,2021,3,2021M03,110.0,26.69,20.46,18.72,2514.0,289.0,4782.0
02,Albacete,2021,4,2021M04,111.0,25.67,23.41,18.57,2515.0,307.0,4772.0
02,Albacete,2021,5,2021M05,113.0,31.91,28.94,23.59,2535.0,314.0,4827.0
02,Albacete,2021,6,2021M06,119.0,35.44,40.71,27.34,2769.0,363.0,5269.0
02,Albacete,2021,7,2021M07,126.0,37.51,38.3,30.44,3050.0,433.0,5833.0
02,Albacete,2021,8,2021M08,127.0,42.05,44.42,35.96,3085.0,466.0,5905.0
02,Albacete,2021,9,2021M09,126.0,41.95,44.13,33.41,3087.0,440.0,5900.0
02,Albacete,2021,10,2021M10,124.0,42.87,44.52,34.6,3109.0,426.0,6005.0
02,Albacete,2021,11,2021M11,119.0,38.83,36.74,28.34,2944.0,376.0,5679.0
02,Albacete,2021,12,2021M12,114.0,32.42,29.75,25.41,2682.0,357.0,5146.0
02,Albacete,2022,1,2022M01,115.0,25.74,21.99,18.4,2590.0,303.0,4948.0
02,Albacete,2022,2,2022M02,124.0,37.69,35.51,27.61,2715.0,309.0,5208.0
02,Albacete,2022,3,2022M03,133.0,33.74,37.0,25.9,3137.0,373.0,6057.0
02,Albacete,2022,4,2022M04,136.0,42.06,46.02,35.1,3264.0,436.0,6303.0
02,Albacete,2022,5,2022M05,136.0,43.78,43.12,34.61,3296.0,463.0,6371.0
02,Albacete,2022,6,2022M06,138.0,42.51,47.28,33.92,3364.0,470.0,6506.0
02,Albacete,2022,7,2022M07,140.0,39.12,38.34,31.73,3377.0,486.0,6535.0
02,Albacete,2022,8,2022M08,145.0,44.64,45.0,38.63,3467.0,524.0,6716.0
02,Albacete,2022,9,2022M09,129.0,51.07,49.35,41.31,3268.0,493.0,6337.0
02,Albacete,2022,10,2022M10,129.0,47.19,47.09,37.76,3260.0,461.0,6337.0
02,Albacete,2022,11,2022M11,134.0,45.54,40.39,34.39,3239.0,408.0,6254.0
02,Albacete,2022,12,2022M12,126.0,33.36,32.09,26.18,2873.0,361.0,5555.0
02,Albacete,2023,1,2023M01,123.0,30.94,26.33,22.25,2742.0,328.0,5296.0
02,Albacete,2023,2,2023M02,125.0,39.68,36.19,28.17,2785.0,333.0,5381.0
02,Albacete,2023,3,2023M03,131.0,39.81,40.45,30.2,2973.0,352.0,5792.0
02,Albacete,2023,4,2023M04,139.0,45.22,50.79,37.93,3306.0,460.0,6436.0
02,Albacete,2023,5,2023M05,139.0,44.08,41.52,34.44,3324.0,482.0,6475.0
02,Albacete,2023,6,2023M06,139.0,47.34,45.22,37.36,3371.0,480.0,6570.0
02,Albacete,2023,7,2023M07,140.0,43.34,40.22,34.14,3343.0,503.0,6543.0
02,Albacete,2023,8,2023M08,138.0,46.34,45.61,39.16,3330.0,529.0,6501.0
02,Albacete,2023,9,2023M09,125.0,50.78,49.5,41.46,3230.0,499.0,6307.0
02,Albacete,2023,10,2023M10,132.0,49.67,49.7,38.88,3257.0,483.0,6351.0
02,Albacete,2023,11,2023M11,134.0,47.7,48.4,36.2,3213.0,467.0,6240.0
02,Albacete,2023,12,2023M12,124.0,33.68,33.26,26.32,2896.0,432.0,5599.0
02,Albacete,2024,1,2024M01,126.0,29.83,21.75,20.64,2782.0,354.0,5336.0
02,Albacete,2024,2,2024M02,126.0,42.53,41.77,32.83,2831.0,371.0,5439.0
02,Albacete,2024,3,2024M03,133.0,37.31,41.4,30.56,3086.0,413.0,5987.0
02,Albacete,2024,4,2024M04,140.0,45.2,46.68,36.17,3323.0,446.0,6460.0
02,Albacete,2024,5,2024M05,137.0,47.12,47.67,37.55,3324.0,459.0,6460.0
02,Albacete,2024,6,2024M06,139.0,47.9,51.57,38.18,3385.0,489.0,6590.0
02,Albacete,2024,7,2024M07,141.0,53.82,58.29,46.12,3395.0,513.0,6622.0
02,Albacete,2024,8,2024M08,139.0,44.68,45.82,39.56,3341.0,528.0,6515.0
02,Albacete,2024,9,2024M09,120.0,50.31,52.29,40.87,3160.0,488.0,6162.0
02,Albacete,2024,10,2024M10,126.0,62.36,66.68,52.71,3288.0,490.0,6407.0
02,Albacete,2024,11,2024M11,139.0,43.08,38.9,33.52,3427.0,470.0,6636.0
02,Albacete,2024,12,2024M12,127.0,29.77,30.15,24.11,3067.0,455.0,5950.0
02,Albacete,2025,1,2025M01,103.0,28.9,25.71,21.48,2559.0,394.0,4999.0
02,Albacete,2025,2,2025M02,112.0,37.17,43.74,28.68,2750.0,391.0,5360.0
02,Albacete,2025,3,2025M03,114.0,37.19,39.34,29.27,2965.0,444.0,5822.0
02,Albacete,2025,4,2025M04,123.0,45.67,49.61,37.89,3161.0,508.0,6221.0
02,Albacete,2025,5,2025M05,139.0,48.88,46.6,39.67,3536.0,581.0,6914.0
02,Albacete,2025,6,2025M06,138.0,62.14,69.03,52.23,3554.0,535.0,6950.0
02,Albacete,2025,7,2025M07,135.0,39.82,42.57,32.38,3447.0,553.0,6794.0
02,Albacete,2025,8,2025M08,134.0,46.31,44.23,39.29,3432.0,509.0,6741.0
02,Albacete,2025,9,2025M09,133.0,67.87,69.21,58.77,3403.0,552.0,6668.0
02,Albacete,2025,10,2025M10,136.0,51.47,50.12,40.97,3374.0,525.0,6619.0
02,Albacete,2025,11,2025M11,133.0,44.85,43.26,34.98,3324.0,488.0,6483.0
02,Albacete,2025,12,2025M12,123.0,34.08,33.36,26.24,3019.0,471.0,5876.0
03,Alicante/Alacant,2015,1,2015M01,360.0,48.9,50.12,45.34,29183.0,6572.0,56970.0
03,Alicante/Alacant,2015,2,2015M02,380.0,53.94,63.08,50.03,30376.0,6795.0,59362.0
03,Alicante/Alacant,2015,3,2015M03,410.0,59.02,61.57,56.0,33639.0,7608.0,65822.0
03,Alicante/Alacant,2015,4,2015M04,452.0,68.07,76.27,66.96,35918.0,8498.0,70339.0
03,Alicante/Alacant,2015,5,2015M05,452.0,68.63,76.98,66.54,36227.0,8689.0,70989.0
03,Alicante/Alacant,2015,6,2015M06,476.0,75.21,84.0,74.08,36780.0,9289.0,72121.0
03,Alicante/Alacant,2015,7,2015M07,484.0,78.12,85.5,80.71,37016.0,9948.0,72711.0
03,Alicante/Alacant,2015,8,2015M08,471.0,84.63,88.91,88.65,36839.0,10167.0,72399.0
03,Alicante/Alacant,2015,9,2015M09,480.0,78.45,82.53,76.84,36894.0,9633.0,72462.0
03,Alicante/Alacant,2015,10,2015M10,451.0,70.39,71.56,66.94,35616.0,8866.0,69939.0
03,Alicante/Alacant,2015,11,2015M11,394.0,54.81,58.33,49.92,30513.0,7025.0,59921.0
03,Alicante/Alacant,2015,12,2015M12,376.0,51.65,53.2,48.4,29762.0,6935.0,58538.0
03,Alicante/Alacant,2016,1,2016M01,352.0,58.03,58.46,53.35,28008.0,6562.0,55149.0
03,Alicante/Alacant,2016,2,2016M02,363.0,61.54,67.22,56.75,29706.0,6858.0,58651.0
03,Alicante/Alacant,2016,3,2016M03,417.0,67.55,72.08,64.33,33641.0,8011.0,66285.0
03,Alicante/Alacant,2016,4,2016M04,444.0,70.53,71.13,65.36,35171.0,8581.0,69286.0
03,Alicante/Alacant,2016,5,2016M05,457.0,74.25,75.43,68.21,36109.0,9053.0,71106.0
03,Alicante/Alacant,2016,6,2016M06,473.0,76.46,81.19,73.16,36818.0,9678.0,72458.0
03,Alicante/Alacant,2016,7,2016M07,479.0,82.99,86.85,84.08,37289.0,10579.0,73425.0
03,Alicante/Alacant,2016,8,2016M08,475.0,85.01,89.9,87.18,37209.0,10820.0,73257.0
03,Alicante/Alacant,2016,9,2016M09,474.0,82.83,83.43,79.67,37370.0,10494.0,73584.0
03,Alicante/Alacant,2016,10,2016M10,447.0,76.18,77.04,72.28,36079.0,9512.0,71063.0
03,Alicante/Alacant,2016,11,2016M11,395.0,64.44,65.72,59.38,32845.0,8228.0,64649.0
03,Alicante/Alacant,2016,12,2016M12,370.0,52.14,56.55,48.94,30475.0,7565.0,60111.0
03,Alicante/Alacant,2017,1,2017M01,365.0,55.81,54.04,50.34,29889.0,7403.0,58966.0
03,Alicante/Alacant,2017,2,2017M02,386.0,59.26,61.93,54.18,31341.0,7756.0,61799.0
03,Alicante/Alacant,2017,3,2017M03,439.0,64.41,67.18,59.18,34755.0,8716.0,68470.0
03,Alicante/Alacant,2017,4,2017M04,458.0,73.97,78.86,71.5,36162.0,9650.0,71381.0
03,Alicante/Alacant,2017,5,2017M05,465.0,73.95,77.46,69.3,36464.0,9949.0,71961.0
03,Alicante/Alacant,2017,6,2017M06,470.0,80.12,84.1,76.84,36960.0,10384.0,72992.0
03,Alicante/Alacant,2017,7,2017M07,492.0,82.93,87.54,82.44,37545.0,11017.0,74318.0
03,Alicante/Alacant,2017,8,2017M08,494.0,85.28,87.82,85.24,37590.0,11170.0,74407.0
03,Alicante/Alacant,2017,9,2017M09,490.0,84.04,82.25,79.76,37545.0,10587.0,74330.0
03,Alicante/Alacant,2017,10,2017M10,469.0,76.14,77.0,70.93,36315.0,9962.0,71815.0
03,Alicante/Alacant,2017,11,2017M11,404.0,64.31,66.71,59.21,32481.0,8459.0,64310.0
03,Alicante/Alacant,2017,12,2017M12,384.0,55.39,58.91,51.94,30934.0,7836.0,61310.0
03,Alicante/Alacant,2018,1,2018M01,354.0,55.45,54.41,50.19,28884.0,7408.0,57647.0
03,Alicante/Alacant,2018,2,2018M02,377.0,59.78,61.39,54.71,30107.0,7879.0,60056.0
03,Alicante/Alacant,2018,3,2018M03,446.0,65.14,69.11,60.11,34917.0,8900.0,70089.0
03,Alicante/Alacant,2018,4,2018M04,473.0,71.52,73.36,67.05,36165.0,9384.0,72437.0
03,Alicante/Alacant,2018,5,2018M05,482.0,72.29,74.45,67.1,37028.0,9748.0,74148.0
03,Alicante/Alacant,2018,6,2018M06,488.0,77.74,79.75,72.9,37309.0,10464.0,74900.0
03,Alicante/Alacant,2018,7,2018M07,508.0,80.32,84.49,78.47,37645.0,11049.0,75613.0
03,Alicante/Alacant,2018,8,2018M08,504.0,83.68,82.94,81.9,38079.0,11260.0,76564.0
03,Alicante/Alacant,2018,9,2018M09,498.0,81.77,79.15,76.35,37991.0,10657.0,76172.0
03,Alicante/Alacant,2018,10,2018M10,463.0,74.9,76.81,69.07,37319.0,10078.0,74850.0
03,Alicante/Alacant,2018,11,2018M11,411.0,64.73,63.52,57.94,33779.0,8583.0,68562.0
03,Alicante/Alacant,2018,12,2018M12,393.0,54.26,57.36,49.03,32545.0,8397.0,66219.0
03,Alicante/Alacant,2019,1,2019M01,362.0,56.62,53.24,49.4,30139.0,7401.0,61538.0
03,Alicante/Alacant,2019,2,2019M02,392.0,62.4,64.04,55.24,31563.0,7976.0,64354.0
03,Alicante/Alacant,2019,3,2019M03,442.0,66.18,66.42,59.36,34279.0,8804.0,69822.0
03,Alicante/Alacant,2019,4,2019M04,487.0,70.1,71.98,65.65,36138.0,9677.0,73349.0
03,Alicante/Alacant,2019,5,2019M05,490.0,72.1,72.83,65.48,36466.0,10129.0,74051.0
03,Alicante/Alacant,2019,6,2019M06,507.0,76.14,79.33,70.58,37628.0,10866.0,76988.0
03,Alicante/Alacant,2019,7,2019M07,517.0,80.09,83.12,76.62,38336.0,11563.0,78549.0
03,Alicante/Alacant,2019,8,2019M08,516.0,86.17,84.01,82.34,38346.0,11666.0,78543.0
03,Alicante/Alacant,2019,9,2019M09,502.0,78.89,75.96,72.33,38136.0,10982.0,78148.0
03,Alicante/Alacant,2019,10,2019M10,494.0,72.57,74.47,64.57,37471.0,10285.0,77046.0
03,Alicante/Alacant,2019,11,2019M11,454.0,64.83,61.27,56.47,33937.0,9077.0,69653.0
03,Alicante/Alacant,2019,12,2019M12,405.0,53.56,56.15,47.2,31357.0,8255.0,64071.0
03,Alicante/Alacant,2020,1,2020M01,400.0,52.05,50.86,44.55,29111.0,7680.0,59611.0
03,Alicante/Alacant,2020,2,2020M02,415.0,61.06,61.8,52.3,31411.0,8173.0,64949.0
03,Alicante/Alacant,2020,3,2020M03,328.0,38.41,35.06,32.82,25207.0,6668.0,51846.0
03,Alicante/Alacant,2020,4,2020M04,0.0,0.0,0.0,0.0,0.0,0.0,0.0
03,Alicante/Alacant,2020,5,2020M05,34.0,11.01,3.85,7.03,1180.0,95.0,2319.0
03,Alicante/Alacant,2020,6,2020M06,159.0,24.25,21.75,18.36,4904.0,970.0,10066.0
03,Alicante/Alacant,2020,7,2020M07,403.0,37.95,45.76,35.54,23222.0,5437.0,48431.0
03,Alicante/Alacant,2020,8,2020M08,432.0,53.42,57.38,52.16,25633.0,6364.0,53487.0
03,Alicante/Alacant,2020,9,2020M09,398.0,31.77,39.46,27.88,22405.0,5354.0,46196.0
03,Alicante/Alacant,2020,10,2020M10,343.0,31.35,34.4,26.56,16955.0,3474.0,34681.0
03,Alicante/Alacant,2020,11,2020M11,295.0,18.54,17.45,13.75,12907.0,2497.0,26323.0
03,Alicante/Alacant,2020,12,2020M12,268.0,24.44,21.93,19.51,10457.0,1949.0,21182.0
03,Alicante/Alacant,2021,1,2021M01,212.0,21.09,17.27,15.15,8069.0,1357.0,16192.0
03,Alicante/Alacant,2021,2,2021M02,195.0,20.45,12.5,13.62,7084.0,1162.0,14343.0
03,Alicante/Alacant,2021,3,2021M03,246.0,25.9,28.05,19.76,9117.0,1833.0,18633.0
03,Alicante/Alacant,2021,4,2021M04,270.0,29.13,31.23,23.31,11208.0,2345.0,22985.0
03,Alicante/Alacant,2021,5,2021M05,333.0,34.9,45.01,30.01,17070.0,3709.0,35155.0
03,Alicante/Alacant,2021,6,2021M06,441.0,48.15,59.17,44.24,27324.0,6505.0,56885.0
03,Alicante/Alacant,2021,7,2021M07,497.0,62.75,66.4,61.2,32888.0,8709.0,68405.0
03,Alicante/Alacant,2021,8,2021M08,503.0,77.61,80.45,75.34,34214.0,9495.0,70973.0
03,Alicante/Alacant,2021,9,2021M09,479.0,61.88,66.33,55.32,33836.0,9055.0,70215.0
03,Alicante/Alacant,2021,10,2021M10,459.0,60.68,60.43,53.64,33505.0,8420.0,69286.0
03,Alicante/Alacant,2021,11,2021M11,405.0,44.3,45.31,37.19,29066.0,7283.0,60029.0
03,Alicante/Alacant,2021,12,2021M12,366.0,34.77,36.69,29.9,26606.0,6304.0,55037.0
03,Alicante/Alacant,2022,1,2022M01,317.0,34.11,31.35,27.02,20705.0,4729.0,44115.0
03,Alicante/Alacant,2022,2,2022M02,355.0,49.71,53.44,41.64,23905.0,5749.0,50706.0
03,Alicante/Alacant,2022,3,2022M03,419.0,54.1,54.15,45.77,31627.0,7640.0,66687.0
03,Alicante/Alacant,2022,4,2022M04,480.0,66.21,67.54,59.76,35941.0,9381.0,75166.0
03,Alicante/Alacant,2022,5,2022M05,499.0,70.31,73.4,61.79,36603.0,10060.0,76526.0
03,Alicante/Alacant,2022,6,2022M06,517.0,73.51,76.22,66.49,37803.0,10899.0,79055.0
03,Alicante/Alacant,2022,7,2022M07,527.0,79.09,78.42,74.02,38496.0,11604.0,80416.0
03,Alicante/Alacant,2022,8,2022M08,541.0,85.61,82.2,80.3,38753.0,11850.0,81475.0
03,Alicante/Alacant,2022,9,2022M09,505.0,75.87,72.83,67.11,38316.0,11130.0,80623.0
03,Alicante/Alacant,2022,10,2022M10,479.0,69.82,67.58,60.72,36655.0,10174.0,77238.0
03,Alicante/Alacant,2022,11,2022M11,444.0,62.17,62.74,52.9,33945.0,9392.0,71432.0
03,Alicante/Alacant,2022,12,2022M12,392.0,52.31,53.25,45.47,30813.0,8404.0,64794.0
03,Alicante/Alacant,2023,1,2023M01,375.0,49.82,46.39,40.69,27851.0,7086.0,58736.0
03,Alicante/Alacant,2023,2,2023M02,398.0,56.71,57.97,47.55,29842.0,7376.0,62834.0
03,Alicante/Alacant,2023,3,2023M03,444.0,62.31,62.77,53.3,34565.0,8993.0,72543.0
03,Alicante/Alacant,2023,4,2023M04,504.0,71.56,72.81,64.02,37257.0,10097.0,78367.0
03,Alicante/Alacant,2023,5,2023M05,512.0,71.11,72.06,61.89,37772.0,10374.0,79444.0
03,Alicante/Alacant,2023,6,2023M06,514.0,76.04,75.51,67.95,38156.0,11297.0,80292.0
03,Alicante/Alacant,2023,7,2023M07,526.0,79.72,80.11,73.74,38358.0,11730.0,80700.0
03,Alicante/Alacant,2023,8,2023M08,535.0,84.53,82.3,79.5,38458.0,11922.0,80907.0
03,Alicante/Alacant,2023,9,2023M09,509.0,78.75,73.48,68.77,37944.0,11168.0,79917.0
03,Alicante/Alacant,2023,10,2023M10,489.0,73.59,71.15,63.67,37312.0,10344.0,78506.0
03,Alicante/Alacant,2023,11,2023M11,442.0,59.35,60.96,50.78,34243.0,9387.0,71791.0
03,Alicante/Alacant,2023,12,2023M12,395.0,53.89,56.11,47.37,31375.0,8707.0,65978.0
03,Alicante/Alacant,2024,1,2024M01,397.0,53.33,49.34,44.79,29683.0,7499.0,62258.0
03,Alicante/Alacant,2024,2,2024M02,420.0,64.77,64.79,54.6,30864.0,7962.0,64592.0
03,Alicante/Alacant,2024,3,2024M03,505.0,67.82,67.83,59.59,36090.0,9885.0,75365.0
03,Alicante/Alacant,2024,4,2024M04,537.0,71.45,70.6,62.98,37807.0,10446.0,79052.0
03,Alicante/Alacant,2024,5,2024M05,547.0,77.77,76.08,68.66,38341.0,10910.0,80257.0
03,Alicante/Alacant,2024,6,2024M06,537.0,80.04,78.5,71.95,38529.0,11527.0,80693.0
03,Alicante/Alacant,2024,7,2024M07,530.0,81.78,79.75,74.89,38527.0,11881.0,81869.0
03,Alicante/Alacant,2024,8,2024M08,563.0,85.26,79.3,79.35,39096.0,12126.0,83158.0
03,Alicante/Alacant,2024,9,2024M09,550.0,81.45,76.13,70.88,39079.0,11456.0,83053.0
03,Alicante/Alacant,2024,10,2024M10,527.0,76.37,71.38,65.27,38168.0,10584.0,81263.0
03,Alicante/Alacant,2024,11,2024M11,464.0,64.24,60.63,54.65,34883.0,9609.0,73944.0
03,Alicante/Alacant,2024,12,2024M12,418.0,54.1,53.43,46.6,32846.0,9239.0,70021.0
03,Alicante/Alacant,2025,1,2025M01,433.0,53.34,48.87,44.37,29774.0,7716.0,63496.0
03,Alicante/Alacant,2025,2,2025M02,452.0,63.07,62.31,53.5,30644.0,8010.0,65260.0
03,Alicante/Alacant,2025,3,2025M03,541.0,66.18,62.84,56.53,36707.0,9740.0,77789.0
03,Alicante/Alacant,2025,4,2025M04,560.0,70.45,70.17,61.93,38487.0,10640.0,81984.0
03,Alicante/Alacant,2025,5,2025M05,572.0,75.46,73.51,65.43,39145.0,10936.0,83787.0
03,Alicante/Alacant,2025,6,2025M06,586.0,79.81,79.94,71.09,39523.0,11796.0,84489.0
03,Alicante/Alacant,2025,7,2025M07,607.0,80.94,81.09,75.51,40244.0,12198.0,86001.0
03,Alicante/Alacant,2025,8,2025M08,611.0,85.13,80.56,79.87,40349.0,12435.0,86227.0
03,Alicante/Alacant,2025,9,2025M09,612.0,81.1,78.28,71.42,40364.0,11816.0,86246.0
03,Alicante/Alacant,2025,10,2025M10,581.0,74.64,71.56,64.62,39769.0,11015.0,84547.0
03,Alicante/Alacant,2025,11,2025M11,510.0,67.21,66.12,56.86,35208.0,9502.0,74532.0
03,Alicante/Alacant,2025,12,2025M12,489.0,54.16,52.65,46.42,32608.0,8826.0,69527.0
04,Almería,2015,1,2015M01,156.0,28.73,21.08,18.89,6776.0,1354.0,17026.0
04,Almería,2015,2,2015M02,165.0,42.77,37.65,30.19,8361.0,1627.0,20965.0
04,Almería,2015,3,2015M03,178.0,50.64,39.51,36.55,9652.0,2013.0,24718.0
04,Almería,2015,4,2015M04,198.0,48.69,45.23,37.05,10934.0,2307.0,28087.0
04,Almería,2015,5,2015M05,202.0,39.19,39.19,29.45,11820.0,2553.0,30652.0
04,Almería,2015,6,2015M06,231.0,52.54,58.34,44.1,15389.0,4072.0,41588.0
04,Almería,2015,7,2015M07,240.0,73.52,69.85,67.29,15917.0,4845.0,42693.0
04,Almería,2015,8,2015M08,232.0,81.97,73.69,74.02,15839.0,4990.0,42611.0
04,Almería,2015,9,2015M09,228.0,64.43,57.49,52.13,15210.0,4063.0,40700.0
04,Almería,2015,10,2015M10,185.0,42.52,37.75,31.23,10030.0,2249.0,25214.0
04,Almería,2015,11,2015M11,155.0,36.11,29.66,23.76,6300.0,1479.0,15711.0
04,Almería,2015,12,2015M12,148.0,35.63,28.98,25.02,6127.0,1550.0,15829.0
04,Almería,2016,1,2016M01,149.0,40.61,34.32,27.2,6393.0,1539.0,16279.0
04,Almería,2016,2,2016M02,152.0,52.36,45.53,36.44,8765.0,1998.0,22259.0
04,Almería,2016,3,2016M03,174.0,59.14,49.63,44.48,10359.0,2428.0,26424.0
04,Almería,2016,4,2016M04,196.0,54.5,41.09,36.92,11177.0,2515.0,28201.0
04,Almería,2016,5,2016M05,211.0,54.44,44.04,40.51,13624.0,3205.0,35362.0
04,Almería,2016,6,2016M06,230.0,59.87,56.41,48.48,15525.0,4504.0,41251.0
04,Almería,2016,7,2016M07,241.0,78.56,73.56,71.21,15980.0,5224.0,42168.0
04,Almería,2016,8,2016M08,241.0,82.79,77.11,75.45,15974.0,5260.0,42157.0
04,Almería,2016,9,2016M09,237.0,71.6,61.81,57.93,15550.0,4539.0,41033.0
04,Almería,2016,10,2016M10,192.0,55.18,45.14,41.96,11015.0,2712.0,27474.0
04,Almería,2016,11,2016M11,161.0,40.66,32.59,27.7,6804.0,1590.0,17027.0
04,Almería,2016,12,2016M12,158.0,32.96,25.46,23.07,6418.0,1436.0,16352.0
04,Almería,2017,1,2017M01,159.0,36.49,28.13,24.02,6315.0,1480.0,15916.0
04,Almería,2017,2,2017M02,169.0,48.01,39.37,33.13,8046.0,1885.0,20288.0
04,Almería,2017,3,2017M03,173.0,57.74,47.16,42.01,9721.0,2241.0,23960.0
04,Almería,2017,4,2017M04,211.0,57.7,54.03,46.67,12069.0,2987.0,29536.0
04,Almería,2017,5,2017M05,226.0,47.47,42.14,36.18,13570.0,3388.0,34937.0
04,Almería,2017,6,2017M06,242.0,64.02,65.27,54.28,15517.0,4757.0,40576.0
04,Almería,2017,7,2017M07,249.0,76.97,72.16,70.1,15921.0,5485.0,42513.0
04,Almería,2017,8,2017M08,252.0,83.1,76.53,75.31,15993.0,5460.0,42753.0
04,Almería,2017,9,2017M09,246.0,72.77,60.38,58.99,15447.0,4774.0,41281.0
04,Almería,2017,10,2017M10,196.0,56.57,50.37,42.64,10968.0,2899.0,28245.0
04,Almería,2017,11,2017M11,167.0,44.0,33.32,29.33,6705.0,1537.0,16732.0
04,Almería,2017,12,2017M12,179.0,34.65,25.52,25.14,6756.0,1568.0,16846.0
04,Almería,2018,1,2018M01,155.0,33.4,22.18,21.98,6244.0,1308.0,15789.0
04,Almería,2018,2,2018M02,159.0,46.93,34.8,32.41,7729.0,1769.0,19465.0
04,Almería,2018,3,2018M03,185.0,59.48,46.42,44.32,9777.0,2206.0,24381.0
04,Almería,2018,4,2018M04,211.0,59.92,50.57,45.34,11127.0,2626.0,27827.0
04,Almería,2018,5,2018M05,224.0,51.02,42.82,38.02,14126.0,3534.0,37308.0
04,Almería,2018,6,2018M06,240.0,61.59,60.51,50.95,15890.0,4605.0,42697.0
04,Almería,2018,7,2018M07,249.0,75.07,71.49,67.31,16288.0,5229.0,43774.0
04,Almería,2018,8,2018M08,249.0,83.57,75.9,73.72,16292.0,5396.0,43784.0
04,Almería,2018,9,2018M09,232.0,71.81,62.68,57.39,15673.0,4655.0,42091.0
04,Almería,2018,10,2018M10,202.0,57.55,57.37,43.48,11258.0,2997.0,28456.0
04,Almería,2018,11,2018M11,163.0,45.76,36.19,30.81,6846.0,1597.0,17338.0
04,Almería,2018,12,2018M12,175.0,33.85,29.34,24.17,6677.0,1454.0,16767.0
04,Almería,2019,1,2019M01,150.0,33.88,22.0,22.04,6193.0,1342.0,15739.0
04,Almería,2019,2,2019M02,160.0,42.25,30.29,29.57,8236.0,1870.0,21016.0
04,Almería,2019,3,2019M03,173.0,50.58,45.97,38.72,9873.0,2212.0,25052.0
04,Almería,2019,4,2019M04,198.0,56.78,50.54,44.2,11337.0,2772.0,28801.0
04,Almería,2019,5,2019M05,208.0,50.7,47.82,37.27,13599.0,3465.0,36121.0
04,Almería,2019,6,2019M06,236.0,61.4,63.06,51.37,15760.0,4698.0,42551.0
04,Almería,2019,7,2019M07,236.0,75.04,71.65,67.66,16040.0,5378.0,43520.0
04,Almería,2019,8,2019M08,240.0,84.25,72.97,75.55,16087.0,5520.0,43596.0
04,Almería,2019,9,2019M09,223.0,69.88,61.31,55.53,15214.0,4643.0,41310.0
04,Almería,2019,10,2019M10,194.0,48.68,48.13,36.52,10328.0,2653.0,26143.0
04,Almería,2019,11,2019M11,158.0,45.01,36.65,30.15,6576.0,1607.0,16763.0
04,Almería,2019,12,2019M12,162.0,35.68,36.14,25.0,6429.0,1504.0,16424.0
04,Almería,2020,1,2020M01,142.0,36.89,25.51,24.35,5714.0,1274.0,14163.0
04,Almería,2020,2,2020M02,149.0,51.29,47.2,34.51,7417.0,1896.0,19161.0
04,Almería,2020,3,2020M03,124.0,34.28,33.16,23.92,6100.0,1345.0,15134.0
04,Almería,2020,4,2020M04,0.0,0.0,0.0,0.0,0.0,0.0,0.0
04,Almería,2020,5,2020M05,16.0,13.29,4.03,8.72,533.0,61.0,1044.0
04,Almería,2020,6,2020M06,107.0,27.34,27.86,22.42,3619.0,640.0,8074.0
04,Almería,2020,7,2020M07,196.0,39.82,36.97,32.93,11345.0,2434.0,29975.0
04,Almería,2020,8,2020M08,210.0,48.19,44.26,41.15,12851.0,2814.0,34097.0
04,Almería,2020,9,2020M09,190.0,34.74,34.4,27.42,10628.0,2164.0,27113.0
04,Almería,2020,10,2020M10,152.0,28.6,25.43,20.21,5573.0,1020.0,12895.0
04,Almería,2020,11,2020M11,118.0,21.01,8.07,13.18,3591.0,572.0,7608.0
04,Almería,2020,12,2020M12,103.0,18.95,11.39,12.49,3036.0,498.0,6470.0
04,Almería,2021,1,2021M01,84.0,18.6,11.09,11.92,3122.0,502.0,6562.0
04,Almería,2021,2,2021M02,83.0,21.18,11.32,13.35,2874.0,447.0,6048.0
04,Almería,2021,3,2021M03,94.0,22.52,17.84,14.69,3195.0,504.0,6689.0
04,Almería,2021,4,2021M04,107.0,25.12,16.44,16.51,3426.0,571.0,7159.0
04,Almería,2021,5,2021M05,128.0,31.19,35.07,22.6,4970.0,942.0,11169.0
04,Almería,2021,6,2021M06,178.0,44.59,48.66,36.59,10884.0,2526.0,28382.0
04,Almería,2021,7,2021M07,200.0,63.2,59.46,56.01,14665.0,4249.0,39595.0
04,Almería,2021,8,2021M08,203.0,77.52,68.5,66.44,15101.0,4597.0,40919.0
04,Almería,2021,9,2021M09,191.0,61.71,55.92,47.32,14094.0,3718.0,38177.0
04,Almería,2021,10,2021M10,160.0,49.29,43.91,36.94,8552.0,2032.0,21925.0
04,Almería,2021,11,2021M11,116.0,44.32,34.6,30.3,4545.0,1091.0,10303.0
04,Almería,2021,12,2021M12,116.0,37.4,29.17,27.0,4410.0,993.0,10161.0
04,Almería,2022,1,2022M01,131.0,32.3,23.12,21.64,4387.0,954.0,9808.0
04,Almería,2022,2,2022M02,142.0,41.86,34.84,29.56,5300.0,1167.0,12210.0
04,Almería,2022,3,2022M03,158.0,47.8,40.03,35.28,6750.0,1574.0,15347.0
04,Almería,2022,4,2022M04,183.0,52.86,46.08,41.73,8744.0,2061.0,20850.0
04,Almería,2022,5,2022M05,193.0,50.72,48.36,37.19,12256.0,2956.0,32021.0
04,Almería,2022,6,2022M06,218.0,58.3,59.49,46.0,15291.0,4571.0,41190.0
04,Almería,2022,7,2022M07,228.0,73.42,66.97,64.25,15886.0,5505.0,42666.0
04,Almería,2022,8,2022M08,226.0,82.46,73.79,71.45,16175.0,5854.0,43282.0
04,Almería,2022,9,2022M09,209.0,66.4,60.28,51.66,15391.0,4945.0,41173.0
04,Almería,2022,10,2022M10,174.0,50.86,45.25,37.18,10176.0,2732.0,25580.0
04,Almería,2022,11,2022M11,144.0,46.26,38.76,31.22,5927.0,1415.0,13836.0
04,Almería,2022,12,2022M12,153.0,33.33,29.49,24.8,5988.0,1599.0,13888.0
04,Almería,2023,1,2023M01,149.0,35.93,27.21,25.42,5374.0,1147.0,11822.0
04,Almería,2023,2,2023M02,148.0,45.29,39.21,30.92,6743.0,1574.0,16161.0
04,Almería,2023,3,2023M03,174.0,45.97,37.08,32.74,7767.0,1692.0,18310.0
04,Almería,2023,4,2023M04,193.0,52.52,49.06,41.33,9459.0,2320.0,22814.0
04,Almería,2023,5,2023M05,211.0,51.14,50.12,37.98,13360.0,3538.0,33923.0
04,Almería,2023,6,2023M06,227.0,57.85,58.6,46.89,16180.0,5019.0,42784.0
04,Almería,2023,7,2023M07,230.0,72.65,66.59,63.48,16302.0,5760.0,43119.0
04,Almería,2023,8,2023M08,233.0,82.08,73.21,70.68,16343.0,6023.0,43205.0
04,Almería,2023,9,2023M09,226.0,66.38,58.27,52.58,15744.0,5048.0,41452.0
04,Almería,2023,10,2023M10,188.0,54.32,52.32,41.1,10250.0,2790.0,25348.0
04,Almería,2023,11,2023M11,157.0,40.46,33.92,26.83,6005.0,1358.0,14031.0
04,Almería,2023,12,2023M12,160.0,35.23,29.29,26.09,6109.0,1354.0,14302.0
04,Almería,2024,1,2024M01,153.0,34.02,24.3,23.44,5218.0,1078.0,11649.0
04,Almería,2024,2,2024M02,163.0,48.46,37.03,33.93,7636.0,1745.0,17904.0
04,Almería,2024,3,2024M03,190.0,52.47,43.92,38.72,9623.0,2423.0,23505.0
04,Almería,2024,4,2024M04,211.0,53.68,47.43,38.92,11529.0,2953.0,29323.0
04,Almería,2024,5,2024M05,225.0,57.51,53.76,42.14,14144.0,3889.0,37072.0
04,Almería,2024,6,2024M06,231.0,60.64,59.63,49.5,15630.0,4943.0,41957.0
04,Almería,2024,7,2024M07,245.0,70.56,68.38,62.14,16116.0,5776.0,43088.0
04,Almería,2024,8,2024M08,241.0,81.37,69.81,70.89,16180.0,6095.0,43253.0
04,Almería,2024,9,2024M09,229.0,67.72,58.75,52.23,15483.0,5085.0,41147.0
04,Almería,2024,10,2024M10,191.0,55.87,49.18,39.15,10141.0,2764.0,25702.0
04,Almería,2024,11,2024M11,153.0,45.79,34.33,30.39,5762.0,1299.0,13528.0
04,Almería,2024,12,2024M12,156.0,36.02,33.56,27.12,6075.0,1444.0,14216.0
04,Almería,2025,1,2025M01,132.0,38.2,29.41,26.98,4819.0,1080.0,10809.0
04,Almería,2025,2,2025M02,148.0,53.99,46.83,38.82,7089.0,1692.0,17091.0
04,Almería,2025,3,2025M03,160.0,54.6,43.98,38.64,8370.0,2141.0,20516.0
04,Almería,2025,4,2025M04,204.0,58.88,53.54,44.78,11276.0,3134.0,28754.0
04,Almería,2025,5,2025M05,218.0,57.54,52.77,42.0,13944.0,3696.0,37172.0
04,Almería,2025,6,2025M06,232.0,66.69,64.02,54.06,15588.0,5264.0,41999.0
04,Almería,2025,7,2025M07,242.0,73.93,69.71,64.49,16283.0,6108.0,44580.0
04,Almería,2025,8,2025M08,243.0,83.73,70.92,70.36,16203.0,6132.0,44393.0
04,Almería,2025,9,2025M09,228.0,69.5,62.3,52.94,15474.0,5384.0,42321.0
04,Almería,2025,10,2025M10,189.0,52.96,49.77,38.37,10547.0,3007.0,26591.0
04,Almería,2025,11,2025M11,150.0,45.85,37.8,30.5,6126.0,1509.0,14925.0
04,Almería,2025,12,2025M12,140.0,36.72,27.29,26.83,5670.0,1248.0,13495.0
05,Ávila,2015,1,2015M01,93.0,20.44,23.64,17.52,2291.0,544.0,4520.0
05,Ávila,2015,2,2015M02,97.0,24.15,38.91,20.56,2377.0,549.0,4688.0
05,Ávila,2015,3,2015M03,99.0,33.81,42.57,29.17,2428.0,564.0,4792.0
05,Ávila,2015,4,2015M04,105.0,44.04,51.0,39.65,2515.0,587.0,4954.0
05,Ávila,2015,5,2015M05,103.0,37.97,48.59,31.64,2480.0,594.0,4888.0
05,Ávila,2015,6,2015M06,104.0,37.99,50.53,31.61,2496.0,605.0,4921.0
05,Ávila,2015,7,2015M07,106.0,37.57,52.69,34.42,2550.0,624.0,5033.0
05,Ávila,2015,8,2015M08,109.0,48.0,58.52,44.86,2599.0,615.0,5115.0
05,Ávila,2015,9,2015M09,104.0,49.34,56.0,42.2,2510.0,605.0,4941.0
05,Ávila,2015,10,2015M10,102.0,48.66,46.69,43.68,2480.0,587.0,4877.0
05,Ávila,2015,11,2015M11,103.0,31.17,42.55,27.02,2442.0,555.0,4804.0
05,Ávila,2015,12,2015M12,100.0,24.74,27.61,22.57,2379.0,516.0,4682.0
05,Ávila,2016,1,2016M01,89.0,19.27,29.23,16.86,2161.0,477.0,4273.0
05,Ávila,2016,2,2016M02,91.0,25.68,40.56,21.91,2238.0,518.0,4413.0
05,Ávila,2016,3,2016M03,97.0,31.85,41.79,27.92,2323.0,542.0,4579.0
05,Ávila,2016,4,2016M04,96.0,28.48,38.23,24.7,2321.0,529.0,4579.0
05,Ávila,2016,5,2016M05,97.0,34.77,44.99,30.19,2350.0,544.0,4635.0
05,Ávila,2016,6,2016M06,99.0,31.63,42.61,27.47,2361.0,543.0,4658.0
05,Ávila,2016,7,2016M07,102.0,37.57,49.75,34.35,2433.0,567.0,4799.0
05,Ávila,2016,8,2016M08,99.0,46.83,53.43,44.43,2374.0,579.0,4685.0
05,Ávila,2016,9,2016M09,97.0,42.63,52.66,38.47,2308.0,539.0,4552.0
05,Ávila,2016,10,2016M10,100.0,55.14,52.47,50.83,2403.0,566.0,4736.0
05,Ávila,2016,11,2016M11,99.0,28.59,39.34,25.79,2368.0,557.0,4674.0
05,Ávila,2016,12,2016M12,95.0,26.49,30.62,25.31,2297.0,556.0,4542.0
05,Ávila,2017,1,2017M01,88.0,22.16,30.1,19.83,2159.0,499.0,4278.0
05,Ávila,2017,2,2017M02,96.0,29.08,44.07,26.69,2289.0,526.0,4513.0
05,Ávila,2017,3,2017M03,101.0,30.98,49.11,28.08,2384.0,532.0,4709.0
05,Ávila,2017,4,2017M04,102.0,41.06,55.96,38.68,2389.0,575.0,4722.0
05,Ávila,2017,5,2017M05,103.0,34.58,41.73,30.61,2379.0,575.0,4700.0
05,Ávila,2017,6,2017M06,105.0,37.76,48.69,33.99,2447.0,593.0,4826.0
05,Ávila,2017,7,2017M07,109.0,40.22,56.04,37.72,2512.0,610.0,4972.0
05,Ávila,2017,8,2017M08,108.0,51.03,58.61,49.27,2491.0,647.0,4927.0
05,Ávila,2017,9,2017M09,107.0,47.52,55.51,43.96,2463.0,583.0,4873.0
05,Ávila,2017,10,2017M10,104.0,53.19,56.78,49.36,2447.0,594.0,4836.0
05,Ávila,2017,11,2017M11,100.0,31.74,47.91,28.19,2371.0,547.0,4694.0
05,Ávila,2017,12,2017M12,102.0,30.97,35.7,29.51,2392.0,581.0,4737.0
05,Ávila,2018,1,2018M01,91.0,23.9,35.74,21.02,2261.0,535.0,4493.0
05,Ávila,2018,2,2018M02,93.0,28.43,44.52,25.01,2317.0,536.0,4593.0
05,Ávila,2018,3,2018M03,99.0,33.84,43.48,31.28,2400.0,564.0,4755.0
05,Ávila,2018,4,2018M04,97.0,36.29,49.39,32.79,2387.0,573.0,4737.0
05,Ávila,2018,5,2018M05,97.0,36.24,49.06,32.39,2365.0,564.0,4691.0
05,Ávila,2018,6,2018M06,106.0,39.89,51.65,34.94,2547.0,598.0,5046.0
05,Ávila,2018,7,2018M07,102.0,41.06,60.96,37.28,2553.0,600.0,5078.0
05,Ávila,2018,8,2018M08,103.0,49.56,60.16,47.94,2544.0,605.0,5061.0
05,Ávila,2018,9,2018M09,103.0,48.08,55.89,43.53,2548.0,597.0,5069.0
05,Ávila,2018,10,2018M10,103.0,49.89,57.18,45.06,2501.0,601.0,4981.0
05,Ávila,2018,11,2018M11,100.0,33.39,48.81,29.09,2482.0,544.0,4949.0
05,Ávila,2018,12,2018M12,102.0,30.16,44.41,28.62,2489.0,586.0,4958.0
05,Ávila,2019,1,2019M01,99.0,21.56,28.22,18.99,2434.0,556.0,4849.0
05,Ávila,2019,2,2019M02,92.0,30.23,44.34,26.42,2292.0,511.0,4557.0
05,Ávila,2019,3,2019M03,100.0,36.51,52.3,32.89,2417.0,528.0,4797.0
05,Ávila,2019,4,2019M04,103.0,41.75,55.57,38.09,2489.0,580.0,4960.0
05,Ávila,2019,5,2019M05,103.0,38.92,48.05,34.97,2507.0,589.0,4994.0
05,Ávila,2019,6,2019M06,103.0,41.8,52.36,36.69,2494.0,582.0,4942.0
05,Ávila,2019,7,2019M07,106.0,41.43,56.37,37.07,2561.0,635.0,5102.0
05,Ávila,2019,8,2019M08,105.0,50.38,56.35,48.88,2549.0,624.0,5077.0
05,Ávila,2019,9,2019M09,105.0,46.72,58.75,43.21,2536.0,615.0,5052.0
05,Ávila,2019,10,2019M10,100.0,48.51,57.7,42.84,2464.0,601.0,4915.0
05,Ávila,2019,11,2019M11,103.0,34.2,47.85,30.37,2502.0,576.0,4976.0
05,Ávila,2019,12,2019M12,102.0,29.97,44.56,28.62,2470.0,592.0,4913.0
05,Ávila,2020,1,2020M01,93.0,25.3,31.73,22.43,2332.0,533.0,4643.0
05,Ávila,2020,2,2020M02,94.0,35.13,52.13,31.76,2368.0,542.0,4717.0
05,Ávila,2020,3,2020M03,78.0,15.61,20.09,14.42,1774.0,410.0,3526.0
05,Ávila,2020,4,2020M04,0.0,0.0,0.0,0.0,0.0,0.0,0.0
05,Ávila,2020,5,2020M05,,,,,,,
05,Ávila,2020,6,2020M06,,,,,,,
05,Ávila,2020,7,2020M07,87.0,33.58,45.61,29.36,2000.0,377.0,4080.0
05,Ávila,2020,8,2020M08,91.0,41.22,51.09,38.86,2163.0,460.0,4391.0
05,Ávila,2020,9,2020M09,90.0,23.81,35.07,20.46,2175.0,440.0,4408.0
05,Ávila,2020,10,2020M10,87.0,18.2,22.11,15.64,2015.0,361.0,4072.0
05,Ávila,2020,11,2020M11,57.0,14.87,5.79,10.11,1549.0,264.0,3137.0
05,Ávila,2020,12,2020M12,64.0,10.05,15.82,7.83,1546.0,253.0,3134.0
05,Ávila,2021,1,2021M01,52.0,8.07,4.85,5.84,1355.0,208.0,2734.0
05,Ávila,2021,2,2021M02,58.0,13.38,9.8,9.36,1448.0,223.0,2876.0
05,Ávila,2021,3,2021M03,66.0,16.14,13.13,11.51,1555.0,255.0,3099.0
05,Ávila,2021,4,2021M04,75.0,13.86,15.58,10.2,1799.0,303.0,3601.0
05,Ávila,2021,5,2021M05,82.0,21.5,32.19,17.47,1942.0,345.0,3901.0
05,Ávila,2021,6,2021M06,84.0,34.14,45.94,28.53,2061.0,392.0,4198.0
05,Ávila,2021,7,2021M07,94.0,43.13,51.13,37.33,2234.0,445.0,4545.0
05,Ávila,2021,8,2021M08,94.0,58.33,66.44,53.78,2233.0,500.0,4545.0
05,Ávila,2021,9,2021M09,90.0,40.64,55.02,35.59,2243.0,478.0,4549.0
05,Ávila,2021,10,2021M10,91.0,41.21,53.58,37.14,2217.0,460.0,4475.0
05,Ávila,2021,11,2021M11,93.0,28.37,38.58,24.31,2313.0,490.0,4679.0
05,Ávila,2021,12,2021M12,86.0,29.89,32.3,26.87,2138.0,502.0,4339.0
05,Ávila,2022,1,2022M01,82.0,23.72,33.07,19.91,1969.0,423.0,4035.0
05,Ávila,2022,2,2022M02,84.0,33.0,46.89,27.76,1990.0,459.0,4039.0
05,Ávila,2022,3,2022M03,92.0,30.25,39.98,24.49,2216.0,487.0,4529.0
05,Ávila,2022,4,2022M04,98.0,41.68,50.92,36.95,2316.0,534.0,4740.0
05,Ávila,2022,5,2022M05,103.0,38.92,48.18,32.93,2476.0,559.0,5051.0
05,Ávila,2022,6,2022M06,102.0,38.6,51.34,31.95,2460.0,571.0,5019.0
05,Ávila,2022,7,2022M07,103.0,41.06,48.5,35.17,2519.0,591.0,5137.0
05,Ávila,2022,8,2022M08,106.0,49.85,56.18,44.84,2541.0,594.0,5168.0
05,Ávila,2022,9,2022M09,96.0,45.33,56.78,39.0,2349.0,549.0,4769.0
05,Ávila,2022,10,2022M10,97.0,44.99,55.51,38.11,2356.0,530.0,4789.0
05,Ávila,2022,11,2022M11,94.0,34.61,46.86,28.3,2288.0,490.0,4667.0
05,Ávila,2022,12,2022M12,89.0,31.71,33.87,28.18,2139.0,506.0,4349.0
05,Ávila,2023,1,2023M01,85.0,26.38,31.06,21.9,2065.0,464.0,4209.0
05,Ávila,2023,2,2023M02,89.0,38.72,47.68,32.82,2187.0,478.0,4482.0
05,Ávila,2023,3,2023M03,89.0,38.94,51.64,32.67,2197.0,485.0,4493.0
05,Ávila,2023,4,2023M04,99.0,49.01,56.93,43.07,2422.0,523.0,4945.0
05,Ávila,2023,5,2023M05,99.0,41.58,51.57,34.85,2411.0,538.0,4893.0
05,Ávila,2023,6,2023M06,102.0,41.92,50.32,34.72,2476.0,540.0,5024.0
05,Ávila,2023,7,2023M07,102.0,44.17,54.15,37.19,2503.0,625.0,5101.0
05,Ávila,2023,8,2023M08,100.0,55.87,62.13,52.08,2468.0,620.0,5040.0
05,Ávila,2023,9,2023M09,102.0,46.83,56.24,40.43,2463.0,603.0,5013.0
05,Ávila,2023,10,2023M10,99.0,45.61,58.51,38.21,2407.0,590.0,4912.0
05,Ávila,2023,11,2023M11,98.0,39.06,51.65,32.29,2322.0,546.0,4722.0
05,Ávila,2023,12,2023M12,95.0,33.63,34.86,30.85,2286.0,561.0,4657.0
05,Ávila,2024,1,2024M01,91.0,29.21,36.54,24.54,2075.0,495.0,4257.0
05,Ávila,2024,2,2024M02,93.0,36.78,51.24,32.09,2129.0,509.0,4342.0
05,Ávila,2024,3,2024M03,102.0,39.4,51.43,34.72,2432.0,581.0,4962.0
05,Ávila,2024,4,2024M04,102.0,40.19,53.0,34.32,2429.0,557.0,4958.0
05,Ávila,2024,5,2024M05,103.0,47.65,56.67,40.68,2442.0,610.0,4979.0
05,Ávila,2024,6,2024M06,102.0,44.79,51.68,38.63,2448.0,610.0,4996.0
05,Ávila,2024,7,2024M07,106.0,43.0,54.14,37.35,2529.0,628.0,5145.0
05,Ávila,2024,8,2024M08,104.0,52.23,53.32,47.94,2474.0,627.0,5040.0
05,Ávila,2024,9,2024M09,98.0,49.37,61.05,42.61,2376.0,581.0,4857.0
05,Ávila,2024,10,2024M10,99.0,47.91,59.48,40.46,2387.0,587.0,4855.0
05,Ávila,2024,11,2024M11,100.0,39.4,48.93,33.56,2417.0,554.0,4923.0
05,Ávila,2024,12,2024M12,92.0,33.26,44.13,30.04,2229.0,530.0,4558.0
05,Ávila,2025,1,2025M01,88.0,25.53,30.89,20.91,2151.0,513.0,4431.0
05,Ávila,2025,2,2025M02,92.0,32.55,46.35,28.08,2280.0,542.0,4672.0
05,Ávila,2025,3,2025M03,93.0,31.89,40.76,27.29,2257.0,540.0,4641.0
05,Ávila,2025,4,2025M04,99.0,42.82,54.64,37.65,2397.0,582.0,4920.0
05,Ávila,2025,5,2025M05,102.0,49.15,52.53,40.91,2443.0,597.0,5010.0
05,Ávila,2025,6,2025M06,105.0,45.44,52.99,37.91,2474.0,626.0,5070.0
05,Ávila,2025,7,2025M07,104.0,41.93,53.68,37.67,2535.0,695.0,5220.0
05,Ávila,2025,8,2025M08,102.0,50.57,54.4,46.87,2435.0,596.0,5014.0
05,Ávila,2025,9,2025M09,103.0,46.83,60.7,40.57,2419.0,618.0,4965.0
05,Ávila,2025,10,2025M10,104.0,43.66,54.48,37.49,2459.0,619.0,5034.0
05,Ávila,2025,11,2025M11,100.0,35.58,42.56,30.92,2378.0,579.0,4895.0
05,Ávila,2025,12,2025M12,91.0,32.44,42.44,29.91,2217.0,577.0,4591.0
06,Badajoz,2015,1,2015M01,180.0,19.21,19.7,16.01,4678.0,809.0,8794.0
06,Badajoz,2015,2,2015M02,187.0,27.64,33.25,23.21,4860.0,931.0,9143.0
06,Badajoz,2015,3,2015M03,193.0,30.87,37.57,27.2,5037.0,1017.0,9484.0
06,Badajoz,2015,4,2015M04,198.0,38.8,41.19,35.06,5173.0,1059.0,9771.0
06,Badajoz,2015,5,2015M05,199.0,36.26,40.85,32.48,5185.0,1060.0,9800.0
06,Badajoz,2015,6,2015M06,197.0,36.67,38.65,31.95,5124.0,1128.0,9709.0
06,Badajoz,2015,7,2015M07,195.0,33.52,37.59,31.33,5074.0,1115.0,9619.0
06,Badajoz,2015,8,2015M08,196.0,38.99,46.84,39.51,5071.0,1183.0,9627.0
06,Badajoz,2015,9,2015M09,194.0,39.5,44.68,35.42,5127.0,1137.0,9743.0
06,Badajoz,2015,10,2015M10,198.0,38.73,43.65,36.33,5136.0,1095.0,9767.0
06,Badajoz,2015,11,2015M11,194.0,28.26,29.67,24.53,4828.0,1046.0,9157.0
06,Badajoz,2015,12,2015M12,191.0,25.43,25.85,22.38,4774.0,933.0,9053.0
06,Badajoz,2016,1,2016M01,185.0,19.83,20.41,17.07,4820.0,1039.0,9082.0
06,Badajoz,2016,2,2016M02,187.0,26.54,33.11,22.78,4850.0,889.0,9148.0
06,Badajoz,2016,3,2016M03,193.0,34.25,37.74,31.14,5108.0,1029.0,9657.0
06,Badajoz,2016,4,2016M04,200.0,35.8,35.81,30.52,5242.0,1061.0,9910.0
06,Badajoz,2016,5,2016M05,199.0,35.89,37.42,31.16,5210.0,1092.0,9863.0
06,Badajoz,2016,6,2016M06,199.0,35.39,39.92,30.58,5227.0,1099.0,9890.0
06,Badajoz,2016,7,2016M07,200.0,36.0,39.31,33.31,5248.0,1120.0,9927.0
06,Badajoz,2016,8,2016M08,201.0,37.11,42.43,36.51,5224.0,1117.0,9891.0
06,Badajoz,2016,9,2016M09,195.0,39.3,42.47,35.19,5186.0,1068.0,9812.0
06,Badajoz,2016,10,2016M10,193.0,42.01,45.28,37.88,5130.0,1063.0,9714.0
06,Badajoz,2016,11,2016M11,192.0,30.39,29.21,26.05,5057.0,1015.0,9581.0
06,Badajoz,2016,12,2016M12,189.0,24.61,23.59,22.49,4875.0,896.0,9198.0
06,Badajoz,2017,1,2017M01,185.0,22.47,18.15,18.74,4668.0,898.0,8757.0
06,Badajoz,2017,2,2017M02,190.0,27.81,31.27,24.07,4853.0,981.0,9148.0
06,Badajoz,2017,3,2017M03,190.0,34.77,35.03,29.43,4970.0,1043.0,9398.0
06,Badajoz,2017,4,2017M04,193.0,44.07,46.23,39.78,5066.0,1081.0,9579.0
06,Badajoz,2017,5,2017M05,185.0,41.86,46.58,37.19,4944.0,1123.0,9374.0
06,Badajoz,2017,6,2017M06,184.0,38.74,44.73,34.01,4964.0,1114.0,9413.0
06,Badajoz,2017,7,2017M07,186.0,38.78,45.91,35.51,4992.0,1124.0,9475.0
06,Badajoz,2017,8,2017M08,190.0,41.77,46.91,40.4,5066.0,1177.0,9616.0
06,Badajoz,2017,9,2017M09,183.0,45.61,49.08,41.31,4991.0,1115.0,9482.0
06,Badajoz,2017,10,2017M10,188.0,44.75,50.81,39.55,5016.0,1065.0,9505.0
06,Badajoz,2017,11,2017M11,185.0,35.09,35.39,29.61,4935.0,1045.0,9342.0
06,Badajoz,2017,12,2017M12,174.0,30.02,31.86,27.67,4675.0,949.0,8836.0
06,Badajoz,2018,1,2018M01,164.0,24.49,20.66,20.03,4426.0,879.0,8365.0
06,Badajoz,2018,2,2018M02,172.0,32.99,35.89,27.96,4577.0,908.0,8672.0
06,Badajoz,2018,3,2018M03,182.0,40.23,41.34,35.55,4879.0,1086.0,9265.0
06,Badajoz,2018,4,2018M04,183.0,45.16,47.02,40.8,4975.0,1151.0,9441.0
06,Badajoz,2018,5,2018M05,182.0,45.43,44.36,39.91,4961.0,1169.0,9415.0
06,Badajoz,2018,6,2018M06,189.0,42.97,47.26,38.84,5012.0,1171.0,9547.0
06,Badajoz,2018,7,2018M07,185.0,44.29,48.45,40.21,4986.0,1180.0,9501.0
06,Badajoz,2018,8,2018M08,187.0,47.12,51.15,46.06,5002.0,1225.0,9528.0
06,Badajoz,2018,9,2018M09,179.0,47.71,53.23,42.03,4952.0,1153.0,9440.0
06,Badajoz,2018,10,2018M10,183.0,48.64,57.33,42.62,4964.0,1185.0,9473.0
06,Badajoz,2018,11,2018M11,182.0,42.14,42.48,34.75,4927.0,1130.0,9417.0
06,Badajoz,2018,12,2018M12,174.0,32.37,35.84,27.6,4626.0,980.0,8841.0
06,Badajoz,2019,1,2019M01,165.0,28.36,24.92,22.69,4534.0,943.0,8671.0
06,Badajoz,2019,2,2019M02,171.0,36.53,35.89,30.11,4687.0,1036.0,8946.0
06,Badajoz,2019,3,2019M03,175.0,42.7,46.33,36.74,4889.0,1104.0,9368.0
06,Badajoz,2019,4,2019M04,180.0,47.23,50.77,42.02,4968.0,1144.0,9549.0
06,Badajoz,2019,5,2019M05,179.0,47.37,47.13,41.45,4959.0,1225.0,9535.0
06,Badajoz,2019,6,2019M06,180.0,43.86,43.69,37.68,4967.0,1186.0,9551.0
06,Badajoz,2019,7,2019M07,178.0,43.81,44.62,39.43,4939.0,1172.0,9493.0
06,Badajoz,2019,8,2019M08,173.0,48.79,52.8,46.55,4876.0,1206.0,9391.0
06,Badajoz,2019,9,2019M09,169.0,49.96,54.23,44.58,4892.0,1200.0,9413.0
06,Badajoz,2019,10,2019M10,169.0,50.87,54.66,43.33,4861.0,1169.0,9369.0
06,Badajoz,2019,11,2019M11,170.0,42.5,44.22,34.91,4774.0,1110.0,9201.0
06,Badajoz,2019,12,2019M12,160.0,34.17,39.13,29.34,4546.0,997.0,8744.0
06,Badajoz,2020,1,2020M01,164.0,30.47,27.62,24.75,4443.0,961.0,8581.0
06,Badajoz,2020,2,2020M02,165.0,36.71,43.03,30.84,4524.0,972.0,8755.0
06,Badajoz,2020,3,2020M03,150.0,23.51,20.49,19.44,3482.0,877.0,6628.0
06,Badajoz,2020,4,2020M04,0.0,0.0,0.0,0.0,0.0,0.0,0.0
06,Badajoz,2020,5,2020M05,36.0,23.55,7.27,16.55,1034.0,169.0,2021.0
06,Badajoz,2020,6,2020M06,101.0,26.27,13.0,18.63,2393.0,492.0,4596.0
06,Badajoz,2020,7,2020M07,150.0,31.16,27.16,26.04,3746.0,762.0,7267.0
06,Badajoz,2020,8,2020M08,162.0,33.74,35.71,30.37,4259.0,874.0,8255.0
06,Badajoz,2020,9,2020M09,151.0,27.42,27.29,22.47,4299.0,903.0,8329.0
06,Badajoz,2020,10,2020M10,166.0,25.15,20.94,19.93,4408.0,796.0,8527.0
06,Badajoz,2020,11,2020M11,159.0,19.89,14.14,14.39,4259.0,682.0,8203.0
06,Badajoz,2020,12,2020M12,137.0,18.71,15.11,14.88,3936.0,638.0,7578.0
06,Badajoz,2021,1,2021M01,118.0,12.64,6.51,9.37,3554.0,571.0,6842.0
06,Badajoz,2021,2,2021M02,117.0,18.53,10.64,12.86,3375.0,482.0,6526.0
06,Badajoz,2021,3,2021M03,136.0,21.18,18.43,15.85,3656.0,545.0,7078.0
06,Badajoz,2021,4,2021M04,132.0,23.55,12.53,15.78,3724.0,556.0,7244.0
06,Badajoz,2021,5,2021M05,135.0,32.89,34.1,24.66,3936.0,648.0,7695.0
06,Badajoz,2021,6,2021M06,144.0,37.7,40.4,29.96,4104.0,819.0,8016.0
06,Badajoz,2021,7,2021M07,141.0,42.08,43.81,35.85,4314.0,952.0,8465.0
06,Badajoz,2021,8,2021M08,149.0,50.58,52.73,45.36,4376.0,967.0,8593.0
06,Badajoz,2021,9,2021M09,151.0,50.46,50.79,41.79,4463.0,995.0,8774.0
06,Badajoz,2021,10,2021M10,153.0,49.21,49.17,41.42,4519.0,998.0,8890.0
06,Badajoz,2021,11,2021M11,150.0,42.16,41.35,33.65,4383.0,937.0,8612.0
06,Badajoz,2021,12,2021M12,146.0,32.84,29.87,27.85,4226.0,863.0,8296.0
06,Badajoz,2022,1,2022M01,144.0,26.33,24.18,20.5,4184.0,829.0,8225.0
06,Badajoz,2022,2,2022M02,148.0,39.5,38.44,31.76,4329.0,940.0,8525.0
06,Badajoz,2022,3,2022M03,155.0,43.61,44.03,33.79,4534.0,995.0,8906.0
06,Badajoz,2022,4,2022M04,156.0,53.14,56.03,46.87,4571.0,1019.0,8991.0
06,Badajoz,2022,5,2022M05,157.0,49.13,48.61,40.22,4548.0,1100.0,8945.0
06,Badajoz,2022,6,2022M06,161.0,49.14,52.6,41.04,4597.0,1083.0,9037.0
06,Badajoz,2022,7,2022M07,157.0,48.29,51.08,42.46,4539.0,1120.0,8932.0
06,Badajoz,2022,8,2022M08,159.0,54.75,58.08,50.95,4587.0,1091.0,9021.0
06,Badajoz,2022,9,2022M09,156.0,54.23,57.14,46.19,4545.0,1127.0,8953.0
06,Badajoz,2022,10,2022M10,159.0,52.3,54.39,44.17,4563.0,1093.0,9005.0
06,Badajoz,2022,11,2022M11,156.0,43.13,42.92,34.12,4456.0,1007.0,8783.0
06,Badajoz,2022,12,2022M12,148.0,33.54,32.86,28.35,4277.0,913.0,8431.0
06,Badajoz,2023,1,2023M01,143.0,32.93,30.54,26.5,4165.0,872.0,8210.0
06,Badajoz,2023,2,2023M02,148.0,43.91,42.58,35.96,4346.0,954.0,8562.0
06,Badajoz,2023,3,2023M03,151.0,47.36,45.15,38.95,4502.0,1037.0,8878.0
06,Badajoz,2023,4,2023M04,149.0,58.19,54.46,50.38,4499.0,1042.0,8903.0
06,Badajoz,2023,5,2023M05,147.0,51.42,50.93,42.14,4455.0,1066.0,8823.0
06,Badajoz,2023,6,2023M06,150.0,48.8,46.39,41.88,4524.0,1067.0,8923.0
06,Badajoz,2023,7,2023M07,147.0,48.27,46.23,41.52,4485.0,1068.0,8889.0
06,Badajoz,2023,8,2023M08,147.0,56.57,57.44,51.83,4361.0,1078.0,8648.0
06,Badajoz,2023,9,2023M09,142.0,53.89,53.92,44.85,4363.0,1071.0,8663.0
06,Badajoz,2023,10,2023M10,148.0,54.18,55.55,44.63,4421.0,1046.0,8758.0
06,Badajoz,2023,11,2023M11,142.0,45.81,41.3,35.29,4347.0,1005.0,8617.0
06,Badajoz,2023,12,2023M12,137.0,40.64,37.55,33.14,4091.0,879.0,8099.0
06,Badajoz,2024,1,2024M01,135.0,35.34,26.47,28.11,4008.0,867.0,7873.0
06,Badajoz,2024,2,2024M02,145.0,44.91,40.85,35.53,4207.0,924.0,8255.0
06,Badajoz,2024,3,2024M03,151.0,49.35,45.38,40.35,4437.0,1003.0,8711.0
06,Badajoz,2024,4,2024M04,155.0,53.25,52.7,43.21,4511.0,1052.0,8848.0
06,Badajoz,2024,5,2024M05,160.0,51.89,54.03,43.29,4562.0,1082.0,8946.0
06,Badajoz,2024,6,2024M06,166.0,50.76,53.61,42.41,4684.0,1092.0,9175.0
06,Badajoz,2024,7,2024M07,166.0,49.18,50.38,42.42,4657.0,1074.0,9122.0
06,Badajoz,2024,8,2024M08,172.0,54.71,53.78,50.81,4735.0,1094.0,9244.0
06,Badajoz,2024,9,2024M09,161.0,55.85,57.05,47.52,4666.0,1071.0,9131.0
06,Badajoz,2024,10,2024M10,175.0,53.55,52.01,43.8,4743.0,1466.0,9292.0
06,Badajoz,2024,11,2024M11,172.0,46.36,44.91,37.86,4713.0,1066.0,9235.0
06,Badajoz,2024,12,2024M12,168.0,39.3,42.62,34.55,4505.0,946.0,8814.0
06,Badajoz,2025,1,2025M01,148.0,31.54,26.89,24.31,4038.0,821.0,7924.0
06,Badajoz,2025,2,2025M02,155.0,40.84,42.19,32.93,4181.0,913.0,8202.0
06,Badajoz,2025,3,2025M03,163.0,46.35,45.78,37.53,4529.0,1067.0,8902.0
06,Badajoz,2025,4,2025M04,171.0,49.99,54.09,44.0,4687.0,1105.0,9165.0
06,Badajoz,2025,5,2025M05,168.0,55.75,54.12,46.9,4585.0,1107.0,9014.0
06,Badajoz,2025,6,2025M06,175.0,46.58,50.07,39.2,4721.0,1147.0,9263.0
06,Badajoz,2025,7,2025M07,172.0,48.72,49.2,42.57,4685.0,1138.0,9182.0
06,Badajoz,2025,8,2025M08,170.0,50.97,49.22,47.31,4680.0,1121.0,9192.0
06,Badajoz,2025,9,2025M09,164.0,50.25,51.15,43.75,4611.0,1128.0,9071.0
06,Badajoz,2025,10,2025M10,166.0,52.46,53.36,43.9,4630.0,1071.0,9088.0
06,Badajoz,2025,11,2025M11,168.0,43.92,40.85,35.62,4662.0,1033.0,9161.0
06,Badajoz,2025,12,2025M12,160.0,36.26,35.82,30.84,4382.0,883.0,8597.0
07,"Balears, Illes",2015,1,2015M01,107.0,44.05,36.75,35.6,9039.0,2499.0,17529.0
07,"Balears, Illes",2015,2,2015M02,187.0,53.82,50.34,46.63,19149.0,4700.0,37577.0
07,"Balears, Illes",2015,3,2015M03,282.0,59.61,52.67,52.41,34086.0,8763.0,67363.0
07,"Balears, Illes",2015,4,2015M04,553.0,69.86,64.62,64.14,65119.0,17709.0,135614.0
07,"Balears, Illes",2015,5,2015M05,1175.0,64.74,65.32,61.6,152349.0,42170.0,317622.0
07,"Balears, Illes",2015,6,2015M06,1289.0,82.67,81.71,80.19,162995.0,50963.0,339454.0
07,"Balears, Illes",2015,7,2015M07,1302.0,88.11,86.7,89.1,164299.0,52636.0,342769.0
07,"Balears, Illes",2015,8,2015M08,1308.0,92.77,91.55,93.08,164676.0,53056.0,343525.0
07,"Balears, Illes",2015,9,2015M09,1293.0,87.48,83.8,83.38,163658.0,50427.0,341603.0
07,"Balears, Illes",2015,10,2015M10,1015.0,64.13,59.48,61.1,133566.0,36150.0,280144.0
07,"Balears, Illes",2015,11,2015M11,149.0,55.97,49.77,46.25,11657.0,3724.0,23174.0
07,"Balears, Illes",2015,12,2015M12,114.0,44.77,43.61,38.35,8643.0,2691.0,16816.0
07,"Balears, Illes",2016,1,2016M01,108.0,48.0,37.41,38.56,9506.0,2582.0,18732.0
07,"Balears, Illes",2016,2,2016M02,184.0,57.47,50.71,50.03,18739.0,5001.0,37211.0
07,"Balears, Illes",2016,3,2016M03,313.0,64.2,58.19,58.15,39133.0,11503.0,79519.0
07,"Balears, Illes",2016,4,2016M04,531.0,71.75,68.21,65.45,65077.0,19570.0,135002.0
07,"Balears, Illes",2016,5,2016M05,1145.0,74.55,72.55,69.85,152757.0,45974.0,321238.0
07,"Balears, Illes",2016,6,2016M06,1290.0,87.83,84.18,84.64,164963.0,53983.0,345828.0
07,"Balears, Illes",2016,7,2016M07,1299.0,92.4,90.73,91.53,165144.0,55902.0,345652.0
07,"Balears, Illes",2016,8,2016M08,1317.0,93.05,92.61,92.85,166179.0,56894.0,347795.0
07,"Balears, Illes",2016,9,2016M09,1303.0,91.23,87.67,86.61,165977.0,55470.0,347617.0
07,"Balears, Illes",2016,10,2016M10,995.0,69.78,62.62,67.13,135089.0,40448.0,283645.0
07,"Balears, Illes",2016,11,2016M11,175.0,59.8,50.43,50.4,14182.0,4625.0,28288.0
07,"Balears, Illes",2016,12,2016M12,138.0,45.69,45.36,39.54,10037.0,3263.0,19391.0
07,"Balears, Illes",2017,1,2017M01,132.0,47.28,37.64,37.2,9753.0,3058.0,19459.0
07,"Balears, Illes",2017,2,2017M02,197.0,53.84,45.0,46.11,20258.0,6204.0,40419.0
07,"Balears, Illes",2017,3,2017M03,298.0,63.82,57.44,55.59,35321.0,10523.0,70453.0
07,"Balears, Illes",2017,4,2017M04,544.0,76.0,71.4,70.76,65191.0,21006.0,136281.0
07,"Balears, Illes",2017,5,2017M05,1188.0,74.11,72.82,69.56,159663.0,50481.0,336778.0
07,"Balears, Illes",2017,6,2017M06,1276.0,87.46,84.23,84.78,166812.0,56766.0,351308.0
07,"Balears, Illes",2017,7,2017M07,1286.0,90.5,88.47,89.96,167262.0,60055.0,353784.0
07,"Balears, Illes",2017,8,2017M08,1290.0,91.93,91.34,90.48,167739.0,60828.0,354588.0
07,"Balears, Illes",2017,9,2017M09,1289.0,89.02,84.04,84.6,167666.0,58344.0,354400.0
07,"Balears, Illes",2017,10,2017M10,1004.0,70.6,64.59,66.5,137823.0,44434.0,293137.0
07,"Balears, Illes",2017,11,2017M11,175.0,61.55,55.35,50.26,14705.0,5010.0,29655.0
07,"Balears, Illes",2017,12,2017M12,124.0,46.51,41.71,39.22,9675.0,3627.0,19461.0
07,"Balears, Illes",2018,1,2018M01,132.0,44.72,38.47,35.91,9719.0,3666.0,20068.0
07,"Balears, Illes",2018,2,2018M02,206.0,57.24,47.29,48.41,21052.0,6530.0,43363.0
07,"Balears, Illes",2018,3,2018M03,309.0,64.0,57.04,55.51,35776.0,11479.0,74727.0
07,"Balears, Illes",2018,4,2018M04,621.0,71.12,63.91,63.13,70002.0,22861.0,147635.0
07,"Balears, Illes",2018,5,2018M05,1260.0,72.79,68.26,67.92,162342.0,53671.0,345612.0
07,"Balears, Illes",2018,6,2018M06,1346.0,86.85,83.77,83.01,169691.0,59828.0,359901.0
07,"Balears, Illes",2018,7,2018M07,1355.0,89.51,89.12,89.33,170093.0,61675.0,360125.0
07,"Balears, Illes",2018,8,2018M08,1342.0,90.88,89.4,89.99,169473.0,62449.0,358731.0
07,"Balears, Illes",2018,9,2018M09,1340.0,88.46,83.09,83.02,169277.0,59600.0,358382.0
07,"Balears, Illes",2018,10,2018M10,1070.0,67.92,65.89,64.66,139848.0,46702.0,296150.0
07,"Balears, Illes",2018,11,2018M11,184.0,55.96,49.29,44.52,14003.0,4969.0,28705.0
07,"Balears, Illes",2018,12,2018M12,141.0,49.38,52.23,41.92,10719.0,3881.0,22053.0
07,"Balears, Illes",2019,1,2019M01,128.0,42.36,33.69,31.23,8955.0,3144.0,18943.0
07,"Balears, Illes",2019,2,2019M02,195.0,54.28,42.93,45.14,19515.0,6127.0,40402.0
07,"Balears, Illes",2019,3,2019M03,313.0,59.46,53.57,48.62,36053.0,11497.0,75933.0
07,"Balears, Illes",2019,4,2019M04,602.0,74.42,71.74,68.04,69770.0,24715.0,146844.0
07,"Balears, Illes",2019,5,2019M05,1265.0,71.28,66.42,65.59,162242.0,54420.0,344923.0
07,"Balears, Illes",2019,6,2019M06,1341.0,86.3,84.26,82.27,170215.0,60350.0,360084.0
07,"Balears, Illes",2019,7,2019M07,1341.0,89.19,88.32,88.58,170249.0,62653.0,360786.0
07,"Balears, Illes",2019,8,2019M08,1341.0,91.71,89.7,90.67,170094.0,62964.0,360512.0
07,"Balears, Illes",2019,9,2019M09,1340.0,88.08,81.47,81.61,170220.0,60663.0,360788.0
07,"Balears, Illes",2019,10,2019M10,1049.0,67.39,64.85,63.46,136830.0,44345.0,290533.0
07,"Balears, Illes",2019,11,2019M11,196.0,54.53,51.3,43.61,14653.0,5358.0,30029.0
07,"Balears, Illes",2019,12,2019M12,145.0,45.37,48.37,40.61,11027.0,3990.0,22621.0
07,"Balears, Illes",2020,1,2020M01,127.0,45.71,43.42,36.86,9786.0,3651.0,20149.0
07,"Balears, Illes",2020,2,2020M02,198.0,57.46,54.41,48.83,18469.0,6154.0,37378.0
07,"Balears, Illes",2020,3,2020M03,209.0,38.5,37.51,31.58,17830.0,5763.0,37065.0
07,"Balears, Illes",2020,4,2020M04,0.0,0.0,0.0,0.0,0.0,0.0,0.0
07,"Balears, Illes",2020,5,2020M05,24.0,21.78,14.81,15.5,713.0,54.0,1469.0
07,"Balears, Illes",2020,6,2020M06,97.0,28.28,23.61,23.5,4887.0,880.0,9759.0
07,"Balears, Illes",2020,7,2020M07,564.0,40.28,37.26,39.62,63718.0,18513.0,139959.0
07,"Balears, Illes",2020,8,2020M08,671.0,40.79,37.9,40.23,78766.0,22398.0,171880.0
07,"Balears, Illes",2020,9,2020M09,424.0,30.27,28.85,26.61,33505.0,8126.0,72981.0
07,"Balears, Illes",2020,10,2020M10,221.0,25.05,22.61,19.2,12702.0,2976.0,28674.0
07,"Balears, Illes",2020,11,2020M11,91.0,24.95,18.66,16.2,4763.0,1106.0,10140.0
07,"Balears, Illes",2020,12,2020M12,66.0,22.0,17.44,14.83,4357.0,980.0,9591.0
07,"Balears, Illes",2021,1,2021M01,61.0,16.94,11.63,10.52,3788.0,650.0,8458.0
07,"Balears, Illes",2021,2,2021M02,76.0,19.79,13.02,12.25,4160.0,633.0,9301.0
07,"Balears, Illes",2021,3,2021M03,97.0,34.46,24.16,23.23,5835.0,1167.0,12831.0
07,"Balears, Illes",2021,4,2021M04,170.0,41.93,38.37,34.4,12162.0,3442.0,26227.0
07,"Balears, Illes",2021,5,2021M05,340.0,52.22,44.78,45.48,29647.0,8968.0,63928.0
07,"Balears, Illes",2021,6,2021M06,721.0,48.77,45.59,44.93,87000.0,25325.0,187365.0
07,"Balears, Illes",2021,7,2021M07,1032.0,62.42,60.77,61.7,135297.0,42030.0,290210.0
07,"Balears, Illes",2021,8,2021M08,1076.0,67.94,67.07,67.92,140330.0,44787.0,300558.0
07,"Balears, Illes",2021,9,2021M09,1041.0,65.84,61.93,60.11,136692.0,42836.0,292642.0
07,"Balears, Illes",2021,10,2021M10,794.0,60.45,53.2,56.27,104508.0,31566.0,223536.0
07,"Balears, Illes",2021,11,2021M11,173.0,53.78,51.06,43.87,11926.0,4235.0,24137.0
07,"Balears, Illes",2021,12,2021M12,130.0,38.45,35.99,32.48,8225.0,2915.0,16446.0
07,"Balears, Illes",2022,1,2022M01,114.0,37.42,33.48,28.88,7124.0,2477.0,14201.0
07,"Balears, Illes",2022,2,2022M02,160.0,52.7,51.35,44.3,12478.0,3934.0,24800.0
07,"Balears, Illes",2022,3,2022M03,259.0,55.72,48.73,45.53,27946.0,8762.0,57572.0
07,"Balears, Illes",2022,4,2022M04,576.0,67.9,63.53,62.4,68571.0,23469.0,147187.0
07,"Balears, Illes",2022,5,2022M05,1151.0,66.14,65.19,60.57,156434.0,52858.0,334231.0
07,"Balears, Illes",2022,6,2022M06,1274.0,83.66,80.81,79.52,170848.0,60571.0,364725.0
07,"Balears, Illes",2022,7,2022M07,1291.0,87.87,87.14,86.4,171626.0,64082.0,366370.0
07,"Balears, Illes",2022,8,2022M08,1298.0,91.22,89.46,89.51,171531.0,65347.0,366092.0
07,"Balears, Illes",2022,9,2022M09,1300.0,84.59,79.22,77.62,171790.0,62810.0,366227.0
07,"Balears, Illes",2022,10,2022M10,1041.0,66.21,58.58,60.64,136892.0,45335.0,292245.0
07,"Balears, Illes",2022,11,2022M11,169.0,57.15,53.86,47.81,13651.0,5535.0,27651.0
07,"Balears, Illes",2022,12,2022M12,120.0,46.71,43.72,40.29,9738.0,3963.0,19825.0
07,"Balears, Illes",2023,1,2023M01,112.0,54.34,48.99,43.55,8498.0,3283.0,17530.0
07,"Balears, Illes",2023,2,2023M02,164.0,59.28,54.43,50.98,16107.0,5473.0,32547.0
07,"Balears, Illes",2023,3,2023M03,252.0,63.29,51.28,52.03,28235.0,9901.0,58350.0
07,"Balears, Illes",2023,4,2023M04,607.0,73.16,69.56,67.81,75230.0,28841.0,160782.0
07,"Balears, Illes",2023,5,2023M05,1199.0,73.17,69.04,66.47,161491.0,57894.0,345311.0
07,"Balears, Illes",2023,6,2023M06,1305.0,84.11,78.84,79.1,171674.0,64512.0,366893.0
07,"Balears, Illes",2023,7,2023M07,1322.0,89.1,86.42,87.18,173108.0,68448.0,370844.0
07,"Balears, Illes",2023,8,2023M08,1341.0,91.56,88.78,89.21,173462.0,69668.0,371545.0
07,"Balears, Illes",2023,9,2023M09,1330.0,86.45,79.03,79.02,174149.0,68278.0,372956.0
07,"Balears, Illes",2023,10,2023M10,1065.0,70.84,63.05,65.61,143088.0,50803.0,306269.0
07,"Balears, Illes",2023,11,2023M11,172.0,57.31,53.6,45.5,14407.0,5949.0,30234.0
07,"Balears, Illes",2023,12,2023M12,136.0,48.77,48.92,40.3,10233.0,4282.0,21498.0
07,"Balears, Illes",2024,1,2024M01,114.0,50.09,42.85,38.9,8914.0,3597.0,18759.0
07,"Balears, Illes",2024,2,2024M02,168.0,61.83,57.44,53.26,18490.0,6572.0,37760.0
07,"Balears, Illes",2024,3,2024M03,381.0,58.53,51.47,51.88,49364.0,17797.0,103755.0
07,"Balears, Illes",2024,4,2024M04,631.0,74.4,70.74,66.84,78659.0,30987.0,167998.0
07,"Balears, Illes",2024,5,2024M05,1262.0,77.08,72.3,70.9,169302.0,63995.0,362990.0
07,"Balears, Illes",2024,6,2024M06,1356.0,86.04,82.02,80.69,175377.0,69737.0,375707.0
07,"Balears, Illes",2024,7,2024M07,1368.0,89.56,87.49,87.06,176702.0,72683.0,378260.0
07,"Balears, Illes",2024,8,2024M08,1371.0,91.88,88.84,89.65,176928.0,74011.0,378667.0
07,"Balears, Illes",2024,9,2024M09,1357.0,87.94,81.32,80.39,175765.0,71102.0,376393.0
07,"Balears, Illes",2024,10,2024M10,1120.0,74.31,70.78,68.96,149873.0,56779.0,321031.0
07,"Balears, Illes",2024,11,2024M11,190.0,60.07,53.06,47.69,13823.0,6003.0,28452.0
07,"Balears, Illes",2024,12,2024M12,154.0,53.92,51.3,43.93,10957.0,4673.0,22777.0
07,"Balears, Illes",2025,1,2025M01,133.0,48.16,39.43,36.73,9930.0,4075.0,20939.0
07,"Balears, Illes",2025,2,2025M02,203.0,63.79,60.71,56.07,19358.0,7998.0,39719.0
07,"Balears, Illes",2025,3,2025M03,411.0,64.88,58.67,56.31,38464.0,13619.0,79686.0
07,"Balears, Illes",2025,4,2025M04,702.0,74.42,69.33,68.32,81353.0,33398.0,172315.0
07,"Balears, Illes",2025,5,2025M05,1298.0,75.79,70.35,68.53,170429.0,67808.0,366997.0
07,"Balears, Illes",2025,6,2025M06,1367.0,87.15,83.8,82.18,176149.0,73569.0,376355.0
07,"Balears, Illes",2025,7,2025M07,1376.0,89.4,87.62,86.63,177198.0,76406.0,381103.0
07,"Balears, Illes",2025,8,2025M08,1374.0,91.72,88.82,89.55,176507.0,77265.0,379715.0
07,"Balears, Illes",2025,9,2025M09,1378.0,89.53,82.67,81.44,176725.0,74533.0,380217.0
07,"Balears, Illes",2025,10,2025M10,1120.0,72.58,69.96,66.51,151802.0,58864.0,326875.0
07,"Balears, Illes",2025,11,2025M11,210.0,58.24,52.12,47.16,14690.0,6959.0,30600.0
07,"Balears, Illes",2025,12,2025M12,181.0,49.37,45.94,41.64,12066.0,5025.0,24820.0
08,Barcelona,2015,1,2015M01,938.0,46.5,43.28,38.78,54476.0,15851.0,106646.0
08,Barcelona,2015,2,2015M02,943.0,56.37,53.6,46.66,54944.0,15921.0,107744.0
08,Barcelona,2015,3,2015M03,963.0,68.39,59.81,55.82,56981.0,16624.0,111952.0
08,Barcelona,2015,4,2015M04,1012.0,73.95,68.08,65.26,61169.0,17864.0,121371.0
08,Barcelona,2015,5,2015M05,1061.0,76.41,75.35,67.46,68356.0,19616.0,136161.0
08,Barcelona,2015,6,2015M06,1127.0,75.68,72.36,66.75,71701.0,21053.0,142769.0
08,Barcelona,2015,7,2015M07,1140.0,80.06,77.16,76.16,72438.0,21459.0,143975.0
08,Barcelona,2015,8,2015M08,1131.0,84.77,81.91,83.13,72381.0,21363.0,143868.0
08,Barcelona,2015,9,2015M09,1120.0,79.85,72.46,69.76,71228.0,20474.0,141748.0
08,Barcelona,2015,10,2015M10,1058.0,79.87,70.07,67.14,64478.0,19089.0,128445.0
08,Barcelona,2015,11,2015M11,1033.0,63.79,55.23,50.94,57478.0,16934.0,113526.0
08,Barcelona,2015,12,2015M12,1003.0,49.67,45.32,43.89,55879.0,16482.0,109613.0
08,Barcelona,2016,1,2016M01,985.0,51.78,50.35,43.68,54478.0,16169.0,107110.0
08,Barcelona,2016,2,2016M02,1030.0,65.5,56.64,52.25,56188.0,16297.0,110461.0
08,Barcelona,2016,3,2016M03,1064.0,68.46,64.47,60.09,59242.0,17205.0,116435.0
08,Barcelona,2016,4,2016M04,1092.0,77.42,68.55,65.19,62782.0,18546.0,125054.0
08,Barcelona,2016,5,2016M05,1142.0,78.74,74.59,68.34,69090.0,20293.0,137624.0
08,Barcelona,2016,6,2016M06,1173.0,79.21,75.11,68.98,72795.0,20999.0,145720.0
08,Barcelona,2016,7,2016M07,1184.0,84.56,80.56,80.17,73275.0,21960.0,146891.0
08,Barcelona,2016,8,2016M08,1181.0,85.54,83.74,83.27,73188.0,21913.0,146705.0
08,Barcelona,2016,9,2016M09,1187.0,83.65,74.63,72.58,73129.0,21674.0,146568.0
08,Barcelona,2016,10,2016M10,1113.0,82.15,71.36,68.74,65220.0,19519.0,131053.0
08,Barcelona,2016,11,2016M11,1027.0,68.47,59.86,54.61,56518.0,17186.0,111336.0
08,Barcelona,2016,12,2016M12,1033.0,56.46,54.71,49.38,56625.0,17041.0,111790.0
08,Barcelona,2017,1,2017M01,1014.0,55.68,47.65,46.3,56447.0,17121.0,111748.0
08,Barcelona,2017,2,2017M02,1056.0,68.87,58.85,54.79,57345.0,17708.0,113798.0
08,Barcelona,2017,3,2017M03,1080.0,73.81,64.49,61.38,60463.0,18319.0,119892.0
08,Barcelona,2017,4,2017M04,1109.0,81.28,78.32,73.27,63536.0,19990.0,126462.0
08,Barcelona,2017,5,2017M05,1157.0,80.73,76.83,69.45,71485.0,22027.0,142910.0
08,Barcelona,2017,6,2017M06,1194.0,84.14,79.57,75.39,73610.0,22762.0,147355.0
08,Barcelona,2017,7,2017M07,1208.0,86.84,84.18,81.85,74034.0,23598.0,148467.0
08,Barcelona,2017,8,2017M08,1192.0,85.83,82.91,81.41,74338.0,23285.0,148999.0
08,Barcelona,2017,9,2017M09,1190.0,84.81,74.53,73.01,74068.0,23120.0,148502.0
08,Barcelona,2017,10,2017M10,1159.0,76.3,67.31,64.31,67849.0,21029.0,135863.0
08,Barcelona,2017,11,2017M11,1061.0,63.34,55.59,49.29,58004.0,18084.0,115301.0
08,Barcelona,2017,12,2017M12,1042.0,50.09,49.64,43.04,57560.0,17801.0,114285.0
08,Barcelona,2018,1,2018M01,1053.0,55.25,45.66,44.8,58049.0,17308.0,115635.0
08,Barcelona,2018,2,2018M02,1094.0,66.74,54.98,51.46,59260.0,17833.0,119600.0
08,Barcelona,2018,3,2018M03,1112.0,68.43,62.42,57.41,61063.0,18898.0,121867.0
08,Barcelona,2018,4,2018M04,1141.0,75.54,69.74,64.58,65520.0,20039.0,130947.0
08,Barcelona,2018,5,2018M05,1202.0,77.21,71.46,67.12,73936.0,22115.0,148341.0
08,Barcelona,2018,6,2018M06,1202.0,81.38,75.33,70.94,75164.0,22903.0,151071.0
08,Barcelona,2018,7,2018M07,1204.0,83.33,80.77,76.63,74864.0,23381.0,150540.0
08,Barcelona,2018,8,2018M08,1177.0,82.9,80.93,79.74,74357.0,23363.0,149662.0
08,Barcelona,2018,9,2018M09,1197.0,82.68,75.28,72.13,74525.0,23072.0,149842.0
08,Barcelona,2018,10,2018M10,1149.0,79.08,71.45,67.01,68424.0,21332.0,137494.0
08,Barcelona,2018,11,2018M11,1069.0,71.31,59.6,56.21,58784.0,18444.0,116924.0
08,Barcelona,2018,12,2018M12,1025.0,57.1,54.87,49.99,57959.0,18102.0,115399.0
08,Barcelona,2019,1,2019M01,1041.0,59.33,50.98,48.28,58189.0,18521.0,116444.0
08,Barcelona,2019,2,2019M02,1123.0,70.01,61.16,55.43,60274.0,18802.0,120300.0
08,Barcelona,2019,3,2019M03,1148.0,72.1,64.65,60.23,61796.0,19700.0,123365.0
08,Barcelona,2019,4,2019M04,1193.0,77.58,73.11,68.58,66871.0,21108.0,134160.0
08,Barcelona,2019,5,2019M05,1244.0,77.03,71.02,66.18,75223.0,23644.0,151642.0
08,Barcelona,2019,6,2019M06,1237.0,84.24,77.32,73.48,76710.0,24278.0,154606.0
08,Barcelona,2019,7,2019M07,1273.0,83.76,81.22,77.62,77490.0,24932.0,156598.0
08,Barcelona,2019,8,2019M08,1236.0,84.31,80.49,80.88,76794.0,24836.0,155252.0
08,Barcelona,2019,9,2019M09,1252.0,83.49,73.43,70.81,76781.0,24685.0,155274.0
08,Barcelona,2019,10,2019M10,1228.0,78.31,70.91,65.72,71411.0,22374.0,144209.0
08,Barcelona,2019,11,2019M11,1130.0,69.78,59.3,55.58,60405.0,19423.0,120933.0
08,Barcelona,2019,12,2019M12,1092.0,55.82,54.71,48.57,59870.0,19176.0,119762.0
08,Barcelona,2020,1,2020M01,1023.0,59.47,51.64,48.59,58928.0,18926.0,118962.0
08,Barcelona,2020,2,2020M02,1094.0,61.5,56.43,50.17,60193.0,19010.0,121159.0
08,Barcelona,2020,3,2020M03,789.0,34.65,34.66,29.02,40484.0,11822.0,80964.0
08,Barcelona,2020,4,2020M04,0.0,0.0,0.0,0.0,0.0,0.0,0.0
08,Barcelona,2020,5,2020M05,41.0,18.97,7.91,10.77,2485.0,258.0,5247.0
08,Barcelona,2020,6,2020M06,313.0,21.7,17.7,16.11,10846.0,1683.0,21827.0
08,Barcelona,2020,7,2020M07,598.0,31.63,30.96,27.11,29486.0,5759.0,60602.0
08,Barcelona,2020,8,2020M08,652.0,31.13,30.72,28.4,34987.0,7129.0,72026.0
08,Barcelona,2020,9,2020M09,657.0,24.44,23.64,18.99,33725.0,6858.0,69175.0
08,Barcelona,2020,10,2020M10,585.0,21.45,18.15,15.52,30856.0,5904.0,63229.0
08,Barcelona,2020,11,2020M11,488.0,18.15,13.38,12.78,25405.0,4485.0,51303.0
08,Barcelona,2020,12,2020M12,494.0,21.4,16.72,16.21,24961.0,4540.0,50402.0
08,Barcelona,2021,1,2021M01,514.0,21.7,18.63,15.97,25240.0,4453.0,50820.0
08,Barcelona,2021,2,2021M02,495.0,25.9,23.46,19.18,24845.0,4489.0,50176.0
08,Barcelona,2021,3,2021M03,542.0,28.05,25.8,20.43,26729.0,4879.0,54245.0
08,Barcelona,2021,4,2021M04,617.0,30.08,26.1,22.49,29572.0,5398.0,59895.0
08,Barcelona,2021,5,2021M05,696.0,34.74,34.28,27.19,35976.0,6972.0,73163.0
08,Barcelona,2021,6,2021M06,832.0,40.29,42.09,32.47,46978.0,9920.0,95698.0
08,Barcelona,2021,7,2021M07,934.0,50.23,48.81,43.76,56608.0,12855.0,115745.0
08,Barcelona,2021,8,2021M08,975.0,62.98,62.93,58.86,60252.0,13991.0,123104.0
08,Barcelona,2021,9,2021M09,1006.0,53.53,51.93,44.41,60366.0,14263.0,123084.0
08,Barcelona,2021,10,2021M10,995.0,59.9,58.59,50.14,58434.0,14001.0,118723.0
08,Barcelona,2021,11,2021M11,956.0,55.15,52.42,44.4,53234.0,12879.0,107347.0
08,Barcelona,2021,12,2021M12,933.0,44.01,41.44,37.79,53468.0,13103.0,107956.0
08,Barcelona,2022,1,2022M01,937.0,35.76,33.66,29.31,53950.0,12851.0,109449.0
08,Barcelona,2022,2,2022M02,993.0,54.02,51.73,43.63,56094.0,13721.0,113794.0
08,Barcelona,2022,3,2022M03,1040.0,62.55,58.14,50.26,59604.0,14929.0,120748.0
08,Barcelona,2022,4,2022M04,1079.0,75.23,68.44,64.37,63872.0,16809.0,129621.0
08,Barcelona,2022,5,2022M05,1139.0,76.12,71.37,63.4,72175.0,19228.0,146769.0
08,Barcelona,2022,6,2022M06,1164.0,80.24,75.04,68.67,74704.0,20472.0,153083.0
08,Barcelona,2022,7,2022M07,1181.0,81.15,77.25,73.58,76335.0,21605.0,156607.0
08,Barcelona,2022,8,2022M08,1160.0,83.33,80.27,77.02,76167.0,22182.0,156248.0
08,Barcelona,2022,9,2022M09,1169.0,79.16,69.2,65.08,75896.0,21454.0,155743.0
08,Barcelona,2022,10,2022M10,1107.0,77.3,69.92,65.12,69877.0,19947.0,143149.0
08,Barcelona,2022,11,2022M11,1051.0,68.89,61.21,54.06,60477.0,18049.0,122157.0
08,Barcelona,2022,12,2022M12,1027.0,54.56,53.2,47.14,59378.0,17459.0,119805.0
08,Barcelona,2023,1,2023M01,993.0,55.36,51.03,45.6,59201.0,17109.0,119796.0
08,Barcelona,2023,2,2023M02,1032.0,71.73,61.35,56.78,60143.0,17611.0,121837.0
08,Barcelona,2023,3,2023M03,1075.0,73.19,65.98,59.54,62383.0,18244.0,126323.0
08,Barcelona,2023,4,2023M04,1103.0,77.3,74.48,68.83,67860.0,19824.0,137727.0
08,Barcelona,2023,5,2023M05,1116.0,77.6,73.05,66.77,74341.0,21446.0,151998.0
08,Barcelona,2023,6,2023M06,1159.0,80.15,74.08,68.76,76562.0,22631.0,156531.0
08,Barcelona,2023,7,2023M07,1153.0,82.45,78.88,75.95,76779.0,23231.0,157425.0
08,Barcelona,2023,8,2023M08,1146.0,83.97,80.43,78.68,77207.0,23465.0,158309.0
08,Barcelona,2023,9,2023M09,1182.0,81.2,72.71,68.77,77709.0,23186.0,159436.0
08,Barcelona,2023,10,2023M10,1148.0,80.5,72.11,67.52,72978.0,21832.0,149511.0
08,Barcelona,2023,11,2023M11,1053.0,73.68,64.57,57.93,60498.0,18376.0,122469.0
08,Barcelona,2023,12,2023M12,994.0,57.14,56.65,49.76,58714.0,17779.0,118995.0
08,Barcelona,2024,1,2024M01,961.0,59.68,51.82,47.89,58499.0,17390.0,119007.0
08,Barcelona,2024,2,2024M02,1028.0,72.38,62.14,57.62,60949.0,18741.0,123977.0
08,Barcelona,2024,3,2024M03,1082.0,71.7,67.73,60.76,65260.0,20069.0,133176.0
08,Barcelona,2024,4,2024M04,1110.0,78.77,70.41,65.69,68962.0,21223.0,140444.0
08,Barcelona,2024,5,2024M05,1160.0,80.4,75.06,69.83,76140.0,23431.0,156564.0
08,Barcelona,2024,6,2024M06,1215.0,82.1,74.55,70.92,79151.0,25042.0,162466.0
08,Barcelona,2024,7,2024M07,1199.0,81.95,78.32,74.46,78770.0,25416.0,162127.0
08,Barcelona,2024,8,2024M08,1187.0,83.68,79.73,78.65,77947.0,25488.0,160451.0
08,Barcelona,2024,9,2024M09,1181.0,82.45,71.87,68.58,78122.0,24933.0,160788.0
08,Barcelona,2024,10,2024M10,1176.0,78.52,70.48,65.99,73810.0,23415.0,151515.0
08,Barcelona,2024,11,2024M11,1082.0,72.51,62.92,56.78,62303.0,19994.0,126204.0
08,Barcelona,2024,12,2024M12,1055.0,57.48,57.86,49.85,60321.0,19474.0,122087.0
08,Barcelona,2025,1,2025M01,1001.0,60.33,52.74,47.82,60189.0,19313.0,122836.0
08,Barcelona,2025,2,2025M02,1071.0,69.62,61.81,55.55,61200.0,19967.0,125118.0
08,Barcelona,2025,3,2025M03,1094.0,71.86,63.71,57.31,64311.0,20396.0,131582.0
08,Barcelona,2025,4,2025M04,1127.0,76.91,69.25,66.74,68230.0,21830.0,140587.0
08,Barcelona,2025,5,2025M05,1190.0,80.6,70.71,66.79,75917.0,24506.0,157589.0
08,Barcelona,2025,6,2025M06,1202.0,81.42,74.9,69.81,78630.0,26047.0,163546.0
08,Barcelona,2025,7,2025M07,1217.0,82.79,76.35,74.76,78818.0,26600.0,164389.0
08,Barcelona,2025,8,2025M08,1187.0,84.48,79.18,77.77,78451.0,26335.0,163886.0
08,Barcelona,2025,9,2025M09,1183.0,82.2,72.82,67.83,77740.0,25439.0,162337.0
08,Barcelona,2025,10,2025M10,1180.0,80.63,69.21,66.96,75301.0,24277.0,156135.0
08,Barcelona,2025,11,2025M11,1068.0,73.94,63.23,57.57,62280.0,21088.0,127262.0
08,Barcelona,2025,12,2025M12,1055.0,60.87,58.52,51.81,61109.0,20299.0,124779.0
09,Burgos,2015,1,2015M01,172.0,21.14,22.47,19.02,4365.0,848.0,7904.0
09,Burgos,2015,2,2015M02,184.0,25.68,30.3,21.45,4630.0,883.0,8394.0
09,Burgos,2015,3,2015M03,193.0,31.19,38.68,27.99,4789.0,950.0,8712.0
09,Burgos,2015,4,2015M04,212.0,40.18,50.26,36.88,5098.0,1056.0,9341.0
09,Burgos,2015,5,2015M05,213.0,46.2,49.77,40.51,5086.0,1023.0,9324.0
09,Burgos,2015,6,2015M06,213.0,42.98,48.8,37.73,5081.0,1027.0,9314.0
09,Burgos,2015,7,2015M07,214.0,47.15,56.69,46.25,5100.0,1043.0,9358.0
09,Burgos,2015,8,2015M08,212.0,56.18,63.12,56.39,5092.0,1076.0,9345.0
09,Burgos,2015,9,2015M09,211.0,50.25,55.32,45.76,5067.0,1070.0,9296.0
09,Burgos,2015,10,2015M10,207.0,44.85,52.39,40.03,4991.0,998.0,9153.0
09,Burgos,2015,11,2015M11,191.0,32.72,39.23,27.05,4772.0,926.0,8712.0
09,Burgos,2015,12,2015M12,150.0,31.56,36.14,29.51,4045.0,862.0,7324.0
09,Burgos,2016,1,2016M01,167.0,26.48,25.94,22.86,4294.0,866.0,7864.0
09,Burgos,2016,2,2016M02,186.0,31.36,35.0,26.2,4567.0,906.0,8355.0
09,Burgos,2016,3,2016M03,199.0,37.18,46.08,33.86,4773.0,1010.0,8775.0
09,Burgos,2016,4,2016M04,213.0,39.23,44.58,33.7,5047.0,1032.0,9300.0
09,Burgos,2016,5,2016M05,216.0,47.48,50.43,40.61,5092.0,1077.0,9392.0
09,Burgos,2016,6,2016M06,213.0,48.47,53.0,41.59,5091.0,1083.0,9397.0
09,Burgos,2016,7,2016M07,212.0,54.61,61.89,52.62,5068.0,1083.0,9350.0
09,Burgos,2016,8,2016M08,217.0,60.85,66.81,60.9,5096.0,1105.0,9403.0
09,Burgos,2016,9,2016M09,210.0,55.55,56.78,49.19,5017.0,1084.0,9250.0
09,Burgos,2016,10,2016M10,210.0,50.92,56.72,45.41,4978.0,1046.0,9170.0
09,Burgos,2016,11,2016M11,187.0,38.44,37.2,31.61,4615.0,922.0,8500.0
09,Burgos,2016,12,2016M12,164.0,34.97,38.42,31.2,4264.0,872.0,7835.0
09,Burgos,2017,1,2017M01,167.0,29.96,28.01,24.35,4185.0,860.0,7683.0
09,Burgos,2017,2,2017M02,175.0,38.77,44.43,31.89,4441.0,904.0,8125.0
09,Burgos,2017,3,2017M03,196.0,40.9,44.96,34.31,4672.0,994.0,8567.0
09,Burgos,2017,4,2017M04,208.0,50.24,57.42,46.6,4856.0,1047.0,8916.0
09,Burgos,2017,5,2017M05,216.0,51.81,52.48,43.11,4972.0,1063.0,9143.0
09,Burgos,2017,6,2017M06,211.0,50.65,53.99,43.79,4924.0,1076.0,9052.0
09,Burgos,2017,7,2017M07,211.0,55.05,63.36,51.05,4897.0,1091.0,9038.0
09,Burgos,2017,8,2017M08,210.0,64.81,71.35,62.64,4857.0,1098.0,8961.0
09,Burgos,2017,9,2017M09,211.0,58.34,59.78,52.73,4921.0,1097.0,9077.0
09,Burgos,2017,10,2017M10,203.0,50.93,55.69,44.3,4810.0,1067.0,8861.0
09,Burgos,2017,11,2017M11,187.0,38.9,42.3,32.28,4585.0,934.0,8428.0
09,Burgos,2017,12,2017M12,173.0,33.11,39.27,30.8,4334.0,902.0,7954.0
09,Burgos,2018,1,2018M01,168.0,30.15,27.99,25.13,4185.0,891.0,7721.0
09,Burgos,2018,2,2018M02,184.0,33.35,38.28,27.84,4486.0,938.0,8240.0
09,Burgos,2018,3,2018M03,209.0,40.32,45.7,36.2,4874.0,1028.0,8985.0
09,Burgos,2018,4,2018M04,227.0,45.41,47.66,40.01,5125.0,1067.0,9458.0
09,Burgos,2018,5,2018M05,224.0,48.28,52.44,41.66,5082.0,1095.0,9374.0
09,Burgos,2018,6,2018M06,223.0,46.87,48.32,40.12,5046.0,1145.0,9331.0
09,Burgos,2018,7,2018M07,213.0,51.08,60.06,47.83,4950.0,1107.0,9177.0
09,Burgos,2018,8,2018M08,214.0,62.17,68.58,60.8,4956.0,1114.0,9132.0
09,Burgos,2018,9,2018M09,212.0,56.68,56.5,49.67,4929.0,1109.0,9115.0
09,Burgos,2018,10,2018M10,213.0,50.64,53.71,43.21,4956.0,1067.0,9143.0
09,Burgos,2018,11,2018M11,191.0,43.25,47.47,35.08,4636.0,1000.0,8567.0
09,Burgos,2018,12,2018M12,183.0,35.31,43.56,31.67,4439.0,885.0,8187.0
09,Burgos,2019,1,2019M01,165.0,28.39,26.3,23.2,3986.0,813.0,7382.0
09,Burgos,2019,2,2019M02,179.0,35.36,35.13,28.11,4412.0,883.0,8128.0
09,Burgos,2019,3,2019M03,200.0,40.95,47.08,35.48,4684.0,964.0,8647.0
09,Burgos,2019,4,2019M04,205.0,49.26,53.58,45.03,4773.0,993.0,8860.0
09,Burgos,2019,5,2019M05,207.0,53.78,54.14,45.41,4767.0,1021.0,8892.0
09,Burgos,2019,6,2019M06,208.0,53.99,53.7,45.65,4777.0,1026.0,8885.0
09,Burgos,2019,7,2019M07,212.0,54.07,60.68,50.02,4854.0,994.0,8969.0
09,Burgos,2019,8,2019M08,217.0,67.36,66.6,65.46,4994.0,1105.0,9238.0
09,Burgos,2019,9,2019M09,212.0,56.68,59.53,49.76,4907.0,1061.0,9088.0
09,Burgos,2019,10,2019M10,216.0,50.08,54.84,42.99,4994.0,1038.0,9245.0
09,Burgos,2019,11,2019M11,197.0,39.04,43.1,32.41,4623.0,949.0,8564.0
09,Burgos,2019,12,2019M12,192.0,35.2,47.8,31.79,4476.0,916.0,8271.0
09,Burgos,2020,1,2020M01,184.0,32.05,32.8,26.53,4340.0,875.0,8023.0
09,Burgos,2020,2,2020M02,170.0,38.77,43.89,31.77,4292.0,875.0,7996.0
09,Burgos,2020,3,2020M03,117.0,16.52,14.24,12.79,3103.0,544.0,5760.0
09,Burgos,2020,4,2020M04,0.0,0.0,0.0,0.0,0.0,0.0,0.0
09,Burgos,2020,5,2020M05,6.0,9.18,2.64,6.97,205.0,24.0,379.0
09,Burgos,2020,6,2020M06,68.0,21.89,11.92,15.83,1694.0,264.0,3031.0
09,Burgos,2020,7,2020M07,171.0,35.05,37.62,30.49,3793.0,677.0,7092.0
09,Burgos,2020,8,2020M08,172.0,39.55,38.62,36.54,4029.0,806.0,7588.0
09,Burgos,2020,9,2020M09,165.0,28.93,28.17,23.52,3934.0,779.0,7384.0
09,Burgos,2020,10,2020M10,136.0,25.67,20.88,20.13,3372.0,660.0,6296.0
09,Burgos,2020,11,2020M11,97.0,18.52,7.82,12.82,2747.0,397.0,5115.0
09,Burgos,2020,12,2020M12,90.0,18.47,9.29,13.35,2376.0,322.0,4379.0
09,Burgos,2021,1,2021M01,96.0,18.48,11.04,13.22,2318.0,371.0,4267.0
09,Burgos,2021,2,2021M02,93.0,20.91,11.15,14.71,2544.0,358.0,4715.0
09,Burgos,2021,3,2021M03,106.0,22.26,13.72,15.48,2737.0,402.0,5065.0
09,Burgos,2021,4,2021M04,116.0,23.61,16.47,16.55,2948.0,444.0,5570.0
09,Burgos,2021,5,2021M05,120.0,30.96,25.84,23.59,3095.0,484.0,5847.0
09,Burgos,2021,6,2021M06,157.0,36.42,39.99,29.18,3773.0,670.0,7113.0
09,Burgos,2021,7,2021M07,173.0,47.32,50.84,42.81,4241.0,822.0,7951.0
09,Burgos,2021,8,2021M08,177.0,63.96,66.5,60.51,4367.0,923.0,8180.0
09,Burgos,2021,9,2021M09,181.0,51.61,54.62,43.86,4407.0,888.0,8271.0
09,Burgos,2021,10,2021M10,166.0,54.7,58.23,46.46,4271.0,852.0,8020.0
09,Burgos,2021,11,2021M11,142.0,43.24,48.64,34.95,3907.0,796.0,7322.0
09,Burgos,2021,12,2021M12,137.0,34.49,35.33,30.78,3708.0,734.0,6936.0
09,Burgos,2022,1,2022M01,147.0,27.71,30.33,23.38,3912.0,737.0,7305.0
09,Burgos,2022,2,2022M02,169.0,37.12,44.34,31.29,4413.0,789.0,8168.0
09,Burgos,2022,3,2022M03,169.0,38.09,46.67,32.5,4557.0,866.0,8464.0
09,Burgos,2022,4,2022M04,192.0,45.64,52.64,41.41,4902.0,946.0,9175.0
09,Burgos,2022,5,2022M05,193.0,48.49,52.77,40.84,4868.0,1006.0,9148.0
09,Burgos,2022,6,2022M06,193.0,50.06,53.05,41.71,4846.0,993.0,9109.0
09,Burgos,2022,7,2022M07,194.0,56.76,59.12,51.58,4853.0,1039.0,9190.0
09,Burgos,2022,8,2022M08,198.0,64.78,68.06,62.75,4950.0,1070.0,9355.0
09,Burgos,2022,9,2022M09,187.0,56.49,56.0,49.38,4834.0,999.0,9146.0
09,Burgos,2022,10,2022M10,186.0,54.34,57.11,46.67,4770.0,1037.0,8868.0
09,Burgos,2022,11,2022M11,167.0,45.42,51.13,37.59,4414.0,892.0,8176.0
09,Burgos,2022,12,2022M12,159.0,36.61,36.14,33.73,4204.0,907.0,7787.0
09,Burgos,2023,1,2023M01,155.0,33.52,31.35,28.27,4249.0,862.0,7888.0
09,Burgos,2023,2,2023M02,156.0,41.24,42.16,32.59,4301.0,886.0,8002.0
09,Burgos,2023,3,2023M03,173.0,44.91,50.64,36.93,4520.0,954.0,8387.0
09,Burgos,2023,4,2023M04,188.0,55.71,60.65,49.53,4834.0,1035.0,9012.0
09,Burgos,2023,5,2023M05,189.0,55.91,55.01,45.37,4829.0,1042.0,9005.0
09,Burgos,2023,6,2023M06,188.0,54.18,53.13,45.35,4819.0,1048.0,8991.0
09,Burgos,2023,7,2023M07,187.0,59.1,60.24,53.76,4850.0,1092.0,9074.0
09,Burgos,2023,8,2023M08,201.0,67.02,69.12,62.58,4982.0,1241.0,9333.0
09,Burgos,2023,9,2023M09,194.0,60.57,59.02,52.3,4895.0,1071.0,9192.0
09,Burgos,2023,10,2023M10,182.0,56.37,60.81,48.56,4796.0,1063.0,8973.0
09,Burgos,2023,11,2023M11,167.0,45.89,48.94,37.18,4484.0,937.0,8350.0
09,Burgos,2023,12,2023M12,163.0,40.05,43.93,35.75,4294.0,911.0,7965.0
09,Burgos,2024,1,2024M01,135.0,35.63,35.05,29.05,4037.0,914.0,7571.0
09,Burgos,2024,2,2024M02,152.0,41.47,44.8,33.93,4357.0,927.0,8133.0
09,Burgos,2024,3,2024M03,138.0,48.18,54.49,42.6,4260.0,963.0,8116.0
09,Burgos,2024,4,2024M04,180.0,52.28,53.94,44.26,4787.0,1116.0,8934.0
09,Burgos,2024,5,2024M05,168.0,60.84,62.42,51.3,4695.0,1113.0,8757.0
09,Burgos,2024,6,2024M06,170.0,55.74,58.26,47.26,4564.0,1143.0,8635.0
09,Burgos,2024,7,2024M07,172.0,61.94,64.18,56.14,4705.0,1208.0,8784.0
09,Burgos,2024,8,2024M08,181.0,68.29,68.02,63.7,4816.0,1203.0,9015.0
09,Burgos,2024,9,2024M09,167.0,65.75,65.16,56.17,4688.0,1167.0,8751.0
09,Burgos,2024,10,2024M10,170.0,60.56,60.8,51.24,4641.0,1132.0,8667.0
09,Burgos,2024,11,2024M11,146.0,55.77,57.33,45.32,4204.0,1072.0,7949.0
09,Burgos,2024,12,2024M12,143.0,45.28,52.16,39.3,3982.0,1034.0,7574.0
09,Burgos,2025,1,2025M01,135.0,38.13,40.6,31.03,3958.0,1025.0,7504.0
09,Burgos,2025,2,2025M02,142.0,42.73,47.9,34.25,4169.0,1050.0,7871.0
09,Burgos,2025,3,2025M03,137.0,48.25,52.34,39.5,4077.0,1063.0,7794.0
09,Burgos,2025,4,2025M04,167.0,56.44,56.89,48.75,4551.0,1080.0,8722.0
09,Burgos,2025,5,2025M05,162.0,66.24,63.21,53.95,4399.0,1100.0,8433.0
09,Burgos,2025,6,2025M06,165.0,61.16,61.93,51.13,4446.0,1123.0,8536.0
09,Burgos,2025,7,2025M07,169.0,66.66,68.5,59.84,4491.0,1098.0,8613.0
09,Burgos,2025,8,2025M08,176.0,69.7,71.36,64.56,4551.0,1242.0,8717.0
09,Burgos,2025,9,2025M09,172.0,67.68,64.54,55.99,4470.0,1166.0,8531.0
09,Burgos,2025,10,2025M10,172.0,63.45,62.58,52.12,4649.0,1214.0,8882.0
09,Burgos,2025,11,2025M11,161.0,55.0,51.75,44.36,4391.0,1111.0,8331.0
09,Burgos,2025,12,2025M12,155.0,46.54,49.35,39.47,4090.0,1014.0,7786.0
10,Cáceres,2015,1,2015M01,220.0,20.32,22.58,16.56,4447.0,933.0,8479.0
10,Cáceres,2015,2,2015M02,233.0,24.6,35.01,21.77,4773.0,984.0,9113.0
10,Cáceres,2015,3,2015M03,237.0,30.13,41.16,27.62,5140.0,1124.0,9820.0
10,Cáceres,2015,4,2015M04,249.0,41.15,51.2,38.56,5458.0,1230.0,10453.0
10,Cáceres,2015,5,2015M05,255.0,36.89,47.25,33.16,5518.0,1294.0,10575.0
10,Cáceres,2015,6,2015M06,257.0,33.53,43.6,29.88,5645.0,1310.0,10839.0
10,Cáceres,2015,7,2015M07,254.0,30.94,40.36,29.41,5509.0,1278.0,10589.0
10,Cáceres,2015,8,2015M08,251.0,39.46,48.26,38.98,5483.0,1327.0,10534.0
10,Cáceres,2015,9,2015M09,245.0,38.1,43.76,34.7,5412.0,1248.0,10394.0
10,Cáceres,2015,10,2015M10,255.0,40.34,47.21,36.31,5455.0,1292.0,10487.0
10,Cáceres,2015,11,2015M11,241.0,29.49,39.41,25.61,5273.0,1241.0,10112.0
10,Cáceres,2015,12,2015M12,220.0,26.34,30.04,24.41,4947.0,1204.0,9487.0
10,Cáceres,2016,1,2016M01,210.0,24.29,28.4,20.59,4521.0,1031.0,8715.0
10,Cáceres,2016,2,2016M02,223.0,30.22,39.92,25.93,4880.0,1095.0,9417.0
10,Cáceres,2016,3,2016M03,233.0,38.38,47.39,35.79,5155.0,1179.0,9927.0
10,Cáceres,2016,4,2016M04,239.0,40.86,47.54,36.05,5325.0,1262.0,10329.0
10,Cáceres,2016,5,2016M05,238.0,41.82,47.27,36.29,5314.0,1294.0,10314.0
10,Cáceres,2016,6,2016M06,238.0,36.5,48.65,32.12,5309.0,1285.0,10308.0
10,Cáceres,2016,7,2016M07,240.0,38.09,46.73,35.95,5299.0,1293.0,10226.0
10,Cáceres,2016,8,2016M08,240.0,45.91,53.37,45.48,5325.0,1350.0,10269.0
10,Cáceres,2016,9,2016M09,230.0,42.65,50.29,38.26,5265.0,1300.0,10156.0
10,Cáceres,2016,10,2016M10,235.0,43.05,50.66,38.45,5278.0,1289.0,10179.0
10,Cáceres,2016,11,2016M11,237.0,39.34,42.8,31.1,5228.0,1236.0,10065.0
10,Cáceres,2016,12,2016M12,213.0,31.24,33.74,26.75,4794.0,1191.0,9251.0
10,Cáceres,2017,1,2017M01,202.0,23.19,29.64,19.77,4493.0,1058.0,8588.0
10,Cáceres,2017,2,2017M02,217.0,28.49,38.58,24.67,4883.0,1149.0,9357.0
10,Cáceres,2017,3,2017M03,224.0,34.57,46.49,30.34,5012.0,1197.0,9613.0
10,Cáceres,2017,4,2017M04,229.0,51.42,56.84,47.42,5199.0,1339.0,9995.0
10,Cáceres,2017,5,2017M05,224.0,39.87,43.01,34.64,5229.0,1337.0,10072.0
10,Cáceres,2017,6,2017M06,227.0,36.31,45.29,32.01,5283.0,1322.0,10169.0
10,Cáceres,2017,7,2017M07,220.0,35.32,44.08,33.61,5229.0,1322.0,10087.0
10,Cáceres,2017,8,2017M08,233.0,44.77,54.5,45.06,5330.0,1389.0,10258.0
10,Cáceres,2017,9,2017M09,215.0,45.04,54.44,41.39,5029.0,1356.0,9712.0
10,Cáceres,2017,10,2017M10,228.0,44.41,55.97,40.38,5206.0,1307.0,10014.0
10,Cáceres,2017,11,2017M11,215.0,36.95,48.19,31.98,4979.0,1249.0,9561.0
10,Cáceres,2017,12,2017M12,200.0,29.89,36.07,27.44,4477.0,1200.0,8593.0
10,Cáceres,2018,1,2018M01,196.0,24.96,30.9,21.7,4372.0,1009.0,8409.0
10,Cáceres,2018,2,2018M02,201.0,32.04,43.1,27.56,4689.0,1117.0,9030.0
10,Cáceres,2018,3,2018M03,211.0,36.94,46.85,33.77,4976.0,1207.0,9590.0
10,Cáceres,2018,4,2018M04,216.0,48.08,57.71,42.87,5124.0,1260.0,9883.0
10,Cáceres,2018,5,2018M05,209.0,43.46,49.77,39.15,5066.0,1306.0,9769.0
10,Cáceres,2018,6,2018M06,214.0,39.47,51.32,35.59,5106.0,1298.0,9848.0
10,Cáceres,2018,7,2018M07,213.0,36.95,51.7,35.43,5029.0,1272.0,9688.0
10,Cáceres,2018,8,2018M08,212.0,46.52,55.29,47.02,5029.0,1302.0,9693.0
10,Cáceres,2018,9,2018M09,204.0,43.45,53.48,40.05,4852.0,1250.0,9367.0
10,Cáceres,2018,10,2018M10,204.0,46.26,61.51,41.69,4861.0,1218.0,9370.0
10,Cáceres,2018,11,2018M11,206.0,38.48,52.05,33.9,4867.0,1190.0,9382.0
10,Cáceres,2018,12,2018M12,181.0,30.51,42.49,28.14,4394.0,1126.0,8466.0
10,Cáceres,2019,1,2019M01,193.0,26.02,32.99,21.79,4483.0,1029.0,8650.0
10,Cáceres,2019,2,2019M02,199.0,29.34,38.56,24.85,4716.0,1096.0,9111.0
10,Cáceres,2019,3,2019M03,198.0,41.8,54.25,36.49,4801.0,1197.0,9312.0
10,Cáceres,2019,4,2019M04,206.0,49.0,56.89,45.35,4966.0,1276.0,9616.0
10,Cáceres,2019,5,2019M05,207.0,44.44,52.11,39.78,4980.0,1349.0,9641.0
10,Cáceres,2019,6,2019M06,204.0,42.9,53.77,38.19,4959.0,1300.0,9588.0
10,Cáceres,2019,7,2019M07,197.0,39.0,50.53,37.06,4886.0,1243.0,9446.0
10,Cáceres,2019,8,2019M08,201.0,47.2,51.59,47.14,4915.0,1269.0,9498.0
10,Cáceres,2019,9,2019M09,204.0,46.39,53.98,41.11,4862.0,1260.0,9387.0
10,Cáceres,2019,10,2019M10,200.0,46.43,56.71,39.98,4811.0,1249.0,9338.0
10,Cáceres,2019,11,2019M11,203.0,37.59,47.17,32.03,4790.0,1190.0,9286.0
10,Cáceres,2019,12,2019M12,187.0,31.21,41.55,28.2,4351.0,1107.0,8415.0
10,Cáceres,2020,1,2020M01,188.0,27.7,33.77,24.11,4307.0,989.0,8401.0
10,Cáceres,2020,2,2020M02,199.0,34.52,46.74,29.83,4587.0,1080.0,8941.0
10,Cáceres,2020,3,2020M03,199.0,17.79,19.36,14.33,3840.0,888.0,7393.0
10,Cáceres,2020,4,2020M04,0.0,0.0,0.0,0.0,0.0,0.0,0.0
10,Cáceres,2020,5,2020M05,36.0,27.25,8.98,17.41,734.0,93.0,1363.0
10,Cáceres,2020,6,2020M06,88.0,20.03,11.65,13.68,2020.0,440.0,3948.0
10,Cáceres,2020,7,2020M07,166.0,29.06,33.78,26.45,3802.0,816.0,7451.0
10,Cáceres,2020,8,2020M08,180.0,36.74,38.38,36.06,4217.0,980.0,8269.0
10,Cáceres,2020,9,2020M09,185.0,26.81,28.31,23.13,4314.0,1000.0,8430.0
10,Cáceres,2020,10,2020M10,189.0,22.12,20.9,18.02,4311.0,919.0,8404.0
10,Cáceres,2020,11,2020M11,168.0,17.4,14.56,13.27,3884.0,722.0,7540.0
10,Cáceres,2020,12,2020M12,143.0,16.07,13.77,13.4,3336.0,597.0,6480.0
10,Cáceres,2021,1,2021M01,126.0,10.31,4.43,7.24,2998.0,496.0,5763.0
10,Cáceres,2021,2,2021M02,127.0,14.74,12.4,10.88,3013.0,472.0,5864.0
10,Cáceres,2021,3,2021M03,166.0,22.71,24.96,17.91,3751.0,667.0,7310.0
10,Cáceres,2021,4,2021M04,171.0,18.2,17.32,13.39,3870.0,703.0,7563.0
10,Cáceres,2021,5,2021M05,179.0,25.39,29.05,20.97,4070.0,805.0,7929.0
10,Cáceres,2021,6,2021M06,190.0,33.91,40.65,28.82,4381.0,989.0,8543.0
10,Cáceres,2021,7,2021M07,175.0,38.58,44.03,36.08,4268.0,1016.0,8274.0
10,Cáceres,2021,8,2021M08,189.0,50.03,53.99,48.49,4458.0,1088.0,8694.0
10,Cáceres,2021,9,2021M09,186.0,48.11,49.43,42.16,4350.0,1094.0,8465.0
10,Cáceres,2021,10,2021M10,190.0,50.75,48.57,42.33,4627.0,1128.0,9051.0
10,Cáceres,2021,11,2021M11,187.0,39.94,44.73,31.68,4499.0,1037.0,8797.0
10,Cáceres,2021,12,2021M12,184.0,31.51,31.18,27.58,4456.0,1070.0,8698.0
10,Cáceres,2022,1,2022M01,175.0,27.0,29.21,22.24,3905.0,859.0,7557.0
10,Cáceres,2022,2,2022M02,183.0,36.86,45.42,30.9,4313.0,1017.0,8369.0
10,Cáceres,2022,3,2022M03,197.0,37.43,44.22,31.63,4581.0,1139.0,8910.0
10,Cáceres,2022,4,2022M04,202.0,51.26,56.75,46.15,4815.0,1225.0,9373.0
10,Cáceres,2022,5,2022M05,198.0,46.54,49.85,39.35,4787.0,1247.0,9313.0
10,Cáceres,2022,6,2022M06,195.0,41.75,52.63,36.17,4813.0,1270.0,9342.0
10,Cáceres,2022,7,2022M07,184.0,40.6,47.93,37.9,4638.0,1250.0,9002.0
10,Cáceres,2022,8,2022M08,190.0,47.75,54.48,45.51,4678.0,1280.0,9087.0
10,Cáceres,2022,9,2022M09,193.0,48.36,52.28,42.57,4688.0,1285.0,9129.0
10,Cáceres,2022,10,2022M10,190.0,49.44,53.82,42.81,4753.0,1253.0,9235.0
10,Cáceres,2022,11,2022M11,186.0,41.22,46.32,33.84,4656.0,1172.0,9064.0
10,Cáceres,2022,12,2022M12,170.0,32.03,31.09,28.56,4204.0,1147.0,8158.0
10,Cáceres,2023,1,2023M01,165.0,29.88,32.97,25.2,4008.0,984.0,7784.0
10,Cáceres,2023,2,2023M02,180.0,36.47,42.44,31.08,4318.0,1061.0,8359.0
10,Cáceres,2023,3,2023M03,190.0,42.27,49.71,36.7,4659.0,1203.0,9037.0
10,Cáceres,2023,4,2023M04,206.0,55.38,59.6,49.55,4916.0,1305.0,9544.0
10,Cáceres,2023,5,2023M05,208.0,46.85,47.9,39.51,4942.0,1310.0,9593.0
10,Cáceres,2023,6,2023M06,202.0,41.58,49.24,36.31,4920.0,1299.0,9550.0
10,Cáceres,2023,7,2023M07,202.0,41.22,45.22,38.18,4833.0,1305.0,9427.0
10,Cáceres,2023,8,2023M08,210.0,48.12,52.65,45.68,4937.0,1318.0,9586.0
10,Cáceres,2023,9,2023M09,205.0,47.76,50.49,41.9,4867.0,1306.0,9480.0
10,Cáceres,2023,10,2023M10,201.0,45.04,55.22,39.17,4861.0,1286.0,9425.0
10,Cáceres,2023,11,2023M11,196.0,39.38,48.05,33.67,4749.0,1229.0,9212.0
10,Cáceres,2023,12,2023M12,175.0,32.97,36.07,30.11,4375.0,1140.0,8445.0
10,Cáceres,2024,1,2024M01,166.0,29.65,34.92,24.63,4122.0,1036.0,7956.0
10,Cáceres,2024,2,2024M02,187.0,36.6,43.07,31.24,4439.0,1093.0,8610.0
10,Cáceres,2024,3,2024M03,197.0,44.38,50.16,39.96,4731.0,1210.0,9212.0
10,Cáceres,2024,4,2024M04,203.0,49.62,54.23,42.91,4812.0,1285.0,9377.0
10,Cáceres,2024,5,2024M05,210.0,50.2,55.06,43.47,4839.0,1314.0,9410.0
10,Cáceres,2024,6,2024M06,209.0,45.19,50.52,39.84,4846.0,1318.0,9439.0
10,Cáceres,2024,7,2024M07,199.0,44.29,48.49,39.86,4740.0,1338.0,9220.0
10,Cáceres,2024,8,2024M08,206.0,51.37,52.52,47.86,4930.0,1392.0,9584.0
10,Cáceres,2024,9,2024M09,200.0,51.65,55.5,44.07,4820.0,1364.0,9373.0
10,Cáceres,2024,10,2024M10,206.0,49.66,52.97,41.34,4928.0,1317.0,9606.0
10,Cáceres,2024,11,2024M11,207.0,44.76,48.48,37.71,4824.0,1273.0,9403.0
10,Cáceres,2024,12,2024M12,197.0,34.26,44.02,30.22,4560.0,1210.0,8884.0
10,Cáceres,2025,1,2025M01,172.0,28.63,32.08,23.47,4063.0,1071.0,7906.0
10,Cáceres,2025,2,2025M02,187.0,38.42,44.33,31.19,4336.0,1044.0,8394.0
10,Cáceres,2025,3,2025M03,199.0,39.86,42.49,32.93,4629.0,1203.0,8998.0
10,Cáceres,2025,4,2025M04,200.0,51.57,54.91,45.22,4669.0,1243.0,9119.0
10,Cáceres,2025,5,2025M05,202.0,48.2,49.63,41.28,4728.0,1305.0,9221.0
10,Cáceres,2025,6,2025M06,201.0,43.97,48.74,38.2,4778.0,1319.0,9300.0
10,Cáceres,2025,7,2025M07,199.0,42.82,50.26,39.2,4740.0,1325.0,9220.0
10,Cáceres,2025,8,2025M08,195.0,45.7,49.1,42.88,4657.0,1317.0,9041.0
10,Cáceres,2025,9,2025M09,197.0,46.81,49.32,40.63,4709.0,1309.0,9154.0
10,Cáceres,2025,10,2025M10,198.0,49.7,54.16,42.33,4689.0,1339.0,9130.0
10,Cáceres,2025,11,2025M11,197.0,41.59,45.73,35.05,4605.0,1271.0,8953.0
10,Cáceres,2025,12,2025M12,182.0,34.26,43.18,29.69,4352.0,1227.0,8436.0
11,Cádiz,2015,1,2015M01,260.0,28.53,28.68,22.85,9854.0,2069.0,20307.0
11,Cádiz,2015,2,2015M02,284.0,42.09,49.16,34.86,11825.0,2593.0,24427.0
11,Cádiz,2015,3,2015M03,318.0,39.97,40.93,33.21,13895.0,3189.0,29309.0
11,Cádiz,2015,4,2015M04,445.0,44.21,47.0,38.32,19881.0,4967.0,43230.0
11,Cádiz,2015,5,2015M05,466.0,53.56,59.82,46.14,20997.0,5710.0,45972.0
11,Cádiz,2015,6,2015M06,483.0,61.17,65.53,54.78,21234.0,6512.0,46602.0
11,Cádiz,2015,7,2015M07,492.0,71.22,77.21,69.61,21199.0,7192.0,46503.0
11,Cádiz,2015,8,2015M08,497.0,84.61,81.0,79.24,21424.0,7587.0,46971.0
11,Cádiz,2015,9,2015M09,483.0,69.78,67.94,61.91,21328.0,6935.0,46928.0
11,Cádiz,2015,10,2015M10,423.0,55.53,52.27,46.62,19549.0,5728.0,43188.0
11,Cádiz,2015,11,2015M11,331.0,41.15,38.65,32.79,12397.0,3107.0,26126.0
11,Cádiz,2015,12,2015M12,284.0,33.68,32.6,28.8,10605.0,2518.0,22420.0
11,Cádiz,2016,1,2016M01,307.0,29.97,28.53,23.69,10316.0,2317.0,21320.0
11,Cádiz,2016,2,2016M02,311.0,43.99,50.39,36.48,11580.0,2791.0,24127.0
11,Cádiz,2016,3,2016M03,361.0,45.14,47.61,38.38,16226.0,3998.0,35396.0
11,Cádiz,2016,4,2016M04,438.0,47.5,47.35,38.44,19559.0,5086.0,43532.0
11,Cádiz,2016,5,2016M05,458.0,55.61,56.75,47.13,20886.0,6219.0,46629.0
11,Cádiz,2016,6,2016M06,474.0,67.17,68.74,59.33,21190.0,7174.0,47185.0
11,Cádiz,2016,7,2016M07,495.0,78.36,79.61,76.26,21424.0,7790.0,47273.0
11,Cádiz,2016,8,2016M08,513.0,84.73,83.88,81.79,21652.0,8120.0,47674.0
11,Cádiz,2016,9,2016M09,503.0,73.2,70.9,63.86,21497.0,7380.0,47365.0
11,Cádiz,2016,10,2016M10,418.0,62.31,58.22,52.12,19758.0,6188.0,43759.0
11,Cádiz,2016,11,2016M11,306.0,40.09,41.48,31.9,12037.0,2987.0,25106.0
11,Cádiz,2016,12,2016M12,293.0,33.43,34.18,28.77,10632.0,2575.0,21865.0
11,Cádiz,2017,1,2017M01,287.0,34.56,32.34,27.13,10222.0,2508.0,21007.0
11,Cádiz,2017,2,2017M02,322.0,42.64,43.62,34.6,12230.0,2854.0,25169.0
11,Cádiz,2017,3,2017M03,368.0,48.19,46.24,37.18,14483.0,3726.0,30911.0
11,Cádiz,2017,4,2017M04,466.0,53.62,59.45,46.7,20533.0,6101.0,45226.0
11,Cádiz,2017,5,2017M05,481.0,60.52,63.76,50.04,21237.0,6523.0,47032.0
11,Cádiz,2017,6,2017M06,507.0,69.25,71.88,62.61,21663.0,7366.0,47799.0
11,Cádiz,2017,7,2017M07,522.0,76.86,78.99,72.56,21956.0,8172.0,48637.0
11,Cádiz,2017,8,2017M08,521.0,84.22,82.58,79.78,21975.0,8310.0,48686.0
11,Cádiz,2017,9,2017M09,513.0,76.84,71.0,66.53,21838.0,7717.0,48413.0
11,Cádiz,2017,10,2017M10,410.0,65.06,66.23,55.31,19914.0,6351.0,44066.0
11,Cádiz,2017,11,2017M11,304.0,43.39,46.1,34.26,12122.0,3265.0,25541.0
11,Cádiz,2017,12,2017M12,267.0,36.94,40.66,31.82,10863.0,2788.0,22806.0
11,Cádiz,2018,1,2018M01,296.0,35.85,32.96,27.76,10313.0,2548.0,21403.0
11,Cádiz,2018,2,2018M02,331.0,44.49,49.5,35.97,12376.0,2882.0,26063.0
11,Cádiz,2018,3,2018M03,382.0,45.7,44.8,37.34,16000.0,4289.0,34689.0
11,Cádiz,2018,4,2018M04,479.0,49.59,48.75,40.88,20548.0,5723.0,44968.0
11,Cádiz,2018,5,2018M05,494.0,61.31,63.73,50.75,21857.0,6955.0,48240.0
11,Cádiz,2018,6,2018M06,518.0,67.55,68.93,59.33,22186.0,7716.0,48918.0
11,Cádiz,2018,7,2018M07,538.0,75.97,80.48,72.18,22939.0,8505.0,50391.0
11,Cádiz,2018,8,2018M08,546.0,83.39,81.74,79.85,23066.0,8687.0,50656.0
11,Cádiz,2018,9,2018M09,524.0,76.33,71.24,65.95,22682.0,8079.0,49799.0
11,Cádiz,2018,10,2018M10,403.0,63.44,66.67,53.21,20233.0,6682.0,44454.0
11,Cádiz,2018,11,2018M11,323.0,45.05,47.33,35.86,12412.0,3089.0,26036.0
11,Cádiz,2018,12,2018M12,318.0,38.06,40.4,31.53,11734.0,2792.0,24704.0
11,Cádiz,2019,1,2019M01,305.0,38.67,37.7,28.95,10956.0,2706.0,23440.0
11,Cádiz,2019,2,2019M02,340.0,44.66,44.32,34.3,12953.0,3144.0,27584.0
11,Cádiz,2019,3,2019M03,391.0,51.44,52.93,40.47,15102.0,3813.0,32267.0
11,Cádiz,2019,4,2019M04,457.0,54.61,53.11,45.99,20553.0,5964.0,44850.0
11,Cádiz,2019,5,2019M05,509.0,61.79,62.92,50.78,22286.0,6923.0,48988.0
11,Cádiz,2019,6,2019M06,515.0,68.0,71.37,60.26,22788.0,7895.0,50246.0
11,Cádiz,2019,7,2019M07,538.0,76.61,79.64,72.36,23126.0,8639.0,50933.0
11,Cádiz,2019,8,2019M08,545.0,84.76,81.98,81.42,23405.0,8922.0,51548.0
11,Cádiz,2019,9,2019M09,522.0,75.12,72.76,65.76,23120.0,8294.0,50746.0
11,Cádiz,2019,10,2019M10,447.0,59.58,63.11,48.57,21292.0,6906.0,47079.0
11,Cádiz,2019,11,2019M11,355.0,44.2,44.66,35.15,12857.0,3238.0,27151.0
11,Cádiz,2019,12,2019M12,320.0,37.81,42.24,31.28,11293.0,2704.0,23869.0
11,Cádiz,2020,1,2020M01,317.0,35.27,33.78,26.55,10618.0,2526.0,22763.0
11,Cádiz,2020,2,2020M02,352.0,45.66,54.04,37.66,12942.0,3132.0,27623.0
11,Cádiz,2020,3,2020M03,337.0,30.44,29.57,23.34,10316.0,2379.0,21279.0
11,Cádiz,2020,4,2020M04,0.0,0.0,0.0,0.0,0.0,0.0,0.0
11,Cádiz,2020,5,2020M05,49.0,24.55,7.93,16.43,1140.0,170.0,2467.0
11,Cádiz,2020,6,2020M06,234.0,30.32,39.26,25.75,7271.0,2091.0,15772.0
11,Cádiz,2020,7,2020M07,497.0,48.82,51.29,45.38,21073.0,6271.0,46106.0
11,Cádiz,2020,8,2020M08,511.0,61.96,63.87,59.01,21927.0,6962.0,48117.0
11,Cádiz,2020,9,2020M09,459.0,37.77,44.56,33.34,18659.0,5143.0,40538.0
11,Cádiz,2020,10,2020M10,292.0,29.6,30.88,24.3,11773.0,2614.0,25166.0
11,Cádiz,2020,11,2020M11,217.0,20.75,14.46,14.17,6836.0,1276.0,14206.0
11,Cádiz,2020,12,2020M12,212.0,22.05,18.86,15.68,6048.0,1014.0,12678.0
11,Cádiz,2021,1,2021M01,226.0,20.02,14.02,13.71,6034.0,1011.0,12781.0
11,Cádiz,2021,2,2021M02,233.0,24.48,16.71,16.11,6357.0,1089.0,13367.0
11,Cádiz,2021,3,2021M03,247.0,27.14,22.28,18.54,6816.0,1226.0,14349.0
11,Cádiz,2021,4,2021M04,258.0,26.63,26.76,19.63,7560.0,1366.0,15925.0
11,Cádiz,2021,5,2021M05,341.0,39.86,52.66,33.31,13145.0,2845.0,28428.0
11,Cádiz,2021,6,2021M06,463.0,52.69,64.5,47.93,20316.0,6300.0,45193.0
11,Cádiz,2021,7,2021M07,515.0,71.28,70.25,68.69,22717.0,8093.0,50120.0
11,Cádiz,2021,8,2021M08,528.0,81.99,77.46,76.71,23053.0,8842.0,50867.0
11,Cádiz,2021,9,2021M09,501.0,67.96,70.79,58.72,22095.0,7716.0,48316.0
11,Cádiz,2021,10,2021M10,384.0,55.05,52.82,45.7,17770.0,5678.0,38667.0
11,Cádiz,2021,11,2021M11,267.0,43.64,43.0,32.89,11155.0,2949.0,23700.0
11,Cádiz,2021,12,2021M12,246.0,36.06,31.1,28.58,9466.0,2230.0,20153.0
11,Cádiz,2022,1,2022M01,262.0,30.97,28.59,22.77,9363.0,2126.0,20024.0
11,Cádiz,2022,2,2022M02,289.0,45.11,49.25,35.62,10831.0,2645.0,23192.0
11,Cádiz,2022,3,2022M03,354.0,44.15,43.7,33.17,13541.0,3514.0,29396.0
11,Cádiz,2022,4,2022M04,434.0,53.3,56.18,44.55,20713.0,6395.0,45661.0
11,Cádiz,2022,5,2022M05,473.0,58.26,62.64,48.07,22206.0,7180.0,49117.0
11,Cádiz,2022,6,2022M06,501.0,67.42,70.18,61.03,22719.0,8192.0,50273.0
11,Cádiz,2022,7,2022M07,534.0,77.29,75.13,72.45,23422.0,9225.0,51900.0
11,Cádiz,2022,8,2022M08,534.0,85.42,81.45,79.88,23511.0,9149.0,52073.0
11,Cádiz,2022,9,2022M09,499.0,73.3,70.56,62.77,22985.0,8606.0,50970.0
11,Cádiz,2022,10,2022M10,420.0,56.35,56.42,46.55,21128.0,7219.0,46873.0
11,Cádiz,2022,11,2022M11,339.0,47.39,47.24,36.32,12242.0,3488.0,26028.0
11,Cádiz,2022,12,2022M12,311.0,38.17,33.7,30.65,11050.0,3146.0,23609.0
11,Cádiz,2023,1,2023M01,257.0,37.46,34.87,28.36,9976.0,2682.0,21390.0
11,Cádiz,2023,2,2023M02,311.0,50.42,50.3,38.98,12135.0,3161.0,25963.0
11,Cádiz,2023,3,2023M03,346.0,50.78,49.8,37.94,14030.0,4127.0,30442.0
11,Cádiz,2023,4,2023M04,459.0,57.84,59.46,48.87,21807.0,7077.0,48168.0
11,Cádiz,2023,5,2023M05,478.0,57.06,56.5,47.18,22741.0,7975.0,50377.0
11,Cádiz,2023,6,2023M06,507.0,67.34,68.39,59.94,23565.0,9191.0,52140.0
11,Cádiz,2023,7,2023M07,538.0,75.91,75.91,71.4,23558.0,9965.0,52024.0
11,Cádiz,2023,8,2023M08,537.0,84.23,81.25,78.78,24057.0,10194.0,53121.0
11,Cádiz,2023,9,2023M09,498.0,72.93,67.87,63.57,23456.0,9396.0,51859.0
11,Cádiz,2023,10,2023M10,409.0,62.71,62.26,52.18,21458.0,7747.0,47486.0
11,Cádiz,2023,11,2023M11,317.0,49.72,48.84,37.11,12434.0,3628.0,26652.0
11,Cádiz,2023,12,2023M12,273.0,43.38,41.22,35.49,10988.0,3208.0,23783.0
11,Cádiz,2024,1,2024M01,243.0,40.21,35.97,29.86,10152.0,2966.0,21869.0
11,Cádiz,2024,2,2024M02,294.0,53.02,52.86,41.3,12271.0,3418.0,26117.0
11,Cádiz,2024,3,2024M03,363.0,49.94,48.56,41.44,16810.0,5186.0,36404.0
11,Cádiz,2024,4,2024M04,438.0,53.68,56.67,43.95,22191.0,7621.0,49114.0
11,Cádiz,2024,5,2024M05,482.0,64.34,67.89,55.07,23388.0,8857.0,51767.0
11,Cádiz,2024,6,2024M06,495.0,69.29,72.82,62.18,23819.0,9556.0,52577.0
11,Cádiz,2024,7,2024M07,533.0,76.86,78.88,72.11,24136.0,10526.0,53448.0
11,Cádiz,2024,8,2024M08,542.0,83.1,79.93,78.74,23934.0,10349.0,52910.0
11,Cádiz,2024,9,2024M09,507.0,74.77,70.8,63.56,23330.0,9687.0,51732.0
11,Cádiz,2024,10,2024M10,412.0,62.27,62.25,50.63,21433.0,8662.0,47646.0
11,Cádiz,2024,11,2024M11,319.0,54.16,50.54,41.04,12924.0,3915.0,27592.0
11,Cádiz,2024,12,2024M12,309.0,39.02,42.6,31.27,11711.0,3634.0,25193.0
11,Cádiz,2025,1,2025M01,254.0,44.2,39.75,34.21,10824.0,3159.0,23077.0
11,Cádiz,2025,2,2025M02,266.0,52.76,51.8,40.61,11864.0,3444.0,25359.0
11,Cádiz,2025,3,2025M03,325.0,52.76,49.23,40.29,14342.0,4542.0,30929.0
11,Cádiz,2025,4,2025M04,462.0,54.21,59.34,46.51,22063.0,8121.0,48558.0
11,Cádiz,2025,5,2025M05,492.0,65.43,66.8,54.6,23304.0,9280.0,51633.0
11,Cádiz,2025,6,2025M06,519.0,71.85,75.86,64.55,23555.0,10200.0,52180.0
11,Cádiz,2025,7,2025M07,539.0,80.0,81.73,75.54,23895.0,10651.0,52852.0
11,Cádiz,2025,8,2025M08,549.0,84.95,81.92,81.05,24020.0,11176.0,53171.0
11,Cádiz,2025,9,2025M09,533.0,74.84,72.71,64.88,23868.0,10538.0,52887.0
11,Cádiz,2025,10,2025M10,421.0,66.55,65.1,55.23,21453.0,8626.0,47655.0
11,Cádiz,2025,11,2025M11,333.0,54.59,52.92,42.67,13489.0,5082.0,28967.0
11,Cádiz,2025,12,2025M12,286.0,43.06,45.9,35.67,11892.0,4429.0,25709.0
12,Castellón/Castelló,2015,1,2015M01,138.0,26.97,29.98,24.9,5011.0,866.0,10038.0
12,Castellón/Castelló,2015,2,2015M02,147.0,36.96,40.61,32.04,5710.0,1120.0,11519.0
12,Castellón/Castelló,2015,3,2015M03,163.0,44.42,49.93,39.59,7683.0,1721.0,16249.0
12,Castellón/Castelló,2015,4,2015M04,199.0,46.71,59.44,44.82,9970.0,2183.0,20813.0
12,Castellón/Castelló,2015,5,2015M05,197.0,43.97,53.33,42.32,9740.0,2023.0,19669.0
12,Castellón/Castelló,2015,6,2015M06,219.0,53.0,66.87,53.02,11295.0,2739.0,23524.0
12,Castellón/Castelló,2015,7,2015M07,228.0,65.57,75.54,69.57,11989.0,3228.0,24900.0
12,Castellón/Castelló,2015,8,2015M08,239.0,76.98,83.46,80.61,12226.0,3536.0,25364.0
12,Castellón/Castelló,2015,9,2015M09,224.0,62.67,70.1,61.26,11814.0,3003.0,24524.0
12,Castellón/Castelló,2015,10,2015M10,178.0,48.07,55.68,45.16,8760.0,1966.0,17694.0
12,Castellón/Castelló,2015,11,2015M11,153.0,29.94,41.1,25.14,5678.0,867.0,11310.0
12,Castellón/Castelló,2015,12,2015M12,142.0,27.89,31.99,25.93,5221.0,803.0,10412.0
12,Castellón/Castelló,2016,1,2016M01,148.0,26.85,35.56,22.99,5301.0,748.0,10593.0
12,Castellón/Castelló,2016,2,2016M02,154.0,36.42,45.29,31.25,6518.0,1146.0,13419.0
12,Castellón/Castelló,2016,3,2016M03,191.0,44.85,52.61,42.63,9435.0,1800.0,19772.0
12,Castellón/Castelló,2016,4,2016M04,203.0,40.6,43.49,35.3,10104.0,2005.0,21107.0
12,Castellón/Castelló,2016,5,2016M05,210.0,46.82,51.64,39.9,10657.0,2250.0,22218.0
12,Castellón/Castelló,2016,6,2016M06,225.0,55.56,61.85,50.11,11602.0,2727.0,24203.0
12,Castellón/Castelló,2016,7,2016M07,235.0,70.19,78.76,73.23,12206.0,3383.0,25392.0
12,Castellón/Castelló,2016,8,2016M08,235.0,77.33,82.55,78.37,12187.0,3563.0,25360.0
12,Castellón/Castelló,2016,9,2016M09,226.0,69.52,73.22,66.9,11647.0,3065.0,24271.0
12,Castellón/Castelló,2016,10,2016M10,172.0,52.02,57.38,48.91,8990.0,2105.0,18252.0
12,Castellón/Castelló,2016,11,2016M11,159.0,32.36,44.48,27.68,6255.0,1097.0,12530.0
12,Castellón/Castelló,2016,12,2016M12,153.0,29.92,35.94,26.91,5351.0,916.0,10711.0
12,Castellón/Castelló,2017,1,2017M01,131.0,25.18,33.51,20.34,5029.0,722.0,10168.0
12,Castellón/Castelló,2017,2,2017M02,144.0,39.35,44.18,32.22,6569.0,1198.0,13840.0
12,Castellón/Castelló,2017,3,2017M03,154.0,47.66,54.12,40.88,7636.0,1572.0,16288.0
12,Castellón/Castelló,2017,4,2017M04,189.0,53.94,69.6,52.34,10274.0,2209.0,21567.0
12,Castellón/Castelló,2017,5,2017M05,191.0,49.32,57.35,44.27,10182.0,2196.0,21395.0
12,Castellón/Castelló,2017,6,2017M06,208.0,60.85,69.1,58.33,11323.0,2822.0,23775.0
12,Castellón/Castelló,2017,7,2017M07,212.0,69.82,77.0,71.74,11848.0,3305.0,24825.0
12,Castellón/Castelló,2017,8,2017M08,223.0,78.05,81.67,78.69,11999.0,3520.0,25113.0
12,Castellón/Castelló,2017,9,2017M09,201.0,70.17,71.67,67.5,11286.0,3103.0,23667.0
12,Castellón/Castelló,2017,10,2017M10,168.0,54.86,62.39,51.1,8802.0,2125.0,17887.0
12,Castellón/Castelló,2017,11,2017M11,148.0,39.81,53.64,34.54,6214.0,1224.0,12533.0
12,Castellón/Castelló,2017,12,2017M12,143.0,34.58,44.68,32.15,5393.0,921.0,10914.0
12,Castellón/Castelló,2018,1,2018M01,128.0,30.32,40.0,24.81,4676.0,739.0,9466.0
12,Castellón/Castelló,2018,2,2018M02,130.0,43.83,50.41,35.98,6196.0,1212.0,13089.0
12,Castellón/Castelló,2018,3,2018M03,157.0,47.37,58.31,44.14,8489.0,1789.0,17699.0
12,Castellón/Castelló,2018,4,2018M04,175.0,48.54,54.84,46.48,9636.0,2048.0,20039.0
12,Castellón/Castelló,2018,5,2018M05,181.0,49.84,61.09,45.67,9958.0,2188.0,20677.0
12,Castellón/Castelló,2018,6,2018M06,205.0,60.33,68.32,57.31,11188.0,2762.0,23430.0
12,Castellón/Castelló,2018,7,2018M07,218.0,68.19,76.29,69.2,11717.0,3334.0,24568.0
12,Castellón/Castelló,2018,8,2018M08,212.0,77.68,80.42,78.38,11655.0,3389.0,24484.0
12,Castellón/Castelló,2018,9,2018M09,207.0,67.79,70.18,65.77,11358.0,2957.0,23845.0
12,Castellón/Castelló,2018,10,2018M10,169.0,52.43,59.83,47.35,9091.0,2135.0,19006.0
12,Castellón/Castelló,2018,11,2018M11,157.0,42.14,52.13,37.7,6352.0,1247.0,12819.0
12,Castellón/Castelló,2018,12,2018M12,144.0,32.95,43.16,30.08,5351.0,923.0,10791.0
12,Castellón/Castelló,2019,1,2019M01,146.0,30.39,34.86,24.21,5035.0,781.0,10296.0
12,Castellón/Castelló,2019,2,2019M02,147.0,43.25,45.21,35.89,6533.0,1241.0,13907.0
12,Castellón/Castelló,2019,3,2019M03,162.0,52.76,56.06,45.23,7587.0,1662.0,16337.0
12,Castellón/Castelló,2019,4,2019M04,198.0,49.69,57.71,46.91,10082.0,2317.0,21375.0
12,Castellón/Castelló,2019,5,2019M05,203.0,49.86,55.04,44.51,10425.0,2485.0,22389.0
12,Castellón/Castelló,2019,6,2019M06,219.0,62.31,72.78,58.9,11185.0,3253.0,23939.0
12,Castellón/Castelló,2019,7,2019M07,232.0,70.45,77.7,69.81,11902.0,3628.0,25569.0
12,Castellón/Castelló,2019,8,2019M08,230.0,79.92,79.1,77.71,11890.0,3947.0,25550.0
12,Castellón/Castelló,2019,9,2019M09,208.0,66.97,68.55,62.13,11293.0,3378.0,24335.0
12,Castellón/Castelló,2019,10,2019M10,185.0,51.74,57.93,45.53,9036.0,2286.0,19013.0
12,Castellón/Castelló,2019,11,2019M11,166.0,42.96,52.3,38.13,6350.0,1444.0,12983.0
12,Castellón/Castelló,2019,12,2019M12,154.0,33.15,44.77,30.09,5362.0,1225.0,10997.0
12,Castellón/Castelló,2020,1,2020M01,134.0,32.34,33.12,25.97,4430.0,1031.0,9196.0
12,Castellón/Castelló,2020,2,2020M02,152.0,46.33,50.06,38.68,6629.0,1428.0,14004.0
12,Castellón/Castelló,2020,3,2020M03,139.0,27.8,27.76,21.7,5190.0,1211.0,11317.0
12,Castellón/Castelló,2020,4,2020M04,0.0,0.0,0.0,0.0,0.0,0.0,0.0
12,Castellón/Castelló,2020,5,2020M05,23.0,18.25,5.61,10.65,558.0,55.0,1186.0
12,Castellón/Castelló,2020,6,2020M06,96.0,20.48,15.68,17.52,2944.0,607.0,6215.0
12,Castellón/Castelló,2020,7,2020M07,195.0,35.79,45.29,35.89,9661.0,2275.0,20763.0
12,Castellón/Castelló,2020,8,2020M08,192.0,47.92,53.73,49.82,9843.0,2381.0,21165.0
12,Castellón/Castelló,2020,9,2020M09,184.0,40.34,54.02,37.66,7950.0,1967.0,16954.0
12,Castellón/Castelló,2020,10,2020M10,152.0,29.75,34.78,25.42,5588.0,1210.0,11764.0
12,Castellón/Castelló,2020,11,2020M11,141.0,20.91,18.71,14.9,4102.0,696.0,8224.0
12,Castellón/Castelló,2020,12,2020M12,126.0,20.66,22.37,16.27,3653.0,598.0,7332.0
12,Castellón/Castelló,2021,1,2021M01,106.0,17.5,13.24,12.38,2737.0,444.0,5385.0
12,Castellón/Castelló,2021,2,2021M02,98.0,21.03,13.45,14.38,2626.0,411.0,5150.0
12,Castellón/Castelló,2021,3,2021M03,133.0,24.33,25.51,18.83,3674.0,568.0,7298.0
12,Castellón/Castelló,2021,4,2021M04,149.0,25.09,30.31,21.11,4548.0,779.0,9109.0
12,Castellón/Castelló,2021,5,2021M05,159.0,28.72,37.67,23.48,5829.0,1091.0,12200.0
12,Castellón/Castelló,2021,6,2021M06,194.0,45.54,59.91,43.4,10117.0,2311.0,21600.0
12,Castellón/Castelló,2021,7,2021M07,215.0,60.59,67.62,59.39,11377.0,2910.0,24540.0
12,Castellón/Castelló,2021,8,2021M08,217.0,74.33,78.52,72.74,11577.0,2978.0,24953.0
12,Castellón/Castelló,2021,9,2021M09,194.0,58.81,65.9,52.82,10806.0,2620.0,23381.0
12,Castellón/Castelló,2021,10,2021M10,174.0,45.72,52.18,40.32,8255.0,1855.0,17308.0
12,Castellón/Castelló,2021,11,2021M11,152.0,39.45,41.82,30.54,4966.0,979.0,10216.0
12,Castellón/Castelló,2021,12,2021M12,141.0,34.8,36.69,28.75,4659.0,949.0,9594.0
12,Castellón/Castelló,2022,1,2022M01,128.0,24.84,23.48,18.83,4085.0,704.0,8401.0
12,Castellón/Castelló,2022,2,2022M02,137.0,37.12,39.35,27.82,4996.0,993.0,10686.0
12,Castellón/Castelló,2022,3,2022M03,163.0,42.34,45.25,33.23,6473.0,1431.0,14033.0
12,Castellón/Castelló,2022,4,2022M04,187.0,52.16,53.85,47.33,9751.0,1994.0,20949.0
12,Castellón/Castelló,2022,5,2022M05,195.0,49.16,54.96,41.4,10007.0,2047.0,21821.0
12,Castellón/Castelló,2022,6,2022M06,202.0,59.07,69.68,52.75,11122.0,2711.0,24145.0
12,Castellón/Castelló,2022,7,2022M07,219.0,66.75,67.42,62.41,11656.0,3046.0,26108.0
12,Castellón/Castelló,2022,8,2022M08,220.0,75.6,74.81,71.54,11665.0,3002.0,26126.0
12,Castellón/Castelló,2022,9,2022M09,203.0,64.68,60.74,57.19,11070.0,2606.0,24782.0
12,Castellón/Castelló,2022,10,2022M10,173.0,51.29,49.98,41.67,8161.0,1971.0,17633.0
12,Castellón/Castelló,2022,11,2022M11,151.0,45.18,45.59,34.98,4956.0,1036.0,10246.0
12,Castellón/Castelló,2022,12,2022M12,130.0,37.39,39.05,30.57,4247.0,850.0,8837.0
12,Castellón/Castelló,2023,1,2023M01,121.0,37.94,35.06,27.93,3197.0,565.0,6668.0
12,Castellón/Castelló,2023,2,2023M02,135.0,44.28,41.73,32.37,5470.0,1078.0,12339.0
12,Castellón/Castelló,2023,3,2023M03,153.0,48.13,48.78,38.23,7266.0,1554.0,16009.0
12,Castellón/Castelló,2023,4,2023M04,196.0,53.43,60.74,48.17,9698.0,2021.0,21285.0
12,Castellón/Castelló,2023,5,2023M05,196.0,48.62,50.44,40.62,9595.0,2135.0,21086.0
12,Castellón/Castelló,2023,6,2023M06,206.0,57.41,63.37,49.83,11167.0,2781.0,25136.0
12,Castellón/Castelló,2023,7,2023M07,217.0,66.42,71.26,63.36,11681.0,3036.0,26157.0
12,Castellón/Castelló,2023,8,2023M08,229.0,75.77,75.45,72.16,11659.0,3046.0,26115.0
12,Castellón/Castelló,2023,9,2023M09,214.0,62.76,59.13,55.22,10318.0,2601.0,22649.0
12,Castellón/Castelló,2023,10,2023M10,182.0,51.82,53.75,43.22,8726.0,1975.0,18976.0
12,Castellón/Castelló,2023,11,2023M11,146.0,47.69,47.85,36.72,4707.0,876.0,9742.0
12,Castellón/Castelló,2023,12,2023M12,126.0,38.34,40.63,32.22,4228.0,856.0,8755.0
12,Castellón/Castelló,2024,1,2024M01,123.0,34.69,30.95,25.98,3246.0,566.0,6715.0
12,Castellón/Castelló,2024,2,2024M02,137.0,50.32,42.47,37.65,4849.0,970.0,11077.0
12,Castellón/Castelló,2024,3,2024M03,171.0,50.31,52.24,43.32,8000.0,1664.0,17498.0
12,Castellón/Castelló,2024,4,2024M04,187.0,46.37,49.59,39.7,9186.0,1960.0,19918.0
12,Castellón/Castelló,2024,5,2024M05,201.0,54.7,58.31,46.64,9960.0,2135.0,21814.0
12,Castellón/Castelló,2024,6,2024M06,213.0,58.75,65.7,53.86,11538.0,2874.0,25268.0
12,Castellón/Castelló,2024,7,2024M07,224.0,67.7,74.4,65.96,11756.0,3222.0,26297.0
12,Castellón/Castelló,2024,8,2024M08,225.0,77.56,76.5,75.78,11756.0,3390.0,26302.0
12,Castellón/Castelló,2024,9,2024M09,209.0,65.9,67.54,60.82,11473.0,2807.0,25090.0
12,Castellón/Castelló,2024,10,2024M10,175.0,52.0,56.56,44.18,9470.0,2109.0,20388.0
12,Castellón/Castelló,2024,11,2024M11,141.0,44.47,40.81,37.68,5967.0,1211.0,12311.0
12,Castellón/Castelló,2024,12,2024M12,122.0,37.39,43.67,31.5,4781.0,1008.0,9922.0
12,Castellón/Castelló,2025,1,2025M01,127.0,34.49,34.25,27.08,3309.0,680.0,6908.0
12,Castellón/Castelló,2025,2,2025M02,146.0,53.77,52.62,41.58,5782.0,1169.0,12987.0
12,Castellón/Castelló,2025,3,2025M03,175.0,57.66,53.37,48.57,7580.0,1579.0,16644.0
12,Castellón/Castelló,2025,4,2025M04,200.0,52.28,59.49,46.02,10353.0,2144.0,22470.0
12,Castellón/Castelló,2025,5,2025M05,206.0,53.03,57.69,45.28,10783.0,2212.0,23683.0
12,Castellón/Castelló,2025,6,2025M06,211.0,62.24,65.99,56.33,11348.0,2707.0,24862.0
12,Castellón/Castelló,2025,7,2025M07,228.0,68.6,73.2,63.91,11693.0,2844.0,25519.0
12,Castellón/Castelló,2025,8,2025M08,225.0,77.03,72.52,70.93,11692.0,2930.0,25746.0
12,Castellón/Castelló,2025,9,2025M09,215.0,69.49,69.14,59.91,11490.0,2694.0,25358.0
12,Castellón/Castelló,2025,10,2025M10,184.0,55.7,58.63,48.08,9639.0,2051.0,20953.0
12,Castellón/Castelló,2025,11,2025M11,158.0,49.04,54.58,39.77,6185.0,1299.0,13069.0
12,Castellón/Castelló,2025,12,2025M12,146.0,40.23,44.92,34.01,4566.0,882.0,9502.0
13,Ciudad Real,2015,1,2015M01,169.0,20.84,19.16,15.54,3595.0,564.0,6884.0
13,Ciudad Real,2015,2,2015M02,174.0,27.81,29.81,20.64,3762.0,610.0,7215.0
13,Ciudad Real,2015,3,2015M03,181.0,25.23,30.26,20.01,3881.0,627.0,7438.0
13,Ciudad Real,2015,4,2015M04,184.0,28.17,35.58,24.04,3921.0,652.0,7505.0
13,Ciudad Real,2015,5,2015M05,184.0,31.0,35.35,25.18,3917.0,666.0,7496.0
13,Ciudad Real,2015,6,2015M06,184.0,28.47,32.42,22.94,3932.0,672.0,7531.0
13,Ciudad Real,2015,7,2015M07,185.0,28.56,32.09,24.71,3963.0,686.0,7594.0
13,Ciudad Real,2015,8,2015M08,182.0,31.39,32.59,28.98,3893.0,688.0,7475.0
13,Ciudad Real,2015,9,2015M09,179.0,31.42,36.11,25.65,3833.0,672.0,7337.0
13,Ciudad Real,2015,10,2015M10,187.0,32.79,34.24,27.21,4001.0,689.0,7673.0
13,Ciudad Real,2015,11,2015M11,186.0,28.29,28.44,21.81,3985.0,679.0,7637.0
13,Ciudad Real,2015,12,2015M12,183.0,23.08,23.72,19.7,3832.0,626.0,7341.0
13,Ciudad Real,2016,1,2016M01,180.0,20.42,18.68,15.46,3693.0,591.0,7013.0
13,Ciudad Real,2016,2,2016M02,184.0,26.92,28.43,20.8,3839.0,616.0,7309.0
13,Ciudad Real,2016,3,2016M03,189.0,27.28,32.07,23.08,3912.0,643.0,7456.0
13,Ciudad Real,2016,4,2016M04,193.0,28.78,32.12,23.83,4005.0,654.0,7652.0
13,Ciudad Real,2016,5,2016M05,196.0,30.57,34.94,25.59,4079.0,683.0,7788.0
13,Ciudad Real,2016,6,2016M06,192.0,33.05,36.37,26.4,4009.0,670.0,7659.0
13,Ciudad Real,2016,7,2016M07,188.0,33.91,37.75,28.57,3963.0,702.0,7594.0
13,Ciudad Real,2016,8,2016M08,190.0,32.85,38.85,29.85,4039.0,732.0,7715.0
13,Ciudad Real,2016,9,2016M09,182.0,32.9,37.37,27.32,3880.0,709.0,7427.0
13,Ciudad Real,2016,10,2016M10,190.0,32.54,38.59,26.76,4024.0,696.0,7703.0
13,Ciudad Real,2016,11,2016M11,188.0,28.88,31.19,22.72,4002.0,682.0,7661.0
13,Ciudad Real,2016,12,2016M12,186.0,22.77,22.57,19.96,3841.0,627.0,7342.0
13,Ciudad Real,2017,1,2017M01,178.0,20.47,20.36,15.78,3754.0,572.0,7176.0
13,Ciudad Real,2017,2,2017M02,185.0,25.27,29.59,20.11,3940.0,622.0,7528.0
13,Ciudad Real,2017,3,2017M03,187.0,27.31,33.24,21.92,4022.0,668.0,7691.0
13,Ciudad Real,2017,4,2017M04,190.0,33.84,42.54,30.29,4108.0,703.0,7856.0
13,Ciudad Real,2017,5,2017M05,188.0,31.71,35.01,25.6,4059.0,721.0,7758.0
13,Ciudad Real,2017,6,2017M06,187.0,33.21,39.57,27.79,4045.0,703.0,7737.0
13,Ciudad Real,2017,7,2017M07,184.0,34.37,41.51,29.39,4072.0,717.0,7811.0
13,Ciudad Real,2017,8,2017M08,181.0,34.53,41.76,31.43,4013.0,698.0,7709.0
13,Ciudad Real,2017,9,2017M09,178.0,34.49,40.97,29.0,3929.0,688.0,7536.0
13,Ciudad Real,2017,10,2017M10,181.0,35.11,41.72,28.54,3999.0,708.0,7659.0
13,Ciudad Real,2017,11,2017M11,180.0,32.57,34.54,25.32,3996.0,669.0,7674.0
13,Ciudad Real,2017,12,2017M12,172.0,24.73,26.17,21.17,3801.0,612.0,7297.0
13,Ciudad Real,2018,1,2018M01,172.0,22.67,20.63,16.49,3719.0,597.0,7146.0
13,Ciudad Real,2018,2,2018M02,172.0,32.24,35.38,24.08,3717.0,588.0,7155.0
13,Ciudad Real,2018,3,2018M03,181.0,30.21,36.4,25.18,4013.0,666.0,7765.0
13,Ciudad Real,2018,4,2018M04,183.0,33.57,35.87,27.44,4061.0,686.0,7868.0
13,Ciudad Real,2018,5,2018M05,184.0,31.85,38.77,25.91,4069.0,706.0,7880.0
13,Ciudad Real,2018,6,2018M06,184.0,32.85,36.75,26.09,4079.0,696.0,7900.0
13,Ciudad Real,2018,7,2018M07,183.0,34.04,37.43,28.13,4054.0,712.0,7842.0
13,Ciudad Real,2018,8,2018M08,180.0,35.81,38.38,31.79,4004.0,715.0,7762.0
13,Ciudad Real,2018,9,2018M09,180.0,35.52,44.53,29.12,4024.0,724.0,7785.0
13,Ciudad Real,2018,10,2018M10,184.0,37.02,45.65,30.16,4055.0,711.0,7849.0
13,Ciudad Real,2018,11,2018M11,184.0,32.94,38.9,26.0,4073.0,719.0,7884.0
13,Ciudad Real,2018,12,2018M12,178.0,24.59,29.0,20.96,3882.0,675.0,7481.0
13,Ciudad Real,2019,1,2019M01,172.0,22.49,22.26,16.74,3748.0,582.0,7191.0
13,Ciudad Real,2019,2,2019M02,171.0,27.52,27.39,20.25,3737.0,575.0,7180.0
13,Ciudad Real,2019,3,2019M03,178.0,29.05,31.52,22.69,3957.0,653.0,7643.0
13,Ciudad Real,2019,4,2019M04,179.0,34.21,36.24,28.04,4034.0,698.0,7812.0
13,Ciudad Real,2019,5,2019M05,178.0,36.25,37.87,28.31,4012.0,693.0,7762.0
13,Ciudad Real,2019,6,2019M06,179.0,34.68,40.35,27.17,3966.0,702.0,7670.0
13,Ciudad Real,2019,7,2019M07,177.0,36.07,39.97,29.15,3956.0,707.0,7667.0
13,Ciudad Real,2019,8,2019M08,175.0,37.23,39.3,32.97,3895.0,731.0,7560.0
13,Ciudad Real,2019,9,2019M09,177.0,35.39,39.84,28.3,3892.0,718.0,7532.0
13,Ciudad Real,2019,10,2019M10,176.0,37.86,43.94,29.91,3893.0,696.0,7540.0
13,Ciudad Real,2019,11,2019M11,174.0,35.94,38.41,27.97,3834.0,677.0,7434.0
13,Ciudad Real,2019,12,2019M12,163.0,27.37,36.17,22.73,3542.0,629.0,6856.0
13,Ciudad Real,2020,1,2020M01,164.0,23.26,20.7,17.39,3573.0,587.0,6856.0
13,Ciudad Real,2020,2,2020M02,164.0,30.42,35.2,23.31,3563.0,558.0,6846.0
13,Ciudad Real,2020,3,2020M03,134.0,16.76,12.91,11.92,2911.0,475.0,5644.0
13,Ciudad Real,2020,4,2020M04,0.0,0.0,0.0,0.0,0.0,0.0,0.0
13,Ciudad Real,2020,5,2020M05,24.0,13.18,5.09,9.09,600.0,46.0,1103.0
13,Ciudad Real,2020,6,2020M06,86.0,18.55,12.55,13.71,1913.0,286.0,3564.0
13,Ciudad Real,2020,7,2020M07,136.0,24.07,22.41,19.72,2864.0,402.0,5436.0
13,Ciudad Real,2020,8,2020M08,143.0,27.47,27.13,23.67,3035.0,437.0,5762.0
13,Ciudad Real,2020,9,2020M09,142.0,23.4,19.88,17.41,3044.0,452.0,5804.0
13,Ciudad Real,2020,10,2020M10,137.0,21.78,15.93,15.86,2974.0,429.0,5650.0
13,Ciudad Real,2020,11,2020M11,131.0,18.17,10.82,12.39,2821.0,400.0,5346.0
13,Ciudad Real,2020,12,2020M12,124.0,14.56,9.72,10.76,2608.0,363.0,4933.0
13,Ciudad Real,2021,1,2021M01,94.0,15.79,6.53,10.69,2097.0,285.0,3978.0
13,Ciudad Real,2021,2,2021M02,103.0,20.4,12.76,13.8,2246.0,294.0,4246.0
13,Ciudad Real,2021,3,2021M03,128.0,19.87,12.27,13.85,2792.0,365.0,5292.0
13,Ciudad Real,2021,4,2021M04,129.0,21.83,14.16,16.08,2788.0,381.0,5327.0
13,Ciudad Real,2021,5,2021M05,137.0,27.21,25.62,20.67,3087.0,443.0,5874.0
13,Ciudad Real,2021,6,2021M06,147.0,30.78,34.04,24.1,3235.0,502.0,6164.0
13,Ciudad Real,2021,7,2021M07,150.0,32.52,35.55,27.2,3336.0,538.0,6359.0
13,Ciudad Real,2021,8,2021M08,150.0,35.79,43.46,32.39,3309.0,548.0,6315.0
13,Ciudad Real,2021,9,2021M09,140.0,34.38,42.61,28.5,3194.0,523.0,6090.0
13,Ciudad Real,2021,10,2021M10,152.0,40.28,43.88,33.06,3488.0,562.0,6708.0
13,Ciudad Real,2021,11,2021M11,148.0,34.44,37.86,26.9,3427.0,560.0,6559.0
13,Ciudad Real,2021,12,2021M12,145.0,24.64,25.41,21.13,3321.0,555.0,6327.0
13,Ciudad Real,2022,1,2022M01,151.0,22.75,21.34,17.26,3372.0,484.0,6394.0
13,Ciudad Real,2022,2,2022M02,152.0,34.16,37.3,26.06,3410.0,510.0,6469.0
13,Ciudad Real,2022,3,2022M03,159.0,29.07,28.59,22.42,3536.0,521.0,6746.0
13,Ciudad Real,2022,4,2022M04,162.0,38.99,45.7,33.36,3655.0,556.0,7010.0
13,Ciudad Real,2022,5,2022M05,163.0,38.7,40.88,30.9,3708.0,605.0,7095.0
13,Ciudad Real,2022,6,2022M06,159.0,38.65,44.6,31.17,3661.0,598.0,6998.0
13,Ciudad Real,2022,7,2022M07,161.0,38.31,40.13,32.03,3739.0,630.0,7145.0
13,Ciudad Real,2022,8,2022M08,159.0,37.12,41.82,32.83,3731.0,621.0,7151.0
13,Ciudad Real,2022,9,2022M09,151.0,42.41,47.28,34.29,3587.0,609.0,6846.0
13,Ciudad Real,2022,10,2022M10,161.0,39.86,42.75,32.02,3762.0,608.0,7206.0
13,Ciudad Real,2022,11,2022M11,156.0,35.51,36.05,26.89,3640.0,585.0,6945.0
13,Ciudad Real,2022,12,2022M12,147.0,25.52,24.8,21.72,3375.0,542.0,6376.0
13,Ciudad Real,2023,1,2023M01,144.0,26.57,24.99,20.29,3283.0,503.0,6234.0
13,Ciudad Real,2023,2,2023M02,153.0,32.28,33.89,24.68,3487.0,526.0,6631.0
13,Ciudad Real,2023,3,2023M03,154.0,32.93,30.53,25.41,3536.0,564.0,6729.0
13,Ciudad Real,2023,4,2023M04,164.0,42.13,44.11,34.73,3725.0,607.0,7145.0
13,Ciudad Real,2023,5,2023M05,164.0,39.13,37.84,30.1,3731.0,620.0,7159.0
13,Ciudad Real,2023,6,2023M06,163.0,36.51,38.57,28.67,3711.0,632.0,7122.0
13,Ciudad Real,2023,7,2023M07,160.0,36.39,38.34,29.83,3713.0,626.0,7165.0
13,Ciudad Real,2023,8,2023M08,152.0,37.18,40.93,32.64,3517.0,625.0,6874.0
13,Ciudad Real,2023,9,2023M09,149.0,40.61,46.35,33.61,3527.0,639.0,6812.0
13,Ciudad Real,2023,10,2023M10,150.0,41.4,46.38,32.82,3506.0,575.0,6797.0
13,Ciudad Real,2023,11,2023M11,148.0,36.87,37.21,27.92,3449.0,607.0,6668.0
13,Ciudad Real,2023,12,2023M12,126.0,32.22,31.73,27.63,2988.0,525.0,5734.0
13,Ciudad Real,2024,1,2024M01,139.0,26.49,22.77,19.67,3264.0,519.0,6312.0
13,Ciudad Real,2024,2,2024M02,141.0,33.48,33.8,24.41,3257.0,511.0,6307.0
13,Ciudad Real,2024,3,2024M03,141.0,44.46,39.13,33.02,3363.0,563.0,6524.0
13,Ciudad Real,2024,4,2024M04,152.0,46.42,44.38,33.92,3639.0,608.0,7104.0
13,Ciudad Real,2024,5,2024M05,153.0,39.98,42.66,31.51,3616.0,615.0,7063.0
13,Ciudad Real,2024,6,2024M06,150.0,39.87,41.88,31.03,3599.0,624.0,7041.0
13,Ciudad Real,2024,7,2024M07,149.0,37.99,42.71,31.08,3572.0,612.0,6996.0
13,Ciudad Real,2024,8,2024M08,137.0,36.6,40.99,32.49,3464.0,621.0,6803.0
13,Ciudad Real,2024,9,2024M09,134.0,39.43,46.39,31.95,3424.0,591.0,6710.0
13,Ciudad Real,2024,10,2024M10,147.0,41.98,45.1,32.77,3541.0,625.0,6923.0
13,Ciudad Real,2024,11,2024M11,144.0,39.01,41.64,30.19,3556.0,609.0,6949.0
13,Ciudad Real,2024,12,2024M12,130.0,29.04,34.61,24.32,3035.0,565.0,5904.0
13,Ciudad Real,2025,1,2025M01,127.0,26.83,22.46,19.64,3094.0,568.0,6065.0
13,Ciudad Real,2025,2,2025M02,136.0,35.05,34.83,25.7,3313.0,566.0,6485.0
13,Ciudad Real,2025,3,2025M03,142.0,37.79,34.09,27.06,3446.0,623.0,6776.0
13,Ciudad Real,2025,4,2025M04,145.0,40.97,44.65,32.25,3578.0,659.0,7072.0
13,Ciudad Real,2025,5,2025M05,153.0,46.16,46.05,34.98,3728.0,686.0,7360.0
13,Ciudad Real,2025,6,2025M06,150.0,42.7,44.74,32.11,3626.0,666.0,7158.0
13,Ciudad Real,2025,7,2025M07,149.0,42.0,42.96,32.72,3613.0,676.0,7135.0
13,Ciudad Real,2025,8,2025M08,146.0,41.15,42.07,34.96,3584.0,691.0,7082.0
13,Ciudad Real,2025,9,2025M09,136.0,46.75,46.42,35.52,3426.0,656.0,6781.0
13,Ciudad Real,2025,10,2025M10,145.0,46.54,45.86,34.73,3503.0,721.0,6894.0
13,Ciudad Real,2025,11,2025M11,139.0,43.94,40.54,31.72,3429.0,664.0,6779.0
13,Ciudad Real,2025,12,2025M12,133.0,33.87,32.33,26.07,3246.0,619.0,6374.0
14,Córdoba,2015,1,2015M01,180.0,34.8,43.42,31.4,5342.0,1162.0,10418.0
14,Córdoba,2015,2,2015M02,184.0,42.3,56.38,37.64,5466.0,1194.0,10667.0
14,Córdoba,2015,3,2015M03,188.0,47.58,57.3,43.22,5626.0,1264.0,10950.0
14,Córdoba,2015,4,2015M04,189.0,60.98,65.97,54.98,5640.0,1316.0,11001.0
14,Córdoba,2015,5,2015M05,190.0,64.84,70.38,59.52,5647.0,1348.0,11031.0
14,Córdoba,2015,6,2015M06,188.0,51.2,59.58,45.84,5579.0,1312.0,10890.0
14,Córdoba,2015,7,2015M07,180.0,43.33,45.52,40.52,5436.0,1245.0,10632.0
14,Córdoba,2015,8,2015M08,183.0,51.29,56.65,49.53,5386.0,1263.0,10570.0
14,Córdoba,2015,9,2015M09,195.0,58.6,64.57,53.57,5702.0,1319.0,11106.0
14,Córdoba,2015,10,2015M10,195.0,59.33,63.54,52.96,5696.0,1329.0,11138.0
14,Córdoba,2015,11,2015M11,195.0,47.47,56.71,40.64,5698.0,1271.0,11144.0
14,Córdoba,2015,12,2015M12,191.0,40.2,46.32,37.47,5670.0,1241.0,11086.0
14,Córdoba,2016,1,2016M01,194.0,36.82,46.89,32.9,5476.0,1200.0,10761.0
14,Córdoba,2016,2,2016M02,191.0,45.89,56.16,41.01,5599.0,1280.0,10975.0
14,Córdoba,2016,3,2016M03,206.0,55.52,60.64,50.92,5768.0,1354.0,11305.0
14,Córdoba,2016,4,2016M04,203.0,61.67,63.0,53.97,5753.0,1330.0,11261.0
14,Córdoba,2016,5,2016M05,202.0,65.47,68.8,58.62,5725.0,1376.0,11224.0
14,Córdoba,2016,6,2016M06,206.0,49.41,57.16,43.47,5775.0,1348.0,11330.0
14,Córdoba,2016,7,2016M07,189.0,44.96,51.78,42.21,5519.0,1285.0,10866.0
14,Córdoba,2016,8,2016M08,183.0,53.77,57.16,51.88,5378.0,1271.0,10624.0
14,Córdoba,2016,9,2016M09,194.0,56.25,58.7,50.72,5645.0,1332.0,11061.0
14,Córdoba,2016,10,2016M10,198.0,61.44,66.1,54.95,5694.0,1313.0,11187.0
14,Córdoba,2016,11,2016M11,194.0,47.97,56.85,41.97,5604.0,1262.0,10964.0
14,Córdoba,2016,12,2016M12,188.0,43.35,47.73,41.18,5607.0,1267.0,11014.0
14,Córdoba,2017,1,2017M01,191.0,40.46,45.93,35.87,5465.0,1214.0,10782.0
14,Córdoba,2017,2,2017M02,197.0,46.31,57.14,41.54,5644.0,1249.0,11106.0
14,Córdoba,2017,3,2017M03,199.0,52.09,63.05,45.49,5704.0,1268.0,11219.0
14,Córdoba,2017,4,2017M04,209.0,65.55,69.87,61.58,5802.0,1363.0,11390.0
14,Córdoba,2017,5,2017M05,211.0,66.03,71.22,59.82,5824.0,1389.0,11465.0
14,Córdoba,2017,6,2017M06,211.0,52.07,58.75,45.3,5824.0,1343.0,11465.0
14,Córdoba,2017,7,2017M07,191.0,44.25,48.96,41.63,5455.0,1257.0,10835.0
14,Córdoba,2017,8,2017M08,199.0,49.48,53.08,48.87,5566.0,1298.0,11008.0
14,Córdoba,2017,9,2017M09,209.0,59.63,62.03,54.21,5809.0,1363.0,11412.0
14,Córdoba,2017,10,2017M10,208.0,62.47,70.52,56.19,5792.0,1332.0,11379.0
14,Córdoba,2017,11,2017M11,207.0,51.34,62.12,44.05,5747.0,1301.0,11249.0
14,Córdoba,2017,12,2017M12,207.0,44.45,49.48,41.49,5787.0,1302.0,11376.0
14,Córdoba,2018,1,2018M01,197.0,39.72,41.72,33.95,5389.0,1177.0,10616.0
14,Córdoba,2018,2,2018M02,203.0,46.3,57.16,40.25,5699.0,1250.0,11248.0
14,Córdoba,2018,3,2018M03,196.0,53.98,59.02,48.41,5603.0,1255.0,11082.0
14,Córdoba,2018,4,2018M04,196.0,63.35,65.4,57.19,5595.0,1285.0,11067.0
14,Córdoba,2018,5,2018M05,204.0,65.63,69.88,58.89,5692.0,1321.0,11271.0
14,Córdoba,2018,6,2018M06,205.0,52.42,54.5,46.68,5735.0,1336.0,11367.0
14,Córdoba,2018,7,2018M07,185.0,47.5,50.48,44.3,5347.0,1220.0,10650.0
14,Córdoba,2018,8,2018M08,186.0,51.89,55.69,51.02,5366.0,1261.0,10548.0
14,Córdoba,2018,9,2018M09,199.0,58.78,61.59,52.21,5626.0,1348.0,11065.0
14,Córdoba,2018,10,2018M10,203.0,60.75,64.49,53.44,5718.0,1340.0,11288.0
14,Córdoba,2018,11,2018M11,203.0,54.12,63.47,45.52,5682.0,1324.0,11208.0
14,Córdoba,2018,12,2018M12,201.0,45.96,57.0,42.28,5661.0,1280.0,11126.0
14,Córdoba,2019,1,2019M01,198.0,41.24,46.36,35.96,5504.0,1244.0,10832.0
14,Córdoba,2019,2,2019M02,206.0,47.94,56.55,42.16,5761.0,1255.0,11357.0
14,Córdoba,2019,3,2019M03,209.0,55.65,62.21,49.02,5811.0,1336.0,11452.0
14,Córdoba,2019,4,2019M04,207.0,63.39,66.06,58.18,5860.0,1389.0,11515.0
14,Córdoba,2019,5,2019M05,214.0,67.66,71.48,60.44,5908.0,1429.0,11637.0
14,Córdoba,2019,6,2019M06,212.0,55.28,59.5,49.88,5892.0,1391.0,11609.0
14,Córdoba,2019,7,2019M07,206.0,46.32,51.1,42.91,5784.0,1372.0,11398.0
14,Córdoba,2019,8,2019M08,184.0,55.21,58.52,52.78,5377.0,1313.0,10740.0
14,Córdoba,2019,9,2019M09,196.0,60.57,67.03,53.2,5690.0,1368.0,10998.0
14,Córdoba,2019,10,2019M10,201.0,61.77,65.22,53.81,5767.0,1388.0,11372.0
14,Córdoba,2019,11,2019M11,202.0,52.67,60.58,44.99,5800.0,1378.0,11432.0
14,Córdoba,2019,12,2019M12,199.0,46.93,59.69,42.66,5792.0,1387.0,11419.0
14,Córdoba,2020,1,2020M01,194.0,44.42,48.2,37.88,5579.0,1281.0,11053.0
14,Córdoba,2020,2,2020M02,200.0,49.09,60.35,42.43,5725.0,1384.0,11317.0
14,Córdoba,2020,3,2020M03,177.0,27.85,24.0,22.52,4525.0,1012.0,8957.0
14,Córdoba,2020,4,2020M04,0.0,0.0,0.0,0.0,0.0,0.0,0.0
14,Córdoba,2020,5,2020M05,35.0,25.77,13.12,16.18,585.0,65.0,1026.0
14,Córdoba,2020,6,2020M06,89.0,24.12,15.57,16.67,1702.0,257.0,3342.0
14,Córdoba,2020,7,2020M07,130.0,36.19,37.98,29.99,2831.0,653.0,5710.0
14,Córdoba,2020,8,2020M08,130.0,40.45,43.55,38.4,3336.0,704.0,6607.0
14,Córdoba,2020,9,2020M09,161.0,31.12,34.79,26.06,4445.0,811.0,8709.0
14,Córdoba,2020,10,2020M10,166.0,30.94,31.19,25.32,4730.0,793.0,9295.0
14,Córdoba,2020,11,2020M11,132.0,17.13,8.98,11.16,3563.0,528.0,6916.0
14,Córdoba,2020,12,2020M12,120.0,19.55,17.61,14.64,3189.0,480.0,6184.0
14,Córdoba,2021,1,2021M01,108.0,18.84,11.22,12.97,3103.0,500.0,6009.0
14,Córdoba,2021,2,2021M02,103.0,20.22,12.59,13.64,3048.0,501.0,5854.0
14,Córdoba,2021,3,2021M03,111.0,22.07,16.17,15.34,3383.0,583.0,6562.0
14,Córdoba,2021,4,2021M04,122.0,23.26,19.3,16.71,3601.0,581.0,7012.0
14,Córdoba,2021,5,2021M05,138.0,38.23,45.61,32.06,4285.0,769.0,8389.0
14,Córdoba,2021,6,2021M06,157.0,38.64,48.52,32.06,4835.0,884.0,9547.0
14,Córdoba,2021,7,2021M07,162.0,37.76,39.32,33.73,4842.0,924.0,9751.0
14,Córdoba,2021,8,2021M08,162.0,47.55,51.17,44.17,4906.0,944.0,9858.0
14,Córdoba,2021,9,2021M09,172.0,50.34,59.17,44.01,5203.0,1038.0,10328.0
14,Córdoba,2021,10,2021M10,183.0,57.39,60.76,48.49,5391.0,1082.0,10794.0
14,Córdoba,2021,11,2021M11,181.0,50.78,55.51,41.48,5344.0,1082.0,10663.0
14,Córdoba,2021,12,2021M12,179.0,40.68,39.74,35.57,5317.0,1051.0,10637.0
14,Córdoba,2022,1,2022M01,175.0,33.69,39.8,29.0,5235.0,986.0,10426.0
14,Córdoba,2022,2,2022M02,185.0,47.38,56.48,41.05,5351.0,1068.0,10659.0
14,Córdoba,2022,3,2022M03,194.0,46.97,54.78,40.0,5579.0,1128.0,11094.0
14,Córdoba,2022,4,2022M04,187.0,61.62,64.59,54.67,5527.0,1203.0,10936.0
14,Córdoba,2022,5,2022M05,195.0,61.76,64.2,53.67,5758.0,1278.0,11383.0
14,Córdoba,2022,6,2022M06,189.0,48.67,55.37,41.91,5704.0,1267.0,11286.0
14,Córdoba,2022,7,2022M07,175.0,42.91,48.0,38.66,5279.0,1223.0,10489.0
14,Córdoba,2022,8,2022M08,181.0,50.56,54.73,46.51,5402.0,1255.0,10758.0
14,Córdoba,2022,9,2022M09,189.0,55.07,57.91,47.35,5698.0,1323.0,11278.0
14,Córdoba,2022,10,2022M10,195.0,59.66,64.16,51.49,5760.0,1325.0,11388.0
14,Córdoba,2022,11,2022M11,194.0,51.68,56.07,42.97,5716.0,1279.0,11304.0
14,Córdoba,2022,12,2022M12,181.0,43.63,45.03,38.96,5544.0,1289.0,10980.0
14,Córdoba,2023,1,2023M01,182.0,43.5,46.54,35.7,5388.0,1184.0,10547.0
14,Córdoba,2023,2,2023M02,196.0,48.95,54.94,42.19,5608.0,1224.0,11218.0
14,Córdoba,2023,3,2023M03,199.0,53.48,59.93,44.9,5697.0,1269.0,11385.0
14,Córdoba,2023,4,2023M04,200.0,63.01,67.5,55.78,5714.0,1329.0,11437.0
14,Córdoba,2023,5,2023M05,204.0,60.94,62.92,53.61,5846.0,1382.0,11677.0
14,Córdoba,2023,6,2023M06,203.0,50.87,54.74,42.52,5891.0,1325.0,11761.0
14,Córdoba,2023,7,2023M07,190.0,43.52,46.34,39.31,5568.0,1293.0,11139.0
14,Córdoba,2023,8,2023M08,171.0,50.87,49.81,46.21,5422.0,1303.0,10922.0
14,Córdoba,2023,9,2023M09,201.0,59.31,57.7,48.95,5849.0,1354.0,11700.0
14,Córdoba,2023,10,2023M10,203.0,62.07,67.46,53.87,5884.0,1350.0,11758.0
14,Córdoba,2023,11,2023M11,192.0,56.47,62.17,46.62,5821.0,1291.0,11659.0
14,Córdoba,2023,12,2023M12,191.0,48.82,53.28,43.14,5704.0,1254.0,11439.0
14,Córdoba,2024,1,2024M01,196.0,41.77,44.08,35.18,5642.0,1267.0,11262.0
14,Córdoba,2024,2,2024M02,200.0,51.38,57.43,44.53,5764.0,1318.0,11535.0
14,Córdoba,2024,3,2024M03,188.0,60.37,61.08,52.08,5659.0,1299.0,11505.0
14,Córdoba,2024,4,2024M04,206.0,62.7,63.95,54.07,5900.0,1402.0,11781.0
14,Córdoba,2024,5,2024M05,207.0,64.53,65.21,57.27,5905.0,1543.0,11787.0
14,Córdoba,2024,6,2024M06,201.0,52.11,54.62,46.08,5864.0,1401.0,11729.0
14,Córdoba,2024,7,2024M07,164.0,43.99,45.27,39.01,5234.0,1300.0,10562.0
14,Córdoba,2024,8,2024M08,174.0,46.98,50.08,43.2,5360.0,1205.0,10699.0
14,Córdoba,2024,9,2024M09,196.0,59.34,64.92,51.57,5774.0,1394.0,11551.0
14,Córdoba,2024,10,2024M10,198.0,64.77,67.29,56.08,5788.0,1362.0,11566.0
14,Córdoba,2024,11,2024M11,198.0,56.7,59.96,47.6,5775.0,1357.0,11504.0
14,Córdoba,2024,12,2024M12,184.0,46.26,58.95,41.0,5632.0,1328.0,11357.0
14,Córdoba,2025,1,2025M01,170.0,42.92,49.07,37.66,5546.0,1236.0,11183.0
14,Córdoba,2025,2,2025M02,171.0,51.39,58.18,43.24,5595.0,1259.0,11254.0
14,Córdoba,2025,3,2025M03,181.0,57.04,59.09,47.87,5788.0,1287.0,11583.0
14,Córdoba,2025,4,2025M04,182.0,64.73,64.34,58.28,5758.0,1357.0,11566.0
14,Córdoba,2025,5,2025M05,180.0,66.63,68.91,58.9,5734.0,1528.0,11532.0
14,Córdoba,2025,6,2025M06,163.0,55.79,56.91,48.12,5519.0,1440.0,11114.0
14,Córdoba,2025,7,2025M07,160.0,45.69,47.45,39.99,5272.0,1275.0,10683.0
14,Córdoba,2025,8,2025M08,151.0,50.65,50.45,47.63,5176.0,1360.0,10500.0
14,Córdoba,2025,9,2025M09,169.0,57.75,56.93,49.22,5494.0,1436.0,11069.0
14,Córdoba,2025,10,2025M10,174.0,63.87,63.73,54.31,5663.0,1375.0,11404.0
14,Córdoba,2025,11,2025M11,175.0,57.98,54.64,47.78,5663.0,1350.0,11416.0
14,Córdoba,2025,12,2025M12,162.0,51.41,54.25,44.1,5599.0,1339.0,11255.0
15,"Coruña, A",2015,1,2015M01,489.0,23.55,20.07,17.98,11481.0,1851.0,20789.0
15,"Coruña, A",2015,2,2015M02,499.0,28.3,25.33,21.66,11893.0,1999.0,21656.0
15,"Coruña, A",2015,3,2015M03,560.0,30.84,27.74,24.69,12535.0,2128.0,23210.0
15,"Coruña, A",2015,4,2015M04,661.0,38.31,37.8,32.82,13600.0,2336.0,25930.0
15,"Coruña, A",2015,5,2015M05,675.0,43.1,43.07,38.1,13823.0,2449.0,26454.0
15,"Coruña, A",2015,6,2015M06,705.0,47.3,47.74,42.9,14314.0,2562.0,27370.0
15,"Coruña, A",2015,7,2015M07,741.0,51.69,54.34,49.24,15086.0,2948.0,28669.0
15,"Coruña, A",2015,8,2015M08,742.0,65.17,66.99,64.07,15129.0,3052.0,28719.0
15,"Coruña, A",2015,9,2015M09,721.0,52.96,53.82,47.58,14825.0,2871.0,28249.0
15,"Coruña, A",2015,10,2015M10,681.0,43.48,40.45,37.14,14045.0,2613.0,26655.0
15,"Coruña, A",2015,11,2015M11,576.0,29.4,27.89,23.24,12554.0,2285.0,23251.0
15,"Coruña, A",2015,12,2015M12,505.0,27.86,28.73,23.77,11699.0,2165.0,21192.0
15,"Coruña, A",2016,1,2016M01,506.0,24.49,21.2,18.89,11544.0,1904.0,20861.0
15,"Coruña, A",2016,2,2016M02,528.0,29.96,31.23,23.77,12242.0,2125.0,22100.0
15,"Coruña, A",2016,3,2016M03,607.0,32.14,34.73,28.24,13153.0,2361.0,24513.0
15,"Coruña, A",2016,4,2016M04,653.0,34.76,33.19,28.16,13648.0,2429.0,25594.0
15,"Coruña, A",2016,5,2016M05,672.0,44.51,43.51,37.57,13968.0,2552.0,26519.0
15,"Coruña, A",2016,6,2016M06,704.0,47.81,48.52,41.7,14370.0,2762.0,27192.0
15,"Coruña, A",2016,7,2016M07,728.0,54.43,58.23,52.88,15055.0,2971.0,28433.0
15,"Coruña, A",2016,8,2016M08,716.0,67.48,72.45,67.01,14942.0,3111.0,28278.0
15,"Coruña, A",2016,9,2016M09,700.0,53.05,53.24,49.03,14730.0,2955.0,27844.0
15,"Coruña, A",2016,10,2016M10,641.0,48.43,48.33,42.49,13721.0,2690.0,25897.0
15,"Coruña, A",2016,11,2016M11,565.0,32.5,32.0,25.96,12854.0,2393.0,23848.0
15,"Coruña, A",2016,12,2016M12,502.0,25.5,25.73,22.75,12018.0,2169.0,21563.0
15,"Coruña, A",2017,1,2017M01,477.0,24.64,21.48,19.36,11427.0,1924.0,20734.0
15,"Coruña, A",2017,2,2017M02,530.0,28.07,28.65,22.44,12257.0,2172.0,22378.0
15,"Coruña, A",2017,3,2017M03,565.0,32.87,33.55,26.26,12662.0,2269.0,23426.0
15,"Coruña, A",2017,4,2017M04,659.0,42.17,48.34,37.76,13900.0,2476.0,26167.0
15,"Coruña, A",2017,5,2017M05,682.0,46.52,44.82,39.75,14046.0,2616.0,26554.0
15,"Coruña, A",2017,6,2017M06,692.0,52.01,50.27,45.57,14277.0,2721.0,26969.0
15,"Coruña, A",2017,7,2017M07,705.0,58.31,59.97,54.89,14890.0,2984.0,28068.0
15,"Coruña, A",2017,8,2017M08,724.0,69.07,73.08,67.28,15038.0,3115.0,28336.0
15,"Coruña, A",2017,9,2017M09,695.0,54.87,51.97,49.16,14712.0,2911.0,27805.0
15,"Coruña, A",2017,10,2017M10,674.0,47.56,48.93,42.01,13893.0,2652.0,26167.0
15,"Coruña, A",2017,11,2017M11,603.0,35.16,34.6,28.84,13058.0,2381.0,24278.0
15,"Coruña, A",2017,12,2017M12,536.0,27.06,27.3,23.68,12277.0,2233.0,22522.0
15,"Coruña, A",2018,1,2018M01,484.0,25.73,20.88,19.78,11432.0,1935.0,21310.0
15,"Coruña, A",2018,2,2018M02,547.0,29.74,28.21,23.35,12298.0,2150.0,22923.0
15,"Coruña, A",2018,3,2018M03,563.0,33.11,34.59,28.55,12635.0,2317.0,23062.0
15,"Coruña, A",2018,4,2018M04,639.0,39.96,39.06,34.16,13470.0,2471.0,24734.0
15,"Coruña, A",2018,5,2018M05,634.0,47.95,43.63,40.35,13470.0,2522.0,24777.0
15,"Coruña, A",2018,6,2018M06,644.0,49.27,49.05,42.35,13997.0,2666.0,25821.0
15,"Coruña, A",2018,7,2018M07,664.0,56.49,61.2,53.22,14723.0,3011.0,27092.0
15,"Coruña, A",2018,8,2018M08,662.0,65.88,68.21,64.5,14609.0,3067.0,26869.0
15,"Coruña, A",2018,9,2018M09,660.0,53.31,52.87,46.97,14400.0,2925.0,26525.0
15,"Coruña, A",2018,10,2018M10,606.0,48.41,49.72,40.53,13519.0,2662.0,24890.0
15,"Coruña, A",2018,11,2018M11,553.0,38.97,37.6,31.82,12863.0,2438.0,23508.0
15,"Coruña, A",2018,12,2018M12,508.0,30.33,33.26,25.9,12029.0,2271.0,21992.0
15,"Coruña, A",2019,1,2019M01,446.0,26.99,24.8,21.59,11512.0,2056.0,21057.0
15,"Coruña, A",2019,2,2019M02,486.0,31.98,31.63,24.92,12084.0,2204.0,22110.0
15,"Coruña, A",2019,3,2019M03,542.0,34.03,34.04,27.48,12635.0,2374.0,23099.0
15,"Coruña, A",2019,4,2019M04,598.0,44.71,46.04,38.71,13467.0,2625.0,24717.0
15,"Coruña, A",2019,5,2019M05,627.0,53.43,49.02,44.36,13875.0,2764.0,25485.0
15,"Coruña, A",2019,6,2019M06,640.0,52.94,52.74,45.46,14115.0,2812.0,25937.0
15,"Coruña, A",2019,7,2019M07,660.0,57.88,63.89,54.89,14587.0,3223.0,26842.0
15,"Coruña, A",2019,8,2019M08,640.0,68.17,65.91,67.22,14423.0,3219.0,26582.0
15,"Coruña, A",2019,9,2019M09,651.0,58.73,59.56,52.75,13828.0,2964.0,25501.0
15,"Coruña, A",2019,10,2019M10,619.0,52.26,50.46,43.9,13815.0,2833.0,25466.0
15,"Coruña, A",2019,11,2019M11,532.0,37.89,36.71,30.37,12716.0,2477.0,23464.0
15,"Coruña, A",2019,12,2019M12,456.0,32.27,36.78,27.76,11635.0,2391.0,21398.0
15,"Coruña, A",2020,1,2020M01,454.0,31.96,28.88,24.99,11671.0,2154.0,21334.0
15,"Coruña, A",2020,2,2020M02,489.0,36.48,36.01,28.86,12098.0,2230.0,22179.0
15,"Coruña, A",2020,3,2020M03,453.0,18.98,13.33,13.94,9272.0,1593.0,16950.0
15,"Coruña, A",2020,4,2020M04,0.0,0.0,0.0,0.0,0.0,0.0,0.0
15,"Coruña, A",2020,5,2020M05,83.0,7.67,3.7,4.97,2564.0,182.0,4741.0
15,"Coruña, A",2020,6,2020M06,233.0,18.21,16.5,14.7,4431.0,631.0,8110.0
15,"Coruña, A",2020,7,2020M07,552.0,34.13,34.65,31.95,12123.0,2001.0,22225.0
15,"Coruña, A",2020,8,2020M08,630.0,41.82,44.5,40.58,13400.0,2325.0,24740.0
15,"Coruña, A",2020,9,2020M09,588.0,25.78,25.93,21.2,12477.0,2108.0,23024.0
15,"Coruña, A",2020,10,2020M10,523.0,22.73,18.16,16.99,11919.0,1845.0,22002.0
15,"Coruña, A",2020,11,2020M11,416.0,17.49,9.35,11.47,9899.0,1397.0,18153.0
15,"Coruña, A",2020,12,2020M12,356.0,17.0,11.2,11.83,8835.0,1207.0,16140.0
15,"Coruña, A",2021,1,2021M01,340.0,15.93,9.86,10.63,8561.0,1097.0,15539.0
15,"Coruña, A",2021,2,2021M02,324.0,16.61,10.75,11.13,8067.0,980.0,14618.0
15,"Coruña, A",2021,3,2021M03,403.0,21.6,17.63,15.03,9314.0,1196.0,16979.0
15,"Coruña, A",2021,4,2021M04,460.0,22.18,18.35,15.89,9736.0,1366.0,17832.0
15,"Coruña, A",2021,5,2021M05,492.0,25.78,24.12,19.56,10550.0,1599.0,19416.0
15,"Coruña, A",2021,6,2021M06,568.0,35.51,40.45,30.03,12428.0,1994.0,22978.0
15,"Coruña, A",2021,7,2021M07,661.0,53.7,55.16,50.44,14123.0,2567.0,26322.0
15,"Coruña, A",2021,8,2021M08,663.0,70.84,71.27,67.3,14402.0,2886.0,26874.0
15,"Coruña, A",2021,9,2021M09,670.0,55.88,56.22,49.28,14177.0,2702.0,26395.0
15,"Coruña, A",2021,10,2021M10,638.0,48.58,47.31,41.41,13623.0,2554.0,25351.0
15,"Coruña, A",2021,11,2021M11,543.0,37.8,37.17,29.66,12426.0,2229.0,22928.0
15,"Coruña, A",2021,12,2021M12,483.0,30.65,28.52,25.84,11424.0,2045.0,21150.0
15,"Coruña, A",2022,1,2022M01,436.0,23.96,25.72,19.48,10334.0,1628.0,19125.0
15,"Coruña, A",2022,2,2022M02,474.0,31.62,36.15,25.98,11350.0,1822.0,21022.0
15,"Coruña, A",2022,3,2022M03,529.0,35.83,35.67,28.61,12130.0,2100.0,22418.0
15,"Coruña, A",2022,4,2022M04,616.0,46.33,48.64,40.87,13330.0,2447.0,24781.0
15,"Coruña, A",2022,5,2022M05,658.0,53.4,53.79,45.66,13705.0,2648.0,25448.0
15,"Coruña, A",2022,6,2022M06,659.0,58.86,60.42,50.78,13938.0,2694.0,25913.0
15,"Coruña, A",2022,7,2022M07,717.0,65.81,65.93,60.47,15119.0,3086.0,28177.0
15,"Coruña, A",2022,8,2022M08,716.0,73.67,74.91,69.99,15250.0,3134.0,28423.0
15,"Coruña, A",2022,9,2022M09,697.0,63.86,61.21,55.88,14100.0,2851.0,26224.0
15,"Coruña, A",2022,10,2022M10,646.0,56.34,55.86,47.95,13818.0,2776.0,25753.0
15,"Coruña, A",2022,11,2022M11,533.0,42.6,43.14,33.61,12315.0,2387.0,22854.0
15,"Coruña, A",2022,12,2022M12,462.0,34.82,35.36,29.91,10727.0,2141.0,19870.0
15,"Coruña, A",2023,1,2023M01,462.0,30.59,27.33,23.71,10874.0,1897.0,20236.0
15,"Coruña, A",2023,2,2023M02,488.0,35.45,36.34,28.56,11636.0,2095.0,21620.0
15,"Coruña, A",2023,3,2023M03,540.0,39.74,39.15,31.68,12610.0,2334.0,23453.0
15,"Coruña, A",2023,4,2023M04,649.0,50.76,52.34,44.4,14051.0,2748.0,26199.0
15,"Coruña, A",2023,5,2023M05,667.0,55.7,51.04,45.84,14191.0,2801.0,26521.0
15,"Coruña, A",2023,6,2023M06,687.0,58.43,55.55,49.26,14631.0,2901.0,27440.0
15,"Coruña, A",2023,7,2023M07,732.0,61.13,62.7,55.57,15657.0,3209.0,29314.0
15,"Coruña, A",2023,8,2023M08,734.0,71.69,71.68,67.46,15638.0,3306.0,29309.0
15,"Coruña, A",2023,9,2023M09,692.0,63.98,59.81,55.45,14415.0,3005.0,27071.0
15,"Coruña, A",2023,10,2023M10,651.0,57.78,54.74,48.41,14176.0,2884.0,26507.0
15,"Coruña, A",2023,11,2023M11,549.0,41.57,39.69,32.89,12711.0,2558.0,23698.0
15,"Coruña, A",2023,12,2023M12,485.0,32.89,35.32,28.57,11670.0,2335.0,21900.0
15,"Coruña, A",2024,1,2024M01,420.0,33.97,30.32,26.42,9841.0,2031.0,18393.0
15,"Coruña, A",2024,2,2024M02,493.0,37.03,37.2,29.55,11191.0,2274.0,20830.0
15,"Coruña, A",2024,3,2024M03,561.0,40.2,41.8,34.31,12401.0,2564.0,23224.0
15,"Coruña, A",2024,4,2024M04,649.0,48.97,49.07,40.85,13532.0,2796.0,25334.0
15,"Coruña, A",2024,5,2024M05,662.0,59.55,56.54,50.26,14131.0,2979.0,26511.0
15,"Coruña, A",2024,6,2024M06,675.0,59.75,55.56,50.07,14113.0,3090.0,26612.0
15,"Coruña, A",2024,7,2024M07,717.0,62.21,64.74,56.33,14530.0,3316.0,27379.0
15,"Coruña, A",2024,8,2024M08,721.0,73.12,70.79,69.66,14619.0,3323.0,27603.0
15,"Coruña, A",2024,9,2024M09,686.0,66.77,64.47,57.99,13731.0,3181.0,25886.0
15,"Coruña, A",2024,10,2024M10,678.0,58.38,54.69,48.21,13911.0,3059.0,26117.0
15,"Coruña, A",2024,11,2024M11,565.0,42.97,43.31,34.61,12753.0,2684.0,23922.0
15,"Coruña, A",2024,12,2024M12,480.0,34.0,40.02,29.42,11389.0,2334.0,21339.0
15,"Coruña, A",2025,1,2025M01,402.0,32.06,31.46,25.42,10269.0,1938.0,19193.0
15,"Coruña, A",2025,2,2025M02,465.0,40.69,42.38,32.15,11137.0,2184.0,21000.0
15,"Coruña, A",2025,3,2025M03,521.0,40.67,42.36,32.74,12230.0,2381.0,23082.0
15,"Coruña, A",2025,4,2025M04,602.0,50.46,49.14,42.78,13346.0,2677.0,25256.0
15,"Coruña, A",2025,5,2025M05,654.0,59.97,56.26,50.19,13906.0,2882.0,26263.0
15,"Coruña, A",2025,6,2025M06,659.0,61.39,58.41,52.11,14094.0,2982.0,26682.0
15,"Coruña, A",2025,7,2025M07,678.0,63.98,64.58,56.95,14711.0,3356.0,27880.0
15,"Coruña, A",2025,8,2025M08,683.0,73.0,68.55,68.85,14797.0,3338.0,28039.0
15,"Coruña, A",2025,9,2025M09,646.0,67.83,65.68,57.69,14076.0,3180.0,26685.0
15,"Coruña, A",2025,10,2025M10,612.0,59.89,54.69,49.24,13321.0,2941.0,25192.0
15,"Coruña, A",2025,11,2025M11,518.0,42.87,41.72,33.83,12167.0,2689.0,23027.0
15,"Coruña, A",2025,12,2025M12,452.0,38.61,42.85,32.4,10972.0,2453.0,20705.0
16,Cuenca,2015,1,2015M01,132.0,18.18,20.29,15.64,2492.0,432.0,4791.0
16,Cuenca,2015,2,2015M02,131.0,20.97,32.19,18.39,2509.0,425.0,4843.0
16,Cuenca,2015,3,2015M03,139.0,24.46,33.41,21.28,2682.0,468.0,5197.0
16,Cuenca,2015,4,2015M04,143.0,29.84,41.99,27.35,2743.0,553.0,5321.0
16,Cuenca,2015,5,2015M05,142.0,25.69,37.16,22.6,2761.0,500.0,5355.0
16,Cuenca,2015,6,2015M06,142.0,26.71,37.51,24.11,2817.0,515.0,5476.0
16,Cuenca,2015,7,2015M07,138.0,26.23,35.25,23.48,2715.0,505.0,5244.0
16,Cuenca,2015,8,2015M08,139.0,34.56,43.27,33.87,2804.0,552.0,5457.0
16,Cuenca,2015,9,2015M09,134.0,30.12,43.29,26.8,2721.0,534.0,5306.0
16,Cuenca,2015,10,2015M10,134.0,31.98,41.61,28.59,2701.0,527.0,5250.0
16,Cuenca,2015,11,2015M11,139.0,26.27,36.41,22.5,2732.0,495.0,5291.0
16,Cuenca,2015,12,2015M12,131.0,22.89,25.49,20.51,2532.0,474.0,4886.0
16,Cuenca,2016,1,2016M01,133.0,21.5,26.03,18.71,2444.0,416.0,4704.0
16,Cuenca,2016,2,2016M02,139.0,25.84,34.86,22.58,2516.0,420.0,4844.0
16,Cuenca,2016,3,2016M03,139.0,31.82,41.6,28.86,2616.0,469.0,5065.0
16,Cuenca,2016,4,2016M04,142.0,28.41,39.76,24.32,2698.0,476.0,5233.0
16,Cuenca,2016,5,2016M05,144.0,29.33,38.77,25.92,2721.0,485.0,5286.0
16,Cuenca,2016,6,2016M06,140.0,30.91,42.26,26.66,2694.0,469.0,5234.0
16,Cuenca,2016,7,2016M07,145.0,29.69,38.92,28.35,2748.0,526.0,5343.0
16,Cuenca,2016,8,2016M08,142.0,41.19,49.39,39.81,2715.0,506.0,5307.0
16,Cuenca,2016,9,2016M09,133.0,34.08,45.78,30.18,2644.0,511.0,5211.0
16,Cuenca,2016,10,2016M10,140.0,34.32,47.62,30.82,2709.0,519.0,5311.0
16,Cuenca,2016,11,2016M11,137.0,28.2,39.6,23.94,2601.0,479.0,5058.0
16,Cuenca,2016,12,2016M12,131.0,26.61,34.23,25.02,2507.0,468.0,4870.0
16,Cuenca,2017,1,2017M01,121.0,24.7,29.76,20.4,2199.0,384.0,4253.0
16,Cuenca,2017,2,2017M02,132.0,31.13,38.61,25.85,2428.0,401.0,4705.0
16,Cuenca,2017,3,2017M03,137.0,27.55,39.65,23.75,2623.0,459.0,5127.0
16,Cuenca,2017,4,2017M04,142.0,37.26,46.93,34.44,2664.0,480.0,5219.0
16,Cuenca,2017,5,2017M05,141.0,29.98,37.62,25.85,2655.0,506.0,5204.0
16,Cuenca,2017,6,2017M06,140.0,31.05,41.03,27.64,2624.0,501.0,5110.0
16,Cuenca,2017,7,2017M07,142.0,30.69,39.49,27.21,2678.0,508.0,5260.0
16,Cuenca,2017,8,2017M08,142.0,40.3,49.9,38.7,2717.0,549.0,5338.0
16,Cuenca,2017,9,2017M09,135.0,35.5,47.07,31.86,2630.0,491.0,5172.0
16,Cuenca,2017,10,2017M10,139.0,33.28,46.14,30.72,2663.0,491.0,5229.0
16,Cuenca,2017,11,2017M11,135.0,29.03,39.67,24.49,2557.0,461.0,5024.0
16,Cuenca,2017,12,2017M12,131.0,25.34,30.33,23.66,2426.0,454.0,4757.0
16,Cuenca,2018,1,2018M01,139.0,23.09,27.86,19.2,2483.0,399.0,4848.0
16,Cuenca,2018,2,2018M02,145.0,25.35,32.61,21.68,2589.0,388.0,5011.0
16,Cuenca,2018,3,2018M03,151.0,30.02,38.34,26.5,2743.0,443.0,5329.0
16,Cuenca,2018,4,2018M04,152.0,32.72,40.39,29.49,2774.0,451.0,5418.0
16,Cuenca,2018,5,2018M05,147.0,29.38,39.83,26.24,2702.0,480.0,5277.0
16,Cuenca,2018,6,2018M06,151.0,31.83,41.37,27.13,2767.0,479.0,5400.0
16,Cuenca,2018,7,2018M07,157.0,32.82,39.76,29.42,2868.0,524.0,5608.0
16,Cuenca,2018,8,2018M08,157.0,39.7,47.93,37.72,2859.0,539.0,5592.0
16,Cuenca,2018,9,2018M09,153.0,34.46,44.14,30.7,2779.0,543.0,5447.0
16,Cuenca,2018,10,2018M10,156.0,36.12,48.4,31.86,2788.0,534.0,5461.0
16,Cuenca,2018,11,2018M11,153.0,30.97,45.09,26.76,2779.0,466.0,5443.0
16,Cuenca,2018,12,2018M12,137.0,26.96,35.05,25.05,2537.0,465.0,4985.0
16,Cuenca,2019,1,2019M01,131.0,23.84,29.38,19.91,2352.0,390.0,4592.0
16,Cuenca,2019,2,2019M02,139.0,27.95,38.66,23.77,2475.0,393.0,4855.0
16,Cuenca,2019,3,2019M03,146.0,30.53,40.33,26.63,2671.0,449.0,5258.0
16,Cuenca,2019,4,2019M04,149.0,34.63,43.41,31.29,2731.0,476.0,5362.0
16,Cuenca,2019,5,2019M05,147.0,32.71,41.05,28.24,2720.0,473.0,5340.0
16,Cuenca,2019,6,2019M06,147.0,34.54,45.23,30.21,2699.0,467.0,5302.0
16,Cuenca,2019,7,2019M07,147.0,33.65,42.72,31.17,2705.0,481.0,5320.0
16,Cuenca,2019,8,2019M08,149.0,39.34,45.71,38.51,2753.0,501.0,5411.0
16,Cuenca,2019,9,2019M09,140.0,37.26,47.37,32.78,2649.0,473.0,5227.0
16,Cuenca,2019,10,2019M10,145.0,34.17,44.11,30.06,2698.0,475.0,5299.0
16,Cuenca,2019,11,2019M11,144.0,29.13,42.57,25.11,2703.0,464.0,5309.0
16,Cuenca,2019,12,2019M12,138.0,28.91,37.62,26.21,2510.0,450.0,4936.0
16,Cuenca,2020,1,2020M01,125.0,25.89,30.93,21.76,2311.0,395.0,4500.0
16,Cuenca,2020,2,2020M02,135.0,30.1,44.96,26.07,2519.0,417.0,4937.0
16,Cuenca,2020,3,2020M03,120.0,16.26,20.82,13.34,2206.0,401.0,4299.0
16,Cuenca,2020,4,2020M04,0.0,0.0,0.0,0.0,0.0,0.0,0.0
16,Cuenca,2020,5,2020M05,21.0,7.15,1.87,4.15,375.0,33.0,713.0
16,Cuenca,2020,6,2020M06,75.0,13.23,5.76,9.34,1214.0,179.0,2304.0
16,Cuenca,2020,7,2020M07,123.0,27.96,30.98,23.43,2257.0,383.0,4440.0
16,Cuenca,2020,8,2020M08,125.0,36.23,42.44,33.57,2379.0,440.0,4726.0
16,Cuenca,2020,9,2020M09,123.0,28.16,32.67,24.15,2438.0,439.0,4861.0
16,Cuenca,2020,10,2020M10,125.0,23.17,23.83,18.93,2401.0,395.0,4765.0
16,Cuenca,2020,11,2020M11,110.0,15.03,10.16,10.49,1969.0,268.0,3818.0
16,Cuenca,2020,12,2020M12,101.0,12.84,11.28,9.49,1816.0,226.0,3510.0
16,Cuenca,2021,1,2021M01,87.0,10.94,5.6,7.33,1558.0,197.0,2994.0
16,Cuenca,2021,2,2021M02,91.0,18.81,10.3,12.59,1711.0,212.0,3304.0
16,Cuenca,2021,3,2021M03,111.0,19.09,18.83,14.55,2085.0,311.0,4057.0
16,Cuenca,2021,4,2021M04,112.0,21.42,24.0,16.08,2084.0,313.0,4063.0
16,Cuenca,2021,5,2021M05,123.0,24.89,27.07,19.1,2225.0,352.0,4363.0
16,Cuenca,2021,6,2021M06,125.0,33.79,36.47,26.25,2364.0,391.0,4699.0
16,Cuenca,2021,7,2021M07,135.0,35.25,38.89,29.7,2595.0,495.0,5144.0
16,Cuenca,2021,8,2021M08,139.0,51.44,52.71,45.83,2626.0,520.0,5209.0
16,Cuenca,2021,9,2021M09,131.0,43.55,48.34,35.79,2520.0,490.0,5010.0
16,Cuenca,2021,10,2021M10,134.0,41.9,43.84,34.92,2541.0,500.0,5042.0
16,Cuenca,2021,11,2021M11,130.0,35.0,41.7,27.54,2491.0,491.0,4957.0
16,Cuenca,2021,12,2021M12,122.0,30.22,24.08,24.6,2368.0,455.0,4714.0
16,Cuenca,2022,1,2022M01,114.0,31.35,30.79,23.81,2014.0,377.0,3932.0
16,Cuenca,2022,2,2022M02,130.0,36.08,41.67,27.92,2398.0,417.0,4742.0
16,Cuenca,2022,3,2022M03,138.0,32.19,36.4,25.53,2569.0,468.0,5099.0
16,Cuenca,2022,4,2022M04,140.0,41.05,41.72,34.83,2638.0,523.0,5231.0
16,Cuenca,2022,5,2022M05,141.0,38.05,39.57,30.66,2644.0,543.0,5243.0
16,Cuenca,2022,6,2022M06,140.0,37.39,40.56,29.76,2637.0,555.0,5240.0
16,Cuenca,2022,7,2022M07,141.0,39.04,39.33,32.41,2675.0,564.0,5308.0
16,Cuenca,2022,8,2022M08,143.0,40.96,44.36,36.24,2741.0,574.0,5445.0
16,Cuenca,2022,9,2022M09,142.0,40.09,40.85,32.02,2730.0,547.0,5426.0
16,Cuenca,2022,10,2022M10,139.0,39.56,43.44,32.91,2690.0,513.0,5353.0
16,Cuenca,2022,11,2022M11,140.0,32.31,36.08,25.38,2701.0,512.0,5367.0
16,Cuenca,2022,12,2022M12,131.0,24.85,27.71,21.59,2439.0,486.0,4839.0
16,Cuenca,2023,1,2023M01,117.0,27.1,27.91,21.92,2077.0,402.0,4048.0
16,Cuenca,2023,2,2023M02,137.0,32.41,33.58,25.34,2435.0,446.0,4813.0
16,Cuenca,2023,3,2023M03,139.0,35.81,39.27,28.55,2579.0,510.0,5118.0
16,Cuenca,2023,4,2023M04,143.0,42.69,46.66,36.99,2590.0,549.0,5133.0
16,Cuenca,2023,5,2023M05,146.0,34.16,36.04,27.68,2636.0,562.0,5232.0
16,Cuenca,2023,6,2023M06,140.0,38.35,37.8,30.57,2536.0,571.0,5017.0
16,Cuenca,2023,7,2023M07,140.0,34.47,38.21,29.61,2520.0,566.0,4980.0
16,Cuenca,2023,8,2023M08,144.0,38.31,42.66,35.12,2679.0,591.0,5318.0
16,Cuenca,2023,9,2023M09,129.0,39.93,40.17,32.7,2519.0,548.0,5020.0
16,Cuenca,2023,10,2023M10,143.0,42.36,45.49,33.31,2698.0,564.0,5342.0
16,Cuenca,2023,11,2023M11,140.0,33.73,33.58,26.28,2653.0,533.0,5253.0
16,Cuenca,2023,12,2023M12,129.0,32.76,31.96,27.95,2405.0,530.0,4727.0
16,Cuenca,2024,1,2024M01,114.0,28.14,26.82,21.5,2110.0,415.0,4145.0
16,Cuenca,2024,2,2024M02,120.0,31.75,31.03,24.63,2340.0,439.0,4658.0
16,Cuenca,2024,3,2024M03,127.0,33.8,35.98,28.55,2546.0,512.0,5082.0
16,Cuenca,2024,4,2024M04,130.0,36.22,41.08,29.08,2551.0,524.0,5092.0
16,Cuenca,2024,5,2024M05,127.0,44.17,52.1,38.99,2554.0,533.0,5100.0
16,Cuenca,2024,6,2024M06,127.0,39.3,43.24,31.55,2560.0,519.0,5112.0
16,Cuenca,2024,7,2024M07,133.0,34.45,37.76,28.11,2628.0,545.0,5244.0
16,Cuenca,2024,8,2024M08,133.0,41.57,41.9,37.14,2620.0,563.0,5228.0
16,Cuenca,2024,9,2024M09,120.0,42.12,42.64,33.46,2484.0,534.0,4977.0
16,Cuenca,2024,10,2024M10,137.0,39.44,43.0,30.89,2647.0,548.0,5273.0
16,Cuenca,2024,11,2024M11,135.0,34.04,36.59,26.8,2628.0,540.0,5238.0
16,Cuenca,2024,12,2024M12,127.0,28.16,33.48,23.82,2510.0,537.0,5012.0
16,Cuenca,2025,1,2025M01,111.0,26.81,26.81,20.77,2056.0,345.0,4059.0
16,Cuenca,2025,2,2025M02,128.0,40.26,54.97,34.3,2321.0,364.0,4626.0
16,Cuenca,2025,3,2025M03,128.0,29.97,31.5,23.24,2420.0,406.0,4836.0
16,Cuenca,2025,4,2025M04,138.0,36.67,42.91,30.92,2594.0,439.0,5207.0
16,Cuenca,2025,5,2025M05,140.0,38.18,40.96,29.95,2607.0,456.0,5249.0
16,Cuenca,2025,6,2025M06,142.0,36.41,39.08,27.74,2646.0,477.0,5329.0
16,Cuenca,2025,7,2025M07,140.0,33.64,37.57,26.76,2579.0,477.0,5167.0
16,Cuenca,2025,8,2025M08,140.0,41.06,41.9,36.43,2678.0,528.0,5408.0
16,Cuenca,2025,9,2025M09,130.0,41.97,46.21,33.29,2573.0,497.0,5212.0
16,Cuenca,2025,10,2025M10,138.0,40.29,46.4,31.78,2681.0,497.0,5423.0
16,Cuenca,2025,11,2025M11,141.0,33.83,36.97,26.18,2718.0,505.0,5492.0
16,Cuenca,2025,12,2025M12,120.0,28.82,34.06,23.76,2364.0,457.0,4810.0
17,Girona,2015,1,2015M01,322.0,31.77,36.59,29.19,11131.0,2537.0,23282.0
17,Girona,2015,2,2015M02,357.0,38.51,51.74,35.67,13311.0,3000.0,27656.0
17,Girona,2015,3,2015M03,421.0,41.27,48.48,37.92,17389.0,3930.0,36660.0
17,Girona,2015,4,2015M04,590.0,49.43,54.08,47.68,28972.0,6239.0,60466.0
17,Girona,2015,5,2015M05,644.0,47.79,63.3,46.29,33257.0,7384.0,69178.0
17,Girona,2015,6,2015M06,724.0,53.53,64.03,51.5,37821.0,9007.0,78576.0
17,Girona,2015,7,2015M07,784.0,68.68,75.47,69.16,41204.0,10423.0,84567.0
17,Girona,2015,8,2015M08,814.0,80.93,82.72,80.63,41867.0,11084.0,85896.0
17,Girona,2015,9,2015M09,741.0,64.59,70.34,61.16,38749.0,9371.0,79535.0
17,Girona,2015,10,2015M10,563.0,51.24,55.45,48.68,28826.0,6434.0,59399.0
17,Girona,2015,11,2015M11,408.0,34.17,41.09,30.43,14427.0,3057.0,29429.0
17,Girona,2015,12,2015M12,366.0,35.14,38.84,32.52,13019.0,2977.0,26813.0
17,Girona,2016,1,2016M01,326.0,33.68,44.2,30.04,12040.0,2512.0,25309.0
17,Girona,2016,2,2016M02,358.0,39.25,54.37,35.18,13703.0,2767.0,28606.0
17,Girona,2016,3,2016M03,498.0,46.67,54.62,43.65,21535.0,4750.0,45837.0
17,Girona,2016,4,2016M04,578.0,48.91,51.59,45.29,27460.0,6030.0,57827.0
17,Girona,2016,5,2016M05,667.0,52.29,62.86,48.36,34915.0,8167.0,73192.0
17,Girona,2016,6,2016M06,752.0,57.58,68.46,54.26,38703.0,9398.0,81267.0
17,Girona,2016,7,2016M07,817.0,72.91,75.19,71.44,42128.0,10896.0,88834.0
17,Girona,2016,8,2016M08,822.0,84.14,86.43,81.39,41825.0,11425.0,88267.0
17,Girona,2016,9,2016M09,752.0,68.21,69.66,63.25,37901.0,9395.0,79886.0
17,Girona,2016,10,2016M10,570.0,56.15,58.52,51.07,28906.0,6802.0,61228.0
17,Girona,2016,11,2016M11,392.0,38.69,44.65,33.02,14964.0,3157.0,30829.0
17,Girona,2016,12,2016M12,383.0,36.45,37.13,31.9,14136.0,3135.0,29399.0
17,Girona,2017,1,2017M01,312.0,32.32,35.9,26.41,10039.0,2339.0,21867.0
17,Girona,2017,2,2017M02,365.0,40.52,45.68,34.24,11702.0,2696.0,25124.0
17,Girona,2017,3,2017M03,483.0,42.68,52.03,35.67,18084.0,4366.0,39598.0
17,Girona,2017,4,2017M04,625.0,56.06,59.24,52.16,29826.0,6991.0,64351.0
17,Girona,2017,5,2017M05,670.0,50.79,59.74,45.27,34006.0,8263.0,73572.0
17,Girona,2017,6,2017M06,751.0,63.82,69.47,58.96,38822.0,9700.0,83563.0
17,Girona,2017,7,2017M07,813.0,75.83,79.51,73.23,40820.0,10888.0,87523.0
17,Girona,2017,8,2017M08,833.0,81.98,81.97,79.15,41153.0,11332.0,88211.0
17,Girona,2017,9,2017M09,727.0,71.16,67.78,64.02,36768.0,9493.0,79414.0
17,Girona,2017,10,2017M10,577.0,55.66,61.03,49.8,27034.0,6741.0,57720.0
17,Girona,2017,11,2017M11,403.0,36.5,39.71,29.59,13672.0,3178.0,29453.0
17,Girona,2017,12,2017M12,401.0,35.31,40.67,30.27,11277.0,2922.0,24778.0
17,Girona,2018,1,2018M01,343.0,33.46,38.69,29.34,10155.0,2594.0,22089.0
17,Girona,2018,2,2018M02,381.0,39.99,48.63,35.82,11710.0,2758.0,25631.0
17,Girona,2018,3,2018M03,504.0,48.3,57.19,43.47,20016.0,4851.0,43632.0
17,Girona,2018,4,2018M04,621.0,50.66,52.77,46.81,27755.0,7054.0,59439.0
17,Girona,2018,5,2018M05,691.0,54.96,61.54,50.32,33920.0,8881.0,72770.0
17,Girona,2018,6,2018M06,765.0,59.61,68.08,55.65,38013.0,9974.0,81905.0
17,Girona,2018,7,2018M07,810.0,71.52,77.03,70.1,40435.0,11043.0,86797.0
17,Girona,2018,8,2018M08,827.0,81.58,80.03,79.35,40701.0,11335.0,87313.0
17,Girona,2018,9,2018M09,752.0,69.68,69.84,63.24,37701.0,10020.0,81254.0
17,Girona,2018,10,2018M10,600.0,56.79,63.71,52.03,28664.0,7611.0,61059.0
17,Girona,2018,11,2018M11,412.0,40.56,49.13,34.28,13652.0,3272.0,29094.0
17,Girona,2018,12,2018M12,395.0,37.51,45.74,33.05,11354.0,2976.0,24513.0
17,Girona,2019,1,2019M01,333.0,34.84,40.24,29.86,9822.0,2590.0,21462.0
17,Girona,2019,2,2019M02,375.0,41.4,50.9,36.73,12265.0,2937.0,26853.0
17,Girona,2019,3,2019M03,457.0,46.65,55.76,39.82,17355.0,4119.0,38354.0
17,Girona,2019,4,2019M04,629.0,55.39,61.45,51.57,28600.0,7462.0,62097.0
17,Girona,2019,5,2019M05,697.0,53.4,57.56,46.81,34543.0,8905.0,74646.0
17,Girona,2019,6,2019M06,781.0,65.65,72.02,60.14,39732.0,10344.0,85863.0
17,Girona,2019,7,2019M07,839.0,73.08,78.35,70.08,41889.0,11527.0,90422.0
17,Girona,2019,8,2019M08,835.0,83.52,79.7,80.08,41971.0,11714.0,90532.0
17,Girona,2019,9,2019M09,770.0,68.07,67.91,60.94,38027.0,9896.0,82048.0
17,Girona,2019,10,2019M10,608.0,56.36,60.58,50.12,28837.0,7604.0,61362.0
17,Girona,2019,11,2019M11,418.0,38.29,46.72,32.41,15571.0,3639.0,33173.0
17,Girona,2019,12,2019M12,387.0,39.54,49.39,34.76,11729.0,3109.0,25410.0
17,Girona,2020,1,2020M01,322.0,35.43,41.49,30.53,9744.0,2532.0,21485.0
17,Girona,2020,2,2020M02,371.0,44.57,53.9,39.5,11819.0,3017.0,25770.0
17,Girona,2020,3,2020M03,332.0,25.19,28.49,21.29,10008.0,2250.0,22020.0
17,Girona,2020,4,2020M04,0.0,0.0,0.0,0.0,0.0,0.0,0.0
17,Girona,2020,5,2020M05,34.0,12.85,6.82,7.71,628.0,70.0,1270.0
17,Girona,2020,6,2020M06,296.0,29.04,35.28,26.22,6716.0,1496.0,13590.0
17,Girona,2020,7,2020M07,667.0,41.44,50.59,39.15,27660.0,6600.0,62104.0
17,Girona,2020,8,2020M08,700.0,54.82,56.27,53.37,30477.0,7520.0,67905.0
17,Girona,2020,9,2020M09,591.0,33.57,48.13,30.1,23865.0,5370.0,53156.0
17,Girona,2020,10,2020M10,388.0,27.05,32.39,23.03,11641.0,2856.0,23810.0
17,Girona,2020,11,2020M11,229.0,15.0,7.69,10.29,5937.0,1137.0,12315.0
17,Girona,2020,12,2020M12,233.0,19.31,13.3,14.92,6092.0,1181.0,13041.0
17,Girona,2021,1,2021M01,188.0,19.89,18.15,14.38,5072.0,1032.0,10785.0
17,Girona,2021,2,2021M02,203.0,20.57,18.79,14.29,5526.0,914.0,11671.0
17,Girona,2021,3,2021M03,268.0,25.63,28.29,20.5,7483.0,1531.0,16718.0
17,Girona,2021,4,2021M04,336.0,25.09,30.14,20.35,8833.0,1945.0,19225.0
17,Girona,2021,5,2021M05,449.0,31.73,41.27,26.95,15442.0,3428.0,34453.0
17,Girona,2021,6,2021M06,620.0,36.93,48.85,33.97,27575.0,6230.0,60332.0
17,Girona,2021,7,2021M07,733.0,52.13,59.93,50.58,35247.0,8876.0,77345.0
17,Girona,2021,8,2021M08,744.0,74.58,77.97,72.2,36258.0,9509.0,79370.0
17,Girona,2021,9,2021M09,666.0,50.42,59.14,44.02,31691.0,7679.0,69885.0
17,Girona,2021,10,2021M10,493.0,50.01,54.16,43.67,22224.0,5380.0,48436.0
17,Girona,2021,11,2021M11,357.0,40.67,47.22,33.39,11584.0,2860.0,24396.0
17,Girona,2021,12,2021M12,348.0,41.13,43.14,36.49,10382.0,2554.0,22585.0
17,Girona,2022,1,2022M01,291.0,38.57,46.96,32.89,8965.0,1958.0,19597.0
17,Girona,2022,2,2022M02,327.0,47.18,58.69,41.77,10481.0,2432.0,22695.0
17,Girona,2022,3,2022M03,397.0,40.92,48.71,33.85,13489.0,3406.0,29714.0
17,Girona,2022,4,2022M04,561.0,49.35,50.55,45.01,27040.0,6631.0,59592.0
17,Girona,2022,5,2022M05,633.0,50.27,61.71,43.93,32444.0,8348.0,70443.0
17,Girona,2022,6,2022M06,703.0,60.74,70.76,56.28,36715.0,10098.0,79530.0
17,Girona,2022,7,2022M07,770.0,73.93,76.38,71.77,40197.0,11423.0,87670.0
17,Girona,2022,8,2022M08,777.0,83.22,82.98,80.82,40308.0,11728.0,87903.0
17,Girona,2022,9,2022M09,719.0,63.35,64.6,55.46,37152.0,10082.0,81201.0
17,Girona,2022,10,2022M10,530.0,55.08,57.34,48.14,26864.0,6938.0,57804.0
17,Girona,2022,11,2022M11,358.0,43.6,49.21,34.96,12697.0,3044.0,26849.0
17,Girona,2022,12,2022M12,338.0,45.5,43.47,39.57,11030.0,2788.0,24108.0
17,Girona,2023,1,2023M01,304.0,42.96,47.77,36.57,9692.0,2566.0,21106.0
17,Girona,2023,2,2023M02,343.0,48.1,58.35,42.4,11194.0,2859.0,24289.0
17,Girona,2023,3,2023M03,424.0,45.17,49.73,38.33,15676.0,4136.0,34668.0
17,Girona,2023,4,2023M04,606.0,55.92,59.6,50.26,30242.0,8205.0,66630.0
17,Girona,2023,5,2023M05,683.0,55.91,64.58,49.57,35276.0,9594.0,76753.0
17,Girona,2023,6,2023M06,729.0,63.06,70.78,57.61,38223.0,10994.0,83116.0
17,Girona,2023,7,2023M07,797.0,74.44,78.32,71.19,40972.0,12118.0,89592.0
17,Girona,2023,8,2023M08,802.0,81.78,82.0,78.54,41073.0,12273.0,89790.0
17,Girona,2023,9,2023M09,754.0,70.22,68.76,61.8,38227.0,10790.0,83566.0
17,Girona,2023,10,2023M10,580.0,61.39,62.97,54.44,28614.0,8393.0,62571.0
17,Girona,2023,11,2023M11,358.0,44.94,51.62,37.49,12612.0,3359.0,26862.0
17,Girona,2023,12,2023M12,373.0,46.69,46.61,40.55,11171.0,2842.0,24392.0
17,Girona,2024,1,2024M01,292.0,40.6,39.62,31.99,9614.0,2574.0,21275.0
17,Girona,2024,2,2024M02,312.0,48.15,52.47,39.73,10721.0,2809.0,23551.0
17,Girona,2024,3,2024M03,448.0,48.83,53.62,41.49,18514.0,5491.0,42257.0
17,Girona,2024,4,2024M04,584.0,50.55,54.23,45.03,28795.0,8138.0,63500.0
17,Girona,2024,5,2024M05,670.0,60.66,66.8,53.95,36141.0,9970.0,79013.0
17,Girona,2024,6,2024M06,716.0,66.34,71.13,59.98,38936.0,10927.0,85458.0
17,Girona,2024,7,2024M07,773.0,77.42,81.83,74.71,40802.0,12346.0,89425.0
17,Girona,2024,8,2024M08,759.0,86.24,82.53,82.93,40038.0,12142.0,88012.0
17,Girona,2024,9,2024M09,726.0,72.57,68.89,63.08,38621.0,11114.0,84704.0
17,Girona,2024,10,2024M10,582.0,60.5,60.18,52.85,29942.0,8441.0,65300.0
17,Girona,2024,11,2024M11,345.0,43.99,51.2,35.71,12393.0,3918.0,26693.0
17,Girona,2024,12,2024M12,349.0,40.13,47.49,33.57,11021.0,3146.0,24131.0
17,Girona,2025,1,2025M01,264.0,43.41,48.06,37.52,9494.0,2772.0,20712.0
17,Girona,2025,2,2025M02,303.0,50.64,60.43,44.25,11249.0,3195.0,24250.0
17,Girona,2025,3,2025M03,412.0,46.75,50.37,38.8,17376.0,5048.0,39013.0
17,Girona,2025,4,2025M04,567.0,58.59,61.39,53.01,29265.0,8659.0,64290.0
17,Girona,2025,5,2025M05,655.0,60.52,65.92,53.23,35492.0,10365.0,77689.0
17,Girona,2025,6,2025M06,681.0,69.97,73.08,63.63,38108.0,11784.0,83456.0
17,Girona,2025,7,2025M07,748.0,77.96,81.72,75.41,40226.0,12841.0,88072.0
17,Girona,2025,8,2025M08,743.0,84.17,81.57,81.68,40072.0,12860.0,88189.0
17,Girona,2025,9,2025M09,707.0,74.32,75.2,66.15,37975.0,12122.0,83137.0
17,Girona,2025,10,2025M10,577.0,60.59,62.12,52.88,30390.0,9311.0,66096.0
17,Girona,2025,11,2025M11,378.0,44.15,48.16,36.06,12961.0,4444.0,27534.0
17,Girona,2025,12,2025M12,358.0,43.01,48.22,36.75,11201.0,3546.0,24170.0
18,Granada,2015,1,2015M01,380.0,40.19,50.97,36.97,14153.0,2912.0,29280.0
18,Granada,2015,2,2015M02,392.0,52.4,64.99,47.39,14728.0,3071.0,30314.0
18,Granada,2015,3,2015M03,413.0,50.15,60.14,45.61,15403.0,3408.0,32076.0
18,Granada,2015,4,2015M04,429.0,56.65,62.87,51.66,15777.0,3445.0,32467.0
18,Granada,2015,5,2015M05,430.0,58.55,61.96,51.52,14972.0,3289.0,30768.0
18,Granada,2015,6,2015M06,438.0,55.24,60.66,49.24,15711.0,3598.0,32341.0
18,Granada,2015,7,2015M07,441.0,53.62,56.05,50.8,15885.0,3677.0,32997.0
18,Granada,2015,8,2015M08,449.0,62.38,64.67,59.63,15975.0,3743.0,33223.0
18,Granada,2015,9,2015M09,442.0,65.1,65.56,56.87,15430.0,3521.0,31814.0
18,Granada,2015,10,2015M10,431.0,61.87,63.04,53.47,14959.0,3302.0,30923.0
18,Granada,2015,11,2015M11,407.0,44.44,55.59,38.85,13785.0,2775.0,27774.0
18,Granada,2015,12,2015M12,404.0,41.77,45.57,39.02,14566.0,3012.0,29824.0
18,Granada,2016,1,2016M01,386.0,39.66,50.46,35.77,14361.0,2980.0,29832.0
18,Granada,2016,2,2016M02,402.0,48.17,60.51,43.92,14783.0,3054.0,30630.0
18,Granada,2016,3,2016M03,429.0,56.15,64.19,52.35,15556.0,3489.0,32389.0
18,Granada,2016,4,2016M04,432.0,56.9,59.87,50.18,15190.0,3323.0,31703.0
18,Granada,2016,5,2016M05,432.0,59.61,60.34,51.15,15167.0,3277.0,31361.0
18,Granada,2016,6,2016M06,431.0,57.6,59.76,50.09,15571.0,3580.0,32104.0
18,Granada,2016,7,2016M07,410.0,56.45,61.05,53.36,15609.0,3768.0,32779.0
18,Granada,2016,8,2016M08,429.0,61.32,66.73,60.16,15504.0,3728.0,32483.0
18,Granada,2016,9,2016M09,427.0,66.01,64.19,57.7,15232.0,3534.0,31638.0
18,Granada,2016,10,2016M10,428.0,63.24,64.81,54.78,15148.0,3381.0,31437.0
18,Granada,2016,11,2016M11,403.0,49.2,61.41,42.61,13777.0,2828.0,27836.0
18,Granada,2016,12,2016M12,406.0,47.59,50.73,44.8,14803.0,3295.0,30527.0
18,Granada,2017,1,2017M01,369.0,44.91,50.86,41.3,14058.0,3152.0,29274.0
18,Granada,2017,2,2017M02,379.0,50.34,61.67,46.21,14236.0,3250.0,29601.0
18,Granada,2017,3,2017M03,406.0,52.3,60.84,46.65,15093.0,3485.0,31288.0
18,Granada,2017,4,2017M04,420.0,63.72,66.63,59.26,15425.0,3598.0,32203.0
18,Granada,2017,5,2017M05,420.0,59.42,62.0,52.23,15039.0,3412.0,31236.0
18,Granada,2017,6,2017M06,413.0,59.73,63.52,53.78,15143.0,3544.0,31320.0
18,Granada,2017,7,2017M07,403.0,60.75,63.6,56.2,15168.0,3663.0,31872.0
18,Granada,2017,8,2017M08,417.0,63.17,67.68,61.45,15406.0,3773.0,32303.0
18,Granada,2017,9,2017M09,419.0,68.32,65.17,60.5,15269.0,3583.0,31719.0
18,Granada,2017,10,2017M10,402.0,64.39,68.67,56.13,14664.0,3404.0,30552.0
18,Granada,2017,11,2017M11,383.0,51.32,61.99,43.95,13208.0,2777.0,26769.0
18,Granada,2017,12,2017M12,378.0,48.45,60.81,45.46,13939.0,3199.0,28826.0
18,Granada,2018,1,2018M01,377.0,47.83,53.08,42.93,13906.0,3179.0,29103.0
18,Granada,2018,2,2018M02,389.0,56.02,68.47,50.44,14578.0,3374.0,30524.0
18,Granada,2018,3,2018M03,415.0,56.77,60.69,52.14,15796.0,3787.0,33047.0
18,Granada,2018,4,2018M04,428.0,61.55,64.0,54.35,15866.0,3847.0,33299.0
18,Granada,2018,5,2018M05,429.0,60.56,65.29,52.29,15580.0,3698.0,32528.0
18,Granada,2018,6,2018M06,419.0,61.18,63.29,53.36,15551.0,3837.0,32335.0
18,Granada,2018,7,2018M07,420.0,58.62,64.38,54.3,15782.0,3906.0,33057.0
18,Granada,2018,8,2018M08,420.0,65.31,67.16,62.71,15877.0,3939.0,33271.0
18,Granada,2018,9,2018M09,427.0,70.78,69.52,60.86,15754.0,3910.0,32758.0
18,Granada,2018,10,2018M10,429.0,66.36,69.78,56.37,15655.0,3702.0,32517.0
18,Granada,2018,11,2018M11,407.0,53.55,64.65,46.71,14409.0,3185.0,28945.0
18,Granada,2018,12,2018M12,393.0,50.37,61.95,47.54,15098.0,3501.0,31151.0
18,Granada,2019,1,2019M01,373.0,47.83,54.75,43.51,14498.0,3308.0,30508.0
18,Granada,2019,2,2019M02,375.0,58.6,68.64,53.01,14542.0,3375.0,30476.0
18,Granada,2019,3,2019M03,404.0,59.96,67.89,52.86,15653.0,3712.0,32704.0
18,Granada,2019,4,2019M04,415.0,65.6,67.92,59.26,15907.0,3866.0,33620.0
18,Granada,2019,5,2019M05,416.0,66.41,65.54,57.17,15476.0,3633.0,32400.0
18,Granada,2019,6,2019M06,421.0,64.33,66.59,56.79,15774.0,3789.0,33182.0
18,Granada,2019,7,2019M07,405.0,61.82,61.41,55.96,15800.0,3846.0,33538.0
18,Granada,2019,8,2019M08,413.0,69.63,67.91,65.24,15963.0,4015.0,33927.0
18,Granada,2019,9,2019M09,411.0,72.15,69.56,61.86,15728.0,3845.0,33068.0
18,Granada,2019,10,2019M10,398.0,68.74,69.63,58.26,15236.0,3590.0,31897.0
18,Granada,2019,11,2019M11,366.0,56.08,60.46,48.56,13885.0,2972.0,28205.0
18,Granada,2019,12,2019M12,376.0,52.39,64.5,48.27,14449.0,3369.0,30180.0
18,Granada,2020,1,2020M01,360.0,53.26,60.0,47.35,14211.0,3386.0,29922.0
18,Granada,2020,2,2020M02,374.0,59.89,72.3,53.48,14479.0,3396.0,30428.0
18,Granada,2020,3,2020M03,286.0,33.8,32.28,28.49,10481.0,2180.0,22222.0
18,Granada,2020,4,2020M04,0.0,0.0,0.0,0.0,0.0,0.0,0.0
18,Granada,2020,5,2020M05,19.0,12.41,3.88,6.6,1168.0,65.0,2534.0
18,Granada,2020,6,2020M06,115.0,16.65,18.08,13.73,3925.0,463.0,7995.0
18,Granada,2020,7,2020M07,266.0,31.17,35.54,28.0,9990.0,1746.0,21185.0
18,Granada,2020,8,2020M08,279.0,40.54,44.26,38.1,11176.0,2099.0,23988.0
18,Granada,2020,9,2020M09,282.0,32.37,38.82,27.88,10970.0,1897.0,22764.0
18,Granada,2020,10,2020M10,268.0,25.45,29.41,21.12,9562.0,1478.0,19287.0
18,Granada,2020,11,2020M11,158.0,12.59,6.28,7.57,5553.0,635.0,11384.0
18,Granada,2020,12,2020M12,173.0,18.63,17.98,15.25,5976.0,877.0,12528.0
18,Granada,2021,1,2021M01,182.0,17.78,19.08,13.71,6604.0,987.0,14574.0
18,Granada,2021,2,2021M02,180.0,18.21,14.45,12.78,6416.0,839.0,13422.0
18,Granada,2021,3,2021M03,198.0,20.59,17.93,14.81,7233.0,1072.0,15985.0
18,Granada,2021,4,2021M04,228.0,20.56,16.94,15.51,7141.0,1082.0,14723.0
18,Granada,2021,5,2021M05,234.0,29.08,38.08,23.7,7995.0,1178.0,16339.0
18,Granada,2021,6,2021M06,275.0,39.28,50.13,33.84,10834.0,1998.0,22608.0
18,Granada,2021,7,2021M07,320.0,49.63,52.16,44.04,12390.0,2558.0,26414.0
18,Granada,2021,8,2021M08,326.0,61.81,64.87,57.63,12850.0,2770.0,27277.0
18,Granada,2021,9,2021M09,352.0,55.97,61.91,47.6,13570.0,2930.0,28469.0
18,Granada,2021,10,2021M10,358.0,58.41,62.72,50.46,13319.0,2776.0,27488.0
18,Granada,2021,11,2021M11,339.0,46.0,57.47,38.94,12574.0,2505.0,25343.0
18,Granada,2021,12,2021M12,348.0,42.66,45.51,38.52,13158.0,2682.0,27495.0
18,Granada,2022,1,2022M01,330.0,36.95,48.24,33.62,12694.0,2542.0,26347.0
18,Granada,2022,2,2022M02,332.0,49.7,65.77,45.42,12988.0,2641.0,27031.0
18,Granada,2022,3,2022M03,367.0,44.23,55.94,39.9,14030.0,2974.0,29031.0
18,Granada,2022,4,2022M04,381.0,57.65,60.52,52.45,15011.0,3429.0,32020.0
18,Granada,2022,5,2022M05,361.0,56.93,58.59,48.35,14183.0,3172.0,29721.0
18,Granada,2022,6,2022M06,368.0,56.62,59.5,48.85,14546.0,3348.0,30691.0
18,Granada,2022,7,2022M07,372.0,52.67,55.92,48.94,14878.0,3685.0,31656.0
18,Granada,2022,8,2022M08,382.0,61.03,64.1,57.97,15222.0,3762.0,32226.0
18,Granada,2022,9,2022M09,385.0,62.85,63.84,53.42,15142.0,3610.0,31834.0
18,Granada,2022,10,2022M10,367.0,61.61,63.72,52.08,14586.0,3428.0,30606.0
18,Granada,2022,11,2022M11,341.0,49.45,58.9,41.6,12639.0,2627.0,25602.0
18,Granada,2022,12,2022M12,360.0,45.13,45.33,41.18,13454.0,2900.0,28007.0
18,Granada,2023,1,2023M01,337.0,46.59,53.46,41.69,12837.0,2981.0,27058.0
18,Granada,2023,2,2023M02,337.0,54.96,63.59,49.62,13294.0,3160.0,27964.0
18,Granada,2023,3,2023M03,368.0,55.33,59.28,46.92,13953.0,3348.0,29458.0
18,Granada,2023,4,2023M04,379.0,61.57,60.8,54.07,14384.0,3374.0,30658.0
18,Granada,2023,5,2023M05,379.0,59.62,58.42,49.31,14276.0,3401.0,30446.0
18,Granada,2023,6,2023M06,385.0,59.61,60.19,49.75,14569.0,3450.0,31209.0
18,Granada,2023,7,2023M07,382.0,56.61,55.29,50.86,14838.0,3650.0,31678.0
18,Granada,2023,8,2023M08,389.0,62.43,62.92,57.45,14939.0,3748.0,32232.0
18,Granada,2023,9,2023M09,399.0,66.66,63.65,56.17,15122.0,3797.0,32239.0
18,Granada,2023,10,2023M10,377.0,65.64,66.0,54.59,14357.0,3490.0,30557.0
18,Granada,2023,11,2023M11,379.0,52.66,60.31,44.74,13619.0,3007.0,27965.0
18,Granada,2023,12,2023M12,375.0,47.69,51.6,43.14,13832.0,3190.0,28868.0
18,Granada,2024,1,2024M01,362.0,46.99,53.17,42.15,13664.0,3192.0,28700.0
18,Granada,2024,2,2024M02,379.0,55.96,61.65,50.43,13981.0,3289.0,29305.0
18,Granada,2024,3,2024M03,387.0,59.31,56.65,51.15,14796.0,3833.0,31892.0
18,Granada,2024,4,2024M04,395.0,61.18,60.41,52.01,15272.0,3843.0,32591.0
18,Granada,2024,5,2024M05,395.0,63.76,61.81,54.71,14743.0,3781.0,31296.0
18,Granada,2024,6,2024M06,392.0,61.4,60.31,52.27,15150.0,3800.0,32541.0
18,Granada,2024,7,2024M07,365.0,59.04,59.07,52.3,14894.0,3986.0,32166.0
18,Granada,2024,8,2024M08,386.0,63.56,60.36,58.97,15199.0,4146.0,32646.0
18,Granada,2024,9,2024M09,412.0,67.8,64.52,57.12,15417.0,4049.0,32840.0
18,Granada,2024,10,2024M10,408.0,66.93,65.43,56.51,14997.0,3865.0,31725.0
18,Granada,2024,11,2024M11,383.0,56.27,59.24,48.88,14012.0,3424.0,28973.0
18,Granada,2024,12,2024M12,344.0,48.38,56.6,43.91,13353.0,3385.0,27912.0
18,Granada,2025,1,2025M01,339.0,47.52,53.33,42.91,13204.0,3411.0,27960.0
18,Granada,2025,2,2025M02,361.0,58.07,64.79,51.56,13780.0,3501.0,29316.0
18,Granada,2025,3,2025M03,388.0,56.55,55.17,48.63,14931.0,4196.0,32557.0
18,Granada,2025,4,2025M04,403.0,62.46,59.77,54.41,15638.0,4198.0,34120.0
18,Granada,2025,5,2025M05,385.0,65.36,64.03,55.22,14766.0,3984.0,31711.0
18,Granada,2025,6,2025M06,388.0,61.14,62.18,52.98,15277.0,4078.0,32902.0
18,Granada,2025,7,2025M07,384.0,55.46,57.45,51.54,15682.0,4199.0,33616.0
18,Granada,2025,8,2025M08,385.0,64.61,60.1,60.39,15593.0,4114.0,33607.0
18,Granada,2025,9,2025M09,389.0,71.35,65.27,58.55,15341.0,4092.0,33022.0
18,Granada,2025,10,2025M10,385.0,68.62,63.55,56.51,14864.0,3885.0,31679.0
18,Granada,2025,11,2025M11,368.0,57.67,59.05,47.05,13900.0,3396.0,29039.0
18,Granada,2025,12,2025M12,368.0,53.01,58.39,47.11,13676.0,3451.0,29373.0
19,Guadalajara,2015,1,2015M01,101.0,20.65,23.81,18.96,2134.0,301.0,4077.0
19,Guadalajara,2015,2,2015M02,101.0,24.9,31.47,20.55,2130.0,313.0,4109.0
19,Guadalajara,2015,3,2015M03,118.0,28.15,34.96,24.94,2335.0,332.0,4479.0
19,Guadalajara,2015,4,2015M04,120.0,31.7,39.54,29.79,2350.0,378.0,4506.0
19,Guadalajara,2015,5,2015M05,121.0,33.61,38.13,27.68,2366.0,373.0,4554.0
19,Guadalajara,2015,6,2015M06,120.0,25.99,33.56,22.47,2372.0,360.0,4537.0
19,Guadalajara,2015,7,2015M07,123.0,28.01,36.89,23.9,2389.0,361.0,4577.0
19,Guadalajara,2015,8,2015M08,123.0,27.93,33.87,25.71,2404.0,374.0,4601.0
19,Guadalajara,2015,9,2015M09,119.0,31.92,44.79,27.19,2334.0,386.0,4463.0
19,Guadalajara,2015,10,2015M10,123.0,33.6,38.32,30.54,2391.0,428.0,4576.0
19,Guadalajara,2015,11,2015M11,122.0,26.23,36.18,22.75,2383.0,375.0,4554.0
19,Guadalajara,2015,12,2015M12,118.0,24.54,31.39,22.99,2335.0,364.0,4450.0
19,Guadalajara,2016,1,2016M01,114.0,17.72,20.5,16.3,2241.0,334.0,4268.0
19,Guadalajara,2016,2,2016M02,120.0,23.96,31.0,20.32,2327.0,350.0,4436.0
19,Guadalajara,2016,3,2016M03,126.0,30.48,43.99,28.01,2423.0,373.0,4627.0
19,Guadalajara,2016,4,2016M04,125.0,27.37,35.49,23.94,2397.0,364.0,4576.0
19,Guadalajara,2016,5,2016M05,125.0,32.31,35.62,28.83,2399.0,394.0,4582.0
19,Guadalajara,2016,6,2016M06,126.0,34.39,46.3,33.12,2422.0,391.0,4627.0
19,Guadalajara,2016,7,2016M07,127.0,33.99,42.31,30.93,2426.0,403.0,4644.0
19,Guadalajara,2016,8,2016M08,128.0,33.51,37.43,32.92,2443.0,396.0,4677.0
19,Guadalajara,2016,9,2016M09,128.0,34.74,43.46,30.41,2447.0,401.0,4678.0
19,Guadalajara,2016,10,2016M10,131.0,35.78,45.18,34.13,2486.0,395.0,4752.0
19,Guadalajara,2016,11,2016M11,128.0,28.11,37.56,24.31,2454.0,383.0,4690.0
19,Guadalajara,2016,12,2016M12,118.0,28.31,26.05,26.43,2336.0,371.0,4453.0
19,Guadalajara,2017,1,2017M01,111.0,23.28,22.89,20.94,2211.0,332.0,4212.0
19,Guadalajara,2017,2,2017M02,119.0,29.73,35.58,26.13,2274.0,312.0,4315.0
19,Guadalajara,2017,3,2017M03,127.0,29.65,37.68,25.78,2371.0,326.0,4497.0
19,Guadalajara,2017,4,2017M04,131.0,37.93,50.11,35.7,2414.0,357.0,4587.0
19,Guadalajara,2017,5,2017M05,127.0,34.92,39.02,31.92,2313.0,353.0,4450.0
19,Guadalajara,2017,6,2017M06,128.0,36.92,44.39,33.73,2335.0,359.0,4495.0
19,Guadalajara,2017,7,2017M07,126.0,33.61,40.06,29.24,2305.0,365.0,4440.0
19,Guadalajara,2017,8,2017M08,126.0,32.43,39.09,30.15,2297.0,363.0,4422.0
19,Guadalajara,2017,9,2017M09,120.0,36.51,44.25,33.24,2229.0,349.0,4285.0
19,Guadalajara,2017,10,2017M10,126.0,35.98,44.48,30.89,2318.0,356.0,4486.0
19,Guadalajara,2017,11,2017M11,126.0,32.76,41.38,26.68,2300.0,346.0,4437.0
19,Guadalajara,2017,12,2017M12,114.0,29.89,33.85,26.74,2173.0,328.0,4190.0
19,Guadalajara,2018,1,2018M01,105.0,26.91,22.73,21.81,2028.0,292.0,3912.0
19,Guadalajara,2018,2,2018M02,112.0,31.87,37.98,28.6,2159.0,317.0,4152.0
19,Guadalajara,2018,3,2018M03,117.0,33.46,34.43,29.06,2217.0,376.0,4270.0
19,Guadalajara,2018,4,2018M04,120.0,37.48,40.49,34.68,2258.0,343.0,4353.0
19,Guadalajara,2018,5,2018M05,119.0,38.76,43.1,33.06,2250.0,356.0,4336.0
19,Guadalajara,2018,6,2018M06,125.0,40.35,42.75,35.47,2371.0,354.0,4546.0
19,Guadalajara,2018,7,2018M07,124.0,40.33,48.72,36.91,2340.0,359.0,4490.0
19,Guadalajara,2018,8,2018M08,120.0,33.97,39.64,32.35,2309.0,353.0,4442.0
19,Guadalajara,2018,9,2018M09,121.0,38.75,45.36,35.49,2298.0,369.0,4406.0
19,Guadalajara,2018,10,2018M10,121.0,38.38,48.81,34.72,2315.0,354.0,4463.0
19,Guadalajara,2018,11,2018M11,120.0,32.58,34.97,29.04,2290.0,339.0,4409.0
19,Guadalajara,2018,12,2018M12,104.0,32.29,44.49,29.77,2059.0,307.0,3968.0
19,Guadalajara,2019,1,2019M01,98.0,26.13,23.32,22.5,1985.0,284.0,3826.0
19,Guadalajara,2019,2,2019M02,110.0,29.17,36.28,26.1,2170.0,322.0,4182.0
19,Guadalajara,2019,3,2019M03,113.0,35.07,43.65,33.01,2196.0,337.0,4241.0
19,Guadalajara,2019,4,2019M04,112.0,36.29,47.26,34.05,2247.0,356.0,4354.0
19,Guadalajara,2019,5,2019M05,113.0,37.0,39.81,33.22,2264.0,366.0,4389.0
19,Guadalajara,2019,6,2019M06,112.0,40.29,50.54,36.25,2254.0,374.0,4359.0
19,Guadalajara,2019,7,2019M07,116.0,35.0,43.86,33.38,2302.0,371.0,4460.0
19,Guadalajara,2019,8,2019M08,111.0,35.44,38.14,33.44,2242.0,373.0,4336.0
19,Guadalajara,2019,9,2019M09,109.0,36.05,44.36,31.47,2187.0,368.0,4225.0
19,Guadalajara,2019,10,2019M10,116.0,39.72,43.41,34.35,2299.0,360.0,4453.0
19,Guadalajara,2019,11,2019M11,113.0,33.47,33.91,29.34,2255.0,348.0,4366.0
19,Guadalajara,2019,12,2019M12,103.0,29.84,42.65,26.89,2137.0,327.0,4136.0
19,Guadalajara,2020,1,2020M01,101.0,23.84,21.3,21.6,2058.0,298.0,3983.0
19,Guadalajara,2020,2,2020M02,109.0,31.66,37.08,26.87,2198.0,322.0,4246.0
19,Guadalajara,2020,3,2020M03,95.0,18.72,15.03,15.17,1891.0,299.0,3660.0
19,Guadalajara,2020,4,2020M04,0.0,0.0,0.0,0.0,0.0,0.0,0.0
19,Guadalajara,2020,5,2020M05,24.0,29.1,7.98,19.42,553.0,53.0,1087.0
19,Guadalajara,2020,6,2020M06,75.0,21.09,14.91,15.03,1451.0,162.0,2807.0
19,Guadalajara,2020,7,2020M07,103.0,30.75,30.36,26.41,1999.0,267.0,3836.0
19,Guadalajara,2020,8,2020M08,105.0,30.11,31.01,27.58,2064.0,292.0,3983.0
19,Guadalajara,2020,9,2020M09,107.0,23.09,23.25,19.16,2240.0,300.0,4322.0
19,Guadalajara,2020,10,2020M10,109.0,21.45,20.86,17.32,2257.0,299.0,4363.0
19,Guadalajara,2020,11,2020M11,104.0,17.38,17.59,13.42,2173.0,257.0,4202.0
19,Guadalajara,2020,12,2020M12,95.0,16.41,12.94,13.57,1966.0,224.0,3793.0
19,Guadalajara,2021,1,2021M01,84.0,13.11,8.77,10.0,1803.0,188.0,3460.0
19,Guadalajara,2021,2,2021M02,83.0,18.19,10.98,13.37,1856.0,201.0,3563.0
19,Guadalajara,2021,3,2021M03,91.0,18.97,14.29,14.46,1953.0,224.0,3753.0
19,Guadalajara,2021,4,2021M04,93.0,20.64,17.78,16.38,1968.0,233.0,3775.0
19,Guadalajara,2021,5,2021M05,100.0,27.56,31.71,22.55,2116.0,261.0,4060.0
19,Guadalajara,2021,6,2021M06,102.0,35.01,39.25,27.94,2129.0,278.0,4076.0
19,Guadalajara,2021,7,2021M07,105.0,36.63,41.16,31.38,2196.0,297.0,4214.0
19,Guadalajara,2021,8,2021M08,103.0,34.97,38.04,32.77,2097.0,288.0,4020.0
19,Guadalajara,2021,9,2021M09,102.0,32.7,37.14,28.81,2157.0,297.0,4137.0
19,Guadalajara,2021,10,2021M10,107.0,35.97,42.35,32.55,2216.0,297.0,4259.0
19,Guadalajara,2021,11,2021M11,105.0,32.31,34.59,25.89,2189.0,287.0,4207.0
19,Guadalajara,2021,12,2021M12,93.0,28.67,30.01,23.92,2015.0,278.0,3890.0
19,Guadalajara,2022,1,2022M01,77.0,22.76,25.99,18.43,1823.0,246.0,3508.0
19,Guadalajara,2022,2,2022M02,84.0,33.65,41.36,27.28,1961.0,268.0,3773.0
19,Guadalajara,2022,3,2022M03,90.0,33.51,35.55,27.55,1989.0,316.0,3828.0
19,Guadalajara,2022,4,2022M04,98.0,40.32,44.52,35.99,2109.0,317.0,4077.0
19,Guadalajara,2022,5,2022M05,98.0,41.93,44.32,35.57,2100.0,328.0,4060.0
19,Guadalajara,2022,6,2022M06,100.0,45.92,49.23,39.51,2106.0,333.0,4075.0
19,Guadalajara,2022,7,2022M07,100.0,46.02,48.15,39.61,2090.0,329.0,4071.0
19,Guadalajara,2022,8,2022M08,95.0,39.21,42.55,34.32,2050.0,329.0,3991.0
19,Guadalajara,2022,9,2022M09,93.0,42.59,44.83,38.02,2015.0,323.0,3917.0
19,Guadalajara,2022,10,2022M10,98.0,42.59,46.95,34.67,2087.0,325.0,4063.0
19,Guadalajara,2022,11,2022M11,102.0,36.42,40.62,29.57,2134.0,312.0,4156.0
19,Guadalajara,2022,12,2022M12,89.0,33.59,31.22,29.98,1947.0,342.0,3802.0
19,Guadalajara,2023,1,2023M01,90.0,30.58,24.62,24.87,1943.0,279.0,3771.0
19,Guadalajara,2023,2,2023M02,95.0,36.59,37.16,29.83,2076.0,282.0,4030.0
19,Guadalajara,2023,3,2023M03,99.0,38.91,39.02,32.47,2082.0,295.0,4022.0
19,Guadalajara,2023,4,2023M04,104.0,42.91,43.54,35.63,2170.0,323.0,4216.0
19,Guadalajara,2023,5,2023M05,104.0,39.38,40.82,31.52,2174.0,347.0,4224.0
19,Guadalajara,2023,6,2023M06,97.0,46.14,49.68,36.28,2067.0,313.0,4011.0
19,Guadalajara,2023,7,2023M07,102.0,41.83,46.48,35.19,2143.0,369.0,4167.0
19,Guadalajara,2023,8,2023M08,103.0,36.33,36.21,31.63,2137.0,352.0,4154.0
19,Guadalajara,2023,9,2023M09,95.0,42.01,42.91,33.01,2057.0,353.0,3993.0
19,Guadalajara,2023,10,2023M10,101.0,42.45,47.88,34.21,2134.0,321.0,4148.0
19,Guadalajara,2023,11,2023M11,100.0,38.69,38.42,29.02,2128.0,316.0,4133.0
19,Guadalajara,2023,12,2023M12,88.0,34.58,35.65,28.74,1962.0,314.0,3832.0
19,Guadalajara,2024,1,2024M01,90.0,30.32,26.34,22.6,1957.0,292.0,3853.0
19,Guadalajara,2024,2,2024M02,96.0,35.43,31.68,27.26,2050.0,319.0,4043.0
19,Guadalajara,2024,3,2024M03,102.0,33.29,38.8,27.87,2152.0,342.0,4224.0
19,Guadalajara,2024,4,2024M04,106.0,38.15,42.24,29.84,2189.0,363.0,4300.0
19,Guadalajara,2024,5,2024M05,106.0,41.52,41.87,32.83,2195.0,357.0,4312.0
19,Guadalajara,2024,6,2024M06,103.0,44.05,47.17,34.92,2145.0,364.0,4211.0
19,Guadalajara,2024,7,2024M07,98.0,41.94,43.26,34.62,2079.0,358.0,4089.0
19,Guadalajara,2024,8,2024M08,100.0,40.34,39.77,34.57,2091.0,348.0,4113.0
19,Guadalajara,2024,9,2024M09,91.0,44.08,48.29,36.06,1992.0,348.0,3911.0
19,Guadalajara,2024,10,2024M10,104.0,46.88,48.54,37.59,2293.0,507.0,4528.0
19,Guadalajara,2024,11,2024M11,101.0,44.34,40.7,34.66,2187.0,457.0,4318.0
19,Guadalajara,2024,12,2024M12,90.0,33.12,42.41,28.67,1964.0,344.0,3868.0
19,Guadalajara,2025,1,2025M01,85.0,30.85,26.59,25.71,1875.0,318.0,3790.0
19,Guadalajara,2025,2,2025M02,100.0,33.94,31.63,26.15,2108.0,368.0,4233.0
19,Guadalajara,2025,3,2025M03,101.0,34.15,32.26,25.44,2138.0,408.0,4296.0
19,Guadalajara,2025,4,2025M04,107.0,48.48,49.22,38.48,2274.0,465.0,4578.0
19,Guadalajara,2025,5,2025M05,108.0,43.65,44.69,35.27,2355.0,540.0,4744.0
19,Guadalajara,2025,6,2025M06,107.0,46.65,50.66,38.33,2327.0,547.0,4688.0
19,Guadalajara,2025,7,2025M07,108.0,42.86,46.09,35.87,2336.0,559.0,4703.0
19,Guadalajara,2025,8,2025M08,106.0,40.52,41.62,35.2,2310.0,537.0,4662.0
19,Guadalajara,2025,9,2025M09,96.0,45.47,45.68,37.51,2247.0,545.0,4621.0
19,Guadalajara,2025,10,2025M10,103.0,45.11,45.82,35.9,2319.0,557.0,4762.0
19,Guadalajara,2025,11,2025M11,108.0,41.06,42.93,32.45,2343.0,567.0,4815.0
19,Guadalajara,2025,12,2025M12,92.0,35.6,35.39,29.13,2052.0,448.0,4237.0
20,Gipuzkoa,2015,1,2015M01,208.0,34.3,35.95,29.44,4592.0,1238.0,8519.0
20,Gipuzkoa,2015,2,2015M02,232.0,39.17,44.02,31.99,5133.0,1333.0,9530.0
20,Gipuzkoa,2015,3,2015M03,251.0,47.78,56.25,41.5,5455.0,1474.0,10131.0
20,Gipuzkoa,2015,4,2015M04,259.0,54.59,63.28,49.29,5555.0,1518.0,10331.0
20,Gipuzkoa,2015,5,2015M05,257.0,63.54,72.49,56.13,5543.0,1534.0,10307.0
20,Gipuzkoa,2015,6,2015M06,257.0,72.3,74.33,64.13,5524.0,1582.0,10271.0
20,Gipuzkoa,2015,7,2015M07,263.0,80.56,80.06,77.2,5573.0,1683.0,10362.0
20,Gipuzkoa,2015,8,2015M08,254.0,87.96,86.67,84.73,5496.0,1761.0,10237.0
20,Gipuzkoa,2015,9,2015M09,260.0,75.88,76.83,67.67,5553.0,1662.0,10331.0
20,Gipuzkoa,2015,10,2015M10,258.0,65.56,70.35,57.66,5530.0,1619.0,10292.0
20,Gipuzkoa,2015,11,2015M11,251.0,51.29,61.67,44.27,5434.0,1592.0,10097.0
20,Gipuzkoa,2015,12,2015M12,222.0,45.77,47.74,41.78,4895.0,1431.0,9098.0
20,Gipuzkoa,2016,1,2016M01,227.0,39.7,44.64,34.32,4825.0,1320.0,9034.0
20,Gipuzkoa,2016,2,2016M02,238.0,46.42,55.21,38.4,5049.0,1450.0,9456.0
20,Gipuzkoa,2016,3,2016M03,265.0,56.04,61.94,49.75,5495.0,1595.0,10280.0
20,Gipuzkoa,2016,4,2016M04,268.0,56.02,60.25,47.64,5568.0,1578.0,10415.0
20,Gipuzkoa,2016,5,2016M05,268.0,70.3,72.78,60.59,5571.0,1620.0,10421.0
20,Gipuzkoa,2016,6,2016M06,270.0,70.66,70.07,61.41,5586.0,1670.0,10443.0
20,Gipuzkoa,2016,7,2016M07,271.0,83.69,82.96,78.46,5589.0,1763.0,10445.0
20,Gipuzkoa,2016,8,2016M08,269.0,87.64,85.02,84.34,5602.0,1810.0,10489.0
20,Gipuzkoa,2016,9,2016M09,276.0,78.37,75.1,68.73,5662.0,1810.0,10584.0
20,Gipuzkoa,2016,10,2016M10,279.0,69.41,71.58,60.69,5745.0,1705.0,10794.0
20,Gipuzkoa,2016,11,2016M11,274.0,55.09,61.73,44.73,5600.0,1581.0,10527.0
20,Gipuzkoa,2016,12,2016M12,251.0,45.86,46.34,41.06,5138.0,1423.0,9682.0
20,Gipuzkoa,2017,1,2017M01,259.0,40.09,39.47,32.36,5146.0,1388.0,9683.0
20,Gipuzkoa,2017,2,2017M02,261.0,45.21,50.91,37.24,5271.0,1462.0,9925.0
20,Gipuzkoa,2017,3,2017M03,276.0,50.17,55.97,41.83,5589.0,1607.0,10506.0
20,Gipuzkoa,2017,4,2017M04,293.0,65.63,73.45,59.56,5866.0,1760.0,11017.0
20,Gipuzkoa,2017,5,2017M05,293.0,70.16,68.06,59.29,5866.0,1715.0,11017.0
20,Gipuzkoa,2017,6,2017M06,293.0,74.15,71.36,64.74,5866.0,1732.0,11017.0
20,Gipuzkoa,2017,7,2017M07,295.0,81.46,80.19,75.7,5876.0,1818.0,11034.0
20,Gipuzkoa,2017,8,2017M08,298.0,87.49,85.5,82.58,5901.0,1844.0,11094.0
20,Gipuzkoa,2017,9,2017M09,296.0,77.83,70.34,68.32,5904.0,1788.0,11090.0
20,Gipuzkoa,2017,10,2017M10,294.0,70.04,74.89,60.84,5885.0,1747.0,11057.0
20,Gipuzkoa,2017,11,2017M11,289.0,56.57,62.2,46.66,5800.0,1669.0,10904.0
20,Gipuzkoa,2017,12,2017M12,264.0,44.55,46.38,40.06,5346.0,1521.0,10060.0
20,Gipuzkoa,2018,1,2018M01,256.0,41.24,43.16,34.44,5186.0,1466.0,9753.0
20,Gipuzkoa,2018,2,2018M02,258.0,50.91,52.38,41.22,5363.0,1546.0,10098.0
20,Gipuzkoa,2018,3,2018M03,282.0,56.44,60.54,49.17,5911.0,1708.0,11152.0
20,Gipuzkoa,2018,4,2018M04,298.0,64.29,65.29,55.86,5995.0,1755.0,11288.0
20,Gipuzkoa,2018,5,2018M05,292.0,70.94,70.19,61.2,5985.0,1777.0,11274.0
20,Gipuzkoa,2018,6,2018M06,292.0,73.59,72.11,64.46,5984.0,1854.0,11272.0
20,Gipuzkoa,2018,7,2018M07,292.0,84.27,82.37,77.89,5976.0,1944.0,11274.0
20,Gipuzkoa,2018,8,2018M08,290.0,85.9,82.3,80.85,5953.0,1929.0,11286.0
20,Gipuzkoa,2018,9,2018M09,286.0,78.57,73.58,68.01,5945.0,1890.0,11262.0
20,Gipuzkoa,2018,10,2018M10,282.0,69.65,70.5,59.72,5933.0,1874.0,11247.0
20,Gipuzkoa,2018,11,2018M11,278.0,57.83,64.43,47.83,5930.0,1837.0,11245.0
20,Gipuzkoa,2018,12,2018M12,271.0,46.99,52.64,41.18,5596.0,1636.0,10608.0
20,Gipuzkoa,2019,1,2019M01,240.0,43.92,43.28,35.77,5230.0,1414.0,9949.0
20,Gipuzkoa,2019,2,2019M02,244.0,51.0,54.27,41.85,5419.0,1474.0,10312.0
20,Gipuzkoa,2019,3,2019M03,279.0,55.5,61.4,46.54,5892.0,1737.0,11195.0
20,Gipuzkoa,2019,4,2019M04,290.0,67.49,68.99,59.3,6118.0,1818.0,11652.0
20,Gipuzkoa,2019,5,2019M05,290.0,73.0,68.12,62.05,6118.0,1837.0,11652.0
20,Gipuzkoa,2019,6,2019M06,295.0,76.36,74.41,66.66,6106.0,1863.0,11624.0
20,Gipuzkoa,2019,7,2019M07,297.0,80.68,76.69,74.33,6123.0,1917.0,11698.0
20,Gipuzkoa,2019,8,2019M08,282.0,90.56,86.46,85.93,5729.0,1843.0,10953.0
20,Gipuzkoa,2019,9,2019M09,290.0,78.83,74.7,68.45,6063.0,1841.0,11590.0
20,Gipuzkoa,2019,10,2019M10,285.0,71.33,71.25,60.09,6164.0,1789.0,11783.0
20,Gipuzkoa,2019,11,2019M11,274.0,55.92,60.09,45.65,5861.0,1718.0,11178.0
20,Gipuzkoa,2019,12,2019M12,262.0,47.11,54.66,40.33,5353.0,1550.0,10316.0
20,Gipuzkoa,2020,1,2020M01,237.0,45.49,47.63,37.88,4989.0,1396.0,9575.0
20,Gipuzkoa,2020,2,2020M02,244.0,54.82,59.13,45.46,5254.0,1433.0,10054.0
20,Gipuzkoa,2020,3,2020M03,257.0,30.7,27.83,24.18,4924.0,1407.0,9379.0
20,Gipuzkoa,2020,4,2020M04,0.0,0.0,0.0,0.0,0.0,0.0,0.0
20,Gipuzkoa,2020,5,2020M05,77.0,14.6,6.18,9.98,1219.0,167.0,2250.0
20,Gipuzkoa,2020,6,2020M06,144.0,23.25,21.68,18.23,2950.0,549.0,5610.0
20,Gipuzkoa,2020,7,2020M07,248.0,52.06,57.85,48.12,5407.0,1346.0,10330.0
20,Gipuzkoa,2020,8,2020M08,262.0,64.87,65.0,61.81,5549.0,1430.0,10583.0
20,Gipuzkoa,2020,9,2020M09,259.0,40.8,47.34,34.67,5627.0,1406.0,10728.0
20,Gipuzkoa,2020,10,2020M10,238.0,31.17,29.76,25.11,5062.0,1228.0,9687.0
20,Gipuzkoa,2020,11,2020M11,180.0,16.97,10.24,11.48,4224.0,997.0,8094.0
20,Gipuzkoa,2020,12,2020M12,163.0,18.96,15.27,14.39,3659.0,753.0,7032.0
20,Gipuzkoa,2021,1,2021M01,173.0,19.71,18.25,14.47,3840.0,738.0,7386.0
20,Gipuzkoa,2021,2,2021M02,165.0,22.43,15.98,16.04,3505.0,690.0,6719.0
20,Gipuzkoa,2021,3,2021M03,194.0,29.53,29.93,22.23,4169.0,857.0,8024.0
20,Gipuzkoa,2021,4,2021M04,195.0,31.58,27.64,24.34,4457.0,972.0,8612.0
20,Gipuzkoa,2021,5,2021M05,202.0,33.18,35.98,26.49,4725.0,1062.0,9131.0
20,Gipuzkoa,2021,6,2021M06,240.0,45.21,55.35,38.75,5677.0,1415.0,10962.0
20,Gipuzkoa,2021,7,2021M07,259.0,71.87,74.25,67.34,6069.0,1700.0,11638.0
20,Gipuzkoa,2021,8,2021M08,274.0,84.51,84.83,81.55,6451.0,1678.0,12397.0
20,Gipuzkoa,2021,9,2021M09,247.0,69.2,71.82,59.71,6238.0,1534.0,12034.0
20,Gipuzkoa,2021,10,2021M10,253.0,66.09,71.79,58.78,6304.0,1567.0,12117.0
20,Gipuzkoa,2021,11,2021M11,258.0,50.33,55.68,41.16,6286.0,1601.0,12069.0
20,Gipuzkoa,2021,12,2021M12,231.0,39.55,39.98,35.32,5924.0,1480.0,11405.0
20,Gipuzkoa,2022,1,2022M01,237.0,31.59,37.56,26.73,5814.0,1310.0,11210.0
20,Gipuzkoa,2022,2,2022M02,233.0,48.94,59.8,41.4,5802.0,1361.0,11177.0
20,Gipuzkoa,2022,3,2022M03,265.0,50.65,57.61,41.93,6297.0,1511.0,12115.0
20,Gipuzkoa,2022,4,2022M04,298.0,63.02,66.76,55.88,6724.0,1701.0,12945.0
20,Gipuzkoa,2022,5,2022M05,305.0,64.62,69.42,55.88,6803.0,1806.0,13129.0
20,Gipuzkoa,2022,6,2022M06,308.0,72.88,72.07,64.13,6805.0,1824.0,13135.0
20,Gipuzkoa,2022,7,2022M07,313.0,85.18,79.54,79.24,6869.0,1944.0,13266.0
20,Gipuzkoa,2022,8,2022M08,304.0,88.39,85.5,83.25,6506.0,1889.0,12574.0
20,Gipuzkoa,2022,9,2022M09,293.0,80.98,74.1,69.73,6488.0,1838.0,12561.0
20,Gipuzkoa,2022,10,2022M10,276.0,72.95,71.31,62.12,6406.0,1785.0,12403.0
20,Gipuzkoa,2022,11,2022M11,278.0,54.3,61.42,46.06,6658.0,1718.0,12865.0
20,Gipuzkoa,2022,12,2022M12,257.0,46.82,46.35,41.88,6151.0,1635.0,11924.0
20,Gipuzkoa,2023,1,2023M01,243.0,42.01,45.95,35.88,6375.0,1523.0,12308.0
20,Gipuzkoa,2023,2,2023M02,264.0,50.35,59.72,43.17,6510.0,1632.0,12555.0
20,Gipuzkoa,2023,3,2023M03,300.0,55.26,60.44,46.38,6895.0,1774.0,13286.0
20,Gipuzkoa,2023,4,2023M04,305.0,67.22,68.75,59.93,7124.0,1855.0,13735.0
20,Gipuzkoa,2023,5,2023M05,294.0,74.92,74.24,64.71,6638.0,1854.0,12874.0
20,Gipuzkoa,2023,6,2023M06,307.0,77.49,75.47,68.01,6692.0,1775.0,12999.0
20,Gipuzkoa,2023,7,2023M07,309.0,88.37,84.83,81.9,6708.0,1948.0,13025.0
20,Gipuzkoa,2023,8,2023M08,308.0,87.76,84.23,82.43,6689.0,1960.0,13002.0
20,Gipuzkoa,2023,9,2023M09,308.0,83.97,76.14,73.32,6698.0,1902.0,13011.0
20,Gipuzkoa,2023,10,2023M10,289.0,75.45,75.67,65.25,6588.0,1873.0,12757.0
20,Gipuzkoa,2023,11,2023M11,287.0,58.08,63.84,48.92,6499.0,1838.0,12591.0
20,Gipuzkoa,2023,12,2023M12,245.0,52.95,57.23,47.5,5949.0,1676.0,11549.0
20,Gipuzkoa,2024,1,2024M01,255.0,49.23,52.87,42.06,5823.0,1589.0,11333.0
20,Gipuzkoa,2024,2,2024M02,265.0,53.16,59.99,44.65,6062.0,1658.0,12021.0
20,Gipuzkoa,2024,3,2024M03,283.0,64.1,68.67,55.7,6693.0,1860.0,13231.0
20,Gipuzkoa,2024,4,2024M04,310.0,67.2,70.07,57.95,6839.0,1923.0,13490.0
20,Gipuzkoa,2024,5,2024M05,297.0,77.75,76.28,66.65,6729.0,1897.0,13333.0
20,Gipuzkoa,2024,6,2024M06,305.0,77.5,70.84,67.66,6754.0,1968.0,13408.0
20,Gipuzkoa,2024,7,2024M07,306.0,83.43,82.92,77.63,6825.0,2015.0,13529.0
20,Gipuzkoa,2024,8,2024M08,322.0,87.58,82.27,83.88,6957.0,1964.0,13739.0
20,Gipuzkoa,2024,9,2024M09,313.0,81.83,74.68,72.11,7265.0,2208.0,14324.0
20,Gipuzkoa,2024,10,2024M10,321.0,74.88,73.15,64.44,7370.0,2159.0,14493.0
20,Gipuzkoa,2024,11,2024M11,316.0,55.66,62.45,47.93,7612.0,2123.0,14892.0
20,Gipuzkoa,2024,12,2024M12,278.0,48.92,55.41,44.24,6830.0,1866.0,13411.0
20,Gipuzkoa,2025,1,2025M01,232.0,47.6,52.44,41.06,6455.0,1784.0,12675.0
20,Gipuzkoa,2025,2,2025M02,248.0,55.93,65.13,47.66,6777.0,1936.0,13297.0
20,Gipuzkoa,2025,3,2025M03,279.0,61.47,67.0,51.7,7274.0,2053.0,14237.0
20,Gipuzkoa,2025,4,2025M04,313.0,70.45,74.16,63.61,7581.0,2193.0,14773.0
20,Gipuzkoa,2025,5,2025M05,317.0,76.55,73.61,66.68,7687.0,2225.0,14972.0
20,Gipuzkoa,2025,6,2025M06,313.0,79.98,75.81,70.58,7638.0,2272.0,14882.0
20,Gipuzkoa,2025,7,2025M07,328.0,82.7,80.75,76.03,7767.0,2384.0,15157.0
20,Gipuzkoa,2025,8,2025M08,327.0,86.46,80.76,81.64,7691.0,2395.0,15006.0
20,Gipuzkoa,2025,9,2025M09,326.0,87.26,79.86,75.32,7743.0,2320.0,15085.0
20,Gipuzkoa,2025,10,2025M10,324.0,75.1,71.95,64.37,7602.0,2280.0,14838.0
20,Gipuzkoa,2025,11,2025M11,299.0,59.43,63.75,49.71,7292.0,2207.0,14251.0
20,Gipuzkoa,2025,12,2025M12,269.0,52.58,57.49,46.35,6601.0,1975.0,12937.0
21,Huelva,2015,1,2015M01,103.0,21.18,19.33,15.8,3691.0,603.0,7883.0
21,Huelva,2015,2,2015M02,115.0,41.34,36.17,31.57,6257.0,1132.0,14847.0
21,Huelva,2015,3,2015M03,127.0,50.42,42.68,37.61,7094.0,1556.0,17238.0
21,Huelva,2015,4,2015M04,146.0,49.96,52.18,38.77,8867.0,2080.0,21637.0
21,Huelva,2015,5,2015M05,150.0,41.91,52.77,35.04,10369.0,2537.0,24718.0
21,Huelva,2015,6,2015M06,155.0,54.32,60.22,49.88,11133.0,3061.0,26537.0
21,Huelva,2015,7,2015M07,164.0,67.87,67.31,69.22,11666.0,4212.0,28397.0
21,Huelva,2015,8,2015M08,175.0,77.06,78.79,71.47,11874.0,4325.0,28859.0
21,Huelva,2015,9,2015M09,161.0,63.07,63.49,53.73,11587.0,3740.0,28231.0
21,Huelva,2015,10,2015M10,141.0,41.65,41.68,31.92,8007.0,2010.0,19592.0
21,Huelva,2015,11,2015M11,123.0,33.96,32.04,27.59,3746.0,827.0,7801.0
21,Huelva,2015,12,2015M12,116.0,26.21,21.62,21.06,3527.0,756.0,7378.0
21,Huelva,2016,1,2016M01,109.0,34.24,35.7,27.27,4320.0,967.0,9856.0
21,Huelva,2016,2,2016M02,125.0,48.34,41.41,35.62,6122.0,1474.0,14726.0
21,Huelva,2016,3,2016M03,145.0,54.41,46.49,40.73,7975.0,1980.0,19146.0
21,Huelva,2016,4,2016M04,153.0,48.91,48.02,37.5,9428.0,2301.0,23001.0
21,Huelva,2016,5,2016M05,157.0,48.12,49.38,37.54,11554.0,2971.0,27811.0
21,Huelva,2016,6,2016M06,164.0,55.04,57.38,50.35,11972.0,3385.0,28660.0
21,Huelva,2016,7,2016M07,166.0,72.27,71.87,72.46,12274.0,4394.0,29195.0
21,Huelva,2016,8,2016M08,174.0,73.55,71.51,70.27,12418.0,4486.0,29492.0
21,Huelva,2016,9,2016M09,163.0,70.05,67.6,57.89,12072.0,4025.0,28774.0
21,Huelva,2016,10,2016M10,144.0,50.66,50.33,39.02,10597.0,2967.0,25612.0
21,Huelva,2016,11,2016M11,120.0,39.18,34.65,28.53,4826.0,967.0,11013.0
21,Huelva,2016,12,2016M12,100.0,27.59,26.99,23.4,3086.0,593.0,6575.0
21,Huelva,2017,1,2017M01,117.0,31.75,20.26,23.02,4076.0,700.0,9463.0
21,Huelva,2017,2,2017M02,131.0,42.34,35.95,31.19,6691.0,1359.0,15930.0
21,Huelva,2017,3,2017M03,142.0,49.77,38.84,36.59,7725.0,1644.0,18922.0
21,Huelva,2017,4,2017M04,163.0,54.06,59.57,45.66,10074.0,2671.0,24099.0
21,Huelva,2017,5,2017M05,167.0,47.82,53.92,39.22,11966.0,3142.0,28348.0
21,Huelva,2017,6,2017M06,168.0,62.09,59.69,53.85,12430.0,3884.0,29469.0
21,Huelva,2017,7,2017M07,173.0,69.46,71.2,69.11,12568.0,4559.0,29766.0
21,Huelva,2017,8,2017M08,178.0,75.9,71.08,71.1,12618.0,4732.0,29859.0
21,Huelva,2017,9,2017M09,162.0,72.26,71.42,60.51,12263.0,4263.0,29023.0
21,Huelva,2017,10,2017M10,144.0,50.55,48.39,40.94,10678.0,2732.0,25542.0
21,Huelva,2017,11,2017M11,121.0,44.55,40.03,36.2,4769.0,888.0,10331.0
21,Huelva,2017,12,2017M12,104.0,36.9,39.13,32.84,3511.0,748.0,7053.0
21,Huelva,2018,1,2018M01,102.0,35.14,22.36,26.66,3918.0,692.0,8571.0
21,Huelva,2018,2,2018M02,125.0,46.0,43.47,36.47,5666.0,1253.0,12635.0
21,Huelva,2018,3,2018M03,131.0,51.5,45.28,39.4,8017.0,1850.0,19274.0
21,Huelva,2018,4,2018M04,141.0,55.45,50.2,45.69,9935.0,2622.0,23941.0
21,Huelva,2018,5,2018M05,147.0,48.75,46.85,39.65,12059.0,3183.0,28598.0
21,Huelva,2018,6,2018M06,157.0,60.09,60.52,53.68,12369.0,3892.0,29285.0
21,Huelva,2018,7,2018M07,150.0,71.03,73.7,69.68,12077.0,4587.0,29016.0
21,Huelva,2018,8,2018M08,155.0,78.93,73.69,74.4,12138.0,4831.0,29126.0
21,Huelva,2018,9,2018M09,140.0,70.78,66.08,59.23,11863.0,4258.0,28546.0
21,Huelva,2018,10,2018M10,127.0,56.85,60.5,43.05,9430.0,2808.0,23261.0
21,Huelva,2018,11,2018M11,108.0,48.8,36.72,37.72,4898.0,1202.0,11666.0
21,Huelva,2018,12,2018M12,95.0,35.51,35.11,28.17,2824.0,646.0,6008.0
21,Huelva,2019,1,2019M01,97.0,30.77,36.53,21.6,3874.0,1015.0,9226.0
21,Huelva,2019,2,2019M02,114.0,47.14,34.88,37.77,5117.0,959.0,11712.0
21,Huelva,2019,3,2019M03,119.0,53.68,45.93,40.06,7560.0,1653.0,18776.0
21,Huelva,2019,4,2019M04,146.0,59.73,50.15,49.83,10203.0,2652.0,24699.0
21,Huelva,2019,5,2019M05,152.0,58.84,60.55,46.54,11893.0,3657.0,28869.0
21,Huelva,2019,6,2019M06,160.0,66.62,63.79,57.12,12136.0,3922.0,29378.0
21,Huelva,2019,7,2019M07,163.0,72.1,78.92,73.06,12047.0,4818.0,28882.0
21,Huelva,2019,8,2019M08,164.0,82.61,80.25,81.36,12077.0,5156.0,28943.0
21,Huelva,2019,9,2019M09,149.0,72.9,70.32,62.48,11833.0,4394.0,28443.0
21,Huelva,2019,10,2019M10,126.0,47.16,52.54,37.21,9168.0,2756.0,21646.0
21,Huelva,2019,11,2019M11,114.0,51.61,37.72,37.38,4282.0,950.0,9944.0
21,Huelva,2019,12,2019M12,97.0,42.43,38.54,33.47,2824.0,661.0,6388.0
21,Huelva,2020,1,2020M01,95.0,37.72,43.47,28.96,3497.0,853.0,8017.0
21,Huelva,2020,2,2020M02,111.0,51.73,46.54,38.54,5685.0,1224.0,13543.0
21,Huelva,2020,3,2020M03,88.0,41.42,27.77,31.79,3962.0,1073.0,9289.0
21,Huelva,2020,4,2020M04,0.0,0.0,0.0,0.0,0.0,0.0,0.0
21,Huelva,2020,5,2020M05,10.0,18.19,3.07,11.35,200.0,16.0,372.0
21,Huelva,2020,6,2020M06,68.0,29.56,29.09,24.72,2001.0,392.0,4355.0
21,Huelva,2020,7,2020M07,142.0,42.61,51.24,42.55,11023.0,3091.0,25218.0
21,Huelva,2020,8,2020M08,153.0,53.48,58.61,56.1,11785.0,3526.0,26894.0
21,Huelva,2020,9,2020M09,129.0,42.38,43.71,39.5,8729.0,2480.0,19744.0
21,Huelva,2020,10,2020M10,88.0,35.45,36.89,28.3,3285.0,720.0,6648.0
21,Huelva,2020,11,2020M11,78.0,16.88,9.03,10.71,2049.0,327.0,4011.0
21,Huelva,2020,12,2020M12,74.0,19.5,12.6,13.88,1683.0,281.0,3293.0
21,Huelva,2021,1,2021M01,63.0,26.96,19.62,19.74,1314.0,226.0,2547.0
21,Huelva,2021,2,2021M02,68.0,26.66,16.41,17.25,1380.0,235.0,2666.0
21,Huelva,2021,3,2021M03,79.0,28.27,20.76,18.67,1644.0,274.0,3285.0
21,Huelva,2021,4,2021M04,85.0,25.32,16.42,16.51,1715.0,295.0,3482.0
21,Huelva,2021,5,2021M05,105.0,37.55,47.86,32.02,3665.0,790.0,8242.0
21,Huelva,2021,6,2021M06,149.0,49.86,64.31,44.81,11093.0,3368.0,25481.0
21,Huelva,2021,7,2021M07,156.0,68.5,71.69,66.01,11915.0,4339.0,26980.0
21,Huelva,2021,8,2021M08,157.0,79.47,79.38,80.01,11924.0,4823.0,26960.0
21,Huelva,2021,9,2021M09,148.0,63.39,70.66,57.0,11310.0,4495.0,25733.0
21,Huelva,2021,10,2021M10,121.0,48.85,50.37,41.03,6726.0,2021.0,15113.0
21,Huelva,2021,11,2021M11,106.0,46.81,42.37,33.48,3236.0,789.0,6826.0
21,Huelva,2021,12,2021M12,83.0,41.22,30.95,29.07,2349.0,501.0,5002.0
21,Huelva,2022,1,2022M01,100.0,27.09,29.02,21.36,2754.0,530.0,5712.0
21,Huelva,2022,2,2022M02,109.0,39.87,39.27,30.29,3846.0,718.0,8301.0
21,Huelva,2022,3,2022M03,122.0,42.44,30.37,31.56,4988.0,996.0,11087.0
21,Huelva,2022,4,2022M04,145.0,50.5,48.77,43.06,9166.0,2321.0,21519.0
21,Huelva,2022,5,2022M05,155.0,54.8,60.2,45.66,11898.0,3472.0,27931.0
21,Huelva,2022,6,2022M06,168.0,59.28,67.53,55.91,12295.0,4116.0,28895.0
21,Huelva,2022,7,2022M07,166.0,69.92,74.23,70.75,12241.0,4971.0,28766.0
21,Huelva,2022,8,2022M08,170.0,76.98,83.96,79.02,12317.0,5315.0,28920.0
21,Huelva,2022,9,2022M09,161.0,66.8,69.37,59.82,12093.0,4957.0,28497.0
21,Huelva,2022,10,2022M10,125.0,53.08,54.4,44.67,7789.0,2530.0,18057.0
21,Huelva,2022,11,2022M11,111.0,45.68,41.74,34.59,4180.0,1220.0,9323.0
21,Huelva,2022,12,2022M12,99.0,33.02,32.49,26.37,3179.0,750.0,6897.0
21,Huelva,2023,1,2023M01,97.0,32.94,32.74,26.0,2950.0,594.0,6136.0
21,Huelva,2023,2,2023M02,108.0,40.5,38.68,31.03,4171.0,819.0,8960.0
21,Huelva,2023,3,2023M03,132.0,36.25,31.37,26.18,6609.0,1260.0,15378.0
21,Huelva,2023,4,2023M04,150.0,50.09,61.15,45.96,9784.0,2873.0,23085.0
21,Huelva,2023,5,2023M05,155.0,51.12,55.05,41.05,11365.0,3627.0,26537.0
21,Huelva,2023,6,2023M06,166.0,61.8,63.65,56.48,12273.0,4415.0,28884.0
21,Huelva,2023,7,2023M07,169.0,72.19,73.47,66.66,12298.0,4770.0,28937.0
21,Huelva,2023,8,2023M08,175.0,76.61,78.93,78.98,12388.0,5225.0,29093.0
21,Huelva,2023,9,2023M09,161.0,70.89,67.03,62.68,12020.0,4897.0,28367.0
21,Huelva,2023,10,2023M10,136.0,57.06,57.58,47.47,7797.0,2481.0,18008.0
21,Huelva,2023,11,2023M11,115.0,48.66,45.84,36.83,4194.0,1018.0,9207.0
21,Huelva,2023,12,2023M12,103.0,40.79,42.94,34.23,3372.0,783.0,7304.0
21,Huelva,2024,1,2024M01,91.0,38.64,37.2,30.01,2929.0,611.0,6122.0
21,Huelva,2024,2,2024M02,105.0,46.99,40.68,36.94,4158.0,901.0,8956.0
21,Huelva,2024,3,2024M03,130.0,53.09,48.57,41.86,7744.0,2143.0,18352.0
21,Huelva,2024,4,2024M04,148.0,51.76,64.02,45.58,9509.0,2777.0,22407.0
21,Huelva,2024,5,2024M05,157.0,58.5,58.87,47.71,11821.0,3816.0,27854.0
21,Huelva,2024,6,2024M06,166.0,65.33,67.47,58.56,12250.0,4887.0,28868.0
21,Huelva,2024,7,2024M07,169.0,71.78,74.28,70.03,12299.0,5542.0,29122.0
21,Huelva,2024,8,2024M08,174.0,77.91,75.69,76.1,12441.0,5517.0,29512.0
21,Huelva,2024,9,2024M09,161.0,70.62,66.77,60.93,12222.0,5052.0,28816.0
21,Huelva,2024,10,2024M10,135.0,56.46,57.08,46.27,7889.0,2477.0,17645.0
21,Huelva,2024,11,2024M11,117.0,50.74,45.4,38.4,4348.0,1162.0,9545.0
21,Huelva,2024,12,2024M12,106.0,37.23,37.55,30.19,3326.0,786.0,7232.0
21,Huelva,2025,1,2025M01,98.0,37.72,39.18,28.38,2869.0,665.0,6189.0
21,Huelva,2025,2,2025M02,109.0,48.77,46.29,36.11,4478.0,1049.0,10172.0
21,Huelva,2025,3,2025M03,123.0,43.22,37.54,31.03,6668.0,1855.0,16147.0
21,Huelva,2025,4,2025M04,131.0,52.09,60.38,47.01,9366.0,3016.0,22604.0
21,Huelva,2025,5,2025M05,142.0,57.53,59.71,48.72,11218.0,3507.0,26661.0
21,Huelva,2025,6,2025M06,148.0,66.92,70.64,61.16,11843.0,4376.0,28242.0
21,Huelva,2025,7,2025M07,160.0,73.88,78.13,72.81,12120.0,5703.0,28946.0
21,Huelva,2025,8,2025M08,160.0,77.71,78.6,75.72,12126.0,5540.0,28985.0
21,Huelva,2025,9,2025M09,154.0,73.41,70.03,63.32,12020.0,5104.0,28740.0
21,Huelva,2025,10,2025M10,114.0,60.59,59.44,49.02,6576.0,2317.0,15214.0
21,Huelva,2025,11,2025M11,100.0,49.47,46.23,37.68,3052.0,921.0,6556.0
21,Huelva,2025,12,2025M12,95.0,37.39,32.59,28.76,2842.0,752.0,6190.0
22,Huesca,2015,1,2015M01,277.0,28.22,43.43,28.75,6707.0,1255.0,13677.0
22,Huesca,2015,2,2015M02,285.0,37.44,54.84,38.56,6989.0,1298.0,14223.0
22,Huesca,2015,3,2015M03,308.0,35.18,53.2,36.41,7595.0,1387.0,15453.0
22,Huesca,2015,4,2015M04,318.0,30.32,44.21,29.66,6715.0,1181.0,13608.0
22,Huesca,2015,5,2015M05,293.0,30.75,43.6,27.28,5947.0,960.0,11918.0
22,Huesca,2015,6,2015M06,319.0,33.63,41.79,30.04,6830.0,1168.0,13794.0
22,Huesca,2015,7,2015M07,363.0,40.76,50.88,39.33,8585.0,1614.0,17478.0
22,Huesca,2015,8,2015M08,367.0,55.97,60.56,56.07,8718.0,1909.0,17728.0
22,Huesca,2015,9,2015M09,329.0,36.78,50.37,32.88,7300.0,1421.0,14780.0
22,Huesca,2015,10,2015M10,287.0,32.27,39.45,28.43,5807.0,1066.0,11645.0
22,Huesca,2015,11,2015M11,221.0,23.37,29.13,18.7,4394.0,765.0,8775.0
22,Huesca,2015,12,2015M12,275.0,28.79,28.45,28.55,6403.0,1169.0,12941.0
22,Huesca,2016,1,2016M01,279.0,30.42,45.15,31.2,7124.0,1314.0,14416.0
22,Huesca,2016,2,2016M02,283.0,40.31,56.24,41.02,7143.0,1378.0,14470.0
22,Huesca,2016,3,2016M03,313.0,43.9,62.97,45.62,7669.0,1586.0,15550.0
22,Huesca,2016,4,2016M04,288.0,24.4,33.11,21.23,6220.0,1043.0,12532.0
22,Huesca,2016,5,2016M05,282.0,29.89,36.93,26.01,5937.0,1032.0,11927.0
22,Huesca,2016,6,2016M06,317.0,35.72,47.77,32.66,7159.0,1347.0,14468.0
22,Huesca,2016,7,2016M07,350.0,45.95,53.72,44.84,8560.0,1753.0,17436.0
22,Huesca,2016,8,2016M08,355.0,61.57,70.44,61.67,8654.0,2010.0,17610.0
22,Huesca,2016,9,2016M09,329.0,40.18,48.84,36.84,7269.0,1442.0,14695.0
22,Huesca,2016,10,2016M10,290.0,37.06,44.42,33.06,6033.0,1097.0,12115.0
22,Huesca,2016,11,2016M11,221.0,25.78,27.66,20.7,4370.0,832.0,8825.0
22,Huesca,2016,12,2016M12,286.0,32.03,34.38,32.88,6876.0,1393.0,13877.0
22,Huesca,2017,1,2017M01,271.0,34.59,41.37,36.05,6895.0,1406.0,13879.0
22,Huesca,2017,2,2017M02,288.0,46.72,60.26,47.53,7215.0,1481.0,14551.0
22,Huesca,2017,3,2017M03,300.0,38.91,56.81,38.84,7409.0,1531.0,14883.0
22,Huesca,2017,4,2017M04,316.0,38.33,49.61,38.96,7190.0,1392.0,14529.0
22,Huesca,2017,5,2017M05,287.0,31.34,37.61,27.57,5953.0,1046.0,11959.0
22,Huesca,2017,6,2017M06,317.0,39.01,48.31,34.97,6925.0,1306.0,14088.0
22,Huesca,2017,7,2017M07,356.0,48.35,57.38,46.21,8559.0,1830.0,17500.0
22,Huesca,2017,8,2017M08,359.0,64.65,72.38,64.62,8676.0,1965.0,17730.0
22,Huesca,2017,9,2017M09,319.0,43.78,48.34,39.72,7173.0,1534.0,14594.0
22,Huesca,2017,10,2017M10,289.0,38.7,50.76,34.59,5965.0,1173.0,12037.0
22,Huesca,2017,11,2017M11,229.0,29.83,32.43,24.19,4417.0,849.0,8925.0
22,Huesca,2017,12,2017M12,271.0,34.92,37.71,35.24,6485.0,1360.0,13160.0
22,Huesca,2018,1,2018M01,257.0,40.84,46.89,41.56,6600.0,1432.0,13669.0
22,Huesca,2018,2,2018M02,280.0,47.29,66.06,48.14,7066.0,1473.0,14598.0
22,Huesca,2018,3,2018M03,294.0,41.05,55.85,42.07,7227.0,1558.0,15049.0
22,Huesca,2018,4,2018M04,285.0,32.1,38.42,30.74,6091.0,1105.0,12641.0
22,Huesca,2018,5,2018M05,275.0,30.79,35.38,25.97,5595.0,987.0,11580.0
22,Huesca,2018,6,2018M06,320.0,37.26,43.58,32.54,6908.0,1317.0,14306.0
22,Huesca,2018,7,2018M07,349.0,47.0,55.5,44.51,8323.0,1749.0,17264.0
22,Huesca,2018,8,2018M08,348.0,64.59,69.31,63.8,8473.0,1919.0,17528.0
22,Huesca,2018,9,2018M09,302.0,47.16,52.44,42.05,6813.0,1412.0,14104.0
22,Huesca,2018,10,2018M10,276.0,38.85,49.26,33.37,5622.0,1098.0,11634.0
22,Huesca,2018,11,2018M11,211.0,30.5,38.52,24.82,4045.0,742.0,8456.0
22,Huesca,2018,12,2018M12,259.0,32.4,40.44,31.4,6013.0,1303.0,12447.0
22,Huesca,2019,1,2019M01,245.0,28.85,35.32,29.08,6431.0,1338.0,13333.0
22,Huesca,2019,2,2019M02,266.0,45.98,61.3,45.87,6909.0,1537.0,14291.0
22,Huesca,2019,3,2019M03,286.0,40.95,60.29,40.83,7229.0,1650.0,14949.0
22,Huesca,2019,4,2019M04,300.0,32.39,41.4,30.71,6873.0,1351.0,14270.0
22,Huesca,2019,5,2019M05,263.0,33.57,40.46,28.56,5842.0,1076.0,11993.0
22,Huesca,2019,6,2019M06,304.0,43.66,55.03,39.38,6861.0,1398.0,14130.0
22,Huesca,2019,7,2019M07,336.0,50.81,61.57,47.07,8101.0,1807.0,16997.0
22,Huesca,2019,8,2019M08,347.0,66.72,66.48,65.43,8338.0,1957.0,17529.0
22,Huesca,2019,9,2019M09,299.0,46.05,51.78,40.34,6798.0,1467.0,14261.0
22,Huesca,2019,10,2019M10,276.0,36.85,47.27,31.71,5846.0,1169.0,12216.0
22,Huesca,2019,11,2019M11,219.0,28.81,37.89,24.03,4273.0,842.0,8961.0
22,Huesca,2019,12,2019M12,280.0,36.73,52.77,37.37,6536.0,1532.0,13821.0
22,Huesca,2020,1,2020M01,240.0,42.88,56.25,43.84,6235.0,1485.0,13234.0
22,Huesca,2020,2,2020M02,258.0,49.22,66.96,49.79,6645.0,1569.0,14045.0
22,Huesca,2020,3,2020M03,210.0,29.78,31.87,28.19,4500.0,883.0,9564.0
22,Huesca,2020,4,2020M04,0.0,0.0,0.0,0.0,0.0,0.0,0.0
22,Huesca,2020,5,2020M05,36.0,24.47,12.2,15.35,594.0,66.0,1170.0
22,Huesca,2020,6,2020M06,127.0,21.96,23.95,17.07,2286.0,307.0,4815.0
22,Huesca,2020,7,2020M07,285.0,36.52,43.39,35.03,6695.0,1262.0,14066.0
22,Huesca,2020,8,2020M08,303.0,52.74,58.82,52.37,7355.0,1515.0,15423.0
22,Huesca,2020,9,2020M09,277.0,32.03,41.47,28.18,6205.0,1070.0,12916.0
22,Huesca,2020,10,2020M10,224.0,26.22,32.43,22.91,4998.0,776.0,10308.0
22,Huesca,2020,11,2020M11,121.0,15.25,7.54,9.73,2174.0,321.0,4467.0
22,Huesca,2020,12,2020M12,132.0,13.43,8.28,8.76,2350.0,357.0,4834.0
22,Huesca,2021,1,2021M01,139.0,12.9,8.86,8.83,2554.0,348.0,5339.0
22,Huesca,2021,2,2021M02,141.0,19.2,10.36,12.06,2439.0,322.0,5146.0
22,Huesca,2021,3,2021M03,163.0,20.08,17.22,15.65,3226.0,468.0,6786.0
22,Huesca,2021,4,2021M04,211.0,22.37,29.6,18.57,4246.0,600.0,9129.0
22,Huesca,2021,5,2021M05,216.0,22.47,31.83,17.63,4220.0,616.0,8790.0
22,Huesca,2021,6,2021M06,262.0,35.07,47.91,30.94,5705.0,1007.0,12009.0
22,Huesca,2021,7,2021M07,313.0,55.25,58.25,52.01,7680.0,1599.0,16182.0
22,Huesca,2021,8,2021M08,317.0,72.75,73.97,70.55,7895.0,1811.0,16642.0
22,Huesca,2021,9,2021M09,286.0,46.92,56.27,41.86,6705.0,1369.0,14028.0
22,Huesca,2021,10,2021M10,258.0,45.0,49.18,39.79,5634.0,1128.0,11797.0
22,Huesca,2021,11,2021M11,177.0,31.52,36.65,24.3,3905.0,802.0,8344.0
22,Huesca,2021,12,2021M12,242.0,36.93,37.25,36.51,6160.0,1353.0,13150.0
22,Huesca,2022,1,2022M01,225.0,46.51,58.39,46.01,6129.0,1391.0,12942.0
22,Huesca,2022,2,2022M02,247.0,51.54,66.5,51.49,6426.0,1403.0,13590.0
22,Huesca,2022,3,2022M03,270.0,38.53,51.88,36.33,6825.0,1514.0,14359.0
22,Huesca,2022,4,2022M04,289.0,37.29,41.36,35.39,6732.0,1348.0,14135.0
22,Huesca,2022,5,2022M05,239.0,35.88,43.85,30.49,5437.0,1101.0,11390.0
22,Huesca,2022,6,2022M06,272.0,44.65,52.78,38.95,6271.0,1395.0,13145.0
22,Huesca,2022,7,2022M07,311.0,54.06,58.68,49.94,7860.0,1869.0,16567.0
22,Huesca,2022,8,2022M08,321.0,66.14,67.68,62.84,7995.0,1959.0,16815.0
22,Huesca,2022,9,2022M09,279.0,48.54,49.1,42.23,6574.0,1541.0,13800.0
22,Huesca,2022,10,2022M10,239.0,42.14,46.78,36.39,5488.0,1182.0,11502.0
22,Huesca,2022,11,2022M11,164.0,33.24,37.37,25.81,3581.0,740.0,7551.0
22,Huesca,2022,12,2022M12,230.0,34.23,33.73,34.16,6052.0,1307.0,12778.0
22,Huesca,2023,1,2023M01,230.0,41.23,44.34,40.03,6205.0,1385.0,13127.0
22,Huesca,2023,2,2023M02,241.0,54.64,68.19,53.66,6378.0,1488.0,13478.0
22,Huesca,2023,3,2023M03,247.0,41.0,52.87,38.01,6609.0,1510.0,14014.0
22,Huesca,2023,4,2023M04,268.0,40.23,50.72,38.23,6490.0,1279.0,13291.0
22,Huesca,2023,5,2023M05,244.0,36.57,37.53,29.24,5661.0,1146.0,11867.0
22,Huesca,2023,6,2023M06,266.0,46.39,48.0,39.7,6251.0,1366.0,13257.0
22,Huesca,2023,7,2023M07,302.0,55.67,59.81,50.2,7798.0,1787.0,16463.0
22,Huesca,2023,8,2023M08,307.0,67.18,67.85,63.3,7889.0,1905.0,16618.0
22,Huesca,2023,9,2023M09,260.0,52.14,51.44,43.73,6235.0,1493.0,13174.0
22,Huesca,2023,10,2023M10,247.0,43.18,51.92,36.16,5666.0,1273.0,11920.0
22,Huesca,2023,11,2023M11,188.0,34.55,38.11,26.35,4076.0,816.0,8649.0
22,Huesca,2023,12,2023M12,208.0,35.36,36.93,32.84,5320.0,1288.0,11381.0
22,Huesca,2024,1,2024M01,211.0,42.34,41.36,40.44,6178.0,1458.0,13124.0
22,Huesca,2024,2,2024M02,242.0,44.88,51.83,42.96,6718.0,1486.0,14181.0
22,Huesca,2024,3,2024M03,262.0,47.56,52.95,45.3,6989.0,1614.0,14810.0
22,Huesca,2024,4,2024M04,247.0,34.98,34.72,28.13,5549.0,1113.0,11938.0
22,Huesca,2024,5,2024M05,251.0,41.99,43.84,34.1,5732.0,1145.0,12137.0
22,Huesca,2024,6,2024M06,284.0,48.06,50.36,39.93,6573.0,1457.0,13959.0
22,Huesca,2024,7,2024M07,306.0,55.99,59.18,49.69,7852.0,1791.0,16708.0
22,Huesca,2024,8,2024M08,314.0,69.2,65.95,65.2,8113.0,1960.0,17203.0
22,Huesca,2024,9,2024M09,275.0,50.4,47.67,42.38,6522.0,1508.0,13907.0
22,Huesca,2024,10,2024M10,261.0,43.33,45.18,34.91,6063.0,1343.0,12823.0
22,Huesca,2024,11,2024M11,221.0,35.82,41.94,27.77,5089.0,1165.0,10812.0
22,Huesca,2024,12,2024M12,239.0,33.88,42.95,31.64,6136.0,1469.0,13087.0
22,Huesca,2025,1,2025M01,217.0,41.39,47.46,39.57,6234.0,1608.0,13325.0
22,Huesca,2025,2,2025M02,240.0,53.14,65.65,50.89,6700.0,1636.0,14198.0
22,Huesca,2025,3,2025M03,259.0,38.77,42.94,35.81,6841.0,1611.0,14595.0
22,Huesca,2025,4,2025M04,261.0,36.07,44.41,31.54,6337.0,1428.0,13564.0
22,Huesca,2025,5,2025M05,253.0,43.13,47.94,35.85,5860.0,1295.0,12400.0
22,Huesca,2025,6,2025M06,282.0,49.2,55.37,40.93,6612.0,1502.0,14051.0
22,Huesca,2025,7,2025M07,309.0,57.17,60.09,50.12,8031.0,1924.0,17110.0
22,Huesca,2025,8,2025M08,311.0,69.6,63.01,64.22,8044.0,2069.0,17126.0
22,Huesca,2025,9,2025M09,287.0,52.1,52.75,43.11,7073.0,1659.0,15133.0
22,Huesca,2025,10,2025M10,264.0,46.79,52.27,38.13,5984.0,1397.0,12820.0
22,Huesca,2025,11,2025M11,216.0,34.55,37.58,26.77,4867.0,1062.0,10482.0
22,Huesca,2025,12,2025M12,240.0,37.64,43.96,35.02,6312.0,1596.0,13571.0
23,Jaén,2015,1,2015M01,168.0,19.47,21.54,15.96,4072.0,809.0,7927.0
23,Jaén,2015,2,2015M02,177.0,27.81,29.83,23.36,4199.0,835.0,8136.0
23,Jaén,2015,3,2015M03,188.0,29.26,35.61,24.96,4475.0,933.0,8695.0
23,Jaén,2015,4,2015M04,190.0,36.4,46.73,32.74,4540.0,971.0,8830.0
23,Jaén,2015,5,2015M05,194.0,35.78,40.84,30.49,4564.0,981.0,8877.0
23,Jaén,2015,6,2015M06,191.0,30.85,39.36,27.12,4560.0,999.0,8867.0
23,Jaén,2015,7,2015M07,180.0,28.9,31.99,25.42,4432.0,1005.0,8629.0
23,Jaén,2015,8,2015M08,192.0,34.67,40.47,34.37,4552.0,1016.0,8862.0
23,Jaén,2015,9,2015M09,189.0,34.27,46.06,29.87,4525.0,1020.0,8668.0
23,Jaén,2015,10,2015M10,190.0,36.33,43.21,31.98,4533.0,1057.0,8841.0
23,Jaén,2015,11,2015M11,187.0,28.12,32.69,22.64,4450.0,956.0,8666.0
23,Jaén,2015,12,2015M12,186.0,26.78,33.41,23.48,4371.0,943.0,8509.0
23,Jaén,2016,1,2016M01,176.0,20.99,24.18,17.33,4159.0,854.0,8121.0
23,Jaén,2016,2,2016M02,174.0,29.16,34.29,24.0,4205.0,885.0,8205.0
23,Jaén,2016,3,2016M03,183.0,34.09,43.26,30.45,4422.0,976.0,8651.0
23,Jaén,2016,4,2016M04,183.0,35.48,43.86,30.27,4425.0,990.0,8682.0
23,Jaén,2016,5,2016M05,183.0,36.64,44.6,32.28,4429.0,1020.0,8685.0
23,Jaén,2016,6,2016M06,184.0,34.33,41.33,28.97,4363.0,1026.0,8560.0
23,Jaén,2016,7,2016M07,175.0,32.44,38.7,29.33,4258.0,1023.0,8378.0
23,Jaén,2016,8,2016M08,174.0,40.5,49.11,38.93,4303.0,995.0,8471.0
23,Jaén,2016,9,2016M09,179.0,36.17,44.53,31.68,4344.0,1016.0,8534.0
23,Jaén,2016,10,2016M10,184.0,39.32,48.93,34.45,4376.0,997.0,8613.0
23,Jaén,2016,11,2016M11,177.0,31.92,41.51,25.78,4259.0,954.0,8354.0
23,Jaén,2016,12,2016M12,169.0,28.71,33.11,25.27,4099.0,877.0,8031.0
23,Jaén,2017,1,2017M01,156.0,23.71,24.99,19.32,3856.0,804.0,7548.0
23,Jaén,2017,2,2017M02,166.0,29.94,35.55,24.66,4053.0,863.0,7967.0
23,Jaén,2017,3,2017M03,175.0,32.7,43.18,27.35,4280.0,926.0,8444.0
23,Jaén,2017,4,2017M04,180.0,43.97,51.18,39.48,4385.0,996.0,8697.0
23,Jaén,2017,5,2017M05,178.0,41.09,44.74,33.8,4387.0,1006.0,8705.0
23,Jaén,2017,6,2017M06,177.0,36.38,41.52,30.81,4371.0,994.0,8660.0
23,Jaén,2017,7,2017M07,182.0,34.7,42.36,32.95,4395.0,991.0,8693.0
23,Jaén,2017,8,2017M08,180.0,38.64,45.52,36.6,4411.0,1009.0,8747.0
23,Jaén,2017,9,2017M09,173.0,39.18,47.9,33.75,4399.0,994.0,8723.0
23,Jaén,2017,10,2017M10,178.0,39.82,52.27,33.97,4408.0,992.0,8754.0
23,Jaén,2017,11,2017M11,179.0,33.28,39.15,26.75,4336.0,943.0,8590.0
23,Jaén,2017,12,2017M12,175.0,29.71,31.07,25.87,4211.0,884.0,8340.0
23,Jaén,2018,1,2018M01,163.0,23.79,23.46,18.09,3909.0,774.0,7709.0
23,Jaén,2018,2,2018M02,170.0,29.38,35.4,23.41,4121.0,826.0,8158.0
23,Jaén,2018,3,2018M03,173.0,35.8,40.06,30.07,4266.0,881.0,8529.0
23,Jaén,2018,4,2018M04,177.0,42.46,48.62,35.0,4369.0,967.0,8689.0
23,Jaén,2018,5,2018M05,175.0,42.55,49.04,34.97,4312.0,990.0,8616.0
23,Jaén,2018,6,2018M06,181.0,38.55,42.9,33.02,4419.0,988.0,8778.0
23,Jaén,2018,7,2018M07,179.0,34.85,41.27,32.5,4378.0,997.0,8695.0
23,Jaén,2018,8,2018M08,175.0,41.2,47.67,38.56,4356.0,992.0,8671.0
23,Jaén,2018,9,2018M09,180.0,39.6,48.56,33.79,4400.0,1002.0,8747.0
23,Jaén,2018,10,2018M10,180.0,40.7,50.56,33.64,4357.0,943.0,8661.0
23,Jaén,2018,11,2018M11,174.0,37.23,49.17,30.0,4281.0,923.0,8515.0
23,Jaén,2018,12,2018M12,168.0,31.22,36.71,27.65,4008.0,852.0,7670.0
23,Jaén,2019,1,2019M01,145.0,23.65,25.78,19.06,3644.0,735.0,6988.0
23,Jaén,2019,2,2019M02,148.0,30.19,41.49,25.63,3780.0,782.0,7288.0
23,Jaén,2019,3,2019M03,157.0,36.34,45.64,30.83,4000.0,842.0,7742.0
23,Jaén,2019,4,2019M04,167.0,39.38,48.01,34.81,4299.0,907.0,8560.0
23,Jaén,2019,5,2019M05,170.0,40.35,47.42,34.49,4306.0,907.0,8544.0
23,Jaén,2019,6,2019M06,165.0,36.76,44.58,32.42,4234.0,925.0,8446.0
23,Jaén,2019,7,2019M07,168.0,35.07,45.88,33.23,4270.0,902.0,8449.0
23,Jaén,2019,8,2019M08,170.0,39.88,45.8,39.36,4337.0,961.0,8350.0
23,Jaén,2019,9,2019M09,171.0,38.01,48.23,33.95,4367.0,962.0,8390.0
23,Jaén,2019,10,2019M10,170.0,38.58,55.26,33.12,4354.0,966.0,8518.0
23,Jaén,2019,11,2019M11,171.0,33.6,40.53,28.12,4293.0,956.0,8406.0
23,Jaén,2019,12,2019M12,165.0,30.45,41.42,27.11,4111.0,865.0,8039.0
23,Jaén,2020,1,2020M01,142.0,25.02,24.79,20.64,3663.0,790.0,7104.0
23,Jaén,2020,2,2020M02,152.0,33.77,47.07,28.41,3946.0,845.0,7684.0
23,Jaén,2020,3,2020M03,132.0,18.48,16.02,14.22,3099.0,663.0,6276.0
23,Jaén,2020,4,2020M04,0.0,0.0,0.0,0.0,0.0,0.0,0.0
23,Jaén,2020,5,2020M05,18.0,13.95,4.35,9.03,602.0,45.0,1175.0
23,Jaén,2020,6,2020M06,67.0,15.88,12.68,11.99,1735.0,382.0,3347.0
23,Jaén,2020,7,2020M07,129.0,28.36,33.49,26.13,3308.0,672.0,6404.0
23,Jaén,2020,8,2020M08,138.0,37.16,42.94,36.08,3702.0,766.0,7148.0
23,Jaén,2020,9,2020M09,147.0,28.75,34.16,25.3,3893.0,811.0,7611.0
23,Jaén,2020,10,2020M10,141.0,25.23,29.17,21.88,3809.0,771.0,7415.0
23,Jaén,2020,11,2020M11,108.0,16.04,4.64,11.21,2812.0,538.0,5434.0
23,Jaén,2020,12,2020M12,110.0,12.83,7.37,9.57,2856.0,518.0,5549.0
23,Jaén,2021,1,2021M01,108.0,13.89,7.34,9.63,2768.0,470.0,5329.0
23,Jaén,2021,2,2021M02,107.0,17.03,10.08,11.47,2813.0,474.0,5405.0
23,Jaén,2021,3,2021M03,125.0,18.12,12.52,12.63,3181.0,536.0,5980.0
23,Jaén,2021,4,2021M04,124.0,17.87,13.06,12.7,3140.0,565.0,6035.0
23,Jaén,2021,5,2021M05,133.0,29.33,34.1,23.59,3361.0,649.0,6486.0
23,Jaén,2021,6,2021M06,147.0,30.05,37.33,25.79,3766.0,766.0,7278.0
23,Jaén,2021,7,2021M07,153.0,33.08,39.55,30.21,3994.0,906.0,7753.0
23,Jaén,2021,8,2021M08,161.0,44.6,51.31,42.48,4161.0,973.0,8074.0
23,Jaén,2021,9,2021M09,155.0,43.77,54.74,38.01,4044.0,951.0,7957.0
23,Jaén,2021,10,2021M10,165.0,44.61,51.78,39.5,4227.0,966.0,8305.0
23,Jaén,2021,11,2021M11,167.0,37.58,44.83,30.92,4166.0,958.0,8195.0
23,Jaén,2021,12,2021M12,159.0,29.79,33.42,26.4,3902.0,849.0,7668.0
23,Jaén,2022,1,2022M01,139.0,23.03,23.45,18.75,3378.0,724.0,6663.0
23,Jaén,2022,2,2022M02,149.0,37.61,42.96,31.51,3627.0,777.0,7140.0
23,Jaén,2022,3,2022M03,168.0,31.96,38.64,26.58,4190.0,897.0,8387.0
23,Jaén,2022,4,2022M04,172.0,45.71,50.58,40.68,4261.0,959.0,8536.0
23,Jaén,2022,5,2022M05,170.0,42.94,49.35,36.28,4218.0,950.0,8382.0
23,Jaén,2022,6,2022M06,168.0,38.82,47.18,33.26,4179.0,970.0,8317.0
23,Jaén,2022,7,2022M07,168.0,37.3,43.55,33.06,4183.0,991.0,8343.0
23,Jaén,2022,8,2022M08,164.0,45.0,50.12,41.68,4162.0,1009.0,8302.0
23,Jaén,2022,9,2022M09,173.0,43.46,54.62,37.36,4265.0,1024.0,8406.0
23,Jaén,2022,10,2022M10,168.0,43.8,52.12,38.27,4209.0,985.0,8289.0
23,Jaén,2022,11,2022M11,160.0,36.93,43.42,30.53,4116.0,963.0,8118.0
23,Jaén,2022,12,2022M12,161.0,30.42,35.47,27.02,3985.0,896.0,7842.0
23,Jaén,2023,1,2023M01,148.0,27.19,28.08,22.17,3606.0,781.0,7132.0
23,Jaén,2023,2,2023M02,154.0,37.02,40.36,30.77,3760.0,823.0,7411.0
23,Jaén,2023,3,2023M03,167.0,39.57,42.94,32.53,4095.0,923.0,8085.0
23,Jaén,2023,4,2023M04,170.0,48.77,57.1,43.13,4214.0,985.0,8419.0
23,Jaén,2023,5,2023M05,182.0,40.14,42.75,32.66,4323.0,992.0,8656.0
23,Jaén,2023,6,2023M06,177.0,36.39,42.37,30.92,4226.0,1006.0,8473.0
23,Jaén,2023,7,2023M07,173.0,34.34,39.22,31.08,4257.0,1023.0,8532.0
23,Jaén,2023,8,2023M08,172.0,39.31,45.47,37.21,4290.0,1045.0,8595.0
23,Jaén,2023,9,2023M09,164.0,42.82,48.47,36.41,4111.0,1034.0,8144.0
23,Jaén,2023,10,2023M10,180.0,42.68,53.94,36.31,4322.0,1057.0,8558.0
23,Jaén,2023,11,2023M11,173.0,38.57,44.37,31.08,4213.0,975.0,8341.0
23,Jaén,2023,12,2023M12,170.0,33.24,35.98,29.21,3999.0,932.0,7923.0
23,Jaén,2024,1,2024M01,158.0,28.81,29.17,23.56,3751.0,841.0,7277.0
23,Jaén,2024,2,2024M02,162.0,36.52,39.71,30.23,3865.0,850.0,7523.0
23,Jaén,2024,3,2024M03,165.0,42.91,46.3,36.31,4161.0,996.0,8250.0
23,Jaén,2024,4,2024M04,171.0,46.3,50.71,38.66,4267.0,1002.0,8450.0
23,Jaén,2024,5,2024M05,174.0,43.95,49.31,37.56,4338.0,1041.0,8557.0
23,Jaén,2024,6,2024M06,166.0,39.89,46.82,34.47,4228.0,1046.0,8377.0
23,Jaén,2024,7,2024M07,165.0,36.06,43.48,32.12,4215.0,1046.0,8371.0
23,Jaén,2024,8,2024M08,161.0,44.52,49.11,41.43,4261.0,1057.0,8450.0
23,Jaén,2024,9,2024M09,170.0,44.33,53.45,38.29,4305.0,1064.0,8442.0
23,Jaén,2024,10,2024M10,165.0,46.22,57.99,39.18,4226.0,1039.0,8297.0
23,Jaén,2024,11,2024M11,166.0,42.71,50.02,34.85,4223.0,1011.0,8282.0
23,Jaén,2024,12,2024M12,157.0,35.17,42.95,30.09,3984.0,958.0,7807.0
23,Jaén,2025,1,2025M01,138.0,31.88,31.94,25.79,3664.0,785.0,7134.0
23,Jaén,2025,2,2025M02,146.0,38.26,41.13,31.44,3864.0,826.0,7564.0
23,Jaén,2025,3,2025M03,158.0,39.0,40.19,30.97,4152.0,893.0,8207.0
23,Jaén,2025,4,2025M04,166.0,49.11,56.21,42.83,4309.0,958.0,8565.0
23,Jaén,2025,5,2025M05,167.0,49.03,51.81,40.3,4271.0,1010.0,8512.0
23,Jaén,2025,6,2025M06,160.0,43.92,50.3,36.56,4177.0,968.0,8326.0
23,Jaén,2025,7,2025M07,155.0,36.28,44.07,31.76,4149.0,991.0,8274.0
23,Jaén,2025,8,2025M08,156.0,46.96,47.65,42.85,4171.0,1061.0,8331.0
23,Jaén,2025,9,2025M09,164.0,43.21,50.91,35.7,4258.0,1002.0,8389.0
23,Jaén,2025,10,2025M10,163.0,48.7,56.95,40.29,4232.0,983.0,8337.0
23,Jaén,2025,11,2025M11,163.0,44.43,48.04,34.83,4176.0,956.0,8239.0
23,Jaén,2025,12,2025M12,154.0,36.65,40.29,30.86,3958.0,925.0,7794.0
24,León,2015,1,2015M01,219.0,21.58,21.28,17.73,5313.0,834.0,9584.0
24,León,2015,2,2015M02,219.0,26.63,31.99,21.75,5375.0,859.0,9680.0
24,León,2015,3,2015M03,239.0,32.01,41.52,27.63,5563.0,973.0,10032.0
24,León,2015,4,2015M04,256.0,37.93,47.72,33.39,5891.0,1027.0,10717.0
24,León,2015,5,2015M05,254.0,42.78,49.89,37.25,5897.0,1037.0,10719.0
24,León,2015,6,2015M06,269.0,42.44,47.58,35.8,6024.0,1074.0,10975.0
24,León,2015,7,2015M07,262.0,41.19,50.15,36.97,5947.0,1279.0,10832.0
24,León,2015,8,2015M08,258.0,49.82,56.35,48.29,5887.0,1122.0,10715.0
24,León,2015,9,2015M09,264.0,45.17,48.96,39.12,6021.0,1107.0,10966.0
24,León,2015,10,2015M10,255.0,42.31,46.87,36.16,5861.0,1028.0,10691.0
24,León,2015,11,2015M11,256.0,31.61,35.49,25.64,5721.0,992.0,10421.0
24,León,2015,12,2015M12,239.0,27.54,31.48,24.91,5457.0,889.0,9918.0
24,León,2016,1,2016M01,248.0,24.54,27.22,20.27,5437.0,890.0,9798.0
24,León,2016,2,2016M02,259.0,29.37,36.97,24.58,5645.0,876.0,10153.0
24,León,2016,3,2016M03,275.0,35.79,42.98,32.51,5786.0,986.0,10463.0
24,León,2016,4,2016M04,303.0,32.71,38.19,27.71,6137.0,1024.0,11106.0
24,León,2016,5,2016M05,301.0,41.4,45.23,35.55,6178.0,1078.0,11179.0
24,León,2016,6,2016M06,297.0,42.44,47.97,36.4,6178.0,1083.0,11165.0
24,León,2016,7,2016M07,297.0,43.6,48.17,40.43,6222.0,1121.0,11241.0
24,León,2016,8,2016M08,288.0,52.51,58.4,49.99,6049.0,1152.0,10933.0
24,León,2016,9,2016M09,302.0,48.42,48.78,41.44,6181.0,1124.0,11156.0
24,León,2016,10,2016M10,275.0,43.06,47.04,37.51,5922.0,1046.0,10692.0
24,León,2016,11,2016M11,275.0,32.34,36.86,26.08,5813.0,972.0,10471.0
24,León,2016,12,2016M12,262.0,28.41,29.52,24.71,5654.0,935.0,10190.0
24,León,2017,1,2017M01,250.0,22.77,22.85,19.0,5461.0,861.0,9804.0
24,León,2017,2,2017M02,254.0,29.59,33.83,24.23,5446.0,889.0,9835.0
24,León,2017,3,2017M03,265.0,33.53,38.21,27.4,5617.0,938.0,10165.0
24,León,2017,4,2017M04,289.0,41.54,47.87,37.72,6039.0,1036.0,10951.0
24,León,2017,5,2017M05,301.0,40.87,42.21,33.84,6255.0,1049.0,11306.0
24,León,2017,6,2017M06,300.0,41.22,43.36,34.91,6256.0,1114.0,11303.0
24,León,2017,7,2017M07,290.0,44.75,48.7,41.38,6139.0,1148.0,11092.0
24,León,2017,8,2017M08,293.0,51.2,57.99,50.18,6057.0,1176.0,10963.0
24,León,2017,9,2017M09,279.0,49.28,46.11,43.67,5961.0,1179.0,10813.0
24,León,2017,10,2017M10,273.0,43.31,48.58,37.52,5849.0,1034.0,10589.0
24,León,2017,11,2017M11,246.0,34.26,39.86,28.39,5472.0,930.0,9905.0
24,León,2017,12,2017M12,237.0,27.66,29.02,25.13,5268.0,855.0,9505.0
24,León,2018,1,2018M01,201.0,22.92,22.49,18.14,4548.0,725.0,8188.0
24,León,2018,2,2018M02,220.0,26.59,30.04,21.54,4795.0,683.0,8627.0
24,León,2018,3,2018M03,236.0,33.11,35.38,28.9,5086.0,810.0,9195.0
24,León,2018,4,2018M04,273.0,37.49,39.6,32.2,5722.0,862.0,10349.0
24,León,2018,5,2018M05,285.0,40.78,39.25,33.93,5925.0,926.0,10699.0
24,León,2018,6,2018M06,284.0,41.36,41.0,34.24,5850.0,898.0,10577.0
24,León,2018,7,2018M07,276.0,42.52,44.99,38.65,5819.0,960.0,10499.0
24,León,2018,8,2018M08,288.0,49.66,53.09,46.94,5925.0,1003.0,10714.0
24,León,2018,9,2018M09,277.0,48.11,48.24,41.23,5804.0,933.0,10501.0
24,León,2018,10,2018M10,269.0,42.74,48.44,35.58,5721.0,900.0,10334.0
24,León,2018,11,2018M11,235.0,31.75,36.93,27.01,5115.0,787.0,9254.0
24,León,2018,12,2018M12,203.0,27.05,31.17,23.42,4696.0,742.0,8471.0
24,León,2019,1,2019M01,205.0,23.4,22.62,19.91,4558.0,740.0,8214.0
24,León,2019,2,2019M02,221.0,31.51,35.73,25.62,4836.0,772.0,8743.0
24,León,2019,3,2019M03,243.0,35.23,40.21,28.92,5234.0,810.0,9499.0
24,León,2019,4,2019M04,274.0,40.15,45.79,35.53,5741.0,919.0,10343.0
24,León,2019,5,2019M05,289.0,43.73,44.51,36.53,5756.0,930.0,10423.0
24,León,2019,6,2019M06,281.0,46.88,49.57,39.97,5633.0,945.0,10185.0
24,León,2019,7,2019M07,300.0,45.46,47.89,39.44,5903.0,945.0,10700.0
24,León,2019,8,2019M08,292.0,56.05,54.65,51.66,5807.0,1021.0,10541.0
24,León,2019,9,2019M09,294.0,49.41,51.53,41.73,5866.0,989.0,10660.0
24,León,2019,10,2019M10,274.0,44.57,47.58,36.54,5572.0,913.0,10098.0
24,León,2019,11,2019M11,265.0,34.57,36.66,27.11,5430.0,830.0,9866.0
24,León,2019,12,2019M12,243.0,31.06,38.33,26.65,5082.0,789.0,9180.0
24,León,2020,1,2020M01,221.0,28.68,29.7,22.52,4719.0,782.0,8548.0
24,León,2020,2,2020M02,222.0,37.81,43.53,30.91,4664.0,805.0,8447.0
24,León,2020,3,2020M03,176.0,22.85,17.35,16.96,3265.0,558.0,5855.0
24,León,2020,4,2020M04,0.0,0.0,0.0,0.0,0.0,0.0,0.0
24,León,2020,5,2020M05,,,,,,,
24,León,2020,6,2020M06,,,,,,,
24,León,2020,7,2020M07,221.0,32.41,30.07,26.36,4160.0,577.0,7479.0
24,León,2020,8,2020M08,242.0,42.0,44.16,38.49,4940.0,771.0,8877.0
24,León,2020,9,2020M09,231.0,29.08,25.23,22.45,4977.0,668.0,9014.0
24,León,2020,10,2020M10,208.0,20.55,13.89,14.8,4295.0,488.0,7758.0
24,León,2020,11,2020M11,149.0,22.62,8.02,14.83,3184.0,326.0,5678.0
24,León,2020,12,2020M12,150.0,21.09,11.75,14.41,3128.0,407.0,5556.0
24,León,2021,1,2021M01,137.0,18.17,8.64,12.78,2890.0,364.0,5180.0
24,León,2021,2,2021M02,143.0,20.96,10.45,14.02,2980.0,376.0,5320.0
24,León,2021,3,2021M03,165.0,23.29,14.84,16.56,3422.0,427.0,6212.0
24,León,2021,4,2021M04,211.0,25.08,24.78,18.17,4115.0,569.0,7492.0
24,León,2021,5,2021M05,230.0,29.55,25.41,21.55,4302.0,593.0,7813.0
24,León,2021,6,2021M06,234.0,35.68,35.85,28.33,4439.0,728.0,8123.0
24,León,2021,7,2021M07,240.0,45.76,49.77,39.66,4897.0,827.0,8971.0
24,León,2021,8,2021M08,250.0,63.61,65.7,58.74,5160.0,907.0,9465.0
24,León,2021,9,2021M09,236.0,51.38,50.71,42.91,4883.0,905.0,9038.0
24,León,2021,10,2021M10,254.0,47.34,49.87,41.39,5172.0,861.0,9442.0
24,León,2021,11,2021M11,247.0,34.16,35.38,26.9,5062.0,810.0,9143.0
24,León,2021,12,2021M12,223.0,28.69,28.93,24.19,4375.0,687.0,8049.0
24,León,2022,1,2022M01,213.0,25.95,27.58,20.78,4368.0,675.0,7846.0
24,León,2022,2,2022M02,228.0,34.29,38.65,28.78,4811.0,744.0,8678.0
24,León,2022,3,2022M03,231.0,34.69,38.94,28.02,4986.0,789.0,9015.0
24,León,2022,4,2022M04,279.0,41.41,44.0,36.55,5492.0,896.0,10050.0
24,León,2022,5,2022M05,279.0,50.57,50.7,42.28,5257.0,912.0,9777.0
24,León,2022,6,2022M06,285.0,52.66,53.89,43.95,5236.0,929.0,9808.0
24,León,2022,7,2022M07,289.0,51.32,51.07,45.42,5299.0,935.0,9929.0
24,León,2022,8,2022M08,294.0,61.96,62.5,57.56,5404.0,995.0,10088.0
24,León,2022,9,2022M09,303.0,55.47,51.88,47.64,5700.0,1012.0,10463.0
24,León,2022,10,2022M10,280.0,48.33,48.87,40.98,5512.0,998.0,10188.0
24,León,2022,11,2022M11,235.0,36.37,36.4,28.62,4984.0,753.0,9123.0
24,León,2022,12,2022M12,226.0,31.6,29.91,27.03,4327.0,710.0,8016.0
24,León,2023,1,2023M01,197.0,27.09,25.31,22.44,4212.0,703.0,7769.0
24,León,2023,2,2023M02,200.0,36.57,37.89,29.64,4473.0,760.0,8248.0
24,León,2023,3,2023M03,208.0,37.72,41.8,30.49,4823.0,836.0,8954.0
24,León,2023,4,2023M04,252.0,51.12,57.03,44.19,5289.0,910.0,9815.0
24,León,2023,5,2023M05,243.0,50.56,48.68,42.09,5276.0,962.0,9778.0
24,León,2023,6,2023M06,259.0,50.63,48.24,41.99,5445.0,996.0,10143.0
24,León,2023,7,2023M07,287.0,47.59,46.86,42.39,5720.0,1015.0,10601.0
24,León,2023,8,2023M08,295.0,60.6,60.8,56.62,5827.0,1022.0,10758.0
24,León,2023,9,2023M09,289.0,54.52,50.2,45.57,5730.0,1040.0,10567.0
24,León,2023,10,2023M10,271.0,49.52,51.96,41.95,5503.0,940.0,10137.0
24,León,2023,11,2023M11,233.0,38.95,40.98,32.03,5045.0,817.0,9212.0
24,León,2023,12,2023M12,234.0,33.88,33.81,29.92,4651.0,758.0,8563.0
24,León,2024,1,2024M01,190.0,29.01,27.36,24.17,4418.0,669.0,7990.0
24,León,2024,2,2024M02,197.0,33.83,38.93,28.34,4619.0,714.0,8366.0
24,León,2024,3,2024M03,264.0,40.04,41.2,34.31,5443.0,874.0,9981.0
24,León,2024,4,2024M04,266.0,41.32,40.86,34.65,5549.0,891.0,10204.0
24,León,2024,5,2024M05,288.0,52.76,49.65,43.47,5692.0,887.0,10469.0
24,León,2024,6,2024M06,291.0,50.88,47.55,42.69,5701.0,920.0,10478.0
24,León,2024,7,2024M07,292.0,51.75,55.94,45.65,5683.0,954.0,10461.0
24,León,2024,8,2024M08,301.0,61.48,60.9,56.67,5756.0,971.0,10614.0
24,León,2024,9,2024M09,302.0,55.36,54.57,46.87,5774.0,944.0,10648.0
24,León,2024,10,2024M10,285.0,51.89,53.21,43.06,5644.0,913.0,10412.0
24,León,2024,11,2024M11,234.0,42.62,44.03,35.48,5037.0,759.0,9252.0
24,León,2024,12,2024M12,199.0,37.14,44.75,32.82,4210.0,656.0,7817.0
24,León,2025,1,2025M01,190.0,32.26,30.21,25.86,4111.0,813.0,7681.0
24,León,2025,2,2025M02,211.0,39.07,41.33,31.39,4581.0,846.0,8546.0
24,León,2025,3,2025M03,246.0,40.72,42.91,33.03,5106.0,951.0,9542.0
24,León,2025,4,2025M04,256.0,49.21,50.56,41.1,5343.0,967.0,10016.0
24,León,2025,5,2025M05,291.0,55.39,55.14,45.69,5576.0,1062.0,10416.0
24,León,2025,6,2025M06,320.0,53.43,54.27,43.64,5789.0,1112.0,10733.0
24,León,2025,7,2025M07,305.0,54.59,52.67,45.51,5646.0,1103.0,10530.0
24,León,2025,8,2025M08,297.0,64.71,61.61,57.73,5566.0,1059.0,10310.0
24,León,2025,9,2025M09,295.0,56.61,53.9,46.8,5633.0,1089.0,10538.0
24,León,2025,10,2025M10,294.0,57.2,55.06,46.26,5595.0,1085.0,10459.0
24,León,2025,11,2025M11,247.0,45.42,43.16,35.79,4977.0,896.0,9189.0
24,León,2025,12,2025M12,222.0,36.79,39.65,29.76,4539.0,871.0,8455.0
25,Lleida,2015,1,2015M01,284.0,33.2,38.81,31.46,7671.0,1708.0,16046.0
25,Lleida,2015,2,2015M02,298.0,40.17,51.15,38.71,7861.0,1731.0,16377.0
25,Lleida,2015,3,2015M03,312.0,34.54,46.51,32.18,8037.0,1756.0,16732.0
25,Lleida,2015,4,2015M04,269.0,25.1,35.52,22.41,6227.0,1096.0,12797.0
25,Lleida,2015,5,2015M05,255.0,25.56,30.41,21.41,5904.0,1059.0,11968.0
25,Lleida,2015,6,2015M06,283.0,28.43,32.44,24.83,6810.0,1268.0,14008.0
25,Lleida,2015,7,2015M07,326.0,35.08,39.93,32.92,8046.0,1586.0,16576.0
25,Lleida,2015,8,2015M08,332.0,51.73,51.21,49.92,8212.0,1843.0,16957.0
25,Lleida,2015,9,2015M09,296.0,33.07,41.57,28.88,6981.0,1424.0,14197.0
25,Lleida,2015,10,2015M10,265.0,31.61,39.57,27.21,6123.0,1180.0,12439.0
25,Lleida,2015,11,2015M11,206.0,27.66,29.73,21.32,4487.0,910.0,9139.0
25,Lleida,2015,12,2015M12,266.0,34.18,31.58,32.99,7023.0,1700.0,14465.0
25,Lleida,2016,1,2016M01,289.0,33.12,43.24,31.22,7709.0,1837.0,16180.0
25,Lleida,2016,2,2016M02,313.0,40.03,53.3,37.8,8204.0,1887.0,17199.0
25,Lleida,2016,3,2016M03,320.0,42.34,57.36,40.34,8256.0,1934.0,17290.0
25,Lleida,2016,4,2016M04,253.0,23.74,24.0,17.79,5991.0,1034.0,12146.0
25,Lleida,2016,5,2016M05,253.0,27.23,32.13,21.81,5910.0,1117.0,12019.0
25,Lleida,2016,6,2016M06,280.0,31.61,38.69,26.06,6987.0,1387.0,14593.0
25,Lleida,2016,7,2016M07,329.0,38.74,45.11,35.52,8064.0,1736.0,16848.0
25,Lleida,2016,8,2016M08,342.0,55.62,57.69,53.42,8265.0,1913.0,17307.0
25,Lleida,2016,9,2016M09,302.0,34.09,39.27,29.01,7124.0,1457.0,14682.0
25,Lleida,2016,10,2016M10,258.0,33.42,40.01,27.75,6082.0,1243.0,12491.0
25,Lleida,2016,11,2016M11,210.0,26.55,29.31,19.45,4715.0,975.0,9751.0
25,Lleida,2016,12,2016M12,290.0,29.45,31.2,28.5,7238.0,1675.0,14998.0
25,Lleida,2017,1,2017M01,282.0,32.15,36.65,30.2,7456.0,1766.0,15797.0
25,Lleida,2017,2,2017M02,310.0,44.98,59.1,42.96,8097.0,1837.0,17177.0
25,Lleida,2017,3,2017M03,316.0,33.1,48.93,30.63,8097.0,1777.0,17189.0
25,Lleida,2017,4,2017M04,298.0,33.88,41.89,31.41,7138.0,1317.0,14979.0
25,Lleida,2017,5,2017M05,260.0,25.84,30.03,21.45,6172.0,1151.0,13022.0
25,Lleida,2017,6,2017M06,274.0,32.84,40.59,28.62,6513.0,1308.0,13554.0
25,Lleida,2017,7,2017M07,330.0,38.41,46.85,36.62,8035.0,1673.0,16999.0
25,Lleida,2017,8,2017M08,344.0,56.6,62.09,54.6,8298.0,1892.0,17546.0
25,Lleida,2017,9,2017M09,304.0,35.68,39.12,30.68,7088.0,1452.0,14602.0
25,Lleida,2017,10,2017M10,257.0,32.7,42.49,27.83,5953.0,1161.0,12321.0
25,Lleida,2017,11,2017M11,211.0,24.07,28.34,18.87,4821.0,929.0,9936.0
25,Lleida,2017,12,2017M12,290.0,35.81,42.85,34.94,7577.0,1832.0,16016.0
25,Lleida,2018,1,2018M01,279.0,37.65,42.88,35.21,7585.0,1962.0,16305.0
25,Lleida,2018,2,2018M02,297.0,44.73,57.9,42.26,7901.0,1976.0,16961.0
25,Lleida,2018,3,2018M03,312.0,41.95,53.33,40.35,8154.0,1980.0,17543.0
25,Lleida,2018,4,2018M04,261.0,28.64,30.09,24.87,6234.0,1240.0,13348.0
25,Lleida,2018,5,2018M05,246.0,27.33,29.74,22.26,5912.0,1159.0,12629.0
25,Lleida,2018,6,2018M06,267.0,33.18,38.61,28.51,6445.0,1316.0,13760.0
25,Lleida,2018,7,2018M07,319.0,41.97,50.28,38.75,7717.0,1722.0,16502.0
25,Lleida,2018,8,2018M08,327.0,57.25,61.11,55.39,7908.0,1906.0,16895.0
25,Lleida,2018,9,2018M09,290.0,38.78,42.71,33.82,6854.0,1461.0,14369.0
25,Lleida,2018,10,2018M10,264.0,34.78,48.9,29.37,6025.0,1177.0,12543.0
25,Lleida,2018,11,2018M11,221.0,29.48,37.39,24.01,4957.0,1020.0,10297.0
25,Lleida,2018,12,2018M12,294.0,35.67,44.05,33.85,7387.0,1741.0,15748.0
25,Lleida,2019,1,2019M01,292.0,33.03,35.98,30.05,7713.0,1933.0,16603.0
25,Lleida,2019,2,2019M02,298.0,46.62,58.72,42.62,7752.0,1987.0,16532.0
25,Lleida,2019,3,2019M03,306.0,40.67,53.99,37.78,7931.0,1994.0,16958.0
25,Lleida,2019,4,2019M04,295.0,32.24,39.15,28.85,7006.0,1385.0,15003.0
25,Lleida,2019,5,2019M05,256.0,31.51,32.4,25.27,6088.0,1193.0,12969.0
25,Lleida,2019,6,2019M06,276.0,41.64,46.74,34.64,6549.0,1489.0,14050.0
25,Lleida,2019,7,2019M07,309.0,43.98,51.94,39.8,7778.0,1820.0,16688.0
25,Lleida,2019,8,2019M08,324.0,61.27,62.14,58.78,7940.0,1906.0,17018.0
25,Lleida,2019,9,2019M09,293.0,40.08,42.95,33.31,6761.0,1437.0,14213.0
25,Lleida,2019,10,2019M10,250.0,36.76,41.44,29.36,5949.0,1163.0,12526.0
25,Lleida,2019,11,2019M11,216.0,33.01,37.35,25.66,4760.0,905.0,9962.0
25,Lleida,2019,12,2019M12,278.0,40.19,50.91,37.61,7311.0,1754.0,15658.0
25,Lleida,2020,1,2020M01,272.0,39.41,48.18,35.91,7322.0,1837.0,15866.0
25,Lleida,2020,2,2020M02,297.0,47.51,57.48,44.48,7805.0,1936.0,16841.0
25,Lleida,2020,3,2020M03,269.0,27.76,23.74,23.93,6483.0,1426.0,13813.0
25,Lleida,2020,4,2020M04,0.0,0.0,0.0,0.0,0.0,0.0,0.0
25,Lleida,2020,5,2020M05,18.0,14.02,4.4,7.77,452.0,42.0,969.0
25,Lleida,2020,6,2020M06,118.0,19.07,14.83,14.25,2670.0,417.0,5721.0
25,Lleida,2020,7,2020M07,275.0,32.83,36.81,29.64,6332.0,1286.0,13561.0
25,Lleida,2020,8,2020M08,294.0,56.46,54.15,54.44,6909.0,1491.0,14804.0
25,Lleida,2020,9,2020M09,271.0,32.23,42.56,28.56,6150.0,1189.0,12935.0
25,Lleida,2020,10,2020M10,193.0,24.73,27.45,20.27,4366.0,741.0,9127.0
25,Lleida,2020,11,2020M11,142.0,15.84,6.84,10.13,3058.0,475.0,6262.0
25,Lleida,2020,12,2020M12,179.0,20.13,11.12,17.94,4182.0,756.0,8951.0
25,Lleida,2021,1,2021M01,152.0,23.23,22.46,19.88,3880.0,690.0,8196.0
25,Lleida,2021,2,2021M02,147.0,19.13,11.79,12.82,3434.0,561.0,7209.0
25,Lleida,2021,3,2021M03,179.0,24.74,24.74,19.63,4159.0,721.0,8784.0
25,Lleida,2021,4,2021M04,180.0,27.03,31.47,21.22,3933.0,669.0,8270.0
25,Lleida,2021,5,2021M05,202.0,28.67,31.68,22.1,4305.0,753.0,9110.0
25,Lleida,2021,6,2021M06,248.0,34.12,38.32,27.94,5755.0,1108.0,12319.0
25,Lleida,2021,7,2021M07,302.0,47.19,52.97,41.69,7290.0,1583.0,15624.0
25,Lleida,2021,8,2021M08,319.0,64.47,66.07,59.72,7614.0,1810.0,16287.0
25,Lleida,2021,9,2021M09,278.0,40.12,46.41,33.05,6481.0,1369.0,13670.0
25,Lleida,2021,10,2021M10,241.0,39.81,41.93,33.02,5683.0,1123.0,11966.0
25,Lleida,2021,11,2021M11,199.0,32.56,34.86,24.0,4311.0,838.0,8897.0
25,Lleida,2021,12,2021M12,277.0,39.52,36.55,36.77,7249.0,1687.0,15622.0
25,Lleida,2022,1,2022M01,256.0,42.8,52.33,39.61,7029.0,1765.0,15290.0
25,Lleida,2022,2,2022M02,284.0,51.87,62.77,48.38,7536.0,1800.0,16285.0
25,Lleida,2022,3,2022M03,296.0,37.97,47.12,32.87,7763.0,1856.0,16836.0
25,Lleida,2022,4,2022M04,280.0,35.93,37.06,31.63,6587.0,1415.0,14223.0
25,Lleida,2022,5,2022M05,232.0,35.68,36.23,28.67,5339.0,1062.0,11405.0
25,Lleida,2022,6,2022M06,257.0,40.91,45.59,35.03,6408.0,1377.0,13873.0
25,Lleida,2022,7,2022M07,318.0,45.81,51.45,41.53,7805.0,1749.0,16908.0
25,Lleida,2022,8,2022M08,331.0,59.48,59.77,56.0,7790.0,1824.0,16800.0
25,Lleida,2022,9,2022M09,282.0,41.98,44.29,34.46,6419.0,1373.0,13593.0
25,Lleida,2022,10,2022M10,256.0,39.35,40.39,31.93,5869.0,1140.0,12306.0
25,Lleida,2022,11,2022M11,183.0,35.87,36.37,26.6,4137.0,806.0,8629.0
25,Lleida,2022,12,2022M12,272.0,40.57,42.59,37.6,7297.0,1832.0,15858.0
25,Lleida,2023,1,2023M01,268.0,43.16,45.63,40.12,7292.0,1897.0,16067.0
25,Lleida,2023,2,2023M02,288.0,52.56,64.07,49.47,7695.0,1981.0,16920.0
25,Lleida,2023,3,2023M03,294.0,40.12,52.31,35.94,7740.0,1936.0,16946.0
25,Lleida,2023,4,2023M04,248.0,36.95,39.24,32.03,5853.0,1194.0,12598.0
25,Lleida,2023,5,2023M05,232.0,34.84,34.86,28.37,5535.0,1081.0,11740.0
25,Lleida,2023,6,2023M06,269.0,39.56,42.75,32.55,6700.0,1386.0,14500.0
25,Lleida,2023,7,2023M07,311.0,46.79,51.86,41.71,7835.0,1736.0,17059.0
25,Lleida,2023,8,2023M08,318.0,60.15,63.52,55.84,7815.0,1861.0,16927.0
25,Lleida,2023,9,2023M09,272.0,44.52,43.95,36.57,6541.0,1390.0,13877.0
25,Lleida,2023,10,2023M10,227.0,41.25,49.32,33.55,5410.0,1084.0,11407.0
25,Lleida,2023,11,2023M11,194.0,32.56,34.56,24.66,4397.0,843.0,9146.0
25,Lleida,2023,12,2023M12,278.0,38.44,40.11,36.08,7424.0,1782.0,16198.0
25,Lleida,2024,1,2024M01,264.0,47.68,48.38,43.56,7357.0,1841.0,16291.0
25,Lleida,2024,2,2024M02,290.0,49.86,56.2,47.09,7930.0,1902.0,17502.0
25,Lleida,2024,3,2024M03,306.0,46.55,55.64,42.58,8175.0,1895.0,17939.0
25,Lleida,2024,4,2024M04,237.0,31.38,31.61,25.62,5627.0,1076.0,12148.0
25,Lleida,2024,5,2024M05,232.0,36.87,36.46,30.36,5553.0,1065.0,11899.0
25,Lleida,2024,6,2024M06,262.0,42.79,46.6,36.48,6821.0,1509.0,14854.0
25,Lleida,2024,7,2024M07,307.0,50.09,57.73,43.99,7656.0,1751.0,16713.0
25,Lleida,2024,8,2024M08,315.0,60.27,58.38,55.64,7750.0,1895.0,16809.0
25,Lleida,2024,9,2024M09,276.0,42.23,44.5,34.63,6636.0,1453.0,14081.0
25,Lleida,2024,10,2024M10,228.0,40.36,45.68,31.41,5499.0,1132.0,11674.0
25,Lleida,2024,11,2024M11,193.0,36.73,38.09,27.57,4743.0,1048.0,10091.0
25,Lleida,2024,12,2024M12,271.0,39.18,46.6,34.7,7328.0,1803.0,16264.0
25,Lleida,2025,1,2025M01,274.0,46.54,50.4,41.03,7615.0,1935.0,17096.0
25,Lleida,2025,2,2025M02,287.0,53.96,60.47,48.37,7894.0,1993.0,17597.0
25,Lleida,2025,3,2025M03,302.0,42.6,48.69,37.07,8091.0,1955.0,17981.0
25,Lleida,2025,4,2025M04,272.0,36.38,40.91,30.43,6915.0,1495.0,15248.0
25,Lleida,2025,5,2025M05,235.0,41.32,39.03,31.91,5897.0,1134.0,12845.0
25,Lleida,2025,6,2025M06,262.0,45.22,43.93,36.49,6696.0,1356.0,14615.0
25,Lleida,2025,7,2025M07,319.0,48.38,53.32,41.07,7940.0,1750.0,17340.0
25,Lleida,2025,8,2025M08,321.0,61.21,59.1,54.99,7953.0,1818.0,17380.0
25,Lleida,2025,9,2025M09,282.0,43.68,45.24,34.35,6735.0,1497.0,14537.0
25,Lleida,2025,10,2025M10,254.0,45.31,47.06,34.43,6033.0,1226.0,12944.0
25,Lleida,2025,11,2025M11,209.0,39.17,38.3,28.78,4832.0,1001.0,10122.0
25,Lleida,2025,12,2025M12,281.0,42.12,43.32,36.84,7716.0,1988.0,17150.0
26,"Rioja, La",2015,1,2015M01,121.0,33.47,38.44,28.23,2715.0,665.0,5136.0
26,"Rioja, La",2015,2,2015M02,131.0,38.88,47.43,32.11,2933.0,723.0,5551.0
26,"Rioja, La",2015,3,2015M03,135.0,45.77,62.31,39.57,3031.0,723.0,5737.0
26,"Rioja, La",2015,4,2015M04,144.0,52.94,63.6,46.51,3215.0,821.0,6089.0
26,"Rioja, La",2015,5,2015M05,148.0,58.32,66.55,49.37,3250.0,837.0,6160.0
26,"Rioja, La",2015,6,2015M06,149.0,54.12,64.91,46.57,3291.0,870.0,6236.0
26,"Rioja, La",2015,7,2015M07,139.0,51.92,60.86,46.69,3204.0,872.0,6102.0
26,"Rioja, La",2015,8,2015M08,146.0,62.24,65.95,61.68,3307.0,904.0,6289.0
26,"Rioja, La",2015,9,2015M09,148.0,67.26,72.27,58.94,3319.0,900.0,6298.0
26,"Rioja, La",2015,10,2015M10,147.0,58.95,68.34,51.41,3325.0,880.0,6282.0
26,"Rioja, La",2015,11,2015M11,153.0,48.23,59.68,40.94,3306.0,870.0,6251.0
26,"Rioja, La",2015,12,2015M12,131.0,40.83,41.66,36.6,2868.0,761.0,5399.0
26,"Rioja, La",2016,1,2016M01,123.0,35.78,42.59,29.95,2864.0,716.0,5405.0
26,"Rioja, La",2016,2,2016M02,135.0,42.81,56.22,35.74,3006.0,734.0,5683.0
26,"Rioja, La",2016,3,2016M03,147.0,50.15,65.65,44.39,3130.0,785.0,5926.0
26,"Rioja, La",2016,4,2016M04,152.0,48.36,58.2,39.74,3240.0,833.0,6148.0
26,"Rioja, La",2016,5,2016M05,155.0,57.41,65.91,47.52,3269.0,896.0,6203.0
26,"Rioja, La",2016,6,2016M06,150.0,51.83,61.26,43.97,3249.0,871.0,6170.0
26,"Rioja, La",2016,7,2016M07,153.0,56.75,65.11,51.96,3274.0,881.0,6228.0
26,"Rioja, La",2016,8,2016M08,160.0,65.53,73.47,63.06,3357.0,940.0,6373.0
26,"Rioja, La",2016,9,2016M09,160.0,64.04,69.93,55.96,3351.0,896.0,6363.0
26,"Rioja, La",2016,10,2016M10,156.0,62.63,73.67,54.77,3289.0,873.0,6247.0
26,"Rioja, La",2016,11,2016M11,152.0,47.13,61.21,38.1,3197.0,866.0,6068.0
26,"Rioja, La",2016,12,2016M12,136.0,42.63,45.15,38.74,3007.0,780.0,5683.0
26,"Rioja, La",2017,1,2017M01,126.0,33.86,37.2,27.23,2898.0,709.0,5531.0
26,"Rioja, La",2017,2,2017M02,139.0,41.62,52.82,33.54,3068.0,753.0,5866.0
26,"Rioja, La",2017,3,2017M03,143.0,47.75,58.22,38.54,3108.0,762.0,5947.0
26,"Rioja, La",2017,4,2017M04,154.0,56.75,67.94,50.46,3331.0,809.0,6381.0
26,"Rioja, La",2017,5,2017M05,156.0,55.74,61.43,45.13,3396.0,840.0,6505.0
26,"Rioja, La",2017,6,2017M06,154.0,56.57,62.53,47.99,3380.0,890.0,6482.0
26,"Rioja, La",2017,7,2017M07,158.0,54.07,62.14,48.18,3406.0,860.0,6557.0
26,"Rioja, La",2017,8,2017M08,157.0,65.19,72.06,62.91,3421.0,884.0,6583.0
26,"Rioja, La",2017,9,2017M09,152.0,66.77,68.0,58.07,3380.0,871.0,6500.0
26,"Rioja, La",2017,10,2017M10,151.0,56.74,70.42,48.64,3335.0,877.0,6398.0
26,"Rioja, La",2017,11,2017M11,150.0,48.78,61.99,39.74,3267.0,841.0,6264.0
26,"Rioja, La",2017,12,2017M12,140.0,41.02,47.42,36.31,3038.0,767.0,5811.0
26,"Rioja, La",2018,1,2018M01,129.0,31.68,33.82,24.84,2953.0,700.0,5641.0
26,"Rioja, La",2018,2,2018M02,140.0,39.77,48.38,31.69,3100.0,730.0,5929.0
26,"Rioja, La",2018,3,2018M03,146.0,46.97,57.8,39.84,3191.0,780.0,6106.0
26,"Rioja, La",2018,4,2018M04,153.0,51.3,57.21,43.1,3373.0,900.0,6478.0
26,"Rioja, La",2018,5,2018M05,152.0,56.19,58.2,45.38,3344.0,855.0,6429.0
26,"Rioja, La",2018,6,2018M06,152.0,55.91,56.38,46.22,3356.0,845.0,6454.0
26,"Rioja, La",2018,7,2018M07,153.0,51.61,60.12,45.44,3417.0,842.0,6565.0
26,"Rioja, La",2018,8,2018M08,162.0,61.05,65.77,57.92,3499.0,870.0,6716.0
26,"Rioja, La",2018,9,2018M09,152.0,63.88,67.26,55.47,3396.0,844.0,6517.0
26,"Rioja, La",2018,10,2018M10,156.0,56.93,67.2,48.27,3418.0,841.0,6561.0
26,"Rioja, La",2018,11,2018M11,150.0,52.51,61.62,43.51,3228.0,806.0,6185.0
26,"Rioja, La",2018,12,2018M12,130.0,40.31,50.86,35.49,2948.0,743.0,5643.0
26,"Rioja, La",2019,1,2019M01,128.0,32.56,32.03,25.78,2909.0,680.0,5561.0
26,"Rioja, La",2019,2,2019M02,141.0,38.67,47.58,31.43,3032.0,702.0,5824.0
26,"Rioja, La",2019,3,2019M03,143.0,46.23,54.6,38.93,3064.0,730.0,5888.0
26,"Rioja, La",2019,4,2019M04,156.0,52.82,56.49,45.75,3310.0,801.0,6399.0
26,"Rioja, La",2019,5,2019M05,156.0,57.27,59.13,47.44,3360.0,831.0,6495.0
26,"Rioja, La",2019,6,2019M06,154.0,54.93,61.21,45.85,3348.0,829.0,6473.0
26,"Rioja, La",2019,7,2019M07,159.0,50.12,59.23,43.88,3396.0,881.0,6571.0
26,"Rioja, La",2019,8,2019M08,158.0,62.98,63.99,59.88,3384.0,863.0,6550.0
26,"Rioja, La",2019,9,2019M09,152.0,65.62,70.44,55.29,3310.0,829.0,6404.0
26,"Rioja, La",2019,10,2019M10,150.0,59.42,68.74,49.54,3331.0,810.0,6445.0
26,"Rioja, La",2019,11,2019M11,143.0,49.51,58.94,40.69,3235.0,751.0,6247.0
26,"Rioja, La",2019,12,2019M12,130.0,39.2,49.4,33.49,2964.0,693.0,5714.0
26,"Rioja, La",2020,1,2020M01,121.0,32.9,34.6,26.37,2925.0,685.0,5644.0
26,"Rioja, La",2020,2,2020M02,126.0,47.28,55.5,38.27,3014.0,674.0,5852.0
26,"Rioja, La",2020,3,2020M03,88.0,20.57,24.08,15.97,2078.0,434.0,4108.0
26,"Rioja, La",2020,4,2020M04,0.0,0.0,0.0,0.0,0.0,0.0,0.0
26,"Rioja, La",2020,5,2020M05,18.0,15.14,1.65,8.89,380.0,50.0,708.0
26,"Rioja, La",2020,6,2020M06,61.0,19.88,10.48,14.29,1253.0,261.0,2368.0
26,"Rioja, La",2020,7,2020M07,123.0,35.66,38.7,30.43,2687.0,560.0,5190.0
26,"Rioja, La",2020,8,2020M08,131.0,41.43,45.48,39.0,2769.0,591.0,5344.0
26,"Rioja, La",2020,9,2020M09,123.0,29.92,30.38,23.71,2833.0,588.0,5480.0
26,"Rioja, La",2020,10,2020M10,122.0,23.46,19.07,17.68,2779.0,542.0,5382.0
26,"Rioja, La",2020,11,2020M11,83.0,17.12,5.59,10.24,1822.0,343.0,3558.0
26,"Rioja, La",2020,12,2020M12,90.0,15.51,7.95,10.02,1875.0,345.0,3659.0
26,"Rioja, La",2021,1,2021M01,82.0,12.57,5.25,7.8,1796.0,303.0,3482.0
26,"Rioja, La",2021,2,2021M02,78.0,16.74,5.48,10.31,1669.0,289.0,3200.0
26,"Rioja, La",2021,3,2021M03,97.0,22.62,12.84,14.28,2022.0,353.0,3927.0
26,"Rioja, La",2021,4,2021M04,100.0,20.05,10.83,13.37,2165.0,382.0,4184.0
26,"Rioja, La",2021,5,2021M05,116.0,27.82,29.62,21.0,2528.0,481.0,4910.0
26,"Rioja, La",2021,6,2021M06,127.0,33.88,39.09,27.43,2944.0,576.0,5689.0
26,"Rioja, La",2021,7,2021M07,140.0,43.97,52.41,39.09,3110.0,652.0,6045.0
26,"Rioja, La",2021,8,2021M08,147.0,65.38,71.78,62.0,3196.0,717.0,6212.0
26,"Rioja, La",2021,9,2021M09,144.0,53.64,62.63,46.2,3147.0,694.0,6109.0
26,"Rioja, La",2021,10,2021M10,144.0,56.1,60.63,48.93,3155.0,672.0,6126.0
26,"Rioja, La",2021,11,2021M11,130.0,45.4,54.76,36.1,3016.0,663.0,5848.0
26,"Rioja, La",2021,12,2021M12,122.0,34.1,33.09,29.54,2861.0,650.0,5534.0
26,"Rioja, La",2022,1,2022M01,118.0,23.07,27.42,18.5,2798.0,562.0,5396.0
26,"Rioja, La",2022,2,2022M02,132.0,35.38,46.17,28.82,2953.0,610.0,5708.0
26,"Rioja, La",2022,3,2022M03,149.0,37.52,49.0,29.65,3079.0,692.0,5991.0
26,"Rioja, La",2022,4,2022M04,156.0,51.25,58.71,44.93,3255.0,752.0,6335.0
26,"Rioja, La",2022,5,2022M05,154.0,53.67,58.98,43.18,3223.0,749.0,6272.0
26,"Rioja, La",2022,6,2022M06,159.0,52.31,59.86,42.78,3282.0,776.0,6394.0
26,"Rioja, La",2022,7,2022M07,158.0,51.21,56.21,44.69,3288.0,787.0,6381.0
26,"Rioja, La",2022,8,2022M08,158.0,64.1,69.3,60.41,3291.0,825.0,6387.0
26,"Rioja, La",2022,9,2022M09,154.0,61.43,63.87,51.45,3281.0,800.0,6367.0
26,"Rioja, La",2022,10,2022M10,157.0,56.53,62.43,48.1,3281.0,778.0,6366.0
26,"Rioja, La",2022,11,2022M11,149.0,44.54,54.42,36.03,3147.0,755.0,6107.0
26,"Rioja, La",2022,12,2022M12,136.0,36.73,36.65,32.49,2924.0,702.0,5653.0
26,"Rioja, La",2023,1,2023M01,105.0,31.87,37.2,25.83,2561.0,570.0,4970.0
26,"Rioja, La",2023,2,2023M02,126.0,43.55,48.78,34.16,2907.0,660.0,5705.0
26,"Rioja, La",2023,3,2023M03,135.0,45.78,53.46,36.36,2990.0,697.0,5874.0
26,"Rioja, La",2023,4,2023M04,146.0,56.77,62.12,48.62,3201.0,784.0,6314.0
26,"Rioja, La",2023,5,2023M05,154.0,55.61,56.7,44.73,3410.0,870.0,6720.0
26,"Rioja, La",2023,6,2023M06,154.0,56.4,56.56,45.86,3390.0,864.0,6674.0
26,"Rioja, La",2023,7,2023M07,157.0,53.85,52.12,45.15,3406.0,870.0,6721.0
26,"Rioja, La",2023,8,2023M08,156.0,62.6,62.45,57.01,3370.0,877.0,6656.0
26,"Rioja, La",2023,9,2023M09,157.0,61.69,60.27,51.45,3401.0,886.0,6713.0
26,"Rioja, La",2023,10,2023M10,152.0,56.1,64.04,46.35,3387.0,873.0,6691.0
26,"Rioja, La",2023,11,2023M11,147.0,45.13,52.23,35.58,3291.0,838.0,6487.0
26,"Rioja, La",2023,12,2023M12,129.0,38.12,41.76,33.46,3097.0,790.0,6086.0
26,"Rioja, La",2024,1,2024M01,114.0,30.5,30.98,24.53,2918.0,664.0,5696.0
26,"Rioja, La",2024,2,2024M02,133.0,38.24,44.3,31.85,3133.0,710.0,6117.0
26,"Rioja, La",2024,3,2024M03,158.0,44.1,50.68,37.75,3473.0,817.0,6835.0
26,"Rioja, La",2024,4,2024M04,163.0,52.07,54.39,41.7,3545.0,863.0,6993.0
26,"Rioja, La",2024,5,2024M05,164.0,55.56,57.11,46.08,3569.0,883.0,7045.0
26,"Rioja, La",2024,6,2024M06,158.0,54.46,56.26,44.36,3527.0,877.0,6964.0
26,"Rioja, La",2024,7,2024M07,162.0,50.32,55.42,43.13,3572.0,880.0,7056.0
26,"Rioja, La",2024,8,2024M08,152.0,63.06,63.73,57.8,3378.0,880.0,6711.0
26,"Rioja, La",2024,9,2024M09,158.0,60.79,58.81,50.79,3514.0,892.0,6958.0
26,"Rioja, La",2024,10,2024M10,154.0,58.99,63.91,47.64,3400.0,872.0,6770.0
26,"Rioja, La",2024,11,2024M11,146.0,49.57,57.56,40.02,3290.0,851.0,6519.0
26,"Rioja, La",2024,12,2024M12,143.0,36.85,47.74,31.14,3194.0,833.0,6320.0
26,"Rioja, La",2025,1,2025M01,121.0,33.88,39.99,27.23,2979.0,696.0,5817.0
26,"Rioja, La",2025,2,2025M02,130.0,41.87,53.75,33.4,3138.0,736.0,6161.0
26,"Rioja, La",2025,3,2025M03,142.0,44.56,56.88,36.32,3230.0,816.0,6374.0
26,"Rioja, La",2025,4,2025M04,145.0,54.9,61.96,45.72,3341.0,857.0,6624.0
26,"Rioja, La",2025,5,2025M05,157.0,61.71,66.28,51.07,3712.0,943.0,7302.0
26,"Rioja, La",2025,6,2025M06,155.0,58.55,64.22,48.45,3690.0,938.0,7262.0
26,"Rioja, La",2025,7,2025M07,156.0,55.19,62.12,47.73,3686.0,911.0,7257.0
26,"Rioja, La",2025,8,2025M08,153.0,69.48,69.31,63.97,3667.0,958.0,7222.0
26,"Rioja, La",2025,9,2025M09,152.0,69.0,67.2,57.69,3688.0,932.0,7258.0
26,"Rioja, La",2025,10,2025M10,148.0,64.46,71.22,54.05,3615.0,930.0,7132.0
26,"Rioja, La",2025,11,2025M11,141.0,51.25,60.27,42.36,3494.0,860.0,6907.0
26,"Rioja, La",2025,12,2025M12,123.0,41.82,53.59,36.54,3285.0,772.0,6451.0
27,Lugo,2015,1,2015M01,240.0,15.59,15.0,12.71,4209.0,622.0,7728.0
27,Lugo,2015,2,2015M02,233.0,18.57,19.55,14.88,4218.0,672.0,7838.0
27,Lugo,2015,3,2015M03,256.0,23.95,27.83,21.45,4564.0,750.0,8818.0
27,Lugo,2015,4,2015M04,314.0,29.51,29.77,25.01,4981.0,829.0,10125.0
27,Lugo,2015,5,2015M05,336.0,35.52,33.15,29.92,5127.0,900.0,10467.0
27,Lugo,2015,6,2015M06,347.0,36.74,37.19,31.74,5240.0,944.0,10723.0
27,Lugo,2015,7,2015M07,351.0,45.91,45.12,42.26,5357.0,1074.0,10942.0
27,Lugo,2015,8,2015M08,360.0,57.5,55.52,53.72,5438.0,1120.0,11076.0
27,Lugo,2015,9,2015M09,348.0,42.45,42.74,35.85,5238.0,1023.0,10750.0
27,Lugo,2015,10,2015M10,325.0,34.29,35.65,28.13,5077.0,948.0,10295.0
27,Lugo,2015,11,2015M11,261.0,24.11,23.37,19.27,4495.0,786.0,8659.0
27,Lugo,2015,12,2015M12,233.0,19.5,20.29,17.13,4088.0,711.0,7539.0
27,Lugo,2016,1,2016M01,228.0,19.46,21.5,15.63,3943.0,623.0,7191.0
27,Lugo,2016,2,2016M02,225.0,21.07,23.42,17.18,3996.0,653.0,7302.0
27,Lugo,2016,3,2016M03,266.0,29.41,32.01,24.91,4526.0,783.0,8816.0
27,Lugo,2016,4,2016M04,319.0,28.7,27.07,22.52,4907.0,823.0,9740.0
27,Lugo,2016,5,2016M05,334.0,38.09,37.02,32.96,5054.0,920.0,10128.0
27,Lugo,2016,6,2016M06,333.0,42.3,42.55,36.51,5160.0,923.0,10312.0
27,Lugo,2016,7,2016M07,352.0,43.94,45.42,42.48,5359.0,1051.0,10657.0
27,Lugo,2016,8,2016M08,350.0,55.97,57.91,53.79,5360.0,1080.0,10659.0
27,Lugo,2016,9,2016M09,338.0,44.26,40.26,39.06,5216.0,1049.0,10314.0
27,Lugo,2016,10,2016M10,305.0,38.96,38.62,33.64,4884.0,926.0,9651.0
27,Lugo,2016,11,2016M11,240.0,28.76,24.79,21.76,4268.0,777.0,8044.0
27,Lugo,2016,12,2016M12,236.0,22.1,21.68,20.29,4060.0,747.0,7498.0
27,Lugo,2017,1,2017M01,230.0,18.25,17.3,14.37,4075.0,646.0,7416.0
27,Lugo,2017,2,2017M02,231.0,21.77,22.38,16.97,4032.0,670.0,7522.0
27,Lugo,2017,3,2017M03,247.0,23.97,22.46,19.0,4312.0,749.0,8308.0
27,Lugo,2017,4,2017M04,335.0,36.62,38.25,32.67,4960.0,816.0,9825.0
27,Lugo,2017,5,2017M05,339.0,37.66,34.46,31.84,5009.0,935.0,9979.0
27,Lugo,2017,6,2017M06,344.0,42.19,42.79,36.31,5127.0,902.0,10206.0
27,Lugo,2017,7,2017M07,361.0,46.95,47.07,43.93,5302.0,1052.0,10535.0
27,Lugo,2017,8,2017M08,364.0,57.06,60.85,54.55,5312.0,1186.0,10554.0
27,Lugo,2017,9,2017M09,341.0,47.34,42.45,40.77,5041.0,1046.0,10044.0
27,Lugo,2017,10,2017M10,324.0,38.79,42.36,34.13,4976.0,970.0,9872.0
27,Lugo,2017,11,2017M11,252.0,28.42,28.42,24.0,4363.0,810.0,8074.0
27,Lugo,2017,12,2017M12,233.0,22.88,22.48,21.71,4025.0,774.0,7301.0
27,Lugo,2018,1,2018M01,220.0,21.54,20.94,16.51,3801.0,616.0,7101.0
27,Lugo,2018,2,2018M02,229.0,24.95,24.18,19.69,3939.0,727.0,7351.0
27,Lugo,2018,3,2018M03,262.0,30.0,32.26,27.58,4412.0,828.0,8350.0
27,Lugo,2018,4,2018M04,300.0,31.93,33.07,27.51,4873.0,903.0,8983.0
27,Lugo,2018,5,2018M05,298.0,38.72,38.61,35.95,4868.0,965.0,8960.0
27,Lugo,2018,6,2018M06,306.0,40.41,43.59,38.62,5021.0,1032.0,9242.0
27,Lugo,2018,7,2018M07,314.0,43.79,46.97,40.76,5139.0,1145.0,9457.0
27,Lugo,2018,8,2018M08,313.0,58.01,58.28,56.37,5146.0,1190.0,9466.0
27,Lugo,2018,9,2018M09,294.0,47.53,45.12,42.58,4961.0,1075.0,9158.0
27,Lugo,2018,10,2018M10,280.0,39.31,44.2,34.45,4746.0,993.0,8752.0
27,Lugo,2018,11,2018M11,250.0,30.71,30.47,25.96,4408.0,915.0,8118.0
27,Lugo,2018,12,2018M12,239.0,23.92,26.31,21.83,4249.0,875.0,7810.0
27,Lugo,2019,1,2019M01,217.0,22.38,18.69,17.39,3921.0,676.0,7257.0
27,Lugo,2019,2,2019M02,236.0,26.13,23.2,20.02,4157.0,741.0,7710.0
27,Lugo,2019,3,2019M03,256.0,27.64,29.21,22.35,4461.0,829.0,8286.0
27,Lugo,2019,4,2019M04,308.0,37.58,38.68,32.71,5063.0,951.0,9371.0
27,Lugo,2019,5,2019M05,315.0,42.36,39.64,35.59,5108.0,1036.0,9461.0
27,Lugo,2019,6,2019M06,321.0,44.64,45.37,39.58,5234.0,1060.0,9707.0
27,Lugo,2019,7,2019M07,324.0,47.57,49.21,44.37,5292.0,1155.0,9812.0
27,Lugo,2019,8,2019M08,321.0,62.55,62.5,61.22,5265.0,1232.0,9763.0
27,Lugo,2019,9,2019M09,315.0,49.09,49.01,43.19,5246.0,1171.0,9771.0
27,Lugo,2019,10,2019M10,310.0,41.26,42.36,35.26,5075.0,1058.0,9437.0
27,Lugo,2019,11,2019M11,251.0,30.26,30.0,27.32,4450.0,980.0,8297.0
27,Lugo,2019,12,2019M12,230.0,24.89,31.92,23.47,4175.0,856.0,7735.0
27,Lugo,2020,1,2020M01,216.0,21.25,19.63,16.81,3807.0,678.0,7065.0
27,Lugo,2020,2,2020M02,211.0,27.79,26.16,22.48,3903.0,755.0,7314.0
27,Lugo,2020,3,2020M03,214.0,15.46,11.1,11.25,3733.0,651.0,6966.0
27,Lugo,2020,4,2020M04,0.0,0.0,0.0,0.0,0.0,0.0,0.0
27,Lugo,2020,5,2020M05,33.0,10.25,2.01,5.98,534.0,52.0,965.0
27,Lugo,2020,6,2020M06,131.0,15.99,12.35,11.96,2450.0,383.0,4492.0
27,Lugo,2020,7,2020M07,245.0,24.82,25.06,21.91,4057.0,762.0,7495.0
27,Lugo,2020,8,2020M08,272.0,43.06,42.46,41.07,4460.0,918.0,8211.0
27,Lugo,2020,9,2020M09,266.0,25.43,24.1,21.61,4409.0,801.0,8159.0
27,Lugo,2020,10,2020M10,238.0,21.34,19.6,17.28,4033.0,678.0,7545.0
27,Lugo,2020,11,2020M11,211.0,13.63,5.62,8.77,3251.0,484.0,5915.0
27,Lugo,2020,12,2020M12,199.0,10.42,5.79,7.1,3178.0,421.0,5787.0
27,Lugo,2021,1,2021M01,182.0,10.54,4.46,6.79,3026.0,378.0,5538.0
27,Lugo,2021,2,2021M02,148.0,13.36,6.11,8.65,2532.0,285.0,4631.0
27,Lugo,2021,3,2021M03,205.0,15.74,10.71,11.29,3396.0,406.0,6272.0
27,Lugo,2021,4,2021M04,234.0,16.6,15.08,12.48,3634.0,441.0,6697.0
27,Lugo,2021,5,2021M05,249.0,23.01,22.04,18.15,3979.0,529.0,7373.0
27,Lugo,2021,6,2021M06,282.0,31.29,34.21,26.91,4618.0,802.0,8625.0
27,Lugo,2021,7,2021M07,302.0,48.82,48.19,46.35,5024.0,963.0,9341.0
27,Lugo,2021,8,2021M08,306.0,67.58,67.24,65.82,5054.0,1047.0,9403.0
27,Lugo,2021,9,2021M09,304.0,48.76,49.44,43.18,5073.0,970.0,9438.0
27,Lugo,2021,10,2021M10,275.0,42.06,40.44,36.63,4652.0,896.0,8719.0
27,Lugo,2021,11,2021M11,243.0,27.21,25.92,21.68,4224.0,765.0,7803.0
27,Lugo,2021,12,2021M12,214.0,21.36,19.64,17.61,3654.0,697.0,6831.0
27,Lugo,2022,1,2022M01,193.0,18.58,16.66,14.41,3545.0,606.0,6523.0
27,Lugo,2022,2,2022M02,197.0,25.44,26.35,20.48,3646.0,642.0,6763.0
27,Lugo,2022,3,2022M03,223.0,26.9,26.35,21.36,3990.0,729.0,7450.0
27,Lugo,2022,4,2022M04,280.0,38.29,42.23,34.3,4558.0,893.0,8560.0
27,Lugo,2022,5,2022M05,290.0,42.56,40.74,36.22,4696.0,909.0,8835.0
27,Lugo,2022,6,2022M06,299.0,46.12,47.06,39.91,4919.0,970.0,9249.0
27,Lugo,2022,7,2022M07,318.0,53.13,51.56,48.8,5171.0,1110.0,9736.0
27,Lugo,2022,8,2022M08,333.0,64.93,65.77,61.24,5300.0,1192.0,9941.0
27,Lugo,2022,9,2022M09,331.0,51.47,49.6,45.25,5402.0,1142.0,10168.0
27,Lugo,2022,10,2022M10,306.0,41.27,41.68,34.96,5071.0,1018.0,9525.0
27,Lugo,2022,11,2022M11,241.0,29.3,28.2,22.68,4158.0,854.0,7795.0
27,Lugo,2022,12,2022M12,213.0,23.73,20.64,19.63,3752.0,706.0,7070.0
27,Lugo,2023,1,2023M01,199.0,22.92,21.63,17.81,3503.0,630.0,6530.0
27,Lugo,2023,2,2023M02,213.0,26.1,28.73,20.7,3758.0,669.0,7020.0
27,Lugo,2023,3,2023M03,237.0,29.52,31.28,23.73,4140.0,809.0,7797.0
27,Lugo,2023,4,2023M04,314.0,41.3,40.16,35.97,5015.0,954.0,9420.0
27,Lugo,2023,5,2023M05,335.0,43.6,41.27,36.44,5199.0,1071.0,9782.0
27,Lugo,2023,6,2023M06,345.0,45.88,47.19,39.76,5440.0,1140.0,10224.0
27,Lugo,2023,7,2023M07,349.0,48.22,47.85,44.54,5541.0,1218.0,10466.0
27,Lugo,2023,8,2023M08,355.0,61.95,63.2,59.15,5607.0,1258.0,10599.0
27,Lugo,2023,9,2023M09,338.0,52.56,49.21,45.51,5464.0,1188.0,10263.0
27,Lugo,2023,10,2023M10,314.0,43.34,44.25,37.11,5151.0,1095.0,9645.0
27,Lugo,2023,11,2023M11,245.0,28.16,27.86,22.59,4290.0,961.0,7981.0
27,Lugo,2023,12,2023M12,211.0,24.58,24.78,21.49,3937.0,840.0,7398.0
27,Lugo,2024,1,2024M01,205.0,22.04,20.52,16.45,3676.0,674.0,6916.0
27,Lugo,2024,2,2024M02,220.0,26.84,25.66,20.8,3933.0,737.0,7359.0
27,Lugo,2024,3,2024M03,267.0,32.14,32.7,27.63,4458.0,866.0,8481.0
27,Lugo,2024,4,2024M04,312.0,38.41,36.8,32.46,5058.0,965.0,9580.0
27,Lugo,2024,5,2024M05,327.0,49.21,46.8,41.72,5170.0,1043.0,9806.0
27,Lugo,2024,6,2024M06,328.0,49.46,48.88,42.77,5259.0,1088.0,9929.0
27,Lugo,2024,7,2024M07,343.0,51.77,49.64,47.6,5479.0,1215.0,10420.0
27,Lugo,2024,8,2024M08,360.0,66.78,60.32,62.8,5776.0,1311.0,11001.0
27,Lugo,2024,9,2024M09,335.0,57.26,50.96,49.44,5418.0,1186.0,10251.0
27,Lugo,2024,10,2024M10,323.0,46.36,48.23,39.19,5281.0,1127.0,9998.0
27,Lugo,2024,11,2024M11,252.0,33.8,32.48,27.37,4480.0,941.0,8453.0
27,Lugo,2024,12,2024M12,204.0,25.35,30.51,21.4,3868.0,884.0,7349.0
27,Lugo,2025,1,2025M01,208.0,23.64,22.77,18.64,3673.0,704.0,7007.0
27,Lugo,2025,2,2025M02,226.0,26.02,26.37,20.67,3987.0,732.0,7544.0
27,Lugo,2025,3,2025M03,258.0,28.7,28.15,23.12,4598.0,897.0,8777.0
27,Lugo,2025,4,2025M04,335.0,44.34,44.29,38.81,5393.0,1030.0,10327.0
27,Lugo,2025,5,2025M05,345.0,52.69,49.38,43.88,5510.0,1116.0,10566.0
27,Lugo,2025,6,2025M06,350.0,55.48,54.53,47.82,5649.0,1180.0,10791.0
27,Lugo,2025,7,2025M07,357.0,54.71,54.42,49.35,5802.0,1337.0,11109.0
27,Lugo,2025,8,2025M08,358.0,67.48,63.59,62.84,5778.0,1291.0,11080.0
27,Lugo,2025,9,2025M09,352.0,61.51,57.81,52.61,5634.0,1241.0,10744.0
27,Lugo,2025,10,2025M10,321.0,51.13,48.88,42.41,5212.0,1085.0,9949.0
27,Lugo,2025,11,2025M11,256.0,33.65,32.56,27.0,4428.0,926.0,8433.0
27,Lugo,2025,12,2025M12,208.0,30.01,29.72,24.62,3759.0,845.0,7204.0
28,Madrid,2015,1,2015M01,1132.0,53.04,51.34,43.66,55038.0,13032.0,106628.0
28,Madrid,2015,2,2015M02,1107.0,58.89,59.21,47.36,54865.0,13250.0,106391.0
28,Madrid,2015,3,2015M03,1130.0,63.81,60.89,52.01,55099.0,13262.0,106677.0
28,Madrid,2015,4,2015M04,1130.0,70.16,71.92,59.3,55224.0,13480.0,107021.0
28,Madrid,2015,5,2015M05,1118.0,75.7,74.17,63.52,54653.0,13309.0,105956.0
28,Madrid,2015,6,2015M06,1104.0,71.33,67.1,58.99,54485.0,13413.0,105805.0
28,Madrid,2015,7,2015M07,1068.0,63.1,60.83,56.04,53345.0,13095.0,103776.0
28,Madrid,2015,8,2015M08,999.0,55.73,57.51,53.78,52311.0,12638.0,101816.0
28,Madrid,2015,9,2015M09,1096.0,76.41,73.02,63.72,53949.0,13224.0,104819.0
28,Madrid,2015,10,2015M10,1117.0,80.61,72.44,65.6,54695.0,13389.0,106114.0
28,Madrid,2015,11,2015M11,1093.0,68.38,64.7,54.7,54297.0,13440.0,105474.0
28,Madrid,2015,12,2015M12,1086.0,58.94,57.39,51.45,54125.0,13219.0,105152.0
28,Madrid,2016,1,2016M01,1071.0,55.73,51.94,46.29,54364.0,13342.0,105659.0
28,Madrid,2016,2,2016M02,1087.0,65.18,64.75,52.92,54391.0,13561.0,105701.0
28,Madrid,2016,3,2016M03,1080.0,67.08,65.94,55.8,54210.0,13577.0,105479.0
28,Madrid,2016,4,2016M04,1107.0,72.33,63.46,57.94,54512.0,13620.0,105833.0
28,Madrid,2016,5,2016M05,1107.0,75.75,70.98,60.9,54487.0,13913.0,105784.0
28,Madrid,2016,6,2016M06,1092.0,75.7,68.55,60.47,54340.0,13654.0,105524.0
28,Madrid,2016,7,2016M07,1060.0,64.79,61.73,57.77,53569.0,13600.0,104450.0
28,Madrid,2016,8,2016M08,998.0,58.18,60.33,55.61,52994.0,13542.0,103384.0
28,Madrid,2016,9,2016M09,1069.0,77.99,71.93,64.51,54108.0,13635.0,105313.0
28,Madrid,2016,10,2016M10,1088.0,77.67,72.64,64.1,54570.0,13761.0,106203.0
28,Madrid,2016,11,2016M11,1091.0,69.0,66.11,54.4,54762.0,13731.0,106619.0
28,Madrid,2016,12,2016M12,1085.0,60.85,59.62,53.33,54611.0,13675.0,106315.0
28,Madrid,2017,1,2017M01,1128.0,61.49,56.8,50.64,55093.0,14343.0,107089.0
28,Madrid,2017,2,2017M02,1115.0,69.63,66.51,55.9,55173.0,14471.0,107312.0
28,Madrid,2017,3,2017M03,1138.0,70.85,64.22,56.28,55547.0,14452.0,107940.0
28,Madrid,2017,4,2017M04,1122.0,75.82,74.06,65.6,55918.0,14241.0,108579.0
28,Madrid,2017,5,2017M05,1125.0,77.55,72.4,63.6,56065.0,14532.0,108875.0
28,Madrid,2017,6,2017M06,1125.0,79.49,71.17,65.22,56022.0,14464.0,108807.0
28,Madrid,2017,7,2017M07,1064.0,69.84,66.13,61.54,54795.0,13967.0,107102.0
28,Madrid,2017,8,2017M08,973.0,63.03,62.03,60.19,52826.0,13518.0,103717.0
28,Madrid,2017,9,2017M09,1078.0,80.02,70.13,65.09,55261.0,14089.0,107828.0
28,Madrid,2017,10,2017M10,1085.0,79.32,72.92,64.65,55396.0,14205.0,107994.0
28,Madrid,2017,11,2017M11,1105.0,75.84,70.38,59.51,55373.0,14153.0,107865.0
28,Madrid,2017,12,2017M12,1107.0,64.8,66.95,57.55,55162.0,14173.0,107434.0
28,Madrid,2018,1,2018M01,1035.0,64.45,56.99,51.9,55177.0,13892.0,107823.0
28,Madrid,2018,2,2018M02,1031.0,71.7,66.5,56.79,55334.0,14017.0,108135.0
28,Madrid,2018,3,2018M03,1044.0,71.33,68.21,58.77,55769.0,13969.0,108909.0
28,Madrid,2018,4,2018M04,1041.0,77.25,69.51,62.57,55966.0,13936.0,109787.0
28,Madrid,2018,5,2018M05,1048.0,78.05,74.08,63.46,56207.0,13933.0,110272.0
28,Madrid,2018,6,2018M06,1177.0,78.41,70.76,63.73,57976.0,14287.0,113345.0
28,Madrid,2018,7,2018M07,1111.0,70.04,64.6,59.77,57532.0,14183.0,112634.0
28,Madrid,2018,8,2018M08,1032.0,59.83,57.97,55.08,56447.0,13766.0,110734.0
28,Madrid,2018,9,2018M09,1113.0,79.5,72.13,64.25,57497.0,14170.0,112607.0
28,Madrid,2018,10,2018M10,1137.0,82.14,75.36,64.92,57671.0,14313.0,112878.0
28,Madrid,2018,11,2018M11,1128.0,77.44,71.79,60.94,57590.0,14183.0,112733.0
28,Madrid,2018,12,2018M12,1118.0,65.84,67.26,56.87,57388.0,14322.0,112170.0
28,Madrid,2019,1,2019M01,1160.0,63.25,55.17,50.52,57616.0,13913.0,112405.0
28,Madrid,2019,2,2019M02,1177.0,71.16,62.75,55.5,57790.0,14076.0,112692.0
28,Madrid,2019,3,2019M03,1246.0,74.79,71.18,60.12,59487.0,14693.0,115915.0
28,Madrid,2019,4,2019M04,1220.0,74.21,72.04,62.36,59383.0,14813.0,115799.0
28,Madrid,2019,5,2019M05,1211.0,79.76,74.55,64.83,59371.0,14994.0,115781.0
28,Madrid,2019,6,2019M06,1197.0,82.27,74.36,66.8,59077.0,14769.0,114960.0
28,Madrid,2019,7,2019M07,1145.0,72.96,69.91,63.49,58606.0,14816.0,114151.0
28,Madrid,2019,8,2019M08,1021.0,61.69,62.98,58.09,56603.0,14434.0,110710.0
28,Madrid,2019,9,2019M09,1196.0,80.73,72.68,65.42,58961.0,14979.0,114861.0
28,Madrid,2019,10,2019M10,1196.0,81.63,75.23,65.42,59248.0,15127.0,115419.0
28,Madrid,2019,11,2019M11,1190.0,76.97,69.75,60.93,59400.0,15094.0,115747.0
28,Madrid,2019,12,2019M12,1161.0,66.72,68.11,56.51,58218.0,15117.0,113524.0
28,Madrid,2020,1,2020M01,1223.0,64.66,57.82,52.17,59208.0,14571.0,115468.0
28,Madrid,2020,2,2020M02,1232.0,69.56,64.33,54.98,59609.0,14940.0,116179.0
28,Madrid,2020,3,2020M03,984.0,36.37,29.55,29.07,44803.0,9787.0,87375.0
28,Madrid,2020,4,2020M04,0.0,0.0,0.0,0.0,0.0,0.0,0.0
28,Madrid,2020,5,2020M05,99.0,27.65,16.12,18.79,3932.0,443.0,7277.0
28,Madrid,2020,6,2020M06,484.0,32.27,27.07,25.75,16780.0,2162.0,32319.0
28,Madrid,2020,7,2020M07,699.0,37.76,31.02,30.69,25352.0,3544.0,48616.0
28,Madrid,2020,8,2020M08,631.0,32.12,28.21,26.49,26541.0,3774.0,51483.0
28,Madrid,2020,9,2020M09,801.0,28.88,24.42,22.1,35770.0,5360.0,69667.0
28,Madrid,2020,10,2020M10,813.0,23.3,18.92,17.32,36778.0,5642.0,71464.0
28,Madrid,2020,11,2020M11,766.0,27.48,22.7,20.27,34363.0,5282.0,66790.0
28,Madrid,2020,12,2020M12,747.0,29.87,26.47,22.95,34003.0,5376.0,66187.0
28,Madrid,2021,1,2021M01,738.0,28.37,23.86,20.85,33947.0,5182.0,66269.0
28,Madrid,2021,2,2021M02,730.0,31.42,29.43,23.9,35440.0,5742.0,69312.0
28,Madrid,2021,3,2021M03,766.0,33.56,30.87,25.34,37800.0,5903.0,74007.0
28,Madrid,2021,4,2021M04,815.0,32.07,27.51,23.4,40719.0,6899.0,79676.0
28,Madrid,2021,5,2021M05,853.0,39.38,40.51,30.26,43666.0,7400.0,86177.0
28,Madrid,2021,6,2021M06,922.0,43.08,45.76,33.72,47713.0,8218.0,94177.0
28,Madrid,2021,7,2021M07,896.0,46.21,44.98,38.05,47908.0,8774.0,94763.0
28,Madrid,2021,8,2021M08,827.0,44.42,44.84,39.09,47494.0,9182.0,94250.0
28,Madrid,2021,9,2021M09,947.0,57.86,59.43,46.91,52110.0,10507.0,102878.0
28,Madrid,2021,10,2021M10,997.0,66.2,65.84,54.49,55037.0,11787.0,108692.0
28,Madrid,2021,11,2021M11,1052.0,62.34,64.13,49.41,56273.0,12638.0,110792.0
28,Madrid,2021,12,2021M12,1023.0,52.45,53.52,46.07,56265.0,12527.0,110768.0
28,Madrid,2022,1,2022M01,1031.0,42.0,43.38,34.63,55969.0,12193.0,110750.0
28,Madrid,2022,2,2022M02,1041.0,55.73,61.52,46.01,56060.0,12714.0,110887.0
28,Madrid,2022,3,2022M03,1074.0,62.35,62.39,49.27,56657.0,12507.0,111980.0
28,Madrid,2022,4,2022M04,1109.0,68.06,66.76,58.28,57573.0,13077.0,113698.0
28,Madrid,2022,5,2022M05,1108.0,72.91,69.85,58.07,57273.0,13563.0,113222.0
28,Madrid,2022,6,2022M06,1099.0,74.92,68.56,59.38,57081.0,13987.0,112840.0
28,Madrid,2022,7,2022M07,1058.0,62.95,58.24,54.41,56944.0,13540.0,112853.0
28,Madrid,2022,8,2022M08,942.0,55.14,53.65,49.77,54812.0,13262.0,108972.0
28,Madrid,2022,9,2022M09,1079.0,75.15,66.83,59.84,57713.0,13944.0,114168.0
28,Madrid,2022,10,2022M10,1087.0,78.07,70.94,62.51,57872.0,14171.0,114654.0
28,Madrid,2022,11,2022M11,1101.0,71.25,66.43,54.57,59030.0,14317.0,117146.0
28,Madrid,2022,12,2022M12,1072.0,60.68,57.68,52.49,58333.0,14290.0,115759.0
28,Madrid,2023,1,2023M01,1127.0,59.04,53.23,47.59,58906.0,14339.0,116811.0
28,Madrid,2023,2,2023M02,1146.0,65.1,62.63,51.63,59060.0,14436.0,117058.0
28,Madrid,2023,3,2023M03,1133.0,71.36,66.37,55.66,59079.0,14477.0,117150.0
28,Madrid,2023,4,2023M04,1141.0,74.97,71.36,63.1,59167.0,14662.0,117278.0
28,Madrid,2023,5,2023M05,1141.0,75.84,69.55,60.59,59185.0,14536.0,117311.0
28,Madrid,2023,6,2023M06,1156.0,78.4,70.49,62.85,59304.0,14829.0,117489.0
28,Madrid,2023,7,2023M07,1101.0,67.62,64.52,58.02,60790.0,15043.0,120217.0
28,Madrid,2023,8,2023M08,1029.0,59.18,56.44,53.43,59639.0,14878.0,118365.0
28,Madrid,2023,9,2023M09,1177.0,78.67,68.96,62.85,61223.0,15162.0,120871.0
28,Madrid,2023,10,2023M10,1174.0,80.04,69.68,61.79,61115.0,15151.0,120704.0
28,Madrid,2023,11,2023M11,1179.0,76.76,68.24,59.0,60418.0,15063.0,119362.0
28,Madrid,2023,12,2023M12,1169.0,66.04,63.07,56.78,60455.0,15013.0,119347.0
28,Madrid,2024,1,2024M01,1167.0,61.03,50.8,47.65,61283.0,15113.0,121982.0
28,Madrid,2024,2,2024M02,1199.0,69.04,62.06,53.68,61475.0,15216.0,122286.0
28,Madrid,2024,3,2024M03,1184.0,72.53,65.14,58.92,61594.0,15454.0,122534.0
28,Madrid,2024,4,2024M04,1204.0,76.87,69.23,61.4,62177.0,15651.0,123637.0
28,Madrid,2024,5,2024M05,1230.0,78.87,71.37,63.89,62527.0,15998.0,124357.0
28,Madrid,2024,6,2024M06,1219.0,78.5,69.71,62.44,62260.0,16069.0,123836.0
28,Madrid,2024,7,2024M07,1191.0,69.74,67.21,59.87,62090.0,15719.0,123264.0
28,Madrid,2024,8,2024M08,1061.0,59.69,56.68,53.84,60402.0,15344.0,120313.0
28,Madrid,2024,9,2024M09,1251.0,77.92,69.36,61.53,63079.0,15936.0,124915.0
28,Madrid,2024,10,2024M10,1227.0,82.22,73.63,64.74,62856.0,16119.0,124416.0
28,Madrid,2024,11,2024M11,1236.0,77.6,69.11,60.83,62529.0,15754.0,123718.0
28,Madrid,2024,12,2024M12,1179.0,65.57,66.58,56.16,62047.0,15654.0,122931.0
28,Madrid,2025,1,2025M01,1142.0,62.56,55.84,50.63,61195.0,16192.0,121616.0
28,Madrid,2025,2,2025M02,1157.0,69.02,64.81,55.28,61316.0,16484.0,121871.0
28,Madrid,2025,3,2025M03,1170.0,72.02,65.78,57.98,61377.0,16714.0,122075.0
28,Madrid,2025,4,2025M04,1193.0,77.23,71.17,64.84,62795.0,16914.0,125157.0
28,Madrid,2025,5,2025M05,1179.0,80.2,71.7,64.92,62745.0,17022.0,125074.0
28,Madrid,2025,6,2025M06,1184.0,77.61,71.47,63.65,62714.0,16909.0,125014.0
28,Madrid,2025,7,2025M07,1146.0,69.0,64.08,59.53,62445.0,16790.0,124439.0
28,Madrid,2025,8,2025M08,1084.0,62.77,57.48,55.26,61102.0,16644.0,121916.0
28,Madrid,2025,9,2025M09,1196.0,79.2,70.81,63.39,62453.0,16798.0,124615.0
28,Madrid,2025,10,2025M10,1196.0,83.32,73.78,66.62,62339.0,16610.0,124447.0
28,Madrid,2025,11,2025M11,1208.0,79.39,72.16,62.53,62546.0,16912.0,125106.0
28,Madrid,2025,12,2025M12,1211.0,68.11,68.52,58.34,62559.0,16870.0,125060.0
29,Málaga,2015,1,2015M01,434.0,47.95,43.05,39.17,26704.0,7403.0,57735.0
29,Málaga,2015,2,2015M02,489.0,54.98,55.0,46.96,30078.0,7997.0,64709.0
29,Málaga,2015,3,2015M03,538.0,58.47,53.02,49.24,34402.0,9301.0,74588.0
29,Málaga,2015,4,2015M04,597.0,64.22,62.32,56.45,40861.0,11613.0,89824.0
29,Málaga,2015,5,2015M05,609.0,69.82,69.69,61.5,42781.0,12903.0,94182.0
29,Málaga,2015,6,2015M06,616.0,76.62,76.05,68.16,43306.0,13968.0,95505.0
29,Málaga,2015,7,2015M07,632.0,78.61,79.21,75.15,43984.0,14649.0,97111.0
29,Málaga,2015,8,2015M08,637.0,85.62,82.73,81.45,44071.0,15259.0,97290.0
29,Málaga,2015,9,2015M09,642.0,82.46,77.47,72.38,43997.0,14566.0,97012.0
29,Málaga,2015,10,2015M10,603.0,72.47,64.98,63.04,42395.0,12994.0,93349.0
29,Málaga,2015,11,2015M11,486.0,57.22,51.07,47.06,28471.0,8628.0,61303.0
29,Málaga,2015,12,2015M12,452.0,49.74,45.04,43.08,26002.0,8015.0,55988.0
29,Málaga,2016,1,2016M01,434.0,52.13,48.93,42.97,26510.0,7682.0,57483.0
29,Málaga,2016,2,2016M02,466.0,60.52,59.17,50.22,30481.0,8580.0,65786.0
29,Málaga,2016,3,2016M03,567.0,63.75,58.17,54.63,36340.0,10752.0,79496.0
29,Málaga,2016,4,2016M04,623.0,68.98,65.01,58.49,41699.0,12582.0,92669.0
29,Málaga,2016,5,2016M05,630.0,74.4,69.15,63.39,43968.0,13871.0,97678.0
29,Málaga,2016,6,2016M06,643.0,79.48,74.22,69.05,44397.0,14851.0,98492.0
29,Málaga,2016,7,2016M07,643.0,83.05,78.79,77.23,44286.0,15758.0,98316.0
29,Málaga,2016,8,2016M08,647.0,86.72,83.6,81.52,44698.0,16333.0,99255.0
29,Málaga,2016,9,2016M09,646.0,85.17,76.58,73.44,44468.0,15352.0,98897.0
29,Málaga,2016,10,2016M10,624.0,78.04,69.06,67.41,42987.0,13945.0,95148.0
29,Málaga,2016,11,2016M11,480.0,65.05,58.03,52.63,28457.0,9098.0,62215.0
29,Málaga,2016,12,2016M12,427.0,52.41,47.48,43.94,25643.0,7977.0,55912.0
29,Málaga,2017,1,2017M01,436.0,52.46,45.73,41.9,25736.0,7469.0,56513.0
29,Málaga,2017,2,2017M02,453.0,60.57,54.39,49.55,29749.0,8822.0,65871.0
29,Málaga,2017,3,2017M03,545.0,65.91,57.66,53.21,35003.0,10612.0,77342.0
29,Málaga,2017,4,2017M04,598.0,74.09,69.76,64.84,41896.0,13691.0,93232.0
29,Málaga,2017,5,2017M05,615.0,75.8,69.52,64.23,43526.0,14874.0,97059.0
29,Málaga,2017,6,2017M06,601.0,81.79,75.76,71.74,43975.0,16021.0,97707.0
29,Málaga,2017,7,2017M07,614.0,82.63,80.68,76.58,44420.0,16607.0,98662.0
29,Málaga,2017,8,2017M08,619.0,85.92,82.32,80.09,44466.0,17305.0,98718.0
29,Málaga,2017,9,2017M09,636.0,85.77,77.1,73.54,44551.0,16566.0,98756.0
29,Málaga,2017,10,2017M10,601.0,77.85,71.18,66.36,43216.0,14980.0,95571.0
29,Málaga,2017,11,2017M11,486.0,63.41,58.37,50.66,29033.0,9842.0,63523.0
29,Málaga,2017,12,2017M12,455.0,52.39,49.25,43.65,26341.0,8416.0,57169.0
29,Málaga,2018,1,2018M01,410.0,54.56,46.13,43.57,26286.0,7939.0,58029.0
29,Málaga,2018,2,2018M02,432.0,59.65,55.61,48.78,30632.0,9346.0,67693.0
29,Málaga,2018,3,2018M03,546.0,65.05,58.4,54.39,37530.0,11864.0,83504.0
29,Málaga,2018,4,2018M04,600.0,70.07,65.74,59.56,42242.0,13791.0,94874.0
29,Málaga,2018,5,2018M05,617.0,74.76,69.88,64.02,43720.0,15468.0,97818.0
29,Málaga,2018,6,2018M06,617.0,80.46,76.02,70.87,43969.0,16273.0,98392.0
29,Málaga,2018,7,2018M07,614.0,80.25,78.28,74.8,44567.0,16981.0,99438.0
29,Málaga,2018,8,2018M08,622.0,85.84,81.12,78.75,44967.0,17445.0,100397.0
29,Málaga,2018,9,2018M09,622.0,82.45,73.86,70.61,44974.0,16689.0,100369.0
29,Málaga,2018,10,2018M10,585.0,74.7,70.06,61.78,43808.0,15071.0,97699.0
29,Málaga,2018,11,2018M11,470.0,61.43,56.1,49.46,29723.0,9945.0,64861.0
29,Málaga,2018,12,2018M12,415.0,53.65,49.97,43.98,25772.0,8499.0,56612.0
29,Málaga,2019,1,2019M01,427.0,54.95,48.9,44.39,26426.0,8629.0,57778.0
29,Málaga,2019,2,2019M02,475.0,59.68,54.03,48.0,32164.0,9943.0,70326.0
29,Málaga,2019,3,2019M03,524.0,67.31,60.75,54.28,37026.0,11888.0,81450.0
29,Málaga,2019,4,2019M04,577.0,72.31,68.45,62.46,41914.0,14296.0,93619.0
29,Málaga,2019,5,2019M05,595.0,76.37,71.14,64.47,43865.0,15763.0,97832.0
29,Málaga,2019,6,2019M06,597.0,81.3,78.21,70.6,44636.0,17034.0,99342.0
29,Málaga,2019,7,2019M07,608.0,81.67,79.95,76.0,45343.0,18210.0,101143.0
29,Málaga,2019,8,2019M08,617.0,87.87,81.6,81.8,45602.0,18921.0,101757.0
29,Málaga,2019,9,2019M09,622.0,84.57,75.93,72.08,45561.0,17826.0,101645.0
29,Málaga,2019,10,2019M10,580.0,75.97,69.26,63.35,43837.0,16153.0,98354.0
29,Málaga,2019,11,2019M11,511.0,61.4,54.54,49.7,31788.0,10850.0,68704.0
29,Málaga,2019,12,2019M12,448.0,53.3,52.95,44.92,27332.0,9305.0,59649.0
29,Málaga,2020,1,2020M01,429.0,54.42,50.55,45.28,28184.0,9440.0,61780.0
29,Málaga,2020,2,2020M02,459.0,63.16,62.51,53.6,33336.0,10382.0,73221.0
29,Málaga,2020,3,2020M03,373.0,38.89,32.35,32.57,27322.0,7526.0,59890.0
29,Málaga,2020,4,2020M04,0.0,0.0,0.0,0.0,0.0,0.0,0.0
29,Málaga,2020,5,2020M05,22.0,22.13,11.14,13.71,448.0,62.0,891.0
29,Málaga,2020,6,2020M06,146.0,18.43,22.69,14.37,7811.0,1634.0,16793.0
29,Málaga,2020,7,2020M07,434.0,36.08,39.21,33.51,31150.0,8463.0,68774.0
29,Málaga,2020,8,2020M08,482.0,46.36,46.47,43.83,35585.0,10103.0,79530.0
29,Málaga,2020,9,2020M09,436.0,26.89,28.31,22.64,28384.0,7392.0,62457.0
29,Málaga,2020,10,2020M10,370.0,23.33,23.52,19.08,19250.0,4333.0,41295.0
29,Málaga,2020,11,2020M11,257.0,14.06,9.21,9.44,12862.0,2891.0,28064.0
29,Málaga,2020,12,2020M12,215.0,14.79,12.32,10.68,11738.0,2600.0,25831.0
29,Málaga,2021,1,2021M01,237.0,15.84,12.53,11.01,11699.0,2615.0,26040.0
29,Málaga,2021,2,2021M02,237.0,16.53,12.12,11.48,11004.0,2011.0,24136.0
29,Málaga,2021,3,2021M03,299.0,21.84,17.33,15.05,12776.0,2686.0,28369.0
29,Málaga,2021,4,2021M04,302.0,25.14,23.17,18.78,12853.0,3068.0,28041.0
29,Málaga,2021,5,2021M05,353.0,37.84,43.93,31.6,18151.0,5258.0,39755.0
29,Málaga,2021,6,2021M06,440.0,44.7,56.37,39.68,33915.0,10454.0,75481.0
29,Málaga,2021,7,2021M07,499.0,63.95,64.73,60.75,43045.0,14222.0,96466.0
29,Málaga,2021,8,2021M08,531.0,78.71,78.48,74.75,43851.0,16136.0,97985.0
29,Málaga,2021,9,2021M09,544.0,67.94,66.37,58.53,43829.0,14998.0,97631.0
29,Málaga,2021,10,2021M10,514.0,65.77,60.35,57.03,39620.0,13566.0,87253.0
29,Málaga,2021,11,2021M11,448.0,52.25,50.01,42.5,29560.0,9790.0,64070.0
29,Málaga,2021,12,2021M12,408.0,41.89,41.62,35.62,24481.0,7769.0,53216.0
29,Málaga,2022,1,2022M01,394.0,35.89,34.39,28.81,24811.0,7270.0,54378.0
29,Málaga,2022,2,2022M02,444.0,53.61,53.1,44.26,28653.0,8213.0,62609.0
29,Málaga,2022,3,2022M03,516.0,59.35,54.34,47.6,35089.0,10971.0,77472.0
29,Málaga,2022,4,2022M04,587.0,70.75,67.05,62.28,42319.0,14506.0,94453.0
29,Málaga,2022,5,2022M05,599.0,76.37,70.88,64.79,44485.0,16449.0,98995.0
29,Málaga,2022,6,2022M06,623.0,79.62,76.61,69.42,45080.0,17349.0,100324.0
29,Málaga,2022,7,2022M07,640.0,81.25,77.69,75.99,45906.0,18404.0,102002.0
29,Málaga,2022,8,2022M08,645.0,85.14,81.22,78.86,46021.0,18897.0,102334.0
29,Málaga,2022,9,2022M09,643.0,81.09,73.69,69.15,45924.0,17915.0,102048.0
29,Málaga,2022,10,2022M10,589.0,75.63,68.68,64.25,42584.0,16215.0,94353.0
29,Málaga,2022,11,2022M11,487.0,61.23,55.89,47.82,30007.0,11186.0,65936.0
29,Málaga,2022,12,2022M12,472.0,52.67,49.72,43.01,26472.0,9077.0,58006.0
29,Málaga,2023,1,2023M01,513.0,52.17,48.28,41.53,26735.0,8608.0,58699.0
29,Málaga,2023,2,2023M02,529.0,61.7,56.63,49.5,30136.0,9453.0,66362.0
29,Málaga,2023,3,2023M03,643.0,67.07,58.53,52.89,37069.0,12612.0,82948.0
29,Málaga,2023,4,2023M04,638.0,77.75,71.27,66.67,42370.0,15738.0,95879.0
29,Málaga,2023,5,2023M05,703.0,79.15,71.25,66.58,45386.0,17674.0,102292.0
29,Málaga,2023,6,2023M06,709.0,79.08,73.96,68.44,46515.0,18081.0,104759.0
29,Málaga,2023,7,2023M07,680.0,80.71,77.38,74.76,47137.0,18813.0,105530.0
29,Málaga,2023,8,2023M08,702.0,86.18,81.7,79.85,47473.0,19312.0,106328.0
29,Málaga,2023,9,2023M09,706.0,83.62,73.21,70.71,47322.0,18800.0,106047.0
29,Málaga,2023,10,2023M10,688.0,79.3,69.99,66.71,46163.0,17319.0,103418.0
29,Málaga,2023,11,2023M11,578.0,66.45,59.87,52.24,34732.0,12153.0,77155.0
29,Málaga,2023,12,2023M12,529.0,53.38,52.18,45.02,30710.0,11157.0,68149.0
29,Málaga,2024,1,2024M01,511.0,57.36,49.07,45.62,28626.0,9762.0,63142.0
29,Málaga,2024,2,2024M02,556.0,65.62,55.78,53.31,33993.0,11445.0,75007.0
29,Málaga,2024,3,2024M03,656.0,70.42,61.19,57.33,42486.0,14416.0,95255.0
29,Málaga,2024,4,2024M04,662.0,76.59,68.01,63.82,44438.0,15836.0,99664.0
29,Málaga,2024,5,2024M05,670.0,80.9,73.74,68.79,45576.0,17758.0,102096.0
29,Málaga,2024,6,2024M06,659.0,81.43,74.91,69.49,46411.0,18036.0,104093.0
29,Málaga,2024,7,2024M07,666.0,80.82,76.26,72.81,46830.0,18880.0,104929.0
29,Málaga,2024,8,2024M08,671.0,85.84,79.76,79.81,46992.0,19506.0,105304.0
29,Málaga,2024,9,2024M09,685.0,84.79,74.56,71.7,47483.0,19459.0,106362.0
29,Málaga,2024,10,2024M10,666.0,81.11,72.1,67.45,45921.0,17744.0,102436.0
29,Málaga,2024,11,2024M11,553.0,64.4,53.9,49.81,35045.0,13022.0,77548.0
29,Málaga,2024,12,2024M12,487.0,52.07,48.64,43.11,30040.0,10464.0,66283.0
29,Málaga,2025,1,2025M01,459.0,52.93,47.57,41.82,29393.0,10798.0,64880.0
29,Málaga,2025,2,2025M02,499.0,65.31,59.18,51.73,34254.0,12122.0,76407.0
29,Málaga,2025,3,2025M03,602.0,66.64,58.54,52.75,40619.0,14951.0,90167.0
29,Málaga,2025,4,2025M04,647.0,74.68,68.06,63.36,45118.0,16799.0,101759.0
29,Málaga,2025,5,2025M05,644.0,79.79,72.07,65.82,45989.0,17988.0,104039.0
29,Málaga,2025,6,2025M06,644.0,80.78,76.13,70.17,46821.0,19339.0,104886.0
29,Málaga,2025,7,2025M07,668.0,80.73,77.35,72.67,48113.0,20365.0,109058.0
29,Málaga,2025,8,2025M08,647.0,86.57,80.14,79.57,48159.0,20724.0,109288.0
29,Málaga,2025,9,2025M09,662.0,84.08,75.55,69.81,48262.0,20403.0,109160.0
29,Málaga,2025,10,2025M10,655.0,81.06,71.8,66.94,46736.0,19106.0,105951.0
29,Málaga,2025,11,2025M11,588.0,65.68,57.67,50.79,35710.0,14286.0,80275.0
29,Málaga,2025,12,2025M12,521.0,53.63,51.03,43.91,31209.0,11653.0,69864.0
30,Murcia,2015,1,2015M01,134.0,34.44,35.53,29.5,6816.0,1539.0,12873.0
30,Murcia,2015,2,2015M02,143.0,47.05,55.57,40.69,7704.0,1722.0,14522.0
30,Murcia,2015,3,2015M03,158.0,49.19,52.28,44.67,8258.0,1940.0,15575.0
30,Murcia,2015,4,2015M04,172.0,53.0,57.66,48.29,9247.0,2108.0,17606.0
30,Murcia,2015,5,2015M05,174.0,48.49,56.81,43.79,9283.0,2117.0,17701.0
30,Murcia,2015,6,2015M06,178.0,49.96,58.14,46.34,9447.0,2226.0,18137.0
30,Murcia,2015,7,2015M07,181.0,55.46,61.23,55.3,9342.0,2552.0,17974.0
30,Murcia,2015,8,2015M08,177.0,62.23,65.38,64.72,9280.0,2363.0,17871.0
30,Murcia,2015,9,2015M09,180.0,56.71,64.09,51.41,9392.0,2475.0,17928.0
30,Murcia,2015,10,2015M10,162.0,50.67,53.21,46.01,8582.0,1975.0,16169.0
30,Murcia,2015,11,2015M11,148.0,42.43,45.29,34.93,7320.0,1631.0,13718.0
30,Murcia,2015,12,2015M12,140.0,37.46,38.7,33.02,6944.0,1536.0,13079.0
30,Murcia,2016,1,2016M01,136.0,38.42,39.48,31.67,6825.0,1540.0,13098.0
30,Murcia,2016,2,2016M02,145.0,49.52,54.81,42.16,7736.0,1759.0,14792.0
30,Murcia,2016,3,2016M03,155.0,54.67,60.54,49.41,8457.0,1885.0,16259.0
30,Murcia,2016,4,2016M04,171.0,58.06,60.36,49.36,9185.0,2057.0,17792.0
30,Murcia,2016,5,2016M05,175.0,57.22,61.64,48.93,9372.0,2207.0,18126.0
30,Murcia,2016,6,2016M06,179.0,54.85,61.92,49.18,9560.0,2288.0,18584.0
30,Murcia,2016,7,2016M07,177.0,61.25,65.03,59.53,9475.0,2505.0,18565.0
30,Murcia,2016,8,2016M08,175.0,68.15,73.41,69.06,9095.0,2451.0,17836.0
30,Murcia,2016,9,2016M09,180.0,59.72,64.13,54.08,9600.0,2422.0,18701.0
30,Murcia,2016,10,2016M10,170.0,53.26,59.67,47.26,9025.0,2045.0,17393.0
30,Murcia,2016,11,2016M11,154.0,46.87,49.94,37.84,7799.0,1693.0,14982.0
30,Murcia,2016,12,2016M12,147.0,40.09,44.65,34.51,7230.0,1625.0,13846.0
30,Murcia,2017,1,2017M01,138.0,41.26,39.74,33.45,6933.0,1586.0,13313.0
30,Murcia,2017,2,2017M02,151.0,49.66,52.98,41.61,8123.0,1799.0,15748.0
30,Murcia,2017,3,2017M03,158.0,55.7,57.76,47.01,8419.0,1888.0,16274.0
30,Murcia,2017,4,2017M04,174.0,58.55,68.63,54.02,9265.0,2120.0,18058.0
30,Murcia,2017,5,2017M05,177.0,54.26,59.63,46.09,9452.0,2215.0,18406.0
30,Murcia,2017,6,2017M06,181.0,57.29,61.2,50.72,9575.0,2249.0,18719.0
30,Murcia,2017,7,2017M07,182.0,59.43,64.29,57.32,9972.0,2559.0,19590.0
30,Murcia,2017,8,2017M08,177.0,65.03,68.6,66.08,9978.0,2625.0,19654.0
30,Murcia,2017,9,2017M09,178.0,61.26,64.54,54.6,10083.0,2466.0,19714.0
30,Murcia,2017,10,2017M10,161.0,56.33,62.68,48.94,9061.0,2106.0,17678.0
30,Murcia,2017,11,2017M11,156.0,51.75,55.44,40.79,7942.0,1847.0,15254.0
30,Murcia,2017,12,2017M12,143.0,42.1,45.65,36.96,7048.0,1647.0,13415.0
30,Murcia,2018,1,2018M01,134.0,44.33,41.16,35.04,6907.0,1688.0,13251.0
30,Murcia,2018,2,2018M02,145.0,53.2,56.19,44.24,8185.0,1848.0,15688.0
30,Murcia,2018,3,2018M03,159.0,60.75,61.82,52.43,8901.0,1973.0,17222.0
30,Murcia,2018,4,2018M04,170.0,58.74,58.9,50.75,9619.0,2127.0,18805.0
30,Murcia,2018,5,2018M05,167.0,57.14,59.18,48.14,9602.0,2182.0,18773.0
30,Murcia,2018,6,2018M06,173.0,58.39,63.92,52.0,9893.0,2269.0,19408.0
30,Murcia,2018,7,2018M07,176.0,62.71,64.98,56.45,10031.0,2506.0,19777.0
30,Murcia,2018,8,2018M08,171.0,66.98,70.19,65.86,9925.0,2544.0,19598.0
30,Murcia,2018,9,2018M09,167.0,63.69,65.46,56.87,9829.0,2441.0,19177.0
30,Murcia,2018,10,2018M10,163.0,56.76,60.96,47.86,9635.0,2132.0,18863.0
30,Murcia,2018,11,2018M11,150.0,55.2,59.58,45.38,8009.0,1880.0,15431.0
30,Murcia,2018,12,2018M12,140.0,43.83,49.36,38.15,7152.0,1710.0,13700.0
30,Murcia,2019,1,2019M01,138.0,45.13,41.86,36.6,7221.0,1699.0,13928.0
30,Murcia,2019,2,2019M02,145.0,54.27,55.06,45.18,8029.0,1848.0,15450.0
30,Murcia,2019,3,2019M03,159.0,54.31,55.15,46.57,9248.0,2035.0,18099.0
30,Murcia,2019,4,2019M04,172.0,53.63,58.76,47.77,10106.0,2257.0,19846.0
30,Murcia,2019,5,2019M05,172.0,58.49,63.87,50.6,10132.0,2347.0,19928.0
30,Murcia,2019,6,2019M06,175.0,59.23,66.16,52.62,10273.0,2463.0,20128.0
30,Murcia,2019,7,2019M07,175.0,61.14,67.44,57.3,10128.0,2791.0,19928.0
30,Murcia,2019,8,2019M08,173.0,68.12,69.88,66.7,10089.0,2833.0,19867.0
30,Murcia,2019,9,2019M09,174.0,61.48,61.72,54.21,10146.0,2675.0,19882.0
30,Murcia,2019,10,2019M10,166.0,53.14,57.52,44.16,9542.0,2086.0,18651.0
30,Murcia,2019,11,2019M11,148.0,52.01,53.58,42.03,7622.0,1750.0,14607.0
30,Murcia,2019,12,2019M12,144.0,42.18,53.38,37.09,7019.0,1603.0,13256.0
30,Murcia,2020,1,2020M01,134.0,41.32,38.92,33.39,6838.0,1627.0,13150.0
30,Murcia,2020,2,2020M02,145.0,54.4,59.26,45.64,7724.0,1777.0,14827.0
30,Murcia,2020,3,2020M03,130.0,35.58,28.22,29.1,5679.0,1225.0,10886.0
30,Murcia,2020,4,2020M04,0.0,0.0,0.0,0.0,0.0,0.0,0.0
30,Murcia,2020,5,2020M05,43.0,16.09,6.22,11.16,1895.0,224.0,3512.0
30,Murcia,2020,6,2020M06,98.0,27.09,22.11,20.45,3857.0,715.0,7215.0
30,Murcia,2020,7,2020M07,141.0,36.89,36.89,33.49,7255.0,1522.0,14056.0
30,Murcia,2020,8,2020M08,142.0,41.51,46.47,41.48,7968.0,1668.0,15455.0
30,Murcia,2020,9,2020M09,135.0,30.12,28.84,24.81,7562.0,1505.0,14677.0
30,Murcia,2020,10,2020M10,125.0,27.85,24.93,21.62,6234.0,1249.0,11833.0
30,Murcia,2020,11,2020M11,99.0,24.07,16.64,16.29,4643.0,791.0,8667.0
30,Murcia,2020,12,2020M12,99.0,25.11,19.1,18.76,4404.0,757.0,8224.0
30,Murcia,2021,1,2021M01,91.0,21.16,15.49,15.71,4202.0,720.0,7897.0
30,Murcia,2021,2,2021M02,98.0,27.41,21.62,19.67,4459.0,732.0,8356.0
30,Murcia,2021,3,2021M03,111.0,31.57,26.64,22.95,4966.0,804.0,9495.0
30,Murcia,2021,4,2021M04,120.0,32.07,31.24,24.39,5207.0,857.0,9949.0
30,Murcia,2021,5,2021M05,125.0,38.18,40.35,30.45,5574.0,1033.0,10624.0
30,Murcia,2021,6,2021M06,147.0,43.98,55.13,38.15,7982.0,1702.0,15514.0
30,Murcia,2021,7,2021M07,154.0,56.17,63.53,52.77,8903.0,2048.0,17528.0
30,Murcia,2021,8,2021M08,147.0,65.73,72.47,65.61,8774.0,2175.0,17272.0
30,Murcia,2021,9,2021M09,154.0,52.69,57.77,46.46,8580.0,1883.0,16725.0
30,Murcia,2021,10,2021M10,146.0,54.16,54.23,45.11,7844.0,1595.0,15160.0
30,Murcia,2021,11,2021M11,135.0,51.19,56.13,40.05,6445.0,1343.0,12213.0
30,Murcia,2021,12,2021M12,123.0,39.25,45.87,34.21,6195.0,1329.0,11735.0
30,Murcia,2022,1,2022M01,121.0,34.39,32.17,27.04,5664.0,1128.0,10803.0
30,Murcia,2022,2,2022M02,133.0,51.13,54.78,40.43,6742.0,1348.0,12854.0
30,Murcia,2022,3,2022M03,146.0,51.16,49.8,40.7,7519.0,1472.0,14507.0
30,Murcia,2022,4,2022M04,164.0,57.9,63.98,52.67,9247.0,1898.0,18104.0
30,Murcia,2022,5,2022M05,166.0,56.26,61.95,47.77,9459.0,2012.0,18527.0
30,Murcia,2022,6,2022M06,171.0,57.93,68.09,50.97,9802.0,2367.0,19318.0
30,Murcia,2022,7,2022M07,181.0,61.63,68.15,58.11,9880.0,2576.0,19577.0
30,Murcia,2022,8,2022M08,177.0,66.99,73.08,66.53,9794.0,2491.0,19549.0
30,Murcia,2022,9,2022M09,182.0,58.64,63.48,50.66,9873.0,2285.0,19572.0
30,Murcia,2022,10,2022M10,170.0,54.32,58.84,45.69,8903.0,1946.0,17467.0
30,Murcia,2022,11,2022M11,153.0,50.91,53.16,39.47,7530.0,1648.0,14702.0
30,Murcia,2022,12,2022M12,140.0,43.51,50.36,37.42,6610.0,1450.0,12858.0
30,Murcia,2023,1,2023M01,134.0,43.48,42.89,35.04,6232.0,1395.0,11948.0
30,Murcia,2023,2,2023M02,143.0,52.48,56.47,42.71,7315.0,1595.0,14237.0
30,Murcia,2023,3,2023M03,160.0,55.3,54.21,45.82,8589.0,1932.0,16900.0
30,Murcia,2023,4,2023M04,171.0,59.52,63.35,53.05,9639.0,2234.0,19115.0
30,Murcia,2023,5,2023M05,176.0,58.4,58.14,48.08,9870.0,2346.0,19559.0
30,Murcia,2023,6,2023M06,182.0,59.9,63.18,50.39,10220.0,2534.0,20475.0
30,Murcia,2023,7,2023M07,183.0,61.28,63.98,56.09,10327.0,2632.0,20841.0
30,Murcia,2023,8,2023M08,175.0,66.68,69.03,64.21,10134.0,2679.0,20494.0
30,Murcia,2023,9,2023M09,180.0,59.8,59.8,51.14,10319.0,2456.0,20696.0
30,Murcia,2023,10,2023M10,173.0,55.46,57.43,45.29,9267.0,2157.0,18579.0
30,Murcia,2023,11,2023M11,157.0,53.59,55.46,41.12,7699.0,1684.0,15251.0
30,Murcia,2023,12,2023M12,143.0,45.52,50.12,38.61,6886.0,1432.0,13539.0
30,Murcia,2024,1,2024M01,136.0,43.19,42.04,33.72,6638.0,1521.0,13148.0
30,Murcia,2024,2,2024M02,149.0,55.39,55.06,44.17,8139.0,1890.0,16194.0
30,Murcia,2024,3,2024M03,173.0,57.72,56.88,47.85,9227.0,2076.0,18419.0
30,Murcia,2024,4,2024M04,183.0,55.17,56.81,45.52,10227.0,2306.0,20604.0
30,Murcia,2024,5,2024M05,185.0,59.76,61.87,49.7,10392.0,2579.0,20923.0
30,Murcia,2024,6,2024M06,187.0,60.76,63.98,51.47,10485.0,2624.0,21159.0
30,Murcia,2024,7,2024M07,189.0,63.24,65.15,56.08,10610.0,2758.0,21774.0
30,Murcia,2024,8,2024M08,181.0,67.42,65.04,63.5,10398.0,2742.0,21393.0
30,Murcia,2024,9,2024M09,180.0,64.63,65.03,53.78,10461.0,2624.0,21459.0
30,Murcia,2024,10,2024M10,178.0,58.37,63.09,47.65,9888.0,2347.0,19905.0
30,Murcia,2024,11,2024M11,178.0,52.45,55.24,41.2,8486.0,1886.0,16893.0
30,Murcia,2024,12,2024M12,157.0,46.36,50.83,38.78,7235.0,1582.0,14388.0
30,Murcia,2025,1,2025M01,145.0,46.75,43.39,35.78,7044.0,1621.0,13978.0
30,Murcia,2025,2,2025M02,154.0,56.24,56.46,43.16,8258.0,1835.0,16884.0
30,Murcia,2025,3,2025M03,169.0,56.5,54.3,44.15,9601.0,2094.0,19568.0
30,Murcia,2025,4,2025M04,182.0,59.6,63.15,50.32,10306.0,2286.0,21143.0
30,Murcia,2025,5,2025M05,192.0,62.96,63.04,50.92,10598.0,2457.0,21695.0
30,Murcia,2025,6,2025M06,192.0,63.45,65.02,51.07,10635.0,2552.0,21873.0
30,Murcia,2025,7,2025M07,199.0,63.25,65.87,55.51,10790.0,2707.0,22140.0
30,Murcia,2025,8,2025M08,184.0,69.48,67.9,64.22,10587.0,2662.0,21862.0
30,Murcia,2025,9,2025M09,189.0,64.13,65.75,52.74,10663.0,2428.0,21898.0
30,Murcia,2025,10,2025M10,175.0,59.28,58.13,46.92,9771.0,2199.0,19725.0
30,Murcia,2025,11,2025M11,161.0,57.07,57.2,45.48,8840.0,1889.0,17621.0
30,Murcia,2025,12,2025M12,146.0,46.05,49.79,37.57,7367.0,1600.0,14816.0
31,Navarra,2015,1,2015M01,223.0,24.6,19.68,18.94,5342.0,1038.0,10331.0
31,Navarra,2015,2,2015M02,236.0,34.4,30.29,26.84,5736.0,1095.0,11042.0
31,Navarra,2015,3,2015M03,248.0,37.96,40.16,31.16,6099.0,1215.0,11741.0
31,Navarra,2015,4,2015M04,263.0,45.37,53.15,39.74,6291.0,1366.0,12121.0
31,Navarra,2015,5,2015M05,274.0,51.46,55.02,43.43,6402.0,1353.0,12343.0
31,Navarra,2015,6,2015M06,277.0,48.28,47.0,40.32,6388.0,1377.0,12291.0
31,Navarra,2015,7,2015M07,272.0,49.21,50.61,46.3,6343.0,1437.0,12227.0
31,Navarra,2015,8,2015M08,273.0,65.8,64.02,62.95,6320.0,1444.0,12201.0
31,Navarra,2015,9,2015M09,271.0,58.53,55.42,49.82,6286.0,1475.0,12123.0
31,Navarra,2015,10,2015M10,257.0,52.14,51.58,44.33,6278.0,1304.0,12086.0
31,Navarra,2015,11,2015M11,249.0,39.27,38.88,31.28,5984.0,1190.0,11505.0
31,Navarra,2015,12,2015M12,218.0,33.14,29.4,28.48,5313.0,1095.0,10232.0
31,Navarra,2016,1,2016M01,186.0,29.31,24.75,23.85,4883.0,1043.0,9376.0
31,Navarra,2016,2,2016M02,213.0,38.19,36.9,29.72,5418.0,1093.0,10356.0
31,Navarra,2016,3,2016M03,246.0,44.64,49.11,38.05,6021.0,1332.0,11497.0
31,Navarra,2016,4,2016M04,268.0,47.97,43.02,37.96,6246.0,1407.0,11931.0
31,Navarra,2016,5,2016M05,272.0,55.38,55.09,44.83,6285.0,1427.0,11996.0
31,Navarra,2016,6,2016M06,271.0,52.85,50.65,43.07,6324.0,1506.0,12107.0
31,Navarra,2016,7,2016M07,286.0,55.39,53.64,51.14,6494.0,1521.0,12397.0
31,Navarra,2016,8,2016M08,282.0,67.38,70.34,66.55,6425.0,1561.0,12313.0
31,Navarra,2016,9,2016M09,267.0,60.58,58.83,52.35,6356.0,1645.0,12169.0
31,Navarra,2016,10,2016M10,265.0,58.44,58.03,50.5,6362.0,1484.0,12162.0
31,Navarra,2016,11,2016M11,245.0,46.39,43.93,36.23,5984.0,1344.0,11406.0
31,Navarra,2016,12,2016M12,211.0,35.7,37.49,30.67,5348.0,1251.0,10236.0
31,Navarra,2017,1,2017M01,189.0,33.19,28.07,25.77,4748.0,1157.0,9131.0
31,Navarra,2017,2,2017M02,206.0,39.09,38.83,31.15,5164.0,1177.0,9861.0
31,Navarra,2017,3,2017M03,238.0,45.23,45.21,36.44,5845.0,1344.0,11130.0
31,Navarra,2017,4,2017M04,254.0,58.61,63.56,52.36,5909.0,1464.0,11388.0
31,Navarra,2017,5,2017M05,264.0,60.57,62.39,49.48,5943.0,1464.0,11467.0
31,Navarra,2017,6,2017M06,266.0,58.39,57.86,47.65,6033.0,1491.0,11676.0
31,Navarra,2017,7,2017M07,275.0,59.46,58.39,54.17,6309.0,1581.0,12167.0
31,Navarra,2017,8,2017M08,267.0,69.6,68.52,65.69,6264.0,1626.0,12071.0
31,Navarra,2017,9,2017M09,258.0,64.93,61.06,55.82,6155.0,1612.0,11866.0
31,Navarra,2017,10,2017M10,256.0,58.13,61.5,48.47,6156.0,1472.0,11867.0
31,Navarra,2017,11,2017M11,245.0,47.39,45.82,37.8,5895.0,1443.0,11380.0
31,Navarra,2017,12,2017M12,210.0,37.42,37.75,33.05,5280.0,1328.0,10191.0
31,Navarra,2018,1,2018M01,211.0,34.51,23.74,26.49,5015.0,1205.0,9687.0
31,Navarra,2018,2,2018M02,226.0,38.97,36.15,29.99,5344.0,1246.0,10330.0
31,Navarra,2018,3,2018M03,254.0,47.72,52.31,40.58,6047.0,1515.0,11677.0
31,Navarra,2018,4,2018M04,279.0,52.68,50.71,44.1,6353.0,1604.0,12277.0
31,Navarra,2018,5,2018M05,280.0,59.22,60.07,48.09,6323.0,1596.0,12212.0
31,Navarra,2018,6,2018M06,282.0,55.91,51.74,45.68,6428.0,1638.0,12427.0
31,Navarra,2018,7,2018M07,285.0,58.3,61.24,51.77,6432.0,1659.0,12419.0
31,Navarra,2018,8,2018M08,276.0,67.73,66.36,63.96,6393.0,1718.0,12324.0
31,Navarra,2018,9,2018M09,279.0,64.18,57.27,54.55,6402.0,1708.0,12366.0
31,Navarra,2018,10,2018M10,277.0,59.33,61.64,48.89,6397.0,1595.0,12338.0
31,Navarra,2018,11,2018M11,261.0,53.07,54.63,41.97,6108.0,1472.0,11784.0
31,Navarra,2018,12,2018M12,219.0,37.98,42.88,32.23,5212.0,1318.0,10119.0
31,Navarra,2019,1,2019M01,203.0,36.38,25.48,26.89,5042.0,1244.0,9799.0
31,Navarra,2019,2,2019M02,224.0,41.03,36.37,31.12,5436.0,1253.0,10534.0
31,Navarra,2019,3,2019M03,244.0,50.19,47.26,39.83,5986.0,1445.0,11533.0
31,Navarra,2019,4,2019M04,271.0,53.27,57.15,45.03,6387.0,1560.0,12293.0
31,Navarra,2019,5,2019M05,297.0,59.58,56.19,48.06,6503.0,1571.0,12519.0
31,Navarra,2019,6,2019M06,309.0,60.48,56.07,49.04,6685.0,1591.0,12888.0
31,Navarra,2019,7,2019M07,318.0,58.42,61.1,51.48,6732.0,1609.0,12978.0
31,Navarra,2019,8,2019M08,314.0,69.12,65.84,63.66,6702.0,1639.0,12923.0
31,Navarra,2019,9,2019M09,298.0,64.23,59.82,53.88,6570.0,1648.0,12680.0
31,Navarra,2019,10,2019M10,296.0,58.35,57.73,47.6,6556.0,1511.0,12635.0
31,Navarra,2019,11,2019M11,263.0,51.41,51.32,41.88,5934.0,1360.0,11425.0
31,Navarra,2019,12,2019M12,240.0,38.51,45.92,33.37,5354.0,1244.0,10378.0
31,Navarra,2020,1,2020M01,218.0,35.89,29.32,27.36,5054.0,1178.0,9763.0
31,Navarra,2020,2,2020M02,227.0,43.36,40.13,33.37,5376.0,1224.0,10398.0
31,Navarra,2020,3,2020M03,205.0,29.3,21.63,22.09,4156.0,968.0,8133.0
31,Navarra,2020,4,2020M04,0.0,0.0,0.0,0.0,0.0,0.0,0.0
31,Navarra,2020,5,2020M05,55.0,16.52,4.11,11.46,1181.0,151.0,2204.0
31,Navarra,2020,6,2020M06,175.0,21.47,12.75,15.24,3804.0,686.0,7462.0
31,Navarra,2020,7,2020M07,234.0,38.83,36.7,31.51,5371.0,1079.0,10526.0
31,Navarra,2020,8,2020M08,246.0,42.93,44.91,39.0,5523.0,1142.0,10825.0
31,Navarra,2020,9,2020M09,257.0,31.74,30.68,24.97,5624.0,1176.0,10975.0
31,Navarra,2020,10,2020M10,226.0,27.1,21.73,20.11,5169.0,981.0,10099.0
31,Navarra,2020,11,2020M11,165.0,22.52,13.35,14.78,4112.0,705.0,8040.0
31,Navarra,2020,12,2020M12,175.0,20.38,14.36,14.89,4028.0,671.0,7888.0
31,Navarra,2021,1,2021M01,192.0,21.66,15.75,15.5,4304.0,682.0,8453.0
31,Navarra,2021,2,2021M02,201.0,27.4,20.76,19.16,4555.0,727.0,8981.0
31,Navarra,2021,3,2021M03,218.0,26.91,20.33,18.51,4932.0,865.0,9734.0
31,Navarra,2021,4,2021M04,218.0,27.96,20.42,20.09,4946.0,906.0,9759.0
31,Navarra,2021,5,2021M05,229.0,34.99,34.2,26.28,5147.0,972.0,10118.0
31,Navarra,2021,6,2021M06,249.0,40.38,40.64,31.14,5444.0,1102.0,10690.0
31,Navarra,2021,7,2021M07,261.0,47.81,48.04,41.11,5905.0,1263.0,11612.0
31,Navarra,2021,8,2021M08,262.0,71.64,69.79,64.96,5902.0,1330.0,11619.0
31,Navarra,2021,9,2021M09,273.0,58.64,56.3,46.97,6021.0,1380.0,11795.0
31,Navarra,2021,10,2021M10,263.0,59.27,57.59,47.68,5888.0,1320.0,11559.0
31,Navarra,2021,11,2021M11,247.0,43.57,43.81,33.01,5708.0,1233.0,11218.0
31,Navarra,2021,12,2021M12,216.0,35.48,29.51,28.65,5003.0,1046.0,9935.0
31,Navarra,2022,1,2022M01,208.0,29.62,25.3,22.1,4841.0,999.0,9580.0
31,Navarra,2022,2,2022M02,231.0,41.22,38.08,30.82,5241.0,1057.0,10326.0
31,Navarra,2022,3,2022M03,256.0,45.15,44.26,33.76,5779.0,1317.0,11377.0
31,Navarra,2022,4,2022M04,277.0,53.68,54.04,44.51,6123.0,1488.0,12045.0
31,Navarra,2022,5,2022M05,271.0,57.51,57.26,45.59,6041.0,1467.0,11841.0
31,Navarra,2022,6,2022M06,280.0,58.96,55.34,46.47,6148.0,1538.0,12068.0
31,Navarra,2022,7,2022M07,282.0,58.96,56.39,50.81,6102.0,1523.0,11985.0
31,Navarra,2022,8,2022M08,291.0,69.59,67.41,62.78,6260.0,1598.0,12293.0
31,Navarra,2022,9,2022M09,294.0,62.56,58.05,50.88,6278.0,1582.0,12310.0
31,Navarra,2022,10,2022M10,287.0,59.82,57.6,49.26,6240.0,1447.0,12234.0
31,Navarra,2022,11,2022M11,262.0,47.08,46.99,36.81,5856.0,1364.0,11508.0
31,Navarra,2022,12,2022M12,216.0,37.25,36.6,30.84,5072.0,1085.0,10010.0
31,Navarra,2023,1,2023M01,214.0,33.95,27.5,25.37,4891.0,1003.0,9685.0
31,Navarra,2023,2,2023M02,225.0,42.78,41.92,32.83,5133.0,1062.0,10131.0
31,Navarra,2023,3,2023M03,258.0,48.36,45.1,37.17,5803.0,1336.0,11437.0
31,Navarra,2023,4,2023M04,280.0,59.42,61.77,50.3,6111.0,1451.0,12054.0
31,Navarra,2023,5,2023M05,286.0,59.96,56.94,47.42,6069.0,1479.0,11976.0
31,Navarra,2023,6,2023M06,289.0,60.3,56.36,48.02,6187.0,1470.0,12210.0
31,Navarra,2023,7,2023M07,290.0,59.58,57.2,51.98,6156.0,1510.0,12151.0
31,Navarra,2023,8,2023M08,290.0,68.34,64.37,61.06,6171.0,1542.0,12160.0
31,Navarra,2023,9,2023M09,292.0,66.56,60.46,54.51,6243.0,1571.0,12295.0
31,Navarra,2023,10,2023M10,294.0,59.97,62.58,48.87,6284.0,1516.0,12393.0
31,Navarra,2023,11,2023M11,259.0,50.57,51.73,39.75,5856.0,1355.0,11558.0
31,Navarra,2023,12,2023M12,242.0,38.25,40.32,32.22,5291.0,1152.0,10526.0
31,Navarra,2024,1,2024M01,207.0,35.2,26.86,26.2,4777.0,1004.0,9574.0
31,Navarra,2024,2,2024M02,231.0,40.44,39.81,30.57,5277.0,1139.0,10513.0
31,Navarra,2024,3,2024M03,275.0,47.65,50.12,39.32,6111.0,1397.0,12132.0
31,Navarra,2024,4,2024M04,295.0,54.35,51.64,43.35,6320.0,1533.0,12528.0
31,Navarra,2024,5,2024M05,282.0,62.76,60.68,50.01,6201.0,1537.0,12278.0
31,Navarra,2024,6,2024M06,287.0,58.22,54.69,46.98,6306.0,1526.0,12490.0
31,Navarra,2024,7,2024M07,283.0,61.82,60.47,52.6,6278.0,1586.0,12464.0
31,Navarra,2024,8,2024M08,278.0,74.85,69.97,67.65,6185.0,1558.0,12279.0
31,Navarra,2024,9,2024M09,284.0,65.35,58.32,52.96,6251.0,1561.0,12405.0
31,Navarra,2024,10,2024M10,278.0,61.04,59.46,49.43,6210.0,1510.0,12361.0
31,Navarra,2024,11,2024M11,250.0,55.41,51.87,43.71,5820.0,1314.0,11550.0
31,Navarra,2024,12,2024M12,227.0,42.38,43.28,34.96,5541.0,1245.0,11050.0
31,Navarra,2025,1,2025M01,226.0,35.34,32.53,26.66,5189.0,1138.0,10459.0
31,Navarra,2025,2,2025M02,232.0,46.2,44.04,33.81,5346.0,1187.0,10767.0
31,Navarra,2025,3,2025M03,267.0,52.06,51.18,40.57,6003.0,1455.0,11985.0
31,Navarra,2025,4,2025M04,291.0,60.37,63.51,49.59,6407.0,1604.0,12803.0
31,Navarra,2025,5,2025M05,309.0,67.06,64.4,53.76,6540.0,1620.0,13066.0
31,Navarra,2025,6,2025M06,304.0,65.03,59.81,51.26,6488.0,1569.0,12966.0
31,Navarra,2025,7,2025M07,299.0,63.15,57.61,53.53,6408.0,1655.0,12806.0
31,Navarra,2025,8,2025M08,302.0,71.63,66.19,63.88,6522.0,1680.0,13011.0
31,Navarra,2025,9,2025M09,303.0,69.08,65.43,56.56,6466.0,1679.0,12904.0
31,Navarra,2025,10,2025M10,310.0,66.02,62.88,52.32,6574.0,1612.0,13134.0
31,Navarra,2025,11,2025M11,283.0,56.37,53.02,44.63,6188.0,1531.0,12370.0
31,Navarra,2025,12,2025M12,236.0,41.3,42.05,33.89,5255.0,1464.0,10653.0
32,Ourense,2015,1,2015M01,168.0,18.23,16.62,14.41,2944.0,414.0,5495.0
32,Ourense,2015,2,2015M02,177.0,25.27,28.08,20.63,3073.0,465.0,5725.0
32,Ourense,2015,3,2015M03,175.0,26.54,25.18,21.0,3114.0,533.0,5812.0
32,Ourense,2015,4,2015M04,184.0,28.08,30.48,23.72,3266.0,590.0,6074.0
32,Ourense,2015,5,2015M05,185.0,26.75,25.88,21.6,3302.0,617.0,6144.0
32,Ourense,2015,6,2015M06,186.0,29.03,26.87,24.43,3391.0,618.0,6289.0
32,Ourense,2015,7,2015M07,187.0,29.91,29.91,26.66,3425.0,657.0,6353.0
32,Ourense,2015,8,2015M08,192.0,41.65,40.11,37.56,3483.0,701.0,6444.0
32,Ourense,2015,9,2015M09,188.0,37.84,37.85,32.11,3456.0,696.0,6359.0
32,Ourense,2015,10,2015M10,183.0,32.88,31.76,27.67,3371.0,668.0,6211.0
32,Ourense,2015,11,2015M11,176.0,27.9,27.53,23.56,3292.0,622.0,6049.0
32,Ourense,2015,12,2015M12,166.0,22.53,20.15,18.89,2917.0,483.0,5406.0
32,Ourense,2016,1,2016M01,173.0,21.4,18.18,16.5,3014.0,447.0,5588.0
32,Ourense,2016,2,2016M02,183.0,25.97,24.81,20.25,3227.0,528.0,5988.0
32,Ourense,2016,3,2016M03,190.0,31.1,32.05,26.76,3406.0,588.0,6300.0
32,Ourense,2016,4,2016M04,193.0,29.38,27.61,23.64,3463.0,636.0,6397.0
32,Ourense,2016,5,2016M05,191.0,28.66,28.96,23.4,3472.0,635.0,6409.0
32,Ourense,2016,6,2016M06,191.0,32.67,34.96,26.79,3517.0,651.0,6485.0
32,Ourense,2016,7,2016M07,198.0,33.78,30.44,28.82,3565.0,695.0,6571.0
32,Ourense,2016,8,2016M08,200.0,45.63,48.01,41.37,3584.0,713.0,6608.0
32,Ourense,2016,9,2016M09,192.0,38.35,36.49,32.59,3475.0,703.0,6418.0
32,Ourense,2016,10,2016M10,188.0,34.73,35.14,29.69,3434.0,663.0,6342.0
32,Ourense,2016,11,2016M11,174.0,32.32,32.22,26.0,3281.0,637.0,6098.0
32,Ourense,2016,12,2016M12,171.0,23.57,22.25,19.7,3099.0,545.0,5802.0
32,Ourense,2017,1,2017M01,159.0,23.8,22.99,18.01,2906.0,461.0,5454.0
32,Ourense,2017,2,2017M02,168.0,27.91,28.88,21.54,3025.0,523.0,5672.0
32,Ourense,2017,3,2017M03,174.0,29.23,28.9,22.62,3179.0,611.0,5916.0
32,Ourense,2017,4,2017M04,180.0,37.46,40.49,31.7,3368.0,663.0,6234.0
32,Ourense,2017,5,2017M05,181.0,30.98,30.24,25.02,3401.0,652.0,6292.0
32,Ourense,2017,6,2017M06,181.0,35.72,30.76,29.31,3365.0,669.0,6224.0
32,Ourense,2017,7,2017M07,184.0,35.48,35.55,31.83,3400.0,725.0,6304.0
32,Ourense,2017,8,2017M08,188.0,44.76,47.8,41.36,3475.0,732.0,6430.0
32,Ourense,2017,9,2017M09,176.0,40.65,38.08,34.5,3350.0,688.0,6225.0
32,Ourense,2017,10,2017M10,176.0,36.87,39.22,30.54,3319.0,648.0,6161.0
32,Ourense,2017,11,2017M11,169.0,32.31,30.24,25.39,3244.0,628.0,6038.0
32,Ourense,2017,12,2017M12,156.0,24.76,24.65,20.47,2971.0,532.0,5571.0
32,Ourense,2018,1,2018M01,152.0,22.59,21.58,17.62,2851.0,418.0,5313.0
32,Ourense,2018,2,2018M02,170.0,27.36,31.02,22.31,3231.0,562.0,5934.0
32,Ourense,2018,3,2018M03,170.0,33.26,37.84,28.56,3317.0,638.0,6023.0
32,Ourense,2018,4,2018M04,172.0,32.61,31.17,27.55,3361.0,645.0,6108.0
32,Ourense,2018,5,2018M05,175.0,32.48,31.76,27.0,3379.0,676.0,6147.0
32,Ourense,2018,6,2018M06,176.0,36.06,36.31,30.7,3370.0,704.0,6121.0
32,Ourense,2018,7,2018M07,180.0,36.04,38.63,31.82,3396.0,734.0,6192.0
32,Ourense,2018,8,2018M08,176.0,45.41,46.6,42.4,3387.0,734.0,6159.0
32,Ourense,2018,9,2018M09,172.0,41.15,40.66,36.12,3339.0,721.0,6056.0
32,Ourense,2018,10,2018M10,170.0,37.75,44.67,32.09,3333.0,678.0,6059.0
32,Ourense,2018,11,2018M11,160.0,34.68,37.76,28.5,3238.0,641.0,5886.0
32,Ourense,2018,12,2018M12,153.0,26.84,28.7,22.78,2989.0,535.0,5469.0
32,Ourense,2019,1,2019M01,150.0,24.73,22.89,19.16,2845.0,425.0,5178.0
32,Ourense,2019,2,2019M02,153.0,29.65,32.03,23.1,3053.0,514.0,5557.0
32,Ourense,2019,3,2019M03,161.0,33.39,35.29,27.83,3237.0,639.0,5906.0
32,Ourense,2019,4,2019M04,170.0,36.05,39.63,31.36,3375.0,657.0,6158.0
32,Ourense,2019,5,2019M05,170.0,34.12,30.78,28.24,3380.0,664.0,6169.0
32,Ourense,2019,6,2019M06,173.0,35.12,38.2,29.81,3406.0,680.0,6208.0
32,Ourense,2019,7,2019M07,177.0,38.93,40.88,34.16,3439.0,737.0,6276.0
32,Ourense,2019,8,2019M08,178.0,50.52,48.59,46.89,3415.0,768.0,6248.0
32,Ourense,2019,9,2019M09,174.0,44.26,43.12,37.35,3383.0,748.0,6199.0
32,Ourense,2019,10,2019M10,169.0,39.6,41.93,32.17,3328.0,694.0,6092.0
32,Ourense,2019,11,2019M11,165.0,39.63,35.73,31.69,3260.0,670.0,5974.0
32,Ourense,2019,12,2019M12,153.0,30.56,33.94,25.85,3049.0,588.0,5597.0
32,Ourense,2020,1,2020M01,150.0,26.27,23.37,20.43,2824.0,415.0,5167.0
32,Ourense,2020,2,2020M02,155.0,33.75,36.05,27.37,3040.0,524.0,5575.0
32,Ourense,2020,3,2020M03,149.0,26.47,19.69,20.63,2718.0,507.0,4934.0
32,Ourense,2020,4,2020M04,0.0,0.0,0.0,0.0,0.0,0.0,0.0
32,Ourense,2020,5,2020M05,29.0,17.46,3.91,10.58,592.0,60.0,1139.0
32,Ourense,2020,6,2020M06,88.0,26.14,15.35,18.61,1493.0,256.0,2804.0
32,Ourense,2020,7,2020M07,150.0,28.45,25.53,23.79,2810.0,549.0,5238.0
32,Ourense,2020,8,2020M08,158.0,39.63,38.7,35.84,3135.0,668.0,5797.0
32,Ourense,2020,9,2020M09,156.0,27.41,23.69,22.07,3176.0,645.0,5854.0
32,Ourense,2020,10,2020M10,152.0,17.62,13.25,13.79,3138.0,593.0,5771.0
32,Ourense,2020,11,2020M11,132.0,15.21,7.31,10.14,2712.0,414.0,5013.0
32,Ourense,2020,12,2020M12,126.0,16.04,10.85,12.04,2570.0,376.0,4767.0
32,Ourense,2021,1,2021M01,118.0,14.81,6.4,10.07,2430.0,269.0,4466.0
32,Ourense,2021,2,2021M02,109.0,16.38,12.4,10.94,2368.0,292.0,4353.0
32,Ourense,2021,3,2021M03,134.0,18.52,14.84,13.96,2692.0,371.0,4959.0
32,Ourense,2021,4,2021M04,148.0,21.48,23.8,17.06,2880.0,428.0,5300.0
32,Ourense,2021,5,2021M05,146.0,25.18,25.44,20.12,2824.0,453.0,5194.0
32,Ourense,2021,6,2021M06,149.0,30.48,28.31,24.3,2919.0,499.0,5372.0
32,Ourense,2021,7,2021M07,159.0,40.2,39.33,34.9,3090.0,607.0,5681.0
32,Ourense,2021,8,2021M08,160.0,53.42,51.49,48.79,3068.0,639.0,5662.0
32,Ourense,2021,9,2021M09,152.0,43.46,43.26,36.46,2997.0,622.0,5508.0
32,Ourense,2021,10,2021M10,149.0,40.47,39.28,34.71,2968.0,578.0,5446.0
32,Ourense,2021,11,2021M11,149.0,30.41,30.32,24.36,3000.0,580.0,5486.0
32,Ourense,2021,12,2021M12,144.0,25.9,24.46,21.97,2894.0,527.0,5300.0
32,Ourense,2022,1,2022M01,138.0,20.64,17.98,15.94,2660.0,384.0,4919.0
32,Ourense,2022,2,2022M02,150.0,30.64,37.39,24.39,2895.0,478.0,5334.0
32,Ourense,2022,3,2022M03,159.0,27.82,32.0,22.58,3145.0,596.0,5788.0
32,Ourense,2022,4,2022M04,157.0,36.66,39.05,31.52,3202.0,631.0,5937.0
32,Ourense,2022,5,2022M05,159.0,39.35,36.92,31.57,3203.0,620.0,5932.0
32,Ourense,2022,6,2022M06,158.0,42.15,48.6,34.68,3138.0,643.0,5808.0
32,Ourense,2022,7,2022M07,162.0,40.51,36.9,34.66,3262.0,681.0,6069.0
32,Ourense,2022,8,2022M08,166.0,54.54,55.08,49.8,3246.0,706.0,6053.0
32,Ourense,2022,9,2022M09,165.0,44.92,44.42,38.4,3233.0,664.0,6023.0
32,Ourense,2022,10,2022M10,166.0,41.97,41.92,35.56,3249.0,640.0,6031.0
32,Ourense,2022,11,2022M11,159.0,34.6,33.54,27.7,3170.0,624.0,5879.0
32,Ourense,2022,12,2022M12,145.0,28.43,29.59,24.3,2878.0,548.0,5362.0
32,Ourense,2023,1,2023M01,131.0,26.55,23.51,21.29,2644.0,366.0,4904.0
32,Ourense,2023,2,2023M02,145.0,33.34,39.93,26.81,2858.0,421.0,5317.0
32,Ourense,2023,3,2023M03,149.0,32.61,31.54,25.21,2929.0,497.0,5467.0
32,Ourense,2023,4,2023M04,155.0,41.95,41.15,36.01,3140.0,601.0,5824.0
32,Ourense,2023,5,2023M05,161.0,39.31,35.08,31.74,3188.0,618.0,5915.0
32,Ourense,2023,6,2023M06,161.0,42.22,38.16,34.96,3143.0,636.0,5832.0
32,Ourense,2023,7,2023M07,171.0,41.42,42.03,36.0,3297.0,683.0,6107.0
32,Ourense,2023,8,2023M08,166.0,52.47,51.54,48.35,3214.0,691.0,5983.0
32,Ourense,2023,9,2023M09,171.0,45.8,41.35,39.26,3314.0,658.0,6121.0
32,Ourense,2023,10,2023M10,169.0,41.06,43.69,35.02,3295.0,640.0,6089.0
32,Ourense,2023,11,2023M11,156.0,35.01,34.83,28.0,3082.0,588.0,5705.0
32,Ourense,2023,12,2023M12,150.0,30.78,35.35,27.28,2799.0,514.0,5190.0
32,Ourense,2024,1,2024M01,148.0,25.72,27.03,20.5,2748.0,412.0,5057.0
32,Ourense,2024,2,2024M02,148.0,31.33,33.72,25.06,2842.0,482.0,5252.0
32,Ourense,2024,3,2024M03,153.0,34.12,37.39,28.95,2904.0,527.0,5408.0
32,Ourense,2024,4,2024M04,160.0,34.25,31.08,28.43,3066.0,571.0,5714.0
32,Ourense,2024,5,2024M05,170.0,41.13,38.24,34.83,3279.0,621.0,6065.0
32,Ourense,2024,6,2024M06,174.0,40.89,40.07,35.01,3311.0,648.0,6138.0
32,Ourense,2024,7,2024M07,176.0,41.37,42.76,36.43,3336.0,689.0,6176.0
32,Ourense,2024,8,2024M08,177.0,51.44,48.96,48.89,3248.0,681.0,6036.0
32,Ourense,2024,9,2024M09,179.0,46.55,41.49,40.04,3374.0,700.0,6256.0
32,Ourense,2024,10,2024M10,164.0,43.26,40.64,36.33,3241.0,648.0,6036.0
32,Ourense,2024,11,2024M11,157.0,37.37,35.24,30.33,2919.0,564.0,5449.0
32,Ourense,2024,12,2024M12,150.0,31.24,38.63,26.82,2735.0,538.0,5108.0
32,Ourense,2025,1,2025M01,138.0,25.34,26.83,20.21,2388.0,382.0,4501.0
32,Ourense,2025,2,2025M02,153.0,26.97,31.18,21.47,2848.0,474.0,5343.0
32,Ourense,2025,3,2025M03,156.0,31.71,32.1,25.61,2969.0,558.0,5602.0
32,Ourense,2025,4,2025M04,167.0,36.27,41.01,31.81,3186.0,615.0,5990.0
32,Ourense,2025,5,2025M05,165.0,38.77,39.81,32.72,3145.0,622.0,5907.0
32,Ourense,2025,6,2025M06,169.0,40.09,38.59,33.68,3212.0,641.0,6040.0
32,Ourense,2025,7,2025M07,164.0,43.01,42.45,37.7,3101.0,663.0,5807.0
32,Ourense,2025,8,2025M08,165.0,46.42,42.85,41.93,3143.0,667.0,5925.0
32,Ourense,2025,9,2025M09,165.0,45.25,41.89,38.24,3200.0,658.0,6013.0
32,Ourense,2025,10,2025M10,163.0,40.69,40.36,33.68,3137.0,628.0,5903.0
32,Ourense,2025,11,2025M11,168.0,35.37,34.29,28.61,3183.0,625.0,5987.0
32,Ourense,2025,12,2025M12,151.0,31.77,36.23,27.65,2930.0,645.0,5503.0
33,Asturias,2015,1,2015M01,386.0,24.55,23.48,19.57,9068.0,1813.0,17444.0
33,Asturias,2015,2,2015M02,413.0,28.52,26.37,22.45,9696.0,1977.0,18623.0
33,Asturias,2015,3,2015M03,454.0,34.0,40.78,28.11,10482.0,2169.0,20173.0
33,Asturias,2015,4,2015M04,592.0,36.74,48.73,33.61,13102.0,2691.0,25314.0
33,Asturias,2015,5,2015M05,603.0,33.59,39.69,28.67,13434.0,2736.0,25949.0
33,Asturias,2015,6,2015M06,636.0,41.88,52.31,37.34,13972.0,2946.0,26977.0
33,Asturias,2015,7,2015M07,697.0,56.8,66.22,54.22,14973.0,3417.0,29006.0
33,Asturias,2015,8,2015M08,705.0,75.07,74.78,72.9,15108.0,3726.0,29269.0
33,Asturias,2015,9,2015M09,641.0,51.34,59.17,46.83,14347.0,3165.0,27730.0
33,Asturias,2015,10,2015M10,516.0,40.22,45.56,34.84,12216.0,2639.0,23540.0
33,Asturias,2015,11,2015M11,445.0,31.83,35.92,25.84,10644.0,2251.0,20461.0
33,Asturias,2015,12,2015M12,401.0,29.8,28.12,26.12,9525.0,2093.0,18325.0
33,Asturias,2016,1,2016M01,364.0,26.71,25.46,21.54,8937.0,1888.0,17224.0
33,Asturias,2016,2,2016M02,375.0,32.14,32.28,24.93,9287.0,1961.0,17806.0
33,Asturias,2016,3,2016M03,484.0,38.47,51.01,34.18,11646.0,2575.0,22455.0
33,Asturias,2016,4,2016M04,562.0,33.32,37.81,27.18,12854.0,2724.0,24738.0
33,Asturias,2016,5,2016M05,582.0,37.04,40.7,30.2,13361.0,2882.0,25838.0
33,Asturias,2016,6,2016M06,632.0,43.96,51.3,37.59,14213.0,3124.0,27531.0
33,Asturias,2016,7,2016M07,677.0,60.42,64.95,56.76,14595.0,3526.0,28361.0
33,Asturias,2016,8,2016M08,685.0,78.45,79.63,75.76,14551.0,3766.0,28296.0
33,Asturias,2016,9,2016M09,645.0,54.51,58.39,49.16,14168.0,3345.0,27540.0
33,Asturias,2016,10,2016M10,529.0,46.3,50.22,39.24,12492.0,2885.0,24075.0
33,Asturias,2016,11,2016M11,437.0,33.33,33.7,25.54,10525.0,2284.0,20244.0
33,Asturias,2016,12,2016M12,409.0,30.7,30.86,26.04,10140.0,2208.0,19606.0
33,Asturias,2017,1,2017M01,376.0,25.95,28.09,20.65,9335.0,2012.0,17940.0
33,Asturias,2017,2,2017M02,398.0,30.69,32.44,24.35,9935.0,2074.0,19099.0
33,Asturias,2017,3,2017M03,446.0,33.72,35.8,26.55,10633.0,2265.0,20404.0
33,Asturias,2017,4,2017M04,591.0,44.7,55.28,40.77,13347.0,2901.0,25716.0
33,Asturias,2017,5,2017M05,613.0,38.15,41.83,31.77,13927.0,2951.0,26941.0
33,Asturias,2017,6,2017M06,645.0,45.08,48.42,39.09,14401.0,3163.0,27841.0
33,Asturias,2017,7,2017M07,708.0,60.49,65.17,57.28,15049.0,3597.0,29224.0
33,Asturias,2017,8,2017M08,714.0,75.56,79.03,74.13,15098.0,3837.0,29319.0
33,Asturias,2017,9,2017M09,666.0,54.5,55.7,49.24,14594.0,3405.0,28323.0
33,Asturias,2017,10,2017M10,538.0,43.4,54.83,37.79,12597.0,2841.0,24334.0
33,Asturias,2017,11,2017M11,466.0,31.52,33.81,25.08,11004.0,2363.0,21202.0
33,Asturias,2017,12,2017M12,411.0,30.13,31.68,26.76,10175.0,2220.0,19564.0
33,Asturias,2018,1,2018M01,370.0,24.18,23.73,18.96,9296.0,1946.0,18008.0
33,Asturias,2018,2,2018M02,410.0,29.52,31.56,23.14,10127.0,2099.0,19584.0
33,Asturias,2018,3,2018M03,508.0,36.15,43.17,32.03,11691.0,2509.0,22715.0
33,Asturias,2018,4,2018M04,579.0,36.83,39.95,32.07,13082.0,2842.0,25386.0
33,Asturias,2018,5,2018M05,612.0,40.42,44.56,34.81,13711.0,2964.0,26658.0
33,Asturias,2018,6,2018M06,637.0,46.29,49.75,41.42,14207.0,3169.0,27646.0
33,Asturias,2018,7,2018M07,696.0,56.2,64.84,53.13,14969.0,3614.0,29199.0
33,Asturias,2018,8,2018M08,708.0,75.72,75.87,73.77,15081.0,3870.0,29372.0
33,Asturias,2018,9,2018M09,656.0,55.64,59.29,50.84,14465.0,3406.0,28142.0
33,Asturias,2018,10,2018M10,545.0,42.45,54.83,36.75,12968.0,2920.0,25227.0
33,Asturias,2018,11,2018M11,472.0,33.89,41.62,27.57,11276.0,2365.0,21812.0
33,Asturias,2018,12,2018M12,429.0,30.62,37.03,26.57,10307.0,2212.0,20041.0
33,Asturias,2019,1,2019M01,357.0,26.0,25.16,20.52,8600.0,1760.0,16424.0
33,Asturias,2019,2,2019M02,380.0,32.51,35.92,25.72,9130.0,1881.0,17518.0
33,Asturias,2019,3,2019M03,449.0,34.55,44.87,29.1,10401.0,2166.0,19972.0
33,Asturias,2019,4,2019M04,597.0,41.01,48.63,37.12,13680.0,2909.0,26662.0
33,Asturias,2019,5,2019M05,637.0,41.13,45.42,35.48,14193.0,3001.0,27655.0
33,Asturias,2019,6,2019M06,654.0,47.45,56.08,42.83,14525.0,3240.0,28313.0
33,Asturias,2019,7,2019M07,702.0,61.0,68.22,58.03,15056.0,3650.0,29319.0
33,Asturias,2019,8,2019M08,713.0,78.19,74.9,76.43,15167.0,3831.0,29498.0
33,Asturias,2019,9,2019M09,668.0,57.2,62.0,52.11,14759.0,3456.0,28732.0
33,Asturias,2019,10,2019M10,556.0,44.3,53.12,37.98,13064.0,2879.0,25368.0
33,Asturias,2019,11,2019M11,460.0,35.32,40.83,29.03,11034.0,2287.0,21360.0
33,Asturias,2019,12,2019M12,411.0,31.84,41.54,28.13,9992.0,2141.0,19411.0
33,Asturias,2020,1,2020M01,338.0,30.05,35.5,25.34,8442.0,1734.0,16198.0
33,Asturias,2020,2,2020M02,370.0,36.28,43.81,30.45,9069.0,1838.0,17387.0
33,Asturias,2020,3,2020M03,344.0,19.66,18.85,15.27,6896.0,1315.0,13332.0
33,Asturias,2020,4,2020M04,0.0,0.0,0.0,0.0,0.0,0.0,0.0
33,Asturias,2020,5,2020M05,87.0,15.28,5.08,9.44,2115.0,176.0,4147.0
33,Asturias,2020,6,2020M06,247.0,22.11,18.0,17.33,4968.0,705.0,9712.0
33,Asturias,2020,7,2020M07,604.0,51.87,58.76,49.83,13269.0,2823.0,25956.0
33,Asturias,2020,8,2020M08,646.0,70.54,67.54,68.23,14102.0,3251.0,27552.0
33,Asturias,2020,9,2020M09,582.0,38.44,44.42,34.51,13271.0,2627.0,25887.0
33,Asturias,2020,10,2020M10,454.0,22.82,22.35,18.71,10716.0,1873.0,20834.0
33,Asturias,2020,11,2020M11,189.0,12.83,4.58,8.03,5517.0,780.0,10720.0
33,Asturias,2020,12,2020M12,137.0,16.05,11.21,11.31,4208.0,682.0,8137.0
33,Asturias,2021,1,2021M01,163.0,17.28,9.86,11.97,4481.0,675.0,8652.0
33,Asturias,2021,2,2021M02,166.0,19.8,11.34,12.82,4638.0,680.0,8894.0
33,Asturias,2021,3,2021M03,180.0,21.06,12.96,14.02,5322.0,789.0,10331.0
33,Asturias,2021,4,2021M04,213.0,21.57,13.46,14.67,5665.0,838.0,10980.0
33,Asturias,2021,5,2021M05,379.0,27.24,28.83,21.31,8313.0,1355.0,16087.0
33,Asturias,2021,6,2021M06,545.0,36.94,44.45,32.4,11871.0,2275.0,23153.0
33,Asturias,2021,7,2021M07,657.0,61.85,64.33,58.57,14430.0,3294.0,28222.0
33,Asturias,2021,8,2021M08,674.0,82.32,81.25,78.13,14747.0,3596.0,28817.0
33,Asturias,2021,9,2021M09,629.0,54.87,63.06,49.32,14340.0,3201.0,28030.0
33,Asturias,2021,10,2021M10,514.0,47.29,51.16,42.28,12472.0,2585.0,24398.0
33,Asturias,2021,11,2021M11,429.0,32.74,35.31,27.16,10487.0,2103.0,20410.0
33,Asturias,2021,12,2021M12,381.0,30.34,29.93,26.96,9514.0,1915.0,18509.0
33,Asturias,2022,1,2022M01,318.0,25.4,26.68,20.69,8308.0,1540.0,16105.0
33,Asturias,2022,2,2022M02,350.0,33.96,37.15,27.34,8793.0,1566.0,17065.0
33,Asturias,2022,3,2022M03,401.0,33.71,38.24,26.87,9856.0,1896.0,19085.0
33,Asturias,2022,4,2022M04,547.0,43.37,45.8,38.68,12418.0,2592.0,24230.0
33,Asturias,2022,5,2022M05,568.0,43.65,49.24,36.19,12829.0,2705.0,25041.0
33,Asturias,2022,6,2022M06,618.0,51.27,56.3,44.79,13829.0,3091.0,27012.0
33,Asturias,2022,7,2022M07,662.0,66.24,68.79,61.63,14435.0,3508.0,28169.0
33,Asturias,2022,8,2022M08,681.0,77.77,79.88,73.66,14592.0,3696.0,28479.0
33,Asturias,2022,9,2022M09,625.0,57.18,59.31,51.16,14120.0,3275.0,27504.0
33,Asturias,2022,10,2022M10,529.0,49.07,51.65,42.06,12866.0,2793.0,24999.0
33,Asturias,2022,11,2022M11,421.0,37.62,40.56,30.52,10375.0,2146.0,20120.0
33,Asturias,2022,12,2022M12,370.0,34.93,34.16,30.38,9256.0,1912.0,17966.0
33,Asturias,2023,1,2023M01,342.0,30.95,30.32,25.0,8605.0,1675.0,16643.0
33,Asturias,2023,2,2023M02,369.0,37.24,42.01,29.34,9418.0,1864.0,18256.0
33,Asturias,2023,3,2023M03,437.0,38.9,41.38,31.34,10665.0,2170.0,20683.0
33,Asturias,2023,4,2023M04,588.0,48.25,53.94,43.2,13537.0,2969.0,26346.0
33,Asturias,2023,5,2023M05,588.0,43.78,45.39,36.55,13610.0,3026.0,26496.0
33,Asturias,2023,6,2023M06,619.0,55.48,57.73,48.09,14118.0,3252.0,27471.0
33,Asturias,2023,7,2023M07,668.0,68.36,70.01,63.32,14702.0,3659.0,28663.0
33,Asturias,2023,8,2023M08,688.0,78.1,76.77,72.62,14875.0,3852.0,29019.0
33,Asturias,2023,9,2023M09,647.0,62.1,59.4,55.14,14429.0,3392.0,28114.0
33,Asturias,2023,10,2023M10,543.0,51.68,57.79,44.5,13076.0,2969.0,25451.0
33,Asturias,2023,11,2023M11,411.0,40.55,40.93,31.96,10575.0,2291.0,20585.0
33,Asturias,2023,12,2023M12,373.0,38.22,37.45,33.69,9535.0,2099.0,18563.0
33,Asturias,2024,1,2024M01,330.0,34.46,33.73,27.88,8997.0,1814.0,17469.0
33,Asturias,2024,2,2024M02,357.0,37.62,39.71,29.42,9523.0,2003.0,18531.0
33,Asturias,2024,3,2024M03,470.0,45.27,51.94,39.47,11272.0,2453.0,22029.0
33,Asturias,2024,4,2024M04,535.0,41.71,42.73,34.96,12963.0,2849.0,25365.0
33,Asturias,2024,5,2024M05,576.0,48.76,53.22,41.07,13249.0,2986.0,25875.0
33,Asturias,2024,6,2024M06,610.0,55.63,56.67,47.92,14042.0,3289.0,27389.0
33,Asturias,2024,7,2024M07,670.0,67.63,71.89,60.76,14739.0,3626.0,28864.0
33,Asturias,2024,8,2024M08,683.0,79.7,74.48,74.44,14856.0,3784.0,29110.0
33,Asturias,2024,9,2024M09,621.0,64.6,62.97,56.37,14222.0,3345.0,27824.0
33,Asturias,2024,10,2024M10,509.0,52.1,54.49,43.72,12513.0,2896.0,24408.0
33,Asturias,2024,11,2024M11,414.0,44.74,50.21,35.95,10617.0,2427.0,20685.0
33,Asturias,2024,12,2024M12,361.0,37.9,44.08,31.85,9893.0,2223.0,19295.0
33,Asturias,2025,1,2025M01,332.0,33.51,33.19,26.36,8869.0,2028.0,17337.0
33,Asturias,2025,2,2025M02,347.0,39.6,42.43,30.44,9245.0,2113.0,18103.0
33,Asturias,2025,3,2025M03,383.0,42.16,44.06,33.67,10046.0,2355.0,19768.0
33,Asturias,2025,4,2025M04,505.0,46.52,50.6,40.69,12122.0,2855.0,23802.0
33,Asturias,2025,5,2025M05,536.0,49.44,54.61,41.21,12597.0,3078.0,24788.0
33,Asturias,2025,6,2025M06,559.0,55.02,60.02,47.35,13139.0,3272.0,25767.0
33,Asturias,2025,7,2025M07,627.0,69.56,74.28,62.94,14135.0,3641.0,27841.0
33,Asturias,2025,8,2025M08,645.0,78.51,72.57,74.26,14279.0,3692.0,28128.0
33,Asturias,2025,9,2025M09,590.0,61.33,64.13,53.54,13446.0,3288.0,26441.0
33,Asturias,2025,10,2025M10,468.0,54.02,55.7,44.46,11418.0,2902.0,22458.0
33,Asturias,2025,11,2025M11,394.0,45.04,49.14,35.82,10074.0,2525.0,19906.0
33,Asturias,2025,12,2025M12,345.0,41.06,45.77,34.1,9042.0,2318.0,17882.0
34,Palencia,2015,1,2015M01,65.0,28.04,22.33,21.96,1246.0,220.0,2261.0
34,Palencia,2015,2,2015M02,71.0,29.27,23.36,21.18,1306.0,233.0,2379.0
34,Palencia,2015,3,2015M03,77.0,32.58,27.93,25.62,1468.0,256.0,2688.0
34,Palencia,2015,4,2015M04,86.0,31.14,27.89,25.92,1702.0,316.0,3121.0
34,Palencia,2015,5,2015M05,84.0,39.8,44.52,33.67,1665.0,296.0,3051.0
34,Palencia,2015,6,2015M06,84.0,38.48,38.58,31.16,1679.0,303.0,3080.0
34,Palencia,2015,7,2015M07,89.0,37.76,37.99,34.17,1725.0,319.0,3160.0
34,Palencia,2015,8,2015M08,90.0,49.23,54.51,45.5,1735.0,334.0,3180.0
34,Palencia,2015,9,2015M09,85.0,44.14,45.46,36.33,1674.0,310.0,3072.0
34,Palencia,2015,10,2015M10,88.0,40.39,36.46,31.54,1703.0,297.0,3124.0
34,Palencia,2015,11,2015M11,85.0,32.34,26.96,24.75,1662.0,273.0,3050.0
34,Palencia,2015,12,2015M12,64.0,28.42,29.37,23.61,1325.0,221.0,2432.0
34,Palencia,2016,1,2016M01,66.0,29.73,22.44,23.03,1327.0,233.0,2427.0
34,Palencia,2016,2,2016M02,69.0,31.67,22.75,23.19,1348.0,222.0,2482.0
34,Palencia,2016,3,2016M03,83.0,35.87,37.11,30.17,1610.0,288.0,2962.0
34,Palencia,2016,4,2016M04,85.0,35.66,32.92,28.6,1726.0,302.0,3176.0
34,Palencia,2016,5,2016M05,85.0,40.88,32.79,32.7,1720.0,318.0,3166.0
34,Palencia,2016,6,2016M06,91.0,39.55,40.93,32.32,1788.0,321.0,3278.0
34,Palencia,2016,7,2016M07,91.0,43.9,41.14,38.27,1781.0,324.0,3252.0
34,Palencia,2016,8,2016M08,91.0,54.29,57.36,50.45,1771.0,327.0,3235.0
34,Palencia,2016,9,2016M09,81.0,44.55,45.89,36.53,1666.0,303.0,3061.0
34,Palencia,2016,10,2016M10,82.0,44.07,42.98,35.34,1673.0,282.0,3065.0
34,Palencia,2016,11,2016M11,74.0,37.65,29.53,28.59,1555.0,264.0,2850.0
34,Palencia,2016,12,2016M12,58.0,29.88,25.45,25.44,1289.0,206.0,2329.0
34,Palencia,2017,1,2017M01,62.0,26.8,24.63,21.62,1231.0,209.0,2233.0
34,Palencia,2017,2,2017M02,63.0,35.4,30.98,27.54,1268.0,206.0,2304.0
34,Palencia,2017,3,2017M03,73.0,31.41,28.46,25.36,1515.0,259.0,2753.0
34,Palencia,2017,4,2017M04,80.0,40.15,43.87,35.97,1655.0,292.0,3023.0
34,Palencia,2017,5,2017M05,82.0,39.88,43.06,32.99,1673.0,295.0,3052.0
34,Palencia,2017,6,2017M06,76.0,42.26,51.83,35.86,1622.0,291.0,2955.0
34,Palencia,2017,7,2017M07,82.0,42.42,47.85,37.65,1666.0,301.0,3021.0
34,Palencia,2017,8,2017M08,86.0,50.26,56.28,47.32,1705.0,323.0,3100.0
34,Palencia,2017,9,2017M09,71.0,44.87,41.49,38.22,1590.0,307.0,2905.0
34,Palencia,2017,10,2017M10,72.0,41.51,49.18,34.69,1574.0,289.0,2875.0
34,Palencia,2017,11,2017M11,63.0,33.41,30.76,26.72,1433.0,263.0,2621.0
34,Palencia,2017,12,2017M12,64.0,31.11,27.27,27.0,1443.0,236.0,2608.0
34,Palencia,2018,1,2018M01,53.0,26.62,18.26,21.59,1177.0,206.0,2115.0
34,Palencia,2018,2,2018M02,56.0,29.45,21.88,23.45,1230.0,206.0,2233.0
34,Palencia,2018,3,2018M03,68.0,31.45,34.56,27.09,1480.0,285.0,2711.0
34,Palencia,2018,4,2018M04,77.0,33.95,30.44,30.63,1663.0,299.0,3048.0
34,Palencia,2018,5,2018M05,78.0,39.74,37.58,33.36,1659.0,308.0,3039.0
34,Palencia,2018,6,2018M06,77.0,44.98,46.27,38.79,1648.0,316.0,3017.0
34,Palencia,2018,7,2018M07,80.0,45.77,47.59,40.46,1687.0,326.0,3070.0
34,Palencia,2018,8,2018M08,81.0,54.8,55.84,51.36,1700.0,322.0,3096.0
34,Palencia,2018,9,2018M09,74.0,45.99,45.66,39.69,1637.0,316.0,2996.0
34,Palencia,2018,10,2018M10,70.0,44.35,50.95,38.3,1593.0,304.0,2908.0
34,Palencia,2018,11,2018M11,61.0,37.38,41.29,31.05,1416.0,245.0,2579.0
34,Palencia,2018,12,2018M12,55.0,34.4,34.3,30.55,1300.0,234.0,2338.0
34,Palencia,2019,1,2019M01,56.0,31.66,25.14,26.2,1205.0,217.0,2177.0
34,Palencia,2019,2,2019M02,62.0,33.74,25.75,26.35,1269.0,211.0,2294.0
34,Palencia,2019,3,2019M03,65.0,33.93,38.96,29.35,1420.0,258.0,2595.0
34,Palencia,2019,4,2019M04,77.0,39.62,43.82,34.26,1656.0,309.0,3034.0
34,Palencia,2019,5,2019M05,79.0,43.43,46.83,36.14,1668.0,318.0,3056.0
34,Palencia,2019,6,2019M06,77.0,43.39,45.85,37.93,1648.0,323.0,3015.0
34,Palencia,2019,7,2019M07,76.0,45.65,47.92,39.53,1656.0,330.0,3016.0
34,Palencia,2019,8,2019M08,81.0,54.0,57.22,51.31,1690.0,327.0,3082.0
34,Palencia,2019,9,2019M09,74.0,47.4,49.49,40.5,1629.0,324.0,2986.0
34,Palencia,2019,10,2019M10,70.0,39.88,44.12,33.55,1568.0,290.0,2855.0
34,Palencia,2019,11,2019M11,62.0,36.51,29.73,29.45,1472.0,274.0,2701.0
34,Palencia,2019,12,2019M12,56.0,34.86,42.17,30.33,1311.0,230.0,2365.0
34,Palencia,2020,1,2020M01,63.0,32.31,28.28,26.43,1221.0,208.0,2215.0
34,Palencia,2020,2,2020M02,66.0,34.32,32.97,28.55,1288.0,219.0,2344.0
34,Palencia,2020,3,2020M03,60.0,26.97,26.61,20.62,1005.0,164.0,1852.0
34,Palencia,2020,4,2020M04,0.0,0.0,0.0,0.0,0.0,0.0,0.0
34,Palencia,2020,5,2020M05,,,,,,,
34,Palencia,2020,6,2020M06,,,,,,,
34,Palencia,2020,7,2020M07,68.0,36.1,31.01,31.36,1388.0,265.0,2562.0
34,Palencia,2020,8,2020M08,68.0,45.55,46.25,40.91,1389.0,252.0,2589.0
34,Palencia,2020,9,2020M09,62.0,31.79,28.64,25.83,1416.0,243.0,2635.0
34,Palencia,2020,10,2020M10,58.0,29.92,20.54,23.27,1167.0,188.0,2133.0
34,Palencia,2020,11,2020M11,40.0,29.32,14.24,19.76,890.0,154.0,1622.0
34,Palencia,2020,12,2020M12,29.0,24.26,15.95,16.21,674.0,108.0,1213.0
34,Palencia,2021,1,2021M01,32.0,21.7,11.04,14.31,710.0,111.0,1289.0
34,Palencia,2021,2,2021M02,30.0,29.62,12.11,18.98,684.0,108.0,1244.0
34,Palencia,2021,3,2021M03,47.0,24.99,13.92,17.04,932.0,159.0,1719.0
34,Palencia,2021,4,2021M04,49.0,27.52,18.91,19.11,914.0,160.0,1702.0
34,Palencia,2021,5,2021M05,57.0,31.02,22.56,24.32,1039.0,177.0,1937.0
34,Palencia,2021,6,2021M06,66.0,34.05,38.7,27.2,1397.0,266.0,2606.0
34,Palencia,2021,7,2021M07,72.0,46.22,43.22,40.54,1495.0,294.0,2769.0
34,Palencia,2021,8,2021M08,73.0,61.1,59.96,56.46,1502.0,335.0,2786.0
34,Palencia,2021,9,2021M09,69.0,49.24,47.63,40.29,1468.0,300.0,2731.0
34,Palencia,2021,10,2021M10,69.0,43.89,45.85,39.26,1425.0,275.0,2634.0
34,Palencia,2021,11,2021M11,59.0,41.3,39.78,31.54,1246.0,222.0,2288.0
34,Palencia,2021,12,2021M12,51.0,30.15,31.09,25.12,1099.0,165.0,1982.0
34,Palencia,2022,1,2022M01,43.0,32.26,22.79,24.39,1041.0,163.0,1856.0
34,Palencia,2022,2,2022M02,53.0,43.95,32.07,33.75,1157.0,186.0,2068.0
34,Palencia,2022,3,2022M03,58.0,45.82,34.72,34.33,1206.0,195.0,2168.0
34,Palencia,2022,4,2022M04,70.0,44.12,41.71,37.0,1479.0,236.0,2705.0
34,Palencia,2022,5,2022M05,71.0,46.61,41.93,37.5,1495.0,253.0,2722.0
34,Palencia,2022,6,2022M06,72.0,47.5,50.93,39.65,1565.0,287.0,2861.0
34,Palencia,2022,7,2022M07,79.0,47.59,46.75,41.97,1632.0,311.0,2979.0
34,Palencia,2022,8,2022M08,79.0,58.88,61.57,54.61,1635.0,330.0,2983.0
34,Palencia,2022,9,2022M09,73.0,50.14,52.39,43.23,1534.0,317.0,2823.0
34,Palencia,2022,10,2022M10,64.0,43.64,49.3,38.42,1488.0,290.0,2712.0
34,Palencia,2022,11,2022M11,58.0,38.44,37.46,31.37,1336.0,250.0,2424.0
34,Palencia,2022,12,2022M12,40.0,35.19,35.77,30.62,979.0,161.0,1751.0
34,Palencia,2023,1,2023M01,44.0,35.09,25.5,27.68,1037.0,178.0,1887.0
34,Palencia,2023,2,2023M02,50.0,41.34,36.9,31.16,1188.0,187.0,2157.0
34,Palencia,2023,3,2023M03,62.0,42.38,40.19,33.41,1365.0,241.0,2496.0
34,Palencia,2023,4,2023M04,69.0,48.14,47.6,41.41,1538.0,293.0,2858.0
34,Palencia,2023,5,2023M05,68.0,46.59,41.76,37.93,1527.0,288.0,2835.0
34,Palencia,2023,6,2023M06,71.0,52.69,52.2,42.79,1569.0,300.0,2918.0
34,Palencia,2023,7,2023M07,75.0,55.27,57.62,48.54,1608.0,327.0,2977.0
34,Palencia,2023,8,2023M08,74.0,66.49,65.26,61.52,1608.0,340.0,2981.0
34,Palencia,2023,9,2023M09,69.0,58.75,56.49,48.95,1567.0,328.0,2911.0
34,Palencia,2023,10,2023M10,69.0,47.41,46.88,38.62,1546.0,325.0,2868.0
34,Palencia,2023,11,2023M11,59.0,44.25,39.58,34.24,1344.0,269.0,2478.0
34,Palencia,2023,12,2023M12,42.0,40.36,34.22,35.2,1046.0,183.0,1917.0
34,Palencia,2024,1,2024M01,41.0,40.11,28.3,32.48,969.0,188.0,1762.0
34,Palencia,2024,2,2024M02,44.0,43.42,33.81,32.34,1082.0,199.0,1990.0
34,Palencia,2024,3,2024M03,63.0,37.3,30.24,30.44,1501.0,288.0,2777.0
34,Palencia,2024,4,2024M04,71.0,44.83,37.31,36.74,1571.0,310.0,2923.0
34,Palencia,2024,5,2024M05,74.0,50.65,45.58,41.51,1589.0,333.0,3004.0
34,Palencia,2024,6,2024M06,76.0,49.56,49.58,42.34,1659.0,326.0,3112.0
34,Palencia,2024,7,2024M07,79.0,56.38,50.91,45.64,1657.0,338.0,3108.0
34,Palencia,2024,8,2024M08,79.0,61.66,53.17,54.17,1700.0,351.0,3169.0
34,Palencia,2024,9,2024M09,76.0,61.13,52.08,48.32,1653.0,335.0,3083.0
34,Palencia,2024,10,2024M10,73.0,57.16,51.89,44.45,1643.0,330.0,3062.0
34,Palencia,2024,11,2024M11,65.0,44.29,33.62,33.33,1568.0,298.0,2918.0
34,Palencia,2024,12,2024M12,45.0,43.81,41.12,33.52,1239.0,217.0,2304.0
34,Palencia,2025,1,2025M01,54.0,41.25,22.13,29.92,1131.0,213.0,2091.0
34,Palencia,2025,2,2025M02,56.0,53.56,33.12,37.28,1240.0,223.0,2300.0
34,Palencia,2025,3,2025M03,72.0,44.94,32.68,32.65,1477.0,286.0,2739.0
34,Palencia,2025,4,2025M04,77.0,53.03,44.18,41.16,1660.0,336.0,3130.0
34,Palencia,2025,5,2025M05,74.0,56.59,49.23,44.47,1677.0,339.0,3145.0
34,Palencia,2025,6,2025M06,77.0,53.42,48.86,43.48,1696.0,334.0,3184.0
34,Palencia,2025,7,2025M07,78.0,56.59,55.52,46.71,1704.0,359.0,3200.0
34,Palencia,2025,8,2025M08,77.0,66.94,60.41,55.87,1700.0,353.0,3191.0
34,Palencia,2025,9,2025M09,75.0,61.89,52.36,47.1,1650.0,348.0,3114.0
34,Palencia,2025,10,2025M10,70.0,55.95,49.16,40.99,1563.0,278.0,2920.0
34,Palencia,2025,11,2025M11,70.0,47.14,36.01,34.03,1555.0,271.0,2899.0
34,Palencia,2025,12,2025M12,50.0,39.5,32.72,29.29,1306.0,234.0,2417.0
35,"Palmas, Las",2015,1,2015M01,273.0,82.97,72.01,71.46,62305.0,23533.0,139937.0
35,"Palmas, Las",2015,2,2015M02,272.0,83.6,73.64,73.84,62056.0,23305.0,139491.0
35,"Palmas, Las",2015,3,2015M03,274.0,83.95,72.81,72.63,62461.0,23270.0,140305.0
35,"Palmas, Las",2015,4,2015M04,274.0,73.53,69.65,67.73,62502.0,23228.0,140543.0
35,"Palmas, Las",2015,5,2015M05,267.0,73.01,67.78,65.62,61459.0,23264.0,137864.0
35,"Palmas, Las",2015,6,2015M06,265.0,78.72,73.35,71.51,61654.0,23166.0,138543.0
35,"Palmas, Las",2015,7,2015M07,268.0,84.93,80.57,83.61,61886.0,24192.0,138786.0
35,"Palmas, Las",2015,8,2015M08,267.0,88.98,82.88,88.68,61965.0,24356.0,139103.0
35,"Palmas, Las",2015,9,2015M09,270.0,86.92,78.39,78.01,61461.0,24335.0,137796.0
35,"Palmas, Las",2015,10,2015M10,271.0,86.33,78.04,78.4,62034.0,23874.0,139699.0
35,"Palmas, Las",2015,11,2015M11,281.0,88.26,76.03,75.56,63796.0,24930.0,144262.0
35,"Palmas, Las",2015,12,2015M12,282.0,80.44,68.89,70.86,63941.0,25283.0,144576.0
35,"Palmas, Las",2016,1,2016M01,279.0,84.08,74.19,73.0,63994.0,25114.0,144835.0
35,"Palmas, Las",2016,2,2016M02,278.0,86.76,75.44,76.4,64048.0,24884.0,145061.0
35,"Palmas, Las",2016,3,2016M03,277.0,88.94,80.41,79.96,63774.0,25048.0,144416.0
35,"Palmas, Las",2016,4,2016M04,271.0,82.43,72.19,74.13,63074.0,24693.0,143437.0
35,"Palmas, Las",2016,5,2016M05,263.0,81.05,73.26,72.27,62323.0,24649.0,141381.0
35,"Palmas, Las",2016,6,2016M06,259.0,85.95,77.33,77.63,62745.0,26013.0,142676.0
35,"Palmas, Las",2016,7,2016M07,271.0,89.13,86.99,86.33,64042.0,26838.0,145719.0
35,"Palmas, Las",2016,8,2016M08,272.0,91.07,89.24,90.38,64013.0,26212.0,145616.0
35,"Palmas, Las",2016,9,2016M09,274.0,90.9,80.43,81.18,64153.0,26362.0,145952.0
35,"Palmas, Las",2016,10,2016M10,275.0,89.82,82.61,82.32,64244.0,26265.0,146235.0
35,"Palmas, Las",2016,11,2016M11,279.0,90.74,78.62,77.94,64527.0,26205.0,147033.0
35,"Palmas, Las",2016,12,2016M12,283.0,81.91,72.92,72.21,65352.0,26810.0,149090.0
35,"Palmas, Las",2017,1,2017M01,281.0,86.75,74.9,75.99,65189.0,26471.0,148784.0
35,"Palmas, Las",2017,2,2017M02,282.0,86.37,76.65,76.57,65611.0,26692.0,149628.0
35,"Palmas, Las",2017,3,2017M03,285.0,88.26,77.15,76.11,66293.0,27031.0,151443.0
35,"Palmas, Las",2017,4,2017M04,285.0,83.02,77.54,78.1,65887.0,26849.0,150439.0
35,"Palmas, Las",2017,5,2017M05,275.0,80.67,73.48,71.4,63454.0,26091.0,145011.0
35,"Palmas, Las",2017,6,2017M06,279.0,85.78,79.17,78.64,64281.0,26665.0,146825.0
35,"Palmas, Las",2017,7,2017M07,284.0,86.91,85.36,84.51,65598.0,27471.0,150308.0
35,"Palmas, Las",2017,8,2017M08,283.0,90.31,88.15,88.55,65697.0,27902.0,150601.0
35,"Palmas, Las",2017,9,2017M09,286.0,91.09,80.36,80.58,66154.0,28011.0,151601.0
35,"Palmas, Las",2017,10,2017M10,286.0,88.95,81.86,81.02,66181.0,27928.0,151430.0
35,"Palmas, Las",2017,11,2017M11,284.0,90.41,78.36,77.86,65467.0,28051.0,149523.0
35,"Palmas, Las",2017,12,2017M12,288.0,80.75,72.19,71.31,66081.0,28412.0,150732.0
35,"Palmas, Las",2018,1,2018M01,287.0,85.55,75.28,75.08,65448.0,27706.0,149031.0
35,"Palmas, Las",2018,2,2018M02,286.0,86.98,76.44,77.42,65738.0,27762.0,149725.0
35,"Palmas, Las",2018,3,2018M03,288.0,87.35,77.56,77.24,65530.0,27829.0,149193.0
35,"Palmas, Las",2018,4,2018M04,281.0,79.35,73.34,72.47,64033.0,26785.0,146665.0
35,"Palmas, Las",2018,5,2018M05,276.0,78.15,72.85,71.19,62494.0,26059.0,142085.0
35,"Palmas, Las",2018,6,2018M06,275.0,82.67,75.64,74.62,63844.0,26308.0,146479.0
35,"Palmas, Las",2018,7,2018M07,281.0,83.8,83.12,80.8,65669.0,28030.0,150669.0
35,"Palmas, Las",2018,8,2018M08,283.0,88.1,85.23,85.75,65499.0,28190.0,150836.0
35,"Palmas, Las",2018,9,2018M09,286.0,88.97,76.82,77.35,66475.0,28569.0,153286.0
35,"Palmas, Las",2018,10,2018M10,286.0,85.8,78.74,77.92,66516.0,28451.0,153342.0
35,"Palmas, Las",2018,11,2018M11,286.0,84.75,72.48,71.91,66628.0,28495.0,153461.0
35,"Palmas, Las",2018,12,2018M12,289.0,75.16,66.89,65.13,66681.0,28155.0,153554.0
35,"Palmas, Las",2019,1,2019M01,290.0,79.1,67.55,67.65,67076.0,28282.0,154767.0
35,"Palmas, Las",2019,2,2019M02,289.0,78.57,67.81,68.78,66882.0,27371.0,154103.0
35,"Palmas, Las",2019,3,2019M03,292.0,83.49,71.51,71.38,66903.0,27445.0,154135.0
35,"Palmas, Las",2019,4,2019M04,290.0,74.69,71.47,69.98,66394.0,27169.0,152985.0
35,"Palmas, Las",2019,5,2019M05,284.0,73.02,66.05,64.43,63904.0,26153.0,147120.0
35,"Palmas, Las",2019,6,2019M06,283.0,79.8,73.63,72.14,64301.0,26593.0,148291.0
35,"Palmas, Las",2019,7,2019M07,285.0,79.99,79.87,78.13,64661.0,27116.0,149401.0
35,"Palmas, Las",2019,8,2019M08,285.0,84.39,81.18,81.12,64950.0,27205.0,149975.0
35,"Palmas, Las",2019,9,2019M09,288.0,85.61,75.21,74.3,64759.0,27488.0,149662.0
35,"Palmas, Las",2019,10,2019M10,290.0,79.78,73.75,71.76,65588.0,27534.0,151757.0
35,"Palmas, Las",2019,11,2019M11,291.0,82.31,69.07,69.14,65912.0,27149.0,152707.0
35,"Palmas, Las",2019,12,2019M12,293.0,76.87,68.12,66.44,66755.0,27657.0,154325.0
35,"Palmas, Las",2020,1,2020M01,294.0,79.92,68.27,68.18,66808.0,27311.0,154369.0
35,"Palmas, Las",2020,2,2020M02,293.0,80.51,70.48,70.45,66788.0,27541.0,154317.0
35,"Palmas, Las",2020,3,2020M03,254.0,52.09,46.18,43.33,53686.0,21623.0,124173.0
35,"Palmas, Las",2020,4,2020M04,0.0,0.0,0.0,0.0,0.0,0.0,0.0
35,"Palmas, Las",2020,5,2020M05,15.0,43.65,20.79,19.5,391.0,51.0,1178.0
35,"Palmas, Las",2020,6,2020M06,23.0,33.12,17.18,20.58,1353.0,222.0,3217.0
35,"Palmas, Las",2020,7,2020M07,104.0,45.88,42.02,44.68,22508.0,8710.0,51495.0
35,"Palmas, Las",2020,8,2020M08,166.0,50.0,50.61,48.17,38253.0,13760.0,88151.0
35,"Palmas, Las",2020,9,2020M09,154.0,28.79,29.15,25.02,32415.0,11020.0,74655.0
35,"Palmas, Las",2020,10,2020M10,140.0,26.83,26.51,22.84,27504.0,9398.0,63933.0
35,"Palmas, Las",2020,11,2020M11,145.0,31.31,25.41,24.61,28601.0,9199.0,66655.0
35,"Palmas, Las",2020,12,2020M12,160.0,33.26,27.04,27.03,31495.0,10448.0,71833.0
35,"Palmas, Las",2021,1,2021M01,136.0,20.67,19.24,16.22,25125.0,7870.0,57222.0
35,"Palmas, Las",2021,2,2021M02,117.0,22.4,18.9,16.69,19067.0,5688.0,43874.0
35,"Palmas, Las",2021,3,2021M03,124.0,26.73,22.74,20.3,21007.0,6302.0,48082.0
35,"Palmas, Las",2021,4,2021M04,126.0,29.72,30.5,24.67,21222.0,6526.0,48645.0
35,"Palmas, Las",2021,5,2021M05,138.0,35.59,36.83,29.8,24337.0,7811.0,56211.0
35,"Palmas, Las",2021,6,2021M06,181.0,41.28,40.82,35.47,38608.0,12817.0,88947.0
35,"Palmas, Las",2021,7,2021M07,234.0,52.73,52.79,50.45,51844.0,17483.0,119288.0
35,"Palmas, Las",2021,8,2021M08,259.0,67.56,67.77,65.47,57966.0,21249.0,134234.0
35,"Palmas, Las",2021,9,2021M09,272.0,70.1,61.76,59.99,60798.0,23023.0,140370.0
35,"Palmas, Las",2021,10,2021M10,292.0,77.72,70.38,68.56,62723.0,24646.0,144953.0
35,"Palmas, Las",2021,11,2021M11,302.0,82.25,69.16,68.52,64630.0,25406.0,149161.0
35,"Palmas, Las",2021,12,2021M12,303.0,67.23,56.72,57.19,65338.0,25721.0,150512.0
35,"Palmas, Las",2022,1,2022M01,299.0,58.9,49.76,49.07,64949.0,25125.0,150078.0
35,"Palmas, Las",2022,2,2022M02,298.0,68.55,59.67,58.8,64984.0,25934.0,150538.0
35,"Palmas, Las",2022,3,2022M03,307.0,81.37,69.19,67.77,65342.0,26200.0,150930.0
35,"Palmas, Las",2022,4,2022M04,307.0,74.92,68.32,68.05,65988.0,26737.0,152508.0
35,"Palmas, Las",2022,5,2022M05,309.0,70.92,64.97,61.36,65802.0,26665.0,151632.0
35,"Palmas, Las",2022,6,2022M06,313.0,75.21,69.43,67.04,67378.0,27607.0,155902.0
35,"Palmas, Las",2022,7,2022M07,316.0,80.16,75.93,74.91,67679.0,28369.0,156599.0
35,"Palmas, Las",2022,8,2022M08,317.0,86.85,82.12,81.01,68230.0,28978.0,158198.0
35,"Palmas, Las",2022,9,2022M09,320.0,84.77,72.69,72.0,67960.0,29060.0,157121.0
35,"Palmas, Las",2022,10,2022M10,322.0,80.81,73.67,71.92,68448.0,30127.0,158459.0
35,"Palmas, Las",2022,11,2022M11,322.0,84.09,70.39,69.55,68163.0,29642.0,157609.0
35,"Palmas, Las",2022,12,2022M12,322.0,79.18,68.39,67.68,68266.0,29850.0,157781.0
35,"Palmas, Las",2023,1,2023M01,321.0,83.77,70.47,70.04,67750.0,29394.0,156496.0
35,"Palmas, Las",2023,2,2023M02,328.0,85.46,73.03,73.24,68571.0,30431.0,159005.0
35,"Palmas, Las",2023,3,2023M03,329.0,84.91,71.66,71.22,68802.0,30758.0,159463.0
35,"Palmas, Las",2023,4,2023M04,328.0,75.92,69.82,69.2,68310.0,30549.0,158436.0
35,"Palmas, Las",2023,5,2023M05,324.0,72.69,66.08,63.18,67657.0,29975.0,156725.0
35,"Palmas, Las",2023,6,2023M06,326.0,77.42,69.42,68.63,68568.0,31056.0,158783.0
35,"Palmas, Las",2023,7,2023M07,324.0,80.12,77.91,76.29,68212.0,31352.0,158459.0
35,"Palmas, Las",2023,8,2023M08,328.0,83.53,80.85,77.85,69199.0,31930.0,160644.0
35,"Palmas, Las",2023,9,2023M09,333.0,86.49,73.41,73.57,70249.0,32763.0,162896.0
35,"Palmas, Las",2023,10,2023M10,332.0,83.96,75.7,74.46,70083.0,32820.0,162629.0
35,"Palmas, Las",2023,11,2023M11,330.0,89.07,76.17,74.15,69641.0,33046.0,161490.0
35,"Palmas, Las",2023,12,2023M12,332.0,82.39,71.5,69.75,70192.0,33012.0,162926.0
35,"Palmas, Las",2024,1,2024M01,334.0,86.15,72.9,72.97,70671.0,33334.0,163675.0
35,"Palmas, Las",2024,2,2024M02,334.0,88.44,75.52,76.2,70714.0,34015.0,163807.0
35,"Palmas, Las",2024,3,2024M03,334.0,89.27,76.7,76.72,70734.0,34162.0,163824.0
35,"Palmas, Las",2024,4,2024M04,329.0,77.71,69.96,68.86,69889.0,33642.0,161839.0
35,"Palmas, Las",2024,5,2024M05,329.0,74.86,67.06,65.91,69409.0,33470.0,160864.0
35,"Palmas, Las",2024,6,2024M06,322.0,80.12,72.38,71.41,69595.0,33487.0,161295.0
35,"Palmas, Las",2024,7,2024M07,322.0,79.98,77.66,75.85,69696.0,33983.0,161731.0
35,"Palmas, Las",2024,8,2024M08,325.0,85.35,81.37,81.16,70124.0,34383.0,162580.0
35,"Palmas, Las",2024,9,2024M09,331.0,88.1,76.34,74.74,70505.0,34313.0,163453.0
35,"Palmas, Las",2024,10,2024M10,333.0,87.1,78.11,77.59,70626.0,35129.0,164022.0
35,"Palmas, Las",2024,11,2024M11,332.0,91.34,76.64,76.16,70041.0,35395.0,162742.0
35,"Palmas, Las",2024,12,2024M12,336.0,83.33,72.7,70.68,70844.0,35880.0,164957.0
35,"Palmas, Las",2025,1,2025M01,334.0,89.07,75.34,74.66,69895.0,35166.0,162865.0
35,"Palmas, Las",2025,2,2025M02,332.0,91.61,79.23,78.72,69880.0,35798.0,162811.0
35,"Palmas, Las",2025,3,2025M03,332.0,88.95,76.32,75.51,69722.0,35467.0,162076.0
35,"Palmas, Las",2025,4,2025M04,332.0,78.05,72.87,71.36,69455.0,35644.0,161536.0
35,"Palmas, Las",2025,5,2025M05,321.0,75.84,68.61,65.98,67760.0,34398.0,157743.0
35,"Palmas, Las",2025,6,2025M06,319.0,82.11,75.25,72.81,66959.0,34214.0,156535.0
35,"Palmas, Las",2025,7,2025M07,322.0,83.13,80.47,78.65,67893.0,35156.0,158878.0
35,"Palmas, Las",2025,8,2025M08,327.0,87.53,84.08,83.44,69202.0,35860.0,160935.0
35,"Palmas, Las",2025,9,2025M09,327.0,86.8,76.29,74.91,68421.0,36011.0,159536.0
35,"Palmas, Las",2025,10,2025M10,335.0,85.96,77.43,76.89,70155.0,36763.0,162717.0
35,"Palmas, Las",2025,11,2025M11,337.0,87.93,74.4,73.85,70595.0,37424.0,163808.0
35,"Palmas, Las",2025,12,2025M12,338.0,82.45,70.53,69.99,70716.0,36839.0,164256.0
36,Pontevedra,2015,1,2015M01,266.0,20.66,20.69,16.78,7525.0,1599.0,14156.0
36,Pontevedra,2015,2,2015M02,277.0,24.3,24.74,19.32,7836.0,1656.0,14750.0
36,Pontevedra,2015,3,2015M03,301.0,29.64,33.7,24.57,8791.0,1823.0,16596.0
36,Pontevedra,2015,4,2015M04,361.0,30.05,35.47,26.66,10412.0,2122.0,19686.0
36,Pontevedra,2015,5,2015M05,368.0,31.31,36.36,27.35,10972.0,2185.0,20737.0
36,Pontevedra,2015,6,2015M06,451.0,36.85,44.83,34.02,13168.0,2680.0,24800.0
36,Pontevedra,2015,7,2015M07,561.0,50.83,57.93,50.22,15100.0,3513.0,28368.0
36,Pontevedra,2015,8,2015M08,578.0,65.89,68.99,65.3,15378.0,3648.0,28921.0
36,Pontevedra,2015,9,2015M09,523.0,40.83,46.34,37.92,14590.0,3080.0,27327.0
36,Pontevedra,2015,10,2015M10,380.0,40.0,41.56,36.06,11399.0,2382.0,21441.0
36,Pontevedra,2015,11,2015M11,298.0,28.63,29.4,23.77,8612.0,1896.0,16173.0
36,Pontevedra,2015,12,2015M12,276.0,24.61,24.91,21.36,7946.0,1666.0,15025.0
36,Pontevedra,2016,1,2016M01,272.0,23.26,22.87,18.59,7360.0,1472.0,13745.0
36,Pontevedra,2016,2,2016M02,292.0,27.06,28.15,21.37,8013.0,1553.0,14921.0
36,Pontevedra,2016,3,2016M03,340.0,31.54,37.69,28.09,9407.0,1919.0,17673.0
36,Pontevedra,2016,4,2016M04,371.0,30.41,33.77,25.42,10636.0,2040.0,19977.0
36,Pontevedra,2016,5,2016M05,378.0,32.92,36.09,28.04,11049.0,2135.0,20737.0
36,Pontevedra,2016,6,2016M06,468.0,41.43,46.43,37.9,13211.0,2671.0,24761.0
36,Pontevedra,2016,7,2016M07,589.0,57.67,63.86,57.02,15602.0,3597.0,29251.0
36,Pontevedra,2016,8,2016M08,596.0,69.44,74.98,68.81,15693.0,3878.0,29420.0
36,Pontevedra,2016,9,2016M09,545.0,46.9,52.03,43.89,14891.0,3281.0,27923.0
36,Pontevedra,2016,10,2016M10,388.0,44.01,45.24,39.98,11467.0,2424.0,21425.0
36,Pontevedra,2016,11,2016M11,320.0,33.46,30.49,27.46,8979.0,1828.0,16689.0
36,Pontevedra,2016,12,2016M12,290.0,29.98,30.54,25.52,7975.0,1689.0,14910.0
36,Pontevedra,2017,1,2017M01,298.0,27.54,24.04,21.76,7486.0,1480.0,13922.0
36,Pontevedra,2017,2,2017M02,309.0,30.43,32.47,24.14,7873.0,1619.0,14645.0
36,Pontevedra,2017,3,2017M03,318.0,32.76,35.35,26.22,8370.0,1697.0,15728.0
36,Pontevedra,2017,4,2017M04,376.0,39.33,48.76,36.95,11220.0,2148.0,20997.0
36,Pontevedra,2017,5,2017M05,373.0,36.89,38.22,32.25,10950.0,2231.0,20555.0
36,Pontevedra,2017,6,2017M06,469.0,44.95,51.29,41.72,14041.0,2959.0,26227.0
36,Pontevedra,2017,7,2017M07,577.0,61.06,67.21,60.76,15922.0,3916.0,29738.0
36,Pontevedra,2017,8,2017M08,587.0,75.15,81.68,76.23,16033.0,4063.0,29941.0
36,Pontevedra,2017,9,2017M09,498.0,51.76,55.78,49.35,14702.0,3424.0,27452.0
36,Pontevedra,2017,10,2017M10,369.0,49.31,56.1,45.03,11491.0,2681.0,21568.0
36,Pontevedra,2017,11,2017M11,279.0,37.63,37.29,31.88,8483.0,1893.0,15770.0
36,Pontevedra,2017,12,2017M12,274.0,32.02,35.72,28.64,7875.0,1768.0,14671.0
36,Pontevedra,2018,1,2018M01,263.0,31.92,32.96,26.17,7023.0,1441.0,13047.0
36,Pontevedra,2018,2,2018M02,274.0,31.24,32.61,24.82,7527.0,1636.0,14013.0
36,Pontevedra,2018,3,2018M03,309.0,38.23,41.55,32.87,8460.0,1900.0,15890.0
36,Pontevedra,2018,4,2018M04,337.0,39.25,44.25,34.87,10166.0,2127.0,19062.0
36,Pontevedra,2018,5,2018M05,353.0,39.73,42.14,34.79,10628.0,2283.0,19990.0
36,Pontevedra,2018,6,2018M06,459.0,45.17,48.45,41.37,13652.0,2865.0,25482.0
36,Pontevedra,2018,7,2018M07,563.0,56.13,68.52,55.67,15684.0,3782.0,29212.0
36,Pontevedra,2018,8,2018M08,574.0,72.85,78.85,73.44,15774.0,4073.0,29378.0
36,Pontevedra,2018,9,2018M09,484.0,53.49,58.5,51.1,14193.0,3230.0,26431.0
36,Pontevedra,2018,10,2018M10,371.0,50.65,58.25,44.44,11097.0,2500.0,20896.0
36,Pontevedra,2018,11,2018M11,290.0,40.32,40.93,33.13,8574.0,1950.0,16076.0
36,Pontevedra,2018,12,2018M12,251.0,37.88,46.05,33.49,7382.0,1821.0,13764.0
36,Pontevedra,2019,1,2019M01,274.0,30.49,31.56,24.19,7076.0,1539.0,13085.0
36,Pontevedra,2019,2,2019M02,277.0,34.06,35.45,26.4,7419.0,1676.0,13755.0
36,Pontevedra,2019,3,2019M03,307.0,39.34,40.41,32.42,8067.0,1858.0,15114.0
36,Pontevedra,2019,4,2019M04,370.0,42.97,49.62,39.15,10922.0,2347.0,20507.0
36,Pontevedra,2019,5,2019M05,387.0,42.46,44.69,37.65,11541.0,2385.0,21620.0
36,Pontevedra,2019,6,2019M06,482.0,45.64,51.09,42.74,14117.0,3109.0,26381.0
36,Pontevedra,2019,7,2019M07,588.0,58.55,68.1,58.09,15911.0,4017.0,29743.0
36,Pontevedra,2019,8,2019M08,584.0,73.17,75.84,73.94,15820.0,4099.0,29558.0
36,Pontevedra,2019,9,2019M09,499.0,55.88,61.69,52.9,14353.0,3535.0,26764.0
36,Pontevedra,2019,10,2019M10,382.0,46.5,52.25,41.41,11456.0,2766.0,21414.0
36,Pontevedra,2019,11,2019M11,290.0,40.13,42.39,33.67,8433.0,2143.0,15832.0
36,Pontevedra,2019,12,2019M12,278.0,43.06,54.07,38.63,7562.0,1806.0,14222.0
36,Pontevedra,2020,1,2020M01,269.0,29.94,31.77,25.03,7187.0,1568.0,13335.0
36,Pontevedra,2020,2,2020M02,296.0,32.41,34.9,26.65,7698.0,1663.0,14273.0
36,Pontevedra,2020,3,2020M03,236.0,19.51,16.57,14.54,6221.0,1124.0,11530.0
36,Pontevedra,2020,4,2020M04,0.0,0.0,0.0,0.0,0.0,0.0,0.0
36,Pontevedra,2020,5,2020M05,71.0,23.26,12.62,13.91,1268.0,93.0,2399.0
36,Pontevedra,2020,6,2020M06,195.0,21.72,20.94,18.38,4639.0,980.0,8826.0
36,Pontevedra,2020,7,2020M07,518.0,36.26,42.44,35.88,14084.0,3072.0,26355.0
36,Pontevedra,2020,8,2020M08,531.0,48.44,55.51,49.57,14724.0,3274.0,27596.0
36,Pontevedra,2020,9,2020M09,402.0,29.13,34.47,27.24,11619.0,2346.0,21820.0
36,Pontevedra,2020,10,2020M10,316.0,24.39,23.82,19.9,8166.0,1567.0,15449.0
36,Pontevedra,2020,11,2020M11,238.0,18.73,10.41,12.54,5657.0,1071.0,10553.0
36,Pontevedra,2020,12,2020M12,225.0,16.22,9.63,11.49,5185.0,922.0,9589.0
36,Pontevedra,2021,1,2021M01,198.0,19.0,11.66,12.39,4837.0,833.0,8969.0
36,Pontevedra,2021,2,2021M02,202.0,19.37,10.61,12.57,4768.0,699.0,8908.0
36,Pontevedra,2021,3,2021M03,249.0,21.35,18.54,15.34,6057.0,998.0,11343.0
36,Pontevedra,2021,4,2021M04,262.0,20.91,19.17,15.77,6246.0,1073.0,11638.0
36,Pontevedra,2021,5,2021M05,288.0,28.37,30.09,23.15,6839.0,1272.0,12809.0
36,Pontevedra,2021,6,2021M06,397.0,35.6,44.21,32.49,10945.0,2100.0,20558.0
36,Pontevedra,2021,7,2021M07,564.0,53.27,56.99,52.44,14977.0,3362.0,28006.0
36,Pontevedra,2021,8,2021M08,567.0,71.93,76.85,72.68,15020.0,3673.0,28092.0
36,Pontevedra,2021,9,2021M09,514.0,48.37,53.81,44.44,14157.0,3128.0,26501.0
36,Pontevedra,2021,10,2021M10,381.0,47.34,46.25,41.94,10546.0,2353.0,19910.0
36,Pontevedra,2021,11,2021M11,296.0,38.2,41.39,31.18,7935.0,1827.0,14848.0
36,Pontevedra,2021,12,2021M12,291.0,38.03,42.65,34.78,7314.0,1692.0,13715.0
36,Pontevedra,2022,1,2022M01,267.0,23.63,21.88,18.56,6605.0,1339.0,12275.0
36,Pontevedra,2022,2,2022M02,263.0,31.05,35.63,25.16,7065.0,1530.0,13209.0
36,Pontevedra,2022,3,2022M03,286.0,34.81,34.57,27.03,7798.0,1666.0,14582.0
36,Pontevedra,2022,4,2022M04,371.0,38.81,42.91,35.29,11024.0,2233.0,20687.0
36,Pontevedra,2022,5,2022M05,395.0,40.59,44.61,35.35,11744.0,2389.0,21996.0
36,Pontevedra,2022,6,2022M06,468.0,47.78,54.95,42.93,13345.0,2983.0,25157.0
36,Pontevedra,2022,7,2022M07,589.0,61.85,66.87,60.1,15626.0,3757.0,29431.0
36,Pontevedra,2022,8,2022M08,601.0,73.61,80.84,73.17,15729.0,3983.0,29667.0
36,Pontevedra,2022,9,2022M09,548.0,53.86,55.43,49.0,14778.0,3426.0,27909.0
36,Pontevedra,2022,10,2022M10,381.0,50.98,50.9,45.25,11325.0,2623.0,21305.0
36,Pontevedra,2022,11,2022M11,308.0,42.93,46.8,35.97,8097.0,2066.0,15125.0
36,Pontevedra,2022,12,2022M12,276.0,46.68,50.73,43.46,7161.0,1813.0,13380.0
36,Pontevedra,2023,1,2023M01,243.0,32.77,33.84,27.79,6396.0,1392.0,11838.0
36,Pontevedra,2023,2,2023M02,264.0,33.03,35.33,26.88,6901.0,1551.0,12794.0
36,Pontevedra,2023,3,2023M03,303.0,33.55,34.55,26.83,8303.0,1856.0,15508.0
36,Pontevedra,2023,4,2023M04,373.0,42.98,50.19,39.38,10909.0,2336.0,20420.0
36,Pontevedra,2023,5,2023M05,400.0,41.18,42.56,35.58,11762.0,2508.0,22333.0
36,Pontevedra,2023,6,2023M06,480.0,46.6,49.62,41.63,13559.0,2963.0,25817.0
36,Pontevedra,2023,7,2023M07,618.0,59.74,64.06,58.16,16117.0,3943.0,30555.0
36,Pontevedra,2023,8,2023M08,629.0,71.6,75.75,70.73,16294.0,4083.0,30890.0
36,Pontevedra,2023,9,2023M09,550.0,54.46,53.92,50.18,15077.0,3572.0,28611.0
36,Pontevedra,2023,10,2023M10,391.0,49.71,54.01,43.74,11587.0,2661.0,22197.0
36,Pontevedra,2023,11,2023M11,309.0,39.31,41.64,33.0,8886.0,2070.0,16836.0
36,Pontevedra,2023,12,2023M12,274.0,47.75,53.3,45.19,7337.0,1897.0,14058.0
36,Pontevedra,2024,1,2024M01,227.0,30.66,30.43,24.72,6209.0,1455.0,12062.0
36,Pontevedra,2024,2,2024M02,272.0,31.66,33.42,25.51,7291.0,1685.0,13885.0
36,Pontevedra,2024,3,2024M03,356.0,34.79,38.05,31.49,10316.0,2264.0,19547.0
36,Pontevedra,2024,4,2024M04,396.0,38.64,40.91,33.7,11384.0,2371.0,21608.0
36,Pontevedra,2024,5,2024M05,415.0,46.94,48.86,40.5,12110.0,2651.0,23038.0
36,Pontevedra,2024,6,2024M06,508.0,49.83,53.26,44.92,14204.0,3208.0,27034.0
36,Pontevedra,2024,7,2024M07,616.0,61.31,67.96,59.17,16166.0,4082.0,30733.0
36,Pontevedra,2024,8,2024M08,638.0,75.54,76.77,75.1,16470.0,4237.0,31341.0
36,Pontevedra,2024,9,2024M09,560.0,56.99,57.55,52.13,15426.0,3617.0,29307.0
36,Pontevedra,2024,10,2024M10,416.0,49.08,52.77,43.42,12586.0,3044.0,23895.0
36,Pontevedra,2024,11,2024M11,339.0,42.7,47.83,36.76,9037.0,2264.0,17213.0
36,Pontevedra,2024,12,2024M12,290.0,45.46,56.46,41.97,7616.0,2021.0,14539.0
36,Pontevedra,2025,1,2025M01,262.0,29.7,28.54,23.86,6602.0,1615.0,12808.0
36,Pontevedra,2025,2,2025M02,278.0,32.49,33.64,25.53,6985.0,1754.0,13484.0
36,Pontevedra,2025,3,2025M03,319.0,36.1,37.11,29.84,8109.0,1982.0,15622.0
36,Pontevedra,2025,4,2025M04,380.0,44.49,51.27,40.04,10612.0,2559.0,20363.0
36,Pontevedra,2025,5,2025M05,403.0,49.15,48.01,42.54,11891.0,2811.0,22841.0
36,Pontevedra,2025,6,2025M06,482.0,51.99,57.17,46.63,13829.0,3628.0,26572.0
36,Pontevedra,2025,7,2025M07,605.0,63.23,71.04,60.61,16043.0,4289.0,30683.0
36,Pontevedra,2025,8,2025M08,621.0,73.78,73.2,72.73,16230.0,4361.0,31091.0
36,Pontevedra,2025,9,2025M09,552.0,55.83,54.74,49.25,14915.0,3770.0,28615.0
36,Pontevedra,2025,10,2025M10,391.0,54.33,52.49,46.31,11093.0,3084.0,21367.0
36,Pontevedra,2025,11,2025M11,323.0,45.11,44.47,38.76,8174.0,2091.0,15751.0
36,Pontevedra,2025,12,2025M12,304.0,42.11,49.34,38.53,7650.0,2096.0,14758.0
37,Salamanca,2015,1,2015M01,187.0,26.53,36.05,23.82,5031.0,948.0,9705.0
37,Salamanca,2015,2,2015M02,196.0,33.69,50.32,30.58,5268.0,1001.0,10112.0
37,Salamanca,2015,3,2015M03,199.0,40.69,58.51,37.24,5589.0,1030.0,10711.0
37,Salamanca,2015,4,2015M04,200.0,48.49,62.1,45.45,5702.0,1112.0,10933.0
37,Salamanca,2015,5,2015M05,202.0,47.66,61.22,42.9,5766.0,1125.0,11057.0
37,Salamanca,2015,6,2015M06,194.0,50.26,61.04,44.3,5613.0,1131.0,10788.0
37,Salamanca,2015,7,2015M07,201.0,45.57,54.31,44.33,5774.0,1157.0,11135.0
37,Salamanca,2015,8,2015M08,204.0,57.57,65.34,57.74,5809.0,1181.0,11185.0
37,Salamanca,2015,9,2015M09,195.0,58.35,69.8,55.07,5667.0,1126.0,10909.0
37,Salamanca,2015,10,2015M10,198.0,52.59,62.76,47.88,5700.0,1133.0,10963.0
37,Salamanca,2015,11,2015M11,194.0,40.09,52.33,36.16,5503.0,1012.0,10586.0
37,Salamanca,2015,12,2015M12,189.0,35.72,46.26,34.02,5247.0,1063.0,10089.0
37,Salamanca,2016,1,2016M01,187.0,30.84,37.11,26.91,4822.0,922.0,9343.0
37,Salamanca,2016,2,2016M02,195.0,38.97,53.2,35.11,4919.0,918.0,9498.0
37,Salamanca,2016,3,2016M03,195.0,46.46,60.3,43.6,5266.0,1039.0,10163.0
37,Salamanca,2016,4,2016M04,203.0,47.95,55.66,42.54,5527.0,1105.0,10649.0
37,Salamanca,2016,5,2016M05,202.0,49.52,58.61,44.5,5512.0,1133.0,10627.0
37,Salamanca,2016,6,2016M06,192.0,49.26,59.35,43.93,5453.0,1151.0,10521.0
37,Salamanca,2016,7,2016M07,195.0,49.94,58.26,49.27,5510.0,1181.0,10671.0
37,Salamanca,2016,8,2016M08,195.0,60.12,66.81,60.67,5476.0,1206.0,10608.0
37,Salamanca,2016,9,2016M09,197.0,57.7,59.88,53.46,5497.0,1172.0,10615.0
37,Salamanca,2016,10,2016M10,196.0,54.11,62.89,49.93,5460.0,1155.0,10525.0
37,Salamanca,2016,11,2016M11,183.0,40.78,56.02,36.38,5238.0,1060.0,10082.0
37,Salamanca,2016,12,2016M12,180.0,37.15,48.33,35.95,4915.0,1022.0,9520.0
37,Salamanca,2017,1,2017M01,181.0,29.31,33.06,25.25,4689.0,941.0,9093.0
37,Salamanca,2017,2,2017M02,187.0,38.87,53.92,35.43,4966.0,1009.0,9612.0
37,Salamanca,2017,3,2017M03,189.0,40.41,54.11,35.96,5258.0,1061.0,10170.0
37,Salamanca,2017,4,2017M04,193.0,53.52,66.13,51.27,5561.0,1151.0,10760.0
37,Salamanca,2017,5,2017M05,189.0,49.78,56.42,45.22,5461.0,1166.0,10552.0
37,Salamanca,2017,6,2017M06,193.0,49.63,55.53,45.27,5529.0,1178.0,10697.0
37,Salamanca,2017,7,2017M07,193.0,50.97,60.0,48.96,5578.0,1193.0,10820.0
37,Salamanca,2017,8,2017M08,196.0,59.67,67.5,59.94,5633.0,1293.0,10928.0
37,Salamanca,2017,9,2017M09,196.0,58.95,60.58,53.73,5605.0,1225.0,10843.0
37,Salamanca,2017,10,2017M10,195.0,55.36,66.12,50.58,5598.0,1212.0,10808.0
37,Salamanca,2017,11,2017M11,187.0,41.48,51.57,36.68,5327.0,1066.0,10282.0
37,Salamanca,2017,12,2017M12,184.0,39.45,47.92,37.86,5078.0,1096.0,9843.0
37,Salamanca,2018,1,2018M01,192.0,32.77,30.8,27.66,4856.0,948.0,9402.0
37,Salamanca,2018,2,2018M02,199.0,39.9,50.73,34.32,5144.0,1034.0,9937.0
37,Salamanca,2018,3,2018M03,203.0,44.6,53.75,40.46,5591.0,1166.0,10792.0
37,Salamanca,2018,4,2018M04,200.0,49.7,59.22,44.6,5727.0,1179.0,11072.0
37,Salamanca,2018,5,2018M05,200.0,53.33,56.31,45.91,5747.0,1208.0,11102.0
37,Salamanca,2018,6,2018M06,196.0,52.44,54.95,45.59,5674.0,1217.0,10972.0
37,Salamanca,2018,7,2018M07,196.0,52.83,58.15,49.5,5715.0,1280.0,11105.0
37,Salamanca,2018,8,2018M08,195.0,60.49,63.99,59.07,5723.0,1318.0,11124.0
37,Salamanca,2018,9,2018M09,199.0,60.24,61.18,53.38,5734.0,1257.0,11092.0
37,Salamanca,2018,10,2018M10,200.0,56.57,64.04,50.21,5733.0,1237.0,11071.0
37,Salamanca,2018,11,2018M11,199.0,47.97,57.86,42.11,5592.0,1177.0,10805.0
37,Salamanca,2018,12,2018M12,185.0,40.35,51.98,37.57,5155.0,1116.0,10033.0
37,Salamanca,2019,1,2019M01,178.0,35.75,36.42,29.73,4757.0,1060.0,9255.0
37,Salamanca,2019,2,2019M02,199.0,41.16,47.59,34.46,5287.0,1056.0,10243.0
37,Salamanca,2019,3,2019M03,204.0,49.11,59.32,42.6,5625.0,1125.0,10896.0
37,Salamanca,2019,4,2019M04,209.0,53.42,60.96,47.83,5922.0,1193.0,11493.0
37,Salamanca,2019,5,2019M05,211.0,56.31,57.54,48.09,5956.0,1237.0,11560.0
37,Salamanca,2019,6,2019M06,207.0,54.91,59.26,47.45,5930.0,1250.0,11511.0
37,Salamanca,2019,7,2019M07,193.0,50.71,57.64,46.92,5647.0,1230.0,11101.0
37,Salamanca,2019,8,2019M08,198.0,63.38,66.05,61.86,5748.0,1273.0,11291.0
37,Salamanca,2019,9,2019M09,194.0,60.7,64.57,53.95,5658.0,1247.0,11079.0
37,Salamanca,2019,10,2019M10,195.0,57.83,64.63,51.15,5596.0,1233.0,10926.0
37,Salamanca,2019,11,2019M11,190.0,49.37,59.63,43.1,5408.0,1145.0,10618.0
37,Salamanca,2019,12,2019M12,189.0,40.03,50.96,36.95,5115.0,1128.0,10031.0
37,Salamanca,2020,1,2020M01,189.0,35.75,38.58,31.25,5031.0,970.0,9827.0
37,Salamanca,2020,2,2020M02,199.0,43.67,55.39,38.81,5220.0,1096.0,10186.0
37,Salamanca,2020,3,2020M03,153.0,23.63,32.02,19.74,3896.0,712.0,7662.0
37,Salamanca,2020,4,2020M04,0.0,0.0,0.0,0.0,0.0,0.0,0.0
37,Salamanca,2020,5,2020M05,17.0,17.22,4.47,10.61,255.0,21.0,463.0
37,Salamanca,2020,6,2020M06,82.0,21.48,12.17,15.85,1333.0,215.0,2524.0
37,Salamanca,2020,7,2020M07,145.0,29.9,36.36,27.3,4048.0,655.0,7741.0
37,Salamanca,2020,8,2020M08,160.0,37.96,41.95,37.1,4583.0,813.0,8876.0
37,Salamanca,2020,9,2020M09,168.0,24.86,28.06,20.99,4540.0,742.0,8869.0
37,Salamanca,2020,10,2020M10,165.0,23.3,19.53,17.53,4076.0,674.0,7975.0
37,Salamanca,2020,11,2020M11,122.0,18.98,12.2,12.75,2705.0,396.0,5080.0
37,Salamanca,2020,12,2020M12,120.0,20.79,14.15,14.31,2209.0,314.0,4180.0
37,Salamanca,2021,1,2021M01,104.0,19.81,11.19,13.14,2321.0,316.0,4333.0
37,Salamanca,2021,2,2021M02,105.0,26.76,18.96,17.64,2201.0,343.0,4178.0
37,Salamanca,2021,3,2021M03,121.0,26.73,20.71,18.33,2769.0,400.0,5402.0
37,Salamanca,2021,4,2021M04,125.0,24.01,22.01,17.87,2913.0,431.0,5631.0
37,Salamanca,2021,5,2021M05,139.0,32.89,35.98,26.27,3479.0,604.0,6823.0
37,Salamanca,2021,6,2021M06,145.0,38.32,45.86,32.52,3990.0,690.0,7825.0
37,Salamanca,2021,7,2021M07,155.0,44.63,53.89,41.63,4523.0,863.0,8859.0
37,Salamanca,2021,8,2021M08,156.0,60.79,65.95,59.06,4832.0,961.0,9530.0
37,Salamanca,2021,9,2021M09,165.0,53.7,63.28,47.69,4950.0,949.0,9692.0
37,Salamanca,2021,10,2021M10,170.0,55.65,60.65,49.41,5122.0,993.0,9995.0
37,Salamanca,2021,11,2021M11,161.0,42.04,55.6,35.79,4924.0,939.0,9600.0
37,Salamanca,2021,12,2021M12,157.0,34.99,40.72,32.07,4570.0,900.0,8963.0
37,Salamanca,2022,1,2022M01,160.0,28.77,31.71,23.97,4338.0,783.0,8499.0
37,Salamanca,2022,2,2022M02,164.0,43.56,55.74,36.43,4463.0,848.0,8736.0
37,Salamanca,2022,3,2022M03,174.0,41.89,53.03,34.55,4931.0,910.0,9614.0
37,Salamanca,2022,4,2022M04,183.0,49.16,56.86,45.21,5561.0,1028.0,10832.0
37,Salamanca,2022,5,2022M05,188.0,45.9,52.92,40.0,5619.0,1054.0,10932.0
37,Salamanca,2022,6,2022M06,181.0,49.14,58.77,42.89,5511.0,1063.0,10753.0
37,Salamanca,2022,7,2022M07,169.0,49.26,55.37,46.47,5416.0,1086.0,10648.0
37,Salamanca,2022,8,2022M08,163.0,63.35,69.11,60.8,5278.0,1055.0,10362.0
37,Salamanca,2022,9,2022M09,173.0,57.94,63.31,51.39,5414.0,1065.0,10524.0
37,Salamanca,2022,10,2022M10,181.0,55.3,60.89,48.54,5566.0,1048.0,10826.0
37,Salamanca,2022,11,2022M11,170.0,45.0,51.69,37.35,5246.0,976.0,10224.0
37,Salamanca,2022,12,2022M12,159.0,41.26,46.47,37.1,4928.0,943.0,9702.0
37,Salamanca,2023,1,2023M01,156.0,40.96,40.8,33.73,4356.0,791.0,8488.0
37,Salamanca,2023,2,2023M02,172.0,47.45,54.23,39.77,4751.0,904.0,9251.0
37,Salamanca,2023,3,2023M03,173.0,48.53,58.05,41.43,5061.0,1019.0,9923.0
37,Salamanca,2023,4,2023M04,175.0,59.23,65.26,53.67,5399.0,1085.0,10544.0
37,Salamanca,2023,5,2023M05,181.0,53.11,56.33,44.74,5487.0,1109.0,10697.0
37,Salamanca,2023,6,2023M06,183.0,53.67,57.9,45.51,5477.0,1126.0,10692.0
37,Salamanca,2023,7,2023M07,171.0,50.47,52.74,47.5,5376.0,1139.0,10478.0
37,Salamanca,2023,8,2023M08,164.0,61.43,63.91,59.93,5426.0,1112.0,10687.0
37,Salamanca,2023,9,2023M09,175.0,66.35,66.27,57.63,5545.0,1147.0,10786.0
37,Salamanca,2023,10,2023M10,178.0,59.64,65.72,51.65,5604.0,1126.0,10910.0
37,Salamanca,2023,11,2023M11,170.0,50.76,52.62,42.2,5315.0,1049.0,10379.0
37,Salamanca,2023,12,2023M12,170.0,47.14,52.37,42.54,4993.0,973.0,9742.0
37,Salamanca,2024,1,2024M01,147.0,38.23,40.34,31.84,4397.0,838.0,8626.0
37,Salamanca,2024,2,2024M02,156.0,46.94,51.99,39.83,4741.0,894.0,9274.0
37,Salamanca,2024,3,2024M03,160.0,51.74,58.46,46.13,5065.0,1033.0,9910.0
37,Salamanca,2024,4,2024M04,181.0,53.62,58.02,46.51,5559.0,1087.0,10839.0
37,Salamanca,2024,5,2024M05,186.0,55.77,62.35,48.52,5599.0,1124.0,10921.0
37,Salamanca,2024,6,2024M06,179.0,54.11,58.19,46.81,5555.0,1106.0,10883.0
37,Salamanca,2024,7,2024M07,175.0,51.73,57.0,47.53,5366.0,1180.0,10602.0
37,Salamanca,2024,8,2024M08,172.0,61.88,63.57,60.02,5275.0,1180.0,10509.0
37,Salamanca,2024,9,2024M09,182.0,59.92,64.47,53.46,5495.0,1175.0,10811.0
37,Salamanca,2024,10,2024M10,182.0,58.82,65.12,51.08,5514.0,1181.0,10829.0
37,Salamanca,2024,11,2024M11,171.0,51.15,59.88,43.69,5273.0,1087.0,10391.0
37,Salamanca,2024,12,2024M12,175.0,43.59,56.18,38.78,4935.0,1002.0,9734.0
37,Salamanca,2025,1,2025M01,161.0,37.66,40.87,31.55,4584.0,960.0,9133.0
37,Salamanca,2025,2,2025M02,166.0,44.05,54.86,36.91,4702.0,982.0,9325.0
37,Salamanca,2025,3,2025M03,176.0,47.74,53.2,39.58,5213.0,1070.0,10326.0
37,Salamanca,2025,4,2025M04,181.0,55.16,63.93,49.48,5503.0,1134.0,10888.0
37,Salamanca,2025,5,2025M05,185.0,56.95,61.58,49.21,5536.0,1158.0,10936.0
37,Salamanca,2025,6,2025M06,191.0,54.92,64.36,47.41,5631.0,1170.0,11104.0
37,Salamanca,2025,7,2025M07,186.0,56.13,63.48,50.9,5473.0,1204.0,10894.0
37,Salamanca,2025,8,2025M08,183.0,61.67,64.76,59.26,5489.0,1188.0,10915.0
37,Salamanca,2025,9,2025M09,185.0,61.52,67.28,54.01,5623.0,1188.0,11172.0
37,Salamanca,2025,10,2025M10,195.0,57.84,65.34,50.12,5704.0,1197.0,11313.0
37,Salamanca,2025,11,2025M11,189.0,47.39,56.46,40.66,5564.0,1159.0,11050.0
37,Salamanca,2025,12,2025M12,173.0,43.26,51.73,39.1,5114.0,1058.0,10235.0
38,Santa Cruz de Tenerife,2015,1,2015M01,252.0,84.75,75.97,75.82,41777.0,16191.0,91598.0
38,Santa Cruz de Tenerife,2015,2,2015M02,252.0,86.94,78.26,78.37,41779.0,16494.0,91598.0
38,Santa Cruz de Tenerife,2015,3,2015M03,251.0,81.15,73.81,73.31,41717.0,16530.0,91497.0
38,Santa Cruz de Tenerife,2015,4,2015M04,252.0,72.99,72.26,69.41,40700.0,16264.0,89264.0
38,Santa Cruz de Tenerife,2015,5,2015M05,247.0,68.81,68.0,63.6,39646.0,15645.0,87048.0
38,Santa Cruz de Tenerife,2015,6,2015M06,241.0,71.94,70.76,66.75,39391.0,15777.0,86563.0
38,Santa Cruz de Tenerife,2015,7,2015M07,242.0,74.76,76.15,74.4,40416.0,16598.0,88931.0
38,Santa Cruz de Tenerife,2015,8,2015M08,240.0,81.59,83.33,84.48,40383.0,16434.0,88843.0
38,Santa Cruz de Tenerife,2015,9,2015M09,244.0,80.82,76.13,73.75,40450.0,16747.0,88879.0
38,Santa Cruz de Tenerife,2015,10,2015M10,243.0,79.87,75.02,74.79,40635.0,16536.0,89178.0
38,Santa Cruz de Tenerife,2015,11,2015M11,249.0,84.3,76.87,75.38,41398.0,16857.0,90824.0
38,Santa Cruz de Tenerife,2015,12,2015M12,250.0,79.3,72.1,71.91,41300.0,16736.0,90540.0
38,Santa Cruz de Tenerife,2016,1,2016M01,251.0,85.8,78.11,76.89,41425.0,17181.0,90902.0
38,Santa Cruz de Tenerife,2016,2,2016M02,252.0,89.25,81.33,80.54,41442.0,17582.0,90936.0
38,Santa Cruz de Tenerife,2016,3,2016M03,251.0,87.07,81.81,79.86,41444.0,17602.0,90940.0
38,Santa Cruz de Tenerife,2016,4,2016M04,247.0,81.23,75.49,74.97,40701.0,17241.0,89467.0
38,Santa Cruz de Tenerife,2016,5,2016M05,243.0,77.95,74.27,71.0,39894.0,16918.0,87679.0
38,Santa Cruz de Tenerife,2016,6,2016M06,243.0,80.22,76.37,74.5,40645.0,17339.0,89338.0
38,Santa Cruz de Tenerife,2016,7,2016M07,245.0,83.46,84.62,83.25,41234.0,17876.0,90537.0
38,Santa Cruz de Tenerife,2016,8,2016M08,242.0,87.69,88.83,87.92,40914.0,18047.0,89871.0
38,Santa Cruz de Tenerife,2016,9,2016M09,247.0,87.2,80.98,80.08,40759.0,17651.0,89624.0
38,Santa Cruz de Tenerife,2016,10,2016M10,250.0,85.71,80.53,79.77,41076.0,17762.0,90156.0
38,Santa Cruz de Tenerife,2016,11,2016M11,250.0,88.4,80.81,79.57,41399.0,18318.0,90780.0
38,Santa Cruz de Tenerife,2016,12,2016M12,251.0,82.84,75.89,76.16,42046.0,18886.0,92075.0
38,Santa Cruz de Tenerife,2017,1,2017M01,250.0,87.61,78.39,79.28,42090.0,18813.0,92131.0
38,Santa Cruz de Tenerife,2017,2,2017M02,251.0,89.36,82.7,82.08,42107.0,18831.0,92154.0
38,Santa Cruz de Tenerife,2017,3,2017M03,248.0,86.59,78.57,77.82,41705.0,18495.0,91361.0
38,Santa Cruz de Tenerife,2017,4,2017M04,249.0,81.77,79.62,79.6,41413.0,18786.0,90908.0
38,Santa Cruz de Tenerife,2017,5,2017M05,244.0,76.07,74.25,71.06,40734.0,18323.0,88879.0
38,Santa Cruz de Tenerife,2017,6,2017M06,245.0,79.86,77.28,75.69,41110.0,18314.0,90264.0
38,Santa Cruz de Tenerife,2017,7,2017M07,246.0,81.59,84.85,82.21,41259.0,18913.0,91217.0
38,Santa Cruz de Tenerife,2017,8,2017M08,247.0,84.43,86.22,85.59,41405.0,19051.0,91588.0
38,Santa Cruz de Tenerife,2017,9,2017M09,247.0,85.58,79.24,78.42,41390.0,19006.0,91549.0
38,Santa Cruz de Tenerife,2017,10,2017M10,253.0,82.54,80.48,77.92,41836.0,19256.0,92570.0
38,Santa Cruz de Tenerife,2017,11,2017M11,252.0,86.38,78.95,77.26,41825.0,19358.0,92547.0
38,Santa Cruz de Tenerife,2017,12,2017M12,249.0,78.02,73.34,71.13,41861.0,19035.0,92682.0
38,Santa Cruz de Tenerife,2018,1,2018M01,250.0,84.94,75.83,76.11,41836.0,19066.0,92900.0
38,Santa Cruz de Tenerife,2018,2,2018M02,251.0,86.53,78.52,78.44,41957.0,19099.0,93153.0
38,Santa Cruz de Tenerife,2018,3,2018M03,252.0,83.41,78.38,75.45,42429.0,19581.0,94097.0
38,Santa Cruz de Tenerife,2018,4,2018M04,249.0,77.74,72.1,72.33,42035.0,19436.0,93434.0
38,Santa Cruz de Tenerife,2018,5,2018M05,246.0,73.09,70.86,67.41,41645.0,18995.0,92559.0
38,Santa Cruz de Tenerife,2018,6,2018M06,251.0,77.42,75.3,72.18,42224.0,19446.0,94076.0
38,Santa Cruz de Tenerife,2018,7,2018M07,250.0,78.4,81.35,78.94,42446.0,19942.0,94932.0
38,Santa Cruz de Tenerife,2018,8,2018M08,245.0,83.02,84.87,84.22,41720.0,19932.0,93473.0
38,Santa Cruz de Tenerife,2018,9,2018M09,253.0,83.91,76.66,75.84,42913.0,20048.0,95930.0
38,Santa Cruz de Tenerife,2018,10,2018M10,256.0,82.78,79.28,76.45,42797.0,20153.0,95716.0
38,Santa Cruz de Tenerife,2018,11,2018M11,256.0,84.26,76.03,74.0,42789.0,20084.0,95700.0
38,Santa Cruz de Tenerife,2018,12,2018M12,255.0,78.5,72.7,70.62,43407.0,20457.0,97109.0
38,Santa Cruz de Tenerife,2019,1,2019M01,259.0,83.68,75.32,73.95,43665.0,20832.0,97993.0
38,Santa Cruz de Tenerife,2019,2,2019M02,257.0,84.72,76.89,74.99,43669.0,20525.0,98085.0
38,Santa Cruz de Tenerife,2019,3,2019M03,257.0,84.7,75.34,74.01,43674.0,20398.0,98108.0
38,Santa Cruz de Tenerife,2019,4,2019M04,250.0,76.48,74.96,72.9,42687.0,20304.0,96561.0
38,Santa Cruz de Tenerife,2019,5,2019M05,247.0,73.83,69.7,66.19,41876.0,19907.0,94683.0
38,Santa Cruz de Tenerife,2019,6,2019M06,247.0,78.29,76.43,72.81,42538.0,20232.0,96562.0
38,Santa Cruz de Tenerife,2019,7,2019M07,249.0,78.81,80.68,77.48,43499.0,20762.0,98886.0
38,Santa Cruz de Tenerife,2019,8,2019M08,250.0,80.98,82.14,80.54,44036.0,20882.0,99969.0
38,Santa Cruz de Tenerife,2019,9,2019M09,251.0,82.13,75.25,73.29,44137.0,20914.0,100164.0
38,Santa Cruz de Tenerife,2019,10,2019M10,256.0,77.95,75.02,71.43,44254.0,20699.0,100153.0
38,Santa Cruz de Tenerife,2019,11,2019M11,256.0,83.6,74.17,72.24,44281.0,20900.0,100209.0
38,Santa Cruz de Tenerife,2019,12,2019M12,256.0,79.15,70.73,69.79,44277.0,20709.0,100201.0
38,Santa Cruz de Tenerife,2020,1,2020M01,261.0,83.85,74.6,72.93,44234.0,21040.0,100124.0
38,Santa Cruz de Tenerife,2020,2,2020M02,261.0,83.58,74.41,74.09,44207.0,20710.0,100062.0
38,Santa Cruz de Tenerife,2020,3,2020M03,212.0,47.76,47.0,41.5,33310.0,15709.0,75028.0
38,Santa Cruz de Tenerife,2020,4,2020M04,0.0,0.0,0.0,0.0,0.0,0.0,0.0
38,Santa Cruz de Tenerife,2020,5,2020M05,14.0,6.0,1.34,2.03,603.0,33.0,1631.0
38,Santa Cruz de Tenerife,2020,6,2020M06,27.0,18.52,13.61,11.73,1260.0,403.0,2862.0
38,Santa Cruz de Tenerife,2020,7,2020M07,84.0,40.33,38.69,37.61,11802.0,5091.0,26755.0
38,Santa Cruz de Tenerife,2020,8,2020M08,125.0,45.88,49.39,44.38,19896.0,8551.0,45170.0
38,Santa Cruz de Tenerife,2020,9,2020M09,134.0,34.0,36.23,30.01,19107.0,7415.0,44067.0
38,Santa Cruz de Tenerife,2020,10,2020M10,127.0,26.11,27.95,22.49,18346.0,8170.0,42102.0
38,Santa Cruz de Tenerife,2020,11,2020M11,123.0,29.33,27.59,23.78,17560.0,7428.0,40223.0
38,Santa Cruz de Tenerife,2020,12,2020M12,126.0,30.64,28.6,26.23,18663.0,8305.0,42118.0
38,Santa Cruz de Tenerife,2021,1,2021M01,119.0,17.95,17.72,14.9,15020.0,6003.0,33215.0
38,Santa Cruz de Tenerife,2021,2,2021M02,110.0,25.35,26.59,21.41,12484.0,5390.0,27321.0
38,Santa Cruz de Tenerife,2021,3,2021M03,113.0,31.47,31.15,26.27,12658.0,5544.0,27759.0
38,Santa Cruz de Tenerife,2021,4,2021M04,111.0,32.78,36.69,28.99,13342.0,5596.0,29453.0
38,Santa Cruz de Tenerife,2021,5,2021M05,115.0,41.5,45.1,36.38,13462.0,5744.0,29668.0
38,Santa Cruz de Tenerife,2021,6,2021M06,134.0,42.03,45.6,37.86,19595.0,8009.0,43810.0
38,Santa Cruz de Tenerife,2021,7,2021M07,171.0,49.32,50.85,47.69,30089.0,11383.0,67880.0
38,Santa Cruz de Tenerife,2021,8,2021M08,193.0,65.55,69.63,64.84,34547.0,14242.0,78237.0
38,Santa Cruz de Tenerife,2021,9,2021M09,210.0,66.31,61.62,58.43,37905.0,15814.0,86129.0
38,Santa Cruz de Tenerife,2021,10,2021M10,225.0,73.6,68.19,66.59,40242.0,17903.0,92057.0
38,Santa Cruz de Tenerife,2021,11,2021M11,230.0,77.64,69.47,66.77,41363.0,18469.0,94544.0
38,Santa Cruz de Tenerife,2021,12,2021M12,233.0,64.44,56.83,56.19,42093.0,18526.0,96404.0
38,Santa Cruz de Tenerife,2022,1,2022M01,242.0,59.71,51.97,50.95,42505.0,18390.0,97254.0
38,Santa Cruz de Tenerife,2022,2,2022M02,244.0,72.6,66.03,64.5,42793.0,19248.0,98006.0
38,Santa Cruz de Tenerife,2022,3,2022M03,248.0,78.54,70.52,67.61,43258.0,19345.0,99316.0
38,Santa Cruz de Tenerife,2022,4,2022M04,248.0,75.35,70.6,69.83,43260.0,19920.0,99283.0
38,Santa Cruz de Tenerife,2022,5,2022M05,246.0,71.2,68.01,62.91,42578.0,19351.0,97734.0
38,Santa Cruz de Tenerife,2022,6,2022M06,248.0,74.32,71.26,67.62,43065.0,20047.0,98918.0
38,Santa Cruz de Tenerife,2022,7,2022M07,247.0,77.04,77.67,72.65,42802.0,20469.0,99127.0
38,Santa Cruz de Tenerife,2022,8,2022M08,251.0,82.37,83.54,77.86,43484.0,20535.0,100410.0
38,Santa Cruz de Tenerife,2022,9,2022M09,253.0,81.21,72.37,71.11,43128.0,20232.0,99593.0
38,Santa Cruz de Tenerife,2022,10,2022M10,251.0,80.98,75.29,72.7,43125.0,20734.0,99573.0
38,Santa Cruz de Tenerife,2022,11,2022M11,253.0,84.6,74.48,72.68,43404.0,20926.0,100155.0
38,Santa Cruz de Tenerife,2022,12,2022M12,250.0,81.02,72.07,71.26,43401.0,20915.0,100269.0
38,Santa Cruz de Tenerife,2023,1,2023M01,253.0,84.64,72.91,72.4,43146.0,20468.0,99534.0
38,Santa Cruz de Tenerife,2023,2,2023M02,251.0,88.0,77.43,77.08,42935.0,20947.0,98810.0
38,Santa Cruz de Tenerife,2023,3,2023M03,252.0,85.33,74.86,72.7,42858.0,20901.0,98642.0
38,Santa Cruz de Tenerife,2023,4,2023M04,249.0,77.99,74.38,71.88,42544.0,20836.0,98059.0
38,Santa Cruz de Tenerife,2023,5,2023M05,241.0,75.67,70.08,67.03,41507.0,20263.0,95808.0
38,Santa Cruz de Tenerife,2023,6,2023M06,238.0,78.49,74.24,71.26,41830.0,20754.0,96584.0
38,Santa Cruz de Tenerife,2023,7,2023M07,239.0,80.43,80.77,75.95,42089.0,21490.0,96618.0
38,Santa Cruz de Tenerife,2023,8,2023M08,242.0,83.37,83.28,77.9,42329.0,21930.0,97130.0
38,Santa Cruz de Tenerife,2023,9,2023M09,251.0,83.74,75.5,73.5,42769.0,21758.0,98128.0
38,Santa Cruz de Tenerife,2023,10,2023M10,253.0,84.07,78.65,75.47,42932.0,22407.0,98476.0
38,Santa Cruz de Tenerife,2023,11,2023M11,253.0,88.69,78.79,76.82,42955.0,22869.0,98522.0
38,Santa Cruz de Tenerife,2023,12,2023M12,250.0,82.92,75.43,72.75,42909.0,22610.0,98411.0
38,Santa Cruz de Tenerife,2024,1,2024M01,257.0,87.47,76.85,75.59,43546.0,22982.0,100095.0
38,Santa Cruz de Tenerife,2024,2,2024M02,257.0,86.94,78.12,76.81,43559.0,22632.0,100129.0
38,Santa Cruz de Tenerife,2024,3,2024M03,255.0,87.26,78.59,76.77,43577.0,22992.0,100199.0
38,Santa Cruz de Tenerife,2024,4,2024M04,255.0,78.86,73.89,71.27,43134.0,23018.0,99259.0
38,Santa Cruz de Tenerife,2024,5,2024M05,252.0,75.16,71.17,67.61,42552.0,22560.0,98031.0
38,Santa Cruz de Tenerife,2024,6,2024M06,247.0,79.49,76.43,72.46,42738.0,22775.0,98477.0
38,Santa Cruz de Tenerife,2024,7,2024M07,255.0,78.96,79.36,75.23,43948.0,23404.0,101356.0
38,Santa Cruz de Tenerife,2024,8,2024M08,252.0,83.4,81.1,78.94,43817.0,23674.0,101133.0
38,Santa Cruz de Tenerife,2024,9,2024M09,259.0,83.03,75.48,73.23,44160.0,23860.0,101772.0
38,Santa Cruz de Tenerife,2024,10,2024M10,260.0,82.68,77.85,75.03,44241.0,23819.0,101972.0
38,Santa Cruz de Tenerife,2024,11,2024M11,267.0,86.49,76.67,74.47,44610.0,24167.0,102692.0
38,Santa Cruz de Tenerife,2024,12,2024M12,272.0,80.38,73.64,70.58,45102.0,24391.0,103649.0
38,Santa Cruz de Tenerife,2025,1,2025M01,259.0,86.84,75.67,75.11,44485.0,24413.0,102822.0
38,Santa Cruz de Tenerife,2025,2,2025M02,252.0,88.73,79.7,79.04,43966.0,24204.0,101853.0
38,Santa Cruz de Tenerife,2025,3,2025M03,257.0,84.72,73.27,73.06,43657.0,23987.0,101062.0
38,Santa Cruz de Tenerife,2025,4,2025M04,253.0,75.99,74.44,70.96,43251.0,23548.0,100459.0
38,Santa Cruz de Tenerife,2025,5,2025M05,249.0,75.0,69.6,66.64,42594.0,23338.0,98736.0
38,Santa Cruz de Tenerife,2025,6,2025M06,241.0,79.11,76.18,72.47,42422.0,22594.0,98323.0
38,Santa Cruz de Tenerife,2025,7,2025M07,242.0,81.48,80.55,77.68,43082.0,23661.0,99944.0
38,Santa Cruz de Tenerife,2025,8,2025M08,252.0,83.89,83.89,81.29,43474.0,24053.0,100873.0
38,Santa Cruz de Tenerife,2025,9,2025M09,250.0,82.76,74.82,72.67,42361.0,23341.0,98435.0
38,Santa Cruz de Tenerife,2025,10,2025M10,253.0,83.57,76.35,75.09,44114.0,23982.0,102055.0
38,Santa Cruz de Tenerife,2025,11,2025M11,254.0,87.39,75.84,75.0,43982.0,23842.0,101582.0
38,Santa Cruz de Tenerife,2025,12,2025M12,255.0,80.16,69.9,70.39,43902.0,24788.0,101360.0
39,Cantabria,2015,1,2015M01,183.0,25.02,27.33,20.97,4448.0,1037.0,8438.0
39,Cantabria,2015,2,2015M02,203.0,30.43,34.44,25.66,4992.0,1125.0,9432.0
39,Cantabria,2015,3,2015M03,251.0,34.84,40.33,30.58,6385.0,1498.0,12293.0
39,Cantabria,2015,4,2015M04,330.0,38.2,45.14,35.24,8490.0,1950.0,16673.0
39,Cantabria,2015,5,2015M05,338.0,40.1,45.69,35.75,8713.0,1996.0,17131.0
39,Cantabria,2015,6,2015M06,365.0,48.66,56.51,44.71,9509.0,2348.0,18734.0
39,Cantabria,2015,7,2015M07,443.0,62.95,69.69,59.96,10928.0,2799.0,21391.0
39,Cantabria,2015,8,2015M08,450.0,77.03,76.24,75.27,10991.0,2901.0,21519.0
39,Cantabria,2015,9,2015M09,378.0,55.35,61.79,51.07,9677.0,2387.0,19025.0
39,Cantabria,2015,10,2015M10,286.0,49.67,55.05,43.74,7785.0,1854.0,15276.0
39,Cantabria,2015,11,2015M11,255.0,34.33,35.91,29.53,6389.0,1492.0,12231.0
39,Cantabria,2015,12,2015M12,208.0,31.48,32.31,28.83,5135.0,1283.0,9788.0
39,Cantabria,2016,1,2016M01,177.0,29.78,31.69,25.49,4473.0,1068.0,8413.0
39,Cantabria,2016,2,2016M02,199.0,33.1,36.25,27.9,5049.0,1145.0,9556.0
39,Cantabria,2016,3,2016M03,270.0,42.18,47.12,38.99,7078.0,1664.0,13567.0
39,Cantabria,2016,4,2016M04,310.0,37.93,42.28,33.13,8107.0,1895.0,15713.0
39,Cantabria,2016,5,2016M05,331.0,43.87,49.2,39.79,8476.0,2002.0,16450.0
39,Cantabria,2016,6,2016M06,366.0,52.97,56.09,48.0,9319.0,2351.0,18113.0
39,Cantabria,2016,7,2016M07,441.0,67.78,70.77,66.65,10771.0,2893.0,20898.0
39,Cantabria,2016,8,2016M08,455.0,81.39,82.39,80.73,10944.0,3044.0,21245.0
39,Cantabria,2016,9,2016M09,401.0,62.45,63.17,57.93,9886.0,2472.0,19225.0
39,Cantabria,2016,10,2016M10,299.0,51.64,58.28,48.21,8017.0,1958.0,15567.0
39,Cantabria,2016,11,2016M11,241.0,36.15,41.71,30.83,6257.0,1493.0,11973.0
39,Cantabria,2016,12,2016M12,216.0,32.5,35.92,29.57,5333.0,1279.0,10132.0
39,Cantabria,2017,1,2017M01,191.0,28.9,30.8,24.47,4856.0,1183.0,9315.0
39,Cantabria,2017,2,2017M02,207.0,36.66,41.44,31.34,5239.0,1210.0,10022.0
39,Cantabria,2017,3,2017M03,254.0,36.45,41.36,31.33,6793.0,1548.0,13130.0
39,Cantabria,2017,4,2017M04,324.0,50.99,61.34,48.65,8448.0,2073.0,16467.0
39,Cantabria,2017,5,2017M05,341.0,45.69,49.53,40.81,8793.0,2194.0,17159.0
39,Cantabria,2017,6,2017M06,369.0,53.48,58.01,48.86,9704.0,2529.0,18934.0
39,Cantabria,2017,7,2017M07,446.0,67.85,72.63,66.37,10869.0,3132.0,21223.0
39,Cantabria,2017,8,2017M08,459.0,78.81,82.1,78.18,10992.0,3194.0,21458.0
39,Cantabria,2017,9,2017M09,386.0,60.07,60.39,56.21,9647.0,2455.0,18891.0
39,Cantabria,2017,10,2017M10,304.0,52.71,60.12,48.5,8024.0,2093.0,15660.0
39,Cantabria,2017,11,2017M11,241.0,39.03,45.5,33.54,6204.0,1554.0,11995.0
39,Cantabria,2017,12,2017M12,190.0,35.37,39.18,33.29,5076.0,1288.0,9813.0
39,Cantabria,2018,1,2018M01,207.0,30.13,29.95,25.76,4964.0,1151.0,9537.0
39,Cantabria,2018,2,2018M02,218.0,35.4,38.47,30.23,5244.0,1194.0,10070.0
39,Cantabria,2018,3,2018M03,278.0,42.04,46.01,38.0,7043.0,1682.0,13622.0
39,Cantabria,2018,4,2018M04,342.0,45.32,49.73,41.44,8629.0,2087.0,16870.0
39,Cantabria,2018,5,2018M05,346.0,46.55,53.75,42.07,8691.0,2153.0,16976.0
39,Cantabria,2018,6,2018M06,387.0,53.69,57.81,49.21,9630.0,2588.0,18874.0
39,Cantabria,2018,7,2018M07,466.0,66.45,72.69,64.1,11292.0,3195.0,22074.0
39,Cantabria,2018,8,2018M08,474.0,81.64,80.24,80.47,11309.0,3346.0,22103.0
39,Cantabria,2018,9,2018M09,407.0,63.2,64.3,57.89,10105.0,2696.0,19801.0
39,Cantabria,2018,10,2018M10,299.0,54.59,63.08,49.04,7967.0,2104.0,15600.0
39,Cantabria,2018,11,2018M11,244.0,42.46,48.56,37.24,6362.0,1627.0,12299.0
39,Cantabria,2018,12,2018M12,222.0,35.59,41.27,33.0,5452.0,1391.0,10505.0
39,Cantabria,2019,1,2019M01,187.0,31.73,33.08,25.99,4815.0,1189.0,9364.0
39,Cantabria,2019,2,2019M02,213.0,39.2,44.43,33.07,5330.0,1241.0,10311.0
39,Cantabria,2019,3,2019M03,279.0,40.42,49.34,35.29,6903.0,1586.0,13422.0
39,Cantabria,2019,4,2019M04,344.0,49.36,53.73,47.32,8635.0,2166.0,16867.0
39,Cantabria,2019,5,2019M05,341.0,48.15,52.56,42.31,8928.0,2211.0,17490.0
39,Cantabria,2019,6,2019M06,398.0,54.25,61.62,49.0,10028.0,2622.0,19687.0
39,Cantabria,2019,7,2019M07,468.0,68.16,74.77,65.01,11318.0,3282.0,22179.0
39,Cantabria,2019,8,2019M08,483.0,79.43,75.31,77.68,11471.0,3250.0,22473.0
39,Cantabria,2019,9,2019M09,423.0,62.49,64.1,56.52,10356.0,2734.0,20325.0
39,Cantabria,2019,10,2019M10,317.0,51.24,60.39,45.68,7991.0,2060.0,15623.0
39,Cantabria,2019,11,2019M11,261.0,41.13,45.76,35.27,6560.0,1699.0,12705.0
39,Cantabria,2019,12,2019M12,229.0,36.02,45.11,32.97,5655.0,1581.0,10962.0
39,Cantabria,2020,1,2020M01,190.0,34.54,41.58,30.35,4967.0,1316.0,9681.0
39,Cantabria,2020,2,2020M02,202.0,38.95,47.0,34.22,5271.0,1316.0,10205.0
39,Cantabria,2020,3,2020M03,233.0,18.15,16.92,15.4,5120.0,1166.0,9942.0
39,Cantabria,2020,4,2020M04,0.0,0.0,0.0,0.0,0.0,0.0,0.0
39,Cantabria,2020,5,2020M05,27.0,16.49,5.08,9.93,533.0,74.0,1042.0
39,Cantabria,2020,6,2020M06,97.0,21.59,24.34,19.36,2906.0,717.0,5776.0
39,Cantabria,2020,7,2020M07,395.0,53.88,60.71,51.86,9770.0,2474.0,19354.0
39,Cantabria,2020,8,2020M08,422.0,72.85,72.0,70.24,10343.0,2809.0,20488.0
39,Cantabria,2020,9,2020M09,344.0,39.08,47.15,35.22,8446.0,2043.0,16781.0
39,Cantabria,2020,10,2020M10,231.0,26.75,31.65,23.4,6053.0,1372.0,11889.0
39,Cantabria,2020,11,2020M11,123.0,16.52,8.79,10.64,3114.0,654.0,6065.0
39,Cantabria,2020,12,2020M12,95.0,19.9,14.85,13.66,2680.0,515.0,5221.0
39,Cantabria,2021,1,2021M01,122.0,17.51,14.77,13.34,2848.0,543.0,5590.0
39,Cantabria,2021,2,2021M02,134.0,23.85,18.35,17.19,3046.0,559.0,5973.0
39,Cantabria,2021,3,2021M03,151.0,21.62,16.49,15.48,3364.0,588.0,6620.0
39,Cantabria,2021,4,2021M04,145.0,20.4,15.57,15.61,3477.0,647.0,6814.0
39,Cantabria,2021,5,2021M05,188.0,29.52,38.06,24.95,4688.0,996.0,9284.0
39,Cantabria,2021,6,2021M06,306.0,43.88,60.38,40.72,7468.0,1886.0,14938.0
39,Cantabria,2021,7,2021M07,446.0,64.51,69.87,61.85,10630.0,2935.0,21134.0
39,Cantabria,2021,8,2021M08,475.0,79.62,81.31,77.97,11122.0,3155.0,22043.0
39,Cantabria,2021,9,2021M09,410.0,59.55,67.97,54.91,9791.0,2532.0,19473.0
39,Cantabria,2021,10,2021M10,290.0,54.81,58.83,48.99,7379.0,1963.0,14668.0
39,Cantabria,2021,11,2021M11,217.0,40.6,45.81,33.64,5526.0,1464.0,10896.0
39,Cantabria,2021,12,2021M12,156.0,34.59,35.29,31.45,4449.0,1285.0,8684.0
39,Cantabria,2022,1,2022M01,173.0,33.2,37.73,27.83,4125.0,1043.0,7995.0
39,Cantabria,2022,2,2022M02,211.0,42.71,51.02,36.8,4829.0,1158.0,9404.0
39,Cantabria,2022,3,2022M03,251.0,43.04,48.44,36.1,5987.0,1523.0,11749.0
39,Cantabria,2022,4,2022M04,364.0,45.12,50.25,41.93,8950.0,2271.0,17852.0
39,Cantabria,2022,5,2022M05,368.0,49.78,57.12,44.09,9099.0,2371.0,18150.0
39,Cantabria,2022,6,2022M06,400.0,56.7,62.14,50.82,9600.0,2704.0,19171.0
39,Cantabria,2022,7,2022M07,483.0,70.02,71.01,66.99,11326.0,3281.0,22596.0
39,Cantabria,2022,8,2022M08,500.0,77.82,77.28,75.48,11612.0,3384.0,23154.0
39,Cantabria,2022,9,2022M09,440.0,61.53,62.1,55.73,10407.0,2787.0,20752.0
39,Cantabria,2022,10,2022M10,329.0,54.86,56.09,48.77,8177.0,2108.0,16394.0
39,Cantabria,2022,11,2022M11,244.0,39.04,45.28,32.16,6105.0,1449.0,12230.0
39,Cantabria,2022,12,2022M12,215.0,34.44,35.02,31.29,5324.0,1363.0,10497.0
39,Cantabria,2023,1,2023M01,205.0,28.53,34.67,24.81,4545.0,1137.0,8798.0
39,Cantabria,2023,2,2023M02,219.0,38.48,47.77,32.76,4796.0,1134.0,9341.0
39,Cantabria,2023,3,2023M03,287.0,39.55,49.5,34.82,6466.0,1554.0,12671.0
39,Cantabria,2023,4,2023M04,377.0,50.39,55.84,47.11,8935.0,2273.0,17919.0
39,Cantabria,2023,5,2023M05,382.0,46.81,50.11,40.39,9017.0,2476.0,18059.0
39,Cantabria,2023,6,2023M06,434.0,54.67,62.64,49.29,10154.0,2766.0,20281.0
39,Cantabria,2023,7,2023M07,502.0,67.18,71.46,63.8,11725.0,3329.0,23392.0
39,Cantabria,2023,8,2023M08,507.0,76.71,77.31,74.18,11751.0,3376.0,23430.0
39,Cantabria,2023,9,2023M09,453.0,60.06,60.05,53.86,10446.0,2770.0,20848.0
39,Cantabria,2023,10,2023M10,354.0,52.77,59.5,46.99,8396.0,2252.0,16773.0
39,Cantabria,2023,11,2023M11,274.0,40.14,45.19,33.09,6561.0,1652.0,13043.0
39,Cantabria,2023,12,2023M12,218.0,36.59,39.94,32.92,5288.0,1343.0,10463.0
39,Cantabria,2024,1,2024M01,201.0,34.79,35.75,28.42,4697.0,1235.0,9264.0
39,Cantabria,2024,2,2024M02,213.0,38.96,44.17,31.77,5100.0,1261.0,10006.0
39,Cantabria,2024,3,2024M03,335.0,44.04,50.36,39.12,8151.0,1965.0,16370.0
39,Cantabria,2024,4,2024M04,383.0,43.9,47.92,38.52,9300.0,2297.0,18619.0
39,Cantabria,2024,5,2024M05,394.0,51.53,58.62,44.36,9462.0,2447.0,18970.0
39,Cantabria,2024,6,2024M06,418.0,54.51,58.79,48.26,10110.0,2789.0,20267.0
39,Cantabria,2024,7,2024M07,480.0,68.46,71.79,63.11,11634.0,3379.0,23331.0
39,Cantabria,2024,8,2024M08,491.0,80.12,74.81,76.14,11729.0,3475.0,23522.0
39,Cantabria,2024,9,2024M09,437.0,57.82,57.74,50.85,10499.0,2848.0,21060.0
39,Cantabria,2024,10,2024M10,298.0,54.26,57.91,45.76,7617.0,2089.0,15286.0
39,Cantabria,2024,11,2024M11,261.0,42.46,50.25,36.08,6593.0,1696.0,13145.0
39,Cantabria,2024,12,2024M12,228.0,34.12,41.87,29.77,5412.0,1400.0,10759.0
39,Cantabria,2025,1,2025M01,214.0,29.18,33.33,24.1,5257.0,1351.0,10493.0
39,Cantabria,2025,2,2025M02,215.0,38.71,47.29,30.73,5378.0,1336.0,10703.0
39,Cantabria,2025,3,2025M03,283.0,41.89,45.4,34.69,6669.0,1633.0,13320.0
39,Cantabria,2025,4,2025M04,363.0,46.53,50.37,41.48,8944.0,2324.0,17988.0
39,Cantabria,2025,5,2025M05,389.0,52.48,56.61,45.11,9323.0,2469.0,18837.0
39,Cantabria,2025,6,2025M06,412.0,59.07,63.08,51.99,10135.0,2897.0,20488.0
39,Cantabria,2025,7,2025M07,454.0,72.73,77.46,67.34,11153.0,3512.0,22572.0
39,Cantabria,2025,8,2025M08,463.0,77.55,74.96,75.09,11394.0,3461.0,23053.0
39,Cantabria,2025,9,2025M09,395.0,59.17,60.51,51.5,10028.0,2761.0,20234.0
39,Cantabria,2025,10,2025M10,295.0,52.87,56.47,45.08,7850.0,2226.0,15758.0
39,Cantabria,2025,11,2025M11,265.0,42.39,46.25,35.14,6809.0,1887.0,13650.0
39,Cantabria,2025,12,2025M12,239.0,37.77,46.41,33.02,5748.0,1532.0,11496.0
40,Segovia,2015,1,2015M01,113.0,22.19,32.89,19.03,2650.0,495.0,4975.0
40,Segovia,2015,2,2015M02,119.0,26.51,41.72,22.84,2804.0,535.0,5281.0
40,Segovia,2015,3,2015M03,120.0,31.48,44.75,28.37,2894.0,579.0,5458.0
40,Segovia,2015,4,2015M04,126.0,39.19,53.12,37.5,2949.0,574.0,5560.0
40,Segovia,2015,5,2015M05,124.0,37.46,50.59,34.04,2905.0,574.0,5483.0
40,Segovia,2015,6,2015M06,127.0,35.15,49.97,32.16,2972.0,586.0,5598.0
40,Segovia,2015,7,2015M07,129.0,38.7,52.97,36.48,3056.0,595.0,5749.0
40,Segovia,2015,8,2015M08,129.0,45.93,56.37,47.91,3085.0,605.0,5805.0
40,Segovia,2015,9,2015M09,124.0,46.04,57.12,42.04,2995.0,593.0,5637.0
40,Segovia,2015,10,2015M10,126.0,47.66,54.57,44.17,2934.0,580.0,5519.0
40,Segovia,2015,11,2015M11,123.0,32.62,42.46,29.43,2977.0,572.0,5617.0
40,Segovia,2015,12,2015M12,120.0,30.78,36.14,29.93,2767.0,576.0,5206.0
40,Segovia,2016,1,2016M01,114.0,26.4,37.57,24.55,2574.0,557.0,4922.0
40,Segovia,2016,2,2016M02,123.0,30.74,44.62,27.13,2862.0,576.0,5419.0
40,Segovia,2016,3,2016M03,124.0,37.79,52.99,35.41,2976.0,617.0,5637.0
40,Segovia,2016,4,2016M04,133.0,34.14,45.95,28.86,3047.0,602.0,5764.0
40,Segovia,2016,5,2016M05,134.0,39.77,47.97,34.42,3061.0,589.0,5791.0
40,Segovia,2016,6,2016M06,133.0,36.75,51.42,32.01,3160.0,608.0,5969.0
40,Segovia,2016,7,2016M07,134.0,43.01,53.91,41.29,3180.0,620.0,6001.0
40,Segovia,2016,8,2016M08,133.0,48.88,59.37,49.91,3208.0,617.0,6054.0
40,Segovia,2016,9,2016M09,134.0,47.37,54.74,42.82,3141.0,604.0,5926.0
40,Segovia,2016,10,2016M10,127.0,49.89,57.75,45.27,2995.0,583.0,5649.0
40,Segovia,2016,11,2016M11,121.0,37.23,45.85,32.25,2964.0,566.0,5613.0
40,Segovia,2016,12,2016M12,121.0,33.48,37.32,31.68,2900.0,566.0,5477.0
40,Segovia,2017,1,2017M01,111.0,30.62,37.28,27.22,2697.0,547.0,5112.0
40,Segovia,2017,2,2017M02,112.0,34.6,48.77,30.75,2689.0,551.0,5098.0
40,Segovia,2017,3,2017M03,118.0,36.87,51.25,32.25,2739.0,574.0,5184.0
40,Segovia,2017,4,2017M04,124.0,48.54,57.0,45.92,2986.0,574.0,5666.0
40,Segovia,2017,5,2017M05,127.0,46.25,52.72,43.45,3036.0,588.0,5759.0
40,Segovia,2017,6,2017M06,127.0,42.7,53.18,39.15,3128.0,613.0,5930.0
40,Segovia,2017,7,2017M07,127.0,44.05,61.17,45.09,3129.0,620.0,5934.0
40,Segovia,2017,8,2017M08,127.0,51.07,58.95,52.24,3148.0,623.0,5967.0
40,Segovia,2017,9,2017M09,119.0,51.86,59.53,46.73,3041.0,598.0,5760.0
40,Segovia,2017,10,2017M10,119.0,49.66,59.34,43.65,2925.0,568.0,5554.0
40,Segovia,2017,11,2017M11,117.0,38.54,47.19,32.24,2868.0,541.0,5453.0
40,Segovia,2017,12,2017M12,109.0,34.79,40.55,32.75,2772.0,559.0,5273.0
40,Segovia,2018,1,2018M01,112.0,29.1,34.35,24.55,2860.0,536.0,5468.0
40,Segovia,2018,2,2018M02,117.0,32.4,46.87,27.59,2909.0,550.0,5568.0
40,Segovia,2018,3,2018M03,118.0,38.4,46.61,33.97,2894.0,547.0,5543.0
40,Segovia,2018,4,2018M04,120.0,43.32,51.92,37.78,2936.0,559.0,5610.0
40,Segovia,2018,5,2018M05,128.0,42.37,47.36,36.16,3052.0,590.0,5834.0
40,Segovia,2018,6,2018M06,128.0,44.03,54.12,38.6,3180.0,623.0,6069.0
40,Segovia,2018,7,2018M07,131.0,45.32,56.68,43.32,3266.0,631.0,6230.0
40,Segovia,2018,8,2018M08,131.0,52.46,60.55,53.39,3268.0,640.0,6235.0
40,Segovia,2018,9,2018M09,127.0,52.33,56.31,46.79,3152.0,607.0,6023.0
40,Segovia,2018,10,2018M10,123.0,50.93,60.37,44.87,3021.0,590.0,5763.0
40,Segovia,2018,11,2018M11,117.0,43.46,53.32,37.03,2932.0,566.0,5610.0
40,Segovia,2018,12,2018M12,114.0,34.48,41.43,33.25,2848.0,560.0,5447.0
40,Segovia,2019,1,2019M01,114.0,27.73,34.28,24.5,2718.0,513.0,5230.0
40,Segovia,2019,2,2019M02,124.0,36.24,51.07,31.08,2972.0,569.0,5672.0
40,Segovia,2019,3,2019M03,126.0,42.02,54.0,36.67,2993.0,571.0,5711.0
40,Segovia,2019,4,2019M04,126.0,44.64,55.1,42.45,3032.0,569.0,5795.0
40,Segovia,2019,5,2019M05,131.0,45.52,54.25,40.61,3124.0,585.0,5975.0
40,Segovia,2019,6,2019M06,130.0,50.5,58.61,45.07,3162.0,589.0,6042.0
40,Segovia,2019,7,2019M07,131.0,46.75,57.98,43.97,3274.0,624.0,6246.0
40,Segovia,2019,8,2019M08,129.0,53.76,60.92,54.68,3243.0,636.0,6185.0
40,Segovia,2019,9,2019M09,123.0,53.07,60.21,46.71,3185.0,613.0,6076.0
40,Segovia,2019,10,2019M10,126.0,53.05,62.19,45.69,3041.0,596.0,5819.0
40,Segovia,2019,11,2019M11,119.0,43.95,51.05,36.74,2933.0,568.0,5611.0
40,Segovia,2019,12,2019M12,107.0,39.6,47.68,36.58,2756.0,525.0,5268.0
40,Segovia,2020,1,2020M01,114.0,32.33,41.13,27.11,2782.0,521.0,5333.0
40,Segovia,2020,2,2020M02,118.0,38.07,56.02,33.98,2893.0,546.0,5560.0
40,Segovia,2020,3,2020M03,99.0,28.34,26.3,21.2,2255.0,456.0,4301.0
40,Segovia,2020,4,2020M04,0.0,0.0,0.0,0.0,0.0,0.0,0.0
40,Segovia,2020,5,2020M05,,,,,,,
40,Segovia,2020,6,2020M06,,,,,,,
40,Segovia,2020,7,2020M07,102.0,30.95,41.35,30.43,2451.0,416.0,4737.0
40,Segovia,2020,8,2020M08,106.0,39.59,48.4,39.83,2618.0,476.0,5037.0
40,Segovia,2020,9,2020M09,104.0,28.98,34.33,24.44,2421.0,436.0,4673.0
40,Segovia,2020,10,2020M10,103.0,22.59,24.7,18.39,2249.0,404.0,4321.0
40,Segovia,2020,11,2020M11,67.0,19.79,9.65,11.59,1404.0,215.0,2681.0
40,Segovia,2020,12,2020M12,64.0,18.52,11.67,11.57,1397.0,222.0,2671.0
40,Segovia,2021,1,2021M01,46.0,8.22,5.21,5.55,1082.0,172.0,2125.0
40,Segovia,2021,2,2021M02,55.0,20.94,16.24,13.18,1227.0,177.0,2333.0
40,Segovia,2021,3,2021M03,70.0,20.91,18.44,14.33,1607.0,231.0,3076.0
40,Segovia,2021,4,2021M04,78.0,18.23,15.51,12.78,1919.0,256.0,3703.0
40,Segovia,2021,5,2021M05,90.0,29.11,33.24,22.28,2209.0,291.0,4233.0
40,Segovia,2021,6,2021M06,104.0,33.96,42.77,29.29,2808.0,458.0,5412.0
40,Segovia,2021,7,2021M07,108.0,42.51,52.6,42.73,3045.0,589.0,5881.0
40,Segovia,2021,8,2021M08,116.0,55.2,66.68,54.79,3171.0,617.0,6114.0
40,Segovia,2021,9,2021M09,111.0,47.55,56.78,41.85,2926.0,535.0,5658.0
40,Segovia,2021,10,2021M10,118.0,52.46,60.6,46.42,2999.0,571.0,5788.0
40,Segovia,2021,11,2021M11,107.0,38.59,47.22,31.01,2865.0,506.0,5539.0
40,Segovia,2021,12,2021M12,104.0,35.07,34.14,30.06,2700.0,519.0,5216.0
40,Segovia,2022,1,2022M01,93.0,31.01,38.12,24.72,2598.0,458.0,5046.0
40,Segovia,2022,2,2022M02,101.0,38.89,53.07,34.38,2806.0,516.0,5438.0
40,Segovia,2022,3,2022M03,110.0,38.76,48.59,32.7,2967.0,592.0,5741.0
40,Segovia,2022,4,2022M04,113.0,47.91,57.69,43.83,3000.0,585.0,5834.0
40,Segovia,2022,5,2022M05,115.0,45.56,51.27,38.99,3008.0,576.0,5847.0
40,Segovia,2022,6,2022M06,113.0,42.47,58.22,38.63,3118.0,620.0,6049.0
40,Segovia,2022,7,2022M07,116.0,47.12,57.24,45.07,3168.0,669.0,6136.0
40,Segovia,2022,8,2022M08,113.0,50.6,59.12,50.74,3154.0,657.0,6109.0
40,Segovia,2022,9,2022M09,112.0,54.36,57.8,46.78,3020.0,622.0,5850.0
40,Segovia,2022,10,2022M10,112.0,52.0,60.92,43.6,2987.0,587.0,5805.0
40,Segovia,2022,11,2022M11,108.0,45.34,51.53,35.38,2809.0,561.0,5472.0
40,Segovia,2022,12,2022M12,106.0,37.63,38.28,32.5,2707.0,558.0,5266.0
40,Segovia,2023,1,2023M01,95.0,38.84,41.87,30.89,2577.0,503.0,5044.0
40,Segovia,2023,2,2023M02,104.0,45.26,53.21,36.1,2746.0,552.0,5384.0
40,Segovia,2023,3,2023M03,113.0,46.56,50.59,37.11,2941.0,577.0,5730.0
40,Segovia,2023,4,2023M04,113.0,58.62,63.57,51.91,2879.0,591.0,5596.0
40,Segovia,2023,5,2023M05,114.0,50.66,51.94,39.74,2892.0,624.0,5621.0
40,Segovia,2023,6,2023M06,108.0,47.47,57.82,41.8,2899.0,609.0,5639.0
40,Segovia,2023,7,2023M07,118.0,49.15,56.38,47.83,3115.0,714.0,6176.0
40,Segovia,2023,8,2023M08,115.0,57.35,63.81,55.84,3040.0,681.0,5905.0
40,Segovia,2023,9,2023M09,111.0,64.45,60.82,53.34,2903.0,656.0,5648.0
40,Segovia,2023,10,2023M10,112.0,57.35,62.73,47.41,2880.0,644.0,5604.0
40,Segovia,2023,11,2023M11,111.0,49.64,57.48,38.31,2841.0,625.0,5537.0
40,Segovia,2023,12,2023M12,103.0,44.07,43.22,38.61,2528.0,588.0,4989.0
40,Segovia,2024,1,2024M01,105.0,35.42,35.38,29.15,2651.0,585.0,5161.0
40,Segovia,2024,2,2024M02,107.0,46.91,43.74,35.31,2721.0,596.0,5303.0
40,Segovia,2024,3,2024M03,121.0,51.96,51.26,41.52,2948.0,625.0,5738.0
40,Segovia,2024,4,2024M04,122.0,51.47,56.59,41.39,2986.0,615.0,5824.0
40,Segovia,2024,5,2024M05,123.0,57.2,58.56,45.55,2974.0,639.0,5800.0
40,Segovia,2024,6,2024M06,120.0,60.98,62.45,52.63,3138.0,683.0,6243.0
40,Segovia,2024,7,2024M07,126.0,57.84,62.44,51.16,3196.0,764.0,6355.0
40,Segovia,2024,8,2024M08,121.0,56.95,60.88,54.18,3163.0,748.0,6307.0
40,Segovia,2024,9,2024M09,117.0,63.85,64.8,50.98,3122.0,726.0,6212.0
40,Segovia,2024,10,2024M10,124.0,60.62,62.98,46.61,3095.0,667.0,6153.0
40,Segovia,2024,11,2024M11,120.0,56.19,57.1,43.05,3049.0,674.0,6035.0
40,Segovia,2024,12,2024M12,119.0,47.56,48.15,39.41,2929.0,661.0,5789.0
40,Segovia,2025,1,2025M01,116.0,38.55,43.79,30.5,2865.0,597.0,5636.0
40,Segovia,2025,2,2025M02,121.0,45.27,54.65,36.61,2934.0,582.0,5779.0
40,Segovia,2025,3,2025M03,119.0,48.69,53.84,37.96,3084.0,629.0,6129.0
40,Segovia,2025,4,2025M04,121.0,57.14,61.56,48.58,3122.0,651.0,6230.0
40,Segovia,2025,5,2025M05,127.0,56.24,60.23,44.8,3206.0,667.0,6418.0
40,Segovia,2025,6,2025M06,129.0,51.9,62.32,43.97,3212.0,667.0,6426.0
40,Segovia,2025,7,2025M07,129.0,54.0,63.77,47.67,3261.0,704.0,6522.0
40,Segovia,2025,8,2025M08,128.0,63.13,62.47,59.42,3249.0,736.0,6468.0
40,Segovia,2025,9,2025M09,121.0,64.33,62.69,52.01,3230.0,690.0,6451.0
40,Segovia,2025,10,2025M10,128.0,61.52,64.95,48.02,3215.0,694.0,6431.0
40,Segovia,2025,11,2025M11,123.0,51.71,58.27,41.57,3100.0,638.0,6158.0
40,Segovia,2025,12,2025M12,117.0,45.43,50.46,38.05,2974.0,638.0,5900.0
41,Sevilla,2015,1,2015M01,332.0,40.41,43.24,34.83,14176.0,3685.0,27728.0
41,Sevilla,2015,2,2015M02,349.0,49.87,59.83,42.11,14431.0,3796.0,28560.0
41,Sevilla,2015,3,2015M03,359.0,54.41,61.07,47.56,14582.0,3928.0,28769.0
41,Sevilla,2015,4,2015M04,355.0,69.94,71.8,63.5,14528.0,4056.0,28775.0
41,Sevilla,2015,5,2015M05,357.0,72.38,74.13,62.02,14551.0,4103.0,28814.0
41,Sevilla,2015,6,2015M06,354.0,63.24,67.57,55.91,14506.0,4062.0,28730.0
41,Sevilla,2015,7,2015M07,344.0,50.36,53.76,49.01,13936.0,3799.0,27643.0
41,Sevilla,2015,8,2015M08,338.0,57.06,60.69,57.17,13798.0,3857.0,27413.0
41,Sevilla,2015,9,2015M09,348.0,71.77,73.37,64.75,14386.0,4074.0,28184.0
41,Sevilla,2015,10,2015M10,365.0,70.89,72.46,62.43,15051.0,4237.0,29765.0
41,Sevilla,2015,11,2015M11,357.0,58.34,64.36,49.99,14915.0,4172.0,29561.0
41,Sevilla,2015,12,2015M12,345.0,50.47,55.19,46.38,14731.0,4080.0,29222.0
41,Sevilla,2016,1,2016M01,363.0,43.96,48.24,38.42,14988.0,3966.0,29842.0
41,Sevilla,2016,2,2016M02,364.0,56.15,64.59,48.47,15016.0,4037.0,29837.0
41,Sevilla,2016,3,2016M03,377.0,63.91,66.85,56.95,15167.0,4066.0,30170.0
41,Sevilla,2016,4,2016M04,379.0,73.63,71.45,63.02,15203.0,4249.0,30278.0
41,Sevilla,2016,5,2016M05,378.0,73.2,70.88,62.04,15180.0,4307.0,30233.0
41,Sevilla,2016,6,2016M06,370.0,68.04,67.44,57.66,15059.0,4140.0,30003.0
41,Sevilla,2016,7,2016M07,357.0,56.25,61.33,53.69,14022.0,3759.0,27979.0
41,Sevilla,2016,8,2016M08,365.0,61.34,66.66,60.02,14062.0,3755.0,28084.0
41,Sevilla,2016,9,2016M09,381.0,72.24,69.72,63.34,15090.0,4282.0,30024.0
41,Sevilla,2016,10,2016M10,383.0,73.83,76.01,65.6,15142.0,4372.0,30144.0
41,Sevilla,2016,11,2016M11,381.0,59.58,64.23,49.9,15121.0,4147.0,30099.0
41,Sevilla,2016,12,2016M12,368.0,49.76,50.3,45.98,14951.0,4065.0,29768.0
41,Sevilla,2017,1,2017M01,373.0,49.74,47.7,42.46,14932.0,4020.0,29816.0
41,Sevilla,2017,2,2017M02,368.0,58.52,63.0,50.14,14957.0,4115.0,29888.0
41,Sevilla,2017,3,2017M03,371.0,64.65,63.28,55.45,14989.0,4139.0,29936.0
41,Sevilla,2017,4,2017M04,372.0,75.95,76.44,69.46,14980.0,4348.0,29935.0
41,Sevilla,2017,5,2017M05,373.0,76.25,75.44,67.21,14933.0,4483.0,29859.0
41,Sevilla,2017,6,2017M06,374.0,69.56,69.03,61.5,15064.0,4475.0,30146.0
41,Sevilla,2017,7,2017M07,360.0,58.02,62.48,54.56,14548.0,4222.0,29200.0
41,Sevilla,2017,8,2017M08,360.0,63.41,65.63,61.66,14572.0,4067.0,29261.0
41,Sevilla,2017,9,2017M09,353.0,76.25,73.78,66.35,14768.0,4318.0,29361.0
41,Sevilla,2017,10,2017M10,369.0,76.64,77.53,67.05,15086.0,4331.0,30318.0
41,Sevilla,2017,11,2017M11,367.0,65.89,68.61,55.93,15047.0,4203.0,30240.0
41,Sevilla,2017,12,2017M12,349.0,54.38,62.66,51.12,14763.0,4075.0,29704.0
41,Sevilla,2018,1,2018M01,333.0,53.83,54.14,47.06,14489.0,4073.0,29149.0
41,Sevilla,2018,2,2018M02,343.0,62.46,68.42,55.24,14652.0,4147.0,29533.0
41,Sevilla,2018,3,2018M03,362.0,67.05,69.11,59.12,14937.0,4326.0,30073.0
41,Sevilla,2018,4,2018M04,365.0,77.8,77.75,68.8,15122.0,4661.0,30510.0
41,Sevilla,2018,5,2018M05,360.0,78.61,77.57,68.73,15051.0,4687.0,30415.0
41,Sevilla,2018,6,2018M06,393.0,71.23,70.86,62.62,15693.0,4657.0,31668.0
41,Sevilla,2018,7,2018M07,366.0,60.73,60.59,56.59,14894.0,4425.0,30136.0
41,Sevilla,2018,8,2018M08,361.0,64.11,64.83,62.35,14711.0,4282.0,29816.0
41,Sevilla,2018,9,2018M09,380.0,75.8,75.07,66.94,15512.0,4643.0,31379.0
41,Sevilla,2018,10,2018M10,383.0,79.56,80.99,68.95,15573.0,4788.0,31503.0
41,Sevilla,2018,11,2018M11,387.0,70.19,71.46,59.29,15672.0,4675.0,31666.0
41,Sevilla,2018,12,2018M12,371.0,57.77,64.62,52.28,15464.0,4595.0,31276.0
41,Sevilla,2019,1,2019M01,369.0,56.57,53.89,48.87,15286.0,4438.0,30801.0
41,Sevilla,2019,2,2019M02,378.0,65.62,68.65,56.35,15472.0,4426.0,31358.0
41,Sevilla,2019,3,2019M03,381.0,74.28,75.79,64.84,15524.0,4651.0,31455.0
41,Sevilla,2019,4,2019M04,386.0,79.15,77.48,71.81,15628.0,4742.0,31705.0
41,Sevilla,2019,5,2019M05,386.0,80.89,77.28,70.84,15637.0,4767.0,31712.0
41,Sevilla,2019,6,2019M06,384.0,73.96,71.61,64.67,15615.0,4741.0,31704.0
41,Sevilla,2019,7,2019M07,379.0,62.29,61.91,57.6,15302.0,4848.0,31058.0
41,Sevilla,2019,8,2019M08,377.0,67.49,66.35,65.22,15264.0,4657.0,31014.0
41,Sevilla,2019,9,2019M09,388.0,76.3,73.8,67.48,15886.0,5011.0,32234.0
41,Sevilla,2019,10,2019M10,402.0,79.09,76.98,68.38,16096.0,4868.0,32606.0
41,Sevilla,2019,11,2019M11,399.0,71.37,68.11,59.25,15902.0,4796.0,32212.0
41,Sevilla,2019,12,2019M12,387.0,57.27,66.15,51.83,15721.0,4682.0,31894.0
41,Sevilla,2020,1,2020M01,369.0,58.1,58.94,50.06,15310.0,4672.0,30824.0
41,Sevilla,2020,2,2020M02,374.0,65.15,70.92,56.73,15381.0,4526.0,31223.0
41,Sevilla,2020,3,2020M03,278.0,38.18,40.85,32.35,11508.0,3183.0,23805.0
41,Sevilla,2020,4,2020M04,0.0,0.0,0.0,0.0,0.0,0.0,0.0
41,Sevilla,2020,5,2020M05,37.0,29.91,17.72,23.06,979.0,150.0,1897.0
41,Sevilla,2020,6,2020M06,107.0,25.34,17.71,17.99,4539.0,656.0,9087.0
41,Sevilla,2020,7,2020M07,189.0,37.47,34.02,30.91,7655.0,1372.0,15351.0
41,Sevilla,2020,8,2020M08,194.0,35.74,38.38,32.99,8591.0,1524.0,17162.0
41,Sevilla,2020,9,2020M09,220.0,32.0,35.0,25.68,10310.0,1948.0,20783.0
41,Sevilla,2020,10,2020M10,223.0,30.67,30.43,25.05,10654.0,1971.0,21446.0
41,Sevilla,2020,11,2020M11,188.0,19.79,13.76,13.9,9126.0,1454.0,18374.0
41,Sevilla,2020,12,2020M12,185.0,19.73,17.29,15.15,8863.0,1362.0,17838.0
41,Sevilla,2021,1,2021M01,170.0,19.64,18.07,15.13,8517.0,1298.0,17136.0
41,Sevilla,2021,2,2021M02,169.0,22.91,21.98,17.25,8244.0,1311.0,16686.0
41,Sevilla,2021,3,2021M03,185.0,24.87,26.47,18.56,8920.0,1421.0,18005.0
41,Sevilla,2021,4,2021M04,208.0,26.05,26.19,19.64,9867.0,1707.0,19851.0
41,Sevilla,2021,5,2021M05,218.0,38.07,46.48,31.48,10255.0,2032.0,20583.0
41,Sevilla,2021,6,2021M06,256.0,49.79,54.47,40.67,11699.0,2274.0,23536.0
41,Sevilla,2021,7,2021M07,260.0,46.41,50.43,42.49,11970.0,2555.0,24166.0
41,Sevilla,2021,8,2021M08,254.0,55.57,62.41,53.31,12312.0,2625.0,24838.0
41,Sevilla,2021,9,2021M09,293.0,57.8,63.24,50.01,14269.0,3291.0,28628.0
41,Sevilla,2021,10,2021M10,330.0,66.4,69.69,58.3,14734.0,3647.0,29552.0
41,Sevilla,2021,11,2021M11,328.0,61.77,68.98,52.07,14671.0,3534.0,29380.0
41,Sevilla,2021,12,2021M12,329.0,48.65,52.54,44.76,14863.0,3597.0,29571.0
41,Sevilla,2022,1,2022M01,345.0,38.41,45.29,34.2,15045.0,3584.0,30067.0
41,Sevilla,2022,2,2022M02,349.0,55.01,63.65,48.61,15358.0,3696.0,30809.0
41,Sevilla,2022,3,2022M03,372.0,61.91,64.15,53.37,15995.0,3855.0,31857.0
41,Sevilla,2022,4,2022M04,380.0,69.79,71.46,64.13,16239.0,4150.0,32311.0
41,Sevilla,2022,5,2022M05,390.0,72.17,72.01,63.66,16570.0,4337.0,32999.0
41,Sevilla,2022,6,2022M06,373.0,70.6,72.92,61.75,16369.0,4130.0,32627.0
41,Sevilla,2022,7,2022M07,354.0,54.36,57.16,51.45,15557.0,4092.0,31170.0
41,Sevilla,2022,8,2022M08,355.0,63.22,66.76,61.48,15813.0,4225.0,31662.0
41,Sevilla,2022,9,2022M09,371.0,73.7,70.32,64.03,16447.0,4380.0,32822.0
41,Sevilla,2022,10,2022M10,379.0,73.85,72.16,64.08,16505.0,4507.0,33079.0
41,Sevilla,2022,11,2022M11,376.0,66.0,68.61,56.21,16447.0,4462.0,32956.0
41,Sevilla,2022,12,2022M12,363.0,51.4,54.17,47.41,16266.0,4407.0,32609.0
41,Sevilla,2023,1,2023M01,382.0,51.3,51.96,45.91,16732.0,4424.0,33631.0
41,Sevilla,2023,2,2023M02,381.0,62.75,66.59,55.28,16810.0,4499.0,33699.0
41,Sevilla,2023,3,2023M03,385.0,70.48,68.49,60.75,16889.0,4590.0,33857.0
41,Sevilla,2023,4,2023M04,396.0,75.68,72.8,69.53,17020.0,4778.0,34151.0
41,Sevilla,2023,5,2023M05,395.0,74.75,70.29,64.58,17023.0,4774.0,34160.0
41,Sevilla,2023,6,2023M06,382.0,67.96,66.39,59.75,16977.0,4875.0,34057.0
41,Sevilla,2023,7,2023M07,384.0,56.43,57.99,52.23,16920.0,4717.0,34024.0
41,Sevilla,2023,8,2023M08,369.0,62.73,64.46,60.86,16609.0,4769.0,33473.0
41,Sevilla,2023,9,2023M09,383.0,74.92,71.6,65.14,16809.0,5041.0,33748.0
41,Sevilla,2023,10,2023M10,394.0,77.27,76.22,67.41,17076.0,4947.0,34207.0
41,Sevilla,2023,11,2023M11,391.0,69.08,65.96,57.16,16933.0,4853.0,33927.0
41,Sevilla,2023,12,2023M12,379.0,61.73,67.76,57.52,16481.0,4826.0,33138.0
41,Sevilla,2024,1,2024M01,394.0,55.68,57.8,50.01,16648.0,4822.0,33500.0
41,Sevilla,2024,2,2024M02,421.0,66.4,69.39,58.03,17258.0,4896.0,34617.0
41,Sevilla,2024,3,2024M03,423.0,72.12,68.29,64.77,17407.0,5137.0,35006.0
41,Sevilla,2024,4,2024M04,425.0,79.07,78.1,70.57,17679.0,5311.0,35719.0
41,Sevilla,2024,5,2024M05,424.0,79.19,76.38,69.54,17543.0,5294.0,35453.0
41,Sevilla,2024,6,2024M06,404.0,70.25,68.75,61.4,17117.0,5192.0,34654.0
41,Sevilla,2024,7,2024M07,406.0,58.23,59.86,53.58,17111.0,5162.0,34645.0
41,Sevilla,2024,8,2024M08,396.0,61.72,61.42,59.92,17033.0,5247.0,34548.0
41,Sevilla,2024,9,2024M09,429.0,73.58,71.36,64.03,17519.0,5394.0,35418.0
41,Sevilla,2024,10,2024M10,432.0,79.07,74.5,68.51,17650.0,5400.0,35715.0
41,Sevilla,2024,11,2024M11,410.0,70.36,68.45,60.08,17444.0,5229.0,35323.0
41,Sevilla,2024,12,2024M12,414.0,57.76,64.96,52.38,17466.0,5205.0,35378.0
41,Sevilla,2025,1,2025M01,414.0,51.75,53.83,44.87,17368.0,5030.0,35216.0
41,Sevilla,2025,2,2025M02,416.0,63.24,65.02,54.85,17444.0,4988.0,35372.0
41,Sevilla,2025,3,2025M03,417.0,68.25,66.93,59.05,17486.0,5132.0,35457.0
41,Sevilla,2025,4,2025M04,441.0,74.22,69.87,66.49,17812.0,5324.0,36110.0
41,Sevilla,2025,5,2025M05,429.0,76.3,70.19,66.98,17921.0,5482.0,36371.0
41,Sevilla,2025,6,2025M06,441.0,70.09,66.57,60.07,17952.0,5366.0,36398.0
41,Sevilla,2025,7,2025M07,422.0,60.17,57.96,52.91,17561.0,5109.0,35738.0
41,Sevilla,2025,8,2025M08,423.0,59.63,59.41,57.31,17609.0,5111.0,35809.0
41,Sevilla,2025,9,2025M09,441.0,73.53,72.11,63.79,17890.0,5363.0,36262.0
41,Sevilla,2025,10,2025M10,443.0,78.69,74.66,66.95,17782.0,5322.0,36061.0
41,Sevilla,2025,11,2025M11,447.0,71.06,67.98,59.18,18155.0,5155.0,36851.0
41,Sevilla,2025,12,2025M12,439.0,59.87,61.73,53.63,17972.0,5065.0,36460.0
42,Soria,2015,1,2015M01,102.0,16.68,17.76,14.2,1652.0,362.0,3083.0
42,Soria,2015,2,2015M02,110.0,21.99,25.21,18.56,1834.0,372.0,3420.0
42,Soria,2015,3,2015M03,117.0,24.47,33.47,21.73,1949.0,415.0,3627.0
42,Soria,2015,4,2015M04,121.0,31.64,44.45,29.12,1997.0,421.0,3724.0
42,Soria,2015,5,2015M05,121.0,31.03,43.99,27.17,2019.0,432.0,3766.0
42,Soria,2015,6,2015M06,122.0,31.22,45.93,27.58,2036.0,427.0,3799.0
42,Soria,2015,7,2015M07,121.0,34.6,42.87,31.16,2010.0,464.0,3757.0
42,Soria,2015,8,2015M08,122.0,44.14,52.56,43.18,2014.0,464.0,3764.0
42,Soria,2015,9,2015M09,117.0,36.28,45.89,32.16,1957.0,444.0,3660.0
42,Soria,2015,10,2015M10,120.0,37.56,50.36,33.87,1993.0,440.0,3725.0
42,Soria,2015,11,2015M11,115.0,29.29,35.37,25.57,1955.0,425.0,3658.0
42,Soria,2015,12,2015M12,99.0,29.24,31.56,26.02,1701.0,408.0,3179.0
42,Soria,2016,1,2016M01,90.0,31.34,29.4,26.53,1652.0,369.0,3094.0
42,Soria,2016,2,2016M02,99.0,27.26,32.82,23.05,1809.0,399.0,3373.0
42,Soria,2016,3,2016M03,105.0,30.92,38.26,28.32,1899.0,427.0,3547.0
42,Soria,2016,4,2016M04,107.0,30.55,41.0,26.23,1930.0,410.0,3601.0
42,Soria,2016,5,2016M05,109.0,33.65,44.61,28.65,1944.0,421.0,3626.0
42,Soria,2016,6,2016M06,105.0,36.12,46.37,31.6,1891.0,432.0,3529.0
42,Soria,2016,7,2016M07,111.0,44.93,50.86,41.25,1973.0,445.0,3678.0
42,Soria,2016,8,2016M08,112.0,50.49,58.88,48.91,1980.0,462.0,3693.0
42,Soria,2016,9,2016M09,105.0,38.17,48.74,34.53,1927.0,430.0,3593.0
42,Soria,2016,10,2016M10,108.0,44.61,55.15,39.21,1954.0,448.0,3636.0
42,Soria,2016,11,2016M11,105.0,32.33,36.65,26.49,1922.0,417.0,3579.0
42,Soria,2016,12,2016M12,94.0,29.25,27.97,26.14,1737.0,392.0,3239.0
42,Soria,2017,1,2017M01,88.0,22.05,23.23,19.09,1700.0,368.0,3205.0
42,Soria,2017,2,2017M02,97.0,30.31,34.3,25.47,1825.0,389.0,3440.0
42,Soria,2017,3,2017M03,104.0,32.14,40.5,27.11,1932.0,415.0,3647.0
42,Soria,2017,4,2017M04,104.0,45.58,51.21,40.61,1946.0,408.0,3670.0
42,Soria,2017,5,2017M05,106.0,36.86,44.42,30.74,1969.0,423.0,3704.0
42,Soria,2017,6,2017M06,106.0,36.39,45.39,30.71,1962.0,407.0,3688.0
42,Soria,2017,7,2017M07,108.0,43.14,52.65,38.88,2002.0,426.0,3760.0
42,Soria,2017,8,2017M08,108.0,51.34,59.49,49.57,1992.0,439.0,3748.0
42,Soria,2017,9,2017M09,105.0,41.28,44.53,36.01,1971.0,418.0,3709.0
42,Soria,2017,10,2017M10,107.0,41.03,61.1,36.61,1963.0,408.0,3700.0
42,Soria,2017,11,2017M11,103.0,31.97,39.7,26.7,1930.0,384.0,3645.0
42,Soria,2017,12,2017M12,91.0,29.87,31.81,27.43,1694.0,339.0,3211.0
42,Soria,2018,1,2018M01,86.0,24.1,20.44,19.69,1603.0,360.0,3029.0
42,Soria,2018,2,2018M02,99.0,27.09,28.8,23.27,1843.0,388.0,3483.0
42,Soria,2018,3,2018M03,104.0,32.05,37.6,28.5,1912.0,407.0,3610.0
42,Soria,2018,4,2018M04,108.0,36.19,46.65,31.69,1958.0,396.0,3692.0
42,Soria,2018,5,2018M05,108.0,34.83,43.92,28.88,1946.0,403.0,3673.0
42,Soria,2018,6,2018M06,106.0,39.07,50.32,33.64,1954.0,406.0,3683.0
42,Soria,2018,7,2018M07,110.0,46.2,58.3,41.57,1994.0,416.0,3751.0
42,Soria,2018,8,2018M08,112.0,56.44,62.79,51.74,2028.0,439.0,3820.0
42,Soria,2018,9,2018M09,105.0,43.61,48.17,37.11,1935.0,398.0,3649.0
42,Soria,2018,10,2018M10,109.0,41.33,54.29,34.59,1988.0,397.0,3747.0
42,Soria,2018,11,2018M11,105.0,38.73,45.03,31.98,1948.0,419.0,3678.0
42,Soria,2018,12,2018M12,95.0,32.68,36.44,28.05,1776.0,367.0,3352.0
42,Soria,2019,1,2019M01,80.0,26.76,24.8,20.52,1535.0,337.0,2899.0
42,Soria,2019,2,2019M02,93.0,30.48,31.5,24.36,1768.0,363.0,3339.0
42,Soria,2019,3,2019M03,102.0,37.2,40.47,30.92,1881.0,392.0,3553.0
42,Soria,2019,4,2019M04,104.0,43.51,51.54,36.93,1907.0,393.0,3598.0
42,Soria,2019,5,2019M05,102.0,43.65,50.58,37.13,1907.0,401.0,3591.0
42,Soria,2019,6,2019M06,103.0,43.07,53.64,36.24,1899.0,416.0,3585.0
42,Soria,2019,7,2019M07,108.0,43.02,55.06,36.81,1948.0,426.0,3673.0
42,Soria,2019,8,2019M08,111.0,53.77,57.21,48.96,2004.0,436.0,3771.0
42,Soria,2019,9,2019M09,99.0,47.89,51.77,38.4,1882.0,397.0,3541.0
42,Soria,2019,10,2019M10,104.0,45.51,52.02,36.3,1932.0,411.0,3653.0
42,Soria,2019,11,2019M11,101.0,36.67,41.39,30.13,1902.0,397.0,3601.0
42,Soria,2019,12,2019M12,85.0,36.54,37.17,29.92,1650.0,349.0,3136.0
42,Soria,2020,1,2020M01,81.0,28.61,25.44,22.82,1485.0,370.0,2831.0
42,Soria,2020,2,2020M02,93.0,39.35,40.53,31.87,1743.0,360.0,3310.0
42,Soria,2020,3,2020M03,87.0,17.07,17.4,13.44,1413.0,277.0,2651.0
42,Soria,2020,4,2020M04,0.0,0.0,0.0,0.0,0.0,0.0,0.0
42,Soria,2020,5,2020M05,14.0,32.99,15.09,18.86,291.0,31.0,527.0
42,Soria,2020,6,2020M06,56.0,20.52,16.83,12.99,974.0,145.0,1786.0
42,Soria,2020,7,2020M07,94.0,34.01,34.13,27.54,1786.0,347.0,3376.0
42,Soria,2020,8,2020M08,98.0,43.4,45.35,39.39,1852.0,358.0,3501.0
42,Soria,2020,9,2020M09,90.0,33.15,32.9,26.41,1778.0,350.0,3353.0
42,Soria,2020,10,2020M10,91.0,34.57,34.71,26.98,1738.0,343.0,3283.0
42,Soria,2020,11,2020M11,64.0,20.19,7.76,12.01,1187.0,194.0,2212.0
42,Soria,2020,12,2020M12,70.0,17.44,9.14,11.02,1252.0,212.0,2348.0
42,Soria,2021,1,2021M01,65.0,17.46,7.51,10.6,1151.0,203.0,2133.0
42,Soria,2021,2,2021M02,67.0,22.35,10.48,12.99,1187.0,188.0,2189.0
42,Soria,2021,3,2021M03,72.0,24.05,12.74,15.72,1297.0,230.0,2405.0
42,Soria,2021,4,2021M04,78.0,25.21,20.04,17.45,1459.0,286.0,2718.0
42,Soria,2021,5,2021M05,85.0,31.18,24.74,22.15,1550.0,258.0,2896.0
42,Soria,2021,6,2021M06,91.0,40.77,45.01,32.36,1683.0,333.0,3161.0
42,Soria,2021,7,2021M07,94.0,48.3,50.16,41.11,1709.0,372.0,3212.0
42,Soria,2021,8,2021M08,101.0,62.43,60.16,55.17,1787.0,389.0,3376.0
42,Soria,2021,9,2021M09,96.0,50.21,54.14,41.52,1736.0,362.0,3267.0
42,Soria,2021,10,2021M10,100.0,49.37,51.8,41.38,1778.0,355.0,3357.0
42,Soria,2021,11,2021M11,98.0,33.98,36.97,26.49,1759.0,354.0,3322.0
42,Soria,2021,12,2021M12,92.0,27.55,24.9,22.12,1614.0,333.0,3052.0
42,Soria,2022,1,2022M01,76.0,29.51,25.14,21.65,1373.0,284.0,2598.0
42,Soria,2022,2,2022M02,89.0,36.47,41.09,29.22,1715.0,354.0,3232.0
42,Soria,2022,3,2022M03,93.0,34.24,36.5,26.45,1723.0,365.0,3265.0
42,Soria,2022,4,2022M04,95.0,43.38,45.29,36.52,1763.0,373.0,3341.0
42,Soria,2022,5,2022M05,97.0,43.52,46.36,35.32,1817.0,403.0,3412.0
42,Soria,2022,6,2022M06,98.0,44.4,48.99,36.22,1804.0,392.0,3388.0
42,Soria,2022,7,2022M07,100.0,41.47,47.34,36.51,1857.0,398.0,3492.0
42,Soria,2022,8,2022M08,101.0,56.1,57.78,51.21,1858.0,371.0,3501.0
42,Soria,2022,9,2022M09,87.0,46.98,48.99,39.24,1663.0,381.0,3139.0
42,Soria,2022,10,2022M10,100.0,48.68,50.6,40.36,1841.0,420.0,3461.0
42,Soria,2022,11,2022M11,97.0,39.45,39.83,30.54,1803.0,388.0,3399.0
42,Soria,2022,12,2022M12,85.0,34.51,27.31,27.95,1591.0,351.0,2980.0
42,Soria,2023,1,2023M01,78.0,36.05,28.27,26.59,1415.0,321.0,2683.0
42,Soria,2023,2,2023M02,94.0,38.44,39.95,30.1,1800.0,371.0,3389.0
42,Soria,2023,3,2023M03,94.0,40.57,41.42,32.34,1845.0,394.0,3472.0
42,Soria,2023,4,2023M04,100.0,52.42,54.3,45.01,1916.0,412.0,3604.0
42,Soria,2023,5,2023M05,98.0,44.15,46.45,35.93,1880.0,399.0,3537.0
42,Soria,2023,6,2023M06,98.0,45.85,50.49,36.72,1844.0,395.0,3475.0
42,Soria,2023,7,2023M07,99.0,48.93,54.77,42.7,1902.0,415.0,3587.0
42,Soria,2023,8,2023M08,104.0,51.14,53.26,48.06,1954.0,430.0,3688.0
42,Soria,2023,9,2023M09,93.0,46.52,49.55,38.98,1844.0,403.0,3478.0
42,Soria,2023,10,2023M10,100.0,45.28,53.67,38.56,1932.0,418.0,3649.0
42,Soria,2023,11,2023M11,100.0,38.8,45.28,31.19,1894.0,402.0,3581.0
42,Soria,2023,12,2023M12,86.0,34.21,31.62,29.09,1648.0,352.0,3115.0
42,Soria,2024,1,2024M01,70.0,32.49,29.7,26.51,1379.0,324.0,2632.0
42,Soria,2024,2,2024M02,85.0,33.79,38.95,28.15,1740.0,394.0,3306.0
42,Soria,2024,3,2024M03,94.0,37.28,43.32,34.13,1843.0,395.0,3504.0
42,Soria,2024,4,2024M04,97.0,38.44,44.99,33.49,1899.0,402.0,3608.0
42,Soria,2024,5,2024M05,100.0,44.12,48.78,38.33,1926.0,416.0,3655.0
42,Soria,2024,6,2024M06,99.0,44.19,51.1,38.2,1879.0,412.0,3572.0
42,Soria,2024,7,2024M07,104.0,45.15,53.49,39.84,1961.0,456.0,3718.0
42,Soria,2024,8,2024M08,102.0,51.66,52.12,49.0,1952.0,460.0,3700.0
42,Soria,2024,9,2024M09,96.0,46.1,51.44,40.74,1896.0,434.0,3593.0
42,Soria,2024,10,2024M10,102.0,45.04,52.65,39.82,1930.0,436.0,3661.0
42,Soria,2024,11,2024M11,100.0,37.1,46.35,33.55,1950.0,437.0,3716.0
42,Soria,2024,12,2024M12,91.0,31.46,36.46,28.27,1734.0,361.0,3333.0
42,Soria,2025,1,2025M01,72.0,28.93,21.82,24.11,1459.0,296.0,2813.0
42,Soria,2025,2,2025M02,82.0,33.55,38.41,28.28,1721.0,374.0,3314.0
42,Soria,2025,3,2025M03,93.0,32.06,38.11,28.19,1851.0,401.0,3560.0
42,Soria,2025,4,2025M04,103.0,39.08,47.25,36.35,1994.0,444.0,3831.0
42,Soria,2025,5,2025M05,105.0,42.12,48.68,36.75,2002.0,457.0,3846.0
42,Soria,2025,6,2025M06,109.0,41.21,49.02,36.35,2082.0,474.0,3992.0
42,Soria,2025,7,2025M07,111.0,42.12,48.84,37.77,2103.0,499.0,4036.0
42,Soria,2025,8,2025M08,111.0,51.07,54.16,48.54,2103.0,512.0,4021.0
42,Soria,2025,9,2025M09,108.0,44.79,50.67,37.85,2080.0,473.0,4009.0
42,Soria,2025,10,2025M10,109.0,43.08,51.74,36.44,2090.0,471.0,4034.0
42,Soria,2025,11,2025M11,103.0,37.36,39.66,31.12,2015.0,476.0,3888.0
42,Soria,2025,12,2025M12,86.0,31.09,36.42,26.76,1640.0,438.0,3173.0
43,Tarragona,2015,1,2015M01,171.0,25.04,34.45,19.33,5830.0,1105.0,12531.0
43,Tarragona,2015,2,2015M02,195.0,30.12,32.21,22.65,6978.0,1169.0,15215.0
43,Tarragona,2015,3,2015M03,212.0,41.56,46.03,33.48,9678.0,2189.0,21553.0
43,Tarragona,2015,4,2015M04,265.0,50.69,50.51,44.12,18847.0,3701.0,46796.0
43,Tarragona,2015,5,2015M05,296.0,48.92,55.33,42.56,26646.0,5274.0,66429.0
43,Tarragona,2015,6,2015M06,328.0,58.96,59.52,53.63,29930.0,6314.0,74531.0
43,Tarragona,2015,7,2015M07,343.0,75.67,76.19,72.41,30565.0,7459.0,75138.0
43,Tarragona,2015,8,2015M08,348.0,85.51,81.75,82.09,30629.0,7577.0,75227.0
43,Tarragona,2015,9,2015M09,329.0,70.42,67.12,61.41,29912.0,6837.0,73394.0
43,Tarragona,2015,10,2015M10,250.0,55.61,55.11,47.86,18667.0,3912.0,45539.0
43,Tarragona,2015,11,2015M11,200.0,31.29,37.12,22.03,7887.0,1543.0,18539.0
43,Tarragona,2015,12,2015M12,185.0,35.38,36.35,30.56,6671.0,1351.0,15780.0
43,Tarragona,2016,1,2016M01,174.0,28.96,30.28,21.66,5477.0,1079.0,12214.0
43,Tarragona,2016,2,2016M02,197.0,38.41,39.42,28.89,6144.0,1120.0,13064.0
43,Tarragona,2016,3,2016M03,224.0,46.33,46.95,38.56,11264.0,2116.0,26840.0
43,Tarragona,2016,4,2016M04,262.0,52.45,46.35,41.7,17347.0,3619.0,41887.0
43,Tarragona,2016,5,2016M05,297.0,56.35,57.23,47.53,26822.0,5548.0,63573.0
43,Tarragona,2016,6,2016M06,333.0,67.68,64.8,59.96,30273.0,6935.0,71358.0
43,Tarragona,2016,7,2016M07,338.0,82.23,81.59,80.3,30714.0,7864.0,72272.0
43,Tarragona,2016,8,2016M08,351.0,89.49,87.28,86.62,30814.0,8084.0,72476.0
43,Tarragona,2016,9,2016M09,337.0,76.44,74.29,67.41,30394.0,7343.0,71492.0
43,Tarragona,2016,10,2016M10,257.0,59.3,61.04,51.64,19508.0,4116.0,46012.0
43,Tarragona,2016,11,2016M11,202.0,33.13,39.2,24.32,8272.0,1622.0,18948.0
43,Tarragona,2016,12,2016M12,185.0,36.04,40.59,32.88,6756.0,1371.0,15573.0
43,Tarragona,2017,1,2017M01,157.0,32.41,30.71,25.31,4907.0,1075.0,10293.0
43,Tarragona,2017,2,2017M02,190.0,41.15,41.8,31.07,6207.0,1336.0,13116.0
43,Tarragona,2017,3,2017M03,201.0,49.43,54.73,41.0,8348.0,1739.0,18252.0
43,Tarragona,2017,4,2017M04,275.0,61.21,66.3,56.83,19485.0,4114.0,46213.0
43,Tarragona,2017,5,2017M05,307.0,57.21,65.06,50.04,27221.0,5959.0,64091.0
43,Tarragona,2017,6,2017M06,333.0,74.01,76.83,70.05,29989.0,7311.0,70354.0
43,Tarragona,2017,7,2017M07,344.0,85.32,86.13,82.85,30538.0,8131.0,70992.0
43,Tarragona,2017,8,2017M08,346.0,89.39,88.94,88.0,30573.0,8402.0,71049.0
43,Tarragona,2017,9,2017M09,333.0,79.58,75.96,73.61,30147.0,7456.0,70157.0
43,Tarragona,2017,10,2017M10,251.0,61.53,64.12,55.34,19147.0,4394.0,44465.0
43,Tarragona,2017,11,2017M11,194.0,36.66,42.53,26.88,8183.0,1698.0,18638.0
43,Tarragona,2017,12,2017M12,169.0,40.49,46.87,35.79,5598.0,1285.0,12330.0
43,Tarragona,2018,1,2018M01,154.0,30.41,27.54,22.55,4290.0,875.0,8848.0
43,Tarragona,2018,2,2018M02,185.0,36.21,38.73,27.56,5284.0,1023.0,10806.0
43,Tarragona,2018,3,2018M03,208.0,49.01,45.15,41.47,8966.0,1995.0,19943.0
43,Tarragona,2018,4,2018M04,275.0,52.39,52.17,48.33,19441.0,4071.0,45657.0
43,Tarragona,2018,5,2018M05,311.0,59.24,62.5,53.94,27550.0,6143.0,63979.0
43,Tarragona,2018,6,2018M06,328.0,72.72,73.47,68.1,30064.0,7156.0,69700.0
43,Tarragona,2018,7,2018M07,335.0,79.01,82.44,77.86,30456.0,7927.0,70379.0
43,Tarragona,2018,8,2018M08,349.0,85.39,85.1,84.33,30591.0,8065.0,70643.0
43,Tarragona,2018,9,2018M09,334.0,77.47,75.54,71.18,30060.0,7392.0,69553.0
43,Tarragona,2018,10,2018M10,256.0,61.03,67.33,54.93,20468.0,4630.0,47230.0
43,Tarragona,2018,11,2018M11,202.0,36.64,47.65,28.15,7699.0,1761.0,17421.0
43,Tarragona,2018,12,2018M12,174.0,38.48,48.49,33.07,6196.0,1351.0,14434.0
43,Tarragona,2019,1,2019M01,159.0,29.18,26.61,21.56,4797.0,1048.0,10528.0
43,Tarragona,2019,2,2019M02,170.0,40.47,42.25,30.58,5156.0,1134.0,10590.0
43,Tarragona,2019,3,2019M03,196.0,46.93,49.68,37.93,7505.0,1596.0,15939.0
43,Tarragona,2019,4,2019M04,255.0,57.42,60.2,53.25,17920.0,3962.0,41445.0
43,Tarragona,2019,5,2019M05,300.0,56.51,60.15,51.25,27183.0,6174.0,63167.0
43,Tarragona,2019,6,2019M06,322.0,75.02,76.36,69.74,29787.0,7497.0,69309.0
43,Tarragona,2019,7,2019M07,329.0,80.44,82.93,77.57,30150.0,8084.0,70154.0
43,Tarragona,2019,8,2019M08,327.0,86.9,84.06,83.86,30151.0,8576.0,70151.0
43,Tarragona,2019,9,2019M09,320.0,78.44,76.11,70.0,29771.0,7916.0,69369.0
43,Tarragona,2019,10,2019M10,246.0,60.48,66.78,52.42,19311.0,5057.0,45002.0
43,Tarragona,2019,11,2019M11,202.0,38.76,52.26,30.32,7847.0,1883.0,18041.0
43,Tarragona,2019,12,2019M12,177.0,37.32,52.03,32.51,6442.0,1344.0,15018.0
43,Tarragona,2020,1,2020M01,139.0,33.86,30.31,24.65,4920.0,1108.0,10887.0
43,Tarragona,2020,2,2020M02,168.0,39.24,43.64,31.12,5009.0,1119.0,10168.0
43,Tarragona,2020,3,2020M03,141.0,24.1,18.16,17.29,4177.0,897.0,8397.0
43,Tarragona,2020,4,2020M04,0.0,0.0,0.0,0.0,0.0,0.0,0.0
43,Tarragona,2020,5,2020M05,25.0,27.71,9.04,14.32,898.0,109.0,1915.0
43,Tarragona,2020,6,2020M06,130.0,21.19,22.71,19.07,4573.0,812.0,9642.0
43,Tarragona,2020,7,2020M07,251.0,34.79,42.78,33.71,17596.0,3507.0,41439.0
43,Tarragona,2020,8,2020M08,258.0,49.55,53.8,49.71,19716.0,4230.0,46431.0
43,Tarragona,2020,9,2020M09,232.0,34.04,48.15,31.16,13688.0,2533.0,31956.0
43,Tarragona,2020,10,2020M10,153.0,26.58,28.07,21.22,6212.0,1181.0,14581.0
43,Tarragona,2020,11,2020M11,109.0,22.4,9.23,14.04,2975.0,501.0,6030.0
43,Tarragona,2020,12,2020M12,101.0,21.92,13.34,16.25,2718.0,477.0,5556.0
43,Tarragona,2021,1,2021M01,82.0,16.6,12.99,11.88,2636.0,434.0,5455.0
43,Tarragona,2021,2,2021M02,92.0,20.37,12.04,12.7,2784.0,431.0,5732.0
43,Tarragona,2021,3,2021M03,119.0,26.35,25.84,20.74,3469.0,585.0,7059.0
43,Tarragona,2021,4,2021M04,154.0,27.39,33.79,21.87,4721.0,830.0,9765.0
43,Tarragona,2021,5,2021M05,179.0,29.2,39.18,23.08,7394.0,1425.0,18156.0
43,Tarragona,2021,6,2021M06,248.0,40.42,51.78,38.01,17501.0,3671.0,41777.0
43,Tarragona,2021,7,2021M07,286.0,51.54,58.82,50.22,25705.0,6025.0,61840.0
43,Tarragona,2021,8,2021M08,295.0,68.85,70.58,66.76,27250.0,6352.0,65152.0
43,Tarragona,2021,9,2021M09,275.0,48.78,55.05,43.44,24366.0,5344.0,58048.0
43,Tarragona,2021,10,2021M10,203.0,51.51,53.9,43.86,14123.0,3048.0,33963.0
43,Tarragona,2021,11,2021M11,171.0,36.28,45.57,26.16,5999.0,1269.0,14612.0
43,Tarragona,2021,12,2021M12,139.0,36.31,37.0,30.59,5271.0,1144.0,13124.0
43,Tarragona,2022,1,2022M01,132.0,29.7,29.51,21.85,4338.0,900.0,10149.0
43,Tarragona,2022,2,2022M02,155.0,40.47,40.02,30.55,4190.0,784.0,8554.0
43,Tarragona,2022,3,2022M03,180.0,39.01,40.18,29.75,5739.0,1149.0,11968.0
43,Tarragona,2022,4,2022M04,245.0,52.38,52.38,48.64,17189.0,3882.0,41307.0
43,Tarragona,2022,5,2022M05,278.0,55.61,65.72,48.2,25045.0,5786.0,60385.0
43,Tarragona,2022,6,2022M06,309.0,66.6,72.13,59.93,29121.0,7107.0,70024.0
43,Tarragona,2022,7,2022M07,321.0,78.26,77.41,74.41,29762.0,8370.0,71471.0
43,Tarragona,2022,8,2022M08,319.0,89.39,84.66,84.96,29789.0,8253.0,71527.0
43,Tarragona,2022,9,2022M09,309.0,70.12,67.65,61.63,29142.0,7311.0,69802.0
43,Tarragona,2022,10,2022M10,233.0,61.3,60.32,51.27,18526.0,4396.0,44782.0
43,Tarragona,2022,11,2022M11,173.0,40.74,47.36,30.08,6620.0,1469.0,15948.0
43,Tarragona,2022,12,2022M12,152.0,42.21,45.47,36.62,6055.0,1424.0,14978.0
43,Tarragona,2023,1,2023M01,127.0,39.41,32.53,28.25,4346.0,1096.0,10091.0
43,Tarragona,2023,2,2023M02,151.0,46.55,45.55,34.63,4137.0,942.0,8480.0
43,Tarragona,2023,3,2023M03,184.0,45.76,44.09,34.5,6619.0,1722.0,14531.0
43,Tarragona,2023,4,2023M04,253.0,60.5,59.33,52.65,19386.0,4668.0,47871.0
43,Tarragona,2023,5,2023M05,280.0,61.06,63.33,52.93,26468.0,6870.0,64953.0
43,Tarragona,2023,6,2023M06,309.0,68.43,70.36,62.22,29617.0,8298.0,73310.0
43,Tarragona,2023,7,2023M07,319.0,81.13,80.27,76.61,29864.0,8897.0,73757.0
43,Tarragona,2023,8,2023M08,317.0,89.1,83.92,82.89,30004.0,9144.0,74072.0
43,Tarragona,2023,9,2023M09,310.0,76.74,69.91,66.26,29494.0,8405.0,72708.0
43,Tarragona,2023,10,2023M10,233.0,67.39,64.7,54.96,18939.0,5116.0,47230.0
43,Tarragona,2023,11,2023M11,173.0,46.51,51.03,36.06,6150.0,1628.0,15021.0
43,Tarragona,2023,12,2023M12,142.0,42.87,41.05,34.44,5901.0,1409.0,15454.0
43,Tarragona,2024,1,2024M01,128.0,36.62,24.54,23.46,4760.0,1053.0,11631.0
43,Tarragona,2024,2,2024M02,143.0,43.4,40.55,29.22,4810.0,1113.0,10938.0
43,Tarragona,2024,3,2024M03,207.0,44.54,38.12,34.86,11784.0,2701.0,29968.0
43,Tarragona,2024,4,2024M04,244.0,54.92,50.1,45.89,18809.0,5048.0,46701.0
43,Tarragona,2024,5,2024M05,277.0,70.28,68.3,61.79,26988.0,7451.0,66711.0
43,Tarragona,2024,6,2024M06,297.0,76.88,76.16,69.72,29584.0,9491.0,73457.0
43,Tarragona,2024,7,2024M07,312.0,80.75,80.19,74.35,29993.0,9495.0,74252.0
43,Tarragona,2024,8,2024M08,307.0,89.09,82.89,82.86,29879.0,10191.0,73965.0
43,Tarragona,2024,9,2024M09,296.0,79.36,69.28,66.82,29501.0,8956.0,73167.0
43,Tarragona,2024,10,2024M10,239.0,67.08,63.11,55.58,20243.0,5896.0,49307.0
43,Tarragona,2024,11,2024M11,180.0,41.56,43.32,30.09,8109.0,2257.0,20845.0
43,Tarragona,2024,12,2024M12,128.0,43.61,49.93,35.52,5427.0,1591.0,13908.0
43,Tarragona,2025,1,2025M01,130.0,30.05,26.36,22.07,4877.0,1256.0,11475.0
43,Tarragona,2025,2,2025M02,156.0,37.47,39.32,28.39,5272.0,1272.0,11407.0
43,Tarragona,2025,3,2025M03,180.0,41.18,42.36,32.52,7757.0,1944.0,16788.0
43,Tarragona,2025,4,2025M04,244.0,61.42,55.93,55.1,21029.0,6255.0,52347.0
43,Tarragona,2025,5,2025M05,270.0,68.65,70.7,58.75,26664.0,8311.0,66095.0
43,Tarragona,2025,6,2025M06,300.0,77.71,77.46,68.47,29428.0,9553.0,73440.0
43,Tarragona,2025,7,2025M07,305.0,83.14,80.44,76.43,29672.0,10009.0,74023.0
43,Tarragona,2025,8,2025M08,298.0,87.75,81.9,81.28,29489.0,10245.0,73713.0
43,Tarragona,2025,9,2025M09,295.0,77.75,70.82,64.01,29075.0,9324.0,72612.0
43,Tarragona,2025,10,2025M10,228.0,69.33,66.06,57.88,19532.0,6444.0,48396.0
43,Tarragona,2025,11,2025M11,174.0,47.34,49.77,34.73,7471.0,2248.0,18306.0
43,Tarragona,2025,12,2025M12,151.0,42.66,41.5,35.03,6053.0,1807.0,15272.0
44,Teruel,2015,1,2015M01,192.0,16.68,23.51,15.33,3247.0,550.0,6356.0
44,Teruel,2015,2,2015M02,209.0,22.93,35.68,20.52,3474.0,602.0,6797.0
44,Teruel,2015,3,2015M03,220.0,22.32,33.09,20.33,3624.0,691.0,7096.0
44,Teruel,2015,4,2015M04,220.0,29.67,43.92,28.74,3654.0,689.0,7130.0
44,Teruel,2015,5,2015M05,219.0,25.11,39.0,22.89,3664.0,684.0,7150.0
44,Teruel,2015,6,2015M06,221.0,23.96,35.33,21.82,3757.0,744.0,7324.0
44,Teruel,2015,7,2015M07,226.0,25.99,33.81,24.04,3799.0,778.0,7462.0
44,Teruel,2015,8,2015M08,231.0,36.21,42.92,35.92,3865.0,844.0,7588.0
44,Teruel,2015,9,2015M09,221.0,35.69,46.41,30.82,3729.0,779.0,7315.0
44,Teruel,2015,10,2015M10,233.0,32.41,43.72,29.2,3855.0,789.0,7581.0
44,Teruel,2015,11,2015M11,218.0,22.3,30.31,19.27,3586.0,699.0,7074.0
44,Teruel,2015,12,2015M12,219.0,22.31,25.12,21.13,3631.0,708.0,7132.0
44,Teruel,2016,1,2016M01,191.0,19.4,25.92,17.05,3233.0,558.0,6355.0
44,Teruel,2016,2,2016M02,214.0,24.19,37.25,20.98,3477.0,641.0,6843.0
44,Teruel,2016,3,2016M03,235.0,33.41,43.58,30.56,3871.0,797.0,7627.0
44,Teruel,2016,4,2016M04,236.0,29.38,38.08,24.21,3901.0,732.0,7703.0
44,Teruel,2016,5,2016M05,233.0,27.92,39.21,24.11,3862.0,769.0,7623.0
44,Teruel,2016,6,2016M06,225.0,26.27,37.34,23.26,3693.0,796.0,7288.0
44,Teruel,2016,7,2016M07,226.0,31.4,37.18,28.88,3744.0,831.0,7427.0
44,Teruel,2016,8,2016M08,234.0,39.87,49.53,39.47,3882.0,886.0,7698.0
44,Teruel,2016,9,2016M09,225.0,32.15,42.21,28.68,3761.0,808.0,7454.0
44,Teruel,2016,10,2016M10,226.0,31.85,44.81,29.4,3838.0,820.0,7611.0
44,Teruel,2016,11,2016M11,211.0,23.32,33.29,20.02,3574.0,728.0,7105.0
44,Teruel,2016,12,2016M12,218.0,25.53,34.78,24.26,3550.0,730.0,7037.0
44,Teruel,2017,1,2017M01,196.0,22.04,29.82,19.67,3298.0,627.0,6615.0
44,Teruel,2017,2,2017M02,214.0,27.35,40.96,23.83,3565.0,672.0,7134.0
44,Teruel,2017,3,2017M03,215.0,31.19,45.9,26.97,3620.0,719.0,7251.0
44,Teruel,2017,4,2017M04,232.0,40.08,49.79,37.32,3871.0,753.0,7728.0
44,Teruel,2017,5,2017M05,225.0,32.03,40.98,26.76,3716.0,728.0,7423.0
44,Teruel,2017,6,2017M06,225.0,32.75,41.4,27.19,3727.0,728.0,7448.0
44,Teruel,2017,7,2017M07,229.0,33.88,45.32,30.13,3752.0,751.0,7511.0
44,Teruel,2017,8,2017M08,236.0,45.1,51.11,43.93,3854.0,813.0,7729.0
44,Teruel,2017,9,2017M09,223.0,38.55,48.68,34.7,3721.0,771.0,7453.0
44,Teruel,2017,10,2017M10,223.0,38.42,51.55,33.55,3738.0,774.0,7485.0
44,Teruel,2017,11,2017M11,210.0,28.48,37.81,24.17,3436.0,688.0,6934.0
44,Teruel,2017,12,2017M12,213.0,28.6,38.56,26.8,3412.0,683.0,6867.0
44,Teruel,2018,1,2018M01,194.0,22.95,28.06,19.79,3160.0,595.0,6337.0
44,Teruel,2018,2,2018M02,209.0,25.17,40.04,22.41,3403.0,630.0,6865.0
44,Teruel,2018,3,2018M03,222.0,32.69,44.53,30.08,3604.0,710.0,7250.0
44,Teruel,2018,4,2018M04,232.0,33.2,43.45,30.61,3780.0,717.0,7606.0
44,Teruel,2018,5,2018M05,228.0,30.16,40.66,26.01,3830.0,700.0,7677.0
44,Teruel,2018,6,2018M06,217.0,32.3,41.45,28.05,3723.0,741.0,7493.0
44,Teruel,2018,7,2018M07,220.0,33.61,46.66,30.34,3755.0,761.0,7587.0
44,Teruel,2018,8,2018M08,229.0,47.24,52.85,46.66,3805.0,808.0,7732.0
44,Teruel,2018,9,2018M09,219.0,38.62,51.06,34.76,3728.0,777.0,7490.0
44,Teruel,2018,10,2018M10,234.0,33.43,49.43,30.13,3894.0,781.0,7908.0
44,Teruel,2018,11,2018M11,225.0,29.79,41.61,26.34,3706.0,725.0,7541.0
44,Teruel,2018,12,2018M12,213.0,25.99,35.65,24.77,3553.0,698.0,7127.0
44,Teruel,2019,1,2019M01,199.0,20.46,24.65,17.57,3365.0,656.0,6757.0
44,Teruel,2019,2,2019M02,223.0,27.15,41.56,23.41,3695.0,703.0,7487.0
44,Teruel,2019,3,2019M03,229.0,30.1,39.92,26.35,3775.0,734.0,7645.0
44,Teruel,2019,4,2019M04,242.0,37.34,46.52,33.62,3922.0,770.0,7975.0
44,Teruel,2019,5,2019M05,230.0,31.52,38.15,27.52,3767.0,763.0,7620.0
44,Teruel,2019,6,2019M06,226.0,34.15,43.07,30.02,3645.0,753.0,7416.0
44,Teruel,2019,7,2019M07,243.0,36.15,44.49,32.19,3919.0,830.0,7902.0
44,Teruel,2019,8,2019M08,249.0,50.57,51.62,47.66,3987.0,882.0,8076.0
44,Teruel,2019,9,2019M09,238.0,38.67,46.47,33.39,3856.0,814.0,7808.0
44,Teruel,2019,10,2019M10,242.0,35.73,46.92,30.98,3776.0,810.0,7665.0
44,Teruel,2019,11,2019M11,235.0,31.29,40.83,26.85,3658.0,761.0,7427.0
44,Teruel,2019,12,2019M12,217.0,28.69,39.57,26.41,3397.0,702.0,6916.0
44,Teruel,2020,1,2020M01,194.0,28.21,32.92,24.73,3200.0,656.0,6526.0
44,Teruel,2020,2,2020M02,211.0,33.64,45.13,28.95,3443.0,648.0,7082.0
44,Teruel,2020,3,2020M03,199.0,15.56,19.22,12.67,3132.0,629.0,6371.0
44,Teruel,2020,4,2020M04,0.0,0.0,0.0,0.0,0.0,0.0,0.0
44,Teruel,2020,5,2020M05,22.0,20.69,6.26,12.41,443.0,47.0,869.0
44,Teruel,2020,6,2020M06,75.0,16.69,13.43,12.32,1370.0,230.0,2722.0
44,Teruel,2020,7,2020M07,192.0,27.27,35.19,23.73,2875.0,566.0,5801.0
44,Teruel,2020,8,2020M08,209.0,38.97,39.98,35.81,3222.0,656.0,6537.0
44,Teruel,2020,9,2020M09,195.0,32.84,42.37,28.43,3090.0,588.0,6276.0
44,Teruel,2020,10,2020M10,190.0,31.66,36.99,25.58,3000.0,586.0,6115.0
44,Teruel,2020,11,2020M11,125.0,13.99,7.35,8.4,2196.0,448.0,4465.0
44,Teruel,2020,12,2020M12,116.0,11.29,5.41,6.83,1955.0,360.0,3978.0
44,Teruel,2021,1,2021M01,104.0,10.51,5.58,6.03,1871.0,324.0,3757.0
44,Teruel,2021,2,2021M02,116.0,13.05,5.47,7.96,2040.0,341.0,4108.0
44,Teruel,2021,3,2021M03,124.0,15.77,10.34,10.48,2164.0,410.0,4371.0
44,Teruel,2021,4,2021M04,140.0,18.81,16.82,13.36,2293.0,407.0,4628.0
44,Teruel,2021,5,2021M05,173.0,24.79,29.38,18.77,2725.0,517.0,5468.0
44,Teruel,2021,6,2021M06,201.0,31.95,43.75,26.87,3102.0,621.0,6280.0
44,Teruel,2021,7,2021M07,216.0,41.71,45.99,36.32,3488.0,747.0,7111.0
44,Teruel,2021,8,2021M08,223.0,52.31,55.99,50.27,3556.0,795.0,7254.0
44,Teruel,2021,9,2021M09,209.0,42.03,50.8,36.67,3459.0,753.0,6968.0
44,Teruel,2021,10,2021M10,221.0,43.16,50.15,37.91,3570.0,769.0,7281.0
44,Teruel,2021,11,2021M11,195.0,32.72,41.04,26.37,3188.0,690.0,6532.0
44,Teruel,2021,12,2021M12,190.0,28.36,30.09,25.73,3161.0,691.0,6447.0
44,Teruel,2022,1,2022M01,168.0,26.1,34.78,22.15,2821.0,558.0,5757.0
44,Teruel,2022,2,2022M02,175.0,33.0,47.16,27.21,2999.0,586.0,6113.0
44,Teruel,2022,3,2022M03,194.0,29.65,37.9,24.01,3293.0,682.0,6755.0
44,Teruel,2022,4,2022M04,211.0,43.47,48.64,39.31,3588.0,777.0,7374.0
44,Teruel,2022,5,2022M05,196.0,37.53,44.64,31.14,3429.0,764.0,7020.0
44,Teruel,2022,6,2022M06,211.0,37.09,45.37,30.65,3603.0,782.0,7372.0
44,Teruel,2022,7,2022M07,222.0,37.96,42.6,32.39,3683.0,859.0,7537.0
44,Teruel,2022,8,2022M08,218.0,50.43,52.28,46.06,3705.0,864.0,7593.0
44,Teruel,2022,9,2022M09,209.0,42.87,49.31,36.09,3665.0,860.0,7490.0
44,Teruel,2022,10,2022M10,208.0,42.69,49.69,36.9,3642.0,833.0,7472.0
44,Teruel,2022,11,2022M11,188.0,33.71,40.57,26.88,3276.0,740.0,6752.0
44,Teruel,2022,12,2022M12,184.0,30.57,34.05,26.39,3235.0,719.0,6636.0
44,Teruel,2023,1,2023M01,159.0,27.74,30.96,22.34,2896.0,623.0,5927.0
44,Teruel,2023,2,2023M02,183.0,35.15,47.12,29.54,3230.0,675.0,6590.0
44,Teruel,2023,3,2023M03,194.0,34.84,36.37,27.36,3390.0,721.0,6949.0
44,Teruel,2023,4,2023M04,209.0,43.48,48.64,37.77,3622.0,790.0,7415.0
44,Teruel,2023,5,2023M05,193.0,38.1,38.52,29.47,3496.0,801.0,7163.0
44,Teruel,2023,6,2023M06,201.0,39.16,45.5,31.65,3490.0,846.0,7162.0
44,Teruel,2023,7,2023M07,211.0,38.9,41.44,31.95,3669.0,922.0,7580.0
44,Teruel,2023,8,2023M08,205.0,50.5,51.96,44.7,3656.0,933.0,7591.0
44,Teruel,2023,9,2023M09,200.0,42.41,46.09,35.19,3536.0,937.0,7283.0
44,Teruel,2023,10,2023M10,196.0,44.68,52.4,37.36,3528.0,916.0,7331.0
44,Teruel,2023,11,2023M11,187.0,36.42,43.99,28.65,3330.0,831.0,6943.0
44,Teruel,2023,12,2023M12,202.0,32.44,37.87,27.3,3361.0,825.0,6982.0
44,Teruel,2024,1,2024M01,165.0,28.21,28.48,21.97,2927.0,639.0,5998.0
44,Teruel,2024,2,2024M02,177.0,35.7,41.32,28.43,3168.0,706.0,6570.0
44,Teruel,2024,3,2024M03,189.0,42.88,46.01,35.76,3361.0,793.0,7028.0
44,Teruel,2024,4,2024M04,203.0,38.59,43.14,31.16,3442.0,784.0,7197.0
44,Teruel,2024,5,2024M05,204.0,45.25,49.97,36.66,3504.0,854.0,7337.0
44,Teruel,2024,6,2024M06,205.0,41.92,48.6,33.94,3474.0,848.0,7271.0
44,Teruel,2024,7,2024M07,198.0,40.68,45.35,33.13,3404.0,865.0,7040.0
44,Teruel,2024,8,2024M08,196.0,51.54,49.27,46.41,3423.0,886.0,7173.0
44,Teruel,2024,9,2024M09,186.0,49.24,54.63,41.32,3296.0,830.0,6852.0
44,Teruel,2024,10,2024M10,190.0,47.48,53.27,39.11,3378.0,845.0,7036.0
44,Teruel,2024,11,2024M11,175.0,35.05,38.24,28.4,3217.0,822.0,6710.0
44,Teruel,2024,12,2024M12,158.0,34.34,43.98,30.07,2920.0,713.0,6046.0
44,Teruel,2025,1,2025M01,157.0,30.79,32.06,25.07,2778.0,623.0,5822.0
44,Teruel,2025,2,2025M02,186.0,38.97,46.24,30.87,3216.0,704.0,6707.0
44,Teruel,2025,3,2025M03,201.0,36.41,37.74,28.92,3520.0,811.0,7311.0
44,Teruel,2025,4,2025M04,210.0,46.15,50.16,38.12,3657.0,882.0,7577.0
44,Teruel,2025,5,2025M05,214.0,45.37,47.41,36.47,3731.0,882.0,7714.0
44,Teruel,2025,6,2025M06,209.0,47.16,49.38,36.99,3656.0,963.0,7562.0
44,Teruel,2025,7,2025M07,213.0,45.33,43.68,35.34,3657.0,952.0,7589.0
44,Teruel,2025,8,2025M08,218.0,53.27,48.95,47.01,3730.0,1069.0,7702.0
44,Teruel,2025,9,2025M09,222.0,48.38,53.47,40.11,3753.0,1032.0,7715.0
44,Teruel,2025,10,2025M10,217.0,48.06,51.59,39.69,3736.0,1012.0,7686.0
44,Teruel,2025,11,2025M11,210.0,38.25,42.84,30.12,3584.0,972.0,7388.0
44,Teruel,2025,12,2025M12,187.0,33.8,37.9,29.13,3194.0,817.0,6587.0
45,Toledo,2015,1,2015M01,184.0,29.06,35.48,25.27,4827.0,751.0,9224.0
45,Toledo,2015,2,2015M02,194.0,32.35,42.72,28.17,4960.0,747.0,9459.0
45,Toledo,2015,3,2015M03,203.0,34.23,47.01,30.26,5102.0,806.0,9733.0
45,Toledo,2015,4,2015M04,203.0,38.19,51.54,34.6,5108.0,842.0,9732.0
45,Toledo,2015,5,2015M05,203.0,39.01,49.65,34.69,5107.0,823.0,9730.0
45,Toledo,2015,6,2015M06,200.0,38.77,45.47,34.69,5077.0,827.0,9673.0
45,Toledo,2015,7,2015M07,199.0,32.8,41.35,30.29,5062.0,832.0,9640.0
45,Toledo,2015,8,2015M08,196.0,38.1,44.42,37.94,5015.0,817.0,9551.0
45,Toledo,2015,9,2015M09,191.0,42.94,52.21,38.85,4932.0,848.0,9429.0
45,Toledo,2015,10,2015M10,203.0,43.21,50.46,38.84,5045.0,838.0,9597.0
45,Toledo,2015,11,2015M11,199.0,33.2,43.55,28.53,5052.0,830.0,9612.0
45,Toledo,2015,12,2015M12,194.0,31.39,35.4,29.48,4999.0,836.0,9517.0
45,Toledo,2016,1,2016M01,195.0,30.02,35.41,26.43,4939.0,805.0,9428.0
45,Toledo,2016,2,2016M02,195.0,35.72,45.19,31.02,4979.0,819.0,9508.0
45,Toledo,2016,3,2016M03,197.0,40.89,47.78,36.63,5003.0,849.0,9556.0
45,Toledo,2016,4,2016M04,200.0,40.03,45.12,35.45,5026.0,878.0,9612.0
45,Toledo,2016,5,2016M05,198.0,44.53,50.41,39.11,5008.0,907.0,9579.0
45,Toledo,2016,6,2016M06,200.0,44.77,50.98,38.79,5022.0,904.0,9605.0
45,Toledo,2016,7,2016M07,194.0,37.07,43.81,34.64,4872.0,860.0,9320.0
45,Toledo,2016,8,2016M08,185.0,43.48,49.7,42.5,4734.0,857.0,9057.0
45,Toledo,2016,9,2016M09,194.0,45.87,49.49,40.84,4878.0,900.0,9343.0
45,Toledo,2016,10,2016M10,197.0,48.19,52.44,42.69,4901.0,875.0,9376.0
45,Toledo,2016,11,2016M11,192.0,40.42,45.03,34.46,4846.0,823.0,9279.0
45,Toledo,2016,12,2016M12,180.0,34.0,38.0,32.15,4688.0,828.0,8987.0
45,Toledo,2017,1,2017M01,182.0,33.94,36.51,29.73,4581.0,809.0,8780.0
45,Toledo,2017,2,2017M02,188.0,39.15,46.32,34.16,4685.0,829.0,8970.0
45,Toledo,2017,3,2017M03,188.0,40.74,46.02,35.27,4748.0,858.0,9090.0
45,Toledo,2017,4,2017M04,188.0,48.46,56.1,44.82,4741.0,907.0,9074.0
45,Toledo,2017,5,2017M05,187.0,47.09,50.07,40.97,4736.0,904.0,9067.0
45,Toledo,2017,6,2017M06,183.0,43.41,50.91,38.41,4690.0,873.0,8983.0
45,Toledo,2017,7,2017M07,186.0,37.52,44.89,34.96,4652.0,818.0,8899.0
45,Toledo,2017,8,2017M08,177.0,44.05,49.82,44.1,4519.0,834.0,8679.0
45,Toledo,2017,9,2017M09,183.0,49.43,54.57,45.07,4705.0,886.0,9009.0
45,Toledo,2017,10,2017M10,185.0,50.12,55.04,44.77,4719.0,905.0,9053.0
45,Toledo,2017,11,2017M11,183.0,44.61,49.49,37.71,4621.0,865.0,8864.0
45,Toledo,2017,12,2017M12,173.0,37.44,40.85,36.08,4464.0,862.0,8549.0
45,Toledo,2018,1,2018M01,175.0,36.3,37.89,31.21,4416.0,800.0,8502.0
45,Toledo,2018,2,2018M02,177.0,42.05,48.2,36.79,4473.0,803.0,8586.0
45,Toledo,2018,3,2018M03,182.0,43.27,51.55,39.03,4618.0,835.0,8856.0
45,Toledo,2018,4,2018M04,186.0,51.41,57.19,46.15,4663.0,862.0,8946.0
45,Toledo,2018,5,2018M05,179.0,49.84,50.57,43.36,4596.0,869.0,8825.0
45,Toledo,2018,6,2018M06,185.0,49.87,53.28,43.53,4685.0,863.0,8981.0
45,Toledo,2018,7,2018M07,184.0,37.55,45.95,34.91,4676.0,848.0,8964.0
45,Toledo,2018,8,2018M08,182.0,44.84,48.59,44.1,4625.0,861.0,8885.0
45,Toledo,2018,9,2018M09,184.0,49.03,54.71,43.8,4696.0,910.0,9009.0
45,Toledo,2018,10,2018M10,188.0,51.62,55.39,44.42,4709.0,870.0,9042.0
45,Toledo,2018,11,2018M11,187.0,45.45,54.0,38.26,4703.0,834.0,9047.0
45,Toledo,2018,12,2018M12,177.0,36.26,43.94,34.5,4536.0,846.0,8740.0
45,Toledo,2019,1,2019M01,172.0,36.02,38.0,30.19,4480.0,765.0,8587.0
45,Toledo,2019,2,2019M02,176.0,42.74,47.0,36.62,4519.0,765.0,8657.0
45,Toledo,2019,3,2019M03,180.0,44.78,49.85,38.63,4603.0,800.0,8827.0
45,Toledo,2019,4,2019M04,180.0,48.89,53.56,44.43,4606.0,820.0,8819.0
45,Toledo,2019,5,2019M05,177.0,51.46,53.26,44.95,4569.0,824.0,8743.0
45,Toledo,2019,6,2019M06,172.0,51.44,57.17,45.79,4532.0,823.0,8711.0
45,Toledo,2019,7,2019M07,171.0,41.56,49.15,38.7,4528.0,813.0,8678.0
45,Toledo,2019,8,2019M08,169.0,48.1,51.66,46.84,4535.0,833.0,8716.0
45,Toledo,2019,9,2019M09,175.0,51.49,57.82,45.62,4606.0,838.0,8841.0
45,Toledo,2019,10,2019M10,179.0,51.79,59.18,45.19,4653.0,847.0,8922.0
45,Toledo,2019,11,2019M11,180.0,44.29,53.61,37.4,4723.0,808.0,9059.0
45,Toledo,2019,12,2019M12,167.0,37.61,47.13,34.48,4494.0,808.0,8628.0
45,Toledo,2020,1,2020M01,180.0,34.11,37.55,29.12,4719.0,800.0,9063.0
45,Toledo,2020,2,2020M02,176.0,41.2,52.51,35.71,4681.0,780.0,8998.0
45,Toledo,2020,3,2020M03,148.0,22.84,21.71,18.2,3491.0,628.0,6620.0
45,Toledo,2020,4,2020M04,0.0,0.0,0.0,0.0,0.0,0.0,0.0
45,Toledo,2020,5,2020M05,22.0,13.03,3.89,9.02,485.0,37.0,929.0
45,Toledo,2020,6,2020M06,90.0,19.2,12.0,14.16,1632.0,265.0,2994.0
45,Toledo,2020,7,2020M07,132.0,28.85,32.71,26.13,3122.0,477.0,5955.0
45,Toledo,2020,8,2020M08,140.0,33.46,37.53,32.42,3332.0,540.0,6466.0
45,Toledo,2020,9,2020M09,153.0,23.66,27.91,19.58,3879.0,574.0,7454.0
45,Toledo,2020,10,2020M10,154.0,20.74,22.2,17.32,3862.0,545.0,7381.0
45,Toledo,2020,11,2020M11,138.0,16.45,12.35,11.83,3380.0,436.0,6367.0
45,Toledo,2020,12,2020M12,124.0,14.25,13.03,11.23,3118.0,409.0,5907.0
45,Toledo,2021,1,2021M01,108.0,15.64,9.91,10.87,2843.0,347.0,5426.0
45,Toledo,2021,2,2021M02,119.0,18.49,13.26,13.42,3118.0,343.0,5925.0
45,Toledo,2021,3,2021M03,132.0,21.16,20.06,15.96,3360.0,376.0,6319.0
45,Toledo,2021,4,2021M04,136.0,22.23,19.72,16.36,3485.0,432.0,6587.0
45,Toledo,2021,5,2021M05,154.0,28.09,33.85,23.32,3890.0,510.0,7374.0
45,Toledo,2021,6,2021M06,168.0,34.34,44.16,30.11,4385.0,602.0,8367.0
45,Toledo,2021,7,2021M07,163.0,39.01,46.33,35.32,4420.0,646.0,8462.0
45,Toledo,2021,8,2021M08,165.0,48.04,54.93,46.24,4391.0,671.0,8402.0
45,Toledo,2021,9,2021M09,166.0,45.96,58.43,40.63,4477.0,702.0,8572.0
45,Toledo,2021,10,2021M10,173.0,48.4,58.17,42.78,4579.0,705.0,8827.0
45,Toledo,2021,11,2021M11,174.0,41.65,47.33,33.3,4579.0,727.0,8790.0
45,Toledo,2021,12,2021M12,156.0,38.0,40.62,34.37,4224.0,758.0,8182.0
45,Toledo,2022,1,2022M01,168.0,29.65,33.59,23.96,4495.0,700.0,8636.0
45,Toledo,2022,2,2022M02,181.0,37.64,47.39,30.94,4765.0,742.0,9187.0
45,Toledo,2022,3,2022M03,192.0,36.87,41.71,29.69,4865.0,793.0,9380.0
45,Toledo,2022,4,2022M04,192.0,47.6,54.94,43.19,4969.0,844.0,9567.0
45,Toledo,2022,5,2022M05,196.0,48.1,59.17,41.05,5024.0,899.0,9664.0
45,Toledo,2022,6,2022M06,195.0,48.66,59.61,41.44,5028.0,923.0,9670.0
45,Toledo,2022,7,2022M07,184.0,41.56,48.79,37.34,4907.0,899.0,9460.0
45,Toledo,2022,8,2022M08,181.0,49.13,52.87,45.54,4827.0,916.0,9349.0
45,Toledo,2022,9,2022M09,183.0,53.72,56.74,46.55,4934.0,883.0,9494.0
45,Toledo,2022,10,2022M10,192.0,54.09,59.15,46.97,4994.0,886.0,9614.0
45,Toledo,2022,11,2022M11,189.0,43.2,48.6,34.55,4921.0,860.0,9498.0
45,Toledo,2022,12,2022M12,177.0,40.69,40.82,35.6,4617.0,860.0,8975.0
45,Toledo,2023,1,2023M01,174.0,36.99,40.89,29.87,4570.0,784.0,8878.0
45,Toledo,2023,2,2023M02,181.0,40.8,46.01,33.6,4683.0,783.0,9097.0
45,Toledo,2023,3,2023M03,188.0,44.28,46.57,36.03,4874.0,829.0,9439.0
45,Toledo,2023,4,2023M04,181.0,54.76,62.16,47.81,4775.0,918.0,9333.0
45,Toledo,2023,5,2023M05,189.0,52.9,55.97,43.51,4920.0,945.0,9591.0
45,Toledo,2023,6,2023M06,189.0,52.17,57.42,43.58,4945.0,955.0,9639.0
45,Toledo,2023,7,2023M07,179.0,43.23,45.3,37.02,4777.0,953.0,9346.0
45,Toledo,2023,8,2023M08,174.0,50.74,50.09,45.77,4690.0,991.0,9253.0
45,Toledo,2023,9,2023M09,185.0,57.94,60.49,49.35,4876.0,1009.0,9527.0
45,Toledo,2023,10,2023M10,190.0,57.07,60.11,47.16,4942.0,925.0,9660.0
45,Toledo,2023,11,2023M11,185.0,48.37,49.21,37.78,4728.0,932.0,9241.0
45,Toledo,2023,12,2023M12,177.0,41.22,43.62,37.25,4604.0,929.0,8995.0
45,Toledo,2024,1,2024M01,166.0,38.82,37.93,30.65,4426.0,943.0,8628.0
45,Toledo,2024,2,2024M02,177.0,42.58,44.44,33.16,4677.0,1018.0,9146.0
45,Toledo,2024,3,2024M03,180.0,46.92,52.47,39.91,4851.0,1053.0,9495.0
45,Toledo,2024,4,2024M04,182.0,54.83,59.86,46.15,4942.0,1095.0,9767.0
45,Toledo,2024,5,2024M05,186.0,58.41,62.07,50.14,4996.0,1099.0,9849.0
45,Toledo,2024,6,2024M06,184.0,54.29,55.95,45.35,4962.0,1215.0,9738.0
45,Toledo,2024,7,2024M07,181.0,45.06,47.63,38.11,4849.0,1130.0,9501.0
45,Toledo,2024,8,2024M08,173.0,47.5,46.06,43.69,4750.0,1092.0,9312.0
45,Toledo,2024,9,2024M09,174.0,58.93,62.36,50.17,4772.0,1181.0,9356.0
45,Toledo,2024,10,2024M10,184.0,60.6,62.91,51.66,4934.0,1103.0,9681.0
45,Toledo,2024,11,2024M11,188.0,49.09,48.75,39.08,4906.0,1098.0,9618.0
45,Toledo,2024,12,2024M12,182.0,40.71,50.8,35.37,4831.0,1125.0,9463.0
45,Toledo,2025,1,2025M01,179.0,33.51,29.68,26.93,4700.0,988.0,9164.0
45,Toledo,2025,2,2025M02,184.0,39.97,40.27,31.08,4868.0,1053.0,9504.0
45,Toledo,2025,3,2025M03,189.0,43.42,50.74,34.77,4942.0,1066.0,9654.0
45,Toledo,2025,4,2025M04,193.0,57.25,59.58,49.38,5250.0,1134.0,10511.0
45,Toledo,2025,5,2025M05,191.0,60.28,63.46,49.78,5225.0,1116.0,10444.0
45,Toledo,2025,6,2025M06,186.0,55.9,60.22,46.83,5199.0,1085.0,10369.0
45,Toledo,2025,7,2025M07,180.0,47.26,49.78,39.06,5119.0,1149.0,10202.0
45,Toledo,2025,8,2025M08,184.0,49.55,47.09,43.48,5152.0,1145.0,10313.0
45,Toledo,2025,9,2025M09,192.0,61.72,64.01,51.52,5292.0,1133.0,10574.0
45,Toledo,2025,10,2025M10,193.0,64.54,65.33,52.73,5242.0,1158.0,10469.0
45,Toledo,2025,11,2025M11,189.0,48.23,50.47,37.54,5105.0,1080.0,10196.0
45,Toledo,2025,12,2025M12,186.0,44.17,52.34,37.32,5042.0,1107.0,10122.0
46,Valencia/València,2015,1,2015M01,301.0,34.31,32.43,27.1,15633.0,3046.0,31157.0
46,Valencia/València,2015,2,2015M02,316.0,48.25,44.71,38.27,16235.0,3226.0,32445.0
46,Valencia/València,2015,3,2015M03,342.0,52.91,53.02,45.15,17004.0,3480.0,34078.0
46,Valencia/València,2015,4,2015M04,363.0,55.85,60.01,48.95,17955.0,3645.0,36132.0
46,Valencia/València,2015,5,2015M05,364.0,57.8,62.17,48.58,18240.0,3690.0,36729.0
46,Valencia/València,2015,6,2015M06,374.0,61.02,65.17,53.23,18705.0,4075.0,37683.0
46,Valencia/València,2015,7,2015M07,379.0,66.09,69.95,61.51,18755.0,4274.0,37694.0
46,Valencia/València,2015,8,2015M08,369.0,74.44,76.27,72.67,18727.0,4278.0,37657.0
46,Valencia/València,2015,9,2015M09,372.0,65.45,63.75,55.85,18621.0,4002.0,37469.0
46,Valencia/València,2015,10,2015M10,346.0,58.56,56.12,48.01,17204.0,3676.0,34652.0
46,Valencia/València,2015,11,2015M11,349.0,50.81,54.59,40.21,16782.0,3398.0,33585.0
46,Valencia/València,2015,12,2015M12,345.0,38.71,36.28,33.25,16499.0,3422.0,33071.0
46,Valencia/València,2016,1,2016M01,322.0,37.24,36.18,30.45,16683.0,3371.0,33653.0
46,Valencia/València,2016,2,2016M02,335.0,51.78,47.35,40.52,16781.0,3407.0,33877.0
46,Valencia/València,2016,3,2016M03,341.0,58.95,64.72,50.51,17336.0,3738.0,34993.0
46,Valencia/València,2016,4,2016M04,348.0,60.49,58.08,48.31,17995.0,3822.0,36385.0
46,Valencia/València,2016,5,2016M05,357.0,60.86,60.23,50.11,18232.0,3883.0,36902.0
46,Valencia/València,2016,6,2016M06,361.0,64.08,63.29,52.97,18517.0,4209.0,37452.0
46,Valencia/València,2016,7,2016M07,378.0,71.68,74.22,67.2,19019.0,4492.0,38552.0
46,Valencia/València,2016,8,2016M08,365.0,75.91,79.5,73.53,18888.0,4575.0,38304.0
46,Valencia/València,2016,9,2016M09,356.0,72.09,69.84,62.11,18642.0,4360.0,37990.0
46,Valencia/València,2016,10,2016M10,354.0,61.29,63.07,51.62,17858.0,3841.0,36380.0
46,Valencia/València,2016,11,2016M11,352.0,56.41,56.41,44.08,17030.0,3478.0,34580.0
46,Valencia/València,2016,12,2016M12,335.0,42.21,39.54,35.11,15470.0,3144.0,31707.0
46,Valencia/València,2017,1,2017M01,313.0,39.65,33.89,30.94,15234.0,3265.0,31174.0
46,Valencia/València,2017,2,2017M02,339.0,52.99,48.54,41.02,16352.0,3355.0,33262.0
46,Valencia/València,2017,3,2017M03,357.0,57.9,60.38,47.25,17756.0,3740.0,36114.0
46,Valencia/València,2017,4,2017M04,368.0,63.3,67.44,56.01,18639.0,4042.0,37928.0
46,Valencia/València,2017,5,2017M05,376.0,61.68,63.18,51.21,18776.0,4071.0,38146.0
46,Valencia/València,2017,6,2017M06,382.0,68.35,71.43,59.62,18983.0,4578.0,38491.0
46,Valencia/València,2017,7,2017M07,397.0,75.4,76.41,69.2,19180.0,4684.0,38978.0
46,Valencia/València,2017,8,2017M08,399.0,76.95,78.86,72.43,19184.0,4874.0,38997.0
46,Valencia/València,2017,9,2017M09,374.0,71.92,68.04,62.3,19078.0,4577.0,38773.0
46,Valencia/València,2017,10,2017M10,383.0,63.05,64.27,52.4,17649.0,3914.0,35863.0
46,Valencia/València,2017,11,2017M11,371.0,58.65,57.86,45.8,17094.0,3660.0,34708.0
46,Valencia/València,2017,12,2017M12,351.0,42.89,41.78,36.15,16461.0,3445.0,33461.0
46,Valencia/València,2018,1,2018M01,342.0,44.92,36.94,35.1,15807.0,3218.0,32218.0
46,Valencia/València,2018,2,2018M02,358.0,62.75,53.55,48.68,16353.0,3332.0,33311.0
46,Valencia/València,2018,3,2018M03,377.0,64.05,60.78,54.51,17878.0,3791.0,36391.0
46,Valencia/València,2018,4,2018M04,391.0,67.21,64.87,56.72,18956.0,4200.0,38776.0
46,Valencia/València,2018,5,2018M05,382.0,65.82,62.47,54.15,19013.0,4332.0,38940.0
46,Valencia/València,2018,6,2018M06,391.0,72.32,71.23,61.11,19386.0,4556.0,39714.0
46,Valencia/València,2018,7,2018M07,396.0,76.31,77.76,68.12,19391.0,4823.0,39584.0
46,Valencia/València,2018,8,2018M08,389.0,79.05,77.87,73.42,19342.0,4894.0,39478.0
46,Valencia/València,2018,9,2018M09,393.0,74.27,69.35,63.03,19349.0,4753.0,39514.0
46,Valencia/València,2018,10,2018M10,375.0,67.43,67.22,54.05,18038.0,4055.0,36869.0
46,Valencia/València,2018,11,2018M11,369.0,61.63,60.34,48.11,17527.0,3808.0,35772.0
46,Valencia/València,2018,12,2018M12,346.0,50.0,50.19,42.09,16265.0,3499.0,33007.0
46,Valencia/València,2019,1,2019M01,334.0,51.98,41.11,39.85,15923.0,3267.0,32333.0
46,Valencia/València,2019,2,2019M02,355.0,59.42,54.54,45.94,16798.0,3526.0,34364.0
46,Valencia/València,2019,3,2019M03,373.0,66.94,66.94,54.78,18197.0,3917.0,37148.0
46,Valencia/València,2019,4,2019M04,394.0,69.38,70.63,58.69,19003.0,4202.0,38833.0
46,Valencia/València,2019,5,2019M05,391.0,72.82,66.95,59.31,18997.0,4273.0,38900.0
46,Valencia/València,2019,6,2019M06,404.0,77.47,78.04,66.28,19369.0,4790.0,39594.0
46,Valencia/València,2019,7,2019M07,402.0,81.04,79.14,71.18,19230.0,5047.0,39396.0
46,Valencia/València,2019,8,2019M08,384.0,82.68,78.5,75.64,19101.0,4998.0,39144.0
46,Valencia/València,2019,9,2019M09,392.0,76.6,68.74,62.87,19145.0,4871.0,39231.0
46,Valencia/València,2019,10,2019M10,377.0,70.84,66.31,56.42,17965.0,4193.0,36866.0
46,Valencia/València,2019,11,2019M11,382.0,64.03,63.97,50.22,17501.0,3956.0,35863.0
46,Valencia/València,2019,12,2019M12,365.0,50.01,50.21,41.71,16129.0,3300.0,32847.0
46,Valencia/València,2020,1,2020M01,371.0,50.33,42.92,38.98,16156.0,3528.0,33009.0
46,Valencia/València,2020,2,2020M02,371.0,61.25,59.07,47.54,16633.0,3695.0,34053.0
46,Valencia/València,2020,3,2020M03,283.0,31.11,26.77,24.2,11432.0,2087.0,23278.0
46,Valencia/València,2020,4,2020M04,0.0,0.0,0.0,0.0,0.0,0.0,0.0
46,Valencia/València,2020,5,2020M05,57.0,19.6,6.01,11.55,2121.0,258.0,4447.0
46,Valencia/València,2020,6,2020M06,199.0,24.69,17.9,17.33,7782.0,1117.0,15735.0
46,Valencia/València,2020,7,2020M07,335.0,41.64,50.3,36.19,14910.0,2774.0,30577.0
46,Valencia/València,2020,8,2020M08,347.0,47.03,54.12,44.19,15536.0,3041.0,31884.0
46,Valencia/València,2020,9,2020M09,342.0,35.63,38.18,28.53,14842.0,2591.0,30371.0
46,Valencia/València,2020,10,2020M10,317.0,31.88,30.41,24.26,13033.0,2237.0,26526.0
46,Valencia/València,2020,11,2020M11,304.0,28.14,20.38,18.57,11940.0,1870.0,24139.0
46,Valencia/València,2020,12,2020M12,282.0,24.43,22.06,17.57,10965.0,1601.0,22186.0
46,Valencia/València,2021,1,2021M01,263.0,20.43,14.16,13.85,10292.0,1524.0,20954.0
46,Valencia/València,2021,2,2021M02,261.0,22.81,14.85,15.42,10053.0,1429.0,20374.0
46,Valencia/València,2021,3,2021M03,269.0,27.88,22.74,19.67,10558.0,1540.0,21382.0
46,Valencia/València,2021,4,2021M04,275.0,31.77,28.02,23.18,11199.0,1754.0,22856.0
46,Valencia/València,2021,5,2021M05,302.0,40.85,47.71,31.95,13084.0,2285.0,26732.0
46,Valencia/València,2021,6,2021M06,345.0,54.15,67.06,46.81,15622.0,3301.0,31977.0
46,Valencia/València,2021,7,2021M07,370.0,65.68,71.3,59.73,18047.0,4117.0,36534.0
46,Valencia/València,2021,8,2021M08,374.0,78.01,80.27,73.24,18235.0,4370.0,36971.0
46,Valencia/València,2021,9,2021M09,385.0,66.59,71.59,56.6,18651.0,4444.0,37726.0
46,Valencia/València,2021,10,2021M10,370.0,63.76,63.62,53.59,17086.0,3774.0,34461.0
46,Valencia/València,2021,11,2021M11,363.0,56.24,60.74,45.4,16173.0,3353.0,32256.0
46,Valencia/València,2021,12,2021M12,343.0,44.26,44.02,38.02,15411.0,3110.0,30752.0
46,Valencia/València,2022,1,2022M01,342.0,38.43,38.93,31.42,14852.0,2935.0,29988.0
46,Valencia/València,2022,2,2022M02,365.0,53.29,59.94,43.54,15750.0,3036.0,31854.0
46,Valencia/València,2022,3,2022M03,385.0,57.82,60.45,46.99,17502.0,3772.0,35515.0
46,Valencia/València,2022,4,2022M04,401.0,69.11,72.23,60.78,18858.0,4428.0,38614.0
46,Valencia/València,2022,5,2022M05,405.0,73.35,74.18,61.2,19239.0,4569.0,39415.0
46,Valencia/València,2022,6,2022M06,383.0,77.25,78.71,66.09,19052.0,4905.0,39041.0
46,Valencia/València,2022,7,2022M07,390.0,79.73,79.07,72.85,19590.0,5127.0,39769.0
46,Valencia/València,2022,8,2022M08,399.0,82.25,80.87,77.6,19821.0,5263.0,40185.0
46,Valencia/València,2022,9,2022M09,384.0,77.8,73.83,66.02,19691.0,5028.0,39909.0
46,Valencia/València,2022,10,2022M10,360.0,69.9,68.98,57.29,18082.0,4447.0,37066.0
46,Valencia/València,2022,11,2022M11,342.0,63.95,63.66,49.56,16834.0,3943.0,34279.0
46,Valencia/València,2022,12,2022M12,320.0,54.22,53.9,46.64,15887.0,3642.0,31943.0
46,Valencia/València,2023,1,2023M01,357.0,54.3,53.11,44.07,15337.0,3537.0,31034.0
46,Valencia/València,2023,2,2023M02,381.0,62.09,60.85,49.37,16274.0,3950.0,33197.0
46,Valencia/València,2023,3,2023M03,392.0,66.62,67.05,54.97,18946.0,4536.0,38422.0
46,Valencia/València,2023,4,2023M04,389.0,74.85,75.74,65.6,19127.0,5069.0,39198.0
46,Valencia/València,2023,5,2023M05,408.0,72.7,71.84,60.43,19286.0,5217.0,39534.0
46,Valencia/València,2023,6,2023M06,407.0,77.54,75.06,66.29,19837.0,5619.0,40274.0
46,Valencia/València,2023,7,2023M07,412.0,79.12,75.49,70.67,19915.0,5754.0,40580.0
46,Valencia/València,2023,8,2023M08,406.0,80.58,79.96,75.97,20077.0,5826.0,40924.0
46,Valencia/València,2023,9,2023M09,394.0,79.08,72.49,65.57,19450.0,5545.0,40017.0
46,Valencia/València,2023,10,2023M10,403.0,73.28,71.84,59.68,18457.0,5198.0,37896.0
46,Valencia/València,2023,11,2023M11,378.0,67.58,64.91,52.44,16743.0,4312.0,34160.0
46,Valencia/València,2023,12,2023M12,358.0,56.29,57.81,48.34,15830.0,3935.0,32282.0
46,Valencia/València,2024,1,2024M01,362.0,54.87,51.75,45.33,15944.0,3961.0,31878.0
46,Valencia/València,2024,2,2024M02,370.0,65.18,62.17,53.4,17000.0,4266.0,33959.0
46,Valencia/València,2024,3,2024M03,408.0,71.11,68.57,60.95,19831.0,5078.0,40297.0
46,Valencia/València,2024,4,2024M04,410.0,73.66,71.71,62.17,19891.0,5196.0,40335.0
46,Valencia/València,2024,5,2024M05,425.0,77.75,74.58,65.15,20375.0,5419.0,41461.0
46,Valencia/València,2024,6,2024M06,432.0,77.26,74.68,66.39,20631.0,5859.0,41996.0
46,Valencia/València,2024,7,2024M07,425.0,78.84,77.83,71.42,20580.0,6098.0,41903.0
46,Valencia/València,2024,8,2024M08,429.0,81.56,78.12,76.19,20921.0,6064.0,42614.0
46,Valencia/València,2024,9,2024M09,415.0,81.71,75.36,69.07,20503.0,6094.0,41721.0
46,Valencia/València,2024,10,2024M10,395.0,73.18,69.53,60.78,19008.0,5260.0,38215.0
46,Valencia/València,2024,11,2024M11,365.0,66.16,57.02,50.63,17707.0,4534.0,35404.0
46,Valencia/València,2024,12,2024M12,344.0,53.31,53.42,43.29,16550.0,4255.0,33099.0
46,Valencia/València,2025,1,2025M01,356.0,55.92,50.31,43.28,16544.0,4251.0,33284.0
46,Valencia/València,2025,2,2025M02,381.0,64.19,60.81,50.85,17385.0,4617.0,35129.0
46,Valencia/València,2025,3,2025M03,404.0,63.49,59.59,52.58,19883.0,5444.0,40453.0
46,Valencia/València,2025,4,2025M04,412.0,69.95,68.48,60.28,20264.0,5733.0,41690.0
46,Valencia/València,2025,5,2025M05,421.0,72.1,69.85,59.85,20808.0,6039.0,42853.0
46,Valencia/València,2025,6,2025M06,429.0,75.69,74.0,64.84,20917.0,6431.0,42986.0
46,Valencia/València,2025,7,2025M07,419.0,76.6,75.71,68.84,20736.0,6456.0,42589.0
46,Valencia/València,2025,8,2025M08,407.0,81.78,76.83,75.19,20762.0,6391.0,42835.0
46,Valencia/València,2025,9,2025M09,412.0,80.03,72.85,65.62,20710.0,6249.0,42727.0
46,Valencia/València,2025,10,2025M10,405.0,75.72,66.55,59.5,19651.0,5670.0,40346.0
46,Valencia/València,2025,11,2025M11,387.0,69.98,64.23,52.86,18555.0,5123.0,37824.0
46,Valencia/València,2025,12,2025M12,362.0,58.91,55.75,46.55,16826.0,4593.0,34084.0
47,Valladolid,2015,1,2015M01,126.0,30.01,34.37,24.94,4210.0,985.0,7816.0
47,Valladolid,2015,2,2015M02,125.0,35.84,46.5,28.52,4221.0,1006.0,7837.0
47,Valladolid,2015,3,2015M03,129.0,36.74,40.68,29.1,4263.0,1090.0,7922.0
47,Valladolid,2015,4,2015M04,129.0,44.55,54.52,38.93,4261.0,1095.0,7948.0
47,Valladolid,2015,5,2015M05,126.0,44.58,50.14,36.82,4214.0,1131.0,7878.0
47,Valladolid,2015,6,2015M06,127.0,47.11,54.03,38.24,4248.0,1119.0,7939.0
47,Valladolid,2015,7,2015M07,128.0,43.09,52.41,38.14,4285.0,1183.0,8018.0
47,Valladolid,2015,8,2015M08,123.0,44.63,51.71,42.52,4145.0,1225.0,7754.0
47,Valladolid,2015,9,2015M09,127.0,54.99,56.1,45.1,4372.0,1205.0,8191.0
47,Valladolid,2015,10,2015M10,127.0,47.6,51.1,39.39,4407.0,1179.0,8259.0
47,Valladolid,2015,11,2015M11,128.0,42.83,46.04,34.49,4427.0,1205.0,8295.0
47,Valladolid,2015,12,2015M12,121.0,37.6,44.84,32.69,4279.0,1100.0,8031.0
47,Valladolid,2016,1,2016M01,119.0,32.91,32.69,26.83,4227.0,1043.0,7899.0
47,Valladolid,2016,2,2016M02,127.0,39.76,42.99,32.32,4433.0,1120.0,8293.0
47,Valladolid,2016,3,2016M03,130.0,45.67,50.56,40.85,4482.0,1243.0,8388.0
47,Valladolid,2016,4,2016M04,129.0,42.82,46.91,34.59,4500.0,1217.0,8420.0
47,Valladolid,2016,5,2016M05,130.0,44.9,49.62,36.47,4502.0,1285.0,8424.0
47,Valladolid,2016,6,2016M06,128.0,46.41,54.42,37.85,4458.0,1297.0,8367.0
47,Valladolid,2016,7,2016M07,127.0,45.79,50.73,40.91,4450.0,1318.0,8360.0
47,Valladolid,2016,8,2016M08,127.0,48.81,53.1,45.42,4444.0,1277.0,8350.0
47,Valladolid,2016,9,2016M09,122.0,52.5,59.02,43.49,4381.0,1256.0,8235.0
47,Valladolid,2016,10,2016M10,119.0,50.78,55.85,41.58,4360.0,1278.0,8188.0
47,Valladolid,2016,11,2016M11,120.0,47.83,53.91,38.64,4345.0,1258.0,8149.0
47,Valladolid,2016,12,2016M12,114.0,37.57,40.24,32.86,4150.0,1081.0,7785.0
47,Valladolid,2017,1,2017M01,112.0,37.29,42.95,29.56,4120.0,1052.0,7730.0
47,Valladolid,2017,2,2017M02,119.0,44.46,53.39,35.97,4234.0,1082.0,7936.0
47,Valladolid,2017,3,2017M03,120.0,45.59,50.2,36.72,4263.0,1237.0,8001.0
47,Valladolid,2017,4,2017M04,119.0,53.25,61.73,46.07,4250.0,1204.0,7977.0
47,Valladolid,2017,5,2017M05,121.0,51.53,56.87,40.94,4263.0,1217.0,8005.0
47,Valladolid,2017,6,2017M06,117.0,55.46,62.98,45.3,4185.0,1199.0,7890.0
47,Valladolid,2017,7,2017M07,117.0,53.32,59.83,47.29,4217.0,1233.0,7920.0
47,Valladolid,2017,8,2017M08,117.0,54.73,60.22,51.2,4137.0,1225.0,7766.0
47,Valladolid,2017,9,2017M09,120.0,59.76,60.62,49.7,4256.0,1223.0,7988.0
47,Valladolid,2017,10,2017M10,121.0,52.86,63.44,43.76,4302.0,1231.0,8058.0
47,Valladolid,2017,11,2017M11,120.0,51.3,52.45,41.45,4317.0,1205.0,8092.0
47,Valladolid,2017,12,2017M12,109.0,39.57,47.06,37.45,4164.0,1210.0,7809.0
47,Valladolid,2018,1,2018M01,123.0,43.39,49.89,35.62,4242.0,1116.0,7960.0
47,Valladolid,2018,2,2018M02,124.0,40.04,48.62,32.02,4293.0,1191.0,8052.0
47,Valladolid,2018,3,2018M03,127.0,48.22,54.14,40.31,4332.0,1272.0,8135.0
47,Valladolid,2018,4,2018M04,125.0,49.4,54.78,41.07,4313.0,1268.0,8115.0
47,Valladolid,2018,5,2018M05,130.0,52.16,56.8,42.84,4360.0,1302.0,8187.0
47,Valladolid,2018,6,2018M06,131.0,53.63,61.33,44.21,4375.0,1304.0,8208.0
47,Valladolid,2018,7,2018M07,123.0,48.5,51.59,42.02,4247.0,1248.0,7978.0
47,Valladolid,2018,8,2018M08,119.0,54.17,56.99,50.94,4194.0,1234.0,7882.0
47,Valladolid,2018,9,2018M09,121.0,60.09,58.89,48.91,4358.0,1280.0,8200.0
47,Valladolid,2018,10,2018M10,127.0,56.13,63.83,45.13,4397.0,1264.0,8257.0
47,Valladolid,2018,11,2018M11,127.0,54.13,55.74,43.13,4395.0,1260.0,8255.0
47,Valladolid,2018,12,2018M12,124.0,43.02,51.96,37.65,4329.0,1206.0,8126.0
47,Valladolid,2019,1,2019M01,120.0,44.88,53.86,37.55,4302.0,1199.0,8062.0
47,Valladolid,2019,2,2019M02,125.0,46.7,51.66,36.37,4393.0,1133.0,8240.0
47,Valladolid,2019,3,2019M03,125.0,46.78,51.91,37.77,4387.0,1224.0,8241.0
47,Valladolid,2019,4,2019M04,127.0,48.81,53.69,41.94,4430.0,1269.0,8317.0
47,Valladolid,2019,5,2019M05,126.0,55.84,59.02,45.98,4438.0,1278.0,8330.0
47,Valladolid,2019,6,2019M06,124.0,56.74,62.52,47.43,4433.0,1279.0,8320.0
47,Valladolid,2019,7,2019M07,126.0,50.41,51.92,43.14,4373.0,1280.0,8232.0
47,Valladolid,2019,8,2019M08,126.0,54.87,57.5,50.35,4391.0,1349.0,8254.0
47,Valladolid,2019,9,2019M09,129.0,59.02,59.33,48.11,4407.0,1333.0,8286.0
47,Valladolid,2019,10,2019M10,128.0,57.59,58.52,46.13,4393.0,1255.0,8264.0
47,Valladolid,2019,11,2019M11,128.0,53.45,54.63,42.16,4503.0,1286.0,8452.0
47,Valladolid,2019,12,2019M12,125.0,43.51,54.11,37.11,4393.0,1309.0,8257.0
47,Valladolid,2020,1,2020M01,123.0,38.88,46.46,31.44,4335.0,1173.0,8160.0
47,Valladolid,2020,2,2020M02,124.0,46.21,53.8,37.7,4381.0,1174.0,8238.0
47,Valladolid,2020,3,2020M03,84.0,29.76,37.22,24.06,2953.0,764.0,5571.0
47,Valladolid,2020,4,2020M04,0.0,0.0,0.0,0.0,0.0,0.0,0.0
47,Valladolid,2020,5,2020M05,14.0,19.52,6.69,13.34,466.0,64.0,887.0
47,Valladolid,2020,6,2020M06,53.0,31.19,18.83,22.97,1476.0,258.0,2724.0
47,Valladolid,2020,7,2020M07,105.0,33.85,27.32,27.47,3606.0,869.0,6753.0
47,Valladolid,2020,8,2020M08,104.0,35.17,32.68,30.54,3864.0,974.0,7225.0
47,Valladolid,2020,9,2020M09,112.0,31.47,25.83,23.95,4046.0,991.0,7580.0
47,Valladolid,2020,10,2020M10,100.0,27.4,21.05,19.9,3613.0,804.0,6802.0
47,Valladolid,2020,11,2020M11,85.0,23.02,10.84,15.44,3111.0,576.0,5812.0
47,Valladolid,2020,12,2020M12,86.0,20.16,13.7,15.23,3224.0,590.0,6035.0
47,Valladolid,2021,1,2021M01,71.0,20.9,12.8,14.97,2538.0,416.0,4710.0
47,Valladolid,2021,2,2021M02,77.0,23.51,14.18,16.14,2872.0,444.0,5368.0
47,Valladolid,2021,3,2021M03,80.0,26.84,22.23,20.39,2963.0,581.0,5547.0
47,Valladolid,2021,4,2021M04,86.0,23.86,18.36,16.62,3176.0,664.0,5970.0
47,Valladolid,2021,5,2021M05,91.0,33.36,36.37,26.56,3446.0,823.0,6481.0
47,Valladolid,2021,6,2021M06,103.0,45.57,53.29,38.11,3839.0,977.0,7245.0
47,Valladolid,2021,7,2021M07,101.0,45.22,47.73,39.13,3919.0,1113.0,7444.0
47,Valladolid,2021,8,2021M08,98.0,56.65,62.36,51.82,3802.0,1063.0,7188.0
47,Valladolid,2021,9,2021M09,109.0,55.66,56.98,46.07,3996.0,1125.0,7559.0
47,Valladolid,2021,10,2021M10,114.0,55.67,56.36,48.07,4055.0,1067.0,7669.0
47,Valladolid,2021,11,2021M11,114.0,51.46,55.51,40.99,4174.0,1153.0,7889.0
47,Valladolid,2021,12,2021M12,104.0,37.31,37.69,32.42,3895.0,1175.0,7368.0
47,Valladolid,2022,1,2022M01,100.0,31.93,37.71,26.34,3779.0,924.0,7129.0
47,Valladolid,2022,2,2022M02,108.0,40.97,48.5,32.82,3950.0,956.0,7459.0
47,Valladolid,2022,3,2022M03,109.0,44.46,52.26,35.35,4056.0,1084.0,7669.0
47,Valladolid,2022,4,2022M04,107.0,47.44,54.42,40.98,3987.0,1072.0,7547.0
47,Valladolid,2022,5,2022M05,109.0,49.16,55.81,39.59,4016.0,1130.0,7591.0
47,Valladolid,2022,6,2022M06,108.0,57.01,65.89,47.52,4162.0,1157.0,7872.0
47,Valladolid,2022,7,2022M07,108.0,52.77,56.18,46.72,4102.0,1221.0,7781.0
47,Valladolid,2022,8,2022M08,107.0,55.51,57.33,50.67,4054.0,1122.0,7654.0
47,Valladolid,2022,9,2022M09,107.0,60.99,61.66,50.57,4181.0,1113.0,7907.0
47,Valladolid,2022,10,2022M10,108.0,57.6,58.93,47.22,4002.0,1119.0,7555.0
47,Valladolid,2022,11,2022M11,107.0,53.38,57.89,41.95,3985.0,1159.0,7519.0
47,Valladolid,2022,12,2022M12,104.0,44.73,40.15,39.11,3915.0,1141.0,7398.0
47,Valladolid,2023,1,2023M01,97.0,39.24,42.46,31.22,3766.0,988.0,7087.0
47,Valladolid,2023,2,2023M02,102.0,45.73,47.95,36.18,3841.0,1014.0,7244.0
47,Valladolid,2023,3,2023M03,104.0,52.55,55.45,40.89,3904.0,1132.0,7365.0
47,Valladolid,2023,4,2023M04,103.0,57.32,56.3,47.88,3905.0,1107.0,7372.0
47,Valladolid,2023,5,2023M05,106.0,58.86,56.03,45.3,3915.0,1170.0,7391.0
47,Valladolid,2023,6,2023M06,106.0,61.91,62.42,49.96,3904.0,1171.0,7367.0
47,Valladolid,2023,7,2023M07,106.0,56.3,53.54,47.21,3918.0,1167.0,7418.0
47,Valladolid,2023,8,2023M08,104.0,58.14,55.41,50.86,3811.0,1176.0,7218.0
47,Valladolid,2023,9,2023M09,103.0,63.9,61.0,52.53,3906.0,1217.0,7389.0
47,Valladolid,2023,10,2023M10,107.0,59.77,58.33,46.27,3914.0,1207.0,7424.0
47,Valladolid,2023,11,2023M11,108.0,52.55,53.05,40.09,4054.0,1187.0,7683.0
47,Valladolid,2023,12,2023M12,103.0,45.41,48.19,40.55,3958.0,1167.0,7543.0
47,Valladolid,2024,1,2024M01,100.0,41.27,43.46,32.42,3882.0,1065.0,7394.0
47,Valladolid,2024,2,2024M02,105.0,46.74,48.96,35.91,4029.0,1042.0,7655.0
47,Valladolid,2024,3,2024M03,104.0,52.95,54.29,43.39,3985.0,1130.0,7592.0
47,Valladolid,2024,4,2024M04,105.0,53.35,52.01,40.81,3936.0,1106.0,7597.0
47,Valladolid,2024,5,2024M05,106.0,59.68,59.72,47.02,3978.0,1130.0,7670.0
47,Valladolid,2024,6,2024M06,105.0,60.02,59.71,48.19,3964.0,1167.0,7638.0
47,Valladolid,2024,7,2024M07,103.0,54.81,52.3,45.87,3965.0,1167.0,7609.0
47,Valladolid,2024,8,2024M08,104.0,57.6,53.68,51.45,3979.0,1154.0,7636.0
47,Valladolid,2024,9,2024M09,101.0,63.54,60.23,50.75,3982.0,1067.0,7654.0
47,Valladolid,2024,10,2024M10,103.0,61.02,56.89,47.17,3927.0,1066.0,7519.0
47,Valladolid,2024,11,2024M11,103.0,58.79,59.81,46.36,3957.0,1107.0,7564.0
47,Valladolid,2024,12,2024M12,97.0,46.58,54.44,39.31,3821.0,1039.0,7321.0
47,Valladolid,2025,1,2025M01,96.0,43.25,43.9,33.46,3709.0,1076.0,7120.0
47,Valladolid,2025,2,2025M02,99.0,51.63,52.06,40.65,3822.0,1076.0,7338.0
47,Valladolid,2025,3,2025M03,99.0,52.77,52.79,41.66,3845.0,1160.0,7383.0
47,Valladolid,2025,4,2025M04,100.0,57.4,57.17,48.64,3853.0,1197.0,7422.0
47,Valladolid,2025,5,2025M05,99.0,63.84,61.72,50.24,3851.0,1243.0,7409.0
47,Valladolid,2025,6,2025M06,93.0,62.7,63.51,48.85,3759.0,1268.0,7231.0
47,Valladolid,2025,7,2025M07,103.0,59.45,58.95,48.82,3880.0,1171.0,7461.0
47,Valladolid,2025,8,2025M08,99.0,57.68,56.57,52.14,3866.0,1226.0,7432.0
47,Valladolid,2025,9,2025M09,100.0,66.19,63.31,52.66,3858.0,1191.0,7415.0
47,Valladolid,2025,10,2025M10,103.0,64.73,59.9,51.45,3773.0,1155.0,7229.0
47,Valladolid,2025,11,2025M11,101.0,60.37,54.98,45.56,3774.0,1111.0,7241.0
47,Valladolid,2025,12,2025M12,99.0,47.65,49.63,40.62,3737.0,1100.0,7190.0
48,Bizkaia,2015,1,2015M01,174.0,39.27,37.87,31.07,6334.0,1503.0,12069.0
48,Bizkaia,2015,2,2015M02,189.0,47.53,44.57,37.44,6554.0,1670.0,12511.0
48,Bizkaia,2015,3,2015M03,200.0,51.9,49.6,40.17,6715.0,1727.0,12831.0
48,Bizkaia,2015,4,2015M04,210.0,58.82,59.24,49.49,6853.0,1736.0,13119.0
48,Bizkaia,2015,5,2015M05,210.0,67.1,65.69,55.08,6852.0,1721.0,13118.0
48,Bizkaia,2015,6,2015M06,211.0,65.6,63.95,54.14,6862.0,1851.0,13136.0
48,Bizkaia,2015,7,2015M07,213.0,74.71,72.24,68.54,6904.0,1894.0,13200.0
48,Bizkaia,2015,8,2015M08,212.0,81.3,75.79,77.48,6897.0,1741.0,13187.0
48,Bizkaia,2015,9,2015M09,212.0,75.13,73.13,63.33,6911.0,1752.0,13213.0
48,Bizkaia,2015,10,2015M10,206.0,70.8,66.19,56.75,6845.0,1716.0,13091.0
48,Bizkaia,2015,11,2015M11,192.0,56.33,54.4,42.77,6717.0,1667.0,12781.0
48,Bizkaia,2015,12,2015M12,186.0,47.48,47.54,39.67,6508.0,1585.0,12394.0
48,Bizkaia,2016,1,2016M01,174.0,41.05,39.82,31.95,6402.0,1619.0,12232.0
48,Bizkaia,2016,2,2016M02,189.0,50.8,51.2,39.01,6632.0,1629.0,12679.0
48,Bizkaia,2016,3,2016M03,197.0,56.22,59.15,46.63,6779.0,1681.0,12998.0
48,Bizkaia,2016,4,2016M04,209.0,63.48,51.06,45.07,6997.0,1731.0,13460.0
48,Bizkaia,2016,5,2016M05,209.0,71.49,62.98,53.68,6980.0,1740.0,13425.0
48,Bizkaia,2016,6,2016M06,207.0,70.75,58.6,53.5,6956.0,1724.0,13384.0
48,Bizkaia,2016,7,2016M07,208.0,79.25,74.54,69.55,6860.0,1735.0,13313.0
48,Bizkaia,2016,8,2016M08,210.0,85.07,83.58,78.89,6981.0,1819.0,13551.0
48,Bizkaia,2016,9,2016M09,208.0,78.11,72.29,64.67,6965.0,1773.0,13522.0
48,Bizkaia,2016,10,2016M10,207.0,72.51,70.22,58.31,7010.0,1703.0,13575.0
48,Bizkaia,2016,11,2016M11,198.0,60.71,58.25,45.81,6898.0,1695.0,13323.0
48,Bizkaia,2016,12,2016M12,187.0,46.86,45.12,38.38,6681.0,1561.0,12896.0
48,Bizkaia,2017,1,2017M01,186.0,53.23,44.07,39.56,6603.0,1595.0,12778.0
48,Bizkaia,2017,2,2017M02,192.0,60.29,55.32,44.87,6752.0,1643.0,13074.0
48,Bizkaia,2017,3,2017M03,201.0,56.13,51.48,42.84,6914.0,1696.0,13402.0
48,Bizkaia,2017,4,2017M04,208.0,69.75,69.97,58.86,7014.0,1708.0,13626.0
48,Bizkaia,2017,5,2017M05,211.0,75.66,66.92,58.8,6986.0,1760.0,13586.0
48,Bizkaia,2017,6,2017M06,212.0,73.91,67.29,58.65,7046.0,1787.0,13678.0
48,Bizkaia,2017,7,2017M07,214.0,78.34,72.77,66.97,7065.0,1811.0,13730.0
48,Bizkaia,2017,8,2017M08,216.0,85.04,83.2,79.81,7103.0,1961.0,13796.0
48,Bizkaia,2017,9,2017M09,214.0,79.27,70.03,63.73,7058.0,1793.0,13710.0
48,Bizkaia,2017,10,2017M10,215.0,74.58,74.17,59.48,7103.0,1852.0,13798.0
48,Bizkaia,2017,11,2017M11,205.0,63.09,60.92,47.4,6982.0,1744.0,13518.0
48,Bizkaia,2017,12,2017M12,188.0,52.73,52.8,42.49,6685.0,1667.0,12921.0
48,Bizkaia,2018,1,2018M01,187.0,49.11,38.69,37.99,6716.0,1688.0,12873.0
48,Bizkaia,2018,2,2018M02,194.0,56.82,54.15,42.76,6836.0,1722.0,13115.0
48,Bizkaia,2018,3,2018M03,210.0,61.46,59.3,48.66,7156.0,1817.0,13765.0
48,Bizkaia,2018,4,2018M04,219.0,69.58,64.58,55.35,7224.0,1864.0,13899.0
48,Bizkaia,2018,5,2018M05,219.0,76.56,70.19,59.39,7229.0,1857.0,13907.0
48,Bizkaia,2018,6,2018M06,220.0,76.15,70.47,60.92,7280.0,1949.0,14004.0
48,Bizkaia,2018,7,2018M07,221.0,78.21,75.38,68.66,7282.0,1898.0,14007.0
48,Bizkaia,2018,8,2018M08,220.0,85.88,82.66,80.15,7282.0,1947.0,14008.0
48,Bizkaia,2018,9,2018M09,220.0,82.32,74.17,66.67,7286.0,1881.0,14013.0
48,Bizkaia,2018,10,2018M10,217.0,78.83,76.63,62.41,7244.0,1888.0,13936.0
48,Bizkaia,2018,11,2018M11,204.0,67.46,66.01,52.17,7108.0,1865.0,13615.0
48,Bizkaia,2018,12,2018M12,201.0,54.13,58.83,45.32,6979.0,1835.0,13366.0
48,Bizkaia,2019,1,2019M01,191.0,50.13,44.46,38.68,6841.0,1755.0,13101.0
48,Bizkaia,2019,2,2019M02,203.0,58.14,55.24,44.12,7026.0,1850.0,13490.0
48,Bizkaia,2019,3,2019M03,212.0,63.68,63.62,49.56,7171.0,1878.0,13773.0
48,Bizkaia,2019,4,2019M04,224.0,69.04,68.28,58.26,7497.0,2055.0,14393.0
48,Bizkaia,2019,5,2019M05,220.0,72.88,64.94,57.64,7475.0,1982.0,14359.0
48,Bizkaia,2019,6,2019M06,221.0,77.23,67.49,61.33,7477.0,2034.0,14361.0
48,Bizkaia,2019,7,2019M07,221.0,77.43,77.07,69.53,7476.0,2001.0,14305.0
48,Bizkaia,2019,8,2019M08,218.0,84.96,79.03,82.19,7448.0,2067.0,14252.0
48,Bizkaia,2019,9,2019M09,216.0,81.43,72.27,65.63,7433.0,1987.0,14256.0
48,Bizkaia,2019,10,2019M10,217.0,75.83,74.27,60.64,7703.0,2051.0,14785.0
48,Bizkaia,2019,11,2019M11,205.0,63.16,61.47,49.52,7518.0,2022.0,14354.0
48,Bizkaia,2019,12,2019M12,197.0,53.92,61.08,45.85,7325.0,1965.0,14016.0
48,Bizkaia,2020,1,2020M01,188.0,48.45,43.01,38.22,7186.0,1931.0,13739.0
48,Bizkaia,2020,2,2020M02,197.0,60.89,54.52,47.04,7341.0,1958.0,14057.0
48,Bizkaia,2020,3,2020M03,175.0,34.56,27.29,26.37,5662.0,1284.0,10719.0
48,Bizkaia,2020,4,2020M04,0.0,0.0,0.0,0.0,0.0,0.0,0.0
48,Bizkaia,2020,5,2020M05,43.0,13.65,4.51,10.04,794.0,181.0,1508.0
48,Bizkaia,2020,6,2020M06,117.0,25.63,16.87,19.08,3055.0,536.0,5893.0
48,Bizkaia,2020,7,2020M07,191.0,43.73,42.72,37.36,6168.0,1273.0,11798.0
48,Bizkaia,2020,8,2020M08,203.0,44.87,41.76,42.01,6934.0,1348.0,13301.0
48,Bizkaia,2020,9,2020M09,207.0,33.83,31.9,26.63,6909.0,1464.0,13234.0
48,Bizkaia,2020,10,2020M10,193.0,31.92,26.34,24.9,6534.0,1400.0,12475.0
48,Bizkaia,2020,11,2020M11,166.0,22.09,13.92,14.62,5771.0,1059.0,11012.0
48,Bizkaia,2020,12,2020M12,155.0,20.89,18.22,15.43,5452.0,1017.0,10438.0
48,Bizkaia,2021,1,2021M01,152.0,19.65,15.4,14.18,5377.0,932.0,10317.0
48,Bizkaia,2021,2,2021M02,157.0,22.9,17.78,15.82,5503.0,875.0,10539.0
48,Bizkaia,2021,3,2021M03,174.0,25.08,24.05,18.73,6094.0,1076.0,11713.0
48,Bizkaia,2021,4,2021M04,181.0,29.0,25.13,22.2,6104.0,1157.0,11746.0
48,Bizkaia,2021,5,2021M05,188.0,30.28,31.11,22.94,6379.0,1197.0,12272.0
48,Bizkaia,2021,6,2021M06,201.0,37.74,40.07,30.92,6821.0,1274.0,13103.0
48,Bizkaia,2021,7,2021M07,210.0,56.15,58.77,49.68,7253.0,1470.0,14011.0
48,Bizkaia,2021,8,2021M08,208.0,78.48,79.23,75.7,7305.0,1514.0,14113.0
48,Bizkaia,2021,9,2021M09,214.0,60.18,63.5,51.41,7448.0,1479.0,14371.0
48,Bizkaia,2021,10,2021M10,218.0,60.5,62.48,51.09,7842.0,1557.0,15092.0
48,Bizkaia,2021,11,2021M11,212.0,50.06,56.02,40.29,7736.0,1551.0,14834.0
48,Bizkaia,2021,12,2021M12,198.0,40.56,39.24,34.33,7451.0,1510.0,14296.0
48,Bizkaia,2022,1,2022M01,183.0,28.75,29.44,23.1,7209.0,1402.0,13864.0
48,Bizkaia,2022,2,2022M02,188.0,41.41,48.76,33.64,7428.0,1578.0,14295.0
48,Bizkaia,2022,3,2022M03,202.0,47.87,51.96,38.24,7664.0,1577.0,14763.0
48,Bizkaia,2022,4,2022M04,217.0,59.99,62.43,51.18,7965.0,1653.0,15351.0
48,Bizkaia,2022,5,2022M05,215.0,64.79,67.52,53.09,7890.0,1684.0,15231.0
48,Bizkaia,2022,6,2022M06,219.0,70.25,65.7,57.7,7974.0,1789.0,15369.0
48,Bizkaia,2022,7,2022M07,219.0,77.6,76.1,69.8,8025.0,1738.0,15464.0
48,Bizkaia,2022,8,2022M08,217.0,82.75,83.73,79.85,7962.0,1858.0,15354.0
48,Bizkaia,2022,9,2022M09,222.0,76.55,71.32,63.83,8017.0,1794.0,15457.0
48,Bizkaia,2022,10,2022M10,219.0,68.73,68.62,57.28,7938.0,1843.0,15317.0
48,Bizkaia,2022,11,2022M11,209.0,55.74,59.25,43.76,7790.0,1655.0,14955.0
48,Bizkaia,2022,12,2022M12,194.0,47.94,47.05,41.96,7589.0,1653.0,14611.0
48,Bizkaia,2023,1,2023M01,184.0,41.6,40.17,33.54,7605.0,1599.0,14594.0
48,Bizkaia,2023,2,2023M02,198.0,53.26,57.1,42.08,7789.0,1634.0,14937.0
48,Bizkaia,2023,3,2023M03,207.0,54.68,55.5,43.15,7913.0,1723.0,15213.0
48,Bizkaia,2023,4,2023M04,230.0,68.61,67.15,58.74,8161.0,1902.0,15729.0
48,Bizkaia,2023,5,2023M05,229.0,72.42,65.83,58.56,8181.0,1839.0,15768.0
48,Bizkaia,2023,6,2023M06,225.0,74.91,68.63,60.15,8148.0,1919.0,15712.0
48,Bizkaia,2023,7,2023M07,227.0,79.81,76.38,69.93,8182.0,1948.0,15778.0
48,Bizkaia,2023,8,2023M08,230.0,87.05,85.15,81.76,8235.0,1909.0,15876.0
48,Bizkaia,2023,9,2023M09,230.0,82.72,74.27,69.03,8231.0,1936.0,15874.0
48,Bizkaia,2023,10,2023M10,228.0,76.26,75.41,62.29,8200.0,1901.0,15805.0
48,Bizkaia,2023,11,2023M11,206.0,59.26,60.87,46.65,7843.0,1916.0,15062.0
48,Bizkaia,2023,12,2023M12,192.0,50.71,54.03,44.39,7597.0,1773.0,14650.0
48,Bizkaia,2024,1,2024M01,172.0,46.88,44.1,37.25,7238.0,1672.0,13923.0
48,Bizkaia,2024,2,2024M02,189.0,54.44,55.91,44.23,7530.0,1764.0,14486.0
48,Bizkaia,2024,3,2024M03,207.0,65.5,62.22,52.14,7957.0,1883.0,15367.0
48,Bizkaia,2024,4,2024M04,212.0,69.09,66.32,56.45,8036.0,1921.0,15524.0
48,Bizkaia,2024,5,2024M05,215.0,73.95,69.41,59.73,8264.0,1946.0,15959.0
48,Bizkaia,2024,6,2024M06,218.0,74.84,66.46,60.47,8308.0,2065.0,16040.0
48,Bizkaia,2024,7,2024M07,222.0,77.77,75.36,68.5,8366.0,2077.0,16165.0
48,Bizkaia,2024,8,2024M08,227.0,85.26,78.61,79.25,8369.0,2092.0,16169.0
48,Bizkaia,2024,9,2024M09,232.0,79.25,73.5,66.29,8449.0,2109.0,16329.0
48,Bizkaia,2024,10,2024M10,226.0,75.7,69.15,59.69,8421.0,2092.0,16263.0
48,Bizkaia,2024,11,2024M11,220.0,62.58,61.28,49.12,8332.0,2070.0,16075.0
48,Bizkaia,2024,12,2024M12,207.0,49.76,56.83,42.59,8073.0,1930.0,15565.0
48,Bizkaia,2025,1,2025M01,178.0,44.36,43.51,35.83,7573.0,1930.0,14644.0
48,Bizkaia,2025,2,2025M02,193.0,54.94,60.74,44.02,7849.0,1929.0,15196.0
48,Bizkaia,2025,3,2025M03,206.0,59.54,58.93,47.51,8037.0,1984.0,15600.0
48,Bizkaia,2025,4,2025M04,234.0,66.46,64.23,56.73,8606.0,2123.0,16724.0
48,Bizkaia,2025,5,2025M05,234.0,77.73,68.56,62.91,8486.0,2109.0,16524.0
48,Bizkaia,2025,6,2025M06,235.0,77.6,72.04,63.76,8597.0,2065.0,16681.0
48,Bizkaia,2025,7,2025M07,241.0,78.8,75.89,69.48,8650.0,2253.0,16765.0
48,Bizkaia,2025,8,2025M08,243.0,85.48,79.12,78.74,8607.0,2149.0,16723.0
48,Bizkaia,2025,9,2025M09,234.0,81.63,75.13,67.92,8611.0,2185.0,16719.0
48,Bizkaia,2025,10,2025M10,235.0,75.75,73.21,61.43,8618.0,2145.0,16744.0
48,Bizkaia,2025,11,2025M11,206.0,64.23,60.87,49.71,8282.0,2154.0,16072.0
48,Bizkaia,2025,12,2025M12,204.0,52.15,53.69,43.71,8074.0,2109.0,15650.0
49,Zamora,2015,1,2015M01,84.0,18.86,17.18,17.14,1752.0,399.0,3165.0
49,Zamora,2015,2,2015M02,85.0,23.7,30.23,20.12,1766.0,391.0,3187.0
49,Zamora,2015,3,2015M03,85.0,27.25,32.26,23.59,1823.0,413.0,3292.0
49,Zamora,2015,4,2015M04,93.0,31.55,38.17,28.68,1929.0,463.0,3509.0
49,Zamora,2015,5,2015M05,98.0,29.3,35.78,25.71,1967.0,460.0,3582.0
49,Zamora,2015,6,2015M06,95.0,34.85,42.25,30.81,1935.0,455.0,3516.0
49,Zamora,2015,7,2015M07,97.0,34.21,41.17,31.49,1967.0,472.0,3581.0
49,Zamora,2015,8,2015M08,95.0,43.33,49.46,43.35,1945.0,524.0,3540.0
49,Zamora,2015,9,2015M09,96.0,37.35,43.45,33.93,1951.0,501.0,3555.0
49,Zamora,2015,10,2015M10,90.0,32.82,37.3,29.03,1883.0,467.0,3422.0
49,Zamora,2015,11,2015M11,86.0,27.55,30.29,23.17,1793.0,421.0,3259.0
49,Zamora,2015,12,2015M12,79.0,23.88,23.54,21.38,1690.0,416.0,3064.0
49,Zamora,2016,1,2016M01,81.0,19.94,25.04,16.46,1697.0,429.0,3089.0
49,Zamora,2016,2,2016M02,82.0,25.79,31.61,21.2,1713.0,437.0,3105.0
49,Zamora,2016,3,2016M03,90.0,32.77,37.49,29.95,1827.0,490.0,3333.0
49,Zamora,2016,4,2016M04,94.0,26.93,31.03,22.57,1895.0,495.0,3465.0
49,Zamora,2016,5,2016M05,94.0,30.47,37.69,26.01,1899.0,520.0,3470.0
49,Zamora,2016,6,2016M06,94.0,35.83,46.16,31.84,1894.0,514.0,3457.0
49,Zamora,2016,7,2016M07,98.0,40.01,51.38,38.1,1958.0,557.0,3576.0
49,Zamora,2016,8,2016M08,98.0,47.35,54.75,45.95,1953.0,564.0,3578.0
49,Zamora,2016,9,2016M09,94.0,42.52,47.23,38.29,1867.0,542.0,3436.0
49,Zamora,2016,10,2016M10,92.0,39.69,48.22,35.87,1874.0,496.0,3418.0
49,Zamora,2016,11,2016M11,86.0,30.63,36.0,25.63,1802.0,479.0,3286.0
49,Zamora,2016,12,2016M12,77.0,30.02,29.08,25.35,1628.0,446.0,2956.0
49,Zamora,2017,1,2017M01,72.0,20.2,23.8,16.62,1593.0,415.0,2912.0
49,Zamora,2017,2,2017M02,77.0,25.06,30.64,20.64,1732.0,430.0,3163.0
49,Zamora,2017,3,2017M03,81.0,29.18,34.56,23.92,1810.0,475.0,3315.0
49,Zamora,2017,4,2017M04,83.0,39.64,48.0,37.02,1854.0,504.0,3400.0
49,Zamora,2017,5,2017M05,87.0,33.96,37.62,28.59,1891.0,500.0,3471.0
49,Zamora,2017,6,2017M06,87.0,35.3,43.46,31.88,1894.0,507.0,3477.0
49,Zamora,2017,7,2017M07,92.0,39.82,49.46,37.93,1947.0,554.0,3596.0
49,Zamora,2017,8,2017M08,94.0,50.2,58.73,49.09,1965.0,562.0,3627.0
49,Zamora,2017,9,2017M09,93.0,42.82,45.25,39.09,1954.0,551.0,3612.0
49,Zamora,2017,10,2017M10,93.0,39.01,49.85,33.2,1908.0,537.0,3523.0
49,Zamora,2017,11,2017M11,88.0,30.86,37.32,25.78,1809.0,493.0,3340.0
49,Zamora,2017,12,2017M12,73.0,27.83,32.61,25.5,1588.0,466.0,2906.0
49,Zamora,2018,1,2018M01,78.0,24.37,20.51,19.2,1606.0,453.0,2954.0
49,Zamora,2018,2,2018M02,88.0,29.28,31.47,23.13,1797.0,457.0,3287.0
49,Zamora,2018,3,2018M03,94.0,33.58,36.49,28.31,1944.0,534.0,3594.0
49,Zamora,2018,4,2018M04,95.0,37.43,38.23,31.3,1959.0,523.0,3634.0
49,Zamora,2018,5,2018M05,95.0,40.99,44.03,34.98,1955.0,525.0,3626.0
49,Zamora,2018,6,2018M06,95.0,43.24,48.4,38.13,1958.0,554.0,3631.0
49,Zamora,2018,7,2018M07,105.0,44.21,50.73,41.12,2055.0,588.0,3806.0
49,Zamora,2018,8,2018M08,102.0,55.06,60.48,52.64,2037.0,609.0,3766.0
49,Zamora,2018,9,2018M09,98.0,46.5,50.97,41.31,1995.0,595.0,3693.0
49,Zamora,2018,10,2018M10,97.0,45.56,55.73,39.7,1982.0,570.0,3671.0
49,Zamora,2018,11,2018M11,92.0,34.67,41.42,28.83,1888.0,523.0,3501.0
49,Zamora,2018,12,2018M12,82.0,34.78,36.93,29.26,1689.0,482.0,3106.0
49,Zamora,2019,1,2019M01,79.0,26.38,21.29,20.99,1624.0,470.0,2978.0
49,Zamora,2019,2,2019M02,83.0,32.92,33.94,25.85,1684.0,471.0,3103.0
49,Zamora,2019,3,2019M03,92.0,37.32,40.2,30.51,1853.0,524.0,3446.0
49,Zamora,2019,4,2019M04,94.0,45.32,48.79,40.73,1894.0,560.0,3503.0
49,Zamora,2019,5,2019M05,96.0,45.49,49.35,38.56,1920.0,575.0,3553.0
49,Zamora,2019,6,2019M06,98.0,46.71,52.24,41.01,1971.0,581.0,3656.0
49,Zamora,2019,7,2019M07,104.0,45.24,51.23,41.67,2025.0,604.0,3756.0
49,Zamora,2019,8,2019M08,105.0,57.87,60.06,54.91,2025.0,618.0,3757.0
49,Zamora,2019,9,2019M09,99.0,46.9,51.28,41.53,1964.0,580.0,3639.0
49,Zamora,2019,10,2019M10,98.0,43.29,49.15,37.27,1937.0,553.0,3586.0
49,Zamora,2019,11,2019M11,99.0,34.68,39.4,28.71,1936.0,548.0,3588.0
49,Zamora,2019,12,2019M12,85.0,31.5,43.27,27.8,1685.0,469.0,3099.0
49,Zamora,2020,1,2020M01,78.0,27.47,26.52,21.56,1590.0,379.0,2897.0
49,Zamora,2020,2,2020M02,80.0,36.16,38.96,29.91,1553.0,369.0,2852.0
49,Zamora,2020,3,2020M03,75.0,18.67,17.63,14.95,1251.0,286.0,2305.0
49,Zamora,2020,4,2020M04,0.0,0.0,0.0,0.0,0.0,0.0,0.0
49,Zamora,2020,5,2020M05,,,,,,,
49,Zamora,2020,6,2020M06,,,,,,,
49,Zamora,2020,7,2020M07,85.0,35.62,35.46,31.47,1458.0,368.0,2748.0
49,Zamora,2020,8,2020M08,92.0,41.64,43.23,37.76,1717.0,435.0,3222.0
49,Zamora,2020,9,2020M09,87.0,28.51,27.3,23.54,1643.0,388.0,3077.0
49,Zamora,2020,10,2020M10,88.0,21.7,17.46,16.94,1631.0,350.0,3063.0
49,Zamora,2020,11,2020M11,53.0,18.03,5.6,11.74,1084.0,253.0,2051.0
49,Zamora,2020,12,2020M12,49.0,14.3,9.95,10.21,912.0,192.0,1697.0
49,Zamora,2021,1,2021M01,56.0,14.07,5.7,9.45,897.0,202.0,1680.0
49,Zamora,2021,2,2021M02,52.0,19.57,9.92,12.26,919.0,205.0,1714.0
49,Zamora,2021,3,2021M03,58.0,24.18,11.93,15.92,1022.0,248.0,1924.0
49,Zamora,2021,4,2021M04,69.0,22.42,17.16,16.29,1099.0,238.0,2066.0
49,Zamora,2021,5,2021M05,76.0,25.58,21.78,19.69,1301.0,317.0,2446.0
49,Zamora,2021,6,2021M06,81.0,36.58,37.42,29.5,1426.0,361.0,2670.0
49,Zamora,2021,7,2021M07,88.0,47.72,47.68,43.14,1612.0,439.0,3052.0
49,Zamora,2021,8,2021M08,91.0,62.21,63.5,57.55,1631.0,453.0,3085.0
49,Zamora,2021,9,2021M09,86.0,51.29,52.18,45.18,1567.0,439.0,2971.0
49,Zamora,2021,10,2021M10,84.0,47.97,48.6,42.22,1559.0,420.0,2934.0
49,Zamora,2021,11,2021M11,77.0,38.41,38.85,29.62,1499.0,394.0,2838.0
49,Zamora,2021,12,2021M12,71.0,29.75,29.63,25.44,1358.0,321.0,2556.0
49,Zamora,2022,1,2022M01,69.0,20.87,22.61,16.45,1268.0,269.0,2365.0
49,Zamora,2022,2,2022M02,72.0,33.72,40.3,27.58,1304.0,293.0,2429.0
49,Zamora,2022,3,2022M03,76.0,33.65,38.76,27.7,1418.0,351.0,2658.0
49,Zamora,2022,4,2022M04,85.0,41.83,44.89,37.88,1612.0,411.0,3056.0
49,Zamora,2022,5,2022M05,92.0,38.57,40.98,32.49,1708.0,424.0,3248.0
49,Zamora,2022,6,2022M06,91.0,45.32,52.03,39.15,1692.0,459.0,3214.0
49,Zamora,2022,7,2022M07,94.0,47.85,51.95,43.48,1721.0,466.0,3277.0
49,Zamora,2022,8,2022M08,93.0,56.9,62.3,52.42,1717.0,471.0,3271.0
49,Zamora,2022,9,2022M09,87.0,48.93,51.27,42.73,1628.0,456.0,3088.0
49,Zamora,2022,10,2022M10,86.0,46.37,49.53,39.45,1646.0,434.0,3121.0
49,Zamora,2022,11,2022M11,76.0,35.51,40.81,28.38,1548.0,411.0,2942.0
49,Zamora,2022,12,2022M12,66.0,29.28,30.81,25.12,1254.0,337.0,2402.0
49,Zamora,2023,1,2023M01,58.0,23.47,22.36,18.21,1287.0,268.0,2454.0
49,Zamora,2023,2,2023M02,58.0,35.71,35.79,27.48,1304.0,289.0,2490.0
49,Zamora,2023,3,2023M03,68.0,37.73,36.47,29.37,1484.0,352.0,2840.0
49,Zamora,2023,4,2023M04,89.0,41.52,42.58,35.48,1800.0,418.0,3426.0
49,Zamora,2023,5,2023M05,91.0,36.56,35.55,29.18,1815.0,422.0,3455.0
49,Zamora,2023,6,2023M06,93.0,43.89,42.37,35.92,1867.0,444.0,3555.0
49,Zamora,2023,7,2023M07,98.0,45.39,44.59,39.74,1922.0,494.0,3657.0
49,Zamora,2023,8,2023M08,95.0,51.52,52.51,46.74,1887.0,506.0,3596.0
49,Zamora,2023,9,2023M09,90.0,45.85,40.69,37.66,1825.0,467.0,3491.0
49,Zamora,2023,10,2023M10,83.0,44.38,45.95,36.38,1739.0,431.0,3309.0
49,Zamora,2023,11,2023M11,80.0,35.22,30.74,27.09,1668.0,423.0,3175.0
49,Zamora,2023,12,2023M12,69.0,36.4,32.95,31.07,1367.0,357.0,2579.0
49,Zamora,2024,1,2024M01,57.0,30.78,26.21,24.3,1226.0,302.0,2318.0
49,Zamora,2024,2,2024M02,63.0,36.47,39.63,28.56,1369.0,340.0,2618.0
49,Zamora,2024,3,2024M03,69.0,39.58,39.77,32.37,1507.0,420.0,2892.0
49,Zamora,2024,4,2024M04,73.0,38.33,42.96,30.26,1601.0,423.0,3076.0
49,Zamora,2024,5,2024M05,73.0,44.56,43.55,36.14,1601.0,445.0,3073.0
49,Zamora,2024,6,2024M06,77.0,46.23,46.57,37.68,1669.0,448.0,3188.0
49,Zamora,2024,7,2024M07,80.0,47.57,49.21,41.16,1694.0,466.0,3253.0
49,Zamora,2024,8,2024M08,79.0,54.56,55.06,51.27,1697.0,470.0,3259.0
49,Zamora,2024,9,2024M09,73.0,51.28,50.07,41.95,1618.0,434.0,3126.0
49,Zamora,2024,10,2024M10,71.0,48.0,48.08,38.01,1598.0,419.0,3075.0
49,Zamora,2024,11,2024M11,70.0,39.86,43.4,30.79,1533.0,378.0,2932.0
49,Zamora,2024,12,2024M12,62.0,35.2,40.9,27.68,1314.0,339.0,2531.0
49,Zamora,2025,1,2025M01,54.0,28.22,24.34,21.59,1180.0,293.0,2257.0
49,Zamora,2025,2,2025M02,70.0,31.72,31.29,24.08,1395.0,311.0,2663.0
49,Zamora,2025,3,2025M03,81.0,31.76,30.51,24.44,1621.0,365.0,3112.0
49,Zamora,2025,4,2025M04,88.0,39.19,34.27,31.77,1731.0,408.0,3355.0
49,Zamora,2025,5,2025M05,82.0,46.89,40.42,35.22,1608.0,371.0,3148.0
49,Zamora,2025,6,2025M06,87.0,42.46,48.93,34.2,1673.0,382.0,3244.0
49,Zamora,2025,7,2025M07,92.0,46.0,48.91,37.96,1723.0,402.0,3354.0
49,Zamora,2025,8,2025M08,79.0,55.66,49.66,47.37,1609.0,388.0,3174.0
49,Zamora,2025,9,2025M09,85.0,45.39,45.42,35.22,1661.0,374.0,3236.0
49,Zamora,2025,10,2025M10,79.0,45.91,41.91,34.5,1592.0,372.0,3106.0
49,Zamora,2025,11,2025M11,77.0,38.94,39.8,28.71,1602.0,369.0,3122.0
49,Zamora,2025,12,2025M12,73.0,30.74,34.35,25.02,1378.0,311.0,2700.0
50,Zaragoza,2015,1,2015M01,242.0,28.77,27.35,23.05,7814.0,1218.0,14414.0
50,Zaragoza,2015,2,2015M02,251.0,37.59,39.44,29.6,8209.0,1375.0,15178.0
50,Zaragoza,2015,3,2015M03,266.0,41.76,47.76,34.64,8866.0,1563.0,16407.0
50,Zaragoza,2015,4,2015M04,267.0,44.25,55.71,38.83,8827.0,1561.0,16353.0
50,Zaragoza,2015,5,2015M05,265.0,46.36,56.3,39.82,8764.0,1584.0,16214.0
50,Zaragoza,2015,6,2015M06,266.0,45.93,46.69,38.56,8924.0,1639.0,16516.0
50,Zaragoza,2015,7,2015M07,264.0,39.27,43.35,35.44,9024.0,1682.0,16614.0
50,Zaragoza,2015,8,2015M08,257.0,43.61,49.5,41.94,8680.0,1660.0,16091.0
50,Zaragoza,2015,9,2015M09,263.0,51.06,56.42,43.2,8803.0,1682.0,16360.0
50,Zaragoza,2015,10,2015M10,261.0,55.33,56.43,46.55,8911.0,1662.0,16504.0
50,Zaragoza,2015,11,2015M11,257.0,46.13,48.63,37.21,8817.0,1647.0,16310.0
50,Zaragoza,2015,12,2015M12,239.0,36.7,40.68,32.53,8013.0,1469.0,14888.0
50,Zaragoza,2016,1,2016M01,226.0,37.76,40.23,31.45,7670.0,1229.0,14182.0
50,Zaragoza,2016,2,2016M02,240.0,49.54,51.37,39.32,8203.0,1394.0,15202.0
50,Zaragoza,2016,3,2016M03,250.0,46.26,53.51,40.0,8643.0,1483.0,16046.0
50,Zaragoza,2016,4,2016M04,251.0,46.98,52.49,39.0,8709.0,1546.0,16188.0
50,Zaragoza,2016,5,2016M05,252.0,55.62,58.38,45.56,8980.0,1580.0,16717.0
50,Zaragoza,2016,6,2016M06,258.0,55.09,58.1,44.75,9095.0,1518.0,16893.0
50,Zaragoza,2016,7,2016M07,254.0,49.01,52.35,43.94,9204.0,1574.0,17004.0
50,Zaragoza,2016,8,2016M08,249.0,49.55,53.93,47.79,9023.0,1559.0,16729.0
50,Zaragoza,2016,9,2016M09,254.0,55.74,62.72,48.22,9046.0,1568.0,16844.0
50,Zaragoza,2016,10,2016M10,255.0,57.34,64.83,49.81,9144.0,1595.0,16977.0
50,Zaragoza,2016,11,2016M11,250.0,47.47,48.33,38.05,9002.0,1551.0,16705.0
50,Zaragoza,2016,12,2016M12,234.0,36.76,39.61,32.82,8482.0,1400.0,15729.0
50,Zaragoza,2017,1,2017M01,231.0,35.6,33.39,29.0,8086.0,1190.0,14985.0
50,Zaragoza,2017,2,2017M02,235.0,46.31,47.83,36.57,8480.0,1331.0,15757.0
50,Zaragoza,2017,3,2017M03,245.0,50.63,51.78,40.7,9095.0,1519.0,16895.0
50,Zaragoza,2017,4,2017M04,249.0,57.88,63.88,50.91,9147.0,1527.0,17022.0
50,Zaragoza,2017,5,2017M05,253.0,54.21,59.65,45.02,9150.0,1560.0,16993.0
50,Zaragoza,2017,6,2017M06,256.0,50.24,56.32,42.4,9183.0,1534.0,17060.0
50,Zaragoza,2017,7,2017M07,250.0,49.81,54.79,44.75,9205.0,1489.0,17045.0
50,Zaragoza,2017,8,2017M08,251.0,52.02,58.16,50.41,9112.0,1496.0,16854.0
50,Zaragoza,2017,9,2017M09,252.0,59.77,62.85,51.39,9211.0,1513.0,17139.0
50,Zaragoza,2017,10,2017M10,256.0,60.44,68.47,52.25,9222.0,1544.0,17169.0
50,Zaragoza,2017,11,2017M11,249.0,47.06,50.18,38.06,9197.0,1467.0,17119.0
50,Zaragoza,2017,12,2017M12,236.0,41.93,46.8,37.83,8513.0,1350.0,15808.0
50,Zaragoza,2018,1,2018M01,229.0,44.65,44.61,35.67,7920.0,1140.0,14633.0
50,Zaragoza,2018,2,2018M02,237.0,52.16,53.74,42.1,8342.0,1285.0,15432.0
50,Zaragoza,2018,3,2018M03,254.0,51.68,56.49,44.8,8982.0,1445.0,16646.0
50,Zaragoza,2018,4,2018M04,250.0,56.58,63.57,49.2,8988.0,1475.0,16667.0
50,Zaragoza,2018,5,2018M05,251.0,58.52,62.13,49.41,8975.0,1535.0,16649.0
50,Zaragoza,2018,6,2018M06,254.0,59.71,62.63,50.22,9006.0,1540.0,16695.0
50,Zaragoza,2018,7,2018M07,246.0,55.29,57.84,48.27,8997.0,1585.0,16655.0
50,Zaragoza,2018,8,2018M08,250.0,59.08,60.99,55.24,8882.0,1591.0,16410.0
50,Zaragoza,2018,9,2018M09,252.0,62.52,64.52,52.87,8940.0,1552.0,16637.0
50,Zaragoza,2018,10,2018M10,245.0,61.88,70.24,52.92,8828.0,1555.0,16417.0
50,Zaragoza,2018,11,2018M11,241.0,54.53,61.23,44.96,8712.0,1478.0,16169.0
50,Zaragoza,2018,12,2018M12,231.0,46.39,52.96,41.44,8196.0,1318.0,15190.0
50,Zaragoza,2019,1,2019M01,229.0,42.64,41.14,33.53,7826.0,1099.0,14534.0
50,Zaragoza,2019,2,2019M02,230.0,53.31,48.63,40.98,8096.0,1274.0,15081.0
50,Zaragoza,2019,3,2019M03,252.0,55.52,59.74,45.1,8724.0,1440.0,16273.0
50,Zaragoza,2019,4,2019M04,251.0,58.72,65.36,50.5,8734.0,1456.0,16315.0
50,Zaragoza,2019,5,2019M05,262.0,62.06,62.18,51.52,8853.0,1484.0,16510.0
50,Zaragoza,2019,6,2019M06,260.0,63.44,64.38,52.73,8845.0,1493.0,16492.0
50,Zaragoza,2019,7,2019M07,256.0,56.54,56.12,49.07,8917.0,1523.0,16540.0
50,Zaragoza,2019,8,2019M08,258.0,58.82,59.83,56.07,8811.0,1497.0,16314.0
50,Zaragoza,2019,9,2019M09,253.0,65.93,66.21,55.37,8835.0,1541.0,16470.0
50,Zaragoza,2019,10,2019M10,259.0,65.21,69.27,53.96,8927.0,1580.0,16618.0
50,Zaragoza,2019,11,2019M11,255.0,56.65,57.52,45.16,9078.0,1548.0,16909.0
50,Zaragoza,2019,12,2019M12,248.0,47.71,60.1,41.84,8527.0,1384.0,15867.0
50,Zaragoza,2020,1,2020M01,233.0,45.17,42.63,36.28,8069.0,1192.0,14972.0
50,Zaragoza,2020,2,2020M02,239.0,55.28,55.98,43.79,8460.0,1353.0,15714.0
50,Zaragoza,2020,3,2020M03,213.0,32.96,31.64,25.75,6623.0,951.0,12255.0
50,Zaragoza,2020,4,2020M04,0.0,0.0,0.0,0.0,0.0,0.0,0.0
50,Zaragoza,2020,5,2020M05,74.0,27.32,10.6,18.35,1840.0,177.0,3334.0
50,Zaragoza,2020,6,2020M06,170.0,28.29,18.12,20.44,4567.0,546.0,8475.0
50,Zaragoza,2020,7,2020M07,227.0,33.62,29.0,27.05,6667.0,913.0,12180.0
50,Zaragoza,2020,8,2020M08,216.0,29.86,26.18,25.09,6573.0,912.0,12109.0
50,Zaragoza,2020,9,2020M09,220.0,34.93,32.66,27.25,6967.0,968.0,12874.0
50,Zaragoza,2020,10,2020M10,213.0,35.22,26.06,26.9,6740.0,921.0,12508.0
50,Zaragoza,2020,11,2020M11,190.0,27.39,15.48,18.93,5992.0,766.0,11122.0
50,Zaragoza,2020,12,2020M12,186.0,23.44,16.06,17.19,5793.0,718.0,10778.0
50,Zaragoza,2021,1,2021M01,185.0,24.06,14.2,16.78,5741.0,681.0,10658.0
50,Zaragoza,2021,2,2021M02,193.0,29.02,18.3,19.84,5986.0,693.0,11106.0
50,Zaragoza,2021,3,2021M03,199.0,29.95,19.46,20.85,6141.0,781.0,11379.0
50,Zaragoza,2021,4,2021M04,209.0,29.89,18.74,20.55,6428.0,806.0,11923.0
50,Zaragoza,2021,5,2021M05,211.0,38.53,34.32,29.48,6532.0,897.0,12079.0
50,Zaragoza,2021,6,2021M06,221.0,44.81,46.57,35.35,6849.0,1020.0,12697.0
50,Zaragoza,2021,7,2021M07,226.0,47.03,46.77,40.67,7702.0,1156.0,14247.0
50,Zaragoza,2021,8,2021M08,233.0,52.21,57.16,49.04,7960.0,1373.0,14760.0
50,Zaragoza,2021,9,2021M09,235.0,53.7,56.87,44.15,8432.0,1364.0,15702.0
50,Zaragoza,2021,10,2021M10,232.0,56.99,57.66,47.5,8548.0,1462.0,15918.0
50,Zaragoza,2021,11,2021M11,232.0,49.09,52.96,39.09,8481.0,1455.0,15803.0
50,Zaragoza,2021,12,2021M12,214.0,39.1,39.85,33.59,7793.0,1202.0,14614.0
50,Zaragoza,2022,1,2022M01,199.0,30.96,28.5,24.24,7343.0,1002.0,13667.0
50,Zaragoza,2022,2,2022M02,218.0,42.71,47.21,34.26,7668.0,1149.0,14246.0
50,Zaragoza,2022,3,2022M03,238.0,48.51,53.83,38.61,8426.0,1413.0,15671.0
50,Zaragoza,2022,4,2022M04,240.0,58.39,61.71,50.47,8666.0,1478.0,16175.0
50,Zaragoza,2022,5,2022M05,245.0,54.94,55.5,44.58,8754.0,1527.0,16307.0
50,Zaragoza,2022,6,2022M06,245.0,55.2,60.3,46.12,8757.0,1593.0,16315.0
50,Zaragoza,2022,7,2022M07,239.0,53.37,54.33,46.84,8688.0,1617.0,16225.0
50,Zaragoza,2022,8,2022M08,233.0,58.29,61.16,54.53,8562.0,1516.0,15919.0
50,Zaragoza,2022,9,2022M09,234.0,61.67,60.7,51.32,8748.0,1615.0,16310.0
50,Zaragoza,2022,10,2022M10,239.0,62.09,63.95,52.99,8757.0,1654.0,16322.0
50,Zaragoza,2022,11,2022M11,235.0,51.95,56.03,41.51,8697.0,1541.0,16213.0
50,Zaragoza,2022,12,2022M12,209.0,46.33,47.27,41.32,7713.0,1441.0,14250.0
50,Zaragoza,2023,1,2023M01,210.0,41.58,37.42,32.67,7573.0,1131.0,14064.0
50,Zaragoza,2023,2,2023M02,219.0,51.22,48.01,39.86,7899.0,1258.0,14679.0
50,Zaragoza,2023,3,2023M03,233.0,56.54,54.31,43.77,8590.0,1458.0,16038.0
50,Zaragoza,2023,4,2023M04,234.0,59.88,64.19,51.93,8748.0,1554.0,16347.0
50,Zaragoza,2023,5,2023M05,237.0,57.39,55.04,46.01,8815.0,1626.0,16470.0
50,Zaragoza,2023,6,2023M06,237.0,58.24,57.24,46.82,8854.0,1598.0,16544.0
50,Zaragoza,2023,7,2023M07,234.0,55.63,55.23,47.67,8689.0,1638.0,16389.0
50,Zaragoza,2023,8,2023M08,223.0,56.42,55.94,51.69,8495.0,1604.0,15998.0
50,Zaragoza,2023,9,2023M09,230.0,64.27,59.18,52.32,8664.0,1633.0,16335.0
50,Zaragoza,2023,10,2023M10,235.0,64.62,64.46,53.01,8723.0,1674.0,16499.0
50,Zaragoza,2023,11,2023M11,227.0,59.27,58.44,46.15,8635.0,1687.0,16332.0
50,Zaragoza,2023,12,2023M12,212.0,49.15,52.07,42.91,8016.0,1481.0,15171.0
50,Zaragoza,2024,1,2024M01,206.0,44.54,40.21,34.72,7803.0,1225.0,14724.0
50,Zaragoza,2024,2,2024M02,214.0,56.08,52.22,43.62,8020.0,1330.0,15162.0
50,Zaragoza,2024,3,2024M03,228.0,56.44,60.51,47.68,8623.0,1569.0,16310.0
50,Zaragoza,2024,4,2024M04,231.0,59.18,57.94,48.2,8654.0,1578.0,16391.0
50,Zaragoza,2024,5,2024M05,232.0,64.34,66.11,52.88,8632.0,1564.0,16348.0
50,Zaragoza,2024,6,2024M06,229.0,61.84,64.1,50.75,8628.0,1627.0,16336.0
50,Zaragoza,2024,7,2024M07,233.0,60.04,58.47,51.08,8609.0,1596.0,16350.0
50,Zaragoza,2024,8,2024M08,229.0,58.79,59.07,53.5,8583.0,1633.0,16296.0
50,Zaragoza,2024,9,2024M09,232.0,64.41,61.39,52.07,8637.0,1619.0,16393.0
50,Zaragoza,2024,10,2024M10,230.0,67.18,66.31,54.52,8599.0,1590.0,16306.0
50,Zaragoza,2024,11,2024M11,227.0,62.76,61.08,50.36,8451.0,1573.0,16045.0
50,Zaragoza,2024,12,2024M12,207.0,51.11,56.06,43.12,7767.0,1433.0,14734.0
50,Zaragoza,2025,1,2025M01,206.0,44.12,40.09,33.71,7611.0,1247.0,14413.0
50,Zaragoza,2025,2,2025M02,210.0,56.35,50.99,42.35,7789.0,1305.0,14750.0
50,Zaragoza,2025,3,2025M03,223.0,60.73,55.4,46.34,8212.0,1504.0,15574.0
50,Zaragoza,2025,4,2025M04,227.0,63.59,66.65,52.99,8359.0,1553.0,15884.0
50,Zaragoza,2025,5,2025M05,229.0,69.45,67.66,55.17,8352.0,1553.0,15865.0
50,Zaragoza,2025,6,2025M06,228.0,63.29,62.91,49.95,8490.0,1624.0,16113.0
50,Zaragoza,2025,7,2025M07,226.0,59.79,56.89,49.25,8438.0,1618.0,16000.0
50,Zaragoza,2025,8,2025M08,217.0,61.29,60.2,55.35,8234.0,1783.0,15639.0
50,Zaragoza,2025,9,2025M09,225.0,68.8,65.46,54.99,8410.0,1751.0,16002.0
50,Zaragoza,2025,10,2025M10,226.0,68.24,64.96,54.45,8256.0,1614.0,15711.0
50,Zaragoza,2025,11,2025M11,213.0,64.16,60.92,49.45,8048.0,1633.0,15383.0
50,Zaragoza,2025,12,2025M12,189.0,52.19,56.34,43.86,7503.0,1492.0,14407.0
51,Ceuta,2015,1,2015M01,12.0,47.71,46.33,48.0,415.0,143.0,781.0
51,Ceuta,2015,2,2015M02,12.0,47.6,56.19,46.32,415.0,143.0,781.0
51,Ceuta,2015,3,2015M03,11.0,46.66,47.48,42.81,407.0,152.0,767.0
51,Ceuta,2015,4,2015M04,11.0,49.58,41.32,50.39,407.0,138.0,767.0
51,Ceuta,2015,5,2015M05,11.0,56.89,61.97,53.81,403.0,138.0,759.0
51,Ceuta,2015,6,2015M06,12.0,56.41,51.42,53.83,421.0,138.0,795.0
51,Ceuta,2015,7,2015M07,12.0,54.99,63.25,58.78,421.0,145.0,795.0
51,Ceuta,2015,8,2015M08,12.0,68.37,70.64,88.41,421.0,141.0,795.0
51,Ceuta,2015,9,2015M09,11.0,57.78,63.99,66.7,415.0,139.0,783.0
51,Ceuta,2015,10,2015M10,12.0,53.35,51.19,52.38,421.0,143.0,795.0
51,Ceuta,2015,11,2015M11,13.0,50.64,63.09,50.91,437.0,150.0,829.0
51,Ceuta,2015,12,2015M12,13.0,51.5,57.31,54.8,437.0,145.0,829.0
51,Ceuta,2016,1,2016M01,13.0,57.84,61.38,58.6,413.0,147.0,791.0
51,Ceuta,2016,2,2016M02,13.0,61.22,50.96,62.37,413.0,146.0,791.0
51,Ceuta,2016,3,2016M03,13.0,54.1,59.61,55.36,413.0,149.0,791.0
51,Ceuta,2016,4,2016M04,13.0,61.11,60.51,65.7,411.0,150.0,782.0
51,Ceuta,2016,5,2016M05,13.0,57.12,60.26,56.65,411.0,151.0,782.0
51,Ceuta,2016,6,2016M06,13.0,53.25,71.22,55.95,411.0,151.0,782.0
51,Ceuta,2016,7,2016M07,13.0,65.88,74.15,71.04,415.0,156.0,790.0
51,Ceuta,2016,8,2016M08,13.0,76.6,83.27,94.79,415.0,158.0,790.0
51,Ceuta,2016,9,2016M09,13.0,64.78,76.28,70.78,415.0,154.0,790.0
51,Ceuta,2016,10,2016M10,13.0,58.07,64.14,56.78,411.0,152.0,788.0
51,Ceuta,2016,11,2016M11,13.0,58.4,60.08,58.24,411.0,154.0,788.0
51,Ceuta,2016,12,2016M12,12.0,57.57,65.24,61.76,406.0,156.0,778.0
51,Ceuta,2017,1,2017M01,13.0,57.08,59.81,61.03,414.0,155.0,777.0
51,Ceuta,2017,2,2017M02,13.0,61.87,65.95,58.98,414.0,158.0,777.0
51,Ceuta,2017,3,2017M03,12.0,67.82,78.28,68.95,408.0,161.0,765.0
51,Ceuta,2017,4,2017M04,13.0,72.0,75.59,76.84,418.0,160.0,780.0
51,Ceuta,2017,5,2017M05,12.0,66.57,57.42,61.13,408.0,153.0,760.0
51,Ceuta,2017,6,2017M06,13.0,58.6,64.13,55.49,418.0,162.0,780.0
51,Ceuta,2017,7,2017M07,13.0,72.2,72.49,79.11,403.0,165.0,765.0
51,Ceuta,2017,8,2017M08,13.0,81.11,75.77,80.95,403.0,170.0,765.0
51,Ceuta,2017,9,2017M09,12.0,66.74,53.6,66.05,398.0,161.0,755.0
51,Ceuta,2017,10,2017M10,12.0,54.56,52.93,48.66,399.0,159.0,766.0
51,Ceuta,2017,11,2017M11,12.0,56.26,63.12,60.57,399.0,158.0,766.0
51,Ceuta,2017,12,2017M12,13.0,54.74,66.24,55.59,405.0,158.0,778.0
51,Ceuta,2018,1,2018M01,13.0,56.85,68.1,59.41,402.0,152.0,764.0
51,Ceuta,2018,2,2018M02,12.0,58.26,61.29,62.58,397.0,149.0,754.0
51,Ceuta,2018,3,2018M03,13.0,53.46,71.12,55.0,402.0,154.0,764.0
51,Ceuta,2018,4,2018M04,13.0,67.9,58.63,61.58,414.0,123.0,782.0
51,Ceuta,2018,5,2018M05,13.0,57.24,59.92,63.17,414.0,123.0,782.0
51,Ceuta,2018,6,2018M06,13.0,62.17,63.5,65.36,414.0,122.0,782.0
51,Ceuta,2018,7,2018M07,13.0,59.24,64.48,69.87,402.0,130.0,764.0
51,Ceuta,2018,8,2018M08,13.0,82.38,70.05,83.33,402.0,133.0,764.0
51,Ceuta,2018,9,2018M09,13.0,70.88,56.5,69.7,402.0,129.0,764.0
51,Ceuta,2018,10,2018M10,13.0,57.16,62.67,54.76,407.0,147.0,776.0
51,Ceuta,2018,11,2018M11,13.0,64.5,71.0,64.1,407.0,124.0,776.0
51,Ceuta,2018,12,2018M12,11.0,56.29,59.22,57.99,394.0,122.0,750.0
51,Ceuta,2019,1,2019M01,13.0,57.55,57.33,55.61,399.0,121.0,760.0
51,Ceuta,2019,2,2019M02,13.0,54.72,45.23,50.02,399.0,121.0,760.0
51,Ceuta,2019,3,2019M03,13.0,55.58,48.85,54.59,399.0,122.0,760.0
51,Ceuta,2019,4,2019M04,13.0,63.5,65.29,64.79,399.0,126.0,760.0
51,Ceuta,2019,5,2019M05,13.0,51.88,48.52,44.57,408.0,124.0,784.0
51,Ceuta,2019,6,2019M06,13.0,62.57,68.4,60.93,408.0,128.0,784.0
51,Ceuta,2019,7,2019M07,13.0,67.64,68.26,67.56,420.0,129.0,810.0
51,Ceuta,2019,8,2019M08,13.0,74.85,65.83,79.54,420.0,132.0,810.0
51,Ceuta,2019,9,2019M09,13.0,67.93,63.17,57.91,420.0,128.0,810.0
51,Ceuta,2019,10,2019M10,12.0,56.0,52.33,52.91,415.0,123.0,800.0
51,Ceuta,2019,11,2019M11,12.0,62.25,60.89,61.66,415.0,124.0,800.0
51,Ceuta,2019,12,2019M12,11.0,49.23,51.03,47.93,409.0,125.0,788.0
51,Ceuta,2020,1,2020M01,12.0,50.36,53.04,48.46,404.0,123.0,766.0
51,Ceuta,2020,2,2020M02,11.0,57.45,51.12,60.25,393.0,119.0,745.0
51,Ceuta,2020,3,2020M03,11.0,41.71,27.05,38.14,278.0,179.0,521.0
51,Ceuta,2020,4,2020M04,0.0,0.0,0.0,0.0,0.0,0.0,0.0
51,Ceuta,2020,5,2020M05,,,,,,,
51,Ceuta,2020,6,2020M06,,,,,,,
51,Ceuta,2020,7,2020M07,8.0,39.93,31.06,34.35,339.0,105.0,631.0
51,Ceuta,2020,8,2020M08,9.0,40.13,37.19,37.52,358.0,112.0,666.0
51,Ceuta,2020,9,2020M09,7.0,40.33,32.11,32.84,324.0,102.0,605.0
51,Ceuta,2020,10,2020M10,11.0,35.6,18.55,27.92,373.0,127.0,700.0
51,Ceuta,2020,11,2020M11,8.0,31.18,14.65,23.13,344.0,112.0,641.0
51,Ceuta,2020,12,2020M12,8.0,30.06,18.1,24.14,344.0,109.0,641.0
51,Ceuta,2021,1,2021M01,8.0,33.48,21.03,24.33,338.0,116.0,621.0
51,Ceuta,2021,2,2021M02,8.0,37.67,22.73,30.64,338.0,111.0,621.0
51,Ceuta,2021,3,2021M03,8.0,36.46,17.03,28.34,338.0,111.0,621.0
51,Ceuta,2021,4,2021M04,8.0,32.57,18.99,25.64,341.0,111.0,630.0
51,Ceuta,2021,5,2021M05,8.0,47.43,41.62,38.03,353.0,110.0,636.0
51,Ceuta,2021,6,2021M06,9.0,63.89,46.68,65.55,380.0,120.0,699.0
51,Ceuta,2021,7,2021M07,9.0,53.2,44.16,53.56,390.0,124.0,716.0
51,Ceuta,2021,8,2021M08,10.0,56.35,45.56,51.03,397.0,129.0,728.0
51,Ceuta,2021,9,2021M09,10.0,48.8,41.07,41.4,397.0,128.0,728.0
51,Ceuta,2021,10,2021M10,10.0,43.61,32.02,37.66,396.0,123.0,736.0
51,Ceuta,2021,11,2021M11,10.0,43.72,30.3,37.03,396.0,123.0,736.0
51,Ceuta,2021,12,2021M12,10.0,33.08,22.96,27.93,396.0,123.0,736.0
51,Ceuta,2022,1,2022M01,10.0,24.51,19.09,19.89,393.0,121.0,732.0
51,Ceuta,2022,2,2022M02,10.0,32.4,22.41,26.01,390.0,120.0,726.0
51,Ceuta,2022,3,2022M03,12.0,37.18,32.96,32.63,422.0,130.0,791.0
51,Ceuta,2022,4,2022M04,12.0,39.47,39.31,37.18,418.0,132.0,778.0
51,Ceuta,2022,5,2022M05,12.0,48.2,49.93,44.2,434.0,136.0,806.0
51,Ceuta,2022,6,2022M06,12.0,57.72,54.55,55.39,434.0,142.0,806.0
51,Ceuta,2022,7,2022M07,12.0,61.42,56.98,64.23,432.0,143.0,798.0
51,Ceuta,2022,8,2022M08,12.0,67.57,61.42,74.55,432.0,162.0,798.0
51,Ceuta,2022,9,2022M09,12.0,58.81,53.7,59.74,432.0,143.0,798.0
51,Ceuta,2022,10,2022M10,12.0,56.7,63.05,56.3,431.0,141.0,802.0
51,Ceuta,2022,11,2022M11,11.0,55.05,55.49,51.94,426.0,140.0,792.0
51,Ceuta,2022,12,2022M12,10.0,46.89,49.9,45.14,412.0,144.0,764.0
51,Ceuta,2023,1,2023M01,11.0,42.87,48.29,42.3,426.0,138.0,754.0
51,Ceuta,2023,2,2023M02,12.0,41.33,38.57,39.12,429.0,137.0,810.0
51,Ceuta,2023,3,2023M03,11.0,38.83,55.95,35.75,413.0,140.0,776.0
51,Ceuta,2023,4,2023M04,11.0,53.48,71.04,55.52,410.0,148.0,765.0
51,Ceuta,2023,5,2023M05,11.0,57.87,45.13,57.19,410.0,153.0,765.0
51,Ceuta,2023,6,2023M06,11.0,59.08,51.56,61.77,410.0,172.0,765.0
51,Ceuta,2023,7,2023M07,11.0,61.56,58.0,64.05,406.0,173.0,756.0
51,Ceuta,2023,8,2023M08,11.0,76.34,66.68,84.04,409.0,174.0,772.0
51,Ceuta,2023,9,2023M09,11.0,57.81,50.49,54.42,406.0,176.0,756.0
51,Ceuta,2023,10,2023M10,10.0,42.48,49.94,38.57,401.0,177.0,746.0
51,Ceuta,2023,11,2023M11,11.0,50.38,47.83,43.09,406.0,170.0,756.0
51,Ceuta,2023,12,2023M12,10.0,46.53,42.44,42.87,394.0,173.0,732.0
51,Ceuta,2024,1,2024M01,11.0,41.61,38.4,34.58,417.0,178.0,791.0
51,Ceuta,2024,2,2024M02,11.0,40.69,33.09,36.26,417.0,179.0,791.0
51,Ceuta,2024,3,2024M03,9.0,48.95,44.97,47.56,397.0,170.0,751.0
51,Ceuta,2024,4,2024M04,9.0,70.97,51.19,64.17,399.0,178.0,748.0
51,Ceuta,2024,5,2024M05,10.0,50.71,49.33,43.58,411.0,176.0,772.0
51,Ceuta,2024,6,2024M06,10.0,54.64,49.09,49.08,411.0,174.0,772.0
51,Ceuta,2024,7,2024M07,10.0,61.18,58.4,54.25,406.0,180.0,765.0
51,Ceuta,2024,8,2024M08,10.0,74.04,52.69,74.03,406.0,159.0,765.0
51,Ceuta,2024,9,2024M09,10.0,44.99,47.01,43.37,406.0,170.0,765.0
51,Ceuta,2024,10,2024M10,10.0,52.19,54.79,45.54,406.0,157.0,765.0
51,Ceuta,2024,11,2024M11,10.0,46.56,43.84,39.84,406.0,167.0,765.0
51,Ceuta,2024,12,2024M12,9.0,44.47,41.74,41.19,401.0,151.0,755.0
51,Ceuta,2025,1,2025M01,10.0,41.34,35.55,37.45,406.0,146.0,765.0
51,Ceuta,2025,2,2025M02,10.0,47.43,42.15,43.66,406.0,144.0,765.0
51,Ceuta,2025,3,2025M03,11.0,43.07,46.76,38.81,411.0,148.0,776.0
51,Ceuta,2025,4,2025M04,11.0,51.76,50.97,48.6,421.0,151.0,788.0
51,Ceuta,2025,5,2025M05,11.0,57.96,43.21,55.23,421.0,147.0,788.0
51,Ceuta,2025,6,2025M06,11.0,60.76,59.53,55.87,421.0,150.0,794.0
51,Ceuta,2025,7,2025M07,10.0,61.45,63.86,60.62,408.0,161.0,763.0
51,Ceuta,2025,8,2025M08,11.0,68.68,57.29,68.9,421.0,160.0,788.0
51,Ceuta,2025,9,2025M09,10.0,63.95,69.18,59.67,415.0,160.0,776.0
51,Ceuta,2025,10,2025M10,9.0,62.04,57.51,53.53,400.0,156.0,745.0
51,Ceuta,2025,11,2025M11,11.0,55.32,57.58,48.91,422.0,158.0,772.0
51,Ceuta,2025,12,2025M12,11.0,36.48,34.07,34.68,422.0,164.0,772.0
52,Melilla,2015,1,2015M01,11.0,56.43,47.23,44.92,450.0,140.0,847.0
52,Melilla,2015,2,2015M02,11.0,60.73,45.69,47.17,450.0,141.0,847.0
52,Melilla,2015,3,2015M03,11.0,55.82,52.89,44.31,450.0,134.0,847.0
52,Melilla,2015,4,2015M04,11.0,64.63,64.35,52.64,450.0,156.0,847.0
52,Melilla,2015,5,2015M05,11.0,61.42,51.27,48.39,450.0,139.0,847.0
52,Melilla,2015,6,2015M06,10.0,60.13,50.51,46.2,442.0,140.0,833.0
52,Melilla,2015,7,2015M07,11.0,59.05,47.49,49.38,450.0,158.0,847.0
52,Melilla,2015,8,2015M08,11.0,63.04,70.08,54.1,450.0,150.0,847.0
52,Melilla,2015,9,2015M09,10.0,66.87,63.05,53.32,444.0,156.0,836.0
52,Melilla,2015,10,2015M10,11.0,58.54,54.98,45.51,450.0,154.0,847.0
52,Melilla,2015,11,2015M11,11.0,58.63,47.48,44.96,450.0,155.0,847.0
52,Melilla,2015,12,2015M12,11.0,53.43,45.84,42.73,450.0,159.0,847.0
52,Melilla,2016,1,2016M01,11.0,52.97,42.52,41.99,445.0,146.0,844.0
52,Melilla,2016,2,2016M02,11.0,62.93,58.35,52.19,445.0,155.0,844.0
52,Melilla,2016,3,2016M03,11.0,59.54,62.86,48.99,445.0,146.0,844.0
52,Melilla,2016,4,2016M04,10.0,69.74,66.41,55.61,437.0,155.0,830.0
52,Melilla,2016,5,2016M05,10.0,67.86,67.43,54.39,437.0,177.0,830.0
52,Melilla,2016,6,2016M06,10.0,61.19,46.35,47.97,437.0,151.0,830.0
52,Melilla,2016,7,2016M07,10.0,64.09,69.18,53.3,437.0,151.0,830.0
52,Melilla,2016,8,2016M08,10.0,70.68,76.39,64.73,437.0,165.0,830.0
52,Melilla,2016,9,2016M09,10.0,66.75,65.25,55.46,437.0,157.0,830.0
52,Melilla,2016,10,2016M10,10.0,63.88,59.01,51.25,437.0,149.0,830.0
52,Melilla,2016,11,2016M11,10.0,63.55,49.92,47.42,437.0,146.0,830.0
52,Melilla,2016,12,2016M12,10.0,49.48,52.26,41.85,437.0,146.0,830.0
52,Melilla,2017,1,2017M01,10.0,53.52,42.2,44.33,441.0,147.0,838.0
52,Melilla,2017,2,2017M02,10.0,54.75,49.06,42.75,441.0,155.0,838.0
52,Melilla,2017,3,2017M03,10.0,58.93,51.98,44.49,441.0,154.0,838.0
52,Melilla,2017,4,2017M04,10.0,62.22,62.05,49.79,441.0,151.0,838.0
52,Melilla,2017,5,2017M05,10.0,57.27,54.56,43.91,441.0,160.0,838.0
52,Melilla,2017,6,2017M06,10.0,59.22,54.81,45.93,441.0,155.0,838.0
52,Melilla,2017,7,2017M07,10.0,60.85,58.08,51.28,441.0,158.0,838.0
52,Melilla,2017,8,2017M08,10.0,67.29,69.98,58.84,441.0,154.0,838.0
52,Melilla,2017,9,2017M09,10.0,74.54,59.57,58.66,441.0,164.0,838.0
52,Melilla,2017,10,2017M10,10.0,74.19,69.22,56.87,441.0,158.0,838.0
52,Melilla,2017,11,2017M11,10.0,81.74,63.79,62.53,441.0,160.0,838.0
52,Melilla,2017,12,2017M12,10.0,52.89,56.29,41.26,441.0,174.0,838.0
52,Melilla,2018,1,2018M01,10.0,57.09,46.01,43.8,441.0,154.0,838.0
52,Melilla,2018,2,2018M02,10.0,59.45,56.03,43.56,441.0,154.0,838.0
52,Melilla,2018,3,2018M03,10.0,57.44,48.99,43.2,441.0,142.0,838.0
52,Melilla,2018,4,2018M04,10.0,64.38,65.45,49.57,441.0,154.0,838.0
52,Melilla,2018,5,2018M05,10.0,59.2,47.54,45.14,441.0,149.0,838.0
52,Melilla,2018,6,2018M06,10.0,66.73,55.88,51.64,441.0,159.0,838.0
52,Melilla,2018,7,2018M07,10.0,62.06,50.75,46.46,441.0,145.0,838.0
52,Melilla,2018,8,2018M08,9.0,60.28,61.93,53.21,435.0,148.0,827.0
52,Melilla,2018,9,2018M09,10.0,69.03,55.79,54.24,441.0,156.0,838.0
52,Melilla,2018,10,2018M10,10.0,72.44,67.15,54.37,441.0,163.0,838.0
52,Melilla,2018,11,2018M11,10.0,62.39,46.25,46.82,441.0,157.0,838.0
52,Melilla,2018,12,2018M12,10.0,49.71,47.35,37.15,441.0,172.0,838.0
52,Melilla,2019,1,2019M01,10.0,47.18,37.23,33.25,441.0,138.0,838.0
52,Melilla,2019,2,2019M02,10.0,58.68,36.57,43.73,441.0,145.0,838.0
52,Melilla,2019,3,2019M03,10.0,55.4,65.24,41.83,441.0,153.0,838.0
52,Melilla,2019,4,2019M04,10.0,66.49,57.96,47.66,441.0,135.0,838.0
52,Melilla,2019,5,2019M05,10.0,56.36,49.71,40.97,441.0,153.0,838.0
52,Melilla,2019,6,2019M06,10.0,67.39,57.31,50.14,441.0,164.0,838.0
52,Melilla,2019,7,2019M07,10.0,59.22,48.86,45.97,441.0,141.0,838.0
52,Melilla,2019,8,2019M08,9.0,67.62,77.48,61.86,435.0,156.0,827.0
52,Melilla,2019,9,2019M09,10.0,67.24,64.69,51.75,441.0,148.0,838.0
52,Melilla,2019,10,2019M10,10.0,64.9,61.27,46.65,441.0,159.0,838.0
52,Melilla,2019,11,2019M11,10.0,63.79,55.24,46.71,441.0,165.0,838.0
52,Melilla,2019,12,2019M12,10.0,53.41,50.95,39.73,441.0,164.0,838.0
52,Melilla,2020,1,2020M01,10.0,53.03,37.86,37.21,441.0,142.0,838.0
52,Melilla,2020,2,2020M02,10.0,58.8,47.38,44.44,441.0,145.0,838.0
52,Melilla,2020,3,2020M03,9.0,33.99,24.11,25.05,371.0,116.0,700.0
52,Melilla,2020,4,2020M04,0.0,0.0,0.0,0.0,0.0,0.0,0.0
52,Melilla,2020,5,2020M05,,,,,,,
52,Melilla,2020,6,2020M06,,,,,,,
52,Melilla,2020,7,2020M07,5.0,26.56,16.84,20.33,375.0,109.0,722.0
52,Melilla,2020,8,2020M08,6.0,28.07,21.27,23.21,381.0,99.0,733.0
52,Melilla,2020,9,2020M09,6.0,37.69,25.71,27.63,381.0,98.0,733.0
52,Melilla,2020,10,2020M10,6.0,30.83,20.13,21.59,381.0,92.0,733.0
52,Melilla,2020,11,2020M11,6.0,29.19,26.97,19.45,381.0,81.0,733.0
52,Melilla,2020,12,2020M12,6.0,27.38,22.68,20.28,381.0,85.0,733.0
52,Melilla,2021,1,2021M01,6.0,28.21,18.43,20.2,392.0,85.0,753.0
52,Melilla,2021,2,2021M02,6.0,39.44,26.09,26.24,392.0,86.0,753.0
52,Melilla,2021,3,2021M03,6.0,36.35,24.07,24.02,392.0,91.0,753.0
52,Melilla,2021,4,2021M04,6.0,34.9,31.15,22.86,392.0,94.0,753.0
52,Melilla,2021,5,2021M05,7.0,39.09,22.91,25.9,417.0,107.0,798.0
52,Melilla,2021,6,2021M06,7.0,44.12,30.05,29.12,417.0,125.0,798.0
52,Melilla,2021,7,2021M07,7.0,45.98,33.16,34.15,417.0,132.0,798.0
52,Melilla,2021,8,2021M08,8.0,61.27,50.17,44.94,423.0,132.0,809.0
52,Melilla,2021,9,2021M09,7.0,55.19,41.3,38.53,417.0,124.0,798.0
52,Melilla,2021,10,2021M10,8.0,52.26,35.85,36.64,423.0,122.0,809.0
52,Melilla,2021,11,2021M11,8.0,52.75,42.77,35.23,423.0,141.0,809.0
52,Melilla,2021,12,2021M12,8.0,38.19,37.44,28.59,423.0,139.0,809.0
52,Melilla,2022,1,2022M01,8.0,31.82,23.1,22.0,423.0,131.0,809.0
52,Melilla,2022,2,2022M02,8.0,44.08,31.82,31.26,423.0,133.0,809.0
52,Melilla,2022,3,2022M03,8.0,50.32,47.49,33.84,423.0,127.0,809.0
52,Melilla,2022,4,2022M04,8.0,47.31,47.86,36.04,423.0,126.0,809.0
52,Melilla,2022,5,2022M05,8.0,53.41,43.25,39.1,423.0,133.0,809.0
52,Melilla,2022,6,2022M06,8.0,55.07,48.07,39.68,423.0,148.0,809.0
52,Melilla,2022,7,2022M07,8.0,47.87,32.78,37.97,423.0,138.0,809.0
52,Melilla,2022,8,2022M08,8.0,63.82,74.46,53.36,423.0,130.0,809.0
52,Melilla,2022,9,2022M09,8.0,65.66,63.17,51.31,423.0,144.0,809.0
52,Melilla,2022,10,2022M10,8.0,61.05,53.05,45.03,423.0,143.0,809.0
52,Melilla,2022,11,2022M11,8.0,59.67,61.12,41.53,423.0,143.0,809.0
52,Melilla,2022,12,2022M12,8.0,43.18,39.79,31.72,423.0,142.0,809.0
52,Melilla,2023,1,2023M01,8.0,39.63,35.35,29.15,423.0,128.0,809.0
52,Melilla,2023,2,2023M02,8.0,52.79,45.08,38.1,423.0,131.0,809.0
52,Melilla,2023,3,2023M03,8.0,56.79,46.27,39.52,423.0,147.0,809.0
52,Melilla,2023,4,2023M04,8.0,52.47,47.27,39.64,423.0,139.0,809.0
52,Melilla,2023,5,2023M05,7.0,58.14,61.68,41.19,417.0,143.0,798.0
52,Melilla,2023,6,2023M06,7.0,67.85,69.56,49.77,417.0,135.0,798.0
52,Melilla,2023,7,2023M07,7.0,59.68,49.12,47.22,417.0,137.0,798.0
52,Melilla,2023,8,2023M08,7.0,58.24,59.41,51.16,417.0,126.0,798.0
52,Melilla,2023,9,2023M09,7.0,69.56,58.0,53.73,417.0,140.0,798.0
52,Melilla,2023,10,2023M10,7.0,60.58,60.35,43.2,417.0,135.0,798.0
52,Melilla,2023,11,2023M11,7.0,63.32,54.75,43.92,417.0,137.0,798.0
52,Melilla,2023,12,2023M12,7.0,54.45,57.35,41.69,417.0,142.0,798.0
52,Melilla,2024,1,2024M01,7.0,41.47,39.62,30.34,417.0,132.0,798.0
52,Melilla,2024,2,2024M02,7.0,51.28,38.82,38.42,417.0,129.0,798.0
52,Melilla,2024,3,2024M03,7.0,49.35,48.68,36.12,417.0,114.0,798.0
52,Melilla,2024,4,2024M04,7.0,55.96,58.46,42.02,417.0,117.0,798.0
52,Melilla,2024,5,2024M05,7.0,58.47,62.97,45.6,417.0,155.0,798.0
52,Melilla,2024,6,2024M06,7.0,67.03,65.45,52.14,417.0,154.0,798.0
52,Melilla,2024,7,2024M07,7.0,49.66,43.52,40.62,417.0,166.0,798.0
52,Melilla,2024,8,2024M08,6.0,72.93,61.57,62.64,408.0,127.0,782.0
52,Melilla,2024,9,2024M09,7.0,68.29,69.82,53.1,417.0,147.0,798.0
52,Melilla,2024,10,2024M10,7.0,65.47,62.35,49.69,417.0,148.0,798.0
52,Melilla,2024,11,2024M11,7.0,59.78,55.96,43.08,417.0,141.0,798.0
52,Melilla,2024,12,2024M12,7.0,51.21,51.92,38.5,411.0,139.0,786.0
52,Melilla,2025,1,2025M01,7.0,46.98,39.03,32.76,411.0,139.0,786.0
52,Melilla,2025,2,2025M02,7.0,60.06,45.43,43.52,411.0,133.0,786.0
52,Melilla,2025,3,2025M03,8.0,51.26,49.33,34.99,436.0,147.0,851.0
52,Melilla,2025,4,2025M04,7.0,54.98,56.98,41.13,427.0,139.0,835.0
52,Melilla,2025,5,2025M05,7.0,65.84,67.58,49.52,427.0,145.0,835.0
52,Melilla,2025,6,2025M06,7.0,67.29,70.36,50.5,427.0,154.0,835.0
52,Melilla,2025,7,2025M07,8.0,62.05,46.97,47.38,434.0,151.0,845.0
52,Melilla,2025,8,2025M08,7.0,70.23,68.72,57.58,427.0,147.0,835.0
52,Melilla,2025,9,2025M09,8.0,77.22,65.98,56.2,434.0,154.0,845.0
52,Melilla,2025,10,2025M10,8.0,69.06,67.87,50.69,434.0,147.0,845.0
52,Melilla,2025,11,2025M11,8.0,61.56,52.88,43.33,434.0,150.0,845.0
52,Melilla,2025,12,2025M12,8.0,49.76,46.29,36.56,434.0,153.0,845.0
