comunidad_autonoma,provincia,indicador,anio,valor,variable,unidad
Castilla - La Mancha,Albacete,Edad media de la población,2015,42.0,edad_media,años
Castilla - La Mancha,Albacete,Porcentaje de población de 65 y más años,2015,18.6,pct_65_mas,porcentaje
Castilla - La Mancha,Albacete,Porcentaje de hogares unipersonales,2015,27.7,pct_hogares_unipersonales,porcentaje
Castilla - La Mancha,Albacete,Porcentaje de población menor de 18 años,2015,17.9,pct_menor_18,porcentaje
Castilla - La Mancha,Albacete,Porcentaje de población española,2015,93.9,pct_poblacion_espanola,porcentaje
Castilla - La Mancha,Albacete,Población,2015,390.627,poblacion,personas
Castilla - La Mancha,Albacete,Tamaño medio del hogar,2015,2.6,tamano_medio_hogar,personas_por_hogar
Castilla - La Mancha,Albacete,Edad media de la población,2016,42.3,edad_media,años
Castilla - La Mancha,Albacete,Porcentaje de población de 65 y más años,2016,18.7,pct_65_mas,porcentaje
Castilla - La Mancha,Albacete,Porcentaje de hogares unipersonales,2016,28.2,pct_hogares_unipersonales,porcentaje
Castilla - La Mancha,Albacete,Porcentaje de población menor de 18 años,2016,17.7,pct_menor_18,porcentaje
Castilla - La Mancha,Albacete,Porcentaje de población española,2016,94.1,pct_poblacion_espanola,porcentaje
Castilla - La Mancha,Albacete,Población,2016,388.322,poblacion,personas
Castilla - La Mancha,Albacete,Tamaño medio del hogar,2016,2.6,tamano_medio_hogar,personas_por_hogar
Castilla - La Mancha,Albacete,Edad media de la población,2017,42.6,edad_media,años
Castilla - La Mancha,Albacete,Porcentaje de población de 65 y más años,2017,19.0,pct_65_mas,porcentaje
Castilla - La Mancha,Albacete,Porcentaje de hogares unipersonales,2017,28.3,pct_hogares_unipersonales,porcentaje
Castilla - La Mancha,Albacete,Porcentaje de población menor de 18 años,2017,17.7,pct_menor_18,porcentaje
Castilla - La Mancha,Albacete,Porcentaje de población española,2017,93.9,pct_poblacion_espanola,porcentaje
Castilla - La Mancha,Albacete,Población,2017,387.139,poblacion,personas
Castilla - La Mancha,Albacete,Tamaño medio del hogar,2017,2.6,tamano_medio_hogar,personas_por_hogar
Castilla - La Mancha,Albacete,Edad media de la población,2018,42.9,edad_media,años
Castilla - La Mancha,Albacete,Porcentaje de población de 65 y más años,2018,19.2,pct_65_mas,porcentaje
Castilla - La Mancha,Albacete,Porcentaje de hogares unipersonales,2018,28.8,pct_hogares_unipersonales,porcentaje
Castilla - La Mancha,Albacete,Porcentaje de población menor de 18 años,2018,17.4,pct_menor_18,porcentaje
Castilla - La Mancha,Albacete,Porcentaje de población española,2018,93.7,pct_poblacion_espanola,porcentaje
Castilla - La Mancha,Albacete,Población,2018,385.271,poblacion,personas
Castilla - La Mancha,Albacete,Tamaño medio del hogar,2018,2.6,tamano_medio_hogar,personas_por_hogar
Castilla - La Mancha,Albacete,Edad media de la población,2019,43.2,edad_media,años
Castilla - La Mancha,Albacete,Porcentaje de población de 65 y más años,2019,19.4,pct_65_mas,porcentaje
Castilla - La Mancha,Albacete,Porcentaje de hogares unipersonales,2019,29.0,pct_hogares_unipersonales,porcentaje
Castilla - La Mancha,Albacete,Porcentaje de población menor de 18 años,2019,17.2,pct_menor_18,porcentaje
Castilla - La Mancha,Albacete,Porcentaje de población española,2019,93.2,pct_poblacion_espanola,porcentaje
Castilla - La Mancha,Albacete,Población,2019,384.847,poblacion,personas
Castilla - La Mancha,Albacete,Tamaño medio del hogar,2019,2.5,tamano_medio_hogar,personas_por_hogar
Castilla - La Mancha,Albacete,Edad media de la población,2020,43.4,edad_media,años
Castilla - La Mancha,Albacete,Porcentaje de población de 65 y más años,2020,19.4,pct_65_mas,porcentaje
Castilla - La Mancha,Albacete,Porcentaje de hogares unipersonales,2020,29.4,pct_hogares_unipersonales,porcentaje
Castilla - La Mancha,Albacete,Porcentaje de población menor de 18 años,2020,17.0,pct_menor_18,porcentaje
Castilla - La Mancha,Albacete,Porcentaje de población española,2020,93.1,pct_poblacion_espanola,porcentaje
Castilla - La Mancha,Albacete,Población,2020,383.541,poblacion,personas
Castilla - La Mancha,Albacete,Tamaño medio del hogar,2020,2.5,tamano_medio_hogar,personas_por_hogar
Castilla - La Mancha,Albacete,Edad media de la población,2021,43.6,edad_media,años
Castilla - La Mancha,Albacete,Porcentaje de población de 65 y más años,2021,19.7,pct_65_mas,porcentaje
Castilla - La Mancha,Albacete,Porcentaje de hogares unipersonales,2021,29.8,pct_hogares_unipersonales,porcentaje
Castilla - La Mancha,Albacete,Porcentaje de población menor de 18 años,2021,16.8,pct_menor_18,porcentaje
Castilla - La Mancha,Albacete,Porcentaje de población española,2021,92.9,pct_poblacion_espanola,porcentaje
Castilla - La Mancha,Albacete,Población,2021,382.761,poblacion,personas
Castilla - La Mancha,Albacete,Tamaño medio del hogar,2021,2.5,tamano_medio_hogar,personas_por_hogar
Castilla - La Mancha,Albacete,Edad media de la población,2022,43.9,edad_media,años
Castilla - La Mancha,Albacete,Porcentaje de población de 65 y más años,2022,19.9,pct_65_mas,porcentaje
Castilla - La Mancha,Albacete,Porcentaje de hogares unipersonales,2022,30.1,pct_hogares_unipersonales,porcentaje
Castilla - La Mancha,Albacete,Porcentaje de población menor de 18 años,2022,16.6,pct_menor_18,porcentaje
Castilla - La Mancha,Albacete,Porcentaje de población española,2022,92.4,pct_poblacion_espanola,porcentaje
Castilla - La Mancha,Albacete,Población,2022,384.466,poblacion,personas
Castilla - La Mancha,Albacete,Tamaño medio del hogar,2022,2.5,tamano_medio_hogar,personas_por_hogar
Castilla - La Mancha,Albacete,Edad media de la población,2023,44.1,edad_media,años
Castilla - La Mancha,Albacete,Porcentaje de población de 65 y más años,2023,20.4,pct_65_mas,porcentaje
Castilla - La Mancha,Albacete,Porcentaje de hogares unipersonales,2023,30.5,pct_hogares_unipersonales,porcentaje
Castilla - La Mancha,Albacete,Porcentaje de población menor de 18 años,2023,16.4,pct_menor_18,porcentaje
Castilla - La Mancha,Albacete,Porcentaje de población española,2023,91.8,pct_poblacion_espanola,porcentaje
Castilla - La Mancha,Albacete,Población,2023,385.575,poblacion,personas
Castilla - La Mancha,Albacete,Tamaño medio del hogar,2023,2.5,tamano_medio_hogar,personas_por_hogar
Comunitat Valenciana,Alicante/Alacant,Edad media de la población,2015,42.1,edad_media,años
Comunitat Valenciana,Alicante/Alacant,Porcentaje de población de 65 y más años,2015,18.8,pct_65_mas,porcentaje
Comunitat Valenciana,Alicante/Alacant,Porcentaje de hogares unipersonales,2015,28.7,pct_hogares_unipersonales,porcentaje
Comunitat Valenciana,Alicante/Alacant,Porcentaje de población menor de 18 años,2015,17.9,pct_menor_18,porcentaje
Comunitat Valenciana,Alicante/Alacant,Porcentaje de población española,2015,81.3,pct_poblacion_espanola,porcentaje
Comunitat Valenciana,Alicante/Alacant,Tamaño medio del hogar,2015,2.5,tamano_medio_hogar,personas_por_hogar
Comunitat Valenciana,Alicante/Alacant,Edad media de la población,2016,42.3,edad_media,años
Comunitat Valenciana,Alicante/Alacant,Porcentaje de población de 65 y más años,2016,19.0,pct_65_mas,porcentaje
Comunitat Valenciana,Alicante/Alacant,Porcentaje de hogares unipersonales,2016,28.7,pct_hogares_unipersonales,porcentaje
Comunitat Valenciana,Alicante/Alacant,Porcentaje de población menor de 18 años,2016,18.0,pct_menor_18,porcentaje
Comunitat Valenciana,Alicante/Alacant,Porcentaje de población española,2016,82.2,pct_poblacion_espanola,porcentaje
Comunitat Valenciana,Alicante/Alacant,Tamaño medio del hogar,2016,2.5,tamano_medio_hogar,personas_por_hogar
Comunitat Valenciana,Alicante/Alacant,Edad media de la población,2017,42.5,edad_media,años
Comunitat Valenciana,Alicante/Alacant,Porcentaje de población de 65 y más años,2017,19.3,pct_65_mas,porcentaje
Comunitat Valenciana,Alicante/Alacant,Porcentaje de hogares unipersonales,2017,28.7,pct_hogares_unipersonales,porcentaje
Comunitat Valenciana,Alicante/Alacant,Porcentaje de población menor de 18 años,2017,18.0,pct_menor_18,porcentaje
Comunitat Valenciana,Alicante/Alacant,Porcentaje de población española,2017,81.7,pct_poblacion_espanola,porcentaje
Comunitat Valenciana,Alicante/Alacant,Tamaño medio del hogar,2017,2.5,tamano_medio_hogar,personas_por_hogar
Comunitat Valenciana,Alicante/Alacant,Edad media de la población,2018,42.8,edad_media,años
Comunitat Valenciana,Alicante/Alacant,Porcentaje de población de 65 y más años,2018,19.5,pct_65_mas,porcentaje
Comunitat Valenciana,Alicante/Alacant,Porcentaje de hogares unipersonales,2018,28.9,pct_hogares_unipersonales,porcentaje
Comunitat Valenciana,Alicante/Alacant,Porcentaje de población menor de 18 años,2018,17.7,pct_menor_18,porcentaje
Comunitat Valenciana,Alicante/Alacant,Porcentaje de población española,2018,80.9,pct_poblacion_espanola,porcentaje
Comunitat Valenciana,Alicante/Alacant,Tamaño medio del hogar,2018,2.5,tamano_medio_hogar,personas_por_hogar
Comunitat Valenciana,Alicante/Alacant,Edad media de la población,2019,43.0,edad_media,años
Comunitat Valenciana,Alicante/Alacant,Porcentaje de población de 65 y más años,2019,19.6,pct_65_mas,porcentaje
Comunitat Valenciana,Alicante/Alacant,Porcentaje de hogares unipersonales,2019,28.9,pct_hogares_unipersonales,porcentaje
Comunitat Valenciana,Alicante/Alacant,Porcentaje de población menor de 18 años,2019,17.6,pct_menor_18,porcentaje
Comunitat Valenciana,Alicante/Alacant,Porcentaje de población española,2019,80.1,pct_poblacion_espanola,porcentaje
Comunitat Valenciana,Alicante/Alacant,Tamaño medio del hogar,2019,2.5,tamano_medio_hogar,personas_por_hogar
Comunitat Valenciana,Alicante/Alacant,Edad media de la población,2020,43.3,edad_media,años
Comunitat Valenciana,Alicante/Alacant,Porcentaje de población de 65 y más años,2020,19.9,pct_65_mas,porcentaje
Comunitat Valenciana,Alicante/Alacant,Porcentaje de hogares unipersonales,2020,29.2,pct_hogares_unipersonales,porcentaje
Comunitat Valenciana,Alicante/Alacant,Porcentaje de población menor de 18 años,2020,17.4,pct_menor_18,porcentaje
Comunitat Valenciana,Alicante/Alacant,Porcentaje de población española,2020,80.2,pct_poblacion_espanola,porcentaje
Comunitat Valenciana,Alicante/Alacant,Tamaño medio del hogar,2020,2.5,tamano_medio_hogar,personas_por_hogar
Comunitat Valenciana,Alicante/Alacant,Edad media de la población,2021,43.6,edad_media,años
Comunitat Valenciana,Alicante/Alacant,Porcentaje de población de 65 y más años,2021,20.3,pct_65_mas,porcentaje
Comunitat Valenciana,Alicante/Alacant,Porcentaje de hogares unipersonales,2021,29.6,pct_hogares_unipersonales,porcentaje
Comunitat Valenciana,Alicante/Alacant,Porcentaje de población menor de 18 años,2021,17.1,pct_menor_18,porcentaje
Comunitat Valenciana,Alicante/Alacant,Porcentaje de población española,2021,79.6,pct_poblacion_espanola,porcentaje
Comunitat Valenciana,Alicante/Alacant,Tamaño medio del hogar,2021,2.5,tamano_medio_hogar,personas_por_hogar
Comunitat Valenciana,Alicante/Alacant,Edad media de la población,2022,43.7,edad_media,años
Comunitat Valenciana,Alicante/Alacant,Porcentaje de población de 65 y más años,2022,20.5,pct_65_mas,porcentaje
Comunitat Valenciana,Alicante/Alacant,Porcentaje de hogares unipersonales,2022,29.5,pct_hogares_unipersonales,porcentaje
Comunitat Valenciana,Alicante/Alacant,Porcentaje de población menor de 18 años,2022,17.0,pct_menor_18,porcentaje
Comunitat Valenciana,Alicante/Alacant,Porcentaje de población española,2022,77.9,pct_poblacion_espanola,porcentaje
Comunitat Valenciana,Alicante/Alacant,Tamaño medio del hogar,2022,2.5,tamano_medio_hogar,personas_por_hogar
Comunitat Valenciana,Alicante/Alacant,Edad media de la población,2023,43.8,edad_media,años
Comunitat Valenciana,Alicante/Alacant,Porcentaje de población de 65 y más años,2023,20.6,pct_65_mas,porcentaje
Comunitat Valenciana,Alicante/Alacant,Porcentaje de hogares unipersonales,2023,29.5,pct_hogares_unipersonales,porcentaje
Comunitat Valenciana,Alicante/Alacant,Porcentaje de población menor de 18 años,2023,16.9,pct_menor_18,porcentaje
Comunitat Valenciana,Alicante/Alacant,Porcentaje de población española,2023,76.9,pct_poblacion_espanola,porcentaje
Comunitat Valenciana,Alicante/Alacant,Tamaño medio del hogar,2023,2.5,tamano_medio_hogar,personas_por_hogar
Andalucía,Almería,Edad media de la población,2015,38.9,edad_media,años
Andalucía,Almería,Porcentaje de población de 65 y más años,2015,14.0,pct_65_mas,porcentaje
Andalucía,Almería,Porcentaje de hogares unipersonales,2015,28.0,pct_hogares_unipersonales,porcentaje
Andalucía,Almería,Porcentaje de población menor de 18 años,2015,20.2,pct_menor_18,porcentaje
Andalucía,Almería,Porcentaje de población española,2015,80.4,pct_poblacion_espanola,porcentaje
Andalucía,Almería,Población,2015,699.417,poblacion,personas
Andalucía,Almería,Tamaño medio del hogar,2015,2.7,tamano_medio_hogar,personas_por_hogar
Andalucía,Almería,Edad media de la población,2016,39.1,edad_media,años
Andalucía,Almería,Porcentaje de población de 65 y más años,2016,14.3,pct_65_mas,porcentaje
Andalucía,Almería,Porcentaje de hogares unipersonales,2016,28.1,pct_hogares_unipersonales,porcentaje
Andalucía,Almería,Porcentaje de población menor de 18 años,2016,20.3,pct_menor_18,porcentaje
Andalucía,Almería,Porcentaje de población española,2016,80.5,pct_poblacion_espanola,porcentaje
Andalucía,Almería,Población,2016,701.01,poblacion,personas
Andalucía,Almería,Tamaño medio del hogar,2016,2.7,tamano_medio_hogar,personas_por_hogar
Andalucía,Almería,Edad media de la población,2017,39.3,edad_media,años
Andalucía,Almería,Porcentaje de población de 65 y más años,2017,14.5,pct_65_mas,porcentaje
Andalucía,Almería,Porcentaje de hogares unipersonales,2017,28.1,pct_hogares_unipersonales,porcentaje
Andalucía,Almería,Porcentaje de población menor de 18 años,2017,20.3,pct_menor_18,porcentaje
Andalucía,Almería,Porcentaje de población española,2017,80.3,pct_poblacion_espanola,porcentaje
Andalucía,Almería,Población,2017,704.093,poblacion,personas
Andalucía,Almería,Tamaño medio del hogar,2017,2.7,tamano_medio_hogar,personas_por_hogar
Andalucía,Almería,Edad media de la población,2018,39.7,edad_media,años
Andalucía,Almería,Porcentaje de población de 65 y más años,2018,14.8,pct_65_mas,porcentaje
Andalucía,Almería,Porcentaje de hogares unipersonales,2018,28.3,pct_hogares_unipersonales,porcentaje
Andalucía,Almería,Porcentaje de población menor de 18 años,2018,20.1,pct_menor_18,porcentaje
Andalucía,Almería,Porcentaje de población española,2018,79.7,pct_poblacion_espanola,porcentaje
Andalucía,Almería,Población,2018,703.384,poblacion,personas
Andalucía,Almería,Tamaño medio del hogar,2018,2.7,tamano_medio_hogar,personas_por_hogar
Andalucía,Almería,Edad media de la población,2019,39.9,edad_media,años
Andalucía,Almería,Porcentaje de población de 65 y más años,2019,15.0,pct_65_mas,porcentaje
Andalucía,Almería,Porcentaje de hogares unipersonales,2019,28.2,pct_hogares_unipersonales,porcentaje
Andalucía,Almería,Porcentaje de población menor de 18 años,2019,19.9,pct_menor_18,porcentaje
Andalucía,Almería,Porcentaje de población española,2019,78.8,pct_poblacion_espanola,porcentaje
Andalucía,Almería,Población,2019,713.44,poblacion,personas
Andalucía,Almería,Tamaño medio del hogar,2019,2.7,tamano_medio_hogar,personas_por_hogar
Andalucía,Almería,Edad media de la población,2020,40.2,edad_media,años
Andalucía,Almería,Porcentaje de población de 65 y más años,2020,15.3,pct_65_mas,porcentaje
Andalucía,Almería,Porcentaje de hogares unipersonales,2020,28.3,pct_hogares_unipersonales,porcentaje
Andalucía,Almería,Porcentaje de población menor de 18 años,2020,19.8,pct_menor_18,porcentaje
Andalucía,Almería,Porcentaje de población española,2020,78.6,pct_poblacion_espanola,porcentaje
Andalucía,Almería,Población,2020,719.554,poblacion,personas
Andalucía,Almería,Tamaño medio del hogar,2020,2.6,tamano_medio_hogar,personas_por_hogar
Andalucía,Almería,Edad media de la población,2021,40.4,edad_media,años
Andalucía,Almería,Porcentaje de población de 65 y más años,2021,15.5,pct_65_mas,porcentaje
Andalucía,Almería,Porcentaje de hogares unipersonales,2021,28.6,pct_hogares_unipersonales,porcentaje
Andalucía,Almería,Porcentaje de población menor de 18 años,2021,19.7,pct_menor_18,porcentaje
Andalucía,Almería,Porcentaje de población española,2021,78.1,pct_poblacion_espanola,porcentaje
Andalucía,Almería,Población,2021,727.74,poblacion,personas
Andalucía,Almería,Tamaño medio del hogar,2021,2.6,tamano_medio_hogar,personas_por_hogar
Andalucía,Almería,Edad media de la población,2022,40.5,edad_media,años
Andalucía,Almería,Porcentaje de población de 65 y más años,2022,15.7,pct_65_mas,porcentaje
Andalucía,Almería,Porcentaje de hogares unipersonales,2022,28.8,pct_hogares_unipersonales,porcentaje
Andalucía,Almería,Porcentaje de población menor de 18 años,2022,19.6,pct_menor_18,porcentaje
Andalucía,Almería,Porcentaje de población española,2022,78.2,pct_poblacion_espanola,porcentaje
Andalucía,Almería,Población,2022,741.568,poblacion,personas
Andalucía,Almería,Tamaño medio del hogar,2022,2.6,tamano_medio_hogar,personas_por_hogar
Andalucía,Almería,Edad media de la población,2023,40.8,edad_media,años
Andalucía,Almería,Porcentaje de población de 65 y más años,2023,16.1,pct_65_mas,porcentaje
Andalucía,Almería,Porcentaje de hogares unipersonales,2023,28.9,pct_hogares_unipersonales,porcentaje
Andalucía,Almería,Porcentaje de población menor de 18 años,2023,19.4,pct_menor_18,porcentaje
Andalucía,Almería,Porcentaje de población española,2023,78.0,pct_poblacion_espanola,porcentaje
Andalucía,Almería,Población,2023,748.573,poblacion,personas
Andalucía,Almería,Tamaño medio del hogar,2023,2.6,tamano_medio_hogar,personas_por_hogar
País Vasco,Araba/Álava,Edad media de la población,2015,43.0,edad_media,años
País Vasco,Araba/Álava,Porcentaje de población de 65 y más años,2015,19.5,pct_65_mas,porcentaje
País Vasco,Araba/Álava,Porcentaje de hogares unipersonales,2015,30.6,pct_hogares_unipersonales,porcentaje
País Vasco,Araba/Álava,Porcentaje de población menor de 18 años,2015,17.5,pct_menor_18,porcentaje
País Vasco,Araba/Álava,Porcentaje de población española,2015,92.1,pct_poblacion_espanola,porcentaje
País Vasco,Araba/Álava,Población,2015,322.033,poblacion,personas
País Vasco,Araba/Álava,Tamaño medio del hogar,2015,2.4,tamano_medio_hogar,personas_por_hogar
País Vasco,Araba/Álava,Edad media de la población,2016,43.2,edad_media,años
País Vasco,Araba/Álava,Porcentaje de población de 65 y más años,2016,19.8,pct_65_mas,porcentaje
País Vasco,Araba/Álava,Porcentaje de hogares unipersonales,2016,30.8,pct_hogares_unipersonales,porcentaje
País Vasco,Araba/Álava,Porcentaje de población menor de 18 años,2016,17.7,pct_menor_18,porcentaje
País Vasco,Araba/Álava,Porcentaje de población española,2016,91.8,pct_poblacion_espanola,porcentaje
País Vasco,Araba/Álava,Población,2016,323.815,poblacion,personas
País Vasco,Araba/Álava,Tamaño medio del hogar,2016,2.4,tamano_medio_hogar,personas_por_hogar
País Vasco,Araba/Álava,Edad media de la población,2017,43.4,edad_media,años
País Vasco,Araba/Álava,Porcentaje de población de 65 y más años,2017,20.2,pct_65_mas,porcentaje
País Vasco,Araba/Álava,Porcentaje de hogares unipersonales,2017,30.9,pct_hogares_unipersonales,porcentaje
País Vasco,Araba/Álava,Porcentaje de población menor de 18 años,2017,17.8,pct_menor_18,porcentaje
País Vasco,Araba/Álava,Porcentaje de población española,2017,91.4,pct_poblacion_espanola,porcentaje
País Vasco,Araba/Álava,Población,2017,326.127,poblacion,personas
País Vasco,Araba/Álava,Tamaño medio del hogar,2017,2.4,tamano_medio_hogar,personas_por_hogar
País Vasco,Araba/Álava,Edad media de la población,2018,43.6,edad_media,años
País Vasco,Araba/Álava,Porcentaje de población de 65 y más años,2018,20.4,pct_65_mas,porcentaje
País Vasco,Araba/Álava,Porcentaje de hogares unipersonales,2018,31.0,pct_hogares_unipersonales,porcentaje
País Vasco,Araba/Álava,Porcentaje de población menor de 18 años,2018,17.7,pct_menor_18,porcentaje
País Vasco,Araba/Álava,Porcentaje de población española,2018,90.9,pct_poblacion_espanola,porcentaje
País Vasco,Araba/Álava,Población,2018,327.92,poblacion,personas
País Vasco,Araba/Álava,Tamaño medio del hogar,2018,2.4,tamano_medio_hogar,personas_por_hogar
País Vasco,Araba/Álava,Edad media de la población,2019,43.8,edad_media,años
País Vasco,Araba/Álava,Porcentaje de población de 65 y más años,2019,20.7,pct_65_mas,porcentaje
País Vasco,Araba/Álava,Porcentaje de hogares unipersonales,2019,31.1,pct_hogares_unipersonales,porcentaje
País Vasco,Araba/Álava,Porcentaje de población menor de 18 años,2019,17.6,pct_menor_18,porcentaje
País Vasco,Araba/Álava,Porcentaje de población española,2019,90.3,pct_poblacion_espanola,porcentaje
País Vasco,Araba/Álava,Población,2019,330.065,poblacion,personas
País Vasco,Araba/Álava,Tamaño medio del hogar,2019,2.4,tamano_medio_hogar,personas_por_hogar
País Vasco,Araba/Álava,Edad media de la población,2020,44.1,edad_media,años
País Vasco,Araba/Álava,Porcentaje de población de 65 y más años,2020,21.1,pct_65_mas,porcentaje
País Vasco,Araba/Álava,Porcentaje de hogares unipersonales,2020,31.3,pct_hogares_unipersonales,porcentaje
País Vasco,Araba/Álava,Porcentaje de población menor de 18 años,2020,17.4,pct_menor_18,porcentaje
País Vasco,Araba/Álava,Porcentaje de población española,2020,90.3,pct_poblacion_espanola,porcentaje
País Vasco,Araba/Álava,Población,2020,330.646,poblacion,personas
País Vasco,Araba/Álava,Tamaño medio del hogar,2020,2.4,tamano_medio_hogar,personas_por_hogar
País Vasco,Araba/Álava,Edad media de la población,2021,44.4,edad_media,años
País Vasco,Araba/Álava,Porcentaje de población de 65 y más años,2021,21.5,pct_65_mas,porcentaje
País Vasco,Araba/Álava,Porcentaje de hogares unipersonales,2021,31.9,pct_hogares_unipersonales,porcentaje
País Vasco,Araba/Álava,Porcentaje de población menor de 18 años,2021,17.2,pct_menor_18,porcentaje
País Vasco,Araba/Álava,Porcentaje de población española,2021,90.1,pct_poblacion_espanola,porcentaje
País Vasco,Araba/Álava,Población,2021,330.117,poblacion,personas
País Vasco,Araba/Álava,Tamaño medio del hogar,2021,2.4,tamano_medio_hogar,personas_por_hogar
País Vasco,Araba/Álava,Edad media de la población,2022,44.6,edad_media,años
País Vasco,Araba/Álava,Porcentaje de población de 65 y más años,2022,21.8,pct_65_mas,porcentaje
País Vasco,Araba/Álava,Porcentaje de hogares unipersonales,2022,32.1,pct_hogares_unipersonales,porcentaje
País Vasco,Araba/Álava,Porcentaje de población menor de 18 años,2022,17.0,pct_menor_18,porcentaje
País Vasco,Araba/Álava,Porcentaje de población española,2022,89.8,pct_poblacion_espanola,porcentaje
País Vasco,Araba/Álava,Población,2022,332.282,poblacion,personas
País Vasco,Araba/Álava,Tamaño medio del hogar,2022,2.4,tamano_medio_hogar,personas_por_hogar
País Vasco,Araba/Álava,Edad media de la población,2023,44.8,edad_media,años
País Vasco,Araba/Álava,Porcentaje de población de 65 y más años,2023,22.2,pct_65_mas,porcentaje
País Vasco,Araba/Álava,Porcentaje de hogares unipersonales,2023,32.4,pct_hogares_unipersonales,porcentaje
País Vasco,Araba/Álava,Porcentaje de población menor de 18 años,2023,16.8,pct_menor_18,porcentaje
País Vasco,Araba/Álava,Porcentaje de población española,2023,89.3,pct_poblacion_espanola,porcentaje
País Vasco,Araba/Álava,Población,2023,334.363,poblacion,personas
País Vasco,Araba/Álava,Tamaño medio del hogar,2023,2.4,tamano_medio_hogar,personas_por_hogar
"Asturias, Principado de",Asturias,Edad media de la población,2015,46.9,edad_media,años
"Asturias, Principado de",Asturias,Porcentaje de población de 65 y más años,2015,24.3,pct_65_mas,porcentaje
"Asturias, Principado de",Asturias,Porcentaje de hogares unipersonales,2015,31.3,pct_hogares_unipersonales,porcentaje
"Asturias, Principado de",Asturias,Porcentaje de población menor de 18 años,2015,13.1,pct_menor_18,porcentaje
"Asturias, Principado de",Asturias,Porcentaje de población española,2015,96.1,pct_poblacion_espanola,porcentaje
"Asturias, Principado de",Asturias,Tamaño medio del hogar,2015,2.3,tamano_medio_hogar,personas_por_hogar
"Asturias, Principado de",Asturias,Edad media de la población,2016,47.2,edad_media,años
"Asturias, Principado de",Asturias,Porcentaje de población de 65 y más años,2016,24.7,pct_65_mas,porcentaje
"Asturias, Principado de",Asturias,Porcentaje de hogares unipersonales,2016,31.7,pct_hogares_unipersonales,porcentaje
"Asturias, Principado de",Asturias,Porcentaje de población menor de 18 años,2016,13.2,pct_menor_18,porcentaje
"Asturias, Principado de",Asturias,Porcentaje de población española,2016,96.2,pct_poblacion_espanola,porcentaje
"Asturias, Principado de",Asturias,Tamaño medio del hogar,2016,2.3,tamano_medio_hogar,personas_por_hogar
"Asturias, Principado de",Asturias,Edad media de la población,2017,47.5,edad_media,años
"Asturias, Principado de",Asturias,Porcentaje de población de 65 y más años,2017,25.1,pct_65_mas,porcentaje
"Asturias, Principado de",Asturias,Porcentaje de hogares unipersonales,2017,32.1,pct_hogares_unipersonales,porcentaje
"Asturias, Principado de",Asturias,Porcentaje de población menor de 18 años,2017,13.2,pct_menor_18,porcentaje
"Asturias, Principado de",Asturias,Porcentaje de población española,2017,96.1,pct_poblacion_espanola,porcentaje
"Asturias, Principado de",Asturias,Tamaño medio del hogar,2017,2.3,tamano_medio_hogar,personas_por_hogar
"Asturias, Principado de",Asturias,Edad media de la población,2018,47.7,edad_media,años
"Asturias, Principado de",Asturias,Porcentaje de población de 65 y más años,2018,25.5,pct_65_mas,porcentaje
"Asturias, Principado de",Asturias,Porcentaje de hogares unipersonales,2018,32.6,pct_hogares_unipersonales,porcentaje
"Asturias, Principado de",Asturias,Porcentaje de población menor de 18 años,2018,13.2,pct_menor_18,porcentaje
"Asturias, Principado de",Asturias,Porcentaje de población española,2018,95.9,pct_poblacion_espanola,porcentaje
"Asturias, Principado de",Asturias,Tamaño medio del hogar,2018,2.3,tamano_medio_hogar,personas_por_hogar
"Asturias, Principado de",Asturias,Edad media de la población,2019,48.0,edad_media,años
"Asturias, Principado de",Asturias,Porcentaje de población de 65 y más años,2019,26.0,pct_65_mas,porcentaje
"Asturias, Principado de",Asturias,Porcentaje de hogares unipersonales,2019,32.7,pct_hogares_unipersonales,porcentaje
"Asturias, Principado de",Asturias,Porcentaje de población menor de 18 años,2019,13.1,pct_menor_18,porcentaje
"Asturias, Principado de",Asturias,Porcentaje de población española,2019,95.6,pct_poblacion_espanola,porcentaje
"Asturias, Principado de",Asturias,Tamaño medio del hogar,2019,2.3,tamano_medio_hogar,personas_por_hogar
"Asturias, Principado de",Asturias,Edad media de la población,2020,48.3,edad_media,años
"Asturias, Principado de",Asturias,Porcentaje de población de 65 y más años,2020,26.4,pct_65_mas,porcentaje
"Asturias, Principado de",Asturias,Porcentaje de hogares unipersonales,2020,33.1,pct_hogares_unipersonales,porcentaje
"Asturias, Principado de",Asturias,Porcentaje de población menor de 18 años,2020,13.0,pct_menor_18,porcentaje
"Asturias, Principado de",Asturias,Porcentaje de población española,2020,95.5,pct_poblacion_espanola,porcentaje
"Asturias, Principado de",Asturias,Tamaño medio del hogar,2020,2.3,tamano_medio_hogar,personas_por_hogar
"Asturias, Principado de",Asturias,Edad media de la población,2021,48.6,edad_media,años
"Asturias, Principado de",Asturias,Porcentaje de población de 65 y más años,2021,27.0,pct_65_mas,porcentaje
"Asturias, Principado de",Asturias,Porcentaje de hogares unipersonales,2021,33.7,pct_hogares_unipersonales,porcentaje
"Asturias, Principado de",Asturias,Porcentaje de población menor de 18 años,2021,12.8,pct_menor_18,porcentaje
"Asturias, Principado de",Asturias,Porcentaje de población española,2021,95.5,pct_poblacion_espanola,porcentaje
"Asturias, Principado de",Asturias,Población,2021,996.757,poblacion,personas
"Asturias, Principado de",Asturias,Tamaño medio del hogar,2021,2.2,tamano_medio_hogar,personas_por_hogar
"Asturias, Principado de",Asturias,Edad media de la población,2022,48.7,edad_media,años
"Asturias, Principado de",Asturias,Porcentaje de población de 65 y más años,2022,27.4,pct_65_mas,porcentaje
"Asturias, Principado de",Asturias,Porcentaje de hogares unipersonales,2022,34.0,pct_hogares_unipersonales,porcentaje
"Asturias, Principado de",Asturias,Porcentaje de población menor de 18 años,2022,12.8,pct_menor_18,porcentaje
"Asturias, Principado de",Asturias,Porcentaje de población española,2022,94.8,pct_poblacion_espanola,porcentaje
"Asturias, Principado de",Asturias,Población,2022,998.499,poblacion,personas
"Asturias, Principado de",Asturias,Tamaño medio del hogar,2022,2.2,tamano_medio_hogar,personas_por_hogar
"Asturias, Principado de",Asturias,Edad media de la población,2023,48.9,edad_media,años
"Asturias, Principado de",Asturias,Porcentaje de población de 65 y más años,2023,27.8,pct_65_mas,porcentaje
"Asturias, Principado de",Asturias,Porcentaje de hogares unipersonales,2023,34.4,pct_hogares_unipersonales,porcentaje
"Asturias, Principado de",Asturias,Porcentaje de población menor de 18 años,2023,12.6,pct_menor_18,porcentaje
"Asturias, Principado de",Asturias,Porcentaje de población española,2023,94.1,pct_poblacion_espanola,porcentaje
"Asturias, Principado de",Asturias,Tamaño medio del hogar,2023,2.2,tamano_medio_hogar,personas_por_hogar
Extremadura,Badajoz,Edad media de la población,2015,41.9,edad_media,años
Extremadura,Badajoz,Porcentaje de población de 65 y más años,2015,18.5,pct_65_mas,porcentaje
Extremadura,Badajoz,Porcentaje de hogares unipersonales,2015,26.8,pct_hogares_unipersonales,porcentaje
Extremadura,Badajoz,Porcentaje de población menor de 18 años,2015,17.8,pct_menor_18,porcentaje
Extremadura,Badajoz,Porcentaje de población española,2015,97.1,pct_poblacion_espanola,porcentaje
Extremadura,Badajoz,Población,2015,682.115,poblacion,personas
Extremadura,Badajoz,Tamaño medio del hogar,2015,2.6,tamano_medio_hogar,personas_por_hogar
Extremadura,Badajoz,Edad media de la población,2016,42.2,edad_media,años
Extremadura,Badajoz,Porcentaje de población de 65 y más años,2016,18.8,pct_65_mas,porcentaje
Extremadura,Badajoz,Porcentaje de hogares unipersonales,2016,27.1,pct_hogares_unipersonales,porcentaje
Extremadura,Badajoz,Porcentaje de población menor de 18 años,2016,17.7,pct_menor_18,porcentaje
Extremadura,Badajoz,Porcentaje de población española,2016,97.2,pct_poblacion_espanola,porcentaje
Extremadura,Badajoz,Población,2016,677.825,poblacion,personas
Extremadura,Badajoz,Tamaño medio del hogar,2016,2.5,tamano_medio_hogar,personas_por_hogar
Extremadura,Badajoz,Edad media de la población,2017,42.5,edad_media,años
Extremadura,Badajoz,Porcentaje de población de 65 y más años,2017,19.0,pct_65_mas,porcentaje
Extremadura,Badajoz,Porcentaje de hogares unipersonales,2017,27.2,pct_hogares_unipersonales,porcentaje
Extremadura,Badajoz,Porcentaje de población menor de 18 años,2017,17.6,pct_menor_18,porcentaje
Extremadura,Badajoz,Porcentaje de población española,2017,97.2,pct_poblacion_espanola,porcentaje
Extremadura,Badajoz,Población,2017,674.788,poblacion,personas
Extremadura,Badajoz,Tamaño medio del hogar,2017,2.5,tamano_medio_hogar,personas_por_hogar
Extremadura,Badajoz,Edad media de la población,2018,42.8,edad_media,años
Extremadura,Badajoz,Porcentaje de población de 65 y más años,2018,19.3,pct_65_mas,porcentaje
Extremadura,Badajoz,Porcentaje de hogares unipersonales,2018,27.7,pct_hogares_unipersonales,porcentaje
Extremadura,Badajoz,Porcentaje de población menor de 18 años,2018,17.5,pct_menor_18,porcentaje
Extremadura,Badajoz,Porcentaje de población española,2018,97.1,pct_poblacion_espanola,porcentaje
Extremadura,Badajoz,Población,2018,670.715,poblacion,personas
Extremadura,Badajoz,Tamaño medio del hogar,2018,2.5,tamano_medio_hogar,personas_por_hogar
Extremadura,Badajoz,Edad media de la población,2019,43.1,edad_media,años
Extremadura,Badajoz,Porcentaje de población de 65 y más años,2019,19.5,pct_65_mas,porcentaje
Extremadura,Badajoz,Porcentaje de hogares unipersonales,2019,28.0,pct_hogares_unipersonales,porcentaje
Extremadura,Badajoz,Porcentaje de población menor de 18 años,2019,17.3,pct_menor_18,porcentaje
Extremadura,Badajoz,Porcentaje de población española,2019,96.9,pct_poblacion_espanola,porcentaje
Extremadura,Badajoz,Población,2019,669.125,poblacion,personas
Extremadura,Badajoz,Tamaño medio del hogar,2019,2.5,tamano_medio_hogar,personas_por_hogar
Extremadura,Badajoz,Edad media de la población,2020,43.4,edad_media,años
Extremadura,Badajoz,Porcentaje de población de 65 y más años,2020,19.7,pct_65_mas,porcentaje
Extremadura,Badajoz,Porcentaje de hogares unipersonales,2020,28.3,pct_hogares_unipersonales,porcentaje
Extremadura,Badajoz,Porcentaje de población menor de 18 años,2020,17.1,pct_menor_18,porcentaje
Extremadura,Badajoz,Porcentaje de población española,2020,96.8,pct_poblacion_espanola,porcentaje
Extremadura,Badajoz,Población,2020,667.879,poblacion,personas
Extremadura,Badajoz,Tamaño medio del hogar,2020,2.5,tamano_medio_hogar,personas_por_hogar
Extremadura,Badajoz,Edad media de la población,2021,43.7,edad_media,años
Extremadura,Badajoz,Porcentaje de población de 65 y más años,2021,20.0,pct_65_mas,porcentaje
Extremadura,Badajoz,Porcentaje de hogares unipersonales,2021,28.8,pct_hogares_unipersonales,porcentaje
Extremadura,Badajoz,Porcentaje de población menor de 18 años,2021,16.8,pct_menor_18,porcentaje
Extremadura,Badajoz,Porcentaje de población española,2021,96.8,pct_poblacion_espanola,porcentaje
Extremadura,Badajoz,Población,2021,664.288,poblacion,personas
Extremadura,Badajoz,Tamaño medio del hogar,2021,2.5,tamano_medio_hogar,personas_por_hogar
Extremadura,Badajoz,Edad media de la población,2022,44.0,edad_media,años
Extremadura,Badajoz,Porcentaje de población de 65 y más años,2022,20.4,pct_65_mas,porcentaje
Extremadura,Badajoz,Porcentaje de hogares unipersonales,2022,29.3,pct_hogares_unipersonales,porcentaje
Extremadura,Badajoz,Porcentaje de población menor de 18 años,2022,16.6,pct_menor_18,porcentaje
Extremadura,Badajoz,Porcentaje de población española,2022,96.5,pct_poblacion_espanola,porcentaje
Extremadura,Badajoz,Población,2022,662.828,poblacion,personas
Extremadura,Badajoz,Tamaño medio del hogar,2022,2.4,tamano_medio_hogar,personas_por_hogar
Extremadura,Badajoz,Edad media de la población,2023,44.3,edad_media,años
Extremadura,Badajoz,Porcentaje de población de 65 y más años,2023,20.9,pct_65_mas,porcentaje
Extremadura,Badajoz,Porcentaje de hogares unipersonales,2023,29.9,pct_hogares_unipersonales,porcentaje
Extremadura,Badajoz,Porcentaje de población menor de 18 años,2023,16.4,pct_menor_18,porcentaje
Extremadura,Badajoz,Porcentaje de población española,2023,96.2,pct_poblacion_espanola,porcentaje
Extremadura,Badajoz,Población,2023,662.774,poblacion,personas
Extremadura,Badajoz,Tamaño medio del hogar,2023,2.4,tamano_medio_hogar,personas_por_hogar
"Balears, Illes","Balears, Illes",Edad media de la población,2015,40.3,edad_media,años
"Balears, Illes","Balears, Illes",Porcentaje de población de 65 y más años,2015,15.1,pct_65_mas,porcentaje
"Balears, Illes","Balears, Illes",Porcentaje de hogares unipersonales,2015,27.5,pct_hogares_unipersonales,porcentaje
"Balears, Illes","Balears, Illes",Porcentaje de población menor de 18 años,2015,18.3,pct_menor_18,porcentaje
"Balears, Illes","Balears, Illes",Porcentaje de población española,2015,82.9,pct_poblacion_espanola,porcentaje
"Balears, Illes","Balears, Illes",Tamaño medio del hogar,2015,2.7,tamano_medio_hogar,personas_por_hogar
"Balears, Illes","Balears, Illes",Edad media de la población,2016,40.4,edad_media,años
"Balears, Illes","Balears, Illes",Porcentaje de población de 65 y más años,2016,15.3,pct_65_mas,porcentaje
"Balears, Illes","Balears, Illes",Porcentaje de hogares unipersonales,2016,27.4,pct_hogares_unipersonales,porcentaje
"Balears, Illes","Balears, Illes",Porcentaje de población menor de 18 años,2016,18.4,pct_menor_18,porcentaje
"Balears, Illes","Balears, Illes",Porcentaje de población española,2016,83.3,pct_poblacion_espanola,porcentaje
"Balears, Illes","Balears, Illes",Tamaño medio del hogar,2016,2.7,tamano_medio_hogar,personas_por_hogar
"Balears, Illes","Balears, Illes",Edad media de la población,2017,40.5,edad_media,años
"Balears, Illes","Balears, Illes",Porcentaje de población de 65 y más años,2017,15.4,pct_65_mas,porcentaje
"Balears, Illes","Balears, Illes",Porcentaje de hogares unipersonales,2017,27.3,pct_hogares_unipersonales,porcentaje
"Balears, Illes","Balears, Illes",Porcentaje de población menor de 18 años,2017,18.4,pct_menor_18,porcentaje
"Balears, Illes","Balears, Illes",Porcentaje de población española,2017,82.9,pct_poblacion_espanola,porcentaje
"Balears, Illes","Balears, Illes",Tamaño medio del hogar,2017,2.7,tamano_medio_hogar,personas_por_hogar
"Balears, Illes","Balears, Illes",Edad media de la población,2018,40.7,edad_media,años
"Balears, Illes","Balears, Illes",Porcentaje de población de 65 y más años,2018,15.5,pct_65_mas,porcentaje
"Balears, Illes","Balears, Illes",Porcentaje de hogares unipersonales,2018,27.3,pct_hogares_unipersonales,porcentaje
"Balears, Illes","Balears, Illes",Porcentaje de población menor de 18 años,2018,18.1,pct_menor_18,porcentaje
"Balears, Illes","Balears, Illes",Porcentaje de población española,2018,82.2,pct_poblacion_espanola,porcentaje
"Balears, Illes","Balears, Illes",Tamaño medio del hogar,2018,2.7,tamano_medio_hogar,personas_por_hogar
"Balears, Illes","Balears, Illes",Edad media de la población,2019,40.9,edad_media,años
"Balears, Illes","Balears, Illes",Porcentaje de población de 65 y más años,2019,15.7,pct_65_mas,porcentaje
"Balears, Illes","Balears, Illes",Porcentaje de hogares unipersonales,2019,27.2,pct_hogares_unipersonales,porcentaje
"Balears, Illes","Balears, Illes",Porcentaje de población menor de 18 años,2019,17.8,pct_menor_18,porcentaje
"Balears, Illes","Balears, Illes",Porcentaje de población española,2019,81.2,pct_poblacion_espanola,porcentaje
"Balears, Illes","Balears, Illes",Tamaño medio del hogar,2019,2.7,tamano_medio_hogar,personas_por_hogar
"Balears, Illes","Balears, Illes",Edad media de la población,2020,41.2,edad_media,años
"Balears, Illes","Balears, Illes",Porcentaje de población de 65 y más años,2020,16.0,pct_65_mas,porcentaje
"Balears, Illes","Balears, Illes",Porcentaje de hogares unipersonales,2020,27.3,pct_hogares_unipersonales,porcentaje
"Balears, Illes","Balears, Illes",Porcentaje de población menor de 18 años,2020,17.6,pct_menor_18,porcentaje
"Balears, Illes","Balears, Illes",Porcentaje de población española,2020,81.2,pct_poblacion_espanola,porcentaje
"Balears, Illes","Balears, Illes",Tamaño medio del hogar,2020,2.7,tamano_medio_hogar,personas_por_hogar
"Balears, Illes","Balears, Illes",Edad media de la población,2021,41.5,edad_media,años
"Balears, Illes","Balears, Illes",Porcentaje de población de 65 y más años,2021,16.3,pct_65_mas,porcentaje
"Balears, Illes","Balears, Illes",Porcentaje de hogares unipersonales,2021,27.7,pct_hogares_unipersonales,porcentaje
"Balears, Illes","Balears, Illes",Porcentaje de población menor de 18 años,2021,17.5,pct_menor_18,porcentaje
"Balears, Illes","Balears, Illes",Porcentaje de población española,2021,81.1,pct_poblacion_espanola,porcentaje
"Balears, Illes","Balears, Illes",Tamaño medio del hogar,2021,2.7,tamano_medio_hogar,personas_por_hogar
"Balears, Illes","Balears, Illes",Edad media de la población,2022,41.8,edad_media,años
"Balears, Illes","Balears, Illes",Porcentaje de población de 65 y más años,2022,16.5,pct_65_mas,porcentaje
"Balears, Illes","Balears, Illes",Porcentaje de hogares unipersonales,2022,27.5,pct_hogares_unipersonales,porcentaje
"Balears, Illes","Balears, Illes",Porcentaje de población menor de 18 años,2022,17.1,pct_menor_18,porcentaje
"Balears, Illes","Balears, Illes",Porcentaje de población española,2022,79.9,pct_poblacion_espanola,porcentaje
"Balears, Illes","Balears, Illes",Tamaño medio del hogar,2022,2.7,tamano_medio_hogar,personas_por_hogar
"Balears, Illes","Balears, Illes",Edad media de la población,2023,42.0,edad_media,años
"Balears, Illes","Balears, Illes",Porcentaje de población de 65 y más años,2023,16.7,pct_65_mas,porcentaje
"Balears, Illes","Balears, Illes",Porcentaje de hogares unipersonales,2023,27.5,pct_hogares_unipersonales,porcentaje
"Balears, Illes","Balears, Illes",Porcentaje de población menor de 18 años,2023,16.7,pct_menor_18,porcentaje
"Balears, Illes","Balears, Illes",Porcentaje de población española,2023,79.3,pct_poblacion_espanola,porcentaje
"Balears, Illes","Balears, Illes",Tamaño medio del hogar,2023,2.7,tamano_medio_hogar,personas_por_hogar
Cataluña,Barcelona,Edad media de la población,2015,41.8,edad_media,años
Cataluña,Barcelona,Porcentaje de población de 65 y más años,2015,18.3,pct_65_mas,porcentaje
Cataluña,Barcelona,Porcentaje de hogares unipersonales,2015,25.5,pct_hogares_unipersonales,porcentaje
Cataluña,Barcelona,Porcentaje de población menor de 18 años,2015,18.4,pct_menor_18,porcentaje
Cataluña,Barcelona,Porcentaje de población española,2015,87.6,pct_poblacion_espanola,porcentaje
Cataluña,Barcelona,Tamaño medio del hogar,2015,2.6,tamano_medio_hogar,personas_por_hogar
Cataluña,Barcelona,Edad media de la población,2016,41.9,edad_media,años
Cataluña,Barcelona,Porcentaje de población de 65 y más años,2016,18.4,pct_65_mas,porcentaje
Cataluña,Barcelona,Porcentaje de hogares unipersonales,2016,26.0,pct_hogares_unipersonales,porcentaje
Cataluña,Barcelona,Porcentaje de población menor de 18 años,2016,18.4,pct_menor_18,porcentaje
Cataluña,Barcelona,Porcentaje de población española,2016,87.2,pct_poblacion_espanola,porcentaje
Cataluña,Barcelona,Tamaño medio del hogar,2016,2.6,tamano_medio_hogar,personas_por_hogar
Cataluña,Barcelona,Edad media de la población,2017,42.1,edad_media,años
Cataluña,Barcelona,Porcentaje de población de 65 y más años,2017,18.6,pct_65_mas,porcentaje
Cataluña,Barcelona,Porcentaje de hogares unipersonales,2017,26.1,pct_hogares_unipersonales,porcentaje
Cataluña,Barcelona,Porcentaje de población menor de 18 años,2017,18.4,pct_menor_18,porcentaje
Cataluña,Barcelona,Porcentaje de población española,2017,86.7,pct_poblacion_espanola,porcentaje
Cataluña,Barcelona,Tamaño medio del hogar,2017,2.6,tamano_medio_hogar,personas_por_hogar
Cataluña,Barcelona,Edad media de la población,2018,42.2,edad_media,años
Cataluña,Barcelona,Porcentaje de población de 65 y más años,2018,18.8,pct_65_mas,porcentaje
Cataluña,Barcelona,Porcentaje de hogares unipersonales,2018,26.2,pct_hogares_unipersonales,porcentaje
Cataluña,Barcelona,Porcentaje de población menor de 18 años,2018,18.2,pct_menor_18,porcentaje
Cataluña,Barcelona,Porcentaje de población española,2018,85.8,pct_poblacion_espanola,porcentaje
Cataluña,Barcelona,Tamaño medio del hogar,2018,2.6,tamano_medio_hogar,personas_por_hogar
Cataluña,Barcelona,Edad media de la población,2019,42.4,edad_media,años
Cataluña,Barcelona,Porcentaje de población de 65 y más años,2019,18.9,pct_65_mas,porcentaje
Cataluña,Barcelona,Porcentaje de hogares unipersonales,2019,26.1,pct_hogares_unipersonales,porcentaje
Cataluña,Barcelona,Porcentaje de población menor de 18 años,2019,18.0,pct_menor_18,porcentaje
Cataluña,Barcelona,Porcentaje de población española,2019,84.6,pct_poblacion_espanola,porcentaje
Cataluña,Barcelona,Tamaño medio del hogar,2019,2.6,tamano_medio_hogar,personas_por_hogar
Cataluña,Barcelona,Edad media de la población,2020,42.6,edad_media,años
Cataluña,Barcelona,Porcentaje de población de 65 y más años,2020,19.0,pct_65_mas,porcentaje
Cataluña,Barcelona,Porcentaje de hogares unipersonales,2020,26.4,pct_hogares_unipersonales,porcentaje
Cataluña,Barcelona,Porcentaje de población menor de 18 años,2020,17.7,pct_menor_18,porcentaje
Cataluña,Barcelona,Porcentaje de población española,2020,84.8,pct_poblacion_espanola,porcentaje
Cataluña,Barcelona,Tamaño medio del hogar,2020,2.6,tamano_medio_hogar,personas_por_hogar
Cataluña,Barcelona,Edad media de la población,2021,42.9,edad_media,años
Cataluña,Barcelona,Porcentaje de población de 65 y más años,2021,19.3,pct_65_mas,porcentaje
Cataluña,Barcelona,Porcentaje de hogares unipersonales,2021,26.9,pct_hogares_unipersonales,porcentaje
Cataluña,Barcelona,Porcentaje de población menor de 18 años,2021,17.5,pct_menor_18,porcentaje
Cataluña,Barcelona,Porcentaje de población española,2021,84.5,pct_poblacion_espanola,porcentaje
Cataluña,Barcelona,Tamaño medio del hogar,2021,2.6,tamano_medio_hogar,personas_por_hogar
Cataluña,Barcelona,Edad media de la población,2022,43.0,edad_media,años
Cataluña,Barcelona,Porcentaje de población de 65 y más años,2022,19.4,pct_65_mas,porcentaje
Cataluña,Barcelona,Porcentaje de hogares unipersonales,2022,27.1,pct_hogares_unipersonales,porcentaje
Cataluña,Barcelona,Porcentaje de población menor de 18 años,2022,17.2,pct_menor_18,porcentaje
Cataluña,Barcelona,Porcentaje de población española,2022,84.3,pct_poblacion_espanola,porcentaje
Cataluña,Barcelona,Tamaño medio del hogar,2022,2.6,tamano_medio_hogar,personas_por_hogar
Cataluña,Barcelona,Edad media de la población,2023,43.1,edad_media,años
Cataluña,Barcelona,Porcentaje de población de 65 y más años,2023,19.6,pct_65_mas,porcentaje
Cataluña,Barcelona,Porcentaje de hogares unipersonales,2023,27.0,pct_hogares_unipersonales,porcentaje
Cataluña,Barcelona,Porcentaje de población menor de 18 años,2023,16.8,pct_menor_18,porcentaje
Cataluña,Barcelona,Porcentaje de población española,2023,83.6,pct_poblacion_espanola,porcentaje
Cataluña,Barcelona,Tamaño medio del hogar,2023,2.6,tamano_medio_hogar,personas_por_hogar
País Vasco,Bizkaia,Edad media de la población,2015,44.7,edad_media,años
País Vasco,Bizkaia,Porcentaje de población de 65 y más años,2015,21.7,pct_65_mas,porcentaje
País Vasco,Bizkaia,Porcentaje de hogares unipersonales,2015,26.6,pct_hogares_unipersonales,porcentaje
País Vasco,Bizkaia,Porcentaje de población menor de 18 años,2015,15.9,pct_menor_18,porcentaje
País Vasco,Bizkaia,Porcentaje de población española,2015,94.2,pct_poblacion_espanola,porcentaje
País Vasco,Bizkaia,Tamaño medio del hogar,2015,2.5,tamano_medio_hogar,personas_por_hogar
País Vasco,Bizkaia,Edad media de la población,2016,44.9,edad_media,años
País Vasco,Bizkaia,Porcentaje de población de 65 y más años,2016,22.0,pct_65_mas,porcentaje
País Vasco,Bizkaia,Porcentaje de hogares unipersonales,2016,27.1,pct_hogares_unipersonales,porcentaje
País Vasco,Bizkaia,Porcentaje de población menor de 18 años,2016,16.0,pct_menor_18,porcentaje
País Vasco,Bizkaia,Porcentaje de población española,2016,94.1,pct_poblacion_espanola,porcentaje
País Vasco,Bizkaia,Tamaño medio del hogar,2016,2.5,tamano_medio_hogar,personas_por_hogar
País Vasco,Bizkaia,Edad media de la población,2017,45.1,edad_media,años
País Vasco,Bizkaia,Porcentaje de población de 65 y más años,2017,22.3,pct_65_mas,porcentaje
País Vasco,Bizkaia,Porcentaje de hogares unipersonales,2017,27.8,pct_hogares_unipersonales,porcentaje
País Vasco,Bizkaia,Porcentaje de población menor de 18 años,2017,16.0,pct_menor_18,porcentaje
País Vasco,Bizkaia,Porcentaje de población española,2017,93.7,pct_poblacion_espanola,porcentaje
País Vasco,Bizkaia,Tamaño medio del hogar,2017,2.4,tamano_medio_hogar,personas_por_hogar
País Vasco,Bizkaia,Edad media de la población,2018,45.3,edad_media,años
País Vasco,Bizkaia,Porcentaje de población de 65 y más años,2018,22.6,pct_65_mas,porcentaje
País Vasco,Bizkaia,Porcentaje de hogares unipersonales,2018,28.3,pct_hogares_unipersonales,porcentaje
País Vasco,Bizkaia,Porcentaje de población menor de 18 años,2018,15.8,pct_menor_18,porcentaje
País Vasco,Bizkaia,Porcentaje de población española,2018,93.2,pct_poblacion_espanola,porcentaje
País Vasco,Bizkaia,Tamaño medio del hogar,2018,2.4,tamano_medio_hogar,personas_por_hogar
País Vasco,Bizkaia,Edad media de la población,2019,45.5,edad_media,años
País Vasco,Bizkaia,Porcentaje de población de 65 y más años,2019,22.8,pct_65_mas,porcentaje
País Vasco,Bizkaia,Porcentaje de hogares unipersonales,2019,28.6,pct_hogares_unipersonales,porcentaje
País Vasco,Bizkaia,Porcentaje de población menor de 18 años,2019,15.7,pct_menor_18,porcentaje
País Vasco,Bizkaia,Porcentaje de población española,2019,92.5,pct_poblacion_espanola,porcentaje
País Vasco,Bizkaia,Tamaño medio del hogar,2019,2.4,tamano_medio_hogar,personas_por_hogar
País Vasco,Bizkaia,Edad media de la población,2020,45.8,edad_media,años
País Vasco,Bizkaia,Porcentaje de población de 65 y más años,2020,23.1,pct_65_mas,porcentaje
País Vasco,Bizkaia,Porcentaje de hogares unipersonales,2020,29.0,pct_hogares_unipersonales,porcentaje
País Vasco,Bizkaia,Porcentaje de población menor de 18 años,2020,15.5,pct_menor_18,porcentaje
País Vasco,Bizkaia,Porcentaje de población española,2020,92.2,pct_poblacion_espanola,porcentaje
País Vasco,Bizkaia,Tamaño medio del hogar,2020,2.4,tamano_medio_hogar,personas_por_hogar
País Vasco,Bizkaia,Edad media de la población,2021,46.0,edad_media,años
País Vasco,Bizkaia,Porcentaje de población de 65 y más años,2021,23.5,pct_65_mas,porcentaje
País Vasco,Bizkaia,Porcentaje de hogares unipersonales,2021,29.7,pct_hogares_unipersonales,porcentaje
País Vasco,Bizkaia,Porcentaje de población menor de 18 años,2021,15.3,pct_menor_18,porcentaje
País Vasco,Bizkaia,Porcentaje de población española,2021,92.2,pct_poblacion_espanola,porcentaje
País Vasco,Bizkaia,Tamaño medio del hogar,2021,2.4,tamano_medio_hogar,personas_por_hogar
País Vasco,Bizkaia,Edad media de la población,2022,46.1,edad_media,años
País Vasco,Bizkaia,Porcentaje de población de 65 y más años,2022,23.8,pct_65_mas,porcentaje
País Vasco,Bizkaia,Porcentaje de hogares unipersonales,2022,30.2,pct_hogares_unipersonales,porcentaje
País Vasco,Bizkaia,Porcentaje de población menor de 18 años,2022,15.1,pct_menor_18,porcentaje
País Vasco,Bizkaia,Porcentaje de población española,2022,91.6,pct_poblacion_espanola,porcentaje
País Vasco,Bizkaia,Tamaño medio del hogar,2022,2.4,tamano_medio_hogar,personas_por_hogar
País Vasco,Bizkaia,Edad media de la población,2023,46.3,edad_media,años
País Vasco,Bizkaia,Porcentaje de población de 65 y más años,2023,24.2,pct_65_mas,porcentaje
País Vasco,Bizkaia,Porcentaje de hogares unipersonales,2023,30.6,pct_hogares_unipersonales,porcentaje
País Vasco,Bizkaia,Porcentaje de población menor de 18 años,2023,14.9,pct_menor_18,porcentaje
País Vasco,Bizkaia,Porcentaje de población española,2023,91.0,pct_poblacion_espanola,porcentaje
País Vasco,Bizkaia,Tamaño medio del hogar,2023,2.4,tamano_medio_hogar,personas_por_hogar
Castilla y León,Burgos,Edad media de la población,2015,45.1,edad_media,años
Castilla y León,Burgos,Porcentaje de población de 65 y más años,2015,22.4,pct_65_mas,porcentaje
Castilla y León,Burgos,Porcentaje de hogares unipersonales,2015,33.9,pct_hogares_unipersonales,porcentaje
Castilla y León,Burgos,Porcentaje de población menor de 18 años,2015,15.7,pct_menor_18,porcentaje
Castilla y León,Burgos,Porcentaje de población española,2015,92.9,pct_poblacion_espanola,porcentaje
Castilla y León,Burgos,Población,2015,357.779,poblacion,personas
Castilla y León,Burgos,Tamaño medio del hogar,2015,2.4,tamano_medio_hogar,personas_por_hogar
Castilla y León,Burgos,Edad media de la población,2016,45.4,edad_media,años
Castilla y León,Burgos,Porcentaje de población de 65 y más años,2016,22.8,pct_65_mas,porcentaje
Castilla y León,Burgos,Porcentaje de hogares unipersonales,2016,34.3,pct_hogares_unipersonales,porcentaje
Castilla y León,Burgos,Porcentaje de población menor de 18 años,2016,15.8,pct_menor_18,porcentaje
Castilla y León,Burgos,Porcentaje de población española,2016,93.2,pct_poblacion_espanola,porcentaje
Castilla y León,Burgos,Población,2016,354.925,poblacion,personas
Castilla y León,Burgos,Tamaño medio del hogar,2016,2.4,tamano_medio_hogar,personas_por_hogar
Castilla y León,Burgos,Edad media de la población,2017,45.6,edad_media,años
Castilla y León,Burgos,Porcentaje de población de 65 y más años,2017,23.1,pct_65_mas,porcentaje
Castilla y León,Burgos,Porcentaje de hogares unipersonales,2017,34.4,pct_hogares_unipersonales,porcentaje
Castilla y León,Burgos,Porcentaje de población menor de 18 años,2017,15.8,pct_menor_18,porcentaje
Castilla y León,Burgos,Porcentaje de población española,2017,93.0,pct_poblacion_espanola,porcentaje
Castilla y León,Burgos,Población,2017,353.826,poblacion,personas
Castilla y León,Burgos,Tamaño medio del hogar,2017,2.4,tamano_medio_hogar,personas_por_hogar
Castilla y León,Burgos,Edad media de la población,2018,45.8,edad_media,años
Castilla y León,Burgos,Porcentaje de población de 65 y más años,2018,23.4,pct_65_mas,porcentaje
Castilla y León,Burgos,Porcentaje de hogares unipersonales,2018,34.8,pct_hogares_unipersonales,porcentaje
Castilla y León,Burgos,Porcentaje de población menor de 18 años,2018,15.6,pct_menor_18,porcentaje
Castilla y León,Burgos,Porcentaje de población española,2018,92.6,pct_poblacion_espanola,porcentaje
Castilla y León,Burgos,Población,2018,351.889,poblacion,personas
Castilla y León,Burgos,Tamaño medio del hogar,2018,2.3,tamano_medio_hogar,personas_por_hogar
Castilla y León,Burgos,Edad media de la población,2019,46.0,edad_media,años
Castilla y León,Burgos,Porcentaje de población de 65 y más años,2019,23.7,pct_65_mas,porcentaje
Castilla y León,Burgos,Porcentaje de hogares unipersonales,2019,34.9,pct_hogares_unipersonales,porcentaje
Castilla y León,Burgos,Porcentaje de población menor de 18 años,2019,15.6,pct_menor_18,porcentaje
Castilla y León,Burgos,Porcentaje de población española,2019,92.0,pct_poblacion_espanola,porcentaje
Castilla y León,Burgos,Población,2019,352.113,poblacion,personas
Castilla y León,Burgos,Tamaño medio del hogar,2019,2.3,tamano_medio_hogar,personas_por_hogar
Castilla y León,Burgos,Edad media de la población,2020,46.2,edad_media,años
Castilla y León,Burgos,Porcentaje de población de 65 y más años,2020,23.9,pct_65_mas,porcentaje
Castilla y León,Burgos,Porcentaje de hogares unipersonales,2020,35.2,pct_hogares_unipersonales,porcentaje
Castilla y León,Burgos,Porcentaje de población menor de 18 años,2020,15.4,pct_menor_18,porcentaje
Castilla y León,Burgos,Porcentaje de población española,2020,91.9,pct_poblacion_espanola,porcentaje
Castilla y León,Burgos,Población,2020,351.322,poblacion,personas
Castilla y León,Burgos,Tamaño medio del hogar,2020,2.3,tamano_medio_hogar,personas_por_hogar
Castilla y León,Burgos,Edad media de la población,2021,46.5,edad_media,años
Castilla y León,Burgos,Porcentaje de población de 65 y más años,2021,24.4,pct_65_mas,porcentaje
Castilla y León,Burgos,Porcentaje de hogares unipersonales,2021,35.7,pct_hogares_unipersonales,porcentaje
Castilla y León,Burgos,Porcentaje de población menor de 18 años,2021,15.2,pct_menor_18,porcentaje
Castilla y León,Burgos,Porcentaje de población española,2021,91.7,pct_poblacion_espanola,porcentaje
Castilla y León,Burgos,Población,2021,350.193,poblacion,personas
Castilla y León,Burgos,Tamaño medio del hogar,2021,2.3,tamano_medio_hogar,personas_por_hogar
Castilla y León,Burgos,Edad media de la población,2022,46.6,edad_media,años
Castilla y León,Burgos,Porcentaje de población de 65 y más años,2022,24.7,pct_65_mas,porcentaje
Castilla y León,Burgos,Porcentaje de hogares unipersonales,2022,36.0,pct_hogares_unipersonales,porcentaje
Castilla y León,Burgos,Porcentaje de población menor de 18 años,2022,15.2,pct_menor_18,porcentaje
Castilla y León,Burgos,Porcentaje de población española,2022,91.0,pct_poblacion_espanola,porcentaje
Castilla y León,Burgos,Población,2022,351.719,poblacion,personas
Castilla y León,Burgos,Tamaño medio del hogar,2022,2.3,tamano_medio_hogar,personas_por_hogar
Castilla y León,Burgos,Edad media de la población,2023,46.8,edad_media,años
Castilla y León,Burgos,Porcentaje de población de 65 y más años,2023,25.1,pct_65_mas,porcentaje
Castilla y León,Burgos,Porcentaje de hogares unipersonales,2023,36.5,pct_hogares_unipersonales,porcentaje
Castilla y León,Burgos,Porcentaje de población menor de 18 años,2023,15.0,pct_menor_18,porcentaje
Castilla y León,Burgos,Porcentaje de población española,2023,90.3,pct_poblacion_espanola,porcentaje
Castilla y León,Burgos,Población,2023,354.235,poblacion,personas
Castilla y León,Burgos,Tamaño medio del hogar,2023,2.3,tamano_medio_hogar,personas_por_hogar
Cantabria,Cantabria,Edad media de la población,2015,44.1,edad_media,años
Cantabria,Cantabria,Porcentaje de población de 65 y más años,2015,20.4,pct_65_mas,porcentaje
Cantabria,Cantabria,Porcentaje de hogares unipersonales,2015,29.3,pct_hogares_unipersonales,porcentaje
Cantabria,Cantabria,Porcentaje de población menor de 18 años,2015,16.1,pct_menor_18,porcentaje
Cantabria,Cantabria,Porcentaje de población española,2015,94.8,pct_poblacion_espanola,porcentaje
Cantabria,Cantabria,Población,2015,577.635,poblacion,personas
Cantabria,Cantabria,Tamaño medio del hogar,2015,2.5,tamano_medio_hogar,personas_por_hogar
Cantabria,Cantabria,Edad media de la población,2016,44.4,edad_media,años
Cantabria,Cantabria,Porcentaje de población de 65 y más años,2016,20.8,pct_65_mas,porcentaje
Cantabria,Cantabria,Porcentaje de hogares unipersonales,2016,29.4,pct_hogares_unipersonales,porcentaje
Cantabria,Cantabria,Porcentaje de población menor de 18 años,2016,16.2,pct_menor_18,porcentaje
Cantabria,Cantabria,Porcentaje de población española,2016,94.9,pct_poblacion_espanola,porcentaje
Cantabria,Cantabria,Población,2016,575.721,poblacion,personas
Cantabria,Cantabria,Tamaño medio del hogar,2016,2.5,tamano_medio_hogar,personas_por_hogar
Cantabria,Cantabria,Edad media de la población,2017,44.6,edad_media,años
Cantabria,Cantabria,Porcentaje de población de 65 y más años,2017,21.2,pct_65_mas,porcentaje
Cantabria,Cantabria,Porcentaje de hogares unipersonales,2017,29.6,pct_hogares_unipersonales,porcentaje
Cantabria,Cantabria,Porcentaje de población menor de 18 años,2017,16.2,pct_menor_18,porcentaje
Cantabria,Cantabria,Porcentaje de población española,2017,94.7,pct_poblacion_espanola,porcentaje
Cantabria,Cantabria,Población,2017,575.538,poblacion,personas
Cantabria,Cantabria,Tamaño medio del hogar,2017,2.5,tamano_medio_hogar,personas_por_hogar
Cantabria,Cantabria,Edad media de la población,2018,44.9,edad_media,años
Cantabria,Cantabria,Porcentaje de población de 65 y más años,2018,21.6,pct_65_mas,porcentaje
Cantabria,Cantabria,Porcentaje de hogares unipersonales,2018,30.0,pct_hogares_unipersonales,porcentaje
Cantabria,Cantabria,Porcentaje de población menor de 18 años,2018,16.1,pct_menor_18,porcentaje
Cantabria,Cantabria,Porcentaje de población española,2018,94.4,pct_poblacion_espanola,porcentaje
Cantabria,Cantabria,Población,2018,574.754,poblacion,personas
Cantabria,Cantabria,Tamaño medio del hogar,2018,2.5,tamano_medio_hogar,personas_por_hogar
Cantabria,Cantabria,Edad media de la población,2019,45.2,edad_media,años
Cantabria,Cantabria,Porcentaje de población de 65 y más años,2019,21.9,pct_65_mas,porcentaje
Cantabria,Cantabria,Porcentaje de hogares unipersonales,2019,30.2,pct_hogares_unipersonales,porcentaje
Cantabria,Cantabria,Porcentaje de población menor de 18 años,2019,15.9,pct_menor_18,porcentaje
Cantabria,Cantabria,Porcentaje de población española,2019,93.8,pct_poblacion_espanola,porcentaje
Cantabria,Cantabria,Población,2019,576.277,poblacion,personas
Cantabria,Cantabria,Tamaño medio del hogar,2019,2.5,tamano_medio_hogar,personas_por_hogar
Cantabria,Cantabria,Edad media de la población,2020,45.5,edad_media,años
Cantabria,Cantabria,Porcentaje de población de 65 y más años,2020,22.3,pct_65_mas,porcentaje
Cantabria,Cantabria,Porcentaje de hogares unipersonales,2020,30.4,pct_hogares_unipersonales,porcentaje
Cantabria,Cantabria,Porcentaje de población menor de 18 años,2020,15.7,pct_menor_18,porcentaje
Cantabria,Cantabria,Porcentaje de población española,2020,93.8,pct_poblacion_espanola,porcentaje
Cantabria,Cantabria,Población,2020,578.247,poblacion,personas
Cantabria,Cantabria,Tamaño medio del hogar,2020,2.4,tamano_medio_hogar,personas_por_hogar
Cantabria,Cantabria,Edad media de la población,2021,45.8,edad_media,años
Cantabria,Cantabria,Porcentaje de población de 65 y más años,2021,22.8,pct_65_mas,porcentaje
Cantabria,Cantabria,Porcentaje de hogares unipersonales,2021,30.7,pct_hogares_unipersonales,porcentaje
Cantabria,Cantabria,Porcentaje de población menor de 18 años,2021,15.4,pct_menor_18,porcentaje
Cantabria,Cantabria,Porcentaje de población española,2021,93.6,pct_poblacion_espanola,porcentaje
Cantabria,Cantabria,Población,2021,579.078,poblacion,personas
Cantabria,Cantabria,Tamaño medio del hogar,2021,2.4,tamano_medio_hogar,personas_por_hogar
Cantabria,Cantabria,Edad media de la población,2022,46.0,edad_media,años
Cantabria,Cantabria,Porcentaje de población de 65 y más años,2022,23.3,pct_65_mas,porcentaje
Cantabria,Cantabria,Porcentaje de hogares unipersonales,2022,31.1,pct_hogares_unipersonales,porcentaje
Cantabria,Cantabria,Porcentaje de población menor de 18 años,2022,15.2,pct_menor_18,porcentaje
Cantabria,Cantabria,Porcentaje de población española,2022,93.1,pct_poblacion_espanola,porcentaje
Cantabria,Cantabria,Población,2022,581.828,poblacion,personas
Cantabria,Cantabria,Tamaño medio del hogar,2022,2.4,tamano_medio_hogar,personas_por_hogar
Cantabria,Cantabria,Edad media de la población,2023,46.2,edad_media,años
Cantabria,Cantabria,Porcentaje de población de 65 y más años,2023,23.8,pct_65_mas,porcentaje
Cantabria,Cantabria,Porcentaje de hogares unipersonales,2023,31.4,pct_hogares_unipersonales,porcentaje
Cantabria,Cantabria,Porcentaje de población menor de 18 años,2023,14.9,pct_menor_18,porcentaje
Cantabria,Cantabria,Porcentaje de población española,2023,92.6,pct_poblacion_espanola,porcentaje
Cantabria,Cantabria,Población,2023,583.796,poblacion,personas
Cantabria,Cantabria,Tamaño medio del hogar,2023,2.4,tamano_medio_hogar,personas_por_hogar
Comunitat Valenciana,Castellón/Castelló,Edad media de la población,2015,41.9,edad_media,años
Comunitat Valenciana,Castellón/Castelló,Porcentaje de población de 65 y más años,2015,18.2,pct_65_mas,porcentaje
Comunitat Valenciana,Castellón/Castelló,Porcentaje de hogares unipersonales,2015,29.3,pct_hogares_unipersonales,porcentaje
Comunitat Valenciana,Castellón/Castelló,Porcentaje de población menor de 18 años,2015,18.3,pct_menor_18,porcentaje
Comunitat Valenciana,Castellón/Castelló,Porcentaje de población española,2015,85.6,pct_poblacion_espanola,porcentaje
Comunitat Valenciana,Castellón/Castelló,Población,2015,575.292,poblacion,personas
Comunitat Valenciana,Castellón/Castelló,Tamaño medio del hogar,2015,2.5,tamano_medio_hogar,personas_por_hogar
Comunitat Valenciana,Castellón/Castelló,Edad media de la población,2016,42.2,edad_media,años
Comunitat Valenciana,Castellón/Castelló,Porcentaje de población de 65 y más años,2016,18.5,pct_65_mas,porcentaje
Comunitat Valenciana,Castellón/Castelló,Porcentaje de hogares unipersonales,2016,29.6,pct_hogares_unipersonales,porcentaje
Comunitat Valenciana,Castellón/Castelló,Porcentaje de población menor de 18 años,2016,18.3,pct_menor_18,porcentaje
Comunitat Valenciana,Castellón/Castelló,Porcentaje de población española,2016,86.2,pct_poblacion_espanola,porcentaje
Comunitat Valenciana,Castellón/Castelló,Población,2016,572.685,poblacion,personas
Comunitat Valenciana,Castellón/Castelló,Tamaño medio del hogar,2016,2.5,tamano_medio_hogar,personas_por_hogar
Comunitat Valenciana,Castellón/Castelló,Edad media de la población,2017,42.4,edad_media,años
Comunitat Valenciana,Castellón/Castelló,Porcentaje de población de 65 y más años,2017,18.8,pct_65_mas,porcentaje
Comunitat Valenciana,Castellón/Castelló,Porcentaje de hogares unipersonales,2017,29.7,pct_hogares_unipersonales,porcentaje
Comunitat Valenciana,Castellón/Castelló,Porcentaje de población menor de 18 años,2017,18.2,pct_menor_18,porcentaje
Comunitat Valenciana,Castellón/Castelló,Porcentaje de población española,2017,85.9,pct_poblacion_espanola,porcentaje
Comunitat Valenciana,Castellón/Castelló,Población,2017,573.656,poblacion,personas
Comunitat Valenciana,Castellón/Castelló,Tamaño medio del hogar,2017,2.5,tamano_medio_hogar,personas_por_hogar
Comunitat Valenciana,Castellón/Castelló,Edad media de la población,2018,42.7,edad_media,años
Comunitat Valenciana,Castellón/Castelló,Porcentaje de población de 65 y más años,2018,19.0,pct_65_mas,porcentaje
Comunitat Valenciana,Castellón/Castelló,Porcentaje de hogares unipersonales,2018,30.0,pct_hogares_unipersonales,porcentaje
Comunitat Valenciana,Castellón/Castelló,Porcentaje de población menor de 18 años,2018,18.1,pct_menor_18,porcentaje
Comunitat Valenciana,Castellón/Castelló,Porcentaje de población española,2018,85.5,pct_poblacion_espanola,porcentaje
Comunitat Valenciana,Castellón/Castelló,Población,2018,575.156,poblacion,personas
Comunitat Valenciana,Castellón/Castelló,Tamaño medio del hogar,2018,2.5,tamano_medio_hogar,personas_por_hogar
Comunitat Valenciana,Castellón/Castelló,Edad media de la población,2019,42.9,edad_media,años
Comunitat Valenciana,Castellón/Castelló,Porcentaje de población de 65 y más años,2019,19.2,pct_65_mas,porcentaje
Comunitat Valenciana,Castellón/Castelló,Porcentaje de hogares unipersonales,2019,30.1,pct_hogares_unipersonales,porcentaje
Comunitat Valenciana,Castellón/Castelló,Porcentaje de población menor de 18 años,2019,17.9,pct_menor_18,porcentaje
Comunitat Valenciana,Castellón/Castelló,Porcentaje de población española,2019,84.8,pct_poblacion_espanola,porcentaje
Comunitat Valenciana,Castellón/Castelló,Población,2019,580.299,poblacion,personas
Comunitat Valenciana,Castellón/Castelló,Tamaño medio del hogar,2019,2.5,tamano_medio_hogar,personas_por_hogar
Comunitat Valenciana,Castellón/Castelló,Edad media de la población,2020,43.2,edad_media,años
Comunitat Valenciana,Castellón/Castelló,Porcentaje de población de 65 y más años,2020,19.5,pct_65_mas,porcentaje
Comunitat Valenciana,Castellón/Castelló,Porcentaje de hogares unipersonales,2020,30.4,pct_hogares_unipersonales,porcentaje
Comunitat Valenciana,Castellón/Castelló,Porcentaje de población menor de 18 años,2020,17.6,pct_menor_18,porcentaje
Comunitat Valenciana,Castellón/Castelló,Porcentaje de población española,2020,84.8,pct_poblacion_espanola,porcentaje
Comunitat Valenciana,Castellón/Castelló,Población,2020,583.456,poblacion,personas
Comunitat Valenciana,Castellón/Castelló,Tamaño medio del hogar,2020,2.5,tamano_medio_hogar,personas_por_hogar
Comunitat Valenciana,Castellón/Castelló,Edad media de la población,2021,43.4,edad_media,años
Comunitat Valenciana,Castellón/Castelló,Porcentaje de población de 65 y más años,2021,19.6,pct_65_mas,porcentaje
Comunitat Valenciana,Castellón/Castelló,Porcentaje de hogares unipersonales,2021,30.7,pct_hogares_unipersonales,porcentaje
Comunitat Valenciana,Castellón/Castelló,Porcentaje de población menor de 18 años,2021,17.5,pct_menor_18,porcentaje
Comunitat Valenciana,Castellón/Castelló,Porcentaje de población española,2021,84.6,pct_poblacion_espanola,porcentaje
Comunitat Valenciana,Castellón/Castelló,Población,2021,585.878,poblacion,personas
Comunitat Valenciana,Castellón/Castelló,Tamaño medio del hogar,2021,2.4,tamano_medio_hogar,personas_por_hogar
Comunitat Valenciana,Castellón/Castelló,Edad media de la población,2022,43.4,edad_media,años
Comunitat Valenciana,Castellón/Castelló,Porcentaje de población de 65 y más años,2022,19.7,pct_65_mas,porcentaje
Comunitat Valenciana,Castellón/Castelló,Porcentaje de hogares unipersonales,2022,30.9,pct_hogares_unipersonales,porcentaje
Comunitat Valenciana,Castellón/Castelló,Porcentaje de población menor de 18 años,2022,17.4,pct_menor_18,porcentaje
Comunitat Valenciana,Castellón/Castelló,Porcentaje de población española,2022,83.4,pct_poblacion_espanola,porcentaje
Comunitat Valenciana,Castellón/Castelló,Población,2022,598.472,poblacion,personas
Comunitat Valenciana,Castellón/Castelló,Tamaño medio del hogar,2022,2.4,tamano_medio_hogar,personas_por_hogar
Comunitat Valenciana,Castellón/Castelló,Edad media de la población,2023,43.6,edad_media,años
Comunitat Valenciana,Castellón/Castelló,Porcentaje de población de 65 y más años,2023,19.9,pct_65_mas,porcentaje
Comunitat Valenciana,Castellón/Castelló,Porcentaje de hogares unipersonales,2023,31.0,pct_hogares_unipersonales,porcentaje
Comunitat Valenciana,Castellón/Castelló,Porcentaje de población menor de 18 años,2023,17.2,pct_menor_18,porcentaje
Comunitat Valenciana,Castellón/Castelló,Porcentaje de población española,2023,82.5,pct_poblacion_espanola,porcentaje
Comunitat Valenciana,Castellón/Castelló,Población,2023,608.761,poblacion,personas
Comunitat Valenciana,Castellón/Castelló,Tamaño medio del hogar,2023,2.4,tamano_medio_hogar,personas_por_hogar
Ceuta,Ceuta,Edad media de la población,2015,36.5,edad_media,años
Ceuta,Ceuta,Porcentaje de población de 65 y más años,2015,11.4,pct_65_mas,porcentaje
Ceuta,Ceuta,Porcentaje de hogares unipersonales,2015,23.3,pct_hogares_unipersonales,porcentaje
Ceuta,Ceuta,Porcentaje de población menor de 18 años,2015,24.2,pct_menor_18,porcentaje
Ceuta,Ceuta,Porcentaje de población española,2015,93.6,pct_poblacion_espanola,porcentaje
Ceuta,Ceuta,Población,2015,80.517,poblacion,personas
Ceuta,Ceuta,Tamaño medio del hogar,2015,3.2,tamano_medio_hogar,personas_por_hogar
Ceuta,Ceuta,Edad media de la población,2016,36.6,edad_media,años
Ceuta,Ceuta,Porcentaje de población de 65 y más años,2016,11.5,pct_65_mas,porcentaje
Ceuta,Ceuta,Porcentaje de hogares unipersonales,2016,23.2,pct_hogares_unipersonales,porcentaje
Ceuta,Ceuta,Porcentaje de población menor de 18 años,2016,24.4,pct_menor_18,porcentaje
Ceuta,Ceuta,Porcentaje de población española,2016,93.4,pct_poblacion_espanola,porcentaje
Ceuta,Ceuta,Población,2016,80.95,poblacion,personas
Ceuta,Ceuta,Tamaño medio del hogar,2016,3.2,tamano_medio_hogar,personas_por_hogar
Ceuta,Ceuta,Edad media de la población,2017,36.8,edad_media,años
Ceuta,Ceuta,Porcentaje de población de 65 y más años,2017,11.7,pct_65_mas,porcentaje
Ceuta,Ceuta,Porcentaje de hogares unipersonales,2017,24.5,pct_hogares_unipersonales,porcentaje
Ceuta,Ceuta,Porcentaje de población menor de 18 años,2017,24.3,pct_menor_18,porcentaje
Ceuta,Ceuta,Porcentaje de población española,2017,93.1,pct_poblacion_espanola,porcentaje
Ceuta,Ceuta,Población,2017,81.428,poblacion,personas
Ceuta,Ceuta,Tamaño medio del hogar,2017,3.1,tamano_medio_hogar,personas_por_hogar
Ceuta,Ceuta,Edad media de la población,2018,37.1,edad_media,años
Ceuta,Ceuta,Porcentaje de población de 65 y más años,2018,12.0,pct_65_mas,porcentaje
Ceuta,Ceuta,Porcentaje de hogares unipersonales,2018,24.4,pct_hogares_unipersonales,porcentaje
Ceuta,Ceuta,Porcentaje de población menor de 18 años,2018,24.0,pct_menor_18,porcentaje
Ceuta,Ceuta,Porcentaje de población española,2018,93.2,pct_poblacion_espanola,porcentaje
Ceuta,Ceuta,Población,2018,80.968,poblacion,personas
Ceuta,Ceuta,Tamaño medio del hogar,2018,3.1,tamano_medio_hogar,personas_por_hogar
Ceuta,Ceuta,Edad media de la población,2019,37.5,edad_media,años
Ceuta,Ceuta,Porcentaje de población de 65 y más años,2019,12.3,pct_65_mas,porcentaje
Ceuta,Ceuta,Porcentaje de hogares unipersonales,2019,24.8,pct_hogares_unipersonales,porcentaje
Ceuta,Ceuta,Porcentaje de población menor de 18 años,2019,23.6,pct_menor_18,porcentaje
Ceuta,Ceuta,Porcentaje de población española,2019,93.2,pct_poblacion_espanola,porcentaje
Ceuta,Ceuta,Población,2019,80.496,poblacion,personas
Ceuta,Ceuta,Tamaño medio del hogar,2019,3.1,tamano_medio_hogar,personas_por_hogar
Ceuta,Ceuta,Edad media de la población,2020,37.8,edad_media,años
Ceuta,Ceuta,Porcentaje de población de 65 y más años,2020,12.6,pct_65_mas,porcentaje
Ceuta,Ceuta,Porcentaje de hogares unipersonales,2020,24.9,pct_hogares_unipersonales,porcentaje
Ceuta,Ceuta,Porcentaje de población menor de 18 años,2020,23.2,pct_menor_18,porcentaje
Ceuta,Ceuta,Porcentaje de población española,2020,93.6,pct_poblacion_espanola,porcentaje
Ceuta,Ceuta,Población,2020,80.152,poblacion,personas
Ceuta,Ceuta,Tamaño medio del hogar,2020,3.1,tamano_medio_hogar,personas_por_hogar
Ceuta,Ceuta,Edad media de la población,2021,38.1,edad_media,años
Ceuta,Ceuta,Porcentaje de población de 65 y más años,2021,12.8,pct_65_mas,porcentaje
Ceuta,Ceuta,Porcentaje de hogares unipersonales,2021,25.5,pct_hogares_unipersonales,porcentaje
Ceuta,Ceuta,Porcentaje de población menor de 18 años,2021,22.7,pct_menor_18,porcentaje
Ceuta,Ceuta,Porcentaje de población española,2021,94.1,pct_poblacion_espanola,porcentaje
Ceuta,Ceuta,Población,2021,79.411,poblacion,personas
Ceuta,Ceuta,Tamaño medio del hogar,2021,3.0,tamano_medio_hogar,personas_por_hogar
Ceuta,Ceuta,Edad media de la población,2022,38.3,edad_media,años
Ceuta,Ceuta,Porcentaje de población de 65 y más años,2022,13.1,pct_65_mas,porcentaje
Ceuta,Ceuta,Porcentaje de hogares unipersonales,2022,25.8,pct_hogares_unipersonales,porcentaje
Ceuta,Ceuta,Porcentaje de población menor de 18 años,2022,22.1,pct_menor_18,porcentaje
Ceuta,Ceuta,Porcentaje de población española,2022,94.3,pct_poblacion_espanola,porcentaje
Ceuta,Ceuta,Población,2022,79.542,poblacion,personas
Ceuta,Ceuta,Tamaño medio del hogar,2022,3.0,tamano_medio_hogar,personas_por_hogar
Ceuta,Ceuta,Edad media de la población,2023,38.7,edad_media,años
Ceuta,Ceuta,Porcentaje de población de 65 y más años,2023,13.4,pct_65_mas,porcentaje
Ceuta,Ceuta,Porcentaje de hogares unipersonales,2023,26.0,pct_hogares_unipersonales,porcentaje
Ceuta,Ceuta,Porcentaje de población menor de 18 años,2023,21.4,pct_menor_18,porcentaje
Ceuta,Ceuta,Porcentaje de población española,2023,94.2,pct_poblacion_espanola,porcentaje
Ceuta,Ceuta,Población,2023,79.953,poblacion,personas
Ceuta,Ceuta,Tamaño medio del hogar,2023,3.0,tamano_medio_hogar,personas_por_hogar
Castilla - La Mancha,Ciudad Real,Edad media de la población,2015,42.4,edad_media,años
Castilla - La Mancha,Ciudad Real,Porcentaje de población de 65 y más años,2015,19.3,pct_65_mas,porcentaje
Castilla - La Mancha,Ciudad Real,Porcentaje de hogares unipersonales,2015,27.5,pct_hogares_unipersonales,porcentaje
Castilla - La Mancha,Ciudad Real,Porcentaje de población menor de 18 años,2015,17.5,pct_menor_18,porcentaje
Castilla - La Mancha,Ciudad Real,Porcentaje de población española,2015,93.9,pct_poblacion_espanola,porcentaje
Castilla - La Mancha,Ciudad Real,Población,2015,505.84,poblacion,personas
Castilla - La Mancha,Ciudad Real,Tamaño medio del hogar,2015,2.6,tamano_medio_hogar,personas_por_hogar
Castilla - La Mancha,Ciudad Real,Edad media de la población,2016,42.7,edad_media,años
Castilla - La Mancha,Ciudad Real,Porcentaje de población de 65 y más años,2016,19.5,pct_65_mas,porcentaje
Castilla - La Mancha,Ciudad Real,Porcentaje de hogares unipersonales,2016,27.7,pct_hogares_unipersonales,porcentaje
Castilla - La Mancha,Ciudad Real,Porcentaje de población menor de 18 años,2016,17.5,pct_menor_18,porcentaje
Castilla - La Mancha,Ciudad Real,Porcentaje de población española,2016,94.3,pct_poblacion_espanola,porcentaje
Castilla - La Mancha,Ciudad Real,Población,2016,500.814,poblacion,personas
Castilla - La Mancha,Ciudad Real,Tamaño medio del hogar,2016,2.6,tamano_medio_hogar,personas_por_hogar
Castilla - La Mancha,Ciudad Real,Edad media de la población,2017,43.0,edad_media,años
Castilla - La Mancha,Ciudad Real,Porcentaje de población de 65 y más años,2017,19.8,pct_65_mas,porcentaje
Castilla - La Mancha,Ciudad Real,Porcentaje de hogares unipersonales,2017,28.0,pct_hogares_unipersonales,porcentaje
Castilla - La Mancha,Ciudad Real,Porcentaje de población menor de 18 años,2017,17.4,pct_menor_18,porcentaje
Castilla - La Mancha,Ciudad Real,Porcentaje de población española,2017,94.2,pct_poblacion_espanola,porcentaje
Castilla - La Mancha,Ciudad Real,Población,2017,497.059,poblacion,personas
Castilla - La Mancha,Ciudad Real,Tamaño medio del hogar,2017,2.6,tamano_medio_hogar,personas_por_hogar
Castilla - La Mancha,Ciudad Real,Edad media de la población,2018,43.3,edad_media,años
Castilla - La Mancha,Ciudad Real,Porcentaje de población de 65 y más años,2018,20.1,pct_65_mas,porcentaje
Castilla - La Mancha,Ciudad Real,Porcentaje de hogares unipersonales,2018,28.4,pct_hogares_unipersonales,porcentaje
Castilla - La Mancha,Ciudad Real,Porcentaje de población menor de 18 años,2018,17.2,pct_menor_18,porcentaje
Castilla - La Mancha,Ciudad Real,Porcentaje de población española,2018,94.2,pct_poblacion_espanola,porcentaje
Castilla - La Mancha,Ciudad Real,Población,2018,492.317,poblacion,personas
Castilla - La Mancha,Ciudad Real,Tamaño medio del hogar,2018,2.5,tamano_medio_hogar,personas_por_hogar
Castilla - La Mancha,Ciudad Real,Edad media de la población,2019,43.6,edad_media,años
Castilla - La Mancha,Ciudad Real,Porcentaje de población de 65 y más años,2019,20.3,pct_65_mas,porcentaje
Castilla - La Mancha,Ciudad Real,Porcentaje de hogares unipersonales,2019,28.6,pct_hogares_unipersonales,porcentaje
Castilla - La Mancha,Ciudad Real,Porcentaje de población menor de 18 años,2019,17.0,pct_menor_18,porcentaje
Castilla - La Mancha,Ciudad Real,Porcentaje de población española,2019,93.7,pct_poblacion_espanola,porcentaje
Castilla - La Mancha,Ciudad Real,Población,2019,491.055,poblacion,personas
Castilla - La Mancha,Ciudad Real,Tamaño medio del hogar,2019,2.5,tamano_medio_hogar,personas_por_hogar
Castilla - La Mancha,Ciudad Real,Edad media de la población,2020,43.8,edad_media,años
Castilla - La Mancha,Ciudad Real,Porcentaje de población de 65 y más años,2020,20.3,pct_65_mas,porcentaje
Castilla - La Mancha,Ciudad Real,Porcentaje de hogares unipersonales,2020,29.0,pct_hogares_unipersonales,porcentaje
Castilla - La Mancha,Ciudad Real,Porcentaje de población menor de 18 años,2020,16.8,pct_menor_18,porcentaje
Castilla - La Mancha,Ciudad Real,Porcentaje de población española,2020,93.7,pct_poblacion_espanola,porcentaje
Castilla - La Mancha,Ciudad Real,Población,2020,489.374,poblacion,personas
Castilla - La Mancha,Ciudad Real,Tamaño medio del hogar,2020,2.5,tamano_medio_hogar,personas_por_hogar
Castilla - La Mancha,Ciudad Real,Edad media de la población,2021,44.0,edad_media,años
Castilla - La Mancha,Ciudad Real,Porcentaje de población de 65 y más años,2021,20.5,pct_65_mas,porcentaje
Castilla - La Mancha,Ciudad Real,Porcentaje de hogares unipersonales,2021,29.3,pct_hogares_unipersonales,porcentaje
Castilla - La Mancha,Ciudad Real,Porcentaje de población menor de 18 años,2021,16.7,pct_menor_18,porcentaje
Castilla - La Mancha,Ciudad Real,Porcentaje de población española,2021,93.6,pct_poblacion_espanola,porcentaje
Castilla - La Mancha,Ciudad Real,Población,2021,487.503,poblacion,personas
Castilla - La Mancha,Ciudad Real,Tamaño medio del hogar,2021,2.5,tamano_medio_hogar,personas_por_hogar
Castilla - La Mancha,Ciudad Real,Edad media de la población,2022,44.3,edad_media,años
Castilla - La Mancha,Ciudad Real,Porcentaje de población de 65 y más años,2022,20.9,pct_65_mas,porcentaje
Castilla - La Mancha,Ciudad Real,Porcentaje de hogares unipersonales,2022,29.8,pct_hogares_unipersonales,porcentaje
Castilla - La Mancha,Ciudad Real,Porcentaje de población menor de 18 años,2022,16.5,pct_menor_18,porcentaje
Castilla - La Mancha,Ciudad Real,Porcentaje de población española,2022,93.2,pct_poblacion_espanola,porcentaje
Castilla - La Mancha,Ciudad Real,Población,2022,488.159,poblacion,personas
Castilla - La Mancha,Ciudad Real,Tamaño medio del hogar,2022,2.5,tamano_medio_hogar,personas_por_hogar
Castilla - La Mancha,Ciudad Real,Edad media de la población,2023,44.5,edad_media,años
Castilla - La Mancha,Ciudad Real,Porcentaje de población de 65 y más años,2023,21.4,pct_65_mas,porcentaje
Castilla - La Mancha,Ciudad Real,Porcentaje de hogares unipersonales,2023,30.2,pct_hogares_unipersonales,porcentaje
Castilla - La Mancha,Ciudad Real,Porcentaje de población menor de 18 años,2023,16.3,pct_menor_18,porcentaje
Castilla - La Mancha,Ciudad Real,Porcentaje de población española,2023,92.7,pct_poblacion_espanola,porcentaje
Castilla - La Mancha,Ciudad Real,Población,2023,489.018,poblacion,personas
Castilla - La Mancha,Ciudad Real,Tamaño medio del hogar,2023,2.5,tamano_medio_hogar,personas_por_hogar
Galicia,"Coruña, A",Edad media de la población,2015,45.6,edad_media,años
Galicia,"Coruña, A",Porcentaje de población de 65 y más años,2015,23.5,pct_65_mas,porcentaje
Galicia,"Coruña, A",Porcentaje de hogares unipersonales,2015,28.2,pct_hogares_unipersonales,porcentaje
Galicia,"Coruña, A",Porcentaje de población menor de 18 años,2015,14.5,pct_menor_18,porcentaje
Galicia,"Coruña, A",Porcentaje de población española,2015,97.2,pct_poblacion_espanola,porcentaje
Galicia,"Coruña, A",Tamaño medio del hogar,2015,2.5,tamano_medio_hogar,personas_por_hogar
Galicia,"Coruña, A",Edad media de la población,2016,45.9,edad_media,años
Galicia,"Coruña, A",Porcentaje de población de 65 y más años,2016,23.8,pct_65_mas,porcentaje
Galicia,"Coruña, A",Porcentaje de hogares unipersonales,2016,28.4,pct_hogares_unipersonales,porcentaje
Galicia,"Coruña, A",Porcentaje de población menor de 18 años,2016,14.6,pct_menor_18,porcentaje
Galicia,"Coruña, A",Porcentaje de población española,2016,97.2,pct_poblacion_espanola,porcentaje
Galicia,"Coruña, A",Tamaño medio del hogar,2016,2.5,tamano_medio_hogar,personas_por_hogar
Galicia,"Coruña, A",Edad media de la población,2017,46.1,edad_media,años
Galicia,"Coruña, A",Porcentaje de población de 65 y más años,2017,24.2,pct_65_mas,porcentaje
Galicia,"Coruña, A",Porcentaje de hogares unipersonales,2017,28.5,pct_hogares_unipersonales,porcentaje
Galicia,"Coruña, A",Porcentaje de población menor de 18 años,2017,14.6,pct_menor_18,porcentaje
Galicia,"Coruña, A",Porcentaje de población española,2017,96.9,pct_poblacion_espanola,porcentaje
Galicia,"Coruña, A",Tamaño medio del hogar,2017,2.5,tamano_medio_hogar,personas_por_hogar
Galicia,"Coruña, A",Edad media de la población,2018,46.4,edad_media,años
Galicia,"Coruña, A",Porcentaje de población de 65 y más años,2018,24.5,pct_65_mas,porcentaje
Galicia,"Coruña, A",Porcentaje de hogares unipersonales,2018,28.7,pct_hogares_unipersonales,porcentaje
Galicia,"Coruña, A",Porcentaje de población menor de 18 años,2018,14.6,pct_menor_18,porcentaje
Galicia,"Coruña, A",Porcentaje de población española,2018,96.6,pct_poblacion_espanola,porcentaje
Galicia,"Coruña, A",Tamaño medio del hogar,2018,2.5,tamano_medio_hogar,personas_por_hogar
Galicia,"Coruña, A",Edad media de la población,2019,46.6,edad_media,años
Galicia,"Coruña, A",Porcentaje de población de 65 y más años,2019,24.8,pct_65_mas,porcentaje
Galicia,"Coruña, A",Porcentaje de hogares unipersonales,2019,29.0,pct_hogares_unipersonales,porcentaje
Galicia,"Coruña, A",Porcentaje de población menor de 18 años,2019,14.5,pct_menor_18,porcentaje
Galicia,"Coruña, A",Porcentaje de población española,2019,96.2,pct_poblacion_espanola,porcentaje
Galicia,"Coruña, A",Tamaño medio del hogar,2019,2.5,tamano_medio_hogar,personas_por_hogar
Galicia,"Coruña, A",Edad media de la población,2020,46.9,edad_media,años
Galicia,"Coruña, A",Porcentaje de población de 65 y más años,2020,25.1,pct_65_mas,porcentaje
Galicia,"Coruña, A",Porcentaje de hogares unipersonales,2020,29.3,pct_hogares_unipersonales,porcentaje
Galicia,"Coruña, A",Porcentaje de población menor de 18 años,2020,14.4,pct_menor_18,porcentaje
Galicia,"Coruña, A",Porcentaje de población española,2020,96.1,pct_poblacion_espanola,porcentaje
Galicia,"Coruña, A",Tamaño medio del hogar,2020,2.5,tamano_medio_hogar,personas_por_hogar
Galicia,"Coruña, A",Edad media de la población,2021,47.2,edad_media,años
Galicia,"Coruña, A",Porcentaje de población de 65 y más años,2021,25.4,pct_65_mas,porcentaje
Galicia,"Coruña, A",Porcentaje de hogares unipersonales,2021,29.8,pct_hogares_unipersonales,porcentaje
Galicia,"Coruña, A",Porcentaje de población menor de 18 años,2021,14.2,pct_menor_18,porcentaje
Galicia,"Coruña, A",Porcentaje de población española,2021,95.8,pct_poblacion_espanola,porcentaje
Galicia,"Coruña, A",Tamaño medio del hogar,2021,2.4,tamano_medio_hogar,personas_por_hogar
Galicia,"Coruña, A",Edad media de la población,2022,47.3,edad_media,años
Galicia,"Coruña, A",Porcentaje de población de 65 y más años,2022,25.7,pct_65_mas,porcentaje
Galicia,"Coruña, A",Porcentaje de hogares unipersonales,2022,30.4,pct_hogares_unipersonales,porcentaje
Galicia,"Coruña, A",Porcentaje de población menor de 18 años,2022,14.1,pct_menor_18,porcentaje
Galicia,"Coruña, A",Porcentaje de población española,2022,95.3,pct_poblacion_espanola,porcentaje
Galicia,"Coruña, A",Tamaño medio del hogar,2022,2.4,tamano_medio_hogar,personas_por_hogar
Galicia,"Coruña, A",Edad media de la población,2023,47.5,edad_media,años
Galicia,"Coruña, A",Porcentaje de población de 65 y más años,2023,26.0,pct_65_mas,porcentaje
Galicia,"Coruña, A",Porcentaje de hogares unipersonales,2023,30.8,pct_hogares_unipersonales,porcentaje
Galicia,"Coruña, A",Porcentaje de población menor de 18 años,2023,13.9,pct_menor_18,porcentaje
Galicia,"Coruña, A",Porcentaje de población española,2023,94.7,pct_poblacion_espanola,porcentaje
Galicia,"Coruña, A",Tamaño medio del hogar,2023,2.4,tamano_medio_hogar,personas_por_hogar
Castilla - La Mancha,Cuenca,Edad media de la población,2015,44.7,edad_media,años
Castilla - La Mancha,Cuenca,Porcentaje de población de 65 y más años,2015,22.9,pct_65_mas,porcentaje
Castilla - La Mancha,Cuenca,Porcentaje de hogares unipersonales,2015,32.0,pct_hogares_unipersonales,porcentaje
Castilla - La Mancha,Cuenca,Porcentaje de población menor de 18 años,2015,15.7,pct_menor_18,porcentaje
Castilla - La Mancha,Cuenca,Porcentaje de población española,2015,90.0,pct_poblacion_espanola,porcentaje
Castilla - La Mancha,Cuenca,Población,2015,201.828,poblacion,personas
Castilla - La Mancha,Cuenca,Tamaño medio del hogar,2015,2.5,tamano_medio_hogar,personas_por_hogar
Castilla - La Mancha,Cuenca,Edad media de la población,2016,45.0,edad_media,años
Castilla - La Mancha,Cuenca,Porcentaje de población de 65 y más años,2016,23.1,pct_65_mas,porcentaje
Castilla - La Mancha,Cuenca,Porcentaje de hogares unipersonales,2016,32.2,pct_hogares_unipersonales,porcentaje
Castilla - La Mancha,Cuenca,Porcentaje de población menor de 18 años,2016,15.7,pct_menor_18,porcentaje
Castilla - La Mancha,Cuenca,Porcentaje de población española,2016,90.2,pct_poblacion_espanola,porcentaje
Castilla - La Mancha,Cuenca,Población,2016,198.294,poblacion,personas
Castilla - La Mancha,Cuenca,Tamaño medio del hogar,2016,2.5,tamano_medio_hogar,personas_por_hogar
Castilla - La Mancha,Cuenca,Edad media de la población,2017,45.2,edad_media,años
Castilla - La Mancha,Cuenca,Porcentaje de población de 65 y más años,2017,23.2,pct_65_mas,porcentaje
Castilla - La Mancha,Cuenca,Porcentaje de hogares unipersonales,2017,32.2,pct_hogares_unipersonales,porcentaje
Castilla - La Mancha,Cuenca,Porcentaje de población menor de 18 años,2017,15.7,pct_menor_18,porcentaje
Castilla - La Mancha,Cuenca,Porcentaje de población española,2017,90.0,pct_poblacion_espanola,porcentaje
Castilla - La Mancha,Cuenca,Población,2017,196.665,poblacion,personas
Castilla - La Mancha,Cuenca,Tamaño medio del hogar,2017,2.5,tamano_medio_hogar,personas_por_hogar
Castilla - La Mancha,Cuenca,Edad media de la población,2018,45.4,edad_media,años
Castilla - La Mancha,Cuenca,Porcentaje de población de 65 y más años,2018,23.2,pct_65_mas,porcentaje
Castilla - La Mancha,Cuenca,Porcentaje de hogares unipersonales,2018,32.6,pct_hogares_unipersonales,porcentaje
Castilla - La Mancha,Cuenca,Porcentaje de población menor de 18 años,2018,15.4,pct_menor_18,porcentaje
Castilla - La Mancha,Cuenca,Porcentaje de población española,2018,89.5,pct_poblacion_espanola,porcentaje
Castilla - La Mancha,Cuenca,Población,2018,194.914,poblacion,personas
Castilla - La Mancha,Cuenca,Tamaño medio del hogar,2018,2.4,tamano_medio_hogar,personas_por_hogar
Castilla - La Mancha,Cuenca,Edad media de la población,2019,45.6,edad_media,años
Castilla - La Mancha,Cuenca,Porcentaje de población de 65 y más años,2019,23.1,pct_65_mas,porcentaje
Castilla - La Mancha,Cuenca,Porcentaje de hogares unipersonales,2019,32.7,pct_hogares_unipersonales,porcentaje
Castilla - La Mancha,Cuenca,Porcentaje de población menor de 18 años,2019,15.3,pct_menor_18,porcentaje
Castilla - La Mancha,Cuenca,Porcentaje de población española,2019,88.7,pct_poblacion_espanola,porcentaje
Castilla - La Mancha,Cuenca,Población,2019,194.737,poblacion,personas
Castilla - La Mancha,Cuenca,Tamaño medio del hogar,2019,2.4,tamano_medio_hogar,personas_por_hogar
Castilla - La Mancha,Cuenca,Edad media de la población,2020,45.6,edad_media,años
Castilla - La Mancha,Cuenca,Porcentaje de población de 65 y más años,2020,22.9,pct_65_mas,porcentaje
Castilla - La Mancha,Cuenca,Porcentaje de hogares unipersonales,2020,33.0,pct_hogares_unipersonales,porcentaje
Castilla - La Mancha,Cuenca,Porcentaje de población menor de 18 años,2020,15.1,pct_menor_18,porcentaje
Castilla - La Mancha,Cuenca,Porcentaje de población española,2020,88.6,pct_poblacion_espanola,porcentaje
Castilla - La Mancha,Cuenca,Población,2020,194.127,poblacion,personas
Castilla - La Mancha,Cuenca,Tamaño medio del hogar,2020,2.4,tamano_medio_hogar,personas_por_hogar
Castilla - La Mancha,Cuenca,Edad media de la población,2021,45.8,edad_media,años
Castilla - La Mancha,Cuenca,Porcentaje de población de 65 y más años,2021,23.0,pct_65_mas,porcentaje
Castilla - La Mancha,Cuenca,Porcentaje de hogares unipersonales,2021,33.4,pct_hogares_unipersonales,porcentaje
Castilla - La Mancha,Cuenca,Porcentaje de población menor de 18 años,2021,14.9,pct_menor_18,porcentaje
Castilla - La Mancha,Cuenca,Porcentaje de población española,2021,88.4,pct_poblacion_espanola,porcentaje
Castilla - La Mancha,Cuenca,Población,2021,193.959,poblacion,personas
Castilla - La Mancha,Cuenca,Tamaño medio del hogar,2021,2.4,tamano_medio_hogar,personas_por_hogar
Castilla - La Mancha,Cuenca,Edad media de la población,2022,45.8,edad_media,años
Castilla - La Mancha,Cuenca,Porcentaje de población de 65 y más años,2022,23.0,pct_65_mas,porcentaje
Castilla - La Mancha,Cuenca,Porcentaje de hogares unipersonales,2022,33.5,pct_hogares_unipersonales,porcentaje
Castilla - La Mancha,Cuenca,Porcentaje de población menor de 18 años,2022,14.8,pct_menor_18,porcentaje
Castilla - La Mancha,Cuenca,Porcentaje de población española,2022,87.1,pct_poblacion_espanola,porcentaje
Castilla - La Mancha,Cuenca,Población,2022,196.629,poblacion,personas
Castilla - La Mancha,Cuenca,Tamaño medio del hogar,2022,2.4,tamano_medio_hogar,personas_por_hogar
Castilla - La Mancha,Cuenca,Edad media de la población,2023,46.0,edad_media,años
Castilla - La Mancha,Cuenca,Porcentaje de población de 65 y más años,2023,23.3,pct_65_mas,porcentaje
Castilla - La Mancha,Cuenca,Porcentaje de hogares unipersonales,2023,33.8,pct_hogares_unipersonales,porcentaje
Castilla - La Mancha,Cuenca,Porcentaje de población menor de 18 años,2023,14.6,pct_menor_18,porcentaje
Castilla - La Mancha,Cuenca,Porcentaje de población española,2023,86.3,pct_poblacion_espanola,porcentaje
Castilla - La Mancha,Cuenca,Población,2023,197.07,poblacion,personas
Castilla - La Mancha,Cuenca,Tamaño medio del hogar,2023,2.4,tamano_medio_hogar,personas_por_hogar
Extremadura,Cáceres,Edad media de la población,2015,44.6,edad_media,años
Extremadura,Cáceres,Porcentaje de población de 65 y más años,2015,21.9,pct_65_mas,porcentaje
Extremadura,Cáceres,Porcentaje de hogares unipersonales,2015,33.6,pct_hogares_unipersonales,porcentaje
Extremadura,Cáceres,Porcentaje de población menor de 18 años,2015,15.5,pct_menor_18,porcentaje
Extremadura,Cáceres,Porcentaje de población española,2015,96.6,pct_poblacion_espanola,porcentaje
Extremadura,Cáceres,Población,2015,402.775,poblacion,personas
Extremadura,Cáceres,Tamaño medio del hogar,2015,2.3,tamano_medio_hogar,personas_por_hogar
Extremadura,Cáceres,Edad media de la población,2016,44.9,edad_media,años
Extremadura,Cáceres,Porcentaje de población de 65 y más años,2016,22.1,pct_65_mas,porcentaje
Extremadura,Cáceres,Porcentaje de hogares unipersonales,2016,33.9,pct_hogares_unipersonales,porcentaje
Extremadura,Cáceres,Porcentaje de población menor de 18 años,2016,15.4,pct_menor_18,porcentaje
Extremadura,Cáceres,Porcentaje de población española,2016,96.8,pct_poblacion_espanola,porcentaje
Extremadura,Cáceres,Población,2016,398.994,poblacion,personas
Extremadura,Cáceres,Tamaño medio del hogar,2016,2.3,tamano_medio_hogar,personas_por_hogar
Extremadura,Cáceres,Edad media de la población,2017,45.2,edad_media,años
Extremadura,Cáceres,Porcentaje de población de 65 y más años,2017,22.4,pct_65_mas,porcentaje
Extremadura,Cáceres,Porcentaje de hogares unipersonales,2017,34.0,pct_hogares_unipersonales,porcentaje
Extremadura,Cáceres,Porcentaje de población menor de 18 años,2017,15.4,pct_menor_18,porcentaje
Extremadura,Cáceres,Porcentaje de población española,2017,96.8,pct_poblacion_espanola,porcentaje
Extremadura,Cáceres,Población,2017,395.672,poblacion,personas
Extremadura,Cáceres,Tamaño medio del hogar,2017,2.3,tamano_medio_hogar,personas_por_hogar
Extremadura,Cáceres,Edad media de la población,2018,45.5,edad_media,años
Extremadura,Cáceres,Porcentaje de población de 65 y más años,2018,22.7,pct_65_mas,porcentaje
Extremadura,Cáceres,Porcentaje de hogares unipersonales,2018,34.6,pct_hogares_unipersonales,porcentaje
Extremadura,Cáceres,Porcentaje de población menor de 18 años,2018,15.2,pct_menor_18,porcentaje
Extremadura,Cáceres,Porcentaje de población española,2018,96.7,pct_poblacion_espanola,porcentaje
Extremadura,Cáceres,Población,2018,392.043,poblacion,personas
Extremadura,Cáceres,Tamaño medio del hogar,2018,2.3,tamano_medio_hogar,personas_por_hogar
Extremadura,Cáceres,Edad media de la población,2019,45.8,edad_media,años
Extremadura,Cáceres,Porcentaje de población de 65 y más años,2019,23.0,pct_65_mas,porcentaje
Extremadura,Cáceres,Porcentaje de hogares unipersonales,2019,35.0,pct_hogares_unipersonales,porcentaje
Extremadura,Cáceres,Porcentaje de población menor de 18 años,2019,15.0,pct_menor_18,porcentaje
Extremadura,Cáceres,Porcentaje de población española,2019,96.5,pct_poblacion_espanola,porcentaje
Extremadura,Cáceres,Población,2019,389.774,poblacion,personas
Extremadura,Cáceres,Tamaño medio del hogar,2019,2.3,tamano_medio_hogar,personas_por_hogar
Extremadura,Cáceres,Edad media de la población,2020,46.1,edad_media,años
Extremadura,Cáceres,Porcentaje de población de 65 y más años,2020,23.2,pct_65_mas,porcentaje
Extremadura,Cáceres,Porcentaje de hogares unipersonales,2020,35.4,pct_hogares_unipersonales,porcentaje
Extremadura,Cáceres,Porcentaje de población menor de 18 años,2020,14.8,pct_menor_18,porcentaje
Extremadura,Cáceres,Porcentaje de población española,2020,96.5,pct_poblacion_espanola,porcentaje
Extremadura,Cáceres,Población,2020,387.514,poblacion,personas
Extremadura,Cáceres,Tamaño medio del hogar,2020,2.3,tamano_medio_hogar,personas_por_hogar
Extremadura,Cáceres,Edad media de la población,2021,46.3,edad_media,años
Extremadura,Cáceres,Porcentaje de población de 65 y más años,2021,23.6,pct_65_mas,porcentaje
Extremadura,Cáceres,Porcentaje de hogares unipersonales,2021,35.9,pct_hogares_unipersonales,porcentaje
Extremadura,Cáceres,Porcentaje de población menor de 18 años,2021,14.7,pct_menor_18,porcentaje
Extremadura,Cáceres,Porcentaje de población española,2021,96.4,pct_poblacion_espanola,porcentaje
Extremadura,Cáceres,Población,2021,385.8,poblacion,personas
Extremadura,Cáceres,Tamaño medio del hogar,2021,2.3,tamano_medio_hogar,personas_por_hogar
Extremadura,Cáceres,Edad media de la población,2022,46.6,edad_media,años
Extremadura,Cáceres,Porcentaje de población de 65 y más años,2022,24.0,pct_65_mas,porcentaje
Extremadura,Cáceres,Porcentaje de hogares unipersonales,2022,36.3,pct_hogares_unipersonales,porcentaje
Extremadura,Cáceres,Porcentaje de población menor de 18 años,2022,14.5,pct_menor_18,porcentaje
Extremadura,Cáceres,Porcentaje de población española,2022,96.1,pct_poblacion_espanola,porcentaje
Extremadura,Cáceres,Población,2022,385.028,poblacion,personas
Extremadura,Cáceres,Tamaño medio del hogar,2022,2.2,tamano_medio_hogar,personas_por_hogar
Extremadura,Cáceres,Edad media de la población,2023,46.8,edad_media,años
Extremadura,Cáceres,Porcentaje de población de 65 y más años,2023,24.5,pct_65_mas,porcentaje
Extremadura,Cáceres,Porcentaje de hogares unipersonales,2023,36.7,pct_hogares_unipersonales,porcentaje
Extremadura,Cáceres,Porcentaje de población menor de 18 años,2023,14.3,pct_menor_18,porcentaje
Extremadura,Cáceres,Porcentaje de población española,2023,95.8,pct_poblacion_espanola,porcentaje
Extremadura,Cáceres,Población,2023,385.214,poblacion,personas
Extremadura,Cáceres,Tamaño medio del hogar,2023,2.2,tamano_medio_hogar,personas_por_hogar
Andalucía,Cádiz,Edad media de la población,2015,40.0,edad_media,años
Andalucía,Cádiz,Porcentaje de población de 65 y más años,2015,15.3,pct_65_mas,porcentaje
Andalucía,Cádiz,Porcentaje de hogares unipersonales,2015,23.7,pct_hogares_unipersonales,porcentaje
Andalucía,Cádiz,Porcentaje de población menor de 18 años,2015,19.7,pct_menor_18,porcentaje
Andalucía,Cádiz,Porcentaje de población española,2015,96.7,pct_poblacion_espanola,porcentaje
Andalucía,Cádiz,Tamaño medio del hogar,2015,2.7,tamano_medio_hogar,personas_por_hogar
Andalucía,Cádiz,Edad media de la población,2016,40.3,edad_media,años
Andalucía,Cádiz,Porcentaje de población de 65 y más años,2016,15.6,pct_65_mas,porcentaje
Andalucía,Cádiz,Porcentaje de hogares unipersonales,2016,23.9,pct_hogares_unipersonales,porcentaje
Andalucía,Cádiz,Porcentaje de población menor de 18 años,2016,19.7,pct_menor_18,porcentaje
Andalucía,Cádiz,Porcentaje de población española,2016,96.7,pct_poblacion_espanola,porcentaje
Andalucía,Cádiz,Tamaño medio del hogar,2016,2.7,tamano_medio_hogar,personas_por_hogar
Andalucía,Cádiz,Edad media de la población,2017,40.7,edad_media,años
Andalucía,Cádiz,Porcentaje de población de 65 y más años,2017,16.0,pct_65_mas,porcentaje
Andalucía,Cádiz,Porcentaje de hogares unipersonales,2017,23.9,pct_hogares_unipersonales,porcentaje
Andalucía,Cádiz,Porcentaje de población menor de 18 años,2017,19.6,pct_menor_18,porcentaje
Andalucía,Cádiz,Porcentaje de población española,2017,96.6,pct_poblacion_espanola,porcentaje
Andalucía,Cádiz,Tamaño medio del hogar,2017,2.7,tamano_medio_hogar,personas_por_hogar
Andalucía,Cádiz,Edad media de la población,2018,41.1,edad_media,años
Andalucía,Cádiz,Porcentaje de población de 65 y más años,2018,16.4,pct_65_mas,porcentaje
Andalucía,Cádiz,Porcentaje de hogares unipersonales,2018,24.2,pct_hogares_unipersonales,porcentaje
Andalucía,Cádiz,Porcentaje de población menor de 18 años,2018,19.3,pct_menor_18,porcentaje
Andalucía,Cádiz,Porcentaje de población española,2018,96.4,pct_poblacion_espanola,porcentaje
Andalucía,Cádiz,Tamaño medio del hogar,2018,2.7,tamano_medio_hogar,personas_por_hogar
Andalucía,Cádiz,Edad media de la población,2019,41.4,edad_media,años
Andalucía,Cádiz,Porcentaje de población de 65 y más años,2019,16.8,pct_65_mas,porcentaje
Andalucía,Cádiz,Porcentaje de hogares unipersonales,2019,24.5,pct_hogares_unipersonales,porcentaje
Andalucía,Cádiz,Porcentaje de población menor de 18 años,2019,19.0,pct_menor_18,porcentaje
Andalucía,Cádiz,Porcentaje de población española,2019,96.0,pct_poblacion_espanola,porcentaje
Andalucía,Cádiz,Tamaño medio del hogar,2019,2.7,tamano_medio_hogar,personas_por_hogar
Andalucía,Cádiz,Edad media de la población,2020,41.8,edad_media,años
Andalucía,Cádiz,Porcentaje de población de 65 y más años,2020,17.2,pct_65_mas,porcentaje
Andalucía,Cádiz,Porcentaje de hogares unipersonales,2020,24.8,pct_hogares_unipersonales,porcentaje
Andalucía,Cádiz,Porcentaje de población menor de 18 años,2020,18.7,pct_menor_18,porcentaje
Andalucía,Cádiz,Porcentaje de población española,2020,95.9,pct_poblacion_espanola,porcentaje
Andalucía,Cádiz,Tamaño medio del hogar,2020,2.7,tamano_medio_hogar,personas_por_hogar
Andalucía,Cádiz,Edad media de la población,2021,42.2,edad_media,años
Andalucía,Cádiz,Porcentaje de población de 65 y más años,2021,17.6,pct_65_mas,porcentaje
Andalucía,Cádiz,Porcentaje de hogares unipersonales,2021,25.4,pct_hogares_unipersonales,porcentaje
Andalucía,Cádiz,Porcentaje de población menor de 18 años,2021,18.4,pct_menor_18,porcentaje
Andalucía,Cádiz,Porcentaje de población española,2021,95.8,pct_poblacion_espanola,porcentaje
Andalucía,Cádiz,Tamaño medio del hogar,2021,2.6,tamano_medio_hogar,personas_por_hogar
Andalucía,Cádiz,Edad media de la población,2022,42.5,edad_media,años
Andalucía,Cádiz,Porcentaje de población de 65 y más años,2022,18.1,pct_65_mas,porcentaje
Andalucía,Cádiz,Porcentaje de hogares unipersonales,2022,25.7,pct_hogares_unipersonales,porcentaje
Andalucía,Cádiz,Porcentaje de población menor de 18 años,2022,18.0,pct_menor_18,porcentaje
Andalucía,Cádiz,Porcentaje de población española,2022,95.4,pct_poblacion_espanola,porcentaje
Andalucía,Cádiz,Tamaño medio del hogar,2022,2.6,tamano_medio_hogar,personas_por_hogar
Andalucía,Cádiz,Edad media de la población,2023,42.9,edad_media,años
Andalucía,Cádiz,Porcentaje de población de 65 y más años,2023,18.6,pct_65_mas,porcentaje
Andalucía,Cádiz,Porcentaje de hogares unipersonales,2023,26.2,pct_hogares_unipersonales,porcentaje
Andalucía,Cádiz,Porcentaje de población menor de 18 años,2023,17.5,pct_menor_18,porcentaje
Andalucía,Cádiz,Porcentaje de población española,2023,95.1,pct_poblacion_espanola,porcentaje
Andalucía,Cádiz,Tamaño medio del hogar,2023,2.6,tamano_medio_hogar,personas_por_hogar
Andalucía,Córdoba,Edad media de la población,2015,41.7,edad_media,años
Andalucía,Córdoba,Porcentaje de población de 65 y más años,2015,18.2,pct_65_mas,porcentaje
Andalucía,Córdoba,Porcentaje de hogares unipersonales,2015,25.0,pct_hogares_unipersonales,porcentaje
Andalucía,Córdoba,Porcentaje de población menor de 18 años,2015,18.3,pct_menor_18,porcentaje
Andalucía,Córdoba,Porcentaje de población española,2015,97.4,pct_poblacion_espanola,porcentaje
Andalucía,Córdoba,Población,2015,785.592,poblacion,personas
Andalucía,Córdoba,Tamaño medio del hogar,2015,2.6,tamano_medio_hogar,personas_por_hogar
Andalucía,Córdoba,Edad media de la población,2016,42.0,edad_media,años
Andalucía,Córdoba,Porcentaje de población de 65 y más años,2016,18.4,pct_65_mas,porcentaje
Andalucía,Córdoba,Porcentaje de hogares unipersonales,2016,25.3,pct_hogares_unipersonales,porcentaje
Andalucía,Córdoba,Porcentaje de población menor de 18 años,2016,18.2,pct_menor_18,porcentaje
Andalucía,Córdoba,Porcentaje de población española,2016,97.5,pct_poblacion_espanola,porcentaje
Andalucía,Córdoba,Población,2016,781.61,poblacion,personas
Andalucía,Córdoba,Tamaño medio del hogar,2016,2.6,tamano_medio_hogar,personas_por_hogar
Andalucía,Córdoba,Edad media de la población,2017,42.3,edad_media,años
Andalucía,Córdoba,Porcentaje de población de 65 y más años,2017,18.7,pct_65_mas,porcentaje
Andalucía,Córdoba,Porcentaje de hogares unipersonales,2017,25.5,pct_hogares_unipersonales,porcentaje
Andalucía,Córdoba,Porcentaje de población menor de 18 años,2017,18.1,pct_menor_18,porcentaje
Andalucía,Córdoba,Porcentaje de población española,2017,97.4,pct_poblacion_espanola,porcentaje
Andalucía,Córdoba,Población,2017,777.841,poblacion,personas
Andalucía,Córdoba,Tamaño medio del hogar,2017,2.6,tamano_medio_hogar,personas_por_hogar
Andalucía,Córdoba,Edad media de la población,2018,42.7,edad_media,años
Andalucía,Córdoba,Porcentaje de población de 65 y más años,2018,19.0,pct_65_mas,porcentaje
Andalucía,Córdoba,Porcentaje de hogares unipersonales,2018,26.0,pct_hogares_unipersonales,porcentaje
Andalucía,Córdoba,Porcentaje de población menor de 18 años,2018,17.8,pct_menor_18,porcentaje
Andalucía,Córdoba,Porcentaje de población española,2018,97.3,pct_poblacion_espanola,porcentaje
Andalucía,Córdoba,Población,2018,772.346,poblacion,personas
Andalucía,Córdoba,Tamaño medio del hogar,2018,2.6,tamano_medio_hogar,personas_por_hogar
Andalucía,Córdoba,Edad media de la población,2019,43.0,edad_media,años
Andalucía,Córdoba,Porcentaje de población de 65 y más años,2019,19.3,pct_65_mas,porcentaje
Andalucía,Córdoba,Porcentaje de hogares unipersonales,2019,26.2,pct_hogares_unipersonales,porcentaje
Andalucía,Córdoba,Porcentaje de población menor de 18 años,2019,17.6,pct_menor_18,porcentaje
Andalucía,Córdoba,Porcentaje de población española,2019,97.1,pct_poblacion_espanola,porcentaje
Andalucía,Córdoba,Población,2019,770.808,poblacion,personas
Andalucía,Córdoba,Tamaño medio del hogar,2019,2.6,tamano_medio_hogar,personas_por_hogar
Andalucía,Córdoba,Edad media de la población,2020,43.3,edad_media,años
Andalucía,Córdoba,Porcentaje de población de 65 y más años,2020,19.6,pct_65_mas,porcentaje
Andalucía,Córdoba,Porcentaje de hogares unipersonales,2020,26.6,pct_hogares_unipersonales,porcentaje
Andalucía,Córdoba,Porcentaje de población menor de 18 años,2020,17.4,pct_menor_18,porcentaje
Andalucía,Córdoba,Porcentaje de población española,2020,97.2,pct_poblacion_espanola,porcentaje
Andalucía,Córdoba,Población,2020,766.887,poblacion,personas
Andalucía,Córdoba,Tamaño medio del hogar,2020,2.5,tamano_medio_hogar,personas_por_hogar
Andalucía,Córdoba,Edad media de la población,2021,43.6,edad_media,años
Andalucía,Córdoba,Porcentaje de población de 65 y más años,2021,20.0,pct_65_mas,porcentaje
Andalucía,Córdoba,Porcentaje de hogares unipersonales,2021,27.2,pct_hogares_unipersonales,porcentaje
Andalucía,Córdoba,Porcentaje de población menor de 18 años,2021,17.1,pct_menor_18,porcentaje
Andalucía,Córdoba,Porcentaje de población española,2021,97.2,pct_poblacion_espanola,porcentaje
Andalucía,Córdoba,Población,2021,763.679,poblacion,personas
Andalucía,Córdoba,Tamaño medio del hogar,2021,2.5,tamano_medio_hogar,personas_por_hogar
Andalucía,Córdoba,Edad media de la población,2022,43.8,edad_media,años
Andalucía,Córdoba,Porcentaje de población de 65 y más años,2022,20.4,pct_65_mas,porcentaje
Andalucía,Córdoba,Porcentaje de hogares unipersonales,2022,27.7,pct_hogares_unipersonales,porcentaje
Andalucía,Córdoba,Porcentaje de población menor de 18 años,2022,16.9,pct_menor_18,porcentaje
Andalucía,Córdoba,Porcentaje de población española,2022,96.8,pct_poblacion_espanola,porcentaje
Andalucía,Córdoba,Población,2022,763.643,poblacion,personas
Andalucía,Córdoba,Tamaño medio del hogar,2022,2.5,tamano_medio_hogar,personas_por_hogar
Andalucía,Córdoba,Edad media de la población,2023,44.1,edad_media,años
Andalucía,Córdoba,Porcentaje de población de 65 y más años,2023,20.9,pct_65_mas,porcentaje
Andalucía,Córdoba,Porcentaje de hogares unipersonales,2023,28.2,pct_hogares_unipersonales,porcentaje
Andalucía,Córdoba,Porcentaje de población menor de 18 años,2023,16.6,pct_menor_18,porcentaje
Andalucía,Córdoba,Porcentaje de población española,2023,96.5,pct_poblacion_espanola,porcentaje
Andalucía,Córdoba,Población,2023,762.441,poblacion,personas
Andalucía,Córdoba,Tamaño medio del hogar,2023,2.5,tamano_medio_hogar,personas_por_hogar
País Vasco,Gipuzkoa,Edad media de la población,2015,43.7,edad_media,años
País Vasco,Gipuzkoa,Porcentaje de población de 65 y más años,2015,21.1,pct_65_mas,porcentaje
País Vasco,Gipuzkoa,Porcentaje de hogares unipersonales,2015,31.2,pct_hogares_unipersonales,porcentaje
País Vasco,Gipuzkoa,Porcentaje de población menor de 18 años,2015,17.5,pct_menor_18,porcentaje
País Vasco,Gipuzkoa,Porcentaje de población española,2015,93.4,pct_poblacion_espanola,porcentaje
País Vasco,Gipuzkoa,Población,2015,712.539,poblacion,personas
País Vasco,Gipuzkoa,Tamaño medio del hogar,2015,2.4,tamano_medio_hogar,personas_por_hogar
País Vasco,Gipuzkoa,Edad media de la población,2016,43.9,edad_media,años
País Vasco,Gipuzkoa,Porcentaje de población de 65 y más años,2016,21.4,pct_65_mas,porcentaje
País Vasco,Gipuzkoa,Porcentaje de hogares unipersonales,2016,31.3,pct_hogares_unipersonales,porcentaje
País Vasco,Gipuzkoa,Porcentaje de población menor de 18 años,2016,17.6,pct_menor_18,porcentaje
País Vasco,Gipuzkoa,Porcentaje de población española,2016,93.2,pct_poblacion_espanola,porcentaje
País Vasco,Gipuzkoa,Población,2016,714.383,poblacion,personas
País Vasco,Gipuzkoa,Tamaño medio del hogar,2016,2.4,tamano_medio_hogar,personas_por_hogar
País Vasco,Gipuzkoa,Edad media de la población,2017,44.1,edad_media,años
País Vasco,Gipuzkoa,Porcentaje de población de 65 y más años,2017,21.8,pct_65_mas,porcentaje
País Vasco,Gipuzkoa,Porcentaje de hogares unipersonales,2017,31.1,pct_hogares_unipersonales,porcentaje
País Vasco,Gipuzkoa,Porcentaje de población menor de 18 años,2017,17.5,pct_menor_18,porcentaje
País Vasco,Gipuzkoa,Porcentaje de población española,2017,92.9,pct_poblacion_espanola,porcentaje
País Vasco,Gipuzkoa,Población,2017,715.701,poblacion,personas
País Vasco,Gipuzkoa,Tamaño medio del hogar,2017,2.4,tamano_medio_hogar,personas_por_hogar
País Vasco,Gipuzkoa,Edad media de la población,2018,44.4,edad_media,años
País Vasco,Gipuzkoa,Porcentaje de población de 65 y más años,2018,22.0,pct_65_mas,porcentaje
País Vasco,Gipuzkoa,Porcentaje de hogares unipersonales,2018,31.2,pct_hogares_unipersonales,porcentaje
País Vasco,Gipuzkoa,Porcentaje de población menor de 18 años,2018,17.3,pct_menor_18,porcentaje
País Vasco,Gipuzkoa,Porcentaje de población española,2018,92.4,pct_poblacion_espanola,porcentaje
País Vasco,Gipuzkoa,Población,2018,716.837,poblacion,personas
País Vasco,Gipuzkoa,Tamaño medio del hogar,2018,2.4,tamano_medio_hogar,personas_por_hogar
País Vasco,Gipuzkoa,Edad media de la población,2019,44.6,edad_media,años
País Vasco,Gipuzkoa,Porcentaje de población de 65 y más años,2019,22.3,pct_65_mas,porcentaje
País Vasco,Gipuzkoa,Porcentaje de hogares unipersonales,2019,31.1,pct_hogares_unipersonales,porcentaje
País Vasco,Gipuzkoa,Porcentaje de población menor de 18 años,2019,17.1,pct_menor_18,porcentaje
País Vasco,Gipuzkoa,Porcentaje de población española,2019,91.7,pct_poblacion_espanola,porcentaje
País Vasco,Gipuzkoa,Población,2019,719.841,poblacion,personas
País Vasco,Gipuzkoa,Tamaño medio del hogar,2019,2.4,tamano_medio_hogar,personas_por_hogar
País Vasco,Gipuzkoa,Edad media de la población,2020,44.8,edad_media,años
País Vasco,Gipuzkoa,Porcentaje de población de 65 y más años,2020,22.6,pct_65_mas,porcentaje
País Vasco,Gipuzkoa,Porcentaje de hogares unipersonales,2020,31.2,pct_hogares_unipersonales,porcentaje
País Vasco,Gipuzkoa,Porcentaje de población menor de 18 años,2020,16.9,pct_menor_18,porcentaje
País Vasco,Gipuzkoa,Porcentaje de población española,2020,91.6,pct_poblacion_espanola,porcentaje
País Vasco,Gipuzkoa,Población,2020,719.814,poblacion,personas
País Vasco,Gipuzkoa,Tamaño medio del hogar,2020,2.4,tamano_medio_hogar,personas_por_hogar
País Vasco,Gipuzkoa,Edad media de la población,2021,45.1,edad_media,años
País Vasco,Gipuzkoa,Porcentaje de población de 65 y más años,2021,23.0,pct_65_mas,porcentaje
País Vasco,Gipuzkoa,Porcentaje de hogares unipersonales,2021,31.5,pct_hogares_unipersonales,porcentaje
País Vasco,Gipuzkoa,Porcentaje de población menor de 18 años,2021,16.7,pct_menor_18,porcentaje
País Vasco,Gipuzkoa,Porcentaje de población española,2021,91.5,pct_poblacion_espanola,porcentaje
País Vasco,Gipuzkoa,Población,2021,717.113,poblacion,personas
País Vasco,Gipuzkoa,Tamaño medio del hogar,2021,2.4,tamano_medio_hogar,personas_por_hogar
País Vasco,Gipuzkoa,Edad media de la población,2022,45.2,edad_media,años
País Vasco,Gipuzkoa,Porcentaje de población de 65 y más años,2022,23.2,pct_65_mas,porcentaje
País Vasco,Gipuzkoa,Porcentaje de hogares unipersonales,2022,31.8,pct_hogares_unipersonales,porcentaje
País Vasco,Gipuzkoa,Porcentaje de población menor de 18 años,2022,16.4,pct_menor_18,porcentaje
País Vasco,Gipuzkoa,Porcentaje de población española,2022,91.1,pct_poblacion_espanola,porcentaje
País Vasco,Gipuzkoa,Población,2022,720.153,poblacion,personas
País Vasco,Gipuzkoa,Tamaño medio del hogar,2022,2.4,tamano_medio_hogar,personas_por_hogar
País Vasco,Gipuzkoa,Edad media de la población,2023,45.4,edad_media,años
País Vasco,Gipuzkoa,Porcentaje de población de 65 y más años,2023,23.6,pct_65_mas,porcentaje
País Vasco,Gipuzkoa,Porcentaje de hogares unipersonales,2023,32.2,pct_hogares_unipersonales,porcentaje
País Vasco,Gipuzkoa,Porcentaje de población menor de 18 años,2023,16.1,pct_menor_18,porcentaje
País Vasco,Gipuzkoa,Porcentaje de población española,2023,90.6,pct_poblacion_espanola,porcentaje
País Vasco,Gipuzkoa,Población,2023,722.805,poblacion,personas
País Vasco,Gipuzkoa,Tamaño medio del hogar,2023,2.4,tamano_medio_hogar,personas_por_hogar
Cataluña,Girona,Edad media de la población,2015,41.0,edad_media,años
Cataluña,Girona,Porcentaje de población de 65 y más años,2015,17.1,pct_65_mas,porcentaje
Cataluña,Girona,Porcentaje de hogares unipersonales,2015,27.4,pct_hogares_unipersonales,porcentaje
Cataluña,Girona,Porcentaje de población menor de 18 años,2015,19.5,pct_menor_18,porcentaje
Cataluña,Girona,Porcentaje de población española,2015,81.2,pct_poblacion_espanola,porcentaje
Cataluña,Girona,Población,2015,748.526,poblacion,personas
Cataluña,Girona,Tamaño medio del hogar,2015,2.6,tamano_medio_hogar,personas_por_hogar
Cataluña,Girona,Edad media de la población,2016,41.2,edad_media,años
Cataluña,Girona,Porcentaje de población de 65 y más años,2016,17.4,pct_65_mas,porcentaje
Cataluña,Girona,Porcentaje de hogares unipersonales,2016,27.3,pct_hogares_unipersonales,porcentaje
Cataluña,Girona,Porcentaje de población menor de 18 años,2016,19.5,pct_menor_18,porcentaje
Cataluña,Girona,Porcentaje de población española,2016,81.4,pct_poblacion_espanola,porcentaje
Cataluña,Girona,Población,2016,750.93,poblacion,personas
Cataluña,Girona,Tamaño medio del hogar,2016,2.6,tamano_medio_hogar,personas_por_hogar
Cataluña,Girona,Edad media de la población,2017,41.4,edad_media,años
Cataluña,Girona,Porcentaje de población de 65 y más años,2017,17.6,pct_65_mas,porcentaje
Cataluña,Girona,Porcentaje de hogares unipersonales,2017,27.3,pct_hogares_unipersonales,porcentaje
Cataluña,Girona,Porcentaje de población menor de 18 años,2017,19.5,pct_menor_18,porcentaje
Cataluña,Girona,Porcentaje de población española,2017,81.0,pct_poblacion_espanola,porcentaje
Cataluña,Girona,Población,2017,756.679,poblacion,personas
Cataluña,Girona,Tamaño medio del hogar,2017,2.6,tamano_medio_hogar,personas_por_hogar
Cataluña,Girona,Edad media de la población,2018,41.6,edad_media,años
Cataluña,Girona,Porcentaje de población de 65 y más años,2018,17.8,pct_65_mas,porcentaje
Cataluña,Girona,Porcentaje de hogares unipersonales,2018,27.5,pct_hogares_unipersonales,porcentaje
Cataluña,Girona,Porcentaje de población menor de 18 años,2018,19.3,pct_menor_18,porcentaje
Cataluña,Girona,Porcentaje de población española,2018,80.3,pct_poblacion_espanola,porcentaje
Cataluña,Girona,Población,2018,761.514,poblacion,personas
Cataluña,Girona,Tamaño medio del hogar,2018,2.6,tamano_medio_hogar,personas_por_hogar
Cataluña,Girona,Edad media de la población,2019,41.8,edad_media,años
Cataluña,Girona,Porcentaje de población de 65 y más años,2019,18.0,pct_65_mas,porcentaje
Cataluña,Girona,Porcentaje de hogares unipersonales,2019,27.5,pct_hogares_unipersonales,porcentaje
Cataluña,Girona,Porcentaje de población menor de 18 años,2019,19.1,pct_menor_18,porcentaje
Cataluña,Girona,Porcentaje de población española,2019,79.5,pct_poblacion_espanola,porcentaje
Cataluña,Girona,Población,2019,770.258,poblacion,personas
Cataluña,Girona,Tamaño medio del hogar,2019,2.6,tamano_medio_hogar,personas_por_hogar
Cataluña,Girona,Edad media de la población,2020,42.0,edad_media,años
Cataluña,Girona,Porcentaje de población de 65 y más años,2020,18.2,pct_65_mas,porcentaje
Cataluña,Girona,Porcentaje de hogares unipersonales,2020,27.7,pct_hogares_unipersonales,porcentaje
Cataluña,Girona,Porcentaje de población menor de 18 años,2020,18.8,pct_menor_18,porcentaje
Cataluña,Girona,Porcentaje de población española,2020,79.7,pct_poblacion_espanola,porcentaje
Cataluña,Girona,Población,2020,777.591,poblacion,personas
Cataluña,Girona,Tamaño medio del hogar,2020,2.6,tamano_medio_hogar,personas_por_hogar
Cataluña,Girona,Edad media de la población,2021,42.3,edad_media,años
Cataluña,Girona,Porcentaje de población de 65 y más años,2021,18.6,pct_65_mas,porcentaje
Cataluña,Girona,Porcentaje de hogares unipersonales,2021,28.0,pct_hogares_unipersonales,porcentaje
Cataluña,Girona,Porcentaje de población menor de 18 años,2021,18.6,pct_menor_18,porcentaje
Cataluña,Girona,Porcentaje de población española,2021,79.5,pct_poblacion_espanola,porcentaje
Cataluña,Girona,Población,2021,782.416,poblacion,personas
Cataluña,Girona,Tamaño medio del hogar,2021,2.6,tamano_medio_hogar,personas_por_hogar
Cataluña,Girona,Edad media de la población,2022,42.4,edad_media,años
Cataluña,Girona,Porcentaje de población de 65 y más años,2022,18.7,pct_65_mas,porcentaje
Cataluña,Girona,Porcentaje de hogares unipersonales,2022,28.1,pct_hogares_unipersonales,porcentaje
Cataluña,Girona,Porcentaje de población menor de 18 años,2022,18.4,pct_menor_18,porcentaje
Cataluña,Girona,Porcentaje de población española,2022,79.3,pct_poblacion_espanola,porcentaje
Cataluña,Girona,Población,2022,797.234,poblacion,personas
Cataluña,Girona,Tamaño medio del hogar,2022,2.6,tamano_medio_hogar,personas_por_hogar
Cataluña,Girona,Edad media de la población,2023,42.5,edad_media,años
Cataluña,Girona,Porcentaje de población de 65 y más años,2023,19.0,pct_65_mas,porcentaje
Cataluña,Girona,Porcentaje de hogares unipersonales,2023,28.2,pct_hogares_unipersonales,porcentaje
Cataluña,Girona,Porcentaje de población menor de 18 años,2023,18.1,pct_menor_18,porcentaje
Cataluña,Girona,Porcentaje de población española,2023,79.0,pct_poblacion_espanola,porcentaje
Cataluña,Girona,Población,2023,808.284,poblacion,personas
Cataluña,Girona,Tamaño medio del hogar,2023,2.6,tamano_medio_hogar,personas_por_hogar
Andalucía,Granada,Edad media de la población,2015,41.0,edad_media,años
Andalucía,Granada,Porcentaje de población de 65 y más años,2015,17.1,pct_65_mas,porcentaje
Andalucía,Granada,Porcentaje de hogares unipersonales,2015,29.3,pct_hogares_unipersonales,porcentaje
Andalucía,Granada,Porcentaje de población menor de 18 años,2015,18.6,pct_menor_18,porcentaje
Andalucía,Granada,Porcentaje de población española,2015,93.7,pct_poblacion_espanola,porcentaje
Andalucía,Granada,Población,2015,913.423,poblacion,personas
Andalucía,Granada,Tamaño medio del hogar,2015,2.6,tamano_medio_hogar,personas_por_hogar
Andalucía,Granada,Edad media de la población,2016,41.3,edad_media,años
Andalucía,Granada,Porcentaje de población de 65 y más años,2016,17.3,pct_65_mas,porcentaje
Andalucía,Granada,Porcentaje de hogares unipersonales,2016,29.6,pct_hogares_unipersonales,porcentaje
Andalucía,Granada,Porcentaje de población menor de 18 años,2016,18.6,pct_menor_18,porcentaje
Andalucía,Granada,Porcentaje de población española,2016,93.9,pct_poblacion_espanola,porcentaje
Andalucía,Granada,Población,2016,909.295,poblacion,personas
Andalucía,Granada,Tamaño medio del hogar,2016,2.5,tamano_medio_hogar,personas_por_hogar
Andalucía,Granada,Edad media de la población,2017,41.5,edad_media,años
Andalucía,Granada,Porcentaje de población de 65 y más años,2017,17.5,pct_65_mas,porcentaje
Andalucía,Granada,Porcentaje de hogares unipersonales,2017,29.6,pct_hogares_unipersonales,porcentaje
Andalucía,Granada,Porcentaje de población menor de 18 años,2017,18.5,pct_menor_18,porcentaje
Andalucía,Granada,Porcentaje de población española,2017,93.7,pct_poblacion_espanola,porcentaje
Andalucía,Granada,Población,2017,908.413,poblacion,personas
Andalucía,Granada,Tamaño medio del hogar,2017,2.5,tamano_medio_hogar,personas_por_hogar
Andalucía,Granada,Edad media de la población,2018,41.8,edad_media,años
Andalucía,Granada,Porcentaje de población de 65 y más años,2018,17.8,pct_65_mas,porcentaje
Andalucía,Granada,Porcentaje de hogares unipersonales,2018,30.0,pct_hogares_unipersonales,porcentaje
Andalucía,Granada,Porcentaje de población menor de 18 años,2018,18.3,pct_menor_18,porcentaje
Andalucía,Granada,Porcentaje de población española,2018,93.3,pct_poblacion_espanola,porcentaje
Andalucía,Granada,Población,2018,907.256,poblacion,personas
Andalucía,Granada,Tamaño medio del hogar,2018,2.5,tamano_medio_hogar,personas_por_hogar
Andalucía,Granada,Edad media de la población,2019,42.1,edad_media,años
Andalucía,Granada,Porcentaje de población de 65 y más años,2019,18.0,pct_65_mas,porcentaje
Andalucía,Granada,Porcentaje de hogares unipersonales,2019,30.1,pct_hogares_unipersonales,porcentaje
Andalucía,Granada,Porcentaje de población menor de 18 años,2019,18.1,pct_menor_18,porcentaje
Andalucía,Granada,Porcentaje de población española,2019,92.9,pct_poblacion_espanola,porcentaje
Andalucía,Granada,Población,2019,911.38,poblacion,personas
Andalucía,Granada,Tamaño medio del hogar,2019,2.5,tamano_medio_hogar,personas_por_hogar
Andalucía,Granada,Edad media de la población,2020,42.3,edad_media,años
Andalucía,Granada,Porcentaje de población de 65 y más años,2020,18.1,pct_65_mas,porcentaje
Andalucía,Granada,Porcentaje de hogares unipersonales,2020,30.3,pct_hogares_unipersonales,porcentaje
Andalucía,Granada,Porcentaje de población menor de 18 años,2020,17.9,pct_menor_18,porcentaje
Andalucía,Granada,Porcentaje de población española,2020,92.7,pct_poblacion_espanola,porcentaje
Andalucía,Granada,Población,2020,914.862,poblacion,personas
Andalucía,Granada,Tamaño medio del hogar,2020,2.5,tamano_medio_hogar,personas_por_hogar
Andalucía,Granada,Edad media de la población,2021,42.6,edad_media,años
Andalucía,Granada,Porcentaje de población de 65 y más años,2021,18.5,pct_65_mas,porcentaje
Andalucía,Granada,Porcentaje de hogares unipersonales,2021,30.8,pct_hogares_unipersonales,porcentaje
Andalucía,Granada,Porcentaje de población menor de 18 años,2021,17.7,pct_menor_18,porcentaje
Andalucía,Granada,Porcentaje de población española,2021,92.5,pct_poblacion_espanola,porcentaje
Andalucía,Granada,Población,2021,915.317,poblacion,personas
Andalucía,Granada,Tamaño medio del hogar,2021,2.5,tamano_medio_hogar,personas_por_hogar
Andalucía,Granada,Edad media de la población,2022,42.8,edad_media,años
Andalucía,Granada,Porcentaje de población de 65 y más años,2022,18.9,pct_65_mas,porcentaje
Andalucía,Granada,Porcentaje de hogares unipersonales,2022,31.2,pct_hogares_unipersonales,porcentaje
Andalucía,Granada,Porcentaje de población menor de 18 años,2022,17.4,pct_menor_18,porcentaje
Andalucía,Granada,Porcentaje de población española,2022,91.9,pct_poblacion_espanola,porcentaje
Andalucía,Granada,Población,2022,925.574,poblacion,personas
Andalucía,Granada,Tamaño medio del hogar,2022,2.5,tamano_medio_hogar,personas_por_hogar
Andalucía,Granada,Edad media de la población,2023,43.1,edad_media,años
Andalucía,Granada,Porcentaje de población de 65 y más años,2023,19.3,pct_65_mas,porcentaje
Andalucía,Granada,Porcentaje de hogares unipersonales,2023,31.5,pct_hogares_unipersonales,porcentaje
Andalucía,Granada,Porcentaje de población menor de 18 años,2023,17.2,pct_menor_18,porcentaje
Andalucía,Granada,Porcentaje de población española,2023,91.5,pct_poblacion_espanola,porcentaje
Andalucía,Granada,Población,2023,931.77,poblacion,personas
Andalucía,Granada,Tamaño medio del hogar,2023,2.4,tamano_medio_hogar,personas_por_hogar
Castilla - La Mancha,Guadalajara,Edad media de la población,2015,40.2,edad_media,años
Castilla - La Mancha,Guadalajara,Porcentaje de población de 65 y más años,2015,15.4,pct_65_mas,porcentaje
Castilla - La Mancha,Guadalajara,Porcentaje de hogares unipersonales,2015,29.8,pct_hogares_unipersonales,porcentaje
Castilla - La Mancha,Guadalajara,Porcentaje de población menor de 18 años,2015,20.0,pct_menor_18,porcentaje
Castilla - La Mancha,Guadalajara,Porcentaje de población española,2015,87.8,pct_poblacion_espanola,porcentaje
Castilla - La Mancha,Guadalajara,Población,2015,250.893,poblacion,personas
Castilla - La Mancha,Guadalajara,Tamaño medio del hogar,2015,2.6,tamano_medio_hogar,personas_por_hogar
Castilla - La Mancha,Guadalajara,Edad media de la población,2016,40.4,edad_media,años
Castilla - La Mancha,Guadalajara,Porcentaje de población de 65 y más años,2016,15.4,pct_65_mas,porcentaje
Castilla - La Mancha,Guadalajara,Porcentaje de hogares unipersonales,2016,29.9,pct_hogares_unipersonales,porcentaje
Castilla - La Mancha,Guadalajara,Porcentaje de población menor de 18 años,2016,20.2,pct_menor_18,porcentaje
Castilla - La Mancha,Guadalajara,Porcentaje de población española,2016,88.0,pct_poblacion_espanola,porcentaje
Castilla - La Mancha,Guadalajara,Población,2016,251.338,poblacion,personas
Castilla - La Mancha,Guadalajara,Tamaño medio del hogar,2016,2.5,tamano_medio_hogar,personas_por_hogar
Castilla - La Mancha,Guadalajara,Edad media de la población,2017,40.6,edad_media,años
Castilla - La Mancha,Guadalajara,Porcentaje de población de 65 y más años,2017,15.6,pct_65_mas,porcentaje
Castilla - La Mancha,Guadalajara,Porcentaje de hogares unipersonales,2017,29.7,pct_hogares_unipersonales,porcentaje
Castilla - La Mancha,Guadalajara,Porcentaje de población menor de 18 años,2017,20.1,pct_menor_18,porcentaje
Castilla - La Mancha,Guadalajara,Porcentaje de población española,2017,87.8,pct_poblacion_espanola,porcentaje
Castilla - La Mancha,Guadalajara,Población,2017,252.192,poblacion,personas
Castilla - La Mancha,Guadalajara,Tamaño medio del hogar,2017,2.6,tamano_medio_hogar,personas_por_hogar
Castilla - La Mancha,Guadalajara,Edad media de la población,2018,40.9,edad_media,años
Castilla - La Mancha,Guadalajara,Porcentaje de población de 65 y más años,2018,15.8,pct_65_mas,porcentaje
Castilla - La Mancha,Guadalajara,Porcentaje de hogares unipersonales,2018,29.9,pct_hogares_unipersonales,porcentaje
Castilla - La Mancha,Guadalajara,Porcentaje de población menor de 18 años,2018,19.8,pct_menor_18,porcentaje
Castilla - La Mancha,Guadalajara,Porcentaje de población española,2018,87.3,pct_poblacion_espanola,porcentaje
Castilla - La Mancha,Guadalajara,Población,2018,254.211,poblacion,personas
Castilla - La Mancha,Guadalajara,Tamaño medio del hogar,2018,2.5,tamano_medio_hogar,personas_por_hogar
Castilla - La Mancha,Guadalajara,Edad media de la población,2019,41.1,edad_media,años
Castilla - La Mancha,Guadalajara,Porcentaje de población de 65 y más años,2019,15.8,pct_65_mas,porcentaje
Castilla - La Mancha,Guadalajara,Porcentaje de hogares unipersonales,2019,29.7,pct_hogares_unipersonales,porcentaje
Castilla - La Mancha,Guadalajara,Porcentaje de población menor de 18 años,2019,19.7,pct_menor_18,porcentaje
Castilla - La Mancha,Guadalajara,Porcentaje de población española,2019,86.5,pct_poblacion_espanola,porcentaje
Castilla - La Mancha,Guadalajara,Población,2019,258.449,poblacion,personas
Castilla - La Mancha,Guadalajara,Tamaño medio del hogar,2019,2.6,tamano_medio_hogar,personas_por_hogar
Castilla - La Mancha,Guadalajara,Edad media de la población,2020,41.3,edad_media,años
Castilla - La Mancha,Guadalajara,Porcentaje de población de 65 y más años,2020,15.9,pct_65_mas,porcentaje
Castilla - La Mancha,Guadalajara,Porcentaje de hogares unipersonales,2020,29.8,pct_hogares_unipersonales,porcentaje
Castilla - La Mancha,Guadalajara,Porcentaje de población menor de 18 años,2020,19.4,pct_menor_18,porcentaje
Castilla - La Mancha,Guadalajara,Porcentaje de población española,2020,86.4,pct_poblacion_espanola,porcentaje
Castilla - La Mancha,Guadalajara,Población,2020,262.646,poblacion,personas
Castilla - La Mancha,Guadalajara,Tamaño medio del hogar,2020,2.5,tamano_medio_hogar,personas_por_hogar
Castilla - La Mancha,Guadalajara,Edad media de la población,2021,41.6,edad_media,años
Castilla - La Mancha,Guadalajara,Porcentaje de población de 65 y más años,2021,16.1,pct_65_mas,porcentaje
Castilla - La Mancha,Guadalajara,Porcentaje de hogares unipersonales,2021,30.3,pct_hogares_unipersonales,porcentaje
Castilla - La Mancha,Guadalajara,Porcentaje de población menor de 18 años,2021,19.1,pct_menor_18,porcentaje
Castilla - La Mancha,Guadalajara,Porcentaje de población española,2021,86.1,pct_poblacion_espanola,porcentaje
Castilla - La Mancha,Guadalajara,Población,2021,264.914,poblacion,personas
Castilla - La Mancha,Guadalajara,Tamaño medio del hogar,2021,2.5,tamano_medio_hogar,personas_por_hogar
Castilla - La Mancha,Guadalajara,Edad media de la población,2022,41.7,edad_media,años
Castilla - La Mancha,Guadalajara,Porcentaje de población de 65 y más años,2022,16.3,pct_65_mas,porcentaje
Castilla - La Mancha,Guadalajara,Porcentaje de hogares unipersonales,2022,30.2,pct_hogares_unipersonales,porcentaje
Castilla - La Mancha,Guadalajara,Porcentaje de población menor de 18 años,2022,18.8,pct_menor_18,porcentaje
Castilla - La Mancha,Guadalajara,Porcentaje de población española,2022,85.4,pct_poblacion_espanola,porcentaje
Castilla - La Mancha,Guadalajara,Población,2022,271.317,poblacion,personas
Castilla - La Mancha,Guadalajara,Tamaño medio del hogar,2022,2.5,tamano_medio_hogar,personas_por_hogar
Castilla - La Mancha,Guadalajara,Edad media de la población,2023,41.9,edad_media,años
Castilla - La Mancha,Guadalajara,Porcentaje de población de 65 y más años,2023,16.5,pct_65_mas,porcentaje
Castilla - La Mancha,Guadalajara,Porcentaje de hogares unipersonales,2023,30.4,pct_hogares_unipersonales,porcentaje
Castilla - La Mancha,Guadalajara,Porcentaje de población menor de 18 años,2023,18.4,pct_menor_18,porcentaje
Castilla - La Mancha,Guadalajara,Porcentaje de población española,2023,84.4,pct_poblacion_espanola,porcentaje
Castilla - La Mancha,Guadalajara,Población,2023,276.207,poblacion,personas
Castilla - La Mancha,Guadalajara,Tamaño medio del hogar,2023,2.5,tamano_medio_hogar,personas_por_hogar
Andalucía,Huelva,Edad media de la población,2015,40.3,edad_media,años
Andalucía,Huelva,Porcentaje de población de 65 y más años,2015,15.9,pct_65_mas,porcentaje
Andalucía,Huelva,Porcentaje de hogares unipersonales,2015,25.6,pct_hogares_unipersonales,porcentaje
Andalucía,Huelva,Porcentaje de población menor de 18 años,2015,19.1,pct_menor_18,porcentaje
Andalucía,Huelva,Porcentaje de población española,2015,92.1,pct_poblacion_espanola,porcentaje
Andalucía,Huelva,Población,2015,518.271,poblacion,personas
Andalucía,Huelva,Tamaño medio del hogar,2015,2.7,tamano_medio_hogar,personas_por_hogar
Andalucía,Huelva,Edad media de la población,2016,40.6,edad_media,años
Andalucía,Huelva,Porcentaje de población de 65 y más años,2016,16.2,pct_65_mas,porcentaje
Andalucía,Huelva,Porcentaje de hogares unipersonales,2016,25.7,pct_hogares_unipersonales,porcentaje
Andalucía,Huelva,Porcentaje de población menor de 18 años,2016,19.1,pct_menor_18,porcentaje
Andalucía,Huelva,Porcentaje de población española,2016,92.2,pct_poblacion_espanola,porcentaje
Andalucía,Huelva,Población,2016,516.452,poblacion,personas
Andalucía,Huelva,Tamaño medio del hogar,2016,2.6,tamano_medio_hogar,personas_por_hogar
Andalucía,Huelva,Edad media de la población,2017,40.8,edad_media,años
Andalucía,Huelva,Porcentaje de población de 65 y más años,2017,16.4,pct_65_mas,porcentaje
Andalucía,Huelva,Porcentaje de hogares unipersonales,2017,25.6,pct_hogares_unipersonales,porcentaje
Andalucía,Huelva,Porcentaje de población menor de 18 años,2017,19.0,pct_menor_18,porcentaje
Andalucía,Huelva,Porcentaje de población española,2017,91.9,pct_poblacion_espanola,porcentaje
Andalucía,Huelva,Población,2017,517.671,poblacion,personas
Andalucía,Huelva,Tamaño medio del hogar,2017,2.6,tamano_medio_hogar,personas_por_hogar
Andalucía,Huelva,Edad media de la población,2018,41.2,edad_media,años
Andalucía,Huelva,Porcentaje de población de 65 y más años,2018,16.6,pct_65_mas,porcentaje
Andalucía,Huelva,Porcentaje de hogares unipersonales,2018,26.0,pct_hogares_unipersonales,porcentaje
Andalucía,Huelva,Porcentaje de población menor de 18 años,2018,18.8,pct_menor_18,porcentaje
Andalucía,Huelva,Porcentaje de población española,2018,91.4,pct_poblacion_espanola,porcentaje
Andalucía,Huelva,Población,2018,516.57,poblacion,personas
Andalucía,Huelva,Tamaño medio del hogar,2018,2.6,tamano_medio_hogar,personas_por_hogar
Andalucía,Huelva,Edad media de la población,2019,41.4,edad_media,años
Andalucía,Huelva,Porcentaje de población de 65 y más años,2019,16.8,pct_65_mas,porcentaje
Andalucía,Huelva,Porcentaje de hogares unipersonales,2019,26.1,pct_hogares_unipersonales,porcentaje
Andalucía,Huelva,Porcentaje de población menor de 18 años,2019,18.6,pct_menor_18,porcentaje
Andalucía,Huelva,Porcentaje de población española,2019,91.0,pct_poblacion_espanola,porcentaje
Andalucía,Huelva,Población,2019,518.545,poblacion,personas
Andalucía,Huelva,Tamaño medio del hogar,2019,2.6,tamano_medio_hogar,personas_por_hogar
Andalucía,Huelva,Edad media de la población,2020,41.8,edad_media,años
Andalucía,Huelva,Porcentaje de población de 65 y más años,2020,17.2,pct_65_mas,porcentaje
Andalucía,Huelva,Porcentaje de hogares unipersonales,2020,26.6,pct_hogares_unipersonales,porcentaje
Andalucía,Huelva,Porcentaje de población menor de 18 años,2020,18.3,pct_menor_18,porcentaje
Andalucía,Huelva,Porcentaje de población española,2020,90.8,pct_poblacion_espanola,porcentaje
Andalucía,Huelva,Población,2020,519.774,poblacion,personas
Andalucía,Huelva,Tamaño medio del hogar,2020,2.6,tamano_medio_hogar,personas_por_hogar
Andalucía,Huelva,Edad media de la población,2021,42.0,edad_media,años
Andalucía,Huelva,Porcentaje de población de 65 y más años,2021,17.4,pct_65_mas,porcentaje
Andalucía,Huelva,Porcentaje de hogares unipersonales,2021,27.0,pct_hogares_unipersonales,porcentaje
Andalucía,Huelva,Porcentaje de población menor de 18 años,2021,18.1,pct_menor_18,porcentaje
Andalucía,Huelva,Porcentaje de población española,2021,90.3,pct_poblacion_espanola,porcentaje
Andalucía,Huelva,Población,2021,522.837,poblacion,personas
Andalucía,Huelva,Tamaño medio del hogar,2021,2.6,tamano_medio_hogar,personas_por_hogar
Andalucía,Huelva,Edad media de la población,2022,42.3,edad_media,años
Andalucía,Huelva,Porcentaje de población de 65 y más años,2022,17.7,pct_65_mas,porcentaje
Andalucía,Huelva,Porcentaje de hogares unipersonales,2022,27.3,pct_hogares_unipersonales,porcentaje
Andalucía,Huelva,Porcentaje de población menor de 18 años,2022,17.8,pct_menor_18,porcentaje
Andalucía,Huelva,Porcentaje de población española,2022,90.2,pct_poblacion_espanola,porcentaje
Andalucía,Huelva,Población,2022,526.734,poblacion,personas
Andalucía,Huelva,Tamaño medio del hogar,2022,2.6,tamano_medio_hogar,personas_por_hogar
Andalucía,Huelva,Edad media de la población,2023,42.6,edad_media,años
Andalucía,Huelva,Porcentaje de población de 65 y más años,2023,18.1,pct_65_mas,porcentaje
Andalucía,Huelva,Porcentaje de hogares unipersonales,2023,27.6,pct_hogares_unipersonales,porcentaje
Andalucía,Huelva,Porcentaje de población menor de 18 años,2023,17.5,pct_menor_18,porcentaje
Andalucía,Huelva,Porcentaje de población española,2023,89.8,pct_poblacion_espanola,porcentaje
Andalucía,Huelva,Población,2023,528.798,poblacion,personas
Andalucía,Huelva,Tamaño medio del hogar,2023,2.5,tamano_medio_hogar,personas_por_hogar
Aragón,Huesca,Edad media de la población,2015,44.4,edad_media,años
Aragón,Huesca,Porcentaje de población de 65 y más años,2015,21.9,pct_65_mas,porcentaje
Aragón,Huesca,Porcentaje de hogares unipersonales,2015,30.7,pct_hogares_unipersonales,porcentaje
Aragón,Huesca,Porcentaje de población menor de 18 años,2015,16.3,pct_menor_18,porcentaje
Aragón,Huesca,Porcentaje de población española,2015,89.5,pct_poblacion_espanola,porcentaje
Aragón,Huesca,Población,2015,219.138,poblacion,personas
Aragón,Huesca,Tamaño medio del hogar,2015,2.5,tamano_medio_hogar,personas_por_hogar
Aragón,Huesca,Edad media de la población,2016,44.7,edad_media,años
Aragón,Huesca,Porcentaje de población de 65 y más años,2016,22.1,pct_65_mas,porcentaje
Aragón,Huesca,Porcentaje de hogares unipersonales,2016,30.9,pct_hogares_unipersonales,porcentaje
Aragón,Huesca,Porcentaje de población menor de 18 años,2016,16.4,pct_menor_18,porcentaje
Aragón,Huesca,Porcentaje de población española,2016,89.7,pct_poblacion_espanola,porcentaje
Aragón,Huesca,Población,2016,217.583,poblacion,personas
Aragón,Huesca,Tamaño medio del hogar,2016,2.5,tamano_medio_hogar,personas_por_hogar
Aragón,Huesca,Edad media de la población,2017,44.8,edad_media,años
Aragón,Huesca,Porcentaje de población de 65 y más años,2017,22.3,pct_65_mas,porcentaje
Aragón,Huesca,Porcentaje de hogares unipersonales,2017,31.1,pct_hogares_unipersonales,porcentaje
Aragón,Huesca,Porcentaje de población menor de 18 años,2017,16.4,pct_menor_18,porcentaje
Aragón,Huesca,Porcentaje de población española,2017,89.4,pct_poblacion_espanola,porcentaje
Aragón,Huesca,Población,2017,217.163,poblacion,personas
Aragón,Huesca,Tamaño medio del hogar,2017,2.5,tamano_medio_hogar,personas_por_hogar
Aragón,Huesca,Edad media de la población,2018,44.9,edad_media,años
Aragón,Huesca,Porcentaje de población de 65 y más años,2018,22.3,pct_65_mas,porcentaje
Aragón,Huesca,Porcentaje de hogares unipersonales,2018,31.4,pct_hogares_unipersonales,porcentaje
Aragón,Huesca,Porcentaje de población menor de 18 años,2018,16.4,pct_menor_18,porcentaje
Aragón,Huesca,Porcentaje de población española,2018,88.6,pct_poblacion_espanola,porcentaje
Aragón,Huesca,Población,2018,217.413,poblacion,personas
Aragón,Huesca,Tamaño medio del hogar,2018,2.5,tamano_medio_hogar,personas_por_hogar
Aragón,Huesca,Edad media de la población,2019,44.9,edad_media,años
Aragón,Huesca,Porcentaje de población de 65 y más años,2019,22.3,pct_65_mas,porcentaje
Aragón,Huesca,Porcentaje de hogares unipersonales,2019,31.4,pct_hogares_unipersonales,porcentaje
Aragón,Huesca,Porcentaje de población menor de 18 años,2019,16.3,pct_menor_18,porcentaje
Aragón,Huesca,Porcentaje de población española,2019,87.5,pct_poblacion_espanola,porcentaje
Aragón,Huesca,Población,2019,219.118,poblacion,personas
Aragón,Huesca,Tamaño medio del hogar,2019,2.5,tamano_medio_hogar,personas_por_hogar
Aragón,Huesca,Edad media de la población,2020,45.0,edad_media,años
Aragón,Huesca,Porcentaje de población de 65 y más años,2020,22.4,pct_65_mas,porcentaje
Aragón,Huesca,Porcentaje de hogares unipersonales,2020,31.6,pct_hogares_unipersonales,porcentaje
Aragón,Huesca,Porcentaje de población menor de 18 años,2020,16.2,pct_menor_18,porcentaje
Aragón,Huesca,Porcentaje de población española,2020,87.2,pct_poblacion_espanola,porcentaje
Aragón,Huesca,Población,2020,220.834,poblacion,personas
Aragón,Huesca,Tamaño medio del hogar,2020,2.5,tamano_medio_hogar,personas_por_hogar
Aragón,Huesca,Edad media de la población,2021,45.2,edad_media,años
Aragón,Huesca,Porcentaje de población de 65 y más años,2021,22.6,pct_65_mas,porcentaje
Aragón,Huesca,Porcentaje de hogares unipersonales,2021,32.1,pct_hogares_unipersonales,porcentaje
Aragón,Huesca,Porcentaje de población menor de 18 años,2021,16.1,pct_menor_18,porcentaje
Aragón,Huesca,Porcentaje de población española,2021,86.8,pct_poblacion_espanola,porcentaje
Aragón,Huesca,Población,2021,221.903,poblacion,personas
Aragón,Huesca,Tamaño medio del hogar,2021,2.4,tamano_medio_hogar,personas_por_hogar
Aragón,Huesca,Edad media de la población,2022,45.2,edad_media,años
Aragón,Huesca,Porcentaje de población de 65 y más años,2022,22.7,pct_65_mas,porcentaje
Aragón,Huesca,Porcentaje de hogares unipersonales,2022,32.4,pct_hogares_unipersonales,porcentaje
Aragón,Huesca,Porcentaje de población menor de 18 años,2022,16.1,pct_menor_18,porcentaje
Aragón,Huesca,Porcentaje de población española,2022,86.2,pct_poblacion_espanola,porcentaje
Aragón,Huesca,Población,2022,223.403,poblacion,personas
Aragón,Huesca,Tamaño medio del hogar,2022,2.4,tamano_medio_hogar,personas_por_hogar
Aragón,Huesca,Edad media de la población,2023,45.3,edad_media,años
Aragón,Huesca,Porcentaje de población de 65 y más años,2023,22.9,pct_65_mas,porcentaje
Aragón,Huesca,Porcentaje de hogares unipersonales,2023,32.7,pct_hogares_unipersonales,porcentaje
Aragón,Huesca,Porcentaje de población menor de 18 años,2023,15.9,pct_menor_18,porcentaje
Aragón,Huesca,Porcentaje de población española,2023,85.6,pct_poblacion_espanola,porcentaje
Aragón,Huesca,Población,2023,224.824,poblacion,personas
Aragón,Huesca,Tamaño medio del hogar,2023,2.4,tamano_medio_hogar,personas_por_hogar
Andalucía,Jaén,Edad media de la población,2015,41.8,edad_media,años
Andalucía,Jaén,Porcentaje de población de 65 y más años,2015,18.4,pct_65_mas,porcentaje
Andalucía,Jaén,Porcentaje de hogares unipersonales,2015,26.7,pct_hogares_unipersonales,porcentaje
Andalucía,Jaén,Porcentaje de población menor de 18 años,2015,18.0,pct_menor_18,porcentaje
Andalucía,Jaén,Porcentaje de población española,2015,97.5,pct_poblacion_espanola,porcentaje
Andalucía,Jaén,Población,2015,645.844,poblacion,personas
Andalucía,Jaén,Tamaño medio del hogar,2015,2.6,tamano_medio_hogar,personas_por_hogar
Andalucía,Jaén,Edad media de la población,2016,42.1,edad_media,años
Andalucía,Jaén,Porcentaje de población de 65 y más años,2016,18.5,pct_65_mas,porcentaje
Andalucía,Jaén,Porcentaje de hogares unipersonales,2016,27.0,pct_hogares_unipersonales,porcentaje
Andalucía,Jaén,Porcentaje de población menor de 18 años,2016,17.8,pct_menor_18,porcentaje
Andalucía,Jaén,Porcentaje de población española,2016,97.6,pct_poblacion_espanola,porcentaje
Andalucía,Jaén,Población,2016,640.927,poblacion,personas
Andalucía,Jaén,Tamaño medio del hogar,2016,2.6,tamano_medio_hogar,personas_por_hogar
Andalucía,Jaén,Edad media de la población,2017,42.5,edad_media,años
Andalucía,Jaén,Porcentaje de población de 65 y más años,2017,18.8,pct_65_mas,porcentaje
Andalucía,Jaén,Porcentaje de hogares unipersonales,2017,26.9,pct_hogares_unipersonales,porcentaje
Andalucía,Jaén,Porcentaje de población menor de 18 años,2017,17.5,pct_menor_18,porcentaje
Andalucía,Jaén,Porcentaje de población española,2017,97.6,pct_poblacion_espanola,porcentaje
Andalucía,Jaén,Población,2017,635.619,poblacion,personas
Andalucía,Jaén,Tamaño medio del hogar,2017,2.6,tamano_medio_hogar,personas_por_hogar
Andalucía,Jaén,Edad media de la población,2018,42.8,edad_media,años
Andalucía,Jaén,Porcentaje de población de 65 y más años,2018,19.1,pct_65_mas,porcentaje
Andalucía,Jaén,Porcentaje de hogares unipersonales,2018,27.2,pct_hogares_unipersonales,porcentaje
Andalucía,Jaén,Porcentaje de población menor de 18 años,2018,17.3,pct_menor_18,porcentaje
Andalucía,Jaén,Porcentaje de población española,2018,97.6,pct_poblacion_espanola,porcentaje
Andalucía,Jaén,Población,2018,629.72,poblacion,personas
Andalucía,Jaén,Tamaño medio del hogar,2018,2.5,tamano_medio_hogar,personas_por_hogar
Andalucía,Jaén,Edad media de la población,2019,43.1,edad_media,años
Andalucía,Jaén,Porcentaje de población de 65 y más años,2019,19.3,pct_65_mas,porcentaje
Andalucía,Jaén,Porcentaje de hogares unipersonales,2019,27.5,pct_hogares_unipersonales,porcentaje
Andalucía,Jaén,Porcentaje de población menor de 18 años,2019,17.1,pct_menor_18,porcentaje
Andalucía,Jaén,Porcentaje de población española,2019,97.4,pct_poblacion_espanola,porcentaje
Andalucía,Jaén,Población,2019,626.797,poblacion,personas
Andalucía,Jaén,Tamaño medio del hogar,2019,2.5,tamano_medio_hogar,personas_por_hogar
Andalucía,Jaén,Edad media de la población,2020,43.4,edad_media,años
Andalucía,Jaén,Porcentaje de población de 65 y más años,2020,19.5,pct_65_mas,porcentaje
Andalucía,Jaén,Porcentaje de hogares unipersonales,2020,27.9,pct_hogares_unipersonales,porcentaje
Andalucía,Jaén,Porcentaje de población menor de 18 años,2020,16.9,pct_menor_18,porcentaje
Andalucía,Jaén,Porcentaje de población española,2020,97.3,pct_poblacion_espanola,porcentaje
Andalucía,Jaén,Población,2020,623.762,poblacion,personas
Andalucía,Jaén,Tamaño medio del hogar,2020,2.5,tamano_medio_hogar,personas_por_hogar
Andalucía,Jaén,Edad media de la población,2021,43.7,edad_media,años
Andalucía,Jaén,Porcentaje de población de 65 y más años,2021,19.9,pct_65_mas,porcentaje
Andalucía,Jaén,Porcentaje de hogares unipersonales,2021,28.2,pct_hogares_unipersonales,porcentaje
Andalucía,Jaén,Porcentaje de población menor de 18 años,2021,16.6,pct_menor_18,porcentaje
Andalucía,Jaén,Porcentaje de población española,2021,97.2,pct_poblacion_espanola,porcentaje
Andalucía,Jaén,Población,2021,620.509,poblacion,personas
Andalucía,Jaén,Tamaño medio del hogar,2021,2.5,tamano_medio_hogar,personas_por_hogar
Andalucía,Jaén,Edad media de la población,2022,44.0,edad_media,años
Andalucía,Jaén,Porcentaje de población de 65 y más años,2022,20.3,pct_65_mas,porcentaje
Andalucía,Jaén,Porcentaje de hogares unipersonales,2022,28.8,pct_hogares_unipersonales,porcentaje
Andalucía,Jaén,Porcentaje de población menor de 18 años,2022,16.4,pct_menor_18,porcentaje
Andalucía,Jaén,Porcentaje de población española,2022,96.9,pct_poblacion_espanola,porcentaje
Andalucía,Jaén,Población,2022,617.084,poblacion,personas
Andalucía,Jaén,Tamaño medio del hogar,2022,2.5,tamano_medio_hogar,personas_por_hogar
Andalucía,Jaén,Edad media de la población,2023,44.3,edad_media,años
Andalucía,Jaén,Porcentaje de población de 65 y más años,2023,20.9,pct_65_mas,porcentaje
Andalucía,Jaén,Porcentaje de hogares unipersonales,2023,29.2,pct_hogares_unipersonales,porcentaje
Andalucía,Jaén,Porcentaje de población menor de 18 años,2023,16.2,pct_menor_18,porcentaje
Andalucía,Jaén,Porcentaje de población española,2023,96.5,pct_poblacion_espanola,porcentaje
Andalucía,Jaén,Población,2023,615.583,poblacion,personas
Andalucía,Jaén,Tamaño medio del hogar,2023,2.4,tamano_medio_hogar,personas_por_hogar
Castilla y León,León,Edad media de la población,2015,47.5,edad_media,años
Castilla y León,León,Porcentaje de población de 65 y más años,2015,25.9,pct_65_mas,porcentaje
Castilla y León,León,Porcentaje de hogares unipersonales,2015,33.3,pct_hogares_unipersonales,porcentaje
Castilla y León,León,Porcentaje de población menor de 18 años,2015,13.1,pct_menor_18,porcentaje
Castilla y León,León,Porcentaje de población española,2015,96.0,pct_poblacion_espanola,porcentaje
Castilla y León,León,Población,2015,470.99,poblacion,personas
Castilla y León,León,Tamaño medio del hogar,2015,2.3,tamano_medio_hogar,personas_por_hogar
Castilla y León,León,Edad media de la población,2016,47.8,edad_media,años
Castilla y León,León,Porcentaje de población de 65 y más años,2016,26.2,pct_65_mas,porcentaje
Castilla y León,León,Porcentaje de hogares unipersonales,2016,33.7,pct_hogares_unipersonales,porcentaje
Castilla y León,León,Porcentaje de población menor de 18 años,2016,13.1,pct_menor_18,porcentaje
Castilla y León,León,Porcentaje de población española,2016,96.1,pct_poblacion_espanola,porcentaje
Castilla y León,León,Población,2016,465.335,poblacion,personas
Castilla y León,León,Tamaño medio del hogar,2016,2.3,tamano_medio_hogar,personas_por_hogar
Castilla y León,León,Edad media de la población,2017,48.1,edad_media,años
Castilla y León,León,Porcentaje de población de 65 y más años,2017,26.5,pct_65_mas,porcentaje
Castilla y León,León,Porcentaje de hogares unipersonales,2017,34.1,pct_hogares_unipersonales,porcentaje
Castilla y León,León,Porcentaje de población menor de 18 años,2017,13.1,pct_menor_18,porcentaje
Castilla y León,León,Porcentaje de población española,2017,96.0,pct_poblacion_espanola,porcentaje
Castilla y León,León,Población,2017,460.903,poblacion,personas
Castilla y León,León,Tamaño medio del hogar,2017,2.3,tamano_medio_hogar,personas_por_hogar
Castilla y León,León,Edad media de la población,2018,48.4,edad_media,años
Castilla y León,León,Porcentaje de población de 65 y más años,2018,26.8,pct_65_mas,porcentaje
Castilla y León,León,Porcentaje de hogares unipersonales,2018,34.6,pct_hogares_unipersonales,porcentaje
Castilla y León,León,Porcentaje de población menor de 18 años,2018,13.0,pct_menor_18,porcentaje
Castilla y León,León,Porcentaje de población española,2018,95.9,pct_poblacion_espanola,porcentaje
Castilla y León,León,Población,2018,455.995,poblacion,personas
Castilla y León,León,Tamaño medio del hogar,2018,2.3,tamano_medio_hogar,personas_por_hogar
Castilla y León,León,Edad media de la población,2019,48.7,edad_media,años
Castilla y León,León,Porcentaje de población de 65 y más años,2019,27.2,pct_65_mas,porcentaje
Castilla y León,León,Porcentaje de hogares unipersonales,2019,35.1,pct_hogares_unipersonales,porcentaje
Castilla y León,León,Porcentaje de población menor de 18 años,2019,12.9,pct_menor_18,porcentaje
Castilla y León,León,Porcentaje de población española,2019,95.5,pct_poblacion_espanola,porcentaje
Castilla y León,León,Población,2019,452.797,poblacion,personas
Castilla y León,León,Tamaño medio del hogar,2019,2.3,tamano_medio_hogar,personas_por_hogar
Castilla y León,León,Edad media de la población,2020,48.8,edad_media,años
Castilla y León,León,Porcentaje de población de 65 y más años,2020,27.4,pct_65_mas,porcentaje
Castilla y León,León,Porcentaje de hogares unipersonales,2020,35.5,pct_hogares_unipersonales,porcentaje
Castilla y León,León,Porcentaje de población menor de 18 años,2020,12.8,pct_menor_18,porcentaje
Castilla y León,León,Porcentaje de población española,2020,95.5,pct_poblacion_espanola,porcentaje
Castilla y León,León,Población,2020,448.48,poblacion,personas
Castilla y León,León,Tamaño medio del hogar,2020,2.2,tamano_medio_hogar,personas_por_hogar
Castilla y León,León,Edad media de la población,2021,49.1,edad_media,años
Castilla y León,León,Porcentaje de población de 65 y más años,2021,28.0,pct_65_mas,porcentaje
Castilla y León,León,Porcentaje de hogares unipersonales,2021,36.1,pct_hogares_unipersonales,porcentaje
Castilla y León,León,Porcentaje de población menor de 18 años,2021,12.7,pct_menor_18,porcentaje
Castilla y León,León,Porcentaje de población española,2021,95.4,pct_poblacion_espanola,porcentaje
Castilla y León,León,Población,2021,444.669,poblacion,personas
Castilla y León,León,Tamaño medio del hogar,2021,2.2,tamano_medio_hogar,personas_por_hogar
Castilla y León,León,Edad media de la población,2022,49.3,edad_media,años
Castilla y León,León,Porcentaje de población de 65 y más años,2022,28.3,pct_65_mas,porcentaje
Castilla y León,León,Porcentaje de hogares unipersonales,2022,36.7,pct_hogares_unipersonales,porcentaje
Castilla y León,León,Porcentaje de población menor de 18 años,2022,12.5,pct_menor_18,porcentaje
Castilla y León,León,Porcentaje de población española,2022,94.9,pct_poblacion_espanola,porcentaje
Castilla y León,León,Población,2022,444.621,poblacion,personas
Castilla y León,León,Tamaño medio del hogar,2022,2.2,tamano_medio_hogar,personas_por_hogar
Castilla y León,León,Edad media de la población,2023,49.5,edad_media,años
Castilla y León,León,Porcentaje de población de 65 y más años,2023,28.8,pct_65_mas,porcentaje
Castilla y León,León,Porcentaje de hogares unipersonales,2023,37.1,pct_hogares_unipersonales,porcentaje
Castilla y León,León,Porcentaje de población menor de 18 años,2023,12.4,pct_menor_18,porcentaje
Castilla y León,León,Porcentaje de población española,2023,94.5,pct_poblacion_espanola,porcentaje
Castilla y León,León,Población,2023,443.775,poblacion,personas
Castilla y León,León,Tamaño medio del hogar,2023,2.2,tamano_medio_hogar,personas_por_hogar
Cataluña,Lleida,Edad media de la población,2015,42.3,edad_media,años
Cataluña,Lleida,Porcentaje de población de 65 y más años,2015,18.8,pct_65_mas,porcentaje
Cataluña,Lleida,Porcentaje de hogares unipersonales,2015,29.5,pct_hogares_unipersonales,porcentaje
Cataluña,Lleida,Porcentaje de población menor de 18 años,2015,18.1,pct_menor_18,porcentaje
Cataluña,Lleida,Porcentaje de población española,2015,83.1,pct_poblacion_espanola,porcentaje
Cataluña,Lleida,Población,2015,430.398,poblacion,personas
Cataluña,Lleida,Tamaño medio del hogar,2015,2.6,tamano_medio_hogar,personas_por_hogar
Cataluña,Lleida,Edad media de la población,2016,42.5,edad_media,años
Cataluña,Lleida,Porcentaje de población de 65 y más años,2016,19.0,pct_65_mas,porcentaje
Cataluña,Lleida,Porcentaje de hogares unipersonales,2016,29.9,pct_hogares_unipersonales,porcentaje
Cataluña,Lleida,Porcentaje de población menor de 18 años,2016,18.2,pct_menor_18,porcentaje
Cataluña,Lleida,Porcentaje de población española,2016,83.5,pct_poblacion_espanola,porcentaje
Cataluña,Lleida,Población,2016,428.436,poblacion,personas
Cataluña,Lleida,Tamaño medio del hogar,2016,2.5,tamano_medio_hogar,personas_por_hogar
Cataluña,Lleida,Edad media de la población,2017,42.6,edad_media,años
Cataluña,Lleida,Porcentaje de población de 65 y más años,2017,19.2,pct_65_mas,porcentaje
Cataluña,Lleida,Porcentaje de hogares unipersonales,2017,29.7,pct_hogares_unipersonales,porcentaje
Cataluña,Lleida,Porcentaje de población menor de 18 años,2017,18.2,pct_menor_18,porcentaje
Cataluña,Lleida,Porcentaje de población española,2017,83.2,pct_poblacion_espanola,porcentaje
Cataluña,Lleida,Población,2017,428.626,poblacion,personas
Cataluña,Lleida,Tamaño medio del hogar,2017,2.5,tamano_medio_hogar,personas_por_hogar
Cataluña,Lleida,Edad media de la población,2018,42.8,edad_media,años
Cataluña,Lleida,Porcentaje de población de 65 y más años,2018,19.4,pct_65_mas,porcentaje
Cataluña,Lleida,Porcentaje de hogares unipersonales,2018,28.9,pct_hogares_unipersonales,porcentaje
Cataluña,Lleida,Porcentaje de población menor de 18 años,2018,18.0,pct_menor_18,porcentaje
Cataluña,Lleida,Porcentaje de población española,2018,82.6,pct_poblacion_espanola,porcentaje
Cataluña,Lleida,Población,2018,428.366,poblacion,personas
Cataluña,Lleida,Tamaño medio del hogar,2018,2.6,tamano_medio_hogar,personas_por_hogar
Cataluña,Lleida,Edad media de la población,2019,43.0,edad_media,años
Cataluña,Lleida,Porcentaje de población de 65 y más años,2019,19.5,pct_65_mas,porcentaje
Cataluña,Lleida,Porcentaje de hogares unipersonales,2019,28.9,pct_hogares_unipersonales,porcentaje
Cataluña,Lleida,Porcentaje de población menor de 18 años,2019,17.9,pct_menor_18,porcentaje
Cataluña,Lleida,Porcentaje de población española,2019,81.8,pct_poblacion_espanola,porcentaje
Cataluña,Lleida,Población,2019,431.152,poblacion,personas
Cataluña,Lleida,Tamaño medio del hogar,2019,2.6,tamano_medio_hogar,personas_por_hogar
Cataluña,Lleida,Edad media de la población,2020,43.1,edad_media,años
Cataluña,Lleida,Porcentaje de población de 65 y más años,2020,19.6,pct_65_mas,porcentaje
Cataluña,Lleida,Porcentaje de hogares unipersonales,2020,29.1,pct_hogares_unipersonales,porcentaje
Cataluña,Lleida,Porcentaje de población menor de 18 años,2020,17.8,pct_menor_18,porcentaje
Cataluña,Lleida,Porcentaje de población española,2020,81.5,pct_poblacion_espanola,porcentaje
Cataluña,Lleida,Población,2020,432.574,poblacion,personas
Cataluña,Lleida,Tamaño medio del hogar,2020,2.6,tamano_medio_hogar,personas_por_hogar
Cataluña,Lleida,Edad media de la población,2021,43.3,edad_media,años
Cataluña,Lleida,Porcentaje de población de 65 y más años,2021,19.8,pct_65_mas,porcentaje
Cataluña,Lleida,Porcentaje de hogares unipersonales,2021,29.3,pct_hogares_unipersonales,porcentaje
Cataluña,Lleida,Porcentaje de población menor de 18 años,2021,17.7,pct_menor_18,porcentaje
Cataluña,Lleida,Porcentaje de población española,2021,81.1,pct_poblacion_espanola,porcentaje
Cataluña,Lleida,Población,2021,433.795,poblacion,personas
Cataluña,Lleida,Tamaño medio del hogar,2021,2.5,tamano_medio_hogar,personas_por_hogar
Cataluña,Lleida,Edad media de la población,2022,43.3,edad_media,años
Cataluña,Lleida,Porcentaje de población de 65 y más años,2022,19.8,pct_65_mas,porcentaje
Cataluña,Lleida,Porcentaje de hogares unipersonales,2022,29.5,pct_hogares_unipersonales,porcentaje
Cataluña,Lleida,Porcentaje de población menor de 18 años,2022,17.6,pct_menor_18,porcentaje
Cataluña,Lleida,Porcentaje de población española,2022,80.8,pct_poblacion_espanola,porcentaje
Cataluña,Lleida,Población,2022,440.028,poblacion,personas
Cataluña,Lleida,Tamaño medio del hogar,2022,2.5,tamano_medio_hogar,personas_por_hogar
Cataluña,Lleida,Edad media de la población,2023,43.5,edad_media,años
Cataluña,Lleida,Porcentaje de población de 65 y más años,2023,20.0,pct_65_mas,porcentaje
Cataluña,Lleida,Porcentaje de hogares unipersonales,2023,29.7,pct_hogares_unipersonales,porcentaje
Cataluña,Lleida,Porcentaje de población menor de 18 años,2023,17.3,pct_menor_18,porcentaje
Cataluña,Lleida,Porcentaje de población española,2023,80.3,pct_poblacion_espanola,porcentaje
Cataluña,Lleida,Población,2023,444.65,poblacion,personas
Cataluña,Lleida,Tamaño medio del hogar,2023,2.5,tamano_medio_hogar,personas_por_hogar
Galicia,Lugo,Edad media de la población,2015,48.7,edad_media,años
Galicia,Lugo,Porcentaje de población de 65 y más años,2015,28.4,pct_65_mas,porcentaje
Galicia,Lugo,Porcentaje de hogares unipersonales,2015,32.0,pct_hogares_unipersonales,porcentaje
Galicia,Lugo,Porcentaje de población menor de 18 años,2015,12.0,pct_menor_18,porcentaje
Galicia,Lugo,Porcentaje de población española,2015,96.2,pct_poblacion_espanola,porcentaje
Galicia,Lugo,Población,2015,333.753,poblacion,personas
Galicia,Lugo,Tamaño medio del hogar,2015,2.4,tamano_medio_hogar,personas_por_hogar
Galicia,Lugo,Edad media de la población,2016,48.9,edad_media,años
Galicia,Lugo,Porcentaje de población de 65 y más años,2016,28.5,pct_65_mas,porcentaje
Galicia,Lugo,Porcentaje de hogares unipersonales,2016,32.3,pct_hogares_unipersonales,porcentaje
Galicia,Lugo,Porcentaje de población menor de 18 años,2016,12.1,pct_menor_18,porcentaje
Galicia,Lugo,Porcentaje de población española,2016,96.2,pct_poblacion_espanola,porcentaje
Galicia,Lugo,Población,2016,330.888,poblacion,personas
Galicia,Lugo,Tamaño medio del hogar,2016,2.4,tamano_medio_hogar,personas_por_hogar
Galicia,Lugo,Edad media de la población,2017,49.0,edad_media,años
Galicia,Lugo,Porcentaje de población de 65 y más años,2017,28.6,pct_65_mas,porcentaje
Galicia,Lugo,Porcentaje de hogares unipersonales,2017,32.4,pct_hogares_unipersonales,porcentaje
Galicia,Lugo,Porcentaje de población menor de 18 años,2017,12.2,pct_menor_18,porcentaje
Galicia,Lugo,Porcentaje de población española,2017,96.0,pct_poblacion_espanola,porcentaje
Galicia,Lugo,Población,2017,328.633,poblacion,personas
Galicia,Lugo,Tamaño medio del hogar,2017,2.4,tamano_medio_hogar,personas_por_hogar
Galicia,Lugo,Edad media de la población,2018,49.2,edad_media,años
Galicia,Lugo,Porcentaje de población de 65 y más años,2018,28.8,pct_65_mas,porcentaje
Galicia,Lugo,Porcentaje de hogares unipersonales,2018,33.0,pct_hogares_unipersonales,porcentaje
Galicia,Lugo,Porcentaje de población menor de 18 años,2018,12.2,pct_menor_18,porcentaje
Galicia,Lugo,Porcentaje de población española,2018,95.6,pct_poblacion_espanola,porcentaje
Galicia,Lugo,Población,2018,326.289,poblacion,personas
Galicia,Lugo,Tamaño medio del hogar,2018,2.4,tamano_medio_hogar,personas_por_hogar
Galicia,Lugo,Edad media de la población,2019,49.4,edad_media,años
Galicia,Lugo,Porcentaje de población de 65 y más años,2019,29.1,pct_65_mas,porcentaje
Galicia,Lugo,Porcentaje de hogares unipersonales,2019,33.2,pct_hogares_unipersonales,porcentaje
Galicia,Lugo,Porcentaje de población menor de 18 años,2019,12.2,pct_menor_18,porcentaje
Galicia,Lugo,Porcentaje de población española,2019,95.1,pct_poblacion_espanola,porcentaje
Galicia,Lugo,Población,2019,324.326,poblacion,personas
Galicia,Lugo,Tamaño medio del hogar,2019,2.4,tamano_medio_hogar,personas_por_hogar
Galicia,Lugo,Edad media de la población,2020,49.6,edad_media,años
Galicia,Lugo,Porcentaje de población de 65 y más años,2020,29.3,pct_65_mas,porcentaje
Galicia,Lugo,Porcentaje de hogares unipersonales,2020,33.6,pct_hogares_unipersonales,porcentaje
Galicia,Lugo,Porcentaje de población menor de 18 años,2020,12.2,pct_menor_18,porcentaje
Galicia,Lugo,Porcentaje de población española,2020,94.9,pct_poblacion_espanola,porcentaje
Galicia,Lugo,Población,2020,322.597,poblacion,personas
Galicia,Lugo,Tamaño medio del hogar,2020,2.3,tamano_medio_hogar,personas_por_hogar
Galicia,Lugo,Edad media de la población,2021,49.8,edad_media,años
Galicia,Lugo,Porcentaje de población de 65 y más años,2021,29.6,pct_65_mas,porcentaje
Galicia,Lugo,Porcentaje de hogares unipersonales,2021,34.2,pct_hogares_unipersonales,porcentaje
Galicia,Lugo,Porcentaje de población menor de 18 años,2021,12.2,pct_menor_18,porcentaje
Galicia,Lugo,Porcentaje de población española,2021,94.8,pct_poblacion_espanola,porcentaje
Galicia,Lugo,Población,2021,320.632,poblacion,personas
Galicia,Lugo,Tamaño medio del hogar,2021,2.3,tamano_medio_hogar,personas_por_hogar
Galicia,Lugo,Edad media de la población,2022,49.8,edad_media,años
Galicia,Lugo,Porcentaje de población de 65 y más años,2022,29.7,pct_65_mas,porcentaje
Galicia,Lugo,Porcentaje de hogares unipersonales,2022,34.8,pct_hogares_unipersonales,porcentaje
Galicia,Lugo,Porcentaje de población menor de 18 años,2022,12.2,pct_menor_18,porcentaje
Galicia,Lugo,Porcentaje de población española,2022,94.1,pct_poblacion_espanola,porcentaje
Galicia,Lugo,Población,2022,320.843,poblacion,personas
Galicia,Lugo,Tamaño medio del hogar,2022,2.3,tamano_medio_hogar,personas_por_hogar
Galicia,Lugo,Edad media de la población,2023,49.9,edad_media,años
Galicia,Lugo,Porcentaje de población de 65 y más años,2023,29.9,pct_65_mas,porcentaje
Galicia,Lugo,Porcentaje de hogares unipersonales,2023,35.1,pct_hogares_unipersonales,porcentaje
Galicia,Lugo,Porcentaje de población menor de 18 años,2023,12.2,pct_menor_18,porcentaje
Galicia,Lugo,Porcentaje de población española,2023,93.3,pct_poblacion_espanola,porcentaje
Galicia,Lugo,Población,2023,321.251,poblacion,personas
Galicia,Lugo,Tamaño medio del hogar,2023,2.3,tamano_medio_hogar,personas_por_hogar
"Madrid, Comunidad de",Madrid,Edad media de la población,2015,41.1,edad_media,años
"Madrid, Comunidad de",Madrid,Porcentaje de población de 65 y más años,2015,16.8,pct_65_mas,porcentaje
"Madrid, Comunidad de",Madrid,Porcentaje de hogares unipersonales,2015,25.5,pct_hogares_unipersonales,porcentaje
"Madrid, Comunidad de",Madrid,Porcentaje de población menor de 18 años,2015,18.5,pct_menor_18,porcentaje
"Madrid, Comunidad de",Madrid,Porcentaje de población española,2015,87.7,pct_poblacion_espanola,porcentaje
"Madrid, Comunidad de",Madrid,Tamaño medio del hogar,2015,2.7,tamano_medio_hogar,personas_por_hogar
"Madrid, Comunidad de",Madrid,Edad media de la población,2016,41.3,edad_media,años
"Madrid, Comunidad de",Madrid,Porcentaje de población de 65 y más años,2016,17.1,pct_65_mas,porcentaje
"Madrid, Comunidad de",Madrid,Porcentaje de hogares unipersonales,2016,25.6,pct_hogares_unipersonales,porcentaje
"Madrid, Comunidad de",Madrid,Porcentaje de población menor de 18 años,2016,18.6,pct_menor_18,porcentaje
"Madrid, Comunidad de",Madrid,Porcentaje de población española,2016,87.8,pct_poblacion_espanola,porcentaje
"Madrid, Comunidad de",Madrid,Tamaño medio del hogar,2016,2.7,tamano_medio_hogar,personas_por_hogar
"Madrid, Comunidad de",Madrid,Edad media de la población,2017,41.5,edad_media,años
"Madrid, Comunidad de",Madrid,Porcentaje de población de 65 y más años,2017,17.3,pct_65_mas,porcentaje
"Madrid, Comunidad de",Madrid,Porcentaje de hogares unipersonales,2017,25.6,pct_hogares_unipersonales,porcentaje
"Madrid, Comunidad de",Madrid,Porcentaje de población menor de 18 años,2017,18.5,pct_menor_18,porcentaje
"Madrid, Comunidad de",Madrid,Porcentaje de población española,2017,87.4,pct_poblacion_espanola,porcentaje
"Madrid, Comunidad de",Madrid,Tamaño medio del hogar,2017,2.7,tamano_medio_hogar,personas_por_hogar
"Madrid, Comunidad de",Madrid,Edad media de la población,2018,41.7,edad_media,años
"Madrid, Comunidad de",Madrid,Porcentaje de población de 65 y más años,2018,17.5,pct_65_mas,porcentaje
"Madrid, Comunidad de",Madrid,Porcentaje de hogares unipersonales,2018,25.7,pct_hogares_unipersonales,porcentaje
"Madrid, Comunidad de",Madrid,Porcentaje de población menor de 18 años,2018,18.3,pct_menor_18,porcentaje
"Madrid, Comunidad de",Madrid,Porcentaje de población española,2018,86.8,pct_poblacion_espanola,porcentaje
"Madrid, Comunidad de",Madrid,Tamaño medio del hogar,2018,2.7,tamano_medio_hogar,personas_por_hogar
"Madrid, Comunidad de",Madrid,Edad media de la población,2019,41.9,edad_media,años
"Madrid, Comunidad de",Madrid,Porcentaje de población de 65 y más años,2019,17.7,pct_65_mas,porcentaje
"Madrid, Comunidad de",Madrid,Porcentaje de hogares unipersonales,2019,25.6,pct_hogares_unipersonales,porcentaje
"Madrid, Comunidad de",Madrid,Porcentaje de población menor de 18 años,2019,18.0,pct_menor_18,porcentaje
"Madrid, Comunidad de",Madrid,Porcentaje de población española,2019,85.9,pct_poblacion_espanola,porcentaje
"Madrid, Comunidad de",Madrid,Tamaño medio del hogar,2019,2.7,tamano_medio_hogar,personas_por_hogar
"Madrid, Comunidad de",Madrid,Edad media de la población,2020,42.2,edad_media,años
"Madrid, Comunidad de",Madrid,Porcentaje de población de 65 y más años,2020,17.9,pct_65_mas,porcentaje
"Madrid, Comunidad de",Madrid,Porcentaje de hogares unipersonales,2020,26.1,pct_hogares_unipersonales,porcentaje
"Madrid, Comunidad de",Madrid,Porcentaje de población menor de 18 años,2020,17.8,pct_menor_18,porcentaje
"Madrid, Comunidad de",Madrid,Porcentaje de población española,2020,85.9,pct_poblacion_espanola,porcentaje
"Madrid, Comunidad de",Madrid,Tamaño medio del hogar,2020,2.7,tamano_medio_hogar,personas_por_hogar
"Madrid, Comunidad de",Madrid,Edad media de la población,2021,42.5,edad_media,años
"Madrid, Comunidad de",Madrid,Porcentaje de población de 65 y más años,2021,18.2,pct_65_mas,porcentaje
"Madrid, Comunidad de",Madrid,Porcentaje de hogares unipersonales,2021,26.4,pct_hogares_unipersonales,porcentaje
"Madrid, Comunidad de",Madrid,Porcentaje de población menor de 18 años,2021,17.6,pct_menor_18,porcentaje
"Madrid, Comunidad de",Madrid,Porcentaje de población española,2021,85.9,pct_poblacion_espanola,porcentaje
"Madrid, Comunidad de",Madrid,Tamaño medio del hogar,2021,2.6,tamano_medio_hogar,personas_por_hogar
"Madrid, Comunidad de",Madrid,Edad media de la población,2022,42.6,edad_media,años
"Madrid, Comunidad de",Madrid,Porcentaje de población de 65 y más años,2022,18.3,pct_65_mas,porcentaje
"Madrid, Comunidad de",Madrid,Porcentaje de hogares unipersonales,2022,26.6,pct_hogares_unipersonales,porcentaje
"Madrid, Comunidad de",Madrid,Porcentaje de población menor de 18 años,2022,17.3,pct_menor_18,porcentaje
"Madrid, Comunidad de",Madrid,Porcentaje de población española,2022,85.2,pct_poblacion_espanola,porcentaje
"Madrid, Comunidad de",Madrid,Tamaño medio del hogar,2022,2.6,tamano_medio_hogar,personas_por_hogar
"Madrid, Comunidad de",Madrid,Edad media de la población,2023,42.7,edad_media,años
"Madrid, Comunidad de",Madrid,Porcentaje de población de 65 y más años,2023,18.5,pct_65_mas,porcentaje
"Madrid, Comunidad de",Madrid,Porcentaje de hogares unipersonales,2023,26.4,pct_hogares_unipersonales,porcentaje
"Madrid, Comunidad de",Madrid,Porcentaje de población menor de 18 años,2023,16.9,pct_menor_18,porcentaje
"Madrid, Comunidad de",Madrid,Porcentaje de población española,2023,84.5,pct_poblacion_espanola,porcentaje
"Madrid, Comunidad de",Madrid,Tamaño medio del hogar,2023,2.6,tamano_medio_hogar,personas_por_hogar
Melilla,Melilla,Edad media de la población,2015,34.8,edad_media,años
Melilla,Melilla,Porcentaje de población de 65 y más años,2015,9.9,pct_65_mas,porcentaje
Melilla,Melilla,Porcentaje de hogares unipersonales,2015,18.6,pct_hogares_unipersonales,porcentaje
Melilla,Melilla,Porcentaje de población menor de 18 años,2015,26.9,pct_menor_18,porcentaje
Melilla,Melilla,Porcentaje de población española,2015,84.5,pct_poblacion_espanola,porcentaje
Melilla,Melilla,Población,2015,82.079,poblacion,personas
Melilla,Melilla,Tamaño medio del hogar,2015,3.2,tamano_medio_hogar,personas_por_hogar
Melilla,Melilla,Edad media de la población,2016,34.9,edad_media,años
Melilla,Melilla,Porcentaje de población de 65 y más años,2016,10.0,pct_65_mas,porcentaje
Melilla,Melilla,Porcentaje de hogares unipersonales,2016,18.6,pct_hogares_unipersonales,porcentaje
Melilla,Melilla,Porcentaje de población menor de 18 años,2016,27.1,pct_menor_18,porcentaje
Melilla,Melilla,Porcentaje de población española,2016,84.5,pct_poblacion_espanola,porcentaje
Melilla,Melilla,Población,2016,82.369,poblacion,personas
Melilla,Melilla,Tamaño medio del hogar,2016,3.2,tamano_medio_hogar,personas_por_hogar
Melilla,Melilla,Edad media de la población,2017,35.0,edad_media,años
Melilla,Melilla,Porcentaje de población de 65 y más años,2017,10.2,pct_65_mas,porcentaje
Melilla,Melilla,Porcentaje de hogares unipersonales,2017,19.0,pct_hogares_unipersonales,porcentaje
Melilla,Melilla,Porcentaje de población menor de 18 años,2017,27.2,pct_menor_18,porcentaje
Melilla,Melilla,Porcentaje de población española,2017,84.4,pct_poblacion_espanola,porcentaje
Melilla,Melilla,Población,2017,82.829,poblacion,personas
Melilla,Melilla,Tamaño medio del hogar,2017,3.2,tamano_medio_hogar,personas_por_hogar
Melilla,Melilla,Edad media de la población,2018,35.3,edad_media,años
Melilla,Melilla,Porcentaje de población de 65 y más años,2018,10.5,pct_65_mas,porcentaje
Melilla,Melilla,Porcentaje de hogares unipersonales,2018,19.2,pct_hogares_unipersonales,porcentaje
Melilla,Melilla,Porcentaje de población menor de 18 años,2018,26.9,pct_menor_18,porcentaje
Melilla,Melilla,Porcentaje de población española,2018,84.7,pct_poblacion_espanola,porcentaje
Melilla,Melilla,Población,2018,82.895,poblacion,personas
Melilla,Melilla,Tamaño medio del hogar,2018,3.2,tamano_medio_hogar,personas_por_hogar
Melilla,Melilla,Edad media de la población,2019,35.6,edad_media,años
Melilla,Melilla,Porcentaje de población de 65 y más años,2019,10.8,pct_65_mas,porcentaje
Melilla,Melilla,Porcentaje de hogares unipersonales,2019,19.2,pct_hogares_unipersonales,porcentaje
Melilla,Melilla,Porcentaje de población menor de 18 años,2019,26.6,pct_menor_18,porcentaje
Melilla,Melilla,Porcentaje de población española,2019,84.7,pct_poblacion_espanola,porcentaje
Melilla,Melilla,Población,2019,83.5,poblacion,personas
Melilla,Melilla,Tamaño medio del hogar,2019,3.2,tamano_medio_hogar,personas_por_hogar
Melilla,Melilla,Edad media de la población,2020,35.9,edad_media,años
Melilla,Melilla,Porcentaje de población de 65 y más años,2020,11.1,pct_65_mas,porcentaje
Melilla,Melilla,Porcentaje de hogares unipersonales,2020,19.5,pct_hogares_unipersonales,porcentaje
Melilla,Melilla,Porcentaje de población menor de 18 años,2020,26.2,pct_menor_18,porcentaje
Melilla,Melilla,Porcentaje de población española,2020,85.4,pct_poblacion_espanola,porcentaje
Melilla,Melilla,Población,2020,83.025,poblacion,personas
Melilla,Melilla,Tamaño medio del hogar,2020,3.3,tamano_medio_hogar,personas_por_hogar
Melilla,Melilla,Edad media de la población,2021,36.2,edad_media,años
Melilla,Melilla,Porcentaje de población de 65 y más años,2021,11.4,pct_65_mas,porcentaje
Melilla,Melilla,Porcentaje de hogares unipersonales,2021,20.3,pct_hogares_unipersonales,porcentaje
Melilla,Melilla,Porcentaje de población menor de 18 años,2021,25.5,pct_menor_18,porcentaje
Melilla,Melilla,Porcentaje de población española,2021,86.3,pct_poblacion_espanola,porcentaje
Melilla,Melilla,Población,2021,82.079,poblacion,personas
Melilla,Melilla,Tamaño medio del hogar,2021,3.3,tamano_medio_hogar,personas_por_hogar
Melilla,Melilla,Edad media de la población,2022,36.5,edad_media,años
Melilla,Melilla,Porcentaje de población de 65 y más años,2022,11.9,pct_65_mas,porcentaje
Melilla,Melilla,Porcentaje de hogares unipersonales,2022,20.3,pct_hogares_unipersonales,porcentaje
Melilla,Melilla,Porcentaje de población menor de 18 años,2022,25.1,pct_menor_18,porcentaje
Melilla,Melilla,Porcentaje de población española,2022,86.7,pct_poblacion_espanola,porcentaje
Melilla,Melilla,Población,2022,82.878,poblacion,personas
Melilla,Melilla,Tamaño medio del hogar,2022,3.2,tamano_medio_hogar,personas_por_hogar
Melilla,Melilla,Edad media de la población,2023,36.9,edad_media,años
Melilla,Melilla,Porcentaje de población de 65 y más años,2023,12.4,pct_65_mas,porcentaje
Melilla,Melilla,Porcentaje de hogares unipersonales,2023,20.7,pct_hogares_unipersonales,porcentaje
Melilla,Melilla,Porcentaje de población menor de 18 años,2023,24.5,pct_menor_18,porcentaje
Melilla,Melilla,Porcentaje de población española,2023,87.2,pct_poblacion_espanola,porcentaje
Melilla,Melilla,Población,2023,83.36,poblacion,personas
Melilla,Melilla,Tamaño medio del hogar,2023,3.2,tamano_medio_hogar,personas_por_hogar
"Murcia, Región de",Murcia,Edad media de la población,2015,39.2,edad_media,años
"Murcia, Región de",Murcia,Porcentaje de población de 65 y más años,2015,15.1,pct_65_mas,porcentaje
"Murcia, Región de",Murcia,Porcentaje de hogares unipersonales,2015,23.3,pct_hogares_unipersonales,porcentaje
"Murcia, Región de",Murcia,Porcentaje de población menor de 18 años,2015,21.0,pct_menor_18,porcentaje
"Murcia, Región de",Murcia,Porcentaje de población española,2015,86.3,pct_poblacion_espanola,porcentaje
"Murcia, Región de",Murcia,Tamaño medio del hogar,2015,2.9,tamano_medio_hogar,personas_por_hogar
"Murcia, Región de",Murcia,Edad media de la población,2016,39.5,edad_media,años
"Murcia, Región de",Murcia,Porcentaje de población de 65 y más años,2016,15.2,pct_65_mas,porcentaje
"Murcia, Región de",Murcia,Porcentaje de hogares unipersonales,2016,23.4,pct_hogares_unipersonales,porcentaje
"Murcia, Región de",Murcia,Porcentaje de población menor de 18 años,2016,21.0,pct_menor_18,porcentaje
"Murcia, Región de",Murcia,Porcentaje de población española,2016,86.5,pct_poblacion_espanola,porcentaje
"Murcia, Región de",Murcia,Tamaño medio del hogar,2016,2.9,tamano_medio_hogar,personas_por_hogar
"Murcia, Región de",Murcia,Edad media de la población,2017,39.7,edad_media,años
"Murcia, Región de",Murcia,Porcentaje de población de 65 y más años,2017,15.4,pct_65_mas,porcentaje
"Murcia, Región de",Murcia,Porcentaje de hogares unipersonales,2017,23.5,pct_hogares_unipersonales,porcentaje
"Murcia, Región de",Murcia,Porcentaje de población menor de 18 años,2017,20.9,pct_menor_18,porcentaje
"Murcia, Región de",Murcia,Porcentaje de población española,2017,86.3,pct_poblacion_espanola,porcentaje
"Murcia, Región de",Murcia,Tamaño medio del hogar,2017,2.9,tamano_medio_hogar,personas_por_hogar
"Murcia, Región de",Murcia,Edad media de la población,2018,40.0,edad_media,años
"Murcia, Región de",Murcia,Porcentaje de población de 65 y más años,2018,15.6,pct_65_mas,porcentaje
"Murcia, Región de",Murcia,Porcentaje de hogares unipersonales,2018,23.7,pct_hogares_unipersonales,porcentaje
"Murcia, Región de",Murcia,Porcentaje de población menor de 18 años,2018,20.6,pct_menor_18,porcentaje
"Murcia, Región de",Murcia,Porcentaje de población española,2018,85.9,pct_poblacion_espanola,porcentaje
"Murcia, Región de",Murcia,Tamaño medio del hogar,2018,2.8,tamano_medio_hogar,personas_por_hogar
"Murcia, Región de",Murcia,Edad media de la población,2019,40.2,edad_media,años
"Murcia, Región de",Murcia,Porcentaje de población de 65 y más años,2019,15.8,pct_65_mas,porcentaje
"Murcia, Región de",Murcia,Porcentaje de hogares unipersonales,2019,23.8,pct_hogares_unipersonales,porcentaje
"Murcia, Región de",Murcia,Porcentaje de población menor de 18 años,2019,20.4,pct_menor_18,porcentaje
"Murcia, Región de",Murcia,Porcentaje de población española,2019,85.3,pct_poblacion_espanola,porcentaje
"Murcia, Región de",Murcia,Tamaño medio del hogar,2019,2.8,tamano_medio_hogar,personas_por_hogar
"Murcia, Región de",Murcia,Edad media de la población,2020,40.5,edad_media,años
"Murcia, Región de",Murcia,Porcentaje de población de 65 y más años,2020,16.0,pct_65_mas,porcentaje
"Murcia, Región de",Murcia,Porcentaje de hogares unipersonales,2020,24.0,pct_hogares_unipersonales,porcentaje
"Murcia, Región de",Murcia,Porcentaje de población menor de 18 años,2020,20.1,pct_menor_18,porcentaje
"Murcia, Región de",Murcia,Porcentaje de población española,2020,85.4,pct_poblacion_espanola,porcentaje
"Murcia, Región de",Murcia,Tamaño medio del hogar,2020,2.8,tamano_medio_hogar,personas_por_hogar
"Murcia, Región de",Murcia,Edad media de la población,2021,40.7,edad_media,años
"Murcia, Región de",Murcia,Porcentaje de población de 65 y más años,2021,16.1,pct_65_mas,porcentaje
"Murcia, Región de",Murcia,Porcentaje de hogares unipersonales,2021,24.3,pct_hogares_unipersonales,porcentaje
"Murcia, Región de",Murcia,Porcentaje de población menor de 18 años,2021,19.9,pct_menor_18,porcentaje
"Murcia, Región de",Murcia,Porcentaje de población española,2021,85.2,pct_poblacion_espanola,porcentaje
"Murcia, Región de",Murcia,Tamaño medio del hogar,2021,2.8,tamano_medio_hogar,personas_por_hogar
"Murcia, Región de",Murcia,Edad media de la población,2022,40.9,edad_media,años
"Murcia, Región de",Murcia,Porcentaje de población de 65 y más años,2022,16.3,pct_65_mas,porcentaje
"Murcia, Región de",Murcia,Porcentaje de hogares unipersonales,2022,24.5,pct_hogares_unipersonales,porcentaje
"Murcia, Región de",Murcia,Porcentaje de población menor de 18 años,2022,19.7,pct_menor_18,porcentaje
"Murcia, Región de",Murcia,Porcentaje de población española,2022,85.1,pct_poblacion_espanola,porcentaje
"Murcia, Región de",Murcia,Tamaño medio del hogar,2022,2.8,tamano_medio_hogar,personas_por_hogar
"Murcia, Región de",Murcia,Edad media de la población,2023,41.1,edad_media,años
"Murcia, Región de",Murcia,Porcentaje de población de 65 y más años,2023,16.6,pct_65_mas,porcentaje
"Murcia, Región de",Murcia,Porcentaje de hogares unipersonales,2023,24.8,pct_hogares_unipersonales,porcentaje
"Murcia, Región de",Murcia,Porcentaje de población menor de 18 años,2023,19.4,pct_menor_18,porcentaje
"Murcia, Región de",Murcia,Porcentaje de población española,2023,84.9,pct_poblacion_espanola,porcentaje
"Murcia, Región de",Murcia,Tamaño medio del hogar,2023,2.8,tamano_medio_hogar,personas_por_hogar
Andalucía,Málaga,Edad media de la población,2015,40.6,edad_media,años
Andalucía,Málaga,Porcentaje de población de 65 y más años,2015,16.5,pct_65_mas,porcentaje
Andalucía,Málaga,Porcentaje de hogares unipersonales,2015,28.3,pct_hogares_unipersonales,porcentaje
Andalucía,Málaga,Porcentaje de población menor de 18 años,2015,19.2,pct_menor_18,porcentaje
Andalucía,Málaga,Porcentaje de población española,2015,85.3,pct_poblacion_espanola,porcentaje
Andalucía,Málaga,Tamaño medio del hogar,2015,2.6,tamano_medio_hogar,personas_por_hogar
Andalucía,Málaga,Edad media de la población,2016,40.9,edad_media,años
Andalucía,Málaga,Porcentaje de población de 65 y más años,2016,16.7,pct_65_mas,porcentaje
Andalucía,Málaga,Porcentaje de hogares unipersonales,2016,28.4,pct_hogares_unipersonales,porcentaje
Andalucía,Málaga,Porcentaje de población menor de 18 años,2016,19.2,pct_menor_18,porcentaje
Andalucía,Málaga,Porcentaje de población española,2016,85.7,pct_poblacion_espanola,porcentaje
Andalucía,Málaga,Tamaño medio del hogar,2016,2.6,tamano_medio_hogar,personas_por_hogar
Andalucía,Málaga,Edad media de la población,2017,41.1,edad_media,años
Andalucía,Málaga,Porcentaje de población de 65 y más años,2017,16.9,pct_65_mas,porcentaje
Andalucía,Málaga,Porcentaje de hogares unipersonales,2017,28.2,pct_hogares_unipersonales,porcentaje
Andalucía,Málaga,Porcentaje de población menor de 18 años,2017,19.2,pct_menor_18,porcentaje
Andalucía,Málaga,Porcentaje de población española,2017,85.5,pct_poblacion_espanola,porcentaje
Andalucía,Málaga,Tamaño medio del hogar,2017,2.6,tamano_medio_hogar,personas_por_hogar
Andalucía,Málaga,Edad media de la población,2018,41.4,edad_media,años
Andalucía,Málaga,Porcentaje de población de 65 y más años,2018,17.2,pct_65_mas,porcentaje
Andalucía,Málaga,Porcentaje de hogares unipersonales,2018,28.4,pct_hogares_unipersonales,porcentaje
Andalucía,Málaga,Porcentaje de población menor de 18 años,2018,18.9,pct_menor_18,porcentaje
Andalucía,Málaga,Porcentaje de población española,2018,84.8,pct_poblacion_espanola,porcentaje
Andalucía,Málaga,Tamaño medio del hogar,2018,2.6,tamano_medio_hogar,personas_por_hogar
Andalucía,Málaga,Edad media de la población,2019,41.7,edad_media,años
Andalucía,Málaga,Porcentaje de población de 65 y más años,2019,17.5,pct_65_mas,porcentaje
Andalucía,Málaga,Porcentaje de hogares unipersonales,2019,28.3,pct_hogares_unipersonales,porcentaje
Andalucía,Málaga,Porcentaje de población menor de 18 años,2019,18.6,pct_menor_18,porcentaje
Andalucía,Málaga,Porcentaje de población española,2019,84.0,pct_poblacion_espanola,porcentaje
Andalucía,Málaga,Tamaño medio del hogar,2019,2.6,tamano_medio_hogar,personas_por_hogar
Andalucía,Málaga,Edad media de la población,2020,42.1,edad_media,años
Andalucía,Málaga,Porcentaje de población de 65 y más años,2020,17.8,pct_65_mas,porcentaje
Andalucía,Málaga,Porcentaje de hogares unipersonales,2020,28.4,pct_hogares_unipersonales,porcentaje
Andalucía,Málaga,Porcentaje de población menor de 18 años,2020,18.3,pct_menor_18,porcentaje
Andalucía,Málaga,Porcentaje de población española,2020,83.9,pct_poblacion_espanola,porcentaje
Andalucía,Málaga,Tamaño medio del hogar,2020,2.6,tamano_medio_hogar,personas_por_hogar
Andalucía,Málaga,Edad media de la población,2021,42.4,edad_media,años
Andalucía,Málaga,Porcentaje de población de 65 y más años,2021,18.1,pct_65_mas,porcentaje
Andalucía,Málaga,Porcentaje de hogares unipersonales,2021,28.8,pct_hogares_unipersonales,porcentaje
Andalucía,Málaga,Porcentaje de población menor de 18 años,2021,18.1,pct_menor_18,porcentaje
Andalucía,Málaga,Porcentaje de población española,2021,83.3,pct_poblacion_espanola,porcentaje
Andalucía,Málaga,Tamaño medio del hogar,2021,2.5,tamano_medio_hogar,personas_por_hogar
Andalucía,Málaga,Edad media de la población,2022,42.6,edad_media,años
Andalucía,Málaga,Porcentaje de población de 65 y más años,2022,18.4,pct_65_mas,porcentaje
Andalucía,Málaga,Porcentaje de hogares unipersonales,2022,28.9,pct_hogares_unipersonales,porcentaje
Andalucía,Málaga,Porcentaje de población menor de 18 años,2022,17.8,pct_menor_18,porcentaje
Andalucía,Málaga,Porcentaje de población española,2022,82.4,pct_poblacion_espanola,porcentaje
Andalucía,Málaga,Tamaño medio del hogar,2022,2.5,tamano_medio_hogar,personas_por_hogar
Andalucía,Málaga,Edad media de la población,2023,42.8,edad_media,años
Andalucía,Málaga,Porcentaje de población de 65 y más años,2023,18.7,pct_65_mas,porcentaje
Andalucía,Málaga,Porcentaje de hogares unipersonales,2023,29.1,pct_hogares_unipersonales,porcentaje
Andalucía,Málaga,Porcentaje de población menor de 18 años,2023,17.4,pct_menor_18,porcentaje
Andalucía,Málaga,Porcentaje de población española,2023,81.9,pct_poblacion_espanola,porcentaje
Andalucía,Málaga,Tamaño medio del hogar,2023,2.5,tamano_medio_hogar,personas_por_hogar
"Navarra, Comunidad Foral de",Navarra,Edad media de la población,2015,42.1,edad_media,años
"Navarra, Comunidad Foral de",Navarra,Porcentaje de población de 65 y más años,2015,18.8,pct_65_mas,porcentaje
"Navarra, Comunidad Foral de",Navarra,Porcentaje de hogares unipersonales,2015,27.7,pct_hogares_unipersonales,porcentaje
"Navarra, Comunidad Foral de",Navarra,Porcentaje de población menor de 18 años,2015,18.8,pct_menor_18,porcentaje
"Navarra, Comunidad Foral de",Navarra,Porcentaje de población española,2015,91.4,pct_poblacion_espanola,porcentaje
"Navarra, Comunidad Foral de",Navarra,Población,2015,634.91,poblacion,personas
"Navarra, Comunidad Foral de",Navarra,Tamaño medio del hogar,2015,2.6,tamano_medio_hogar,personas_por_hogar
"Navarra, Comunidad Foral de",Navarra,Edad media de la población,2016,42.3,edad_media,años
"Navarra, Comunidad Foral de",Navarra,Porcentaje de población de 65 y más años,2016,19.1,pct_65_mas,porcentaje
"Navarra, Comunidad Foral de",Navarra,Porcentaje de hogares unipersonales,2016,27.8,pct_hogares_unipersonales,porcentaje
"Navarra, Comunidad Foral de",Navarra,Porcentaje de población menor de 18 años,2016,18.8,pct_menor_18,porcentaje
"Navarra, Comunidad Foral de",Navarra,Porcentaje de población española,2016,91.5,pct_poblacion_espanola,porcentaje
"Navarra, Comunidad Foral de",Navarra,Población,2016,637.392,poblacion,personas
"Navarra, Comunidad Foral de",Navarra,Tamaño medio del hogar,2016,2.6,tamano_medio_hogar,personas_por_hogar
"Navarra, Comunidad Foral de",Navarra,Edad media de la población,2017,42.4,edad_media,años
"Navarra, Comunidad Foral de",Navarra,Porcentaje de población de 65 y más años,2017,19.2,pct_65_mas,porcentaje
"Navarra, Comunidad Foral de",Navarra,Porcentaje de hogares unipersonales,2017,27.8,pct_hogares_unipersonales,porcentaje
"Navarra, Comunidad Foral de",Navarra,Porcentaje de población menor de 18 años,2017,18.8,pct_menor_18,porcentaje
"Navarra, Comunidad Foral de",Navarra,Porcentaje de población española,2017,90.9,pct_poblacion_espanola,porcentaje
"Navarra, Comunidad Foral de",Navarra,Población,2017,642.202,poblacion,personas
"Navarra, Comunidad Foral de",Navarra,Tamaño medio del hogar,2017,2.6,tamano_medio_hogar,personas_por_hogar
"Navarra, Comunidad Foral de",Navarra,Edad media de la población,2018,42.6,edad_media,años
"Navarra, Comunidad Foral de",Navarra,Porcentaje de población de 65 y más años,2018,19.4,pct_65_mas,porcentaje
"Navarra, Comunidad Foral de",Navarra,Porcentaje de hogares unipersonales,2018,27.9,pct_hogares_unipersonales,porcentaje
"Navarra, Comunidad Foral de",Navarra,Porcentaje de población menor de 18 años,2018,18.7,pct_menor_18,porcentaje
"Navarra, Comunidad Foral de",Navarra,Porcentaje de población española,2018,90.2,pct_poblacion_espanola,porcentaje
"Navarra, Comunidad Foral de",Navarra,Población,2018,644.725,poblacion,personas
"Navarra, Comunidad Foral de",Navarra,Tamaño medio del hogar,2018,2.6,tamano_medio_hogar,personas_por_hogar
"Navarra, Comunidad Foral de",Navarra,Edad media de la población,2019,42.7,edad_media,años
"Navarra, Comunidad Foral de",Navarra,Porcentaje de población de 65 y más años,2019,19.5,pct_65_mas,porcentaje
"Navarra, Comunidad Foral de",Navarra,Porcentaje de hogares unipersonales,2019,28.0,pct_hogares_unipersonales,porcentaje
"Navarra, Comunidad Foral de",Navarra,Porcentaje de población menor de 18 años,2019,18.6,pct_menor_18,porcentaje
"Navarra, Comunidad Foral de",Navarra,Porcentaje de población española,2019,89.3,pct_poblacion_espanola,porcentaje
"Navarra, Comunidad Foral de",Navarra,Población,2019,651.06,poblacion,personas
"Navarra, Comunidad Foral de",Navarra,Tamaño medio del hogar,2019,2.6,tamano_medio_hogar,personas_por_hogar
"Navarra, Comunidad Foral de",Navarra,Edad media de la población,2020,42.9,edad_media,años
"Navarra, Comunidad Foral de",Navarra,Porcentaje de población de 65 y más años,2020,19.7,pct_65_mas,porcentaje
"Navarra, Comunidad Foral de",Navarra,Porcentaje de hogares unipersonales,2020,28.2,pct_hogares_unipersonales,porcentaje
"Navarra, Comunidad Foral de",Navarra,Porcentaje de población menor de 18 años,2020,18.4,pct_menor_18,porcentaje
"Navarra, Comunidad Foral de",Navarra,Porcentaje de población española,2020,89.2,pct_poblacion_espanola,porcentaje
"Navarra, Comunidad Foral de",Navarra,Población,2020,653.417,poblacion,personas
"Navarra, Comunidad Foral de",Navarra,Tamaño medio del hogar,2020,2.6,tamano_medio_hogar,personas_por_hogar
"Navarra, Comunidad Foral de",Navarra,Edad media de la población,2021,43.1,edad_media,años
"Navarra, Comunidad Foral de",Navarra,Porcentaje de población de 65 y más años,2021,20.0,pct_65_mas,porcentaje
"Navarra, Comunidad Foral de",Navarra,Porcentaje de hogares unipersonales,2021,28.6,pct_hogares_unipersonales,porcentaje
"Navarra, Comunidad Foral de",Navarra,Porcentaje de población menor de 18 años,2021,18.2,pct_menor_18,porcentaje
"Navarra, Comunidad Foral de",Navarra,Porcentaje de población española,2021,88.9,pct_poblacion_espanola,porcentaje
"Navarra, Comunidad Foral de",Navarra,Población,2021,656.116,poblacion,personas
"Navarra, Comunidad Foral de",Navarra,Tamaño medio del hogar,2021,2.6,tamano_medio_hogar,personas_por_hogar
"Navarra, Comunidad Foral de",Navarra,Edad media de la población,2022,43.2,edad_media,años
"Navarra, Comunidad Foral de",Navarra,Porcentaje de población de 65 y más años,2022,20.2,pct_65_mas,porcentaje
"Navarra, Comunidad Foral de",Navarra,Porcentaje de hogares unipersonales,2022,28.7,pct_hogares_unipersonales,porcentaje
"Navarra, Comunidad Foral de",Navarra,Porcentaje de población menor de 18 años,2022,18.0,pct_menor_18,porcentaje
"Navarra, Comunidad Foral de",Navarra,Porcentaje de población española,2022,88.2,pct_poblacion_espanola,porcentaje
"Navarra, Comunidad Foral de",Navarra,Población,2022,664.091,poblacion,personas
"Navarra, Comunidad Foral de",Navarra,Tamaño medio del hogar,2022,2.6,tamano_medio_hogar,personas_por_hogar
"Navarra, Comunidad Foral de",Navarra,Edad media de la población,2023,43.5,edad_media,años
"Navarra, Comunidad Foral de",Navarra,Porcentaje de población de 65 y más años,2023,20.5,pct_65_mas,porcentaje
"Navarra, Comunidad Foral de",Navarra,Porcentaje de hogares unipersonales,2023,28.9,pct_hogares_unipersonales,porcentaje
"Navarra, Comunidad Foral de",Navarra,Porcentaje de población menor de 18 años,2023,17.7,pct_menor_18,porcentaje
"Navarra, Comunidad Foral de",Navarra,Porcentaje de población española,2023,87.6,pct_poblacion_espanola,porcentaje
"Navarra, Comunidad Foral de",Navarra,Población,2023,669.875,poblacion,personas
"Navarra, Comunidad Foral de",Navarra,Tamaño medio del hogar,2023,2.6,tamano_medio_hogar,personas_por_hogar
Galicia,Ourense,Edad media de la población,2015,49.2,edad_media,años
Galicia,Ourense,Porcentaje de población de 65 y más años,2015,30.1,pct_65_mas,porcentaje
Galicia,Ourense,Porcentaje de hogares unipersonales,2015,33.8,pct_hogares_unipersonales,porcentaje
Galicia,Ourense,Porcentaje de población menor de 18 años,2015,11.9,pct_menor_18,porcentaje
Galicia,Ourense,Porcentaje de población española,2015,95.9,pct_poblacion_espanola,porcentaje
Galicia,Ourense,Población,2015,311.552,poblacion,personas
Galicia,Ourense,Tamaño medio del hogar,2015,2.3,tamano_medio_hogar,personas_por_hogar
Galicia,Ourense,Edad media de la población,2016,49.4,edad_media,años
Galicia,Ourense,Porcentaje de población de 65 y más años,2016,30.3,pct_65_mas,porcentaje
Galicia,Ourense,Porcentaje de hogares unipersonales,2016,34.1,pct_hogares_unipersonales,porcentaje
Galicia,Ourense,Porcentaje de población menor de 18 años,2016,12.0,pct_menor_18,porcentaje
Galicia,Ourense,Porcentaje de población española,2016,95.9,pct_poblacion_espanola,porcentaje
Galicia,Ourense,Población,2016,308.308,poblacion,personas
Galicia,Ourense,Tamaño medio del hogar,2016,2.3,tamano_medio_hogar,personas_por_hogar
Galicia,Ourense,Edad media de la población,2017,49.6,edad_media,años
Galicia,Ourense,Porcentaje de población de 65 y más años,2017,30.6,pct_65_mas,porcentaje
Galicia,Ourense,Porcentaje de hogares unipersonales,2017,34.3,pct_hogares_unipersonales,porcentaje
Galicia,Ourense,Porcentaje de población menor de 18 años,2017,12.0,pct_menor_18,porcentaje
Galicia,Ourense,Porcentaje de población española,2017,95.7,pct_poblacion_espanola,porcentaje
Galicia,Ourense,Población,2017,305.774,poblacion,personas
Galicia,Ourense,Tamaño medio del hogar,2017,2.3,tamano_medio_hogar,personas_por_hogar
Galicia,Ourense,Edad media de la población,2018,49.8,edad_media,años
Galicia,Ourense,Porcentaje de población de 65 y más años,2018,30.7,pct_65_mas,porcentaje
Galicia,Ourense,Porcentaje de hogares unipersonales,2018,34.9,pct_hogares_unipersonales,porcentaje
Galicia,Ourense,Porcentaje de población menor de 18 años,2018,12.0,pct_menor_18,porcentaje
Galicia,Ourense,Porcentaje de población española,2018,95.4,pct_poblacion_espanola,porcentaje
Galicia,Ourense,Población,2018,303.295,poblacion,personas
Galicia,Ourense,Tamaño medio del hogar,2018,2.3,tamano_medio_hogar,personas_por_hogar
Galicia,Ourense,Edad media de la población,2019,50.0,edad_media,años
Galicia,Ourense,Porcentaje de población de 65 y más años,2019,30.9,pct_65_mas,porcentaje
Galicia,Ourense,Porcentaje de hogares unipersonales,2019,35.0,pct_hogares_unipersonales,porcentaje
Galicia,Ourense,Porcentaje de población menor de 18 años,2019,12.0,pct_menor_18,porcentaje
Galicia,Ourense,Porcentaje de población española,2019,94.9,pct_poblacion_espanola,porcentaje
Galicia,Ourense,Población,2019,301.936,poblacion,personas
Galicia,Ourense,Tamaño medio del hogar,2019,2.3,tamano_medio_hogar,personas_por_hogar
Galicia,Ourense,Edad media de la población,2020,50.1,edad_media,años
Galicia,Ourense,Porcentaje de población de 65 y más años,2020,31.0,pct_65_mas,porcentaje
Galicia,Ourense,Porcentaje de hogares unipersonales,2020,35.4,pct_hogares_unipersonales,porcentaje
Galicia,Ourense,Porcentaje de población menor de 18 años,2020,12.0,pct_menor_18,porcentaje
Galicia,Ourense,Porcentaje de población española,2020,94.7,pct_poblacion_espanola,porcentaje
Galicia,Ourense,Población,2020,300.764,poblacion,personas
Galicia,Ourense,Tamaño medio del hogar,2020,2.2,tamano_medio_hogar,personas_por_hogar
Galicia,Ourense,Edad media de la población,2021,50.4,edad_media,años
Galicia,Ourense,Porcentaje de población de 65 y más años,2021,31.2,pct_65_mas,porcentaje
Galicia,Ourense,Porcentaje de hogares unipersonales,2021,36.0,pct_hogares_unipersonales,porcentaje
Galicia,Ourense,Porcentaje de población menor de 18 años,2021,11.9,pct_menor_18,porcentaje
Galicia,Ourense,Porcentaje de población española,2021,94.6,pct_poblacion_espanola,porcentaje
Galicia,Ourense,Población,2021,299.183,poblacion,personas
Galicia,Ourense,Tamaño medio del hogar,2021,2.2,tamano_medio_hogar,personas_por_hogar
Galicia,Ourense,Edad media de la población,2022,50.4,edad_media,años
Galicia,Ourense,Porcentaje de población de 65 y más años,2022,31.3,pct_65_mas,porcentaje
Galicia,Ourense,Porcentaje de hogares unipersonales,2022,36.3,pct_hogares_unipersonales,porcentaje
Galicia,Ourense,Porcentaje de población menor de 18 años,2022,11.9,pct_menor_18,porcentaje
Galicia,Ourense,Porcentaje de población española,2022,93.7,pct_poblacion_espanola,porcentaje
Galicia,Ourense,Población,2022,299.586,poblacion,personas
Galicia,Ourense,Tamaño medio del hogar,2022,2.2,tamano_medio_hogar,personas_por_hogar
Galicia,Ourense,Edad media de la población,2023,50.5,edad_media,años
Galicia,Ourense,Porcentaje de población de 65 y más años,2023,31.4,pct_65_mas,porcentaje
Galicia,Ourense,Porcentaje de hogares unipersonales,2023,36.8,pct_hogares_unipersonales,porcentaje
Galicia,Ourense,Porcentaje de población menor de 18 años,2023,11.9,pct_menor_18,porcentaje
Galicia,Ourense,Porcentaje de población española,2023,93.0,pct_poblacion_espanola,porcentaje
Galicia,Ourense,Población,2023,299.182,poblacion,personas
Galicia,Ourense,Tamaño medio del hogar,2023,2.2,tamano_medio_hogar,personas_por_hogar
Castilla y León,Palencia,Edad media de la población,2015,46.5,edad_media,años
Castilla y León,Palencia,Porcentaje de población de 65 y más años,2015,23.7,pct_65_mas,porcentaje
Castilla y León,Palencia,Porcentaje de hogares unipersonales,2015,32.3,pct_hogares_unipersonales,porcentaje
Castilla y León,Palencia,Porcentaje de población menor de 18 años,2015,13.8,pct_menor_18,porcentaje
Castilla y León,Palencia,Porcentaje de población española,2015,96.2,pct_poblacion_espanola,porcentaje
Castilla y León,Palencia,Población,2015,162.613,poblacion,personas
Castilla y León,Palencia,Tamaño medio del hogar,2015,2.4,tamano_medio_hogar,personas_por_hogar
Castilla y León,Palencia,Edad media de la población,2016,46.7,edad_media,años
Castilla y León,Palencia,Porcentaje de población de 65 y más años,2016,24.0,pct_65_mas,porcentaje
Castilla y León,Palencia,Porcentaje de hogares unipersonales,2016,32.6,pct_hogares_unipersonales,porcentaje
Castilla y León,Palencia,Porcentaje de población menor de 18 años,2016,13.8,pct_menor_18,porcentaje
Castilla y León,Palencia,Porcentaje de población española,2016,96.3,pct_poblacion_espanola,porcentaje
Castilla y León,Palencia,Población,2016,161.456,poblacion,personas
Castilla y León,Palencia,Tamaño medio del hogar,2016,2.3,tamano_medio_hogar,personas_por_hogar
Castilla y León,Palencia,Edad media de la población,2017,47.0,edad_media,años
Castilla y León,Palencia,Porcentaje de población de 65 y más años,2017,24.4,pct_65_mas,porcentaje
Castilla y León,Palencia,Porcentaje de hogares unipersonales,2017,33.1,pct_hogares_unipersonales,porcentaje
Castilla y León,Palencia,Porcentaje de población menor de 18 años,2017,13.8,pct_menor_18,porcentaje
Castilla y León,Palencia,Porcentaje de población española,2017,96.1,pct_poblacion_espanola,porcentaje
Castilla y León,Palencia,Población,2017,160.1,poblacion,personas
Castilla y León,Palencia,Tamaño medio del hogar,2017,2.3,tamano_medio_hogar,personas_por_hogar
Castilla y León,Palencia,Edad media de la población,2018,47.2,edad_media,años
Castilla y León,Palencia,Porcentaje de población de 65 y más años,2018,24.8,pct_65_mas,porcentaje
Castilla y León,Palencia,Porcentaje de hogares unipersonales,2018,33.7,pct_hogares_unipersonales,porcentaje
Castilla y León,Palencia,Porcentaje de población menor de 18 años,2018,13.8,pct_menor_18,porcentaje
Castilla y León,Palencia,Porcentaje de población española,2018,95.9,pct_poblacion_espanola,porcentaje
Castilla y León,Palencia,Población,2018,158.741,poblacion,personas
Castilla y León,Palencia,Tamaño medio del hogar,2018,2.3,tamano_medio_hogar,personas_por_hogar
Castilla y León,Palencia,Edad media de la población,2019,47.5,edad_media,años
Castilla y León,Palencia,Porcentaje de población de 65 y más años,2019,25.2,pct_65_mas,porcentaje
Castilla y León,Palencia,Porcentaje de hogares unipersonales,2019,33.8,pct_hogares_unipersonales,porcentaje
Castilla y León,Palencia,Porcentaje de población menor de 18 años,2019,13.7,pct_menor_18,porcentaje
Castilla y León,Palencia,Porcentaje de población española,2019,95.5,pct_poblacion_espanola,porcentaje
Castilla y León,Palencia,Población,2019,157.993,poblacion,personas
Castilla y León,Palencia,Tamaño medio del hogar,2019,2.3,tamano_medio_hogar,personas_por_hogar
Castilla y León,Palencia,Edad media de la población,2020,47.7,edad_media,años
Castilla y León,Palencia,Porcentaje de población de 65 y más años,2020,25.6,pct_65_mas,porcentaje
Castilla y León,Palencia,Porcentaje de hogares unipersonales,2020,34.2,pct_hogares_unipersonales,porcentaje
Castilla y León,Palencia,Porcentaje de población menor de 18 años,2020,13.6,pct_menor_18,porcentaje
Castilla y León,Palencia,Porcentaje de población española,2020,95.4,pct_poblacion_espanola,porcentaje
Castilla y León,Palencia,Población,2020,157.145,poblacion,personas
Castilla y León,Palencia,Tamaño medio del hogar,2020,2.3,tamano_medio_hogar,personas_por_hogar
Castilla y León,Palencia,Edad media de la población,2021,47.9,edad_media,años
Castilla y León,Palencia,Porcentaje de población de 65 y más años,2021,26.3,pct_65_mas,porcentaje
Castilla y León,Palencia,Porcentaje de hogares unipersonales,2021,34.8,pct_hogares_unipersonales,porcentaje
Castilla y León,Palencia,Porcentaje de población menor de 18 años,2021,13.5,pct_menor_18,porcentaje
Castilla y León,Palencia,Porcentaje de población española,2021,95.3,pct_poblacion_espanola,porcentaje
Castilla y León,Palencia,Población,2021,156.021,poblacion,personas
Castilla y León,Palencia,Tamaño medio del hogar,2021,2.3,tamano_medio_hogar,personas_por_hogar
Castilla y León,Palencia,Edad media de la población,2022,48.1,edad_media,años
Castilla y León,Palencia,Porcentaje de población de 65 y más años,2022,26.8,pct_65_mas,porcentaje
Castilla y León,Palencia,Porcentaje de hogares unipersonales,2022,35.4,pct_hogares_unipersonales,porcentaje
Castilla y León,Palencia,Porcentaje de población menor de 18 años,2022,13.5,pct_menor_18,porcentaje
Castilla y León,Palencia,Porcentaje de población española,2022,94.7,pct_poblacion_espanola,porcentaje
Castilla y León,Palencia,Población,2022,155.771,poblacion,personas
Castilla y León,Palencia,Tamaño medio del hogar,2022,2.2,tamano_medio_hogar,personas_por_hogar
Castilla y León,Palencia,Edad media de la población,2023,48.3,edad_media,años
Castilla y León,Palencia,Porcentaje de población de 65 y más años,2023,27.4,pct_65_mas,porcentaje
Castilla y León,Palencia,Porcentaje de hogares unipersonales,2023,35.7,pct_hogares_unipersonales,porcentaje
Castilla y León,Palencia,Porcentaje de población menor de 18 años,2023,13.4,pct_menor_18,porcentaje
Castilla y León,Palencia,Porcentaje de población española,2023,94.0,pct_poblacion_espanola,porcentaje
Castilla y León,Palencia,Población,2023,156.078,poblacion,personas
Castilla y León,Palencia,Tamaño medio del hogar,2023,2.2,tamano_medio_hogar,personas_por_hogar
Canarias,"Palmas, Las",Edad media de la población,2015,40.3,edad_media,años
Canarias,"Palmas, Las",Porcentaje de población de 65 y más años,2015,13.9,pct_65_mas,porcentaje
Canarias,"Palmas, Las",Porcentaje de hogares unipersonales,2015,27.3,pct_hogares_unipersonales,porcentaje
Canarias,"Palmas, Las",Porcentaje de población menor de 18 años,2015,17.5,pct_menor_18,porcentaje
Canarias,"Palmas, Las",Porcentaje de población española,2015,88.5,pct_poblacion_espanola,porcentaje
Canarias,"Palmas, Las",Tamaño medio del hogar,2015,2.7,tamano_medio_hogar,personas_por_hogar
Canarias,"Palmas, Las",Edad media de la población,2016,40.7,edad_media,años
Canarias,"Palmas, Las",Porcentaje de población de 65 y más años,2016,14.3,pct_65_mas,porcentaje
Canarias,"Palmas, Las",Porcentaje de hogares unipersonales,2016,27.3,pct_hogares_unipersonales,porcentaje
Canarias,"Palmas, Las",Porcentaje de población menor de 18 años,2016,17.3,pct_menor_18,porcentaje
Canarias,"Palmas, Las",Porcentaje de población española,2016,88.6,pct_poblacion_espanola,porcentaje
Canarias,"Palmas, Las",Tamaño medio del hogar,2016,2.7,tamano_medio_hogar,personas_por_hogar
Canarias,"Palmas, Las",Edad media de la población,2017,40.9,edad_media,años
Canarias,"Palmas, Las",Porcentaje de población de 65 y más años,2017,14.6,pct_65_mas,porcentaje
Canarias,"Palmas, Las",Porcentaje de hogares unipersonales,2017,27.2,pct_hogares_unipersonales,porcentaje
Canarias,"Palmas, Las",Porcentaje de población menor de 18 años,2017,17.1,pct_menor_18,porcentaje
Canarias,"Palmas, Las",Porcentaje de población española,2017,88.2,pct_poblacion_espanola,porcentaje
Canarias,"Palmas, Las",Tamaño medio del hogar,2017,2.7,tamano_medio_hogar,personas_por_hogar
Canarias,"Palmas, Las",Edad media de la población,2018,41.3,edad_media,años
Canarias,"Palmas, Las",Porcentaje de población de 65 y más años,2018,14.9,pct_65_mas,porcentaje
Canarias,"Palmas, Las",Porcentaje de hogares unipersonales,2018,27.3,pct_hogares_unipersonales,porcentaje
Canarias,"Palmas, Las",Porcentaje de población menor de 18 años,2018,16.7,pct_menor_18,porcentaje
Canarias,"Palmas, Las",Porcentaje de población española,2018,87.6,pct_poblacion_espanola,porcentaje
Canarias,"Palmas, Las",Tamaño medio del hogar,2018,2.7,tamano_medio_hogar,personas_por_hogar
Canarias,"Palmas, Las",Edad media de la población,2019,41.7,edad_media,años
Canarias,"Palmas, Las",Porcentaje de población de 65 y más años,2019,15.3,pct_65_mas,porcentaje
Canarias,"Palmas, Las",Porcentaje de hogares unipersonales,2019,27.4,pct_hogares_unipersonales,porcentaje
Canarias,"Palmas, Las",Porcentaje de población menor de 18 años,2019,16.3,pct_menor_18,porcentaje
Canarias,"Palmas, Las",Porcentaje de población española,2019,87.0,pct_poblacion_espanola,porcentaje
Canarias,"Palmas, Las",Tamaño medio del hogar,2019,2.7,tamano_medio_hogar,personas_por_hogar
Canarias,"Palmas, Las",Edad media de la población,2020,42.2,edad_media,años
Canarias,"Palmas, Las",Porcentaje de población de 65 y más años,2020,15.8,pct_65_mas,porcentaje
Canarias,"Palmas, Las",Porcentaje de hogares unipersonales,2020,27.7,pct_hogares_unipersonales,porcentaje
Canarias,"Palmas, Las",Porcentaje de población menor de 18 años,2020,15.9,pct_menor_18,porcentaje
Canarias,"Palmas, Las",Porcentaje de población española,2020,87.3,pct_poblacion_espanola,porcentaje
Canarias,"Palmas, Las",Tamaño medio del hogar,2020,2.7,tamano_medio_hogar,personas_por_hogar
Canarias,"Palmas, Las",Edad media de la población,2021,42.6,edad_media,años
Canarias,"Palmas, Las",Porcentaje de población de 65 y más años,2021,16.3,pct_65_mas,porcentaje
Canarias,"Palmas, Las",Porcentaje de hogares unipersonales,2021,28.3,pct_hogares_unipersonales,porcentaje
Canarias,"Palmas, Las",Porcentaje de población menor de 18 años,2021,15.5,pct_menor_18,porcentaje
Canarias,"Palmas, Las",Porcentaje de población española,2021,87.4,pct_poblacion_espanola,porcentaje
Canarias,"Palmas, Las",Tamaño medio del hogar,2021,2.6,tamano_medio_hogar,personas_por_hogar
Canarias,"Palmas, Las",Edad media de la población,2022,43.0,edad_media,años
Canarias,"Palmas, Las",Porcentaje de población de 65 y más años,2022,16.7,pct_65_mas,porcentaje
Canarias,"Palmas, Las",Porcentaje de hogares unipersonales,2022,28.5,pct_hogares_unipersonales,porcentaje
Canarias,"Palmas, Las",Porcentaje de población menor de 18 años,2022,15.0,pct_menor_18,porcentaje
Canarias,"Palmas, Las",Porcentaje de población española,2022,86.9,pct_poblacion_espanola,porcentaje
Canarias,"Palmas, Las",Tamaño medio del hogar,2022,2.6,tamano_medio_hogar,personas_por_hogar
Canarias,"Palmas, Las",Edad media de la población,2023,43.3,edad_media,años
Canarias,"Palmas, Las",Porcentaje de población de 65 y más años,2023,17.0,pct_65_mas,porcentaje
Canarias,"Palmas, Las",Porcentaje de hogares unipersonales,2023,28.6,pct_hogares_unipersonales,porcentaje
Canarias,"Palmas, Las",Porcentaje de población menor de 18 años,2023,14.6,pct_menor_18,porcentaje
Canarias,"Palmas, Las",Porcentaje de población española,2023,86.3,pct_poblacion_espanola,porcentaje
Canarias,"Palmas, Las",Tamaño medio del hogar,2023,2.6,tamano_medio_hogar,personas_por_hogar
Galicia,Pontevedra,Edad media de la población,2015,44.1,edad_media,años
Galicia,Pontevedra,Porcentaje de población de 65 y más años,2015,21.3,pct_65_mas,porcentaje
Galicia,Pontevedra,Porcentaje de hogares unipersonales,2015,27.2,pct_hogares_unipersonales,porcentaje
Galicia,Pontevedra,Porcentaje de población menor de 18 años,2015,15.7,pct_menor_18,porcentaje
Galicia,Pontevedra,Porcentaje de población española,2015,96.8,pct_poblacion_espanola,porcentaje
Galicia,Pontevedra,Población,2015,942.433,poblacion,personas
Galicia,Pontevedra,Tamaño medio del hogar,2015,2.6,tamano_medio_hogar,personas_por_hogar
Galicia,Pontevedra,Edad media de la población,2016,44.4,edad_media,años
Galicia,Pontevedra,Porcentaje de población de 65 y más años,2016,21.6,pct_65_mas,porcentaje
Galicia,Pontevedra,Porcentaje de hogares unipersonales,2016,27.3,pct_hogares_unipersonales,porcentaje
Galicia,Pontevedra,Porcentaje de población menor de 18 años,2016,15.7,pct_menor_18,porcentaje
Galicia,Pontevedra,Porcentaje de población española,2016,96.8,pct_poblacion_espanola,porcentaje
Galicia,Pontevedra,Población,2016,939.544,poblacion,personas
Galicia,Pontevedra,Tamaño medio del hogar,2016,2.6,tamano_medio_hogar,personas_por_hogar
Galicia,Pontevedra,Edad media de la población,2017,44.7,edad_media,años
Galicia,Pontevedra,Porcentaje de población de 65 y más años,2017,22.0,pct_65_mas,porcentaje
Galicia,Pontevedra,Porcentaje de hogares unipersonales,2017,27.3,pct_hogares_unipersonales,porcentaje
Galicia,Pontevedra,Porcentaje de población menor de 18 años,2017,15.7,pct_menor_18,porcentaje
Galicia,Pontevedra,Porcentaje de población española,2017,96.7,pct_poblacion_espanola,porcentaje
Galicia,Pontevedra,Población,2017,938.637,poblacion,personas
Galicia,Pontevedra,Tamaño medio del hogar,2017,2.6,tamano_medio_hogar,personas_por_hogar
Galicia,Pontevedra,Edad media de la población,2018,45.0,edad_media,años
Galicia,Pontevedra,Porcentaje de población de 65 y más años,2018,22.3,pct_65_mas,porcentaje
Galicia,Pontevedra,Porcentaje de hogares unipersonales,2018,27.8,pct_hogares_unipersonales,porcentaje
Galicia,Pontevedra,Porcentaje de población menor de 18 años,2018,15.5,pct_menor_18,porcentaje
Galicia,Pontevedra,Porcentaje de población española,2018,96.4,pct_poblacion_espanola,porcentaje
Galicia,Pontevedra,Población,2018,936.764,poblacion,personas
Galicia,Pontevedra,Tamaño medio del hogar,2018,2.6,tamano_medio_hogar,personas_por_hogar
Galicia,Pontevedra,Edad media de la población,2019,45.3,edad_media,años
Galicia,Pontevedra,Porcentaje de población de 65 y más años,2019,22.7,pct_65_mas,porcentaje
Galicia,Pontevedra,Porcentaje de hogares unipersonales,2019,28.1,pct_hogares_unipersonales,porcentaje
Galicia,Pontevedra,Porcentaje de población menor de 18 años,2019,15.4,pct_menor_18,porcentaje
Galicia,Pontevedra,Porcentaje de población española,2019,96.0,pct_poblacion_espanola,porcentaje
Galicia,Pontevedra,Población,2019,938.985,poblacion,personas
Galicia,Pontevedra,Tamaño medio del hogar,2019,2.5,tamano_medio_hogar,personas_por_hogar
Galicia,Pontevedra,Edad media de la población,2020,45.6,edad_media,años
Galicia,Pontevedra,Porcentaje de población de 65 y más años,2020,23.1,pct_65_mas,porcentaje
Galicia,Pontevedra,Porcentaje de hogares unipersonales,2020,28.3,pct_hogares_unipersonales,porcentaje
Galicia,Pontevedra,Porcentaje de población menor de 18 años,2020,15.2,pct_menor_18,porcentaje
Galicia,Pontevedra,Porcentaje de población española,2020,96.0,pct_poblacion_espanola,porcentaje
Galicia,Pontevedra,Población,2020,938.691,poblacion,personas
Galicia,Pontevedra,Tamaño medio del hogar,2020,2.5,tamano_medio_hogar,personas_por_hogar
Galicia,Pontevedra,Edad media de la población,2021,46.0,edad_media,años
Galicia,Pontevedra,Porcentaje de población de 65 y más años,2021,23.5,pct_65_mas,porcentaje
Galicia,Pontevedra,Porcentaje de hogares unipersonales,2021,28.8,pct_hogares_unipersonales,porcentaje
Galicia,Pontevedra,Porcentaje de población menor de 18 años,2021,14.9,pct_menor_18,porcentaje
Galicia,Pontevedra,Porcentaje de población española,2021,95.9,pct_poblacion_espanola,porcentaje
Galicia,Pontevedra,Población,2021,936.996,poblacion,personas
Galicia,Pontevedra,Tamaño medio del hogar,2021,2.5,tamano_medio_hogar,personas_por_hogar
Galicia,Pontevedra,Edad media de la población,2022,46.2,edad_media,años
Galicia,Pontevedra,Porcentaje de población de 65 y más años,2022,23.8,pct_65_mas,porcentaje
Galicia,Pontevedra,Porcentaje de hogares unipersonales,2022,29.2,pct_hogares_unipersonales,porcentaje
Galicia,Pontevedra,Porcentaje de población menor de 18 años,2022,14.7,pct_menor_18,porcentaje
Galicia,Pontevedra,Porcentaje de población española,2022,95.4,pct_poblacion_espanola,porcentaje
Galicia,Pontevedra,Población,2022,939.68,poblacion,personas
Galicia,Pontevedra,Tamaño medio del hogar,2022,2.5,tamano_medio_hogar,personas_por_hogar
Galicia,Pontevedra,Edad media de la población,2023,46.5,edad_media,años
Galicia,Pontevedra,Porcentaje de población de 65 y más años,2023,24.2,pct_65_mas,porcentaje
Galicia,Pontevedra,Porcentaje de hogares unipersonales,2023,29.7,pct_hogares_unipersonales,porcentaje
Galicia,Pontevedra,Porcentaje de población menor de 18 años,2023,14.4,pct_menor_18,porcentaje
Galicia,Pontevedra,Porcentaje de población española,2023,95.0,pct_poblacion_espanola,porcentaje
Galicia,Pontevedra,Población,2023,940.785,poblacion,personas
Galicia,Pontevedra,Tamaño medio del hogar,2023,2.5,tamano_medio_hogar,personas_por_hogar
"Rioja, La","Rioja, La",Edad media de la población,2015,43.0,edad_media,años
"Rioja, La","Rioja, La",Porcentaje de población de 65 y más años,2015,19.9,pct_65_mas,porcentaje
"Rioja, La","Rioja, La",Porcentaje de hogares unipersonales,2015,30.7,pct_hogares_unipersonales,porcentaje
"Rioja, La","Rioja, La",Porcentaje de población menor de 18 años,2015,17.6,pct_menor_18,porcentaje
"Rioja, La","Rioja, La",Porcentaje de población española,2015,88.7,pct_poblacion_espanola,porcentaje
"Rioja, La","Rioja, La",Población,2015,313.734,poblacion,personas
"Rioja, La","Rioja, La",Tamaño medio del hogar,2015,2.4,tamano_medio_hogar,personas_por_hogar
"Rioja, La","Rioja, La",Edad media de la población,2016,43.3,edad_media,años
"Rioja, La","Rioja, La",Porcentaje de población de 65 y más años,2016,20.2,pct_65_mas,porcentaje
"Rioja, La","Rioja, La",Porcentaje de hogares unipersonales,2016,30.8,pct_hogares_unipersonales,porcentaje
"Rioja, La","Rioja, La",Porcentaje de población menor de 18 años,2016,17.6,pct_menor_18,porcentaje
"Rioja, La","Rioja, La",Porcentaje de población española,2016,88.9,pct_poblacion_espanola,porcentaje
"Rioja, La","Rioja, La",Población,2016,313.023,poblacion,personas
"Rioja, La","Rioja, La",Tamaño medio del hogar,2016,2.4,tamano_medio_hogar,personas_por_hogar
"Rioja, La","Rioja, La",Edad media de la población,2017,43.6,edad_media,años
"Rioja, La","Rioja, La",Porcentaje de población de 65 y más años,2017,20.4,pct_65_mas,porcentaje
"Rioja, La","Rioja, La",Porcentaje de hogares unipersonales,2017,31.0,pct_hogares_unipersonales,porcentaje
"Rioja, La","Rioja, La",Porcentaje de población menor de 18 años,2017,17.6,pct_menor_18,porcentaje
"Rioja, La","Rioja, La",Porcentaje de población española,2017,88.7,pct_poblacion_espanola,porcentaje
"Rioja, La","Rioja, La",Población,2017,313.562,poblacion,personas
"Rioja, La","Rioja, La",Tamaño medio del hogar,2017,2.4,tamano_medio_hogar,personas_por_hogar
"Rioja, La","Rioja, La",Edad media de la población,2018,43.8,edad_media,años
"Rioja, La","Rioja, La",Porcentaje de población de 65 y más años,2018,20.6,pct_65_mas,porcentaje
"Rioja, La","Rioja, La",Porcentaje de hogares unipersonales,2018,31.2,pct_hogares_unipersonales,porcentaje
"Rioja, La","Rioja, La",Porcentaje de población menor de 18 años,2018,17.4,pct_menor_18,porcentaje
"Rioja, La","Rioja, La",Porcentaje de población española,2018,88.3,pct_poblacion_espanola,porcentaje
"Rioja, La","Rioja, La",Población,2018,313.804,poblacion,personas
"Rioja, La","Rioja, La",Tamaño medio del hogar,2018,2.4,tamano_medio_hogar,personas_por_hogar
"Rioja, La","Rioja, La",Edad media de la población,2019,43.9,edad_media,años
"Rioja, La","Rioja, La",Porcentaje de población de 65 y más años,2019,20.8,pct_65_mas,porcentaje
"Rioja, La","Rioja, La",Porcentaje de hogares unipersonales,2019,31.1,pct_hogares_unipersonales,porcentaje
"Rioja, La","Rioja, La",Porcentaje de población menor de 18 años,2019,17.3,pct_menor_18,porcentaje
"Rioja, La","Rioja, La",Porcentaje de población española,2019,87.4,pct_poblacion_espanola,porcentaje
"Rioja, La","Rioja, La",Población,2019,316.719,poblacion,personas
"Rioja, La","Rioja, La",Tamaño medio del hogar,2019,2.4,tamano_medio_hogar,personas_por_hogar
"Rioja, La","Rioja, La",Edad media de la población,2020,44.1,edad_media,años
"Rioja, La","Rioja, La",Porcentaje de población de 65 y más años,2020,21.0,pct_65_mas,porcentaje
"Rioja, La","Rioja, La",Porcentaje de hogares unipersonales,2020,31.5,pct_hogares_unipersonales,porcentaje
"Rioja, La","Rioja, La",Porcentaje de población menor de 18 años,2020,17.2,pct_menor_18,porcentaje
"Rioja, La","Rioja, La",Porcentaje de población española,2020,87.2,pct_poblacion_espanola,porcentaje
"Rioja, La","Rioja, La",Población,2020,316.766,poblacion,personas
"Rioja, La","Rioja, La",Tamaño medio del hogar,2020,2.4,tamano_medio_hogar,personas_por_hogar
"Rioja, La","Rioja, La",Edad media de la población,2021,44.3,edad_media,años
"Rioja, La","Rioja, La",Porcentaje de población de 65 y más años,2021,21.3,pct_65_mas,porcentaje
"Rioja, La","Rioja, La",Porcentaje de hogares unipersonales,2021,31.8,pct_hogares_unipersonales,porcentaje
"Rioja, La","Rioja, La",Porcentaje de población menor de 18 años,2021,17.1,pct_menor_18,porcentaje
"Rioja, La","Rioja, La",Porcentaje de población española,2021,87.0,pct_poblacion_espanola,porcentaje
"Rioja, La","Rioja, La",Población,2021,316.756,poblacion,personas
"Rioja, La","Rioja, La",Tamaño medio del hogar,2021,2.4,tamano_medio_hogar,personas_por_hogar
"Rioja, La","Rioja, La",Edad media de la población,2022,44.5,edad_media,años
"Rioja, La","Rioja, La",Porcentaje de población de 65 y más años,2022,21.5,pct_65_mas,porcentaje
"Rioja, La","Rioja, La",Porcentaje de hogares unipersonales,2022,32.2,pct_hogares_unipersonales,porcentaje
"Rioja, La","Rioja, La",Porcentaje de población menor de 18 años,2022,16.9,pct_menor_18,porcentaje
"Rioja, La","Rioja, La",Porcentaje de población española,2022,86.4,pct_poblacion_espanola,porcentaje
"Rioja, La","Rioja, La",Población,2022,319.055,poblacion,personas
"Rioja, La","Rioja, La",Tamaño medio del hogar,2022,2.4,tamano_medio_hogar,personas_por_hogar
"Rioja, La","Rioja, La",Edad media de la población,2023,44.6,edad_media,años
"Rioja, La","Rioja, La",Porcentaje de población de 65 y más años,2023,21.8,pct_65_mas,porcentaje
"Rioja, La","Rioja, La",Porcentaje de hogares unipersonales,2023,32.5,pct_hogares_unipersonales,porcentaje
"Rioja, La","Rioja, La",Porcentaje de población menor de 18 años,2023,16.6,pct_menor_18,porcentaje
"Rioja, La","Rioja, La",Porcentaje de población española,2023,85.7,pct_poblacion_espanola,porcentaje
"Rioja, La","Rioja, La",Población,2023,320.929,poblacion,personas
"Rioja, La","Rioja, La",Tamaño medio del hogar,2023,2.4,tamano_medio_hogar,personas_por_hogar
Castilla y León,Salamanca,Edad media de la población,2015,46.7,edad_media,años
Castilla y León,Salamanca,Porcentaje de población de 65 y más años,2015,25.4,pct_65_mas,porcentaje
Castilla y León,Salamanca,Porcentaje de hogares unipersonales,2015,33.7,pct_hogares_unipersonales,porcentaje
Castilla y León,Salamanca,Porcentaje de población menor de 18 años,2015,14.2,pct_menor_18,porcentaje
Castilla y León,Salamanca,Porcentaje de población española,2015,96.4,pct_poblacion_espanola,porcentaje
Castilla y León,Salamanca,Población,2015,335.104,poblacion,personas
Castilla y León,Salamanca,Tamaño medio del hogar,2015,2.3,tamano_medio_hogar,personas_por_hogar
Castilla y León,Salamanca,Edad media de la población,2016,47.0,edad_media,años
Castilla y León,Salamanca,Porcentaje de población de 65 y más años,2016,25.7,pct_65_mas,porcentaje
Castilla y León,Salamanca,Porcentaje de hogares unipersonales,2016,34.2,pct_hogares_unipersonales,porcentaje
Castilla y León,Salamanca,Porcentaje de población menor de 18 años,2016,14.2,pct_menor_18,porcentaje
Castilla y León,Salamanca,Porcentaje de población española,2016,96.5,pct_poblacion_espanola,porcentaje
Castilla y León,Salamanca,Población,2016,332.353,poblacion,personas
Castilla y León,Salamanca,Tamaño medio del hogar,2016,2.3,tamano_medio_hogar,personas_por_hogar
Castilla y León,Salamanca,Edad media de la población,2017,47.3,edad_media,años
Castilla y León,Salamanca,Porcentaje de población de 65 y más años,2017,26.0,pct_65_mas,porcentaje
Castilla y León,Salamanca,Porcentaje de hogares unipersonales,2017,34.4,pct_hogares_unipersonales,porcentaje
Castilla y León,Salamanca,Porcentaje de población menor de 18 años,2017,14.2,pct_menor_18,porcentaje
Castilla y León,Salamanca,Porcentaje de población española,2017,96.3,pct_poblacion_espanola,porcentaje
Castilla y León,Salamanca,Población,2017,330.221,poblacion,personas
Castilla y León,Salamanca,Tamaño medio del hogar,2017,2.3,tamano_medio_hogar,personas_por_hogar
Castilla y León,Salamanca,Edad media de la población,2018,47.5,edad_media,años
Castilla y León,Salamanca,Porcentaje de población de 65 y más años,2018,26.2,pct_65_mas,porcentaje
Castilla y León,Salamanca,Porcentaje de hogares unipersonales,2018,35.0,pct_hogares_unipersonales,porcentaje
Castilla y León,Salamanca,Porcentaje de población menor de 18 años,2018,14.0,pct_menor_18,porcentaje
Castilla y León,Salamanca,Porcentaje de población española,2018,96.0,pct_poblacion_espanola,porcentaje
Castilla y León,Salamanca,Población,2018,327.846,poblacion,personas
Castilla y León,Salamanca,Tamaño medio del hogar,2018,2.3,tamano_medio_hogar,personas_por_hogar
Castilla y León,Salamanca,Edad media de la población,2019,47.7,edad_media,años
Castilla y León,Salamanca,Porcentaje de población de 65 y más años,2019,26.4,pct_65_mas,porcentaje
Castilla y León,Salamanca,Porcentaje de hogares unipersonales,2019,35.1,pct_hogares_unipersonales,porcentaje
Castilla y León,Salamanca,Porcentaje de población menor de 18 años,2019,13.9,pct_menor_18,porcentaje
Castilla y León,Salamanca,Porcentaje de población española,2019,95.5,pct_poblacion_espanola,porcentaje
Castilla y León,Salamanca,Población,2019,326.881,poblacion,personas
Castilla y León,Salamanca,Tamaño medio del hogar,2019,2.3,tamano_medio_hogar,personas_por_hogar
Castilla y León,Salamanca,Edad media de la población,2020,47.9,edad_media,años
Castilla y León,Salamanca,Porcentaje de población de 65 y más años,2020,26.5,pct_65_mas,porcentaje
Castilla y León,Salamanca,Porcentaje de hogares unipersonales,2020,35.5,pct_hogares_unipersonales,porcentaje
Castilla y León,Salamanca,Porcentaje de población menor de 18 años,2020,13.8,pct_menor_18,porcentaje
Castilla y León,Salamanca,Porcentaje de población española,2020,95.3,pct_poblacion_espanola,porcentaje
Castilla y León,Salamanca,Población,2020,324.681,poblacion,personas
Castilla y León,Salamanca,Tamaño medio del hogar,2020,2.3,tamano_medio_hogar,personas_por_hogar
Castilla y León,Salamanca,Edad media de la población,2021,48.2,edad_media,años
Castilla y León,Salamanca,Porcentaje de población de 65 y más años,2021,27.0,pct_65_mas,porcentaje
Castilla y León,Salamanca,Porcentaje de hogares unipersonales,2021,36.1,pct_hogares_unipersonales,porcentaje
Castilla y León,Salamanca,Porcentaje de población menor de 18 años,2021,13.7,pct_menor_18,porcentaje
Castilla y León,Salamanca,Porcentaje de población española,2021,95.1,pct_poblacion_espanola,porcentaje
Castilla y León,Salamanca,Población,2021,323.095,poblacion,personas
Castilla y León,Salamanca,Tamaño medio del hogar,2021,2.2,tamano_medio_hogar,personas_por_hogar
Castilla y León,Salamanca,Edad media de la población,2022,48.2,edad_media,años
Castilla y León,Salamanca,Porcentaje de población de 65 y más años,2022,27.3,pct_65_mas,porcentaje
Castilla y León,Salamanca,Porcentaje de hogares unipersonales,2022,36.6,pct_hogares_unipersonales,porcentaje
Castilla y León,Salamanca,Porcentaje de población menor de 18 años,2022,13.5,pct_menor_18,porcentaje
Castilla y León,Salamanca,Porcentaje de población española,2022,94.6,pct_poblacion_espanola,porcentaje
Castilla y León,Salamanca,Población,2022,323.847,poblacion,personas
Castilla y León,Salamanca,Tamaño medio del hogar,2022,2.2,tamano_medio_hogar,personas_por_hogar
Castilla y León,Salamanca,Edad media de la población,2023,48.4,edad_media,años
Castilla y León,Salamanca,Porcentaje de población de 65 y más años,2023,27.7,pct_65_mas,porcentaje
Castilla y León,Salamanca,Porcentaje de hogares unipersonales,2023,37.1,pct_hogares_unipersonales,porcentaje
Castilla y León,Salamanca,Porcentaje de población menor de 18 años,2023,13.3,pct_menor_18,porcentaje
Castilla y León,Salamanca,Porcentaje de población española,2023,93.9,pct_poblacion_espanola,porcentaje
Castilla y León,Salamanca,Población,2023,324.397,poblacion,personas
Castilla y León,Salamanca,Tamaño medio del hogar,2023,2.2,tamano_medio_hogar,personas_por_hogar
Canarias,Santa Cruz de Tenerife,Edad media de la población,2015,41.5,edad_media,años
Canarias,Santa Cruz de Tenerife,Porcentaje de población de 65 y más años,2015,16.1,pct_65_mas,porcentaje
Canarias,Santa Cruz de Tenerife,Porcentaje de hogares unipersonales,2015,29.4,pct_hogares_unipersonales,porcentaje
Canarias,Santa Cruz de Tenerife,Porcentaje de población menor de 18 años,2015,16.7,pct_menor_18,porcentaje
Canarias,Santa Cruz de Tenerife,Porcentaje de población española,2015,87.8,pct_poblacion_espanola,porcentaje
Canarias,Santa Cruz de Tenerife,Tamaño medio del hogar,2015,2.6,tamano_medio_hogar,personas_por_hogar
Canarias,Santa Cruz de Tenerife,Edad media de la población,2016,41.7,edad_media,años
Canarias,Santa Cruz de Tenerife,Porcentaje de población de 65 y más años,2016,16.3,pct_65_mas,porcentaje
Canarias,Santa Cruz de Tenerife,Porcentaje de hogares unipersonales,2016,29.3,pct_hogares_unipersonales,porcentaje
Canarias,Santa Cruz de Tenerife,Porcentaje de población menor de 18 años,2016,16.6,pct_menor_18,porcentaje
Canarias,Santa Cruz de Tenerife,Porcentaje de población española,2016,88.0,pct_poblacion_espanola,porcentaje
Canarias,Santa Cruz de Tenerife,Tamaño medio del hogar,2016,2.6,tamano_medio_hogar,personas_por_hogar
Canarias,Santa Cruz de Tenerife,Edad media de la población,2017,41.9,edad_media,años
Canarias,Santa Cruz de Tenerife,Porcentaje de población de 65 y más años,2017,16.5,pct_65_mas,porcentaje
Canarias,Santa Cruz de Tenerife,Porcentaje de hogares unipersonales,2017,29.1,pct_hogares_unipersonales,porcentaje
Canarias,Santa Cruz de Tenerife,Porcentaje de población menor de 18 años,2017,16.5,pct_menor_18,porcentaje
Canarias,Santa Cruz de Tenerife,Porcentaje de población española,2017,87.4,pct_poblacion_espanola,porcentaje
Canarias,Santa Cruz de Tenerife,Tamaño medio del hogar,2017,2.7,tamano_medio_hogar,personas_por_hogar
Canarias,Santa Cruz de Tenerife,Edad media de la población,2018,42.2,edad_media,años
Canarias,Santa Cruz de Tenerife,Porcentaje de población de 65 y más años,2018,16.7,pct_65_mas,porcentaje
Canarias,Santa Cruz de Tenerife,Porcentaje de hogares unipersonales,2018,29.0,pct_hogares_unipersonales,porcentaje
Canarias,Santa Cruz de Tenerife,Porcentaje de población menor de 18 años,2018,16.2,pct_menor_18,porcentaje
Canarias,Santa Cruz de Tenerife,Porcentaje de población española,2018,86.6,pct_poblacion_espanola,porcentaje
Canarias,Santa Cruz de Tenerife,Tamaño medio del hogar,2018,2.6,tamano_medio_hogar,personas_por_hogar
Canarias,Santa Cruz de Tenerife,Edad media de la población,2019,42.6,edad_media,años
Canarias,Santa Cruz de Tenerife,Porcentaje de población de 65 y más años,2019,17.0,pct_65_mas,porcentaje
Canarias,Santa Cruz de Tenerife,Porcentaje de hogares unipersonales,2019,28.8,pct_hogares_unipersonales,porcentaje
Canarias,Santa Cruz de Tenerife,Porcentaje de población menor de 18 años,2019,15.8,pct_menor_18,porcentaje
Canarias,Santa Cruz de Tenerife,Porcentaje de población española,2019,86.0,pct_poblacion_espanola,porcentaje
Canarias,Santa Cruz de Tenerife,Tamaño medio del hogar,2019,2.6,tamano_medio_hogar,personas_por_hogar
Canarias,Santa Cruz de Tenerife,Edad media de la población,2020,43.0,edad_media,años
Canarias,Santa Cruz de Tenerife,Porcentaje de población de 65 y más años,2020,17.5,pct_65_mas,porcentaje
Canarias,Santa Cruz de Tenerife,Porcentaje de hogares unipersonales,2020,29.1,pct_hogares_unipersonales,porcentaje
Canarias,Santa Cruz de Tenerife,Porcentaje de población menor de 18 años,2020,15.4,pct_menor_18,porcentaje
Canarias,Santa Cruz de Tenerife,Porcentaje de población española,2020,86.2,pct_poblacion_espanola,porcentaje
Canarias,Santa Cruz de Tenerife,Tamaño medio del hogar,2020,2.6,tamano_medio_hogar,personas_por_hogar
Canarias,Santa Cruz de Tenerife,Edad media de la población,2021,43.4,edad_media,años
Canarias,Santa Cruz de Tenerife,Porcentaje de población de 65 y más años,2021,18.0,pct_65_mas,porcentaje
Canarias,Santa Cruz de Tenerife,Porcentaje de hogares unipersonales,2021,29.5,pct_hogares_unipersonales,porcentaje
Canarias,Santa Cruz de Tenerife,Porcentaje de población menor de 18 años,2021,15.1,pct_menor_18,porcentaje
Canarias,Santa Cruz de Tenerife,Porcentaje de población española,2021,86.1,pct_poblacion_espanola,porcentaje
Canarias,Santa Cruz de Tenerife,Tamaño medio del hogar,2021,2.6,tamano_medio_hogar,personas_por_hogar
Canarias,Santa Cruz de Tenerife,Edad media de la población,2022,43.8,edad_media,años
Canarias,Santa Cruz de Tenerife,Porcentaje de población de 65 y más años,2022,18.4,pct_65_mas,porcentaje
Canarias,Santa Cruz de Tenerife,Porcentaje de hogares unipersonales,2022,29.6,pct_hogares_unipersonales,porcentaje
Canarias,Santa Cruz de Tenerife,Porcentaje de población menor de 18 años,2022,14.7,pct_menor_18,porcentaje
Canarias,Santa Cruz de Tenerife,Porcentaje de población española,2022,85.2,pct_poblacion_espanola,porcentaje
Canarias,Santa Cruz de Tenerife,Tamaño medio del hogar,2022,2.6,tamano_medio_hogar,personas_por_hogar
Canarias,Santa Cruz de Tenerife,Edad media de la población,2023,44.0,edad_media,años
Canarias,Santa Cruz de Tenerife,Porcentaje de población de 65 y más años,2023,18.7,pct_65_mas,porcentaje
Canarias,Santa Cruz de Tenerife,Porcentaje de hogares unipersonales,2023,29.6,pct_hogares_unipersonales,porcentaje
Canarias,Santa Cruz de Tenerife,Porcentaje de población menor de 18 años,2023,14.4,pct_menor_18,porcentaje
Canarias,Santa Cruz de Tenerife,Porcentaje de población española,2023,84.8,pct_poblacion_espanola,porcentaje
Canarias,Santa Cruz de Tenerife,Tamaño medio del hogar,2023,2.6,tamano_medio_hogar,personas_por_hogar
Castilla y León,Segovia,Edad media de la población,2015,44.6,edad_media,años
Castilla y León,Segovia,Porcentaje de población de 65 y más años,2015,22.0,pct_65_mas,porcentaje
Castilla y León,Segovia,Porcentaje de hogares unipersonales,2015,32.6,pct_hogares_unipersonales,porcentaje
Castilla y León,Segovia,Porcentaje de población menor de 18 años,2015,16.1,pct_menor_18,porcentaje
Castilla y León,Segovia,Porcentaje de población española,2015,89.2,pct_poblacion_espanola,porcentaje
Castilla y León,Segovia,Población,2015,154.756,poblacion,personas
Castilla y León,Segovia,Tamaño medio del hogar,2015,2.5,tamano_medio_hogar,personas_por_hogar
Castilla y León,Segovia,Edad media de la población,2016,44.9,edad_media,años
Castilla y León,Segovia,Porcentaje de población de 65 y más años,2016,22.2,pct_65_mas,porcentaje
Castilla y León,Segovia,Porcentaje de hogares unipersonales,2016,32.9,pct_hogares_unipersonales,porcentaje
Castilla y León,Segovia,Porcentaje de población menor de 18 años,2016,16.1,pct_menor_18,porcentaje
Castilla y León,Segovia,Porcentaje de población española,2016,89.6,pct_poblacion_espanola,porcentaje
Castilla y León,Segovia,Población,2016,153.297,poblacion,personas
Castilla y León,Segovia,Tamaño medio del hogar,2016,2.5,tamano_medio_hogar,personas_por_hogar
Castilla y León,Segovia,Edad media de la población,2017,45.1,edad_media,años
Castilla y León,Segovia,Porcentaje de población de 65 y más años,2017,22.3,pct_65_mas,porcentaje
Castilla y León,Segovia,Porcentaje de hogares unipersonales,2017,32.9,pct_hogares_unipersonales,porcentaje
Castilla y León,Segovia,Porcentaje de población menor de 18 años,2017,16.2,pct_menor_18,porcentaje
Castilla y León,Segovia,Porcentaje de población española,2017,89.5,pct_poblacion_espanola,porcentaje
Castilla y León,Segovia,Población,2017,152.626,poblacion,personas
Castilla y León,Segovia,Tamaño medio del hogar,2017,2.5,tamano_medio_hogar,personas_por_hogar
Castilla y León,Segovia,Edad media de la población,2018,45.3,edad_media,años
Castilla y León,Segovia,Porcentaje de población de 65 y más años,2018,22.4,pct_65_mas,porcentaje
Castilla y León,Segovia,Porcentaje de hogares unipersonales,2018,33.1,pct_hogares_unipersonales,porcentaje
Castilla y León,Segovia,Porcentaje de población menor de 18 años,2018,16.0,pct_menor_18,porcentaje
Castilla y León,Segovia,Porcentaje de población española,2018,89.0,pct_poblacion_espanola,porcentaje
Castilla y León,Segovia,Población,2018,151.664,poblacion,personas
Castilla y León,Segovia,Tamaño medio del hogar,2018,2.4,tamano_medio_hogar,personas_por_hogar
Castilla y León,Segovia,Edad media de la población,2019,45.4,edad_media,años
Castilla y León,Segovia,Porcentaje de población de 65 y más años,2019,22.5,pct_65_mas,porcentaje
Castilla y León,Segovia,Porcentaje de hogares unipersonales,2019,33.1,pct_hogares_unipersonales,porcentaje
Castilla y León,Segovia,Porcentaje de población menor de 18 años,2019,15.9,pct_menor_18,porcentaje
Castilla y León,Segovia,Porcentaje de población española,2019,88.3,pct_poblacion_espanola,porcentaje
Castilla y León,Segovia,Población,2019,152.137,poblacion,personas
Castilla y León,Segovia,Tamaño medio del hogar,2019,2.4,tamano_medio_hogar,personas_por_hogar
Castilla y León,Segovia,Edad media de la población,2020,45.5,edad_media,años
Castilla y León,Segovia,Porcentaje de población de 65 y más años,2020,22.4,pct_65_mas,porcentaje
Castilla y León,Segovia,Porcentaje de hogares unipersonales,2020,33.5,pct_hogares_unipersonales,porcentaje
Castilla y León,Segovia,Porcentaje de población menor de 18 años,2020,15.7,pct_menor_18,porcentaje
Castilla y León,Segovia,Porcentaje de población española,2020,88.3,pct_poblacion_espanola,porcentaje
Castilla y León,Segovia,Población,2020,152.104,poblacion,personas
Castilla y León,Segovia,Tamaño medio del hogar,2020,2.4,tamano_medio_hogar,personas_por_hogar
Castilla y León,Segovia,Edad media de la población,2021,45.8,edad_media,años
Castilla y León,Segovia,Porcentaje de población de 65 y más años,2021,22.8,pct_65_mas,porcentaje
Castilla y León,Segovia,Porcentaje de hogares unipersonales,2021,33.8,pct_hogares_unipersonales,porcentaje
Castilla y León,Segovia,Porcentaje de población menor de 18 años,2021,15.5,pct_menor_18,porcentaje
Castilla y León,Segovia,Porcentaje de población española,2021,88.2,pct_poblacion_espanola,porcentaje
Castilla y León,Segovia,Población,2021,152.332,poblacion,personas
Castilla y León,Segovia,Tamaño medio del hogar,2021,2.4,tamano_medio_hogar,personas_por_hogar
Castilla y León,Segovia,Edad media de la población,2022,45.9,edad_media,años
Castilla y León,Segovia,Porcentaje de población de 65 y más años,2022,23.0,pct_65_mas,porcentaje
Castilla y León,Segovia,Porcentaje de hogares unipersonales,2022,34.2,pct_hogares_unipersonales,porcentaje
Castilla y León,Segovia,Porcentaje de población menor de 18 años,2022,15.4,pct_menor_18,porcentaje
Castilla y León,Segovia,Porcentaje de población española,2022,87.4,pct_poblacion_espanola,porcentaje
Castilla y León,Segovia,Población,2022,153.769,poblacion,personas
Castilla y León,Segovia,Tamaño medio del hogar,2022,2.4,tamano_medio_hogar,personas_por_hogar
Castilla y León,Segovia,Edad media de la población,2023,46.1,edad_media,años
Castilla y León,Segovia,Porcentaje de población de 65 y más años,2023,23.4,pct_65_mas,porcentaje
Castilla y León,Segovia,Porcentaje de hogares unipersonales,2023,34.3,pct_hogares_unipersonales,porcentaje
Castilla y León,Segovia,Porcentaje de población menor de 18 años,2023,15.1,pct_menor_18,porcentaje
Castilla y León,Segovia,Porcentaje de población española,2023,86.6,pct_poblacion_espanola,porcentaje
Castilla y León,Segovia,Población,2023,154.708,poblacion,personas
Castilla y León,Segovia,Tamaño medio del hogar,2023,2.4,tamano_medio_hogar,personas_por_hogar
Andalucía,Sevilla,Edad media de la población,2015,39.8,edad_media,años
Andalucía,Sevilla,Porcentaje de población de 65 y más años,2015,15.5,pct_65_mas,porcentaje
Andalucía,Sevilla,Porcentaje de hogares unipersonales,2015,22.5,pct_hogares_unipersonales,porcentaje
Andalucía,Sevilla,Porcentaje de población menor de 18 años,2015,20.2,pct_menor_18,porcentaje
Andalucía,Sevilla,Porcentaje de población española,2015,96.7,pct_poblacion_espanola,porcentaje
Andalucía,Sevilla,Tamaño medio del hogar,2015,2.8,tamano_medio_hogar,personas_por_hogar
Andalucía,Sevilla,Edad media de la población,2016,40.1,edad_media,años
Andalucía,Sevilla,Porcentaje de población de 65 y más años,2016,15.8,pct_65_mas,porcentaje
Andalucía,Sevilla,Porcentaje de hogares unipersonales,2016,22.6,pct_hogares_unipersonales,porcentaje
Andalucía,Sevilla,Porcentaje de población menor de 18 años,2016,20.2,pct_menor_18,porcentaje
Andalucía,Sevilla,Porcentaje de población española,2016,96.8,pct_poblacion_espanola,porcentaje
Andalucía,Sevilla,Tamaño medio del hogar,2016,2.7,tamano_medio_hogar,personas_por_hogar
Andalucía,Sevilla,Edad media de la población,2017,40.4,edad_media,años
Andalucía,Sevilla,Porcentaje de población de 65 y más años,2017,16.1,pct_65_mas,porcentaje
Andalucía,Sevilla,Porcentaje de hogares unipersonales,2017,22.9,pct_hogares_unipersonales,porcentaje
Andalucía,Sevilla,Porcentaje de población menor de 18 años,2017,20.1,pct_menor_18,porcentaje
Andalucía,Sevilla,Porcentaje de población española,2017,96.6,pct_poblacion_espanola,porcentaje
Andalucía,Sevilla,Tamaño medio del hogar,2017,2.7,tamano_medio_hogar,personas_por_hogar
Andalucía,Sevilla,Edad media de la población,2018,40.7,edad_media,años
Andalucía,Sevilla,Porcentaje de población de 65 y más años,2018,16.4,pct_65_mas,porcentaje
Andalucía,Sevilla,Porcentaje de hogares unipersonales,2018,23.2,pct_hogares_unipersonales,porcentaje
Andalucía,Sevilla,Porcentaje de población menor de 18 años,2018,19.9,pct_menor_18,porcentaje
Andalucía,Sevilla,Porcentaje de población española,2018,96.5,pct_poblacion_espanola,porcentaje
Andalucía,Sevilla,Tamaño medio del hogar,2018,2.7,tamano_medio_hogar,personas_por_hogar
Andalucía,Sevilla,Edad media de la población,2019,41.0,edad_media,años
Andalucía,Sevilla,Porcentaje de población de 65 y más años,2019,16.6,pct_65_mas,porcentaje
Andalucía,Sevilla,Porcentaje de hogares unipersonales,2019,23.3,pct_hogares_unipersonales,porcentaje
Andalucía,Sevilla,Porcentaje de población menor de 18 años,2019,19.6,pct_menor_18,porcentaje
Andalucía,Sevilla,Porcentaje de población española,2019,96.1,pct_poblacion_espanola,porcentaje
Andalucía,Sevilla,Tamaño medio del hogar,2019,2.7,tamano_medio_hogar,personas_por_hogar
Andalucía,Sevilla,Edad media de la población,2020,41.4,edad_media,años
Andalucía,Sevilla,Porcentaje de población de 65 y más años,2020,16.9,pct_65_mas,porcentaje
Andalucía,Sevilla,Porcentaje de hogares unipersonales,2020,23.7,pct_hogares_unipersonales,porcentaje
Andalucía,Sevilla,Porcentaje de población menor de 18 años,2020,19.4,pct_menor_18,porcentaje
Andalucía,Sevilla,Porcentaje de población española,2020,96.0,pct_poblacion_espanola,porcentaje
Andalucía,Sevilla,Tamaño medio del hogar,2020,2.7,tamano_medio_hogar,personas_por_hogar
Andalucía,Sevilla,Edad media de la población,2021,41.6,edad_media,años
Andalucía,Sevilla,Porcentaje de población de 65 y más años,2021,17.2,pct_65_mas,porcentaje
Andalucía,Sevilla,Porcentaje de hogares unipersonales,2021,24.1,pct_hogares_unipersonales,porcentaje
Andalucía,Sevilla,Porcentaje de población menor de 18 años,2021,19.1,pct_menor_18,porcentaje
Andalucía,Sevilla,Porcentaje de población española,2021,95.9,pct_poblacion_espanola,porcentaje
Andalucía,Sevilla,Tamaño medio del hogar,2021,2.7,tamano_medio_hogar,personas_por_hogar
Andalucía,Sevilla,Edad media de la población,2022,41.9,edad_media,años
Andalucía,Sevilla,Porcentaje de población de 65 y más años,2022,17.5,pct_65_mas,porcentaje
Andalucía,Sevilla,Porcentaje de hogares unipersonales,2022,24.5,pct_hogares_unipersonales,porcentaje
Andalucía,Sevilla,Porcentaje de población menor de 18 años,2022,18.7,pct_menor_18,porcentaje
Andalucía,Sevilla,Porcentaje de población española,2022,95.6,pct_poblacion_espanola,porcentaje
Andalucía,Sevilla,Tamaño medio del hogar,2022,2.6,tamano_medio_hogar,personas_por_hogar
Andalucía,Sevilla,Edad media de la población,2023,42.2,edad_media,años
Andalucía,Sevilla,Porcentaje de población de 65 y más años,2023,17.9,pct_65_mas,porcentaje
Andalucía,Sevilla,Porcentaje de hogares unipersonales,2023,24.9,pct_hogares_unipersonales,porcentaje
Andalucía,Sevilla,Porcentaje de población menor de 18 años,2023,18.3,pct_menor_18,porcentaje
Andalucía,Sevilla,Porcentaje de población española,2023,95.2,pct_poblacion_espanola,porcentaje
Andalucía,Sevilla,Tamaño medio del hogar,2023,2.6,tamano_medio_hogar,personas_por_hogar
Castilla y León,Soria,Edad media de la población,2015,46.3,edad_media,años
Castilla y León,Soria,Porcentaje de población de 65 y más años,2015,25.0,pct_65_mas,porcentaje
Castilla y León,Soria,Porcentaje de hogares unipersonales,2015,34.7,pct_hogares_unipersonales,porcentaje
Castilla y León,Soria,Porcentaje de población menor de 18 años,2015,15.1,pct_menor_18,porcentaje
Castilla y León,Soria,Porcentaje de población española,2015,92.0,pct_poblacion_espanola,porcentaje
Castilla y León,Soria,Población,2015,89.051,poblacion,personas
Castilla y León,Soria,Tamaño medio del hogar,2015,2.4,tamano_medio_hogar,personas_por_hogar
Castilla y León,Soria,Edad media de la población,2016,46.6,edad_media,años
Castilla y León,Soria,Porcentaje de población de 65 y más años,2016,25.1,pct_65_mas,porcentaje
Castilla y León,Soria,Porcentaje de hogares unipersonales,2016,35.0,pct_hogares_unipersonales,porcentaje
Castilla y León,Soria,Porcentaje de población menor de 18 años,2016,15.0,pct_menor_18,porcentaje
Castilla y León,Soria,Porcentaje de población española,2016,92.4,pct_poblacion_espanola,porcentaje
Castilla y León,Soria,Población,2016,87.979,poblacion,personas
Castilla y León,Soria,Tamaño medio del hogar,2016,2.4,tamano_medio_hogar,personas_por_hogar
Castilla y León,Soria,Edad media de la población,2017,46.7,edad_media,años
Castilla y León,Soria,Porcentaje de población de 65 y más años,2017,25.2,pct_65_mas,porcentaje
Castilla y León,Soria,Porcentaje de hogares unipersonales,2017,35.2,pct_hogares_unipersonales,porcentaje
Castilla y León,Soria,Porcentaje de población menor de 18 años,2017,15.0,pct_menor_18,porcentaje
Castilla y León,Soria,Porcentaje de población española,2017,92.1,pct_poblacion_espanola,porcentaje
Castilla y León,Soria,Población,2017,87.792,poblacion,personas
Castilla y León,Soria,Tamaño medio del hogar,2017,2.4,tamano_medio_hogar,personas_por_hogar
Castilla y León,Soria,Edad media de la población,2018,46.9,edad_media,años
Castilla y León,Soria,Porcentaje de población de 65 y más años,2018,25.3,pct_65_mas,porcentaje
Castilla y León,Soria,Porcentaje de hogares unipersonales,2018,35.6,pct_hogares_unipersonales,porcentaje
Castilla y León,Soria,Porcentaje de población menor de 18 años,2018,14.9,pct_menor_18,porcentaje
Castilla y León,Soria,Porcentaje de población española,2018,91.6,pct_poblacion_espanola,porcentaje
Castilla y León,Soria,Población,2018,87.264,poblacion,personas
Castilla y León,Soria,Tamaño medio del hogar,2018,2.3,tamano_medio_hogar,personas_por_hogar
Castilla y León,Soria,Edad media de la población,2019,46.9,edad_media,años
Castilla y León,Soria,Porcentaje de población de 65 y más años,2019,25.1,pct_65_mas,porcentaje
Castilla y León,Soria,Porcentaje de hogares unipersonales,2019,35.8,pct_hogares_unipersonales,porcentaje
Castilla y León,Soria,Porcentaje de población menor de 18 años,2019,14.9,pct_menor_18,porcentaje
Castilla y León,Soria,Porcentaje de población española,2019,90.7,pct_poblacion_espanola,porcentaje
Castilla y León,Soria,Población,2019,87.618,poblacion,personas
Castilla y León,Soria,Tamaño medio del hogar,2019,2.3,tamano_medio_hogar,personas_por_hogar
Castilla y León,Soria,Edad media de la población,2020,46.9,edad_media,años
Castilla y León,Soria,Porcentaje de población de 65 y más años,2020,24.9,pct_65_mas,porcentaje
Castilla y León,Soria,Porcentaje de hogares unipersonales,2020,36.3,pct_hogares_unipersonales,porcentaje
Castilla y León,Soria,Porcentaje de población menor de 18 años,2020,14.8,pct_menor_18,porcentaje
Castilla y León,Soria,Porcentaje de población española,2020,90.1,pct_poblacion_espanola,porcentaje
Castilla y León,Soria,Población,2020,87.474,poblacion,personas
Castilla y León,Soria,Tamaño medio del hogar,2020,2.3,tamano_medio_hogar,personas_por_hogar
Castilla y León,Soria,Edad media de la población,2021,47.1,edad_media,años
Castilla y León,Soria,Porcentaje de población de 65 y más años,2021,25.2,pct_65_mas,porcentaje
Castilla y León,Soria,Porcentaje de hogares unipersonales,2021,36.9,pct_hogares_unipersonales,porcentaje
Castilla y León,Soria,Porcentaje de población menor de 18 años,2021,14.6,pct_menor_18,porcentaje
Castilla y León,Soria,Porcentaje de población española,2021,90.0,pct_poblacion_espanola,porcentaje
Castilla y León,Soria,Población,2021,86.898,poblacion,personas
Castilla y León,Soria,Tamaño medio del hogar,2021,2.3,tamano_medio_hogar,personas_por_hogar
Castilla y León,Soria,Edad media de la población,2022,47.0,edad_media,años
Castilla y León,Soria,Porcentaje de población de 65 y más años,2022,25.1,pct_65_mas,porcentaje
Castilla y León,Soria,Porcentaje de hogares unipersonales,2022,37.1,pct_hogares_unipersonales,porcentaje
Castilla y León,Soria,Porcentaje de población menor de 18 años,2022,14.7,pct_menor_18,porcentaje
Castilla y León,Soria,Porcentaje de población española,2022,89.0,pct_poblacion_espanola,porcentaje
Castilla y León,Soria,Población,2022,87.851,poblacion,personas
Castilla y León,Soria,Tamaño medio del hogar,2022,2.3,tamano_medio_hogar,personas_por_hogar
Castilla y León,Soria,Edad media de la población,2023,47.0,edad_media,años
Castilla y León,Soria,Porcentaje de población de 65 y más años,2023,25.4,pct_65_mas,porcentaje
Castilla y León,Soria,Porcentaje de hogares unipersonales,2023,37.4,pct_hogares_unipersonales,porcentaje
Castilla y León,Soria,Porcentaje de población menor de 18 años,2023,14.6,pct_menor_18,porcentaje
Castilla y León,Soria,Porcentaje de población española,2023,88.1,pct_poblacion_espanola,porcentaje
Castilla y León,Soria,Población,2023,88.419,poblacion,personas
Castilla y León,Soria,Tamaño medio del hogar,2023,2.3,tamano_medio_hogar,personas_por_hogar
Cataluña,Tarragona,Edad media de la población,2015,41.4,edad_media,años
Cataluña,Tarragona,Porcentaje de población de 65 y más años,2015,17.8,pct_65_mas,porcentaje
Cataluña,Tarragona,Porcentaje de hogares unipersonales,2015,27.9,pct_hogares_unipersonales,porcentaje
Cataluña,Tarragona,Porcentaje de población menor de 18 años,2015,19.2,pct_menor_18,porcentaje
Cataluña,Tarragona,Porcentaje de población española,2015,84.9,pct_poblacion_espanola,porcentaje
Cataluña,Tarragona,Población,2015,788.561,poblacion,personas
Cataluña,Tarragona,Tamaño medio del hogar,2015,2.6,tamano_medio_hogar,personas_por_hogar
Cataluña,Tarragona,Edad media de la población,2016,41.7,edad_media,años
Cataluña,Tarragona,Porcentaje de población de 65 y más años,2016,18.2,pct_65_mas,porcentaje
Cataluña,Tarragona,Porcentaje de hogares unipersonales,2016,28.1,pct_hogares_unipersonales,porcentaje
Cataluña,Tarragona,Porcentaje de población menor de 18 años,2016,19.2,pct_menor_18,porcentaje
Cataluña,Tarragona,Porcentaje de población española,2016,85.1,pct_poblacion_espanola,porcentaje
Cataluña,Tarragona,Población,2016,786.212,poblacion,personas
Cataluña,Tarragona,Tamaño medio del hogar,2016,2.6,tamano_medio_hogar,personas_por_hogar
Cataluña,Tarragona,Edad media de la población,2017,41.8,edad_media,años
Cataluña,Tarragona,Porcentaje de población de 65 y más años,2017,18.4,pct_65_mas,porcentaje
Cataluña,Tarragona,Porcentaje de hogares unipersonales,2017,28.1,pct_hogares_unipersonales,porcentaje
Cataluña,Tarragona,Porcentaje de población menor de 18 años,2017,19.2,pct_menor_18,porcentaje
Cataluña,Tarragona,Porcentaje de población española,2017,84.8,pct_poblacion_espanola,porcentaje
Cataluña,Tarragona,Población,2017,789.902,poblacion,personas
Cataluña,Tarragona,Tamaño medio del hogar,2017,2.6,tamano_medio_hogar,personas_por_hogar
Cataluña,Tarragona,Edad media de la población,2018,42.1,edad_media,años
Cataluña,Tarragona,Porcentaje de población de 65 y más años,2018,18.7,pct_65_mas,porcentaje
Cataluña,Tarragona,Porcentaje de hogares unipersonales,2018,28.2,pct_hogares_unipersonales,porcentaje
Cataluña,Tarragona,Porcentaje de población menor de 18 años,2018,19.0,pct_menor_18,porcentaje
Cataluña,Tarragona,Porcentaje de población española,2018,84.1,pct_poblacion_espanola,porcentaje
Cataluña,Tarragona,Población,2018,794.829,poblacion,personas
Cataluña,Tarragona,Tamaño medio del hogar,2018,2.5,tamano_medio_hogar,personas_por_hogar
Cataluña,Tarragona,Edad media de la población,2019,42.3,edad_media,años
Cataluña,Tarragona,Porcentaje de población de 65 y más años,2019,18.8,pct_65_mas,porcentaje
Cataluña,Tarragona,Porcentaje de hogares unipersonales,2019,28.3,pct_hogares_unipersonales,porcentaje
Cataluña,Tarragona,Porcentaje de población menor de 18 años,2019,18.8,pct_menor_18,porcentaje
Cataluña,Tarragona,Porcentaje de población española,2019,83.3,pct_poblacion_espanola,porcentaje
Cataluña,Tarragona,Población,2019,806.469,poblacion,personas
Cataluña,Tarragona,Tamaño medio del hogar,2019,2.5,tamano_medio_hogar,personas_por_hogar
Cataluña,Tarragona,Edad media de la población,2020,42.5,edad_media,años
Cataluña,Tarragona,Porcentaje de población de 65 y más años,2020,19.1,pct_65_mas,porcentaje
Cataluña,Tarragona,Porcentaje de hogares unipersonales,2020,28.6,pct_hogares_unipersonales,porcentaje
Cataluña,Tarragona,Porcentaje de población menor de 18 años,2020,18.6,pct_menor_18,porcentaje
Cataluña,Tarragona,Porcentaje de población española,2020,83.3,pct_poblacion_espanola,porcentaje
Cataluña,Tarragona,Población,2020,814.438,poblacion,personas
Cataluña,Tarragona,Tamaño medio del hogar,2020,2.5,tamano_medio_hogar,personas_por_hogar
Cataluña,Tarragona,Edad media de la población,2021,42.8,edad_media,años
Cataluña,Tarragona,Porcentaje de población de 65 y más años,2021,19.4,pct_65_mas,porcentaje
Cataluña,Tarragona,Porcentaje de hogares unipersonales,2021,28.9,pct_hogares_unipersonales,porcentaje
Cataluña,Tarragona,Porcentaje de población menor de 18 años,2021,18.4,pct_menor_18,porcentaje
Cataluña,Tarragona,Porcentaje de población española,2021,83.2,pct_poblacion_espanola,porcentaje
Cataluña,Tarragona,Población,2021,821.454,poblacion,personas
Cataluña,Tarragona,Tamaño medio del hogar,2021,2.5,tamano_medio_hogar,personas_por_hogar
Cataluña,Tarragona,Edad media de la población,2022,42.9,edad_media,años
Cataluña,Tarragona,Porcentaje de población de 65 y más años,2022,19.5,pct_65_mas,porcentaje
Cataluña,Tarragona,Porcentaje de hogares unipersonales,2022,29.0,pct_hogares_unipersonales,porcentaje
Cataluña,Tarragona,Porcentaje de población menor de 18 años,2022,18.1,pct_menor_18,porcentaje
Cataluña,Tarragona,Porcentaje de población española,2022,82.4,pct_poblacion_espanola,porcentaje
Cataluña,Tarragona,Población,2022,839.364,poblacion,personas
Cataluña,Tarragona,Tamaño medio del hogar,2022,2.5,tamano_medio_hogar,personas_por_hogar
Cataluña,Tarragona,Edad media de la población,2023,43.1,edad_media,años
Cataluña,Tarragona,Porcentaje de población de 65 y más años,2023,19.8,pct_65_mas,porcentaje
Cataluña,Tarragona,Porcentaje de hogares unipersonales,2023,29.3,pct_hogares_unipersonales,porcentaje
Cataluña,Tarragona,Porcentaje de población menor de 18 años,2023,17.8,pct_menor_18,porcentaje
Cataluña,Tarragona,Porcentaje de población española,2023,81.9,pct_poblacion_espanola,porcentaje
Cataluña,Tarragona,Población,2023,852.096,poblacion,personas
Cataluña,Tarragona,Tamaño medio del hogar,2023,2.5,tamano_medio_hogar,personas_por_hogar
Aragón,Teruel,Edad media de la población,2015,45.2,edad_media,años
Aragón,Teruel,Porcentaje de población de 65 y más años,2015,23.3,pct_65_mas,porcentaje
Aragón,Teruel,Porcentaje de hogares unipersonales,2015,31.2,pct_hogares_unipersonales,porcentaje
Aragón,Teruel,Porcentaje de población menor de 18 años,2015,15.7,pct_menor_18,porcentaje
Aragón,Teruel,Porcentaje de población española,2015,89.9,pct_poblacion_espanola,porcentaje
Aragón,Teruel,Población,2015,135.177,poblacion,personas
Aragón,Teruel,Tamaño medio del hogar,2015,2.5,tamano_medio_hogar,personas_por_hogar
Aragón,Teruel,Edad media de la población,2016,45.4,edad_media,años
Aragón,Teruel,Porcentaje de población de 65 y más años,2016,23.4,pct_65_mas,porcentaje
Aragón,Teruel,Porcentaje de hogares unipersonales,2016,31.4,pct_hogares_unipersonales,porcentaje
Aragón,Teruel,Porcentaje de población menor de 18 años,2016,15.8,pct_menor_18,porcentaje
Aragón,Teruel,Porcentaje de población española,2016,90.1,pct_poblacion_espanola,porcentaje
Aragón,Teruel,Población,2016,133.83,poblacion,personas
Aragón,Teruel,Tamaño medio del hogar,2016,2.5,tamano_medio_hogar,personas_por_hogar
Aragón,Teruel,Edad media de la población,2017,45.6,edad_media,años
Aragón,Teruel,Porcentaje de población de 65 y más años,2017,23.5,pct_65_mas,porcentaje
Aragón,Teruel,Porcentaje de hogares unipersonales,2017,31.7,pct_hogares_unipersonales,porcentaje
Aragón,Teruel,Porcentaje de población menor de 18 años,2017,15.8,pct_menor_18,porcentaje
Aragón,Teruel,Porcentaje de población española,2017,90.0,pct_poblacion_espanola,porcentaje
Aragón,Teruel,Población,2017,132.903,poblacion,personas
Aragón,Teruel,Tamaño medio del hogar,2017,2.5,tamano_medio_hogar,personas_por_hogar
Aragón,Teruel,Edad media de la población,2018,45.6,edad_media,años
Aragón,Teruel,Porcentaje de población de 65 y más años,2018,23.6,pct_65_mas,porcentaje
Aragón,Teruel,Porcentaje de hogares unipersonales,2018,32.0,pct_hogares_unipersonales,porcentaje
Aragón,Teruel,Porcentaje de población menor de 18 años,2018,15.7,pct_menor_18,porcentaje
Aragón,Teruel,Porcentaje de población española,2018,89.7,pct_poblacion_espanola,porcentaje
Aragón,Teruel,Población,2018,132.123,poblacion,personas
Aragón,Teruel,Tamaño medio del hogar,2018,2.4,tamano_medio_hogar,personas_por_hogar
Aragón,Teruel,Edad media de la población,2019,45.7,edad_media,años
Aragón,Teruel,Porcentaje de población de 65 y más años,2019,23.4,pct_65_mas,porcentaje
Aragón,Teruel,Porcentaje de hogares unipersonales,2019,32.2,pct_hogares_unipersonales,porcentaje
Aragón,Teruel,Porcentaje de población menor de 18 años,2019,15.7,pct_menor_18,porcentaje
Aragón,Teruel,Porcentaje de población española,2019,89.0,pct_poblacion_espanola,porcentaje
Aragón,Teruel,Población,2019,132.028,poblacion,personas
Aragón,Teruel,Tamaño medio del hogar,2019,2.4,tamano_medio_hogar,personas_por_hogar
Aragón,Teruel,Edad media de la población,2020,45.7,edad_media,años
Aragón,Teruel,Porcentaje de población de 65 y más años,2020,23.4,pct_65_mas,porcentaje
Aragón,Teruel,Porcentaje de hogares unipersonales,2020,32.6,pct_hogares_unipersonales,porcentaje
Aragón,Teruel,Porcentaje de población menor de 18 años,2020,15.7,pct_menor_18,porcentaje
Aragón,Teruel,Porcentaje de población española,2020,88.7,pct_poblacion_espanola,porcentaje
Aragón,Teruel,Población,2020,132.612,poblacion,personas
Aragón,Teruel,Tamaño medio del hogar,2020,2.4,tamano_medio_hogar,personas_por_hogar
Aragón,Teruel,Edad media de la población,2021,45.8,edad_media,años
Aragón,Teruel,Porcentaje de población de 65 y más años,2021,23.5,pct_65_mas,porcentaje
Aragón,Teruel,Porcentaje de hogares unipersonales,2021,33.0,pct_hogares_unipersonales,porcentaje
Aragón,Teruel,Porcentaje de población menor de 18 años,2021,15.7,pct_menor_18,porcentaje
Aragón,Teruel,Porcentaje de población española,2021,88.4,pct_poblacion_espanola,porcentaje
Aragón,Teruel,Población,2021,132.47,poblacion,personas
Aragón,Teruel,Tamaño medio del hogar,2021,2.4,tamano_medio_hogar,personas_por_hogar
Aragón,Teruel,Edad media de la población,2022,45.8,edad_media,años
Aragón,Teruel,Porcentaje de población de 65 y más años,2022,23.7,pct_65_mas,porcentaje
Aragón,Teruel,Porcentaje de hogares unipersonales,2022,33.4,pct_hogares_unipersonales,porcentaje
Aragón,Teruel,Porcentaje de población menor de 18 años,2022,15.8,pct_menor_18,porcentaje
Aragón,Teruel,Porcentaje de población española,2022,87.9,pct_poblacion_espanola,porcentaje
Aragón,Teruel,Población,2022,132.924,poblacion,personas
Aragón,Teruel,Tamaño medio del hogar,2022,2.4,tamano_medio_hogar,personas_por_hogar
Aragón,Teruel,Edad media de la población,2023,46.0,edad_media,años
Aragón,Teruel,Porcentaje de población de 65 y más años,2023,24.0,pct_65_mas,porcentaje
Aragón,Teruel,Porcentaje de hogares unipersonales,2023,33.9,pct_hogares_unipersonales,porcentaje
Aragón,Teruel,Porcentaje de población menor de 18 años,2023,15.6,pct_menor_18,porcentaje
Aragón,Teruel,Porcentaje de población española,2023,87.4,pct_poblacion_espanola,porcentaje
Aragón,Teruel,Población,2023,133.061,poblacion,personas
Aragón,Teruel,Tamaño medio del hogar,2023,2.4,tamano_medio_hogar,personas_por_hogar
Castilla - La Mancha,Toledo,Edad media de la población,2015,40.8,edad_media,años
Castilla - La Mancha,Toledo,Porcentaje de población de 65 y más años,2015,17.3,pct_65_mas,porcentaje
Castilla - La Mancha,Toledo,Porcentaje de hogares unipersonales,2015,26.3,pct_hogares_unipersonales,porcentaje
Castilla - La Mancha,Toledo,Porcentaje de población menor de 18 años,2015,19.6,pct_menor_18,porcentaje
Castilla - La Mancha,Toledo,Porcentaje de población española,2015,91.0,pct_poblacion_espanola,porcentaje
Castilla - La Mancha,Toledo,Población,2015,686.175,poblacion,personas
Castilla - La Mancha,Toledo,Tamaño medio del hogar,2015,2.7,tamano_medio_hogar,personas_por_hogar
Castilla - La Mancha,Toledo,Edad media de la población,2016,41.1,edad_media,años
Castilla - La Mancha,Toledo,Porcentaje de población de 65 y más años,2016,17.5,pct_65_mas,porcentaje
Castilla - La Mancha,Toledo,Porcentaje de hogares unipersonales,2016,26.6,pct_hogares_unipersonales,porcentaje
Castilla - La Mancha,Toledo,Porcentaje de población menor de 18 años,2016,19.6,pct_menor_18,porcentaje
Castilla - La Mancha,Toledo,Porcentaje de población española,2016,91.3,pct_poblacion_espanola,porcentaje
Castilla - La Mancha,Toledo,Población,2016,683.493,poblacion,personas
Castilla - La Mancha,Toledo,Tamaño medio del hogar,2016,2.6,tamano_medio_hogar,personas_por_hogar
Castilla - La Mancha,Toledo,Edad media de la población,2017,41.3,edad_media,años
Castilla - La Mancha,Toledo,Porcentaje de población de 65 y más años,2017,17.7,pct_65_mas,porcentaje
Castilla - La Mancha,Toledo,Porcentaje de hogares unipersonales,2017,26.7,pct_hogares_unipersonales,porcentaje
Castilla - La Mancha,Toledo,Porcentaje de población menor de 18 años,2017,19.7,pct_menor_18,porcentaje
Castilla - La Mancha,Toledo,Porcentaje de población española,2017,91.2,pct_poblacion_espanola,porcentaje
Castilla - La Mancha,Toledo,Población,2017,684.419,poblacion,personas
Castilla - La Mancha,Toledo,Tamaño medio del hogar,2017,2.6,tamano_medio_hogar,personas_por_hogar
Castilla - La Mancha,Toledo,Edad media de la población,2018,41.6,edad_media,años
Castilla - La Mancha,Toledo,Porcentaje de población de 65 y más años,2018,17.7,pct_65_mas,porcentaje
Castilla - La Mancha,Toledo,Porcentaje de hogares unipersonales,2018,26.9,pct_hogares_unipersonales,porcentaje
Castilla - La Mancha,Toledo,Porcentaje de población menor de 18 años,2018,19.5,pct_menor_18,porcentaje
Castilla - La Mancha,Toledo,Porcentaje de población española,2018,90.6,pct_poblacion_espanola,porcentaje
Castilla - La Mancha,Toledo,Población,2018,688.395,poblacion,personas
Castilla - La Mancha,Toledo,Tamaño medio del hogar,2018,2.6,tamano_medio_hogar,personas_por_hogar
Castilla - La Mancha,Toledo,Edad media de la población,2019,41.7,edad_media,años
Castilla - La Mancha,Toledo,Porcentaje de población de 65 y más años,2019,17.8,pct_65_mas,porcentaje
Castilla - La Mancha,Toledo,Porcentaje de hogares unipersonales,2019,26.9,pct_hogares_unipersonales,porcentaje
Castilla - La Mancha,Toledo,Porcentaje de población menor de 18 años,2019,19.4,pct_menor_18,porcentaje
Castilla - La Mancha,Toledo,Porcentaje de población española,2019,89.8,pct_poblacion_espanola,porcentaje
Castilla - La Mancha,Toledo,Población,2019,697.042,poblacion,personas
Castilla - La Mancha,Toledo,Tamaño medio del hogar,2019,2.6,tamano_medio_hogar,personas_por_hogar
Castilla - La Mancha,Toledo,Edad media de la población,2020,41.9,edad_media,años
Castilla - La Mancha,Toledo,Porcentaje de población de 65 y más años,2020,17.8,pct_65_mas,porcentaje
Castilla - La Mancha,Toledo,Porcentaje de hogares unipersonales,2020,27.1,pct_hogares_unipersonales,porcentaje
Castilla - La Mancha,Toledo,Porcentaje de población menor de 18 años,2020,19.3,pct_menor_18,porcentaje
Castilla - La Mancha,Toledo,Porcentaje de población española,2020,89.7,pct_poblacion_espanola,porcentaje
Castilla - La Mancha,Toledo,Población,2020,702.998,poblacion,personas
Castilla - La Mancha,Toledo,Tamaño medio del hogar,2020,2.6,tamano_medio_hogar,personas_por_hogar
Castilla - La Mancha,Toledo,Edad media de la población,2021,42.1,edad_media,años
Castilla - La Mancha,Toledo,Porcentaje de población de 65 y más años,2021,18.0,pct_65_mas,porcentaje
Castilla - La Mancha,Toledo,Porcentaje de hogares unipersonales,2021,27.4,pct_hogares_unipersonales,porcentaje
Castilla - La Mancha,Toledo,Porcentaje de población menor de 18 años,2021,19.1,pct_menor_18,porcentaje
Castilla - La Mancha,Toledo,Porcentaje de población española,2021,89.6,pct_poblacion_espanola,porcentaje
Castilla - La Mancha,Toledo,Población,2021,708.352,poblacion,personas
Castilla - La Mancha,Toledo,Tamaño medio del hogar,2021,2.6,tamano_medio_hogar,personas_por_hogar
Castilla - La Mancha,Toledo,Edad media de la población,2022,42.2,edad_media,años
Castilla - La Mancha,Toledo,Porcentaje de población de 65 y más años,2022,18.1,pct_65_mas,porcentaje
Castilla - La Mancha,Toledo,Porcentaje de hogares unipersonales,2022,27.5,pct_hogares_unipersonales,porcentaje
Castilla - La Mancha,Toledo,Porcentaje de población menor de 18 años,2022,18.8,pct_menor_18,porcentaje
Castilla - La Mancha,Toledo,Porcentaje de población española,2022,88.4,pct_poblacion_espanola,porcentaje
Castilla - La Mancha,Toledo,Población,2022,722.769,poblacion,personas
Castilla - La Mancha,Toledo,Tamaño medio del hogar,2022,2.6,tamano_medio_hogar,personas_por_hogar
Castilla - La Mancha,Toledo,Edad media de la población,2023,42.4,edad_media,años
Castilla - La Mancha,Toledo,Porcentaje de población de 65 y más años,2023,18.4,pct_65_mas,porcentaje
Castilla - La Mancha,Toledo,Porcentaje de hogares unipersonales,2023,27.6,pct_hogares_unipersonales,porcentaje
Castilla - La Mancha,Toledo,Porcentaje de población menor de 18 años,2023,18.6,pct_menor_18,porcentaje
Castilla - La Mancha,Toledo,Porcentaje de población española,2023,87.6,pct_poblacion_espanola,porcentaje
Castilla - La Mancha,Toledo,Población,2023,734.683,poblacion,personas
Castilla - La Mancha,Toledo,Tamaño medio del hogar,2023,2.6,tamano_medio_hogar,personas_por_hogar
Comunitat Valenciana,Valencia/València,Edad media de la población,2015,41.9,edad_media,años
Comunitat Valenciana,Valencia/València,Porcentaje de población de 65 y más años,2015,18.0,pct_65_mas,porcentaje
Comunitat Valenciana,Valencia/València,Porcentaje de hogares unipersonales,2015,27.6,pct_hogares_unipersonales,porcentaje
Comunitat Valenciana,Valencia/València,Porcentaje de población menor de 18 años,2015,18.1,pct_menor_18,porcentaje
Comunitat Valenciana,Valencia/València,Porcentaje de población española,2015,90.3,pct_poblacion_espanola,porcentaje
Comunitat Valenciana,Valencia/València,Tamaño medio del hogar,2015,2.5,tamano_medio_hogar,personas_por_hogar
Comunitat Valenciana,Valencia/València,Edad media de la población,2016,42.1,edad_media,años
Comunitat Valenciana,Valencia/València,Porcentaje de población de 65 y más años,2016,18.3,pct_65_mas,porcentaje
Comunitat Valenciana,Valencia/València,Porcentaje de hogares unipersonales,2016,27.7,pct_hogares_unipersonales,porcentaje
Comunitat Valenciana,Valencia/València,Porcentaje de población menor de 18 años,2016,18.1,pct_menor_18,porcentaje
Comunitat Valenciana,Valencia/València,Porcentaje de población española,2016,90.7,pct_poblacion_espanola,porcentaje
Comunitat Valenciana,Valencia/València,Tamaño medio del hogar,2016,2.5,tamano_medio_hogar,personas_por_hogar
Comunitat Valenciana,Valencia/València,Edad media de la población,2017,42.3,edad_media,años
Comunitat Valenciana,Valencia/València,Porcentaje de población de 65 y más años,2017,18.5,pct_65_mas,porcentaje
Comunitat Valenciana,Valencia/València,Porcentaje de hogares unipersonales,2017,27.7,pct_hogares_unipersonales,porcentaje
Comunitat Valenciana,Valencia/València,Porcentaje de población menor de 18 años,2017,18.1,pct_menor_18,porcentaje
Comunitat Valenciana,Valencia/València,Porcentaje de población española,2017,90.3,pct_poblacion_espanola,porcentaje
Comunitat Valenciana,Valencia/València,Tamaño medio del hogar,2017,2.5,tamano_medio_hogar,personas_por_hogar
Comunitat Valenciana,Valencia/València,Edad media de la población,2018,42.6,edad_media,años
Comunitat Valenciana,Valencia/València,Porcentaje de población de 65 y más años,2018,18.7,pct_65_mas,porcentaje
Comunitat Valenciana,Valencia/València,Porcentaje de hogares unipersonales,2018,27.9,pct_hogares_unipersonales,porcentaje
Comunitat Valenciana,Valencia/València,Porcentaje de población menor de 18 años,2018,17.9,pct_menor_18,porcentaje
Comunitat Valenciana,Valencia/València,Porcentaje de población española,2018,89.7,pct_poblacion_espanola,porcentaje
Comunitat Valenciana,Valencia/València,Tamaño medio del hogar,2018,2.5,tamano_medio_hogar,personas_por_hogar
Comunitat Valenciana,Valencia/València,Edad media de la población,2019,42.8,edad_media,años
Comunitat Valenciana,Valencia/València,Porcentaje de población de 65 y más años,2019,18.9,pct_65_mas,porcentaje
Comunitat Valenciana,Valencia/València,Porcentaje de hogares unipersonales,2019,28.0,pct_hogares_unipersonales,porcentaje
Comunitat Valenciana,Valencia/València,Porcentaje de población menor de 18 años,2019,17.7,pct_menor_18,porcentaje
Comunitat Valenciana,Valencia/València,Porcentaje de población española,2019,88.9,pct_poblacion_espanola,porcentaje
Comunitat Valenciana,Valencia/València,Tamaño medio del hogar,2019,2.5,tamano_medio_hogar,personas_por_hogar
Comunitat Valenciana,Valencia/València,Edad media de la población,2020,43.1,edad_media,años
Comunitat Valenciana,Valencia/València,Porcentaje de población de 65 y más años,2020,19.2,pct_65_mas,porcentaje
Comunitat Valenciana,Valencia/València,Porcentaje de hogares unipersonales,2020,28.4,pct_hogares_unipersonales,porcentaje
Comunitat Valenciana,Valencia/València,Porcentaje de población menor de 18 años,2020,17.5,pct_menor_18,porcentaje
Comunitat Valenciana,Valencia/València,Porcentaje de población española,2020,88.8,pct_poblacion_espanola,porcentaje
Comunitat Valenciana,Valencia/València,Tamaño medio del hogar,2020,2.5,tamano_medio_hogar,personas_por_hogar
Comunitat Valenciana,Valencia/València,Edad media de la población,2021,43.3,edad_media,años
Comunitat Valenciana,Valencia/València,Porcentaje de población de 65 y más años,2021,19.4,pct_65_mas,porcentaje
Comunitat Valenciana,Valencia/València,Porcentaje de hogares unipersonales,2021,28.7,pct_hogares_unipersonales,porcentaje
Comunitat Valenciana,Valencia/València,Porcentaje de población menor de 18 años,2021,17.2,pct_menor_18,porcentaje
Comunitat Valenciana,Valencia/València,Porcentaje de población española,2021,88.3,pct_poblacion_espanola,porcentaje
Comunitat Valenciana,Valencia/València,Tamaño medio del hogar,2021,2.5,tamano_medio_hogar,personas_por_hogar
Comunitat Valenciana,Valencia/València,Edad media de la población,2022,43.3,edad_media,años
Comunitat Valenciana,Valencia/València,Porcentaje de población de 65 y más años,2022,19.5,pct_65_mas,porcentaje
Comunitat Valenciana,Valencia/València,Porcentaje de hogares unipersonales,2022,28.7,pct_hogares_unipersonales,porcentaje
Comunitat Valenciana,Valencia/València,Porcentaje de población menor de 18 años,2022,17.0,pct_menor_18,porcentaje
Comunitat Valenciana,Valencia/València,Porcentaje de población española,2022,87.0,pct_poblacion_espanola,porcentaje
Comunitat Valenciana,Valencia/València,Tamaño medio del hogar,2022,2.5,tamano_medio_hogar,personas_por_hogar
Comunitat Valenciana,Valencia/València,Edad media de la población,2023,43.4,edad_media,años
Comunitat Valenciana,Valencia/València,Porcentaje de población de 65 y más años,2023,19.6,pct_65_mas,porcentaje
Comunitat Valenciana,Valencia/València,Porcentaje de hogares unipersonales,2023,28.7,pct_hogares_unipersonales,porcentaje
Comunitat Valenciana,Valencia/València,Porcentaje de población menor de 18 años,2023,16.8,pct_menor_18,porcentaje
Comunitat Valenciana,Valencia/València,Porcentaje de población española,2023,85.7,pct_poblacion_espanola,porcentaje
Comunitat Valenciana,Valencia/València,Tamaño medio del hogar,2023,2.5,tamano_medio_hogar,personas_por_hogar
Castilla y León,Valladolid,Edad media de la población,2015,44.4,edad_media,años
Castilla y León,Valladolid,Porcentaje de población de 65 y más años,2015,21.4,pct_65_mas,porcentaje
Castilla y León,Valladolid,Porcentaje de hogares unipersonales,2015,28.4,pct_hogares_unipersonales,porcentaje
Castilla y León,Valladolid,Porcentaje de población menor de 18 años,2015,16.0,pct_menor_18,porcentaje
Castilla y León,Valladolid,Porcentaje de población española,2015,95.4,pct_poblacion_espanola,porcentaje
Castilla y León,Valladolid,Población,2015,520.598,poblacion,personas
Castilla y León,Valladolid,Tamaño medio del hogar,2015,2.5,tamano_medio_hogar,personas_por_hogar
Castilla y León,Valladolid,Edad media de la población,2016,44.7,edad_media,años
Castilla y León,Valladolid,Porcentaje de población de 65 y más años,2016,21.9,pct_65_mas,porcentaje
Castilla y León,Valladolid,Porcentaje de hogares unipersonales,2016,28.8,pct_hogares_unipersonales,porcentaje
Castilla y León,Valladolid,Porcentaje de población menor de 18 años,2016,16.1,pct_menor_18,porcentaje
Castilla y León,Valladolid,Porcentaje de población española,2016,95.6,pct_poblacion_espanola,porcentaje
Castilla y León,Valladolid,Población,2016,518.35,poblacion,personas
Castilla y León,Valladolid,Tamaño medio del hogar,2016,2.5,tamano_medio_hogar,personas_por_hogar
Castilla y León,Valladolid,Edad media de la población,2017,45.0,edad_media,años
Castilla y León,Valladolid,Porcentaje de población de 65 y más años,2017,22.3,pct_65_mas,porcentaje
Castilla y León,Valladolid,Porcentaje de hogares unipersonales,2017,29.1,pct_hogares_unipersonales,porcentaje
Castilla y León,Valladolid,Porcentaje de población menor de 18 años,2017,16.1,pct_menor_18,porcentaje
Castilla y León,Valladolid,Porcentaje de población española,2017,95.5,pct_poblacion_espanola,porcentaje
Castilla y León,Valladolid,Población,2017,517.022,poblacion,personas
Castilla y León,Valladolid,Tamaño medio del hogar,2017,2.4,tamano_medio_hogar,personas_por_hogar
Castilla y León,Valladolid,Edad media de la población,2018,45.3,edad_media,años
Castilla y León,Valladolid,Porcentaje de población de 65 y más años,2018,22.7,pct_65_mas,porcentaje
Castilla y León,Valladolid,Porcentaje de hogares unipersonales,2018,29.5,pct_hogares_unipersonales,porcentaje
Castilla y León,Valladolid,Porcentaje de población menor de 18 años,2018,15.9,pct_menor_18,porcentaje
Castilla y León,Valladolid,Porcentaje de población española,2018,95.2,pct_poblacion_espanola,porcentaje
Castilla y León,Valladolid,Población,2018,515.504,poblacion,personas
Castilla y León,Valladolid,Tamaño medio del hogar,2018,2.4,tamano_medio_hogar,personas_por_hogar
Castilla y León,Valladolid,Edad media de la población,2019,45.6,edad_media,años
Castilla y León,Valladolid,Porcentaje de población de 65 y más años,2019,23.1,pct_65_mas,porcentaje
Castilla y León,Valladolid,Porcentaje de hogares unipersonales,2019,29.7,pct_hogares_unipersonales,porcentaje
Castilla y León,Valladolid,Porcentaje de población menor de 18 años,2019,15.8,pct_menor_18,porcentaje
Castilla y León,Valladolid,Porcentaje de población española,2019,94.8,pct_poblacion_espanola,porcentaje
Castilla y León,Valladolid,Población,2019,516.444,poblacion,personas
Castilla y León,Valladolid,Tamaño medio del hogar,2019,2.4,tamano_medio_hogar,personas_por_hogar
Castilla y León,Valladolid,Edad media de la población,2020,45.8,edad_media,años
Castilla y León,Valladolid,Porcentaje de población de 65 y más años,2020,23.4,pct_65_mas,porcentaje
Castilla y León,Valladolid,Porcentaje de hogares unipersonales,2020,30.2,pct_hogares_unipersonales,porcentaje
Castilla y León,Valladolid,Porcentaje de población menor de 18 años,2020,15.7,pct_menor_18,porcentaje
Castilla y León,Valladolid,Porcentaje de población española,2020,94.4,pct_poblacion_espanola,porcentaje
Castilla y León,Valladolid,Población,2020,515.714,poblacion,personas
Castilla y León,Valladolid,Tamaño medio del hogar,2020,2.4,tamano_medio_hogar,personas_por_hogar
Castilla y León,Valladolid,Edad media de la población,2021,46.1,edad_media,años
Castilla y León,Valladolid,Porcentaje de población de 65 y más años,2021,23.9,pct_65_mas,porcentaje
Castilla y León,Valladolid,Porcentaje de hogares unipersonales,2021,30.8,pct_hogares_unipersonales,porcentaje
Castilla y León,Valladolid,Porcentaje de población menor de 18 años,2021,15.4,pct_menor_18,porcentaje
Castilla y León,Valladolid,Porcentaje de población española,2021,94.3,pct_poblacion_espanola,porcentaje
Castilla y León,Valladolid,Población,2021,513.994,poblacion,personas
Castilla y León,Valladolid,Tamaño medio del hogar,2021,2.4,tamano_medio_hogar,personas_por_hogar
Castilla y León,Valladolid,Edad media de la población,2022,46.3,edad_media,años
Castilla y León,Valladolid,Porcentaje de población de 65 y más años,2022,24.3,pct_65_mas,porcentaje
Castilla y León,Valladolid,Porcentaje de hogares unipersonales,2022,31.2,pct_hogares_unipersonales,porcentaje
Castilla y León,Valladolid,Porcentaje de población menor de 18 años,2022,15.3,pct_menor_18,porcentaje
Castilla y León,Valladolid,Porcentaje de población española,2022,93.9,pct_poblacion_espanola,porcentaje
Castilla y León,Valladolid,Población,2022,516.878,poblacion,personas
Castilla y León,Valladolid,Tamaño medio del hogar,2022,2.4,tamano_medio_hogar,personas_por_hogar
Castilla y León,Valladolid,Edad media de la población,2023,46.5,edad_media,años
Castilla y León,Valladolid,Porcentaje de población de 65 y más años,2023,24.6,pct_65_mas,porcentaje
Castilla y León,Valladolid,Porcentaje de hogares unipersonales,2023,31.6,pct_hogares_unipersonales,porcentaje
Castilla y León,Valladolid,Porcentaje de población menor de 18 años,2023,15.1,pct_menor_18,porcentaje
Castilla y León,Valladolid,Porcentaje de población española,2023,93.2,pct_poblacion_espanola,porcentaje
Castilla y León,Valladolid,Población,2023,520.13,poblacion,personas
Castilla y León,Valladolid,Tamaño medio del hogar,2023,2.3,tamano_medio_hogar,personas_por_hogar
Castilla y León,Zamora,Edad media de la población,2015,49.4,edad_media,años
Castilla y León,Zamora,Porcentaje de población de 65 y más años,2015,29.6,pct_65_mas,porcentaje
Castilla y León,Zamora,Porcentaje de hogares unipersonales,2015,34.4,pct_hogares_unipersonales,porcentaje
Castilla y León,Zamora,Porcentaje de población menor de 18 años,2015,11.8,pct_menor_18,porcentaje
Castilla y León,Zamora,Porcentaje de población española,2015,96.5,pct_poblacion_espanola,porcentaje
Castilla y León,Zamora,Población,2015,179.563,poblacion,personas
Castilla y León,Zamora,Tamaño medio del hogar,2015,2.3,tamano_medio_hogar,personas_por_hogar
Castilla y León,Zamora,Edad media de la población,2016,49.7,edad_media,años
Castilla y León,Zamora,Porcentaje de población de 65 y más años,2016,29.8,pct_65_mas,porcentaje
Castilla y León,Zamora,Porcentaje de hogares unipersonales,2016,34.9,pct_hogares_unipersonales,porcentaje
Castilla y León,Zamora,Porcentaje de población menor de 18 años,2016,11.7,pct_menor_18,porcentaje
Castilla y León,Zamora,Porcentaje de población española,2016,96.7,pct_poblacion_espanola,porcentaje
Castilla y León,Zamora,Población,2016,176.575,poblacion,personas
Castilla y León,Zamora,Tamaño medio del hogar,2016,2.3,tamano_medio_hogar,personas_por_hogar
Castilla y León,Zamora,Edad media de la población,2017,49.9,edad_media,años
Castilla y León,Zamora,Porcentaje de población de 65 y más años,2017,30.2,pct_65_mas,porcentaje
Castilla y León,Zamora,Porcentaje de hogares unipersonales,2017,35.2,pct_hogares_unipersonales,porcentaje
Castilla y León,Zamora,Porcentaje de población menor de 18 años,2017,11.7,pct_menor_18,porcentaje
Castilla y León,Zamora,Porcentaje de población española,2017,96.7,pct_poblacion_espanola,porcentaje
Castilla y León,Zamora,Población,2017,173.963,poblacion,personas
Castilla y León,Zamora,Tamaño medio del hogar,2017,2.3,tamano_medio_hogar,personas_por_hogar
Castilla y León,Zamora,Edad media de la población,2018,50.2,edad_media,años
Castilla y León,Zamora,Porcentaje de población de 65 y más años,2018,30.5,pct_65_mas,porcentaje
Castilla y León,Zamora,Porcentaje de hogares unipersonales,2018,36.0,pct_hogares_unipersonales,porcentaje
Castilla y León,Zamora,Porcentaje de población menor de 18 años,2018,11.7,pct_menor_18,porcentaje
Castilla y León,Zamora,Porcentaje de población española,2018,96.7,pct_poblacion_espanola,porcentaje
Castilla y León,Zamora,Población,2018,171.613,poblacion,personas
Castilla y León,Zamora,Tamaño medio del hogar,2018,2.2,tamano_medio_hogar,personas_por_hogar
Castilla y León,Zamora,Edad media de la población,2019,50.5,edad_media,años
Castilla y León,Zamora,Porcentaje de población de 65 y más años,2019,30.8,pct_65_mas,porcentaje
Castilla y León,Zamora,Porcentaje de hogares unipersonales,2019,36.4,pct_hogares_unipersonales,porcentaje
Castilla y León,Zamora,Porcentaje de población menor de 18 años,2019,11.6,pct_menor_18,porcentaje
Castilla y León,Zamora,Porcentaje de población española,2019,96.4,pct_poblacion_espanola,porcentaje
Castilla y León,Zamora,Población,2019,169.364,poblacion,personas
Castilla y León,Zamora,Tamaño medio del hogar,2019,2.2,tamano_medio_hogar,personas_por_hogar
Castilla y León,Zamora,Edad media de la población,2020,50.6,edad_media,años
Castilla y León,Zamora,Porcentaje de población de 65 y más años,2020,30.9,pct_65_mas,porcentaje
Castilla y León,Zamora,Porcentaje de hogares unipersonales,2020,36.9,pct_hogares_unipersonales,porcentaje
Castilla y León,Zamora,Porcentaje de población menor de 18 años,2020,11.5,pct_menor_18,porcentaje
Castilla y León,Zamora,Porcentaje de población española,2020,96.3,pct_poblacion_espanola,porcentaje
Castilla y León,Zamora,Población,2020,167.681,poblacion,personas
Castilla y León,Zamora,Tamaño medio del hogar,2020,2.2,tamano_medio_hogar,personas_por_hogar
Castilla y León,Zamora,Edad media de la población,2021,50.9,edad_media,años
Castilla y León,Zamora,Porcentaje de población de 65 y más años,2021,31.4,pct_65_mas,porcentaje
Castilla y León,Zamora,Porcentaje de hogares unipersonales,2021,37.5,pct_hogares_unipersonales,porcentaje
Castilla y León,Zamora,Porcentaje de población menor de 18 años,2021,11.3,pct_menor_18,porcentaje
Castilla y León,Zamora,Porcentaje de población española,2021,96.2,pct_poblacion_espanola,porcentaje
Castilla y León,Zamora,Población,2021,166.279,poblacion,personas
Castilla y León,Zamora,Tamaño medio del hogar,2021,2.2,tamano_medio_hogar,personas_por_hogar
Castilla y León,Zamora,Edad media de la población,2022,51.0,edad_media,años
Castilla y León,Zamora,Porcentaje de población de 65 y más años,2022,31.7,pct_65_mas,porcentaje
Castilla y León,Zamora,Porcentaje de hogares unipersonales,2022,38.1,pct_hogares_unipersonales,porcentaje
Castilla y León,Zamora,Porcentaje de población menor de 18 años,2022,11.3,pct_menor_18,porcentaje
Castilla y León,Zamora,Porcentaje de población española,2022,95.6,pct_poblacion_espanola,porcentaje
Castilla y León,Zamora,Población,2022,165.383,poblacion,personas
Castilla y León,Zamora,Tamaño medio del hogar,2022,2.1,tamano_medio_hogar,personas_por_hogar
Castilla y León,Zamora,Edad media de la población,2023,51.2,edad_media,años
Castilla y León,Zamora,Porcentaje de población de 65 y más años,2023,32.0,pct_65_mas,porcentaje
Castilla y León,Zamora,Porcentaje de hogares unipersonales,2023,38.6,pct_hogares_unipersonales,porcentaje
Castilla y León,Zamora,Porcentaje de población menor de 18 años,2023,11.2,pct_menor_18,porcentaje
Castilla y León,Zamora,Porcentaje de población española,2023,95.0,pct_poblacion_espanola,porcentaje
Castilla y León,Zamora,Población,2023,164.651,poblacion,personas
Castilla y León,Zamora,Tamaño medio del hogar,2023,2.1,tamano_medio_hogar,personas_por_hogar
Aragón,Zaragoza,Edad media de la población,2015,43.3,edad_media,años
Aragón,Zaragoza,Porcentaje de población de 65 y más años,2015,20.2,pct_65_mas,porcentaje
Aragón,Zaragoza,Porcentaje de hogares unipersonales,2015,28.5,pct_hogares_unipersonales,porcentaje
Aragón,Zaragoza,Porcentaje de población menor de 18 años,2015,17.1,pct_menor_18,porcentaje
Aragón,Zaragoza,Porcentaje de población española,2015,89.9,pct_poblacion_espanola,porcentaje
Aragón,Zaragoza,Población,2015,951.589,poblacion,personas
Aragón,Zaragoza,Tamaño medio del hogar,2015,2.5,tamano_medio_hogar,personas_por_hogar
Aragón,Zaragoza,Edad media de la población,2016,43.5,edad_media,años
Aragón,Zaragoza,Porcentaje de población de 65 y más años,2016,20.6,pct_65_mas,porcentaje
Aragón,Zaragoza,Porcentaje de hogares unipersonales,2016,28.9,pct_hogares_unipersonales,porcentaje
Aragón,Zaragoza,Porcentaje de población menor de 18 años,2016,17.2,pct_menor_18,porcentaje
Aragón,Zaragoza,Porcentaje de población española,2016,89.8,pct_poblacion_espanola,porcentaje
Aragón,Zaragoza,Población,2016,947.019,poblacion,personas
Aragón,Zaragoza,Tamaño medio del hogar,2016,2.5,tamano_medio_hogar,personas_por_hogar
Aragón,Zaragoza,Edad media de la población,2017,43.7,edad_media,años
Aragón,Zaragoza,Porcentaje de población de 65 y más años,2017,20.8,pct_65_mas,porcentaje
Aragón,Zaragoza,Porcentaje de hogares unipersonales,2017,29.0,pct_hogares_unipersonales,porcentaje
Aragón,Zaragoza,Porcentaje de población menor de 18 años,2017,17.3,pct_menor_18,porcentaje
Aragón,Zaragoza,Porcentaje de población española,2017,89.5,pct_poblacion_espanola,porcentaje
Aragón,Zaragoza,Población,2017,947.537,poblacion,personas
Aragón,Zaragoza,Tamaño medio del hogar,2017,2.5,tamano_medio_hogar,personas_por_hogar
Aragón,Zaragoza,Edad media de la población,2018,43.8,edad_media,años
Aragón,Zaragoza,Porcentaje de población de 65 y más años,2018,20.9,pct_65_mas,porcentaje
Aragón,Zaragoza,Porcentaje de hogares unipersonales,2018,29.3,pct_hogares_unipersonales,porcentaje
Aragón,Zaragoza,Porcentaje de población menor de 18 años,2018,17.2,pct_menor_18,porcentaje
Aragón,Zaragoza,Porcentaje de población española,2018,88.6,pct_poblacion_espanola,porcentaje
Aragón,Zaragoza,Población,2018,949.992,poblacion,personas
Aragón,Zaragoza,Tamaño medio del hogar,2018,2.5,tamano_medio_hogar,personas_por_hogar
Aragón,Zaragoza,Edad media de la población,2019,44.0,edad_media,años
Aragón,Zaragoza,Porcentaje de población de 65 y más años,2019,21.0,pct_65_mas,porcentaje
Aragón,Zaragoza,Porcentaje de hogares unipersonales,2019,29.2,pct_hogares_unipersonales,porcentaje
Aragón,Zaragoza,Porcentaje de población menor de 18 años,2019,17.0,pct_menor_18,porcentaje
Aragón,Zaragoza,Porcentaje de población española,2019,87.7,pct_poblacion_espanola,porcentaje
Aragón,Zaragoza,Población,2019,960.265,poblacion,personas
Aragón,Zaragoza,Tamaño medio del hogar,2019,2.5,tamano_medio_hogar,personas_por_hogar
Aragón,Zaragoza,Edad media de la población,2020,44.1,edad_media,años
Aragón,Zaragoza,Porcentaje de población de 65 y más años,2020,21.1,pct_65_mas,porcentaje
Aragón,Zaragoza,Porcentaje de hogares unipersonales,2020,29.5,pct_hogares_unipersonales,porcentaje
Aragón,Zaragoza,Porcentaje de población menor de 18 años,2020,16.9,pct_menor_18,porcentaje
Aragón,Zaragoza,Porcentaje de población española,2020,87.8,pct_poblacion_espanola,porcentaje
Aragón,Zaragoza,Población,2020,961.618,poblacion,personas
Aragón,Zaragoza,Tamaño medio del hogar,2020,2.5,tamano_medio_hogar,personas_por_hogar
Aragón,Zaragoza,Edad media de la población,2021,44.4,edad_media,años
Aragón,Zaragoza,Porcentaje de población de 65 y más años,2021,21.4,pct_65_mas,porcentaje
Aragón,Zaragoza,Porcentaje de hogares unipersonales,2021,30.0,pct_hogares_unipersonales,porcentaje
Aragón,Zaragoza,Porcentaje de población menor de 18 años,2021,16.8,pct_menor_18,porcentaje
Aragón,Zaragoza,Porcentaje de población española,2021,87.7,pct_poblacion_espanola,porcentaje
Aragón,Zaragoza,Población,2021,956.32,poblacion,personas
Aragón,Zaragoza,Tamaño medio del hogar,2021,2.4,tamano_medio_hogar,personas_por_hogar
Aragón,Zaragoza,Edad media de la población,2022,44.4,edad_media,años
Aragón,Zaragoza,Porcentaje de población de 65 y más años,2022,21.5,pct_65_mas,porcentaje
Aragón,Zaragoza,Porcentaje de hogares unipersonales,2022,30.2,pct_hogares_unipersonales,porcentaje
Aragón,Zaragoza,Porcentaje de población menor de 18 años,2022,16.6,pct_menor_18,porcentaje
Aragón,Zaragoza,Porcentaje de población española,2022,86.7,pct_poblacion_espanola,porcentaje
Aragón,Zaragoza,Población,2022,967.592,poblacion,personas
Aragón,Zaragoza,Tamaño medio del hogar,2022,2.4,tamano_medio_hogar,personas_por_hogar
Aragón,Zaragoza,Edad media de la población,2023,44.6,edad_media,años
Aragón,Zaragoza,Porcentaje de población de 65 y más años,2023,21.8,pct_65_mas,porcentaje
Aragón,Zaragoza,Porcentaje de hogares unipersonales,2023,30.5,pct_hogares_unipersonales,porcentaje
Aragón,Zaragoza,Porcentaje de población menor de 18 años,2023,16.3,pct_menor_18,porcentaje
Aragón,Zaragoza,Porcentaje de población española,2023,86.1,pct_poblacion_espanola,porcentaje
Aragón,Zaragoza,Población,2023,975.521,poblacion,personas
Aragón,Zaragoza,Tamaño medio del hogar,2023,2.4,tamano_medio_hogar,personas_por_hogar
Castilla y León,Ávila,Edad media de la población,2015,46.3,edad_media,años
Castilla y León,Ávila,Porcentaje de población de 65 y más años,2015,24.9,pct_65_mas,porcentaje
Castilla y León,Ávila,Porcentaje de hogares unipersonales,2015,36.7,pct_hogares_unipersonales,porcentaje
Castilla y León,Ávila,Porcentaje de población menor de 18 años,2015,14.8,pct_menor_18,porcentaje
Castilla y León,Ávila,Porcentaje de población española,2015,93.4,pct_poblacion_espanola,porcentaje
Castilla y León,Ávila,Población,2015,162.103,poblacion,personas
Castilla y León,Ávila,Tamaño medio del hogar,2015,2.3,tamano_medio_hogar,personas_por_hogar
Castilla y León,Ávila,Edad media de la población,2016,46.6,edad_media,años
Castilla y León,Ávila,Porcentaje de población de 65 y más años,2016,25.2,pct_65_mas,porcentaje
Castilla y León,Ávila,Porcentaje de hogares unipersonales,2016,37.0,pct_hogares_unipersonales,porcentaje
Castilla y León,Ávila,Porcentaje de población menor de 18 años,2016,14.7,pct_menor_18,porcentaje
Castilla y León,Ávila,Porcentaje de población española,2016,93.6,pct_poblacion_espanola,porcentaje
Castilla y León,Ávila,Población,2016,159.436,poblacion,personas
Castilla y León,Ávila,Tamaño medio del hogar,2016,2.3,tamano_medio_hogar,personas_por_hogar
Castilla y León,Ávila,Edad media de la población,2017,46.8,edad_media,años
Castilla y León,Ávila,Porcentaje de población de 65 y más años,2017,25.3,pct_65_mas,porcentaje
Castilla y León,Ávila,Porcentaje de hogares unipersonales,2017,36.6,pct_hogares_unipersonales,porcentaje
Castilla y León,Ávila,Porcentaje de población menor de 18 años,2017,14.8,pct_menor_18,porcentaje
Castilla y León,Ávila,Porcentaje de población española,2017,94.2,pct_poblacion_espanola,porcentaje
Castilla y León,Ávila,Población,2017,157.826,poblacion,personas
Castilla y León,Ávila,Tamaño medio del hogar,2017,2.3,tamano_medio_hogar,personas_por_hogar
Castilla y León,Ávila,Edad media de la población,2018,47.0,edad_media,años
Castilla y León,Ávila,Porcentaje de población de 65 y más años,2018,25.6,pct_65_mas,porcentaje
Castilla y León,Ávila,Porcentaje de hogares unipersonales,2018,37.2,pct_hogares_unipersonales,porcentaje
Castilla y León,Ávila,Porcentaje de población menor de 18 años,2018,14.6,pct_menor_18,porcentaje
Castilla y León,Ávila,Porcentaje de población española,2018,94.0,pct_poblacion_espanola,porcentaje
Castilla y León,Ávila,Población,2018,156.505,poblacion,personas
Castilla y León,Ávila,Tamaño medio del hogar,2018,2.3,tamano_medio_hogar,personas_por_hogar
Castilla y León,Ávila,Edad media de la población,2019,47.2,edad_media,años
Castilla y León,Ávila,Porcentaje de población de 65 y más años,2019,25.7,pct_65_mas,porcentaje
Castilla y León,Ávila,Porcentaje de hogares unipersonales,2019,37.8,pct_hogares_unipersonales,porcentaje
Castilla y León,Ávila,Porcentaje de población menor de 18 años,2019,14.7,pct_menor_18,porcentaje
Castilla y León,Ávila,Porcentaje de población española,2019,93.4,pct_poblacion_espanola,porcentaje
Castilla y León,Ávila,Población,2019,156.179,poblacion,personas
Castilla y León,Ávila,Tamaño medio del hogar,2019,2.2,tamano_medio_hogar,personas_por_hogar
Castilla y León,Ávila,Edad media de la población,2020,47.3,edad_media,años
Castilla y León,Ávila,Porcentaje de población de 65 y más años,2020,25.7,pct_65_mas,porcentaje
Castilla y León,Ávila,Porcentaje de hogares unipersonales,2020,37.8,pct_hogares_unipersonales,porcentaje
Castilla y León,Ávila,Porcentaje de población menor de 18 años,2020,14.5,pct_menor_18,porcentaje
Castilla y León,Ávila,Porcentaje de población española,2020,93.4,pct_poblacion_espanola,porcentaje
Castilla y León,Ávila,Población,2020,156.907,poblacion,personas
Castilla y León,Ávila,Tamaño medio del hogar,2020,2.2,tamano_medio_hogar,personas_por_hogar
Castilla y León,Ávila,Edad media de la población,2021,47.6,edad_media,años
Castilla y León,Ávila,Porcentaje de población de 65 y más años,2021,26.1,pct_65_mas,porcentaje
Castilla y León,Ávila,Porcentaje de hogares unipersonales,2021,38.6,pct_hogares_unipersonales,porcentaje
Castilla y León,Ávila,Porcentaje de población menor de 18 años,2021,14.3,pct_menor_18,porcentaje
Castilla y León,Ávila,Porcentaje de población española,2021,93.4,pct_poblacion_espanola,porcentaje
Castilla y León,Ávila,Población,2021,156.877,poblacion,personas
Castilla y León,Ávila,Tamaño medio del hogar,2021,2.2,tamano_medio_hogar,personas_por_hogar
Castilla y León,Ávila,Edad media de la población,2022,47.7,edad_media,años
Castilla y León,Ávila,Porcentaje de población de 65 y más años,2022,26.2,pct_65_mas,porcentaje
Castilla y León,Ávila,Porcentaje de hogares unipersonales,2022,38.4,pct_hogares_unipersonales,porcentaje
Castilla y León,Ávila,Porcentaje de población menor de 18 años,2022,14.3,pct_menor_18,porcentaje
Castilla y León,Ávila,Porcentaje de población española,2022,92.0,pct_poblacion_espanola,porcentaje
Castilla y León,Ávila,Población,2022,158.031,poblacion,personas
Castilla y León,Ávila,Tamaño medio del hogar,2022,2.2,tamano_medio_hogar,personas_por_hogar
Castilla y León,Ávila,Edad media de la población,2023,47.8,edad_media,años
Castilla y León,Ávila,Porcentaje de población de 65 y más años,2023,26.6,pct_65_mas,porcentaje
Castilla y León,Ávila,Porcentaje de hogares unipersonales,2023,39.0,pct_hogares_unipersonales,porcentaje
Castilla y León,Ávila,Porcentaje de población menor de 18 años,2023,14.2,pct_menor_18,porcentaje
Castilla y León,Ávila,Porcentaje de población española,2023,91.2,pct_poblacion_espanola,porcentaje
Castilla y León,Ávila,Población,2023,158.607,poblacion,personas
Castilla y León,Ávila,Tamaño medio del hogar,2023,2.2,tamano_medio_hogar,personas_por_hogar
