codigo_provincia,provincia,anio,trimestre,periodo,tasa_actividad_pct_hombres,tasa_empleo_pct_hombres,tasa_paro_pct_hombres,tasa_actividad_pct_mujeres,tasa_empleo_pct_mujeres,tasa_paro_pct_mujeres,tasa_actividad_pct_total,tasa_empleo_pct_total,tasa_paro_pct_total
01,Araba/Álava,2015,1,2015T1,65.06,52.76,18.9,57.57,46.6,19.06,61.22,49.61,18.97
01,Araba/Álava,2015,2,2015T2,64.08,54.18,15.45,55.77,47.04,15.65,59.83,50.53,15.54
01,Araba/Álava,2015,3,2015T3,63.39,55.19,12.93,52.59,45.34,13.79,57.86,50.14,13.33
01,Araba/Álava,2015,4,2015T4,64.43,57.71,10.43,54.86,47.08,14.18,59.52,52.25,12.21
01,Araba/Álava,2016,1,2016T1,62.64,55.8,10.92,55.29,49.49,10.49,58.86,52.56,10.71
01,Araba/Álava,2016,2,2016T2,62.3,54.57,12.4,53.67,46.21,13.89,57.86,50.27,13.11
01,Araba/Álava,2016,3,2016T3,63.15,55.87,11.53,53.45,46.58,12.86,58.16,51.09,12.16
01,Araba/Álava,2016,4,2016T4,63.18,56.4,10.73,54.76,47.46,13.32,58.85,51.8,11.97
01,Araba/Álava,2017,1,2017T1,61.62,55.25,10.34,52.34,45.06,13.9,56.85,50.01,12.03
01,Araba/Álava,2017,2,2017T2,60.26,54.11,10.21,54.13,45.45,16.03,57.11,49.65,13.05
01,Araba/Álava,2017,3,2017T3,62.1,56.87,8.43,51.63,44.5,13.81,56.71,50.5,10.95
01,Araba/Álava,2017,4,2017T4,63.56,58.52,7.94,52.66,47.24,10.29,57.96,52.72,9.04
01,Araba/Álava,2018,1,2018T1,63.04,57.83,8.27,52.39,45.52,13.12,57.56,51.49,10.54
01,Araba/Álava,2018,2,2018T2,62.77,56.85,9.44,52.92,46.71,11.74,57.7,51.63,10.53
01,Araba/Álava,2018,3,2018T3,64.27,59.38,7.61,51.63,47.28,8.44,57.77,53.15,7.99
01,Araba/Álava,2018,4,2018T4,64.16,59.72,6.92,52.43,48.27,7.93,58.13,53.83,7.39
01,Araba/Álava,2019,1,2019T1,63.21,59.06,6.56,55.78,50.99,8.59,59.38,54.91,7.54
01,Araba/Álava,2019,2,2019T2,61.81,56.64,8.38,55.08,50.85,7.68,58.35,53.66,8.04
01,Araba/Álava,2019,3,2019T3,61.21,55.48,9.36,53.46,47.5,11.16,57.22,51.37,10.23
01,Araba/Álava,2019,4,2019T4,60.41,56.63,6.26,52.62,48.17,8.45,56.4,52.28,7.31
01,Araba/Álava,2020,1,2020T1,60.01,56.34,6.12,50.75,48.21,5.01,55.24,52.15,5.59
01,Araba/Álava,2020,2,2020T2,57.85,54.27,6.19,50.5,45.67,9.56,54.06,49.84,7.81
01,Araba/Álava,2020,3,2020T3,59.02,55.33,6.25,50.89,45.8,10.0,54.83,50.42,8.04
01,Araba/Álava,2020,4,2020T4,58.96,53.79,8.76,51.49,45.66,11.32,55.11,49.6,9.99
01,Araba/Álava,2021,1,2021T1,61.09,53.49,12.44,51.7,44.91,13.14,56.3,49.12,12.76
01,Araba/Álava,2021,2,2021T2,60.0,52.23,12.96,50.94,46.55,8.62,55.37,49.32,10.92
01,Araba/Álava,2021,3,2021T3,62.71,54.79,12.62,54.4,47.89,11.96,58.45,51.26,12.3
01,Araba/Álava,2021,4,2021T4,63.29,56.65,10.5,54.73,50.15,8.37,58.91,53.32,9.48
01,Araba/Álava,2022,1,2022T1,60.08,53.21,11.43,52.84,48.15,8.88,56.38,50.63,10.21
01,Araba/Álava,2022,2,2022T2,61.07,55.99,8.31,52.89,46.99,11.16,56.88,51.39,9.67
01,Araba/Álava,2022,3,2022T3,64.07,57.44,10.34,52.29,48.39,7.46,58.02,52.79,9.01
01,Araba/Álava,2022,4,2022T4,64.26,58.95,8.27,53.16,49.22,7.41,58.57,53.96,7.87
01,Araba/Álava,2023,1,2023T1,64.41,60.89,5.46,53.12,48.84,8.05,58.6,54.7,6.67
01,Araba/Álava,2023,2,2023T2,66.01,61.71,6.52,50.8,46.74,8.0,58.18,54.0,7.18
01,Araba/Álava,2023,3,2023T3,66.45,60.87,8.39,49.67,44.02,11.37,57.86,52.25,9.7
01,Araba/Álava,2023,4,2023T4,65.61,61.86,5.72,47.74,45.51,4.65,56.43,53.47,5.26
01,Araba/Álava,2024,1,2024T1,65.75,59.45,9.59,48.99,45.18,7.79,57.13,52.1,8.8
01,Araba/Álava,2024,2,2024T2,64.12,58.14,9.34,50.15,46.65,6.99,56.96,52.25,8.28
01,Araba/Álava,2024,3,2024T3,65.51,57.91,11.59,47.41,44.33,6.49,56.28,50.99,9.4
01,Araba/Álava,2024,4,2024T4,63.48,59.71,5.94,48.91,43.97,10.1,56.04,51.68,7.79
01,Araba/Álava,2025,1,2025T1,60.82,57.1,6.12,51.54,47.87,7.12,56.09,52.4,6.59
01,Araba/Álava,2025,2,2025T2,62.36,57.39,7.98,49.64,46.88,5.56,55.87,52.02,6.88
01,Araba/Álava,2025,3,2025T3,63.6,58.45,8.1,50.72,47.02,7.31,57.03,52.61,7.74
01,Araba/Álava,2025,4,2025T4,64.08,59.82,6.65,51.72,47.22,8.69,57.78,53.4,7.58
02,Albacete,2015,1,2015T1,64.15,47.24,26.36,50.34,34.27,31.93,57.21,40.72,28.82
02,Albacete,2015,2,2015T2,63.97,50.55,20.98,52.48,37.21,29.11,58.19,43.84,24.66
02,Albacete,2015,3,2015T3,63.97,50.42,21.18,51.54,38.21,25.85,57.72,44.28,23.28
02,Albacete,2015,4,2015T4,63.17,51.49,18.5,53.03,39.22,26.05,58.07,45.32,21.97
02,Albacete,2016,1,2016T1,59.89,46.74,21.96,52.55,37.98,27.72,56.19,42.33,24.67
02,Albacete,2016,2,2016T2,61.55,48.21,21.66,52.19,37.94,27.3,56.84,43.05,24.27
02,Albacete,2016,3,2016T3,58.06,45.44,21.73,50.26,37.91,24.58,54.14,41.65,23.06
02,Albacete,2016,4,2016T4,60.83,48.52,20.24,51.25,37.47,26.9,56.01,42.96,23.31
02,Albacete,2017,1,2017T1,62.24,50.3,19.19,52.66,36.51,30.66,57.42,43.36,24.48
02,Albacete,2017,2,2017T2,65.87,51.19,22.29,51.83,36.74,29.12,58.81,43.92,25.32
02,Albacete,2017,3,2017T3,64.22,53.35,16.92,51.83,38.58,25.58,57.98,45.92,20.81
02,Albacete,2017,4,2017T4,65.61,52.46,20.04,53.89,40.75,24.38,59.72,46.57,22.01
02,Albacete,2018,1,2018T1,65.57,53.65,18.17,52.45,36.31,30.79,58.97,44.92,23.82
02,Albacete,2018,2,2018T2,67.41,56.23,16.59,53.48,39.72,25.73,60.4,47.92,20.66
02,Albacete,2018,3,2018T3,68.53,57.58,15.98,50.42,41.32,18.05,59.41,49.39,16.86
02,Albacete,2018,4,2018T4,67.4,57.9,14.09,50.96,39.67,22.16,59.13,48.73,17.59
02,Albacete,2019,1,2019T1,65.92,56.53,14.24,48.95,37.86,22.66,57.38,47.13,17.85
02,Albacete,2019,2,2019T2,65.66,56.75,13.57,46.36,35.48,23.47,55.95,46.05,17.7
02,Albacete,2019,3,2019T3,63.04,55.9,11.33,49.14,37.82,23.05,56.05,46.8,16.5
02,Albacete,2019,4,2019T4,61.03,52.81,13.48,50.12,39.81,20.56,55.54,46.27,16.69
02,Albacete,2020,1,2020T1,62.81,51.67,17.74,50.43,38.13,24.4,56.58,44.85,20.72
02,Albacete,2020,2,2020T2,59.98,51.8,13.63,47.22,36.76,22.15,53.56,44.23,17.41
02,Albacete,2020,3,2020T3,62.4,53.84,13.72,50.61,39.45,22.06,56.47,46.61,17.48
02,Albacete,2020,4,2020T4,63.95,56.65,11.41,53.91,40.69,24.53,58.9,48.63,17.44
02,Albacete,2021,1,2021T1,62.54,53.05,15.18,52.7,39.28,25.47,57.58,46.1,19.93
02,Albacete,2021,2,2021T2,63.64,56.81,10.73,51.55,41.71,19.08,57.55,49.21,14.49
02,Albacete,2021,3,2021T3,65.19,57.18,12.3,51.81,41.51,19.88,58.48,49.31,15.67
02,Albacete,2021,4,2021T4,63.1,57.0,9.66,46.16,39.13,15.21,54.6,48.04,12.02
02,Albacete,2022,1,2022T1,65.9,57.39,12.91,49.2,38.6,21.54,57.5,47.94,16.62
02,Albacete,2022,2,2022T2,65.86,58.44,11.27,49.17,42.04,14.49,57.48,50.21,12.65
02,Albacete,2022,3,2022T3,64.61,59.73,7.56,49.38,41.73,15.49,56.97,50.69,11.01
02,Albacete,2022,4,2022T4,67.5,60.78,9.96,49.52,43.24,12.67,58.46,51.96,11.11
02,Albacete,2023,1,2023T1,66.62,59.04,11.38,51.45,42.66,17.1,58.98,50.78,13.89
02,Albacete,2023,2,2023T2,67.78,60.57,10.64,51.01,43.1,15.5,59.38,51.81,12.74
02,Albacete,2023,3,2023T3,66.31,60.98,8.04,50.29,45.01,10.5,58.24,52.93,9.11
02,Albacete,2023,4,2023T4,63.37,57.31,9.57,51.54,43.73,15.16,57.42,50.47,12.09
02,Albacete,2024,1,2024T1,61.2,55.17,9.86,50.42,41.72,17.26,55.77,48.39,13.23
02,Albacete,2024,2,2024T2,61.82,55.96,9.47,51.01,44.76,12.26,56.4,50.34,10.74
02,Albacete,2024,3,2024T3,63.69,59.53,6.54,51.01,43.8,14.14,57.35,51.66,9.92
02,Albacete,2024,4,2024T4,62.49,57.03,8.73,51.02,43.57,14.6,56.74,50.29,11.37
02,Albacete,2025,1,2025T1,63.56,57.83,9.02,52.47,44.07,16.0,58.01,50.95,12.18
02,Albacete,2025,2,2025T2,66.57,60.46,9.18,55.75,47.26,15.24,61.17,53.86,11.94
02,Albacete,2025,3,2025T3,65.95,60.53,8.22,51.35,43.93,14.46,58.67,52.25,10.94
02,Albacete,2025,4,2025T4,67.48,61.43,8.97,55.08,48.62,11.71,61.31,55.06,10.19
03,Alicante/Alacant,2015,1,2015T1,63.86,46.77,26.76,51.44,38.07,26.0,57.58,42.37,26.42
03,Alicante/Alacant,2015,2,2015T2,63.98,49.4,22.79,52.88,39.31,25.65,58.36,44.29,24.11
03,Alicante/Alacant,2015,3,2015T3,64.28,50.0,22.22,52.3,39.34,24.79,58.21,44.6,23.39
03,Alicante/Alacant,2015,4,2015T4,63.7,49.52,22.25,53.17,40.52,23.79,58.36,44.96,22.96
03,Alicante/Alacant,2016,1,2016T1,63.91,50.07,21.66,52.28,38.71,25.96,58.02,44.31,23.62
03,Alicante/Alacant,2016,2,2016T2,66.26,52.63,20.57,54.79,40.93,25.3,60.44,46.7,22.74
03,Alicante/Alacant,2016,3,2016T3,65.63,54.39,17.14,54.01,43.02,20.35,59.74,48.62,18.61
03,Alicante/Alacant,2016,4,2016T4,63.6,52.33,17.72,53.73,43.64,18.77,58.59,47.93,18.21
03,Alicante/Alacant,2017,1,2017T1,64.44,51.82,19.58,53.22,42.57,20.01,58.75,47.13,19.77
03,Alicante/Alacant,2017,2,2017T2,65.16,54.86,15.81,52.51,41.12,21.69,58.74,47.89,18.48
03,Alicante/Alacant,2017,3,2017T3,64.44,54.53,15.38,52.73,43.64,17.23,58.5,49.01,16.22
03,Alicante/Alacant,2017,4,2017T4,63.17,52.75,16.5,53.82,43.26,19.62,58.43,47.94,17.96
03,Alicante/Alacant,2018,1,2018T1,63.8,52.64,17.49,51.76,41.8,19.26,57.69,47.14,18.3
03,Alicante/Alacant,2018,2,2018T2,63.58,53.79,15.39,51.08,42.98,15.86,57.23,48.3,15.6
03,Alicante/Alacant,2018,3,2018T3,64.5,55.08,14.6,52.09,43.87,15.78,58.2,49.39,15.14
03,Alicante/Alacant,2018,4,2018T4,63.13,53.45,15.34,50.52,42.45,15.98,56.73,47.86,15.63
03,Alicante/Alacant,2019,1,2019T1,63.03,54.58,13.41,49.45,40.57,17.96,56.14,47.47,15.44
03,Alicante/Alacant,2019,2,2019T2,64.67,56.7,12.32,52.72,43.47,17.55,58.61,49.99,14.71
03,Alicante/Alacant,2019,3,2019T3,64.59,57.93,10.31,52.69,43.49,17.46,58.55,50.61,13.57
03,Alicante/Alacant,2019,4,2019T4,65.2,56.5,13.34,53.45,43.59,18.45,59.24,49.95,15.68
03,Alicante/Alacant,2020,1,2020T1,64.0,55.38,13.47,49.36,40.99,16.95,56.57,48.08,15.01
03,Alicante/Alacant,2020,2,2020T2,61.69,51.81,16.02,46.96,36.89,21.46,54.22,44.23,18.41
03,Alicante/Alacant,2020,3,2020T3,64.17,53.55,16.54,50.52,39.08,22.65,57.24,46.21,19.28
03,Alicante/Alacant,2020,4,2020T4,62.66,51.73,17.45,51.48,40.3,21.73,56.99,45.92,19.41
03,Alicante/Alacant,2021,1,2021T1,61.24,50.33,17.81,49.57,39.25,20.82,55.32,44.71,19.18
03,Alicante/Alacant,2021,2,2021T2,61.09,51.71,15.36,51.16,40.12,21.58,56.06,45.83,18.24
03,Alicante/Alacant,2021,3,2021T3,63.4,52.8,16.73,50.75,40.28,20.64,57.0,46.46,18.49
03,Alicante/Alacant,2021,4,2021T4,63.5,53.72,15.4,52.58,40.46,23.05,57.96,47.0,18.91
03,Alicante/Alacant,2022,1,2022T1,63.83,54.5,14.61,52.1,44.08,15.4,57.87,49.21,14.97
03,Alicante/Alacant,2022,2,2022T2,62.07,54.31,12.49,52.19,43.54,16.58,57.05,48.84,14.39
03,Alicante/Alacant,2022,3,2022T3,63.7,56.31,11.61,52.33,43.93,16.05,57.92,50.02,13.65
03,Alicante/Alacant,2022,4,2022T4,65.52,56.69,13.48,54.61,44.77,18.01,59.98,50.63,15.57
03,Alicante/Alacant,2023,1,2023T1,63.21,54.36,13.99,53.33,43.69,18.07,58.17,48.92,15.9
03,Alicante/Alacant,2023,2,2023T2,62.72,55.58,11.39,52.39,44.9,14.29,57.46,50.15,12.74
03,Alicante/Alacant,2023,3,2023T3,64.58,58.04,10.12,53.66,46.53,13.3,59.0,52.16,11.6
03,Alicante/Alacant,2023,4,2023T4,64.26,57.88,9.93,53.27,44.08,17.25,58.64,50.83,13.33
03,Alicante/Alacant,2024,1,2024T1,61.96,55.17,10.95,50.62,41.31,18.38,56.16,48.09,14.37
03,Alicante/Alacant,2024,2,2024T2,63.49,55.67,12.31,51.41,44.18,14.06,57.33,49.82,13.11
03,Alicante/Alacant,2024,3,2024T3,63.6,56.47,11.21,50.24,41.75,16.89,56.8,48.98,13.77
03,Alicante/Alacant,2024,4,2024T4,63.8,55.66,12.76,51.71,44.49,13.96,57.65,49.98,13.31
03,Alicante/Alacant,2025,1,2025T1,62.21,54.05,13.12,51.53,42.09,18.3,56.79,47.98,15.51
03,Alicante/Alacant,2025,2,2025T2,62.71,56.6,9.75,51.12,43.4,15.09,56.83,49.91,12.18
03,Alicante/Alacant,2025,3,2025T3,64.95,57.97,10.74,52.65,45.48,13.61,58.71,51.64,12.05
03,Alicante/Alacant,2025,4,2025T4,64.18,58.97,8.11,51.91,45.21,12.9,57.95,51.98,10.29
04,Almería,2015,1,2015T1,68.81,49.51,28.05,54.25,35.8,34.01,61.56,42.68,30.66
04,Almería,2015,2,2015T2,67.22,48.83,27.36,54.58,37.52,31.26,60.93,43.2,29.09
04,Almería,2015,3,2015T3,66.38,48.49,26.95,54.82,35.01,36.13,60.63,41.79,31.08
04,Almería,2015,4,2015T4,65.93,51.69,21.59,51.91,36.51,29.67,58.96,44.14,25.13
04,Almería,2016,1,2016T1,66.32,50.47,23.9,52.45,39.32,25.03,59.42,44.93,24.39
04,Almería,2016,2,2016T2,66.23,51.0,22.99,51.7,40.45,21.76,59.0,45.76,22.45
04,Almería,2016,3,2016T3,67.26,54.12,19.54,53.54,39.29,26.61,60.44,46.75,22.65
04,Almería,2016,4,2016T4,68.42,51.6,24.59,54.25,40.59,25.17,61.37,46.13,24.84
04,Almería,2017,1,2017T1,69.19,54.36,21.43,52.98,41.69,21.3,61.13,48.07,21.37
04,Almería,2017,2,2017T2,68.69,53.49,22.13,52.59,39.85,24.22,60.69,46.72,23.03
04,Almería,2017,3,2017T3,69.51,54.63,21.4,52.82,33.81,35.99,61.22,44.3,27.65
04,Almería,2017,4,2017T4,71.63,55.69,22.26,53.33,37.47,29.75,62.55,46.64,25.43
04,Almería,2018,1,2018T1,68.96,53.34,22.66,53.65,40.46,24.58,61.36,46.94,23.49
04,Almería,2018,2,2018T2,67.01,53.39,20.33,49.63,36.97,25.51,58.38,45.24,22.52
04,Almería,2018,3,2018T3,67.26,52.39,22.1,50.72,35.43,30.14,59.05,43.97,25.53
04,Almería,2018,4,2018T4,66.79,54.52,18.38,51.76,41.78,19.28,59.33,48.2,18.77
04,Almería,2019,1,2019T1,65.07,55.75,14.33,53.49,43.76,18.2,59.33,49.8,16.06
04,Almería,2019,2,2019T2,66.35,56.02,15.56,50.63,42.09,16.86,58.55,49.11,16.12
04,Almería,2019,3,2019T3,64.45,54.54,15.38,51.07,38.11,25.36,57.81,46.4,19.75
04,Almería,2019,4,2019T4,67.22,57.08,15.08,54.12,41.73,22.89,60.72,49.47,18.53
04,Almería,2020,1,2020T1,68.84,58.12,15.56,52.93,39.6,25.19,60.94,48.93,19.71
04,Almería,2020,2,2020T2,62.72,52.82,15.78,45.88,33.79,26.34,54.35,43.37,20.21
04,Almería,2020,3,2020T3,68.4,54.57,20.22,51.53,33.46,35.06,60.02,44.08,26.55
04,Almería,2020,4,2020T4,67.89,56.28,17.1,51.46,37.79,26.57,59.73,47.09,21.15
04,Almería,2021,1,2021T1,70.6,59.13,16.24,52.24,42.14,19.33,61.57,50.78,17.53
04,Almería,2021,2,2021T2,66.18,52.52,20.64,55.28,42.25,23.57,60.81,47.46,21.96
04,Almería,2021,3,2021T3,70.67,57.03,19.3,52.58,39.44,24.98,61.79,48.4,21.67
04,Almería,2021,4,2021T4,70.49,59.42,15.7,54.96,46.12,16.07,62.89,52.92,15.86
04,Almería,2022,1,2022T1,69.26,58.82,15.08,56.4,46.48,17.59,62.96,52.77,16.18
04,Almería,2022,2,2022T2,69.5,58.44,15.92,53.72,45.65,15.03,61.8,52.2,15.54
04,Almería,2022,3,2022T3,68.69,56.43,17.85,52.27,39.63,24.19,60.66,48.21,20.52
04,Almería,2022,4,2022T4,69.37,60.65,12.57,54.56,42.9,21.38,62.11,51.95,16.36
04,Almería,2023,1,2023T1,68.24,59.99,12.08,57.37,49.43,13.84,62.91,54.82,12.87
04,Almería,2023,2,2023T2,67.83,56.3,16.99,56.55,47.46,16.07,62.34,52.0,16.58
04,Almería,2023,3,2023T3,70.82,58.74,17.05,53.39,40.68,23.8,62.34,49.96,19.86
04,Almería,2023,4,2023T4,66.26,56.97,14.03,51.65,43.74,15.32,59.17,50.54,14.58
04,Almería,2024,1,2024T1,68.73,58.19,15.34,56.15,46.82,16.61,62.58,52.63,15.9
04,Almería,2024,2,2024T2,66.9,57.91,13.43,52.39,44.43,15.2,59.77,51.29,14.19
04,Almería,2024,3,2024T3,67.12,57.67,14.07,49.95,40.36,19.2,58.68,49.16,16.22
04,Almería,2024,4,2024T4,66.89,57.49,14.06,52.95,44.57,15.82,60.03,51.13,14.83
04,Almería,2025,1,2025T1,65.49,57.88,11.63,53.63,46.42,13.44,59.68,52.27,12.43
04,Almería,2025,2,2025T2,63.53,54.85,13.66,55.32,48.02,13.19,59.5,51.5,13.45
04,Almería,2025,3,2025T3,65.93,56.46,14.36,53.41,45.2,15.37,59.78,50.93,14.81
04,Almería,2025,4,2025T4,66.29,56.84,14.25,52.8,44.66,15.41,59.68,50.87,14.76
05,Ávila,2015,1,2015T1,59.49,44.88,24.57,45.01,32.52,27.74,52.33,38.77,25.92
05,Ávila,2015,2,2015T2,60.63,46.91,22.63,48.59,36.16,25.58,54.68,41.59,23.93
05,Ávila,2015,3,2015T3,60.3,47.61,21.05,49.56,39.17,20.97,54.98,43.43,21.01
05,Ávila,2015,4,2015T4,57.76,46.63,19.28,47.07,36.09,23.34,52.47,41.41,21.08
05,Ávila,2016,1,2016T1,60.57,44.7,26.21,49.86,36.17,27.47,55.27,40.48,26.77
05,Ávila,2016,2,2016T2,62.13,49.24,20.75,48.83,37.94,22.31,55.55,43.64,21.43
05,Ávila,2016,3,2016T3,62.97,51.62,18.02,50.81,39.87,21.54,56.95,45.8,19.57
05,Ávila,2016,4,2016T4,60.27,51.68,14.24,51.39,40.78,20.65,55.87,46.28,17.16
05,Ávila,2017,1,2017T1,62.64,51.53,17.74,49.73,38.17,23.25,56.25,44.91,20.15
05,Ávila,2017,2,2017T2,62.37,51.64,17.2,51.4,40.58,21.05,56.94,46.16,18.92
05,Ávila,2017,3,2017T3,60.82,53.78,11.59,50.72,41.62,17.95,55.83,47.76,14.45
05,Ávila,2017,4,2017T4,60.24,49.18,18.35,46.25,37.77,18.33,53.32,43.54,18.34
05,Ávila,2018,1,2018T1,60.67,49.37,18.61,46.69,37.75,19.15,53.75,43.62,18.85
05,Ávila,2018,2,2018T2,58.64,48.84,16.72,47.28,37.96,19.73,53.02,43.45,18.05
05,Ávila,2018,3,2018T3,59.53,50.51,15.15,47.25,39.98,15.39,53.45,45.3,15.26
05,Ávila,2018,4,2018T4,58.38,49.71,14.85,47.15,41.56,11.86,52.82,45.67,13.53
05,Ávila,2019,1,2019T1,57.15,46.86,18.0,44.34,36.5,17.69,50.81,41.73,17.87
05,Ávila,2019,2,2019T2,57.99,51.22,11.67,46.06,37.48,18.62,52.08,44.41,14.72
05,Ávila,2019,3,2019T3,60.79,52.81,13.14,46.11,40.58,11.99,53.51,46.75,12.65
05,Ávila,2019,4,2019T4,61.84,52.37,15.31,47.42,42.08,11.26,54.7,47.27,13.57
05,Ávila,2020,1,2020T1,59.99,52.82,11.96,47.8,41.12,13.98,53.95,47.02,12.85
05,Ávila,2020,2,2020T2,58.71,52.17,11.13,45.32,37.91,16.35,52.08,45.11,13.38
05,Ávila,2020,3,2020T3,63.22,55.76,11.8,48.19,38.42,20.28,55.78,47.17,15.43
05,Ávila,2020,4,2020T4,61.73,54.08,12.4,49.4,39.16,20.73,55.63,46.69,16.06
05,Ávila,2021,1,2021T1,57.21,51.04,10.78,46.16,35.71,22.65,51.7,43.39,16.07
05,Ávila,2021,2,2021T2,57.91,50.44,12.9,48.18,35.99,25.3,53.07,43.25,18.5
05,Ávila,2021,3,2021T3,56.8,52.36,7.81,45.24,37.68,16.7,51.05,45.06,11.73
05,Ávila,2021,4,2021T4,58.26,52.91,9.18,48.66,37.24,23.47,53.48,45.1,15.66
05,Ávila,2022,1,2022T1,56.76,50.85,10.41,47.32,37.25,21.28,52.05,44.07,15.34
05,Ávila,2022,2,2022T2,56.98,49.35,13.38,46.13,38.08,17.46,51.57,43.74,15.2
05,Ávila,2022,3,2022T3,59.39,51.38,13.48,48.39,41.51,14.21,53.9,46.45,13.81
05,Ávila,2022,4,2022T4,57.89,52.58,9.17,50.75,43.67,13.96,54.34,48.15,11.39
05,Ávila,2023,1,2023T1,58.42,52.19,10.66,48.17,40.68,15.55,53.34,46.48,12.85
05,Ávila,2023,2,2023T2,60.03,53.04,11.64,45.96,40.32,12.27,53.02,46.7,11.91
05,Ávila,2023,3,2023T3,59.85,54.3,9.27,44.67,39.23,12.17,52.24,46.75,10.51
05,Ávila,2023,4,2023T4,58.31,52.56,9.87,45.72,39.74,13.06,52.02,46.15,11.27
05,Ávila,2024,1,2024T1,55.96,49.16,12.15,45.51,38.5,15.41,50.73,43.83,13.61
05,Ávila,2024,2,2024T2,56.57,51.16,9.57,47.15,41.87,11.21,51.88,46.53,10.31
05,Ávila,2024,3,2024T3,60.97,56.16,7.89,50.3,42.67,15.18,55.64,49.42,11.18
05,Ávila,2024,4,2024T4,59.73,55.23,7.53,45.39,39.94,12.01,52.54,47.57,9.47
05,Ávila,2025,1,2025T1,55.18,51.32,6.98,42.39,38.08,10.15,48.8,44.73,8.35
05,Ávila,2025,2,2025T2,56.92,50.19,11.83,46.32,40.78,11.96,51.61,45.48,11.89
05,Ávila,2025,3,2025T3,57.72,52.8,8.53,45.89,43.48,5.26,51.79,48.13,7.08
05,Ávila,2025,4,2025T4,57.19,52.06,8.97,44.67,41.45,7.21,50.98,46.79,8.2
06,Badajoz,2015,1,2015T1,62.98,46.22,26.61,47.44,30.54,35.62,55.11,38.28,30.54
06,Badajoz,2015,2,2015T2,63.76,46.28,27.42,46.87,30.3,35.36,55.2,38.18,30.83
06,Badajoz,2015,3,2015T3,64.79,47.48,26.72,47.45,31.56,33.49,56.0,39.41,29.63
06,Badajoz,2015,4,2015T4,64.42,48.61,24.54,47.53,29.84,37.22,55.86,39.1,30.01
06,Badajoz,2016,1,2016T1,66.02,49.12,25.59,47.38,29.8,37.11,56.57,39.33,30.48
06,Badajoz,2016,2,2016T2,63.6,48.51,23.74,49.35,32.06,35.04,56.38,40.17,28.75
06,Badajoz,2016,3,2016T3,63.98,48.66,23.94,48.43,32.38,33.16,56.1,40.41,27.98
06,Badajoz,2016,4,2016T4,64.02,46.99,26.6,48.9,30.16,38.31,56.35,38.46,31.75
06,Badajoz,2017,1,2017T1,63.91,46.49,27.26,47.79,29.77,37.71,55.74,38.01,31.8
06,Badajoz,2017,2,2017T2,63.19,49.19,22.15,49.58,32.53,34.39,56.29,40.74,27.62
06,Badajoz,2017,3,2017T3,63.3,49.33,22.07,47.92,32.84,31.46,55.5,40.96,26.18
06,Badajoz,2017,4,2017T4,63.16,49.76,21.22,48.76,32.03,34.3,55.85,40.76,27.01
06,Badajoz,2018,1,2018T1,63.77,49.6,22.22,48.3,30.49,36.88,55.92,39.9,28.64
06,Badajoz,2018,2,2018T2,63.6,50.89,19.98,48.91,32.45,33.66,56.14,41.53,26.03
06,Badajoz,2018,3,2018T3,63.39,51.47,18.8,47.9,34.27,28.45,55.52,42.74,23.03
06,Badajoz,2018,4,2018T4,62.95,51.34,18.44,50.04,34.53,31.0,56.4,42.8,24.1
06,Badajoz,2019,1,2019T1,64.29,53.94,16.09,49.92,32.99,33.92,56.99,43.3,24.03
06,Badajoz,2019,2,2019T2,63.08,53.67,14.92,48.89,34.98,28.45,55.87,44.17,20.94
06,Badajoz,2019,3,2019T3,62.91,53.01,15.74,49.89,37.15,25.53,56.29,44.95,20.15
06,Badajoz,2019,4,2019T4,62.85,50.51,19.64,49.7,34.41,30.76,56.16,42.32,24.64
06,Badajoz,2020,1,2020T1,61.35,48.57,20.83,49.92,35.35,29.18,55.54,41.85,24.65
06,Badajoz,2020,2,2020T2,57.67,47.43,17.75,46.93,34.71,26.03,52.2,40.96,21.54
06,Badajoz,2020,3,2020T3,61.45,50.66,17.56,48.53,36.01,25.8,54.87,43.21,21.26
06,Badajoz,2020,4,2020T4,60.72,49.41,18.63,50.91,36.73,27.84,55.73,42.96,22.91
06,Badajoz,2021,1,2021T1,60.9,49.41,18.86,48.51,34.9,28.07,54.61,42.04,23.02
06,Badajoz,2021,2,2021T2,62.19,53.33,14.24,49.01,35.94,26.66,55.48,44.48,19.83
06,Badajoz,2021,3,2021T3,64.37,55.55,13.7,51.68,38.66,25.2,57.91,46.95,18.93
06,Badajoz,2021,4,2021T4,62.33,52.21,16.25,47.95,35.77,25.4,54.98,43.81,20.33
06,Badajoz,2022,1,2022T1,61.48,52.25,15.02,49.35,37.5,24.03,55.28,44.7,19.14
06,Badajoz,2022,2,2022T2,62.41,54.6,12.52,50.0,39.77,20.46,56.09,47.04,16.13
06,Badajoz,2022,3,2022T3,63.63,55.26,13.16,50.71,40.41,20.32,57.04,47.69,16.41
06,Badajoz,2022,4,2022T4,62.17,52.77,15.12,50.74,38.99,23.16,56.34,45.74,18.81
06,Badajoz,2023,1,2023T1,62.86,53.14,15.47,51.21,38.76,24.31,56.94,45.82,19.52
06,Badajoz,2023,2,2023T2,63.45,54.7,13.79,52.04,39.7,23.71,57.63,47.05,18.35
06,Badajoz,2023,3,2023T3,65.32,54.47,16.61,52.66,40.9,22.34,58.86,47.54,19.23
06,Badajoz,2023,4,2023T4,63.28,53.92,14.78,49.95,39.45,21.03,56.49,46.55,17.6
06,Badajoz,2024,1,2024T1,62.28,53.09,14.76,50.39,39.82,20.98,56.23,46.33,17.6
06,Badajoz,2024,2,2024T2,62.68,53.74,14.26,51.12,41.97,17.9,56.77,47.72,15.94
06,Badajoz,2024,3,2024T3,63.61,56.15,11.73,51.07,43.09,15.63,57.2,49.48,13.51
06,Badajoz,2024,4,2024T4,61.04,54.3,11.04,48.57,39.47,18.73,54.67,46.73,14.53
06,Badajoz,2025,1,2025T1,59.91,50.65,15.45,48.34,39.58,18.12,54.04,45.03,16.67
06,Badajoz,2025,2,2025T2,61.45,53.77,12.5,51.22,42.21,17.58,56.23,47.87,14.86
06,Badajoz,2025,3,2025T3,62.11,56.03,9.79,51.22,43.14,15.77,56.55,49.45,12.56
06,Badajoz,2025,4,2025T4,61.71,55.31,10.37,51.31,42.62,16.95,56.4,48.82,13.43
07,"Balears, Illes",2015,1,2015T1,68.35,53.55,21.65,57.37,44.16,23.03,62.82,48.82,22.29
07,"Balears, Illes",2015,2,2015T2,71.69,60.72,15.3,62.85,51.7,17.75,67.24,56.17,16.45
07,"Balears, Illes",2015,3,2015T3,74.4,62.92,15.43,63.09,55.46,12.09,68.69,59.16,13.88
07,"Balears, Illes",2015,4,2015T4,69.2,57.24,17.28,59.56,49.6,16.72,64.34,53.39,17.02
07,"Balears, Illes",2016,1,2016T1,69.84,56.87,18.58,58.16,47.58,18.2,63.95,52.18,18.41
07,"Balears, Illes",2016,2,2016T2,71.99,63.36,11.98,61.55,52.79,14.22,66.72,58.03,13.02
07,"Balears, Illes",2016,3,2016T3,72.48,64.96,10.37,63.01,56.17,10.86,67.7,60.52,10.6
07,"Balears, Illes",2016,4,2016T4,67.56,58.81,12.95,57.54,49.04,14.76,62.5,53.88,13.8
07,"Balears, Illes",2017,1,2017T1,68.58,57.75,15.79,55.1,45.22,17.93,61.78,51.42,16.76
07,"Balears, Illes",2017,2,2017T2,71.66,63.8,10.97,59.81,52.57,12.1,65.68,58.13,11.49
07,"Balears, Illes",2017,3,2017T3,72.78,65.99,9.33,62.01,56.33,9.16,67.35,61.12,9.25
07,"Balears, Illes",2017,4,2017T4,67.63,58.31,13.77,55.65,49.4,11.23,61.59,53.82,12.61
07,"Balears, Illes",2018,1,2018T1,67.73,55.24,18.45,53.95,45.23,16.15,60.78,50.19,17.42
07,"Balears, Illes",2018,2,2018T2,70.68,62.77,11.2,61.54,54.62,11.24,66.07,58.66,11.22
07,"Balears, Illes",2018,3,2018T3,72.13,66.7,7.52,63.79,59.48,6.76,67.93,63.06,7.16
07,"Balears, Illes",2018,4,2018T4,68.91,61.07,11.38,56.94,51.04,10.36,62.88,56.02,10.91
07,"Balears, Illes",2019,1,2019T1,68.23,58.17,14.74,56.68,45.45,19.82,62.42,51.77,17.06
07,"Balears, Illes",2019,2,2019T2,70.6,64.1,9.2,61.12,51.66,15.47,65.83,57.84,12.13
07,"Balears, Illes",2019,3,2019T3,71.26,65.56,8.0,62.83,57.56,8.39,67.02,61.54,8.18
07,"Balears, Illes",2019,4,2019T4,67.88,61.48,9.43,56.93,50.97,10.47,62.37,56.19,9.91
07,"Balears, Illes",2020,1,2020T1,65.38,55.85,14.57,55.31,42.91,22.43,60.31,49.34,18.2
07,"Balears, Illes",2020,2,2020T2,65.26,55.56,14.86,54.14,44.82,17.21,59.67,50.16,15.93
07,"Balears, Illes",2020,3,2020T3,68.67,59.14,13.88,60.72,53.06,12.62,64.67,56.08,13.28
07,"Balears, Illes",2020,4,2020T4,66.15,55.16,16.62,57.49,47.06,18.15,61.79,51.08,17.34
07,"Balears, Illes",2021,1,2021T1,63.86,53.35,16.46,56.45,44.85,20.55,60.12,49.06,18.4
07,"Balears, Illes",2021,2,2021T2,69.59,60.25,13.42,59.75,50.04,16.26,64.64,55.11,14.74
07,"Balears, Illes",2021,3,2021T3,72.12,65.33,9.41,61.63,55.02,10.72,66.84,60.14,10.02
07,"Balears, Illes",2021,4,2021T4,64.74,55.71,13.94,57.85,49.01,15.27,61.26,52.33,14.58
07,"Balears, Illes",2022,1,2022T1,68.08,57.13,16.09,58.07,46.83,19.35,63.03,51.93,17.61
07,"Balears, Illes",2022,2,2022T2,69.71,64.38,7.64,61.32,54.85,10.54,65.46,59.56,9.02
07,"Balears, Illes",2022,3,2022T3,71.41,67.93,4.87,62.05,58.05,6.44,66.67,62.93,5.61
07,"Balears, Illes",2022,4,2022T4,66.71,60.06,9.97,55.15,48.78,11.56,60.86,54.35,10.7
07,"Balears, Illes",2023,1,2023T1,67.17,55.86,16.83,56.55,45.87,18.89,61.81,50.81,17.79
07,"Balears, Illes",2023,2,2023T2,68.1,63.48,6.78,61.2,56.62,7.48,64.61,60.02,7.12
07,"Balears, Illes",2023,3,2023T3,71.34,67.24,5.74,62.98,59.22,5.97,67.12,63.2,5.85
07,"Balears, Illes",2023,4,2023T4,66.22,59.1,10.75,55.75,49.26,11.63,60.93,54.13,11.16
07,"Balears, Illes",2024,1,2024T1,66.16,56.72,14.27,56.88,47.28,16.87,61.47,51.95,15.48
07,"Balears, Illes",2024,2,2024T2,70.08,65.33,6.77,60.69,55.05,9.28,65.35,60.15,7.95
07,"Balears, Illes",2024,3,2024T3,70.81,66.9,5.52,63.56,59.19,6.88,67.16,63.02,6.17
07,"Balears, Illes",2024,4,2024T4,66.01,61.97,6.12,57.65,51.57,10.54,61.79,56.73,8.2
07,"Balears, Illes",2025,1,2025T1,65.43,57.08,12.76,57.49,47.7,17.03,61.42,52.35,14.78
07,"Balears, Illes",2025,2,2025T2,69.6,64.29,7.62,61.84,57.4,7.17,65.68,60.81,7.41
07,"Balears, Illes",2025,3,2025T3,71.05,66.97,5.75,62.48,58.86,5.79,66.73,62.88,5.77
07,"Balears, Illes",2025,4,2025T4,67.25,61.86,8.01,57.53,53.18,7.55,62.33,57.47,7.8
08,Barcelona,2015,1,2015T1,67.27,53.95,19.79,56.99,45.96,19.35,61.94,49.81,19.58
08,Barcelona,2015,2,2015T2,67.9,55.66,18.03,57.62,46.1,20.0,62.57,50.7,18.97
08,Barcelona,2015,3,2015T3,67.4,56.27,16.52,56.57,46.37,18.04,61.78,51.13,17.24
08,Barcelona,2015,4,2015T4,67.44,56.69,15.95,56.86,46.36,18.46,61.94,51.32,17.15
08,Barcelona,2016,1,2016T1,67.4,56.67,15.93,57.81,47.25,18.26,62.42,51.77,17.05
08,Barcelona,2016,2,2016T2,67.22,57.73,14.11,58.18,48.09,17.34,62.52,52.72,15.67
08,Barcelona,2016,3,2016T3,67.21,58.03,13.66,57.59,48.67,15.48,62.21,53.17,14.54
08,Barcelona,2016,4,2016T4,67.39,58.13,13.75,57.65,48.55,15.79,62.33,53.15,14.73
08,Barcelona,2017,1,2017T1,67.22,58.12,13.54,58.26,49.0,15.9,62.56,53.37,14.69
08,Barcelona,2017,2,2017T2,66.49,58.47,12.06,57.25,49.2,14.07,61.68,53.65,13.03
08,Barcelona,2017,3,2017T3,67.59,59.76,11.59,56.67,48.95,13.63,61.91,54.13,12.56
08,Barcelona,2017,4,2017T4,67.38,59.72,11.37,57.12,49.72,12.95,62.04,54.52,12.13
08,Barcelona,2018,1,2018T1,66.54,59.31,10.87,56.52,49.57,12.29,61.33,54.24,11.55
08,Barcelona,2018,2,2018T2,66.69,59.55,10.71,56.33,50.06,11.13,61.3,54.61,10.91
08,Barcelona,2018,3,2018T3,66.81,59.74,10.58,55.68,49.83,10.51,61.02,54.59,10.55
08,Barcelona,2018,4,2018T4,66.81,59.91,10.34,57.34,50.22,12.42,61.89,54.87,11.34
08,Barcelona,2019,1,2019T1,66.45,59.34,10.7,57.35,50.94,11.18,61.72,54.98,10.93
08,Barcelona,2019,2,2019T2,66.06,58.95,10.77,57.46,51.08,11.1,61.59,54.86,10.93
08,Barcelona,2019,3,2019T3,66.48,59.5,10.5,57.3,50.37,12.09,61.71,54.75,11.27
08,Barcelona,2019,4,2019T4,66.78,60.2,9.85,57.0,50.65,11.14,61.7,55.24,10.47
08,Barcelona,2020,1,2020T1,66.22,59.88,9.58,56.96,50.31,11.66,61.41,54.91,10.58
08,Barcelona,2020,2,2020T2,63.59,55.52,12.69,53.86,47.29,12.19,58.53,51.25,12.45
08,Barcelona,2020,3,2020T3,65.41,57.34,12.34,55.95,47.83,14.52,60.5,52.4,13.39
08,Barcelona,2020,4,2020T4,65.57,57.48,12.35,57.45,48.8,15.06,61.35,52.97,13.67
08,Barcelona,2021,1,2021T1,65.51,58.26,11.07,56.81,48.79,14.12,61.0,53.36,12.54
08,Barcelona,2021,2,2021T2,66.06,58.84,10.94,56.91,49.1,13.72,61.33,53.8,12.27
08,Barcelona,2021,3,2021T3,66.45,59.59,10.32,56.94,50.38,11.51,61.54,54.84,10.89
08,Barcelona,2021,4,2021T4,65.62,60.12,8.38,57.87,51.56,10.9,61.61,55.69,9.61
08,Barcelona,2022,1,2022T1,65.39,58.7,10.23,57.02,50.89,10.75,61.06,54.66,10.48
08,Barcelona,2022,2,2022T2,66.36,60.83,8.34,56.72,50.86,10.34,61.38,55.67,9.29
08,Barcelona,2022,3,2022T3,67.71,61.81,8.72,56.48,50.75,10.14,61.9,56.09,9.39
08,Barcelona,2022,4,2022T4,66.28,59.37,10.42,56.48,50.45,10.67,61.21,54.76,10.54
08,Barcelona,2023,1,2023T1,65.32,58.75,10.06,57.02,50.76,10.97,61.02,54.62,10.5
08,Barcelona,2023,2,2023T2,66.98,60.92,9.05,57.65,52.55,8.85,62.15,56.59,8.95
08,Barcelona,2023,3,2023T3,67.27,61.8,8.14,57.73,52.72,8.68,62.34,57.1,8.39
08,Barcelona,2023,4,2023T4,67.44,61.68,8.54,58.9,53.74,8.76,63.02,57.58,8.64
08,Barcelona,2024,1,2024T1,67.82,62.04,8.52,57.06,52.02,8.83,62.27,56.87,8.67
08,Barcelona,2024,2,2024T2,67.49,61.55,8.8,57.25,52.03,9.12,62.22,56.65,8.95
08,Barcelona,2024,3,2024T3,67.99,62.14,8.6,57.29,52.14,8.99,62.48,56.99,8.78
08,Barcelona,2024,4,2024T4,66.75,62.56,6.28,56.34,51.45,8.68,61.38,56.83,7.41
08,Barcelona,2025,1,2025T1,66.91,61.82,7.6,57.68,52.02,9.8,62.15,56.77,8.66
08,Barcelona,2025,2,2025T2,67.43,62.62,7.14,58.21,53.1,8.78,62.68,57.71,7.93
08,Barcelona,2025,3,2025T3,67.1,62.23,7.26,58.04,52.59,9.38,62.45,57.28,8.27
08,Barcelona,2025,4,2025T4,66.16,60.79,8.11,57.63,53.19,7.72,61.78,56.89,7.92
09,Burgos,2015,1,2015T1,65.52,52.54,19.81,50.91,41.82,17.86,58.24,47.2,18.96
09,Burgos,2015,2,2015T2,65.46,53.89,17.66,50.72,40.51,20.13,58.12,47.23,18.74
09,Burgos,2015,3,2015T3,66.07,56.31,14.77,48.49,39.77,17.99,57.31,48.07,16.12
09,Burgos,2015,4,2015T4,66.52,57.19,14.02,50.56,39.14,22.6,58.56,48.19,17.72
09,Burgos,2016,1,2016T1,67.17,59.13,11.96,52.09,41.78,19.8,59.65,50.47,15.38
09,Burgos,2016,2,2016T2,68.04,60.61,10.92,54.2,46.54,14.13,61.14,53.59,12.34
09,Burgos,2016,3,2016T3,67.31,63.32,5.93,53.4,46.83,12.3,60.37,55.09,8.74
09,Burgos,2016,4,2016T4,64.83,60.17,7.2,53.55,45.82,14.45,59.21,53.01,10.47
09,Burgos,2017,1,2017T1,63.86,58.59,8.25,50.2,43.8,12.75,57.04,51.21,10.22
09,Burgos,2017,2,2017T2,63.85,59.46,6.87,50.77,42.93,15.44,57.32,51.21,10.66
09,Burgos,2017,3,2017T3,63.86,59.39,7.0,51.78,44.38,14.28,57.83,51.9,10.25
09,Burgos,2017,4,2017T4,63.98,59.13,7.58,49.6,41.85,15.61,56.8,50.51,11.08
09,Burgos,2018,1,2018T1,63.87,58.7,8.1,51.4,43.26,15.83,57.65,51.0,11.54
09,Burgos,2018,2,2018T2,64.58,60.29,6.63,53.27,47.03,11.71,58.94,53.68,8.92
09,Burgos,2018,3,2018T3,64.61,59.39,8.09,51.13,44.61,12.75,57.88,52.01,10.14
09,Burgos,2018,4,2018T4,63.19,58.52,7.4,53.26,45.17,15.19,58.24,51.86,10.96
09,Burgos,2019,1,2019T1,62.35,57.61,7.6,52.13,43.86,15.86,57.25,50.75,11.35
09,Burgos,2019,2,2019T2,61.47,57.72,6.09,50.14,43.46,13.33,55.81,50.6,9.34
09,Burgos,2019,3,2019T3,63.38,59.2,6.59,51.79,44.66,13.77,57.6,51.95,9.81
09,Burgos,2019,4,2019T4,62.47,57.39,8.14,52.66,46.99,10.76,57.58,52.2,9.34
09,Burgos,2020,1,2020T1,62.2,57.22,8.01,52.7,46.46,11.84,57.46,51.85,9.76
09,Burgos,2020,2,2020T2,61.64,54.15,12.16,48.1,40.59,15.62,54.88,47.38,13.67
09,Burgos,2020,3,2020T3,62.75,56.65,9.72,51.94,44.64,14.06,57.36,50.66,11.68
09,Burgos,2020,4,2020T4,60.99,55.86,8.41,53.0,47.42,10.53,57.01,51.65,9.4
09,Burgos,2021,1,2021T1,61.96,56.91,8.15,51.1,45.08,11.78,56.53,50.99,9.8
09,Burgos,2021,2,2021T2,62.27,56.96,8.52,51.48,45.17,12.24,56.87,51.07,10.21
09,Burgos,2021,3,2021T3,62.14,57.69,7.16,53.47,47.68,10.82,57.8,52.68,8.86
09,Burgos,2021,4,2021T4,61.46,56.84,7.52,54.08,47.54,12.08,57.78,52.21,9.65
09,Burgos,2022,1,2022T1,62.15,57.51,7.47,54.14,47.35,12.55,58.15,52.44,9.83
09,Burgos,2022,2,2022T2,60.3,54.26,10.02,56.4,49.52,12.2,58.35,51.89,11.08
09,Burgos,2022,3,2022T3,62.17,58.8,5.42,55.24,51.46,6.84,58.69,55.11,6.09
09,Burgos,2022,4,2022T4,63.37,59.55,6.03,53.17,48.59,8.62,58.25,54.05,7.22
09,Burgos,2023,1,2023T1,61.9,58.01,6.29,52.44,47.18,10.03,57.13,52.55,8.02
09,Burgos,2023,2,2023T2,61.04,56.67,7.17,50.95,46.55,8.65,55.97,51.57,7.85
09,Burgos,2023,3,2023T3,60.97,56.93,6.62,52.92,49.2,7.03,56.88,53.0,6.82
09,Burgos,2023,4,2023T4,64.12,59.0,7.99,50.46,46.21,8.43,57.25,52.57,8.18
09,Burgos,2024,1,2024T1,63.46,58.89,7.2,51.18,46.32,9.5,57.25,52.54,8.24
09,Burgos,2024,2,2024T2,61.9,57.99,6.32,50.21,46.67,7.04,55.99,52.27,6.65
09,Burgos,2024,3,2024T3,63.08,59.84,5.13,52.45,48.23,8.04,57.69,53.96,6.47
09,Burgos,2024,4,2024T4,61.28,58.17,5.07,50.17,46.23,7.85,55.61,52.08,6.35
09,Burgos,2025,1,2025T1,60.88,56.73,6.8,53.06,48.37,8.84,56.93,52.51,7.76
09,Burgos,2025,2,2025T2,60.08,55.49,7.65,53.02,47.95,9.55,56.51,51.68,8.55
09,Burgos,2025,3,2025T3,59.7,55.52,7.0,54.04,49.9,7.65,56.83,52.67,7.32
09,Burgos,2025,4,2025T4,59.82,57.7,3.55,50.85,45.47,10.58,55.33,51.58,6.78
10,Cáceres,2015,1,2015T1,61.93,46.03,25.68,47.82,31.12,34.93,54.85,38.54,29.73
10,Cáceres,2015,2,2015T2,62.27,47.09,24.37,48.62,33.39,31.33,55.42,40.21,27.44
10,Cáceres,2015,3,2015T3,62.58,46.34,25.96,47.15,34.2,27.46,54.83,40.24,26.61
10,Cáceres,2015,4,2015T4,59.25,46.13,22.13,47.72,34.45,27.81,53.46,40.27,24.68
10,Cáceres,2016,1,2016T1,60.14,45.57,24.23,46.99,32.93,29.93,53.54,39.22,26.74
10,Cáceres,2016,2,2016T2,59.33,45.65,23.06,46.54,34.93,24.95,52.91,40.27,23.89
10,Cáceres,2016,3,2016T3,60.65,49.3,18.72,45.96,34.48,24.98,53.28,41.86,21.43
10,Cáceres,2016,4,2016T4,59.48,47.51,20.12,45.68,34.4,24.7,52.55,40.93,22.12
10,Cáceres,2017,1,2017T1,59.62,46.48,22.04,46.52,33.44,28.11,53.04,39.94,24.71
10,Cáceres,2017,2,2017T2,59.97,47.1,21.45,47.28,36.03,23.78,53.6,41.55,22.48
10,Cáceres,2017,3,2017T3,58.38,45.15,22.67,46.35,36.31,21.67,52.34,40.71,22.22
10,Cáceres,2017,4,2017T4,60.51,47.66,21.24,45.47,35.27,22.43,52.96,41.44,21.75
10,Cáceres,2018,1,2018T1,60.76,48.54,20.1,46.72,36.15,22.62,53.71,42.32,21.2
10,Cáceres,2018,2,2018T2,62.03,50.17,19.13,47.04,37.03,21.27,54.51,43.57,20.06
10,Cáceres,2018,3,2018T3,61.39,51.46,16.17,48.63,37.27,23.37,54.98,44.33,19.37
10,Cáceres,2018,4,2018T4,60.79,49.39,18.75,46.11,34.75,24.64,53.42,42.04,21.3
10,Cáceres,2019,1,2019T1,60.19,49.84,17.18,46.64,35.85,23.14,53.39,42.82,19.8
10,Cáceres,2019,2,2019T2,61.65,51.72,16.12,48.03,36.45,24.09,54.81,44.05,19.63
10,Cáceres,2019,3,2019T3,61.61,52.65,14.55,48.31,36.56,24.33,54.93,44.57,18.87
10,Cáceres,2019,4,2019T4,60.94,49.61,18.6,48.73,36.53,25.04,54.81,43.04,21.48
10,Cáceres,2020,1,2020T1,59.28,48.48,18.22,49.05,36.31,25.97,54.14,42.37,21.75
10,Cáceres,2020,2,2020T2,59.28,48.64,17.95,48.73,36.55,24.99,53.98,42.57,21.14
10,Cáceres,2020,3,2020T3,60.75,50.66,16.61,48.66,36.66,24.67,54.68,43.63,20.22
10,Cáceres,2020,4,2020T4,58.21,49.62,14.75,48.93,37.69,22.96,53.54,43.63,18.52
10,Cáceres,2021,1,2021T1,56.71,45.1,20.47,45.72,32.88,28.08,51.19,38.96,23.88
10,Cáceres,2021,2,2021T2,58.68,50.11,14.62,48.62,36.62,24.69,53.62,43.32,19.22
10,Cáceres,2021,3,2021T3,59.51,50.87,14.53,47.12,36.91,21.66,53.26,43.83,17.71
10,Cáceres,2021,4,2021T4,60.14,49.81,17.17,47.58,38.91,18.21,53.81,44.32,17.63
10,Cáceres,2022,1,2022T1,58.64,48.6,17.12,46.48,36.34,21.82,52.49,42.4,19.22
10,Cáceres,2022,2,2022T2,59.31,48.93,17.51,47.07,38.27,18.69,53.11,43.53,18.04
10,Cáceres,2022,3,2022T3,59.13,51.73,12.52,45.88,37.99,17.21,52.41,44.75,14.6
10,Cáceres,2022,4,2022T4,58.38,50.76,13.04,46.57,38.21,17.95,52.4,44.41,15.25
10,Cáceres,2023,1,2023T1,59.01,49.04,16.89,48.17,37.44,22.27,53.54,43.19,19.33
10,Cáceres,2023,2,2023T2,59.46,51.96,12.63,45.91,37.59,18.13,52.6,44.68,15.06
10,Cáceres,2023,3,2023T3,57.83,52.84,8.63,45.64,38.7,15.21,51.65,45.66,11.58
10,Cáceres,2023,4,2023T4,57.54,50.0,13.11,49.01,41.86,14.58,53.22,45.88,13.79
10,Cáceres,2024,1,2024T1,56.14,46.46,17.24,47.21,38.69,18.05,51.61,42.52,17.62
10,Cáceres,2024,2,2024T2,56.73,49.13,13.39,47.0,39.67,15.59,51.81,44.35,14.4
10,Cáceres,2024,3,2024T3,56.91,49.48,13.05,47.11,39.66,15.81,51.97,44.54,14.31
10,Cáceres,2024,4,2024T4,57.41,49.59,13.63,49.98,40.09,19.79,53.66,44.8,16.52
10,Cáceres,2025,1,2025T1,57.7,48.37,16.17,50.23,41.76,16.85,53.92,45.03,16.49
10,Cáceres,2025,2,2025T2,58.63,51.55,12.08,53.22,41.86,21.34,55.9,46.67,16.52
10,Cáceres,2025,3,2025T3,57.55,50.22,12.73,50.25,41.08,18.26,53.87,45.61,15.33
10,Cáceres,2025,4,2025T4,57.5,51.5,10.43,48.96,40.71,16.85,53.19,46.05,13.41
11,Cádiz,2015,1,2015T1,64.64,39.1,39.51,50.65,27.76,45.2,57.55,33.35,42.05
11,Cádiz,2015,2,2015T2,64.68,42.47,34.34,50.01,29.47,41.07,57.24,35.88,37.32
11,Cádiz,2015,3,2015T3,64.92,42.0,35.3,51.71,31.3,39.46,58.22,36.57,37.18
11,Cádiz,2015,4,2015T4,65.17,43.22,33.69,49.64,29.48,40.62,57.29,36.25,36.73
11,Cádiz,2016,1,2016T1,65.06,43.97,32.42,48.19,27.29,43.37,56.5,35.51,37.16
11,Cádiz,2016,2,2016T2,66.18,46.4,29.88,49.35,28.43,42.38,57.64,37.29,35.31
11,Cádiz,2016,3,2016T3,65.75,47.69,27.47,48.88,31.2,36.17,57.19,39.32,31.24
11,Cádiz,2016,4,2016T4,66.14,47.54,28.12,47.04,27.43,41.69,56.45,37.34,33.86
11,Cádiz,2017,1,2017T1,65.76,46.78,28.86,47.63,28.3,40.59,56.56,37.4,33.87
11,Cádiz,2017,2,2017T2,64.51,47.51,26.35,46.93,30.98,33.99,55.59,39.12,29.63
11,Cádiz,2017,3,2017T3,63.99,48.33,24.47,49.41,33.81,31.57,56.59,40.96,27.61
11,Cádiz,2017,4,2017T4,62.0,45.32,26.89,48.05,31.76,33.91,54.92,38.44,30.01
11,Cádiz,2018,1,2018T1,60.94,44.34,27.24,48.2,30.76,36.17,54.47,37.45,31.25
11,Cádiz,2018,2,2018T2,63.12,48.37,23.37,47.94,32.93,31.31,55.41,40.53,26.86
11,Cádiz,2018,3,2018T3,62.13,49.38,20.51,47.73,33.4,30.04,54.82,41.27,24.72
11,Cádiz,2018,4,2018T4,62.36,47.94,23.12,46.49,31.23,32.84,54.3,39.45,27.35
11,Cádiz,2019,1,2019T1,61.51,47.75,22.37,46.19,31.18,32.5,53.73,39.33,26.8
11,Cádiz,2019,2,2019T2,62.57,51.02,18.45,48.33,33.0,31.72,55.33,41.86,24.34
11,Cádiz,2019,3,2019T3,64.3,51.8,19.45,47.63,33.61,29.43,55.83,42.56,23.77
11,Cádiz,2019,4,2019T4,62.0,50.73,18.18,46.54,31.13,33.12,54.14,40.77,24.7
11,Cádiz,2020,1,2020T1,62.28,49.55,20.45,44.97,31.64,29.63,53.48,40.45,24.37
11,Cádiz,2020,2,2020T2,60.13,49.77,17.24,41.91,30.49,27.24,50.87,39.97,21.42
11,Cádiz,2020,3,2020T3,62.57,52.78,15.65,46.16,33.19,28.1,54.23,42.82,21.03
11,Cádiz,2020,4,2020T4,63.02,49.45,21.53,47.58,33.66,29.25,55.17,41.42,24.91
11,Cádiz,2021,1,2021T1,59.79,47.08,21.26,46.99,30.2,35.72,53.24,38.44,27.79
11,Cádiz,2021,2,2021T2,63.0,49.8,20.94,47.97,32.51,32.24,55.32,40.97,25.95
11,Cádiz,2021,3,2021T3,63.01,50.3,20.17,50.85,36.88,27.47,56.79,43.44,23.51
11,Cádiz,2021,4,2021T4,60.64,47.74,21.27,49.9,34.29,31.27,55.13,40.84,25.92
11,Cádiz,2022,1,2022T1,59.84,46.82,21.76,46.28,31.61,31.7,52.9,39.04,26.21
11,Cádiz,2022,2,2022T2,60.6,49.4,18.49,49.57,36.96,25.45,54.96,43.04,21.7
11,Cádiz,2022,3,2022T3,60.24,48.89,18.85,48.47,37.09,23.47,54.22,42.85,20.96
11,Cádiz,2022,4,2022T4,59.29,45.82,22.71,48.37,34.98,27.68,53.7,40.28,25.0
11,Cádiz,2023,1,2023T1,60.76,48.44,20.27,48.58,33.75,30.53,54.49,40.88,24.98
11,Cádiz,2023,2,2023T2,61.37,49.75,18.92,50.0,37.29,25.43,55.54,43.36,21.93
11,Cádiz,2023,3,2023T3,61.26,49.55,19.11,51.29,39.02,23.93,56.15,44.15,21.37
11,Cádiz,2023,4,2023T4,60.0,49.12,18.13,47.79,36.4,23.83,53.72,42.57,20.74
11,Cádiz,2024,1,2024T1,59.94,48.08,19.79,48.66,34.4,29.31,54.14,41.04,24.19
11,Cádiz,2024,2,2024T2,62.02,50.54,18.5,48.64,37.39,23.12,55.14,43.78,20.6
11,Cádiz,2024,3,2024T3,62.27,52.76,15.27,50.35,39.53,21.49,56.17,45.99,18.13
11,Cádiz,2024,4,2024T4,61.29,49.49,19.25,46.36,35.65,23.1,53.6,42.36,20.97
11,Cádiz,2025,1,2025T1,59.9,49.21,17.85,44.83,33.13,26.1,52.17,40.96,21.49
11,Cádiz,2025,2,2025T2,61.11,52.46,14.16,47.43,36.71,22.6,54.09,44.38,17.95
11,Cádiz,2025,3,2025T3,61.83,53.62,13.28,48.9,37.39,23.53,55.2,45.3,17.94
11,Cádiz,2025,4,2025T4,58.62,50.04,14.64,47.99,37.97,20.88,53.19,43.87,17.52
12,Castellón/Castelló,2015,1,2015T1,65.98,49.33,25.23,54.23,40.01,26.23,60.03,44.61,25.69
12,Castellón/Castelló,2015,2,2015T2,66.78,51.84,22.38,53.21,39.55,25.66,59.91,45.62,23.85
12,Castellón/Castelló,2015,3,2015T3,66.41,53.44,19.53,51.28,39.63,22.72,58.75,46.44,20.94
12,Castellón/Castelló,2015,4,2015T4,63.89,53.09,16.91,52.47,40.6,22.63,58.1,46.76,19.53
12,Castellón/Castelló,2016,1,2016T1,62.45,50.77,18.71,52.03,39.22,24.62,57.16,44.91,21.43
12,Castellón/Castelló,2016,2,2016T2,62.64,52.34,16.44,50.01,38.07,23.88,56.23,45.1,19.79
12,Castellón/Castelló,2016,3,2016T3,63.26,52.1,17.64,50.39,39.25,22.11,56.73,45.58,19.66
12,Castellón/Castelló,2016,4,2016T4,61.85,53.1,14.14,52.94,42.1,20.47,57.33,47.52,17.11
12,Castellón/Castelló,2017,1,2017T1,62.42,51.63,17.29,49.78,38.72,22.23,56.01,45.07,19.52
12,Castellón/Castelló,2017,2,2017T2,63.35,54.64,13.76,49.05,38.08,22.36,56.09,46.23,17.58
12,Castellón/Castelló,2017,3,2017T3,64.26,56.93,11.4,50.1,39.87,20.42,57.07,48.27,15.42
12,Castellón/Castelló,2017,4,2017T4,65.03,57.37,11.77,51.01,42.05,17.58,57.91,49.59,14.37
12,Castellón/Castelló,2018,1,2018T1,64.11,55.89,12.82,51.55,40.39,21.65,57.73,48.02,16.82
12,Castellón/Castelló,2018,2,2018T2,64.29,56.49,12.13,52.53,42.08,19.9,58.32,49.17,15.68
12,Castellón/Castelló,2018,3,2018T3,63.77,57.1,10.46,52.26,42.2,19.25,57.93,49.53,14.49
12,Castellón/Castelló,2018,4,2018T4,63.12,55.48,12.1,52.53,42.76,18.61,57.74,49.02,15.11
12,Castellón/Castelló,2019,1,2019T1,63.45,56.14,11.51,51.62,42.35,17.96,57.44,49.14,14.46
12,Castellón/Castelló,2019,2,2019T2,64.03,56.63,11.56,50.13,41.32,17.58,56.97,48.85,14.25
12,Castellón/Castelló,2019,3,2019T3,65.01,59.19,8.96,52.24,44.05,15.67,58.52,51.5,12.01
12,Castellón/Castelló,2019,4,2019T4,64.84,57.8,10.86,54.11,44.22,18.27,59.38,50.89,14.29
12,Castellón/Castelló,2020,1,2020T1,64.68,56.53,12.61,52.65,44.63,15.23,58.56,50.48,13.81
12,Castellón/Castelló,2020,2,2020T2,62.61,54.6,12.79,51.12,42.74,16.39,56.77,48.57,14.44
12,Castellón/Castelló,2020,3,2020T3,63.73,55.49,12.93,53.53,44.49,16.89,58.54,49.9,14.77
12,Castellón/Castelló,2020,4,2020T4,62.33,53.93,13.48,53.81,45.83,14.83,58.0,49.81,14.12
12,Castellón/Castelló,2021,1,2021T1,61.98,52.65,15.04,49.93,41.42,17.05,55.89,46.97,15.95
12,Castellón/Castelló,2021,2,2021T2,63.36,55.22,12.85,53.65,43.93,18.1,58.43,49.49,15.3
12,Castellón/Castelló,2021,3,2021T3,63.01,56.88,9.73,52.99,44.29,16.42,57.91,50.47,12.84
12,Castellón/Castelló,2021,4,2021T4,63.74,57.71,9.46,49.14,42.57,13.37,56.29,49.98,11.2
12,Castellón/Castelló,2022,1,2022T1,62.75,55.92,10.89,49.96,43.14,13.67,56.23,49.4,12.15
12,Castellón/Castelló,2022,2,2022T2,63.31,57.51,9.17,51.83,45.56,12.1,57.49,51.45,10.51
12,Castellón/Castelló,2022,3,2022T3,64.29,57.52,10.52,51.97,44.89,13.62,58.04,51.12,11.93
12,Castellón/Castelló,2022,4,2022T4,59.65,51.2,14.18,52.2,44.81,14.15,55.88,47.96,14.16
12,Castellón/Castelló,2023,1,2023T1,60.57,53.68,11.37,51.27,41.98,18.12,55.86,47.75,14.51
12,Castellón/Castelló,2023,2,2023T2,61.32,52.31,14.68,51.9,44.09,15.04,56.55,48.16,14.85
12,Castellón/Castelló,2023,3,2023T3,61.59,54.44,11.61,51.7,42.27,18.23,56.58,48.28,14.67
12,Castellón/Castelló,2023,4,2023T4,58.6,49.81,15.0,51.65,43.9,15.0,55.08,46.82,15.0
12,Castellón/Castelló,2024,1,2024T1,60.75,51.3,15.57,54.23,44.89,17.22,57.46,48.06,16.35
12,Castellón/Castelló,2024,2,2024T2,62.81,55.21,12.1,54.52,47.62,12.66,58.64,51.39,12.36
12,Castellón/Castelló,2024,3,2024T3,65.39,58.65,10.31,55.72,46.67,16.24,60.52,52.61,13.06
12,Castellón/Castelló,2024,4,2024T4,64.3,57.33,10.85,54.1,45.89,15.16,59.16,51.56,12.84
12,Castellón/Castelló,2025,1,2025T1,65.54,59.29,9.55,53.96,46.72,13.42,59.69,52.93,11.32
12,Castellón/Castelló,2025,2,2025T2,66.55,60.37,9.29,56.15,47.86,14.78,61.26,54.0,11.85
12,Castellón/Castelló,2025,3,2025T3,66.83,61.11,8.56,57.3,48.71,15.0,61.99,54.81,11.59
12,Castellón/Castelló,2025,4,2025T4,64.38,59.94,6.9,53.49,46.53,13.02,58.88,53.17,9.71
13,Ciudad Real,2015,1,2015T1,62.79,44.39,29.31,47.39,28.42,40.04,55.01,36.31,33.98
13,Ciudad Real,2015,2,2015T2,63.28,46.24,26.92,47.33,28.77,39.22,55.22,37.41,32.25
13,Ciudad Real,2015,3,2015T3,64.17,49.86,22.3,47.11,28.18,40.19,55.54,38.89,29.98
13,Ciudad Real,2015,4,2015T4,63.16,48.25,23.61,47.08,30.16,35.94,55.02,39.1,28.95
13,Ciudad Real,2016,1,2016T1,65.19,49.21,24.52,45.99,29.34,36.21,55.47,39.15,29.43
13,Ciudad Real,2016,2,2016T2,65.82,52.44,20.33,46.19,30.22,34.59,55.88,41.19,26.3
13,Ciudad Real,2016,3,2016T3,65.4,52.74,19.36,46.34,32.14,30.65,55.75,42.31,24.11
13,Ciudad Real,2016,4,2016T4,65.82,52.01,20.98,46.34,32.08,30.78,55.95,41.91,25.09
13,Ciudad Real,2017,1,2017T1,65.61,50.8,22.58,47.23,33.04,30.06,56.3,41.8,25.76
13,Ciudad Real,2017,2,2017T2,64.74,50.93,21.33,47.79,32.06,32.91,56.15,41.37,26.33
13,Ciudad Real,2017,3,2017T3,64.33,53.47,16.88,46.3,32.62,29.55,55.19,42.9,22.26
13,Ciudad Real,2017,4,2017T4,64.09,52.95,17.37,48.46,33.47,30.92,56.16,43.08,23.3
13,Ciudad Real,2018,1,2018T1,63.76,53.07,16.76,48.79,33.69,30.94,56.16,43.24,23.01
13,Ciudad Real,2018,2,2018T2,63.0,53.35,15.32,47.21,32.87,30.36,54.99,42.96,21.87
13,Ciudad Real,2018,3,2018T3,62.89,54.84,12.81,45.94,33.7,26.64,54.29,44.12,18.75
13,Ciudad Real,2018,4,2018T4,62.27,55.34,11.12,47.91,36.4,24.02,54.98,45.73,16.82
13,Ciudad Real,2019,1,2019T1,63.1,56.11,11.09,48.64,36.2,25.57,55.77,46.01,17.5
13,Ciudad Real,2019,2,2019T2,62.9,54.96,12.62,48.75,36.88,24.35,55.72,45.79,17.82
13,Ciudad Real,2019,3,2019T3,63.24,54.87,13.24,48.74,36.62,24.87,55.89,45.62,18.38
13,Ciudad Real,2019,4,2019T4,62.9,55.17,12.29,50.06,36.06,27.95,56.39,45.49,19.34
13,Ciudad Real,2020,1,2020T1,62.81,53.91,14.17,47.99,35.69,25.63,55.3,44.68,19.21
13,Ciudad Real,2020,2,2020T2,60.6,53.26,12.12,42.49,32.85,22.68,51.43,42.92,16.54
13,Ciudad Real,2020,3,2020T3,64.17,54.99,14.32,46.16,35.17,23.81,55.05,44.95,18.35
13,Ciudad Real,2020,4,2020T4,62.38,54.87,12.03,46.74,35.25,24.59,54.46,44.94,17.49
13,Ciudad Real,2021,1,2021T1,62.54,53.67,14.17,46.74,33.71,27.87,54.5,43.52,20.15
13,Ciudad Real,2021,2,2021T2,63.31,54.28,14.27,46.98,35.81,23.78,55.04,44.92,18.38
13,Ciudad Real,2021,3,2021T3,64.47,56.53,12.32,47.59,37.5,21.22,55.92,46.89,16.16
13,Ciudad Real,2021,4,2021T4,63.87,56.72,11.19,47.94,37.01,22.8,55.81,46.74,16.24
13,Ciudad Real,2022,1,2022T1,64.27,55.61,13.48,45.99,34.36,25.3,55.03,44.86,18.47
13,Ciudad Real,2022,2,2022T2,63.32,55.69,12.05,47.06,35.77,23.99,55.08,45.6,17.22
13,Ciudad Real,2022,3,2022T3,63.73,54.66,14.23,48.21,34.79,27.85,55.86,44.58,20.19
13,Ciudad Real,2022,4,2022T4,63.6,53.2,16.35,48.37,34.76,28.14,55.85,43.82,21.54
13,Ciudad Real,2023,1,2023T1,62.41,54.22,13.11,47.17,34.69,26.45,54.66,44.29,18.96
13,Ciudad Real,2023,2,2023T2,61.85,54.79,11.42,48.41,38.49,20.49,55.0,46.48,15.49
13,Ciudad Real,2023,3,2023T3,62.24,54.76,12.02,48.27,38.49,20.26,55.16,46.52,15.67
13,Ciudad Real,2023,4,2023T4,61.83,53.97,12.72,48.02,38.6,19.61,54.81,46.16,15.78
13,Ciudad Real,2024,1,2024T1,60.89,52.36,14.01,47.83,37.27,22.07,54.25,44.69,17.63
13,Ciudad Real,2024,2,2024T2,63.16,54.71,13.37,48.2,36.88,23.5,55.55,45.64,17.84
13,Ciudad Real,2024,3,2024T3,61.77,54.44,11.86,51.43,40.06,22.1,56.51,47.13,16.6
13,Ciudad Real,2024,4,2024T4,60.23,52.92,12.13,49.87,40.03,19.73,54.99,46.4,15.62
13,Ciudad Real,2025,1,2025T1,62.61,54.03,13.69,49.93,40.22,19.43,56.2,47.06,16.27
13,Ciudad Real,2025,2,2025T2,60.46,51.6,14.66,50.5,40.65,19.51,55.43,46.06,16.89
13,Ciudad Real,2025,3,2025T3,60.05,53.45,11.0,51.07,40.27,21.14,55.53,46.81,15.69
13,Ciudad Real,2025,4,2025T4,59.15,53.28,9.92,51.85,44.32,14.54,55.48,48.77,12.09
14,Córdoba,2015,1,2015T1,63.67,47.67,25.13,49.84,31.84,36.12,56.56,39.53,30.11
14,Córdoba,2015,2,2015T2,63.99,47.84,25.23,50.74,33.58,33.83,57.18,40.51,29.15
14,Córdoba,2015,3,2015T3,63.94,44.79,29.94,49.59,33.59,32.27,56.57,39.04,30.99
14,Córdoba,2015,4,2015T4,64.51,47.16,26.9,49.98,33.43,33.11,57.05,40.11,29.7
14,Córdoba,2016,1,2016T1,66.03,47.44,28.15,50.15,35.28,29.65,57.87,41.19,28.82
14,Córdoba,2016,2,2016T2,65.94,47.21,28.4,51.15,34.64,32.28,58.34,40.75,30.15
14,Córdoba,2016,3,2016T3,66.96,47.34,29.29,51.38,32.55,36.65,58.95,39.74,32.59
14,Córdoba,2016,4,2016T4,66.38,48.73,26.59,49.63,33.26,33.0,57.77,40.78,29.42
14,Córdoba,2017,1,2017T1,66.1,50.83,23.1,50.64,33.93,32.99,58.16,42.15,27.53
14,Córdoba,2017,2,2017T2,65.64,50.15,23.59,49.66,33.08,33.39,57.43,41.38,27.94
14,Córdoba,2017,3,2017T3,66.8,49.48,25.92,49.88,32.1,35.64,58.11,40.56,30.21
14,Córdoba,2017,4,2017T4,64.93,50.68,21.96,49.1,32.74,33.32,56.8,41.46,27.0
14,Córdoba,2018,1,2018T1,63.36,51.52,18.7,51.03,33.99,33.39,57.03,42.51,25.45
14,Córdoba,2018,2,2018T2,65.26,52.56,19.47,50.22,33.54,33.22,57.53,42.78,25.63
14,Córdoba,2018,3,2018T3,63.86,51.49,19.36,48.24,32.34,32.96,55.83,41.65,25.4
14,Córdoba,2018,4,2018T4,63.21,52.35,17.18,48.77,34.65,28.95,55.79,43.26,22.47
14,Córdoba,2019,1,2019T1,63.47,53.56,15.62,49.53,35.85,27.63,56.31,44.45,21.05
14,Córdoba,2019,2,2019T2,63.82,53.06,16.86,50.1,35.75,28.64,56.77,44.16,22.21
14,Córdoba,2019,3,2019T3,65.33,51.47,21.21,49.83,34.71,30.33,57.36,42.85,25.28
14,Córdoba,2019,4,2019T4,64.86,50.65,21.9,49.15,36.4,25.95,56.78,43.32,23.7
14,Córdoba,2020,1,2020T1,63.87,50.09,21.58,51.25,36.49,28.8,57.38,43.09,24.89
14,Córdoba,2020,2,2020T2,62.37,49.88,20.03,45.74,32.12,29.76,53.82,40.75,24.29
14,Córdoba,2020,3,2020T3,63.51,50.38,20.67,47.39,33.93,28.41,55.22,41.92,24.09
14,Córdoba,2020,4,2020T4,64.53,51.62,20.0,51.67,37.12,28.16,57.91,44.16,23.75
14,Córdoba,2021,1,2021T1,64.61,54.7,15.35,49.32,36.37,26.25,56.76,45.29,20.21
14,Córdoba,2021,2,2021T2,65.59,53.13,19.01,49.89,35.81,28.22,57.56,44.26,23.1
14,Córdoba,2021,3,2021T3,64.98,52.95,18.51,51.25,36.2,29.37,57.93,44.35,23.44
14,Córdoba,2021,4,2021T4,64.1,55.09,14.06,50.3,39.46,21.54,57.0,47.04,17.46
14,Córdoba,2022,1,2022T1,61.62,53.74,12.79,49.87,39.12,21.55,55.57,46.22,16.84
14,Córdoba,2022,2,2022T2,59.78,50.26,15.92,50.26,37.15,26.09,54.88,43.51,20.72
14,Córdoba,2022,3,2022T3,60.86,48.95,19.56,50.35,37.63,25.27,55.46,43.13,22.23
14,Córdoba,2022,4,2022T4,59.54,50.01,15.99,49.86,39.88,20.02,54.56,44.8,17.88
14,Córdoba,2023,1,2023T1,61.25,52.1,14.94,48.97,38.34,21.71,54.98,45.07,18.02
14,Córdoba,2023,2,2023T2,63.86,52.64,17.56,49.15,35.58,27.61,56.3,43.87,22.07
14,Córdoba,2023,3,2023T3,63.6,54.41,14.46,47.09,36.44,22.62,55.12,45.18,18.04
14,Córdoba,2023,4,2023T4,64.53,57.62,10.71,47.82,37.48,21.62,55.93,47.26,15.5
14,Córdoba,2024,1,2024T1,64.95,57.9,10.85,49.36,39.77,19.44,56.96,48.6,14.67
14,Córdoba,2024,2,2024T2,62.86,54.39,13.48,50.55,39.28,22.31,56.53,46.61,17.54
14,Córdoba,2024,3,2024T3,64.73,55.24,14.66,50.41,40.32,20.02,57.37,47.57,17.08
14,Córdoba,2024,4,2024T4,65.07,56.57,13.05,53.9,42.13,21.83,59.29,49.1,17.18
14,Córdoba,2025,1,2025T1,62.69,53.77,14.23,54.51,43.23,20.68,58.48,48.36,17.32
14,Córdoba,2025,2,2025T2,60.61,53.33,12.0,52.2,40.9,21.64,56.29,46.95,16.59
14,Córdoba,2025,3,2025T3,60.98,53.46,12.33,51.32,38.56,24.87,56.01,45.79,18.25
14,Córdoba,2025,4,2025T4,64.3,55.75,13.3,53.06,41.73,21.36,58.55,48.57,17.04
15,"Coruña, A",2015,1,2015T1,60.68,48.89,19.42,49.83,39.78,20.17,54.99,44.12,19.77
15,"Coruña, A",2015,2,2015T2,60.15,49.46,17.77,49.82,40.74,18.22,54.74,44.89,17.98
15,"Coruña, A",2015,3,2015T3,60.59,51.07,15.71,49.39,41.26,16.47,54.72,45.93,16.07
15,"Coruña, A",2015,4,2015T4,59.14,50.24,15.04,50.2,41.86,16.62,54.46,45.85,15.81
15,"Coruña, A",2016,1,2016T1,58.94,49.87,15.38,50.0,41.54,16.9,54.25,45.51,16.11
15,"Coruña, A",2016,2,2016T2,59.96,50.71,15.42,49.67,41.78,15.88,54.57,46.03,15.64
15,"Coruña, A",2016,3,2016T3,60.15,51.79,13.9,50.8,42.14,17.04,55.25,46.74,15.41
15,"Coruña, A",2016,4,2016T4,59.95,52.01,13.25,50.91,42.86,15.81,55.21,47.21,14.49
15,"Coruña, A",2017,1,2017T1,59.1,49.78,15.76,50.46,42.84,15.1,54.57,46.14,15.44
15,"Coruña, A",2017,2,2017T2,60.07,51.9,13.6,50.3,42.6,15.3,54.95,47.02,14.42
15,"Coruña, A",2017,3,2017T3,59.72,52.33,12.38,50.95,43.66,14.32,55.12,47.78,13.32
15,"Coruña, A",2017,4,2017T4,59.04,51.35,13.02,50.45,43.41,13.95,54.53,47.19,13.47
15,"Coruña, A",2018,1,2018T1,59.0,51.04,13.48,50.1,42.93,14.3,54.33,46.79,13.88
15,"Coruña, A",2018,2,2018T2,59.31,51.65,12.92,51.29,44.11,14.0,55.1,47.7,13.44
15,"Coruña, A",2018,3,2018T3,59.62,53.26,10.67,51.2,45.49,11.15,55.2,49.18,10.9
15,"Coruña, A",2018,4,2018T4,58.83,52.73,10.37,50.61,45.01,11.05,54.51,48.68,10.7
15,"Coruña, A",2019,1,2019T1,59.03,53.13,9.99,50.63,45.45,10.23,54.62,49.1,10.11
15,"Coruña, A",2019,2,2019T2,59.32,54.01,8.96,50.69,45.17,10.87,54.79,49.37,9.89
15,"Coruña, A",2019,3,2019T3,60.0,54.48,9.19,50.66,44.6,11.95,55.09,49.3,10.52
15,"Coruña, A",2019,4,2019T4,59.55,54.2,8.99,50.41,44.53,11.68,54.75,49.12,10.29
15,"Coruña, A",2020,1,2020T1,58.34,52.87,9.37,50.02,43.18,13.67,53.97,47.79,11.46
15,"Coruña, A",2020,2,2020T2,56.87,50.62,11.0,47.65,42.56,10.68,52.04,46.39,10.85
15,"Coruña, A",2020,3,2020T3,57.96,52.17,9.98,48.16,42.33,12.1,52.82,47.01,10.99
15,"Coruña, A",2020,4,2020T4,57.39,51.06,11.02,49.03,43.01,12.28,53.0,46.83,11.63
15,"Coruña, A",2021,1,2021T1,56.47,49.73,11.94,48.14,41.8,13.18,52.1,45.57,12.54
15,"Coruña, A",2021,2,2021T2,57.23,51.03,10.85,48.56,42.96,11.53,52.67,46.79,11.18
15,"Coruña, A",2021,3,2021T3,58.97,54.06,8.34,47.57,43.6,8.34,52.98,48.56,8.34
15,"Coruña, A",2021,4,2021T4,58.23,52.84,9.25,48.4,42.82,11.53,53.06,47.57,10.34
15,"Coruña, A",2022,1,2022T1,58.09,53.08,8.62,48.17,42.75,11.25,52.88,47.66,9.87
15,"Coruña, A",2022,2,2022T2,58.64,52.66,10.2,49.21,43.41,11.79,53.69,47.8,10.97
15,"Coruña, A",2022,3,2022T3,58.34,53.02,9.12,50.45,45.45,9.92,54.2,49.04,9.51
15,"Coruña, A",2022,4,2022T4,55.88,50.64,9.37,50.2,44.82,10.73,52.9,47.58,10.05
15,"Coruña, A",2023,1,2023T1,57.34,51.43,10.31,49.26,43.83,11.02,53.1,47.44,10.65
15,"Coruña, A",2023,2,2023T2,57.11,52.93,7.33,49.83,44.56,10.59,53.28,48.52,8.93
15,"Coruña, A",2023,3,2023T3,58.3,54.11,7.19,49.66,44.87,9.65,53.75,49.24,8.39
15,"Coruña, A",2023,4,2023T4,57.68,53.05,8.02,49.26,44.89,8.89,53.26,48.76,8.44
15,"Coruña, A",2024,1,2024T1,58.39,53.31,8.7,49.38,44.62,9.64,53.65,48.74,9.15
15,"Coruña, A",2024,2,2024T2,58.06,53.76,7.4,48.17,44.26,8.11,52.86,48.77,7.74
15,"Coruña, A",2024,3,2024T3,58.07,53.66,7.59,48.92,45.03,7.96,53.26,49.12,7.77
15,"Coruña, A",2024,4,2024T4,56.59,53.24,5.92,49.18,44.93,8.64,52.7,48.88,7.26
15,"Coruña, A",2025,1,2025T1,56.95,52.99,6.95,49.66,45.8,7.76,53.12,49.22,7.35
15,"Coruña, A",2025,2,2025T2,56.82,52.58,7.45,50.15,46.71,6.86,53.32,49.5,7.16
15,"Coruña, A",2025,3,2025T3,56.86,53.81,5.38,51.47,47.23,8.23,54.02,50.35,6.81
15,"Coruña, A",2025,4,2025T4,57.97,54.19,6.52,51.44,47.04,8.56,54.53,50.43,7.53
16,Cuenca,2015,1,2015T1,61.71,46.06,25.36,45.26,33.28,26.47,53.62,39.78,25.82
16,Cuenca,2015,2,2015T2,61.68,48.57,21.25,44.48,32.25,27.5,53.22,40.54,23.82
16,Cuenca,2015,3,2015T3,61.53,49.5,19.55,43.68,32.47,25.66,52.75,41.12,22.04
16,Cuenca,2015,4,2015T4,62.63,51.01,18.55,44.86,36.29,19.1,53.89,43.77,18.78
16,Cuenca,2016,1,2016T1,64.84,52.48,19.07,46.79,37.05,20.82,55.96,44.88,19.79
16,Cuenca,2016,2,2016T2,65.32,53.58,17.96,44.84,35.41,21.03,55.24,44.64,19.19
16,Cuenca,2016,3,2016T3,68.66,56.44,17.8,46.93,37.24,20.64,57.96,46.99,18.93
16,Cuenca,2016,4,2016T4,66.32,58.74,11.44,45.93,37.58,18.18,56.28,48.32,14.15
16,Cuenca,2017,1,2017T1,66.7,57.42,13.91,46.58,36.42,21.81,56.79,47.08,17.1
16,Cuenca,2017,2,2017T2,64.61,55.33,14.36,44.64,36.72,17.75,54.77,46.16,15.73
16,Cuenca,2017,3,2017T3,62.85,55.87,11.11,45.44,37.65,17.15,54.28,46.89,13.6
16,Cuenca,2017,4,2017T4,63.27,54.43,13.97,48.11,37.75,21.53,55.81,46.22,17.18
16,Cuenca,2018,1,2018T1,62.75,53.77,14.31,44.98,37.55,16.5,54.0,45.79,15.21
16,Cuenca,2018,2,2018T2,62.63,53.23,15.01,46.26,38.0,17.87,54.57,45.73,16.2
16,Cuenca,2018,3,2018T3,61.72,52.45,15.01,47.76,38.93,18.49,54.85,45.8,16.5
16,Cuenca,2018,4,2018T4,63.18,55.77,11.73,51.3,43.0,16.18,57.33,49.48,13.69
16,Cuenca,2019,1,2019T1,63.3,57.45,9.24,48.6,42.32,12.93,56.06,50.0,10.81
16,Cuenca,2019,2,2019T2,61.95,54.92,11.34,50.13,42.66,14.9,56.13,48.89,12.91
16,Cuenca,2019,3,2019T3,63.83,55.51,13.04,49.34,41.87,15.12,56.69,48.79,13.93
16,Cuenca,2019,4,2019T4,65.28,57.62,11.74,46.64,37.9,18.74,56.1,47.9,14.61
16,Cuenca,2020,1,2020T1,64.3,55.21,14.14,46.1,36.36,21.14,55.33,45.92,17.01
16,Cuenca,2020,2,2020T2,63.78,53.45,16.19,41.23,34.81,15.57,52.66,44.26,15.96
16,Cuenca,2020,3,2020T3,63.93,54.62,14.57,44.94,35.8,20.33,54.57,45.34,16.91
16,Cuenca,2020,4,2020T4,64.2,57.69,10.14,45.23,37.76,16.5,54.85,47.87,12.73
16,Cuenca,2021,1,2021T1,62.87,57.32,8.84,43.41,34.21,21.2,53.13,45.75,13.89
16,Cuenca,2021,2,2021T2,61.88,54.7,11.61,45.46,38.26,15.84,53.67,46.48,13.4
16,Cuenca,2021,3,2021T3,63.0,57.9,8.08,48.92,40.87,16.45,55.99,49.43,11.72
16,Cuenca,2021,4,2021T4,63.62,58.43,8.16,47.69,42.38,11.12,55.7,50.45,9.42
16,Cuenca,2022,1,2022T1,61.25,55.26,9.78,46.99,41.53,11.61,54.12,48.4,10.57
16,Cuenca,2022,2,2022T2,63.29,56.74,10.35,49.0,43.55,11.12,56.17,50.17,10.68
16,Cuenca,2022,3,2022T3,63.06,59.29,5.97,49.34,42.79,13.27,56.25,51.1,9.15
16,Cuenca,2022,4,2022T4,59.38,56.2,5.36,49.2,43.64,11.31,54.33,49.97,8.03
16,Cuenca,2023,1,2023T1,59.16,54.44,7.98,48.13,39.81,17.28,53.69,47.18,12.12
16,Cuenca,2023,2,2023T2,59.82,53.64,10.33,50.97,43.61,14.44,55.43,48.67,12.21
16,Cuenca,2023,3,2023T3,63.7,58.74,7.78,49.56,43.16,12.92,56.71,51.04,10.0
16,Cuenca,2023,4,2023T4,63.37,58.79,7.23,49.23,41.04,16.63,56.36,49.99,11.3
16,Cuenca,2024,1,2024T1,64.86,58.87,9.23,52.44,41.03,21.75,58.73,50.08,14.74
16,Cuenca,2024,2,2024T2,64.9,60.4,6.93,49.13,40.65,17.26,57.1,50.63,11.33
16,Cuenca,2024,3,2024T3,65.4,60.07,8.16,50.11,44.31,11.57,57.85,52.28,9.62
16,Cuenca,2024,4,2024T4,60.75,58.1,4.36,49.75,45.41,8.72,55.35,51.87,6.29
16,Cuenca,2025,1,2025T1,59.87,56.44,5.72,45.57,39.98,12.28,52.82,48.32,8.51
16,Cuenca,2025,2,2025T2,63.52,58.59,7.75,50.73,45.04,11.2,57.23,51.93,9.25
16,Cuenca,2025,3,2025T3,63.72,59.79,6.17,46.65,39.57,15.17,55.32,49.84,9.91
16,Cuenca,2025,4,2025T4,66.7,59.15,11.31,48.78,40.11,17.77,57.84,49.74,14.0
17,Girona,2015,1,2015T1,70.2,55.0,21.65,58.37,45.41,22.2,64.24,50.17,21.9
17,Girona,2015,2,2015T2,68.5,55.97,18.3,58.76,46.86,20.26,63.61,51.39,19.21
17,Girona,2015,3,2015T3,68.99,56.63,17.92,58.08,47.5,18.21,63.5,52.04,18.05
17,Girona,2015,4,2015T4,67.61,54.63,19.2,57.23,45.58,20.36,62.38,50.07,19.73
17,Girona,2016,1,2016T1,66.1,54.66,17.3,58.08,47.8,17.7,62.06,51.2,17.49
17,Girona,2016,2,2016T2,65.95,55.14,16.4,58.92,48.58,17.56,62.41,51.83,16.95
17,Girona,2016,3,2016T3,67.48,57.37,14.99,59.59,51.14,14.19,63.5,54.22,14.61
17,Girona,2016,4,2016T4,66.27,56.35,14.97,57.5,48.22,16.13,61.84,52.25,15.51
17,Girona,2017,1,2017T1,65.66,54.49,17.01,56.9,47.2,17.06,61.24,50.81,17.03
17,Girona,2017,2,2017T2,67.37,58.97,12.48,58.25,50.17,13.87,62.77,54.53,13.13
17,Girona,2017,3,2017T3,68.8,59.95,12.86,59.2,52.58,11.19,63.96,56.23,12.08
17,Girona,2017,4,2017T4,67.09,58.25,13.17,56.87,48.83,14.13,61.93,53.5,13.61
17,Girona,2018,1,2018T1,66.17,57.44,13.2,54.83,46.57,15.06,60.45,51.96,14.05
17,Girona,2018,2,2018T2,67.6,60.72,10.19,59.01,50.98,13.61,63.27,55.81,11.8
17,Girona,2018,3,2018T3,69.07,63.08,8.66,58.25,52.85,9.26,63.61,57.92,8.94
17,Girona,2018,4,2018T4,67.99,59.88,11.94,56.49,51.15,9.45,62.19,55.47,10.8
17,Girona,2019,1,2019T1,68.02,59.75,12.16,56.87,48.43,14.84,62.4,54.04,13.39
17,Girona,2019,2,2019T2,68.04,61.12,10.16,58.52,52.2,10.81,63.24,56.62,10.46
17,Girona,2019,3,2019T3,67.2,62.32,7.27,60.14,54.83,8.83,63.64,58.55,8.01
17,Girona,2019,4,2019T4,66.3,59.71,9.94,59.02,53.74,8.94,62.63,56.7,9.47
17,Girona,2020,1,2020T1,66.48,58.82,11.52,57.37,51.68,9.91,61.89,55.23,10.77
17,Girona,2020,2,2020T2,64.53,55.52,13.96,55.92,47.36,15.3,60.19,51.41,14.58
17,Girona,2020,3,2020T3,66.49,58.74,11.65,57.05,50.3,11.82,61.73,54.49,11.73
17,Girona,2020,4,2020T4,65.65,56.4,14.09,56.15,49.15,12.46,60.86,52.75,13.33
17,Girona,2021,1,2021T1,64.3,55.2,14.15,57.87,48.64,15.95,61.07,51.91,15.0
17,Girona,2021,2,2021T2,68.13,58.68,13.86,57.35,48.61,15.24,62.74,53.65,14.49
17,Girona,2021,3,2021T3,67.27,60.4,10.22,59.57,52.22,12.33,63.42,56.31,11.21
17,Girona,2021,4,2021T4,67.04,60.13,10.31,57.77,50.71,12.22,62.41,55.42,11.2
17,Girona,2022,1,2022T1,65.82,59.11,10.19,57.87,51.57,10.89,61.85,55.34,10.52
17,Girona,2022,2,2022T2,68.15,62.35,8.52,59.69,54.44,8.8,63.93,58.4,8.65
17,Girona,2022,3,2022T3,68.27,63.74,6.64,57.11,52.02,8.92,62.69,57.87,7.68
17,Girona,2022,4,2022T4,67.76,61.98,8.53,56.19,50.84,9.52,61.94,56.38,8.98
17,Girona,2023,1,2023T1,66.68,59.76,10.38,55.59,48.41,12.91,61.12,54.07,11.53
17,Girona,2023,2,2023T2,66.83,60.7,9.17,55.32,49.57,10.4,61.06,55.12,9.73
17,Girona,2023,3,2023T3,67.72,61.36,9.38,57.46,52.2,9.15,62.55,56.75,9.28
17,Girona,2023,4,2023T4,65.11,60.69,6.79,53.68,47.08,12.28,59.37,53.85,9.29
17,Girona,2024,1,2024T1,66.57,59.6,10.47,55.49,47.23,14.87,61.03,53.42,12.47
17,Girona,2024,2,2024T2,67.82,61.75,8.94,56.42,50.0,11.38,62.11,55.87,10.05
17,Girona,2024,3,2024T3,66.31,60.49,8.78,56.6,53.03,6.3,61.43,56.74,7.63
17,Girona,2024,4,2024T4,65.99,61.17,7.31,54.42,49.96,8.2,60.16,55.52,7.72
17,Girona,2025,1,2025T1,65.17,59.8,8.25,56.86,50.57,11.07,60.99,55.15,9.57
17,Girona,2025,2,2025T2,68.44,63.11,7.79,56.02,51.76,7.6,62.18,57.39,7.71
17,Girona,2025,3,2025T3,65.49,61.6,5.94,58.34,54.7,6.24,61.9,58.13,6.08
17,Girona,2025,4,2025T4,65.69,58.37,11.15,55.3,50.37,8.91,60.48,54.35,10.13
18,Granada,2015,1,2015T1,66.85,46.25,30.82,51.37,31.74,38.22,58.97,38.86,34.1
18,Granada,2015,2,2015T2,66.52,48.51,27.07,50.88,32.45,36.23,58.56,40.33,31.12
18,Granada,2015,3,2015T3,65.63,47.72,27.3,50.66,34.06,32.77,58.01,40.76,29.73
18,Granada,2015,4,2015T4,64.84,47.6,26.59,51.83,35.51,31.5,58.22,41.44,28.82
18,Granada,2016,1,2016T1,65.13,47.36,27.28,52.07,35.15,32.5,58.48,41.14,29.65
18,Granada,2016,2,2016T2,66.16,46.78,29.29,53.62,34.57,35.53,59.77,40.56,32.14
18,Granada,2016,3,2016T3,63.2,46.74,26.06,53.12,35.85,32.52,58.07,41.19,29.07
18,Granada,2016,4,2016T4,63.85,46.9,26.55,53.05,36.28,31.62,58.35,41.49,28.89
18,Granada,2017,1,2017T1,64.07,49.43,22.85,53.32,37.91,28.91,58.6,43.56,25.66
18,Granada,2017,2,2017T2,64.65,49.7,23.12,52.74,38.84,26.36,58.58,44.17,24.61
18,Granada,2017,3,2017T3,63.66,48.13,24.4,53.06,37.19,29.9,58.26,42.56,26.95
18,Granada,2017,4,2017T4,63.65,48.46,23.87,51.47,36.94,28.25,57.45,42.59,25.87
18,Granada,2018,1,2018T1,64.34,50.46,21.57,50.97,35.85,29.66,57.53,43.03,25.21
18,Granada,2018,2,2018T2,62.61,49.46,20.99,50.3,36.62,27.2,56.34,42.93,23.81
18,Granada,2018,3,2018T3,64.81,50.64,21.87,51.02,36.84,27.8,57.79,43.62,24.53
18,Granada,2018,4,2018T4,63.49,51.54,18.82,48.73,35.58,26.98,55.98,43.42,22.44
18,Granada,2019,1,2019T1,62.99,52.39,16.83,48.68,35.19,27.71,55.71,43.63,21.67
18,Granada,2019,2,2019T2,64.6,50.84,21.3,49.97,36.3,27.37,57.16,43.44,24.0
18,Granada,2019,3,2019T3,63.86,50.18,21.42,48.76,36.03,26.1,56.17,42.98,23.49
18,Granada,2019,4,2019T4,63.51,53.16,16.29,47.85,36.36,24.02,55.54,44.61,19.68
18,Granada,2020,1,2020T1,62.01,51.85,16.38,46.53,36.04,22.54,54.13,43.8,19.08
18,Granada,2020,2,2020T2,60.44,45.67,24.43,43.78,32.26,26.32,51.96,38.85,25.24
18,Granada,2020,3,2020T3,60.3,46.41,23.03,48.1,33.93,29.47,54.09,40.06,25.94
18,Granada,2020,4,2020T4,62.24,49.34,20.72,49.03,34.38,29.89,55.52,41.73,24.84
18,Granada,2021,1,2021T1,63.86,49.34,22.74,48.85,36.4,25.49,56.21,42.74,23.96
18,Granada,2021,2,2021T2,63.87,50.28,21.28,51.5,38.14,25.94,57.55,44.08,23.41
18,Granada,2021,3,2021T3,63.6,48.66,23.48,50.95,40.0,21.49,57.14,44.24,22.57
18,Granada,2021,4,2021T4,64.39,50.87,20.99,50.66,40.49,20.08,57.36,45.56,20.58
18,Granada,2022,1,2022T1,63.55,51.84,18.42,49.82,39.66,20.4,56.51,45.6,19.31
18,Granada,2022,2,2022T2,64.48,51.56,20.03,52.24,39.24,24.89,58.21,45.24,22.27
18,Granada,2022,3,2022T3,64.86,51.73,20.24,51.84,38.69,25.37,58.17,45.03,22.59
18,Granada,2022,4,2022T4,64.91,53.21,18.03,48.96,38.32,21.72,56.77,45.61,19.66
18,Granada,2023,1,2023T1,64.1,54.09,15.6,51.15,37.95,25.8,57.48,45.84,20.24
18,Granada,2023,2,2023T2,64.62,54.5,15.66,52.08,40.7,21.84,58.22,47.47,18.48
18,Granada,2023,3,2023T3,64.62,52.89,18.16,55.09,40.95,25.66,59.73,46.76,21.71
18,Granada,2023,4,2023T4,63.29,51.06,19.32,53.37,40.47,24.17,58.2,45.63,21.6
18,Granada,2024,1,2024T1,62.28,47.95,23.02,51.94,40.66,21.72,56.98,44.21,22.41
18,Granada,2024,2,2024T2,59.12,48.58,17.83,54.16,40.77,24.71,56.58,44.58,21.2
18,Granada,2024,3,2024T3,60.6,49.16,18.89,51.77,38.43,25.78,56.09,43.67,22.14
18,Granada,2024,4,2024T4,61.52,50.07,18.61,50.89,39.9,21.59,56.09,44.88,19.99
18,Granada,2025,1,2025T1,60.83,50.76,16.55,50.4,38.72,23.18,55.48,44.58,19.64
18,Granada,2025,2,2025T2,60.7,51.2,15.64,49.4,39.08,20.9,54.92,45.01,18.05
18,Granada,2025,3,2025T3,63.64,52.66,17.26,52.03,41.07,21.06,57.7,46.73,19.01
18,Granada,2025,4,2025T4,61.36,51.75,15.67,49.81,40.23,19.22,55.47,45.88,17.3
19,Guadalajara,2015,1,2015T1,69.13,54.48,21.2,63.1,51.08,19.05,66.18,52.81,20.2
19,Guadalajara,2015,2,2015T2,68.44,57.27,16.32,61.28,48.26,21.25,64.93,52.85,18.6
19,Guadalajara,2015,3,2015T3,71.52,59.43,16.91,61.63,48.24,21.73,66.68,53.95,19.09
19,Guadalajara,2015,4,2015T4,70.76,59.22,16.32,62.38,48.16,22.8,66.65,53.79,19.29
19,Guadalajara,2016,1,2016T1,70.01,60.2,14.02,60.66,47.11,22.34,65.43,53.78,17.8
19,Guadalajara,2016,2,2016T2,69.59,59.05,15.15,60.7,48.73,19.73,65.23,53.98,17.24
19,Guadalajara,2016,3,2016T3,71.06,58.71,17.39,57.7,46.53,19.37,64.51,52.73,18.26
19,Guadalajara,2016,4,2016T4,71.75,59.27,17.4,59.44,48.5,18.41,65.71,53.98,17.85
19,Guadalajara,2017,1,2017T1,69.51,59.26,14.74,59.22,47.19,20.3,64.45,53.33,17.25
19,Guadalajara,2017,2,2017T2,68.04,59.12,13.11,59.83,48.96,18.17,64.0,54.13,15.43
19,Guadalajara,2017,3,2017T3,69.97,62.22,11.07,57.12,48.98,14.24,63.66,55.72,12.47
19,Guadalajara,2017,4,2017T4,69.48,63.71,8.3,59.71,51.88,13.11,64.68,57.9,10.48
19,Guadalajara,2018,1,2018T1,69.61,62.38,10.39,59.48,49.97,15.98,64.63,56.28,12.92
19,Guadalajara,2018,2,2018T2,70.21,63.65,9.35,61.06,53.15,12.95,65.72,58.49,10.99
19,Guadalajara,2018,3,2018T3,72.76,66.61,8.44,61.11,53.56,12.35,67.03,60.2,10.19
19,Guadalajara,2018,4,2018T4,72.22,64.89,10.14,63.33,54.77,13.52,67.85,59.92,11.69
19,Guadalajara,2019,1,2019T1,71.11,64.02,9.97,62.02,54.08,12.8,66.64,59.13,11.26
19,Guadalajara,2019,2,2019T2,72.09,63.58,11.81,63.56,56.42,11.25,67.9,60.06,11.55
19,Guadalajara,2019,3,2019T3,71.88,65.13,9.38,61.03,51.21,16.08,66.54,58.29,12.4
19,Guadalajara,2019,4,2019T4,71.09,63.69,10.41,61.25,50.88,16.92,66.25,57.39,13.37
19,Guadalajara,2020,1,2020T1,69.41,62.71,9.65,57.38,47.5,17.23,63.49,55.23,13.02
19,Guadalajara,2020,2,2020T2,67.36,57.83,14.15,54.63,43.29,20.75,61.1,50.68,17.05
19,Guadalajara,2020,3,2020T3,68.18,59.52,12.7,56.59,45.9,18.89,62.48,52.83,15.45
19,Guadalajara,2020,4,2020T4,67.89,60.17,11.36,56.94,47.16,17.17,62.5,53.78,13.96
19,Guadalajara,2021,1,2021T1,68.48,59.22,13.51,53.7,45.67,14.95,61.16,52.51,14.14
19,Guadalajara,2021,2,2021T2,67.76,59.59,12.06,53.69,44.03,17.99,60.82,51.92,14.64
19,Guadalajara,2021,3,2021T3,67.95,62.06,8.68,55.17,47.51,13.88,61.62,54.85,10.99
19,Guadalajara,2021,4,2021T4,64.77,59.48,8.17,53.84,45.79,14.95,59.35,52.69,11.22
19,Guadalajara,2022,1,2022T1,66.52,60.23,9.46,53.83,48.03,10.76,60.22,54.17,10.04
19,Guadalajara,2022,2,2022T2,69.06,62.59,9.36,56.03,47.91,14.5,62.6,55.32,11.64
19,Guadalajara,2022,3,2022T3,70.09,62.05,11.47,56.23,48.89,13.05,63.26,55.56,12.17
19,Guadalajara,2022,4,2022T4,68.04,61.2,10.06,59.85,52.82,11.75,64.01,57.07,10.84
19,Guadalajara,2023,1,2023T1,69.03,63.04,8.68,59.58,52.78,11.42,64.34,57.95,9.94
19,Guadalajara,2023,2,2023T2,69.11,62.59,9.44,58.9,53.61,8.98,64.04,58.13,9.23
19,Guadalajara,2023,3,2023T3,68.78,61.33,10.83,57.57,50.81,11.74,63.22,56.11,11.24
19,Guadalajara,2023,4,2023T4,68.44,64.12,6.31,61.07,53.63,12.19,64.79,58.92,9.05
19,Guadalajara,2024,1,2024T1,67.02,60.6,9.58,58.59,50.67,13.52,62.86,55.69,11.4
19,Guadalajara,2024,2,2024T2,70.65,63.41,10.25,60.15,51.29,14.73,65.46,57.42,12.28
19,Guadalajara,2024,3,2024T3,68.38,63.42,7.24,60.75,53.74,11.54,64.61,58.65,9.24
19,Guadalajara,2024,4,2024T4,68.29,61.21,10.37,61.14,54.52,10.82,64.76,57.9,10.58
19,Guadalajara,2025,1,2025T1,65.91,60.2,8.65,59.94,52.16,12.98,62.96,56.23,10.69
19,Guadalajara,2025,2,2025T2,66.62,62.02,6.91,58.3,51.54,11.59,62.53,56.87,9.06
19,Guadalajara,2025,3,2025T3,69.02,62.9,8.87,59.94,51.0,14.91,64.56,57.05,11.62
19,Guadalajara,2025,4,2025T4,67.84,62.6,7.73,58.1,49.88,14.13,63.06,56.36,10.62
20,Gipuzkoa,2015,1,2015T1,60.59,52.29,13.7,52.01,44.85,13.77,56.16,48.45,13.74
20,Gipuzkoa,2015,2,2015T2,61.54,52.92,14.01,52.07,44.17,15.17,56.65,48.4,14.56
20,Gipuzkoa,2015,3,2015T3,61.09,54.7,10.46,52.36,44.95,14.14,56.58,49.67,12.22
20,Gipuzkoa,2015,4,2015T4,61.48,55.78,9.27,52.05,46.25,11.14,56.6,50.85,10.16
20,Gipuzkoa,2016,1,2016T1,63.25,57.33,9.36,51.28,45.22,11.82,57.06,51.06,10.5
20,Gipuzkoa,2016,2,2016T2,63.86,57.91,9.32,51.82,45.98,11.28,57.63,51.73,10.23
20,Gipuzkoa,2016,3,2016T3,63.72,58.08,8.86,51.72,45.48,12.07,57.51,51.55,10.35
20,Gipuzkoa,2016,4,2016T4,61.85,56.08,9.33,49.34,44.08,10.67,55.38,49.87,9.95
20,Gipuzkoa,2017,1,2017T1,61.65,56.11,8.99,48.31,42.14,12.78,54.74,48.87,10.72
20,Gipuzkoa,2017,2,2017T2,62.19,58.15,6.49,48.3,43.37,10.21,54.99,50.49,8.18
20,Gipuzkoa,2017,3,2017T3,62.74,58.1,7.39,48.38,43.38,10.34,55.3,50.47,8.73
20,Gipuzkoa,2017,4,2017T4,63.34,58.21,8.1,49.27,44.91,8.84,56.05,51.32,8.43
20,Gipuzkoa,2018,1,2018T1,63.39,58.77,7.28,50.58,46.19,8.68,56.76,52.26,7.93
20,Gipuzkoa,2018,2,2018T2,63.27,58.92,6.88,52.38,48.04,8.3,57.64,53.29,7.55
20,Gipuzkoa,2018,3,2018T3,61.62,57.09,7.34,50.26,46.12,8.22,55.74,51.42,7.75
20,Gipuzkoa,2018,4,2018T4,60.69,56.53,6.85,51.11,46.85,8.33,55.73,51.52,7.56
20,Gipuzkoa,2019,1,2019T1,60.16,55.31,8.06,52.95,48.71,8.01,56.43,51.9,8.03
20,Gipuzkoa,2019,2,2019T2,61.87,56.82,8.15,51.03,47.98,5.98,56.26,52.25,7.13
20,Gipuzkoa,2019,3,2019T3,60.76,57.93,4.66,50.51,46.51,7.92,55.46,52.02,6.19
20,Gipuzkoa,2019,4,2019T4,60.28,56.06,7.01,52.29,48.06,8.09,56.15,51.92,7.53
20,Gipuzkoa,2020,1,2020T1,59.78,56.11,6.14,51.51,47.51,7.76,55.5,51.66,6.91
20,Gipuzkoa,2020,2,2020T2,58.36,55.6,4.73,50.51,45.5,9.93,54.3,50.37,7.23
20,Gipuzkoa,2020,3,2020T3,60.87,56.23,7.62,53.51,47.71,10.85,57.06,51.82,9.18
20,Gipuzkoa,2020,4,2020T4,60.33,56.89,5.7,53.97,49.43,8.4,57.04,53.03,7.02
20,Gipuzkoa,2021,1,2021T1,61.07,56.33,7.76,54.69,48.31,11.66,57.78,52.19,9.67
20,Gipuzkoa,2021,2,2021T2,60.85,57.68,5.2,53.7,48.01,10.58,57.15,52.68,7.82
20,Gipuzkoa,2021,3,2021T3,61.54,56.84,7.64,53.98,47.72,11.59,57.64,52.13,9.55
20,Gipuzkoa,2021,4,2021T4,59.08,55.32,6.38,53.53,48.99,8.49,56.21,52.04,7.42
20,Gipuzkoa,2022,1,2022T1,60.91,57.67,5.31,51.92,46.7,10.06,56.27,52.01,7.57
20,Gipuzkoa,2022,2,2022T2,58.17,53.73,7.64,49.77,45.78,8.01,53.82,49.62,7.82
20,Gipuzkoa,2022,3,2022T3,60.6,57.24,5.54,50.9,46.83,8.0,55.58,51.85,6.71
20,Gipuzkoa,2022,4,2022T4,59.24,54.53,7.95,51.21,45.62,10.92,55.09,49.93,9.38
20,Gipuzkoa,2023,1,2023T1,57.96,54.14,6.6,50.86,45.88,9.8,54.31,49.89,8.14
20,Gipuzkoa,2023,2,2023T2,59.09,54.89,7.12,50.95,47.85,6.09,54.9,51.26,6.63
20,Gipuzkoa,2023,3,2023T3,56.75,53.13,6.38,55.27,49.25,10.89,55.99,51.12,8.68
20,Gipuzkoa,2023,4,2023T4,57.86,53.93,6.79,53.85,50.6,6.03,55.78,52.21,6.41
20,Gipuzkoa,2024,1,2024T1,55.87,52.56,5.94,51.94,46.54,10.39,53.84,49.45,8.16
20,Gipuzkoa,2024,2,2024T2,62.18,56.62,8.94,51.48,49.28,4.28,56.65,52.83,6.75
20,Gipuzkoa,2024,3,2024T3,55.19,50.99,7.61,47.45,45.58,3.94,51.19,48.19,5.85
20,Gipuzkoa,2024,4,2024T4,55.91,53.0,5.2,49.83,47.79,4.11,52.76,50.3,4.67
20,Gipuzkoa,2025,1,2025T1,53.93,50.18,6.95,50.33,47.24,6.15,52.08,48.66,6.55
20,Gipuzkoa,2025,2,2025T2,53.98,50.18,7.04,50.29,46.46,7.62,52.08,48.26,7.33
20,Gipuzkoa,2025,3,2025T3,54.65,51.85,5.11,53.44,49.46,7.45,54.03,50.62,6.3
20,Gipuzkoa,2025,4,2025T4,55.51,53.59,3.45,52.43,47.53,9.34,53.93,50.48,6.39
21,Huelva,2015,1,2015T1,63.04,46.39,26.41,49.82,34.15,31.45,56.3,40.15,28.69
21,Huelva,2015,2,2015T2,65.35,49.19,24.73,54.44,38.5,29.29,59.79,43.74,26.85
21,Huelva,2015,3,2015T3,62.98,48.12,23.6,50.77,30.72,39.5,56.75,39.24,30.86
21,Huelva,2015,4,2015T4,64.52,45.71,29.16,50.68,31.97,36.91,57.46,38.7,32.65
21,Huelva,2016,1,2016T1,63.31,45.59,27.99,51.29,33.57,34.55,57.18,39.46,30.99
21,Huelva,2016,2,2016T2,63.04,47.17,25.18,50.76,36.38,28.34,56.78,41.66,26.62
21,Huelva,2016,3,2016T3,63.36,46.26,26.99,47.67,31.93,33.02,55.36,38.95,29.64
21,Huelva,2016,4,2016T4,63.81,47.04,26.29,47.65,32.29,32.25,55.57,39.52,28.89
21,Huelva,2017,1,2017T1,64.93,49.19,24.25,49.11,35.0,28.73,56.87,41.96,26.22
21,Huelva,2017,2,2017T2,64.62,52.09,19.39,49.72,38.74,22.08,57.02,45.28,20.59
21,Huelva,2017,3,2017T3,64.51,49.94,22.6,47.87,33.4,30.23,56.02,41.5,25.92
21,Huelva,2017,4,2017T4,64.29,50.37,21.66,46.9,34.85,25.69,55.41,42.44,23.4
21,Huelva,2018,1,2018T1,63.8,50.59,20.7,49.44,37.78,23.57,56.46,44.05,21.99
21,Huelva,2018,2,2018T2,60.74,48.58,20.01,51.55,40.25,21.92,56.04,44.32,20.91
21,Huelva,2018,3,2018T3,62.47,47.78,23.51,48.57,34.47,29.02,55.36,40.98,25.98
21,Huelva,2018,4,2018T4,62.42,49.06,21.41,47.07,35.52,24.55,54.57,42.13,22.79
21,Huelva,2019,1,2019T1,63.34,51.55,18.61,52.58,37.87,27.97,57.83,44.55,22.96
21,Huelva,2019,2,2019T2,63.69,53.53,15.95,53.71,42.32,21.2,58.58,47.79,18.41
21,Huelva,2019,3,2019T3,63.19,50.91,19.43,49.44,36.11,26.97,56.15,43.33,22.83
21,Huelva,2019,4,2019T4,61.63,50.35,18.31,51.74,36.45,29.55,56.57,43.23,23.57
21,Huelva,2020,1,2020T1,61.11,52.29,14.44,49.51,36.99,25.28,55.17,44.45,19.42
21,Huelva,2020,2,2020T2,57.41,50.52,12.0,48.36,40.65,15.95,52.77,45.46,13.85
21,Huelva,2020,3,2020T3,60.66,49.88,17.77,45.6,33.17,27.26,52.94,41.31,21.96
21,Huelva,2020,4,2020T4,64.84,49.79,23.21,44.79,30.19,32.59,54.57,39.75,27.16
21,Huelva,2021,1,2021T1,59.68,50.67,15.1,45.33,32.85,27.53,52.4,41.63,20.55
21,Huelva,2021,2,2021T2,63.23,56.17,11.16,49.75,41.51,16.58,56.38,48.72,13.59
21,Huelva,2021,3,2021T3,60.49,46.15,23.71,47.3,32.26,31.8,53.78,39.08,27.33
21,Huelva,2021,4,2021T4,61.94,51.16,17.4,49.56,38.05,23.21,55.63,44.48,20.04
21,Huelva,2022,1,2022T1,60.23,50.26,16.55,49.05,38.78,20.94,54.54,44.41,18.56
21,Huelva,2022,2,2022T2,61.05,54.91,10.05,52.93,45.12,14.76,56.92,49.94,12.27
21,Huelva,2022,3,2022T3,60.29,50.97,15.45,48.02,38.47,19.87,54.04,44.61,17.45
21,Huelva,2022,4,2022T4,58.83,51.06,13.2,50.47,34.63,31.39,54.61,42.76,21.7
21,Huelva,2023,1,2023T1,59.61,50.17,15.85,49.48,38.96,21.25,54.5,44.51,18.32
21,Huelva,2023,2,2023T2,62.57,53.45,14.58,54.68,46.09,15.72,58.58,49.72,15.12
21,Huelva,2023,3,2023T3,61.46,49.99,18.67,52.29,41.37,20.88,56.83,45.64,19.7
21,Huelva,2023,4,2023T4,62.09,52.53,15.39,51.49,38.2,25.82,56.73,45.29,20.17
21,Huelva,2024,1,2024T1,63.0,53.54,15.02,49.17,39.2,20.27,56.01,46.29,17.35
21,Huelva,2024,2,2024T2,59.92,53.24,11.16,51.36,44.54,13.28,55.55,48.8,12.16
21,Huelva,2024,3,2024T3,61.31,52.53,14.31,48.36,41.3,14.59,54.71,46.81,14.44
21,Huelva,2024,4,2024T4,61.19,52.56,14.11,50.85,41.02,19.34,55.89,46.65,16.55
21,Huelva,2025,1,2025T1,62.09,53.11,14.46,52.97,43.71,17.48,57.43,48.31,15.88
21,Huelva,2025,2,2025T2,63.89,56.71,11.24,50.45,46.24,8.34,57.05,51.38,9.94
21,Huelva,2025,3,2025T3,62.94,57.58,8.52,52.02,44.51,14.43,57.41,50.96,11.23
21,Huelva,2025,4,2025T4,61.81,51.57,16.56,53.72,45.93,14.5,57.76,48.75,15.6
22,Huesca,2015,1,2015T1,63.41,55.26,12.85,52.61,42.28,19.63,58.08,48.85,15.89
22,Huesca,2015,2,2015T2,64.54,56.7,12.15,55.06,43.91,20.25,59.86,50.39,15.83
22,Huesca,2015,3,2015T3,63.55,57.05,10.24,54.94,45.05,18.0,59.3,51.12,13.79
22,Huesca,2015,4,2015T4,62.34,56.5,9.37,53.38,44.84,16.0,57.92,50.75,12.38
22,Huesca,2016,1,2016T1,61.76,54.74,11.37,53.2,44.08,17.14,57.54,49.48,14.0
22,Huesca,2016,2,2016T2,62.26,55.74,10.47,54.1,45.16,16.53,58.23,50.52,13.25
22,Huesca,2016,3,2016T3,63.94,57.28,10.42,53.88,48.2,10.54,58.97,52.8,10.47
22,Huesca,2016,4,2016T4,62.23,55.23,11.25,54.04,46.56,13.84,58.19,50.95,12.44
22,Huesca,2017,1,2017T1,62.92,56.26,10.57,53.08,46.36,12.66,58.06,51.37,11.51
22,Huesca,2017,2,2017T2,62.79,57.51,8.41,49.7,43.35,12.77,56.32,50.51,10.31
22,Huesca,2017,3,2017T3,63.79,59.77,6.3,53.9,50.56,6.18,58.9,55.22,6.25
22,Huesca,2017,4,2017T4,64.51,60.98,5.47,51.73,45.79,11.49,58.19,53.46,8.12
22,Huesca,2018,1,2018T1,63.7,58.31,8.47,50.6,44.74,11.58,57.22,51.59,9.83
22,Huesca,2018,2,2018T2,63.22,58.85,6.92,52.37,45.16,13.77,57.85,52.07,9.99
22,Huesca,2018,3,2018T3,65.11,61.32,5.81,53.02,46.99,11.37,59.12,54.22,8.28
22,Huesca,2018,4,2018T4,63.75,57.73,9.44,51.38,45.96,10.56,57.62,51.89,9.94
22,Huesca,2019,1,2019T1,65.2,59.39,8.91,49.65,44.92,9.52,57.49,52.22,9.17
22,Huesca,2019,2,2019T2,66.19,59.76,9.71,51.63,46.92,9.11,58.97,53.39,9.45
22,Huesca,2019,3,2019T3,67.08,62.67,6.58,52.6,47.57,9.56,59.9,55.19,7.88
22,Huesca,2019,4,2019T4,65.81,59.61,9.42,53.95,48.66,9.8,59.93,54.18,9.59
22,Huesca,2020,1,2020T1,63.02,57.59,8.6,53.92,48.85,9.39,58.51,53.26,8.96
22,Huesca,2020,2,2020T2,64.61,58.51,9.45,50.61,44.28,12.51,57.68,51.46,10.78
22,Huesca,2020,3,2020T3,64.68,57.96,10.39,49.27,43.65,11.42,57.06,50.88,10.83
22,Huesca,2020,4,2020T4,63.99,56.7,11.4,50.56,43.56,13.84,57.35,50.2,12.46
22,Huesca,2021,1,2021T1,64.65,59.35,8.2,50.25,45.1,10.26,57.52,52.29,9.09
22,Huesca,2021,2,2021T2,64.98,62.22,4.24,53.09,47.85,9.86,59.1,55.12,6.73
22,Huesca,2021,3,2021T3,64.74,60.95,5.84,57.05,51.9,9.04,60.93,56.47,7.32
22,Huesca,2021,4,2021T4,61.66,58.17,5.67,54.26,49.23,9.27,58.02,53.77,7.33
22,Huesca,2022,1,2022T1,62.89,60.25,4.19,52.67,47.44,9.94,57.87,53.96,6.76
22,Huesca,2022,2,2022T2,61.54,55.98,9.02,54.46,46.87,13.92,58.06,51.51,11.28
22,Huesca,2022,3,2022T3,63.19,56.95,9.87,53.39,47.33,11.36,58.39,52.24,10.54
22,Huesca,2022,4,2022T4,62.76,57.9,7.75,50.35,44.91,10.81,56.61,51.46,9.1
22,Huesca,2023,1,2023T1,61.95,57.56,7.09,51.12,46.59,8.86,56.56,52.1,7.89
22,Huesca,2023,2,2023T2,63.86,59.17,7.34,50.05,45.47,9.15,57.03,52.39,8.12
22,Huesca,2023,3,2023T3,63.72,60.73,4.68,50.65,46.34,8.5,57.22,53.58,6.36
22,Huesca,2023,4,2023T4,63.6,57.72,9.23,51.39,44.12,14.15,57.54,50.97,11.42
22,Huesca,2024,1,2024T1,65.77,60.35,8.23,51.02,44.33,13.11,58.46,52.41,10.34
22,Huesca,2024,2,2024T2,65.39,59.67,8.75,52.82,46.38,12.19,59.18,53.1,10.27
22,Huesca,2024,3,2024T3,65.4,62.27,4.78,55.27,49.9,9.7,60.41,56.18,7.0
22,Huesca,2024,4,2024T4,63.03,58.12,7.79,54.58,48.99,10.24,58.88,53.64,8.91
22,Huesca,2025,1,2025T1,63.46,59.72,5.9,54.93,48.88,11.01,59.27,54.4,8.22
22,Huesca,2025,2,2025T2,63.28,59.53,5.93,54.26,49.32,9.1,58.87,54.53,7.36
22,Huesca,2025,3,2025T3,62.93,58.94,6.34,57.31,53.53,6.59,60.17,56.28,6.46
22,Huesca,2025,4,2025T4,63.99,62.36,2.55,55.3,51.28,7.26,59.72,56.92,4.69
23,Jaén,2015,1,2015T1,62.41,42.73,31.54,47.63,28.35,40.48,54.92,35.44,35.47
23,Jaén,2015,2,2015T2,61.72,42.17,31.68,48.48,29.99,38.14,55.02,36.0,34.56
23,Jaén,2015,3,2015T3,60.86,41.13,32.41,48.85,29.81,38.98,54.78,35.4,35.38
23,Jaén,2015,4,2015T4,62.56,46.68,25.38,49.62,30.99,37.55,56.01,38.73,30.84
23,Jaén,2016,1,2016T1,61.87,45.3,26.78,48.16,32.07,33.42,54.93,38.6,29.73
23,Jaén,2016,2,2016T2,61.73,42.66,30.89,46.87,28.16,39.92,54.2,35.32,34.85
23,Jaén,2016,3,2016T3,61.99,44.16,28.76,45.65,27.79,39.12,53.71,35.87,33.22
23,Jaén,2016,4,2016T4,62.72,46.82,25.36,46.87,29.35,37.38,54.69,37.97,30.57
23,Jaén,2017,1,2017T1,64.13,49.6,22.66,47.4,33.65,29.0,55.66,41.52,25.39
23,Jaén,2017,2,2017T2,63.86,45.78,28.32,47.88,31.63,33.93,55.77,38.61,30.76
23,Jaén,2017,3,2017T3,62.63,48.8,22.08,46.51,30.94,33.48,54.46,39.75,27.01
23,Jaén,2017,4,2017T4,62.17,49.95,19.65,46.79,33.08,29.31,54.38,41.4,23.86
23,Jaén,2018,1,2018T1,61.81,49.3,20.23,46.36,34.6,25.37,53.98,41.85,22.47
23,Jaén,2018,2,2018T2,60.24,46.17,23.35,45.64,33.58,26.43,52.84,39.79,24.7
23,Jaén,2018,3,2018T3,58.89,46.37,21.26,45.21,33.62,25.62,51.95,39.91,23.18
23,Jaén,2018,4,2018T4,59.14,49.36,16.53,46.65,33.55,28.08,52.81,41.35,21.7
23,Jaén,2019,1,2019T1,59.31,49.39,16.71,47.1,35.41,24.81,53.12,42.31,20.35
23,Jaén,2019,2,2019T2,59.29,48.38,18.39,45.31,30.75,32.14,52.21,39.45,24.44
23,Jaén,2019,3,2019T3,59.05,48.27,18.26,44.78,30.46,31.98,51.83,39.25,24.26
23,Jaén,2019,4,2019T4,59.3,49.89,15.88,43.95,32.67,25.68,51.53,41.17,20.11
23,Jaén,2020,1,2020T1,59.95,49.94,16.7,42.4,31.83,24.92,51.06,40.77,20.16
23,Jaén,2020,2,2020T2,55.28,42.86,22.47,40.07,28.09,29.89,47.58,35.38,25.63
23,Jaén,2020,3,2020T3,60.59,46.31,23.56,45.73,30.89,32.46,53.07,38.5,27.44
23,Jaén,2020,4,2020T4,60.28,49.88,17.25,47.23,33.25,29.6,53.67,41.46,22.75
23,Jaén,2021,1,2021T1,60.87,51.54,15.32,44.21,32.2,27.18,52.45,41.76,20.37
23,Jaén,2021,2,2021T2,60.46,48.16,20.34,43.01,30.07,30.09,51.63,39.01,24.45
23,Jaén,2021,3,2021T3,61.36,50.4,17.86,44.97,31.52,29.91,53.06,40.85,23.02
23,Jaén,2021,4,2021T4,61.45,52.34,14.83,46.17,33.27,27.94,53.73,42.7,20.52
23,Jaén,2022,1,2022T1,61.88,52.9,14.51,44.72,33.79,24.44,53.18,43.22,18.74
23,Jaén,2022,2,2022T2,60.64,52.2,13.92,43.93,31.81,27.57,52.19,41.89,19.73
23,Jaén,2022,3,2022T3,60.44,52.75,12.74,44.36,31.81,28.28,52.33,42.19,19.38
23,Jaén,2022,4,2022T4,59.33,50.02,15.68,43.32,34.12,21.23,51.23,41.98,18.05
23,Jaén,2023,1,2023T1,58.43,51.27,12.25,43.49,36.38,16.35,50.86,43.73,14.02
23,Jaén,2023,2,2023T2,59.06,49.75,15.77,44.49,36.03,19.0,51.7,42.82,17.18
23,Jaén,2023,3,2023T3,61.27,48.01,21.65,44.46,32.86,26.09,52.74,40.32,23.55
23,Jaén,2023,4,2023T4,59.22,50.66,14.45,46.35,34.78,24.97,52.7,42.61,19.14
23,Jaén,2024,1,2024T1,55.88,48.37,13.44,43.96,34.81,20.83,49.84,41.49,16.75
23,Jaén,2024,2,2024T2,57.61,48.19,16.36,47.14,34.31,27.21,52.32,41.17,21.3
23,Jaén,2024,3,2024T3,59.33,48.74,17.85,47.43,34.67,26.91,53.33,41.65,21.91
23,Jaén,2024,4,2024T4,58.93,51.77,12.14,45.64,34.67,24.03,52.22,43.14,17.38
23,Jaén,2025,1,2025T1,58.86,51.78,12.03,44.86,36.12,19.49,51.81,43.89,15.28
23,Jaén,2025,2,2025T2,58.49,50.53,13.61,43.47,34.71,20.17,50.89,42.52,16.44
23,Jaén,2025,3,2025T3,60.17,52.46,12.8,46.08,35.96,21.96,53.0,44.07,16.85
23,Jaén,2025,4,2025T4,60.32,54.21,10.14,46.91,36.98,21.16,53.51,45.46,15.04
24,León,2015,1,2015T1,56.1,43.97,21.62,44.75,32.75,26.81,50.26,38.2,24.0
24,León,2015,2,2015T2,54.59,44.13,19.17,46.09,35.71,22.51,50.22,39.8,20.75
24,León,2015,3,2015T3,55.82,45.52,18.45,45.03,35.28,21.65,50.27,40.25,19.93
24,León,2015,4,2015T4,53.88,43.53,19.21,45.24,35.49,21.55,49.43,39.39,20.31
24,León,2016,1,2016T1,54.61,43.32,20.67,46.34,36.0,22.32,50.35,39.55,21.45
24,León,2016,2,2016T2,55.9,44.81,19.83,45.02,36.34,19.29,50.3,40.45,19.58
24,León,2016,3,2016T3,57.11,47.97,16.0,46.49,37.9,18.48,51.65,42.79,17.15
24,León,2016,4,2016T4,55.99,45.87,18.07,45.43,36.61,19.42,50.56,41.11,18.69
24,León,2017,1,2017T1,56.06,46.26,17.47,44.54,35.69,19.88,50.13,40.82,18.57
24,León,2017,2,2017T2,56.68,48.06,15.21,45.12,37.26,17.43,50.73,42.5,16.23
24,León,2017,3,2017T3,55.38,47.66,13.94,45.19,37.0,18.13,50.13,42.17,15.88
24,León,2017,4,2017T4,53.97,47.48,12.02,44.93,36.75,18.21,49.32,41.96,14.93
24,León,2018,1,2018T1,54.19,47.8,11.79,46.26,37.8,18.3,50.11,42.65,14.88
24,León,2018,2,2018T2,54.92,50.14,8.7,45.47,38.87,14.51,50.06,44.34,11.42
24,León,2018,3,2018T3,56.67,51.43,9.25,45.27,40.25,11.1,50.8,45.67,10.1
24,León,2018,4,2018T4,55.74,50.17,9.99,45.57,40.36,11.42,50.5,45.12,10.66
24,León,2019,1,2019T1,55.83,49.65,11.08,44.91,37.95,15.49,50.2,43.62,13.11
24,León,2019,2,2019T2,58.58,52.34,10.64,47.28,40.62,14.07,52.76,46.31,12.22
24,León,2019,3,2019T3,58.09,51.74,10.93,48.23,41.42,14.13,53.01,46.42,12.43
24,León,2019,4,2019T4,56.74,50.11,11.69,47.82,40.91,14.45,52.14,45.37,12.99
24,León,2020,1,2020T1,54.93,46.18,15.93,46.81,40.0,14.55,50.74,42.99,15.27
24,León,2020,2,2020T2,51.87,43.37,16.39,43.75,37.54,14.19,47.68,40.36,15.35
24,León,2020,3,2020T3,54.2,47.81,11.78,47.51,38.6,18.76,50.75,43.06,15.15
24,León,2020,4,2020T4,54.27,48.78,10.13,43.11,36.92,14.35,48.51,42.66,12.07
24,León,2021,1,2021T1,54.79,47.12,14.0,42.64,35.61,16.48,48.52,41.19,15.12
24,León,2021,2,2021T2,54.82,46.58,15.03,43.91,36.04,17.93,49.19,41.14,16.36
24,León,2021,3,2021T3,56.19,50.59,9.97,46.83,41.46,11.47,51.36,45.88,10.67
24,León,2021,4,2021T4,55.94,48.91,12.57,45.41,39.92,12.07,50.49,44.26,12.34
24,León,2022,1,2022T1,55.04,48.25,12.33,48.19,41.47,13.94,51.49,44.74,13.11
24,León,2022,2,2022T2,56.33,50.13,11.01,48.69,43.49,10.69,52.4,46.71,10.86
24,León,2022,3,2022T3,56.61,51.95,8.23,48.52,42.59,12.23,52.45,47.14,10.13
24,León,2022,4,2022T4,53.61,49.49,7.69,47.53,43.16,9.19,50.48,46.23,8.42
24,León,2023,1,2023T1,53.8,49.09,8.77,47.05,40.75,13.39,50.32,44.78,11.0
24,León,2023,2,2023T2,56.15,51.57,8.16,45.55,40.97,10.05,50.67,46.09,9.04
24,León,2023,3,2023T3,55.57,51.16,7.94,45.91,39.85,13.2,50.59,45.33,10.4
24,León,2023,4,2023T4,52.52,48.82,7.05,45.34,39.26,13.42,48.83,43.9,10.09
24,León,2024,1,2024T1,51.81,47.48,8.36,43.34,39.17,9.62,47.44,43.19,8.96
24,León,2024,2,2024T2,51.96,47.44,8.68,45.46,39.74,12.59,48.58,43.44,10.58
24,León,2024,3,2024T3,55.69,50.61,9.12,45.22,39.18,13.36,50.27,44.7,11.09
24,León,2024,4,2024T4,53.5,50.04,6.48,43.25,39.2,9.36,48.2,44.43,7.82
24,León,2025,1,2025T1,54.66,48.95,10.44,44.39,39.21,11.66,49.33,43.9,11.01
24,León,2025,2,2025T2,54.19,50.26,7.24,45.11,39.99,11.35,49.48,44.94,9.18
24,León,2025,3,2025T3,54.15,48.51,10.42,45.66,40.39,11.54,49.75,44.3,10.95
24,León,2025,4,2025T4,55.56,50.83,8.52,47.46,42.46,10.53,51.37,46.5,9.48
25,Lleida,2015,1,2015T1,69.17,58.89,14.86,54.73,44.04,19.54,62.01,51.52,16.91
25,Lleida,2015,2,2015T2,69.5,60.51,12.94,55.42,45.73,17.49,62.53,53.19,14.94
25,Lleida,2015,3,2015T3,69.11,61.32,11.28,58.59,48.42,17.36,63.9,54.93,14.04
25,Lleida,2015,4,2015T4,69.68,60.57,13.07,56.65,47.73,15.75,63.23,54.21,14.26
25,Lleida,2016,1,2016T1,70.53,61.6,12.65,55.44,45.21,18.46,63.06,53.49,15.18
25,Lleida,2016,2,2016T2,67.47,61.11,9.42,53.06,45.61,14.04,60.33,53.43,11.44
25,Lleida,2016,3,2016T3,65.2,60.21,7.66,52.37,46.41,11.39,58.85,53.37,9.3
25,Lleida,2016,4,2016T4,64.73,58.61,9.46,53.32,46.93,11.99,59.08,52.82,10.59
25,Lleida,2017,1,2017T1,65.13,59.14,9.2,52.56,44.9,14.56,58.91,52.09,11.57
25,Lleida,2017,2,2017T2,65.27,58.51,10.37,51.87,44.18,14.82,58.64,51.42,12.32
25,Lleida,2017,3,2017T3,66.69,60.85,8.76,54.54,46.54,14.67,60.68,53.76,11.39
25,Lleida,2017,4,2017T4,65.3,57.63,11.74,55.11,49.05,11.0,60.26,53.39,11.4
25,Lleida,2018,1,2018T1,61.27,54.97,10.27,54.59,48.66,10.87,57.97,51.85,10.55
25,Lleida,2018,2,2018T2,64.04,57.91,9.58,54.2,47.53,12.31,59.18,52.78,10.81
25,Lleida,2018,3,2018T3,65.37,60.49,7.47,53.1,47.77,10.05,59.31,54.2,8.61
25,Lleida,2018,4,2018T4,67.64,59.82,11.56,57.47,50.0,12.99,62.61,54.96,12.21
25,Lleida,2019,1,2019T1,66.25,59.58,10.07,55.87,49.18,11.98,61.12,54.44,10.93
25,Lleida,2019,2,2019T2,67.21,59.9,10.88,55.58,50.51,9.11,61.47,55.26,10.09
25,Lleida,2019,3,2019T3,68.38,61.91,9.46,56.06,52.13,7.01,62.3,57.08,8.37
25,Lleida,2019,4,2019T4,67.06,62.09,7.41,60.19,53.27,11.49,63.67,57.74,9.31
25,Lleida,2020,1,2020T1,64.98,60.54,6.83,58.38,53.49,8.38,61.73,57.06,7.55
25,Lleida,2020,2,2020T2,63.32,58.9,6.99,53.32,47.06,11.75,58.39,53.06,9.13
25,Lleida,2020,3,2020T3,64.01,57.19,10.66,57.57,52.53,8.75,60.83,54.89,9.77
25,Lleida,2020,4,2020T4,67.34,59.11,12.23,58.47,52.91,9.5,62.97,56.05,10.98
25,Lleida,2021,1,2021T1,67.41,61.03,9.46,58.26,49.17,15.61,62.89,55.16,12.28
25,Lleida,2021,2,2021T2,66.68,60.39,9.44,55.24,49.29,10.76,61.01,54.89,10.03
25,Lleida,2021,3,2021T3,68.68,62.49,9.02,56.28,48.3,14.18,62.55,55.48,11.31
25,Lleida,2021,4,2021T4,68.78,62.61,8.96,55.78,47.91,14.11,62.33,55.32,11.25
25,Lleida,2022,1,2022T1,69.32,65.32,5.78,52.96,48.42,8.58,61.21,56.94,6.98
25,Lleida,2022,2,2022T2,67.04,60.73,9.41,54.27,46.71,13.94,60.74,53.81,11.41
25,Lleida,2022,3,2022T3,64.24,57.53,10.45,54.2,47.42,12.52,59.3,52.55,11.38
25,Lleida,2022,4,2022T4,62.62,56.35,10.01,53.97,48.32,10.46,58.38,52.42,10.21
25,Lleida,2023,1,2023T1,65.18,58.53,10.2,49.53,45.79,7.55,57.52,52.3,9.09
25,Lleida,2023,2,2023T2,65.39,61.34,6.2,51.7,46.52,10.01,58.65,54.04,7.85
25,Lleida,2023,3,2023T3,65.62,62.0,5.53,55.49,49.26,11.22,60.64,55.74,8.09
25,Lleida,2023,4,2023T4,65.48,62.46,4.62,52.79,49.48,6.27,59.25,56.09,5.34
25,Lleida,2024,1,2024T1,67.44,64.1,4.95,56.99,50.66,11.11,62.31,57.5,7.72
25,Lleida,2024,2,2024T2,65.3,61.43,5.93,55.09,50.84,7.7,60.31,56.26,6.72
25,Lleida,2024,3,2024T3,65.74,61.01,7.19,53.67,50.08,6.69,59.82,55.65,6.97
25,Lleida,2024,4,2024T4,64.38,61.25,4.87,53.67,50.74,5.45,59.12,56.09,5.13
25,Lleida,2025,1,2025T1,63.44,61.33,3.32,54.67,52.5,3.96,59.14,57.0,3.61
25,Lleida,2025,2,2025T2,64.62,62.09,3.91,57.85,54.0,6.65,61.31,58.14,5.17
25,Lleida,2025,3,2025T3,65.39,62.91,3.8,58.42,53.03,9.22,61.99,58.09,6.29
25,Lleida,2025,4,2025T4,65.72,62.5,4.9,57.2,53.36,6.73,61.55,58.02,5.73
26,"Rioja, La",2015,1,2015T1,65.7,56.06,14.67,52.99,41.83,21.06,59.24,48.83,17.58
26,"Rioja, La",2015,2,2015T2,65.99,56.7,14.07,54.41,44.02,19.11,60.1,50.25,16.39
26,"Rioja, La",2015,3,2015T3,66.26,57.3,13.52,51.57,44.52,13.67,58.78,50.8,13.59
26,"Rioja, La",2015,4,2015T4,66.34,56.91,14.22,52.67,45.47,13.68,59.38,51.08,13.97
26,"Rioja, La",2016,1,2016T1,66.2,56.75,14.28,51.67,44.17,14.51,58.8,50.34,14.38
26,"Rioja, La",2016,2,2016T2,66.17,57.93,12.46,54.33,44.22,18.6,60.14,50.94,15.29
26,"Rioja, La",2016,3,2016T3,65.23,56.9,12.76,53.39,45.64,14.52,59.19,51.16,13.57
26,"Rioja, La",2016,4,2016T4,64.33,58.42,9.19,53.48,46.59,12.89,58.8,52.39,10.9
26,"Rioja, La",2017,1,2017T1,65.37,58.91,9.88,53.95,45.06,16.47,59.54,51.85,12.92
26,"Rioja, La",2017,2,2017T2,64.21,59.33,7.6,53.58,45.68,14.73,58.78,52.36,10.92
26,"Rioja, La",2017,3,2017T3,64.09,56.9,11.22,53.29,45.7,14.24,58.58,51.19,12.62
26,"Rioja, La",2017,4,2017T4,65.05,58.91,9.45,53.03,45.64,13.94,58.92,52.14,11.51
26,"Rioja, La",2018,1,2018T1,63.02,56.7,10.01,53.77,47.23,12.18,58.31,51.87,11.03
26,"Rioja, La",2018,2,2018T2,63.89,58.28,8.78,55.11,48.06,12.8,59.41,53.07,10.68
26,"Rioja, La",2018,3,2018T3,64.85,59.48,8.28,54.5,48.45,11.11,59.58,53.86,9.6
26,"Rioja, La",2018,4,2018T4,63.41,57.47,9.37,55.38,49.1,11.33,59.31,53.2,10.3
26,"Rioja, La",2019,1,2019T1,63.52,56.98,10.29,55.67,49.0,11.98,59.52,52.91,11.1
26,"Rioja, La",2019,2,2019T2,64.9,58.39,10.02,55.77,50.38,9.67,60.24,54.3,9.86
26,"Rioja, La",2019,3,2019T3,64.66,58.32,9.8,53.72,49.4,8.05,59.08,53.77,8.99
26,"Rioja, La",2019,4,2019T4,63.6,57.0,10.39,54.96,49.83,9.33,59.19,53.34,9.89
26,"Rioja, La",2020,1,2020T1,63.75,57.73,9.44,54.65,47.44,13.2,59.11,52.48,11.21
26,"Rioja, La",2020,2,2020T2,62.37,55.86,10.44,51.43,46.44,9.71,56.79,51.05,10.11
26,"Rioja, La",2020,3,2020T3,64.01,58.04,9.33,52.79,45.37,14.07,58.29,51.58,11.52
26,"Rioja, La",2020,4,2020T4,64.44,59.37,7.87,54.59,47.4,13.17,59.41,53.26,10.36
26,"Rioja, La",2021,1,2021T1,64.12,58.97,8.03,53.4,44.52,16.64,58.66,51.6,12.02
26,"Rioja, La",2021,2,2021T2,66.34,61.57,7.19,55.35,46.26,16.43,60.72,53.74,11.49
26,"Rioja, La",2021,3,2021T3,65.62,58.85,10.33,55.63,47.45,14.7,60.51,53.02,12.38
26,"Rioja, La",2021,4,2021T4,64.0,57.73,9.81,55.4,49.13,11.33,59.62,53.34,10.53
26,"Rioja, La",2022,1,2022T1,65.22,58.86,9.75,54.64,47.46,13.14,59.82,53.04,11.33
26,"Rioja, La",2022,2,2022T2,65.33,58.58,10.34,54.61,48.87,10.51,59.88,53.64,10.42
26,"Rioja, La",2022,3,2022T3,64.67,59.69,7.7,53.59,49.2,8.2,59.04,54.36,7.93
26,"Rioja, La",2022,4,2022T4,64.77,59.71,7.82,54.19,49.14,9.33,59.38,54.32,8.52
26,"Rioja, La",2023,1,2023T1,65.09,59.37,8.78,53.45,47.04,11.99,59.17,53.1,10.26
26,"Rioja, La",2023,2,2023T2,64.71,60.79,6.07,53.24,48.06,9.73,58.89,54.33,7.75
26,"Rioja, La",2023,3,2023T3,64.15,59.35,7.47,55.43,48.59,12.35,59.7,53.86,9.78
26,"Rioja, La",2023,4,2023T4,63.85,58.03,9.11,52.6,47.13,10.4,58.1,52.46,9.71
26,"Rioja, La",2024,1,2024T1,64.02,57.39,10.35,52.54,46.31,11.86,58.18,51.75,11.04
26,"Rioja, La",2024,2,2024T2,63.67,58.17,8.64,52.99,47.84,9.73,58.24,52.91,9.14
26,"Rioja, La",2024,3,2024T3,64.0,57.41,10.29,52.37,47.07,10.13,58.07,52.13,10.22
26,"Rioja, La",2024,4,2024T4,64.77,59.6,7.98,54.07,49.06,9.27,59.34,54.25,8.58
26,"Rioja, La",2025,1,2025T1,62.52,57.29,8.38,54.15,49.09,9.35,58.26,53.11,8.84
26,"Rioja, La",2025,2,2025T2,63.55,59.48,6.4,54.94,49.65,9.62,59.17,54.48,7.92
26,"Rioja, La",2025,3,2025T3,63.63,59.66,6.23,55.86,50.65,9.34,59.68,55.08,7.71
26,"Rioja, La",2025,4,2025T4,63.41,58.79,7.28,56.5,51.54,8.77,59.88,55.1,8.0
27,Lugo,2015,1,2015T1,55.21,46.18,16.36,46.79,38.7,17.29,50.86,42.31,16.8
27,Lugo,2015,2,2015T2,56.0,47.15,15.8,46.92,38.86,17.17,51.3,42.87,16.45
27,Lugo,2015,3,2015T3,56.08,48.19,14.07,48.52,41.03,15.44,52.17,44.49,14.73
27,Lugo,2015,4,2015T4,57.84,49.43,14.55,49.08,40.6,17.28,53.31,44.86,15.85
27,Lugo,2016,1,2016T1,57.0,48.41,15.07,49.34,40.4,18.11,53.04,44.27,16.54
27,Lugo,2016,2,2016T2,57.44,49.64,13.59,48.64,40.78,16.15,52.89,45.06,14.81
27,Lugo,2016,3,2016T3,56.78,48.97,13.77,47.69,40.85,14.34,52.08,44.77,14.04
27,Lugo,2016,4,2016T4,55.6,47.93,13.78,45.64,39.38,13.7,50.45,43.52,13.75
27,Lugo,2017,1,2017T1,56.81,49.09,13.59,46.14,38.61,16.32,51.3,43.68,14.86
27,Lugo,2017,2,2017T2,56.8,49.88,12.18,47.1,40.1,14.85,51.79,44.83,13.44
27,Lugo,2017,3,2017T3,57.51,51.89,9.76,47.28,41.31,12.64,52.22,46.42,11.11
27,Lugo,2017,4,2017T4,56.61,50.57,10.67,46.37,40.87,11.87,51.32,45.56,11.23
27,Lugo,2018,1,2018T1,55.21,50.46,8.6,47.28,42.15,10.85,51.11,46.17,9.67
27,Lugo,2018,2,2018T2,54.99,50.72,7.78,48.46,42.89,11.5,51.62,46.67,9.58
27,Lugo,2018,3,2018T3,56.42,52.56,6.85,47.92,43.14,9.98,52.03,47.69,8.34
27,Lugo,2018,4,2018T4,55.75,51.75,7.18,48.5,43.03,11.28,52.01,47.24,9.16
27,Lugo,2019,1,2019T1,53.37,48.58,8.96,46.64,42.51,8.86,49.89,45.44,8.91
27,Lugo,2019,2,2019T2,53.84,50.01,7.11,47.61,43.21,9.25,50.62,46.5,8.15
27,Lugo,2019,3,2019T3,55.01,51.69,6.04,48.15,42.69,11.33,51.46,47.04,8.6
27,Lugo,2019,4,2019T4,56.06,51.62,7.93,48.4,42.68,11.81,52.1,47.0,9.79
27,Lugo,2020,1,2020T1,55.0,51.21,6.9,47.55,42.55,10.5,51.15,46.73,8.63
27,Lugo,2020,2,2020T2,52.81,48.68,7.82,46.43,41.45,10.71,49.51,44.94,9.22
27,Lugo,2020,3,2020T3,56.55,51.87,8.27,47.92,43.17,9.92,52.09,47.37,9.05
27,Lugo,2020,4,2020T4,56.44,52.54,6.92,47.99,43.33,9.71,52.07,47.77,8.25
27,Lugo,2021,1,2021T1,55.77,51.03,8.49,48.59,44.27,8.89,52.05,47.53,8.68
27,Lugo,2021,2,2021T2,56.85,51.44,9.52,48.7,43.93,9.8,52.64,47.55,9.66
27,Lugo,2021,3,2021T3,56.29,50.99,9.4,49.99,46.46,7.06,53.03,48.64,8.26
27,Lugo,2021,4,2021T4,55.39,50.05,9.65,47.5,43.67,8.07,51.3,46.74,8.89
27,Lugo,2022,1,2022T1,54.68,48.22,11.82,47.84,43.46,9.16,51.14,45.75,10.53
27,Lugo,2022,2,2022T2,53.77,48.89,9.08,50.02,45.63,8.77,51.83,47.2,8.92
27,Lugo,2022,3,2022T3,54.2,49.69,8.32,48.64,44.62,8.26,51.32,47.07,8.29
27,Lugo,2022,4,2022T4,55.1,50.67,8.02,49.9,45.15,9.51,52.41,47.82,8.76
27,Lugo,2023,1,2023T1,54.68,50.43,7.77,50.59,45.82,9.43,52.56,48.04,8.59
27,Lugo,2023,2,2023T2,53.85,49.86,7.4,51.62,47.32,8.31,52.69,48.54,7.86
27,Lugo,2023,3,2023T3,55.91,51.04,8.7,50.25,45.23,10.0,52.97,48.02,9.34
27,Lugo,2023,4,2023T4,54.06,50.55,6.51,48.98,45.21,7.7,51.42,47.77,7.09
27,Lugo,2024,1,2024T1,54.82,51.28,6.47,49.32,45.53,7.69,51.97,48.29,7.07
27,Lugo,2024,2,2024T2,55.73,51.5,7.59,49.33,45.54,7.69,52.41,48.4,7.64
27,Lugo,2024,3,2024T3,55.46,52.14,5.98,49.3,45.66,7.38,52.27,48.79,6.66
27,Lugo,2024,4,2024T4,54.68,50.95,6.81,49.38,45.84,7.18,51.94,48.31,6.99
27,Lugo,2025,1,2025T1,54.97,50.15,8.76,48.32,45.04,6.78,51.53,47.51,7.8
27,Lugo,2025,2,2025T2,55.77,51.93,6.89,49.71,47.68,4.08,52.64,49.73,5.52
27,Lugo,2025,3,2025T3,52.98,49.73,6.14,47.69,46.16,3.22,50.26,47.89,4.72
27,Lugo,2025,4,2025T4,54.88,51.28,6.56,51.09,47.03,7.94,52.93,49.09,7.25
28,Madrid,2015,1,2015T1,70.38,57.54,18.25,59.32,49.06,17.29,64.56,53.08,17.79
28,Madrid,2015,2,2015T2,71.1,59.05,16.95,59.6,48.62,18.43,65.06,53.56,17.66
28,Madrid,2015,3,2015T3,70.36,59.32,15.68,58.14,48.31,16.91,63.93,53.53,16.27
28,Madrid,2015,4,2015T4,70.12,58.65,16.35,59.91,49.91,16.68,64.75,54.06,16.51
28,Madrid,2016,1,2016T1,69.52,58.47,15.88,59.49,48.9,17.79,64.24,53.44,16.81
28,Madrid,2016,2,2016T2,69.23,58.37,15.69,59.34,49.35,16.83,64.03,53.63,16.25
28,Madrid,2016,3,2016T3,68.66,58.84,14.3,58.17,48.79,16.14,63.15,53.55,15.19
28,Madrid,2016,4,2016T4,68.47,58.78,14.15,58.42,49.61,15.08,63.18,53.96,14.6
28,Madrid,2017,1,2017T1,68.09,58.84,13.58,57.79,49.16,14.93,62.67,53.75,14.23
28,Madrid,2017,2,2017T2,68.04,59.35,12.78,57.77,50.08,13.32,62.64,54.47,13.04
28,Madrid,2017,3,2017T3,68.52,60.43,11.81,57.74,50.28,12.93,62.85,55.09,12.35
28,Madrid,2017,4,2017T4,68.24,59.37,13.0,58.9,50.34,14.53,63.32,54.62,13.75
28,Madrid,2018,1,2018T1,68.69,59.86,12.85,58.39,50.23,13.97,63.27,54.79,13.4
28,Madrid,2018,2,2018T2,68.4,60.62,11.36,57.85,50.42,12.83,62.84,55.25,12.08
28,Madrid,2018,3,2018T3,68.29,60.64,11.2,57.34,50.14,12.56,62.53,55.11,11.86
28,Madrid,2018,4,2018T4,68.29,60.73,11.07,58.14,51.13,12.05,62.94,55.68,11.54
28,Madrid,2019,1,2019T1,67.67,60.47,10.64,58.25,50.78,12.82,62.71,55.37,11.7
28,Madrid,2019,2,2019T2,67.78,61.14,9.8,58.43,51.82,11.32,62.86,56.23,10.54
28,Madrid,2019,3,2019T3,67.72,61.35,9.41,57.55,51.12,11.17,62.37,55.97,10.26
28,Madrid,2019,4,2019T4,68.05,61.65,9.4,59.21,52.93,10.6,63.4,57.06,9.99
28,Madrid,2020,1,2020T1,67.28,60.74,9.72,59.07,52.28,11.49,62.96,56.28,10.6
28,Madrid,2020,2,2020T2,64.94,57.24,11.86,56.46,48.91,13.38,60.48,52.85,12.61
28,Madrid,2020,3,2020T3,66.55,58.55,12.03,57.51,49.15,14.53,61.79,53.6,13.25
28,Madrid,2020,4,2020T4,67.62,59.04,12.68,59.48,50.91,14.4,63.33,54.76,13.53
28,Madrid,2021,1,2021T1,67.77,60.42,10.84,59.19,51.09,13.68,63.24,55.5,12.24
28,Madrid,2021,2,2021T2,67.66,59.86,11.53,59.83,52.12,12.89,63.53,55.78,12.2
28,Madrid,2021,3,2021T3,67.68,60.0,11.34,59.79,52.05,12.93,63.52,55.81,12.13
28,Madrid,2021,4,2021T4,68.07,61.73,9.31,58.49,52.0,11.08,63.02,56.61,10.18
28,Madrid,2022,1,2022T1,68.6,61.64,10.15,59.21,51.3,13.36,63.65,56.19,11.72
28,Madrid,2022,2,2022T2,68.76,62.28,9.43,58.77,51.7,12.04,63.5,56.71,10.7
28,Madrid,2022,3,2022T3,68.14,61.85,9.23,58.22,50.6,13.08,62.91,55.91,11.11
28,Madrid,2022,4,2022T4,67.59,61.29,9.31,59.17,51.24,13.4,63.15,55.99,11.33
28,Madrid,2023,1,2023T1,67.28,60.56,9.99,59.64,52.67,11.69,63.26,56.41,10.83
28,Madrid,2023,2,2023T2,68.11,62.91,7.63,59.21,52.91,10.63,63.42,57.65,9.11
28,Madrid,2023,3,2023T3,67.85,62.25,8.25,58.84,51.59,12.32,63.11,56.65,10.24
28,Madrid,2023,4,2023T4,67.63,61.58,8.94,59.2,53.07,10.36,63.19,57.1,9.64
28,Madrid,2024,1,2024T1,67.76,61.54,9.18,59.23,53.78,9.2,63.27,57.46,9.19
28,Madrid,2024,2,2024T2,67.02,62.09,7.36,58.84,53.17,9.64,62.71,57.39,8.48
28,Madrid,2024,3,2024T3,67.81,61.7,9.01,58.91,52.84,10.31,63.13,57.04,9.65
28,Madrid,2024,4,2024T4,68.12,62.4,8.39,59.31,54.11,8.77,63.48,58.03,8.58
28,Madrid,2025,1,2025T1,67.87,61.45,9.47,59.94,54.69,8.74,63.7,57.9,9.11
28,Madrid,2025,2,2025T2,67.71,62.77,7.3,59.85,54.95,8.19,63.59,58.66,7.74
28,Madrid,2025,3,2025T3,67.0,61.88,7.63,59.11,54.19,8.33,62.85,57.84,7.98
28,Madrid,2025,4,2025T4,67.46,62.85,6.84,58.88,54.61,7.25,62.95,58.52,7.04
29,Málaga,2015,1,2015T1,66.26,45.64,31.12,54.68,36.19,33.83,60.34,40.8,32.37
29,Málaga,2015,2,2015T2,66.3,47.29,28.66,55.86,38.31,31.41,60.96,42.7,29.95
29,Málaga,2015,3,2015T3,67.63,48.84,27.78,53.37,37.14,30.42,60.34,42.86,28.97
29,Málaga,2015,4,2015T4,64.64,48.29,25.29,53.44,37.98,28.93,58.91,43.02,26.98
29,Málaga,2016,1,2016T1,64.46,49.05,23.91,54.73,36.85,32.67,59.48,42.81,28.03
29,Málaga,2016,2,2016T2,62.33,47.97,23.04,52.83,37.4,29.21,57.47,42.56,25.94
29,Málaga,2016,3,2016T3,63.37,48.8,22.99,52.71,38.02,27.87,57.92,43.29,25.26
29,Málaga,2016,4,2016T4,62.14,47.04,24.29,50.38,37.36,25.84,56.12,42.09,25.0
29,Málaga,2017,1,2017T1,62.03,47.08,24.1,51.19,36.53,28.63,56.48,41.68,26.2
29,Málaga,2017,2,2017T2,61.62,48.85,20.72,50.95,39.05,23.35,56.15,43.83,21.94
29,Málaga,2017,3,2017T3,62.02,49.59,20.04,49.94,39.02,21.87,55.83,44.17,20.88
29,Málaga,2017,4,2017T4,61.18,49.92,18.41,50.56,38.73,23.4,55.74,44.18,20.73
29,Málaga,2018,1,2018T1,62.58,51.11,18.33,50.05,36.74,26.59,56.15,43.74,22.11
29,Málaga,2018,2,2018T2,64.54,53.53,17.07,51.81,39.41,23.93,58.01,46.29,20.21
29,Málaga,2018,3,2018T3,64.68,55.53,14.14,50.32,39.03,22.43,57.31,47.06,17.88
29,Málaga,2018,4,2018T4,64.65,55.87,13.57,49.31,39.32,20.26,56.78,47.38,16.56
29,Málaga,2019,1,2019T1,62.95,53.7,14.69,51.26,40.66,20.68,56.95,47.01,17.46
29,Málaga,2019,2,2019T2,62.9,52.98,15.76,51.13,41.41,19.03,56.86,47.04,17.27
29,Málaga,2019,3,2019T3,62.49,52.79,15.52,52.32,41.34,20.99,57.27,46.91,18.09
29,Málaga,2019,4,2019T4,61.61,51.62,16.22,51.74,41.66,19.48,56.54,46.5,17.75
29,Málaga,2020,1,2020T1,61.86,51.02,17.52,51.99,40.81,21.51,56.79,45.77,19.4
29,Málaga,2020,2,2020T2,60.3,49.59,17.77,47.74,36.86,22.79,53.85,43.04,20.06
29,Málaga,2020,3,2020T3,62.23,50.11,19.48,52.28,38.63,26.11,57.11,44.2,22.6
29,Málaga,2020,4,2020T4,61.77,52.91,14.35,53.33,40.13,24.76,57.43,46.34,19.32
29,Málaga,2021,1,2021T1,60.76,48.05,20.92,51.81,39.05,24.63,56.15,43.41,22.68
29,Málaga,2021,2,2021T2,61.68,51.4,16.68,52.31,40.91,21.79,56.85,45.99,19.1
29,Málaga,2021,3,2021T3,62.47,51.97,16.81,53.92,41.33,23.35,58.06,46.48,19.95
29,Málaga,2021,4,2021T4,63.13,52.53,16.8,54.42,41.64,23.49,58.66,46.93,19.98
29,Málaga,2022,1,2022T1,61.01,50.47,17.29,52.55,40.12,23.66,56.68,45.16,20.31
29,Málaga,2022,2,2022T2,62.41,52.89,15.26,51.87,40.9,21.15,57.0,46.73,18.01
29,Málaga,2022,3,2022T3,62.99,55.61,11.71,52.44,41.43,20.99,57.56,48.32,16.06
29,Málaga,2022,4,2022T4,61.21,50.49,17.51,53.5,42.05,21.4,57.22,46.13,19.39
29,Málaga,2023,1,2023T1,61.86,51.79,16.27,53.92,42.4,21.37,57.75,46.94,18.73
29,Málaga,2023,2,2023T2,62.87,55.04,12.46,54.01,43.24,19.94,58.29,48.94,16.04
29,Málaga,2023,3,2023T3,63.6,54.8,13.84,54.56,44.42,18.59,58.91,49.42,16.12
29,Málaga,2023,4,2023T4,63.24,54.2,14.29,53.8,43.73,18.72,58.36,48.79,16.4
29,Málaga,2024,1,2024T1,63.5,54.79,13.71,53.0,42.23,20.33,58.08,48.31,16.83
29,Málaga,2024,2,2024T2,64.92,58.14,10.45,53.08,45.09,15.06,58.82,51.41,12.59
29,Málaga,2024,3,2024T3,65.77,59.38,9.71,51.45,43.79,14.9,58.4,51.35,12.06
29,Málaga,2024,4,2024T4,63.03,55.72,11.59,49.95,42.88,14.15,56.28,49.1,12.76
29,Málaga,2025,1,2025T1,64.11,57.15,10.85,53.58,43.29,19.22,58.68,50.01,14.79
29,Málaga,2025,2,2025T2,65.54,57.75,11.9,54.57,46.63,14.55,59.88,52.01,13.15
29,Málaga,2025,3,2025T3,66.8,59.94,10.27,55.46,47.39,14.54,60.94,53.46,12.28
29,Málaga,2025,4,2025T4,65.22,59.35,9.01,55.38,47.25,14.68,60.13,53.09,11.71
30,Murcia,2015,1,2015T1,67.44,50.8,24.67,51.03,36.06,29.34,59.2,43.4,26.69
30,Murcia,2015,2,2015T2,68.14,54.3,20.32,52.14,36.22,30.53,60.1,45.22,24.77
30,Murcia,2015,3,2015T3,67.64,53.31,21.19,50.79,37.32,26.52,59.18,45.28,23.49
30,Murcia,2015,4,2015T4,67.08,53.28,20.57,51.6,37.51,27.3,59.31,45.36,23.51
30,Murcia,2016,1,2016T1,67.01,54.31,18.95,50.75,37.45,26.22,58.84,45.83,22.1
30,Murcia,2016,2,2016T2,68.09,56.81,16.57,50.57,39.67,21.54,59.28,48.19,18.7
30,Murcia,2016,3,2016T3,67.75,55.51,18.06,51.05,39.84,21.96,59.35,47.63,19.75
30,Murcia,2016,4,2016T4,66.39,56.01,15.64,51.85,40.29,22.31,59.08,48.1,18.58
30,Murcia,2017,1,2017T1,66.99,56.45,15.72,52.04,39.58,23.94,59.47,47.97,19.34
30,Murcia,2017,2,2017T2,66.27,57.03,13.94,53.01,41.44,21.84,59.6,49.19,17.47
30,Murcia,2017,3,2017T3,66.97,56.15,16.16,52.45,41.66,20.57,59.66,48.86,18.11
30,Murcia,2017,4,2017T4,66.7,56.66,15.05,52.07,41.69,19.94,59.34,49.13,17.21
30,Murcia,2018,1,2018T1,66.09,56.24,14.9,51.86,39.8,23.26,58.93,47.97,18.6
30,Murcia,2018,2,2018T2,67.06,58.32,13.03,52.06,41.42,20.44,59.51,49.81,16.29
30,Murcia,2018,3,2018T3,66.49,57.42,13.63,52.12,41.83,19.73,59.25,49.57,16.33
30,Murcia,2018,4,2018T4,66.39,58.39,12.05,52.83,42.0,20.5,59.56,50.14,15.83
30,Murcia,2019,1,2019T1,66.2,58.53,11.59,51.25,41.19,19.62,58.67,49.8,15.12
30,Murcia,2019,2,2019T2,66.49,59.33,10.77,51.79,43.17,16.65,59.09,51.2,13.36
30,Murcia,2019,3,2019T3,66.26,58.17,12.2,52.0,43.36,16.62,59.08,50.71,14.16
30,Murcia,2019,4,2019T4,66.68,58.05,12.95,52.7,42.17,19.98,59.64,50.06,16.08
30,Murcia,2020,1,2020T1,66.3,56.88,14.21,51.81,41.81,19.31,59.01,49.3,16.46
30,Murcia,2020,2,2020T2,64.82,56.43,12.94,49.04,39.66,19.12,56.88,47.99,15.62
30,Murcia,2020,3,2020T3,68.28,58.3,14.62,53.12,42.24,20.48,60.65,50.22,17.21
30,Murcia,2020,4,2020T4,66.16,57.83,12.59,51.55,41.79,18.94,58.81,49.75,15.39
30,Murcia,2021,1,2021T1,67.44,58.16,13.76,51.23,40.51,20.92,59.28,49.27,16.88
30,Murcia,2021,2,2021T2,68.48,60.56,11.56,52.05,43.57,16.3,60.21,52.01,13.62
30,Murcia,2021,3,2021T3,68.42,59.34,13.26,54.54,44.95,17.58,61.42,52.09,15.2
30,Murcia,2021,4,2021T4,67.57,60.25,10.83,52.22,43.76,16.2,59.84,51.95,13.19
30,Murcia,2022,1,2022T1,66.56,58.6,11.95,52.17,43.94,15.78,59.34,51.25,13.64
30,Murcia,2022,2,2022T2,65.6,58.56,10.72,53.98,46.04,14.71,59.78,52.29,12.53
30,Murcia,2022,3,2022T3,65.74,56.78,13.62,53.35,44.26,17.04,59.53,50.51,15.16
30,Murcia,2022,4,2022T4,66.55,59.24,10.98,52.65,44.46,15.54,59.57,51.82,13.01
30,Murcia,2023,1,2023T1,65.83,58.42,11.25,52.81,44.04,16.61,59.29,51.2,13.65
30,Murcia,2023,2,2023T2,66.09,58.51,11.47,52.75,45.53,13.69,59.39,51.99,12.46
30,Murcia,2023,3,2023T3,66.67,59.07,11.4,54.22,45.47,16.13,60.41,52.24,13.53
30,Murcia,2023,4,2023T4,65.97,59.6,9.66,52.62,45.41,13.7,59.26,52.47,11.46
30,Murcia,2024,1,2024T1,65.58,58.07,11.46,53.39,45.51,14.76,59.44,51.74,12.95
30,Murcia,2024,2,2024T2,65.21,58.85,9.76,55.09,46.28,15.99,60.12,52.52,12.63
30,Murcia,2024,3,2024T3,66.02,58.47,11.44,54.72,47.85,12.55,60.33,53.12,11.95
30,Murcia,2024,4,2024T4,65.9,57.37,12.95,52.32,45.02,13.95,59.06,51.15,13.4
30,Murcia,2025,1,2025T1,66.31,58.14,12.33,51.79,44.81,13.47,59.01,51.44,12.83
30,Murcia,2025,2,2025T2,67.26,60.39,10.23,52.31,45.32,13.36,59.73,52.79,11.61
30,Murcia,2025,3,2025T3,67.04,59.34,11.48,54.57,46.57,14.66,60.77,52.92,12.91
30,Murcia,2025,4,2025T4,67.19,60.79,9.53,53.4,46.48,12.97,60.28,53.61,11.06
31,Navarra,2015,1,2015T1,64.81,55.46,14.43,52.69,43.65,17.15,58.68,49.49,15.66
31,Navarra,2015,2,2015T2,63.89,56.29,11.9,53.35,46.25,13.31,58.56,51.21,12.55
31,Navarra,2015,3,2015T3,64.52,56.57,12.32,54.19,46.05,15.02,59.29,51.25,13.57
31,Navarra,2015,4,2015T4,63.06,55.46,12.06,54.38,46.12,15.2,58.67,50.73,13.53
31,Navarra,2016,1,2016T1,63.6,56.0,11.96,54.13,44.99,16.88,58.8,50.42,14.25
31,Navarra,2016,2,2016T2,61.95,54.97,11.27,52.52,44.34,15.57,57.17,49.58,13.27
31,Navarra,2016,3,2016T3,64.43,57.18,11.25,54.31,46.84,13.76,59.3,51.94,12.41
31,Navarra,2016,4,2016T4,63.69,57.81,9.23,54.26,48.35,10.9,58.91,53.01,10.01
31,Navarra,2017,1,2017T1,63.73,58.42,8.33,53.8,47.1,12.45,58.69,52.68,10.25
31,Navarra,2017,2,2017T2,64.88,60.21,7.2,54.47,46.62,14.43,59.6,53.31,10.55
31,Navarra,2017,3,2017T3,65.73,60.75,7.58,53.15,45.68,14.05,59.34,53.1,10.52
31,Navarra,2017,4,2017T4,63.84,58.84,7.84,54.01,47.7,11.69,58.85,53.18,9.63
31,Navarra,2018,1,2018T1,62.76,56.46,10.04,54.18,48.17,11.1,58.4,52.25,10.54
31,Navarra,2018,2,2018T2,63.95,58.11,9.14,55.22,49.25,10.82,59.52,53.61,9.93
31,Navarra,2018,3,2018T3,64.16,58.99,8.05,54.24,48.02,11.48,59.12,53.42,9.65
31,Navarra,2018,4,2018T4,62.9,57.18,9.11,55.86,49.74,10.96,59.33,53.4,9.99
31,Navarra,2019,1,2019T1,62.32,57.31,8.04,53.34,48.88,8.37,57.76,53.03,8.19
31,Navarra,2019,2,2019T2,64.43,60.06,6.78,54.29,49.68,8.5,59.28,54.79,7.58
31,Navarra,2019,3,2019T3,63.86,59.62,6.64,54.01,48.63,9.96,58.86,54.04,8.19
31,Navarra,2019,4,2019T4,63.29,58.15,8.12,54.13,48.71,10.02,58.64,53.35,9.01
31,Navarra,2020,1,2020T1,62.95,57.77,8.23,52.13,47.48,8.92,57.45,52.54,8.55
31,Navarra,2020,2,2020T2,61.7,55.44,10.13,49.97,44.96,10.01,55.74,50.12,10.08
31,Navarra,2020,3,2020T3,62.47,56.06,10.26,52.19,47.2,9.57,57.25,51.56,9.94
31,Navarra,2020,4,2020T4,62.73,55.61,11.34,53.55,47.13,12.0,58.07,51.3,11.65
31,Navarra,2021,1,2021T1,61.66,54.55,11.54,53.45,47.32,11.47,57.5,50.88,11.51
31,Navarra,2021,2,2021T2,61.66,54.93,10.93,54.52,49.22,9.72,58.05,52.04,10.36
31,Navarra,2021,3,2021T3,62.03,54.37,12.35,55.37,50.07,9.58,58.66,52.19,11.03
31,Navarra,2021,4,2021T4,62.96,55.79,11.4,54.1,49.61,8.3,58.48,52.66,9.95
31,Navarra,2022,1,2022T1,62.83,55.45,11.74,54.78,49.37,9.87,58.74,52.36,10.86
31,Navarra,2022,2,2022T2,63.53,58.29,8.26,53.9,48.48,10.05,58.65,53.31,9.09
31,Navarra,2022,3,2022T3,63.61,58.98,7.28,53.28,47.63,10.6,58.36,53.21,8.82
31,Navarra,2022,4,2022T4,64.38,58.08,9.79,54.05,48.32,10.61,59.14,53.13,10.17
31,Navarra,2023,1,2023T1,63.42,55.94,11.79,53.68,46.86,12.71,58.48,51.33,12.22
31,Navarra,2023,2,2023T2,63.23,58.2,7.95,53.96,48.6,9.94,58.52,53.32,8.88
31,Navarra,2023,3,2023T3,64.0,58.13,9.16,54.76,49.43,9.73,59.31,53.72,9.43
31,Navarra,2023,4,2023T4,63.31,58.42,7.73,54.5,48.53,10.97,58.84,53.39,9.25
31,Navarra,2024,1,2024T1,63.88,58.2,8.89,53.76,49.06,8.74,58.75,53.57,8.82
31,Navarra,2024,2,2024T2,63.92,59.49,6.93,55.3,50.89,7.97,59.55,55.13,7.42
31,Navarra,2024,3,2024T3,63.2,59.19,6.34,55.6,50.46,9.24,59.35,54.76,7.72
31,Navarra,2024,4,2024T4,63.35,59.77,5.66,55.57,51.31,7.65,59.4,55.48,6.6
31,Navarra,2025,1,2025T1,63.14,58.53,7.3,53.53,49.4,7.71,58.26,53.9,7.49
31,Navarra,2025,2,2025T2,64.32,59.81,7.01,54.96,50.08,8.88,59.58,54.88,7.88
31,Navarra,2025,3,2025T3,63.18,60.15,4.8,53.52,48.08,10.17,58.3,54.05,7.29
31,Navarra,2025,4,2025T4,64.1,59.83,6.66,55.33,49.95,9.71,59.65,54.82,8.1
32,Ourense,2015,1,2015T1,51.58,39.12,24.15,46.2,35.73,22.66,48.78,37.36,23.42
32,Ourense,2015,2,2015T2,50.91,40.2,21.04,44.7,35.27,21.09,47.68,37.64,21.06
32,Ourense,2015,3,2015T3,50.48,42.81,15.21,44.57,35.15,21.14,47.41,38.82,18.11
32,Ourense,2015,4,2015T4,49.53,40.88,17.48,45.1,36.03,20.11,47.23,38.36,18.78
32,Ourense,2016,1,2016T1,48.0,38.47,19.86,45.15,35.31,21.78,46.52,36.83,20.83
32,Ourense,2016,2,2016T2,51.44,40.84,20.6,45.17,36.06,20.16,48.18,38.36,20.39
32,Ourense,2016,3,2016T3,54.25,44.64,17.7,43.8,36.05,17.7,48.81,40.17,17.7
32,Ourense,2016,4,2016T4,52.47,43.04,17.98,44.74,35.53,20.6,48.45,39.13,19.24
32,Ourense,2017,1,2017T1,52.62,41.8,20.56,45.48,36.31,20.15,48.91,38.95,20.36
32,Ourense,2017,2,2017T2,51.3,43.34,15.51,43.37,35.71,17.67,47.17,39.37,16.54
32,Ourense,2017,3,2017T3,52.15,45.39,12.96,43.79,35.98,17.84,47.8,40.49,15.29
32,Ourense,2017,4,2017T4,52.19,45.63,12.56,43.8,37.26,14.93,47.82,41.28,13.69
32,Ourense,2018,1,2018T1,51.65,44.25,14.34,44.31,38.01,14.21,47.83,41.0,14.27
32,Ourense,2018,2,2018T2,51.44,45.82,10.94,45.45,38.23,15.89,48.32,41.87,13.36
32,Ourense,2018,3,2018T3,51.81,46.2,10.83,44.66,36.66,17.91,48.09,41.24,14.25
32,Ourense,2018,4,2018T4,51.33,44.42,13.46,44.41,38.74,12.76,47.72,41.46,13.12
32,Ourense,2019,1,2019T1,51.76,44.12,14.77,44.32,37.68,14.99,47.89,40.77,14.87
32,Ourense,2019,2,2019T2,52.45,46.68,11.0,42.9,38.26,10.84,47.48,42.29,10.92
32,Ourense,2019,3,2019T3,51.1,45.01,11.91,44.02,37.73,14.3,47.41,41.22,13.06
32,Ourense,2019,4,2019T4,50.72,44.83,11.62,45.0,38.61,14.2,47.74,41.59,12.88
32,Ourense,2020,1,2020T1,52.07,45.56,12.52,43.82,37.76,13.83,47.77,41.49,13.15
32,Ourense,2020,2,2020T2,50.64,44.4,12.32,42.96,37.03,13.81,46.64,40.56,13.04
32,Ourense,2020,3,2020T3,53.63,48.65,9.29,42.69,37.65,11.8,47.93,42.92,10.45
32,Ourense,2020,4,2020T4,51.56,47.04,8.77,43.15,38.02,11.89,47.19,42.35,10.26
32,Ourense,2021,1,2021T1,51.75,46.24,10.65,44.5,38.89,12.6,47.96,42.4,11.59
32,Ourense,2021,2,2021T2,52.69,46.98,10.85,43.99,37.74,14.21,48.16,42.16,12.45
32,Ourense,2021,3,2021T3,53.52,48.62,9.16,44.11,39.6,10.23,48.61,43.91,9.67
32,Ourense,2021,4,2021T4,52.33,47.0,10.18,44.18,39.77,9.97,48.09,43.24,10.08
32,Ourense,2022,1,2022T1,51.84,45.72,11.81,45.29,40.09,11.48,48.43,42.79,11.65
32,Ourense,2022,2,2022T2,51.86,46.63,10.1,45.93,40.74,11.29,48.76,43.55,10.68
32,Ourense,2022,3,2022T3,51.84,47.25,8.86,46.82,39.87,14.84,49.22,43.39,11.84
32,Ourense,2022,4,2022T4,49.8,44.32,11.01,45.61,39.89,12.56,47.61,42.0,11.78
32,Ourense,2023,1,2023T1,49.05,43.5,11.32,46.01,40.82,11.28,47.46,42.1,11.3
32,Ourense,2023,2,2023T2,51.47,46.86,8.95,47.35,43.09,9.0,49.32,44.89,8.98
32,Ourense,2023,3,2023T3,51.65,47.82,7.41,46.77,42.35,9.46,49.1,44.96,8.43
32,Ourense,2023,4,2023T4,52.31,47.34,9.51,46.85,42.34,9.63,49.46,44.73,9.57
32,Ourense,2024,1,2024T1,51.85,46.17,10.95,46.57,41.93,9.97,49.08,43.94,10.46
32,Ourense,2024,2,2024T2,51.82,46.0,11.22,45.13,40.11,11.11,48.32,42.92,11.17
32,Ourense,2024,3,2024T3,53.38,46.9,12.14,46.12,42.05,8.84,49.6,44.37,10.54
32,Ourense,2024,4,2024T4,53.4,46.68,12.58,44.3,39.5,10.82,48.66,42.94,11.75
32,Ourense,2025,1,2025T1,50.06,44.44,11.22,44.58,39.52,11.35,47.21,41.88,11.28
32,Ourense,2025,2,2025T2,49.91,44.68,10.48,45.5,41.3,9.22,47.61,42.92,9.85
32,Ourense,2025,3,2025T3,52.44,47.73,8.98,43.19,39.51,8.52,47.62,43.45,8.76
32,Ourense,2025,4,2025T4,49.61,46.5,6.26,45.85,41.36,9.78,47.65,43.82,8.03
33,Asturias,2015,1,2015T1,55.11,44.97,18.41,45.62,36.67,19.63,50.13,40.61,18.99
33,Asturias,2015,2,2015T2,55.17,43.34,21.43,46.34,37.64,18.77,50.53,40.35,20.15
33,Asturias,2015,3,2015T3,56.12,46.3,17.5,47.17,39.43,16.4,51.42,42.69,16.97
33,Asturias,2015,4,2015T4,55.8,44.06,21.03,48.18,38.74,19.59,51.8,41.27,20.33
33,Asturias,2016,1,2016T1,55.61,44.45,20.07,47.5,38.53,18.89,51.35,41.34,19.5
33,Asturias,2016,2,2016T2,56.88,44.75,21.32,47.82,39.64,17.11,52.12,42.06,19.29
33,Asturias,2016,3,2016T3,57.59,46.71,18.89,47.63,40.46,15.05,52.36,43.43,17.05
33,Asturias,2016,4,2016T4,55.65,47.32,14.96,46.62,40.0,14.19,50.9,43.48,14.59
33,Asturias,2017,1,2017T1,55.76,48.06,13.81,46.37,39.56,14.7,50.83,43.59,14.23
33,Asturias,2017,2,2017T2,55.94,49.06,12.3,46.84,40.36,13.83,51.15,44.49,13.03
33,Asturias,2017,3,2017T3,55.75,47.97,13.94,46.31,40.81,11.87,50.79,44.21,12.95
33,Asturias,2017,4,2017T4,54.9,47.22,13.99,46.85,39.67,15.32,50.67,43.25,14.64
33,Asturias,2018,1,2018T1,55.0,47.27,14.05,47.29,39.71,16.04,50.95,43.29,15.02
33,Asturias,2018,2,2018T2,55.04,49.08,10.82,46.99,39.71,15.51,50.81,44.16,13.1
33,Asturias,2018,3,2018T3,55.96,48.67,13.03,46.64,40.16,13.9,51.06,44.19,13.45
33,Asturias,2018,4,2018T4,54.16,47.9,11.55,46.77,40.11,14.23,50.27,43.81,12.86
33,Asturias,2019,1,2019T1,55.17,47.46,13.97,47.08,39.48,16.15,50.92,43.27,15.03
33,Asturias,2019,2,2019T2,54.22,47.52,12.35,46.89,39.35,16.07,50.37,43.23,14.17
33,Asturias,2019,3,2019T3,55.22,47.4,14.17,46.69,39.82,14.71,50.74,43.41,14.43
33,Asturias,2019,4,2019T4,54.98,47.99,12.71,46.98,40.59,13.59,50.77,44.1,13.14
33,Asturias,2020,1,2020T1,54.76,47.19,13.83,47.52,40.42,14.94,50.95,43.63,14.37
33,Asturias,2020,2,2020T2,53.02,44.78,15.53,45.2,39.18,13.3,48.91,41.84,14.45
33,Asturias,2020,3,2020T3,54.39,47.17,13.28,46.12,39.16,15.1,50.05,42.96,14.16
33,Asturias,2020,4,2020T4,54.71,47.69,12.84,46.09,39.55,14.2,50.18,43.41,13.5
33,Asturias,2021,1,2021T1,55.01,48.22,12.34,46.32,39.28,15.21,50.42,43.5,13.73
33,Asturias,2021,2,2021T2,55.44,48.8,11.98,46.58,39.62,14.95,50.76,43.95,13.42
33,Asturias,2021,3,2021T3,55.52,49.22,11.35,46.41,40.43,12.89,50.72,44.59,12.09
33,Asturias,2021,4,2021T4,55.28,49.98,9.6,44.8,40.02,10.66,49.75,44.72,10.1
33,Asturias,2022,1,2022T1,55.14,49.87,9.57,44.75,38.48,14.01,49.66,43.86,11.68
33,Asturias,2022,2,2022T2,54.04,48.07,11.05,43.91,38.56,12.19,48.69,43.04,11.6
33,Asturias,2022,3,2022T3,54.35,47.86,11.96,45.35,39.33,13.27,49.6,43.36,12.59
33,Asturias,2022,4,2022T4,54.07,46.26,14.45,45.87,39.49,13.91,49.74,42.69,14.18
33,Asturias,2023,1,2023T1,52.51,45.89,12.62,46.26,39.97,13.58,49.21,42.77,13.1
33,Asturias,2023,2,2023T2,53.25,48.32,9.25,46.87,41.46,11.53,49.88,44.71,10.38
33,Asturias,2023,3,2023T3,54.86,48.05,12.42,47.92,41.02,14.4,51.2,44.35,13.39
33,Asturias,2023,4,2023T4,53.39,47.39,11.24,47.05,41.4,12.01,50.05,44.23,11.62
33,Asturias,2024,1,2024T1,53.53,48.41,9.57,48.38,41.99,13.21,50.81,45.02,11.4
33,Asturias,2024,2,2024T2,54.88,48.75,11.18,46.96,41.12,12.44,50.7,44.72,11.79
33,Asturias,2024,3,2024T3,56.6,52.06,8.02,47.75,42.7,10.59,51.94,47.13,9.26
33,Asturias,2024,4,2024T4,57.19,52.52,8.16,47.65,43.82,8.02,52.16,47.94,8.09
33,Asturias,2025,1,2025T1,56.44,51.83,8.16,48.9,43.76,10.51,52.47,47.58,9.31
33,Asturias,2025,2,2025T2,57.99,53.18,8.3,49.09,44.74,8.85,53.31,48.74,8.57
33,Asturias,2025,3,2025T3,57.82,53.04,8.28,47.66,42.97,9.85,52.47,47.73,9.03
33,Asturias,2025,4,2025T4,56.43,52.71,6.58,48.92,43.87,10.32,52.47,48.06,8.42
34,Palencia,2015,1,2015T1,61.75,47.87,22.48,47.91,34.03,28.98,54.73,40.85,25.36
34,Palencia,2015,2,2015T2,60.0,50.25,16.25,47.83,36.63,23.43,53.83,43.34,19.48
34,Palencia,2015,3,2015T3,64.2,54.56,15.0,49.35,39.37,20.22,56.67,46.86,17.31
34,Palencia,2015,4,2015T4,63.5,52.18,17.82,47.99,38.05,20.71,55.64,45.02,19.09
34,Palencia,2016,1,2016T1,61.52,51.31,16.6,48.0,38.56,19.67,54.67,44.85,17.97
34,Palencia,2016,2,2016T2,61.41,53.59,12.74,47.22,38.0,19.51,54.22,45.7,15.73
34,Palencia,2016,3,2016T3,65.73,58.28,11.33,45.74,38.4,16.04,55.61,48.22,13.29
34,Palencia,2016,4,2016T4,64.41,56.29,12.61,43.84,36.97,15.66,54.0,46.51,13.86
34,Palencia,2017,1,2017T1,60.76,53.36,12.17,46.87,38.88,17.04,53.73,46.03,14.32
34,Palencia,2017,2,2017T2,60.76,53.14,12.55,48.36,40.61,16.02,54.48,46.79,14.11
34,Palencia,2017,3,2017T3,60.43,54.95,9.06,49.65,40.86,17.7,54.97,47.82,13.01
34,Palencia,2017,4,2017T4,60.18,53.86,10.5,49.74,41.73,16.09,54.89,47.72,13.07
34,Palencia,2018,1,2018T1,58.77,53.12,9.62,49.38,41.61,15.72,54.02,47.29,12.44
34,Palencia,2018,2,2018T2,61.05,56.66,7.2,47.18,41.73,11.55,54.03,49.1,9.12
34,Palencia,2018,3,2018T3,60.44,54.81,9.32,46.66,39.99,14.29,53.46,47.31,11.52
34,Palencia,2018,4,2018T4,58.41,51.42,11.97,46.9,38.14,18.68,52.59,44.7,15.0
34,Palencia,2019,1,2019T1,58.81,51.71,12.09,46.33,39.54,14.66,52.5,45.55,13.24
34,Palencia,2019,2,2019T2,58.58,51.99,11.25,46.87,40.38,13.85,52.65,46.12,12.42
34,Palencia,2019,3,2019T3,58.45,55.2,5.55,47.63,43.53,8.62,52.98,49.3,6.95
34,Palencia,2019,4,2019T4,58.32,53.81,7.74,47.42,42.07,11.28,52.8,47.87,9.35
34,Palencia,2020,1,2020T1,59.52,52.23,12.25,47.05,40.88,13.1,53.2,46.48,12.63
34,Palencia,2020,2,2020T2,58.65,52.69,10.15,47.98,41.07,14.41,53.24,46.8,12.09
34,Palencia,2020,3,2020T3,59.07,53.21,9.92,46.7,40.61,13.04,52.8,46.83,11.32
34,Palencia,2020,4,2020T4,59.21,54.4,8.11,50.04,44.34,11.39,54.56,49.3,9.64
34,Palencia,2021,1,2021T1,56.63,50.52,10.79,47.98,42.34,11.76,52.25,46.38,11.24
34,Palencia,2021,2,2021T2,59.01,53.73,8.94,48.48,43.16,10.98,53.68,48.38,9.87
34,Palencia,2021,3,2021T3,58.71,54.18,7.72,47.57,42.91,9.79,53.09,48.5,8.65
34,Palencia,2021,4,2021T4,57.93,52.73,8.98,47.87,42.29,11.66,52.83,47.43,10.21
34,Palencia,2022,1,2022T1,56.43,49.9,11.57,49.33,44.55,9.68,52.83,47.19,10.67
34,Palencia,2022,2,2022T2,58.71,51.6,12.11,51.14,46.51,9.06,54.86,49.01,10.66
34,Palencia,2022,3,2022T3,61.02,57.83,5.23,51.13,45.43,11.16,55.99,51.52,7.98
34,Palencia,2022,4,2022T4,61.0,55.7,8.69,48.78,44.5,8.76,54.79,50.01,8.72
34,Palencia,2023,1,2023T1,59.97,53.93,10.08,48.03,41.4,13.81,53.92,47.57,11.76
34,Palencia,2023,2,2023T2,61.03,57.26,6.18,48.91,42.8,12.49,54.89,49.93,9.03
34,Palencia,2023,3,2023T3,61.71,58.55,5.13,48.48,44.04,9.15,55.03,51.22,6.92
34,Palencia,2023,4,2023T4,62.31,59.35,4.75,48.69,43.64,10.36,55.44,51.43,7.23
34,Palencia,2024,1,2024T1,60.66,56.14,7.45,47.37,43.13,8.95,53.96,49.58,8.11
34,Palencia,2024,2,2024T2,58.16,55.34,4.86,48.32,43.55,9.86,53.21,49.41,7.14
34,Palencia,2024,3,2024T3,61.53,58.56,4.83,49.07,45.5,7.27,55.24,51.97,5.92
34,Palencia,2024,4,2024T4,56.66,53.15,6.19,49.76,46.0,7.55,53.19,49.55,6.83
34,Palencia,2025,1,2025T1,54.84,49.23,10.23,48.03,44.29,7.79,51.4,46.74,9.08
34,Palencia,2025,2,2025T2,56.88,52.49,7.72,45.58,43.51,4.54,51.21,47.98,6.3
34,Palencia,2025,3,2025T3,56.66,52.95,6.55,48.04,44.17,8.04,52.34,48.55,7.23
34,Palencia,2025,4,2025T4,57.23,54.02,5.6,50.74,45.5,10.33,53.97,49.74,7.83
35,"Palmas, Las",2015,1,2015T1,70.35,49.32,29.9,56.11,37.2,33.7,63.17,43.21,31.6
35,"Palmas, Las",2015,2,2015T2,69.85,49.44,29.22,54.65,37.06,32.18,62.19,43.2,30.53
35,"Palmas, Las",2015,3,2015T3,68.85,51.32,25.46,54.25,35.27,34.98,61.48,43.23,29.7
35,"Palmas, Las",2015,4,2015T4,69.21,51.45,25.66,53.61,37.45,30.15,61.34,44.38,27.64
35,"Palmas, Las",2016,1,2016T1,67.97,51.93,23.59,53.34,38.2,28.39,60.59,45.0,25.73
35,"Palmas, Las",2016,2,2016T2,66.73,50.27,24.66,55.01,38.24,30.49,60.82,44.2,27.32
35,"Palmas, Las",2016,3,2016T3,66.67,50.33,24.5,54.62,38.39,29.72,60.59,44.3,26.88
35,"Palmas, Las",2016,4,2016T4,64.76,49.64,23.35,55.01,39.91,27.45,59.84,44.73,25.25
35,"Palmas, Las",2017,1,2017T1,64.66,47.44,26.62,56.03,40.47,27.77,60.3,43.92,27.16
35,"Palmas, Las",2017,2,2017T2,66.54,50.69,23.83,57.36,40.92,28.66,61.9,45.75,26.09
35,"Palmas, Las",2017,3,2017T3,65.98,53.12,19.48,56.08,40.29,28.16,60.98,46.64,23.51
35,"Palmas, Las",2017,4,2017T4,66.66,53.27,20.09,56.18,43.2,23.1,61.36,48.18,21.48
35,"Palmas, Las",2018,1,2018T1,65.62,52.92,19.35,56.28,43.49,22.74,60.9,48.15,20.93
35,"Palmas, Las",2018,2,2018T2,65.43,53.68,17.95,55.42,43.35,21.79,60.37,48.46,19.73
35,"Palmas, Las",2018,3,2018T3,66.69,53.53,19.73,57.44,46.08,19.78,62.01,49.76,19.75
35,"Palmas, Las",2018,4,2018T4,64.87,51.67,20.36,57.56,45.64,20.71,61.18,48.62,20.53
35,"Palmas, Las",2019,1,2019T1,64.17,48.85,23.87,55.17,42.98,22.09,59.62,45.88,23.04
35,"Palmas, Las",2019,2,2019T2,64.5,49.88,22.66,55.95,42.41,24.2,60.18,46.1,23.38
35,"Palmas, Las",2019,3,2019T3,63.43,51.05,19.51,55.73,40.92,26.58,59.53,45.93,22.86
35,"Palmas, Las",2019,4,2019T4,65.91,54.12,17.88,56.51,44.33,21.55,61.15,49.17,19.6
35,"Palmas, Las",2020,1,2020T1,63.36,53.24,15.97,57.16,46.29,19.01,60.22,49.73,17.43
35,"Palmas, Las",2020,2,2020T2,60.31,47.15,21.82,51.19,41.53,18.88,55.69,44.3,20.45
35,"Palmas, Las",2020,3,2020T3,59.57,46.76,21.51,52.29,37.85,27.62,55.89,42.25,24.41
35,"Palmas, Las",2020,4,2020T4,60.23,45.88,23.83,54.02,38.84,28.11,57.08,42.31,25.88
35,"Palmas, Las",2021,1,2021T1,58.02,42.61,26.56,52.77,39.1,25.89,55.37,40.84,26.24
35,"Palmas, Las",2021,2,2021T2,58.78,44.81,23.78,55.93,41.76,25.34,57.34,43.27,24.55
35,"Palmas, Las",2021,3,2021T3,64.31,49.18,23.52,57.67,42.26,26.72,60.95,45.68,25.05
35,"Palmas, Las",2021,4,2021T4,63.49,52.04,18.02,56.87,46.2,18.78,60.14,49.09,18.38
35,"Palmas, Las",2022,1,2022T1,63.62,51.74,18.68,56.79,43.77,22.92,60.16,47.7,20.71
35,"Palmas, Las",2022,2,2022T2,65.67,54.3,17.31,55.82,45.86,17.85,60.68,50.02,17.56
35,"Palmas, Las",2022,3,2022T3,66.16,55.94,15.45,57.47,46.03,19.91,61.76,50.92,17.55
35,"Palmas, Las",2022,4,2022T4,66.43,58.01,12.67,55.7,47.68,14.39,61.0,52.79,13.46
35,"Palmas, Las",2023,1,2023T1,67.06,57.21,14.68,57.79,48.22,16.56,62.35,52.65,15.57
35,"Palmas, Las",2023,2,2023T2,65.67,57.31,12.73,54.66,45.18,17.34,60.08,51.15,14.86
35,"Palmas, Las",2023,3,2023T3,65.64,57.2,12.86,55.81,46.69,16.34,60.67,51.88,14.48
35,"Palmas, Las",2023,4,2023T4,64.83,55.68,14.1,57.36,47.85,16.57,61.05,51.72,15.28
35,"Palmas, Las",2024,1,2024T1,66.06,56.82,13.99,56.72,47.03,17.08,61.32,51.85,15.44
35,"Palmas, Las",2024,2,2024T2,64.94,56.79,12.55,55.97,47.65,14.86,60.39,52.16,13.64
35,"Palmas, Las",2024,3,2024T3,64.38,55.92,13.14,55.79,46.32,16.98,60.01,51.03,14.96
35,"Palmas, Las",2024,4,2024T4,65.22,58.23,10.73,55.62,48.11,13.5,60.36,53.11,12.02
35,"Palmas, Las",2025,1,2025T1,63.67,55.4,12.99,58.53,49.37,15.66,61.08,52.36,14.28
35,"Palmas, Las",2025,2,2025T2,64.36,55.91,13.13,57.36,47.27,17.6,60.83,51.55,15.26
35,"Palmas, Las",2025,3,2025T3,65.71,55.71,15.22,56.48,46.87,17.0,61.04,51.24,16.05
35,"Palmas, Las",2025,4,2025T4,65.1,57.57,11.57,58.11,49.37,15.05,61.57,53.43,13.23
36,Pontevedra,2015,1,2015T1,60.51,45.44,24.91,48.55,35.75,26.36,54.29,40.4,25.58
36,Pontevedra,2015,2,2015T2,60.39,46.96,22.25,49.62,37.43,24.56,54.79,42.0,23.34
36,Pontevedra,2015,3,2015T3,60.42,48.85,19.15,49.45,38.59,21.96,54.71,43.51,20.47
36,Pontevedra,2015,4,2015T4,60.18,48.16,19.97,48.45,38.26,21.04,54.08,43.01,20.47
36,Pontevedra,2016,1,2016T1,60.18,47.85,20.48,48.43,38.31,20.89,54.07,42.89,20.67
36,Pontevedra,2016,2,2016T2,60.0,48.18,19.7,48.97,38.47,21.45,54.26,43.13,20.52
36,Pontevedra,2016,3,2016T3,60.2,49.42,17.91,49.21,40.42,17.86,54.48,44.74,17.89
36,Pontevedra,2016,4,2016T4,59.62,48.63,18.43,48.62,39.62,18.52,53.9,43.95,18.47
36,Pontevedra,2017,1,2017T1,58.77,47.5,19.17,49.53,39.56,20.14,53.96,43.37,19.63
36,Pontevedra,2017,2,2017T2,58.0,47.25,18.53,50.48,40.65,19.47,54.09,43.82,18.99
36,Pontevedra,2017,3,2017T3,58.43,49.28,15.65,50.39,41.23,18.18,54.25,45.1,16.87
36,Pontevedra,2017,4,2017T4,57.96,47.79,17.54,49.34,40.46,18.0,53.47,43.98,17.76
36,Pontevedra,2018,1,2018T1,57.81,47.9,17.13,49.98,39.84,20.29,53.73,43.71,18.66
36,Pontevedra,2018,2,2018T2,58.22,49.48,15.01,50.68,41.65,17.82,54.3,45.4,16.38
36,Pontevedra,2018,3,2018T3,58.58,50.79,13.3,49.66,41.65,16.13,53.94,46.03,14.65
36,Pontevedra,2018,4,2018T4,58.4,50.61,13.33,48.58,41.03,15.54,53.29,45.63,14.38
36,Pontevedra,2019,1,2019T1,58.06,49.32,15.04,49.37,41.12,16.72,53.54,45.06,15.85
36,Pontevedra,2019,2,2019T2,58.64,50.45,13.96,49.33,42.11,14.64,53.79,46.11,14.28
36,Pontevedra,2019,3,2019T3,59.07,52.41,11.29,49.87,42.27,15.25,54.29,47.13,13.18
36,Pontevedra,2019,4,2019T4,58.06,50.91,12.33,49.01,41.39,15.54,53.35,45.95,13.86
36,Pontevedra,2020,1,2020T1,60.22,51.71,14.13,48.81,40.73,16.57,54.28,45.99,15.27
36,Pontevedra,2020,2,2020T2,57.49,49.98,13.07,46.48,39.59,14.81,51.76,44.57,13.88
36,Pontevedra,2020,3,2020T3,59.3,51.75,12.73,48.58,40.98,15.63,53.72,46.15,14.1
36,Pontevedra,2020,4,2020T4,58.29,51.9,10.97,48.57,40.88,15.82,53.23,46.17,13.27
36,Pontevedra,2021,1,2021T1,58.3,50.87,12.74,47.86,39.5,17.48,52.86,44.94,14.98
36,Pontevedra,2021,2,2021T2,58.34,51.18,12.28,49.49,41.25,16.63,53.72,45.99,14.37
36,Pontevedra,2021,3,2021T3,59.18,52.89,10.63,49.84,42.04,15.65,54.31,47.23,13.04
36,Pontevedra,2021,4,2021T4,57.77,51.71,10.49,49.05,41.75,14.88,53.21,46.51,12.6
36,Pontevedra,2022,1,2022T1,58.82,52.3,11.09,49.93,41.87,16.14,54.18,46.86,13.52
36,Pontevedra,2022,2,2022T2,58.72,52.1,11.26,49.31,42.71,13.38,53.81,47.21,12.27
36,Pontevedra,2022,3,2022T3,59.13,52.24,11.66,48.88,41.62,14.86,53.78,46.7,13.18
36,Pontevedra,2022,4,2022T4,58.81,52.72,10.35,49.19,42.74,13.1,53.78,47.51,11.66
36,Pontevedra,2023,1,2023T1,58.93,52.9,10.24,48.98,42.28,13.67,53.74,47.36,11.87
36,Pontevedra,2023,2,2023T2,60.04,53.58,10.75,48.38,43.39,10.32,53.96,48.27,10.55
36,Pontevedra,2023,3,2023T3,60.32,54.09,10.33,49.58,43.86,11.54,54.71,48.75,10.9
36,Pontevedra,2023,4,2023T4,58.9,53.56,9.07,49.74,43.6,12.35,54.11,48.35,10.65
36,Pontevedra,2024,1,2024T1,59.08,51.74,12.42,50.08,43.15,13.83,54.37,47.25,13.1
36,Pontevedra,2024,2,2024T2,59.24,53.01,10.52,50.95,44.26,13.12,54.91,48.44,11.78
36,Pontevedra,2024,3,2024T3,59.51,53.87,9.47,52.26,46.43,11.15,55.72,49.99,10.29
36,Pontevedra,2024,4,2024T4,58.75,53.93,8.2,52.33,46.19,11.72,55.39,49.89,9.94
36,Pontevedra,2025,1,2025T1,57.86,52.78,8.77,52.67,46.63,11.47,55.15,49.57,10.12
36,Pontevedra,2025,2,2025T2,59.09,53.13,10.1,52.03,46.64,10.35,55.41,49.75,10.22
36,Pontevedra,2025,3,2025T3,59.07,53.98,8.62,54.55,48.17,11.71,56.71,50.94,10.17
36,Pontevedra,2025,4,2025T4,58.75,52.44,10.74,53.75,49.3,8.28,56.14,50.8,9.51
37,Salamanca,2015,1,2015T1,58.21,50.71,12.9,46.99,35.47,24.51,52.43,42.85,18.26
37,Salamanca,2015,2,2015T2,61.66,53.64,13.0,47.77,38.16,20.12,54.5,45.66,16.22
37,Salamanca,2015,3,2015T3,62.92,55.48,11.83,47.8,40.3,15.7,55.12,47.65,13.56
37,Salamanca,2015,4,2015T4,60.18,52.98,11.96,49.56,39.58,20.13,54.7,46.07,15.78
37,Salamanca,2016,1,2016T1,59.75,50.51,15.46,44.94,36.34,19.15,52.11,43.2,17.1
37,Salamanca,2016,2,2016T2,59.27,50.29,15.15,46.68,37.37,19.94,52.78,43.63,17.33
37,Salamanca,2016,3,2016T3,59.78,51.92,13.16,46.83,38.51,17.76,53.1,45.0,15.26
37,Salamanca,2016,4,2016T4,58.7,49.45,15.76,44.5,37.03,16.78,51.38,43.04,16.22
37,Salamanca,2017,1,2017T1,57.59,48.79,15.29,47.14,38.01,19.36,52.2,43.23,17.19
37,Salamanca,2017,2,2017T2,58.89,50.02,15.07,47.59,39.24,17.55,53.06,44.45,16.22
37,Salamanca,2017,3,2017T3,59.69,53.78,9.9,49.03,41.51,15.34,54.19,47.45,12.44
37,Salamanca,2017,4,2017T4,60.69,54.44,10.3,46.91,39.91,14.92,53.58,46.94,12.39
37,Salamanca,2018,1,2018T1,60.73,53.36,12.15,46.04,38.45,16.49,53.15,45.66,14.09
37,Salamanca,2018,2,2018T2,61.5,54.62,11.19,46.96,39.97,14.89,54.0,47.06,12.85
37,Salamanca,2018,3,2018T3,62.31,54.75,12.13,47.03,40.12,14.7,54.42,47.2,13.27
37,Salamanca,2018,4,2018T4,61.72,54.67,11.42,44.4,38.55,13.17,52.78,46.35,12.18
37,Salamanca,2019,1,2019T1,61.16,54.41,11.03,45.32,38.28,15.52,52.98,46.09,13.01
37,Salamanca,2019,2,2019T2,61.91,54.17,12.49,45.87,38.08,16.98,53.63,45.87,14.47
37,Salamanca,2019,3,2019T3,60.02,52.51,12.51,46.62,40.18,13.81,53.11,46.15,13.1
37,Salamanca,2019,4,2019T4,60.5,54.18,10.45,46.5,38.98,16.17,53.28,46.34,13.02
37,Salamanca,2020,1,2020T1,59.32,53.15,10.41,46.51,38.85,16.47,52.71,45.77,13.17
37,Salamanca,2020,2,2020T2,57.15,50.42,11.77,44.0,38.19,13.21,50.36,44.11,12.42
37,Salamanca,2020,3,2020T3,58.88,51.88,11.88,44.3,38.39,13.35,51.35,44.92,12.53
37,Salamanca,2020,4,2020T4,57.39,50.26,12.41,48.55,39.12,19.44,52.83,44.51,15.75
37,Salamanca,2021,1,2021T1,57.47,49.84,13.28,48.3,38.16,20.98,52.73,43.8,16.93
37,Salamanca,2021,2,2021T2,57.82,52.62,8.99,47.62,39.34,17.4,52.55,45.75,12.93
37,Salamanca,2021,3,2021T3,59.21,54.61,7.77,49.3,41.07,16.7,54.11,47.63,11.96
37,Salamanca,2021,4,2021T4,59.86,54.18,9.48,46.79,40.24,14.0,53.13,47.0,11.53
37,Salamanca,2022,1,2022T1,60.62,54.57,9.97,48.57,41.26,15.04,54.42,47.73,12.3
37,Salamanca,2022,2,2022T2,60.92,55.77,8.46,49.78,43.65,12.3,55.18,49.52,10.24
37,Salamanca,2022,3,2022T3,60.13,54.92,8.67,47.5,40.66,14.41,53.59,47.53,11.31
37,Salamanca,2022,4,2022T4,59.7,54.04,9.48,48.18,41.99,12.84,53.74,47.81,11.04
37,Salamanca,2023,1,2023T1,59.21,54.48,7.98,47.79,41.38,13.42,53.3,47.7,10.51
37,Salamanca,2023,2,2023T2,60.16,54.8,8.91,47.23,41.71,11.69,53.45,48.01,10.18
37,Salamanca,2023,3,2023T3,59.72,52.55,12.01,49.22,43.57,11.47,54.3,47.91,11.76
37,Salamanca,2023,4,2023T4,57.21,51.62,9.77,48.83,42.97,11.99,52.88,47.15,10.83
37,Salamanca,2024,1,2024T1,54.56,50.31,7.8,49.53,41.02,17.18,51.95,45.49,12.44
37,Salamanca,2024,2,2024T2,55.89,50.96,8.82,48.64,41.04,15.62,52.13,45.81,12.11
37,Salamanca,2024,3,2024T3,57.25,51.67,9.74,50.55,43.42,14.1,53.78,47.39,11.87
37,Salamanca,2024,4,2024T4,58.03,52.59,9.38,49.11,42.86,12.72,53.41,47.55,10.97
37,Salamanca,2025,1,2025T1,58.51,55.08,5.85,47.11,42.95,8.82,52.59,48.78,7.24
37,Salamanca,2025,2,2025T2,60.69,56.07,7.62,49.43,44.42,10.14,54.87,50.04,8.79
37,Salamanca,2025,3,2025T3,60.62,56.23,7.25,49.68,45.47,8.46,54.96,50.67,7.82
37,Salamanca,2025,4,2025T4,59.78,55.35,7.41,48.52,44.26,8.8,53.95,49.6,8.06
38,Santa Cruz de Tenerife,2015,1,2015T1,65.98,46.01,30.26,56.66,39.9,29.58,61.24,42.91,29.94
38,Santa Cruz de Tenerife,2015,2,2015T2,65.47,45.97,29.79,57.74,40.23,30.33,61.54,43.05,30.05
38,Santa Cruz de Tenerife,2015,3,2015T3,66.73,48.87,26.77,57.53,41.42,28.01,62.06,45.08,27.35
38,Santa Cruz de Tenerife,2015,4,2015T4,67.45,49.77,26.21,57.44,42.86,25.38,62.36,46.26,25.82
38,Santa Cruz de Tenerife,2016,1,2016T1,65.99,49.5,24.99,57.33,41.44,27.73,61.58,45.4,26.29
38,Santa Cruz de Tenerife,2016,2,2016T2,66.16,48.74,26.34,57.43,41.09,28.45,61.72,44.85,27.34
38,Santa Cruz de Tenerife,2016,3,2016T3,65.77,49.87,24.18,58.11,42.94,26.11,61.87,46.34,25.1
38,Santa Cruz de Tenerife,2016,4,2016T4,66.65,50.95,23.55,57.73,42.93,25.64,62.1,46.86,24.54
38,Santa Cruz de Tenerife,2017,1,2017T1,63.91,49.78,22.11,56.2,41.45,26.24,59.98,45.54,24.08
38,Santa Cruz de Tenerife,2017,2,2017T2,63.05,50.32,20.18,54.1,40.78,24.62,58.49,45.46,22.27
38,Santa Cruz de Tenerife,2017,3,2017T3,62.98,52.2,17.12,55.06,42.26,23.25,58.95,47.14,20.04
38,Santa Cruz de Tenerife,2017,4,2017T4,64.46,51.6,19.95,56.57,42.09,25.6,60.44,46.76,22.64
38,Santa Cruz de Tenerife,2018,1,2018T1,64.98,52.64,19.0,53.47,41.84,21.76,59.12,47.14,20.27
38,Santa Cruz de Tenerife,2018,2,2018T2,64.37,52.71,18.12,54.38,41.87,23.01,59.28,47.19,20.4
38,Santa Cruz de Tenerife,2018,3,2018T3,65.0,52.96,18.53,54.07,42.9,20.67,59.44,47.83,19.52
38,Santa Cruz de Tenerife,2018,4,2018T4,66.78,54.73,18.04,54.92,43.37,21.03,60.74,48.94,19.42
38,Santa Cruz de Tenerife,2019,1,2019T1,65.83,54.69,16.92,55.32,43.56,21.26,60.48,49.02,18.94
38,Santa Cruz de Tenerife,2019,2,2019T2,66.53,54.31,18.36,54.19,44.08,18.66,60.24,49.1,18.5
38,Santa Cruz de Tenerife,2019,3,2019T3,65.64,53.82,18.0,53.5,42.21,21.11,59.46,47.91,19.43
38,Santa Cruz de Tenerife,2019,4,2019T4,65.38,54.25,17.03,55.05,44.64,18.9,60.12,49.35,17.9
38,Santa Cruz de Tenerife,2020,1,2020T1,64.14,51.45,19.79,54.65,43.29,20.78,59.3,47.29,20.25
38,Santa Cruz de Tenerife,2020,2,2020T2,58.93,45.63,22.56,47.93,36.9,23.01,53.32,41.18,22.77
38,Santa Cruz de Tenerife,2020,3,2020T3,62.04,47.34,23.7,53.58,38.64,27.89,57.73,42.9,25.68
38,Santa Cruz de Tenerife,2020,4,2020T4,62.07,47.88,22.85,53.69,39.52,26.39,57.79,43.62,24.53
38,Santa Cruz de Tenerife,2021,1,2021T1,59.19,45.33,23.41,52.42,38.55,26.46,55.72,41.86,24.88
38,Santa Cruz de Tenerife,2021,2,2021T2,60.83,45.85,24.62,51.78,38.59,25.46,56.2,42.14,25.02
38,Santa Cruz de Tenerife,2021,3,2021T3,64.3,50.07,22.13,52.07,38.6,25.88,58.01,44.17,23.86
38,Santa Cruz de Tenerife,2021,4,2021T4,63.69,52.21,18.03,54.31,42.08,22.53,58.87,47.0,20.17
38,Santa Cruz de Tenerife,2022,1,2022T1,63.35,50.89,19.67,53.7,43.01,19.91,58.39,46.84,19.78
38,Santa Cruz de Tenerife,2022,2,2022T2,62.53,51.57,17.53,53.55,43.26,19.22,57.91,47.29,18.34
38,Santa Cruz de Tenerife,2022,3,2022T3,61.89,52.92,14.49,50.06,39.62,20.85,55.81,46.09,17.42
38,Santa Cruz de Tenerife,2022,4,2022T4,63.06,54.58,13.45,51.41,41.13,19.99,57.07,47.66,16.48
38,Santa Cruz de Tenerife,2023,1,2023T1,62.26,51.58,17.16,53.19,41.04,22.84,57.6,46.17,19.85
38,Santa Cruz de Tenerife,2023,2,2023T2,64.64,55.34,14.4,52.9,42.85,18.99,58.62,48.93,16.53
38,Santa Cruz de Tenerife,2023,3,2023T3,63.45,55.31,12.84,52.25,42.35,18.94,57.69,48.65,15.68
38,Santa Cruz de Tenerife,2023,4,2023T4,64.92,55.96,13.8,55.36,44.08,20.37,60.02,49.87,16.91
38,Santa Cruz de Tenerife,2024,1,2024T1,62.06,54.03,12.93,56.11,47.33,15.65,59.0,50.58,14.26
38,Santa Cruz de Tenerife,2024,2,2024T2,61.45,53.22,13.39,56.35,47.99,14.83,58.83,50.53,14.1
38,Santa Cruz de Tenerife,2024,3,2024T3,63.73,56.2,11.83,54.18,45.54,15.95,58.82,50.72,13.78
38,Santa Cruz de Tenerife,2024,4,2024T4,62.36,56.62,9.21,53.12,45.34,14.64,57.62,50.83,11.78
38,Santa Cruz de Tenerife,2025,1,2025T1,63.78,56.84,10.88,54.44,46.44,14.69,58.98,51.5,12.68
38,Santa Cruz de Tenerife,2025,2,2025T2,63.52,56.74,10.67,54.37,47.97,11.77,58.82,52.23,11.19
38,Santa Cruz de Tenerife,2025,3,2025T3,62.82,56.02,10.84,54.05,45.78,15.31,58.32,50.75,12.97
38,Santa Cruz de Tenerife,2025,4,2025T4,63.43,56.66,10.68,54.75,47.43,13.36,58.96,51.91,11.96
39,Cantabria,2015,1,2015T1,62.34,52.08,16.46,50.39,39.82,20.96,56.19,45.77,18.54
39,Cantabria,2015,2,2015T2,61.85,51.88,16.13,50.27,39.97,20.5,55.89,45.75,18.15
39,Cantabria,2015,3,2015T3,63.1,52.92,16.13,50.27,42.09,16.26,56.49,47.35,16.19
39,Cantabria,2015,4,2015T4,61.76,51.16,17.16,50.12,40.92,18.36,55.77,45.89,17.71
39,Cantabria,2016,1,2016T1,62.12,50.59,18.55,49.61,40.03,19.3,55.67,45.15,18.9
39,Cantabria,2016,2,2016T2,61.71,52.96,14.17,50.94,42.48,16.6,56.16,47.57,15.31
39,Cantabria,2016,3,2016T3,62.24,54.73,12.06,51.02,44.36,13.06,56.46,49.39,12.53
39,Cantabria,2016,4,2016T4,61.66,53.88,12.62,51.06,44.32,13.2,56.2,48.95,12.89
39,Cantabria,2017,1,2017T1,60.79,52.52,13.61,50.8,43.39,14.58,55.64,47.81,14.07
39,Cantabria,2017,2,2017T2,61.25,52.88,13.66,50.83,43.48,14.45,55.87,48.03,14.03
39,Cantabria,2017,3,2017T3,60.64,52.99,12.63,51.22,44.71,12.71,55.78,48.72,12.67
39,Cantabria,2017,4,2017T4,60.98,53.02,13.05,51.03,43.9,13.98,55.85,48.32,13.49
39,Cantabria,2018,1,2018T1,59.46,53.02,10.82,50.28,43.1,14.27,54.72,47.9,12.46
39,Cantabria,2018,2,2018T2,60.74,54.78,9.81,49.91,43.14,13.57,55.15,48.77,11.57
39,Cantabria,2018,3,2018T3,61.6,56.74,7.89,49.0,43.96,10.29,55.1,50.14,8.99
39,Cantabria,2018,4,2018T4,61.25,56.13,8.35,47.77,42.39,11.28,54.29,49.04,9.68
39,Cantabria,2019,1,2019T1,61.34,54.4,11.3,48.76,42.29,13.26,54.84,48.15,12.2
39,Cantabria,2019,2,2019T2,61.32,55.91,8.82,48.04,43.61,9.23,54.46,49.55,9.01
39,Cantabria,2019,3,2019T3,61.36,56.37,8.13,49.41,44.76,9.42,55.19,50.37,8.73
39,Cantabria,2019,4,2019T4,60.66,54.4,10.32,51.12,44.92,12.13,55.73,49.5,11.18
39,Cantabria,2020,1,2020T1,59.81,53.55,10.47,49.27,43.46,11.79,54.37,48.34,11.09
39,Cantabria,2020,2,2020T2,58.43,50.48,13.61,45.11,38.82,13.95,51.55,44.46,13.76
39,Cantabria,2020,3,2020T3,60.01,53.01,11.67,50.71,44.42,12.41,55.21,48.58,12.02
39,Cantabria,2020,4,2020T4,58.67,52.19,11.05,49.86,43.57,12.61,54.12,47.74,11.79
39,Cantabria,2021,1,2021T1,59.16,52.96,10.48,48.99,42.71,12.82,53.89,47.65,11.59
39,Cantabria,2021,2,2021T2,59.3,53.74,9.38,51.34,43.58,15.11,55.18,48.48,12.15
39,Cantabria,2021,3,2021T3,62.95,57.34,8.91,51.14,45.67,10.69,56.85,51.31,9.74
39,Cantabria,2021,4,2021T4,61.35,54.79,10.69,49.01,42.82,12.61,54.96,48.6,11.58
39,Cantabria,2022,1,2022T1,59.94,54.58,8.94,49.17,42.79,12.98,54.36,48.47,10.83
39,Cantabria,2022,2,2022T2,61.02,56.68,7.11,49.07,44.3,9.71,54.8,50.24,8.32
39,Cantabria,2022,3,2022T3,61.2,56.88,7.06,50.23,45.02,10.38,55.5,50.72,8.62
39,Cantabria,2022,4,2022T4,58.6,53.79,8.21,50.02,43.48,13.07,54.15,48.44,10.53
39,Cantabria,2023,1,2023T1,58.61,54.37,7.23,49.67,43.75,11.91,53.98,48.87,9.46
39,Cantabria,2023,2,2023T2,59.39,55.73,6.17,51.11,46.0,10.01,55.09,50.67,8.02
39,Cantabria,2023,3,2023T3,60.86,57.03,6.3,50.97,46.25,9.25,55.73,51.44,7.7
39,Cantabria,2023,4,2023T4,59.0,55.39,6.12,50.24,45.84,8.76,54.45,50.43,7.39
39,Cantabria,2024,1,2024T1,60.86,57.58,5.39,51.13,46.09,9.87,55.8,51.6,7.53
39,Cantabria,2024,2,2024T2,60.71,56.15,7.5,50.73,45.9,9.53,55.53,50.83,8.46
39,Cantabria,2024,3,2024T3,62.76,58.72,6.43,51.46,47.34,8.0,56.9,52.82,7.17
39,Cantabria,2024,4,2024T4,60.68,56.33,7.16,50.26,45.51,9.44,55.28,50.73,8.23
39,Cantabria,2025,1,2025T1,60.83,56.02,7.92,50.16,46.25,7.81,55.29,50.94,7.86
39,Cantabria,2025,2,2025T2,60.31,56.58,6.18,51.23,47.08,8.1,55.59,51.65,7.1
39,Cantabria,2025,3,2025T3,60.55,56.27,7.07,51.92,47.65,8.22,56.07,51.8,7.62
39,Cantabria,2025,4,2025T4,59.6,55.83,6.33,50.71,47.04,7.25,54.99,51.26,6.77
40,Segovia,2015,1,2015T1,67.2,57.36,14.65,53.51,44.08,17.62,60.43,50.79,15.95
40,Segovia,2015,2,2015T2,67.24,59.56,11.42,54.03,44.56,17.52,60.7,52.13,14.11
40,Segovia,2015,3,2015T3,65.35,59.61,8.78,52.28,42.13,19.42,58.88,50.96,13.45
40,Segovia,2015,4,2015T4,65.96,58.71,11.0,51.58,40.27,21.94,58.84,49.57,15.75
40,Segovia,2016,1,2016T1,65.62,55.93,14.77,53.04,42.19,20.45,59.39,49.12,17.28
40,Segovia,2016,2,2016T2,67.58,59.39,12.11,53.92,43.29,19.7,60.81,51.42,15.45
40,Segovia,2016,3,2016T3,66.82,61.81,7.5,54.63,45.9,15.99,60.78,53.93,11.28
40,Segovia,2016,4,2016T4,67.74,60.24,11.07,54.39,46.44,14.61,61.12,53.4,12.63
40,Segovia,2017,1,2017T1,66.54,60.24,9.46,55.55,46.47,16.33,61.09,53.42,12.56
40,Segovia,2017,2,2017T2,66.41,59.55,10.33,54.37,46.96,13.63,60.44,53.3,11.8
40,Segovia,2017,3,2017T3,66.59,61.13,8.2,53.31,45.88,13.94,60.0,53.56,10.73
40,Segovia,2017,4,2017T4,64.32,59.18,7.99,51.72,42.21,18.39,58.06,50.74,12.6
40,Segovia,2018,1,2018T1,64.85,58.32,10.07,49.56,40.83,17.6,57.25,49.63,13.31
40,Segovia,2018,2,2018T2,63.62,57.32,9.9,51.68,42.69,17.4,57.68,50.04,13.24
40,Segovia,2018,3,2018T3,64.87,57.67,11.1,50.58,44.56,11.92,57.76,51.14,11.45
40,Segovia,2018,4,2018T4,63.29,58.39,7.75,50.19,44.56,11.23,56.77,51.5,9.28
40,Segovia,2019,1,2019T1,64.23,58.51,8.92,48.25,42.87,11.16,56.28,50.72,9.87
40,Segovia,2019,2,2019T2,66.46,61.09,8.08,52.01,45.65,12.23,59.27,53.41,9.89
40,Segovia,2019,3,2019T3,67.13,62.26,7.26,53.28,47.96,9.99,60.24,55.14,8.46
40,Segovia,2019,4,2019T4,68.2,61.18,10.29,56.33,49.51,12.12,62.29,55.37,11.11
40,Segovia,2020,1,2020T1,65.2,59.95,8.06,52.01,46.27,11.04,58.63,53.14,9.38
40,Segovia,2020,2,2020T2,63.69,58.64,7.93,48.23,42.04,12.83,55.99,50.38,10.03
40,Segovia,2020,3,2020T3,66.2,61.27,7.45,52.53,46.82,10.88,59.4,54.08,8.96
40,Segovia,2020,4,2020T4,65.36,62.51,4.35,54.49,47.46,12.89,59.95,55.02,8.21
40,Segovia,2021,1,2021T1,64.63,58.27,9.84,48.18,43.5,9.7,56.46,50.94,9.78
40,Segovia,2021,2,2021T2,65.55,59.85,8.7,52.16,45.21,13.31,58.89,52.57,10.73
40,Segovia,2021,3,2021T3,64.74,61.83,4.49,52.97,46.69,11.86,58.88,54.29,7.79
40,Segovia,2021,4,2021T4,62.88,59.16,5.92,50.36,43.73,13.16,56.62,51.44,9.14
40,Segovia,2022,1,2022T1,63.24,59.18,6.43,50.24,44.46,11.51,56.75,51.83,8.67
40,Segovia,2022,2,2022T2,61.29,57.72,5.81,55.17,50.01,9.34,58.24,53.88,7.48
40,Segovia,2022,3,2022T3,62.09,56.83,8.48,55.74,49.43,11.32,58.91,53.13,9.82
40,Segovia,2022,4,2022T4,62.2,58.3,6.28,50.9,46.76,8.13,56.53,52.51,7.12
40,Segovia,2023,1,2023T1,62.58,58.88,5.91,51.97,47.28,9.01,57.25,53.06,7.32
40,Segovia,2023,2,2023T2,65.67,62.18,5.32,55.65,51.35,7.73,60.66,56.76,6.43
40,Segovia,2023,3,2023T3,65.6,60.31,8.07,53.05,46.09,13.11,59.33,53.2,10.32
40,Segovia,2023,4,2023T4,62.26,59.05,5.16,54.62,48.24,11.67,58.45,53.66,8.19
40,Segovia,2024,1,2024T1,63.07,58.74,6.86,54.39,50.58,7.01,58.73,54.66,6.93
40,Segovia,2024,2,2024T2,65.62,60.31,8.09,53.93,50.28,6.76,59.79,55.31,7.49
40,Segovia,2024,3,2024T3,64.63,61.55,4.78,50.46,47.15,6.57,57.57,54.37,5.56
40,Segovia,2024,4,2024T4,64.07,60.69,5.28,53.77,49.16,8.58,58.92,54.92,6.79
40,Segovia,2025,1,2025T1,62.34,60.76,2.53,51.25,47.4,7.5,56.82,54.11,4.76
40,Segovia,2025,2,2025T2,63.56,61.61,3.08,52.16,46.68,10.5,57.87,54.16,6.42
40,Segovia,2025,3,2025T3,62.92,61.59,2.12,53.47,48.45,9.4,58.2,55.02,5.46
40,Segovia,2025,4,2025T4,61.29,56.69,7.5,53.26,49.84,6.43,57.29,53.27,7.0
41,Sevilla,2015,1,2015T1,66.68,46.96,29.58,54.19,34.89,35.61,60.24,40.74,32.38
41,Sevilla,2015,2,2015T2,67.44,48.75,27.71,54.05,37.2,31.17,60.53,42.79,29.31
41,Sevilla,2015,3,2015T3,66.98,47.08,29.71,53.42,35.77,33.03,59.99,41.25,31.23
41,Sevilla,2015,4,2015T4,66.22,47.97,27.57,54.53,37.74,30.8,60.19,42.69,29.08
41,Sevilla,2016,1,2016T1,65.53,48.61,25.81,52.98,36.24,31.61,59.06,42.23,28.49
41,Sevilla,2016,2,2016T2,65.19,48.33,25.86,53.09,38.04,28.34,58.95,43.02,27.01
41,Sevilla,2016,3,2016T3,64.09,47.67,25.62,52.13,36.08,30.79,57.92,41.69,28.02
41,Sevilla,2016,4,2016T4,64.81,48.71,24.84,53.11,37.43,29.53,58.78,42.89,27.03
41,Sevilla,2017,1,2017T1,64.49,49.01,24.0,52.9,37.51,29.09,58.51,43.08,26.37
41,Sevilla,2017,2,2017T2,64.66,49.69,23.16,52.97,38.89,26.59,58.63,44.12,24.76
41,Sevilla,2017,3,2017T3,65.02,50.77,21.91,52.0,38.77,25.45,58.3,44.58,23.54
41,Sevilla,2017,4,2017T4,65.02,51.91,20.15,52.08,39.02,25.08,58.34,45.26,22.42
41,Sevilla,2018,1,2018T1,66.04,51.46,22.08,52.46,38.21,27.15,59.03,44.62,24.41
41,Sevilla,2018,2,2018T2,65.03,52.29,19.59,52.63,39.4,25.13,58.63,45.64,22.16
41,Sevilla,2018,3,2018T3,65.28,52.62,19.39,52.72,39.24,25.56,58.79,45.71,22.25
41,Sevilla,2018,4,2018T4,65.97,54.34,17.63,53.22,40.03,24.79,59.39,46.95,20.94
41,Sevilla,2019,1,2019T1,64.79,52.45,19.04,53.1,39.6,25.42,58.75,45.82,22.02
41,Sevilla,2019,2,2019T2,64.87,52.92,18.43,53.52,39.77,25.69,59.01,46.13,21.83
41,Sevilla,2019,3,2019T3,64.93,53.09,18.23,53.04,39.74,25.09,58.79,46.2,21.42
41,Sevilla,2019,4,2019T4,65.25,52.5,19.53,53.16,41.4,22.12,59.0,46.77,20.74
41,Sevilla,2020,1,2020T1,64.51,52.82,18.12,53.13,39.44,25.77,58.63,45.91,21.7
41,Sevilla,2020,2,2020T2,60.48,49.86,17.55,47.83,36.35,23.99,53.94,42.89,20.5
41,Sevilla,2020,3,2020T3,64.1,50.77,20.79,49.89,36.26,27.31,56.76,43.28,23.75
41,Sevilla,2020,4,2020T4,64.36,51.39,20.14,51.15,38.29,25.14,57.53,44.63,22.44
41,Sevilla,2021,1,2021T1,64.04,50.65,20.91,50.74,37.2,26.68,57.15,43.68,23.57
41,Sevilla,2021,2,2021T2,65.55,53.87,17.82,51.72,38.35,25.84,58.38,45.83,21.5
41,Sevilla,2021,3,2021T3,65.02,52.06,19.93,51.19,37.41,26.91,57.86,44.48,23.13
41,Sevilla,2021,4,2021T4,64.28,53.48,16.8,52.95,40.45,23.6,58.43,46.75,19.98
41,Sevilla,2022,1,2022T1,63.67,54.73,14.04,52.39,40.61,22.49,57.85,47.44,17.99
41,Sevilla,2022,2,2022T2,63.61,54.35,14.56,51.77,40.49,21.79,57.5,47.2,17.92
41,Sevilla,2022,3,2022T3,64.72,55.95,13.55,53.74,41.82,22.18,59.05,48.65,17.61
41,Sevilla,2022,4,2022T4,63.82,54.64,14.38,52.26,42.89,17.92,57.86,48.58,16.03
41,Sevilla,2023,1,2023T1,62.81,53.94,14.12,54.61,43.81,19.78,58.58,48.72,16.84
41,Sevilla,2023,2,2023T2,62.18,52.95,14.85,54.15,42.57,21.38,58.02,47.57,18.01
41,Sevilla,2023,3,2023T3,62.41,53.33,14.55,53.18,43.5,18.2,57.62,48.23,16.29
41,Sevilla,2023,4,2023T4,62.54,53.63,14.26,53.95,44.55,17.43,58.09,48.91,15.79
41,Sevilla,2024,1,2024T1,62.44,54.02,13.49,50.71,42.4,16.4,56.35,47.98,14.85
41,Sevilla,2024,2,2024T2,63.62,55.97,12.03,52.44,43.24,17.54,57.82,49.36,14.63
41,Sevilla,2024,3,2024T3,62.84,55.46,11.74,53.47,44.85,16.12,57.98,49.95,13.84
41,Sevilla,2024,4,2024T4,63.83,57.18,10.42,53.03,45.18,14.8,58.21,50.94,12.49
41,Sevilla,2025,1,2025T1,61.9,55.06,11.06,52.47,43.48,17.14,57.01,49.05,13.96
41,Sevilla,2025,2,2025T2,63.17,55.68,11.86,52.19,43.76,16.16,57.46,49.48,13.89
41,Sevilla,2025,3,2025T3,63.91,56.27,11.95,53.41,44.25,17.15,58.47,50.05,14.41
41,Sevilla,2025,4,2025T4,64.4,57.69,10.42,53.31,44.6,16.34,58.67,50.92,13.2
42,Soria,2015,1,2015T1,64.04,55.22,13.77,50.81,41.77,17.8,57.54,48.61,15.52
42,Soria,2015,2,2015T2,61.7,53.03,14.06,49.82,41.17,17.36,55.86,47.2,15.51
42,Soria,2015,3,2015T3,63.17,56.65,10.33,48.25,41.43,14.14,55.84,49.17,11.95
42,Soria,2015,4,2015T4,59.9,54.33,9.3,49.32,40.26,18.38,54.7,47.41,13.33
42,Soria,2016,1,2016T1,60.5,52.0,14.04,46.2,38.18,17.35,53.47,45.21,15.44
42,Soria,2016,2,2016T2,62.36,55.15,11.55,46.63,38.32,17.83,54.63,46.88,14.18
42,Soria,2016,3,2016T3,63.77,58.26,8.64,47.96,41.18,14.15,56.0,49.87,10.96
42,Soria,2016,4,2016T4,63.46,56.86,10.39,51.68,44.12,14.62,57.67,50.61,12.25
42,Soria,2017,1,2017T1,63.7,57.32,10.01,51.62,43.56,15.63,57.76,50.56,12.48
42,Soria,2017,2,2017T2,64.92,57.17,11.94,56.09,48.04,14.36,60.58,52.68,13.04
42,Soria,2017,3,2017T3,65.63,60.56,7.72,53.06,48.27,9.03,59.45,54.52,8.29
42,Soria,2017,4,2017T4,66.43,60.71,8.62,56.09,50.1,10.68,61.35,55.5,9.55
42,Soria,2018,1,2018T1,63.3,55.91,11.67,55.15,49.04,11.08,59.3,52.54,11.4
42,Soria,2018,2,2018T2,63.67,59.44,6.65,53.41,47.43,11.19,58.63,53.54,8.68
42,Soria,2018,3,2018T3,62.19,58.11,6.56,53.18,48.18,9.4,57.76,53.23,7.84
42,Soria,2018,4,2018T4,62.18,59.8,3.83,50.89,48.34,5.0,56.63,54.17,4.35
42,Soria,2019,1,2019T1,60.66,57.59,5.07,51.47,46.78,9.12,56.15,52.28,6.89
42,Soria,2019,2,2019T2,62.38,58.74,5.84,53.08,46.56,12.28,57.81,52.76,8.75
42,Soria,2019,3,2019T3,65.52,61.6,5.99,55.4,50.77,8.35,60.55,56.28,7.05
42,Soria,2019,4,2019T4,63.77,60.42,5.25,53.61,48.43,9.66,58.77,54.52,7.23
42,Soria,2020,1,2020T1,63.35,58.59,7.51,53.81,47.3,12.09,58.66,53.04,9.58
42,Soria,2020,2,2020T2,62.23,57.93,6.91,49.92,44.34,11.18,56.17,51.24,8.77
42,Soria,2020,3,2020T3,64.35,59.43,7.64,54.3,48.47,10.73,59.41,54.04,9.03
42,Soria,2020,4,2020T4,60.75,56.62,6.8,52.87,48.27,8.7,56.88,52.52,7.67
42,Soria,2021,1,2021T1,58.57,52.96,9.58,51.11,45.03,11.89,54.91,49.06,10.64
42,Soria,2021,2,2021T2,64.81,56.19,13.3,53.32,48.04,9.9,59.14,52.17,11.78
42,Soria,2021,3,2021T3,65.71,62.0,5.65,50.38,46.34,8.01,58.15,54.28,6.66
42,Soria,2021,4,2021T4,63.91,59.23,7.33,51.91,47.64,8.23,58.01,53.53,7.73
42,Soria,2022,1,2022T1,63.96,59.0,7.75,51.47,45.82,10.99,57.8,52.49,9.18
42,Soria,2022,2,2022T2,64.54,60.5,6.26,54.56,49.52,9.24,59.61,55.07,7.61
42,Soria,2022,3,2022T3,64.75,60.82,6.07,54.42,49.2,9.6,59.66,55.09,7.65
42,Soria,2022,4,2022T4,60.94,55.18,9.44,54.37,50.97,6.26,57.69,53.1,7.96
42,Soria,2023,1,2023T1,58.72,54.1,7.87,51.85,44.39,14.39,55.32,49.29,10.89
42,Soria,2023,2,2023T2,59.18,55.57,6.11,51.24,46.39,9.46,55.25,51.02,7.65
42,Soria,2023,3,2023T3,59.4,56.61,4.7,54.55,48.81,10.52,57.0,52.74,7.46
42,Soria,2023,4,2023T4,64.28,62.58,2.65,54.91,50.41,8.19,59.69,56.63,5.14
42,Soria,2024,1,2024T1,62.23,56.92,8.53,52.51,46.24,11.94,57.44,51.66,10.07
42,Soria,2024,2,2024T2,63.0,61.34,2.63,51.25,48.14,6.07,57.22,54.84,4.15
42,Soria,2024,3,2024T3,64.47,60.46,6.22,51.92,49.22,5.2,58.29,54.92,5.77
42,Soria,2024,4,2024T4,65.79,62.55,4.93,48.62,45.7,6.0,57.34,54.26,5.37
42,Soria,2025,1,2025T1,64.42,60.08,6.73,49.62,45.17,8.97,57.15,52.76,7.69
42,Soria,2025,2,2025T2,66.83,63.26,5.34,50.34,46.58,7.47,58.72,55.06,6.23
42,Soria,2025,3,2025T3,65.89,60.45,8.27,53.48,48.73,8.88,59.78,54.68,8.54
42,Soria,2025,4,2025T4,63.61,57.11,10.22,51.2,48.04,6.17,57.51,52.65,8.45
43,Tarragona,2015,1,2015T1,68.55,53.6,21.81,56.71,42.65,24.8,62.61,48.1,23.17
43,Tarragona,2015,2,2015T2,69.1,53.79,22.15,56.82,44.23,22.16,62.93,48.99,22.16
43,Tarragona,2015,3,2015T3,69.2,55.41,19.93,57.04,44.89,21.3,63.09,50.12,20.55
43,Tarragona,2015,4,2015T4,67.47,54.06,19.87,56.06,42.48,24.23,61.73,48.24,21.86
43,Tarragona,2016,1,2016T1,67.23,54.03,19.64,54.7,41.98,23.26,60.93,47.97,21.27
43,Tarragona,2016,2,2016T2,66.29,54.99,17.04,54.72,42.52,22.29,60.46,48.72,19.43
43,Tarragona,2016,3,2016T3,66.67,54.71,17.94,54.64,44.61,18.35,60.62,49.63,18.13
43,Tarragona,2016,4,2016T4,64.7,54.04,16.48,51.54,41.97,18.56,58.07,47.96,17.41
43,Tarragona,2017,1,2017T1,64.32,52.05,19.07,52.49,41.44,21.06,58.36,46.71,19.98
43,Tarragona,2017,2,2017T2,66.57,56.55,15.05,56.08,47.76,14.85,61.28,52.12,14.95
43,Tarragona,2017,3,2017T3,65.14,56.73,12.92,55.08,47.27,14.17,60.07,51.96,13.5
43,Tarragona,2017,4,2017T4,65.09,55.99,13.98,55.15,45.13,18.17,60.08,50.51,15.92
43,Tarragona,2018,1,2018T1,65.66,55.97,14.75,55.73,46.2,17.09,60.65,51.04,15.84
43,Tarragona,2018,2,2018T2,66.19,57.11,13.71,54.82,46.12,15.88,60.45,51.57,14.7
43,Tarragona,2018,3,2018T3,66.9,58.07,13.2,55.07,46.92,14.8,60.93,52.44,13.93
43,Tarragona,2018,4,2018T4,65.2,56.44,13.44,53.18,43.76,17.73,59.14,50.04,15.39
43,Tarragona,2019,1,2019T1,63.97,55.3,13.56,52.46,43.12,17.79,58.17,49.16,15.49
43,Tarragona,2019,2,2019T2,65.51,56.84,13.22,54.05,45.79,15.28,59.74,51.28,14.16
43,Tarragona,2019,3,2019T3,65.31,57.21,12.4,54.11,47.63,11.98,59.67,52.38,12.21
43,Tarragona,2019,4,2019T4,64.38,56.44,12.32,52.9,46.8,11.53,58.6,51.59,11.96
43,Tarragona,2020,1,2020T1,63.36,55.35,12.64,53.2,46.26,13.05,58.24,50.77,12.83
43,Tarragona,2020,2,2020T2,62.08,53.14,14.39,52.09,43.52,16.45,57.05,48.3,15.34
43,Tarragona,2020,3,2020T3,65.82,57.35,12.87,52.99,43.15,18.56,59.35,50.2,15.43
43,Tarragona,2020,4,2020T4,65.48,55.37,15.44,53.0,42.44,19.93,59.19,48.85,17.47
43,Tarragona,2021,1,2021T1,65.23,56.09,14.01,53.28,43.88,17.64,59.25,49.98,15.64
43,Tarragona,2021,2,2021T2,64.25,57.05,11.19,51.61,43.9,14.95,57.91,50.45,12.87
43,Tarragona,2021,3,2021T3,64.78,57.47,11.29,53.21,46.53,12.56,58.97,51.98,11.86
43,Tarragona,2021,4,2021T4,61.31,54.19,11.62,51.88,44.21,14.78,56.57,49.18,13.08
43,Tarragona,2022,1,2022T1,60.87,53.4,12.27,50.96,43.91,13.84,55.9,48.63,12.99
43,Tarragona,2022,2,2022T2,62.54,55.74,10.88,50.34,44.52,11.55,56.4,50.09,11.18
43,Tarragona,2022,3,2022T3,62.56,56.34,9.94,52.88,46.1,12.82,57.68,51.18,11.27
43,Tarragona,2022,4,2022T4,60.91,55.05,9.62,53.86,48.09,10.71,57.34,51.53,10.14
43,Tarragona,2023,1,2023T1,63.07,56.08,11.08,52.35,45.74,12.61,57.66,50.87,11.78
43,Tarragona,2023,2,2023T2,63.76,58.84,7.72,53.95,49.39,8.45,58.83,54.09,8.06
43,Tarragona,2023,3,2023T3,66.11,60.14,9.03,55.0,48.42,11.97,60.52,54.24,10.38
43,Tarragona,2023,4,2023T4,63.8,55.76,12.6,53.42,44.01,17.6,58.6,49.88,14.88
43,Tarragona,2024,1,2024T1,62.4,55.68,10.77,54.57,45.63,16.38,58.46,50.63,13.4
43,Tarragona,2024,2,2024T2,64.26,54.74,14.81,54.6,48.14,11.84,59.42,51.44,13.44
43,Tarragona,2024,3,2024T3,64.99,58.88,9.4,55.13,47.7,13.48,60.05,53.28,11.28
43,Tarragona,2024,4,2024T4,64.52,56.72,12.09,53.34,46.21,13.37,58.92,51.45,12.67
43,Tarragona,2025,1,2025T1,62.77,55.94,10.88,53.7,45.57,15.14,58.19,50.71,12.87
43,Tarragona,2025,2,2025T2,63.79,57.86,9.3,55.43,47.76,13.84,59.59,52.78,11.43
43,Tarragona,2025,3,2025T3,66.71,59.38,10.99,54.83,49.24,10.19,60.76,54.3,10.63
43,Tarragona,2025,4,2025T4,66.76,61.61,7.72,51.58,44.89,12.97,59.18,53.26,10.0
44,Teruel,2015,1,2015T1,62.52,51.37,17.83,50.18,36.9,26.47,56.47,44.28,21.59
44,Teruel,2015,2,2015T2,63.42,53.97,14.9,51.71,40.31,22.05,57.67,47.27,18.05
44,Teruel,2015,3,2015T3,61.37,53.51,12.81,51.87,42.16,18.72,56.7,47.94,15.46
44,Teruel,2015,4,2015T4,62.76,57.17,8.92,51.36,42.02,18.18,57.17,49.73,13.0
44,Teruel,2016,1,2016T1,62.08,55.14,11.18,52.22,42.49,18.62,57.24,48.93,14.52
44,Teruel,2016,2,2016T2,60.65,53.73,11.41,50.95,41.91,17.74,55.88,47.92,14.24
44,Teruel,2016,3,2016T3,62.25,57.2,8.12,52.55,42.86,18.44,57.49,50.15,12.75
44,Teruel,2016,4,2016T4,62.39,56.88,8.84,49.77,41.44,16.73,56.19,49.29,12.27
44,Teruel,2017,1,2017T1,60.6,54.6,9.91,47.36,38.08,19.58,54.09,46.48,14.07
44,Teruel,2017,2,2017T2,60.84,55.53,8.74,50.19,40.81,18.69,55.61,48.29,13.16
44,Teruel,2017,3,2017T3,63.77,58.62,8.06,49.77,43.26,13.09,56.88,51.06,10.23
44,Teruel,2017,4,2017T4,61.42,55.76,9.22,48.37,41.74,13.7,55.0,48.86,11.16
44,Teruel,2018,1,2018T1,61.58,56.66,7.99,47.37,41.13,13.18,54.58,49.01,10.21
44,Teruel,2018,2,2018T2,62.85,57.88,7.91,49.35,44.43,9.95,56.2,51.26,8.79
44,Teruel,2018,3,2018T3,63.34,59.21,6.52,51.18,45.65,10.81,57.35,52.53,8.41
44,Teruel,2018,4,2018T4,63.54,57.71,9.18,49.55,44.95,9.3,56.65,51.43,9.23
44,Teruel,2019,1,2019T1,62.69,55.48,11.49,48.81,43.01,11.88,55.86,49.35,11.66
44,Teruel,2019,2,2019T2,62.03,57.26,7.68,51.56,44.58,13.53,56.88,51.02,10.29
44,Teruel,2019,3,2019T3,61.8,58.17,5.88,51.34,45.78,10.83,56.65,52.07,8.09
44,Teruel,2019,4,2019T4,63.61,58.39,8.2,52.08,46.82,10.09,57.93,52.7,9.04
44,Teruel,2020,1,2020T1,61.23,55.53,9.3,51.17,45.21,11.66,56.28,50.46,10.35
44,Teruel,2020,2,2020T2,61.08,54.29,11.11,48.86,42.9,12.2,55.07,48.69,11.59
44,Teruel,2020,3,2020T3,61.27,54.67,10.78,51.82,45.81,11.59,56.63,50.31,11.15
44,Teruel,2020,4,2020T4,59.34,54.45,8.25,52.19,46.75,10.42,55.83,50.67,9.25
44,Teruel,2021,1,2021T1,58.14,52.92,8.97,50.53,44.3,12.33,54.39,48.68,10.51
44,Teruel,2021,2,2021T2,60.51,56.27,7.02,53.1,47.36,10.81,56.87,51.89,8.76
44,Teruel,2021,3,2021T3,61.3,57.64,5.97,53.32,48.72,8.63,57.36,53.24,7.19
44,Teruel,2021,4,2021T4,59.93,56.99,4.9,53.26,48.15,9.6,56.64,52.64,7.08
44,Teruel,2022,1,2022T1,61.57,56.86,7.65,54.64,47.62,12.85,58.14,52.29,10.06
44,Teruel,2022,2,2022T2,59.89,57.08,4.69,55.28,46.94,15.09,57.61,52.07,9.62
44,Teruel,2022,3,2022T3,60.02,56.99,5.06,53.72,49.45,7.94,56.92,53.28,6.4
44,Teruel,2022,4,2022T4,56.78,53.56,5.68,53.2,45.73,14.05,55.01,49.68,9.68
44,Teruel,2023,1,2023T1,56.46,51.45,8.88,54.18,46.83,13.57,55.34,49.17,11.15
44,Teruel,2023,2,2023T2,60.99,55.91,8.33,53.16,48.22,9.3,57.13,52.12,8.77
44,Teruel,2023,3,2023T3,61.5,59.23,3.69,52.85,45.58,13.75,57.25,52.52,8.26
44,Teruel,2023,4,2023T4,60.12,54.63,9.14,55.9,50.5,9.67,58.05,52.6,9.39
44,Teruel,2024,1,2024T1,61.98,59.25,4.41,50.86,46.38,8.81,56.51,52.92,6.36
44,Teruel,2024,2,2024T2,63.85,59.37,7.01,54.08,48.84,9.69,59.05,54.2,8.22
44,Teruel,2024,3,2024T3,66.14,62.51,5.48,54.68,51.37,6.05,60.51,57.04,5.74
44,Teruel,2024,4,2024T4,65.7,60.78,7.48,55.4,50.02,9.69,60.66,55.52,8.47
44,Teruel,2025,1,2025T1,65.45,61.53,6.0,56.43,50.7,10.15,61.05,56.24,7.87
44,Teruel,2025,2,2025T2,64.36,60.32,6.27,56.35,52.38,7.06,60.45,56.45,6.63
44,Teruel,2025,3,2025T3,62.71,56.96,9.16,52.34,48.19,7.94,57.64,52.67,8.62
44,Teruel,2025,4,2025T4,60.37,56.9,5.75,52.52,47.58,9.39,56.53,52.35,7.4
45,Toledo,2015,1,2015T1,70.26,52.87,24.75,51.95,33.67,35.18,61.19,43.36,29.13
45,Toledo,2015,2,2015T2,68.8,52.9,23.11,51.32,32.49,36.69,60.16,42.81,28.84
45,Toledo,2015,3,2015T3,68.57,54.22,20.93,52.26,36.51,30.13,60.5,45.46,24.86
45,Toledo,2015,4,2015T4,67.84,51.82,23.62,52.78,35.08,33.54,60.39,43.53,27.91
45,Toledo,2016,1,2016T1,68.44,52.4,23.44,51.92,34.49,33.58,60.26,43.53,27.77
45,Toledo,2016,2,2016T2,67.15,53.12,20.9,52.63,35.36,32.81,59.96,44.32,26.08
45,Toledo,2016,3,2016T3,67.84,54.12,20.22,52.32,36.78,29.71,60.15,45.53,24.31
45,Toledo,2016,4,2016T4,68.53,55.68,18.74,53.21,37.46,29.59,60.94,46.66,23.44
45,Toledo,2017,1,2017T1,68.94,56.65,17.84,53.37,37.9,28.98,61.22,47.35,22.65
45,Toledo,2017,2,2017T2,67.98,56.07,17.52,51.89,37.28,28.15,60.0,46.76,22.08
45,Toledo,2017,3,2017T3,67.61,58.1,14.07,51.14,38.52,24.68,59.44,48.39,18.59
45,Toledo,2017,4,2017T4,69.13,58.8,14.95,52.91,38.38,27.46,61.09,48.67,20.33
45,Toledo,2018,1,2018T1,67.03,56.66,15.47,51.49,35.85,30.37,59.32,46.34,21.89
45,Toledo,2018,2,2018T2,66.97,58.14,13.17,51.48,36.0,30.06,59.28,47.16,20.45
45,Toledo,2018,3,2018T3,67.11,58.69,12.56,51.68,38.63,25.25,59.46,48.74,18.03
45,Toledo,2018,4,2018T4,66.15,58.28,11.9,52.26,39.36,24.69,59.26,48.89,17.5
45,Toledo,2019,1,2019T1,65.9,58.12,11.81,52.42,40.48,22.77,59.21,49.37,16.62
45,Toledo,2019,2,2019T2,65.75,57.05,13.23,51.59,39.28,23.86,58.73,48.24,17.86
45,Toledo,2019,3,2019T3,66.49,57.84,13.01,51.57,40.71,21.05,59.09,49.34,16.49
45,Toledo,2019,4,2019T4,66.83,58.37,12.66,52.43,41.21,21.4,59.68,49.85,16.47
45,Toledo,2020,1,2020T1,65.68,57.55,12.39,52.45,38.93,25.78,59.12,48.31,18.29
45,Toledo,2020,2,2020T2,64.12,54.6,14.85,48.19,38.72,19.66,56.22,46.72,16.9
45,Toledo,2020,3,2020T3,67.11,56.42,15.92,52.18,38.59,26.04,59.7,47.58,20.31
45,Toledo,2020,4,2020T4,67.41,58.04,13.9,54.52,39.63,27.32,61.02,48.9,19.85
45,Toledo,2021,1,2021T1,66.09,58.91,10.86,52.24,39.59,24.23,59.22,49.32,16.71
45,Toledo,2021,2,2021T2,68.78,59.69,13.21,56.25,42.46,24.52,62.54,51.11,18.28
45,Toledo,2021,3,2021T3,68.99,59.84,13.27,56.77,44.79,21.1,62.91,52.35,16.79
45,Toledo,2021,4,2021T4,68.17,62.1,8.9,57.52,46.14,19.79,62.85,54.13,13.87
45,Toledo,2022,1,2022T1,67.24,60.56,9.94,55.7,46.04,17.35,61.46,53.28,13.31
45,Toledo,2022,2,2022T2,68.19,60.78,10.87,55.31,43.33,21.66,61.77,52.08,15.69
45,Toledo,2022,3,2022T3,67.49,60.15,10.88,54.11,42.0,22.39,60.81,51.09,15.99
45,Toledo,2022,4,2022T4,67.34,59.54,11.58,54.11,42.79,20.93,60.72,51.16,15.75
45,Toledo,2023,1,2023T1,66.85,58.38,12.66,54.41,42.2,22.45,60.62,50.28,17.06
45,Toledo,2023,2,2023T2,66.85,59.82,10.51,54.78,45.23,17.43,60.82,52.53,13.62
45,Toledo,2023,3,2023T3,67.04,61.81,7.8,53.43,44.2,17.27,60.25,53.03,11.99
45,Toledo,2023,4,2023T4,65.04,59.11,9.12,50.86,43.0,15.46,57.98,51.09,11.89
45,Toledo,2024,1,2024T1,65.37,58.28,10.85,52.9,41.29,21.95,59.17,49.83,15.78
45,Toledo,2024,2,2024T2,66.74,59.1,11.45,51.28,41.85,18.39,59.05,50.52,14.45
45,Toledo,2024,3,2024T3,66.71,60.21,9.75,51.67,42.15,18.43,59.2,51.18,13.54
45,Toledo,2024,4,2024T4,65.76,60.94,7.33,50.07,41.32,17.46,57.91,51.13,11.71
45,Toledo,2025,1,2025T1,66.2,59.3,10.42,51.11,41.41,18.98,58.67,50.37,14.15
45,Toledo,2025,2,2025T2,65.45,58.91,9.99,51.9,41.55,19.95,58.69,50.25,14.38
45,Toledo,2025,3,2025T3,68.0,62.18,8.55,53.85,44.45,17.45,60.91,53.3,12.49
45,Toledo,2025,4,2025T4,69.08,62.46,9.58,50.79,41.74,17.81,59.9,52.07,13.08
46,Valencia/València,2015,1,2015T1,66.03,52.1,21.1,53.82,40.92,23.97,59.77,46.36,22.43
46,Valencia/València,2015,2,2015T2,65.39,51.04,21.96,53.87,41.93,22.16,59.48,46.37,22.05
46,Valencia/València,2015,3,2015T3,66.24,52.29,21.05,53.86,41.46,23.02,59.89,46.73,21.96
46,Valencia/València,2015,4,2015T4,66.33,53.26,19.7,54.1,42.16,22.06,60.05,47.56,20.79
46,Valencia/València,2016,1,2016T1,66.74,53.1,20.43,54.3,42.93,20.95,60.35,47.87,20.67
46,Valencia/València,2016,2,2016T2,64.94,52.93,18.49,54.64,42.14,22.88,59.65,47.39,20.55
46,Valencia/València,2016,3,2016T3,65.55,52.77,19.5,54.01,41.24,23.65,59.62,46.84,21.43
46,Valencia/València,2016,4,2016T4,65.94,54.04,18.05,55.65,43.02,22.7,60.65,48.37,20.24
46,Valencia/València,2017,1,2017T1,65.88,53.78,18.38,54.27,42.61,21.47,59.91,48.04,19.82
46,Valencia/València,2017,2,2017T2,65.78,54.67,16.89,53.57,42.02,21.57,59.5,48.16,19.06
46,Valencia/València,2017,3,2017T3,67.71,55.52,18.01,53.36,42.76,19.86,60.33,48.96,18.85
46,Valencia/València,2017,4,2017T4,66.52,57.06,14.22,54.34,44.02,18.98,60.25,50.36,16.43
46,Valencia/València,2018,1,2018T1,65.33,55.33,15.31,53.12,43.78,17.58,59.05,49.39,16.36
46,Valencia/València,2018,2,2018T2,66.8,57.67,13.68,54.04,44.34,17.96,60.24,50.81,15.66
46,Valencia/València,2018,3,2018T3,66.2,57.37,13.34,53.17,43.49,18.21,59.49,50.22,15.58
46,Valencia/València,2018,4,2018T4,65.68,58.68,10.66,52.98,44.44,16.11,59.14,51.35,13.17
46,Valencia/València,2019,1,2019T1,64.74,57.82,10.69,52.77,44.4,15.86,58.58,50.91,13.09
46,Valencia/València,2019,2,2019T2,65.17,57.33,12.03,52.38,43.83,16.32,58.58,50.38,14.0
46,Valencia/València,2019,3,2019T3,65.18,56.82,12.83,51.84,43.2,16.66,58.31,49.81,14.58
46,Valencia/València,2019,4,2019T4,64.32,57.27,10.96,51.54,43.68,15.24,57.73,50.27,12.93
46,Valencia/València,2020,1,2020T1,64.41,56.24,12.68,52.22,44.02,15.7,58.13,49.94,14.08
46,Valencia/València,2020,2,2020T2,61.99,53.15,14.26,50.51,41.35,18.14,56.07,47.07,16.06
46,Valencia/València,2020,3,2020T3,63.98,54.95,14.12,53.52,43.43,18.85,58.59,49.01,16.35
46,Valencia/València,2020,4,2020T4,62.68,54.6,12.9,53.39,44.53,16.59,57.89,49.41,14.65
46,Valencia/València,2021,1,2021T1,62.34,53.92,13.5,52.67,43.94,16.58,57.37,48.79,14.96
46,Valencia/València,2021,2,2021T2,65.3,55.82,14.53,53.99,43.98,18.54,59.47,49.72,16.4
46,Valencia/València,2021,3,2021T3,65.07,56.34,13.42,54.35,44.83,17.53,59.55,50.41,15.35
46,Valencia/València,2021,4,2021T4,63.97,56.58,11.56,53.86,46.98,12.79,58.76,51.63,12.14
46,Valencia/València,2022,1,2022T1,64.05,57.92,9.57,53.98,46.34,14.14,58.85,51.94,11.73
46,Valencia/València,2022,2,2022T2,65.3,58.2,10.87,53.52,45.9,14.24,59.24,51.87,12.44
46,Valencia/València,2022,3,2022T3,65.84,58.73,10.79,54.58,45.15,17.27,60.05,51.75,13.82
46,Valencia/València,2022,4,2022T4,65.8,59.24,9.96,54.12,46.1,14.82,59.79,52.48,12.22
46,Valencia/València,2023,1,2023T1,65.96,59.49,9.81,55.09,46.31,15.94,60.36,52.7,12.69
46,Valencia/València,2023,2,2023T2,65.74,59.25,9.87,53.72,46.56,13.32,59.55,52.71,11.47
46,Valencia/València,2023,3,2023T3,66.87,60.46,9.58,55.93,48.31,13.63,61.22,54.18,11.49
46,Valencia/València,2023,4,2023T4,65.7,58.01,11.7,56.82,49.54,12.8,61.13,53.65,12.23
46,Valencia/València,2024,1,2024T1,66.11,58.38,11.69,56.04,48.89,12.76,60.93,53.5,12.2
46,Valencia/València,2024,2,2024T2,64.99,59.35,8.67,56.62,49.47,12.63,60.68,54.27,10.57
46,Valencia/València,2024,3,2024T3,64.48,57.37,11.02,55.51,47.65,14.16,59.86,52.36,12.52
46,Valencia/València,2024,4,2024T4,63.92,56.63,11.4,55.46,49.0,11.66,59.57,52.71,11.52
46,Valencia/València,2025,1,2025T1,63.64,57.36,9.86,54.47,47.89,12.08,58.93,52.49,10.91
46,Valencia/València,2025,2,2025T2,64.45,58.11,9.84,54.44,47.78,12.24,59.31,52.81,10.97
46,Valencia/València,2025,3,2025T3,63.81,58.19,8.82,54.81,46.86,14.51,59.19,52.37,11.52
46,Valencia/València,2025,4,2025T4,63.97,57.94,9.42,54.61,48.09,11.94,59.15,52.86,10.62
47,Valladolid,2015,1,2015T1,63.35,54.59,13.83,50.41,40.73,19.21,56.71,47.48,16.28
47,Valladolid,2015,2,2015T2,63.08,54.67,13.32,51.6,41.28,20.0,57.19,47.8,16.41
47,Valladolid,2015,3,2015T3,62.72,54.06,13.8,51.87,42.22,18.6,57.15,47.99,16.04
47,Valladolid,2015,4,2015T4,64.1,55.01,14.19,52.2,43.19,17.27,58.0,48.94,15.62
47,Valladolid,2016,1,2016T1,63.72,53.52,16.01,52.11,43.66,16.21,57.76,48.46,16.1
47,Valladolid,2016,2,2016T2,63.76,55.66,12.71,51.06,43.3,15.19,57.24,49.32,13.84
47,Valladolid,2016,3,2016T3,62.51,55.2,11.7,50.33,43.56,13.45,56.26,49.23,12.5
47,Valladolid,2016,4,2016T4,62.7,53.89,14.06,51.58,44.44,13.84,57.0,49.04,13.96
47,Valladolid,2017,1,2017T1,62.07,53.61,13.64,51.02,44.28,13.2,56.4,48.82,13.44
47,Valladolid,2017,2,2017T2,62.81,54.92,12.57,51.54,43.7,15.21,57.03,49.16,13.8
47,Valladolid,2017,3,2017T3,62.37,55.06,11.72,51.12,42.89,16.09,56.59,48.81,13.74
47,Valladolid,2017,4,2017T4,60.45,52.55,13.07,52.59,44.35,15.68,56.41,48.34,14.32
47,Valladolid,2018,1,2018T1,60.68,54.48,10.22,51.69,44.4,14.12,56.06,49.3,12.06
47,Valladolid,2018,2,2018T2,61.6,54.99,10.73,51.93,45.18,12.98,56.63,49.95,11.79
47,Valladolid,2018,3,2018T3,63.09,57.29,9.2,52.16,46.62,10.61,57.47,51.81,9.86
47,Valladolid,2018,4,2018T4,63.12,57.45,8.99,53.55,47.31,11.66,58.2,52.24,10.25
47,Valladolid,2019,1,2019T1,62.51,55.84,10.67,52.04,45.62,12.34,57.13,50.58,11.45
47,Valladolid,2019,2,2019T2,63.98,57.27,10.49,52.42,46.63,11.03,58.04,51.8,10.74
47,Valladolid,2019,3,2019T3,64.39,57.77,10.29,52.09,44.9,13.81,58.07,51.15,11.91
47,Valladolid,2019,4,2019T4,63.62,59.02,7.23,52.93,46.68,11.8,58.12,52.67,9.37
47,Valladolid,2020,1,2020T1,62.96,57.43,8.79,53.07,47.54,10.41,57.87,52.34,9.55
47,Valladolid,2020,2,2020T2,61.01,54.93,9.97,47.19,42.64,9.64,53.9,48.61,9.82
47,Valladolid,2020,3,2020T3,61.88,55.16,10.86,51.55,45.03,12.65,56.57,49.95,11.7
47,Valladolid,2020,4,2020T4,62.24,56.47,9.26,51.57,44.49,13.73,56.75,50.31,11.35
47,Valladolid,2021,1,2021T1,61.94,54.3,12.33,49.9,43.22,13.39,55.71,48.57,12.82
47,Valladolid,2021,2,2021T2,60.99,54.77,10.2,48.49,40.96,15.52,54.52,47.62,12.65
47,Valladolid,2021,3,2021T3,59.2,54.96,7.16,47.21,41.26,12.59,53.01,47.89,9.65
47,Valladolid,2021,4,2021T4,59.01,53.99,8.52,47.8,43.69,8.61,53.24,48.68,8.56
47,Valladolid,2022,1,2022T1,59.29,54.36,8.31,47.46,42.39,10.68,53.19,48.19,9.4
47,Valladolid,2022,2,2022T2,60.13,55.15,8.28,48.7,43.34,11.0,54.21,49.03,9.54
47,Valladolid,2022,3,2022T3,60.16,56.82,5.55,48.04,43.35,9.77,53.88,49.85,7.5
47,Valladolid,2022,4,2022T4,60.12,56.01,6.84,48.78,44.54,8.71,54.25,50.06,7.71
47,Valladolid,2023,1,2023T1,60.96,55.99,8.16,49.28,43.48,11.77,54.91,49.51,9.84
47,Valladolid,2023,2,2023T2,60.94,56.54,7.23,49.38,43.63,11.64,54.95,49.85,9.28
47,Valladolid,2023,3,2023T3,61.15,57.12,6.6,50.4,44.21,12.28,55.58,50.43,9.27
47,Valladolid,2023,4,2023T4,59.74,55.43,7.22,50.58,44.93,11.17,55.01,50.01,9.1
47,Valladolid,2024,1,2024T1,60.67,56.17,7.42,53.36,45.94,13.91,56.89,50.88,10.56
47,Valladolid,2024,2,2024T2,61.65,54.89,10.96,53.88,46.62,13.47,57.64,50.63,12.17
47,Valladolid,2024,3,2024T3,60.12,55.68,7.4,55.07,48.96,11.09,57.52,52.22,9.22
47,Valladolid,2024,4,2024T4,61.81,57.93,6.28,54.82,49.37,9.95,58.2,53.5,8.07
47,Valladolid,2025,1,2025T1,63.12,58.08,7.99,54.39,49.18,9.57,58.61,53.48,8.75
47,Valladolid,2025,2,2025T2,64.54,59.81,7.33,53.2,48.44,8.95,58.69,53.94,8.09
47,Valladolid,2025,3,2025T3,64.73,60.59,6.4,52.49,45.36,13.58,58.4,52.71,9.74
47,Valladolid,2025,4,2025T4,64.54,60.7,5.95,51.34,45.33,11.71,57.73,52.77,8.59
48,Bizkaia,2015,1,2015T1,63.63,51.93,18.4,51.17,42.95,16.07,57.12,47.24,17.31
48,Bizkaia,2015,2,2015T2,62.01,50.66,18.3,50.31,42.51,15.51,55.9,46.4,16.99
48,Bizkaia,2015,3,2015T3,62.87,52.95,15.78,48.17,41.55,13.75,55.19,46.99,14.85
48,Bizkaia,2015,4,2015T4,62.19,53.02,14.73,50.52,43.02,14.85,56.09,47.79,14.79
48,Bizkaia,2016,1,2016T1,61.92,52.49,15.24,50.86,43.55,14.38,56.14,47.81,14.83
48,Bizkaia,2016,2,2016T2,61.49,52.62,14.43,51.22,44.55,13.02,56.12,48.4,13.76
48,Bizkaia,2016,3,2016T3,62.34,54.29,12.92,52.45,43.95,16.2,57.17,48.88,14.5
48,Bizkaia,2016,4,2016T4,62.86,54.12,13.89,51.36,44.38,13.58,56.84,49.03,13.75
48,Bizkaia,2017,1,2017T1,61.26,53.85,12.08,51.84,45.13,12.95,56.33,49.29,12.5
48,Bizkaia,2017,2,2017T2,61.26,53.76,12.25,51.95,45.27,12.86,56.39,49.32,12.54
48,Bizkaia,2017,3,2017T3,62.16,53.84,13.39,52.04,45.03,13.46,56.87,49.23,13.42
48,Bizkaia,2017,4,2017T4,60.35,52.57,12.89,52.08,45.95,11.76,56.02,49.11,12.34
48,Bizkaia,2018,1,2018T1,59.62,51.62,13.42,51.77,45.67,11.77,55.51,48.51,12.61
48,Bizkaia,2018,2,2018T2,60.2,51.82,13.93,51.99,47.21,9.2,55.91,49.4,11.63
48,Bizkaia,2018,3,2018T3,60.41,53.27,11.83,50.61,45.63,9.85,55.29,49.27,10.88
48,Bizkaia,2018,4,2018T4,60.22,53.35,11.42,52.57,46.52,11.52,56.22,49.77,11.47
48,Bizkaia,2019,1,2019T1,60.03,53.66,10.61,52.18,45.98,11.89,55.93,49.64,11.23
48,Bizkaia,2019,2,2019T2,61.24,54.64,10.78,51.35,46.93,8.61,56.07,50.61,9.74
48,Bizkaia,2019,3,2019T3,59.8,53.69,10.23,51.95,45.95,11.54,55.7,49.64,10.87
48,Bizkaia,2019,4,2019T4,59.29,53.2,10.28,51.89,46.24,10.89,55.42,49.56,10.58
48,Bizkaia,2020,1,2020T1,59.1,53.15,10.07,51.57,45.69,11.4,55.16,49.25,10.72
48,Bizkaia,2020,2,2020T2,56.82,50.85,10.5,49.96,44.5,10.93,53.23,47.53,10.72
48,Bizkaia,2020,3,2020T3,59.37,51.94,12.51,51.27,45.68,10.9,55.13,48.67,11.73
48,Bizkaia,2020,4,2020T4,58.54,52.39,10.51,51.12,44.34,13.26,54.66,48.18,11.86
48,Bizkaia,2021,1,2021T1,58.36,50.75,13.04,49.36,43.36,12.15,53.66,46.89,12.61
48,Bizkaia,2021,2,2021T2,58.77,51.59,12.21,51.5,45.91,10.85,54.98,48.63,11.55
48,Bizkaia,2021,3,2021T3,60.79,54.63,10.14,51.36,46.24,9.96,55.89,50.27,10.06
48,Bizkaia,2021,4,2021T4,62.01,54.9,11.47,52.51,48.06,8.47,57.07,51.34,10.04
48,Bizkaia,2022,1,2022T1,62.35,55.3,11.3,52.57,48.41,7.91,57.26,51.72,9.68
48,Bizkaia,2022,2,2022T2,60.81,55.07,9.45,52.5,47.52,9.47,56.49,51.14,9.46
48,Bizkaia,2022,3,2022T3,63.15,57.12,9.54,52.04,47.18,9.35,57.37,51.95,9.45
48,Bizkaia,2022,4,2022T4,64.1,58.33,9.01,49.92,45.38,9.1,56.72,51.59,9.05
48,Bizkaia,2023,1,2023T1,61.67,56.43,8.49,50.83,45.43,10.64,56.03,50.7,9.5
48,Bizkaia,2023,2,2023T2,63.43,58.68,7.49,52.94,48.68,8.05,57.99,53.49,7.76
48,Bizkaia,2023,3,2023T3,63.82,59.17,7.29,52.43,47.53,9.36,57.91,53.13,8.26
48,Bizkaia,2023,4,2023T4,62.92,59.45,5.52,54.39,50.09,7.91,58.49,54.59,6.68
48,Bizkaia,2024,1,2024T1,62.12,56.94,8.34,53.78,48.91,9.04,57.78,52.77,8.68
48,Bizkaia,2024,2,2024T2,61.83,55.73,9.87,55.08,50.76,7.85,58.32,53.14,8.88
48,Bizkaia,2024,3,2024T3,59.75,54.57,8.67,54.14,50.09,7.48,56.83,52.24,8.08
48,Bizkaia,2024,4,2024T4,59.75,52.74,11.72,53.99,49.23,8.82,56.75,50.92,10.28
48,Bizkaia,2025,1,2025T1,61.25,55.36,9.62,54.99,50.76,7.68,58.0,52.97,8.66
48,Bizkaia,2025,2,2025T2,61.03,55.52,9.03,53.99,51.25,5.08,57.36,53.3,7.09
48,Bizkaia,2025,3,2025T3,59.76,56.4,5.63,53.01,48.36,8.77,56.24,52.21,7.17
48,Bizkaia,2025,4,2025T4,61.28,56.47,7.85,53.62,49.12,8.39,57.3,52.65,8.11
49,Zamora,2015,1,2015T1,59.49,44.33,25.49,46.26,32.01,30.81,52.85,38.15,27.83
49,Zamora,2015,2,2015T2,57.32,46.26,19.29,44.3,32.01,27.74,50.79,39.11,22.99
49,Zamora,2015,3,2015T3,57.69,50.39,12.66,42.24,32.24,23.67,49.94,41.28,17.33
49,Zamora,2015,4,2015T4,57.18,48.61,14.99,46.13,34.51,25.2,51.64,41.54,19.56
49,Zamora,2016,1,2016T1,55.42,45.7,17.54,45.71,34.12,25.36,50.55,39.89,21.09
49,Zamora,2016,2,2016T2,56.06,47.14,15.91,45.22,34.21,24.35,50.62,40.65,19.69
49,Zamora,2016,3,2016T3,57.0,49.95,12.38,46.93,35.2,24.99,51.95,42.55,18.1
49,Zamora,2016,4,2016T4,57.24,50.79,11.25,48.82,37.6,22.98,53.01,44.17,16.67
49,Zamora,2017,1,2017T1,57.52,47.9,16.74,47.15,37.78,19.87,52.32,42.82,18.15
49,Zamora,2017,2,2017T2,59.41,51.97,12.51,46.1,36.61,20.59,52.73,44.26,16.05
49,Zamora,2017,3,2017T3,60.05,54.19,9.75,44.55,35.66,19.95,52.27,44.9,14.11
49,Zamora,2017,4,2017T4,60.45,52.64,12.92,45.42,35.57,21.69,52.9,44.07,16.7
49,Zamora,2018,1,2018T1,58.4,47.32,18.98,41.85,31.86,23.89,50.09,39.55,21.04
49,Zamora,2018,2,2018T2,59.23,50.93,14.02,42.63,33.36,21.75,50.89,42.1,17.27
49,Zamora,2018,3,2018T3,59.68,52.77,11.58,43.99,34.75,21.0,51.79,43.71,15.6
49,Zamora,2018,4,2018T4,58.01,50.89,12.28,42.65,35.12,17.66,50.29,42.97,14.57
49,Zamora,2019,1,2019T1,54.36,47.13,13.31,43.8,36.45,16.78,49.06,41.77,14.87
49,Zamora,2019,2,2019T2,55.27,48.84,11.64,45.66,37.96,16.86,50.45,43.38,14.01
49,Zamora,2019,3,2019T3,55.03,49.18,10.64,45.66,39.06,14.46,50.32,44.09,12.38
49,Zamora,2019,4,2019T4,55.28,48.19,12.83,44.94,37.07,17.5,50.09,42.61,14.94
49,Zamora,2020,1,2020T1,54.47,47.55,12.7,45.48,38.17,16.08,49.95,42.84,14.24
49,Zamora,2020,2,2020T2,51.13,45.02,11.94,41.28,34.95,15.32,46.18,39.97,13.46
49,Zamora,2020,3,2020T3,55.38,47.75,13.78,46.83,40.59,13.32,51.09,44.16,13.57
49,Zamora,2020,4,2020T4,56.53,52.12,7.8,45.15,37.91,16.03,50.82,44.99,11.47
49,Zamora,2021,1,2021T1,54.63,49.07,10.19,43.03,35.78,16.85,48.73,42.31,13.18
49,Zamora,2021,2,2021T2,56.15,50.5,10.06,44.47,38.34,13.78,50.21,44.32,11.74
49,Zamora,2021,3,2021T3,56.45,51.59,8.6,45.28,39.18,13.46,50.79,45.31,10.79
49,Zamora,2021,4,2021T4,55.01,50.59,8.04,46.14,41.22,10.66,50.53,45.86,9.25
49,Zamora,2022,1,2022T1,54.38,47.46,12.73,47.59,40.96,13.93,50.94,44.16,13.3
49,Zamora,2022,2,2022T2,53.37,48.14,9.8,46.07,39.22,14.87,49.67,43.62,12.19
49,Zamora,2022,3,2022T3,54.01,49.1,9.09,44.76,39.45,11.86,49.31,44.2,10.36
49,Zamora,2022,4,2022T4,53.79,47.51,11.67,46.25,38.86,15.98,49.97,43.13,13.69
49,Zamora,2023,1,2023T1,54.41,47.52,12.67,43.45,36.35,16.34,48.84,41.84,14.33
49,Zamora,2023,2,2023T2,55.83,49.72,10.96,43.25,37.76,12.7,49.45,43.65,11.73
49,Zamora,2023,3,2023T3,57.67,50.78,11.95,47.54,40.87,14.04,52.55,45.77,12.91
49,Zamora,2023,4,2023T4,59.12,50.44,14.68,45.84,38.18,16.69,52.36,44.21,15.58
49,Zamora,2024,1,2024T1,58.07,49.72,14.38,45.8,38.22,16.55,51.87,43.91,15.35
49,Zamora,2024,2,2024T2,56.75,53.23,6.2,47.46,40.22,15.24,52.05,46.66,10.36
49,Zamora,2024,3,2024T3,59.54,51.61,13.32,51.25,43.73,14.68,55.35,47.62,13.95
49,Zamora,2024,4,2024T4,55.98,50.39,9.98,51.52,44.4,13.83,53.71,47.35,11.86
49,Zamora,2025,1,2025T1,55.64,49.48,11.06,49.35,42.7,13.47,52.45,46.04,12.21
49,Zamora,2025,2,2025T2,54.55,49.04,10.1,48.39,44.29,8.47,51.43,46.64,9.32
49,Zamora,2025,3,2025T3,58.37,52.04,10.85,49.79,44.93,9.75,54.02,48.44,10.34
49,Zamora,2025,4,2025T4,54.87,49.12,10.48,46.94,41.65,11.25,50.85,45.34,10.84
50,Zaragoza,2015,1,2015T1,65.53,55.19,15.78,52.47,40.74,22.35,58.84,47.79,18.78
50,Zaragoza,2015,2,2015T2,66.1,57.1,13.62,52.65,41.43,21.32,59.21,49.07,17.13
50,Zaragoza,2015,3,2015T3,66.08,57.61,12.82,52.51,43.06,18.0,59.13,50.15,15.18
50,Zaragoza,2015,4,2015T4,65.81,57.44,12.73,52.43,42.77,18.42,58.95,49.91,15.33
50,Zaragoza,2016,1,2016T1,66.03,57.85,12.39,53.84,43.35,19.49,59.77,50.4,15.67
50,Zaragoza,2016,2,2016T2,66.1,57.39,13.19,54.88,44.51,18.91,60.34,50.77,15.86
50,Zaragoza,2016,3,2016T3,66.54,57.65,13.36,53.62,43.18,19.47,59.9,50.22,16.17
50,Zaragoza,2016,4,2016T4,66.51,58.62,11.86,53.59,44.8,16.4,59.87,51.52,13.95
50,Zaragoza,2017,1,2017T1,65.58,58.32,11.07,53.92,44.99,16.57,59.59,51.47,13.63
50,Zaragoza,2017,2,2017T2,65.8,60.43,8.15,54.15,45.97,15.11,59.81,52.99,11.39
50,Zaragoza,2017,3,2017T3,64.91,59.31,8.64,52.16,44.38,14.91,58.35,51.63,11.52
50,Zaragoza,2017,4,2017T4,64.76,58.6,9.51,53.58,45.47,15.13,59.01,51.85,12.14
50,Zaragoza,2018,1,2018T1,64.71,57.24,11.55,53.26,46.42,12.84,58.82,51.67,12.15
50,Zaragoza,2018,2,2018T2,64.92,58.71,9.56,53.79,48.0,10.76,59.19,53.2,10.12
50,Zaragoza,2018,3,2018T3,64.6,59.09,8.53,53.57,46.81,12.62,58.92,52.77,10.44
50,Zaragoza,2018,4,2018T4,65.51,58.91,10.08,54.41,47.14,13.35,59.8,52.85,11.61
50,Zaragoza,2019,1,2019T1,65.51,59.65,8.94,53.41,46.67,12.62,59.28,52.97,10.65
50,Zaragoza,2019,2,2019T2,65.5,59.94,8.48,53.91,47.51,11.87,59.53,53.54,10.06
50,Zaragoza,2019,3,2019T3,66.69,60.33,9.54,53.82,47.78,11.22,60.06,53.87,10.31
50,Zaragoza,2019,4,2019T4,65.25,59.64,8.6,53.81,47.41,11.89,59.36,53.34,10.13
50,Zaragoza,2020,1,2020T1,64.5,58.05,10.0,54.02,47.4,12.25,59.1,52.57,11.06
50,Zaragoza,2020,2,2020T2,62.77,56.3,10.31,52.76,45.4,13.96,57.62,50.69,12.03
50,Zaragoza,2020,3,2020T3,63.28,56.73,10.35,53.68,45.98,14.35,58.34,51.2,12.24
50,Zaragoza,2020,4,2020T4,63.92,57.57,9.95,54.38,45.56,16.22,59.01,51.38,12.92
50,Zaragoza,2021,1,2021T1,64.1,57.04,11.02,52.82,44.35,16.02,58.29,50.51,13.35
50,Zaragoza,2021,2,2021T2,63.16,57.23,9.38,53.56,45.42,15.19,58.21,51.15,12.14
50,Zaragoza,2021,3,2021T3,64.81,58.88,9.14,52.7,47.39,10.07,58.57,52.97,9.57
50,Zaragoza,2021,4,2021T4,64.25,58.18,9.45,54.24,48.62,10.37,59.11,53.27,9.88
50,Zaragoza,2022,1,2022T1,64.74,58.35,9.87,54.13,47.42,12.4,59.28,52.73,11.06
50,Zaragoza,2022,2,2022T2,64.51,59.72,7.42,54.67,49.04,10.3,59.45,54.23,8.78
50,Zaragoza,2022,3,2022T3,65.12,60.42,7.22,52.81,46.37,12.19,58.77,53.17,9.53
50,Zaragoza,2022,4,2022T4,65.26,60.22,7.73,53.66,47.28,11.88,59.29,53.56,9.67
50,Zaragoza,2023,1,2023T1,63.98,59.76,6.6,55.05,48.16,12.53,59.39,53.79,9.43
50,Zaragoza,2023,2,2023T2,64.34,61.12,5.0,54.62,47.36,13.3,59.33,54.02,8.94
50,Zaragoza,2023,3,2023T3,63.75,58.76,7.82,53.38,48.61,8.93,58.42,53.55,8.34
50,Zaragoza,2023,4,2023T4,63.65,60.47,5.0,55.61,50.19,9.75,59.52,55.19,7.28
50,Zaragoza,2024,1,2024T1,63.87,60.24,5.68,53.88,48.48,10.03,58.74,54.21,7.73
50,Zaragoza,2024,2,2024T2,63.54,59.65,6.13,54.41,49.17,9.63,58.87,54.29,7.78
50,Zaragoza,2024,3,2024T3,63.44,58.08,8.45,53.44,47.76,10.63,58.32,52.79,9.47
50,Zaragoza,2024,4,2024T4,63.25,59.42,6.05,53.74,49.18,8.48,58.37,54.17,7.2
50,Zaragoza,2025,1,2025T1,64.25,60.1,6.45,52.97,47.37,10.58,58.47,53.57,8.37
50,Zaragoza,2025,2,2025T2,63.75,59.78,6.22,52.07,46.98,9.77,57.76,53.22,7.86
50,Zaragoza,2025,3,2025T3,63.61,58.9,7.41,54.63,48.71,10.83,59.03,53.7,9.02
50,Zaragoza,2025,4,2025T4,62.01,57.98,6.49,53.68,47.97,10.65,57.77,52.89,8.46
51,Ceuta,2015,1,2015T1,67.35,50.24,25.41,46.38,27.19,41.36,57.07,38.94,31.76
51,Ceuta,2015,2,2015T2,65.25,52.51,19.53,46.38,31.54,32.0,56.0,42.23,24.59
51,Ceuta,2015,3,2015T3,69.1,53.0,23.29,51.16,30.25,40.87,60.32,41.87,30.59
51,Ceuta,2015,4,2015T4,67.23,55.15,17.98,44.41,30.49,31.34,55.89,42.9,23.25
51,Ceuta,2016,1,2016T1,67.71,53.63,20.8,49.49,32.73,33.88,58.77,43.37,26.21
51,Ceuta,2016,2,2016T2,70.83,54.73,22.73,46.48,31.64,31.93,58.91,43.43,26.28
51,Ceuta,2016,3,2016T3,65.51,53.78,17.91,47.32,30.93,34.62,56.73,42.76,24.64
51,Ceuta,2016,4,2016T4,63.71,51.65,18.93,46.6,33.89,27.28,55.29,42.91,22.39
51,Ceuta,2017,1,2017T1,66.43,52.76,20.59,48.43,35.28,27.15,57.59,44.17,23.3
51,Ceuta,2017,2,2017T2,62.29,54.17,13.03,44.83,33.91,24.36,53.53,44.01,17.79
51,Ceuta,2017,3,2017T3,62.25,53.31,14.37,47.97,32.31,32.64,55.08,42.76,22.36
51,Ceuta,2017,4,2017T4,64.7,51.67,20.13,49.41,32.83,33.54,56.95,42.12,26.03
51,Ceuta,2018,1,2018T1,65.36,48.96,25.09,53.14,32.53,38.77,59.05,40.49,31.44
51,Ceuta,2018,2,2018T2,69.22,52.38,24.33,54.54,35.12,35.61,61.67,43.5,29.46
51,Ceuta,2018,3,2018T3,64.47,49.65,22.99,53.83,32.42,39.79,59.05,40.87,30.79
51,Ceuta,2018,4,2018T4,63.87,51.75,18.97,47.3,32.86,30.53,55.4,42.09,24.02
51,Ceuta,2019,1,2019T1,65.13,53.48,17.89,49.91,36.03,27.82,57.35,44.55,22.31
51,Ceuta,2019,2,2019T2,68.21,52.72,22.71,46.93,34.1,27.34,57.52,43.36,24.61
51,Ceuta,2019,3,2019T3,67.58,49.98,26.05,49.49,33.39,32.54,58.63,41.77,28.76
51,Ceuta,2019,4,2019T4,68.39,51.11,25.26,48.88,33.74,30.96,58.82,42.59,27.58
51,Ceuta,2020,1,2020T1,67.33,52.48,22.04,49.64,36.5,26.47,58.61,44.61,23.89
51,Ceuta,2020,2,2020T2,65.19,53.67,17.68,44.47,33.66,24.29,55.03,43.86,20.3
51,Ceuta,2020,3,2020T3,63.66,48.54,23.76,48.08,32.92,31.53,55.8,40.66,27.14
51,Ceuta,2020,4,2020T4,62.57,47.67,23.81,49.6,34.52,30.4,56.05,41.07,26.74
51,Ceuta,2021,1,2021T1,59.69,42.72,28.43,47.68,31.89,33.12,53.61,37.23,30.54
51,Ceuta,2021,2,2021T2,62.09,46.59,24.96,51.37,35.11,31.65,56.56,40.66,28.1
51,Ceuta,2021,3,2021T3,62.25,44.96,27.78,50.49,30.13,40.31,56.18,37.31,33.59
51,Ceuta,2021,4,2021T4,61.9,45.42,26.61,49.99,31.66,36.66,55.87,38.46,31.17
51,Ceuta,2022,1,2022T1,67.32,48.49,27.98,55.49,34.04,38.66,61.39,41.24,32.82
51,Ceuta,2022,2,2022T2,66.95,54.05,19.27,51.85,36.45,29.69,59.64,45.54,23.65
51,Ceuta,2022,3,2022T3,72.11,51.49,28.6,49.47,34.06,31.16,61.16,43.06,29.6
51,Ceuta,2022,4,2022T4,67.54,47.97,28.98,56.37,34.38,39.0,62.18,41.45,33.34
51,Ceuta,2023,1,2023T1,67.86,51.65,23.88,54.59,37.1,32.04,61.51,44.69,27.34
51,Ceuta,2023,2,2023T2,64.69,49.33,23.74,58.54,37.67,35.65,61.61,43.48,29.42
51,Ceuta,2023,3,2023T3,69.45,51.67,25.61,59.74,38.11,36.21,64.61,44.91,30.5
51,Ceuta,2023,4,2023T4,63.2,47.41,24.99,56.76,33.64,40.73,59.89,40.33,32.66
51,Ceuta,2024,1,2024T1,67.01,52.12,22.23,52.58,33.11,37.03,59.54,42.28,28.99
51,Ceuta,2024,2,2024T2,67.99,54.23,20.24,56.32,33.71,40.15,61.99,43.68,29.55
51,Ceuta,2024,3,2024T3,67.13,54.31,19.09,56.52,33.68,40.41,61.59,43.55,29.3
51,Ceuta,2024,4,2024T4,64.97,55.03,15.3,52.39,36.7,29.94,58.72,45.93,21.79
51,Ceuta,2025,1,2025T1,66.81,53.6,19.78,51.08,33.74,33.95,58.84,43.53,26.01
51,Ceuta,2025,2,2025T2,66.26,55.13,16.8,58.35,39.99,31.46,62.27,47.48,23.74
51,Ceuta,2025,3,2025T3,64.81,52.06,19.67,52.44,35.09,33.08,58.81,43.83,25.47
51,Ceuta,2025,4,2025T4,71.09,59.28,16.61,57.73,40.79,29.35,64.53,50.2,22.21
52,Melilla,2015,1,2015T1,66.26,47.02,29.03,50.07,28.19,43.71,58.11,37.54,35.4
52,Melilla,2015,2,2015T2,68.22,46.05,32.5,46.71,27.11,41.96,57.46,36.58,36.35
52,Melilla,2015,3,2015T3,67.74,48.8,27.96,47.72,30.42,36.24,57.68,39.57,31.4
52,Melilla,2015,4,2015T4,67.22,47.7,29.04,44.2,27.32,38.18,55.78,37.57,32.64
52,Melilla,2016,1,2016T1,69.24,49.6,28.37,44.5,29.28,34.2,56.76,39.35,30.67
52,Melilla,2016,2,2016T2,72.19,50.54,29.99,43.92,26.34,40.03,57.88,38.29,33.84
52,Melilla,2016,3,2016T3,72.15,54.61,24.31,47.97,28.28,41.04,59.71,41.07,31.22
52,Melilla,2016,4,2016T4,71.09,55.58,21.81,48.84,31.59,35.32,59.85,43.46,27.38
52,Melilla,2017,1,2017T1,68.44,54.49,20.38,47.71,27.62,42.1,57.92,40.86,29.46
52,Melilla,2017,2,2017T2,71.52,55.23,22.79,48.88,28.74,41.19,60.25,42.04,30.22
52,Melilla,2017,3,2017T3,70.05,56.69,19.08,49.84,31.76,36.27,60.02,44.32,26.16
52,Melilla,2017,4,2017T4,70.49,56.07,20.46,50.54,35.04,30.67,60.72,45.77,24.62
52,Melilla,2018,1,2018T1,69.33,53.16,23.31,51.8,34.74,32.94,60.92,44.32,27.24
52,Melilla,2018,2,2018T2,70.88,53.82,24.07,56.36,37.63,33.22,63.88,46.01,27.96
52,Melilla,2018,3,2018T3,72.81,59.61,18.12,55.68,37.79,32.12,64.46,48.98,24.01
52,Melilla,2018,4,2018T4,69.46,55.01,20.81,54.14,38.99,27.99,62.03,47.23,23.85
52,Melilla,2019,1,2019T1,71.38,54.99,22.96,54.81,38.37,30.01,63.33,46.91,25.92
52,Melilla,2019,2,2019T2,69.61,53.87,22.6,54.39,37.59,30.9,62.05,45.79,26.21
52,Melilla,2019,3,2019T3,63.84,49.52,22.43,53.08,33.57,36.76,58.41,41.48,28.99
52,Melilla,2019,4,2019T4,63.6,50.04,21.31,52.77,35.25,33.2,58.08,42.51,26.81
52,Melilla,2020,1,2020T1,64.03,50.42,21.26,52.71,39.4,25.25,58.29,44.83,23.09
52,Melilla,2020,2,2020T2,67.76,53.74,20.68,54.82,40.27,26.55,61.15,46.86,23.37
52,Melilla,2020,3,2020T3,71.62,56.82,20.66,56.26,40.16,28.62,63.99,48.55,24.14
52,Melilla,2020,4,2020T4,72.91,58.16,20.24,58.17,41.69,28.33,65.54,49.93,23.83
52,Melilla,2021,1,2021T1,66.82,52.99,20.69,58.83,37.66,35.99,62.85,45.37,27.81
52,Melilla,2021,2,2021T2,68.96,52.9,23.29,50.36,37.44,25.64,59.99,45.44,24.24
52,Melilla,2021,3,2021T3,68.54,56.65,17.35,48.95,33.8,30.95,59.03,45.56,22.82
52,Melilla,2021,4,2021T4,67.86,52.43,22.73,55.77,38.36,31.22,61.88,45.47,26.51
52,Melilla,2022,1,2022T1,66.81,53.37,20.12,52.78,35.89,32.01,59.75,44.57,25.41
52,Melilla,2022,2,2022T2,68.47,51.49,24.8,54.93,36.08,34.3,61.44,43.49,29.21
52,Melilla,2022,3,2022T3,67.51,55.21,18.22,48.76,34.71,28.81,57.82,44.61,22.84
52,Melilla,2022,4,2022T4,62.93,50.83,19.23,48.28,31.74,34.27,55.22,40.78,26.15
52,Melilla,2023,1,2023T1,62.69,43.18,31.11,47.38,32.97,30.42,54.68,37.84,30.8
52,Melilla,2023,2,2023T2,60.9,46.75,23.23,48.91,38.3,21.7,54.89,42.51,22.55
52,Melilla,2023,3,2023T3,62.34,46.83,24.88,50.86,39.63,22.08,56.53,43.19,23.61
52,Melilla,2023,4,2023T4,60.45,43.93,27.33,51.95,35.17,32.3,56.3,39.65,29.57
52,Melilla,2024,1,2024T1,63.99,44.66,30.21,55.0,35.68,35.12,59.57,40.24,32.44
52,Melilla,2024,2,2024T2,61.27,42.37,30.86,51.73,39.07,24.47,56.49,40.72,27.93
52,Melilla,2024,3,2024T3,68.0,50.53,25.69,54.58,38.8,28.91,61.43,44.78,27.09
52,Melilla,2024,4,2024T4,61.1,47.36,22.48,54.95,38.81,29.38,57.98,43.02,25.8
52,Melilla,2025,1,2025T1,65.03,49.25,24.27,53.2,37.56,29.4,59.08,43.37,26.6
52,Melilla,2025,2,2025T2,59.47,46.4,21.99,47.09,32.6,30.77,53.21,39.43,25.91
52,Melilla,2025,3,2025T3,59.62,50.17,15.85,49.37,33.29,32.58,54.29,41.39,23.76
52,Melilla,2025,4,2025T4,60.45,49.22,18.57,46.19,33.12,28.29,53.0,40.81,23.0
