codigo_provincia,provincia,tamano_hogar,fecha,anio,trimestre,periodo,numero_hogares
02,Albacete,1,2021-01-01,2021,1,2021-T1,41.838
02,Albacete,1,2021-04-01,2021,2,2021-T2,42.322
02,Albacete,1,2021-07-01,2021,3,2021-T3,42.821
02,Albacete,1,2021-10-01,2021,4,2021-T4,43.185
02,Albacete,1,2022-01-01,2022,1,2022-T1,43.461
02,Albacete,1,2022-04-01,2022,2,2022-T2,43.519
02,Albacete,1,2022-07-01,2022,3,2022-T3,43.628
02,Albacete,1,2022-10-01,2022,4,2022-T4,44.022
02,Albacete,1,2023-01-01,2023,1,2023-T1,44.412
02,Albacete,1,2023-04-01,2023,2,2023-T2,44.669
02,Albacete,1,2023-07-01,2023,3,2023-T3,44.969
02,Albacete,1,2023-10-01,2023,4,2023-T4,45.256
02,Albacete,1,2024-01-01,2024,1,2024-T1,45.453
02,Albacete,1,2024-04-01,2024,2,2024-T2,45.462
02,Albacete,1,2024-07-01,2024,3,2024-T3,45.548
02,Albacete,1,2024-10-01,2024,4,2024-T4,45.835
02,Albacete,1,2025-01-01,2025,1,2025-T1,46.079
02,Albacete,1,2025-04-01,2025,2,2025-T2,46.207
02,Albacete,1,2025-07-01,2025,3,2025-T3,46.532
02,Albacete,1,2025-10-01,2025,4,2025-T4,46.93
02,Albacete,1,2026-01-01,2026,1,2026-T1,47.207
02,Albacete,1,2026-04-01,2026,2,2026-T2,47.612
02,Albacete,2,2021-01-01,2021,1,2021-T1,39.627
02,Albacete,2,2021-04-01,2021,2,2021-T2,39.914
02,Albacete,2,2021-07-01,2021,3,2021-T3,40.201
02,Albacete,2,2021-10-01,2021,4,2021-T4,40.482
02,Albacete,2,2022-01-01,2022,1,2022-T1,40.707
02,Albacete,2,2022-04-01,2022,2,2022-T2,40.924
02,Albacete,2,2022-07-01,2022,3,2022-T3,41.157
02,Albacete,2,2022-10-01,2022,4,2022-T4,41.486
02,Albacete,2,2023-01-01,2023,1,2023-T1,41.819
02,Albacete,2,2023-04-01,2023,2,2023-T2,42.088
02,Albacete,2,2023-07-01,2023,3,2023-T3,42.361
02,Albacete,2,2023-10-01,2023,4,2023-T4,42.572
02,Albacete,2,2024-01-01,2024,1,2024-T1,42.705
02,Albacete,2,2024-04-01,2024,2,2024-T2,42.893
02,Albacete,2,2024-07-01,2024,3,2024-T3,43.157
02,Albacete,2,2024-10-01,2024,4,2024-T4,43.394
02,Albacete,2,2025-01-01,2025,1,2025-T1,43.589
02,Albacete,2,2025-04-01,2025,2,2025-T2,43.571
02,Albacete,2,2025-07-01,2025,3,2025-T3,43.708
02,Albacete,2,2025-10-01,2025,4,2025-T4,43.994
02,Albacete,2,2026-01-01,2026,1,2026-T1,44.188
02,Albacete,2,2026-04-01,2026,2,2026-T2,44.475
02,Albacete,3,2021-01-01,2021,1,2021-T1,31.076
02,Albacete,3,2021-04-01,2021,2,2021-T2,31.082
02,Albacete,3,2021-07-01,2021,3,2021-T3,31.06
02,Albacete,3,2021-10-01,2021,4,2021-T4,31.066
02,Albacete,3,2022-01-01,2022,1,2022-T1,31.041
02,Albacete,3,2022-04-01,2022,2,2022-T2,31.016
02,Albacete,3,2022-07-01,2022,3,2022-T3,31.008
02,Albacete,3,2022-10-01,2022,4,2022-T4,31.047
02,Albacete,3,2023-01-01,2023,1,2023-T1,31.087
02,Albacete,3,2023-04-01,2023,2,2023-T2,31.096
02,Albacete,3,2023-07-01,2023,3,2023-T3,31.095
02,Albacete,3,2023-10-01,2023,4,2023-T4,31.119
02,Albacete,3,2024-01-01,2024,1,2024-T1,31.085
02,Albacete,3,2024-04-01,2024,2,2024-T2,31.074
02,Albacete,3,2024-07-01,2024,3,2024-T3,31.113
02,Albacete,3,2024-10-01,2024,4,2024-T4,31.069
02,Albacete,3,2025-01-01,2025,1,2025-T1,31.003
02,Albacete,3,2025-04-01,2025,2,2025-T2,31.0
02,Albacete,3,2025-07-01,2025,3,2025-T3,31.123
02,Albacete,3,2025-10-01,2025,4,2025-T4,31.146
02,Albacete,3,2026-01-01,2026,1,2026-T1,31.086
02,Albacete,3,2026-04-01,2026,2,2026-T2,31.178
02,Albacete,4 y más,2021-01-01,2021,1,2021-T1,38.721
02,Albacete,4 y más,2021-04-01,2021,2,2021-T2,38.451
02,Albacete,4 y más,2021-07-01,2021,3,2021-T3,38.128
02,Albacete,4 y más,2021-10-01,2021,4,2021-T4,37.956
02,Albacete,4 y más,2022-01-01,2022,1,2022-T1,37.758
02,Albacete,4 y más,2022-04-01,2022,2,2022-T2,37.668
02,Albacete,4 y más,2022-07-01,2022,3,2022-T3,37.595
02,Albacete,4 y más,2022-10-01,2022,4,2022-T4,37.422
02,Albacete,4 y más,2023-01-01,2023,1,2023-T1,37.249
02,Albacete,4 y más,2023-04-01,2023,2,2023-T2,37.107
02,Albacete,4 y más,2023-07-01,2023,3,2023-T3,36.955
02,Albacete,4 y más,2023-10-01,2023,4,2023-T4,36.911
02,Albacete,4 y más,2024-01-01,2024,1,2024-T1,36.798
02,Albacete,4 y más,2024-04-01,2024,2,2024-T2,36.704
02,Albacete,4 y más,2024-07-01,2024,3,2024-T3,36.656
02,Albacete,4 y más,2024-10-01,2024,4,2024-T4,36.613
02,Albacete,4 y más,2025-01-01,2025,1,2025-T1,36.548
02,Albacete,4 y más,2025-04-01,2025,2,2025-T2,36.407
02,Albacete,4 y más,2025-07-01,2025,3,2025-T3,36.414
02,Albacete,4 y más,2025-10-01,2025,4,2025-T4,36.359
02,Albacete,4 y más,2026-01-01,2026,1,2026-T1,36.199
02,Albacete,4 y más,2026-04-01,2026,2,2026-T2,36.206
02,Albacete,Total,2021-01-01,2021,1,2021-T1,151.262
02,Albacete,Total,2021-04-01,2021,2,2021-T2,151.769
02,Albacete,Total,2021-07-01,2021,3,2021-T3,152.21
02,Albacete,Total,2021-10-01,2021,4,2021-T4,152.689
02,Albacete,Total,2022-01-01,2022,1,2022-T1,152.967
02,Albacete,Total,2022-04-01,2022,2,2022-T2,153.127
02,Albacete,Total,2022-07-01,2022,3,2022-T3,153.388
02,Albacete,Total,2022-10-01,2022,4,2022-T4,153.977
02,Albacete,Total,2023-01-01,2023,1,2023-T1,154.567
02,Albacete,Total,2023-04-01,2023,2,2023-T2,154.96
02,Albacete,Total,2023-07-01,2023,3,2023-T3,155.38
02,Albacete,Total,2023-10-01,2023,4,2023-T4,155.858
02,Albacete,Total,2024-01-01,2024,1,2024-T1,156.041
02,Albacete,Total,2024-04-01,2024,2,2024-T2,156.133
02,Albacete,Total,2024-07-01,2024,3,2024-T3,156.474
02,Albacete,Total,2024-10-01,2024,4,2024-T4,156.911
02,Albacete,Total,2025-01-01,2025,1,2025-T1,157.219
02,Albacete,Total,2025-04-01,2025,2,2025-T2,157.185
02,Albacete,Total,2025-07-01,2025,3,2025-T3,157.777
02,Albacete,Total,2025-10-01,2025,4,2025-T4,158.429
02,Albacete,Total,2026-01-01,2026,1,2026-T1,158.68
02,Albacete,Total,2026-04-01,2026,2,2026-T2,159.471
03,Alicante/Alacant,1,2021-01-01,2021,1,2021-T1,209.736
03,Alicante/Alacant,1,2021-04-01,2021,2,2021-T2,212.537
03,Alicante/Alacant,1,2021-07-01,2021,3,2021-T3,215.82
03,Alicante/Alacant,1,2021-10-01,2021,4,2021-T4,218.404
03,Alicante/Alacant,1,2022-01-01,2022,1,2022-T1,220.891
03,Alicante/Alacant,1,2022-04-01,2022,2,2022-T2,221.86
03,Alicante/Alacant,1,2022-07-01,2022,3,2022-T3,223.269
03,Alicante/Alacant,1,2022-10-01,2022,4,2022-T4,224.675
03,Alicante/Alacant,1,2023-01-01,2023,1,2023-T1,226.216
03,Alicante/Alacant,1,2023-04-01,2023,2,2023-T2,227.24
03,Alicante/Alacant,1,2023-07-01,2023,3,2023-T3,228.321
03,Alicante/Alacant,1,2023-10-01,2023,4,2023-T4,228.954
03,Alicante/Alacant,1,2024-01-01,2024,1,2024-T1,229.318
03,Alicante/Alacant,1,2024-04-01,2024,2,2024-T2,230.383
03,Alicante/Alacant,1,2024-07-01,2024,3,2024-T3,231.375
03,Alicante/Alacant,1,2024-10-01,2024,4,2024-T4,232.405
03,Alicante/Alacant,1,2025-01-01,2025,1,2025-T1,233.159
03,Alicante/Alacant,1,2025-04-01,2025,2,2025-T2,234.575
03,Alicante/Alacant,1,2025-07-01,2025,3,2025-T3,236.274
03,Alicante/Alacant,1,2025-10-01,2025,4,2025-T4,237.763
03,Alicante/Alacant,1,2026-01-01,2026,1,2026-T1,239.044
03,Alicante/Alacant,1,2026-04-01,2026,2,2026-T2,240.181
03,Alicante/Alacant,2,2021-01-01,2021,1,2021-T1,221.556
03,Alicante/Alacant,2,2021-04-01,2021,2,2021-T2,223.889
03,Alicante/Alacant,2,2021-07-01,2021,3,2021-T3,226.581
03,Alicante/Alacant,2,2021-10-01,2021,4,2021-T4,228.982
03,Alicante/Alacant,2,2022-01-01,2022,1,2022-T1,231.326
03,Alicante/Alacant,2,2022-04-01,2022,2,2022-T2,232.367
03,Alicante/Alacant,2,2022-07-01,2022,3,2022-T3,233.804
03,Alicante/Alacant,2,2022-10-01,2022,4,2022-T4,235.374
03,Alicante/Alacant,2,2023-01-01,2023,1,2023-T1,236.975
03,Alicante/Alacant,2,2023-04-01,2023,2,2023-T2,238.147
03,Alicante/Alacant,2,2023-07-01,2023,3,2023-T3,239.293
03,Alicante/Alacant,2,2023-10-01,2023,4,2023-T4,239.981
03,Alicante/Alacant,2,2024-01-01,2024,1,2024-T1,240.43
03,Alicante/Alacant,2,2024-04-01,2024,2,2024-T2,241.771
03,Alicante/Alacant,2,2024-07-01,2024,3,2024-T3,243.012
03,Alicante/Alacant,2,2024-10-01,2024,4,2024-T4,244.221
03,Alicante/Alacant,2,2025-01-01,2025,1,2025-T1,245.104
03,Alicante/Alacant,2,2025-04-01,2025,2,2025-T2,246.17
03,Alicante/Alacant,2,2025-07-01,2025,3,2025-T3,247.469
03,Alicante/Alacant,2,2025-10-01,2025,4,2025-T4,249.111
03,Alicante/Alacant,2,2026-01-01,2026,1,2026-T1,250.531
03,Alicante/Alacant,2,2026-04-01,2026,2,2026-T2,251.926
03,Alicante/Alacant,3,2021-01-01,2021,1,2021-T1,148.515
03,Alicante/Alacant,3,2021-04-01,2021,2,2021-T2,148.219
03,Alicante/Alacant,3,2021-07-01,2021,3,2021-T3,148.026
03,Alicante/Alacant,3,2021-10-01,2021,4,2021-T4,148.434
03,Alicante/Alacant,3,2022-01-01,2022,1,2022-T1,148.862
03,Alicante/Alacant,3,2022-04-01,2022,2,2022-T2,149.415
03,Alicante/Alacant,3,2022-07-01,2022,3,2022-T3,150.325
03,Alicante/Alacant,3,2022-10-01,2022,4,2022-T4,151.345
03,Alicante/Alacant,3,2023-01-01,2023,1,2023-T1,152.23
03,Alicante/Alacant,3,2023-04-01,2023,2,2023-T2,152.658
03,Alicante/Alacant,3,2023-07-01,2023,3,2023-T3,153.048
03,Alicante/Alacant,3,2023-10-01,2023,4,2023-T4,153.871
03,Alicante/Alacant,3,2024-01-01,2024,1,2024-T1,154.662
03,Alicante/Alacant,3,2024-04-01,2024,2,2024-T2,155.415
03,Alicante/Alacant,3,2024-07-01,2024,3,2024-T3,156.021
03,Alicante/Alacant,3,2024-10-01,2024,4,2024-T4,156.933
03,Alicante/Alacant,3,2025-01-01,2025,1,2025-T1,157.671
03,Alicante/Alacant,3,2025-04-01,2025,2,2025-T2,158.406
03,Alicante/Alacant,3,2025-07-01,2025,3,2025-T3,159.198
03,Alicante/Alacant,3,2025-10-01,2025,4,2025-T4,159.844
03,Alicante/Alacant,3,2026-01-01,2026,1,2026-T1,160.377
03,Alicante/Alacant,3,2026-04-01,2026,2,2026-T2,160.894
03,Alicante/Alacant,4 y más,2021-01-01,2021,1,2021-T1,174.292
03,Alicante/Alacant,4 y más,2021-04-01,2021,2,2021-T2,173.407
03,Alicante/Alacant,4 y más,2021-07-01,2021,3,2021-T3,172.631
03,Alicante/Alacant,4 y más,2021-10-01,2021,4,2021-T4,172.436
03,Alicante/Alacant,4 y más,2022-01-01,2022,1,2022-T1,172.252
03,Alicante/Alacant,4 y más,2022-04-01,2022,2,2022-T2,172.826
03,Alicante/Alacant,4 y más,2022-07-01,2022,3,2022-T3,173.887
03,Alicante/Alacant,4 y más,2022-10-01,2022,4,2022-T4,174.899
03,Alicante/Alacant,4 y más,2023-01-01,2023,1,2023-T1,175.639
03,Alicante/Alacant,4 y más,2023-04-01,2023,2,2023-T2,176.185
03,Alicante/Alacant,4 y más,2023-07-01,2023,3,2023-T3,176.675
03,Alicante/Alacant,4 y más,2023-10-01,2023,4,2023-T4,177.956
03,Alicante/Alacant,4 y más,2024-01-01,2024,1,2024-T1,179.235
03,Alicante/Alacant,4 y más,2024-04-01,2024,2,2024-T2,179.779
03,Alicante/Alacant,4 y más,2024-07-01,2024,3,2024-T3,180.124
03,Alicante/Alacant,4 y más,2024-10-01,2024,4,2024-T4,181.426
03,Alicante/Alacant,4 y más,2025-01-01,2025,1,2025-T1,182.49
03,Alicante/Alacant,4 y más,2025-04-01,2025,2,2025-T2,183.317
03,Alicante/Alacant,4 y más,2025-07-01,2025,3,2025-T3,184.158
03,Alicante/Alacant,4 y más,2025-10-01,2025,4,2025-T4,185.199
03,Alicante/Alacant,4 y más,2026-01-01,2026,1,2026-T1,186.089
03,Alicante/Alacant,4 y más,2026-04-01,2026,2,2026-T2,186.702
03,Alicante/Alacant,Total,2021-01-01,2021,1,2021-T1,754.099
03,Alicante/Alacant,Total,2021-04-01,2021,2,2021-T2,758.052
03,Alicante/Alacant,Total,2021-07-01,2021,3,2021-T3,763.058
03,Alicante/Alacant,Total,2021-10-01,2021,4,2021-T4,768.256
03,Alicante/Alacant,Total,2022-01-01,2022,1,2022-T1,773.331
03,Alicante/Alacant,Total,2022-04-01,2022,2,2022-T2,776.468
03,Alicante/Alacant,Total,2022-07-01,2022,3,2022-T3,781.285
03,Alicante/Alacant,Total,2022-10-01,2022,4,2022-T4,786.293
03,Alicante/Alacant,Total,2023-01-01,2023,1,2023-T1,791.06
03,Alicante/Alacant,Total,2023-04-01,2023,2,2023-T2,794.23
03,Alicante/Alacant,Total,2023-07-01,2023,3,2023-T3,797.337
03,Alicante/Alacant,Total,2023-10-01,2023,4,2023-T4,800.762
03,Alicante/Alacant,Total,2024-01-01,2024,1,2024-T1,803.645
03,Alicante/Alacant,Total,2024-04-01,2024,2,2024-T2,807.348
03,Alicante/Alacant,Total,2024-07-01,2024,3,2024-T3,810.532
03,Alicante/Alacant,Total,2024-10-01,2024,4,2024-T4,814.985
03,Alicante/Alacant,Total,2025-01-01,2025,1,2025-T1,818.424
03,Alicante/Alacant,Total,2025-04-01,2025,2,2025-T2,822.468
03,Alicante/Alacant,Total,2025-07-01,2025,3,2025-T3,827.099
03,Alicante/Alacant,Total,2025-10-01,2025,4,2025-T4,831.917
03,Alicante/Alacant,Total,2026-01-01,2026,1,2026-T1,836.041
03,Alicante/Alacant,Total,2026-04-01,2026,2,2026-T2,839.703
04,Almería,1,2021-01-01,2021,1,2021-T1,73.493
04,Almería,1,2021-04-01,2021,2,2021-T2,74.24
04,Almería,1,2021-07-01,2021,3,2021-T3,75.097
04,Almería,1,2021-10-01,2021,4,2021-T4,75.734
04,Almería,1,2022-01-01,2022,1,2022-T1,76.628
04,Almería,1,2022-04-01,2022,2,2022-T2,77.303
04,Almería,1,2022-07-01,2022,3,2022-T3,78.008
04,Almería,1,2022-10-01,2022,4,2022-T4,78.61
04,Almería,1,2023-01-01,2023,1,2023-T1,79.208
04,Almería,1,2023-04-01,2023,2,2023-T2,79.662
04,Almería,1,2023-07-01,2023,3,2023-T3,80.181
04,Almería,1,2023-10-01,2023,4,2023-T4,80.017
04,Almería,1,2024-01-01,2024,1,2024-T1,79.75
04,Almería,1,2024-04-01,2024,2,2024-T2,80.196
04,Almería,1,2024-07-01,2024,3,2024-T3,80.846
04,Almería,1,2024-10-01,2024,4,2024-T4,81.258
04,Almería,1,2025-01-01,2025,1,2025-T1,81.578
04,Almería,1,2025-04-01,2025,2,2025-T2,82.004
04,Almería,1,2025-07-01,2025,3,2025-T3,82.508
04,Almería,1,2025-10-01,2025,4,2025-T4,83.047
04,Almería,1,2026-01-01,2026,1,2026-T1,83.506
04,Almería,1,2026-04-01,2026,2,2026-T2,83.991
04,Almería,2,2021-01-01,2021,1,2021-T1,72.847
04,Almería,2,2021-04-01,2021,2,2021-T2,73.454
04,Almería,2,2021-07-01,2021,3,2021-T3,74.144
04,Almería,2,2021-10-01,2021,4,2021-T4,74.798
04,Almería,2,2022-01-01,2022,1,2022-T1,75.674
04,Almería,2,2022-04-01,2022,2,2022-T2,76.132
04,Almería,2,2022-07-01,2022,3,2022-T3,76.588
04,Almería,2,2022-10-01,2022,4,2022-T4,77.185
04,Almería,2,2023-01-01,2023,1,2023-T1,77.777
04,Almería,2,2023-04-01,2023,2,2023-T2,78.217
04,Almería,2,2023-07-01,2023,3,2023-T3,78.686
04,Almería,2,2023-10-01,2023,4,2023-T4,78.932
04,Almería,2,2024-01-01,2024,1,2024-T1,79.112
04,Almería,2,2024-04-01,2024,2,2024-T2,79.445
04,Almería,2,2024-07-01,2024,3,2024-T3,79.913
04,Almería,2,2024-10-01,2024,4,2024-T4,80.32
04,Almería,2,2025-01-01,2025,1,2025-T1,80.654
04,Almería,2,2025-04-01,2025,2,2025-T2,81.143
04,Almería,2,2025-07-01,2025,3,2025-T3,81.694
04,Almería,2,2025-10-01,2025,4,2025-T4,82.247
04,Almería,2,2026-01-01,2026,1,2026-T1,82.724
04,Almería,2,2026-04-01,2026,2,2026-T2,83.23
04,Almería,3,2021-01-01,2021,1,2021-T1,55.056
04,Almería,3,2021-04-01,2021,2,2021-T2,55.186
04,Almería,3,2021-07-01,2021,3,2021-T3,55.344
04,Almería,3,2021-10-01,2021,4,2021-T4,55.511
04,Almería,3,2022-01-01,2022,1,2022-T1,55.855
04,Almería,3,2022-04-01,2022,2,2022-T2,55.965
04,Almería,3,2022-07-01,2022,3,2022-T3,56.094
04,Almería,3,2022-10-01,2022,4,2022-T4,56.344
04,Almería,3,2023-01-01,2023,1,2023-T1,56.566
04,Almería,3,2023-04-01,2023,2,2023-T2,56.554
04,Almería,3,2023-07-01,2023,3,2023-T3,56.582
04,Almería,3,2023-10-01,2023,4,2023-T4,56.7
04,Almería,3,2024-01-01,2024,1,2024-T1,56.768
04,Almería,3,2024-04-01,2024,2,2024-T2,56.879
04,Almería,3,2024-07-01,2024,3,2024-T3,57.141
04,Almería,3,2024-10-01,2024,4,2024-T4,57.315
04,Almería,3,2025-01-01,2025,1,2025-T1,57.419
04,Almería,3,2025-04-01,2025,2,2025-T2,57.571
04,Almería,3,2025-07-01,2025,3,2025-T3,57.74
04,Almería,3,2025-10-01,2025,4,2025-T4,57.81
04,Almería,3,2026-01-01,2026,1,2026-T1,57.82
04,Almería,3,2026-04-01,2026,2,2026-T2,57.907
04,Almería,4 y más,2021-01-01,2021,1,2021-T1,74.33
04,Almería,4 y más,2021-04-01,2021,2,2021-T2,74.115
04,Almería,4 y más,2021-07-01,2021,3,2021-T3,73.924
04,Almería,4 y más,2021-10-01,2021,4,2021-T4,73.9
04,Almería,4 y más,2022-01-01,2022,1,2022-T1,74.098
04,Almería,4 y más,2022-04-01,2022,2,2022-T2,74.352
04,Almería,4 y más,2022-07-01,2022,3,2022-T3,74.638
04,Almería,4 y más,2022-10-01,2022,4,2022-T4,74.803
04,Almería,4 y más,2023-01-01,2023,1,2023-T1,74.92
04,Almería,4 y más,2023-04-01,2023,2,2023-T2,74.836
04,Almería,4 y más,2023-07-01,2023,3,2023-T3,74.802
04,Almería,4 y más,2023-10-01,2023,4,2023-T4,75.099
04,Almería,4 y más,2024-01-01,2024,1,2024-T1,75.34
04,Almería,4 y más,2024-04-01,2024,2,2024-T2,75.226
04,Almería,4 y más,2024-07-01,2024,3,2024-T3,75.323
04,Almería,4 y más,2024-10-01,2024,4,2024-T4,75.637
04,Almería,4 y más,2025-01-01,2025,1,2025-T1,75.851
04,Almería,4 y más,2025-04-01,2025,2,2025-T2,76.155
04,Almería,4 y más,2025-07-01,2025,3,2025-T3,76.461
04,Almería,4 y más,2025-10-01,2025,4,2025-T4,76.663
04,Almería,4 y más,2026-01-01,2026,1,2026-T1,76.78
04,Almería,4 y más,2026-04-01,2026,2,2026-T2,76.931
04,Almería,Total,2021-01-01,2021,1,2021-T1,275.726
04,Almería,Total,2021-04-01,2021,2,2021-T2,276.995
04,Almería,Total,2021-07-01,2021,3,2021-T3,278.509
04,Almería,Total,2021-10-01,2021,4,2021-T4,279.943
04,Almería,Total,2022-01-01,2022,1,2022-T1,282.255
04,Almería,Total,2022-04-01,2022,2,2022-T2,283.752
04,Almería,Total,2022-07-01,2022,3,2022-T3,285.328
04,Almería,Total,2022-10-01,2022,4,2022-T4,286.942
04,Almería,Total,2023-01-01,2023,1,2023-T1,288.471
04,Almería,Total,2023-04-01,2023,2,2023-T2,289.269
04,Almería,Total,2023-07-01,2023,3,2023-T3,290.251
04,Almería,Total,2023-10-01,2023,4,2023-T4,290.748
04,Almería,Total,2024-01-01,2024,1,2024-T1,290.97
04,Almería,Total,2024-04-01,2024,2,2024-T2,291.746
04,Almería,Total,2024-07-01,2024,3,2024-T3,293.223
04,Almería,Total,2024-10-01,2024,4,2024-T4,294.53
04,Almería,Total,2025-01-01,2025,1,2025-T1,295.502
04,Almería,Total,2025-04-01,2025,2,2025-T2,296.873
04,Almería,Total,2025-07-01,2025,3,2025-T3,298.403
04,Almería,Total,2025-10-01,2025,4,2025-T4,299.767
04,Almería,Total,2026-01-01,2026,1,2026-T1,300.83
04,Almería,Total,2026-04-01,2026,2,2026-T2,302.059
01,Araba/Álava,1,2021-01-01,2021,1,2021-T1,43.222
01,Araba/Álava,1,2021-04-01,2021,2,2021-T2,43.657
01,Araba/Álava,1,2021-07-01,2021,3,2021-T3,44.119
01,Araba/Álava,1,2021-10-01,2021,4,2021-T4,44.599
01,Araba/Álava,1,2022-01-01,2022,1,2022-T1,45.089
01,Araba/Álava,1,2022-04-01,2022,2,2022-T2,45.254
01,Araba/Álava,1,2022-07-01,2022,3,2022-T3,45.429
01,Araba/Álava,1,2022-10-01,2022,4,2022-T4,45.611
01,Araba/Álava,1,2023-01-01,2023,1,2023-T1,45.823
01,Araba/Álava,1,2023-04-01,2023,2,2023-T2,46.052
01,Araba/Álava,1,2023-07-01,2023,3,2023-T3,46.352
01,Araba/Álava,1,2023-10-01,2023,4,2023-T4,46.437
01,Araba/Álava,1,2024-01-01,2024,1,2024-T1,46.527
01,Araba/Álava,1,2024-04-01,2024,2,2024-T2,46.648
01,Araba/Álava,1,2024-07-01,2024,3,2024-T3,46.814
01,Araba/Álava,1,2024-10-01,2024,4,2024-T4,47.177
01,Araba/Álava,1,2025-01-01,2025,1,2025-T1,47.5
01,Araba/Álava,1,2025-04-01,2025,2,2025-T2,48.03
01,Araba/Álava,1,2025-07-01,2025,3,2025-T3,48.523
01,Araba/Álava,1,2025-10-01,2025,4,2025-T4,49.025
01,Araba/Álava,1,2026-01-01,2026,1,2026-T1,49.455
01,Araba/Álava,1,2026-04-01,2026,2,2026-T2,49.866
01,Araba/Álava,2,2021-01-01,2021,1,2021-T1,42.745
01,Araba/Álava,2,2021-04-01,2021,2,2021-T2,43.001
01,Araba/Álava,2,2021-07-01,2021,3,2021-T3,43.275
01,Araba/Álava,2,2021-10-01,2021,4,2021-T4,43.43
01,Araba/Álava,2,2022-01-01,2022,1,2022-T1,43.614
01,Araba/Álava,2,2022-04-01,2022,2,2022-T2,43.739
01,Araba/Álava,2,2022-07-01,2022,3,2022-T3,43.872
01,Araba/Álava,2,2022-10-01,2022,4,2022-T4,43.958
01,Araba/Álava,2,2023-01-01,2023,1,2023-T1,44.04
01,Araba/Álava,2,2023-04-01,2023,2,2023-T2,44.174
01,Araba/Álava,2,2023-07-01,2023,3,2023-T3,44.352
01,Araba/Álava,2,2023-10-01,2023,4,2023-T4,44.371
01,Araba/Álava,2,2024-01-01,2024,1,2024-T1,44.405
01,Araba/Álava,2,2024-04-01,2024,2,2024-T2,44.61
01,Araba/Álava,2,2024-07-01,2024,3,2024-T3,44.887
01,Araba/Álava,2,2024-10-01,2024,4,2024-T4,45.017
01,Araba/Álava,2,2025-01-01,2025,1,2025-T1,45.091
01,Araba/Álava,2,2025-04-01,2025,2,2025-T2,45.219
01,Araba/Álava,2,2025-07-01,2025,3,2025-T3,45.311
01,Araba/Álava,2,2025-10-01,2025,4,2025-T4,45.493
01,Araba/Álava,2,2026-01-01,2026,1,2026-T1,45.606
01,Araba/Álava,2,2026-04-01,2026,2,2026-T2,45.779
01,Araba/Álava,3,2021-01-01,2021,1,2021-T1,26.21
01,Araba/Álava,3,2021-04-01,2021,2,2021-T2,26.069
01,Araba/Álava,3,2021-07-01,2021,3,2021-T3,25.937
01,Araba/Álava,3,2021-10-01,2021,4,2021-T4,25.822
01,Araba/Álava,3,2022-01-01,2022,1,2022-T1,25.753
01,Araba/Álava,3,2022-04-01,2022,2,2022-T2,25.651
01,Araba/Álava,3,2022-07-01,2022,3,2022-T3,25.552
01,Araba/Álava,3,2022-10-01,2022,4,2022-T4,25.539
01,Araba/Álava,3,2023-01-01,2023,1,2023-T1,25.543
01,Araba/Álava,3,2023-04-01,2023,2,2023-T2,25.484
01,Araba/Álava,3,2023-07-01,2023,3,2023-T3,25.434
01,Araba/Álava,3,2023-10-01,2023,4,2023-T4,25.415
01,Araba/Álava,3,2024-01-01,2024,1,2024-T1,25.44
01,Araba/Álava,3,2024-04-01,2024,2,2024-T2,25.384
01,Araba/Álava,3,2024-07-01,2024,3,2024-T3,25.367
01,Araba/Álava,3,2024-10-01,2024,4,2024-T4,25.358
01,Araba/Álava,3,2025-01-01,2025,1,2025-T1,25.325
01,Araba/Álava,3,2025-04-01,2025,2,2025-T2,25.287
01,Araba/Álava,3,2025-07-01,2025,3,2025-T3,25.196
01,Araba/Álava,3,2025-10-01,2025,4,2025-T4,25.184
01,Araba/Álava,3,2026-01-01,2026,1,2026-T1,25.132
01,Araba/Álava,3,2026-04-01,2026,2,2026-T2,25.128
01,Araba/Álava,4 y más,2021-01-01,2021,1,2021-T1,28.041
01,Araba/Álava,4 y más,2021-04-01,2021,2,2021-T2,27.851
01,Araba/Álava,4 y más,2021-07-01,2021,3,2021-T3,27.668
01,Araba/Álava,4 y más,2021-10-01,2021,4,2021-T4,27.583
01,Araba/Álava,4 y más,2022-01-01,2022,1,2022-T1,27.554
01,Araba/Álava,4 y más,2022-04-01,2022,2,2022-T2,27.601
01,Araba/Álava,4 y más,2022-07-01,2022,3,2022-T3,27.648
01,Araba/Álava,4 y más,2022-10-01,2022,4,2022-T4,27.631
01,Araba/Álava,4 y más,2023-01-01,2023,1,2023-T1,27.636
01,Araba/Álava,4 y más,2023-04-01,2023,2,2023-T2,27.615
01,Araba/Álava,4 y más,2023-07-01,2023,3,2023-T3,27.59
01,Araba/Álava,4 y más,2023-10-01,2023,4,2023-T4,27.659
01,Araba/Álava,4 y más,2024-01-01,2024,1,2024-T1,27.784
01,Araba/Álava,4 y más,2024-04-01,2024,2,2024-T2,27.805
01,Araba/Álava,4 y más,2024-07-01,2024,3,2024-T3,27.86
01,Araba/Álava,4 y más,2024-10-01,2024,4,2024-T4,27.878
01,Araba/Álava,4 y más,2025-01-01,2025,1,2025-T1,27.87
01,Araba/Álava,4 y más,2025-04-01,2025,2,2025-T2,27.908
01,Araba/Álava,4 y más,2025-07-01,2025,3,2025-T3,27.881
01,Araba/Álava,4 y más,2025-10-01,2025,4,2025-T4,27.862
01,Araba/Álava,4 y más,2026-01-01,2026,1,2026-T1,27.802
01,Araba/Álava,4 y más,2026-04-01,2026,2,2026-T2,27.779
01,Araba/Álava,Total,2021-01-01,2021,1,2021-T1,140.218
01,Araba/Álava,Total,2021-04-01,2021,2,2021-T2,140.578
01,Araba/Álava,Total,2021-07-01,2021,3,2021-T3,140.999
01,Araba/Álava,Total,2021-10-01,2021,4,2021-T4,141.434
01,Araba/Álava,Total,2022-01-01,2022,1,2022-T1,142.01
01,Araba/Álava,Total,2022-04-01,2022,2,2022-T2,142.245
01,Araba/Álava,Total,2022-07-01,2022,3,2022-T3,142.501
01,Araba/Álava,Total,2022-10-01,2022,4,2022-T4,142.739
01,Araba/Álava,Total,2023-01-01,2023,1,2023-T1,143.042
01,Araba/Álava,Total,2023-04-01,2023,2,2023-T2,143.325
01,Araba/Álava,Total,2023-07-01,2023,3,2023-T3,143.728
01,Araba/Álava,Total,2023-10-01,2023,4,2023-T4,143.882
01,Araba/Álava,Total,2024-01-01,2024,1,2024-T1,144.156
01,Araba/Álava,Total,2024-04-01,2024,2,2024-T2,144.447
01,Araba/Álava,Total,2024-07-01,2024,3,2024-T3,144.928
01,Araba/Álava,Total,2024-10-01,2024,4,2024-T4,145.43
01,Araba/Álava,Total,2025-01-01,2025,1,2025-T1,145.786
01,Araba/Álava,Total,2025-04-01,2025,2,2025-T2,146.444
01,Araba/Álava,Total,2025-07-01,2025,3,2025-T3,146.911
01,Araba/Álava,Total,2025-10-01,2025,4,2025-T4,147.564
01,Araba/Álava,Total,2026-01-01,2026,1,2026-T1,147.995
01,Araba/Álava,Total,2026-04-01,2026,2,2026-T2,148.552
33,Asturias,1,2021-01-01,2021,1,2021-T1,144.523
33,Asturias,1,2021-04-01,2021,2,2021-T2,145.824
33,Asturias,1,2021-07-01,2021,3,2021-T3,147.296
33,Asturias,1,2021-10-01,2021,4,2021-T4,148.381
33,Asturias,1,2022-01-01,2022,1,2022-T1,149.275
33,Asturias,1,2022-04-01,2022,2,2022-T2,149.618
33,Asturias,1,2022-07-01,2022,3,2022-T3,150.174
33,Asturias,1,2022-10-01,2022,4,2022-T4,150.838
33,Asturias,1,2023-01-01,2023,1,2023-T1,151.497
33,Asturias,1,2023-04-01,2023,2,2023-T2,152.161
33,Asturias,1,2023-07-01,2023,3,2023-T3,153.041
33,Asturias,1,2023-10-01,2023,4,2023-T4,153.543
33,Asturias,1,2024-01-01,2024,1,2024-T1,153.906
33,Asturias,1,2024-04-01,2024,2,2024-T2,154.23
33,Asturias,1,2024-07-01,2024,3,2024-T3,154.842
33,Asturias,1,2024-10-01,2024,4,2024-T4,155.35
33,Asturias,1,2025-01-01,2025,1,2025-T1,155.782
33,Asturias,1,2025-04-01,2025,2,2025-T2,156.142
33,Asturias,1,2025-07-01,2025,3,2025-T3,156.748
33,Asturias,1,2025-10-01,2025,4,2025-T4,157.527
33,Asturias,1,2026-01-01,2026,1,2026-T1,158.033
33,Asturias,1,2026-04-01,2026,2,2026-T2,158.666
33,Asturias,2,2021-01-01,2021,1,2021-T1,140.057
33,Asturias,2,2021-04-01,2021,2,2021-T2,140.545
33,Asturias,2,2021-07-01,2021,3,2021-T3,141.136
33,Asturias,2,2021-10-01,2021,4,2021-T4,141.634
33,Asturias,2,2022-01-01,2022,1,2022-T1,142.023
33,Asturias,2,2022-04-01,2022,2,2022-T2,142.124
33,Asturias,2,2022-07-01,2022,3,2022-T3,142.356
33,Asturias,2,2022-10-01,2022,4,2022-T4,142.576
33,Asturias,2,2023-01-01,2023,1,2023-T1,142.738
33,Asturias,2,2023-04-01,2023,2,2023-T2,142.978
33,Asturias,2,2023-07-01,2023,3,2023-T3,143.336
33,Asturias,2,2023-10-01,2023,4,2023-T4,143.938
33,Asturias,2,2024-01-01,2024,1,2024-T1,144.43
33,Asturias,2,2024-04-01,2024,2,2024-T2,144.769
33,Asturias,2,2024-07-01,2024,3,2024-T3,145.334
33,Asturias,2,2024-10-01,2024,4,2024-T4,145.742
33,Asturias,2,2025-01-01,2025,1,2025-T1,146.024
33,Asturias,2,2025-04-01,2025,2,2025-T2,146.374
33,Asturias,2,2025-07-01,2025,3,2025-T3,146.878
33,Asturias,2,2025-10-01,2025,4,2025-T4,147.399
33,Asturias,2,2026-01-01,2026,1,2026-T1,147.657
33,Asturias,2,2026-04-01,2026,2,2026-T2,148.134
33,Asturias,3,2021-01-01,2021,1,2021-T1,93.131
33,Asturias,3,2021-04-01,2021,2,2021-T2,92.498
33,Asturias,3,2021-07-01,2021,3,2021-T3,91.898
33,Asturias,3,2021-10-01,2021,4,2021-T4,91.393
33,Asturias,3,2022-01-01,2022,1,2022-T1,90.855
33,Asturias,3,2022-04-01,2022,2,2022-T2,90.581
33,Asturias,3,2022-07-01,2022,3,2022-T3,90.375
33,Asturias,3,2022-10-01,2022,4,2022-T4,90.411
33,Asturias,3,2023-01-01,2023,1,2023-T1,90.406
33,Asturias,3,2023-04-01,2023,2,2023-T2,90.224
33,Asturias,3,2023-07-01,2023,3,2023-T3,90.02
33,Asturias,3,2023-10-01,2023,4,2023-T4,89.873
33,Asturias,3,2024-01-01,2024,1,2024-T1,89.681
33,Asturias,3,2024-04-01,2024,2,2024-T2,89.427
33,Asturias,3,2024-07-01,2024,3,2024-T3,89.259
33,Asturias,3,2024-10-01,2024,4,2024-T4,89.286
33,Asturias,3,2025-01-01,2025,1,2025-T1,89.256
33,Asturias,3,2025-04-01,2025,2,2025-T2,89.115
33,Asturias,3,2025-07-01,2025,3,2025-T3,89.024
33,Asturias,3,2025-10-01,2025,4,2025-T4,89.159
33,Asturias,3,2026-01-01,2026,1,2026-T1,89.091
33,Asturias,3,2026-04-01,2026,2,2026-T2,89.247
33,Asturias,4 y más,2021-01-01,2021,1,2021-T1,68.858
33,Asturias,4 y más,2021-04-01,2021,2,2021-T2,68.232
33,Asturias,4 y más,2021-07-01,2021,3,2021-T3,67.629
33,Asturias,4 y más,2021-10-01,2021,4,2021-T4,67.279
33,Asturias,4 y más,2022-01-01,2022,1,2022-T1,66.908
33,Asturias,4 y más,2022-04-01,2022,2,2022-T2,66.769
33,Asturias,4 y más,2022-07-01,2022,3,2022-T3,66.67
33,Asturias,4 y más,2022-10-01,2022,4,2022-T4,66.549
33,Asturias,4 y más,2023-01-01,2023,1,2023-T1,66.386
33,Asturias,4 y más,2023-04-01,2023,2,2023-T2,66.205
33,Asturias,4 y más,2023-07-01,2023,3,2023-T3,65.971
33,Asturias,4 y más,2023-10-01,2023,4,2023-T4,66.055
33,Asturias,4 y más,2024-01-01,2024,1,2024-T1,66.108
33,Asturias,4 y más,2024-04-01,2024,2,2024-T2,66.013
33,Asturias,4 y más,2024-07-01,2024,3,2024-T3,65.961
33,Asturias,4 y más,2024-10-01,2024,4,2024-T4,66.139
33,Asturias,4 y más,2025-01-01,2025,1,2025-T1,66.271
33,Asturias,4 y más,2025-04-01,2025,2,2025-T2,66.293
33,Asturias,4 y más,2025-07-01,2025,3,2025-T3,66.336
33,Asturias,4 y más,2025-10-01,2025,4,2025-T4,66.494
33,Asturias,4 y más,2026-01-01,2026,1,2026-T1,66.467
33,Asturias,4 y más,2026-04-01,2026,2,2026-T2,66.552
33,Asturias,Total,2021-01-01,2021,1,2021-T1,446.569
33,Asturias,Total,2021-04-01,2021,2,2021-T2,447.099
33,Asturias,Total,2021-07-01,2021,3,2021-T3,447.959
33,Asturias,Total,2021-10-01,2021,4,2021-T4,448.687
33,Asturias,Total,2022-01-01,2022,1,2022-T1,449.061
33,Asturias,Total,2022-04-01,2022,2,2022-T2,449.092
33,Asturias,Total,2022-07-01,2022,3,2022-T3,449.575
33,Asturias,Total,2022-10-01,2022,4,2022-T4,450.374
33,Asturias,Total,2023-01-01,2023,1,2023-T1,451.027
33,Asturias,Total,2023-04-01,2023,2,2023-T2,451.568
33,Asturias,Total,2023-07-01,2023,3,2023-T3,452.368
33,Asturias,Total,2023-10-01,2023,4,2023-T4,453.409
33,Asturias,Total,2024-01-01,2024,1,2024-T1,454.125
33,Asturias,Total,2024-04-01,2024,2,2024-T2,454.439
33,Asturias,Total,2024-07-01,2024,3,2024-T3,455.396
33,Asturias,Total,2024-10-01,2024,4,2024-T4,456.517
33,Asturias,Total,2025-01-01,2025,1,2025-T1,457.333
33,Asturias,Total,2025-04-01,2025,2,2025-T2,457.924
33,Asturias,Total,2025-07-01,2025,3,2025-T3,458.986
33,Asturias,Total,2025-10-01,2025,4,2025-T4,460.579
33,Asturias,Total,2026-01-01,2026,1,2026-T1,461.248
33,Asturias,Total,2026-04-01,2026,2,2026-T2,462.599
06,Badajoz,1,2021-01-01,2021,1,2021-T1,71.693
06,Badajoz,1,2021-04-01,2021,2,2021-T2,72.277
06,Badajoz,1,2021-07-01,2021,3,2021-T3,73.049
06,Badajoz,1,2021-10-01,2021,4,2021-T4,73.838
06,Badajoz,1,2022-01-01,2022,1,2022-T1,74.555
06,Badajoz,1,2022-04-01,2022,2,2022-T2,74.872
06,Badajoz,1,2022-07-01,2022,3,2022-T3,75.308
06,Badajoz,1,2022-10-01,2022,4,2022-T4,75.915
06,Badajoz,1,2023-01-01,2023,1,2023-T1,76.579
06,Badajoz,1,2023-04-01,2023,2,2023-T2,77.016
06,Badajoz,1,2023-07-01,2023,3,2023-T3,77.591
06,Badajoz,1,2023-10-01,2023,4,2023-T4,78.008
06,Badajoz,1,2024-01-01,2024,1,2024-T1,78.337
06,Badajoz,1,2024-04-01,2024,2,2024-T2,78.688
06,Badajoz,1,2024-07-01,2024,3,2024-T3,79.14
06,Badajoz,1,2024-10-01,2024,4,2024-T4,79.509
06,Badajoz,1,2025-01-01,2025,1,2025-T1,79.841
06,Badajoz,1,2025-04-01,2025,2,2025-T2,80.189
06,Badajoz,1,2025-07-01,2025,3,2025-T3,80.638
06,Badajoz,1,2025-10-01,2025,4,2025-T4,81.057
06,Badajoz,1,2026-01-01,2026,1,2026-T1,81.464
06,Badajoz,1,2026-04-01,2026,2,2026-T2,81.803
06,Badajoz,2,2021-01-01,2021,1,2021-T1,73.381
06,Badajoz,2,2021-04-01,2021,2,2021-T2,73.846
06,Badajoz,2,2021-07-01,2021,3,2021-T3,74.476
06,Badajoz,2,2021-10-01,2021,4,2021-T4,74.96
06,Badajoz,2,2022-01-01,2022,1,2022-T1,75.414
06,Badajoz,2,2022-04-01,2022,2,2022-T2,75.636
06,Badajoz,2,2022-07-01,2022,3,2022-T3,75.919
06,Badajoz,2,2022-10-01,2022,4,2022-T4,76.399
06,Badajoz,2,2023-01-01,2023,1,2023-T1,76.905
06,Badajoz,2,2023-04-01,2023,2,2023-T2,77.246
06,Badajoz,2,2023-07-01,2023,3,2023-T3,77.702
06,Badajoz,2,2023-10-01,2023,4,2023-T4,77.942
06,Badajoz,2,2024-01-01,2024,1,2024-T1,78.101
06,Badajoz,2,2024-04-01,2024,2,2024-T2,78.251
06,Badajoz,2,2024-07-01,2024,3,2024-T3,78.511
06,Badajoz,2,2024-10-01,2024,4,2024-T4,78.842
06,Badajoz,2,2025-01-01,2025,1,2025-T1,79.117
06,Badajoz,2,2025-04-01,2025,2,2025-T2,79.428
06,Badajoz,2,2025-07-01,2025,3,2025-T3,79.805
06,Badajoz,2,2025-10-01,2025,4,2025-T4,80.254
06,Badajoz,2,2026-01-01,2026,1,2026-T1,80.702
06,Badajoz,2,2026-04-01,2026,2,2026-T2,81.035
06,Badajoz,3,2021-01-01,2021,1,2021-T1,56.221
06,Badajoz,3,2021-04-01,2021,2,2021-T2,56.049
06,Badajoz,3,2021-07-01,2021,3,2021-T3,55.946
06,Badajoz,3,2021-10-01,2021,4,2021-T4,55.825
06,Badajoz,3,2022-01-01,2022,1,2022-T1,55.68
06,Badajoz,3,2022-04-01,2022,2,2022-T2,55.626
06,Badajoz,3,2022-07-01,2022,3,2022-T3,55.605
06,Badajoz,3,2022-10-01,2022,4,2022-T4,55.563
06,Badajoz,3,2023-01-01,2023,1,2023-T1,55.539
06,Badajoz,3,2023-04-01,2023,2,2023-T2,55.428
06,Badajoz,3,2023-07-01,2023,3,2023-T3,55.382
06,Badajoz,3,2023-10-01,2023,4,2023-T4,55.442
06,Badajoz,3,2024-01-01,2024,1,2024-T1,55.485
06,Badajoz,3,2024-04-01,2024,2,2024-T2,55.453
06,Badajoz,3,2024-07-01,2024,3,2024-T3,55.475
06,Badajoz,3,2024-10-01,2024,4,2024-T4,55.498
06,Badajoz,3,2025-01-01,2025,1,2025-T1,55.5
06,Badajoz,3,2025-04-01,2025,2,2025-T2,55.409
06,Badajoz,3,2025-07-01,2025,3,2025-T3,55.339
06,Badajoz,3,2025-10-01,2025,4,2025-T4,55.383
06,Badajoz,3,2026-01-01,2026,1,2026-T1,55.435
06,Badajoz,3,2026-04-01,2026,2,2026-T2,55.476
06,Badajoz,4 y más,2021-01-01,2021,1,2021-T1,64.862
06,Badajoz,4 y más,2021-04-01,2021,2,2021-T2,64.316
06,Badajoz,4 y más,2021-07-01,2021,3,2021-T3,63.849
06,Badajoz,4 y más,2021-10-01,2021,4,2021-T4,63.42
06,Badajoz,4 y más,2022-01-01,2022,1,2022-T1,62.964
06,Badajoz,4 y más,2022-04-01,2022,2,2022-T2,62.652
06,Badajoz,4 y más,2022-07-01,2022,3,2022-T3,62.385
06,Badajoz,4 y más,2022-10-01,2022,4,2022-T4,61.916
06,Badajoz,4 y más,2023-01-01,2023,1,2023-T1,61.478
06,Badajoz,4 y más,2023-04-01,2023,2,2023-T2,61.17
06,Badajoz,4 y más,2023-07-01,2023,3,2023-T3,60.93
06,Badajoz,4 y más,2023-10-01,2023,4,2023-T4,60.74
06,Badajoz,4 y más,2024-01-01,2024,1,2024-T1,60.571
06,Badajoz,4 y más,2024-04-01,2024,2,2024-T2,60.273
06,Badajoz,4 y más,2024-07-01,2024,3,2024-T3,60.012
06,Badajoz,4 y más,2024-10-01,2024,4,2024-T4,59.81
06,Badajoz,4 y más,2025-01-01,2025,1,2025-T1,59.584
06,Badajoz,4 y más,2025-04-01,2025,2,2025-T2,59.382
06,Badajoz,4 y más,2025-07-01,2025,3,2025-T3,59.194
06,Badajoz,4 y más,2025-10-01,2025,4,2025-T4,58.943
06,Badajoz,4 y más,2026-01-01,2026,1,2026-T1,58.709
06,Badajoz,4 y más,2026-04-01,2026,2,2026-T2,58.48
06,Badajoz,Total,2021-01-01,2021,1,2021-T1,266.157
06,Badajoz,Total,2021-04-01,2021,2,2021-T2,266.488
06,Badajoz,Total,2021-07-01,2021,3,2021-T3,267.32
06,Badajoz,Total,2021-10-01,2021,4,2021-T4,268.043
06,Badajoz,Total,2022-01-01,2022,1,2022-T1,268.613
06,Badajoz,Total,2022-04-01,2022,2,2022-T2,268.786
06,Badajoz,Total,2022-07-01,2022,3,2022-T3,269.217
06,Badajoz,Total,2022-10-01,2022,4,2022-T4,269.793
06,Badajoz,Total,2023-01-01,2023,1,2023-T1,270.501
06,Badajoz,Total,2023-04-01,2023,2,2023-T2,270.86
06,Badajoz,Total,2023-07-01,2023,3,2023-T3,271.605
06,Badajoz,Total,2023-10-01,2023,4,2023-T4,272.132
06,Badajoz,Total,2024-01-01,2024,1,2024-T1,272.494
06,Badajoz,Total,2024-04-01,2024,2,2024-T2,272.665
06,Badajoz,Total,2024-07-01,2024,3,2024-T3,273.138
06,Badajoz,Total,2024-10-01,2024,4,2024-T4,273.659
06,Badajoz,Total,2025-01-01,2025,1,2025-T1,274.042
06,Badajoz,Total,2025-04-01,2025,2,2025-T2,274.408
06,Badajoz,Total,2025-07-01,2025,3,2025-T3,274.976
06,Badajoz,Total,2025-10-01,2025,4,2025-T4,275.637
06,Badajoz,Total,2026-01-01,2026,1,2026-T1,276.31
06,Badajoz,Total,2026-04-01,2026,2,2026-T2,276.794
07,"Balears, Illes",1,2021-01-01,2021,1,2021-T1,111.992
07,"Balears, Illes",1,2021-04-01,2021,2,2021-T2,113.099
07,"Balears, Illes",1,2021-07-01,2021,3,2021-T3,114.619
07,"Balears, Illes",1,2021-10-01,2021,4,2021-T4,115.57
07,"Balears, Illes",1,2022-01-01,2022,1,2022-T1,116.171
07,"Balears, Illes",1,2022-04-01,2022,2,2022-T2,116.33
07,"Balears, Illes",1,2022-07-01,2022,3,2022-T3,117.118
07,"Balears, Illes",1,2022-10-01,2022,4,2022-T4,117.672
07,"Balears, Illes",1,2023-01-01,2023,1,2023-T1,117.879
07,"Balears, Illes",1,2023-04-01,2023,2,2023-T2,118.013
07,"Balears, Illes",1,2023-07-01,2023,3,2023-T3,118.565
07,"Balears, Illes",1,2023-10-01,2023,4,2023-T4,119.06
07,"Balears, Illes",1,2024-01-01,2024,1,2024-T1,119.122
07,"Balears, Illes",1,2024-04-01,2024,2,2024-T2,119.202
07,"Balears, Illes",1,2024-07-01,2024,3,2024-T3,119.582
07,"Balears, Illes",1,2024-10-01,2024,4,2024-T4,119.962
07,"Balears, Illes",1,2025-01-01,2025,1,2025-T1,119.976
07,"Balears, Illes",1,2025-04-01,2025,2,2025-T2,119.916
07,"Balears, Illes",1,2025-07-01,2025,3,2025-T3,120.394
07,"Balears, Illes",1,2025-10-01,2025,4,2025-T4,120.899
07,"Balears, Illes",1,2026-01-01,2026,1,2026-T1,121.077
07,"Balears, Illes",1,2026-04-01,2026,2,2026-T2,121.467
07,"Balears, Illes",2,2021-01-01,2021,1,2021-T1,119.508
07,"Balears, Illes",2,2021-04-01,2021,2,2021-T2,120.248
07,"Balears, Illes",2,2021-07-01,2021,3,2021-T3,121.428
07,"Balears, Illes",2,2021-10-01,2021,4,2021-T4,122.3
07,"Balears, Illes",2,2022-01-01,2022,1,2022-T1,122.823
07,"Balears, Illes",2,2022-04-01,2022,2,2022-T2,122.803
07,"Balears, Illes",2,2022-07-01,2022,3,2022-T3,123.492
07,"Balears, Illes",2,2022-10-01,2022,4,2022-T4,124.179
07,"Balears, Illes",2,2023-01-01,2023,1,2023-T1,124.449
07,"Balears, Illes",2,2023-04-01,2023,2,2023-T2,124.813
07,"Balears, Illes",2,2023-07-01,2023,3,2023-T3,125.643
07,"Balears, Illes",2,2023-10-01,2023,4,2023-T4,126.225
07,"Balears, Illes",2,2024-01-01,2024,1,2024-T1,126.339
07,"Balears, Illes",2,2024-04-01,2024,2,2024-T2,126.533
07,"Balears, Illes",2,2024-07-01,2024,3,2024-T3,127.111
07,"Balears, Illes",2,2024-10-01,2024,4,2024-T4,127.564
07,"Balears, Illes",2,2025-01-01,2025,1,2025-T1,127.581
07,"Balears, Illes",2,2025-04-01,2025,2,2025-T2,127.648
07,"Balears, Illes",2,2025-07-01,2025,3,2025-T3,128.293
07,"Balears, Illes",2,2025-10-01,2025,4,2025-T4,128.844
07,"Balears, Illes",2,2026-01-01,2026,1,2026-T1,129.005
07,"Balears, Illes",2,2026-04-01,2026,2,2026-T2,129.37
07,"Balears, Illes",3,2021-01-01,2021,1,2021-T1,91.555
07,"Balears, Illes",3,2021-04-01,2021,2,2021-T2,91.239
07,"Balears, Illes",3,2021-07-01,2021,3,2021-T3,91.245
07,"Balears, Illes",3,2021-10-01,2021,4,2021-T4,91.426
07,"Balears, Illes",3,2022-01-01,2022,1,2022-T1,91.333
07,"Balears, Illes",3,2022-04-01,2022,2,2022-T2,91.505
07,"Balears, Illes",3,2022-07-01,2022,3,2022-T3,92.282
07,"Balears, Illes",3,2022-10-01,2022,4,2022-T4,92.868
07,"Balears, Illes",3,2023-01-01,2023,1,2023-T1,93.097
07,"Balears, Illes",3,2023-04-01,2023,2,2023-T2,93.239
07,"Balears, Illes",3,2023-07-01,2023,3,2023-T3,93.742
07,"Balears, Illes",3,2023-10-01,2023,4,2023-T4,94.083
07,"Balears, Illes",3,2024-01-01,2024,1,2024-T1,94.041
07,"Balears, Illes",3,2024-04-01,2024,2,2024-T2,94.202
07,"Balears, Illes",3,2024-07-01,2024,3,2024-T3,94.685
07,"Balears, Illes",3,2024-10-01,2024,4,2024-T4,95.277
07,"Balears, Illes",3,2025-01-01,2025,1,2025-T1,95.515
07,"Balears, Illes",3,2025-04-01,2025,2,2025-T2,95.481
07,"Balears, Illes",3,2025-07-01,2025,3,2025-T3,95.893
07,"Balears, Illes",3,2025-10-01,2025,4,2025-T4,96.061
07,"Balears, Illes",3,2026-01-01,2026,1,2026-T1,95.901
07,"Balears, Illes",3,2026-04-01,2026,2,2026-T2,95.959
07,"Balears, Illes",4 y más,2021-01-01,2021,1,2021-T1,118.481
07,"Balears, Illes",4 y más,2021-04-01,2021,2,2021-T2,117.77
07,"Balears, Illes",4 y más,2021-07-01,2021,3,2021-T3,117.459
07,"Balears, Illes",4 y más,2021-10-01,2021,4,2021-T4,117.615
07,"Balears, Illes",4 y más,2022-01-01,2022,1,2022-T1,117.423
07,"Balears, Illes",4 y más,2022-04-01,2022,2,2022-T2,117.528
07,"Balears, Illes",4 y más,2022-07-01,2022,3,2022-T3,118.406
07,"Balears, Illes",4 y más,2022-10-01,2022,4,2022-T4,119.007
07,"Balears, Illes",4 y más,2023-01-01,2023,1,2023-T1,119.148
07,"Balears, Illes",4 y más,2023-04-01,2023,2,2023-T2,119.504
07,"Balears, Illes",4 y más,2023-07-01,2023,3,2023-T3,120.289
07,"Balears, Illes",4 y más,2023-10-01,2023,4,2023-T4,121.033
07,"Balears, Illes",4 y más,2024-01-01,2024,1,2024-T1,121.287
07,"Balears, Illes",4 y más,2024-04-01,2024,2,2024-T2,121.527
07,"Balears, Illes",4 y más,2024-07-01,2024,3,2024-T3,122.173
07,"Balears, Illes",4 y más,2024-10-01,2024,4,2024-T4,122.849
07,"Balears, Illes",4 y más,2025-01-01,2025,1,2025-T1,123.049
07,"Balears, Illes",4 y más,2025-04-01,2025,2,2025-T2,123.216
07,"Balears, Illes",4 y más,2025-07-01,2025,3,2025-T3,123.932
07,"Balears, Illes",4 y más,2025-10-01,2025,4,2025-T4,124.166
07,"Balears, Illes",4 y más,2026-01-01,2026,1,2026-T1,123.963
07,"Balears, Illes",4 y más,2026-04-01,2026,2,2026-T2,124.024
07,"Balears, Illes",Total,2021-01-01,2021,1,2021-T1,441.536
07,"Balears, Illes",Total,2021-04-01,2021,2,2021-T2,442.356
07,"Balears, Illes",Total,2021-07-01,2021,3,2021-T3,444.751
07,"Balears, Illes",Total,2021-10-01,2021,4,2021-T4,446.911
07,"Balears, Illes",Total,2022-01-01,2022,1,2022-T1,447.75
07,"Balears, Illes",Total,2022-04-01,2022,2,2022-T2,448.166
07,"Balears, Illes",Total,2022-07-01,2022,3,2022-T3,451.298
07,"Balears, Illes",Total,2022-10-01,2022,4,2022-T4,453.726
07,"Balears, Illes",Total,2023-01-01,2023,1,2023-T1,454.573
07,"Balears, Illes",Total,2023-04-01,2023,2,2023-T2,455.569
07,"Balears, Illes",Total,2023-07-01,2023,3,2023-T3,458.239
07,"Balears, Illes",Total,2023-10-01,2023,4,2023-T4,460.401
07,"Balears, Illes",Total,2024-01-01,2024,1,2024-T1,460.789
07,"Balears, Illes",Total,2024-04-01,2024,2,2024-T2,461.464
07,"Balears, Illes",Total,2024-07-01,2024,3,2024-T3,463.551
07,"Balears, Illes",Total,2024-10-01,2024,4,2024-T4,465.652
07,"Balears, Illes",Total,2025-01-01,2025,1,2025-T1,466.121
07,"Balears, Illes",Total,2025-04-01,2025,2,2025-T2,466.261
07,"Balears, Illes",Total,2025-07-01,2025,3,2025-T3,468.512
07,"Balears, Illes",Total,2025-10-01,2025,4,2025-T4,469.97
07,"Balears, Illes",Total,2026-01-01,2026,1,2026-T1,469.946
07,"Balears, Illes",Total,2026-04-01,2026,2,2026-T2,470.82
08,Barcelona,1,2021-01-01,2021,1,2021-T1,550.742
08,Barcelona,1,2021-04-01,2021,2,2021-T2,556.631
08,Barcelona,1,2021-07-01,2021,3,2021-T3,562.785
08,Barcelona,1,2021-10-01,2021,4,2021-T4,570.69
08,Barcelona,1,2022-01-01,2022,1,2022-T1,577.607
08,Barcelona,1,2022-04-01,2022,2,2022-T2,581.587
08,Barcelona,1,2022-07-01,2022,3,2022-T3,586.616
08,Barcelona,1,2022-10-01,2022,4,2022-T4,590.924
08,Barcelona,1,2023-01-01,2023,1,2023-T1,595.031
08,Barcelona,1,2023-04-01,2023,2,2023-T2,596.59
08,Barcelona,1,2023-07-01,2023,3,2023-T3,599.011
08,Barcelona,1,2023-10-01,2023,4,2023-T4,598.201
08,Barcelona,1,2024-01-01,2024,1,2024-T1,595.751
08,Barcelona,1,2024-04-01,2024,2,2024-T2,598.762
08,Barcelona,1,2024-07-01,2024,3,2024-T3,602.75
08,Barcelona,1,2024-10-01,2024,4,2024-T4,601.261
08,Barcelona,1,2025-01-01,2025,1,2025-T1,599.238
08,Barcelona,1,2025-04-01,2025,2,2025-T2,600.941
08,Barcelona,1,2025-07-01,2025,3,2025-T3,603.472
08,Barcelona,1,2025-10-01,2025,4,2025-T4,606.508
08,Barcelona,1,2026-01-01,2026,1,2026-T1,608.213
08,Barcelona,1,2026-04-01,2026,2,2026-T2,609.843
08,Barcelona,2,2021-01-01,2021,1,2021-T1,649.512
08,Barcelona,2,2021-04-01,2021,2,2021-T2,654.222
08,Barcelona,2,2021-07-01,2021,3,2021-T3,659.149
08,Barcelona,2,2021-10-01,2021,4,2021-T4,664.14
08,Barcelona,2,2022-01-01,2022,1,2022-T1,668.256
08,Barcelona,2,2022-04-01,2022,2,2022-T2,671.706
08,Barcelona,2,2022-07-01,2022,3,2022-T3,676.023
08,Barcelona,2,2022-10-01,2022,4,2022-T4,678.795
08,Barcelona,2,2023-01-01,2023,1,2023-T1,681.263
08,Barcelona,2,2023-04-01,2023,2,2023-T2,685.037
08,Barcelona,2,2023-07-01,2023,3,2023-T3,689.473
08,Barcelona,2,2023-10-01,2023,4,2023-T4,691.07
08,Barcelona,2,2024-01-01,2024,1,2024-T1,690.819
08,Barcelona,2,2024-04-01,2024,2,2024-T2,694.408
08,Barcelona,2,2024-07-01,2024,3,2024-T3,699.101
08,Barcelona,2,2024-10-01,2024,4,2024-T4,699.363
08,Barcelona,2,2025-01-01,2025,1,2025-T1,699.011
08,Barcelona,2,2025-04-01,2025,2,2025-T2,700.196
08,Barcelona,2,2025-07-01,2025,3,2025-T3,702.037
08,Barcelona,2,2025-10-01,2025,4,2025-T4,705.102
08,Barcelona,2,2026-01-01,2026,1,2026-T1,706.598
08,Barcelona,2,2026-04-01,2026,2,2026-T2,708.185
08,Barcelona,3,2021-01-01,2021,1,2021-T1,462.266
08,Barcelona,3,2021-04-01,2021,2,2021-T2,461.099
08,Barcelona,3,2021-07-01,2021,3,2021-T3,459.83
08,Barcelona,3,2021-10-01,2021,4,2021-T4,459.305
08,Barcelona,3,2022-01-01,2022,1,2022-T1,458.273
08,Barcelona,3,2022-04-01,2022,2,2022-T2,459.165
08,Barcelona,3,2022-07-01,2022,3,2022-T3,460.581
08,Barcelona,3,2022-10-01,2022,4,2022-T4,461.483
08,Barcelona,3,2023-01-01,2023,1,2023-T1,462.23
08,Barcelona,3,2023-04-01,2023,2,2023-T2,462.936
08,Barcelona,3,2023-07-01,2023,3,2023-T3,463.687
08,Barcelona,3,2023-10-01,2023,4,2023-T4,466.129
08,Barcelona,3,2024-01-01,2024,1,2024-T1,467.356
08,Barcelona,3,2024-04-01,2024,2,2024-T2,467.488
08,Barcelona,3,2024-07-01,2024,3,2024-T3,468.159
08,Barcelona,3,2024-10-01,2024,4,2024-T4,469.017
08,Barcelona,3,2025-01-01,2025,1,2025-T1,469.567
08,Barcelona,3,2025-04-01,2025,2,2025-T2,469.653
08,Barcelona,3,2025-07-01,2025,3,2025-T3,469.961
08,Barcelona,3,2025-10-01,2025,4,2025-T4,471.064
08,Barcelona,3,2026-01-01,2026,1,2026-T1,471.058
08,Barcelona,3,2026-04-01,2026,2,2026-T2,471.056
08,Barcelona,4 y más,2021-01-01,2021,1,2021-T1,535.306
08,Barcelona,4 y más,2021-04-01,2021,2,2021-T2,531.819
08,Barcelona,4 y más,2021-07-01,2021,3,2021-T3,528.142
08,Barcelona,4 y más,2021-10-01,2021,4,2021-T4,526.681
08,Barcelona,4 y más,2022-01-01,2022,1,2022-T1,524.711
08,Barcelona,4 y más,2022-04-01,2022,2,2022-T2,525.414
08,Barcelona,4 y más,2022-07-01,2022,3,2022-T3,526.632
08,Barcelona,4 y más,2022-10-01,2022,4,2022-T4,528.497
08,Barcelona,4 y más,2023-01-01,2023,1,2023-T1,530.188
08,Barcelona,4 y más,2023-04-01,2023,2,2023-T2,531.359
08,Barcelona,4 y más,2023-07-01,2023,3,2023-T3,532.296
08,Barcelona,4 y más,2023-10-01,2023,4,2023-T4,535.919
08,Barcelona,4 y más,2024-01-01,2024,1,2024-T1,538.19
08,Barcelona,4 y más,2024-04-01,2024,2,2024-T2,538.02
08,Barcelona,4 y más,2024-07-01,2024,3,2024-T3,538.285
08,Barcelona,4 y más,2024-10-01,2024,4,2024-T4,541.845
08,Barcelona,4 y más,2025-01-01,2025,1,2025-T1,545.06
08,Barcelona,4 y más,2025-04-01,2025,2,2025-T2,545.247
08,Barcelona,4 y más,2025-07-01,2025,3,2025-T3,545.582
08,Barcelona,4 y más,2025-10-01,2025,4,2025-T4,546.724
08,Barcelona,4 y más,2026-01-01,2026,1,2026-T1,546.597
08,Barcelona,4 y más,2026-04-01,2026,2,2026-T2,545.937
48,Bizkaia,1,2021-01-01,2021,1,2021-T1,137.303
48,Bizkaia,1,2021-04-01,2021,2,2021-T2,138.738
48,Bizkaia,1,2021-07-01,2021,3,2021-T3,140.326
48,Bizkaia,1,2021-10-01,2021,4,2021-T4,141.9
48,Bizkaia,1,2022-01-01,2022,1,2022-T1,143.504
48,Bizkaia,1,2022-04-01,2022,2,2022-T2,144.245
48,Bizkaia,1,2022-07-01,2022,3,2022-T3,145.104
48,Bizkaia,1,2022-10-01,2022,4,2022-T4,146.014
48,Bizkaia,1,2023-01-01,2023,1,2023-T1,146.997
48,Bizkaia,1,2023-04-01,2023,2,2023-T2,147.714
48,Bizkaia,1,2023-07-01,2023,3,2023-T3,148.554
48,Bizkaia,1,2023-10-01,2023,4,2023-T4,149.538
48,Bizkaia,1,2024-01-01,2024,1,2024-T1,150.434
48,Bizkaia,1,2024-04-01,2024,2,2024-T2,150.845
48,Bizkaia,1,2024-07-01,2024,3,2024-T3,151.509
48,Bizkaia,1,2024-10-01,2024,4,2024-T4,152.458
48,Bizkaia,1,2025-01-01,2025,1,2025-T1,153.406
48,Bizkaia,1,2025-04-01,2025,2,2025-T2,153.745
48,Bizkaia,1,2025-07-01,2025,3,2025-T3,154.254
48,Bizkaia,1,2025-10-01,2025,4,2025-T4,155.467
48,Bizkaia,1,2026-01-01,2026,1,2026-T1,156.478
48,Bizkaia,1,2026-04-01,2026,2,2026-T2,157.269
48,Bizkaia,2,2021-01-01,2021,1,2021-T1,149.182
48,Bizkaia,2,2021-04-01,2021,2,2021-T2,150.192
48,Bizkaia,2,2021-07-01,2021,3,2021-T3,151.374
48,Bizkaia,2,2021-10-01,2021,4,2021-T4,152.004
48,Bizkaia,2,2022-01-01,2022,1,2022-T1,152.698
48,Bizkaia,2,2022-04-01,2022,2,2022-T2,153.123
48,Bizkaia,2,2022-07-01,2022,3,2022-T3,153.657
48,Bizkaia,2,2022-10-01,2022,4,2022-T4,153.843
48,Bizkaia,2,2023-01-01,2023,1,2023-T1,154.082
48,Bizkaia,2,2023-04-01,2023,2,2023-T2,154.512
48,Bizkaia,2,2023-07-01,2023,3,2023-T3,155.047
48,Bizkaia,2,2023-10-01,2023,4,2023-T4,155.144
48,Bizkaia,2,2024-01-01,2024,1,2024-T1,155.146
48,Bizkaia,2,2024-04-01,2024,2,2024-T2,155.387
48,Bizkaia,2,2024-07-01,2024,3,2024-T3,155.867
48,Bizkaia,2,2024-10-01,2024,4,2024-T4,156.104
48,Bizkaia,2,2025-01-01,2025,1,2025-T1,156.287
48,Bizkaia,2,2025-04-01,2025,2,2025-T2,156.599
48,Bizkaia,2,2025-07-01,2025,3,2025-T3,157.04
48,Bizkaia,2,2025-10-01,2025,4,2025-T4,157.623
48,Bizkaia,2,2026-01-01,2026,1,2026-T1,157.986
48,Bizkaia,2,2026-04-01,2026,2,2026-T2,158.428
48,Bizkaia,3,2021-01-01,2021,1,2021-T1,100.229
48,Bizkaia,3,2021-04-01,2021,2,2021-T2,99.706
48,Bizkaia,3,2021-07-01,2021,3,2021-T3,99.26
48,Bizkaia,3,2021-10-01,2021,4,2021-T4,98.757
48,Bizkaia,3,2022-01-01,2022,1,2022-T1,98.375
48,Bizkaia,3,2022-04-01,2022,2,2022-T2,97.927
48,Bizkaia,3,2022-07-01,2022,3,2022-T3,97.527
48,Bizkaia,3,2022-10-01,2022,4,2022-T4,97.23
48,Bizkaia,3,2023-01-01,2023,1,2023-T1,97.02
48,Bizkaia,3,2023-04-01,2023,2,2023-T2,96.896
48,Bizkaia,3,2023-07-01,2023,3,2023-T3,96.737
48,Bizkaia,3,2023-10-01,2023,4,2023-T4,96.639
48,Bizkaia,3,2024-01-01,2024,1,2024-T1,96.533
48,Bizkaia,3,2024-04-01,2024,2,2024-T2,96.542
48,Bizkaia,3,2024-07-01,2024,3,2024-T3,96.598
48,Bizkaia,3,2024-10-01,2024,4,2024-T4,96.431
48,Bizkaia,3,2025-01-01,2025,1,2025-T1,96.273
48,Bizkaia,3,2025-04-01,2025,2,2025-T2,96.145
48,Bizkaia,3,2025-07-01,2025,3,2025-T3,96.026
48,Bizkaia,3,2025-10-01,2025,4,2025-T4,95.899
48,Bizkaia,3,2026-01-01,2026,1,2026-T1,95.622
48,Bizkaia,3,2026-04-01,2026,2,2026-T2,95.42
48,Bizkaia,4 y más,2021-01-01,2021,1,2021-T1,94.162
48,Bizkaia,4 y más,2021-04-01,2021,2,2021-T2,93.241
48,Bizkaia,4 y más,2021-07-01,2021,3,2021-T3,92.379
48,Bizkaia,4 y más,2021-10-01,2021,4,2021-T4,91.886
48,Bizkaia,4 y más,2022-01-01,2022,1,2022-T1,91.518
48,Bizkaia,4 y más,2022-04-01,2022,2,2022-T2,91.45
48,Bizkaia,4 y más,2022-07-01,2022,3,2022-T3,91.407
48,Bizkaia,4 y más,2022-10-01,2022,4,2022-T4,91.417
48,Bizkaia,4 y más,2023-01-01,2023,1,2023-T1,91.524
48,Bizkaia,4 y más,2023-04-01,2023,2,2023-T2,91.433
48,Bizkaia,4 y más,2023-07-01,2023,3,2023-T3,91.265
48,Bizkaia,4 y más,2023-10-01,2023,4,2023-T4,91.385
48,Bizkaia,4 y más,2024-01-01,2024,1,2024-T1,91.497
48,Bizkaia,4 y más,2024-04-01,2024,2,2024-T2,91.511
48,Bizkaia,4 y más,2024-07-01,2024,3,2024-T3,91.507
48,Bizkaia,4 y más,2024-10-01,2024,4,2024-T4,91.651
48,Bizkaia,4 y más,2025-01-01,2025,1,2025-T1,91.803
48,Bizkaia,4 y más,2025-04-01,2025,2,2025-T2,91.776
48,Bizkaia,4 y más,2025-07-01,2025,3,2025-T3,91.72
48,Bizkaia,4 y más,2025-10-01,2025,4,2025-T4,91.726
48,Bizkaia,4 y más,2026-01-01,2026,1,2026-T1,91.583
48,Bizkaia,4 y más,2026-04-01,2026,2,2026-T2,91.426
48,Bizkaia,Total,2021-01-01,2021,1,2021-T1,480.876
48,Bizkaia,Total,2021-04-01,2021,2,2021-T2,481.877
48,Bizkaia,Total,2021-07-01,2021,3,2021-T3,483.339
48,Bizkaia,Total,2021-10-01,2021,4,2021-T4,484.547
48,Bizkaia,Total,2022-01-01,2022,1,2022-T1,486.095
48,Bizkaia,Total,2022-04-01,2022,2,2022-T2,486.745
48,Bizkaia,Total,2022-07-01,2022,3,2022-T3,487.695
48,Bizkaia,Total,2022-10-01,2022,4,2022-T4,488.504
48,Bizkaia,Total,2023-01-01,2023,1,2023-T1,489.623
48,Bizkaia,Total,2023-04-01,2023,2,2023-T2,490.555
48,Bizkaia,Total,2023-07-01,2023,3,2023-T3,491.603
48,Bizkaia,Total,2023-10-01,2023,4,2023-T4,492.706
48,Bizkaia,Total,2024-01-01,2024,1,2024-T1,493.61
48,Bizkaia,Total,2024-04-01,2024,2,2024-T2,494.285
48,Bizkaia,Total,2024-07-01,2024,3,2024-T3,495.481
48,Bizkaia,Total,2024-10-01,2024,4,2024-T4,496.644
48,Bizkaia,Total,2025-01-01,2025,1,2025-T1,497.769
48,Bizkaia,Total,2025-04-01,2025,2,2025-T2,498.265
48,Bizkaia,Total,2025-07-01,2025,3,2025-T3,499.04
48,Bizkaia,Total,2025-10-01,2025,4,2025-T4,500.715
48,Bizkaia,Total,2026-01-01,2026,1,2026-T1,501.669
48,Bizkaia,Total,2026-04-01,2026,2,2026-T2,502.543
09,Burgos,1,2021-01-01,2021,1,2021-T1,52.076
09,Burgos,1,2021-04-01,2021,2,2021-T2,52.523
09,Burgos,1,2021-07-01,2021,3,2021-T3,52.884
09,Burgos,1,2021-10-01,2021,4,2021-T4,53.397
09,Burgos,1,2022-01-01,2022,1,2022-T1,53.876
09,Burgos,1,2022-04-01,2022,2,2022-T2,54.123
09,Burgos,1,2022-07-01,2022,3,2022-T3,54.411
09,Burgos,1,2022-10-01,2022,4,2022-T4,54.753
09,Burgos,1,2023-01-01,2023,1,2023-T1,55.153
09,Burgos,1,2023-04-01,2023,2,2023-T2,55.484
09,Burgos,1,2023-07-01,2023,3,2023-T3,55.836
09,Burgos,1,2023-10-01,2023,4,2023-T4,56.121
09,Burgos,1,2024-01-01,2024,1,2024-T1,56.361
09,Burgos,1,2024-04-01,2024,2,2024-T2,56.374
09,Burgos,1,2024-07-01,2024,3,2024-T3,56.444
09,Burgos,1,2024-10-01,2024,4,2024-T4,56.643
09,Burgos,1,2025-01-01,2025,1,2025-T1,56.758
09,Burgos,1,2025-04-01,2025,2,2025-T2,56.847
09,Burgos,1,2025-07-01,2025,3,2025-T3,57.041
09,Burgos,1,2025-10-01,2025,4,2025-T4,57.604
09,Burgos,1,2026-01-01,2026,1,2026-T1,58.113
09,Burgos,1,2026-04-01,2026,2,2026-T2,58.58
09,Burgos,2,2021-01-01,2021,1,2021-T1,41.84
09,Burgos,2,2021-04-01,2021,2,2021-T2,42.071
09,Burgos,2,2021-07-01,2021,3,2021-T3,42.217
09,Burgos,2,2021-10-01,2021,4,2021-T4,42.442
09,Burgos,2,2022-01-01,2022,1,2022-T1,42.651
09,Burgos,2,2022-04-01,2022,2,2022-T2,42.831
09,Burgos,2,2022-07-01,2022,3,2022-T3,43.041
09,Burgos,2,2022-10-01,2022,4,2022-T4,43.248
09,Burgos,2,2023-01-01,2023,1,2023-T1,43.483
09,Burgos,2,2023-04-01,2023,2,2023-T2,43.691
09,Burgos,2,2023-07-01,2023,3,2023-T3,43.918
09,Burgos,2,2023-10-01,2023,4,2023-T4,44.128
09,Burgos,2,2024-01-01,2024,1,2024-T1,44.321
09,Burgos,2,2024-04-01,2024,2,2024-T2,44.369
09,Burgos,2,2024-07-01,2024,3,2024-T3,44.466
09,Burgos,2,2024-10-01,2024,4,2024-T4,44.632
09,Burgos,2,2025-01-01,2025,1,2025-T1,44.753
09,Burgos,2,2025-04-01,2025,2,2025-T2,44.827
09,Burgos,2,2025-07-01,2025,3,2025-T3,44.971
09,Burgos,2,2025-10-01,2025,4,2025-T4,45.282
09,Burgos,2,2026-01-01,2026,1,2026-T1,45.544
09,Burgos,2,2026-04-01,2026,2,2026-T2,45.797
09,Burgos,3,2021-01-01,2021,1,2021-T1,29.034
09,Burgos,3,2021-04-01,2021,2,2021-T2,28.946
09,Burgos,3,2021-07-01,2021,3,2021-T3,28.756
09,Burgos,3,2021-10-01,2021,4,2021-T4,28.675
09,Burgos,3,2022-01-01,2022,1,2022-T1,28.594
09,Burgos,3,2022-04-01,2022,2,2022-T2,28.598
09,Burgos,3,2022-07-01,2022,3,2022-T3,28.622
09,Burgos,3,2022-10-01,2022,4,2022-T4,28.587
09,Burgos,3,2023-01-01,2023,1,2023-T1,28.581
09,Burgos,3,2023-04-01,2023,2,2023-T2,28.479
09,Burgos,3,2023-07-01,2023,3,2023-T3,28.369
09,Burgos,3,2023-10-01,2023,4,2023-T4,28.335
09,Burgos,3,2024-01-01,2024,1,2024-T1,28.306
09,Burgos,3,2024-04-01,2024,2,2024-T2,28.247
09,Burgos,3,2024-07-01,2024,3,2024-T3,28.218
09,Burgos,3,2024-10-01,2024,4,2024-T4,28.347
09,Burgos,3,2025-01-01,2025,1,2025-T1,28.463
09,Burgos,3,2025-04-01,2025,2,2025-T2,28.528
09,Burgos,3,2025-07-01,2025,3,2025-T3,28.627
09,Burgos,3,2025-10-01,2025,4,2025-T4,28.682
09,Burgos,3,2026-01-01,2026,1,2026-T1,28.698
09,Burgos,3,2026-04-01,2026,2,2026-T2,28.765
09,Burgos,4 y más,2021-01-01,2021,1,2021-T1,29.381
09,Burgos,4 y más,2021-04-01,2021,2,2021-T2,29.179
09,Burgos,4 y más,2021-07-01,2021,3,2021-T3,28.858
09,Burgos,4 y más,2021-10-01,2021,4,2021-T4,28.743
09,Burgos,4 y más,2022-01-01,2022,1,2022-T1,28.633
09,Burgos,4 y más,2022-04-01,2022,2,2022-T2,28.562
09,Burgos,4 y más,2022-07-01,2022,3,2022-T3,28.506
09,Burgos,4 y más,2022-10-01,2022,4,2022-T4,28.453
09,Burgos,4 y más,2023-01-01,2023,1,2023-T1,28.44
09,Burgos,4 y más,2023-04-01,2023,2,2023-T2,28.42
09,Burgos,4 y más,2023-07-01,2023,3,2023-T3,28.382
09,Burgos,4 y más,2023-10-01,2023,4,2023-T4,28.399
09,Burgos,4 y más,2024-01-01,2024,1,2024-T1,28.429
09,Burgos,4 y más,2024-04-01,2024,2,2024-T2,28.381
09,Burgos,4 y más,2024-07-01,2024,3,2024-T3,28.36
09,Burgos,4 y más,2024-10-01,2024,4,2024-T4,28.403
09,Burgos,4 y más,2025-01-01,2025,1,2025-T1,28.437
09,Burgos,4 y más,2025-04-01,2025,2,2025-T2,28.507
09,Burgos,4 y más,2025-07-01,2025,3,2025-T3,28.607
09,Burgos,4 y más,2025-10-01,2025,4,2025-T4,28.555
09,Burgos,4 y más,2026-01-01,2026,1,2026-T1,28.46
09,Burgos,4 y más,2026-04-01,2026,2,2026-T2,28.426
09,Burgos,Total,2021-01-01,2021,1,2021-T1,152.331
09,Burgos,Total,2021-04-01,2021,2,2021-T2,152.719
09,Burgos,Total,2021-07-01,2021,3,2021-T3,152.715
09,Burgos,Total,2021-10-01,2021,4,2021-T4,153.257
09,Burgos,Total,2022-01-01,2022,1,2022-T1,153.754
09,Burgos,Total,2022-04-01,2022,2,2022-T2,154.114
09,Burgos,Total,2022-07-01,2022,3,2022-T3,154.58
09,Burgos,Total,2022-10-01,2022,4,2022-T4,155.041
09,Burgos,Total,2023-01-01,2023,1,2023-T1,155.657
09,Burgos,Total,2023-04-01,2023,2,2023-T2,156.074
09,Burgos,Total,2023-07-01,2023,3,2023-T3,156.505
09,Burgos,Total,2023-10-01,2023,4,2023-T4,156.983
09,Burgos,Total,2024-01-01,2024,1,2024-T1,157.417
09,Burgos,Total,2024-04-01,2024,2,2024-T2,157.371
09,Burgos,Total,2024-07-01,2024,3,2024-T3,157.488
09,Burgos,Total,2024-10-01,2024,4,2024-T4,158.025
09,Burgos,Total,2025-01-01,2025,1,2025-T1,158.411
09,Burgos,Total,2025-04-01,2025,2,2025-T2,158.709
09,Burgos,Total,2025-07-01,2025,3,2025-T3,159.246
09,Burgos,Total,2025-10-01,2025,4,2025-T4,160.123
09,Burgos,Total,2026-01-01,2026,1,2026-T1,160.815
09,Burgos,Total,2026-04-01,2026,2,2026-T2,161.568
39,Cantabria,1,2021-01-01,2021,1,2021-T1,70.177
39,Cantabria,1,2021-04-01,2021,2,2021-T2,70.826
39,Cantabria,1,2021-07-01,2021,3,2021-T3,71.446
39,Cantabria,1,2021-10-01,2021,4,2021-T4,72.087
39,Cantabria,1,2022-01-01,2022,1,2022-T1,72.614
39,Cantabria,1,2022-04-01,2022,2,2022-T2,72.754
39,Cantabria,1,2022-07-01,2022,3,2022-T3,73.016
39,Cantabria,1,2022-10-01,2022,4,2022-T4,73.511
39,Cantabria,1,2023-01-01,2023,1,2023-T1,74.003
39,Cantabria,1,2023-04-01,2023,2,2023-T2,74.28
39,Cantabria,1,2023-07-01,2023,3,2023-T3,74.644
39,Cantabria,1,2023-10-01,2023,4,2023-T4,74.923
39,Cantabria,1,2024-01-01,2024,1,2024-T1,75.104
39,Cantabria,1,2024-04-01,2024,2,2024-T2,75.326
39,Cantabria,1,2024-07-01,2024,3,2024-T3,75.693
39,Cantabria,1,2024-10-01,2024,4,2024-T4,76.044
39,Cantabria,1,2025-01-01,2025,1,2025-T1,76.3
39,Cantabria,1,2025-04-01,2025,2,2025-T2,76.544
39,Cantabria,1,2025-07-01,2025,3,2025-T3,76.86
39,Cantabria,1,2025-10-01,2025,4,2025-T4,77.244
39,Cantabria,1,2026-01-01,2026,1,2026-T1,77.531
39,Cantabria,1,2026-04-01,2026,2,2026-T2,77.837
39,Cantabria,2,2021-01-01,2021,1,2021-T1,67.587
39,Cantabria,2,2021-04-01,2021,2,2021-T2,68.118
39,Cantabria,2,2021-07-01,2021,3,2021-T3,68.629
39,Cantabria,2,2021-10-01,2021,4,2021-T4,69.126
39,Cantabria,2,2022-01-01,2022,1,2022-T1,69.562
39,Cantabria,2,2022-04-01,2022,2,2022-T2,69.747
39,Cantabria,2,2022-07-01,2022,3,2022-T3,70.041
39,Cantabria,2,2022-10-01,2022,4,2022-T4,70.426
39,Cantabria,2,2023-01-01,2023,1,2023-T1,70.791
39,Cantabria,2,2023-04-01,2023,2,2023-T2,70.972
39,Cantabria,2,2023-07-01,2023,3,2023-T3,71.222
39,Cantabria,2,2023-10-01,2023,4,2023-T4,71.491
39,Cantabria,2,2024-01-01,2024,1,2024-T1,71.657
39,Cantabria,2,2024-04-01,2024,2,2024-T2,71.804
39,Cantabria,2,2024-07-01,2024,3,2024-T3,72.063
39,Cantabria,2,2024-10-01,2024,4,2024-T4,72.322
39,Cantabria,2,2025-01-01,2025,1,2025-T1,72.477
39,Cantabria,2,2025-04-01,2025,2,2025-T2,72.811
39,Cantabria,2,2025-07-01,2025,3,2025-T3,73.2
39,Cantabria,2,2025-10-01,2025,4,2025-T4,73.596
39,Cantabria,2,2026-01-01,2026,1,2026-T1,73.897
39,Cantabria,2,2026-04-01,2026,2,2026-T2,74.198
39,Cantabria,3,2021-01-01,2021,1,2021-T1,49.865
39,Cantabria,3,2021-04-01,2021,2,2021-T2,49.802
39,Cantabria,3,2021-07-01,2021,3,2021-T3,49.722
39,Cantabria,3,2021-10-01,2021,4,2021-T4,49.55
39,Cantabria,3,2022-01-01,2022,1,2022-T1,49.318
39,Cantabria,3,2022-04-01,2022,2,2022-T2,49.164
39,Cantabria,3,2022-07-01,2022,3,2022-T3,49.081
39,Cantabria,3,2022-10-01,2022,4,2022-T4,49.084
39,Cantabria,3,2023-01-01,2023,1,2023-T1,49.056
39,Cantabria,3,2023-04-01,2023,2,2023-T2,48.974
39,Cantabria,3,2023-07-01,2023,3,2023-T3,48.916
39,Cantabria,3,2023-10-01,2023,4,2023-T4,48.981
39,Cantabria,3,2024-01-01,2024,1,2024-T1,48.989
39,Cantabria,3,2024-04-01,2024,2,2024-T2,49.035
39,Cantabria,3,2024-07-01,2024,3,2024-T3,49.128
39,Cantabria,3,2024-10-01,2024,4,2024-T4,49.231
39,Cantabria,3,2025-01-01,2025,1,2025-T1,49.263
39,Cantabria,3,2025-04-01,2025,2,2025-T2,49.225
39,Cantabria,3,2025-07-01,2025,3,2025-T3,49.205
39,Cantabria,3,2025-10-01,2025,4,2025-T4,49.333
39,Cantabria,3,2026-01-01,2026,1,2026-T1,49.398
39,Cantabria,3,2026-04-01,2026,2,2026-T2,49.48
39,Cantabria,4 y más,2021-01-01,2021,1,2021-T1,50.601
39,Cantabria,4 y más,2021-04-01,2021,2,2021-T2,50.318
39,Cantabria,4 y más,2021-07-01,2021,3,2021-T3,50.031
39,Cantabria,4 y más,2021-10-01,2021,4,2021-T4,49.926
39,Cantabria,4 y más,2022-01-01,2022,1,2022-T1,49.741
39,Cantabria,4 y más,2022-04-01,2022,2,2022-T2,49.671
39,Cantabria,4 y más,2022-07-01,2022,3,2022-T3,49.673
39,Cantabria,4 y más,2022-10-01,2022,4,2022-T4,49.629
39,Cantabria,4 y más,2023-01-01,2023,1,2023-T1,49.541
39,Cantabria,4 y más,2023-04-01,2023,2,2023-T2,49.436
39,Cantabria,4 y más,2023-07-01,2023,3,2023-T3,49.339
39,Cantabria,4 y más,2023-10-01,2023,4,2023-T4,49.378
39,Cantabria,4 y más,2024-01-01,2024,1,2024-T1,49.361
39,Cantabria,4 y más,2024-04-01,2024,2,2024-T2,49.208
39,Cantabria,4 y más,2024-07-01,2024,3,2024-T3,49.089
39,Cantabria,4 y más,2024-10-01,2024,4,2024-T4,49.126
39,Cantabria,4 y más,2025-01-01,2025,1,2025-T1,49.087
39,Cantabria,4 y más,2025-04-01,2025,2,2025-T2,49.005
39,Cantabria,4 y más,2025-07-01,2025,3,2025-T3,48.93
39,Cantabria,4 y más,2025-10-01,2025,4,2025-T4,48.908
39,Cantabria,4 y más,2026-01-01,2026,1,2026-T1,48.814
39,Cantabria,4 y más,2026-04-01,2026,2,2026-T2,48.759
39,Cantabria,Total,2021-01-01,2021,1,2021-T1,238.23
39,Cantabria,Total,2021-04-01,2021,2,2021-T2,239.064
39,Cantabria,Total,2021-07-01,2021,3,2021-T3,239.828
39,Cantabria,Total,2021-10-01,2021,4,2021-T4,240.689
39,Cantabria,Total,2022-01-01,2022,1,2022-T1,241.235
39,Cantabria,Total,2022-04-01,2022,2,2022-T2,241.336
39,Cantabria,Total,2022-07-01,2022,3,2022-T3,241.811
39,Cantabria,Total,2022-10-01,2022,4,2022-T4,242.65
39,Cantabria,Total,2023-01-01,2023,1,2023-T1,243.391
39,Cantabria,Total,2023-04-01,2023,2,2023-T2,243.662
39,Cantabria,Total,2023-07-01,2023,3,2023-T3,244.121
39,Cantabria,Total,2023-10-01,2023,4,2023-T4,244.773
39,Cantabria,Total,2024-01-01,2024,1,2024-T1,245.111
39,Cantabria,Total,2024-04-01,2024,2,2024-T2,245.373
39,Cantabria,Total,2024-07-01,2024,3,2024-T3,245.973
39,Cantabria,Total,2024-10-01,2024,4,2024-T4,246.723
39,Cantabria,Total,2025-01-01,2025,1,2025-T1,247.127
39,Cantabria,Total,2025-04-01,2025,2,2025-T2,247.585
39,Cantabria,Total,2025-07-01,2025,3,2025-T3,248.195
39,Cantabria,Total,2025-10-01,2025,4,2025-T4,249.081
39,Cantabria,Total,2026-01-01,2026,1,2026-T1,249.64
39,Cantabria,Total,2026-04-01,2026,2,2026-T2,250.274
12,Castellón/Castelló,1,2021-01-01,2021,1,2021-T1,69.243
12,Castellón/Castelló,1,2021-04-01,2021,2,2021-T2,69.943
12,Castellón/Castelló,1,2021-07-01,2021,3,2021-T3,70.719
12,Castellón/Castelló,1,2021-10-01,2021,4,2021-T4,71.465
12,Castellón/Castelló,1,2022-01-01,2022,1,2022-T1,72.081
12,Castellón/Castelló,1,2022-04-01,2022,2,2022-T2,72.489
12,Castellón/Castelló,1,2022-07-01,2022,3,2022-T3,73.029
12,Castellón/Castelló,1,2022-10-01,2022,4,2022-T4,73.592
12,Castellón/Castelló,1,2023-01-01,2023,1,2023-T1,74.103
12,Castellón/Castelló,1,2023-04-01,2023,2,2023-T2,74.398
12,Castellón/Castelló,1,2023-07-01,2023,3,2023-T3,74.711
12,Castellón/Castelló,1,2023-10-01,2023,4,2023-T4,75.037
12,Castellón/Castelló,1,2024-01-01,2024,1,2024-T1,75.35
12,Castellón/Castelló,1,2024-04-01,2024,2,2024-T2,75.769
12,Castellón/Castelló,1,2024-07-01,2024,3,2024-T3,76.239
12,Castellón/Castelló,1,2024-10-01,2024,4,2024-T4,76.493
12,Castellón/Castelló,1,2025-01-01,2025,1,2025-T1,76.706
12,Castellón/Castelló,1,2025-04-01,2025,2,2025-T2,77.215
12,Castellón/Castelló,1,2025-07-01,2025,3,2025-T3,77.839
12,Castellón/Castelló,1,2025-10-01,2025,4,2025-T4,78.292
12,Castellón/Castelló,1,2026-01-01,2026,1,2026-T1,78.804
12,Castellón/Castelló,1,2026-04-01,2026,2,2026-T2,79.263
12,Castellón/Castelló,2,2021-01-01,2021,1,2021-T1,66.838
12,Castellón/Castelló,2,2021-04-01,2021,2,2021-T2,67.391
12,Castellón/Castelló,2,2021-07-01,2021,3,2021-T3,68.014
12,Castellón/Castelló,2,2021-10-01,2021,4,2021-T4,68.683
12,Castellón/Castelló,2,2022-01-01,2022,1,2022-T1,69.258
12,Castellón/Castelló,2,2022-04-01,2022,2,2022-T2,69.476
12,Castellón/Castelló,2,2022-07-01,2022,3,2022-T3,69.778
12,Castellón/Castelló,2,2022-10-01,2022,4,2022-T4,70.324
12,Castellón/Castelló,2,2023-01-01,2023,1,2023-T1,70.79
12,Castellón/Castelló,2,2023-04-01,2023,2,2023-T2,71.198
12,Castellón/Castelló,2,2023-07-01,2023,3,2023-T3,71.59
12,Castellón/Castelló,2,2023-10-01,2023,4,2023-T4,71.929
12,Castellón/Castelló,2,2024-01-01,2024,1,2024-T1,72.248
12,Castellón/Castelló,2,2024-04-01,2024,2,2024-T2,72.71
12,Castellón/Castelló,2,2024-07-01,2024,3,2024-T3,73.187
12,Castellón/Castelló,2,2024-10-01,2024,4,2024-T4,73.561
12,Castellón/Castelló,2,2025-01-01,2025,1,2025-T1,73.889
12,Castellón/Castelló,2,2025-04-01,2025,2,2025-T2,74.245
12,Castellón/Castelló,2,2025-07-01,2025,3,2025-T3,74.695
12,Castellón/Castelló,2,2025-10-01,2025,4,2025-T4,75.226
12,Castellón/Castelló,2,2026-01-01,2026,1,2026-T1,75.812
12,Castellón/Castelló,2,2026-04-01,2026,2,2026-T2,76.324
12,Castellón/Castelló,3,2021-01-01,2021,1,2021-T1,48.731
12,Castellón/Castelló,3,2021-04-01,2021,2,2021-T2,48.646
12,Castellón/Castelló,3,2021-07-01,2021,3,2021-T3,48.556
12,Castellón/Castelló,3,2021-10-01,2021,4,2021-T4,48.654
12,Castellón/Castelló,3,2022-01-01,2022,1,2022-T1,48.679
12,Castellón/Castelló,3,2022-04-01,2022,2,2022-T2,48.795
12,Castellón/Castelló,3,2022-07-01,2022,3,2022-T3,48.985
12,Castellón/Castelló,3,2022-10-01,2022,4,2022-T4,49.23
12,Castellón/Castelló,3,2023-01-01,2023,1,2023-T1,49.415
12,Castellón/Castelló,3,2023-04-01,2023,2,2023-T2,49.497
12,Castellón/Castelló,3,2023-07-01,2023,3,2023-T3,49.505
12,Castellón/Castelló,3,2023-10-01,2023,4,2023-T4,49.748
12,Castellón/Castelló,3,2024-01-01,2024,1,2024-T1,50.0
12,Castellón/Castelló,3,2024-04-01,2024,2,2024-T2,50.103
12,Castellón/Castelló,3,2024-07-01,2024,3,2024-T3,50.185
12,Castellón/Castelló,3,2024-10-01,2024,4,2024-T4,50.327
12,Castellón/Castelló,3,2025-01-01,2025,1,2025-T1,50.434
12,Castellón/Castelló,3,2025-04-01,2025,2,2025-T2,50.54
12,Castellón/Castelló,3,2025-07-01,2025,3,2025-T3,50.681
12,Castellón/Castelló,3,2025-10-01,2025,4,2025-T4,50.867
12,Castellón/Castelló,3,2026-01-01,2026,1,2026-T1,51.114
12,Castellón/Castelló,3,2026-04-01,2026,2,2026-T2,51.328
12,Castellón/Castelló,4 y más,2021-01-01,2021,1,2021-T1,53.519
12,Castellón/Castelló,4 y más,2021-04-01,2021,2,2021-T2,53.233
12,Castellón/Castelló,4 y más,2021-07-01,2021,3,2021-T3,52.944
12,Castellón/Castelló,4 y más,2021-10-01,2021,4,2021-T4,52.8
12,Castellón/Castelló,4 y más,2022-01-01,2022,1,2022-T1,52.563
12,Castellón/Castelló,4 y más,2022-04-01,2022,2,2022-T2,52.761
12,Castellón/Castelló,4 y más,2022-07-01,2022,3,2022-T3,53.046
12,Castellón/Castelló,4 y más,2022-10-01,2022,4,2022-T4,53.198
12,Castellón/Castelló,4 y más,2023-01-01,2023,1,2023-T1,53.281
12,Castellón/Castelló,4 y más,2023-04-01,2023,2,2023-T2,53.498
12,Castellón/Castelló,4 y más,2023-07-01,2023,3,2023-T3,53.615
12,Castellón/Castelló,4 y más,2023-10-01,2023,4,2023-T4,53.859
12,Castellón/Castelló,4 y más,2024-01-01,2024,1,2024-T1,54.105
12,Castellón/Castelló,4 y más,2024-04-01,2024,2,2024-T2,54.251
12,Castellón/Castelló,4 y más,2024-07-01,2024,3,2024-T3,54.362
12,Castellón/Castelló,4 y más,2024-10-01,2024,4,2024-T4,54.776
12,Castellón/Castelló,4 y más,2025-01-01,2025,1,2025-T1,55.146
12,Castellón/Castelló,4 y más,2025-04-01,2025,2,2025-T2,55.422
12,Castellón/Castelló,4 y más,2025-07-01,2025,3,2025-T3,55.723
12,Castellón/Castelló,4 y más,2025-10-01,2025,4,2025-T4,55.932
12,Castellón/Castelló,4 y más,2026-01-01,2026,1,2026-T1,56.207
12,Castellón/Castelló,4 y más,2026-04-01,2026,2,2026-T2,56.396
12,Castellón/Castelló,Total,2021-01-01,2021,1,2021-T1,238.331
12,Castellón/Castelló,Total,2021-04-01,2021,2,2021-T2,239.213
12,Castellón/Castelló,Total,2021-07-01,2021,3,2021-T3,240.233
12,Castellón/Castelló,Total,2021-10-01,2021,4,2021-T4,241.602
12,Castellón/Castelló,Total,2022-01-01,2022,1,2022-T1,242.581
12,Castellón/Castelló,Total,2022-04-01,2022,2,2022-T2,243.521
12,Castellón/Castelló,Total,2022-07-01,2022,3,2022-T3,244.838
12,Castellón/Castelló,Total,2022-10-01,2022,4,2022-T4,246.344
12,Castellón/Castelló,Total,2023-01-01,2023,1,2023-T1,247.589
12,Castellón/Castelló,Total,2023-04-01,2023,2,2023-T2,248.591
12,Castellón/Castelló,Total,2023-07-01,2023,3,2023-T3,249.421
12,Castellón/Castelló,Total,2023-10-01,2023,4,2023-T4,250.573
12,Castellón/Castelló,Total,2024-01-01,2024,1,2024-T1,251.703
12,Castellón/Castelló,Total,2024-04-01,2024,2,2024-T2,252.833
12,Castellón/Castelló,Total,2024-07-01,2024,3,2024-T3,253.973
12,Castellón/Castelló,Total,2024-10-01,2024,4,2024-T4,255.157
12,Castellón/Castelló,Total,2025-01-01,2025,1,2025-T1,256.175
12,Castellón/Castelló,Total,2025-04-01,2025,2,2025-T2,257.422
12,Castellón/Castelló,Total,2025-07-01,2025,3,2025-T3,258.938
12,Castellón/Castelló,Total,2025-10-01,2025,4,2025-T4,260.317
12,Castellón/Castelló,Total,2026-01-01,2026,1,2026-T1,261.937
12,Castellón/Castelló,Total,2026-04-01,2026,2,2026-T2,263.311
51,Ceuta,1,2021-01-01,2021,1,2021-T1,5.254
51,Ceuta,1,2021-04-01,2021,2,2021-T2,5.313
51,Ceuta,1,2021-07-01,2021,3,2021-T3,5.381
51,Ceuta,1,2021-10-01,2021,4,2021-T4,5.417
51,Ceuta,1,2022-01-01,2022,1,2022-T1,5.452
51,Ceuta,1,2022-04-01,2022,2,2022-T2,5.508
51,Ceuta,1,2022-07-01,2022,3,2022-T3,5.584
51,Ceuta,1,2022-10-01,2022,4,2022-T4,5.609
51,Ceuta,1,2023-01-01,2023,1,2023-T1,5.634
51,Ceuta,1,2023-04-01,2023,2,2023-T2,5.639
51,Ceuta,1,2023-07-01,2023,3,2023-T3,5.652
51,Ceuta,1,2023-10-01,2023,4,2023-T4,5.646
51,Ceuta,1,2024-01-01,2024,1,2024-T1,5.63
51,Ceuta,1,2024-04-01,2024,2,2024-T2,5.657
51,Ceuta,1,2024-07-01,2024,3,2024-T3,5.701
51,Ceuta,1,2024-10-01,2024,4,2024-T4,5.698
51,Ceuta,1,2025-01-01,2025,1,2025-T1,5.686
51,Ceuta,1,2025-04-01,2025,2,2025-T2,5.681
51,Ceuta,1,2025-07-01,2025,3,2025-T3,5.68
51,Ceuta,1,2025-10-01,2025,4,2025-T4,5.742
51,Ceuta,1,2026-01-01,2026,1,2026-T1,5.813
51,Ceuta,1,2026-04-01,2026,2,2026-T2,5.87
51,Ceuta,2,2021-01-01,2021,1,2021-T1,5.255
51,Ceuta,2,2021-04-01,2021,2,2021-T2,5.284
51,Ceuta,2,2021-07-01,2021,3,2021-T3,5.322
51,Ceuta,2,2021-10-01,2021,4,2021-T4,5.359
51,Ceuta,2,2022-01-01,2022,1,2022-T1,5.401
51,Ceuta,2,2022-04-01,2022,2,2022-T2,5.408
51,Ceuta,2,2022-07-01,2022,3,2022-T3,5.433
51,Ceuta,2,2022-10-01,2022,4,2022-T4,5.498
51,Ceuta,2,2023-01-01,2023,1,2023-T1,5.566
51,Ceuta,2,2023-04-01,2023,2,2023-T2,5.571
51,Ceuta,2,2023-07-01,2023,3,2023-T3,5.587
51,Ceuta,2,2023-10-01,2023,4,2023-T4,5.617
51,Ceuta,2,2024-01-01,2024,1,2024-T1,5.644
51,Ceuta,2,2024-04-01,2024,2,2024-T2,5.665
51,Ceuta,2,2024-07-01,2024,3,2024-T3,5.698
51,Ceuta,2,2024-10-01,2024,4,2024-T4,5.728
51,Ceuta,2,2025-01-01,2025,1,2025-T1,5.754
51,Ceuta,2,2025-04-01,2025,2,2025-T2,5.819
51,Ceuta,2,2025-07-01,2025,3,2025-T3,5.892
51,Ceuta,2,2025-10-01,2025,4,2025-T4,5.934
51,Ceuta,2,2026-01-01,2026,1,2026-T1,5.986
51,Ceuta,2,2026-04-01,2026,2,2026-T2,6.019
51,Ceuta,3,2021-01-01,2021,1,2021-T1,4.735
51,Ceuta,3,2021-04-01,2021,2,2021-T2,4.755
51,Ceuta,3,2021-07-01,2021,3,2021-T3,4.772
51,Ceuta,3,2021-10-01,2021,4,2021-T4,4.771
51,Ceuta,3,2022-01-01,2022,1,2022-T1,4.786
51,Ceuta,3,2022-04-01,2022,2,2022-T2,4.756
51,Ceuta,3,2022-07-01,2022,3,2022-T3,4.745
51,Ceuta,3,2022-10-01,2022,4,2022-T4,4.751
51,Ceuta,3,2023-01-01,2023,1,2023-T1,4.761
51,Ceuta,3,2023-04-01,2023,2,2023-T2,4.835
51,Ceuta,3,2023-07-01,2023,3,2023-T3,4.918
51,Ceuta,3,2023-10-01,2023,4,2023-T4,4.95
51,Ceuta,3,2024-01-01,2024,1,2024-T1,4.978
51,Ceuta,3,2024-04-01,2024,2,2024-T2,4.988
51,Ceuta,3,2024-07-01,2024,3,2024-T3,5.008
51,Ceuta,3,2024-10-01,2024,4,2024-T4,5.052
51,Ceuta,3,2025-01-01,2025,1,2025-T1,5.091
51,Ceuta,3,2025-04-01,2025,2,2025-T2,5.095
51,Ceuta,3,2025-07-01,2025,3,2025-T3,5.105
51,Ceuta,3,2025-10-01,2025,4,2025-T4,5.157
51,Ceuta,3,2026-01-01,2026,1,2026-T1,5.215
51,Ceuta,3,2026-04-01,2026,2,2026-T2,5.251
51,Ceuta,4 y más,2021-01-01,2021,1,2021-T1,10.136
51,Ceuta,4 y más,2021-04-01,2021,2,2021-T2,10.045
51,Ceuta,4 y más,2021-07-01,2021,3,2021-T3,9.944
51,Ceuta,4 y más,2021-10-01,2021,4,2021-T4,9.887
51,Ceuta,4 y más,2022-01-01,2022,1,2022-T1,9.886
51,Ceuta,4 y más,2022-04-01,2022,2,2022-T2,9.862
51,Ceuta,4 y más,2022-07-01,2022,3,2022-T3,9.878
51,Ceuta,4 y más,2022-10-01,2022,4,2022-T4,9.874
51,Ceuta,4 y más,2023-01-01,2023,1,2023-T1,9.88
51,Ceuta,4 y más,2023-04-01,2023,2,2023-T2,9.816
51,Ceuta,4 y más,2023-07-01,2023,3,2023-T3,9.769
51,Ceuta,4 y más,2023-10-01,2023,4,2023-T4,9.784
51,Ceuta,4 y más,2024-01-01,2024,1,2024-T1,9.793
51,Ceuta,4 y más,2024-04-01,2024,2,2024-T2,9.782
51,Ceuta,4 y más,2024-07-01,2024,3,2024-T3,9.784
51,Ceuta,4 y más,2024-10-01,2024,4,2024-T4,9.792
51,Ceuta,4 y más,2025-01-01,2025,1,2025-T1,9.786
51,Ceuta,4 y más,2025-04-01,2025,2,2025-T2,9.783
51,Ceuta,4 y más,2025-07-01,2025,3,2025-T3,9.79
51,Ceuta,4 y más,2025-10-01,2025,4,2025-T4,9.779
51,Ceuta,4 y más,2026-01-01,2026,1,2026-T1,9.774
51,Ceuta,4 y más,2026-04-01,2026,2,2026-T2,9.76
51,Ceuta,Total,2021-01-01,2021,1,2021-T1,25.38
51,Ceuta,Total,2021-04-01,2021,2,2021-T2,25.397
51,Ceuta,Total,2021-07-01,2021,3,2021-T3,25.419
51,Ceuta,Total,2021-10-01,2021,4,2021-T4,25.434
51,Ceuta,Total,2022-01-01,2022,1,2022-T1,25.525
51,Ceuta,Total,2022-04-01,2022,2,2022-T2,25.534
51,Ceuta,Total,2022-07-01,2022,3,2022-T3,25.64
51,Ceuta,Total,2022-10-01,2022,4,2022-T4,25.732
51,Ceuta,Total,2023-01-01,2023,1,2023-T1,25.841
51,Ceuta,Total,2023-04-01,2023,2,2023-T2,25.861
51,Ceuta,Total,2023-07-01,2023,3,2023-T3,25.926
51,Ceuta,Total,2023-10-01,2023,4,2023-T4,25.997
51,Ceuta,Total,2024-01-01,2024,1,2024-T1,26.045
51,Ceuta,Total,2024-04-01,2024,2,2024-T2,26.092
51,Ceuta,Total,2024-07-01,2024,3,2024-T3,26.191
51,Ceuta,Total,2024-10-01,2024,4,2024-T4,26.27
51,Ceuta,Total,2025-01-01,2025,1,2025-T1,26.317
51,Ceuta,Total,2025-04-01,2025,2,2025-T2,26.378
51,Ceuta,Total,2025-07-01,2025,3,2025-T3,26.467
51,Ceuta,Total,2025-10-01,2025,4,2025-T4,26.612
51,Ceuta,Total,2026-01-01,2026,1,2026-T1,26.788
51,Ceuta,Total,2026-04-01,2026,2,2026-T2,26.9
13,Ciudad Real,1,2021-01-01,2021,1,2021-T1,53.623
13,Ciudad Real,1,2021-04-01,2021,2,2021-T2,54.048
13,Ciudad Real,1,2021-07-01,2021,3,2021-T3,54.578
13,Ciudad Real,1,2021-10-01,2021,4,2021-T4,55.066
13,Ciudad Real,1,2022-01-01,2022,1,2022-T1,55.51
13,Ciudad Real,1,2022-04-01,2022,2,2022-T2,55.683
13,Ciudad Real,1,2022-07-01,2022,3,2022-T3,55.953
13,Ciudad Real,1,2022-10-01,2022,4,2022-T4,56.406
13,Ciudad Real,1,2023-01-01,2023,1,2023-T1,56.876
13,Ciudad Real,1,2023-04-01,2023,2,2023-T2,57.184
13,Ciudad Real,1,2023-07-01,2023,3,2023-T3,57.581
13,Ciudad Real,1,2023-10-01,2023,4,2023-T4,57.758
13,Ciudad Real,1,2024-01-01,2024,1,2024-T1,57.838
13,Ciudad Real,1,2024-04-01,2024,2,2024-T2,58.055
13,Ciudad Real,1,2024-07-01,2024,3,2024-T3,58.361
13,Ciudad Real,1,2024-10-01,2024,4,2024-T4,58.661
13,Ciudad Real,1,2025-01-01,2025,1,2025-T1,58.942
13,Ciudad Real,1,2025-04-01,2025,2,2025-T2,59.054
13,Ciudad Real,1,2025-07-01,2025,3,2025-T3,59.27
13,Ciudad Real,1,2025-10-01,2025,4,2025-T4,59.632
13,Ciudad Real,1,2026-01-01,2026,1,2026-T1,59.925
13,Ciudad Real,1,2026-04-01,2026,2,2026-T2,60.18
13,Ciudad Real,2,2021-01-01,2021,1,2021-T1,51.769
13,Ciudad Real,2,2021-04-01,2021,2,2021-T2,52.062
13,Ciudad Real,2,2021-07-01,2021,3,2021-T3,52.429
13,Ciudad Real,2,2021-10-01,2021,4,2021-T4,52.808
13,Ciudad Real,2,2022-01-01,2022,1,2022-T1,53.149
13,Ciudad Real,2,2022-04-01,2022,2,2022-T2,53.328
13,Ciudad Real,2,2022-07-01,2022,3,2022-T3,53.574
13,Ciudad Real,2,2022-10-01,2022,4,2022-T4,53.956
13,Ciudad Real,2,2023-01-01,2023,1,2023-T1,54.349
13,Ciudad Real,2,2023-04-01,2023,2,2023-T2,54.591
13,Ciudad Real,2,2023-07-01,2023,3,2023-T3,54.887
13,Ciudad Real,2,2023-10-01,2023,4,2023-T4,55.154
13,Ciudad Real,2,2024-01-01,2024,1,2024-T1,55.346
13,Ciudad Real,2,2024-04-01,2024,2,2024-T2,55.59
13,Ciudad Real,2,2024-07-01,2024,3,2024-T3,55.908
13,Ciudad Real,2,2024-10-01,2024,4,2024-T4,56.157
13,Ciudad Real,2,2025-01-01,2025,1,2025-T1,56.373
13,Ciudad Real,2,2025-04-01,2025,2,2025-T2,56.608
13,Ciudad Real,2,2025-07-01,2025,3,2025-T3,56.918
13,Ciudad Real,2,2025-10-01,2025,4,2025-T4,57.388
13,Ciudad Real,2,2026-01-01,2026,1,2026-T1,57.792
13,Ciudad Real,2,2026-04-01,2026,2,2026-T2,58.16
13,Ciudad Real,3,2021-01-01,2021,1,2021-T1,39.329
13,Ciudad Real,3,2021-04-01,2021,2,2021-T2,39.228
13,Ciudad Real,3,2021-07-01,2021,3,2021-T3,39.159
13,Ciudad Real,3,2021-10-01,2021,4,2021-T4,39.103
13,Ciudad Real,3,2022-01-01,2022,1,2022-T1,39.045
13,Ciudad Real,3,2022-04-01,2022,2,2022-T2,39.018
13,Ciudad Real,3,2022-07-01,2022,3,2022-T3,39.052
13,Ciudad Real,3,2022-10-01,2022,4,2022-T4,39.019
13,Ciudad Real,3,2023-01-01,2023,1,2023-T1,38.987
13,Ciudad Real,3,2023-04-01,2023,2,2023-T2,38.939
13,Ciudad Real,3,2023-07-01,2023,3,2023-T3,38.916
13,Ciudad Real,3,2023-10-01,2023,4,2023-T4,38.991
13,Ciudad Real,3,2024-01-01,2024,1,2024-T1,39.041
13,Ciudad Real,3,2024-04-01,2024,2,2024-T2,39.084
13,Ciudad Real,3,2024-07-01,2024,3,2024-T3,39.157
13,Ciudad Real,3,2024-10-01,2024,4,2024-T4,39.232
13,Ciudad Real,3,2025-01-01,2025,1,2025-T1,39.295
13,Ciudad Real,3,2025-04-01,2025,2,2025-T2,39.326
13,Ciudad Real,3,2025-07-01,2025,3,2025-T3,39.414
13,Ciudad Real,3,2025-10-01,2025,4,2025-T4,39.481
13,Ciudad Real,3,2026-01-01,2026,1,2026-T1,39.503
13,Ciudad Real,3,2026-04-01,2026,2,2026-T2,39.569
13,Ciudad Real,4 y más,2021-01-01,2021,1,2021-T1,49.161
13,Ciudad Real,4 y más,2021-04-01,2021,2,2021-T2,48.802
13,Ciudad Real,4 y más,2021-07-01,2021,3,2021-T3,48.485
13,Ciudad Real,4 y más,2021-10-01,2021,4,2021-T4,48.203
13,Ciudad Real,4 y más,2022-01-01,2022,1,2022-T1,47.921
13,Ciudad Real,4 y más,2022-04-01,2022,2,2022-T2,47.729
13,Ciudad Real,4 y más,2022-07-01,2022,3,2022-T3,47.617
13,Ciudad Real,4 y más,2022-10-01,2022,4,2022-T4,47.389
13,Ciudad Real,4 y más,2023-01-01,2023,1,2023-T1,47.154
13,Ciudad Real,4 y más,2023-04-01,2023,2,2023-T2,46.942
13,Ciudad Real,4 y más,2023-07-01,2023,3,2023-T3,46.745
13,Ciudad Real,4 y más,2023-10-01,2023,4,2023-T4,46.633
13,Ciudad Real,4 y más,2024-01-01,2024,1,2024-T1,46.505
13,Ciudad Real,4 y más,2024-04-01,2024,2,2024-T2,46.335
13,Ciudad Real,4 y más,2024-07-01,2024,3,2024-T3,46.19
13,Ciudad Real,4 y más,2024-10-01,2024,4,2024-T4,46.079
13,Ciudad Real,4 y más,2025-01-01,2025,1,2025-T1,45.96
13,Ciudad Real,4 y más,2025-04-01,2025,2,2025-T2,45.793
13,Ciudad Real,4 y más,2025-07-01,2025,3,2025-T3,45.692
13,Ciudad Real,4 y más,2025-10-01,2025,4,2025-T4,45.645
13,Ciudad Real,4 y más,2026-01-01,2026,1,2026-T1,45.536
13,Ciudad Real,4 y más,2026-04-01,2026,2,2026-T2,45.471
13,Ciudad Real,Total,2021-01-01,2021,1,2021-T1,193.882
13,Ciudad Real,Total,2021-04-01,2021,2,2021-T2,194.14
13,Ciudad Real,Total,2021-07-01,2021,3,2021-T3,194.651
13,Ciudad Real,Total,2021-10-01,2021,4,2021-T4,195.18
13,Ciudad Real,Total,2022-01-01,2022,1,2022-T1,195.625
13,Ciudad Real,Total,2022-04-01,2022,2,2022-T2,195.758
13,Ciudad Real,Total,2022-07-01,2022,3,2022-T3,196.196
13,Ciudad Real,Total,2022-10-01,2022,4,2022-T4,196.77
13,Ciudad Real,Total,2023-01-01,2023,1,2023-T1,197.366
13,Ciudad Real,Total,2023-04-01,2023,2,2023-T2,197.656
13,Ciudad Real,Total,2023-07-01,2023,3,2023-T3,198.129
13,Ciudad Real,Total,2023-10-01,2023,4,2023-T4,198.536
13,Ciudad Real,Total,2024-01-01,2024,1,2024-T1,198.73
13,Ciudad Real,Total,2024-04-01,2024,2,2024-T2,199.064
13,Ciudad Real,Total,2024-07-01,2024,3,2024-T3,199.616
13,Ciudad Real,Total,2024-10-01,2024,4,2024-T4,200.129
13,Ciudad Real,Total,2025-01-01,2025,1,2025-T1,200.57
13,Ciudad Real,Total,2025-04-01,2025,2,2025-T2,200.781
13,Ciudad Real,Total,2025-07-01,2025,3,2025-T3,201.294
13,Ciudad Real,Total,2025-10-01,2025,4,2025-T4,202.146
13,Ciudad Real,Total,2026-01-01,2026,1,2026-T1,202.756
13,Ciudad Real,Total,2026-04-01,2026,2,2026-T2,203.38
15,"Coruña, A",1,2021-01-01,2021,1,2021-T1,129.304
15,"Coruña, A",1,2021-04-01,2021,2,2021-T2,130.378
15,"Coruña, A",1,2021-07-01,2021,3,2021-T3,131.569
15,"Coruña, A",1,2021-10-01,2021,4,2021-T4,132.998
15,"Coruña, A",1,2022-01-01,2022,1,2022-T1,134.38
15,"Coruña, A",1,2022-04-01,2022,2,2022-T2,135.297
15,"Coruña, A",1,2022-07-01,2022,3,2022-T3,136.333
15,"Coruña, A",1,2022-10-01,2022,4,2022-T4,137.466
15,"Coruña, A",1,2023-01-01,2023,1,2023-T1,138.596
15,"Coruña, A",1,2023-04-01,2023,2,2023-T2,139.474
15,"Coruña, A",1,2023-07-01,2023,3,2023-T3,140.561
15,"Coruña, A",1,2023-10-01,2023,4,2023-T4,141.182
15,"Coruña, A",1,2024-01-01,2024,1,2024-T1,141.64
15,"Coruña, A",1,2024-04-01,2024,2,2024-T2,141.99
15,"Coruña, A",1,2024-07-01,2024,3,2024-T3,142.416
15,"Coruña, A",1,2024-10-01,2024,4,2024-T4,143.109
15,"Coruña, A",1,2025-01-01,2025,1,2025-T1,143.727
15,"Coruña, A",1,2025-04-01,2025,2,2025-T2,144.203
15,"Coruña, A",1,2025-07-01,2025,3,2025-T3,144.694
15,"Coruña, A",1,2025-10-01,2025,4,2025-T4,144.641
15,"Coruña, A",1,2026-01-01,2026,1,2026-T1,144.401
15,"Coruña, A",1,2026-04-01,2026,2,2026-T2,144.394
15,"Coruña, A",2,2021-01-01,2021,1,2021-T1,129.597
15,"Coruña, A",2,2021-04-01,2021,2,2021-T2,130.522
15,"Coruña, A",2,2021-07-01,2021,3,2021-T3,131.545
15,"Coruña, A",2,2021-10-01,2021,4,2021-T4,132.261
15,"Coruña, A",2,2022-01-01,2022,1,2022-T1,132.976
15,"Coruña, A",2,2022-04-01,2022,2,2022-T2,133.262
15,"Coruña, A",2,2022-07-01,2022,3,2022-T3,133.639
15,"Coruña, A",2,2022-10-01,2022,4,2022-T4,134.557
15,"Coruña, A",2,2023-01-01,2023,1,2023-T1,135.463
15,"Coruña, A",2,2023-04-01,2023,2,2023-T2,135.915
15,"Coruña, A",2,2023-07-01,2023,3,2023-T3,136.556
15,"Coruña, A",2,2023-10-01,2023,4,2023-T4,137.186
15,"Coruña, A",2,2024-01-01,2024,1,2024-T1,137.671
15,"Coruña, A",2,2024-04-01,2024,2,2024-T2,138.107
15,"Coruña, A",2,2024-07-01,2024,3,2024-T3,138.604
15,"Coruña, A",2,2024-10-01,2024,4,2024-T4,139.171
15,"Coruña, A",2,2025-01-01,2025,1,2025-T1,139.631
15,"Coruña, A",2,2025-04-01,2025,2,2025-T2,140.199
15,"Coruña, A",2,2025-07-01,2025,3,2025-T3,140.775
15,"Coruña, A",2,2025-10-01,2025,4,2025-T4,140.916
15,"Coruña, A",2,2026-01-01,2026,1,2026-T1,140.879
15,"Coruña, A",2,2026-04-01,2026,2,2026-T2,140.946
15,"Coruña, A",3,2021-01-01,2021,1,2021-T1,97.226
15,"Coruña, A",3,2021-04-01,2021,2,2021-T2,96.935
15,"Coruña, A",3,2021-07-01,2021,3,2021-T3,96.638
15,"Coruña, A",3,2021-10-01,2021,4,2021-T4,96.395
15,"Coruña, A",3,2022-01-01,2022,1,2022-T1,96.166
15,"Coruña, A",3,2022-04-01,2022,2,2022-T2,96.026
15,"Coruña, A",3,2022-07-01,2022,3,2022-T3,95.911
15,"Coruña, A",3,2022-10-01,2022,4,2022-T4,95.744
15,"Coruña, A",3,2023-01-01,2023,1,2023-T1,95.569
15,"Coruña, A",3,2023-04-01,2023,2,2023-T2,95.489
15,"Coruña, A",3,2023-07-01,2023,3,2023-T3,95.463
15,"Coruña, A",3,2023-10-01,2023,4,2023-T4,95.435
15,"Coruña, A",3,2024-01-01,2024,1,2024-T1,95.318
15,"Coruña, A",3,2024-04-01,2024,2,2024-T2,95.484
15,"Coruña, A",3,2024-07-01,2024,3,2024-T3,95.592
15,"Coruña, A",3,2024-10-01,2024,4,2024-T4,95.688
15,"Coruña, A",3,2025-01-01,2025,1,2025-T1,95.705
15,"Coruña, A",3,2025-04-01,2025,2,2025-T2,95.756
15,"Coruña, A",3,2025-07-01,2025,3,2025-T3,95.747
15,"Coruña, A",3,2025-10-01,2025,4,2025-T4,95.888
15,"Coruña, A",3,2026-01-01,2026,1,2026-T1,95.908
15,"Coruña, A",3,2026-04-01,2026,2,2026-T2,95.989
15,"Coruña, A",4 y más,2021-01-01,2021,1,2021-T1,97.272
15,"Coruña, A",4 y más,2021-04-01,2021,2,2021-T2,96.574
15,"Coruña, A",4 y más,2021-07-01,2021,3,2021-T3,95.861
15,"Coruña, A",4 y más,2021-10-01,2021,4,2021-T4,95.515
15,"Coruña, A",4 y más,2022-01-01,2022,1,2022-T1,95.176
15,"Coruña, A",4 y más,2022-04-01,2022,2,2022-T2,95.033
15,"Coruña, A",4 y más,2022-07-01,2022,3,2022-T3,94.91
15,"Coruña, A",4 y más,2022-10-01,2022,4,2022-T4,94.656
15,"Coruña, A",4 y más,2023-01-01,2023,1,2023-T1,94.394
15,"Coruña, A",4 y más,2023-04-01,2023,2,2023-T2,94.06
15,"Coruña, A",4 y más,2023-07-01,2023,3,2023-T3,93.74
15,"Coruña, A",4 y más,2023-10-01,2023,4,2023-T4,93.803
15,"Coruña, A",4 y más,2024-01-01,2024,1,2024-T1,93.791
15,"Coruña, A",4 y más,2024-04-01,2024,2,2024-T2,93.629
15,"Coruña, A",4 y más,2024-07-01,2024,3,2024-T3,93.37
15,"Coruña, A",4 y más,2024-10-01,2024,4,2024-T4,93.481
15,"Coruña, A",4 y más,2025-01-01,2025,1,2025-T1,93.51
15,"Coruña, A",4 y más,2025-04-01,2025,2,2025-T2,93.397
15,"Coruña, A",4 y más,2025-07-01,2025,3,2025-T3,93.214
15,"Coruña, A",4 y más,2025-10-01,2025,4,2025-T4,93.666
15,"Coruña, A",4 y más,2026-01-01,2026,1,2026-T1,93.978
15,"Coruña, A",4 y más,2026-04-01,2026,2,2026-T2,94.094
15,"Coruña, A",Total,2021-01-01,2021,1,2021-T1,453.399
15,"Coruña, A",Total,2021-04-01,2021,2,2021-T2,454.409
15,"Coruña, A",Total,2021-07-01,2021,3,2021-T3,455.613
15,"Coruña, A",Total,2021-10-01,2021,4,2021-T4,457.169
15,"Coruña, A",Total,2022-01-01,2022,1,2022-T1,458.698
15,"Coruña, A",Total,2022-04-01,2022,2,2022-T2,459.618
15,"Coruña, A",Total,2022-07-01,2022,3,2022-T3,460.793
15,"Coruña, A",Total,2022-10-01,2022,4,2022-T4,462.423
15,"Coruña, A",Total,2023-01-01,2023,1,2023-T1,464.022
15,"Coruña, A",Total,2023-04-01,2023,2,2023-T2,464.938
15,"Coruña, A",Total,2023-07-01,2023,3,2023-T3,466.32
15,"Coruña, A",Total,2023-10-01,2023,4,2023-T4,467.606
15,"Coruña, A",Total,2024-01-01,2024,1,2024-T1,468.42
15,"Coruña, A",Total,2024-04-01,2024,2,2024-T2,469.21
15,"Coruña, A",Total,2024-07-01,2024,3,2024-T3,469.982
15,"Coruña, A",Total,2024-10-01,2024,4,2024-T4,471.449
15,"Coruña, A",Total,2025-01-01,2025,1,2025-T1,472.573
15,"Coruña, A",Total,2025-04-01,2025,2,2025-T2,473.555
15,"Coruña, A",Total,2025-07-01,2025,3,2025-T3,474.43
15,"Coruña, A",Total,2025-10-01,2025,4,2025-T4,475.111
15,"Coruña, A",Total,2026-01-01,2026,1,2026-T1,475.166
15,"Coruña, A",Total,2026-04-01,2026,2,2026-T2,475.423
16,Cuenca,1,2021-01-01,2021,1,2021-T1,25.34
16,Cuenca,1,2021-04-01,2021,2,2021-T2,25.55
16,Cuenca,1,2021-07-01,2021,3,2021-T3,25.731
16,Cuenca,1,2021-10-01,2021,4,2021-T4,25.918
16,Cuenca,1,2022-01-01,2022,1,2022-T1,26.111
16,Cuenca,1,2022-04-01,2022,2,2022-T2,26.144
16,Cuenca,1,2022-07-01,2022,3,2022-T3,26.242
16,Cuenca,1,2022-10-01,2022,4,2022-T4,26.427
16,Cuenca,1,2023-01-01,2023,1,2023-T1,26.631
16,Cuenca,1,2023-04-01,2023,2,2023-T2,26.688
16,Cuenca,1,2023-07-01,2023,3,2023-T3,26.746
16,Cuenca,1,2023-10-01,2023,4,2023-T4,26.843
16,Cuenca,1,2024-01-01,2024,1,2024-T1,26.914
16,Cuenca,1,2024-04-01,2024,2,2024-T2,26.84
16,Cuenca,1,2024-07-01,2024,3,2024-T3,26.831
16,Cuenca,1,2024-10-01,2024,4,2024-T4,26.947
16,Cuenca,1,2025-01-01,2025,1,2025-T1,27.031
16,Cuenca,1,2025-04-01,2025,2,2025-T2,27.095
16,Cuenca,1,2025-07-01,2025,3,2025-T3,27.176
16,Cuenca,1,2025-10-01,2025,4,2025-T4,27.354
16,Cuenca,1,2026-01-01,2026,1,2026-T1,27.484
16,Cuenca,1,2026-04-01,2026,2,2026-T2,27.571
16,Cuenca,2,2021-01-01,2021,1,2021-T1,22.146
16,Cuenca,2,2021-04-01,2021,2,2021-T2,22.284
16,Cuenca,2,2021-07-01,2021,3,2021-T3,22.389
16,Cuenca,2,2021-10-01,2021,4,2021-T4,22.494
16,Cuenca,2,2022-01-01,2022,1,2022-T1,22.598
16,Cuenca,2,2022-04-01,2022,2,2022-T2,22.623
16,Cuenca,2,2022-07-01,2022,3,2022-T3,22.705
16,Cuenca,2,2022-10-01,2022,4,2022-T4,22.86
16,Cuenca,2,2023-01-01,2023,1,2023-T1,23.027
16,Cuenca,2,2023-04-01,2023,2,2023-T2,23.08
16,Cuenca,2,2023-07-01,2023,3,2023-T3,23.146
16,Cuenca,2,2023-10-01,2023,4,2023-T4,23.248
16,Cuenca,2,2024-01-01,2024,1,2024-T1,23.336
16,Cuenca,2,2024-04-01,2024,2,2024-T2,23.376
16,Cuenca,2,2024-07-01,2024,3,2024-T3,23.475
16,Cuenca,2,2024-10-01,2024,4,2024-T4,23.606
16,Cuenca,2,2025-01-01,2025,1,2025-T1,23.705
16,Cuenca,2,2025-04-01,2025,2,2025-T2,23.751
16,Cuenca,2,2025-07-01,2025,3,2025-T3,23.81
16,Cuenca,2,2025-10-01,2025,4,2025-T4,23.912
16,Cuenca,2,2026-01-01,2026,1,2026-T1,23.974
16,Cuenca,2,2026-04-01,2026,2,2026-T2,24.011
16,Cuenca,3,2021-01-01,2021,1,2021-T1,15.702
16,Cuenca,3,2021-04-01,2021,2,2021-T2,15.663
16,Cuenca,3,2021-07-01,2021,3,2021-T3,15.603
16,Cuenca,3,2021-10-01,2021,4,2021-T4,15.593
16,Cuenca,3,2022-01-01,2022,1,2022-T1,15.595
16,Cuenca,3,2022-04-01,2022,2,2022-T2,15.585
16,Cuenca,3,2022-07-01,2022,3,2022-T3,15.61
16,Cuenca,3,2022-10-01,2022,4,2022-T4,15.645
16,Cuenca,3,2023-01-01,2023,1,2023-T1,15.695
16,Cuenca,3,2023-04-01,2023,2,2023-T2,15.738
16,Cuenca,3,2023-07-01,2023,3,2023-T3,15.768
16,Cuenca,3,2023-10-01,2023,4,2023-T4,15.752
16,Cuenca,3,2024-01-01,2024,1,2024-T1,15.745
16,Cuenca,3,2024-04-01,2024,2,2024-T2,15.706
16,Cuenca,3,2024-07-01,2024,3,2024-T3,15.703
16,Cuenca,3,2024-10-01,2024,4,2024-T4,15.694
16,Cuenca,3,2025-01-01,2025,1,2025-T1,15.677
16,Cuenca,3,2025-04-01,2025,2,2025-T2,15.7
16,Cuenca,3,2025-07-01,2025,3,2025-T3,15.737
16,Cuenca,3,2025-10-01,2025,4,2025-T4,15.738
16,Cuenca,3,2026-01-01,2026,1,2026-T1,15.709
16,Cuenca,3,2026-04-01,2026,2,2026-T2,15.663
16,Cuenca,4 y más,2021-01-01,2021,1,2021-T1,17.718
16,Cuenca,4 y más,2021-04-01,2021,2,2021-T2,17.645
16,Cuenca,4 y más,2021-07-01,2021,3,2021-T3,17.558
16,Cuenca,4 y más,2021-10-01,2021,4,2021-T4,17.497
16,Cuenca,4 y más,2022-01-01,2022,1,2022-T1,17.452
16,Cuenca,4 y más,2022-04-01,2022,2,2022-T2,17.443
16,Cuenca,4 y más,2022-07-01,2022,3,2022-T3,17.465
16,Cuenca,4 y más,2022-10-01,2022,4,2022-T4,17.43
16,Cuenca,4 y más,2023-01-01,2023,1,2023-T1,17.415
16,Cuenca,4 y más,2023-04-01,2023,2,2023-T2,17.356
16,Cuenca,4 y más,2023-07-01,2023,3,2023-T3,17.269
16,Cuenca,4 y más,2023-10-01,2023,4,2023-T4,17.273
16,Cuenca,4 y más,2024-01-01,2024,1,2024-T1,17.294
16,Cuenca,4 y más,2024-04-01,2024,2,2024-T2,17.225
16,Cuenca,4 y más,2024-07-01,2024,3,2024-T3,17.188
16,Cuenca,4 y más,2024-10-01,2024,4,2024-T4,17.213
16,Cuenca,4 y más,2025-01-01,2025,1,2025-T1,17.236
16,Cuenca,4 y más,2025-04-01,2025,2,2025-T2,17.221
16,Cuenca,4 y más,2025-07-01,2025,3,2025-T3,17.223
16,Cuenca,4 y más,2025-10-01,2025,4,2025-T4,17.223
16,Cuenca,4 y más,2026-01-01,2026,1,2026-T1,17.188
16,Cuenca,4 y más,2026-04-01,2026,2,2026-T2,17.128
16,Cuenca,Total,2021-01-01,2021,1,2021-T1,80.906
16,Cuenca,Total,2021-04-01,2021,2,2021-T2,81.142
16,Cuenca,Total,2021-07-01,2021,3,2021-T3,81.281
16,Cuenca,Total,2021-10-01,2021,4,2021-T4,81.502
16,Cuenca,Total,2022-01-01,2022,1,2022-T1,81.756
16,Cuenca,Total,2022-04-01,2022,2,2022-T2,81.795
16,Cuenca,Total,2022-07-01,2022,3,2022-T3,82.022
16,Cuenca,Total,2022-10-01,2022,4,2022-T4,82.362
16,Cuenca,Total,2023-01-01,2023,1,2023-T1,82.768
16,Cuenca,Total,2023-04-01,2023,2,2023-T2,82.862
16,Cuenca,Total,2023-07-01,2023,3,2023-T3,82.929
16,Cuenca,Total,2023-10-01,2023,4,2023-T4,83.116
16,Cuenca,Total,2024-01-01,2024,1,2024-T1,83.289
16,Cuenca,Total,2024-04-01,2024,2,2024-T2,83.147
16,Cuenca,Total,2024-07-01,2024,3,2024-T3,83.197
16,Cuenca,Total,2024-10-01,2024,4,2024-T4,83.46
16,Cuenca,Total,2025-01-01,2025,1,2025-T1,83.649
16,Cuenca,Total,2025-04-01,2025,2,2025-T2,83.767
16,Cuenca,Total,2025-07-01,2025,3,2025-T3,83.946
16,Cuenca,Total,2025-10-01,2025,4,2025-T4,84.227
16,Cuenca,Total,2026-01-01,2026,1,2026-T1,84.355
16,Cuenca,Total,2026-04-01,2026,2,2026-T2,84.373
10,Cáceres,1,2021-01-01,2021,1,2021-T1,55.556
10,Cáceres,1,2021-04-01,2021,2,2021-T2,55.922
10,Cáceres,1,2021-07-01,2021,3,2021-T3,56.363
10,Cáceres,1,2021-10-01,2021,4,2021-T4,56.865
10,Cáceres,1,2022-01-01,2022,1,2022-T1,57.346
10,Cáceres,1,2022-04-01,2022,2,2022-T2,57.532
10,Cáceres,1,2022-07-01,2022,3,2022-T3,57.85
10,Cáceres,1,2022-10-01,2022,4,2022-T4,58.234
10,Cáceres,1,2023-01-01,2023,1,2023-T1,58.604
10,Cáceres,1,2023-04-01,2023,2,2023-T2,58.745
10,Cáceres,1,2023-07-01,2023,3,2023-T3,58.974
10,Cáceres,1,2023-10-01,2023,4,2023-T4,59.21
10,Cáceres,1,2024-01-01,2024,1,2024-T1,59.406
10,Cáceres,1,2024-04-01,2024,2,2024-T2,59.445
10,Cáceres,1,2024-07-01,2024,3,2024-T3,59.533
10,Cáceres,1,2024-10-01,2024,4,2024-T4,59.771
10,Cáceres,1,2025-01-01,2025,1,2025-T1,60.025
10,Cáceres,1,2025-04-01,2025,2,2025-T2,60.174
10,Cáceres,1,2025-07-01,2025,3,2025-T3,60.373
10,Cáceres,1,2025-10-01,2025,4,2025-T4,60.664
10,Cáceres,1,2026-01-01,2026,1,2026-T1,60.879
10,Cáceres,1,2026-04-01,2026,2,2026-T2,61.001
10,Cáceres,2,2021-01-01,2021,1,2021-T1,48.479
10,Cáceres,2,2021-04-01,2021,2,2021-T2,48.708
10,Cáceres,2,2021-07-01,2021,3,2021-T3,49.007
10,Cáceres,2,2021-10-01,2021,4,2021-T4,49.174
10,Cáceres,2,2022-01-01,2022,1,2022-T1,49.341
10,Cáceres,2,2022-04-01,2022,2,2022-T2,49.37
10,Cáceres,2,2022-07-01,2022,3,2022-T3,49.481
10,Cáceres,2,2022-10-01,2022,4,2022-T4,49.715
10,Cáceres,2,2023-01-01,2023,1,2023-T1,49.929
10,Cáceres,2,2023-04-01,2023,2,2023-T2,50.042
10,Cáceres,2,2023-07-01,2023,3,2023-T3,50.23
10,Cáceres,2,2023-10-01,2023,4,2023-T4,50.303
10,Cáceres,2,2024-01-01,2024,1,2024-T1,50.328
10,Cáceres,2,2024-04-01,2024,2,2024-T2,50.443
10,Cáceres,2,2024-07-01,2024,3,2024-T3,50.608
10,Cáceres,2,2024-10-01,2024,4,2024-T4,50.747
10,Cáceres,2,2025-01-01,2025,1,2025-T1,50.907
10,Cáceres,2,2025-04-01,2025,2,2025-T2,51.005
10,Cáceres,2,2025-07-01,2025,3,2025-T3,51.139
10,Cáceres,2,2025-10-01,2025,4,2025-T4,51.366
10,Cáceres,2,2026-01-01,2026,1,2026-T1,51.541
10,Cáceres,2,2026-04-01,2026,2,2026-T2,51.652
10,Cáceres,3,2021-01-01,2021,1,2021-T1,32.281
10,Cáceres,3,2021-04-01,2021,2,2021-T2,32.144
10,Cáceres,3,2021-07-01,2021,3,2021-T3,32.031
10,Cáceres,3,2021-10-01,2021,4,2021-T4,31.898
10,Cáceres,3,2022-01-01,2022,1,2022-T1,31.783
10,Cáceres,3,2022-04-01,2022,2,2022-T2,31.655
10,Cáceres,3,2022-07-01,2022,3,2022-T3,31.594
10,Cáceres,3,2022-10-01,2022,4,2022-T4,31.566
10,Cáceres,3,2023-01-01,2023,1,2023-T1,31.503
10,Cáceres,3,2023-04-01,2023,2,2023-T2,31.517
10,Cáceres,3,2023-07-01,2023,3,2023-T3,31.533
10,Cáceres,3,2023-10-01,2023,4,2023-T4,31.55
10,Cáceres,3,2024-01-01,2024,1,2024-T1,31.537
10,Cáceres,3,2024-04-01,2024,2,2024-T2,31.475
10,Cáceres,3,2024-07-01,2024,3,2024-T3,31.425
10,Cáceres,3,2024-10-01,2024,4,2024-T4,31.365
10,Cáceres,3,2025-01-01,2025,1,2025-T1,31.334
10,Cáceres,3,2025-04-01,2025,2,2025-T2,31.311
10,Cáceres,3,2025-07-01,2025,3,2025-T3,31.302
10,Cáceres,3,2025-10-01,2025,4,2025-T4,31.301
10,Cáceres,3,2026-01-01,2026,1,2026-T1,31.279
10,Cáceres,3,2026-04-01,2026,2,2026-T2,31.228
10,Cáceres,4 y más,2021-01-01,2021,1,2021-T1,31.891
10,Cáceres,4 y más,2021-04-01,2021,2,2021-T2,31.638
10,Cáceres,4 y más,2021-07-01,2021,3,2021-T3,31.413
10,Cáceres,4 y más,2021-10-01,2021,4,2021-T4,31.238
10,Cáceres,4 y más,2022-01-01,2022,1,2022-T1,31.088
10,Cáceres,4 y más,2022-04-01,2022,2,2022-T2,30.905
10,Cáceres,4 y más,2022-07-01,2022,3,2022-T3,30.798
10,Cáceres,4 y más,2022-10-01,2022,4,2022-T4,30.625
10,Cáceres,4 y más,2023-01-01,2023,1,2023-T1,30.42
10,Cáceres,4 y más,2023-04-01,2023,2,2023-T2,30.315
10,Cáceres,4 y más,2023-07-01,2023,3,2023-T3,30.186
10,Cáceres,4 y más,2023-10-01,2023,4,2023-T4,30.143
10,Cáceres,4 y más,2024-01-01,2024,1,2024-T1,30.075
10,Cáceres,4 y más,2024-04-01,2024,2,2024-T2,29.955
10,Cáceres,4 y más,2024-07-01,2024,3,2024-T3,29.842
10,Cáceres,4 y más,2024-10-01,2024,4,2024-T4,29.745
10,Cáceres,4 y más,2025-01-01,2025,1,2025-T1,29.679
10,Cáceres,4 y más,2025-04-01,2025,2,2025-T2,29.606
10,Cáceres,4 y más,2025-07-01,2025,3,2025-T3,29.546
10,Cáceres,4 y más,2025-10-01,2025,4,2025-T4,29.469
10,Cáceres,4 y más,2026-01-01,2026,1,2026-T1,29.371
10,Cáceres,4 y más,2026-04-01,2026,2,2026-T2,29.243
10,Cáceres,Total,2021-01-01,2021,1,2021-T1,168.207
10,Cáceres,Total,2021-04-01,2021,2,2021-T2,168.412
10,Cáceres,Total,2021-07-01,2021,3,2021-T3,168.814
10,Cáceres,Total,2021-10-01,2021,4,2021-T4,169.175
10,Cáceres,Total,2022-01-01,2022,1,2022-T1,169.558
10,Cáceres,Total,2022-04-01,2022,2,2022-T2,169.462
10,Cáceres,Total,2022-07-01,2022,3,2022-T3,169.723
10,Cáceres,Total,2022-10-01,2022,4,2022-T4,170.14
10,Cáceres,Total,2023-01-01,2023,1,2023-T1,170.456
10,Cáceres,Total,2023-04-01,2023,2,2023-T2,170.619
10,Cáceres,Total,2023-07-01,2023,3,2023-T3,170.923
10,Cáceres,Total,2023-10-01,2023,4,2023-T4,171.206
10,Cáceres,Total,2024-01-01,2024,1,2024-T1,171.346
10,Cáceres,Total,2024-04-01,2024,2,2024-T2,171.318
10,Cáceres,Total,2024-07-01,2024,3,2024-T3,171.408
10,Cáceres,Total,2024-10-01,2024,4,2024-T4,171.628
10,Cáceres,Total,2025-01-01,2025,1,2025-T1,171.945
10,Cáceres,Total,2025-04-01,2025,2,2025-T2,172.096
10,Cáceres,Total,2025-07-01,2025,3,2025-T3,172.36
10,Cáceres,Total,2025-10-01,2025,4,2025-T4,172.8
10,Cáceres,Total,2026-01-01,2026,1,2026-T1,173.07
10,Cáceres,Total,2026-04-01,2026,2,2026-T2,173.124
11,Cádiz,1,2021-01-01,2021,1,2021-T1,109.943
11,Cádiz,1,2021-04-01,2021,2,2021-T2,111.268
11,Cádiz,1,2021-07-01,2021,3,2021-T3,112.863
11,Cádiz,1,2021-10-01,2021,4,2021-T4,114.238
11,Cádiz,1,2022-01-01,2022,1,2022-T1,115.495
11,Cádiz,1,2022-04-01,2022,2,2022-T2,116.358
11,Cádiz,1,2022-07-01,2022,3,2022-T3,117.348
11,Cádiz,1,2022-10-01,2022,4,2022-T4,118.32
11,Cádiz,1,2023-01-01,2023,1,2023-T1,119.303
11,Cádiz,1,2023-04-01,2023,2,2023-T2,119.702
11,Cádiz,1,2023-07-01,2023,3,2023-T3,120.234
11,Cádiz,1,2023-10-01,2023,4,2023-T4,121.093
11,Cádiz,1,2024-01-01,2024,1,2024-T1,121.819
11,Cádiz,1,2024-04-01,2024,2,2024-T2,122.48
11,Cádiz,1,2024-07-01,2024,3,2024-T3,123.267
11,Cádiz,1,2024-10-01,2024,4,2024-T4,124.094
11,Cádiz,1,2025-01-01,2025,1,2025-T1,124.805
11,Cádiz,1,2025-04-01,2025,2,2025-T2,125.701
11,Cádiz,1,2025-07-01,2025,3,2025-T3,126.68
11,Cádiz,1,2025-10-01,2025,4,2025-T4,127.851
11,Cádiz,1,2026-01-01,2026,1,2026-T1,128.89
11,Cádiz,1,2026-04-01,2026,2,2026-T2,129.867
11,Cádiz,2,2021-01-01,2021,1,2021-T1,124.311
11,Cádiz,2,2021-04-01,2021,2,2021-T2,125.385
11,Cádiz,2,2021-07-01,2021,3,2021-T3,126.688
11,Cádiz,2,2021-10-01,2021,4,2021-T4,127.847
11,Cádiz,2,2022-01-01,2022,1,2022-T1,128.955
11,Cádiz,2,2022-04-01,2022,2,2022-T2,129.6
11,Cádiz,2,2022-07-01,2022,3,2022-T3,130.315
11,Cádiz,2,2022-10-01,2022,4,2022-T4,131.271
11,Cádiz,2,2023-01-01,2023,1,2023-T1,132.214
11,Cádiz,2,2023-04-01,2023,2,2023-T2,132.785
11,Cádiz,2,2023-07-01,2023,3,2023-T3,133.446
11,Cádiz,2,2023-10-01,2023,4,2023-T4,133.996
11,Cádiz,2,2024-01-01,2024,1,2024-T1,134.4
11,Cádiz,2,2024-04-01,2024,2,2024-T2,134.884
11,Cádiz,2,2024-07-01,2024,3,2024-T3,135.47
11,Cádiz,2,2024-10-01,2024,4,2024-T4,136.083
11,Cádiz,2,2025-01-01,2025,1,2025-T1,136.555
11,Cádiz,2,2025-04-01,2025,2,2025-T2,137.304
11,Cádiz,2,2025-07-01,2025,3,2025-T3,138.11
11,Cádiz,2,2025-10-01,2025,4,2025-T4,139.136
11,Cádiz,2,2026-01-01,2026,1,2026-T1,140.019
11,Cádiz,2,2026-04-01,2026,2,2026-T2,140.778
11,Cádiz,3,2021-01-01,2021,1,2021-T1,105.884
11,Cádiz,3,2021-04-01,2021,2,2021-T2,105.71
11,Cádiz,3,2021-07-01,2021,3,2021-T3,105.635
11,Cádiz,3,2021-10-01,2021,4,2021-T4,105.526
11,Cádiz,3,2022-01-01,2022,1,2022-T1,105.337
11,Cádiz,3,2022-04-01,2022,2,2022-T2,105.308
11,Cádiz,3,2022-07-01,2022,3,2022-T3,105.367
11,Cádiz,3,2022-10-01,2022,4,2022-T4,105.599
11,Cádiz,3,2023-01-01,2023,1,2023-T1,105.732
11,Cádiz,3,2023-04-01,2023,2,2023-T2,105.886
11,Cádiz,3,2023-07-01,2023,3,2023-T3,106.08
11,Cádiz,3,2023-10-01,2023,4,2023-T4,106.252
11,Cádiz,3,2024-01-01,2024,1,2024-T1,106.309
11,Cádiz,3,2024-04-01,2024,2,2024-T2,106.407
11,Cádiz,3,2024-07-01,2024,3,2024-T3,106.591
11,Cádiz,3,2024-10-01,2024,4,2024-T4,106.935
11,Cádiz,3,2025-01-01,2025,1,2025-T1,107.162
11,Cádiz,3,2025-04-01,2025,2,2025-T2,107.325
11,Cádiz,3,2025-07-01,2025,3,2025-T3,107.486
11,Cádiz,3,2025-10-01,2025,4,2025-T4,107.596
11,Cádiz,3,2026-01-01,2026,1,2026-T1,107.578
11,Cádiz,3,2026-04-01,2026,2,2026-T2,107.608
11,Cádiz,4 y más,2021-01-01,2021,1,2021-T1,128.34
11,Cádiz,4 y más,2021-04-01,2021,2,2021-T2,127.526
11,Cádiz,4 y más,2021-07-01,2021,3,2021-T3,126.792
11,Cádiz,4 y más,2021-10-01,2021,4,2021-T4,126.239
11,Cádiz,4 y más,2022-01-01,2022,1,2022-T1,125.567
11,Cádiz,4 y más,2022-04-01,2022,2,2022-T2,125.121
11,Cádiz,4 y más,2022-07-01,2022,3,2022-T3,124.786
11,Cádiz,4 y más,2022-10-01,2022,4,2022-T4,124.327
11,Cádiz,4 y más,2023-01-01,2023,1,2023-T1,123.704
11,Cádiz,4 y más,2023-04-01,2023,2,2023-T2,123.352
11,Cádiz,4 y más,2023-07-01,2023,3,2023-T3,123.017
11,Cádiz,4 y más,2023-10-01,2023,4,2023-T4,122.862
11,Cádiz,4 y más,2024-01-01,2024,1,2024-T1,122.574
11,Cádiz,4 y más,2024-04-01,2024,2,2024-T2,122.172
11,Cádiz,4 y más,2024-07-01,2024,3,2024-T3,121.84
11,Cádiz,4 y más,2024-10-01,2024,4,2024-T4,121.552
11,Cádiz,4 y más,2025-01-01,2025,1,2025-T1,121.1
11,Cádiz,4 y más,2025-04-01,2025,2,2025-T2,120.755
11,Cádiz,4 y más,2025-07-01,2025,3,2025-T3,120.371
11,Cádiz,4 y más,2025-10-01,2025,4,2025-T4,120.043
11,Cádiz,4 y más,2026-01-01,2026,1,2026-T1,119.559
11,Cádiz,4 y más,2026-04-01,2026,2,2026-T2,119.11
11,Cádiz,Total,2021-01-01,2021,1,2021-T1,468.478
11,Cádiz,Total,2021-04-01,2021,2,2021-T2,469.889
11,Cádiz,Total,2021-07-01,2021,3,2021-T3,471.978
11,Cádiz,Total,2021-10-01,2021,4,2021-T4,473.85
11,Cádiz,Total,2022-01-01,2022,1,2022-T1,475.354
11,Cádiz,Total,2022-04-01,2022,2,2022-T2,476.387
11,Cádiz,Total,2022-07-01,2022,3,2022-T3,477.816
11,Cádiz,Total,2022-10-01,2022,4,2022-T4,479.517
11,Cádiz,Total,2023-01-01,2023,1,2023-T1,480.953
11,Cádiz,Total,2023-04-01,2023,2,2023-T2,481.725
11,Cádiz,Total,2023-07-01,2023,3,2023-T3,482.777
11,Cádiz,Total,2023-10-01,2023,4,2023-T4,484.203
11,Cádiz,Total,2024-01-01,2024,1,2024-T1,485.102
11,Cádiz,Total,2024-04-01,2024,2,2024-T2,485.943
11,Cádiz,Total,2024-07-01,2024,3,2024-T3,487.168
11,Cádiz,Total,2024-10-01,2024,4,2024-T4,488.664
11,Cádiz,Total,2025-01-01,2025,1,2025-T1,489.622
11,Cádiz,Total,2025-04-01,2025,2,2025-T2,491.085
11,Cádiz,Total,2025-07-01,2025,3,2025-T3,492.647
11,Cádiz,Total,2025-10-01,2025,4,2025-T4,494.626
11,Cádiz,Total,2026-01-01,2026,1,2026-T1,496.046
11,Cádiz,Total,2026-04-01,2026,2,2026-T2,497.363
14,Córdoba,1,2021-01-01,2021,1,2021-T1,75.438
14,Córdoba,1,2021-04-01,2021,2,2021-T2,76.268
14,Córdoba,1,2021-07-01,2021,3,2021-T3,77.212
14,Córdoba,1,2021-10-01,2021,4,2021-T4,77.933
14,Córdoba,1,2022-01-01,2022,1,2022-T1,78.675
14,Córdoba,1,2022-04-01,2022,2,2022-T2,79.135
14,Córdoba,1,2022-07-01,2022,3,2022-T3,79.668
14,Córdoba,1,2022-10-01,2022,4,2022-T4,80.332
14,Córdoba,1,2023-01-01,2023,1,2023-T1,81.043
14,Córdoba,1,2023-04-01,2023,2,2023-T2,81.516
14,Córdoba,1,2023-07-01,2023,3,2023-T3,82.1
14,Córdoba,1,2023-10-01,2023,4,2023-T4,82.367
14,Córdoba,1,2024-01-01,2024,1,2024-T1,82.623
14,Córdoba,1,2024-04-01,2024,2,2024-T2,82.948
14,Córdoba,1,2024-07-01,2024,3,2024-T3,83.442
14,Córdoba,1,2024-10-01,2024,4,2024-T4,83.929
14,Córdoba,1,2025-01-01,2025,1,2025-T1,84.264
14,Córdoba,1,2025-04-01,2025,2,2025-T2,84.457
14,Córdoba,1,2025-07-01,2025,3,2025-T3,84.724
14,Córdoba,1,2025-10-01,2025,4,2025-T4,85.399
14,Córdoba,1,2026-01-01,2026,1,2026-T1,86.075
14,Córdoba,1,2026-04-01,2026,2,2026-T2,86.588
14,Córdoba,2,2021-01-01,2021,1,2021-T1,83.655
14,Córdoba,2,2021-04-01,2021,2,2021-T2,84.148
14,Córdoba,2,2021-07-01,2021,3,2021-T3,84.741
14,Córdoba,2,2021-10-01,2021,4,2021-T4,85.331
14,Córdoba,2,2022-01-01,2022,1,2022-T1,85.993
14,Córdoba,2,2022-04-01,2022,2,2022-T2,86.127
14,Córdoba,2,2022-07-01,2022,3,2022-T3,86.313
14,Córdoba,2,2022-10-01,2022,4,2022-T4,87.095
14,Córdoba,2,2023-01-01,2023,1,2023-T1,87.915
14,Córdoba,2,2023-04-01,2023,2,2023-T2,88.493
14,Córdoba,2,2023-07-01,2023,3,2023-T3,89.16
14,Córdoba,2,2023-10-01,2023,4,2023-T4,89.358
14,Córdoba,2,2024-01-01,2024,1,2024-T1,89.533
14,Córdoba,2,2024-04-01,2024,2,2024-T2,89.793
14,Córdoba,2,2024-07-01,2024,3,2024-T3,90.224
14,Córdoba,2,2024-10-01,2024,4,2024-T4,90.543
14,Córdoba,2,2025-01-01,2025,1,2025-T1,90.713
14,Córdoba,2,2025-04-01,2025,2,2025-T2,90.985
14,Córdoba,2,2025-07-01,2025,3,2025-T3,91.304
14,Córdoba,2,2025-10-01,2025,4,2025-T4,91.766
14,Córdoba,2,2026-01-01,2026,1,2026-T1,92.226
14,Córdoba,2,2026-04-01,2026,2,2026-T2,92.506
14,Córdoba,3,2021-01-01,2021,1,2021-T1,62.625
14,Córdoba,3,2021-04-01,2021,2,2021-T2,62.434
14,Córdoba,3,2021-07-01,2021,3,2021-T3,62.28
14,Córdoba,3,2021-10-01,2021,4,2021-T4,62.126
14,Córdoba,3,2022-01-01,2022,1,2022-T1,62.073
14,Córdoba,3,2022-04-01,2022,2,2022-T2,62.032
14,Córdoba,3,2022-07-01,2022,3,2022-T3,62.034
14,Córdoba,3,2022-10-01,2022,4,2022-T4,62.022
14,Córdoba,3,2023-01-01,2023,1,2023-T1,62.063
14,Córdoba,3,2023-04-01,2023,2,2023-T2,62.069
14,Córdoba,3,2023-07-01,2023,3,2023-T3,62.093
14,Córdoba,3,2023-10-01,2023,4,2023-T4,62.048
14,Córdoba,3,2024-01-01,2024,1,2024-T1,62.022
14,Córdoba,3,2024-04-01,2024,2,2024-T2,61.886
14,Córdoba,3,2024-07-01,2024,3,2024-T3,61.852
14,Córdoba,3,2024-10-01,2024,4,2024-T4,61.86
14,Córdoba,3,2025-01-01,2025,1,2025-T1,61.789
14,Córdoba,3,2025-04-01,2025,2,2025-T2,61.821
14,Córdoba,3,2025-07-01,2025,3,2025-T3,61.857
14,Córdoba,3,2025-10-01,2025,4,2025-T4,61.754
14,Córdoba,3,2026-01-01,2026,1,2026-T1,61.656
14,Córdoba,3,2026-04-01,2026,2,2026-T2,61.518
14,Córdoba,4 y más,2021-01-01,2021,1,2021-T1,77.691
14,Córdoba,4 y más,2021-04-01,2021,2,2021-T2,77.107
14,Córdoba,4 y más,2021-07-01,2021,3,2021-T3,76.566
14,Córdoba,4 y más,2021-10-01,2021,4,2021-T4,76.05
14,Córdoba,4 y más,2022-01-01,2022,1,2022-T1,75.666
14,Córdoba,4 y más,2022-04-01,2022,2,2022-T2,75.281
14,Córdoba,4 y más,2022-07-01,2022,3,2022-T3,74.971
14,Córdoba,4 y más,2022-10-01,2022,4,2022-T4,74.393
14,Córdoba,4 y más,2023-01-01,2023,1,2023-T1,73.885
14,Córdoba,4 y más,2023-04-01,2023,2,2023-T2,73.48
14,Córdoba,4 y más,2023-07-01,2023,3,2023-T3,73.079
14,Córdoba,4 y más,2023-10-01,2023,4,2023-T4,72.854
14,Córdoba,4 y más,2024-01-01,2024,1,2024-T1,72.675
14,Córdoba,4 y más,2024-04-01,2024,2,2024-T2,72.291
14,Córdoba,4 y más,2024-07-01,2024,3,2024-T3,72.008
14,Córdoba,4 y más,2024-10-01,2024,4,2024-T4,71.839
14,Córdoba,4 y más,2025-01-01,2025,1,2025-T1,71.575
14,Córdoba,4 y más,2025-04-01,2025,2,2025-T2,71.359
14,Córdoba,4 y más,2025-07-01,2025,3,2025-T3,71.138
14,Córdoba,4 y más,2025-10-01,2025,4,2025-T4,70.788
14,Córdoba,4 y más,2026-01-01,2026,1,2026-T1,70.449
14,Córdoba,4 y más,2026-04-01,2026,2,2026-T2,70.054
14,Córdoba,Total,2021-01-01,2021,1,2021-T1,299.409
14,Córdoba,Total,2021-04-01,2021,2,2021-T2,299.957
14,Córdoba,Total,2021-07-01,2021,3,2021-T3,300.799
14,Córdoba,Total,2021-10-01,2021,4,2021-T4,301.44
14,Córdoba,Total,2022-01-01,2022,1,2022-T1,302.407
14,Córdoba,Total,2022-04-01,2022,2,2022-T2,302.575
14,Córdoba,Total,2022-07-01,2022,3,2022-T3,302.986
14,Córdoba,Total,2022-10-01,2022,4,2022-T4,303.842
14,Córdoba,Total,2023-01-01,2023,1,2023-T1,304.906
14,Córdoba,Total,2023-04-01,2023,2,2023-T2,305.558
14,Córdoba,Total,2023-07-01,2023,3,2023-T3,306.432
14,Córdoba,Total,2023-10-01,2023,4,2023-T4,306.627
14,Córdoba,Total,2024-01-01,2024,1,2024-T1,306.853
14,Córdoba,Total,2024-04-01,2024,2,2024-T2,306.918
14,Córdoba,Total,2024-07-01,2024,3,2024-T3,307.526
14,Córdoba,Total,2024-10-01,2024,4,2024-T4,308.171
14,Córdoba,Total,2025-01-01,2025,1,2025-T1,308.341
14,Córdoba,Total,2025-04-01,2025,2,2025-T2,308.622
14,Córdoba,Total,2025-07-01,2025,3,2025-T3,309.023
14,Córdoba,Total,2025-10-01,2025,4,2025-T4,309.707
14,Córdoba,Total,2026-01-01,2026,1,2026-T1,310.406
14,Córdoba,Total,2026-04-01,2026,2,2026-T2,310.666
20,Gipuzkoa,1,2021-01-01,2021,1,2021-T1,87.471
20,Gipuzkoa,1,2021-04-01,2021,2,2021-T2,88.261
20,Gipuzkoa,1,2021-07-01,2021,3,2021-T3,89.118
20,Gipuzkoa,1,2021-10-01,2021,4,2021-T4,89.688
20,Gipuzkoa,1,2022-01-01,2022,1,2022-T1,90.171
20,Gipuzkoa,1,2022-04-01,2022,2,2022-T2,90.639
20,Gipuzkoa,1,2022-07-01,2022,3,2022-T3,91.256
20,Gipuzkoa,1,2022-10-01,2022,4,2022-T4,91.763
20,Gipuzkoa,1,2023-01-01,2023,1,2023-T1,92.273
20,Gipuzkoa,1,2023-04-01,2023,2,2023-T2,92.259
20,Gipuzkoa,1,2023-07-01,2023,3,2023-T3,92.324
20,Gipuzkoa,1,2023-10-01,2023,4,2023-T4,92.866
20,Gipuzkoa,1,2024-01-01,2024,1,2024-T1,93.39
20,Gipuzkoa,1,2024-04-01,2024,2,2024-T2,93.868
20,Gipuzkoa,1,2024-07-01,2024,3,2024-T3,94.52
20,Gipuzkoa,1,2024-10-01,2024,4,2024-T4,95.307
20,Gipuzkoa,1,2025-01-01,2025,1,2025-T1,95.968
20,Gipuzkoa,1,2025-04-01,2025,2,2025-T2,96.271
20,Gipuzkoa,1,2025-07-01,2025,3,2025-T3,96.715
20,Gipuzkoa,1,2025-10-01,2025,4,2025-T4,97.445
20,Gipuzkoa,1,2026-01-01,2026,1,2026-T1,98.055
20,Gipuzkoa,1,2026-04-01,2026,2,2026-T2,98.536
20,Gipuzkoa,2,2021-01-01,2021,1,2021-T1,90.104
20,Gipuzkoa,2,2021-04-01,2021,2,2021-T2,90.491
20,Gipuzkoa,2,2021-07-01,2021,3,2021-T3,90.948
20,Gipuzkoa,2,2021-10-01,2021,4,2021-T4,91.31
20,Gipuzkoa,2,2022-01-01,2022,1,2022-T1,91.591
20,Gipuzkoa,2,2022-04-01,2022,2,2022-T2,91.482
20,Gipuzkoa,2,2022-07-01,2022,3,2022-T3,91.498
20,Gipuzkoa,2,2022-10-01,2022,4,2022-T4,91.754
20,Gipuzkoa,2,2023-01-01,2023,1,2023-T1,91.987
20,Gipuzkoa,2,2023-04-01,2023,2,2023-T2,92.115
20,Gipuzkoa,2,2023-07-01,2023,3,2023-T3,92.311
20,Gipuzkoa,2,2023-10-01,2023,4,2023-T4,92.432
20,Gipuzkoa,2,2024-01-01,2024,1,2024-T1,92.487
20,Gipuzkoa,2,2024-04-01,2024,2,2024-T2,92.641
20,Gipuzkoa,2,2024-07-01,2024,3,2024-T3,92.955
20,Gipuzkoa,2,2024-10-01,2024,4,2024-T4,93.214
20,Gipuzkoa,2,2025-01-01,2025,1,2025-T1,93.323
20,Gipuzkoa,2,2025-04-01,2025,2,2025-T2,93.311
20,Gipuzkoa,2,2025-07-01,2025,3,2025-T3,93.383
20,Gipuzkoa,2,2025-10-01,2025,4,2025-T4,93.633
20,Gipuzkoa,2,2026-01-01,2026,1,2026-T1,93.788
20,Gipuzkoa,2,2026-04-01,2026,2,2026-T2,93.965
20,Gipuzkoa,3,2021-01-01,2021,1,2021-T1,54.841
20,Gipuzkoa,3,2021-04-01,2021,2,2021-T2,54.576
20,Gipuzkoa,3,2021-07-01,2021,3,2021-T3,54.329
20,Gipuzkoa,3,2021-10-01,2021,4,2021-T4,54.223
20,Gipuzkoa,3,2022-01-01,2022,1,2022-T1,54.114
20,Gipuzkoa,3,2022-04-01,2022,2,2022-T2,53.995
20,Gipuzkoa,3,2022-07-01,2022,3,2022-T3,53.926
20,Gipuzkoa,3,2022-10-01,2022,4,2022-T4,53.793
20,Gipuzkoa,3,2023-01-01,2023,1,2023-T1,53.668
20,Gipuzkoa,3,2023-04-01,2023,2,2023-T2,53.544
20,Gipuzkoa,3,2023-07-01,2023,3,2023-T3,53.439
20,Gipuzkoa,3,2023-10-01,2023,4,2023-T4,53.363
20,Gipuzkoa,3,2024-01-01,2024,1,2024-T1,53.302
20,Gipuzkoa,3,2024-04-01,2024,2,2024-T2,53.282
20,Gipuzkoa,3,2024-07-01,2024,3,2024-T3,53.345
20,Gipuzkoa,3,2024-10-01,2024,4,2024-T4,53.27
20,Gipuzkoa,3,2025-01-01,2025,1,2025-T1,53.133
20,Gipuzkoa,3,2025-04-01,2025,2,2025-T2,53.14
20,Gipuzkoa,3,2025-07-01,2025,3,2025-T3,53.176
20,Gipuzkoa,3,2025-10-01,2025,4,2025-T4,53.179
20,Gipuzkoa,3,2026-01-01,2026,1,2026-T1,53.144
20,Gipuzkoa,3,2026-04-01,2026,2,2026-T2,53.112
20,Gipuzkoa,4 y más,2021-01-01,2021,1,2021-T1,65.994
20,Gipuzkoa,4 y más,2021-04-01,2021,2,2021-T2,65.557
20,Gipuzkoa,4 y más,2021-07-01,2021,3,2021-T3,65.13
20,Gipuzkoa,4 y más,2021-10-01,2021,4,2021-T4,64.943
20,Gipuzkoa,4 y más,2022-01-01,2022,1,2022-T1,64.768
20,Gipuzkoa,4 y más,2022-04-01,2022,2,2022-T2,64.711
20,Gipuzkoa,4 y más,2022-07-01,2022,3,2022-T3,64.685
20,Gipuzkoa,4 y más,2022-10-01,2022,4,2022-T4,64.736
20,Gipuzkoa,4 y más,2023-01-01,2023,1,2023-T1,64.806
20,Gipuzkoa,4 y más,2023-04-01,2023,2,2023-T2,64.845
20,Gipuzkoa,4 y más,2023-07-01,2023,3,2023-T3,64.887
20,Gipuzkoa,4 y más,2023-10-01,2023,4,2023-T4,64.951
20,Gipuzkoa,4 y más,2024-01-01,2024,1,2024-T1,65.065
20,Gipuzkoa,4 y más,2024-04-01,2024,2,2024-T2,64.933
20,Gipuzkoa,4 y más,2024-07-01,2024,3,2024-T3,64.886
20,Gipuzkoa,4 y más,2024-10-01,2024,4,2024-T4,64.855
20,Gipuzkoa,4 y más,2025-01-01,2025,1,2025-T1,64.769
20,Gipuzkoa,4 y más,2025-04-01,2025,2,2025-T2,64.663
20,Gipuzkoa,4 y más,2025-07-01,2025,3,2025-T3,64.579
20,Gipuzkoa,4 y más,2025-10-01,2025,4,2025-T4,64.413
20,Gipuzkoa,4 y más,2026-01-01,2026,1,2026-T1,64.211
20,Gipuzkoa,4 y más,2026-04-01,2026,2,2026-T2,63.982
20,Gipuzkoa,Total,2021-01-01,2021,1,2021-T1,298.41
20,Gipuzkoa,Total,2021-04-01,2021,2,2021-T2,298.885
20,Gipuzkoa,Total,2021-07-01,2021,3,2021-T3,299.525
20,Gipuzkoa,Total,2021-10-01,2021,4,2021-T4,300.164
20,Gipuzkoa,Total,2022-01-01,2022,1,2022-T1,300.644
20,Gipuzkoa,Total,2022-04-01,2022,2,2022-T2,300.827
20,Gipuzkoa,Total,2022-07-01,2022,3,2022-T3,301.365
20,Gipuzkoa,Total,2022-10-01,2022,4,2022-T4,302.046
20,Gipuzkoa,Total,2023-01-01,2023,1,2023-T1,302.734
20,Gipuzkoa,Total,2023-04-01,2023,2,2023-T2,302.763
20,Gipuzkoa,Total,2023-07-01,2023,3,2023-T3,302.961
20,Gipuzkoa,Total,2023-10-01,2023,4,2023-T4,303.612
20,Gipuzkoa,Total,2024-01-01,2024,1,2024-T1,304.244
20,Gipuzkoa,Total,2024-04-01,2024,2,2024-T2,304.724
20,Gipuzkoa,Total,2024-07-01,2024,3,2024-T3,305.706
20,Gipuzkoa,Total,2024-10-01,2024,4,2024-T4,306.646
20,Gipuzkoa,Total,2025-01-01,2025,1,2025-T1,307.193
20,Gipuzkoa,Total,2025-04-01,2025,2,2025-T2,307.385
20,Gipuzkoa,Total,2025-07-01,2025,3,2025-T3,307.853
20,Gipuzkoa,Total,2025-10-01,2025,4,2025-T4,308.67
20,Gipuzkoa,Total,2026-01-01,2026,1,2026-T1,309.198
20,Gipuzkoa,Total,2026-04-01,2026,2,2026-T2,309.595
17,Girona,1,2021-01-01,2021,1,2021-T1,77.991
17,Girona,1,2021-04-01,2021,2,2021-T2,78.865
17,Girona,1,2021-07-01,2021,3,2021-T3,79.714
17,Girona,1,2021-10-01,2021,4,2021-T4,80.791
17,Girona,1,2022-01-01,2022,1,2022-T1,81.669
17,Girona,1,2022-04-01,2022,2,2022-T2,82.26
17,Girona,1,2022-07-01,2022,3,2022-T3,82.859
17,Girona,1,2022-10-01,2022,4,2022-T4,83.378
17,Girona,1,2023-01-01,2023,1,2023-T1,83.737
17,Girona,1,2023-04-01,2023,2,2023-T2,83.995
17,Girona,1,2023-07-01,2023,3,2023-T3,84.336
17,Girona,1,2023-10-01,2023,4,2023-T4,84.8
17,Girona,1,2024-01-01,2024,1,2024-T1,85.034
17,Girona,1,2024-04-01,2024,2,2024-T2,85.324
17,Girona,1,2024-07-01,2024,3,2024-T3,85.826
17,Girona,1,2024-10-01,2024,4,2024-T4,86.232
17,Girona,1,2025-01-01,2025,1,2025-T1,86.502
17,Girona,1,2025-04-01,2025,2,2025-T2,86.9
17,Girona,1,2025-07-01,2025,3,2025-T3,87.417
17,Girona,1,2025-10-01,2025,4,2025-T4,87.96
17,Girona,1,2026-01-01,2026,1,2026-T1,88.271
17,Girona,1,2026-04-01,2026,2,2026-T2,88.601
17,Girona,2,2021-01-01,2021,1,2021-T1,83.399
17,Girona,2,2021-04-01,2021,2,2021-T2,84.43
17,Girona,2,2021-07-01,2021,3,2021-T3,85.416
17,Girona,2,2021-10-01,2021,4,2021-T4,86.368
17,Girona,2,2022-01-01,2022,1,2022-T1,87.118
17,Girona,2,2022-04-01,2022,2,2022-T2,87.543
17,Girona,2,2022-07-01,2022,3,2022-T3,87.921
17,Girona,2,2022-10-01,2022,4,2022-T4,88.476
17,Girona,2,2023-01-01,2023,1,2023-T1,88.855
17,Girona,2,2023-04-01,2023,2,2023-T2,89.234
17,Girona,2,2023-07-01,2023,3,2023-T3,89.652
17,Girona,2,2023-10-01,2023,4,2023-T4,90.024
17,Girona,2,2024-01-01,2024,1,2024-T1,90.178
17,Girona,2,2024-04-01,2024,2,2024-T2,90.62
17,Girona,2,2024-07-01,2024,3,2024-T3,91.235
17,Girona,2,2024-10-01,2024,4,2024-T4,91.625
17,Girona,2,2025-01-01,2025,1,2025-T1,91.828
17,Girona,2,2025-04-01,2025,2,2025-T2,92.154
17,Girona,2,2025-07-01,2025,3,2025-T3,92.588
17,Girona,2,2025-10-01,2025,4,2025-T4,93.104
17,Girona,2,2026-01-01,2026,1,2026-T1,93.363
17,Girona,2,2026-04-01,2026,2,2026-T2,93.658
17,Girona,3,2021-01-01,2021,1,2021-T1,60.139
17,Girona,3,2021-04-01,2021,2,2021-T2,60.077
17,Girona,3,2021-07-01,2021,3,2021-T3,59.988
17,Girona,3,2021-10-01,2021,4,2021-T4,60.185
17,Girona,3,2022-01-01,2022,1,2022-T1,60.278
17,Girona,3,2022-04-01,2022,2,2022-T2,60.347
17,Girona,3,2022-07-01,2022,3,2022-T3,60.372
17,Girona,3,2022-10-01,2022,4,2022-T4,60.69
17,Girona,3,2023-01-01,2023,1,2023-T1,60.888
17,Girona,3,2023-04-01,2023,2,2023-T2,60.992
17,Girona,3,2023-07-01,2023,3,2023-T3,61.104
17,Girona,3,2023-10-01,2023,4,2023-T4,61.383
17,Girona,3,2024-01-01,2024,1,2024-T1,61.523
17,Girona,3,2024-04-01,2024,2,2024-T2,61.63
17,Girona,3,2024-07-01,2024,3,2024-T3,61.865
17,Girona,3,2024-10-01,2024,4,2024-T4,62.031
17,Girona,3,2025-01-01,2025,1,2025-T1,62.055
17,Girona,3,2025-04-01,2025,2,2025-T2,62.103
17,Girona,3,2025-07-01,2025,3,2025-T3,62.198
17,Girona,3,2025-10-01,2025,4,2025-T4,62.346
17,Girona,3,2026-01-01,2026,1,2026-T1,62.312
17,Girona,3,2026-04-01,2026,2,2026-T2,62.329
17,Girona,4 y más,2021-01-01,2021,1,2021-T1,77.397
17,Girona,4 y más,2021-04-01,2021,2,2021-T2,77.017
17,Girona,4 y más,2021-07-01,2021,3,2021-T3,76.617
17,Girona,4 y más,2021-10-01,2021,4,2021-T4,76.553
17,Girona,4 y más,2022-01-01,2022,1,2022-T1,76.366
17,Girona,4 y más,2022-04-01,2022,2,2022-T2,76.679
17,Girona,4 y más,2022-07-01,2022,3,2022-T3,76.91
17,Girona,4 y más,2022-10-01,2022,4,2022-T4,77.392
17,Girona,4 y más,2023-01-01,2023,1,2023-T1,77.708
17,Girona,4 y más,2023-04-01,2023,2,2023-T2,77.716
17,Girona,4 y más,2023-07-01,2023,3,2023-T3,77.708
17,Girona,4 y más,2023-10-01,2023,4,2023-T4,78.169
17,Girona,4 y más,2024-01-01,2024,1,2024-T1,78.442
17,Girona,4 y más,2024-04-01,2024,2,2024-T2,78.358
17,Girona,4 y más,2024-07-01,2024,3,2024-T3,78.421
17,Girona,4 y más,2024-10-01,2024,4,2024-T4,78.709
17,Girona,4 y más,2025-01-01,2025,1,2025-T1,78.784
17,Girona,4 y más,2025-04-01,2025,2,2025-T2,78.97
17,Girona,4 y más,2025-07-01,2025,3,2025-T3,79.195
17,Girona,4 y más,2025-10-01,2025,4,2025-T4,79.255
17,Girona,4 y más,2026-01-01,2026,1,2026-T1,79.075
17,Girona,4 y más,2026-04-01,2026,2,2026-T2,78.971
17,Girona,Total,2021-01-01,2021,1,2021-T1,298.926
17,Girona,Total,2021-04-01,2021,2,2021-T2,300.389
17,Girona,Total,2021-07-01,2021,3,2021-T3,301.735
17,Girona,Total,2021-10-01,2021,4,2021-T4,303.897
17,Girona,Total,2022-01-01,2022,1,2022-T1,305.431
17,Girona,Total,2022-04-01,2022,2,2022-T2,306.829
17,Girona,Total,2022-07-01,2022,3,2022-T3,308.062
17,Girona,Total,2022-10-01,2022,4,2022-T4,309.936
17,Girona,Total,2023-01-01,2023,1,2023-T1,311.188
17,Girona,Total,2023-04-01,2023,2,2023-T2,311.937
17,Girona,Total,2023-07-01,2023,3,2023-T3,312.8
17,Girona,Total,2023-10-01,2023,4,2023-T4,314.376
17,Girona,Total,2024-01-01,2024,1,2024-T1,315.177
17,Girona,Total,2024-04-01,2024,2,2024-T2,315.932
17,Girona,Total,2024-07-01,2024,3,2024-T3,317.347
17,Girona,Total,2024-10-01,2024,4,2024-T4,318.597
17,Girona,Total,2025-01-01,2025,1,2025-T1,319.169
17,Girona,Total,2025-04-01,2025,2,2025-T2,320.127
17,Girona,Total,2025-07-01,2025,3,2025-T3,321.398
17,Girona,Total,2025-10-01,2025,4,2025-T4,322.665
17,Girona,Total,2026-01-01,2026,1,2026-T1,323.021
17,Girona,Total,2026-04-01,2026,2,2026-T2,323.559
18,Granada,1,2021-01-01,2021,1,2021-T1,106.637
18,Granada,1,2021-04-01,2021,2,2021-T2,107.877
18,Granada,1,2021-07-01,2021,3,2021-T3,109.252
18,Granada,1,2021-10-01,2021,4,2021-T4,110.29
18,Granada,1,2022-01-01,2022,1,2022-T1,111.306
18,Granada,1,2022-04-01,2022,2,2022-T2,112.017
18,Granada,1,2022-07-01,2022,3,2022-T3,112.854
18,Granada,1,2022-10-01,2022,4,2022-T4,113.769
18,Granada,1,2023-01-01,2023,1,2023-T1,114.81
18,Granada,1,2023-04-01,2023,2,2023-T2,115.284
18,Granada,1,2023-07-01,2023,3,2023-T3,115.849
18,Granada,1,2023-10-01,2023,4,2023-T4,116.489
18,Granada,1,2024-01-01,2024,1,2024-T1,117.193
18,Granada,1,2024-04-01,2024,2,2024-T2,117.956
18,Granada,1,2024-07-01,2024,3,2024-T3,118.849
18,Granada,1,2024-10-01,2024,4,2024-T4,119.425
18,Granada,1,2025-01-01,2025,1,2025-T1,120.024
18,Granada,1,2025-04-01,2025,2,2025-T2,120.471
18,Granada,1,2025-07-01,2025,3,2025-T3,121.203
18,Granada,1,2025-10-01,2025,4,2025-T4,121.923
18,Granada,1,2026-01-01,2026,1,2026-T1,122.631
18,Granada,1,2026-04-01,2026,2,2026-T2,123.059
18,Granada,2,2021-01-01,2021,1,2021-T1,99.993
18,Granada,2,2021-04-01,2021,2,2021-T2,100.677
18,Granada,2,2021-07-01,2021,3,2021-T3,101.446
18,Granada,2,2021-10-01,2021,4,2021-T4,102.207
18,Granada,2,2022-01-01,2022,1,2022-T1,102.962
18,Granada,2,2022-04-01,2022,2,2022-T2,103.276
18,Granada,2,2022-07-01,2022,3,2022-T3,103.678
18,Granada,2,2022-10-01,2022,4,2022-T4,104.523
18,Granada,2,2023-01-01,2023,1,2023-T1,105.474
18,Granada,2,2023-04-01,2023,2,2023-T2,106.039
18,Granada,2,2023-07-01,2023,3,2023-T3,106.627
18,Granada,2,2023-10-01,2023,4,2023-T4,107.063
18,Granada,2,2024-01-01,2024,1,2024-T1,107.521
18,Granada,2,2024-04-01,2024,2,2024-T2,107.981
18,Granada,2,2024-07-01,2024,3,2024-T3,108.533
18,Granada,2,2024-10-01,2024,4,2024-T4,109.065
18,Granada,2,2025-01-01,2025,1,2025-T1,109.558
18,Granada,2,2025-04-01,2025,2,2025-T2,110.004
18,Granada,2,2025-07-01,2025,3,2025-T3,110.671
18,Granada,2,2025-10-01,2025,4,2025-T4,111.483
18,Granada,2,2026-01-01,2026,1,2026-T1,112.291
18,Granada,2,2026-04-01,2026,2,2026-T2,112.846
18,Granada,3,2021-01-01,2021,1,2021-T1,72.21
18,Granada,3,2021-04-01,2021,2,2021-T2,72.133
18,Granada,3,2021-07-01,2021,3,2021-T3,72.065
18,Granada,3,2021-10-01,2021,4,2021-T4,72.18
18,Granada,3,2022-01-01,2022,1,2022-T1,72.3
18,Granada,3,2022-04-01,2022,2,2022-T2,72.291
18,Granada,3,2022-07-01,2022,3,2022-T3,72.314
18,Granada,3,2022-10-01,2022,4,2022-T4,72.424
18,Granada,3,2023-01-01,2023,1,2023-T1,72.626
18,Granada,3,2023-04-01,2023,2,2023-T2,72.758
18,Granada,3,2023-07-01,2023,3,2023-T3,72.888
18,Granada,3,2023-10-01,2023,4,2023-T4,72.969
18,Granada,3,2024-01-01,2024,1,2024-T1,73.079
18,Granada,3,2024-04-01,2024,2,2024-T2,73.2
18,Granada,3,2024-07-01,2024,3,2024-T3,73.361
18,Granada,3,2024-10-01,2024,4,2024-T4,73.451
18,Granada,3,2025-01-01,2025,1,2025-T1,73.533
18,Granada,3,2025-04-01,2025,2,2025-T2,73.691
18,Granada,3,2025-07-01,2025,3,2025-T3,73.951
18,Granada,3,2025-10-01,2025,4,2025-T4,74.313
18,Granada,3,2026-01-01,2026,1,2026-T1,74.697
18,Granada,3,2026-04-01,2026,2,2026-T2,74.86
18,Granada,4 y más,2021-01-01,2021,1,2021-T1,89.171
18,Granada,4 y más,2021-04-01,2021,2,2021-T2,88.656
18,Granada,4 y más,2021-07-01,2021,3,2021-T3,88.143
18,Granada,4 y más,2021-10-01,2021,4,2021-T4,87.701
18,Granada,4 y más,2022-01-01,2022,1,2022-T1,87.27
18,Granada,4 y más,2022-04-01,2022,2,2022-T2,87.223
18,Granada,4 y más,2022-07-01,2022,3,2022-T3,87.187
18,Granada,4 y más,2022-10-01,2022,4,2022-T4,86.992
18,Granada,4 y más,2023-01-01,2023,1,2023-T1,86.895
18,Granada,4 y más,2023-04-01,2023,2,2023-T2,86.748
18,Granada,4 y más,2023-07-01,2023,3,2023-T3,86.572
18,Granada,4 y más,2023-10-01,2023,4,2023-T4,86.477
18,Granada,4 y más,2024-01-01,2024,1,2024-T1,86.411
18,Granada,4 y más,2024-04-01,2024,2,2024-T2,86.203
18,Granada,4 y más,2024-07-01,2024,3,2024-T3,86.002
18,Granada,4 y más,2024-10-01,2024,4,2024-T4,85.99
18,Granada,4 y más,2025-01-01,2025,1,2025-T1,85.956
18,Granada,4 y más,2025-04-01,2025,2,2025-T2,85.805
18,Granada,4 y más,2025-07-01,2025,3,2025-T3,85.739
18,Granada,4 y más,2025-10-01,2025,4,2025-T4,85.655
18,Granada,4 y más,2026-01-01,2026,1,2026-T1,85.593
18,Granada,4 y más,2026-04-01,2026,2,2026-T2,85.349
18,Granada,Total,2021-01-01,2021,1,2021-T1,368.011
18,Granada,Total,2021-04-01,2021,2,2021-T2,369.343
18,Granada,Total,2021-07-01,2021,3,2021-T3,370.906
18,Granada,Total,2021-10-01,2021,4,2021-T4,372.378
18,Granada,Total,2022-01-01,2022,1,2022-T1,373.838
18,Granada,Total,2022-04-01,2022,2,2022-T2,374.807
18,Granada,Total,2022-07-01,2022,3,2022-T3,376.033
18,Granada,Total,2022-10-01,2022,4,2022-T4,377.708
18,Granada,Total,2023-01-01,2023,1,2023-T1,379.805
18,Granada,Total,2023-04-01,2023,2,2023-T2,380.829
18,Granada,Total,2023-07-01,2023,3,2023-T3,381.936
18,Granada,Total,2023-10-01,2023,4,2023-T4,382.998
18,Granada,Total,2024-01-01,2024,1,2024-T1,384.204
18,Granada,Total,2024-04-01,2024,2,2024-T2,385.34
18,Granada,Total,2024-07-01,2024,3,2024-T3,386.745
18,Granada,Total,2024-10-01,2024,4,2024-T4,387.931
18,Granada,Total,2025-01-01,2025,1,2025-T1,389.071
18,Granada,Total,2025-04-01,2025,2,2025-T2,389.971
18,Granada,Total,2025-07-01,2025,3,2025-T3,391.564
18,Granada,Total,2025-10-01,2025,4,2025-T4,393.374
18,Granada,Total,2026-01-01,2026,1,2026-T1,395.212
18,Granada,Total,2026-04-01,2026,2,2026-T2,396.114
19,Guadalajara,1,2021-01-01,2021,1,2021-T1,29.836
19,Guadalajara,1,2021-04-01,2021,2,2021-T2,30.18
19,Guadalajara,1,2021-07-01,2021,3,2021-T3,30.506
19,Guadalajara,1,2021-10-01,2021,4,2021-T4,30.876
19,Guadalajara,1,2022-01-01,2022,1,2022-T1,31.251
19,Guadalajara,1,2022-04-01,2022,2,2022-T2,31.337
19,Guadalajara,1,2022-07-01,2022,3,2022-T3,31.431
19,Guadalajara,1,2022-10-01,2022,4,2022-T4,31.701
19,Guadalajara,1,2023-01-01,2023,1,2023-T1,32.037
19,Guadalajara,1,2023-04-01,2023,2,2023-T2,32.137
19,Guadalajara,1,2023-07-01,2023,3,2023-T3,32.274
19,Guadalajara,1,2023-10-01,2023,4,2023-T4,32.475
19,Guadalajara,1,2024-01-01,2024,1,2024-T1,32.655
19,Guadalajara,1,2024-04-01,2024,2,2024-T2,32.707
19,Guadalajara,1,2024-07-01,2024,3,2024-T3,32.859
19,Guadalajara,1,2024-10-01,2024,4,2024-T4,33.019
19,Guadalajara,1,2025-01-01,2025,1,2025-T1,33.135
19,Guadalajara,1,2025-04-01,2025,2,2025-T2,33.217
19,Guadalajara,1,2025-07-01,2025,3,2025-T3,33.296
19,Guadalajara,1,2025-10-01,2025,4,2025-T4,33.487
19,Guadalajara,1,2026-01-01,2026,1,2026-T1,33.656
19,Guadalajara,1,2026-04-01,2026,2,2026-T2,33.835
19,Guadalajara,2,2021-01-01,2021,1,2021-T1,27.516
19,Guadalajara,2,2021-04-01,2021,2,2021-T2,27.772
19,Guadalajara,2,2021-07-01,2021,3,2021-T3,27.998
19,Guadalajara,2,2021-10-01,2021,4,2021-T4,28.147
19,Guadalajara,2,2022-01-01,2022,1,2022-T1,28.314
19,Guadalajara,2,2022-04-01,2022,2,2022-T2,28.476
19,Guadalajara,2,2022-07-01,2022,3,2022-T3,28.653
19,Guadalajara,2,2022-10-01,2022,4,2022-T4,28.835
19,Guadalajara,2,2023-01-01,2023,1,2023-T1,29.064
19,Guadalajara,2,2023-04-01,2023,2,2023-T2,29.235
19,Guadalajara,2,2023-07-01,2023,3,2023-T3,29.418
19,Guadalajara,2,2023-10-01,2023,4,2023-T4,29.561
19,Guadalajara,2,2024-01-01,2024,1,2024-T1,29.677
19,Guadalajara,2,2024-04-01,2024,2,2024-T2,29.899
19,Guadalajara,2,2024-07-01,2024,3,2024-T3,30.202
19,Guadalajara,2,2024-10-01,2024,4,2024-T4,30.41
19,Guadalajara,2,2025-01-01,2025,1,2025-T1,30.583
19,Guadalajara,2,2025-04-01,2025,2,2025-T2,30.743
19,Guadalajara,2,2025-07-01,2025,3,2025-T3,30.895
19,Guadalajara,2,2025-10-01,2025,4,2025-T4,31.086
19,Guadalajara,2,2026-01-01,2026,1,2026-T1,31.251
19,Guadalajara,2,2026-04-01,2026,2,2026-T2,31.442
19,Guadalajara,3,2021-01-01,2021,1,2021-T1,20.931
19,Guadalajara,3,2021-04-01,2021,2,2021-T2,20.929
19,Guadalajara,3,2021-07-01,2021,3,2021-T3,20.895
19,Guadalajara,3,2021-10-01,2021,4,2021-T4,20.905
19,Guadalajara,3,2022-01-01,2022,1,2022-T1,20.946
19,Guadalajara,3,2022-04-01,2022,2,2022-T2,21.024
19,Guadalajara,3,2022-07-01,2022,3,2022-T3,21.113
19,Guadalajara,3,2022-10-01,2022,4,2022-T4,21.183
19,Guadalajara,3,2023-01-01,2023,1,2023-T1,21.296
19,Guadalajara,3,2023-04-01,2023,2,2023-T2,21.372
19,Guadalajara,3,2023-07-01,2023,3,2023-T3,21.441
19,Guadalajara,3,2023-10-01,2023,4,2023-T4,21.527
19,Guadalajara,3,2024-01-01,2024,1,2024-T1,21.609
19,Guadalajara,3,2024-04-01,2024,2,2024-T2,21.671
19,Guadalajara,3,2024-07-01,2024,3,2024-T3,21.765
19,Guadalajara,3,2024-10-01,2024,4,2024-T4,21.825
19,Guadalajara,3,2025-01-01,2025,1,2025-T1,21.87
19,Guadalajara,3,2025-04-01,2025,2,2025-T2,22.013
19,Guadalajara,3,2025-07-01,2025,3,2025-T3,22.137
19,Guadalajara,3,2025-10-01,2025,4,2025-T4,22.252
19,Guadalajara,3,2026-01-01,2026,1,2026-T1,22.338
19,Guadalajara,3,2026-04-01,2026,2,2026-T2,22.444
19,Guadalajara,4 y más,2021-01-01,2021,1,2021-T1,26.028
19,Guadalajara,4 y más,2021-04-01,2021,2,2021-T2,25.983
19,Guadalajara,4 y más,2021-07-01,2021,3,2021-T3,25.896
19,Guadalajara,4 y más,2021-10-01,2021,4,2021-T4,25.855
19,Guadalajara,4 y más,2022-01-01,2022,1,2022-T1,25.861
19,Guadalajara,4 y más,2022-04-01,2022,2,2022-T2,25.939
19,Guadalajara,4 y más,2022-07-01,2022,3,2022-T3,26.029
19,Guadalajara,4 y más,2022-10-01,2022,4,2022-T4,26.133
19,Guadalajara,4 y más,2023-01-01,2023,1,2023-T1,26.289
19,Guadalajara,4 y más,2023-04-01,2023,2,2023-T2,26.323
19,Guadalajara,4 y más,2023-07-01,2023,3,2023-T3,26.334
19,Guadalajara,4 y más,2023-10-01,2023,4,2023-T4,26.461
19,Guadalajara,4 y más,2024-01-01,2024,1,2024-T1,26.582
19,Guadalajara,4 y más,2024-04-01,2024,2,2024-T2,26.633
19,Guadalajara,4 y más,2024-07-01,2024,3,2024-T3,26.704
19,Guadalajara,4 y más,2024-10-01,2024,4,2024-T4,26.844
19,Guadalajara,4 y más,2025-01-01,2025,1,2025-T1,26.974
19,Guadalajara,4 y más,2025-04-01,2025,2,2025-T2,27.115
19,Guadalajara,4 y más,2025-07-01,2025,3,2025-T3,27.234
19,Guadalajara,4 y más,2025-10-01,2025,4,2025-T4,27.358
19,Guadalajara,4 y más,2026-01-01,2026,1,2026-T1,27.435
19,Guadalajara,4 y más,2026-04-01,2026,2,2026-T2,27.532
19,Guadalajara,Total,2021-01-01,2021,1,2021-T1,104.311
19,Guadalajara,Total,2021-04-01,2021,2,2021-T2,104.864
19,Guadalajara,Total,2021-07-01,2021,3,2021-T3,105.295
19,Guadalajara,Total,2021-10-01,2021,4,2021-T4,105.783
19,Guadalajara,Total,2022-01-01,2022,1,2022-T1,106.372
19,Guadalajara,Total,2022-04-01,2022,2,2022-T2,106.776
19,Guadalajara,Total,2022-07-01,2022,3,2022-T3,107.226
19,Guadalajara,Total,2022-10-01,2022,4,2022-T4,107.852
19,Guadalajara,Total,2023-01-01,2023,1,2023-T1,108.686
19,Guadalajara,Total,2023-04-01,2023,2,2023-T2,109.067
19,Guadalajara,Total,2023-07-01,2023,3,2023-T3,109.467
19,Guadalajara,Total,2023-10-01,2023,4,2023-T4,110.024
19,Guadalajara,Total,2024-01-01,2024,1,2024-T1,110.523
19,Guadalajara,Total,2024-04-01,2024,2,2024-T2,110.91
19,Guadalajara,Total,2024-07-01,2024,3,2024-T3,111.53
19,Guadalajara,Total,2024-10-01,2024,4,2024-T4,112.098
19,Guadalajara,Total,2025-01-01,2025,1,2025-T1,112.562
19,Guadalajara,Total,2025-04-01,2025,2,2025-T2,113.088
19,Guadalajara,Total,2025-07-01,2025,3,2025-T3,113.562
19,Guadalajara,Total,2025-10-01,2025,4,2025-T4,114.183
19,Guadalajara,Total,2026-01-01,2026,1,2026-T1,114.68
19,Guadalajara,Total,2026-04-01,2026,2,2026-T2,115.253
21,Huelva,1,2021-01-01,2021,1,2021-T1,50.792
21,Huelva,1,2021-04-01,2021,2,2021-T2,51.388
21,Huelva,1,2021-07-01,2021,3,2021-T3,52.016
21,Huelva,1,2021-10-01,2021,4,2021-T4,52.474
21,Huelva,1,2022-01-01,2022,1,2022-T1,52.926
21,Huelva,1,2022-04-01,2022,2,2022-T2,53.204
21,Huelva,1,2022-07-01,2022,3,2022-T3,53.494
21,Huelva,1,2022-10-01,2022,4,2022-T4,53.861
21,Huelva,1,2023-01-01,2023,1,2023-T1,54.197
21,Huelva,1,2023-04-01,2023,2,2023-T2,54.473
21,Huelva,1,2023-07-01,2023,3,2023-T3,54.754
21,Huelva,1,2023-10-01,2023,4,2023-T4,54.919
21,Huelva,1,2024-01-01,2024,1,2024-T1,55.033
21,Huelva,1,2024-04-01,2024,2,2024-T2,55.34
21,Huelva,1,2024-07-01,2024,3,2024-T3,55.679
21,Huelva,1,2024-10-01,2024,4,2024-T4,56.066
21,Huelva,1,2025-01-01,2025,1,2025-T1,56.416
21,Huelva,1,2025-04-01,2025,2,2025-T2,56.577
21,Huelva,1,2025-07-01,2025,3,2025-T3,56.793
21,Huelva,1,2025-10-01,2025,4,2025-T4,57.31
21,Huelva,1,2026-01-01,2026,1,2026-T1,57.765
21,Huelva,1,2026-04-01,2026,2,2026-T2,58.166
21,Huelva,2,2021-01-01,2021,1,2021-T1,54.09
21,Huelva,2,2021-04-01,2021,2,2021-T2,54.544
21,Huelva,2,2021-07-01,2021,3,2021-T3,55.024
21,Huelva,2,2021-10-01,2021,4,2021-T4,55.273
21,Huelva,2,2022-01-01,2022,1,2022-T1,55.556
21,Huelva,2,2022-04-01,2022,2,2022-T2,55.757
21,Huelva,2,2022-07-01,2022,3,2022-T3,55.975
21,Huelva,2,2022-10-01,2022,4,2022-T4,56.324
21,Huelva,2,2023-01-01,2023,1,2023-T1,56.633
21,Huelva,2,2023-04-01,2023,2,2023-T2,56.844
21,Huelva,2,2023-07-01,2023,3,2023-T3,57.052
21,Huelva,2,2023-10-01,2023,4,2023-T4,57.26
21,Huelva,2,2024-01-01,2024,1,2024-T1,57.413
21,Huelva,2,2024-04-01,2024,2,2024-T2,57.66
21,Huelva,2,2024-07-01,2024,3,2024-T3,57.907
21,Huelva,2,2024-10-01,2024,4,2024-T4,58.131
21,Huelva,2,2025-01-01,2025,1,2025-T1,58.285
21,Huelva,2,2025-04-01,2025,2,2025-T2,58.508
21,Huelva,2,2025-07-01,2025,3,2025-T3,58.791
21,Huelva,2,2025-10-01,2025,4,2025-T4,58.984
21,Huelva,2,2026-01-01,2026,1,2026-T1,59.13
21,Huelva,2,2026-04-01,2026,2,2026-T2,59.26
21,Huelva,3,2021-01-01,2021,1,2021-T1,43.616
21,Huelva,3,2021-04-01,2021,2,2021-T2,43.598
21,Huelva,3,2021-07-01,2021,3,2021-T3,43.581
21,Huelva,3,2021-10-01,2021,4,2021-T4,43.602
21,Huelva,3,2022-01-01,2022,1,2022-T1,43.654
21,Huelva,3,2022-04-01,2022,2,2022-T2,43.67
21,Huelva,3,2022-07-01,2022,3,2022-T3,43.717
21,Huelva,3,2022-10-01,2022,4,2022-T4,43.726
21,Huelva,3,2023-01-01,2023,1,2023-T1,43.681
21,Huelva,3,2023-04-01,2023,2,2023-T2,43.769
21,Huelva,3,2023-07-01,2023,3,2023-T3,43.83
21,Huelva,3,2023-10-01,2023,4,2023-T4,43.937
21,Huelva,3,2024-01-01,2024,1,2024-T1,43.999
21,Huelva,3,2024-04-01,2024,2,2024-T2,44.028
21,Huelva,3,2024-07-01,2024,3,2024-T3,44.048
21,Huelva,3,2024-10-01,2024,4,2024-T4,44.076
21,Huelva,3,2025-01-01,2025,1,2025-T1,44.061
21,Huelva,3,2025-04-01,2025,2,2025-T2,44.069
21,Huelva,3,2025-07-01,2025,3,2025-T3,44.121
21,Huelva,3,2025-10-01,2025,4,2025-T4,44.27
21,Huelva,3,2026-01-01,2026,1,2026-T1,44.377
21,Huelva,3,2026-04-01,2026,2,2026-T2,44.414
21,Huelva,4 y más,2021-01-01,2021,1,2021-T1,52.867
21,Huelva,4 y más,2021-04-01,2021,2,2021-T2,52.722
21,Huelva,4 y más,2021-07-01,2021,3,2021-T3,52.585
21,Huelva,4 y más,2021-10-01,2021,4,2021-T4,52.423
21,Huelva,4 y más,2022-01-01,2022,1,2022-T1,52.3
21,Huelva,4 y más,2022-04-01,2022,2,2022-T2,52.154
21,Huelva,4 y más,2022-07-01,2022,3,2022-T3,52.052
21,Huelva,4 y más,2022-10-01,2022,4,2022-T4,51.997
21,Huelva,4 y más,2023-01-01,2023,1,2023-T1,51.876
21,Huelva,4 y más,2023-04-01,2023,2,2023-T2,51.745
21,Huelva,4 y más,2023-07-01,2023,3,2023-T3,51.568
21,Huelva,4 y más,2023-10-01,2023,4,2023-T4,51.493
21,Huelva,4 y más,2024-01-01,2024,1,2024-T1,51.374
21,Huelva,4 y más,2024-04-01,2024,2,2024-T2,51.319
21,Huelva,4 y más,2024-07-01,2024,3,2024-T3,51.241
21,Huelva,4 y más,2024-10-01,2024,4,2024-T4,51.205
21,Huelva,4 y más,2025-01-01,2025,1,2025-T1,51.112
21,Huelva,4 y más,2025-04-01,2025,2,2025-T2,51.094
21,Huelva,4 y más,2025-07-01,2025,3,2025-T3,51.124
21,Huelva,4 y más,2025-10-01,2025,4,2025-T4,51.039
21,Huelva,4 y más,2026-01-01,2026,1,2026-T1,50.898
21,Huelva,4 y más,2026-04-01,2026,2,2026-T2,50.758
21,Huelva,Total,2021-01-01,2021,1,2021-T1,201.365
21,Huelva,Total,2021-04-01,2021,2,2021-T2,202.252
21,Huelva,Total,2021-07-01,2021,3,2021-T3,203.206
21,Huelva,Total,2021-10-01,2021,4,2021-T4,203.772
21,Huelva,Total,2022-01-01,2022,1,2022-T1,204.436
21,Huelva,Total,2022-04-01,2022,2,2022-T2,204.785
21,Huelva,Total,2022-07-01,2022,3,2022-T3,205.238
21,Huelva,Total,2022-10-01,2022,4,2022-T4,205.908
21,Huelva,Total,2023-01-01,2023,1,2023-T1,206.387
21,Huelva,Total,2023-04-01,2023,2,2023-T2,206.831
21,Huelva,Total,2023-07-01,2023,3,2023-T3,207.204
21,Huelva,Total,2023-10-01,2023,4,2023-T4,207.609
21,Huelva,Total,2024-01-01,2024,1,2024-T1,207.819
21,Huelva,Total,2024-04-01,2024,2,2024-T2,208.347
21,Huelva,Total,2024-07-01,2024,3,2024-T3,208.875
21,Huelva,Total,2024-10-01,2024,4,2024-T4,209.478
21,Huelva,Total,2025-01-01,2025,1,2025-T1,209.874
21,Huelva,Total,2025-04-01,2025,2,2025-T2,210.248
21,Huelva,Total,2025-07-01,2025,3,2025-T3,210.829
21,Huelva,Total,2025-10-01,2025,4,2025-T4,211.603
21,Huelva,Total,2026-01-01,2026,1,2026-T1,212.17
21,Huelva,Total,2026-04-01,2026,2,2026-T2,212.598
22,Huesca,1,2021-01-01,2021,1,2021-T1,27.137
22,Huesca,1,2021-04-01,2021,2,2021-T2,27.469
22,Huesca,1,2021-07-01,2021,3,2021-T3,27.723
22,Huesca,1,2021-10-01,2021,4,2021-T4,28.037
22,Huesca,1,2022-01-01,2022,1,2022-T1,28.353
22,Huesca,1,2022-04-01,2022,2,2022-T2,28.412
22,Huesca,1,2022-07-01,2022,3,2022-T3,28.535
22,Huesca,1,2022-10-01,2022,4,2022-T4,28.727
22,Huesca,1,2023-01-01,2023,1,2023-T1,28.94
22,Huesca,1,2023-04-01,2023,2,2023-T2,28.958
22,Huesca,1,2023-07-01,2023,3,2023-T3,29.039
22,Huesca,1,2023-10-01,2023,4,2023-T4,29.282
22,Huesca,1,2024-01-01,2024,1,2024-T1,29.505
22,Huesca,1,2024-04-01,2024,2,2024-T2,29.575
22,Huesca,1,2024-07-01,2024,3,2024-T3,29.729
22,Huesca,1,2024-10-01,2024,4,2024-T4,29.794
22,Huesca,1,2025-01-01,2025,1,2025-T1,29.843
22,Huesca,1,2025-04-01,2025,2,2025-T2,29.948
22,Huesca,1,2025-07-01,2025,3,2025-T3,30.117
22,Huesca,1,2025-10-01,2025,4,2025-T4,30.232
22,Huesca,1,2026-01-01,2026,1,2026-T1,30.328
22,Huesca,1,2026-04-01,2026,2,2026-T2,30.408
22,Huesca,2,2021-01-01,2021,1,2021-T1,24.772
22,Huesca,2,2021-04-01,2021,2,2021-T2,24.97
22,Huesca,2,2021-07-01,2021,3,2021-T3,25.089
22,Huesca,2,2021-10-01,2021,4,2021-T4,25.239
22,Huesca,2,2022-01-01,2022,1,2022-T1,25.399
22,Huesca,2,2022-04-01,2022,2,2022-T2,25.446
22,Huesca,2,2022-07-01,2022,3,2022-T3,25.556
22,Huesca,2,2022-10-01,2022,4,2022-T4,25.695
22,Huesca,2,2023-01-01,2023,1,2023-T1,25.839
22,Huesca,2,2023-04-01,2023,2,2023-T2,25.888
22,Huesca,2,2023-07-01,2023,3,2023-T3,25.97
22,Huesca,2,2023-10-01,2023,4,2023-T4,26.059
22,Huesca,2,2024-01-01,2024,1,2024-T1,26.125
22,Huesca,2,2024-04-01,2024,2,2024-T2,26.16
22,Huesca,2,2024-07-01,2024,3,2024-T3,26.263
22,Huesca,2,2024-10-01,2024,4,2024-T4,26.349
22,Huesca,2,2025-01-01,2025,1,2025-T1,26.423
22,Huesca,2,2025-04-01,2025,2,2025-T2,26.523
22,Huesca,2,2025-07-01,2025,3,2025-T3,26.675
22,Huesca,2,2025-10-01,2025,4,2025-T4,26.814
22,Huesca,2,2026-01-01,2026,1,2026-T1,26.94
22,Huesca,2,2026-04-01,2026,2,2026-T2,27.057
22,Huesca,3,2021-01-01,2021,1,2021-T1,18.269
22,Huesca,3,2021-04-01,2021,2,2021-T2,18.256
22,Huesca,3,2021-07-01,2021,3,2021-T3,18.171
22,Huesca,3,2021-10-01,2021,4,2021-T4,18.138
22,Huesca,3,2022-01-01,2022,1,2022-T1,18.12
22,Huesca,3,2022-04-01,2022,2,2022-T2,18.061
22,Huesca,3,2022-07-01,2022,3,2022-T3,18.063
22,Huesca,3,2022-10-01,2022,4,2022-T4,18.027
22,Huesca,3,2023-01-01,2023,1,2023-T1,18.009
22,Huesca,3,2023-04-01,2023,2,2023-T2,18.032
22,Huesca,3,2023-07-01,2023,3,2023-T3,18.072
22,Huesca,3,2023-10-01,2023,4,2023-T4,18.055
22,Huesca,3,2024-01-01,2024,1,2024-T1,18.028
22,Huesca,3,2024-04-01,2024,2,2024-T2,17.985
22,Huesca,3,2024-07-01,2024,3,2024-T3,17.987
22,Huesca,3,2024-10-01,2024,4,2024-T4,18.012
22,Huesca,3,2025-01-01,2025,1,2025-T1,18.047
22,Huesca,3,2025-04-01,2025,2,2025-T2,18.048
22,Huesca,3,2025-07-01,2025,3,2025-T3,18.075
22,Huesca,3,2025-10-01,2025,4,2025-T4,18.115
22,Huesca,3,2026-01-01,2026,1,2026-T1,18.142
22,Huesca,3,2026-04-01,2026,2,2026-T2,18.187
22,Huesca,4 y más,2021-01-01,2021,1,2021-T1,20.076
22,Huesca,4 y más,2021-04-01,2021,2,2021-T2,20.047
22,Huesca,4 y más,2021-07-01,2021,3,2021-T3,19.942
22,Huesca,4 y más,2021-10-01,2021,4,2021-T4,19.898
22,Huesca,4 y más,2022-01-01,2022,1,2022-T1,19.878
22,Huesca,4 y más,2022-04-01,2022,2,2022-T2,19.812
22,Huesca,4 y más,2022-07-01,2022,3,2022-T3,19.826
22,Huesca,4 y más,2022-10-01,2022,4,2022-T4,19.819
22,Huesca,4 y más,2023-01-01,2023,1,2023-T1,19.839
22,Huesca,4 y más,2023-04-01,2023,2,2023-T2,19.791
22,Huesca,4 y más,2023-07-01,2023,3,2023-T3,19.753
22,Huesca,4 y más,2023-10-01,2023,4,2023-T4,19.815
22,Huesca,4 y más,2024-01-01,2024,1,2024-T1,19.867
22,Huesca,4 y más,2024-04-01,2024,2,2024-T2,19.82
22,Huesca,4 y más,2024-07-01,2024,3,2024-T3,19.816
22,Huesca,4 y más,2024-10-01,2024,4,2024-T4,19.859
22,Huesca,4 y más,2025-01-01,2025,1,2025-T1,19.927
22,Huesca,4 y más,2025-04-01,2025,2,2025-T2,19.965
22,Huesca,4 y más,2025-07-01,2025,3,2025-T3,20.023
22,Huesca,4 y más,2025-10-01,2025,4,2025-T4,20.029
22,Huesca,4 y más,2026-01-01,2026,1,2026-T1,20.019
22,Huesca,4 y más,2026-04-01,2026,2,2026-T2,20.018
22,Huesca,Total,2021-01-01,2021,1,2021-T1,90.254
22,Huesca,Total,2021-04-01,2021,2,2021-T2,90.742
22,Huesca,Total,2021-07-01,2021,3,2021-T3,90.925
22,Huesca,Total,2021-10-01,2021,4,2021-T4,91.312
22,Huesca,Total,2022-01-01,2022,1,2022-T1,91.75
22,Huesca,Total,2022-04-01,2022,2,2022-T2,91.731
22,Huesca,Total,2022-07-01,2022,3,2022-T3,91.98
22,Huesca,Total,2022-10-01,2022,4,2022-T4,92.268
22,Huesca,Total,2023-01-01,2023,1,2023-T1,92.627
22,Huesca,Total,2023-04-01,2023,2,2023-T2,92.669
22,Huesca,Total,2023-07-01,2023,3,2023-T3,92.834
22,Huesca,Total,2023-10-01,2023,4,2023-T4,93.211
22,Huesca,Total,2024-01-01,2024,1,2024-T1,93.525
22,Huesca,Total,2024-04-01,2024,2,2024-T2,93.54
22,Huesca,Total,2024-07-01,2024,3,2024-T3,93.795
22,Huesca,Total,2024-10-01,2024,4,2024-T4,94.014
22,Huesca,Total,2025-01-01,2025,1,2025-T1,94.24
22,Huesca,Total,2025-04-01,2025,2,2025-T2,94.484
22,Huesca,Total,2025-07-01,2025,3,2025-T3,94.89
22,Huesca,Total,2025-10-01,2025,4,2025-T4,95.19
22,Huesca,Total,2026-01-01,2026,1,2026-T1,95.429
22,Huesca,Total,2026-04-01,2026,2,2026-T2,95.67
23,Jaén,1,2021-01-01,2021,1,2021-T1,65.273
23,Jaén,1,2021-04-01,2021,2,2021-T2,65.988
23,Jaén,1,2021-07-01,2021,3,2021-T3,66.778
23,Jaén,1,2021-10-01,2021,4,2021-T4,67.258
23,Jaén,1,2022-01-01,2022,1,2022-T1,67.723
23,Jaén,1,2022-04-01,2022,2,2022-T2,67.97
23,Jaén,1,2022-07-01,2022,3,2022-T3,68.329
23,Jaén,1,2022-10-01,2022,4,2022-T4,68.815
23,Jaén,1,2023-01-01,2023,1,2023-T1,69.391
23,Jaén,1,2023-04-01,2023,2,2023-T2,69.529
23,Jaén,1,2023-07-01,2023,3,2023-T3,69.767
23,Jaén,1,2023-10-01,2023,4,2023-T4,70.203
23,Jaén,1,2024-01-01,2024,1,2024-T1,70.554
23,Jaén,1,2024-04-01,2024,2,2024-T2,70.935
23,Jaén,1,2024-07-01,2024,3,2024-T3,71.331
23,Jaén,1,2024-10-01,2024,4,2024-T4,71.757
23,Jaén,1,2025-01-01,2025,1,2025-T1,72.17
23,Jaén,1,2025-04-01,2025,2,2025-T2,72.416
23,Jaén,1,2025-07-01,2025,3,2025-T3,72.774
23,Jaén,1,2025-10-01,2025,4,2025-T4,73.276
23,Jaén,1,2026-01-01,2026,1,2026-T1,73.787
23,Jaén,1,2026-04-01,2026,2,2026-T2,74.222
23,Jaén,2,2021-01-01,2021,1,2021-T1,67.498
23,Jaén,2,2021-04-01,2021,2,2021-T2,67.928
23,Jaén,2,2021-07-01,2021,3,2021-T3,68.395
23,Jaén,2,2021-10-01,2021,4,2021-T4,69.035
23,Jaén,2,2022-01-01,2022,1,2022-T1,69.683
23,Jaén,2,2022-04-01,2022,2,2022-T2,69.924
23,Jaén,2,2022-07-01,2022,3,2022-T3,70.282
23,Jaén,2,2022-10-01,2022,4,2022-T4,70.688
23,Jaén,2,2023-01-01,2023,1,2023-T1,71.136
23,Jaén,2,2023-04-01,2023,2,2023-T2,71.51
23,Jaén,2,2023-07-01,2023,3,2023-T3,71.942
23,Jaén,2,2023-10-01,2023,4,2023-T4,72.24
23,Jaén,2,2024-01-01,2024,1,2024-T1,72.447
23,Jaén,2,2024-04-01,2024,2,2024-T2,72.728
23,Jaén,2,2024-07-01,2024,3,2024-T3,73.053
23,Jaén,2,2024-10-01,2024,4,2024-T4,73.451
23,Jaén,2,2025-01-01,2025,1,2025-T1,73.797
23,Jaén,2,2025-04-01,2025,2,2025-T2,74.042
23,Jaén,2,2025-07-01,2025,3,2025-T3,74.365
23,Jaén,2,2025-10-01,2025,4,2025-T4,74.842
23,Jaén,2,2026-01-01,2026,1,2026-T1,75.319
23,Jaén,2,2026-04-01,2026,2,2026-T2,75.698
23,Jaén,3,2021-01-01,2021,1,2021-T1,50.436
23,Jaén,3,2021-04-01,2021,2,2021-T2,50.325
23,Jaén,3,2021-07-01,2021,3,2021-T3,50.204
23,Jaén,3,2021-10-01,2021,4,2021-T4,50.028
23,Jaén,3,2022-01-01,2022,1,2022-T1,49.873
23,Jaén,3,2022-04-01,2022,2,2022-T2,49.789
23,Jaén,3,2022-07-01,2022,3,2022-T3,49.783
23,Jaén,3,2022-10-01,2022,4,2022-T4,49.664
23,Jaén,3,2023-01-01,2023,1,2023-T1,49.592
23,Jaén,3,2023-04-01,2023,2,2023-T2,49.594
23,Jaén,3,2023-07-01,2023,3,2023-T3,49.604
23,Jaén,3,2023-10-01,2023,4,2023-T4,49.491
23,Jaén,3,2024-01-01,2024,1,2024-T1,49.379
23,Jaén,3,2024-04-01,2024,2,2024-T2,49.278
23,Jaén,3,2024-07-01,2024,3,2024-T3,49.202
23,Jaén,3,2024-10-01,2024,4,2024-T4,49.178
23,Jaén,3,2025-01-01,2025,1,2025-T1,49.187
23,Jaén,3,2025-04-01,2025,2,2025-T2,49.173
23,Jaén,3,2025-07-01,2025,3,2025-T3,49.2
23,Jaén,3,2025-10-01,2025,4,2025-T4,49.222
23,Jaén,3,2026-01-01,2026,1,2026-T1,49.236
23,Jaén,3,2026-04-01,2026,2,2026-T2,49.287
23,Jaén,4 y más,2021-01-01,2021,1,2021-T1,62.962
23,Jaén,4 y más,2021-04-01,2021,2,2021-T2,62.437
23,Jaén,4 y más,2021-07-01,2021,3,2021-T3,61.911
23,Jaén,4 y más,2021-10-01,2021,4,2021-T4,61.456
23,Jaén,4 y más,2022-01-01,2022,1,2022-T1,61.03
23,Jaén,4 y más,2022-04-01,2022,2,2022-T2,60.587
23,Jaén,4 y más,2022-07-01,2022,3,2022-T3,60.247
23,Jaén,4 y más,2022-10-01,2022,4,2022-T4,59.773
23,Jaén,4 y más,2023-01-01,2023,1,2023-T1,59.347
23,Jaén,4 y más,2023-04-01,2023,2,2023-T2,58.968
23,Jaén,4 y más,2023-07-01,2023,3,2023-T3,58.571
23,Jaén,4 y más,2023-10-01,2023,4,2023-T4,58.367
23,Jaén,4 y más,2024-01-01,2024,1,2024-T1,58.198
23,Jaén,4 y más,2024-04-01,2024,2,2024-T2,57.841
23,Jaén,4 y más,2024-07-01,2024,3,2024-T3,57.522
23,Jaén,4 y más,2024-10-01,2024,4,2024-T4,57.236
23,Jaén,4 y más,2025-01-01,2025,1,2025-T1,57.007
23,Jaén,4 y más,2025-04-01,2025,2,2025-T2,56.721
23,Jaén,4 y más,2025-07-01,2025,3,2025-T3,56.488
23,Jaén,4 y más,2025-10-01,2025,4,2025-T4,56.233
23,Jaén,4 y más,2026-01-01,2026,1,2026-T1,55.953
23,Jaén,4 y más,2026-04-01,2026,2,2026-T2,55.755
23,Jaén,Total,2021-01-01,2021,1,2021-T1,246.169
23,Jaén,Total,2021-04-01,2021,2,2021-T2,246.678
23,Jaén,Total,2021-07-01,2021,3,2021-T3,247.288
23,Jaén,Total,2021-10-01,2021,4,2021-T4,247.777
23,Jaén,Total,2022-01-01,2022,1,2022-T1,248.309
23,Jaén,Total,2022-04-01,2022,2,2022-T2,248.27
23,Jaén,Total,2022-07-01,2022,3,2022-T3,248.641
23,Jaén,Total,2022-10-01,2022,4,2022-T4,248.94
23,Jaén,Total,2023-01-01,2023,1,2023-T1,249.466
23,Jaén,Total,2023-04-01,2023,2,2023-T2,249.601
23,Jaén,Total,2023-07-01,2023,3,2023-T3,249.884
23,Jaén,Total,2023-10-01,2023,4,2023-T4,250.301
23,Jaén,Total,2024-01-01,2024,1,2024-T1,250.578
23,Jaén,Total,2024-04-01,2024,2,2024-T2,250.782
23,Jaén,Total,2024-07-01,2024,3,2024-T3,251.108
23,Jaén,Total,2024-10-01,2024,4,2024-T4,251.622
23,Jaén,Total,2025-01-01,2025,1,2025-T1,252.161
23,Jaén,Total,2025-04-01,2025,2,2025-T2,252.352
23,Jaén,Total,2025-07-01,2025,3,2025-T3,252.827
23,Jaén,Total,2025-10-01,2025,4,2025-T4,253.573
23,Jaén,Total,2026-01-01,2026,1,2026-T1,254.295
23,Jaén,Total,2026-04-01,2026,2,2026-T2,254.962
24,León,1,2021-01-01,2021,1,2021-T1,68.166
24,León,1,2021-04-01,2021,2,2021-T2,68.643
24,León,1,2021-07-01,2021,3,2021-T3,69.276
24,León,1,2021-10-01,2021,4,2021-T4,69.904
24,León,1,2022-01-01,2022,1,2022-T1,70.468
24,León,1,2022-04-01,2022,2,2022-T2,70.61
24,León,1,2022-07-01,2022,3,2022-T3,70.861
24,León,1,2022-10-01,2022,4,2022-T4,71.451
24,León,1,2023-01-01,2023,1,2023-T1,72.094
24,León,1,2023-04-01,2023,2,2023-T2,72.268
24,León,1,2023-07-01,2023,3,2023-T3,72.593
24,León,1,2023-10-01,2023,4,2023-T4,72.904
24,León,1,2024-01-01,2024,1,2024-T1,73.15
24,León,1,2024-04-01,2024,2,2024-T2,73.308
24,León,1,2024-07-01,2024,3,2024-T3,73.619
24,León,1,2024-10-01,2024,4,2024-T4,73.929
24,León,1,2025-01-01,2025,1,2025-T1,74.187
24,León,1,2025-04-01,2025,2,2025-T2,74.414
24,León,1,2025-07-01,2025,3,2025-T3,74.696
24,León,1,2025-10-01,2025,4,2025-T4,75.076
24,León,1,2026-01-01,2026,1,2026-T1,75.381
24,León,1,2026-04-01,2026,2,2026-T2,75.56
24,León,2,2021-01-01,2021,1,2021-T1,57.414
24,León,2,2021-04-01,2021,2,2021-T2,57.574
24,León,2,2021-07-01,2021,3,2021-T3,57.841
24,León,2,2021-10-01,2021,4,2021-T4,58.137
24,León,2,2022-01-01,2022,1,2022-T1,58.409
24,León,2,2022-04-01,2022,2,2022-T2,58.506
24,León,2,2022-07-01,2022,3,2022-T3,58.687
24,León,2,2022-10-01,2022,4,2022-T4,58.935
24,León,2,2023-01-01,2023,1,2023-T1,59.201
24,León,2,2023-04-01,2023,2,2023-T2,59.31
24,León,2,2023-07-01,2023,3,2023-T3,59.505
24,León,2,2023-10-01,2023,4,2023-T4,59.585
24,León,2,2024-01-01,2024,1,2024-T1,59.609
24,León,2,2024-04-01,2024,2,2024-T2,59.639
24,León,2,2024-07-01,2024,3,2024-T3,59.759
24,León,2,2024-10-01,2024,4,2024-T4,59.985
24,León,2,2025-01-01,2025,1,2025-T1,60.165
24,León,2,2025-04-01,2025,2,2025-T2,60.318
24,León,2,2025-07-01,2025,3,2025-T3,60.503
24,León,2,2025-10-01,2025,4,2025-T4,60.767
24,León,2,2026-01-01,2026,1,2026-T1,60.986
24,León,2,2026-04-01,2026,2,2026-T2,61.121
24,León,3,2021-01-01,2021,1,2021-T1,39.194
24,León,3,2021-04-01,2021,2,2021-T2,38.947
24,León,3,2021-07-01,2021,3,2021-T3,38.755
24,León,3,2021-10-01,2021,4,2021-T4,38.519
24,León,3,2022-01-01,2022,1,2022-T1,38.286
24,León,3,2022-04-01,2022,2,2022-T2,38.171
24,León,3,2022-07-01,2022,3,2022-T3,38.118
24,León,3,2022-10-01,2022,4,2022-T4,37.966
24,León,3,2023-01-01,2023,1,2023-T1,37.799
24,León,3,2023-04-01,2023,2,2023-T2,37.689
24,León,3,2023-07-01,2023,3,2023-T3,37.606
24,León,3,2023-10-01,2023,4,2023-T4,37.564
24,León,3,2024-01-01,2024,1,2024-T1,37.513
24,León,3,2024-04-01,2024,2,2024-T2,37.497
24,León,3,2024-07-01,2024,3,2024-T3,37.496
24,León,3,2024-10-01,2024,4,2024-T4,37.355
24,León,3,2025-01-01,2025,1,2025-T1,37.199
24,León,3,2025-04-01,2025,2,2025-T2,37.209
24,León,3,2025-07-01,2025,3,2025-T3,37.208
24,León,3,2025-10-01,2025,4,2025-T4,37.133
24,León,3,2026-01-01,2026,1,2026-T1,37.04
24,León,3,2026-04-01,2026,2,2026-T2,36.94
24,León,4 y más,2021-01-01,2021,1,2021-T1,33.802
24,León,4 y más,2021-04-01,2021,2,2021-T2,33.503
24,León,4 y más,2021-07-01,2021,3,2021-T3,33.247
24,León,4 y más,2021-10-01,2021,4,2021-T4,32.983
24,León,4 y más,2022-01-01,2022,1,2022-T1,32.732
24,León,4 y más,2022-04-01,2022,2,2022-T2,32.573
24,León,4 y más,2022-07-01,2022,3,2022-T3,32.475
24,León,4 y más,2022-10-01,2022,4,2022-T4,32.282
24,León,4 y más,2023-01-01,2023,1,2023-T1,32.067
24,León,4 y más,2023-04-01,2023,2,2023-T2,31.928
24,León,4 y más,2023-07-01,2023,3,2023-T3,31.788
24,León,4 y más,2023-10-01,2023,4,2023-T4,31.737
24,León,4 y más,2024-01-01,2024,1,2024-T1,31.691
24,León,4 y más,2024-04-01,2024,2,2024-T2,31.569
24,León,4 y más,2024-07-01,2024,3,2024-T3,31.435
24,León,4 y más,2024-10-01,2024,4,2024-T4,31.344
24,León,4 y más,2025-01-01,2025,1,2025-T1,31.244
24,León,4 y más,2025-04-01,2025,2,2025-T2,31.201
24,León,4 y más,2025-07-01,2025,3,2025-T3,31.135
24,León,4 y más,2025-10-01,2025,4,2025-T4,31.113
24,León,4 y más,2026-01-01,2026,1,2026-T1,31.078
24,León,4 y más,2026-04-01,2026,2,2026-T2,31.021
24,León,Total,2021-01-01,2021,1,2021-T1,198.576
24,León,Total,2021-04-01,2021,2,2021-T2,198.667
24,León,Total,2021-07-01,2021,3,2021-T3,199.119
24,León,Total,2021-10-01,2021,4,2021-T4,199.543
24,León,Total,2022-01-01,2022,1,2022-T1,199.895
24,León,Total,2022-04-01,2022,2,2022-T2,199.86
24,León,Total,2022-07-01,2022,3,2022-T3,200.141
24,León,Total,2022-10-01,2022,4,2022-T4,200.634
24,León,Total,2023-01-01,2023,1,2023-T1,201.161
24,León,Total,2023-04-01,2023,2,2023-T2,201.195
24,León,Total,2023-07-01,2023,3,2023-T3,201.492
24,León,Total,2023-10-01,2023,4,2023-T4,201.79
24,León,Total,2024-01-01,2024,1,2024-T1,201.963
24,León,Total,2024-04-01,2024,2,2024-T2,202.013
24,León,Total,2024-07-01,2024,3,2024-T3,202.309
24,León,Total,2024-10-01,2024,4,2024-T4,202.613
24,León,Total,2025-01-01,2025,1,2025-T1,202.795
24,León,Total,2025-04-01,2025,2,2025-T2,203.142
24,León,Total,2025-07-01,2025,3,2025-T3,203.542
24,León,Total,2025-10-01,2025,4,2025-T4,204.089
24,León,Total,2026-01-01,2026,1,2026-T1,204.485
24,León,Total,2026-04-01,2026,2,2026-T2,204.642
25,Lleida,1,2021-01-01,2021,1,2021-T1,46.421
25,Lleida,1,2021-04-01,2021,2,2021-T2,46.821
25,Lleida,1,2021-07-01,2021,3,2021-T3,47.18
25,Lleida,1,2021-10-01,2021,4,2021-T4,47.6
25,Lleida,1,2022-01-01,2022,1,2022-T1,48.002
25,Lleida,1,2022-04-01,2022,2,2022-T2,48.432
25,Lleida,1,2022-07-01,2022,3,2022-T3,48.905
25,Lleida,1,2022-10-01,2022,4,2022-T4,49.187
25,Lleida,1,2023-01-01,2023,1,2023-T1,49.335
25,Lleida,1,2023-04-01,2023,2,2023-T2,49.522
25,Lleida,1,2023-07-01,2023,3,2023-T3,49.789
25,Lleida,1,2023-10-01,2023,4,2023-T4,49.931
25,Lleida,1,2024-01-01,2024,1,2024-T1,50.028
25,Lleida,1,2024-04-01,2024,2,2024-T2,50.163
25,Lleida,1,2024-07-01,2024,3,2024-T3,50.4
25,Lleida,1,2024-10-01,2024,4,2024-T4,50.519
25,Lleida,1,2025-01-01,2025,1,2025-T1,50.679
25,Lleida,1,2025-04-01,2025,2,2025-T2,50.792
25,Lleida,1,2025-07-01,2025,3,2025-T3,50.969
25,Lleida,1,2025-10-01,2025,4,2025-T4,51.019
25,Lleida,1,2026-01-01,2026,1,2026-T1,50.997
25,Lleida,1,2026-04-01,2026,2,2026-T2,51.068
25,Lleida,2,2021-01-01,2021,1,2021-T1,46.252
25,Lleida,2,2021-04-01,2021,2,2021-T2,46.633
25,Lleida,2,2021-07-01,2021,3,2021-T3,46.963
25,Lleida,2,2021-10-01,2021,4,2021-T4,47.348
25,Lleida,2,2022-01-01,2022,1,2022-T1,47.742
25,Lleida,2,2022-04-01,2022,2,2022-T2,48.076
25,Lleida,2,2022-07-01,2022,3,2022-T3,48.432
25,Lleida,2,2022-10-01,2022,4,2022-T4,48.703
25,Lleida,2,2023-01-01,2023,1,2023-T1,48.843
25,Lleida,2,2023-04-01,2023,2,2023-T2,49.005
25,Lleida,2,2023-07-01,2023,3,2023-T3,49.218
25,Lleida,2,2023-10-01,2023,4,2023-T4,49.34
25,Lleida,2,2024-01-01,2024,1,2024-T1,49.404
25,Lleida,2,2024-04-01,2024,2,2024-T2,49.586
25,Lleida,2,2024-07-01,2024,3,2024-T3,49.869
25,Lleida,2,2024-10-01,2024,4,2024-T4,50.088
25,Lleida,2,2025-01-01,2025,1,2025-T1,50.338
25,Lleida,2,2025-04-01,2025,2,2025-T2,50.449
25,Lleida,2,2025-07-01,2025,3,2025-T3,50.608
25,Lleida,2,2025-10-01,2025,4,2025-T4,50.885
25,Lleida,2,2026-01-01,2026,1,2026-T1,51.103
25,Lleida,2,2026-04-01,2026,2,2026-T2,51.363
25,Lleida,3,2021-01-01,2021,1,2021-T1,34.978
25,Lleida,3,2021-04-01,2021,2,2021-T2,34.937
25,Lleida,3,2021-07-01,2021,3,2021-T3,34.832
25,Lleida,3,2021-10-01,2021,4,2021-T4,34.803
25,Lleida,3,2022-01-01,2022,1,2022-T1,34.814
25,Lleida,3,2022-04-01,2022,2,2022-T2,34.779
25,Lleida,3,2022-07-01,2022,3,2022-T3,34.749
25,Lleida,3,2022-10-01,2022,4,2022-T4,34.946
25,Lleida,3,2023-01-01,2023,1,2023-T1,35.046
25,Lleida,3,2023-04-01,2023,2,2023-T2,35.084
25,Lleida,3,2023-07-01,2023,3,2023-T3,35.146
25,Lleida,3,2023-10-01,2023,4,2023-T4,35.199
25,Lleida,3,2024-01-01,2024,1,2024-T1,35.24
25,Lleida,3,2024-04-01,2024,2,2024-T2,35.222
25,Lleida,3,2024-07-01,2024,3,2024-T3,35.264
25,Lleida,3,2024-10-01,2024,4,2024-T4,35.286
25,Lleida,3,2025-01-01,2025,1,2025-T1,35.364
25,Lleida,3,2025-04-01,2025,2,2025-T2,35.396
25,Lleida,3,2025-07-01,2025,3,2025-T3,35.451
25,Lleida,3,2025-10-01,2025,4,2025-T4,35.443
25,Lleida,3,2026-01-01,2026,1,2026-T1,35.382
25,Lleida,3,2026-04-01,2026,2,2026-T2,35.405
25,Lleida,4 y más,2021-01-01,2021,1,2021-T1,42.112
25,Lleida,4 y más,2021-04-01,2021,2,2021-T2,41.894
25,Lleida,4 y más,2021-07-01,2021,3,2021-T3,41.596
25,Lleida,4 y más,2021-10-01,2021,4,2021-T4,41.516
25,Lleida,4 y más,2022-01-01,2022,1,2022-T1,41.498
25,Lleida,4 y más,2022-04-01,2022,2,2022-T2,41.588
25,Lleida,4 y más,2022-07-01,2022,3,2022-T3,41.681
25,Lleida,4 y más,2022-10-01,2022,4,2022-T4,41.755
25,Lleida,4 y más,2023-01-01,2023,1,2023-T1,41.713
25,Lleida,4 y más,2023-04-01,2023,2,2023-T2,41.689
25,Lleida,4 y más,2023-07-01,2023,3,2023-T3,41.677
25,Lleida,4 y más,2023-10-01,2023,4,2023-T4,41.802
25,Lleida,4 y más,2024-01-01,2024,1,2024-T1,41.928
25,Lleida,4 y más,2024-04-01,2024,2,2024-T2,41.949
25,Lleida,4 y más,2024-07-01,2024,3,2024-T3,42.037
25,Lleida,4 y más,2024-10-01,2024,4,2024-T4,42.18
25,Lleida,4 y más,2025-01-01,2025,1,2025-T1,42.397
25,Lleida,4 y más,2025-04-01,2025,2,2025-T2,42.569
25,Lleida,4 y más,2025-07-01,2025,3,2025-T3,42.758
25,Lleida,4 y más,2025-10-01,2025,4,2025-T4,42.98
25,Lleida,4 y más,2026-01-01,2026,1,2026-T1,43.131
25,Lleida,4 y más,2026-04-01,2026,2,2026-T2,43.278
25,Lleida,Total,2021-01-01,2021,1,2021-T1,169.763
25,Lleida,Total,2021-04-01,2021,2,2021-T2,170.285
25,Lleida,Total,2021-07-01,2021,3,2021-T3,170.571
25,Lleida,Total,2021-10-01,2021,4,2021-T4,171.267
25,Lleida,Total,2022-01-01,2022,1,2022-T1,172.056
25,Lleida,Total,2022-04-01,2022,2,2022-T2,172.875
25,Lleida,Total,2022-07-01,2022,3,2022-T3,173.767
25,Lleida,Total,2022-10-01,2022,4,2022-T4,174.591
25,Lleida,Total,2023-01-01,2023,1,2023-T1,174.937
25,Lleida,Total,2023-04-01,2023,2,2023-T2,175.3
25,Lleida,Total,2023-07-01,2023,3,2023-T3,175.83
25,Lleida,Total,2023-10-01,2023,4,2023-T4,176.272
25,Lleida,Total,2024-01-01,2024,1,2024-T1,176.6
25,Lleida,Total,2024-04-01,2024,2,2024-T2,176.92
25,Lleida,Total,2024-07-01,2024,3,2024-T3,177.57
25,Lleida,Total,2024-10-01,2024,4,2024-T4,178.073
25,Lleida,Total,2025-01-01,2025,1,2025-T1,178.778
25,Lleida,Total,2025-04-01,2025,2,2025-T2,179.206
25,Lleida,Total,2025-07-01,2025,3,2025-T3,179.786
25,Lleida,Total,2025-10-01,2025,4,2025-T4,180.327
25,Lleida,Total,2026-01-01,2026,1,2026-T1,180.613
25,Lleida,Total,2026-04-01,2026,2,2026-T2,181.114
27,Lugo,1,2021-01-01,2021,1,2021-T1,44.65
27,Lugo,1,2021-04-01,2021,2,2021-T2,45.095
27,Lugo,1,2021-07-01,2021,3,2021-T3,45.511
27,Lugo,1,2021-10-01,2021,4,2021-T4,45.843
27,Lugo,1,2022-01-01,2022,1,2022-T1,46.19
27,Lugo,1,2022-04-01,2022,2,2022-T2,46.371
27,Lugo,1,2022-07-01,2022,3,2022-T3,46.603
27,Lugo,1,2022-10-01,2022,4,2022-T4,46.969
27,Lugo,1,2023-01-01,2023,1,2023-T1,47.355
27,Lugo,1,2023-04-01,2023,2,2023-T2,47.51
27,Lugo,1,2023-07-01,2023,3,2023-T3,47.737
27,Lugo,1,2023-10-01,2023,4,2023-T4,47.802
27,Lugo,1,2024-01-01,2024,1,2024-T1,47.853
27,Lugo,1,2024-04-01,2024,2,2024-T2,47.924
27,Lugo,1,2024-07-01,2024,3,2024-T3,48.021
27,Lugo,1,2024-10-01,2024,4,2024-T4,48.161
27,Lugo,1,2025-01-01,2025,1,2025-T1,48.255
27,Lugo,1,2025-04-01,2025,2,2025-T2,48.38
27,Lugo,1,2025-07-01,2025,3,2025-T3,48.546
27,Lugo,1,2025-10-01,2025,4,2025-T4,48.883
27,Lugo,1,2026-01-01,2026,1,2026-T1,49.169
27,Lugo,1,2026-04-01,2026,2,2026-T2,49.365
27,Lugo,2,2021-01-01,2021,1,2021-T1,38.907
27,Lugo,2,2021-04-01,2021,2,2021-T2,39.165
27,Lugo,2,2021-07-01,2021,3,2021-T3,39.41
27,Lugo,2,2021-10-01,2021,4,2021-T4,39.631
27,Lugo,2,2022-01-01,2022,1,2022-T1,39.849
27,Lugo,2,2022-04-01,2022,2,2022-T2,39.827
27,Lugo,2,2022-07-01,2022,3,2022-T3,39.837
27,Lugo,2,2022-10-01,2022,4,2022-T4,40.005
27,Lugo,2,2023-01-01,2023,1,2023-T1,40.18
27,Lugo,2,2023-04-01,2023,2,2023-T2,40.276
27,Lugo,2,2023-07-01,2023,3,2023-T3,40.419
27,Lugo,2,2023-10-01,2023,4,2023-T4,40.502
27,Lugo,2,2024-01-01,2024,1,2024-T1,40.58
27,Lugo,2,2024-04-01,2024,2,2024-T2,40.683
27,Lugo,2,2024-07-01,2024,3,2024-T3,40.801
27,Lugo,2,2024-10-01,2024,4,2024-T4,40.99
27,Lugo,2,2025-01-01,2025,1,2025-T1,41.145
27,Lugo,2,2025-04-01,2025,2,2025-T2,41.235
27,Lugo,2,2025-07-01,2025,3,2025-T3,41.349
27,Lugo,2,2025-10-01,2025,4,2025-T4,41.578
27,Lugo,2,2026-01-01,2026,1,2026-T1,41.768
27,Lugo,2,2026-04-01,2026,2,2026-T2,41.871
27,Lugo,3,2021-01-01,2021,1,2021-T1,28.178
27,Lugo,3,2021-04-01,2021,2,2021-T2,28.056
27,Lugo,3,2021-07-01,2021,3,2021-T3,27.917
27,Lugo,3,2021-10-01,2021,4,2021-T4,27.769
27,Lugo,3,2022-01-01,2022,1,2022-T1,27.634
27,Lugo,3,2022-04-01,2022,2,2022-T2,27.626
27,Lugo,3,2022-07-01,2022,3,2022-T3,27.636
27,Lugo,3,2022-10-01,2022,4,2022-T4,27.561
27,Lugo,3,2023-01-01,2023,1,2023-T1,27.504
27,Lugo,3,2023-04-01,2023,2,2023-T2,27.396
27,Lugo,3,2023-07-01,2023,3,2023-T3,27.292
27,Lugo,3,2023-10-01,2023,4,2023-T4,27.343
27,Lugo,3,2024-01-01,2024,1,2024-T1,27.406
27,Lugo,3,2024-04-01,2024,2,2024-T2,27.377
27,Lugo,3,2024-07-01,2024,3,2024-T3,27.34
27,Lugo,3,2024-10-01,2024,4,2024-T4,27.305
27,Lugo,3,2025-01-01,2025,1,2025-T1,27.256
27,Lugo,3,2025-04-01,2025,2,2025-T2,27.244
27,Lugo,3,2025-07-01,2025,3,2025-T3,27.25
27,Lugo,3,2025-10-01,2025,4,2025-T4,27.254
27,Lugo,3,2026-01-01,2026,1,2026-T1,27.238
27,Lugo,3,2026-04-01,2026,2,2026-T2,27.206
27,Lugo,4 y más,2021-01-01,2021,1,2021-T1,25.82
27,Lugo,4 y más,2021-04-01,2021,2,2021-T2,25.593
27,Lugo,4 y más,2021-07-01,2021,3,2021-T3,25.35
27,Lugo,4 y más,2021-10-01,2021,4,2021-T4,25.218
27,Lugo,4 y más,2022-01-01,2022,1,2022-T1,25.103
27,Lugo,4 y más,2022-04-01,2022,2,2022-T2,24.991
27,Lugo,4 y más,2022-07-01,2022,3,2022-T3,24.892
27,Lugo,4 y más,2022-10-01,2022,4,2022-T4,24.802
27,Lugo,4 y más,2023-01-01,2023,1,2023-T1,24.735
27,Lugo,4 y más,2023-04-01,2023,2,2023-T2,24.669
27,Lugo,4 y más,2023-07-01,2023,3,2023-T3,24.594
27,Lugo,4 y más,2023-10-01,2023,4,2023-T4,24.563
27,Lugo,4 y más,2024-01-01,2024,1,2024-T1,24.551
27,Lugo,4 y más,2024-04-01,2024,2,2024-T2,24.484
27,Lugo,4 y más,2024-07-01,2024,3,2024-T3,24.409
27,Lugo,4 y más,2024-10-01,2024,4,2024-T4,24.439
27,Lugo,4 y más,2025-01-01,2025,1,2025-T1,24.462
27,Lugo,4 y más,2025-04-01,2025,2,2025-T2,24.425
27,Lugo,4 y más,2025-07-01,2025,3,2025-T3,24.405
27,Lugo,4 y más,2025-10-01,2025,4,2025-T4,24.376
27,Lugo,4 y más,2026-01-01,2026,1,2026-T1,24.328
27,Lugo,4 y más,2026-04-01,2026,2,2026-T2,24.269
27,Lugo,Total,2021-01-01,2021,1,2021-T1,137.555
27,Lugo,Total,2021-04-01,2021,2,2021-T2,137.909
27,Lugo,Total,2021-07-01,2021,3,2021-T3,138.188
27,Lugo,Total,2021-10-01,2021,4,2021-T4,138.461
27,Lugo,Total,2022-01-01,2022,1,2022-T1,138.776
27,Lugo,Total,2022-04-01,2022,2,2022-T2,138.815
27,Lugo,Total,2022-07-01,2022,3,2022-T3,138.968
27,Lugo,Total,2022-10-01,2022,4,2022-T4,139.337
27,Lugo,Total,2023-01-01,2023,1,2023-T1,139.774
27,Lugo,Total,2023-04-01,2023,2,2023-T2,139.851
27,Lugo,Total,2023-07-01,2023,3,2023-T3,140.042
27,Lugo,Total,2023-10-01,2023,4,2023-T4,140.21
27,Lugo,Total,2024-01-01,2024,1,2024-T1,140.39
27,Lugo,Total,2024-04-01,2024,2,2024-T2,140.468
27,Lugo,Total,2024-07-01,2024,3,2024-T3,140.571
27,Lugo,Total,2024-10-01,2024,4,2024-T4,140.895
27,Lugo,Total,2025-01-01,2025,1,2025-T1,141.118
27,Lugo,Total,2025-04-01,2025,2,2025-T2,141.284
27,Lugo,Total,2025-07-01,2025,3,2025-T3,141.55
27,Lugo,Total,2025-10-01,2025,4,2025-T4,142.091
27,Lugo,Total,2026-01-01,2026,1,2026-T1,142.503
27,Lugo,Total,2026-04-01,2026,2,2026-T2,142.711
28,Madrid,1,2021-01-01,2021,1,2021-T1,635.531
28,Madrid,1,2021-04-01,2021,2,2021-T2,641.628
28,Madrid,1,2021-07-01,2021,3,2021-T3,649.152
28,Madrid,1,2021-10-01,2021,4,2021-T4,657.897
28,Madrid,1,2022-01-01,2022,1,2022-T1,666.051
28,Madrid,1,2022-04-01,2022,2,2022-T2,670.171
28,Madrid,1,2022-07-01,2022,3,2022-T3,674.645
28,Madrid,1,2022-10-01,2022,4,2022-T4,680.3
28,Madrid,1,2023-01-01,2023,1,2023-T1,685.6
28,Madrid,1,2023-04-01,2023,2,2023-T2,691.644
28,Madrid,1,2023-07-01,2023,3,2023-T3,697.031
28,Madrid,1,2023-10-01,2023,4,2023-T4,694.501
28,Madrid,1,2024-01-01,2024,1,2024-T1,692.43
28,Madrid,1,2024-04-01,2024,2,2024-T2,691.948
28,Madrid,1,2024-07-01,2024,3,2024-T3,692.096
28,Madrid,1,2024-10-01,2024,4,2024-T4,694.617
28,Madrid,1,2025-01-01,2025,1,2025-T1,696.225
28,Madrid,1,2025-04-01,2025,2,2025-T2,701.42
28,Madrid,1,2025-07-01,2025,3,2025-T3,706.569
28,Madrid,1,2025-10-01,2025,4,2025-T4,711.079
28,Madrid,1,2026-01-01,2026,1,2026-T1,716.289
28,Madrid,1,2026-04-01,2026,2,2026-T2,721.885
28,Madrid,2,2021-01-01,2021,1,2021-T1,709.352
28,Madrid,2,2021-04-01,2021,2,2021-T2,714.491
28,Madrid,2,2021-07-01,2021,3,2021-T3,721.239
28,Madrid,2,2021-10-01,2021,4,2021-T4,727.461
28,Madrid,2,2022-01-01,2022,1,2022-T1,733.245
28,Madrid,2,2022-04-01,2022,2,2022-T2,737.494
28,Madrid,2,2022-07-01,2022,3,2022-T3,741.955
28,Madrid,2,2022-10-01,2022,4,2022-T4,747.035
28,Madrid,2,2023-01-01,2023,1,2023-T1,751.531
28,Madrid,2,2023-04-01,2023,2,2023-T2,755.979
28,Madrid,2,2023-07-01,2023,3,2023-T3,759.34
28,Madrid,2,2023-10-01,2023,4,2023-T4,761.069
28,Madrid,2,2024-01-01,2024,1,2024-T1,763.542
28,Madrid,2,2024-04-01,2024,2,2024-T2,765.273
28,Madrid,2,2024-07-01,2024,3,2024-T3,767.648
28,Madrid,2,2024-10-01,2024,4,2024-T4,772.217
28,Madrid,2,2025-01-01,2025,1,2025-T1,775.758
28,Madrid,2,2025-04-01,2025,2,2025-T2,780.323
28,Madrid,2,2025-07-01,2025,3,2025-T3,784.548
28,Madrid,2,2025-10-01,2025,4,2025-T4,787.229
28,Madrid,2,2026-01-01,2026,1,2026-T1,790.798
28,Madrid,2,2026-04-01,2026,2,2026-T2,794.929
28,Madrid,3,2021-01-01,2021,1,2021-T1,531.976
28,Madrid,3,2021-04-01,2021,2,2021-T2,531.123
28,Madrid,3,2021-07-01,2021,3,2021-T3,531.17
28,Madrid,3,2021-10-01,2021,4,2021-T4,531.495
28,Madrid,3,2022-01-01,2022,1,2022-T1,531.554
28,Madrid,3,2022-04-01,2022,2,2022-T2,533.369
28,Madrid,3,2022-07-01,2022,3,2022-T3,535.079
28,Madrid,3,2022-10-01,2022,4,2022-T4,535.933
28,Madrid,3,2023-01-01,2023,1,2023-T1,536.285
28,Madrid,3,2023-04-01,2023,2,2023-T2,538.236
28,Madrid,3,2023-07-01,2023,3,2023-T3,538.764
28,Madrid,3,2023-10-01,2023,4,2023-T4,540.594
28,Madrid,3,2024-01-01,2024,1,2024-T1,543.363
28,Madrid,3,2024-04-01,2024,2,2024-T2,543.613
28,Madrid,3,2024-07-01,2024,3,2024-T3,544.159
28,Madrid,3,2024-10-01,2024,4,2024-T4,546.669
28,Madrid,3,2025-01-01,2025,1,2025-T1,548.47
28,Madrid,3,2025-04-01,2025,2,2025-T2,550.914
28,Madrid,3,2025-07-01,2025,3,2025-T3,552.688
28,Madrid,3,2025-10-01,2025,4,2025-T4,553.07
28,Madrid,3,2026-01-01,2026,1,2026-T1,554.287
28,Madrid,3,2026-04-01,2026,2,2026-T2,556.057
28,Madrid,4 y más,2021-01-01,2021,1,2021-T1,669.984
28,Madrid,4 y más,2021-04-01,2021,2,2021-T2,666.115
28,Madrid,4 y más,2021-07-01,2021,3,2021-T3,663.166
28,Madrid,4 y más,2021-10-01,2021,4,2021-T4,661.908
28,Madrid,4 y más,2022-01-01,2022,1,2022-T1,660.269
28,Madrid,4 y más,2022-04-01,2022,2,2022-T2,663.655
28,Madrid,4 y más,2022-07-01,2022,3,2022-T3,666.783
28,Madrid,4 y más,2022-10-01,2022,4,2022-T4,667.681
28,Madrid,4 y más,2023-01-01,2023,1,2023-T1,667.922
28,Madrid,4 y más,2023-04-01,2023,2,2023-T2,670.102
28,Madrid,4 y más,2023-07-01,2023,3,2023-T3,670.13
28,Madrid,4 y más,2023-10-01,2023,4,2023-T4,673.717
28,Madrid,4 y más,2024-01-01,2024,1,2024-T1,678.649
28,Madrid,4 y más,2024-04-01,2024,2,2024-T2,680.368
28,Madrid,4 y más,2024-07-01,2024,3,2024-T3,682.307
28,Madrid,4 y más,2024-10-01,2024,4,2024-T4,685.916
28,Madrid,4 y más,2025-01-01,2025,1,2025-T1,688.525
28,Madrid,4 y más,2025-04-01,2025,2,2025-T2,689.199
28,Madrid,4 y más,2025-07-01,2025,3,2025-T3,688.77
28,Madrid,4 y más,2025-10-01,2025,4,2025-T4,688.032
28,Madrid,4 y más,2026-01-01,2026,1,2026-T1,688.341
28,Madrid,4 y más,2026-04-01,2026,2,2026-T2,689.564
52,Melilla,1,2021-01-01,2021,1,2021-T1,4.638
52,Melilla,1,2021-04-01,2021,2,2021-T2,4.713
52,Melilla,1,2021-07-01,2021,3,2021-T3,4.806
52,Melilla,1,2021-10-01,2021,4,2021-T4,4.887
52,Melilla,1,2022-01-01,2022,1,2022-T1,4.939
52,Melilla,1,2022-04-01,2022,2,2022-T2,5.014
52,Melilla,1,2022-07-01,2022,3,2022-T3,5.105
52,Melilla,1,2022-10-01,2022,4,2022-T4,5.083
52,Melilla,1,2023-01-01,2023,1,2023-T1,5.056
52,Melilla,1,2023-04-01,2023,2,2023-T2,5.083
52,Melilla,1,2023-07-01,2023,3,2023-T3,5.118
52,Melilla,1,2023-10-01,2023,4,2023-T4,5.152
52,Melilla,1,2024-01-01,2024,1,2024-T1,5.198
52,Melilla,1,2024-04-01,2024,2,2024-T2,5.231
52,Melilla,1,2024-07-01,2024,3,2024-T3,5.258
52,Melilla,1,2024-10-01,2024,4,2024-T4,5.287
52,Melilla,1,2025-01-01,2025,1,2025-T1,5.318
52,Melilla,1,2025-04-01,2025,2,2025-T2,5.307
52,Melilla,1,2025-07-01,2025,3,2025-T3,5.291
52,Melilla,1,2025-10-01,2025,4,2025-T4,5.342
52,Melilla,1,2026-01-01,2026,1,2026-T1,5.373
52,Melilla,1,2026-04-01,2026,2,2026-T2,5.394
52,Melilla,2,2021-01-01,2021,1,2021-T1,5.236
52,Melilla,2,2021-04-01,2021,2,2021-T2,5.315
52,Melilla,2,2021-07-01,2021,3,2021-T3,5.41
52,Melilla,2,2021-10-01,2021,4,2021-T4,5.461
52,Melilla,2,2022-01-01,2022,1,2022-T1,5.479
52,Melilla,2,2022-04-01,2022,2,2022-T2,5.525
52,Melilla,2,2022-07-01,2022,3,2022-T3,5.595
52,Melilla,2,2022-10-01,2022,4,2022-T4,5.649
52,Melilla,2,2023-01-01,2023,1,2023-T1,5.693
52,Melilla,2,2023-04-01,2023,2,2023-T2,5.729
52,Melilla,2,2023-07-01,2023,3,2023-T3,5.774
52,Melilla,2,2023-10-01,2023,4,2023-T4,5.773
52,Melilla,2,2024-01-01,2024,1,2024-T1,5.778
52,Melilla,2,2024-04-01,2024,2,2024-T2,5.853
52,Melilla,2,2024-07-01,2024,3,2024-T3,5.919
52,Melilla,2,2024-10-01,2024,4,2024-T4,5.958
52,Melilla,2,2025-01-01,2025,1,2025-T1,6.006
52,Melilla,2,2025-04-01,2025,2,2025-T2,6.038
52,Melilla,2,2025-07-01,2025,3,2025-T3,6.061
52,Melilla,2,2025-10-01,2025,4,2025-T4,6.087
52,Melilla,2,2026-01-01,2026,1,2026-T1,6.088
52,Melilla,2,2026-04-01,2026,2,2026-T2,6.077
52,Melilla,3,2021-01-01,2021,1,2021-T1,4.927
52,Melilla,3,2021-04-01,2021,2,2021-T2,4.913
52,Melilla,3,2021-07-01,2021,3,2021-T3,4.915
52,Melilla,3,2021-10-01,2021,4,2021-T4,4.919
52,Melilla,3,2022-01-01,2022,1,2022-T1,4.893
52,Melilla,3,2022-04-01,2022,2,2022-T2,4.907
52,Melilla,3,2022-07-01,2022,3,2022-T3,4.949
52,Melilla,3,2022-10-01,2022,4,2022-T4,4.972
52,Melilla,3,2023-01-01,2023,1,2023-T1,4.984
52,Melilla,3,2023-04-01,2023,2,2023-T2,4.976
52,Melilla,3,2023-07-01,2023,3,2023-T3,4.976
52,Melilla,3,2023-10-01,2023,4,2023-T4,5.01
52,Melilla,3,2024-01-01,2024,1,2024-T1,5.052
52,Melilla,3,2024-04-01,2024,2,2024-T2,5.056
52,Melilla,3,2024-07-01,2024,3,2024-T3,5.055
52,Melilla,3,2024-10-01,2024,4,2024-T4,5.075
52,Melilla,3,2025-01-01,2025,1,2025-T1,5.111
52,Melilla,3,2025-04-01,2025,2,2025-T2,5.129
52,Melilla,3,2025-07-01,2025,3,2025-T3,5.133
52,Melilla,3,2025-10-01,2025,4,2025-T4,5.191
52,Melilla,3,2026-01-01,2026,1,2026-T1,5.225
52,Melilla,3,2026-04-01,2026,2,2026-T2,5.242
52,Melilla,4 y más,2021-01-01,2021,1,2021-T1,10.777
52,Melilla,4 y más,2021-04-01,2021,2,2021-T2,10.694
52,Melilla,4 y más,2021-07-01,2021,3,2021-T3,10.643
52,Melilla,4 y más,2021-10-01,2021,4,2021-T4,10.581
52,Melilla,4 y más,2022-01-01,2022,1,2022-T1,10.457
52,Melilla,4 y más,2022-04-01,2022,2,2022-T2,10.41
52,Melilla,4 y más,2022-07-01,2022,3,2022-T3,10.44
52,Melilla,4 y más,2022-10-01,2022,4,2022-T4,10.503
52,Melilla,4 y más,2023-01-01,2023,1,2023-T1,10.535
52,Melilla,4 y más,2023-04-01,2023,2,2023-T2,10.53
52,Melilla,4 y más,2023-07-01,2023,3,2023-T3,10.539
52,Melilla,4 y más,2023-10-01,2023,4,2023-T4,10.542
52,Melilla,4 y más,2024-01-01,2024,1,2024-T1,10.569
52,Melilla,4 y más,2024-04-01,2024,2,2024-T2,10.589
52,Melilla,4 y más,2024-07-01,2024,3,2024-T3,10.598
52,Melilla,4 y más,2024-10-01,2024,4,2024-T4,10.599
52,Melilla,4 y más,2025-01-01,2025,1,2025-T1,10.652
52,Melilla,4 y más,2025-04-01,2025,2,2025-T2,10.678
52,Melilla,4 y más,2025-07-01,2025,3,2025-T3,10.664
52,Melilla,4 y más,2025-10-01,2025,4,2025-T4,10.626
52,Melilla,4 y más,2026-01-01,2026,1,2026-T1,10.538
52,Melilla,4 y más,2026-04-01,2026,2,2026-T2,10.444
52,Melilla,Total,2021-01-01,2021,1,2021-T1,25.578
52,Melilla,Total,2021-04-01,2021,2,2021-T2,25.635
52,Melilla,Total,2021-07-01,2021,3,2021-T3,25.774
52,Melilla,Total,2021-10-01,2021,4,2021-T4,25.848
52,Melilla,Total,2022-01-01,2022,1,2022-T1,25.768
52,Melilla,Total,2022-04-01,2022,2,2022-T2,25.856
52,Melilla,Total,2022-07-01,2022,3,2022-T3,26.089
52,Melilla,Total,2022-10-01,2022,4,2022-T4,26.207
52,Melilla,Total,2023-01-01,2023,1,2023-T1,26.268
52,Melilla,Total,2023-04-01,2023,2,2023-T2,26.318
52,Melilla,Total,2023-07-01,2023,3,2023-T3,26.407
52,Melilla,Total,2023-10-01,2023,4,2023-T4,26.477
52,Melilla,Total,2024-01-01,2024,1,2024-T1,26.597
52,Melilla,Total,2024-04-01,2024,2,2024-T2,26.729
52,Melilla,Total,2024-07-01,2024,3,2024-T3,26.83
52,Melilla,Total,2024-10-01,2024,4,2024-T4,26.919
52,Melilla,Total,2025-01-01,2025,1,2025-T1,27.087
52,Melilla,Total,2025-04-01,2025,2,2025-T2,27.152
52,Melilla,Total,2025-07-01,2025,3,2025-T3,27.149
52,Melilla,Total,2025-10-01,2025,4,2025-T4,27.246
52,Melilla,Total,2026-01-01,2026,1,2026-T1,27.224
52,Melilla,Total,2026-04-01,2026,2,2026-T2,27.157
30,Murcia,1,2021-01-01,2021,1,2021-T1,123.574
30,Murcia,1,2021-04-01,2021,2,2021-T2,124.932
30,Murcia,1,2021-07-01,2021,3,2021-T3,126.59
30,Murcia,1,2021-10-01,2021,4,2021-T4,128.031
30,Murcia,1,2022-01-01,2022,1,2022-T1,129.474
30,Murcia,1,2022-04-01,2022,2,2022-T2,130.284
30,Murcia,1,2022-07-01,2022,3,2022-T3,131.131
30,Murcia,1,2022-10-01,2022,4,2022-T4,132.02
30,Murcia,1,2023-01-01,2023,1,2023-T1,133.021
30,Murcia,1,2023-04-01,2023,2,2023-T2,133.885
30,Murcia,1,2023-07-01,2023,3,2023-T3,134.852
30,Murcia,1,2023-10-01,2023,4,2023-T4,135.749
30,Murcia,1,2024-01-01,2024,1,2024-T1,136.475
30,Murcia,1,2024-04-01,2024,2,2024-T2,137.379
30,Murcia,1,2024-07-01,2024,3,2024-T3,138.359
30,Murcia,1,2024-10-01,2024,4,2024-T4,139.203
30,Murcia,1,2025-01-01,2025,1,2025-T1,140.024
30,Murcia,1,2025-04-01,2025,2,2025-T2,140.765
30,Murcia,1,2025-07-01,2025,3,2025-T3,141.728
30,Murcia,1,2025-10-01,2025,4,2025-T4,142.704
30,Murcia,1,2026-01-01,2026,1,2026-T1,143.495
30,Murcia,1,2026-04-01,2026,2,2026-T2,144.436
30,Murcia,2,2021-01-01,2021,1,2021-T1,136.041
30,Murcia,2,2021-04-01,2021,2,2021-T2,137.506
30,Murcia,2,2021-07-01,2021,3,2021-T3,139.201
30,Murcia,2,2021-10-01,2021,4,2021-T4,140.952
30,Murcia,2,2022-01-01,2022,1,2022-T1,142.714
30,Murcia,2,2022-04-01,2022,2,2022-T2,143.056
30,Murcia,2,2022-07-01,2022,3,2022-T3,143.373
30,Murcia,2,2022-10-01,2022,4,2022-T4,144.286
30,Murcia,2,2023-01-01,2023,1,2023-T1,145.338
30,Murcia,2,2023-04-01,2023,2,2023-T2,146.44
30,Murcia,2,2023-07-01,2023,3,2023-T3,147.557
30,Murcia,2,2023-10-01,2023,4,2023-T4,148.229
30,Murcia,2,2024-01-01,2024,1,2024-T1,148.717
30,Murcia,2,2024-04-01,2024,2,2024-T2,149.761
30,Murcia,2,2024-07-01,2024,3,2024-T3,150.836
30,Murcia,2,2024-10-01,2024,4,2024-T4,151.879
30,Murcia,2,2025-01-01,2025,1,2025-T1,152.897
30,Murcia,2,2025-04-01,2025,2,2025-T2,153.66
30,Murcia,2,2025-07-01,2025,3,2025-T3,154.614
30,Murcia,2,2025-10-01,2025,4,2025-T4,155.842
30,Murcia,2,2026-01-01,2026,1,2026-T1,156.881
30,Murcia,2,2026-04-01,2026,2,2026-T2,157.975
30,Murcia,3,2021-01-01,2021,1,2021-T1,111.563
30,Murcia,3,2021-04-01,2021,2,2021-T2,111.61
30,Murcia,3,2021-07-01,2021,3,2021-T3,111.806
30,Murcia,3,2021-10-01,2021,4,2021-T4,112.099
30,Murcia,3,2022-01-01,2022,1,2022-T1,112.409
30,Murcia,3,2022-04-01,2022,2,2022-T2,112.485
30,Murcia,3,2022-07-01,2022,3,2022-T3,112.552
30,Murcia,3,2022-10-01,2022,4,2022-T4,113.015
30,Murcia,3,2023-01-01,2023,1,2023-T1,113.557
30,Murcia,3,2023-04-01,2023,2,2023-T2,113.849
30,Murcia,3,2023-07-01,2023,3,2023-T3,114.09
30,Murcia,3,2023-10-01,2023,4,2023-T4,114.577
30,Murcia,3,2024-01-01,2024,1,2024-T1,114.944
30,Murcia,3,2024-04-01,2024,2,2024-T2,115.423
30,Murcia,3,2024-07-01,2024,3,2024-T3,115.975
30,Murcia,3,2024-10-01,2024,4,2024-T4,116.349
30,Murcia,3,2025-01-01,2025,1,2025-T1,116.676
30,Murcia,3,2025-04-01,2025,2,2025-T2,117.103
30,Murcia,3,2025-07-01,2025,3,2025-T3,117.625
30,Murcia,3,2025-10-01,2025,4,2025-T4,118.107
30,Murcia,3,2026-01-01,2026,1,2026-T1,118.444
30,Murcia,3,2026-04-01,2026,2,2026-T2,118.896
30,Murcia,4 y más,2021-01-01,2021,1,2021-T1,169.484
30,Murcia,4 y más,2021-04-01,2021,2,2021-T2,168.797
30,Murcia,4 y más,2021-07-01,2021,3,2021-T3,168.29
30,Murcia,4 y más,2021-10-01,2021,4,2021-T4,167.909
30,Murcia,4 y más,2022-01-01,2022,1,2022-T1,167.528
30,Murcia,4 y más,2022-04-01,2022,2,2022-T2,168.143
30,Murcia,4 y más,2022-07-01,2022,3,2022-T3,168.745
30,Murcia,4 y más,2022-10-01,2022,4,2022-T4,168.81
30,Murcia,4 y más,2023-01-01,2023,1,2023-T1,168.967
30,Murcia,4 y más,2023-04-01,2023,2,2023-T2,168.984
30,Murcia,4 y más,2023-07-01,2023,3,2023-T3,168.844
30,Murcia,4 y más,2023-10-01,2023,4,2023-T4,169.31
30,Murcia,4 y más,2024-01-01,2024,1,2024-T1,169.634
30,Murcia,4 y más,2024-04-01,2024,2,2024-T2,169.615
30,Murcia,4 y más,2024-07-01,2024,3,2024-T3,169.713
30,Murcia,4 y más,2024-10-01,2024,4,2024-T4,169.978
30,Murcia,4 y más,2025-01-01,2025,1,2025-T1,170.155
30,Murcia,4 y más,2025-04-01,2025,2,2025-T2,170.427
30,Murcia,4 y más,2025-07-01,2025,3,2025-T3,170.794
30,Murcia,4 y más,2025-10-01,2025,4,2025-T4,170.97
30,Murcia,4 y más,2026-01-01,2026,1,2026-T1,170.931
30,Murcia,4 y más,2026-04-01,2026,2,2026-T2,171.171
30,Murcia,Total,2021-01-01,2021,1,2021-T1,540.662
30,Murcia,Total,2021-04-01,2021,2,2021-T2,542.845
30,Murcia,Total,2021-07-01,2021,3,2021-T3,545.887
30,Murcia,Total,2021-10-01,2021,4,2021-T4,548.991
30,Murcia,Total,2022-01-01,2022,1,2022-T1,552.125
30,Murcia,Total,2022-04-01,2022,2,2022-T2,553.968
30,Murcia,Total,2022-07-01,2022,3,2022-T3,555.801
30,Murcia,Total,2022-10-01,2022,4,2022-T4,558.131
30,Murcia,Total,2023-01-01,2023,1,2023-T1,560.883
30,Murcia,Total,2023-04-01,2023,2,2023-T2,563.158
30,Murcia,Total,2023-07-01,2023,3,2023-T3,565.343
30,Murcia,Total,2023-10-01,2023,4,2023-T4,567.865
30,Murcia,Total,2024-01-01,2024,1,2024-T1,569.77
30,Murcia,Total,2024-04-01,2024,2,2024-T2,572.178
30,Murcia,Total,2024-07-01,2024,3,2024-T3,574.883
30,Murcia,Total,2024-10-01,2024,4,2024-T4,577.409
30,Murcia,Total,2025-01-01,2025,1,2025-T1,579.752
30,Murcia,Total,2025-04-01,2025,2,2025-T2,581.955
30,Murcia,Total,2025-07-01,2025,3,2025-T3,584.761
30,Murcia,Total,2025-10-01,2025,4,2025-T4,587.623
30,Murcia,Total,2026-01-01,2026,1,2026-T1,589.751
30,Murcia,Total,2026-04-01,2026,2,2026-T2,592.478
29,Málaga,1,2021-01-01,2021,1,2021-T1,178.081
29,Málaga,1,2021-04-01,2021,2,2021-T2,179.937
29,Málaga,1,2021-07-01,2021,3,2021-T3,182.381
29,Málaga,1,2021-10-01,2021,4,2021-T4,184.343
29,Málaga,1,2022-01-01,2022,1,2022-T1,186.284
29,Málaga,1,2022-04-01,2022,2,2022-T2,187.879
29,Málaga,1,2022-07-01,2022,3,2022-T3,189.742
29,Málaga,1,2022-10-01,2022,4,2022-T4,190.979
29,Málaga,1,2023-01-01,2023,1,2023-T1,192.238
29,Málaga,1,2023-04-01,2023,2,2023-T2,193.015
29,Málaga,1,2023-07-01,2023,3,2023-T3,193.699
29,Málaga,1,2023-10-01,2023,4,2023-T4,194.382
29,Málaga,1,2024-01-01,2024,1,2024-T1,194.962
29,Málaga,1,2024-04-01,2024,2,2024-T2,195.361
29,Málaga,1,2024-07-01,2024,3,2024-T3,196.016
29,Málaga,1,2024-10-01,2024,4,2024-T4,196.639
29,Málaga,1,2025-01-01,2025,1,2025-T1,196.932
29,Málaga,1,2025-04-01,2025,2,2025-T2,197.394
29,Málaga,1,2025-07-01,2025,3,2025-T3,198.139
29,Málaga,1,2025-10-01,2025,4,2025-T4,198.888
29,Málaga,1,2026-01-01,2026,1,2026-T1,199.463
29,Málaga,1,2026-04-01,2026,2,2026-T2,199.703
29,Málaga,2,2021-01-01,2021,1,2021-T1,182.978
29,Málaga,2,2021-04-01,2021,2,2021-T2,184.711
29,Málaga,2,2021-07-01,2021,3,2021-T3,186.995
29,Málaga,2,2021-10-01,2021,4,2021-T4,188.755
29,Málaga,2,2022-01-01,2022,1,2022-T1,190.58
29,Málaga,2,2022-04-01,2022,2,2022-T2,191.889
29,Málaga,2,2022-07-01,2022,3,2022-T3,193.412
29,Málaga,2,2022-10-01,2022,4,2022-T4,194.771
29,Málaga,2,2023-01-01,2023,1,2023-T1,196.082
29,Málaga,2,2023-04-01,2023,2,2023-T2,197.26
29,Málaga,2,2023-07-01,2023,3,2023-T3,198.312
29,Málaga,2,2023-10-01,2023,4,2023-T4,198.937
29,Málaga,2,2024-01-01,2024,1,2024-T1,199.444
29,Málaga,2,2024-04-01,2024,2,2024-T2,200.128
29,Málaga,2,2024-07-01,2024,3,2024-T3,201.015
29,Málaga,2,2024-10-01,2024,4,2024-T4,201.68
29,Málaga,2,2025-01-01,2025,1,2025-T1,202.004
29,Málaga,2,2025-04-01,2025,2,2025-T2,202.913
29,Málaga,2,2025-07-01,2025,3,2025-T3,204.064
29,Málaga,2,2025-10-01,2025,4,2025-T4,204.982
29,Málaga,2,2026-01-01,2026,1,2026-T1,205.719
29,Málaga,2,2026-04-01,2026,2,2026-T2,206.143
29,Málaga,3,2021-01-01,2021,1,2021-T1,132.846
29,Málaga,3,2021-04-01,2021,2,2021-T2,132.892
29,Málaga,3,2021-07-01,2021,3,2021-T3,133.279
29,Málaga,3,2021-10-01,2021,4,2021-T4,133.403
29,Málaga,3,2022-01-01,2022,1,2022-T1,133.481
29,Málaga,3,2022-04-01,2022,2,2022-T2,134.142
29,Málaga,3,2022-07-01,2022,3,2022-T3,134.968
29,Málaga,3,2022-10-01,2022,4,2022-T4,135.718
29,Málaga,3,2023-01-01,2023,1,2023-T1,136.341
29,Málaga,3,2023-04-01,2023,2,2023-T2,137.109
29,Málaga,3,2023-07-01,2023,3,2023-T3,137.716
29,Málaga,3,2023-10-01,2023,4,2023-T4,138.168
29,Málaga,3,2024-01-01,2024,1,2024-T1,138.497
29,Málaga,3,2024-04-01,2024,2,2024-T2,138.779
29,Málaga,3,2024-07-01,2024,3,2024-T3,139.179
29,Málaga,3,2024-10-01,2024,4,2024-T4,139.287
29,Málaga,3,2025-01-01,2025,1,2025-T1,139.177
29,Málaga,3,2025-04-01,2025,2,2025-T2,139.634
29,Málaga,3,2025-07-01,2025,3,2025-T3,140.177
29,Málaga,3,2025-10-01,2025,4,2025-T4,140.639
29,Málaga,3,2026-01-01,2026,1,2026-T1,140.963
29,Málaga,3,2026-04-01,2026,2,2026-T2,141.025
29,Málaga,4 y más,2021-01-01,2021,1,2021-T1,166.439
29,Málaga,4 y más,2021-04-01,2021,2,2021-T2,165.652
29,Málaga,4 y más,2021-07-01,2021,3,2021-T3,165.272
29,Málaga,4 y más,2021-10-01,2021,4,2021-T4,165.212
29,Málaga,4 y más,2022-01-01,2022,1,2022-T1,165.025
29,Málaga,4 y más,2022-04-01,2022,2,2022-T2,165.341
29,Málaga,4 y más,2022-07-01,2022,3,2022-T3,165.825
29,Málaga,4 y más,2022-10-01,2022,4,2022-T4,166.455
29,Málaga,4 y más,2023-01-01,2023,1,2023-T1,166.843
29,Málaga,4 y más,2023-04-01,2023,2,2023-T2,166.989
29,Málaga,4 y más,2023-07-01,2023,3,2023-T3,166.849
29,Málaga,4 y más,2023-10-01,2023,4,2023-T4,167.287
29,Málaga,4 y más,2024-01-01,2024,1,2024-T1,167.54
29,Málaga,4 y más,2024-04-01,2024,2,2024-T2,167.639
29,Málaga,4 y más,2024-07-01,2024,3,2024-T3,167.842
29,Málaga,4 y más,2024-10-01,2024,4,2024-T4,168.456
29,Málaga,4 y más,2025-01-01,2025,1,2025-T1,168.799
29,Málaga,4 y más,2025-04-01,2025,2,2025-T2,168.95
29,Málaga,4 y más,2025-07-01,2025,3,2025-T3,169.144
29,Málaga,4 y más,2025-10-01,2025,4,2025-T4,169.512
29,Málaga,4 y más,2026-01-01,2026,1,2026-T1,169.693
29,Málaga,4 y más,2026-04-01,2026,2,2026-T2,169.466
29,Málaga,Total,2021-01-01,2021,1,2021-T1,660.344
29,Málaga,Total,2021-04-01,2021,2,2021-T2,663.192
29,Málaga,Total,2021-07-01,2021,3,2021-T3,667.927
29,Málaga,Total,2021-10-01,2021,4,2021-T4,671.713
29,Málaga,Total,2022-01-01,2022,1,2022-T1,675.37
29,Málaga,Total,2022-04-01,2022,2,2022-T2,679.251
29,Málaga,Total,2022-07-01,2022,3,2022-T3,683.947
29,Málaga,Total,2022-10-01,2022,4,2022-T4,687.923
29,Málaga,Total,2023-01-01,2023,1,2023-T1,691.504
29,Málaga,Total,2023-04-01,2023,2,2023-T2,694.373
29,Málaga,Total,2023-07-01,2023,3,2023-T3,696.576
29,Málaga,Total,2023-10-01,2023,4,2023-T4,698.774
29,Málaga,Total,2024-01-01,2024,1,2024-T1,700.443
29,Málaga,Total,2024-04-01,2024,2,2024-T2,701.907
29,Málaga,Total,2024-07-01,2024,3,2024-T3,704.052
29,Málaga,Total,2024-10-01,2024,4,2024-T4,706.062
29,Málaga,Total,2025-01-01,2025,1,2025-T1,706.912
29,Málaga,Total,2025-04-01,2025,2,2025-T2,708.891
29,Málaga,Total,2025-07-01,2025,3,2025-T3,711.524
29,Málaga,Total,2025-10-01,2025,4,2025-T4,714.021
29,Málaga,Total,2026-01-01,2026,1,2026-T1,715.838
29,Málaga,Total,2026-04-01,2026,2,2026-T2,716.337
31,Navarra,1,2021-01-01,2021,1,2021-T1,70.724
31,Navarra,1,2021-04-01,2021,2,2021-T2,71.526
31,Navarra,1,2021-07-01,2021,3,2021-T3,72.304
31,Navarra,1,2021-10-01,2021,4,2021-T4,73.088
31,Navarra,1,2022-01-01,2022,1,2022-T1,73.825
31,Navarra,1,2022-04-01,2022,2,2022-T2,74.227
31,Navarra,1,2022-07-01,2022,3,2022-T3,74.719
31,Navarra,1,2022-10-01,2022,4,2022-T4,75.102
31,Navarra,1,2023-01-01,2023,1,2023-T1,75.427
31,Navarra,1,2023-04-01,2023,2,2023-T2,75.596
31,Navarra,1,2023-07-01,2023,3,2023-T3,75.91
31,Navarra,1,2023-10-01,2023,4,2023-T4,76.228
31,Navarra,1,2024-01-01,2024,1,2024-T1,76.463
31,Navarra,1,2024-04-01,2024,2,2024-T2,76.861
31,Navarra,1,2024-07-01,2024,3,2024-T3,77.372
31,Navarra,1,2024-10-01,2024,4,2024-T4,77.791
31,Navarra,1,2025-01-01,2025,1,2025-T1,78.134
31,Navarra,1,2025-04-01,2025,2,2025-T2,78.351
31,Navarra,1,2025-07-01,2025,3,2025-T3,78.593
31,Navarra,1,2025-10-01,2025,4,2025-T4,79.096
31,Navarra,1,2026-01-01,2026,1,2026-T1,79.516
31,Navarra,1,2026-04-01,2026,2,2026-T2,79.937
31,Navarra,2,2021-01-01,2021,1,2021-T1,69.369
31,Navarra,2,2021-04-01,2021,2,2021-T2,69.968
31,Navarra,2,2021-07-01,2021,3,2021-T3,70.55
31,Navarra,2,2021-10-01,2021,4,2021-T4,71.236
31,Navarra,2,2022-01-01,2022,1,2022-T1,71.881
31,Navarra,2,2022-04-01,2022,2,2022-T2,72.091
31,Navarra,2,2022-07-01,2022,3,2022-T3,72.372
31,Navarra,2,2022-10-01,2022,4,2022-T4,72.686
31,Navarra,2,2023-01-01,2023,1,2023-T1,72.918
31,Navarra,2,2023-04-01,2023,2,2023-T2,73.181
31,Navarra,2,2023-07-01,2023,3,2023-T3,73.577
31,Navarra,2,2023-10-01,2023,4,2023-T4,73.871
31,Navarra,2,2024-01-01,2024,1,2024-T1,74.09
31,Navarra,2,2024-04-01,2024,2,2024-T2,74.354
31,Navarra,2,2024-07-01,2024,3,2024-T3,74.707
31,Navarra,2,2024-10-01,2024,4,2024-T4,74.98
31,Navarra,2,2025-01-01,2025,1,2025-T1,75.173
31,Navarra,2,2025-04-01,2025,2,2025-T2,75.34
31,Navarra,2,2025-07-01,2025,3,2025-T3,75.502
31,Navarra,2,2025-10-01,2025,4,2025-T4,75.832
31,Navarra,2,2026-01-01,2026,1,2026-T1,76.08
31,Navarra,2,2026-04-01,2026,2,2026-T2,76.345
31,Navarra,3,2021-01-01,2021,1,2021-T1,50.686
31,Navarra,3,2021-04-01,2021,2,2021-T2,50.691
31,Navarra,3,2021-07-01,2021,3,2021-T3,50.676
31,Navarra,3,2021-10-01,2021,4,2021-T4,50.648
31,Navarra,3,2022-01-01,2022,1,2022-T1,50.617
31,Navarra,3,2022-04-01,2022,2,2022-T2,50.601
31,Navarra,3,2022-07-01,2022,3,2022-T3,50.602
31,Navarra,3,2022-10-01,2022,4,2022-T4,50.735
31,Navarra,3,2023-01-01,2023,1,2023-T1,50.783
31,Navarra,3,2023-04-01,2023,2,2023-T2,50.786
31,Navarra,3,2023-07-01,2023,3,2023-T3,50.842
31,Navarra,3,2023-10-01,2023,4,2023-T4,51.003
31,Navarra,3,2024-01-01,2024,1,2024-T1,51.127
31,Navarra,3,2024-04-01,2024,2,2024-T2,51.089
31,Navarra,3,2024-07-01,2024,3,2024-T3,51.098
31,Navarra,3,2024-10-01,2024,4,2024-T4,51.175
31,Navarra,3,2025-01-01,2025,1,2025-T1,51.22
31,Navarra,3,2025-04-01,2025,2,2025-T2,51.413
31,Navarra,3,2025-07-01,2025,3,2025-T3,51.578
31,Navarra,3,2025-10-01,2025,4,2025-T4,51.665
31,Navarra,3,2026-01-01,2026,1,2026-T1,51.684
31,Navarra,3,2026-04-01,2026,2,2026-T2,51.713
31,Navarra,4 y más,2021-01-01,2021,1,2021-T1,65.551
31,Navarra,4 y más,2021-04-01,2021,2,2021-T2,65.19
31,Navarra,4 y más,2021-07-01,2021,3,2021-T3,64.804
31,Navarra,4 y más,2021-10-01,2021,4,2021-T4,64.695
31,Navarra,4 y más,2022-01-01,2022,1,2022-T1,64.592
31,Navarra,4 y más,2022-04-01,2022,2,2022-T2,64.687
31,Navarra,4 y más,2022-07-01,2022,3,2022-T3,64.768
31,Navarra,4 y más,2022-10-01,2022,4,2022-T4,64.951
31,Navarra,4 y más,2023-01-01,2023,1,2023-T1,64.999
31,Navarra,4 y más,2023-04-01,2023,2,2023-T2,64.935
31,Navarra,4 y más,2023-07-01,2023,3,2023-T3,64.898
31,Navarra,4 y más,2023-10-01,2023,4,2023-T4,65.02
31,Navarra,4 y más,2024-01-01,2024,1,2024-T1,65.105
31,Navarra,4 y más,2024-04-01,2024,2,2024-T2,65.118
31,Navarra,4 y más,2024-07-01,2024,3,2024-T3,65.171
31,Navarra,4 y más,2024-10-01,2024,4,2024-T4,65.269
31,Navarra,4 y más,2025-01-01,2025,1,2025-T1,65.336
31,Navarra,4 y más,2025-04-01,2025,2,2025-T2,65.377
31,Navarra,4 y más,2025-07-01,2025,3,2025-T3,65.366
31,Navarra,4 y más,2025-10-01,2025,4,2025-T4,65.483
31,Navarra,4 y más,2026-01-01,2026,1,2026-T1,65.496
31,Navarra,4 y más,2026-04-01,2026,2,2026-T2,65.487
31,Navarra,Total,2021-01-01,2021,1,2021-T1,256.33
31,Navarra,Total,2021-04-01,2021,2,2021-T2,257.375
31,Navarra,Total,2021-07-01,2021,3,2021-T3,258.334
31,Navarra,Total,2021-10-01,2021,4,2021-T4,259.667
31,Navarra,Total,2022-01-01,2022,1,2022-T1,260.915
31,Navarra,Total,2022-04-01,2022,2,2022-T2,261.606
31,Navarra,Total,2022-07-01,2022,3,2022-T3,262.461
31,Navarra,Total,2022-10-01,2022,4,2022-T4,263.474
31,Navarra,Total,2023-01-01,2023,1,2023-T1,264.127
31,Navarra,Total,2023-04-01,2023,2,2023-T2,264.498
31,Navarra,Total,2023-07-01,2023,3,2023-T3,265.227
31,Navarra,Total,2023-10-01,2023,4,2023-T4,266.122
31,Navarra,Total,2024-01-01,2024,1,2024-T1,266.785
31,Navarra,Total,2024-04-01,2024,2,2024-T2,267.422
31,Navarra,Total,2024-07-01,2024,3,2024-T3,268.348
31,Navarra,Total,2024-10-01,2024,4,2024-T4,269.215
31,Navarra,Total,2025-01-01,2025,1,2025-T1,269.863
31,Navarra,Total,2025-04-01,2025,2,2025-T2,270.481
31,Navarra,Total,2025-07-01,2025,3,2025-T3,271.039
31,Navarra,Total,2025-10-01,2025,4,2025-T4,272.076
31,Navarra,Total,2026-01-01,2026,1,2026-T1,272.776
31,Navarra,Total,2026-04-01,2026,2,2026-T2,273.482
32,Ourense,1,2021-01-01,2021,1,2021-T1,45.797
32,Ourense,1,2021-04-01,2021,2,2021-T2,46.19
32,Ourense,1,2021-07-01,2021,3,2021-T3,46.612
32,Ourense,1,2021-10-01,2021,4,2021-T4,46.999
32,Ourense,1,2022-01-01,2022,1,2022-T1,47.298
32,Ourense,1,2022-04-01,2022,2,2022-T2,47.481
32,Ourense,1,2022-07-01,2022,3,2022-T3,47.769
32,Ourense,1,2022-10-01,2022,4,2022-T4,47.894
32,Ourense,1,2023-01-01,2023,1,2023-T1,48.015
32,Ourense,1,2023-04-01,2023,2,2023-T2,48.17
32,Ourense,1,2023-07-01,2023,3,2023-T3,48.395
32,Ourense,1,2023-10-01,2023,4,2023-T4,48.644
32,Ourense,1,2024-01-01,2024,1,2024-T1,48.804
32,Ourense,1,2024-04-01,2024,2,2024-T2,48.966
32,Ourense,1,2024-07-01,2024,3,2024-T3,49.232
32,Ourense,1,2024-10-01,2024,4,2024-T4,49.358
32,Ourense,1,2025-01-01,2025,1,2025-T1,49.41
32,Ourense,1,2025-04-01,2025,2,2025-T2,49.515
32,Ourense,1,2025-07-01,2025,3,2025-T3,49.748
32,Ourense,1,2025-10-01,2025,4,2025-T4,49.955
32,Ourense,1,2026-01-01,2026,1,2026-T1,50.092
32,Ourense,1,2026-04-01,2026,2,2026-T2,50.206
32,Ourense,2,2021-01-01,2021,1,2021-T1,39.82
32,Ourense,2,2021-04-01,2021,2,2021-T2,39.952
32,Ourense,2,2021-07-01,2021,3,2021-T3,40.125
32,Ourense,2,2021-10-01,2021,4,2021-T4,40.276
32,Ourense,2,2022-01-01,2022,1,2022-T1,40.362
32,Ourense,2,2022-04-01,2022,2,2022-T2,40.368
32,Ourense,2,2022-07-01,2022,3,2022-T3,40.462
32,Ourense,2,2022-10-01,2022,4,2022-T4,40.592
32,Ourense,2,2023-01-01,2023,1,2023-T1,40.726
32,Ourense,2,2023-04-01,2023,2,2023-T2,40.762
32,Ourense,2,2023-07-01,2023,3,2023-T3,40.841
32,Ourense,2,2023-10-01,2023,4,2023-T4,40.968
32,Ourense,2,2024-01-01,2024,1,2024-T1,41.03
32,Ourense,2,2024-04-01,2024,2,2024-T2,41.062
32,Ourense,2,2024-07-01,2024,3,2024-T3,41.177
32,Ourense,2,2024-10-01,2024,4,2024-T4,41.297
32,Ourense,2,2025-01-01,2025,1,2025-T1,41.364
32,Ourense,2,2025-04-01,2025,2,2025-T2,41.435
32,Ourense,2,2025-07-01,2025,3,2025-T3,41.597
32,Ourense,2,2025-10-01,2025,4,2025-T4,41.711
32,Ourense,2,2026-01-01,2026,1,2026-T1,41.764
32,Ourense,2,2026-04-01,2026,2,2026-T2,41.827
32,Ourense,3,2021-01-01,2021,1,2021-T1,26.242
32,Ourense,3,2021-04-01,2021,2,2021-T2,26.1
32,Ourense,3,2021-07-01,2021,3,2021-T3,25.976
32,Ourense,3,2021-10-01,2021,4,2021-T4,25.869
32,Ourense,3,2022-01-01,2022,1,2022-T1,25.726
32,Ourense,3,2022-04-01,2022,2,2022-T2,25.642
32,Ourense,3,2022-07-01,2022,3,2022-T3,25.611
32,Ourense,3,2022-10-01,2022,4,2022-T4,25.554
32,Ourense,3,2023-01-01,2023,1,2023-T1,25.509
32,Ourense,3,2023-04-01,2023,2,2023-T2,25.483
32,Ourense,3,2023-07-01,2023,3,2023-T3,25.473
32,Ourense,3,2023-10-01,2023,4,2023-T4,25.457
32,Ourense,3,2024-01-01,2024,1,2024-T1,25.421
32,Ourense,3,2024-04-01,2024,2,2024-T2,25.422
32,Ourense,3,2024-07-01,2024,3,2024-T3,25.481
32,Ourense,3,2024-10-01,2024,4,2024-T4,25.487
32,Ourense,3,2025-01-01,2025,1,2025-T1,25.465
32,Ourense,3,2025-04-01,2025,2,2025-T2,25.416
32,Ourense,3,2025-07-01,2025,3,2025-T3,25.414
32,Ourense,3,2025-10-01,2025,4,2025-T4,25.387
32,Ourense,3,2026-01-01,2026,1,2026-T1,25.311
32,Ourense,3,2026-04-01,2026,2,2026-T2,25.263
32,Ourense,4 y más,2021-01-01,2021,1,2021-T1,21.772
32,Ourense,4 y más,2021-04-01,2021,2,2021-T2,21.581
32,Ourense,4 y más,2021-07-01,2021,3,2021-T3,21.401
32,Ourense,4 y más,2021-10-01,2021,4,2021-T4,21.331
32,Ourense,4 y más,2022-01-01,2022,1,2022-T1,21.225
32,Ourense,4 y más,2022-04-01,2022,2,2022-T2,21.13
32,Ourense,4 y más,2022-07-01,2022,3,2022-T3,21.078
32,Ourense,4 y más,2022-10-01,2022,4,2022-T4,21.032
32,Ourense,4 y más,2023-01-01,2023,1,2023-T1,20.992
32,Ourense,4 y más,2023-04-01,2023,2,2023-T2,20.894
32,Ourense,4 y más,2023-07-01,2023,3,2023-T3,20.804
32,Ourense,4 y más,2023-10-01,2023,4,2023-T4,20.756
32,Ourense,4 y más,2024-01-01,2024,1,2024-T1,20.698
32,Ourense,4 y más,2024-04-01,2024,2,2024-T2,20.544
32,Ourense,4 y más,2024-07-01,2024,3,2024-T3,20.434
32,Ourense,4 y más,2024-10-01,2024,4,2024-T4,20.475
32,Ourense,4 y más,2025-01-01,2025,1,2025-T1,20.498
32,Ourense,4 y más,2025-04-01,2025,2,2025-T2,20.458
32,Ourense,4 y más,2025-07-01,2025,3,2025-T3,20.452
32,Ourense,4 y más,2025-10-01,2025,4,2025-T4,20.523
32,Ourense,4 y más,2026-01-01,2026,1,2026-T1,20.551
32,Ourense,4 y más,2026-04-01,2026,2,2026-T2,20.559
32,Ourense,Total,2021-01-01,2021,1,2021-T1,133.631
32,Ourense,Total,2021-04-01,2021,2,2021-T2,133.823
32,Ourense,Total,2021-07-01,2021,3,2021-T3,134.114
32,Ourense,Total,2021-10-01,2021,4,2021-T4,134.475
32,Ourense,Total,2022-01-01,2022,1,2022-T1,134.611
32,Ourense,Total,2022-04-01,2022,2,2022-T2,134.621
32,Ourense,Total,2022-07-01,2022,3,2022-T3,134.92
32,Ourense,Total,2022-10-01,2022,4,2022-T4,135.072
32,Ourense,Total,2023-01-01,2023,1,2023-T1,135.242
32,Ourense,Total,2023-04-01,2023,2,2023-T2,135.309
32,Ourense,Total,2023-07-01,2023,3,2023-T3,135.513
32,Ourense,Total,2023-10-01,2023,4,2023-T4,135.825
32,Ourense,Total,2024-01-01,2024,1,2024-T1,135.953
32,Ourense,Total,2024-04-01,2024,2,2024-T2,135.994
32,Ourense,Total,2024-07-01,2024,3,2024-T3,136.324
32,Ourense,Total,2024-10-01,2024,4,2024-T4,136.617
32,Ourense,Total,2025-01-01,2025,1,2025-T1,136.737
32,Ourense,Total,2025-04-01,2025,2,2025-T2,136.824
32,Ourense,Total,2025-07-01,2025,3,2025-T3,137.211
32,Ourense,Total,2025-10-01,2025,4,2025-T4,137.576
32,Ourense,Total,2026-01-01,2026,1,2026-T1,137.718
32,Ourense,Total,2026-04-01,2026,2,2026-T2,137.855
34,Palencia,1,2021-01-01,2021,1,2021-T1,22.6
34,Palencia,1,2021-04-01,2021,2,2021-T2,22.754
34,Palencia,1,2021-07-01,2021,3,2021-T3,22.981
34,Palencia,1,2021-10-01,2021,4,2021-T4,23.199
34,Palencia,1,2022-01-01,2022,1,2022-T1,23.424
34,Palencia,1,2022-04-01,2022,2,2022-T2,23.489
34,Palencia,1,2022-07-01,2022,3,2022-T3,23.588
34,Palencia,1,2022-10-01,2022,4,2022-T4,23.777
34,Palencia,1,2023-01-01,2023,1,2023-T1,23.974
34,Palencia,1,2023-04-01,2023,2,2023-T2,24.013
34,Palencia,1,2023-07-01,2023,3,2023-T3,24.095
34,Palencia,1,2023-10-01,2023,4,2023-T4,24.172
34,Palencia,1,2024-01-01,2024,1,2024-T1,24.227
34,Palencia,1,2024-04-01,2024,2,2024-T2,24.284
34,Palencia,1,2024-07-01,2024,3,2024-T3,24.367
34,Palencia,1,2024-10-01,2024,4,2024-T4,24.514
34,Palencia,1,2025-01-01,2025,1,2025-T1,24.611
34,Palencia,1,2025-04-01,2025,2,2025-T2,24.595
34,Palencia,1,2025-07-01,2025,3,2025-T3,24.604
34,Palencia,1,2025-10-01,2025,4,2025-T4,24.721
34,Palencia,1,2026-01-01,2026,1,2026-T1,24.831
34,Palencia,1,2026-04-01,2026,2,2026-T2,24.91
34,Palencia,2,2021-01-01,2021,1,2021-T1,19.692
34,Palencia,2,2021-04-01,2021,2,2021-T2,19.748
34,Palencia,2,2021-07-01,2021,3,2021-T3,19.854
34,Palencia,2,2021-10-01,2021,4,2021-T4,19.961
34,Palencia,2,2022-01-01,2022,1,2022-T1,20.07
34,Palencia,2,2022-04-01,2022,2,2022-T2,20.142
34,Palencia,2,2022-07-01,2022,3,2022-T3,20.245
34,Palencia,2,2022-10-01,2022,4,2022-T4,20.321
34,Palencia,2,2023-01-01,2023,1,2023-T1,20.402
34,Palencia,2,2023-04-01,2023,2,2023-T2,20.399
34,Palencia,2,2023-07-01,2023,3,2023-T3,20.427
34,Palencia,2,2023-10-01,2023,4,2023-T4,20.531
34,Palencia,2,2024-01-01,2024,1,2024-T1,20.612
34,Palencia,2,2024-04-01,2024,2,2024-T2,20.623
34,Palencia,2,2024-07-01,2024,3,2024-T3,20.649
34,Palencia,2,2024-10-01,2024,4,2024-T4,20.719
34,Palencia,2,2025-01-01,2025,1,2025-T1,20.749
34,Palencia,2,2025-04-01,2025,2,2025-T2,20.784
34,Palencia,2,2025-07-01,2025,3,2025-T3,20.837
34,Palencia,2,2025-10-01,2025,4,2025-T4,20.935
34,Palencia,2,2026-01-01,2026,1,2026-T1,21.028
34,Palencia,2,2026-04-01,2026,2,2026-T2,21.099
34,Palencia,3,2021-01-01,2021,1,2021-T1,13.73
34,Palencia,3,2021-04-01,2021,2,2021-T2,13.627
34,Palencia,3,2021-07-01,2021,3,2021-T3,13.544
34,Palencia,3,2021-10-01,2021,4,2021-T4,13.44
34,Palencia,3,2022-01-01,2022,1,2022-T1,13.339
34,Palencia,3,2022-04-01,2022,2,2022-T2,13.26
34,Palencia,3,2022-07-01,2022,3,2022-T3,13.2
34,Palencia,3,2022-10-01,2022,4,2022-T4,13.164
34,Palencia,3,2023-01-01,2023,1,2023-T1,13.131
34,Palencia,3,2023-04-01,2023,2,2023-T2,13.086
34,Palencia,3,2023-07-01,2023,3,2023-T3,13.053
34,Palencia,3,2023-10-01,2023,4,2023-T4,13.02
34,Palencia,3,2024-01-01,2024,1,2024-T1,12.976
34,Palencia,3,2024-04-01,2024,2,2024-T2,12.935
34,Palencia,3,2024-07-01,2024,3,2024-T3,12.901
34,Palencia,3,2024-10-01,2024,4,2024-T4,12.895
34,Palencia,3,2025-01-01,2025,1,2025-T1,12.869
34,Palencia,3,2025-04-01,2025,2,2025-T2,12.858
34,Palencia,3,2025-07-01,2025,3,2025-T3,12.85
34,Palencia,3,2025-10-01,2025,4,2025-T4,12.823
34,Palencia,3,2026-01-01,2026,1,2026-T1,12.792
34,Palencia,3,2026-04-01,2026,2,2026-T2,12.762
34,Palencia,4 y más,2021-01-01,2021,1,2021-T1,12.332
34,Palencia,4 y más,2021-04-01,2021,2,2021-T2,12.216
34,Palencia,4 y más,2021-07-01,2021,3,2021-T3,12.116
34,Palencia,4 y más,2021-10-01,2021,4,2021-T4,12.042
34,Palencia,4 y más,2022-01-01,2022,1,2022-T1,11.967
34,Palencia,4 y más,2022-04-01,2022,2,2022-T2,11.913
34,Palencia,4 y más,2022-07-01,2022,3,2022-T3,11.87
34,Palencia,4 y más,2022-10-01,2022,4,2022-T4,11.803
34,Palencia,4 y más,2023-01-01,2023,1,2023-T1,11.739
34,Palencia,4 y más,2023-04-01,2023,2,2023-T2,11.676
34,Palencia,4 y más,2023-07-01,2023,3,2023-T3,11.618
34,Palencia,4 y más,2023-10-01,2023,4,2023-T4,11.635
34,Palencia,4 y más,2024-01-01,2024,1,2024-T1,11.643
34,Palencia,4 y más,2024-04-01,2024,2,2024-T2,11.618
34,Palencia,4 y más,2024-07-01,2024,3,2024-T3,11.597
34,Palencia,4 y más,2024-10-01,2024,4,2024-T4,11.611
34,Palencia,4 y más,2025-01-01,2025,1,2025-T1,11.612
34,Palencia,4 y más,2025-04-01,2025,2,2025-T2,11.609
34,Palencia,4 y más,2025-07-01,2025,3,2025-T3,11.603
34,Palencia,4 y más,2025-10-01,2025,4,2025-T4,11.643
34,Palencia,4 y más,2026-01-01,2026,1,2026-T1,11.68
34,Palencia,4 y más,2026-04-01,2026,2,2026-T2,11.696
34,Palencia,Total,2021-01-01,2021,1,2021-T1,68.354
34,Palencia,Total,2021-04-01,2021,2,2021-T2,68.345
34,Palencia,Total,2021-07-01,2021,3,2021-T3,68.495
34,Palencia,Total,2021-10-01,2021,4,2021-T4,68.642
34,Palencia,Total,2022-01-01,2022,1,2022-T1,68.8
34,Palencia,Total,2022-04-01,2022,2,2022-T2,68.804
34,Palencia,Total,2022-07-01,2022,3,2022-T3,68.903
34,Palencia,Total,2022-10-01,2022,4,2022-T4,69.065
34,Palencia,Total,2023-01-01,2023,1,2023-T1,69.246
34,Palencia,Total,2023-04-01,2023,2,2023-T2,69.174
34,Palencia,Total,2023-07-01,2023,3,2023-T3,69.193
34,Palencia,Total,2023-10-01,2023,4,2023-T4,69.358
34,Palencia,Total,2024-01-01,2024,1,2024-T1,69.458
34,Palencia,Total,2024-04-01,2024,2,2024-T2,69.46
34,Palencia,Total,2024-07-01,2024,3,2024-T3,69.514
34,Palencia,Total,2024-10-01,2024,4,2024-T4,69.739
34,Palencia,Total,2025-01-01,2025,1,2025-T1,69.841
34,Palencia,Total,2025-04-01,2025,2,2025-T2,69.846
34,Palencia,Total,2025-07-01,2025,3,2025-T3,69.894
34,Palencia,Total,2025-10-01,2025,4,2025-T4,70.122
34,Palencia,Total,2026-01-01,2026,1,2026-T1,70.331
34,Palencia,Total,2026-04-01,2026,2,2026-T2,70.467
35,"Palmas, Las",1,2021-01-01,2021,1,2021-T1,109.254
35,"Palmas, Las",1,2021-04-01,2021,2,2021-T2,110.607
35,"Palmas, Las",1,2021-07-01,2021,3,2021-T3,111.872
35,"Palmas, Las",1,2021-10-01,2021,4,2021-T4,113.055
35,"Palmas, Las",1,2022-01-01,2022,1,2022-T1,114.29
35,"Palmas, Las",1,2022-04-01,2022,2,2022-T2,114.999
35,"Palmas, Las",1,2022-07-01,2022,3,2022-T3,115.788
35,"Palmas, Las",1,2022-10-01,2022,4,2022-T4,116.502
35,"Palmas, Las",1,2023-01-01,2023,1,2023-T1,117.213
35,"Palmas, Las",1,2023-04-01,2023,2,2023-T2,117.717
35,"Palmas, Las",1,2023-07-01,2023,3,2023-T3,118.224
35,"Palmas, Las",1,2023-10-01,2023,4,2023-T4,118.57
35,"Palmas, Las",1,2024-01-01,2024,1,2024-T1,118.941
35,"Palmas, Las",1,2024-04-01,2024,2,2024-T2,119.402
35,"Palmas, Las",1,2024-07-01,2024,3,2024-T3,119.915
35,"Palmas, Las",1,2024-10-01,2024,4,2024-T4,120.344
35,"Palmas, Las",1,2025-01-01,2025,1,2025-T1,120.621
35,"Palmas, Las",1,2025-04-01,2025,2,2025-T2,121.141
35,"Palmas, Las",1,2025-07-01,2025,3,2025-T3,121.775
35,"Palmas, Las",1,2025-10-01,2025,4,2025-T4,122.499
35,"Palmas, Las",1,2026-01-01,2026,1,2026-T1,123.107
35,"Palmas, Las",1,2026-04-01,2026,2,2026-T2,123.507
35,"Palmas, Las",2,2021-01-01,2021,1,2021-T1,110.751
35,"Palmas, Las",2,2021-04-01,2021,2,2021-T2,111.693
35,"Palmas, Las",2,2021-07-01,2021,3,2021-T3,112.55
35,"Palmas, Las",2,2021-10-01,2021,4,2021-T4,113.332
35,"Palmas, Las",2,2022-01-01,2022,1,2022-T1,114.179
35,"Palmas, Las",2,2022-04-01,2022,2,2022-T2,114.628
35,"Palmas, Las",2,2022-07-01,2022,3,2022-T3,115.152
35,"Palmas, Las",2,2022-10-01,2022,4,2022-T4,115.857
35,"Palmas, Las",2,2023-01-01,2023,1,2023-T1,116.555
35,"Palmas, Las",2,2023-04-01,2023,2,2023-T2,117.066
35,"Palmas, Las",2,2023-07-01,2023,3,2023-T3,117.575
35,"Palmas, Las",2,2023-10-01,2023,4,2023-T4,117.992
35,"Palmas, Las",2,2024-01-01,2024,1,2024-T1,118.464
35,"Palmas, Las",2,2024-04-01,2024,2,2024-T2,118.917
35,"Palmas, Las",2,2024-07-01,2024,3,2024-T3,119.414
35,"Palmas, Las",2,2024-10-01,2024,4,2024-T4,120.026
35,"Palmas, Las",2,2025-01-01,2025,1,2025-T1,120.443
35,"Palmas, Las",2,2025-04-01,2025,2,2025-T2,120.971
35,"Palmas, Las",2,2025-07-01,2025,3,2025-T3,121.587
35,"Palmas, Las",2,2025-10-01,2025,4,2025-T4,122.118
35,"Palmas, Las",2,2026-01-01,2026,1,2026-T1,122.508
35,"Palmas, Las",2,2026-04-01,2026,2,2026-T2,122.701
35,"Palmas, Las",3,2021-01-01,2021,1,2021-T1,92.109
35,"Palmas, Las",3,2021-04-01,2021,2,2021-T2,92.076
35,"Palmas, Las",3,2021-07-01,2021,3,2021-T3,91.978
35,"Palmas, Las",3,2021-10-01,2021,4,2021-T4,92.04
35,"Palmas, Las",3,2022-01-01,2022,1,2022-T1,92.175
35,"Palmas, Las",3,2022-04-01,2022,2,2022-T2,92.294
35,"Palmas, Las",3,2022-07-01,2022,3,2022-T3,92.493
35,"Palmas, Las",3,2022-10-01,2022,4,2022-T4,92.693
35,"Palmas, Las",3,2023-01-01,2023,1,2023-T1,92.882
35,"Palmas, Las",3,2023-04-01,2023,2,2023-T2,93.052
35,"Palmas, Las",3,2023-07-01,2023,3,2023-T3,93.195
35,"Palmas, Las",3,2023-10-01,2023,4,2023-T4,93.525
35,"Palmas, Las",3,2024-01-01,2024,1,2024-T1,93.923
35,"Palmas, Las",3,2024-04-01,2024,2,2024-T2,93.985
35,"Palmas, Las",3,2024-07-01,2024,3,2024-T3,94.066
35,"Palmas, Las",3,2024-10-01,2024,4,2024-T4,94.244
35,"Palmas, Las",3,2025-01-01,2025,1,2025-T1,94.247
35,"Palmas, Las",3,2025-04-01,2025,2,2025-T2,94.609
35,"Palmas, Las",3,2025-07-01,2025,3,2025-T3,94.998
35,"Palmas, Las",3,2025-10-01,2025,4,2025-T4,95.294
35,"Palmas, Las",3,2026-01-01,2026,1,2026-T1,95.458
35,"Palmas, Las",3,2026-04-01,2026,2,2026-T2,95.444
35,"Palmas, Las",4 y más,2021-01-01,2021,1,2021-T1,110.797
35,"Palmas, Las",4 y más,2021-04-01,2021,2,2021-T2,110.081
35,"Palmas, Las",4 y más,2021-07-01,2021,3,2021-T3,109.314
35,"Palmas, Las",4 y más,2021-10-01,2021,4,2021-T4,108.998
35,"Palmas, Las",4 y más,2022-01-01,2022,1,2022-T1,108.785
35,"Palmas, Las",4 y más,2022-04-01,2022,2,2022-T2,108.692
35,"Palmas, Las",4 y más,2022-07-01,2022,3,2022-T3,108.711
35,"Palmas, Las",4 y más,2022-10-01,2022,4,2022-T4,108.733
35,"Palmas, Las",4 y más,2023-01-01,2023,1,2023-T1,108.736
35,"Palmas, Las",4 y más,2023-04-01,2023,2,2023-T2,108.852
35,"Palmas, Las",4 y más,2023-07-01,2023,3,2023-T3,108.919
35,"Palmas, Las",4 y más,2023-10-01,2023,4,2023-T4,109.015
35,"Palmas, Las",4 y más,2024-01-01,2024,1,2024-T1,109.192
35,"Palmas, Las",4 y más,2024-04-01,2024,2,2024-T2,109.202
35,"Palmas, Las",4 y más,2024-07-01,2024,3,2024-T3,109.236
35,"Palmas, Las",4 y más,2024-10-01,2024,4,2024-T4,109.518
35,"Palmas, Las",4 y más,2025-01-01,2025,1,2025-T1,109.574
35,"Palmas, Las",4 y más,2025-04-01,2025,2,2025-T2,109.392
35,"Palmas, Las",4 y más,2025-07-01,2025,3,2025-T3,109.214
35,"Palmas, Las",4 y más,2025-10-01,2025,4,2025-T4,109.403
35,"Palmas, Las",4 y más,2026-01-01,2026,1,2026-T1,109.422
35,"Palmas, Las",4 y más,2026-04-01,2026,2,2026-T2,109.244
35,"Palmas, Las",Total,2021-01-01,2021,1,2021-T1,422.911
35,"Palmas, Las",Total,2021-04-01,2021,2,2021-T2,424.457
35,"Palmas, Las",Total,2021-07-01,2021,3,2021-T3,425.714
35,"Palmas, Las",Total,2021-10-01,2021,4,2021-T4,427.425
35,"Palmas, Las",Total,2022-01-01,2022,1,2022-T1,429.429
35,"Palmas, Las",Total,2022-04-01,2022,2,2022-T2,430.613
35,"Palmas, Las",Total,2022-07-01,2022,3,2022-T3,432.144
35,"Palmas, Las",Total,2022-10-01,2022,4,2022-T4,433.785
35,"Palmas, Las",Total,2023-01-01,2023,1,2023-T1,435.386
35,"Palmas, Las",Total,2023-04-01,2023,2,2023-T2,436.687
35,"Palmas, Las",Total,2023-07-01,2023,3,2023-T3,437.913
35,"Palmas, Las",Total,2023-10-01,2023,4,2023-T4,439.102
35,"Palmas, Las",Total,2024-01-01,2024,1,2024-T1,440.52
35,"Palmas, Las",Total,2024-04-01,2024,2,2024-T2,441.506
35,"Palmas, Las",Total,2024-07-01,2024,3,2024-T3,442.631
35,"Palmas, Las",Total,2024-10-01,2024,4,2024-T4,444.132
35,"Palmas, Las",Total,2025-01-01,2025,1,2025-T1,444.885
35,"Palmas, Las",Total,2025-04-01,2025,2,2025-T2,446.113
35,"Palmas, Las",Total,2025-07-01,2025,3,2025-T3,447.574
35,"Palmas, Las",Total,2025-10-01,2025,4,2025-T4,449.314
35,"Palmas, Las",Total,2026-01-01,2026,1,2026-T1,450.495
35,"Palmas, Las",Total,2026-04-01,2026,2,2026-T2,450.896
36,Pontevedra,1,2021-01-01,2021,1,2021-T1,98.012
36,Pontevedra,1,2021-04-01,2021,2,2021-T2,98.882
36,Pontevedra,1,2021-07-01,2021,3,2021-T3,99.753
36,Pontevedra,1,2021-10-01,2021,4,2021-T4,100.62
36,Pontevedra,1,2022-01-01,2022,1,2022-T1,101.441
36,Pontevedra,1,2022-04-01,2022,2,2022-T2,101.972
36,Pontevedra,1,2022-07-01,2022,3,2022-T3,102.635
36,Pontevedra,1,2022-10-01,2022,4,2022-T4,103.416
36,Pontevedra,1,2023-01-01,2023,1,2023-T1,104.154
36,Pontevedra,1,2023-04-01,2023,2,2023-T2,104.436
36,Pontevedra,1,2023-07-01,2023,3,2023-T3,104.835
36,Pontevedra,1,2023-10-01,2023,4,2023-T4,105.325
36,Pontevedra,1,2024-01-01,2024,1,2024-T1,105.711
36,Pontevedra,1,2024-04-01,2024,2,2024-T2,106.134
36,Pontevedra,1,2024-07-01,2024,3,2024-T3,106.65
36,Pontevedra,1,2024-10-01,2024,4,2024-T4,107.145
36,Pontevedra,1,2025-01-01,2025,1,2025-T1,107.559
36,Pontevedra,1,2025-04-01,2025,2,2025-T2,107.761
36,Pontevedra,1,2025-07-01,2025,3,2025-T3,108.16
36,Pontevedra,1,2025-10-01,2025,4,2025-T4,108.602
36,Pontevedra,1,2026-01-01,2026,1,2026-T1,108.986
36,Pontevedra,1,2026-04-01,2026,2,2026-T2,109.309
36,Pontevedra,2,2021-01-01,2021,1,2021-T1,99.447
36,Pontevedra,2,2021-04-01,2021,2,2021-T2,100.056
36,Pontevedra,2,2021-07-01,2021,3,2021-T3,100.697
36,Pontevedra,2,2021-10-01,2021,4,2021-T4,101.36
36,Pontevedra,2,2022-01-01,2022,1,2022-T1,101.972
36,Pontevedra,2,2022-04-01,2022,2,2022-T2,102.036
36,Pontevedra,2,2022-07-01,2022,3,2022-T3,102.222
36,Pontevedra,2,2022-10-01,2022,4,2022-T4,102.736
36,Pontevedra,2,2023-01-01,2023,1,2023-T1,103.2
36,Pontevedra,2,2023-04-01,2023,2,2023-T2,103.527
36,Pontevedra,2,2023-07-01,2023,3,2023-T3,103.949
36,Pontevedra,2,2023-10-01,2023,4,2023-T4,104.083
36,Pontevedra,2,2024-01-01,2024,1,2024-T1,104.127
36,Pontevedra,2,2024-04-01,2024,2,2024-T2,104.514
36,Pontevedra,2,2024-07-01,2024,3,2024-T3,104.969
36,Pontevedra,2,2024-10-01,2024,4,2024-T4,105.374
36,Pontevedra,2,2025-01-01,2025,1,2025-T1,105.686
36,Pontevedra,2,2025-04-01,2025,2,2025-T2,105.939
36,Pontevedra,2,2025-07-01,2025,3,2025-T3,106.372
36,Pontevedra,2,2025-10-01,2025,4,2025-T4,106.598
36,Pontevedra,2,2026-01-01,2026,1,2026-T1,106.786
36,Pontevedra,2,2026-04-01,2026,2,2026-T2,106.967
36,Pontevedra,3,2021-01-01,2021,1,2021-T1,79.392
36,Pontevedra,3,2021-04-01,2021,2,2021-T2,79.329
36,Pontevedra,3,2021-07-01,2021,3,2021-T3,79.285
36,Pontevedra,3,2021-10-01,2021,4,2021-T4,79.175
36,Pontevedra,3,2022-01-01,2022,1,2022-T1,79.047
36,Pontevedra,3,2022-04-01,2022,2,2022-T2,78.949
36,Pontevedra,3,2022-07-01,2022,3,2022-T3,78.951
36,Pontevedra,3,2022-10-01,2022,4,2022-T4,78.956
36,Pontevedra,3,2023-01-01,2023,1,2023-T1,78.917
36,Pontevedra,3,2023-04-01,2023,2,2023-T2,78.819
36,Pontevedra,3,2023-07-01,2023,3,2023-T3,78.76
36,Pontevedra,3,2023-10-01,2023,4,2023-T4,78.888
36,Pontevedra,3,2024-01-01,2024,1,2024-T1,78.955
36,Pontevedra,3,2024-04-01,2024,2,2024-T2,78.828
36,Pontevedra,3,2024-07-01,2024,3,2024-T3,78.725
36,Pontevedra,3,2024-10-01,2024,4,2024-T4,78.754
36,Pontevedra,3,2025-01-01,2025,1,2025-T1,78.705
36,Pontevedra,3,2025-04-01,2025,2,2025-T2,78.841
36,Pontevedra,3,2025-07-01,2025,3,2025-T3,79.071
36,Pontevedra,3,2025-10-01,2025,4,2025-T4,79.17
36,Pontevedra,3,2026-01-01,2026,1,2026-T1,79.261
36,Pontevedra,3,2026-04-01,2026,2,2026-T2,79.311
36,Pontevedra,4 y más,2021-01-01,2021,1,2021-T1,89.655
36,Pontevedra,4 y más,2021-04-01,2021,2,2021-T2,89.103
36,Pontevedra,4 y más,2021-07-01,2021,3,2021-T3,88.577
36,Pontevedra,4 y más,2021-10-01,2021,4,2021-T4,88.275
36,Pontevedra,4 y más,2022-01-01,2022,1,2022-T1,87.958
36,Pontevedra,4 y más,2022-04-01,2022,2,2022-T2,87.724
36,Pontevedra,4 y más,2022-07-01,2022,3,2022-T3,87.599
36,Pontevedra,4 y más,2022-10-01,2022,4,2022-T4,87.383
36,Pontevedra,4 y más,2023-01-01,2023,1,2023-T1,87.113
36,Pontevedra,4 y más,2023-04-01,2023,2,2023-T2,86.903
36,Pontevedra,4 y más,2023-07-01,2023,3,2023-T3,86.712
36,Pontevedra,4 y más,2023-10-01,2023,4,2023-T4,86.672
36,Pontevedra,4 y más,2024-01-01,2024,1,2024-T1,86.558
36,Pontevedra,4 y más,2024-04-01,2024,2,2024-T2,86.245
36,Pontevedra,4 y más,2024-07-01,2024,3,2024-T3,85.932
36,Pontevedra,4 y más,2024-10-01,2024,4,2024-T4,85.799
36,Pontevedra,4 y más,2025-01-01,2025,1,2025-T1,85.563
36,Pontevedra,4 y más,2025-04-01,2025,2,2025-T2,85.277
36,Pontevedra,4 y más,2025-07-01,2025,3,2025-T3,85.079
36,Pontevedra,4 y más,2025-10-01,2025,4,2025-T4,84.995
36,Pontevedra,4 y más,2026-01-01,2026,1,2026-T1,84.904
36,Pontevedra,4 y más,2026-04-01,2026,2,2026-T2,84.781
36,Pontevedra,Total,2021-01-01,2021,1,2021-T1,366.506
36,Pontevedra,Total,2021-04-01,2021,2,2021-T2,367.37
36,Pontevedra,Total,2021-07-01,2021,3,2021-T3,368.312
36,Pontevedra,Total,2021-10-01,2021,4,2021-T4,369.43
36,Pontevedra,Total,2022-01-01,2022,1,2022-T1,370.418
36,Pontevedra,Total,2022-04-01,2022,2,2022-T2,370.681
36,Pontevedra,Total,2022-07-01,2022,3,2022-T3,371.407
36,Pontevedra,Total,2022-10-01,2022,4,2022-T4,372.491
36,Pontevedra,Total,2023-01-01,2023,1,2023-T1,373.384
36,Pontevedra,Total,2023-04-01,2023,2,2023-T2,373.685
36,Pontevedra,Total,2023-07-01,2023,3,2023-T3,374.256
36,Pontevedra,Total,2023-10-01,2023,4,2023-T4,374.968
36,Pontevedra,Total,2024-01-01,2024,1,2024-T1,375.351
36,Pontevedra,Total,2024-04-01,2024,2,2024-T2,375.721
36,Pontevedra,Total,2024-07-01,2024,3,2024-T3,376.276
36,Pontevedra,Total,2024-10-01,2024,4,2024-T4,377.072
36,Pontevedra,Total,2025-01-01,2025,1,2025-T1,377.513
36,Pontevedra,Total,2025-04-01,2025,2,2025-T2,377.818
36,Pontevedra,Total,2025-07-01,2025,3,2025-T3,378.682
36,Pontevedra,Total,2025-10-01,2025,4,2025-T4,379.365
36,Pontevedra,Total,2026-01-01,2026,1,2026-T1,379.937
36,Pontevedra,Total,2026-04-01,2026,2,2026-T2,380.368
26,"Rioja, La",1,2021-01-01,2021,1,2021-T1,40.38
26,"Rioja, La",1,2021-04-01,2021,2,2021-T2,40.694
26,"Rioja, La",1,2021-07-01,2021,3,2021-T3,41.024
26,"Rioja, La",1,2021-10-01,2021,4,2021-T4,41.414
26,"Rioja, La",1,2022-01-01,2022,1,2022-T1,41.746
26,"Rioja, La",1,2022-04-01,2022,2,2022-T2,41.925
26,"Rioja, La",1,2022-07-01,2022,3,2022-T3,42.141
26,"Rioja, La",1,2022-10-01,2022,4,2022-T4,42.476
26,"Rioja, La",1,2023-01-01,2023,1,2023-T1,42.798
26,"Rioja, La",1,2023-04-01,2023,2,2023-T2,43.054
26,"Rioja, La",1,2023-07-01,2023,3,2023-T3,43.355
26,"Rioja, La",1,2023-10-01,2023,4,2023-T4,43.506
26,"Rioja, La",1,2024-01-01,2024,1,2024-T1,43.526
26,"Rioja, La",1,2024-04-01,2024,2,2024-T2,43.688
26,"Rioja, La",1,2024-07-01,2024,3,2024-T3,43.926
26,"Rioja, La",1,2024-10-01,2024,4,2024-T4,44.122
26,"Rioja, La",1,2025-01-01,2025,1,2025-T1,44.287
26,"Rioja, La",1,2025-04-01,2025,2,2025-T2,44.443
26,"Rioja, La",1,2025-07-01,2025,3,2025-T3,44.609
26,"Rioja, La",1,2025-10-01,2025,4,2025-T4,44.955
26,"Rioja, La",1,2026-01-01,2026,1,2026-T1,45.204
26,"Rioja, La",1,2026-04-01,2026,2,2026-T2,45.519
26,"Rioja, La",2,2021-01-01,2021,1,2021-T1,37.83
26,"Rioja, La",2,2021-04-01,2021,2,2021-T2,38.101
26,"Rioja, La",2,2021-07-01,2021,3,2021-T3,38.372
26,"Rioja, La",2,2021-10-01,2021,4,2021-T4,38.605
26,"Rioja, La",2,2022-01-01,2022,1,2022-T1,38.798
26,"Rioja, La",2,2022-04-01,2022,2,2022-T2,38.882
26,"Rioja, La",2,2022-07-01,2022,3,2022-T3,38.991
26,"Rioja, La",2,2022-10-01,2022,4,2022-T4,39.171
26,"Rioja, La",2,2023-01-01,2023,1,2023-T1,39.321
26,"Rioja, La",2,2023-04-01,2023,2,2023-T2,39.411
26,"Rioja, La",2,2023-07-01,2023,3,2023-T3,39.517
26,"Rioja, La",2,2023-10-01,2023,4,2023-T4,39.722
26,"Rioja, La",2,2024-01-01,2024,1,2024-T1,39.801
26,"Rioja, La",2,2024-04-01,2024,2,2024-T2,39.976
26,"Rioja, La",2,2024-07-01,2024,3,2024-T3,40.181
26,"Rioja, La",2,2024-10-01,2024,4,2024-T4,40.305
26,"Rioja, La",2,2025-01-01,2025,1,2025-T1,40.406
26,"Rioja, La",2,2025-04-01,2025,2,2025-T2,40.517
26,"Rioja, La",2,2025-07-01,2025,3,2025-T3,40.631
26,"Rioja, La",2,2025-10-01,2025,4,2025-T4,40.962
26,"Rioja, La",2,2026-01-01,2026,1,2026-T1,41.193
26,"Rioja, La",2,2026-04-01,2026,2,2026-T2,41.461
26,"Rioja, La",3,2021-01-01,2021,1,2021-T1,26.086
26,"Rioja, La",3,2021-04-01,2021,2,2021-T2,26.04
26,"Rioja, La",3,2021-07-01,2021,3,2021-T3,25.966
26,"Rioja, La",3,2021-10-01,2021,4,2021-T4,25.848
26,"Rioja, La",3,2022-01-01,2022,1,2022-T1,25.702
26,"Rioja, La",3,2022-04-01,2022,2,2022-T2,25.68
26,"Rioja, La",3,2022-07-01,2022,3,2022-T3,25.68
26,"Rioja, La",3,2022-10-01,2022,4,2022-T4,25.696
26,"Rioja, La",3,2023-01-01,2023,1,2023-T1,25.703
26,"Rioja, La",3,2023-04-01,2023,2,2023-T2,25.682
26,"Rioja, La",3,2023-07-01,2023,3,2023-T3,25.656
26,"Rioja, La",3,2023-10-01,2023,4,2023-T4,25.709
26,"Rioja, La",3,2024-01-01,2024,1,2024-T1,25.662
26,"Rioja, La",3,2024-04-01,2024,2,2024-T2,25.743
26,"Rioja, La",3,2024-07-01,2024,3,2024-T3,25.831
26,"Rioja, La",3,2024-10-01,2024,4,2024-T4,25.899
26,"Rioja, La",3,2025-01-01,2025,1,2025-T1,25.949
26,"Rioja, La",3,2025-04-01,2025,2,2025-T2,26.013
26,"Rioja, La",3,2025-07-01,2025,3,2025-T3,26.049
26,"Rioja, La",3,2025-10-01,2025,4,2025-T4,26.079
26,"Rioja, La",3,2026-01-01,2026,1,2026-T1,26.023
26,"Rioja, La",3,2026-04-01,2026,2,2026-T2,26.053
26,"Rioja, La",4 y más,2021-01-01,2021,1,2021-T1,27.945
26,"Rioja, La",4 y más,2021-04-01,2021,2,2021-T2,27.783
26,"Rioja, La",4 y más,2021-07-01,2021,3,2021-T3,27.581
26,"Rioja, La",4 y más,2021-10-01,2021,4,2021-T4,27.526
26,"Rioja, La",4 y más,2022-01-01,2022,1,2022-T1,27.432
26,"Rioja, La",4 y más,2022-04-01,2022,2,2022-T2,27.453
26,"Rioja, La",4 y más,2022-07-01,2022,3,2022-T3,27.504
26,"Rioja, La",4 y más,2022-10-01,2022,4,2022-T4,27.468
26,"Rioja, La",4 y más,2023-01-01,2023,1,2023-T1,27.431
26,"Rioja, La",4 y más,2023-04-01,2023,2,2023-T2,27.457
26,"Rioja, La",4 y más,2023-07-01,2023,3,2023-T3,27.465
26,"Rioja, La",4 y más,2023-10-01,2023,4,2023-T4,27.515
26,"Rioja, La",4 y más,2024-01-01,2024,1,2024-T1,27.444
26,"Rioja, La",4 y más,2024-04-01,2024,2,2024-T2,27.401
26,"Rioja, La",4 y más,2024-07-01,2024,3,2024-T3,27.362
26,"Rioja, La",4 y más,2024-10-01,2024,4,2024-T4,27.376
26,"Rioja, La",4 y más,2025-01-01,2025,1,2025-T1,27.365
26,"Rioja, La",4 y más,2025-04-01,2025,2,2025-T2,27.427
26,"Rioja, La",4 y más,2025-07-01,2025,3,2025-T3,27.451
26,"Rioja, La",4 y más,2025-10-01,2025,4,2025-T4,27.449
26,"Rioja, La",4 y más,2026-01-01,2026,1,2026-T1,27.34
26,"Rioja, La",4 y más,2026-04-01,2026,2,2026-T2,27.341
26,"Rioja, La",Total,2021-01-01,2021,1,2021-T1,132.241
26,"Rioja, La",Total,2021-04-01,2021,2,2021-T2,132.618
26,"Rioja, La",Total,2021-07-01,2021,3,2021-T3,132.943
26,"Rioja, La",Total,2021-10-01,2021,4,2021-T4,133.393
26,"Rioja, La",Total,2022-01-01,2022,1,2022-T1,133.678
26,"Rioja, La",Total,2022-04-01,2022,2,2022-T2,133.94
26,"Rioja, La",Total,2022-07-01,2022,3,2022-T3,134.316
26,"Rioja, La",Total,2022-10-01,2022,4,2022-T4,134.811
26,"Rioja, La",Total,2023-01-01,2023,1,2023-T1,135.253
26,"Rioja, La",Total,2023-04-01,2023,2,2023-T2,135.604
26,"Rioja, La",Total,2023-07-01,2023,3,2023-T3,135.993
26,"Rioja, La",Total,2023-10-01,2023,4,2023-T4,136.452
26,"Rioja, La",Total,2024-01-01,2024,1,2024-T1,136.433
26,"Rioja, La",Total,2024-04-01,2024,2,2024-T2,136.808
26,"Rioja, La",Total,2024-07-01,2024,3,2024-T3,137.3
26,"Rioja, La",Total,2024-10-01,2024,4,2024-T4,137.702
26,"Rioja, La",Total,2025-01-01,2025,1,2025-T1,138.007
26,"Rioja, La",Total,2025-04-01,2025,2,2025-T2,138.4
26,"Rioja, La",Total,2025-07-01,2025,3,2025-T3,138.74
26,"Rioja, La",Total,2025-10-01,2025,4,2025-T4,139.445
26,"Rioja, La",Total,2026-01-01,2026,1,2026-T1,139.76
26,"Rioja, La",Total,2026-04-01,2026,2,2026-T2,140.374
37,Salamanca,1,2021-01-01,2021,1,2021-T1,48.96
37,Salamanca,1,2021-04-01,2021,2,2021-T2,49.268
37,Salamanca,1,2021-07-01,2021,3,2021-T3,49.646
37,Salamanca,1,2021-10-01,2021,4,2021-T4,50.138
37,Salamanca,1,2022-01-01,2022,1,2022-T1,50.627
37,Salamanca,1,2022-04-01,2022,2,2022-T2,50.894
37,Salamanca,1,2022-07-01,2022,3,2022-T3,51.267
37,Salamanca,1,2022-10-01,2022,4,2022-T4,51.655
37,Salamanca,1,2023-01-01,2023,1,2023-T1,52.037
37,Salamanca,1,2023-04-01,2023,2,2023-T2,52.273
37,Salamanca,1,2023-07-01,2023,3,2023-T3,52.6
37,Salamanca,1,2023-10-01,2023,4,2023-T4,52.838
37,Salamanca,1,2024-01-01,2024,1,2024-T1,53.031
37,Salamanca,1,2024-04-01,2024,2,2024-T2,53.067
37,Salamanca,1,2024-07-01,2024,3,2024-T3,53.235
37,Salamanca,1,2024-10-01,2024,4,2024-T4,53.489
37,Salamanca,1,2025-01-01,2025,1,2025-T1,53.751
37,Salamanca,1,2025-04-01,2025,2,2025-T2,53.872
37,Salamanca,1,2025-07-01,2025,3,2025-T3,54.061
37,Salamanca,1,2025-10-01,2025,4,2025-T4,54.408
37,Salamanca,1,2026-01-01,2026,1,2026-T1,54.751
37,Salamanca,1,2026-04-01,2026,2,2026-T2,55.101
37,Salamanca,2,2021-01-01,2021,1,2021-T1,41.341
37,Salamanca,2,2021-04-01,2021,2,2021-T2,41.521
37,Salamanca,2,2021-07-01,2021,3,2021-T3,41.749
37,Salamanca,2,2021-10-01,2021,4,2021-T4,41.98
37,Salamanca,2,2022-01-01,2022,1,2022-T1,42.222
37,Salamanca,2,2022-04-01,2022,2,2022-T2,42.289
37,Salamanca,2,2022-07-01,2022,3,2022-T3,42.443
37,Salamanca,2,2022-10-01,2022,4,2022-T4,42.722
37,Salamanca,2,2023-01-01,2023,1,2023-T1,42.985
37,Salamanca,2,2023-04-01,2023,2,2023-T2,43.037
37,Salamanca,2,2023-07-01,2023,3,2023-T3,43.156
37,Salamanca,2,2023-10-01,2023,4,2023-T4,43.263
37,Salamanca,2,2024-01-01,2024,1,2024-T1,43.319
37,Salamanca,2,2024-04-01,2024,2,2024-T2,43.358
37,Salamanca,2,2024-07-01,2024,3,2024-T3,43.485
37,Salamanca,2,2024-10-01,2024,4,2024-T4,43.667
37,Salamanca,2,2025-01-01,2025,1,2025-T1,43.853
37,Salamanca,2,2025-04-01,2025,2,2025-T2,43.929
37,Salamanca,2,2025-07-01,2025,3,2025-T3,44.037
37,Salamanca,2,2025-10-01,2025,4,2025-T4,44.298
37,Salamanca,2,2026-01-01,2026,1,2026-T1,44.56
37,Salamanca,2,2026-04-01,2026,2,2026-T2,44.79
37,Salamanca,3,2021-01-01,2021,1,2021-T1,27.608
37,Salamanca,3,2021-04-01,2021,2,2021-T2,27.481
37,Salamanca,3,2021-07-01,2021,3,2021-T3,27.357
37,Salamanca,3,2021-10-01,2021,4,2021-T4,27.244
37,Salamanca,3,2022-01-01,2022,1,2022-T1,27.159
37,Salamanca,3,2022-04-01,2022,2,2022-T2,27.027
37,Salamanca,3,2022-07-01,2022,3,2022-T3,26.938
37,Salamanca,3,2022-10-01,2022,4,2022-T4,26.883
37,Salamanca,3,2023-01-01,2023,1,2023-T1,26.822
37,Salamanca,3,2023-04-01,2023,2,2023-T2,26.748
37,Salamanca,3,2023-07-01,2023,3,2023-T3,26.695
37,Salamanca,3,2023-10-01,2023,4,2023-T4,26.782
37,Salamanca,3,2024-01-01,2024,1,2024-T1,26.852
37,Salamanca,3,2024-04-01,2024,2,2024-T2,26.765
37,Salamanca,3,2024-07-01,2024,3,2024-T3,26.711
37,Salamanca,3,2024-10-01,2024,4,2024-T4,26.647
37,Salamanca,3,2025-01-01,2025,1,2025-T1,26.613
37,Salamanca,3,2025-04-01,2025,2,2025-T2,26.656
37,Salamanca,3,2025-07-01,2025,3,2025-T3,26.704
37,Salamanca,3,2025-10-01,2025,4,2025-T4,26.722
37,Salamanca,3,2026-01-01,2026,1,2026-T1,26.736
37,Salamanca,3,2026-04-01,2026,2,2026-T2,26.759
37,Salamanca,4 y más,2021-01-01,2021,1,2021-T1,25.324
37,Salamanca,4 y más,2021-04-01,2021,2,2021-T2,25.095
37,Salamanca,4 y más,2021-07-01,2021,3,2021-T3,24.865
37,Salamanca,4 y más,2021-10-01,2021,4,2021-T4,24.69
37,Salamanca,4 y más,2022-01-01,2022,1,2022-T1,24.547
37,Salamanca,4 y más,2022-04-01,2022,2,2022-T2,24.473
37,Salamanca,4 y más,2022-07-01,2022,3,2022-T3,24.439
37,Salamanca,4 y más,2022-10-01,2022,4,2022-T4,24.297
37,Salamanca,4 y más,2023-01-01,2023,1,2023-T1,24.147
37,Salamanca,4 y más,2023-04-01,2023,2,2023-T2,24.064
37,Salamanca,4 y más,2023-07-01,2023,3,2023-T3,23.988
37,Salamanca,4 y más,2023-10-01,2023,4,2023-T4,23.937
37,Salamanca,4 y más,2024-01-01,2024,1,2024-T1,23.877
37,Salamanca,4 y más,2024-04-01,2024,2,2024-T2,23.816
37,Salamanca,4 y más,2024-07-01,2024,3,2024-T3,23.77
37,Salamanca,4 y más,2024-10-01,2024,4,2024-T4,23.744
37,Salamanca,4 y más,2025-01-01,2025,1,2025-T1,23.753
37,Salamanca,4 y más,2025-04-01,2025,2,2025-T2,23.689
37,Salamanca,4 y más,2025-07-01,2025,3,2025-T3,23.62
37,Salamanca,4 y más,2025-10-01,2025,4,2025-T4,23.569
37,Salamanca,4 y más,2026-01-01,2026,1,2026-T1,23.509
37,Salamanca,4 y más,2026-04-01,2026,2,2026-T2,23.467
37,Salamanca,Total,2021-01-01,2021,1,2021-T1,143.233
37,Salamanca,Total,2021-04-01,2021,2,2021-T2,143.365
37,Salamanca,Total,2021-07-01,2021,3,2021-T3,143.617
37,Salamanca,Total,2021-10-01,2021,4,2021-T4,144.052
37,Salamanca,Total,2022-01-01,2022,1,2022-T1,144.555
37,Salamanca,Total,2022-04-01,2022,2,2022-T2,144.683
37,Salamanca,Total,2022-07-01,2022,3,2022-T3,145.087
37,Salamanca,Total,2022-10-01,2022,4,2022-T4,145.557
37,Salamanca,Total,2023-01-01,2023,1,2023-T1,145.991
37,Salamanca,Total,2023-04-01,2023,2,2023-T2,146.122
37,Salamanca,Total,2023-07-01,2023,3,2023-T3,146.439
37,Salamanca,Total,2023-10-01,2023,4,2023-T4,146.82
37,Salamanca,Total,2024-01-01,2024,1,2024-T1,147.079
37,Salamanca,Total,2024-04-01,2024,2,2024-T2,147.006
37,Salamanca,Total,2024-07-01,2024,3,2024-T3,147.201
37,Salamanca,Total,2024-10-01,2024,4,2024-T4,147.547
37,Salamanca,Total,2025-01-01,2025,1,2025-T1,147.97
37,Salamanca,Total,2025-04-01,2025,2,2025-T2,148.146
37,Salamanca,Total,2025-07-01,2025,3,2025-T3,148.422
37,Salamanca,Total,2025-10-01,2025,4,2025-T4,148.997
37,Salamanca,Total,2026-01-01,2026,1,2026-T1,149.556
37,Salamanca,Total,2026-04-01,2026,2,2026-T2,150.117
38,Santa Cruz de Tenerife,1,2021-01-01,2021,1,2021-T1,107.321
38,Santa Cruz de Tenerife,1,2021-04-01,2021,2,2021-T2,108.375
38,Santa Cruz de Tenerife,1,2021-07-01,2021,3,2021-T3,109.477
38,Santa Cruz de Tenerife,1,2021-10-01,2021,4,2021-T4,110.403
38,Santa Cruz de Tenerife,1,2022-01-01,2022,1,2022-T1,111.501
38,Santa Cruz de Tenerife,1,2022-04-01,2022,2,2022-T2,111.937
38,Santa Cruz de Tenerife,1,2022-07-01,2022,3,2022-T3,112.556
38,Santa Cruz de Tenerife,1,2022-10-01,2022,4,2022-T4,113.22
38,Santa Cruz de Tenerife,1,2023-01-01,2023,1,2023-T1,113.901
38,Santa Cruz de Tenerife,1,2023-04-01,2023,2,2023-T2,114.151
38,Santa Cruz de Tenerife,1,2023-07-01,2023,3,2023-T3,114.412
38,Santa Cruz de Tenerife,1,2023-10-01,2023,4,2023-T4,114.564
38,Santa Cruz de Tenerife,1,2024-01-01,2024,1,2024-T1,114.636
38,Santa Cruz de Tenerife,1,2024-04-01,2024,2,2024-T2,114.777
38,Santa Cruz de Tenerife,1,2024-07-01,2024,3,2024-T3,115.036
38,Santa Cruz de Tenerife,1,2024-10-01,2024,4,2024-T4,115.39
38,Santa Cruz de Tenerife,1,2025-01-01,2025,1,2025-T1,115.542
38,Santa Cruz de Tenerife,1,2025-04-01,2025,2,2025-T2,115.778
38,Santa Cruz de Tenerife,1,2025-07-01,2025,3,2025-T3,116.218
38,Santa Cruz de Tenerife,1,2025-10-01,2025,4,2025-T4,116.449
38,Santa Cruz de Tenerife,1,2026-01-01,2026,1,2026-T1,116.48
38,Santa Cruz de Tenerife,1,2026-04-01,2026,2,2026-T2,116.434
38,Santa Cruz de Tenerife,2,2021-01-01,2021,1,2021-T1,104.213
38,Santa Cruz de Tenerife,2,2021-04-01,2021,2,2021-T2,105.127
38,Santa Cruz de Tenerife,2,2021-07-01,2021,3,2021-T3,106.103
38,Santa Cruz de Tenerife,2,2021-10-01,2021,4,2021-T4,106.807
38,Santa Cruz de Tenerife,2,2022-01-01,2022,1,2022-T1,107.686
38,Santa Cruz de Tenerife,2,2022-04-01,2022,2,2022-T2,108.285
38,Santa Cruz de Tenerife,2,2022-07-01,2022,3,2022-T3,109.09
38,Santa Cruz de Tenerife,2,2022-10-01,2022,4,2022-T4,109.778
38,Santa Cruz de Tenerife,2,2023-01-01,2023,1,2023-T1,110.454
38,Santa Cruz de Tenerife,2,2023-04-01,2023,2,2023-T2,110.944
38,Santa Cruz de Tenerife,2,2023-07-01,2023,3,2023-T3,111.4
38,Santa Cruz de Tenerife,2,2023-10-01,2023,4,2023-T4,111.768
38,Santa Cruz de Tenerife,2,2024-01-01,2024,1,2024-T1,112.053
38,Santa Cruz de Tenerife,2,2024-04-01,2024,2,2024-T2,112.291
38,Santa Cruz de Tenerife,2,2024-07-01,2024,3,2024-T3,112.64
38,Santa Cruz de Tenerife,2,2024-10-01,2024,4,2024-T4,112.949
38,Santa Cruz de Tenerife,2,2025-01-01,2025,1,2025-T1,113.05
38,Santa Cruz de Tenerife,2,2025-04-01,2025,2,2025-T2,113.321
38,Santa Cruz de Tenerife,2,2025-07-01,2025,3,2025-T3,113.777
38,Santa Cruz de Tenerife,2,2025-10-01,2025,4,2025-T4,114.336
38,Santa Cruz de Tenerife,2,2026-01-01,2026,1,2026-T1,114.672
38,Santa Cruz de Tenerife,2,2026-04-01,2026,2,2026-T2,114.852
38,Santa Cruz de Tenerife,3,2021-01-01,2021,1,2021-T1,84.835
38,Santa Cruz de Tenerife,3,2021-04-01,2021,2,2021-T2,84.877
38,Santa Cruz de Tenerife,3,2021-07-01,2021,3,2021-T3,84.963
38,Santa Cruz de Tenerife,3,2021-10-01,2021,4,2021-T4,84.882
38,Santa Cruz de Tenerife,3,2022-01-01,2022,1,2022-T1,84.936
38,Santa Cruz de Tenerife,3,2022-04-01,2022,2,2022-T2,85.114
38,Santa Cruz de Tenerife,3,2022-07-01,2022,3,2022-T3,85.461
38,Santa Cruz de Tenerife,3,2022-10-01,2022,4,2022-T4,85.719
38,Santa Cruz de Tenerife,3,2023-01-01,2023,1,2023-T1,85.956
38,Santa Cruz de Tenerife,3,2023-04-01,2023,2,2023-T2,86.174
38,Santa Cruz de Tenerife,3,2023-07-01,2023,3,2023-T3,86.323
38,Santa Cruz de Tenerife,3,2023-10-01,2023,4,2023-T4,86.657
38,Santa Cruz de Tenerife,3,2024-01-01,2024,1,2024-T1,86.924
38,Santa Cruz de Tenerife,3,2024-04-01,2024,2,2024-T2,86.939
38,Santa Cruz de Tenerife,3,2024-07-01,2024,3,2024-T3,87.018
38,Santa Cruz de Tenerife,3,2024-10-01,2024,4,2024-T4,87.349
38,Santa Cruz de Tenerife,3,2025-01-01,2025,1,2025-T1,87.511
38,Santa Cruz de Tenerife,3,2025-04-01,2025,2,2025-T2,87.675
38,Santa Cruz de Tenerife,3,2025-07-01,2025,3,2025-T3,87.983
38,Santa Cruz de Tenerife,3,2025-10-01,2025,4,2025-T4,88.123
38,Santa Cruz de Tenerife,3,2026-01-01,2026,1,2026-T1,88.063
38,Santa Cruz de Tenerife,3,2026-04-01,2026,2,2026-T2,87.933
38,Santa Cruz de Tenerife,4 y más,2021-01-01,2021,1,2021-T1,101.063
38,Santa Cruz de Tenerife,4 y más,2021-04-01,2021,2,2021-T2,100.46
38,Santa Cruz de Tenerife,4 y más,2021-07-01,2021,3,2021-T3,99.935
38,Santa Cruz de Tenerife,4 y más,2021-10-01,2021,4,2021-T4,99.723
38,Santa Cruz de Tenerife,4 y más,2022-01-01,2022,1,2022-T1,99.668
38,Santa Cruz de Tenerife,4 y más,2022-04-01,2022,2,2022-T2,99.675
38,Santa Cruz de Tenerife,4 y más,2022-07-01,2022,3,2022-T3,99.895
38,Santa Cruz de Tenerife,4 y más,2022-10-01,2022,4,2022-T4,100.079
38,Santa Cruz de Tenerife,4 y más,2023-01-01,2023,1,2023-T1,100.229
38,Santa Cruz de Tenerife,4 y más,2023-04-01,2023,2,2023-T2,100.388
38,Santa Cruz de Tenerife,4 y más,2023-07-01,2023,3,2023-T3,100.449
38,Santa Cruz de Tenerife,4 y más,2023-10-01,2023,4,2023-T4,100.636
38,Santa Cruz de Tenerife,4 y más,2024-01-01,2024,1,2024-T1,100.74
38,Santa Cruz de Tenerife,4 y más,2024-04-01,2024,2,2024-T2,100.745
38,Santa Cruz de Tenerife,4 y más,2024-07-01,2024,3,2024-T3,100.812
38,Santa Cruz de Tenerife,4 y más,2024-10-01,2024,4,2024-T4,101.022
38,Santa Cruz de Tenerife,4 y más,2025-01-01,2025,1,2025-T1,101.03
38,Santa Cruz de Tenerife,4 y más,2025-04-01,2025,2,2025-T2,100.867
38,Santa Cruz de Tenerife,4 y más,2025-07-01,2025,3,2025-T3,100.872
38,Santa Cruz de Tenerife,4 y más,2025-10-01,2025,4,2025-T4,101.11
38,Santa Cruz de Tenerife,4 y más,2026-01-01,2026,1,2026-T1,101.097
38,Santa Cruz de Tenerife,4 y más,2026-04-01,2026,2,2026-T2,100.891
38,Santa Cruz de Tenerife,Total,2021-01-01,2021,1,2021-T1,397.432
38,Santa Cruz de Tenerife,Total,2021-04-01,2021,2,2021-T2,398.839
38,Santa Cruz de Tenerife,Total,2021-07-01,2021,3,2021-T3,400.478
38,Santa Cruz de Tenerife,Total,2021-10-01,2021,4,2021-T4,401.815
38,Santa Cruz de Tenerife,Total,2022-01-01,2022,1,2022-T1,403.791
38,Santa Cruz de Tenerife,Total,2022-04-01,2022,2,2022-T2,405.011
38,Santa Cruz de Tenerife,Total,2022-07-01,2022,3,2022-T3,407.002
38,Santa Cruz de Tenerife,Total,2022-10-01,2022,4,2022-T4,408.796
38,Santa Cruz de Tenerife,Total,2023-01-01,2023,1,2023-T1,410.54
38,Santa Cruz de Tenerife,Total,2023-04-01,2023,2,2023-T2,411.657
38,Santa Cruz de Tenerife,Total,2023-07-01,2023,3,2023-T3,412.584
38,Santa Cruz de Tenerife,Total,2023-10-01,2023,4,2023-T4,413.625
38,Santa Cruz de Tenerife,Total,2024-01-01,2024,1,2024-T1,414.353
38,Santa Cruz de Tenerife,Total,2024-04-01,2024,2,2024-T2,414.752
38,Santa Cruz de Tenerife,Total,2024-07-01,2024,3,2024-T3,415.506
38,Santa Cruz de Tenerife,Total,2024-10-01,2024,4,2024-T4,416.71
38,Santa Cruz de Tenerife,Total,2025-01-01,2025,1,2025-T1,417.133
38,Santa Cruz de Tenerife,Total,2025-04-01,2025,2,2025-T2,417.641
38,Santa Cruz de Tenerife,Total,2025-07-01,2025,3,2025-T3,418.85
38,Santa Cruz de Tenerife,Total,2025-10-01,2025,4,2025-T4,420.018
38,Santa Cruz de Tenerife,Total,2026-01-01,2026,1,2026-T1,420.312
38,Santa Cruz de Tenerife,Total,2026-04-01,2026,2,2026-T2,420.11
40,Segovia,1,2021-01-01,2021,1,2021-T1,20.342
40,Segovia,1,2021-04-01,2021,2,2021-T2,20.576
40,Segovia,1,2021-07-01,2021,3,2021-T3,20.755
40,Segovia,1,2021-10-01,2021,4,2021-T4,20.947
40,Segovia,1,2022-01-01,2022,1,2022-T1,21.132
40,Segovia,1,2022-04-01,2022,2,2022-T2,21.186
40,Segovia,1,2022-07-01,2022,3,2022-T3,21.264
40,Segovia,1,2022-10-01,2022,4,2022-T4,21.476
40,Segovia,1,2023-01-01,2023,1,2023-T1,21.725
40,Segovia,1,2023-04-01,2023,2,2023-T2,21.747
40,Segovia,1,2023-07-01,2023,3,2023-T3,21.781
40,Segovia,1,2023-10-01,2023,4,2023-T4,21.842
40,Segovia,1,2024-01-01,2024,1,2024-T1,21.907
40,Segovia,1,2024-04-01,2024,2,2024-T2,21.926
40,Segovia,1,2024-07-01,2024,3,2024-T3,21.992
40,Segovia,1,2024-10-01,2024,4,2024-T4,22.056
40,Segovia,1,2025-01-01,2025,1,2025-T1,22.121
40,Segovia,1,2025-04-01,2025,2,2025-T2,22.207
40,Segovia,1,2025-07-01,2025,3,2025-T3,22.315
40,Segovia,1,2025-10-01,2025,4,2025-T4,22.506
40,Segovia,1,2026-01-01,2026,1,2026-T1,22.72
40,Segovia,1,2026-04-01,2026,2,2026-T2,22.873
40,Segovia,2,2021-01-01,2021,1,2021-T1,16.904
40,Segovia,2,2021-04-01,2021,2,2021-T2,17.034
40,Segovia,2,2021-07-01,2021,3,2021-T3,17.111
40,Segovia,2,2021-10-01,2021,4,2021-T4,17.225
40,Segovia,2,2022-01-01,2022,1,2022-T1,17.335
40,Segovia,2,2022-04-01,2022,2,2022-T2,17.385
40,Segovia,2,2022-07-01,2022,3,2022-T3,17.441
40,Segovia,2,2022-10-01,2022,4,2022-T4,17.577
40,Segovia,2,2023-01-01,2023,1,2023-T1,17.739
40,Segovia,2,2023-04-01,2023,2,2023-T2,17.84
40,Segovia,2,2023-07-01,2023,3,2023-T3,17.938
40,Segovia,2,2023-10-01,2023,4,2023-T4,18.01
40,Segovia,2,2024-01-01,2024,1,2024-T1,18.079
40,Segovia,2,2024-04-01,2024,2,2024-T2,18.173
40,Segovia,2,2024-07-01,2024,3,2024-T3,18.285
40,Segovia,2,2024-10-01,2024,4,2024-T4,18.337
40,Segovia,2,2025-01-01,2025,1,2025-T1,18.383
40,Segovia,2,2025-04-01,2025,2,2025-T2,18.452
40,Segovia,2,2025-07-01,2025,3,2025-T3,18.543
40,Segovia,2,2025-10-01,2025,4,2025-T4,18.645
40,Segovia,2,2026-01-01,2026,1,2026-T1,18.759
40,Segovia,2,2026-04-01,2026,2,2026-T2,18.833
40,Segovia,3,2021-01-01,2021,1,2021-T1,12.017
40,Segovia,3,2021-04-01,2021,2,2021-T2,12.044
40,Segovia,3,2021-07-01,2021,3,2021-T3,12.028
40,Segovia,3,2021-10-01,2021,4,2021-T4,12.037
40,Segovia,3,2022-01-01,2022,1,2022-T1,12.042
40,Segovia,3,2022-04-01,2022,2,2022-T2,12.072
40,Segovia,3,2022-07-01,2022,3,2022-T3,12.104
40,Segovia,3,2022-10-01,2022,4,2022-T4,12.067
40,Segovia,3,2023-01-01,2023,1,2023-T1,12.061
40,Segovia,3,2023-04-01,2023,2,2023-T2,12.072
40,Segovia,3,2023-07-01,2023,3,2023-T3,12.062
40,Segovia,3,2023-10-01,2023,4,2023-T4,12.06
40,Segovia,3,2024-01-01,2024,1,2024-T1,12.07
40,Segovia,3,2024-04-01,2024,2,2024-T2,12.036
40,Segovia,3,2024-07-01,2024,3,2024-T3,12.01
40,Segovia,3,2024-10-01,2024,4,2024-T4,12.062
40,Segovia,3,2025-01-01,2025,1,2025-T1,12.12
40,Segovia,3,2025-04-01,2025,2,2025-T2,12.121
40,Segovia,3,2025-07-01,2025,3,2025-T3,12.135
40,Segovia,3,2025-10-01,2025,4,2025-T4,12.144
40,Segovia,3,2026-01-01,2026,1,2026-T1,12.156
40,Segovia,3,2026-04-01,2026,2,2026-T2,12.147
40,Segovia,4 y más,2021-01-01,2021,1,2021-T1,14.09
40,Segovia,4 y más,2021-04-01,2021,2,2021-T2,14.07
40,Segovia,4 y más,2021-07-01,2021,3,2021-T3,14.006
40,Segovia,4 y más,2021-10-01,2021,4,2021-T4,13.932
40,Segovia,4 y más,2022-01-01,2022,1,2022-T1,13.85
40,Segovia,4 y más,2022-04-01,2022,2,2022-T2,13.824
40,Segovia,4 y más,2022-07-01,2022,3,2022-T3,13.798
40,Segovia,4 y más,2022-10-01,2022,4,2022-T4,13.778
40,Segovia,4 y más,2023-01-01,2023,1,2023-T1,13.803
40,Segovia,4 y más,2023-04-01,2023,2,2023-T2,13.806
40,Segovia,4 y más,2023-07-01,2023,3,2023-T3,13.771
40,Segovia,4 y más,2023-10-01,2023,4,2023-T4,13.763
40,Segovia,4 y más,2024-01-01,2024,1,2024-T1,13.779
40,Segovia,4 y más,2024-04-01,2024,2,2024-T2,13.778
40,Segovia,4 y más,2024-07-01,2024,3,2024-T3,13.787
40,Segovia,4 y más,2024-10-01,2024,4,2024-T4,13.801
40,Segovia,4 y más,2025-01-01,2025,1,2025-T1,13.825
40,Segovia,4 y más,2025-04-01,2025,2,2025-T2,13.841
40,Segovia,4 y más,2025-07-01,2025,3,2025-T3,13.869
40,Segovia,4 y más,2025-10-01,2025,4,2025-T4,13.883
40,Segovia,4 y más,2026-01-01,2026,1,2026-T1,13.895
40,Segovia,4 y más,2026-04-01,2026,2,2026-T2,13.875
40,Segovia,Total,2021-01-01,2021,1,2021-T1,63.353
40,Segovia,Total,2021-04-01,2021,2,2021-T2,63.724
40,Segovia,Total,2021-07-01,2021,3,2021-T3,63.9
40,Segovia,Total,2021-10-01,2021,4,2021-T4,64.141
40,Segovia,Total,2022-01-01,2022,1,2022-T1,64.359
40,Segovia,Total,2022-04-01,2022,2,2022-T2,64.467
40,Segovia,Total,2022-07-01,2022,3,2022-T3,64.607
40,Segovia,Total,2022-10-01,2022,4,2022-T4,64.898
40,Segovia,Total,2023-01-01,2023,1,2023-T1,65.328
40,Segovia,Total,2023-04-01,2023,2,2023-T2,65.465
40,Segovia,Total,2023-07-01,2023,3,2023-T3,65.552
40,Segovia,Total,2023-10-01,2023,4,2023-T4,65.675
40,Segovia,Total,2024-01-01,2024,1,2024-T1,65.835
40,Segovia,Total,2024-04-01,2024,2,2024-T2,65.913
40,Segovia,Total,2024-07-01,2024,3,2024-T3,66.074
40,Segovia,Total,2024-10-01,2024,4,2024-T4,66.256
40,Segovia,Total,2025-01-01,2025,1,2025-T1,66.449
40,Segovia,Total,2025-04-01,2025,2,2025-T2,66.621
40,Segovia,Total,2025-07-01,2025,3,2025-T3,66.862
40,Segovia,Total,2025-10-01,2025,4,2025-T4,67.178
40,Segovia,Total,2026-01-01,2026,1,2026-T1,67.53
40,Segovia,Total,2026-04-01,2026,2,2026-T2,67.728
41,Sevilla,1,2021-01-01,2021,1,2021-T1,164.191
41,Sevilla,1,2021-04-01,2021,2,2021-T2,166.315
41,Sevilla,1,2021-07-01,2021,3,2021-T3,168.548
41,Sevilla,1,2021-10-01,2021,4,2021-T4,170.596
41,Sevilla,1,2022-01-01,2022,1,2022-T1,172.789
41,Sevilla,1,2022-04-01,2022,2,2022-T2,173.851
41,Sevilla,1,2022-07-01,2022,3,2022-T3,175.069
41,Sevilla,1,2022-10-01,2022,4,2022-T4,176.369
41,Sevilla,1,2023-01-01,2023,1,2023-T1,177.685
41,Sevilla,1,2023-04-01,2023,2,2023-T2,178.43
41,Sevilla,1,2023-07-01,2023,3,2023-T3,179.395
41,Sevilla,1,2023-10-01,2023,4,2023-T4,180.574
41,Sevilla,1,2024-01-01,2024,1,2024-T1,181.6
41,Sevilla,1,2024-04-01,2024,2,2024-T2,182.71
41,Sevilla,1,2024-07-01,2024,3,2024-T3,183.942
41,Sevilla,1,2024-10-01,2024,4,2024-T4,184.867
41,Sevilla,1,2025-01-01,2025,1,2025-T1,185.683
41,Sevilla,1,2025-04-01,2025,2,2025-T2,186.752
41,Sevilla,1,2025-07-01,2025,3,2025-T3,187.951
41,Sevilla,1,2025-10-01,2025,4,2025-T4,189.124
41,Sevilla,1,2026-01-01,2026,1,2026-T1,190.269
41,Sevilla,1,2026-04-01,2026,2,2026-T2,191.12
41,Sevilla,2,2021-01-01,2021,1,2021-T1,192.855
41,Sevilla,2,2021-04-01,2021,2,2021-T2,194.582
41,Sevilla,2,2021-07-01,2021,3,2021-T3,196.387
41,Sevilla,2,2021-10-01,2021,4,2021-T4,198.01
41,Sevilla,2,2022-01-01,2022,1,2022-T1,199.938
41,Sevilla,2,2022-04-01,2022,2,2022-T2,200.41
41,Sevilla,2,2022-07-01,2022,3,2022-T3,200.993
41,Sevilla,2,2022-10-01,2022,4,2022-T4,202.062
41,Sevilla,2,2023-01-01,2023,1,2023-T1,203.18
41,Sevilla,2,2023-04-01,2023,2,2023-T2,204.475
41,Sevilla,2,2023-07-01,2023,3,2023-T3,205.946
41,Sevilla,2,2023-10-01,2023,4,2023-T4,206.687
41,Sevilla,2,2024-01-01,2024,1,2024-T1,207.252
41,Sevilla,2,2024-04-01,2024,2,2024-T2,208.042
41,Sevilla,2,2024-07-01,2024,3,2024-T3,208.952
41,Sevilla,2,2024-10-01,2024,4,2024-T4,209.86
41,Sevilla,2,2025-01-01,2025,1,2025-T1,210.643
41,Sevilla,2,2025-04-01,2025,2,2025-T2,211.461
41,Sevilla,2,2025-07-01,2025,3,2025-T3,212.371
41,Sevilla,2,2025-10-01,2025,4,2025-T4,213.543
41,Sevilla,2,2026-01-01,2026,1,2026-T1,214.732
41,Sevilla,2,2026-04-01,2026,2,2026-T2,215.704
41,Sevilla,3,2021-01-01,2021,1,2021-T1,158.158
41,Sevilla,3,2021-04-01,2021,2,2021-T2,157.94
41,Sevilla,3,2021-07-01,2021,3,2021-T3,157.72
41,Sevilla,3,2021-10-01,2021,4,2021-T4,157.57
41,Sevilla,3,2022-01-01,2022,1,2022-T1,157.667
41,Sevilla,3,2022-04-01,2022,2,2022-T2,157.671
41,Sevilla,3,2022-07-01,2022,3,2022-T3,157.74
41,Sevilla,3,2022-10-01,2022,4,2022-T4,158.025
41,Sevilla,3,2023-01-01,2023,1,2023-T1,158.311
41,Sevilla,3,2023-04-01,2023,2,2023-T2,158.617
41,Sevilla,3,2023-07-01,2023,3,2023-T3,159.012
41,Sevilla,3,2023-10-01,2023,4,2023-T4,159.22
41,Sevilla,3,2024-01-01,2024,1,2024-T1,159.327
41,Sevilla,3,2024-04-01,2024,2,2024-T2,159.531
41,Sevilla,3,2024-07-01,2024,3,2024-T3,159.757
41,Sevilla,3,2024-10-01,2024,4,2024-T4,159.925
41,Sevilla,3,2025-01-01,2025,1,2025-T1,160.078
41,Sevilla,3,2025-04-01,2025,2,2025-T2,160.401
41,Sevilla,3,2025-07-01,2025,3,2025-T3,160.694
41,Sevilla,3,2025-10-01,2025,4,2025-T4,160.941
41,Sevilla,3,2026-01-01,2026,1,2026-T1,161.222
41,Sevilla,3,2026-04-01,2026,2,2026-T2,161.464
41,Sevilla,4 y más,2021-01-01,2021,1,2021-T1,208.29
41,Sevilla,4 y más,2021-04-01,2021,2,2021-T2,207.076
41,Sevilla,4 y más,2021-07-01,2021,3,2021-T3,205.828
41,Sevilla,4 y más,2021-10-01,2021,4,2021-T4,204.649
41,Sevilla,4 y más,2022-01-01,2022,1,2022-T1,203.751
41,Sevilla,4 y más,2022-04-01,2022,2,2022-T2,203.531
41,Sevilla,4 y más,2022-07-01,2022,3,2022-T3,203.363
41,Sevilla,4 y más,2022-10-01,2022,4,2022-T4,203.0
41,Sevilla,4 y más,2023-01-01,2023,1,2023-T1,202.598
41,Sevilla,4 y más,2023-04-01,2023,2,2023-T2,201.818
41,Sevilla,4 y más,2023-07-01,2023,3,2023-T3,201.113
41,Sevilla,4 y más,2023-10-01,2023,4,2023-T4,201.023
41,Sevilla,4 y más,2024-01-01,2024,1,2024-T1,200.833
41,Sevilla,4 y más,2024-04-01,2024,2,2024-T2,200.455
41,Sevilla,4 y más,2024-07-01,2024,3,2024-T3,200.047
41,Sevilla,4 y más,2024-10-01,2024,4,2024-T4,199.959
41,Sevilla,4 y más,2025-01-01,2025,1,2025-T1,199.876
41,Sevilla,4 y más,2025-04-01,2025,2,2025-T2,199.741
41,Sevilla,4 y más,2025-07-01,2025,3,2025-T3,199.519
41,Sevilla,4 y más,2025-10-01,2025,4,2025-T4,199.27
41,Sevilla,4 y más,2026-01-01,2026,1,2026-T1,199.062
41,Sevilla,4 y más,2026-04-01,2026,2,2026-T2,198.684
41,Sevilla,Total,2021-01-01,2021,1,2021-T1,723.494
41,Sevilla,Total,2021-04-01,2021,2,2021-T2,725.913
41,Sevilla,Total,2021-07-01,2021,3,2021-T3,728.483
41,Sevilla,Total,2021-10-01,2021,4,2021-T4,730.825
41,Sevilla,Total,2022-01-01,2022,1,2022-T1,734.145
41,Sevilla,Total,2022-04-01,2022,2,2022-T2,735.463
41,Sevilla,Total,2022-07-01,2022,3,2022-T3,737.165
41,Sevilla,Total,2022-10-01,2022,4,2022-T4,739.456
41,Sevilla,Total,2023-01-01,2023,1,2023-T1,741.774
41,Sevilla,Total,2023-04-01,2023,2,2023-T2,743.34
41,Sevilla,Total,2023-07-01,2023,3,2023-T3,745.466
41,Sevilla,Total,2023-10-01,2023,4,2023-T4,747.504
41,Sevilla,Total,2024-01-01,2024,1,2024-T1,749.012
41,Sevilla,Total,2024-04-01,2024,2,2024-T2,750.738
41,Sevilla,Total,2024-07-01,2024,3,2024-T3,752.698
41,Sevilla,Total,2024-10-01,2024,4,2024-T4,754.611
41,Sevilla,Total,2025-01-01,2025,1,2025-T1,756.28
41,Sevilla,Total,2025-04-01,2025,2,2025-T2,758.355
41,Sevilla,Total,2025-07-01,2025,3,2025-T3,760.535
41,Sevilla,Total,2025-10-01,2025,4,2025-T4,762.878
41,Sevilla,Total,2026-01-01,2026,1,2026-T1,765.285
41,Sevilla,Total,2026-04-01,2026,2,2026-T2,766.972
42,Soria,1,2021-01-01,2021,1,2021-T1,13.284
42,Soria,1,2021-04-01,2021,2,2021-T2,13.404
42,Soria,1,2021-07-01,2021,3,2021-T3,13.533
42,Soria,1,2021-10-01,2021,4,2021-T4,13.673
42,Soria,1,2022-01-01,2022,1,2022-T1,13.769
42,Soria,1,2022-04-01,2022,2,2022-T2,13.802
42,Soria,1,2022-07-01,2022,3,2022-T3,13.884
42,Soria,1,2022-10-01,2022,4,2022-T4,13.969
42,Soria,1,2023-01-01,2023,1,2023-T1,14.061
42,Soria,1,2023-04-01,2023,2,2023-T2,14.109
42,Soria,1,2023-07-01,2023,3,2023-T3,14.175
42,Soria,1,2023-10-01,2023,4,2023-T4,14.234
42,Soria,1,2024-01-01,2024,1,2024-T1,14.246
42,Soria,1,2024-04-01,2024,2,2024-T2,14.292
42,Soria,1,2024-07-01,2024,3,2024-T3,14.382
42,Soria,1,2024-10-01,2024,4,2024-T4,14.449
42,Soria,1,2025-01-01,2025,1,2025-T1,14.495
42,Soria,1,2025-04-01,2025,2,2025-T2,14.497
42,Soria,1,2025-07-01,2025,3,2025-T3,14.532
42,Soria,1,2025-10-01,2025,4,2025-T4,14.596
42,Soria,1,2026-01-01,2026,1,2026-T1,14.642
42,Soria,1,2026-04-01,2026,2,2026-T2,14.667
42,Soria,2,2021-01-01,2021,1,2021-T1,10.016
42,Soria,2,2021-04-01,2021,2,2021-T2,10.061
42,Soria,2,2021-07-01,2021,3,2021-T3,10.106
42,Soria,2,2021-10-01,2021,4,2021-T4,10.175
42,Soria,2,2022-01-01,2022,1,2022-T1,10.222
42,Soria,2,2022-04-01,2022,2,2022-T2,10.24
42,Soria,2,2022-07-01,2022,3,2022-T3,10.298
42,Soria,2,2022-10-01,2022,4,2022-T4,10.384
42,Soria,2,2023-01-01,2023,1,2023-T1,10.473
42,Soria,2,2023-04-01,2023,2,2023-T2,10.471
42,Soria,2,2023-07-01,2023,3,2023-T3,10.484
42,Soria,2,2023-10-01,2023,4,2023-T4,10.534
42,Soria,2,2024-01-01,2024,1,2024-T1,10.549
42,Soria,2,2024-04-01,2024,2,2024-T2,10.568
42,Soria,2,2024-07-01,2024,3,2024-T3,10.614
42,Soria,2,2024-10-01,2024,4,2024-T4,10.654
42,Soria,2,2025-01-01,2025,1,2025-T1,10.683
42,Soria,2,2025-04-01,2025,2,2025-T2,10.701
42,Soria,2,2025-07-01,2025,3,2025-T3,10.747
42,Soria,2,2025-10-01,2025,4,2025-T4,10.804
42,Soria,2,2026-01-01,2026,1,2026-T1,10.847
42,Soria,2,2026-04-01,2026,2,2026-T2,10.86
42,Soria,3,2021-01-01,2021,1,2021-T1,7.258
42,Soria,3,2021-04-01,2021,2,2021-T2,7.228
42,Soria,3,2021-07-01,2021,3,2021-T3,7.185
42,Soria,3,2021-10-01,2021,4,2021-T4,7.172
42,Soria,3,2022-01-01,2022,1,2022-T1,7.149
42,Soria,3,2022-04-01,2022,2,2022-T2,7.149
42,Soria,3,2022-07-01,2022,3,2022-T3,7.179
42,Soria,3,2022-10-01,2022,4,2022-T4,7.184
42,Soria,3,2023-01-01,2023,1,2023-T1,7.187
42,Soria,3,2023-04-01,2023,2,2023-T2,7.175
42,Soria,3,2023-07-01,2023,3,2023-T3,7.17
42,Soria,3,2023-10-01,2023,4,2023-T4,7.186
42,Soria,3,2024-01-01,2024,1,2024-T1,7.174
42,Soria,3,2024-04-01,2024,2,2024-T2,7.147
42,Soria,3,2024-07-01,2024,3,2024-T3,7.138
42,Soria,3,2024-10-01,2024,4,2024-T4,7.121
42,Soria,3,2025-01-01,2025,1,2025-T1,7.101
42,Soria,3,2025-04-01,2025,2,2025-T2,7.089
42,Soria,3,2025-07-01,2025,3,2025-T3,7.101
42,Soria,3,2025-10-01,2025,4,2025-T4,7.097
42,Soria,3,2026-01-01,2026,1,2026-T1,7.087
42,Soria,3,2026-04-01,2026,2,2026-T2,7.059
42,Soria,4 y más,2021-01-01,2021,1,2021-T1,7.413
42,Soria,4 y más,2021-04-01,2021,2,2021-T2,7.368
42,Soria,4 y más,2021-07-01,2021,3,2021-T3,7.306
42,Soria,4 y más,2021-10-01,2021,4,2021-T4,7.235
42,Soria,4 y más,2022-01-01,2022,1,2022-T1,7.162
42,Soria,4 y más,2022-04-01,2022,2,2022-T2,7.137
42,Soria,4 y más,2022-07-01,2022,3,2022-T3,7.146
42,Soria,4 y más,2022-10-01,2022,4,2022-T4,7.146
42,Soria,4 y más,2023-01-01,2023,1,2023-T1,7.141
42,Soria,4 y más,2023-04-01,2023,2,2023-T2,7.141
42,Soria,4 y más,2023-07-01,2023,3,2023-T3,7.146
42,Soria,4 y más,2023-10-01,2023,4,2023-T4,7.162
42,Soria,4 y más,2024-01-01,2024,1,2024-T1,7.149
42,Soria,4 y más,2024-04-01,2024,2,2024-T2,7.138
42,Soria,4 y más,2024-07-01,2024,3,2024-T3,7.141
42,Soria,4 y más,2024-10-01,2024,4,2024-T4,7.123
42,Soria,4 y más,2025-01-01,2025,1,2025-T1,7.106
42,Soria,4 y más,2025-04-01,2025,2,2025-T2,7.108
42,Soria,4 y más,2025-07-01,2025,3,2025-T3,7.135
42,Soria,4 y más,2025-10-01,2025,4,2025-T4,7.13
42,Soria,4 y más,2026-01-01,2026,1,2026-T1,7.123
42,Soria,4 y más,2026-04-01,2026,2,2026-T2,7.088
42,Soria,Total,2021-01-01,2021,1,2021-T1,37.971
42,Soria,Total,2021-04-01,2021,2,2021-T2,38.061
42,Soria,Total,2021-07-01,2021,3,2021-T3,38.13
42,Soria,Total,2021-10-01,2021,4,2021-T4,38.255
42,Soria,Total,2022-01-01,2022,1,2022-T1,38.302
42,Soria,Total,2022-04-01,2022,2,2022-T2,38.328
42,Soria,Total,2022-07-01,2022,3,2022-T3,38.507
42,Soria,Total,2022-10-01,2022,4,2022-T4,38.683
42,Soria,Total,2023-01-01,2023,1,2023-T1,38.862
42,Soria,Total,2023-04-01,2023,2,2023-T2,38.896
42,Soria,Total,2023-07-01,2023,3,2023-T3,38.975
42,Soria,Total,2023-10-01,2023,4,2023-T4,39.116
42,Soria,Total,2024-01-01,2024,1,2024-T1,39.118
42,Soria,Total,2024-04-01,2024,2,2024-T2,39.145
42,Soria,Total,2024-07-01,2024,3,2024-T3,39.275
42,Soria,Total,2024-10-01,2024,4,2024-T4,39.347
42,Soria,Total,2025-01-01,2025,1,2025-T1,39.385
42,Soria,Total,2025-04-01,2025,2,2025-T2,39.395
42,Soria,Total,2025-07-01,2025,3,2025-T3,39.515
42,Soria,Total,2025-10-01,2025,4,2025-T4,39.627
42,Soria,Total,2026-01-01,2026,1,2026-T1,39.699
42,Soria,Total,2026-04-01,2026,2,2026-T2,39.674
43,Tarragona,1,2021-01-01,2021,1,2021-T1,87.471
43,Tarragona,1,2021-04-01,2021,2,2021-T2,88.415
43,Tarragona,1,2021-07-01,2021,3,2021-T3,89.498
43,Tarragona,1,2021-10-01,2021,4,2021-T4,90.66
43,Tarragona,1,2022-01-01,2022,1,2022-T1,91.62
43,Tarragona,1,2022-04-01,2022,2,2022-T2,92.295
43,Tarragona,1,2022-07-01,2022,3,2022-T3,93.046
43,Tarragona,1,2022-10-01,2022,4,2022-T4,93.855
43,Tarragona,1,2023-01-01,2023,1,2023-T1,94.69
43,Tarragona,1,2023-04-01,2023,2,2023-T2,95.087
43,Tarragona,1,2023-07-01,2023,3,2023-T3,95.555
43,Tarragona,1,2023-10-01,2023,4,2023-T4,96.123
43,Tarragona,1,2024-01-01,2024,1,2024-T1,96.53
43,Tarragona,1,2024-04-01,2024,2,2024-T2,97.263
43,Tarragona,1,2024-07-01,2024,3,2024-T3,98.152
43,Tarragona,1,2024-10-01,2024,4,2024-T4,98.807
43,Tarragona,1,2025-01-01,2025,1,2025-T1,99.161
43,Tarragona,1,2025-04-01,2025,2,2025-T2,99.761
43,Tarragona,1,2025-07-01,2025,3,2025-T3,100.593
43,Tarragona,1,2025-10-01,2025,4,2025-T4,101.383
43,Tarragona,1,2026-01-01,2026,1,2026-T1,102.049
43,Tarragona,1,2026-04-01,2026,2,2026-T2,102.768
43,Tarragona,2,2021-01-01,2021,1,2021-T1,92.337
43,Tarragona,2,2021-04-01,2021,2,2021-T2,93.336
43,Tarragona,2,2021-07-01,2021,3,2021-T3,94.444
43,Tarragona,2,2021-10-01,2021,4,2021-T4,95.429
43,Tarragona,2,2022-01-01,2022,1,2022-T1,96.231
43,Tarragona,2,2022-04-01,2022,2,2022-T2,96.606
43,Tarragona,2,2022-07-01,2022,3,2022-T3,97.034
43,Tarragona,2,2022-10-01,2022,4,2022-T4,97.685
43,Tarragona,2,2023-01-01,2023,1,2023-T1,98.328
43,Tarragona,2,2023-04-01,2023,2,2023-T2,98.752
43,Tarragona,2,2023-07-01,2023,3,2023-T3,99.206
43,Tarragona,2,2023-10-01,2023,4,2023-T4,99.787
43,Tarragona,2,2024-01-01,2024,1,2024-T1,100.177
43,Tarragona,2,2024-04-01,2024,2,2024-T2,100.825
43,Tarragona,2,2024-07-01,2024,3,2024-T3,101.601
43,Tarragona,2,2024-10-01,2024,4,2024-T4,102.287
43,Tarragona,2,2025-01-01,2025,1,2025-T1,102.676
43,Tarragona,2,2025-04-01,2025,2,2025-T2,103.079
43,Tarragona,2,2025-07-01,2025,3,2025-T3,103.669
43,Tarragona,2,2025-10-01,2025,4,2025-T4,104.475
43,Tarragona,2,2026-01-01,2026,1,2026-T1,105.157
43,Tarragona,2,2026-04-01,2026,2,2026-T2,105.855
43,Tarragona,3,2021-01-01,2021,1,2021-T1,65.198
43,Tarragona,3,2021-04-01,2021,2,2021-T2,65.168
43,Tarragona,3,2021-07-01,2021,3,2021-T3,65.187
43,Tarragona,3,2021-10-01,2021,4,2021-T4,65.374
43,Tarragona,3,2022-01-01,2022,1,2022-T1,65.443
43,Tarragona,3,2022-04-01,2022,2,2022-T2,65.509
43,Tarragona,3,2022-07-01,2022,3,2022-T3,65.606
43,Tarragona,3,2022-10-01,2022,4,2022-T4,65.85
43,Tarragona,3,2023-01-01,2023,1,2023-T1,66.077
43,Tarragona,3,2023-04-01,2023,2,2023-T2,66.31
43,Tarragona,3,2023-07-01,2023,3,2023-T3,66.506
43,Tarragona,3,2023-10-01,2023,4,2023-T4,66.826
43,Tarragona,3,2024-01-01,2024,1,2024-T1,67.022
43,Tarragona,3,2024-04-01,2024,2,2024-T2,67.251
43,Tarragona,3,2024-07-01,2024,3,2024-T3,67.555
43,Tarragona,3,2024-10-01,2024,4,2024-T4,67.941
43,Tarragona,3,2025-01-01,2025,1,2025-T1,68.088
43,Tarragona,3,2025-04-01,2025,2,2025-T2,68.352
43,Tarragona,3,2025-07-01,2025,3,2025-T3,68.695
43,Tarragona,3,2025-10-01,2025,4,2025-T4,68.857
43,Tarragona,3,2026-01-01,2026,1,2026-T1,68.923
43,Tarragona,3,2026-04-01,2026,2,2026-T2,69.11
43,Tarragona,4 y más,2021-01-01,2021,1,2021-T1,77.838
43,Tarragona,4 y más,2021-04-01,2021,2,2021-T2,77.489
43,Tarragona,4 y más,2021-07-01,2021,3,2021-T3,77.188
43,Tarragona,4 y más,2021-10-01,2021,4,2021-T4,77.107
43,Tarragona,4 y más,2022-01-01,2022,1,2022-T1,76.88
43,Tarragona,4 y más,2022-04-01,2022,2,2022-T2,77.163
43,Tarragona,4 y más,2022-07-01,2022,3,2022-T3,77.494
43,Tarragona,4 y más,2022-10-01,2022,4,2022-T4,77.86
43,Tarragona,4 y más,2023-01-01,2023,1,2023-T1,78.182
43,Tarragona,4 y más,2023-04-01,2023,2,2023-T2,78.366
43,Tarragona,4 y más,2023-07-01,2023,3,2023-T3,78.457
43,Tarragona,4 y más,2023-10-01,2023,4,2023-T4,78.841
43,Tarragona,4 y más,2024-01-01,2024,1,2024-T1,79.075
43,Tarragona,4 y más,2024-04-01,2024,2,2024-T2,79.012
43,Tarragona,4 y más,2024-07-01,2024,3,2024-T3,79.01
43,Tarragona,4 y más,2024-10-01,2024,4,2024-T4,79.422
43,Tarragona,4 y más,2025-01-01,2025,1,2025-T1,79.529
43,Tarragona,4 y más,2025-04-01,2025,2,2025-T2,79.743
43,Tarragona,4 y más,2025-07-01,2025,3,2025-T3,80.012
43,Tarragona,4 y más,2025-10-01,2025,4,2025-T4,80.193
43,Tarragona,4 y más,2026-01-01,2026,1,2026-T1,80.254
43,Tarragona,4 y más,2026-04-01,2026,2,2026-T2,80.421
43,Tarragona,Total,2021-01-01,2021,1,2021-T1,322.844
43,Tarragona,Total,2021-04-01,2021,2,2021-T2,324.408
43,Tarragona,Total,2021-07-01,2021,3,2021-T3,326.317
43,Tarragona,Total,2021-10-01,2021,4,2021-T4,328.57
43,Tarragona,Total,2022-01-01,2022,1,2022-T1,330.174
43,Tarragona,Total,2022-04-01,2022,2,2022-T2,331.573
43,Tarragona,Total,2022-07-01,2022,3,2022-T3,333.18
43,Tarragona,Total,2022-10-01,2022,4,2022-T4,335.25
43,Tarragona,Total,2023-01-01,2023,1,2023-T1,337.277
43,Tarragona,Total,2023-04-01,2023,2,2023-T2,338.515
43,Tarragona,Total,2023-07-01,2023,3,2023-T3,339.724
43,Tarragona,Total,2023-10-01,2023,4,2023-T4,341.577
43,Tarragona,Total,2024-01-01,2024,1,2024-T1,342.804
43,Tarragona,Total,2024-04-01,2024,2,2024-T2,344.351
43,Tarragona,Total,2024-07-01,2024,3,2024-T3,346.318
43,Tarragona,Total,2024-10-01,2024,4,2024-T4,348.457
43,Tarragona,Total,2025-01-01,2025,1,2025-T1,349.454
43,Tarragona,Total,2025-04-01,2025,2,2025-T2,350.935
43,Tarragona,Total,2025-07-01,2025,3,2025-T3,352.969
43,Tarragona,Total,2025-10-01,2025,4,2025-T4,354.908
43,Tarragona,Total,2026-01-01,2026,1,2026-T1,356.383
43,Tarragona,Total,2026-04-01,2026,2,2026-T2,358.154
44,Teruel,1,2021-01-01,2021,1,2021-T1,17.046
44,Teruel,1,2021-04-01,2021,2,2021-T2,17.189
44,Teruel,1,2021-07-01,2021,3,2021-T3,17.342
44,Teruel,1,2021-10-01,2021,4,2021-T4,17.497
44,Teruel,1,2022-01-01,2022,1,2022-T1,17.645
44,Teruel,1,2022-04-01,2022,2,2022-T2,17.662
44,Teruel,1,2022-07-01,2022,3,2022-T3,17.707
44,Teruel,1,2022-10-01,2022,4,2022-T4,17.868
44,Teruel,1,2023-01-01,2023,1,2023-T1,18.009
44,Teruel,1,2023-04-01,2023,2,2023-T2,18.089
44,Teruel,1,2023-07-01,2023,3,2023-T3,18.172
44,Teruel,1,2023-10-01,2023,4,2023-T4,18.294
44,Teruel,1,2024-01-01,2024,1,2024-T1,18.396
44,Teruel,1,2024-04-01,2024,2,2024-T2,18.437
44,Teruel,1,2024-07-01,2024,3,2024-T3,18.529
44,Teruel,1,2024-10-01,2024,4,2024-T4,18.599
44,Teruel,1,2025-01-01,2025,1,2025-T1,18.633
44,Teruel,1,2025-04-01,2025,2,2025-T2,18.62
44,Teruel,1,2025-07-01,2025,3,2025-T3,18.608
44,Teruel,1,2025-10-01,2025,4,2025-T4,18.692
44,Teruel,1,2026-01-01,2026,1,2026-T1,18.758
44,Teruel,1,2026-04-01,2026,2,2026-T2,18.808
44,Teruel,2,2021-01-01,2021,1,2021-T1,14.541
44,Teruel,2,2021-04-01,2021,2,2021-T2,14.616
44,Teruel,2,2021-07-01,2021,3,2021-T3,14.702
44,Teruel,2,2021-10-01,2021,4,2021-T4,14.794
44,Teruel,2,2022-01-01,2022,1,2022-T1,14.882
44,Teruel,2,2022-04-01,2022,2,2022-T2,14.884
44,Teruel,2,2022-07-01,2022,3,2022-T3,14.917
44,Teruel,2,2022-10-01,2022,4,2022-T4,15.002
44,Teruel,2,2023-01-01,2023,1,2023-T1,15.08
44,Teruel,2,2023-04-01,2023,2,2023-T2,15.087
44,Teruel,2,2023-07-01,2023,3,2023-T3,15.089
44,Teruel,2,2023-10-01,2023,4,2023-T4,15.146
44,Teruel,2,2024-01-01,2024,1,2024-T1,15.182
44,Teruel,2,2024-04-01,2024,2,2024-T2,15.194
44,Teruel,2,2024-07-01,2024,3,2024-T3,15.247
44,Teruel,2,2024-10-01,2024,4,2024-T4,15.315
44,Teruel,2,2025-01-01,2025,1,2025-T1,15.355
44,Teruel,2,2025-04-01,2025,2,2025-T2,15.366
44,Teruel,2,2025-07-01,2025,3,2025-T3,15.382
44,Teruel,2,2025-10-01,2025,4,2025-T4,15.454
44,Teruel,2,2026-01-01,2026,1,2026-T1,15.51
44,Teruel,2,2026-04-01,2026,2,2026-T2,15.553
44,Teruel,3,2021-01-01,2021,1,2021-T1,10.651
44,Teruel,3,2021-04-01,2021,2,2021-T2,10.627
44,Teruel,3,2021-07-01,2021,3,2021-T3,10.611
44,Teruel,3,2021-10-01,2021,4,2021-T4,10.552
44,Teruel,3,2022-01-01,2022,1,2022-T1,10.501
44,Teruel,3,2022-04-01,2022,2,2022-T2,10.496
44,Teruel,3,2022-07-01,2022,3,2022-T3,10.518
44,Teruel,3,2022-10-01,2022,4,2022-T4,10.553
44,Teruel,3,2023-01-01,2023,1,2023-T1,10.577
44,Teruel,3,2023-04-01,2023,2,2023-T2,10.605
44,Teruel,3,2023-07-01,2023,3,2023-T3,10.618
44,Teruel,3,2023-10-01,2023,4,2023-T4,10.607
44,Teruel,3,2024-01-01,2024,1,2024-T1,10.597
44,Teruel,3,2024-04-01,2024,2,2024-T2,10.606
44,Teruel,3,2024-07-01,2024,3,2024-T3,10.646
44,Teruel,3,2024-10-01,2024,4,2024-T4,10.65
44,Teruel,3,2025-01-01,2025,1,2025-T1,10.626
44,Teruel,3,2025-04-01,2025,2,2025-T2,10.625
44,Teruel,3,2025-07-01,2025,3,2025-T3,10.627
44,Teruel,3,2025-10-01,2025,4,2025-T4,10.609
44,Teruel,3,2026-01-01,2026,1,2026-T1,10.588
44,Teruel,3,2026-04-01,2026,2,2026-T2,10.566
44,Teruel,4 y más,2021-01-01,2021,1,2021-T1,12.387
44,Teruel,4 y más,2021-04-01,2021,2,2021-T2,12.297
44,Teruel,4 y más,2021-07-01,2021,3,2021-T3,12.223
44,Teruel,4 y más,2021-10-01,2021,4,2021-T4,12.177
44,Teruel,4 y más,2022-01-01,2022,1,2022-T1,12.146
44,Teruel,4 y más,2022-04-01,2022,2,2022-T2,12.136
44,Teruel,4 y más,2022-07-01,2022,3,2022-T3,12.164
44,Teruel,4 y más,2022-10-01,2022,4,2022-T4,12.127
44,Teruel,4 y más,2023-01-01,2023,1,2023-T1,12.079
44,Teruel,4 y más,2023-04-01,2023,2,2023-T2,12.05
44,Teruel,4 y más,2023-07-01,2023,3,2023-T3,11.995
44,Teruel,4 y más,2023-10-01,2023,4,2023-T4,11.978
44,Teruel,4 y más,2024-01-01,2024,1,2024-T1,11.975
44,Teruel,4 y más,2024-04-01,2024,2,2024-T2,11.916
44,Teruel,4 y más,2024-07-01,2024,3,2024-T3,11.891
44,Teruel,4 y más,2024-10-01,2024,4,2024-T4,11.933
44,Teruel,4 y más,2025-01-01,2025,1,2025-T1,11.938
44,Teruel,4 y más,2025-04-01,2025,2,2025-T2,11.972
44,Teruel,4 y más,2025-07-01,2025,3,2025-T3,12.012
44,Teruel,4 y más,2025-10-01,2025,4,2025-T4,12.031
44,Teruel,4 y más,2026-01-01,2026,1,2026-T1,12.054
44,Teruel,4 y más,2026-04-01,2026,2,2026-T2,12.055
44,Teruel,Total,2021-01-01,2021,1,2021-T1,54.625
44,Teruel,Total,2021-04-01,2021,2,2021-T2,54.729
44,Teruel,Total,2021-07-01,2021,3,2021-T3,54.878
44,Teruel,Total,2021-10-01,2021,4,2021-T4,55.02
44,Teruel,Total,2022-01-01,2022,1,2022-T1,55.174
44,Teruel,Total,2022-04-01,2022,2,2022-T2,55.178
44,Teruel,Total,2022-07-01,2022,3,2022-T3,55.306
44,Teruel,Total,2022-10-01,2022,4,2022-T4,55.55
44,Teruel,Total,2023-01-01,2023,1,2023-T1,55.745
44,Teruel,Total,2023-04-01,2023,2,2023-T2,55.831
44,Teruel,Total,2023-07-01,2023,3,2023-T3,55.874
44,Teruel,Total,2023-10-01,2023,4,2023-T4,56.025
44,Teruel,Total,2024-01-01,2024,1,2024-T1,56.15
44,Teruel,Total,2024-04-01,2024,2,2024-T2,56.153
44,Teruel,Total,2024-07-01,2024,3,2024-T3,56.313
44,Teruel,Total,2024-10-01,2024,4,2024-T4,56.497
44,Teruel,Total,2025-01-01,2025,1,2025-T1,56.552
44,Teruel,Total,2025-04-01,2025,2,2025-T2,56.583
44,Teruel,Total,2025-07-01,2025,3,2025-T3,56.629
44,Teruel,Total,2025-10-01,2025,4,2025-T4,56.786
44,Teruel,Total,2026-01-01,2026,1,2026-T1,56.91
44,Teruel,Total,2026-04-01,2026,2,2026-T2,56.982
45,Toledo,1,2021-01-01,2021,1,2021-T1,69.649
45,Toledo,1,2021-04-01,2021,2,2021-T2,70.329
45,Toledo,1,2021-07-01,2021,3,2021-T3,71.094
45,Toledo,1,2021-10-01,2021,4,2021-T4,71.896
45,Toledo,1,2022-01-01,2022,1,2022-T1,72.79
45,Toledo,1,2022-04-01,2022,2,2022-T2,73.115
45,Toledo,1,2022-07-01,2022,3,2022-T3,73.59
45,Toledo,1,2022-10-01,2022,4,2022-T4,74.205
45,Toledo,1,2023-01-01,2023,1,2023-T1,74.877
45,Toledo,1,2023-04-01,2023,2,2023-T2,75.352
45,Toledo,1,2023-07-01,2023,3,2023-T3,75.927
45,Toledo,1,2023-10-01,2023,4,2023-T4,76.281
45,Toledo,1,2024-01-01,2024,1,2024-T1,76.493
45,Toledo,1,2024-04-01,2024,2,2024-T2,76.621
45,Toledo,1,2024-07-01,2024,3,2024-T3,76.867
45,Toledo,1,2024-10-01,2024,4,2024-T4,77.215
45,Toledo,1,2025-01-01,2025,1,2025-T1,77.527
45,Toledo,1,2025-04-01,2025,2,2025-T2,77.806
45,Toledo,1,2025-07-01,2025,3,2025-T3,78.2
45,Toledo,1,2025-10-01,2025,4,2025-T4,78.688
45,Toledo,1,2026-01-01,2026,1,2026-T1,79.049
45,Toledo,1,2026-04-01,2026,2,2026-T2,79.411
45,Toledo,2,2021-01-01,2021,1,2021-T1,70.555
45,Toledo,2,2021-04-01,2021,2,2021-T2,71.144
45,Toledo,2,2021-07-01,2021,3,2021-T3,71.729
45,Toledo,2,2021-10-01,2021,4,2021-T4,72.419
45,Toledo,2,2022-01-01,2022,1,2022-T1,73.217
45,Toledo,2,2022-04-01,2022,2,2022-T2,73.524
45,Toledo,2,2022-07-01,2022,3,2022-T3,73.939
45,Toledo,2,2022-10-01,2022,4,2022-T4,74.516
45,Toledo,2,2023-01-01,2023,1,2023-T1,75.148
45,Toledo,2,2023-04-01,2023,2,2023-T2,75.634
45,Toledo,2,2023-07-01,2023,3,2023-T3,76.188
45,Toledo,2,2023-10-01,2023,4,2023-T4,76.812
45,Toledo,2,2024-01-01,2024,1,2024-T1,77.334
45,Toledo,2,2024-04-01,2024,2,2024-T2,77.567
45,Toledo,2,2024-07-01,2024,3,2024-T3,77.881
45,Toledo,2,2024-10-01,2024,4,2024-T4,78.492
45,Toledo,2,2025-01-01,2025,1,2025-T1,79.031
45,Toledo,2,2025-04-01,2025,2,2025-T2,79.48
45,Toledo,2,2025-07-01,2025,3,2025-T3,80.033
45,Toledo,2,2025-10-01,2025,4,2025-T4,80.563
45,Toledo,2,2026-01-01,2026,1,2026-T1,80.943
45,Toledo,2,2026-04-01,2026,2,2026-T2,81.378
45,Toledo,3,2021-01-01,2021,1,2021-T1,55.604
45,Toledo,3,2021-04-01,2021,2,2021-T2,55.561
45,Toledo,3,2021-07-01,2021,3,2021-T3,55.443
45,Toledo,3,2021-10-01,2021,4,2021-T4,55.516
45,Toledo,3,2022-01-01,2022,1,2022-T1,55.724
45,Toledo,3,2022-04-01,2022,2,2022-T2,55.869
45,Toledo,3,2022-07-01,2022,3,2022-T3,56.099
45,Toledo,3,2022-10-01,2022,4,2022-T4,56.318
45,Toledo,3,2023-01-01,2023,1,2023-T1,56.566
45,Toledo,3,2023-04-01,2023,2,2023-T2,56.712
45,Toledo,3,2023-07-01,2023,3,2023-T3,56.852
45,Toledo,3,2023-10-01,2023,4,2023-T4,57.068
45,Toledo,3,2024-01-01,2024,1,2024-T1,57.222
45,Toledo,3,2024-04-01,2024,2,2024-T2,57.47
45,Toledo,3,2024-07-01,2024,3,2024-T3,57.744
45,Toledo,3,2024-10-01,2024,4,2024-T4,57.931
45,Toledo,3,2025-01-01,2025,1,2025-T1,58.063
45,Toledo,3,2025-04-01,2025,2,2025-T2,58.187
45,Toledo,3,2025-07-01,2025,3,2025-T3,58.385
45,Toledo,3,2025-10-01,2025,4,2025-T4,58.654
45,Toledo,3,2026-01-01,2026,1,2026-T1,58.792
45,Toledo,3,2026-04-01,2026,2,2026-T2,58.999
45,Toledo,4 y más,2021-01-01,2021,1,2021-T1,73.554
45,Toledo,4 y más,2021-04-01,2021,2,2021-T2,73.35
45,Toledo,4 y más,2021-07-01,2021,3,2021-T3,73.039
45,Toledo,4 y más,2021-10-01,2021,4,2021-T4,72.905
45,Toledo,4 y más,2022-01-01,2022,1,2022-T1,72.971
45,Toledo,4 y más,2022-04-01,2022,2,2022-T2,73.078
45,Toledo,4 y más,2022-07-01,2022,3,2022-T3,73.308
45,Toledo,4 y más,2022-10-01,2022,4,2022-T4,73.457
45,Toledo,4 y más,2023-01-01,2023,1,2023-T1,73.631
45,Toledo,4 y más,2023-04-01,2023,2,2023-T2,73.687
45,Toledo,4 y más,2023-07-01,2023,3,2023-T3,73.712
45,Toledo,4 y más,2023-10-01,2023,4,2023-T4,73.971
45,Toledo,4 y más,2024-01-01,2024,1,2024-T1,74.158
45,Toledo,4 y más,2024-04-01,2024,2,2024-T2,74.32
45,Toledo,4 y más,2024-07-01,2024,3,2024-T3,74.479
45,Toledo,4 y más,2024-10-01,2024,4,2024-T4,74.819
45,Toledo,4 y más,2025-01-01,2025,1,2025-T1,75.053
45,Toledo,4 y más,2025-04-01,2025,2,2025-T2,75.28
45,Toledo,4 y más,2025-07-01,2025,3,2025-T3,75.605
45,Toledo,4 y más,2025-10-01,2025,4,2025-T4,76.076
45,Toledo,4 y más,2026-01-01,2026,1,2026-T1,76.352
45,Toledo,4 y más,2026-04-01,2026,2,2026-T2,76.567
45,Toledo,Total,2021-01-01,2021,1,2021-T1,269.362
45,Toledo,Total,2021-04-01,2021,2,2021-T2,270.384
45,Toledo,Total,2021-07-01,2021,3,2021-T3,271.305
45,Toledo,Total,2021-10-01,2021,4,2021-T4,272.736
45,Toledo,Total,2022-01-01,2022,1,2022-T1,274.702
45,Toledo,Total,2022-04-01,2022,2,2022-T2,275.586
45,Toledo,Total,2022-07-01,2022,3,2022-T3,276.936
45,Toledo,Total,2022-10-01,2022,4,2022-T4,278.496
45,Toledo,Total,2023-01-01,2023,1,2023-T1,280.222
45,Toledo,Total,2023-04-01,2023,2,2023-T2,281.385
45,Toledo,Total,2023-07-01,2023,3,2023-T3,282.679
45,Toledo,Total,2023-10-01,2023,4,2023-T4,284.132
45,Toledo,Total,2024-01-01,2024,1,2024-T1,285.207
45,Toledo,Total,2024-04-01,2024,2,2024-T2,285.978
45,Toledo,Total,2024-07-01,2024,3,2024-T3,286.971
45,Toledo,Total,2024-10-01,2024,4,2024-T4,288.457
45,Toledo,Total,2025-01-01,2025,1,2025-T1,289.674
45,Toledo,Total,2025-04-01,2025,2,2025-T2,290.753
45,Toledo,Total,2025-07-01,2025,3,2025-T3,292.223
45,Toledo,Total,2025-10-01,2025,4,2025-T4,293.981
45,Toledo,Total,2026-01-01,2026,1,2026-T1,295.136
45,Toledo,Total,2026-04-01,2026,2,2026-T2,296.355
46,Valencia/València,1,2021-01-01,2021,1,2021-T1,280.499
46,Valencia/València,1,2021-04-01,2021,2,2021-T2,282.984
46,Valencia/València,1,2021-07-01,2021,3,2021-T3,286.448
46,Valencia/València,1,2021-10-01,2021,4,2021-T4,289.44
46,Valencia/València,1,2022-01-01,2022,1,2022-T1,292.267
46,Valencia/València,1,2022-04-01,2022,2,2022-T2,293.907
46,Valencia/València,1,2022-07-01,2022,3,2022-T3,296.101
46,Valencia/València,1,2022-10-01,2022,4,2022-T4,297.722
46,Valencia/València,1,2023-01-01,2023,1,2023-T1,299.771
46,Valencia/València,1,2023-04-01,2023,2,2023-T2,301.01
46,Valencia/València,1,2023-07-01,2023,3,2023-T3,302.815
46,Valencia/València,1,2023-10-01,2023,4,2023-T4,303.808
46,Valencia/València,1,2024-01-01,2024,1,2024-T1,304.45
46,Valencia/València,1,2024-04-01,2024,2,2024-T2,305.392
46,Valencia/València,1,2024-07-01,2024,3,2024-T3,306.652
46,Valencia/València,1,2024-10-01,2024,4,2024-T4,307.346
46,Valencia/València,1,2025-01-01,2025,1,2025-T1,307.82
46,Valencia/València,1,2025-04-01,2025,2,2025-T2,308.389
46,Valencia/València,1,2025-07-01,2025,3,2025-T3,309.487
46,Valencia/València,1,2025-10-01,2025,4,2025-T4,311.373
46,Valencia/València,1,2026-01-01,2026,1,2026-T1,313.012
46,Valencia/València,1,2026-04-01,2026,2,2026-T2,314.542
46,Valencia/València,2,2021-01-01,2021,1,2021-T1,290.167
46,Valencia/València,2,2021-04-01,2021,2,2021-T2,291.974
46,Valencia/València,2,2021-07-01,2021,3,2021-T3,294.68
46,Valencia/València,2,2021-10-01,2021,4,2021-T4,296.854
46,Valencia/València,2,2022-01-01,2022,1,2022-T1,298.941
46,Valencia/València,2,2022-04-01,2022,2,2022-T2,300.028
46,Valencia/València,2,2022-07-01,2022,3,2022-T3,301.566
46,Valencia/València,2,2022-10-01,2022,4,2022-T4,303.399
46,Valencia/València,2,2023-01-01,2023,1,2023-T1,305.558
46,Valencia/València,2,2023-04-01,2023,2,2023-T2,307.311
46,Valencia/València,2,2023-07-01,2023,3,2023-T3,309.504
46,Valencia/València,2,2023-10-01,2023,4,2023-T4,311.305
46,Valencia/València,2,2024-01-01,2024,1,2024-T1,312.675
46,Valencia/València,2,2024-04-01,2024,2,2024-T2,314.405
46,Valencia/València,2,2024-07-01,2024,3,2024-T3,316.478
46,Valencia/València,2,2024-10-01,2024,4,2024-T4,317.931
46,Valencia/València,2,2025-01-01,2025,1,2025-T1,319.066
46,Valencia/València,2,2025-04-01,2025,2,2025-T2,319.741
46,Valencia/València,2,2025-07-01,2025,3,2025-T3,320.863
46,Valencia/València,2,2025-10-01,2025,4,2025-T4,321.846
46,Valencia/València,2,2026-01-01,2026,1,2026-T1,322.619
46,Valencia/València,2,2026-04-01,2026,2,2026-T2,323.642
46,Valencia/València,3,2021-01-01,2021,1,2021-T1,219.967
46,Valencia/València,3,2021-04-01,2021,2,2021-T2,219.16
46,Valencia/València,3,2021-07-01,2021,3,2021-T3,218.846
46,Valencia/València,3,2021-10-01,2021,4,2021-T4,219.024
46,Valencia/València,3,2022-01-01,2022,1,2022-T1,219.197
46,Valencia/València,3,2022-04-01,2022,2,2022-T2,219.417
46,Valencia/València,3,2022-07-01,2022,3,2022-T3,219.996
46,Valencia/València,3,2022-10-01,2022,4,2022-T4,220.709
46,Valencia/València,3,2023-01-01,2023,1,2023-T1,221.684
46,Valencia/València,3,2023-04-01,2023,2,2023-T2,222.265
46,Valencia/València,3,2023-07-01,2023,3,2023-T3,222.976
46,Valencia/València,3,2023-10-01,2023,4,2023-T4,223.938
46,Valencia/València,3,2024-01-01,2024,1,2024-T1,224.532
46,Valencia/València,3,2024-04-01,2024,2,2024-T2,225.561
46,Valencia/València,3,2024-07-01,2024,3,2024-T3,226.697
46,Valencia/València,3,2024-10-01,2024,4,2024-T4,227.494
46,Valencia/València,3,2025-01-01,2025,1,2025-T1,228.082
46,Valencia/València,3,2025-04-01,2025,2,2025-T2,228.506
46,Valencia/València,3,2025-07-01,2025,3,2025-T3,229.186
46,Valencia/València,3,2025-10-01,2025,4,2025-T4,229.516
46,Valencia/València,3,2026-01-01,2026,1,2026-T1,229.709
46,Valencia/València,3,2026-04-01,2026,2,2026-T2,230.11
46,Valencia/València,4 y más,2021-01-01,2021,1,2021-T1,239.438
46,Valencia/València,4 y más,2021-04-01,2021,2,2021-T2,238.047
46,Valencia/València,4 y más,2021-07-01,2021,3,2021-T3,237.119
46,Valencia/València,4 y más,2021-10-01,2021,4,2021-T4,237.039
46,Valencia/València,4 y más,2022-01-01,2022,1,2022-T1,236.93
46,Valencia/València,4 y más,2022-04-01,2022,2,2022-T2,237.266
46,Valencia/València,4 y más,2022-07-01,2022,3,2022-T3,238.01
46,Valencia/València,4 y más,2022-10-01,2022,4,2022-T4,238.526
46,Valencia/València,4 y más,2023-01-01,2023,1,2023-T1,239.311
46,Valencia/València,4 y más,2023-04-01,2023,2,2023-T2,240.181
46,Valencia/València,4 y más,2023-07-01,2023,3,2023-T3,241.081
46,Valencia/València,4 y más,2023-10-01,2023,4,2023-T4,242.537
46,Valencia/València,4 y más,2024-01-01,2024,1,2024-T1,243.534
46,Valencia/València,4 y más,2024-04-01,2024,2,2024-T2,244.406
46,Valencia/València,4 y más,2024-07-01,2024,3,2024-T3,245.335
46,Valencia/València,4 y más,2024-10-01,2024,4,2024-T4,246.83
46,Valencia/València,4 y más,2025-01-01,2025,1,2025-T1,248.08
46,Valencia/València,4 y más,2025-04-01,2025,2,2025-T2,249.056
46,Valencia/València,4 y más,2025-07-01,2025,3,2025-T3,250.27
46,Valencia/València,4 y más,2025-10-01,2025,4,2025-T4,251.299
46,Valencia/València,4 y más,2026-01-01,2026,1,2026-T1,252.16
46,Valencia/València,4 y más,2026-04-01,2026,2,2026-T2,252.722
47,Valladolid,1,2021-01-01,2021,1,2021-T1,63.758
47,Valladolid,1,2021-04-01,2021,2,2021-T2,64.502
47,Valladolid,1,2021-07-01,2021,3,2021-T3,65.328
47,Valladolid,1,2021-10-01,2021,4,2021-T4,65.985
47,Valladolid,1,2022-01-01,2022,1,2022-T1,66.629
47,Valladolid,1,2022-04-01,2022,2,2022-T2,66.937
47,Valladolid,1,2022-07-01,2022,3,2022-T3,67.247
47,Valladolid,1,2022-10-01,2022,4,2022-T4,67.787
47,Valladolid,1,2023-01-01,2023,1,2023-T1,68.387
47,Valladolid,1,2023-04-01,2023,2,2023-T2,68.788
47,Valladolid,1,2023-07-01,2023,3,2023-T3,69.229
47,Valladolid,1,2023-10-01,2023,4,2023-T4,69.566
47,Valladolid,1,2024-01-01,2024,1,2024-T1,69.886
47,Valladolid,1,2024-04-01,2024,2,2024-T2,70.182
47,Valladolid,1,2024-07-01,2024,3,2024-T3,70.54
47,Valladolid,1,2024-10-01,2024,4,2024-T4,70.742
47,Valladolid,1,2025-01-01,2025,1,2025-T1,70.967
47,Valladolid,1,2025-04-01,2025,2,2025-T2,71.223
47,Valladolid,1,2025-07-01,2025,3,2025-T3,71.476
47,Valladolid,1,2025-10-01,2025,4,2025-T4,72.105
47,Valladolid,1,2026-01-01,2026,1,2026-T1,72.536
47,Valladolid,1,2026-04-01,2026,2,2026-T2,73.098
47,Valladolid,2,2021-01-01,2021,1,2021-T1,63.718
47,Valladolid,2,2021-04-01,2021,2,2021-T2,64.035
47,Valladolid,2,2021-07-01,2021,3,2021-T3,64.411
47,Valladolid,2,2021-10-01,2021,4,2021-T4,64.773
47,Valladolid,2,2022-01-01,2022,1,2022-T1,65.145
47,Valladolid,2,2022-04-01,2022,2,2022-T2,65.364
47,Valladolid,2,2022-07-01,2022,3,2022-T3,65.591
47,Valladolid,2,2022-10-01,2022,4,2022-T4,66.09
47,Valladolid,2,2023-01-01,2023,1,2023-T1,66.594
47,Valladolid,2,2023-04-01,2023,2,2023-T2,66.877
47,Valladolid,2,2023-07-01,2023,3,2023-T3,67.194
47,Valladolid,2,2023-10-01,2023,4,2023-T4,67.421
47,Valladolid,2,2024-01-01,2024,1,2024-T1,67.636
47,Valladolid,2,2024-04-01,2024,2,2024-T2,67.809
47,Valladolid,2,2024-07-01,2024,3,2024-T3,68.034
47,Valladolid,2,2024-10-01,2024,4,2024-T4,68.195
47,Valladolid,2,2025-01-01,2025,1,2025-T1,68.357
47,Valladolid,2,2025-04-01,2025,2,2025-T2,68.594
47,Valladolid,2,2025-07-01,2025,3,2025-T3,68.824
47,Valladolid,2,2025-10-01,2025,4,2025-T4,69.284
47,Valladolid,2,2026-01-01,2026,1,2026-T1,69.557
47,Valladolid,2,2026-04-01,2026,2,2026-T2,69.998
47,Valladolid,3,2021-01-01,2021,1,2021-T1,45.431
47,Valladolid,3,2021-04-01,2021,2,2021-T2,45.139
47,Valladolid,3,2021-07-01,2021,3,2021-T3,44.87
47,Valladolid,3,2021-10-01,2021,4,2021-T4,44.716
47,Valladolid,3,2022-01-01,2022,1,2022-T1,44.56
47,Valladolid,3,2022-04-01,2022,2,2022-T2,44.512
47,Valladolid,3,2022-07-01,2022,3,2022-T3,44.455
47,Valladolid,3,2022-10-01,2022,4,2022-T4,44.365
47,Valladolid,3,2023-01-01,2023,1,2023-T1,44.28
47,Valladolid,3,2023-04-01,2023,2,2023-T2,44.22
47,Valladolid,3,2023-07-01,2023,3,2023-T3,44.145
47,Valladolid,3,2023-10-01,2023,4,2023-T4,44.127
47,Valladolid,3,2024-01-01,2024,1,2024-T1,44.122
47,Valladolid,3,2024-04-01,2024,2,2024-T2,44.085
47,Valladolid,3,2024-07-01,2024,3,2024-T3,44.035
47,Valladolid,3,2024-10-01,2024,4,2024-T4,44.063
47,Valladolid,3,2025-01-01,2025,1,2025-T1,44.103
47,Valladolid,3,2025-04-01,2025,2,2025-T2,44.249
47,Valladolid,3,2025-07-01,2025,3,2025-T3,44.365
47,Valladolid,3,2025-10-01,2025,4,2025-T4,44.463
47,Valladolid,3,2026-01-01,2026,1,2026-T1,44.391
47,Valladolid,3,2026-04-01,2026,2,2026-T2,44.515
47,Valladolid,4 y más,2021-01-01,2021,1,2021-T1,43.21
47,Valladolid,4 y más,2021-04-01,2021,2,2021-T2,42.948
47,Valladolid,4 y más,2021-07-01,2021,3,2021-T3,42.696
47,Valladolid,4 y más,2021-10-01,2021,4,2021-T4,42.488
47,Valladolid,4 y más,2022-01-01,2022,1,2022-T1,42.267
47,Valladolid,4 y más,2022-04-01,2022,2,2022-T2,42.241
47,Valladolid,4 y más,2022-07-01,2022,3,2022-T3,42.19
47,Valladolid,4 y más,2022-10-01,2022,4,2022-T4,42.027
47,Valladolid,4 y más,2023-01-01,2023,1,2023-T1,41.873
47,Valladolid,4 y más,2023-04-01,2023,2,2023-T2,41.821
47,Valladolid,4 y más,2023-07-01,2023,3,2023-T3,41.729
47,Valladolid,4 y más,2023-10-01,2023,4,2023-T4,41.741
47,Valladolid,4 y más,2024-01-01,2024,1,2024-T1,41.769
47,Valladolid,4 y más,2024-04-01,2024,2,2024-T2,41.804
47,Valladolid,4 y más,2024-07-01,2024,3,2024-T3,41.796
47,Valladolid,4 y más,2024-10-01,2024,4,2024-T4,41.85
47,Valladolid,4 y más,2025-01-01,2025,1,2025-T1,41.914
47,Valladolid,4 y más,2025-04-01,2025,2,2025-T2,41.964
47,Valladolid,4 y más,2025-07-01,2025,3,2025-T3,41.978
47,Valladolid,4 y más,2025-10-01,2025,4,2025-T4,41.977
47,Valladolid,4 y más,2026-01-01,2026,1,2026-T1,41.78
47,Valladolid,4 y más,2026-04-01,2026,2,2026-T2,41.804
47,Valladolid,Total,2021-01-01,2021,1,2021-T1,216.117
47,Valladolid,Total,2021-04-01,2021,2,2021-T2,216.624
47,Valladolid,Total,2021-07-01,2021,3,2021-T3,217.305
47,Valladolid,Total,2021-10-01,2021,4,2021-T4,217.962
47,Valladolid,Total,2022-01-01,2022,1,2022-T1,218.601
47,Valladolid,Total,2022-04-01,2022,2,2022-T2,219.054
47,Valladolid,Total,2022-07-01,2022,3,2022-T3,219.483
47,Valladolid,Total,2022-10-01,2022,4,2022-T4,220.269
47,Valladolid,Total,2023-01-01,2023,1,2023-T1,221.134
47,Valladolid,Total,2023-04-01,2023,2,2023-T2,221.706
47,Valladolid,Total,2023-07-01,2023,3,2023-T3,222.297
47,Valladolid,Total,2023-10-01,2023,4,2023-T4,222.855
47,Valladolid,Total,2024-01-01,2024,1,2024-T1,223.413
47,Valladolid,Total,2024-04-01,2024,2,2024-T2,223.88
47,Valladolid,Total,2024-07-01,2024,3,2024-T3,224.405
47,Valladolid,Total,2024-10-01,2024,4,2024-T4,224.85
47,Valladolid,Total,2025-01-01,2025,1,2025-T1,225.341
47,Valladolid,Total,2025-04-01,2025,2,2025-T2,226.03
47,Valladolid,Total,2025-07-01,2025,3,2025-T3,226.643
47,Valladolid,Total,2025-10-01,2025,4,2025-T4,227.829
47,Valladolid,Total,2026-01-01,2026,1,2026-T1,228.264
47,Valladolid,Total,2026-04-01,2026,2,2026-T2,229.415
49,Zamora,1,2021-01-01,2021,1,2021-T1,27.361
49,Zamora,1,2021-04-01,2021,2,2021-T2,27.563
49,Zamora,1,2021-07-01,2021,3,2021-T3,27.803
49,Zamora,1,2021-10-01,2021,4,2021-T4,28.043
49,Zamora,1,2022-01-01,2022,1,2022-T1,28.259
49,Zamora,1,2022-04-01,2022,2,2022-T2,28.391
49,Zamora,1,2022-07-01,2022,3,2022-T3,28.568
49,Zamora,1,2022-10-01,2022,4,2022-T4,28.668
49,Zamora,1,2023-01-01,2023,1,2023-T1,28.819
49,Zamora,1,2023-04-01,2023,2,2023-T2,28.917
49,Zamora,1,2023-07-01,2023,3,2023-T3,29.074
49,Zamora,1,2023-10-01,2023,4,2023-T4,29.126
49,Zamora,1,2024-01-01,2024,1,2024-T1,29.106
49,Zamora,1,2024-04-01,2024,2,2024-T2,29.216
49,Zamora,1,2024-07-01,2024,3,2024-T3,29.357
49,Zamora,1,2024-10-01,2024,4,2024-T4,29.556
49,Zamora,1,2025-01-01,2025,1,2025-T1,29.732
49,Zamora,1,2025-04-01,2025,2,2025-T2,29.747
49,Zamora,1,2025-07-01,2025,3,2025-T3,29.809
49,Zamora,1,2025-10-01,2025,4,2025-T4,29.956
49,Zamora,1,2026-01-01,2026,1,2026-T1,30.07
49,Zamora,1,2026-04-01,2026,2,2026-T2,30.153
49,Zamora,2,2021-01-01,2021,1,2021-T1,22.193
49,Zamora,2,2021-04-01,2021,2,2021-T2,22.255
49,Zamora,2,2021-07-01,2021,3,2021-T3,22.339
49,Zamora,2,2021-10-01,2021,4,2021-T4,22.399
49,Zamora,2,2022-01-01,2022,1,2022-T1,22.464
49,Zamora,2,2022-04-01,2022,2,2022-T2,22.475
49,Zamora,2,2022-07-01,2022,3,2022-T3,22.509
49,Zamora,2,2022-10-01,2022,4,2022-T4,22.61
49,Zamora,2,2023-01-01,2023,1,2023-T1,22.739
49,Zamora,2,2023-04-01,2023,2,2023-T2,22.754
49,Zamora,2,2023-07-01,2023,3,2023-T3,22.806
49,Zamora,2,2023-10-01,2023,4,2023-T4,22.847
49,Zamora,2,2024-01-01,2024,1,2024-T1,22.844
49,Zamora,2,2024-04-01,2024,2,2024-T2,22.81
49,Zamora,2,2024-07-01,2024,3,2024-T3,22.789
49,Zamora,2,2024-10-01,2024,4,2024-T4,22.863
49,Zamora,2,2025-01-01,2025,1,2025-T1,22.891
49,Zamora,2,2025-04-01,2025,2,2025-T2,22.91
49,Zamora,2,2025-07-01,2025,3,2025-T3,22.958
49,Zamora,2,2025-10-01,2025,4,2025-T4,23.099
49,Zamora,2,2026-01-01,2026,1,2026-T1,23.218
49,Zamora,2,2026-04-01,2026,2,2026-T2,23.294
49,Zamora,3,2021-01-01,2021,1,2021-T1,14.356
49,Zamora,3,2021-04-01,2021,2,2021-T2,14.294
49,Zamora,3,2021-07-01,2021,3,2021-T3,14.231
49,Zamora,3,2021-10-01,2021,4,2021-T4,14.134
49,Zamora,3,2022-01-01,2022,1,2022-T1,14.055
49,Zamora,3,2022-04-01,2022,2,2022-T2,13.964
49,Zamora,3,2022-07-01,2022,3,2022-T3,13.892
49,Zamora,3,2022-10-01,2022,4,2022-T4,13.843
49,Zamora,3,2023-01-01,2023,1,2023-T1,13.812
49,Zamora,3,2023-04-01,2023,2,2023-T2,13.755
49,Zamora,3,2023-07-01,2023,3,2023-T3,13.713
49,Zamora,3,2023-10-01,2023,4,2023-T4,13.709
49,Zamora,3,2024-01-01,2024,1,2024-T1,13.679
49,Zamora,3,2024-04-01,2024,2,2024-T2,13.644
49,Zamora,3,2024-07-01,2024,3,2024-T3,13.613
49,Zamora,3,2024-10-01,2024,4,2024-T4,13.591
49,Zamora,3,2025-01-01,2025,1,2025-T1,13.541
49,Zamora,3,2025-04-01,2025,2,2025-T2,13.535
49,Zamora,3,2025-07-01,2025,3,2025-T3,13.536
49,Zamora,3,2025-10-01,2025,4,2025-T4,13.43
49,Zamora,3,2026-01-01,2026,1,2026-T1,13.303
49,Zamora,3,2026-04-01,2026,2,2026-T2,13.198
49,Zamora,4 y más,2021-01-01,2021,1,2021-T1,12.125
49,Zamora,4 y más,2021-04-01,2021,2,2021-T2,11.998
49,Zamora,4 y más,2021-07-01,2021,3,2021-T3,11.868
49,Zamora,4 y más,2021-10-01,2021,4,2021-T4,11.76
49,Zamora,4 y más,2022-01-01,2022,1,2022-T1,11.672
49,Zamora,4 y más,2022-04-01,2022,2,2022-T2,11.594
49,Zamora,4 y más,2022-07-01,2022,3,2022-T3,11.536
49,Zamora,4 y más,2022-10-01,2022,4,2022-T4,11.427
49,Zamora,4 y más,2023-01-01,2023,1,2023-T1,11.334
49,Zamora,4 y más,2023-04-01,2023,2,2023-T2,11.261
49,Zamora,4 y más,2023-07-01,2023,3,2023-T3,11.196
49,Zamora,4 y más,2023-10-01,2023,4,2023-T4,11.163
49,Zamora,4 y más,2024-01-01,2024,1,2024-T1,11.113
49,Zamora,4 y más,2024-04-01,2024,2,2024-T2,11.044
49,Zamora,4 y más,2024-07-01,2024,3,2024-T3,10.973
49,Zamora,4 y más,2024-10-01,2024,4,2024-T4,10.946
49,Zamora,4 y más,2025-01-01,2025,1,2025-T1,10.894
49,Zamora,4 y más,2025-04-01,2025,2,2025-T2,10.835
49,Zamora,4 y más,2025-07-01,2025,3,2025-T3,10.779
49,Zamora,4 y más,2025-10-01,2025,4,2025-T4,10.793
49,Zamora,4 y más,2026-01-01,2026,1,2026-T1,10.785
49,Zamora,4 y más,2026-04-01,2026,2,2026-T2,10.778
49,Zamora,Total,2021-01-01,2021,1,2021-T1,76.035
49,Zamora,Total,2021-04-01,2021,2,2021-T2,76.11
49,Zamora,Total,2021-07-01,2021,3,2021-T3,76.241
49,Zamora,Total,2021-10-01,2021,4,2021-T4,76.336
49,Zamora,Total,2022-01-01,2022,1,2022-T1,76.45
49,Zamora,Total,2022-04-01,2022,2,2022-T2,76.424
49,Zamora,Total,2022-07-01,2022,3,2022-T3,76.505
49,Zamora,Total,2022-10-01,2022,4,2022-T4,76.548
49,Zamora,Total,2023-01-01,2023,1,2023-T1,76.704
49,Zamora,Total,2023-04-01,2023,2,2023-T2,76.687
49,Zamora,Total,2023-07-01,2023,3,2023-T3,76.789
49,Zamora,Total,2023-10-01,2023,4,2023-T4,76.845
49,Zamora,Total,2024-01-01,2024,1,2024-T1,76.742
49,Zamora,Total,2024-04-01,2024,2,2024-T2,76.714
49,Zamora,Total,2024-07-01,2024,3,2024-T3,76.732
49,Zamora,Total,2024-10-01,2024,4,2024-T4,76.956
49,Zamora,Total,2025-01-01,2025,1,2025-T1,77.058
49,Zamora,Total,2025-04-01,2025,2,2025-T2,77.027
49,Zamora,Total,2025-07-01,2025,3,2025-T3,77.082
49,Zamora,Total,2025-10-01,2025,4,2025-T4,77.278
49,Zamora,Total,2026-01-01,2026,1,2026-T1,77.376
49,Zamora,Total,2026-04-01,2026,2,2026-T2,77.423
50,Zaragoza,1,2021-01-01,2021,1,2021-T1,112.492
50,Zaragoza,1,2021-04-01,2021,2,2021-T2,114.774
50,Zaragoza,1,2021-07-01,2021,3,2021-T3,117.17
50,Zaragoza,1,2021-10-01,2021,4,2021-T4,118.198
50,Zaragoza,1,2022-01-01,2022,1,2022-T1,118.681
50,Zaragoza,1,2022-04-01,2022,2,2022-T2,119.312
50,Zaragoza,1,2022-07-01,2022,3,2022-T3,120.198
50,Zaragoza,1,2022-10-01,2022,4,2022-T4,120.788
50,Zaragoza,1,2023-01-01,2023,1,2023-T1,121.471
50,Zaragoza,1,2023-04-01,2023,2,2023-T2,121.99
50,Zaragoza,1,2023-07-01,2023,3,2023-T3,122.621
50,Zaragoza,1,2023-10-01,2023,4,2023-T4,123.134
50,Zaragoza,1,2024-01-01,2024,1,2024-T1,123.619
50,Zaragoza,1,2024-04-01,2024,2,2024-T2,123.685
50,Zaragoza,1,2024-07-01,2024,3,2024-T3,123.93
50,Zaragoza,1,2024-10-01,2024,4,2024-T4,124.098
50,Zaragoza,1,2025-01-01,2025,1,2025-T1,124.173
50,Zaragoza,1,2025-04-01,2025,2,2025-T2,124.556
50,Zaragoza,1,2025-07-01,2025,3,2025-T3,125.391
50,Zaragoza,1,2025-10-01,2025,4,2025-T4,127.554
50,Zaragoza,1,2026-01-01,2026,1,2026-T1,129.443
50,Zaragoza,1,2026-04-01,2026,2,2026-T2,131.257
50,Zaragoza,2,2021-01-01,2021,1,2021-T1,115.471
50,Zaragoza,2,2021-04-01,2021,2,2021-T2,116.608
50,Zaragoza,2,2021-07-01,2021,3,2021-T3,117.884
50,Zaragoza,2,2021-10-01,2021,4,2021-T4,118.37
50,Zaragoza,2,2022-01-01,2022,1,2022-T1,118.298
50,Zaragoza,2,2022-04-01,2022,2,2022-T2,118.641
50,Zaragoza,2,2022-07-01,2022,3,2022-T3,119.202
50,Zaragoza,2,2022-10-01,2022,4,2022-T4,119.782
50,Zaragoza,2,2023-01-01,2023,1,2023-T1,120.423
50,Zaragoza,2,2023-04-01,2023,2,2023-T2,120.792
50,Zaragoza,2,2023-07-01,2023,3,2023-T3,121.22
50,Zaragoza,2,2023-10-01,2023,4,2023-T4,121.426
50,Zaragoza,2,2024-01-01,2024,1,2024-T1,121.615
50,Zaragoza,2,2024-04-01,2024,2,2024-T2,121.808
50,Zaragoza,2,2024-07-01,2024,3,2024-T3,122.137
50,Zaragoza,2,2024-10-01,2024,4,2024-T4,122.433
50,Zaragoza,2,2025-01-01,2025,1,2025-T1,122.623
50,Zaragoza,2,2025-04-01,2025,2,2025-T2,122.836
50,Zaragoza,2,2025-07-01,2025,3,2025-T3,123.516
50,Zaragoza,2,2025-10-01,2025,4,2025-T4,124.113
50,Zaragoza,2,2026-01-01,2026,1,2026-T1,124.433
50,Zaragoza,2,2026-04-01,2026,2,2026-T2,124.881
50,Zaragoza,3,2021-01-01,2021,1,2021-T1,82.16
50,Zaragoza,3,2021-04-01,2021,2,2021-T2,82.475
50,Zaragoza,3,2021-07-01,2021,3,2021-T3,82.826
50,Zaragoza,3,2021-10-01,2021,4,2021-T4,82.564
50,Zaragoza,3,2022-01-01,2022,1,2022-T1,81.796
50,Zaragoza,3,2022-04-01,2022,2,2022-T2,81.89
50,Zaragoza,3,2022-07-01,2022,3,2022-T3,82.125
50,Zaragoza,3,2022-10-01,2022,4,2022-T4,81.983
50,Zaragoza,3,2023-01-01,2023,1,2023-T1,81.909
50,Zaragoza,3,2023-04-01,2023,2,2023-T2,81.937
50,Zaragoza,3,2023-07-01,2023,3,2023-T3,81.939
50,Zaragoza,3,2023-10-01,2023,4,2023-T4,81.939
50,Zaragoza,3,2024-01-01,2024,1,2024-T1,81.954
50,Zaragoza,3,2024-04-01,2024,2,2024-T2,81.874
50,Zaragoza,3,2024-07-01,2024,3,2024-T3,81.874
50,Zaragoza,3,2024-10-01,2024,4,2024-T4,81.77
50,Zaragoza,3,2025-01-01,2025,1,2025-T1,81.642
50,Zaragoza,3,2025-04-01,2025,2,2025-T2,81.64
50,Zaragoza,3,2025-07-01,2025,3,2025-T3,82.05
50,Zaragoza,3,2025-10-01,2025,4,2025-T4,82.094
50,Zaragoza,3,2026-01-01,2026,1,2026-T1,81.881
50,Zaragoza,3,2026-04-01,2026,2,2026-T2,81.816
50,Zaragoza,4 y más,2021-01-01,2021,1,2021-T1,85.233
50,Zaragoza,4 y más,2021-04-01,2021,2,2021-T2,84.748
50,Zaragoza,4 y más,2021-07-01,2021,3,2021-T3,84.278
50,Zaragoza,4 y más,2021-10-01,2021,4,2021-T4,84.073
50,Zaragoza,4 y más,2022-01-01,2022,1,2022-T1,83.298
50,Zaragoza,4 y más,2022-04-01,2022,2,2022-T2,83.273
50,Zaragoza,4 y más,2022-07-01,2022,3,2022-T3,83.392
50,Zaragoza,4 y más,2022-10-01,2022,4,2022-T4,83.493
50,Zaragoza,4 y más,2023-01-01,2023,1,2023-T1,83.665
50,Zaragoza,4 y más,2023-04-01,2023,2,2023-T2,83.681
50,Zaragoza,4 y más,2023-07-01,2023,3,2023-T3,83.629
50,Zaragoza,4 y más,2023-10-01,2023,4,2023-T4,83.809
50,Zaragoza,4 y más,2024-01-01,2024,1,2024-T1,84.015
50,Zaragoza,4 y más,2024-04-01,2024,2,2024-T2,84.152
50,Zaragoza,4 y más,2024-07-01,2024,3,2024-T3,84.371
50,Zaragoza,4 y más,2024-10-01,2024,4,2024-T4,84.878
50,Zaragoza,4 y más,2025-01-01,2025,1,2025-T1,85.368
50,Zaragoza,4 y más,2025-04-01,2025,2,2025-T2,85.45
50,Zaragoza,4 y más,2025-07-01,2025,3,2025-T3,86.018
50,Zaragoza,4 y más,2025-10-01,2025,4,2025-T4,86.081
50,Zaragoza,4 y más,2026-01-01,2026,1,2026-T1,85.844
50,Zaragoza,4 y más,2026-04-01,2026,2,2026-T2,85.739
50,Zaragoza,Total,2021-01-01,2021,1,2021-T1,395.356
50,Zaragoza,Total,2021-04-01,2021,2,2021-T2,398.605
50,Zaragoza,Total,2021-07-01,2021,3,2021-T3,402.158
50,Zaragoza,Total,2021-10-01,2021,4,2021-T4,403.205
50,Zaragoza,Total,2022-01-01,2022,1,2022-T1,402.073
50,Zaragoza,Total,2022-04-01,2022,2,2022-T2,403.116
50,Zaragoza,Total,2022-07-01,2022,3,2022-T3,404.917
50,Zaragoza,Total,2022-10-01,2022,4,2022-T4,406.046
50,Zaragoza,Total,2023-01-01,2023,1,2023-T1,407.468
50,Zaragoza,Total,2023-04-01,2023,2,2023-T2,408.4
50,Zaragoza,Total,2023-07-01,2023,3,2023-T3,409.409
50,Zaragoza,Total,2023-10-01,2023,4,2023-T4,410.308
50,Zaragoza,Total,2024-01-01,2024,1,2024-T1,411.203
50,Zaragoza,Total,2024-04-01,2024,2,2024-T2,411.519
50,Zaragoza,Total,2024-07-01,2024,3,2024-T3,412.312
50,Zaragoza,Total,2024-10-01,2024,4,2024-T4,413.179
50,Zaragoza,Total,2025-01-01,2025,1,2025-T1,413.806
50,Zaragoza,Total,2025-04-01,2025,2,2025-T2,414.482
50,Zaragoza,Total,2025-07-01,2025,3,2025-T3,416.975
50,Zaragoza,Total,2025-10-01,2025,4,2025-T4,419.842
50,Zaragoza,Total,2026-01-01,2026,1,2026-T1,421.601
50,Zaragoza,Total,2026-04-01,2026,2,2026-T2,423.693
05,Ávila,1,2021-01-01,2021,1,2021-T1,25.331
05,Ávila,1,2021-04-01,2021,2,2021-T2,25.684
05,Ávila,1,2021-07-01,2021,3,2021-T3,25.923
05,Ávila,1,2021-10-01,2021,4,2021-T4,26.037
05,Ávila,1,2022-01-01,2022,1,2022-T1,26.2
05,Ávila,1,2022-04-01,2022,2,2022-T2,26.148
05,Ávila,1,2022-07-01,2022,3,2022-T3,26.161
05,Ávila,1,2022-10-01,2022,4,2022-T4,26.409
05,Ávila,1,2023-01-01,2023,1,2023-T1,26.621
05,Ávila,1,2023-04-01,2023,2,2023-T2,26.673
05,Ávila,1,2023-07-01,2023,3,2023-T3,26.756
05,Ávila,1,2023-10-01,2023,4,2023-T4,26.832
05,Ávila,1,2024-01-01,2024,1,2024-T1,26.885
05,Ávila,1,2024-04-01,2024,2,2024-T2,26.872
05,Ávila,1,2024-07-01,2024,3,2024-T3,26.892
05,Ávila,1,2024-10-01,2024,4,2024-T4,26.994
05,Ávila,1,2025-01-01,2025,1,2025-T1,27.118
05,Ávila,1,2025-04-01,2025,2,2025-T2,27.145
05,Ávila,1,2025-07-01,2025,3,2025-T3,27.206
05,Ávila,1,2025-10-01,2025,4,2025-T4,27.345
05,Ávila,1,2026-01-01,2026,1,2026-T1,27.45
05,Ávila,1,2026-04-01,2026,2,2026-T2,27.553
05,Ávila,2,2021-01-01,2021,1,2021-T1,19.085
05,Ávila,2,2021-04-01,2021,2,2021-T2,19.25
05,Ávila,2,2021-07-01,2021,3,2021-T3,19.324
05,Ávila,2,2021-10-01,2021,4,2021-T4,19.413
05,Ávila,2,2022-01-01,2022,1,2022-T1,19.541
05,Ávila,2,2022-04-01,2022,2,2022-T2,19.576
05,Ávila,2,2022-07-01,2022,3,2022-T3,19.657
05,Ávila,2,2022-10-01,2022,4,2022-T4,19.737
05,Ávila,2,2023-01-01,2023,1,2023-T1,19.786
05,Ávila,2,2023-04-01,2023,2,2023-T2,19.794
05,Ávila,2,2023-07-01,2023,3,2023-T3,19.81
05,Ávila,2,2023-10-01,2023,4,2023-T4,19.894
05,Ávila,2,2024-01-01,2024,1,2024-T1,19.97
05,Ávila,2,2024-04-01,2024,2,2024-T2,19.94
05,Ávila,2,2024-07-01,2024,3,2024-T3,19.923
05,Ávila,2,2024-10-01,2024,4,2024-T4,19.972
05,Ávila,2,2025-01-01,2025,1,2025-T1,20.031
05,Ávila,2,2025-04-01,2025,2,2025-T2,20.054
05,Ávila,2,2025-07-01,2025,3,2025-T3,20.098
05,Ávila,2,2025-10-01,2025,4,2025-T4,20.199
05,Ávila,2,2026-01-01,2026,1,2026-T1,20.278
05,Ávila,2,2026-04-01,2026,2,2026-T2,20.354
05,Ávila,3,2021-01-01,2021,1,2021-T1,12.719
05,Ávila,3,2021-04-01,2021,2,2021-T2,12.723
05,Ávila,3,2021-07-01,2021,3,2021-T3,12.656
05,Ávila,3,2021-10-01,2021,4,2021-T4,12.599
05,Ávila,3,2022-01-01,2022,1,2022-T1,12.58
05,Ávila,3,2022-04-01,2022,2,2022-T2,12.541
05,Ávila,3,2022-07-01,2022,3,2022-T3,12.544
05,Ávila,3,2022-10-01,2022,4,2022-T4,12.558
05,Ávila,3,2023-01-01,2023,1,2023-T1,12.546
05,Ávila,3,2023-04-01,2023,2,2023-T2,12.552
05,Ávila,3,2023-07-01,2023,3,2023-T3,12.568
05,Ávila,3,2023-10-01,2023,4,2023-T4,12.535
05,Ávila,3,2024-01-01,2024,1,2024-T1,12.496
05,Ávila,3,2024-04-01,2024,2,2024-T2,12.478
05,Ávila,3,2024-07-01,2024,3,2024-T3,12.453
05,Ávila,3,2024-10-01,2024,4,2024-T4,12.5
05,Ávila,3,2025-01-01,2025,1,2025-T1,12.547
05,Ávila,3,2025-04-01,2025,2,2025-T2,12.548
05,Ávila,3,2025-07-01,2025,3,2025-T3,12.549
05,Ávila,3,2025-10-01,2025,4,2025-T4,12.552
05,Ávila,3,2026-01-01,2026,1,2026-T1,12.535
05,Ávila,3,2026-04-01,2026,2,2026-T2,12.532
05,Ávila,4 y más,2021-01-01,2021,1,2021-T1,12.633
05,Ávila,4 y más,2021-04-01,2021,2,2021-T2,12.585
05,Ávila,4 y más,2021-07-01,2021,3,2021-T3,12.469
05,Ávila,4 y más,2021-10-01,2021,4,2021-T4,12.391
05,Ávila,4 y más,2022-01-01,2022,1,2022-T1,12.355
05,Ávila,4 y más,2022-04-01,2022,2,2022-T2,12.315
05,Ávila,4 y más,2022-07-01,2022,3,2022-T3,12.328
05,Ávila,4 y más,2022-10-01,2022,4,2022-T4,12.318
05,Ávila,4 y más,2023-01-01,2023,1,2023-T1,12.275
05,Ávila,4 y más,2023-04-01,2023,2,2023-T2,12.24
05,Ávila,4 y más,2023-07-01,2023,3,2023-T3,12.219
05,Ávila,4 y más,2023-10-01,2023,4,2023-T4,12.249
05,Ávila,4 y más,2024-01-01,2024,1,2024-T1,12.274
05,Ávila,4 y más,2024-04-01,2024,2,2024-T2,12.236
05,Ávila,4 y más,2024-07-01,2024,3,2024-T3,12.183
05,Ávila,4 y más,2024-10-01,2024,4,2024-T4,12.183
05,Ávila,4 y más,2025-01-01,2025,1,2025-T1,12.175
05,Ávila,4 y más,2025-04-01,2025,2,2025-T2,12.202
05,Ávila,4 y más,2025-07-01,2025,3,2025-T3,12.223
05,Ávila,4 y más,2025-10-01,2025,4,2025-T4,12.234
05,Ávila,4 y más,2026-01-01,2026,1,2026-T1,12.219
05,Ávila,4 y más,2026-04-01,2026,2,2026-T2,12.203
05,Ávila,Total,2021-01-01,2021,1,2021-T1,69.768
05,Ávila,Total,2021-04-01,2021,2,2021-T2,70.242
05,Ávila,Total,2021-07-01,2021,3,2021-T3,70.372
05,Ávila,Total,2021-10-01,2021,4,2021-T4,70.44
05,Ávila,Total,2022-01-01,2022,1,2022-T1,70.676
05,Ávila,Total,2022-04-01,2022,2,2022-T2,70.58
05,Ávila,Total,2022-07-01,2022,3,2022-T3,70.69
05,Ávila,Total,2022-10-01,2022,4,2022-T4,71.022
05,Ávila,Total,2023-01-01,2023,1,2023-T1,71.228
05,Ávila,Total,2023-04-01,2023,2,2023-T2,71.259
05,Ávila,Total,2023-07-01,2023,3,2023-T3,71.353
05,Ávila,Total,2023-10-01,2023,4,2023-T4,71.51
05,Ávila,Total,2024-01-01,2024,1,2024-T1,71.625
05,Ávila,Total,2024-04-01,2024,2,2024-T2,71.526
05,Ávila,Total,2024-07-01,2024,3,2024-T3,71.451
05,Ávila,Total,2024-10-01,2024,4,2024-T4,71.649
05,Ávila,Total,2025-01-01,2025,1,2025-T1,71.871
05,Ávila,Total,2025-04-01,2025,2,2025-T2,71.949
05,Ávila,Total,2025-07-01,2025,3,2025-T3,72.076
05,Ávila,Total,2025-10-01,2025,4,2025-T4,72.33
05,Ávila,Total,2026-01-01,2026,1,2026-T1,72.482
05,Ávila,Total,2026-04-01,2026,2,2026-T2,72.642
