codigo_provincia,provincia,provincia_original,anio,tipo_edificacion,tipo_dato,valor,valor_original,edificacion_normalizada,dato_normalizado,variable
02,Albacete,02 Albacete,2015,Total,Variación anual,-1.0,"-1,0",general,variacion_anual,ipva_variacion_anual_general
02,Albacete,02 Albacete,2015,Vivienda colectiva,Variación anual,-0.9,"-0,9",colectiva,variacion_anual,ipva_variacion_anual_colectiva
02,Albacete,02 Albacete,2015,Vivienda unifamiliar,Variación anual,-2.0,"-2,0",unifamiliar,variacion_anual,ipva_variacion_anual_unifamiliar
02,Albacete,02 Albacete,2015,Total,Índice,100.0,"100,000",general,indice,ipva_indice_general
02,Albacete,02 Albacete,2015,Vivienda colectiva,Índice,100.0,"100,000",colectiva,indice,ipva_indice_colectiva
02,Albacete,02 Albacete,2015,Vivienda unifamiliar,Índice,100.0,"100,000",unifamiliar,indice,ipva_indice_unifamiliar
02,Albacete,02 Albacete,2016,Total,Variación anual,1.3,"1,3",general,variacion_anual,ipva_variacion_anual_general
02,Albacete,02 Albacete,2016,Vivienda colectiva,Variación anual,1.3,"1,3",colectiva,variacion_anual,ipva_variacion_anual_colectiva
02,Albacete,02 Albacete,2016,Vivienda unifamiliar,Variación anual,1.6,"1,6",unifamiliar,variacion_anual,ipva_variacion_anual_unifamiliar
02,Albacete,02 Albacete,2016,Total,Índice,101.322,"101,322",general,indice,ipva_indice_general
02,Albacete,02 Albacete,2016,Vivienda colectiva,Índice,101.296,"101,296",colectiva,indice,ipva_indice_colectiva
02,Albacete,02 Albacete,2016,Vivienda unifamiliar,Índice,101.599,"101,599",unifamiliar,indice,ipva_indice_unifamiliar
02,Albacete,02 Albacete,2017,Total,Variación anual,0.9,"0,9",general,variacion_anual,ipva_variacion_anual_general
02,Albacete,02 Albacete,2017,Vivienda colectiva,Variación anual,0.8,"0,8",colectiva,variacion_anual,ipva_variacion_anual_colectiva
02,Albacete,02 Albacete,2017,Vivienda unifamiliar,Variación anual,2.1,"2,1",unifamiliar,variacion_anual,ipva_variacion_anual_unifamiliar
02,Albacete,02 Albacete,2017,Total,Índice,102.266,"102,266",general,indice,ipva_indice_general
02,Albacete,02 Albacete,2017,Vivienda colectiva,Índice,102.126,"102,126",colectiva,indice,ipva_indice_colectiva
02,Albacete,02 Albacete,2017,Vivienda unifamiliar,Índice,103.763,"103,763",unifamiliar,indice,ipva_indice_unifamiliar
02,Albacete,02 Albacete,2018,Total,Variación anual,1.6,"1,6",general,variacion_anual,ipva_variacion_anual_general
02,Albacete,02 Albacete,2018,Vivienda colectiva,Variación anual,1.7,"1,7",colectiva,variacion_anual,ipva_variacion_anual_colectiva
02,Albacete,02 Albacete,2018,Vivienda unifamiliar,Variación anual,0.9,"0,9",unifamiliar,variacion_anual,ipva_variacion_anual_unifamiliar
02,Albacete,02 Albacete,2018,Total,Índice,103.92,"103,920",general,indice,ipva_indice_general
02,Albacete,02 Albacete,2018,Vivienda colectiva,Índice,103.848,"103,848",colectiva,indice,ipva_indice_colectiva
02,Albacete,02 Albacete,2018,Vivienda unifamiliar,Índice,104.716,"104,716",unifamiliar,indice,ipva_indice_unifamiliar
02,Albacete,02 Albacete,2019,Total,Variación anual,2.8,"2,8",general,variacion_anual,ipva_variacion_anual_general
02,Albacete,02 Albacete,2019,Vivienda colectiva,Variación anual,2.8,"2,8",colectiva,variacion_anual,ipva_variacion_anual_colectiva
02,Albacete,02 Albacete,2019,Vivienda unifamiliar,Variación anual,2.3,"2,3",unifamiliar,variacion_anual,ipva_variacion_anual_unifamiliar
02,Albacete,02 Albacete,2019,Total,Índice,106.825,"106,825",general,indice,ipva_indice_general
02,Albacete,02 Albacete,2019,Vivienda colectiva,Índice,106.803,"106,803",colectiva,indice,ipva_indice_colectiva
02,Albacete,02 Albacete,2019,Vivienda unifamiliar,Índice,107.121,"107,121",unifamiliar,indice,ipva_indice_unifamiliar
02,Albacete,02 Albacete,2020,Total,Variación anual,0.8,"0,8",general,variacion_anual,ipva_variacion_anual_general
02,Albacete,02 Albacete,2020,Vivienda colectiva,Variación anual,0.8,"0,8",colectiva,variacion_anual,ipva_variacion_anual_colectiva
02,Albacete,02 Albacete,2020,Vivienda unifamiliar,Variación anual,0.6,"0,6",unifamiliar,variacion_anual,ipva_variacion_anual_unifamiliar
02,Albacete,02 Albacete,2020,Total,Índice,107.678,"107,678",general,indice,ipva_indice_general
02,Albacete,02 Albacete,2020,Vivienda colectiva,Índice,107.674,"107,674",colectiva,indice,ipva_indice_colectiva
02,Albacete,02 Albacete,2020,Vivienda unifamiliar,Índice,107.798,"107,798",unifamiliar,indice,ipva_indice_unifamiliar
02,Albacete,02 Albacete,2021,Total,Variación anual,2.3,"2,3",general,variacion_anual,ipva_variacion_anual_general
02,Albacete,02 Albacete,2021,Vivienda colectiva,Variación anual,2.3,"2,3",colectiva,variacion_anual,ipva_variacion_anual_colectiva
02,Albacete,02 Albacete,2021,Vivienda unifamiliar,Variación anual,1.7,"1,7",unifamiliar,variacion_anual,ipva_variacion_anual_unifamiliar
02,Albacete,02 Albacete,2021,Total,Índice,110.121,"110,121",general,indice,ipva_indice_general
02,Albacete,02 Albacete,2021,Vivienda colectiva,Índice,110.188,"110,188",colectiva,indice,ipva_indice_colectiva
02,Albacete,02 Albacete,2021,Vivienda unifamiliar,Índice,109.634,"109,634",unifamiliar,indice,ipva_indice_unifamiliar
02,Albacete,02 Albacete,2022,Total,Variación anual,2.3,"2,3",general,variacion_anual,ipva_variacion_anual_general
02,Albacete,02 Albacete,2022,Vivienda colectiva,Variación anual,2.4,"2,4",colectiva,variacion_anual,ipva_variacion_anual_colectiva
02,Albacete,02 Albacete,2022,Vivienda unifamiliar,Variación anual,1.4,"1,4",unifamiliar,variacion_anual,ipva_variacion_anual_unifamiliar
02,Albacete,02 Albacete,2022,Total,Índice,112.628,"112,628",general,indice,ipva_indice_general
02,Albacete,02 Albacete,2022,Vivienda colectiva,Índice,112.811,"112,811",colectiva,indice,ipva_indice_colectiva
02,Albacete,02 Albacete,2022,Vivienda unifamiliar,Índice,111.116,"111,116",unifamiliar,indice,ipva_indice_unifamiliar
02,Albacete,02 Albacete,2023,Total,Variación anual,2.2,"2,2",general,variacion_anual,ipva_variacion_anual_general
02,Albacete,02 Albacete,2023,Vivienda colectiva,Variación anual,2.3,"2,3",colectiva,variacion_anual,ipva_variacion_anual_colectiva
02,Albacete,02 Albacete,2023,Vivienda unifamiliar,Variación anual,1.5,"1,5",unifamiliar,variacion_anual,ipva_variacion_anual_unifamiliar
02,Albacete,02 Albacete,2023,Total,Índice,115.13,"115,130",general,indice,ipva_indice_general
02,Albacete,02 Albacete,2023,Vivienda colectiva,Índice,115.411,"115,411",colectiva,indice,ipva_indice_colectiva
02,Albacete,02 Albacete,2023,Vivienda unifamiliar,Índice,112.802,"112,802",unifamiliar,indice,ipva_indice_unifamiliar
02,Albacete,02 Albacete,2024,Total,Variación anual,3.0,"3,0",general,variacion_anual,ipva_variacion_anual_general
02,Albacete,02 Albacete,2024,Vivienda colectiva,Variación anual,3.2,"3,2",colectiva,variacion_anual,ipva_variacion_anual_colectiva
02,Albacete,02 Albacete,2024,Vivienda unifamiliar,Variación anual,1.6,"1,6",unifamiliar,variacion_anual,ipva_variacion_anual_unifamiliar
02,Albacete,02 Albacete,2024,Total,Índice,118.601,"118,601",general,indice,ipva_indice_general
02,Albacete,02 Albacete,2024,Vivienda colectiva,Índice,119.071,"119,071",colectiva,indice,ipva_indice_colectiva
02,Albacete,02 Albacete,2024,Vivienda unifamiliar,Índice,114.66,"114,660",unifamiliar,indice,ipva_indice_unifamiliar
03,Alicante/Alacant,03 Alicante/Alacant,2015,Total,Variación anual,0.4,"0,4",general,variacion_anual,ipva_variacion_anual_general
03,Alicante/Alacant,03 Alicante/Alacant,2015,Vivienda colectiva,Variación anual,0.2,"0,2",colectiva,variacion_anual,ipva_variacion_anual_colectiva
03,Alicante/Alacant,03 Alicante/Alacant,2015,Vivienda unifamiliar,Variación anual,1.3,"1,3",unifamiliar,variacion_anual,ipva_variacion_anual_unifamiliar
03,Alicante/Alacant,03 Alicante/Alacant,2015,Total,Índice,100.0,"100,000",general,indice,ipva_indice_general
03,Alicante/Alacant,03 Alicante/Alacant,2015,Vivienda colectiva,Índice,100.0,"100,000",colectiva,indice,ipva_indice_colectiva
03,Alicante/Alacant,03 Alicante/Alacant,2015,Vivienda unifamiliar,Índice,100.0,"100,000",unifamiliar,indice,ipva_indice_unifamiliar
03,Alicante/Alacant,03 Alicante/Alacant,2016,Total,Variación anual,1.8,"1,8",general,variacion_anual,ipva_variacion_anual_general
03,Alicante/Alacant,03 Alicante/Alacant,2016,Vivienda colectiva,Variación anual,1.8,"1,8",colectiva,variacion_anual,ipva_variacion_anual_colectiva
03,Alicante/Alacant,03 Alicante/Alacant,2016,Vivienda unifamiliar,Variación anual,1.8,"1,8",unifamiliar,variacion_anual,ipva_variacion_anual_unifamiliar
03,Alicante/Alacant,03 Alicante/Alacant,2016,Total,Índice,101.842,"101,842",general,indice,ipva_indice_general
03,Alicante/Alacant,03 Alicante/Alacant,2016,Vivienda colectiva,Índice,101.846,"101,846",colectiva,indice,ipva_indice_colectiva
03,Alicante/Alacant,03 Alicante/Alacant,2016,Vivienda unifamiliar,Índice,101.82,"101,820",unifamiliar,indice,ipva_indice_unifamiliar
03,Alicante/Alacant,03 Alicante/Alacant,2017,Total,Variación anual,1.5,"1,5",general,variacion_anual,ipva_variacion_anual_general
03,Alicante/Alacant,03 Alicante/Alacant,2017,Vivienda colectiva,Variación anual,1.7,"1,7",colectiva,variacion_anual,ipva_variacion_anual_colectiva
03,Alicante/Alacant,03 Alicante/Alacant,2017,Vivienda unifamiliar,Variación anual,0.8,"0,8",unifamiliar,variacion_anual,ipva_variacion_anual_unifamiliar
03,Alicante/Alacant,03 Alicante/Alacant,2017,Total,Índice,103.381,"103,381",general,indice,ipva_indice_general
03,Alicante/Alacant,03 Alicante/Alacant,2017,Vivienda colectiva,Índice,103.537,"103,537",colectiva,indice,ipva_indice_colectiva
03,Alicante/Alacant,03 Alicante/Alacant,2017,Vivienda unifamiliar,Índice,102.586,"102,586",unifamiliar,indice,ipva_indice_unifamiliar
03,Alicante/Alacant,03 Alicante/Alacant,2018,Total,Variación anual,2.2,"2,2",general,variacion_anual,ipva_variacion_anual_general
03,Alicante/Alacant,03 Alicante/Alacant,2018,Vivienda colectiva,Variación anual,2.2,"2,2",colectiva,variacion_anual,ipva_variacion_anual_colectiva
03,Alicante/Alacant,03 Alicante/Alacant,2018,Vivienda unifamiliar,Variación anual,2.3,"2,3",unifamiliar,variacion_anual,ipva_variacion_anual_unifamiliar
03,Alicante/Alacant,03 Alicante/Alacant,2018,Total,Índice,105.671,"105,671",general,indice,ipva_indice_general
03,Alicante/Alacant,03 Alicante/Alacant,2018,Vivienda colectiva,Índice,105.804,"105,804",colectiva,indice,ipva_indice_colectiva
03,Alicante/Alacant,03 Alicante/Alacant,2018,Vivienda unifamiliar,Índice,104.993,"104,993",unifamiliar,indice,ipva_indice_unifamiliar
03,Alicante/Alacant,03 Alicante/Alacant,2019,Total,Variación anual,3.1,"3,1",general,variacion_anual,ipva_variacion_anual_general
03,Alicante/Alacant,03 Alicante/Alacant,2019,Vivienda colectiva,Variación anual,3.4,"3,4",colectiva,variacion_anual,ipva_variacion_anual_colectiva
03,Alicante/Alacant,03 Alicante/Alacant,2019,Vivienda unifamiliar,Variación anual,1.7,"1,7",unifamiliar,variacion_anual,ipva_variacion_anual_unifamiliar
03,Alicante/Alacant,03 Alicante/Alacant,2019,Total,Índice,108.985,"108,985",general,indice,ipva_indice_general
03,Alicante/Alacant,03 Alicante/Alacant,2019,Vivienda colectiva,Índice,109.418,"109,418",colectiva,indice,ipva_indice_colectiva
03,Alicante/Alacant,03 Alicante/Alacant,2019,Vivienda unifamiliar,Índice,106.801,"106,801",unifamiliar,indice,ipva_indice_unifamiliar
03,Alicante/Alacant,03 Alicante/Alacant,2020,Total,Variación anual,0.7,"0,7",general,variacion_anual,ipva_variacion_anual_general
03,Alicante/Alacant,03 Alicante/Alacant,2020,Vivienda colectiva,Variación anual,0.8,"0,8",colectiva,variacion_anual,ipva_variacion_anual_colectiva
03,Alicante/Alacant,03 Alicante/Alacant,2020,Vivienda unifamiliar,Variación anual,0.4,"0,4",unifamiliar,variacion_anual,ipva_variacion_anual_unifamiliar
03,Alicante/Alacant,03 Alicante/Alacant,2020,Total,Índice,109.775,"109,775",general,indice,ipva_indice_general
03,Alicante/Alacant,03 Alicante/Alacant,2020,Vivienda colectiva,Índice,110.272,"110,272",colectiva,indice,ipva_indice_colectiva
03,Alicante/Alacant,03 Alicante/Alacant,2020,Vivienda unifamiliar,Índice,107.274,"107,274",unifamiliar,indice,ipva_indice_unifamiliar
03,Alicante/Alacant,03 Alicante/Alacant,2021,Total,Variación anual,2.2,"2,2",general,variacion_anual,ipva_variacion_anual_general
03,Alicante/Alacant,03 Alicante/Alacant,2021,Vivienda colectiva,Variación anual,2.2,"2,2",colectiva,variacion_anual,ipva_variacion_anual_colectiva
03,Alicante/Alacant,03 Alicante/Alacant,2021,Vivienda unifamiliar,Variación anual,2.2,"2,2",unifamiliar,variacion_anual,ipva_variacion_anual_unifamiliar
03,Alicante/Alacant,03 Alicante/Alacant,2021,Total,Índice,112.182,"112,182",general,indice,ipva_indice_general
03,Alicante/Alacant,03 Alicante/Alacant,2021,Vivienda colectiva,Índice,112.688,"112,688",colectiva,indice,ipva_indice_colectiva
03,Alicante/Alacant,03 Alicante/Alacant,2021,Vivienda unifamiliar,Índice,109.634,"109,634",unifamiliar,indice,ipva_indice_unifamiliar
03,Alicante/Alacant,03 Alicante/Alacant,2022,Total,Variación anual,3.0,"3,0",general,variacion_anual,ipva_variacion_anual_general
03,Alicante/Alacant,03 Alicante/Alacant,2022,Vivienda colectiva,Variación anual,3.1,"3,1",colectiva,variacion_anual,ipva_variacion_anual_colectiva
03,Alicante/Alacant,03 Alicante/Alacant,2022,Vivienda unifamiliar,Variación anual,2.4,"2,4",unifamiliar,variacion_anual,ipva_variacion_anual_unifamiliar
03,Alicante/Alacant,03 Alicante/Alacant,2022,Total,Índice,115.537,"115,537",general,indice,ipva_indice_general
03,Alicante/Alacant,03 Alicante/Alacant,2022,Vivienda colectiva,Índice,116.179,"116,179",colectiva,indice,ipva_indice_colectiva
03,Alicante/Alacant,03 Alicante/Alacant,2022,Vivienda unifamiliar,Índice,112.319,"112,319",unifamiliar,indice,ipva_indice_unifamiliar
03,Alicante/Alacant,03 Alicante/Alacant,2023,Total,Variación anual,3.0,"3,0",general,variacion_anual,ipva_variacion_anual_general
03,Alicante/Alacant,03 Alicante/Alacant,2023,Vivienda colectiva,Variación anual,3.2,"3,2",colectiva,variacion_anual,ipva_variacion_anual_colectiva
03,Alicante/Alacant,03 Alicante/Alacant,2023,Vivienda unifamiliar,Variación anual,2.3,"2,3",unifamiliar,variacion_anual,ipva_variacion_anual_unifamiliar
03,Alicante/Alacant,03 Alicante/Alacant,2023,Total,Índice,119.031,"119,031",general,indice,ipva_indice_general
03,Alicante/Alacant,03 Alicante/Alacant,2023,Vivienda colectiva,Índice,119.849,"119,849",colectiva,indice,ipva_indice_colectiva
03,Alicante/Alacant,03 Alicante/Alacant,2023,Vivienda unifamiliar,Índice,114.915,"114,915",unifamiliar,indice,ipva_indice_unifamiliar
03,Alicante/Alacant,03 Alicante/Alacant,2024,Total,Variación anual,4.6,"4,6",general,variacion_anual,ipva_variacion_anual_general
03,Alicante/Alacant,03 Alicante/Alacant,2024,Vivienda colectiva,Variación anual,4.7,"4,7",colectiva,variacion_anual,ipva_variacion_anual_colectiva
03,Alicante/Alacant,03 Alicante/Alacant,2024,Vivienda unifamiliar,Variación anual,3.9,"3,9",unifamiliar,variacion_anual,ipva_variacion_anual_unifamiliar
03,Alicante/Alacant,03 Alicante/Alacant,2024,Total,Índice,124.481,"124,481",general,indice,ipva_indice_general
03,Alicante/Alacant,03 Alicante/Alacant,2024,Vivienda colectiva,Índice,125.49,"125,490",colectiva,indice,ipva_indice_colectiva
03,Alicante/Alacant,03 Alicante/Alacant,2024,Vivienda unifamiliar,Índice,119.378,"119,378",unifamiliar,indice,ipva_indice_unifamiliar
04,Almería,04 Almería,2015,Total,Variación anual,-0.6,"-0,6",general,variacion_anual,ipva_variacion_anual_general
04,Almería,04 Almería,2015,Vivienda colectiva,Variación anual,-0.7,"-0,7",colectiva,variacion_anual,ipva_variacion_anual_colectiva
04,Almería,04 Almería,2015,Vivienda unifamiliar,Variación anual,-0.3,"-0,3",unifamiliar,variacion_anual,ipva_variacion_anual_unifamiliar
04,Almería,04 Almería,2015,Total,Índice,100.0,"100,000",general,indice,ipva_indice_general
04,Almería,04 Almería,2015,Vivienda colectiva,Índice,100.0,"100,000",colectiva,indice,ipva_indice_colectiva
04,Almería,04 Almería,2015,Vivienda unifamiliar,Índice,100.0,"100,000",unifamiliar,indice,ipva_indice_unifamiliar
04,Almería,04 Almería,2016,Total,Variación anual,1.7,"1,7",general,variacion_anual,ipva_variacion_anual_general
04,Almería,04 Almería,2016,Vivienda colectiva,Variación anual,1.6,"1,6",colectiva,variacion_anual,ipva_variacion_anual_colectiva
04,Almería,04 Almería,2016,Vivienda unifamiliar,Variación anual,2.3,"2,3",unifamiliar,variacion_anual,ipva_variacion_anual_unifamiliar
04,Almería,04 Almería,2016,Total,Índice,101.718,"101,718",general,indice,ipva_indice_general
04,Almería,04 Almería,2016,Vivienda colectiva,Índice,101.609,"101,609",colectiva,indice,ipva_indice_colectiva
04,Almería,04 Almería,2016,Vivienda unifamiliar,Índice,102.32,"102,320",unifamiliar,indice,ipva_indice_unifamiliar
04,Almería,04 Almería,2017,Total,Variación anual,1.1,"1,1",general,variacion_anual,ipva_variacion_anual_general
04,Almería,04 Almería,2017,Vivienda colectiva,Variación anual,1.1,"1,1",colectiva,variacion_anual,ipva_variacion_anual_colectiva
04,Almería,04 Almería,2017,Vivienda unifamiliar,Variación anual,1.2,"1,2",unifamiliar,variacion_anual,ipva_variacion_anual_unifamiliar
04,Almería,04 Almería,2017,Total,Índice,102.822,"102,822",general,indice,ipva_indice_general
04,Almería,04 Almería,2017,Vivienda colectiva,Índice,102.685,"102,685",colectiva,indice,ipva_indice_colectiva
04,Almería,04 Almería,2017,Vivienda unifamiliar,Índice,103.579,"103,579",unifamiliar,indice,ipva_indice_unifamiliar
04,Almería,04 Almería,2018,Total,Variación anual,1.9,"1,9",general,variacion_anual,ipva_variacion_anual_general
04,Almería,04 Almería,2018,Vivienda colectiva,Variación anual,1.9,"1,9",colectiva,variacion_anual,ipva_variacion_anual_colectiva
04,Almería,04 Almería,2018,Vivienda unifamiliar,Variación anual,1.6,"1,6",unifamiliar,variacion_anual,ipva_variacion_anual_unifamiliar
04,Almería,04 Almería,2018,Total,Índice,104.755,"104,755",general,indice,ipva_indice_general
04,Almería,04 Almería,2018,Vivienda colectiva,Índice,104.665,"104,665",colectiva,indice,ipva_indice_colectiva
04,Almería,04 Almería,2018,Vivienda unifamiliar,Índice,105.254,"105,254",unifamiliar,indice,ipva_indice_unifamiliar
04,Almería,04 Almería,2019,Total,Variación anual,2.9,"2,9",general,variacion_anual,ipva_variacion_anual_general
04,Almería,04 Almería,2019,Vivienda colectiva,Variación anual,3.1,"3,1",colectiva,variacion_anual,ipva_variacion_anual_colectiva
04,Almería,04 Almería,2019,Vivienda unifamiliar,Variación anual,2.0,"2,0",unifamiliar,variacion_anual,ipva_variacion_anual_unifamiliar
04,Almería,04 Almería,2019,Total,Índice,107.809,"107,809",general,indice,ipva_indice_general
04,Almería,04 Almería,2019,Vivienda colectiva,Índice,107.893,"107,893",colectiva,indice,ipva_indice_colectiva
04,Almería,04 Almería,2019,Vivienda unifamiliar,Índice,107.319,"107,319",unifamiliar,indice,ipva_indice_unifamiliar
04,Almería,04 Almería,2020,Total,Variación anual,1.6,"1,6",general,variacion_anual,ipva_variacion_anual_general
04,Almería,04 Almería,2020,Vivienda colectiva,Variación anual,1.7,"1,7",colectiva,variacion_anual,ipva_variacion_anual_colectiva
04,Almería,04 Almería,2020,Vivienda unifamiliar,Variación anual,1.0,"1,0",unifamiliar,variacion_anual,ipva_variacion_anual_unifamiliar
04,Almería,04 Almería,2020,Total,Índice,109.501,"109,501",general,indice,ipva_indice_general
04,Almería,04 Almería,2020,Vivienda colectiva,Índice,109.699,"109,699",colectiva,indice,ipva_indice_colectiva
04,Almería,04 Almería,2020,Vivienda unifamiliar,Índice,108.355,"108,355",unifamiliar,indice,ipva_indice_unifamiliar
04,Almería,04 Almería,2021,Total,Variación anual,2.0,"2,0",general,variacion_anual,ipva_variacion_anual_general
04,Almería,04 Almería,2021,Vivienda colectiva,Variación anual,2.1,"2,1",colectiva,variacion_anual,ipva_variacion_anual_colectiva
04,Almería,04 Almería,2021,Vivienda unifamiliar,Variación anual,1.8,"1,8",unifamiliar,variacion_anual,ipva_variacion_anual_unifamiliar
04,Almería,04 Almería,2021,Total,Índice,111.744,"111,744",general,indice,ipva_indice_general
04,Almería,04 Almería,2021,Vivienda colectiva,Índice,111.993,"111,993",colectiva,indice,ipva_indice_colectiva
04,Almería,04 Almería,2021,Vivienda unifamiliar,Índice,110.321,"110,321",unifamiliar,indice,ipva_indice_unifamiliar
04,Almería,04 Almería,2022,Total,Variación anual,2.6,"2,6",general,variacion_anual,ipva_variacion_anual_general
04,Almería,04 Almería,2022,Vivienda colectiva,Variación anual,2.7,"2,7",colectiva,variacion_anual,ipva_variacion_anual_colectiva
04,Almería,04 Almería,2022,Vivienda unifamiliar,Variación anual,2.0,"2,0",unifamiliar,variacion_anual,ipva_variacion_anual_unifamiliar
04,Almería,04 Almería,2022,Total,Índice,114.64,"114,640",general,indice,ipva_indice_general
04,Almería,04 Almería,2022,Vivienda colectiva,Índice,115.016,"115,016",colectiva,indice,ipva_indice_colectiva
04,Almería,04 Almería,2022,Vivienda unifamiliar,Índice,112.51,"112,510",unifamiliar,indice,ipva_indice_unifamiliar
04,Almería,04 Almería,2023,Total,Variación anual,2.5,"2,5",general,variacion_anual,ipva_variacion_anual_general
04,Almería,04 Almería,2023,Vivienda colectiva,Variación anual,2.6,"2,6",colectiva,variacion_anual,ipva_variacion_anual_colectiva
04,Almería,04 Almería,2023,Vivienda unifamiliar,Variación anual,1.5,"1,5",unifamiliar,variacion_anual,ipva_variacion_anual_unifamiliar
04,Almería,04 Almería,2023,Total,Índice,117.471,"117,471",general,indice,ipva_indice_general
04,Almería,04 Almería,2023,Vivienda colectiva,Índice,118.055,"118,055",colectiva,indice,ipva_indice_colectiva
04,Almería,04 Almería,2023,Vivienda unifamiliar,Índice,114.181,"114,181",unifamiliar,indice,ipva_indice_unifamiliar
04,Almería,04 Almería,2024,Total,Variación anual,3.5,"3,5",general,variacion_anual,ipva_variacion_anual_general
04,Almería,04 Almería,2024,Vivienda colectiva,Variación anual,3.6,"3,6",colectiva,variacion_anual,ipva_variacion_anual_colectiva
04,Almería,04 Almería,2024,Vivienda unifamiliar,Variación anual,2.8,"2,8",unifamiliar,variacion_anual,ipva_variacion_anual_unifamiliar
04,Almería,04 Almería,2024,Total,Índice,121.611,"121,611",general,indice,ipva_indice_general
04,Almería,04 Almería,2024,Vivienda colectiva,Índice,122.352,"122,352",colectiva,indice,ipva_indice_colectiva
04,Almería,04 Almería,2024,Vivienda unifamiliar,Índice,117.432,"117,432",unifamiliar,indice,ipva_indice_unifamiliar
05,Ávila,05 Ávila,2015,Total,Variación anual,-1.2,"-1,2",general,variacion_anual,ipva_variacion_anual_general
05,Ávila,05 Ávila,2015,Vivienda colectiva,Variación anual,-1.0,"-1,0",colectiva,variacion_anual,ipva_variacion_anual_colectiva
05,Ávila,05 Ávila,2015,Vivienda unifamiliar,Variación anual,-2.5,"-2,5",unifamiliar,variacion_anual,ipva_variacion_anual_unifamiliar
05,Ávila,05 Ávila,2015,Total,Índice,100.0,"100,000",general,indice,ipva_indice_general
05,Ávila,05 Ávila,2015,Vivienda colectiva,Índice,100.0,"100,000",colectiva,indice,ipva_indice_colectiva
05,Ávila,05 Ávila,2015,Vivienda unifamiliar,Índice,100.0,"100,000",unifamiliar,indice,ipva_indice_unifamiliar
05,Ávila,05 Ávila,2016,Total,Variación anual,1.5,"1,5",general,variacion_anual,ipva_variacion_anual_general
05,Ávila,05 Ávila,2016,Vivienda colectiva,Variación anual,1.1,"1,1",colectiva,variacion_anual,ipva_variacion_anual_colectiva
05,Ávila,05 Ávila,2016,Vivienda unifamiliar,Variación anual,3.7,"3,7",unifamiliar,variacion_anual,ipva_variacion_anual_unifamiliar
05,Ávila,05 Ávila,2016,Total,Índice,101.512,"101,512",general,indice,ipva_indice_general
05,Ávila,05 Ávila,2016,Vivienda colectiva,Índice,101.062,"101,062",colectiva,indice,ipva_indice_colectiva
05,Ávila,05 Ávila,2016,Vivienda unifamiliar,Índice,103.685,"103,685",unifamiliar,indice,ipva_indice_unifamiliar
05,Ávila,05 Ávila,2017,Total,Variación anual,0.7,"0,7",general,variacion_anual,ipva_variacion_anual_general
05,Ávila,05 Ávila,2017,Vivienda colectiva,Variación anual,0.9,"0,9",colectiva,variacion_anual,ipva_variacion_anual_colectiva
05,Ávila,05 Ávila,2017,Vivienda unifamiliar,Variación anual,-0.4,"-0,4",unifamiliar,variacion_anual,ipva_variacion_anual_unifamiliar
05,Ávila,05 Ávila,2017,Total,Índice,102.227,"102,227",general,indice,ipva_indice_general
05,Ávila,05 Ávila,2017,Vivienda colectiva,Índice,102.018,"102,018",colectiva,indice,ipva_indice_colectiva
05,Ávila,05 Ávila,2017,Vivienda unifamiliar,Índice,103.278,"103,278",unifamiliar,indice,ipva_indice_unifamiliar
05,Ávila,05 Ávila,2018,Total,Variación anual,2.4,"2,4",general,variacion_anual,ipva_variacion_anual_general
05,Ávila,05 Ávila,2018,Vivienda colectiva,Variación anual,2.3,"2,3",colectiva,variacion_anual,ipva_variacion_anual_colectiva
05,Ávila,05 Ávila,2018,Vivienda unifamiliar,Variación anual,2.8,"2,8",unifamiliar,variacion_anual,ipva_variacion_anual_unifamiliar
05,Ávila,05 Ávila,2018,Total,Índice,104.675,"104,675",general,indice,ipva_indice_general
05,Ávila,05 Ávila,2018,Vivienda colectiva,Índice,104.361,"104,361",colectiva,indice,ipva_indice_colectiva
05,Ávila,05 Ávila,2018,Vivienda unifamiliar,Índice,106.218,"106,218",unifamiliar,indice,ipva_indice_unifamiliar
05,Ávila,05 Ávila,2019,Total,Variación anual,2.9,"2,9",general,variacion_anual,ipva_variacion_anual_general
05,Ávila,05 Ávila,2019,Vivienda colectiva,Variación anual,3.3,"3,3",colectiva,variacion_anual,ipva_variacion_anual_colectiva
05,Ávila,05 Ávila,2019,Vivienda unifamiliar,Variación anual,0.9,"0,9",unifamiliar,variacion_anual,ipva_variacion_anual_unifamiliar
05,Ávila,05 Ávila,2019,Total,Índice,107.705,"107,705",general,indice,ipva_indice_general
05,Ávila,05 Ávila,2019,Vivienda colectiva,Índice,107.82,"107,820",colectiva,indice,ipva_indice_colectiva
05,Ávila,05 Ávila,2019,Vivienda unifamiliar,Índice,107.214,"107,214",unifamiliar,indice,ipva_indice_unifamiliar
05,Ávila,05 Ávila,2020,Total,Variación anual,1.2,"1,2",general,variacion_anual,ipva_variacion_anual_general
05,Ávila,05 Ávila,2020,Vivienda colectiva,Variación anual,0.9,"0,9",colectiva,variacion_anual,ipva_variacion_anual_colectiva
05,Ávila,05 Ávila,2020,Vivienda unifamiliar,Variación anual,2.4,"2,4",unifamiliar,variacion_anual,ipva_variacion_anual_unifamiliar
05,Ávila,05 Ávila,2020,Total,Índice,108.981,"108,981",general,indice,ipva_indice_general
05,Ávila,05 Ávila,2020,Vivienda colectiva,Índice,108.816,"108,816",colectiva,indice,ipva_indice_colectiva
05,Ávila,05 Ávila,2020,Vivienda unifamiliar,Índice,109.807,"109,807",unifamiliar,indice,ipva_indice_unifamiliar
05,Ávila,05 Ávila,2021,Total,Variación anual,2.2,"2,2",general,variacion_anual,ipva_variacion_anual_general
05,Ávila,05 Ávila,2021,Vivienda colectiva,Variación anual,2.2,"2,2",colectiva,variacion_anual,ipva_variacion_anual_colectiva
05,Ávila,05 Ávila,2021,Vivienda unifamiliar,Variación anual,2.1,"2,1",unifamiliar,variacion_anual,ipva_variacion_anual_unifamiliar
05,Ávila,05 Ávila,2021,Total,Índice,111.371,"111,371",general,indice,ipva_indice_general
05,Ávila,05 Ávila,2021,Vivienda colectiva,Índice,111.236,"111,236",colectiva,indice,ipva_indice_colectiva
05,Ávila,05 Ávila,2021,Vivienda unifamiliar,Índice,112.072,"112,072",unifamiliar,indice,ipva_indice_unifamiliar
05,Ávila,05 Ávila,2022,Total,Variación anual,2.8,"2,8",general,variacion_anual,ipva_variacion_anual_general
05,Ávila,05 Ávila,2022,Vivienda colectiva,Variación anual,3.1,"3,1",colectiva,variacion_anual,ipva_variacion_anual_colectiva
05,Ávila,05 Ávila,2022,Vivienda unifamiliar,Variación anual,1.5,"1,5",unifamiliar,variacion_anual,ipva_variacion_anual_unifamiliar
05,Ávila,05 Ávila,2022,Total,Índice,114.48,"114,480",general,indice,ipva_indice_general
05,Ávila,05 Ávila,2022,Vivienda colectiva,Índice,114.655,"114,655",colectiva,indice,ipva_indice_colectiva
05,Ávila,05 Ávila,2022,Vivienda unifamiliar,Índice,113.764,"113,764",unifamiliar,indice,ipva_indice_unifamiliar
05,Ávila,05 Ávila,2023,Total,Variación anual,2.9,"2,9",general,variacion_anual,ipva_variacion_anual_general
05,Ávila,05 Ávila,2023,Vivienda colectiva,Variación anual,3.0,"3,0",colectiva,variacion_anual,ipva_variacion_anual_colectiva
05,Ávila,05 Ávila,2023,Vivienda unifamiliar,Variación anual,2.5,"2,5",unifamiliar,variacion_anual,ipva_variacion_anual_unifamiliar
05,Ávila,05 Ávila,2023,Total,Índice,117.837,"117,837",general,indice,ipva_indice_general
05,Ávila,05 Ávila,2023,Vivienda colectiva,Índice,118.116,"118,116",colectiva,indice,ipva_indice_colectiva
05,Ávila,05 Ávila,2023,Vivienda unifamiliar,Índice,116.64,"116,640",unifamiliar,indice,ipva_indice_unifamiliar
05,Ávila,05 Ávila,2024,Total,Variación anual,4.1,"4,1",general,variacion_anual,ipva_variacion_anual_general
05,Ávila,05 Ávila,2024,Vivienda colectiva,Variación anual,4.3,"4,3",colectiva,variacion_anual,ipva_variacion_anual_colectiva
05,Ávila,05 Ávila,2024,Vivienda unifamiliar,Variación anual,3.1,"3,1",unifamiliar,variacion_anual,ipva_variacion_anual_unifamiliar
05,Ávila,05 Ávila,2024,Total,Índice,122.619,"122,619",general,indice,ipva_indice_general
05,Ávila,05 Ávila,2024,Vivienda colectiva,Índice,123.155,"123,155",colectiva,indice,ipva_indice_colectiva
05,Ávila,05 Ávila,2024,Vivienda unifamiliar,Índice,120.201,"120,201",unifamiliar,indice,ipva_indice_unifamiliar
06,Badajoz,06 Badajoz,2015,Total,Variación anual,-0.3,"-0,3",general,variacion_anual,ipva_variacion_anual_general
06,Badajoz,06 Badajoz,2015,Vivienda colectiva,Variación anual,-0.4,"-0,4",colectiva,variacion_anual,ipva_variacion_anual_colectiva
06,Badajoz,06 Badajoz,2015,Vivienda unifamiliar,Variación anual,0.6,"0,6",unifamiliar,variacion_anual,ipva_variacion_anual_unifamiliar
06,Badajoz,06 Badajoz,2015,Total,Índice,100.0,"100,000",general,indice,ipva_indice_general
06,Badajoz,06 Badajoz,2015,Vivienda colectiva,Índice,100.0,"100,000",colectiva,indice,ipva_indice_colectiva
06,Badajoz,06 Badajoz,2015,Vivienda unifamiliar,Índice,100.0,"100,000",unifamiliar,indice,ipva_indice_unifamiliar
06,Badajoz,06 Badajoz,2016,Total,Variación anual,1.8,"1,8",general,variacion_anual,ipva_variacion_anual_general
06,Badajoz,06 Badajoz,2016,Vivienda colectiva,Variación anual,2.0,"2,0",colectiva,variacion_anual,ipva_variacion_anual_colectiva
06,Badajoz,06 Badajoz,2016,Vivienda unifamiliar,Variación anual,0.7,"0,7",unifamiliar,variacion_anual,ipva_variacion_anual_unifamiliar
06,Badajoz,06 Badajoz,2016,Total,Índice,101.831,"101,831",general,indice,ipva_indice_general
06,Badajoz,06 Badajoz,2016,Vivienda colectiva,Índice,101.997,"101,997",colectiva,indice,ipva_indice_colectiva
06,Badajoz,06 Badajoz,2016,Vivienda unifamiliar,Índice,100.72,"100,720",unifamiliar,indice,ipva_indice_unifamiliar
06,Badajoz,06 Badajoz,2017,Total,Variación anual,0.9,"0,9",general,variacion_anual,ipva_variacion_anual_general
06,Badajoz,06 Badajoz,2017,Vivienda colectiva,Variación anual,0.8,"0,8",colectiva,variacion_anual,ipva_variacion_anual_colectiva
06,Badajoz,06 Badajoz,2017,Vivienda unifamiliar,Variación anual,1.5,"1,5",unifamiliar,variacion_anual,ipva_variacion_anual_unifamiliar
06,Badajoz,06 Badajoz,2017,Total,Índice,102.726,"102,726",general,indice,ipva_indice_general
06,Badajoz,06 Badajoz,2017,Vivienda colectiva,Índice,102.795,"102,795",colectiva,indice,ipva_indice_colectiva
06,Badajoz,06 Badajoz,2017,Vivienda unifamiliar,Índice,102.257,"102,257",unifamiliar,indice,ipva_indice_unifamiliar
06,Badajoz,06 Badajoz,2018,Total,Variación anual,1.2,"1,2",general,variacion_anual,ipva_variacion_anual_general
06,Badajoz,06 Badajoz,2018,Vivienda colectiva,Variación anual,1.3,"1,3",colectiva,variacion_anual,ipva_variacion_anual_colectiva
06,Badajoz,06 Badajoz,2018,Vivienda unifamiliar,Variación anual,0.6,"0,6",unifamiliar,variacion_anual,ipva_variacion_anual_unifamiliar
06,Badajoz,06 Badajoz,2018,Total,Índice,104.002,"104,002",general,indice,ipva_indice_general
06,Badajoz,06 Badajoz,2018,Vivienda colectiva,Índice,104.174,"104,174",colectiva,indice,ipva_indice_colectiva
06,Badajoz,06 Badajoz,2018,Vivienda unifamiliar,Índice,102.862,"102,862",unifamiliar,indice,ipva_indice_unifamiliar
06,Badajoz,06 Badajoz,2019,Total,Variación anual,2.4,"2,4",general,variacion_anual,ipva_variacion_anual_general
06,Badajoz,06 Badajoz,2019,Vivienda colectiva,Variación anual,2.6,"2,6",colectiva,variacion_anual,ipva_variacion_anual_colectiva
06,Badajoz,06 Badajoz,2019,Vivienda unifamiliar,Variación anual,1.2,"1,2",unifamiliar,variacion_anual,ipva_variacion_anual_unifamiliar
06,Badajoz,06 Badajoz,2019,Total,Índice,106.518,"106,518",general,indice,ipva_indice_general
06,Badajoz,06 Badajoz,2019,Vivienda colectiva,Índice,106.893,"106,893",colectiva,indice,ipva_indice_colectiva
06,Badajoz,06 Badajoz,2019,Vivienda unifamiliar,Índice,104.048,"104,048",unifamiliar,indice,ipva_indice_unifamiliar
06,Badajoz,06 Badajoz,2020,Total,Variación anual,1.0,"1,0",general,variacion_anual,ipva_variacion_anual_general
06,Badajoz,06 Badajoz,2020,Vivienda colectiva,Variación anual,1.0,"1,0",colectiva,variacion_anual,ipva_variacion_anual_colectiva
06,Badajoz,06 Badajoz,2020,Vivienda unifamiliar,Variación anual,1.1,"1,1",unifamiliar,variacion_anual,ipva_variacion_anual_unifamiliar
06,Badajoz,06 Badajoz,2020,Total,Índice,107.611,"107,611",general,indice,ipva_indice_general
06,Badajoz,06 Badajoz,2020,Vivienda colectiva,Índice,107.971,"107,971",colectiva,indice,ipva_indice_colectiva
06,Badajoz,06 Badajoz,2020,Vivienda unifamiliar,Índice,105.234,"105,234",unifamiliar,indice,ipva_indice_unifamiliar
06,Badajoz,06 Badajoz,2021,Total,Variación anual,1.6,"1,6",general,variacion_anual,ipva_variacion_anual_general
06,Badajoz,06 Badajoz,2021,Vivienda colectiva,Variación anual,1.8,"1,8",colectiva,variacion_anual,ipva_variacion_anual_colectiva
06,Badajoz,06 Badajoz,2021,Vivienda unifamiliar,Variación anual,0.9,"0,9",unifamiliar,variacion_anual,ipva_variacion_anual_unifamiliar
06,Badajoz,06 Badajoz,2021,Total,Índice,109.386,"109,386",general,indice,ipva_indice_general
06,Badajoz,06 Badajoz,2021,Vivienda colectiva,Índice,109.886,"109,886",colectiva,indice,ipva_indice_colectiva
06,Badajoz,06 Badajoz,2021,Vivienda unifamiliar,Índice,106.195,"106,195",unifamiliar,indice,ipva_indice_unifamiliar
06,Badajoz,06 Badajoz,2022,Total,Variación anual,2.4,"2,4",general,variacion_anual,ipva_variacion_anual_general
06,Badajoz,06 Badajoz,2022,Vivienda colectiva,Variación anual,2.6,"2,6",colectiva,variacion_anual,ipva_variacion_anual_colectiva
06,Badajoz,06 Badajoz,2022,Vivienda unifamiliar,Variación anual,1.4,"1,4",unifamiliar,variacion_anual,ipva_variacion_anual_unifamiliar
06,Badajoz,06 Badajoz,2022,Total,Índice,112.018,"112,018",general,indice,ipva_indice_general
06,Badajoz,06 Badajoz,2022,Vivienda colectiva,Índice,112.709,"112,709",colectiva,indice,ipva_indice_colectiva
06,Badajoz,06 Badajoz,2022,Vivienda unifamiliar,Índice,107.702,"107,702",unifamiliar,indice,ipva_indice_unifamiliar
06,Badajoz,06 Badajoz,2023,Total,Variación anual,2.2,"2,2",general,variacion_anual,ipva_variacion_anual_general
06,Badajoz,06 Badajoz,2023,Vivienda colectiva,Variación anual,2.3,"2,3",colectiva,variacion_anual,ipva_variacion_anual_colectiva
06,Badajoz,06 Badajoz,2023,Vivienda unifamiliar,Variación anual,1.1,"1,1",unifamiliar,variacion_anual,ipva_variacion_anual_unifamiliar
06,Badajoz,06 Badajoz,2023,Total,Índice,114.436,"114,436",general,indice,ipva_indice_general
06,Badajoz,06 Badajoz,2023,Vivienda colectiva,Índice,115.347,"115,347",colectiva,indice,ipva_indice_colectiva
06,Badajoz,06 Badajoz,2023,Vivienda unifamiliar,Índice,108.838,"108,838",unifamiliar,indice,ipva_indice_unifamiliar
06,Badajoz,06 Badajoz,2024,Total,Variación anual,3.1,"3,1",general,variacion_anual,ipva_variacion_anual_general
06,Badajoz,06 Badajoz,2024,Vivienda colectiva,Variación anual,3.3,"3,3",colectiva,variacion_anual,ipva_variacion_anual_colectiva
06,Badajoz,06 Badajoz,2024,Vivienda unifamiliar,Variación anual,2.0,"2,0",unifamiliar,variacion_anual,ipva_variacion_anual_unifamiliar
06,Badajoz,06 Badajoz,2024,Total,Índice,118.024,"118,024",general,indice,ipva_indice_general
06,Badajoz,06 Badajoz,2024,Vivienda colectiva,Índice,119.165,"119,165",colectiva,indice,ipva_indice_colectiva
06,Badajoz,06 Badajoz,2024,Vivienda unifamiliar,Índice,111.05,"111,050",unifamiliar,indice,ipva_indice_unifamiliar
07,"Balears, Illes","07 Balears, Illes",2015,Total,Variación anual,1.3,"1,3",general,variacion_anual,ipva_variacion_anual_general
07,"Balears, Illes","07 Balears, Illes",2015,Vivienda colectiva,Variación anual,1.2,"1,2",colectiva,variacion_anual,ipva_variacion_anual_colectiva
07,"Balears, Illes","07 Balears, Illes",2015,Vivienda unifamiliar,Variación anual,1.5,"1,5",unifamiliar,variacion_anual,ipva_variacion_anual_unifamiliar
07,"Balears, Illes","07 Balears, Illes",2015,Total,Índice,100.0,"100,000",general,indice,ipva_indice_general
07,"Balears, Illes","07 Balears, Illes",2015,Vivienda colectiva,Índice,100.0,"100,000",colectiva,indice,ipva_indice_colectiva
07,"Balears, Illes","07 Balears, Illes",2015,Vivienda unifamiliar,Índice,100.0,"100,000",unifamiliar,indice,ipva_indice_unifamiliar
07,"Balears, Illes","07 Balears, Illes",2016,Total,Variación anual,2.2,"2,2",general,variacion_anual,ipva_variacion_anual_general
07,"Balears, Illes","07 Balears, Illes",2016,Vivienda colectiva,Variación anual,2.2,"2,2",colectiva,variacion_anual,ipva_variacion_anual_colectiva
07,"Balears, Illes","07 Balears, Illes",2016,Vivienda unifamiliar,Variación anual,2.2,"2,2",unifamiliar,variacion_anual,ipva_variacion_anual_unifamiliar
07,"Balears, Illes","07 Balears, Illes",2016,Total,Índice,102.167,"102,167",general,indice,ipva_indice_general
07,"Balears, Illes","07 Balears, Illes",2016,Vivienda colectiva,Índice,102.16,"102,160",colectiva,indice,ipva_indice_colectiva
07,"Balears, Illes","07 Balears, Illes",2016,Vivienda unifamiliar,Índice,102.192,"102,192",unifamiliar,indice,ipva_indice_unifamiliar
07,"Balears, Illes","07 Balears, Illes",2017,Total,Variación anual,2.8,"2,8",general,variacion_anual,ipva_variacion_anual_general
07,"Balears, Illes","07 Balears, Illes",2017,Vivienda colectiva,Variación anual,2.9,"2,9",colectiva,variacion_anual,ipva_variacion_anual_colectiva
07,"Balears, Illes","07 Balears, Illes",2017,Vivienda unifamiliar,Variación anual,2.4,"2,4",unifamiliar,variacion_anual,ipva_variacion_anual_unifamiliar
07,"Balears, Illes","07 Balears, Illes",2017,Total,Índice,105.011,"105,011",general,indice,ipva_indice_general
07,"Balears, Illes","07 Balears, Illes",2017,Vivienda colectiva,Índice,105.112,"105,112",colectiva,indice,ipva_indice_colectiva
07,"Balears, Illes","07 Balears, Illes",2017,Vivienda unifamiliar,Índice,104.642,"104,642",unifamiliar,indice,ipva_indice_unifamiliar
07,"Balears, Illes","07 Balears, Illes",2018,Total,Variación anual,4.0,"4,0",general,variacion_anual,ipva_variacion_anual_general
07,"Balears, Illes","07 Balears, Illes",2018,Vivienda colectiva,Variación anual,4.3,"4,3",colectiva,variacion_anual,ipva_variacion_anual_colectiva
07,"Balears, Illes","07 Balears, Illes",2018,Vivienda unifamiliar,Variación anual,2.9,"2,9",unifamiliar,variacion_anual,ipva_variacion_anual_unifamiliar
07,"Balears, Illes","07 Balears, Illes",2018,Total,Índice,109.221,"109,221",general,indice,ipva_indice_general
07,"Balears, Illes","07 Balears, Illes",2018,Vivienda colectiva,Índice,109.628,"109,628",colectiva,indice,ipva_indice_colectiva
07,"Balears, Illes","07 Balears, Illes",2018,Vivienda unifamiliar,Índice,107.725,"107,725",unifamiliar,indice,ipva_indice_unifamiliar
07,"Balears, Illes","07 Balears, Illes",2019,Total,Variación anual,3.9,"3,9",general,variacion_anual,ipva_variacion_anual_general
07,"Balears, Illes","07 Balears, Illes",2019,Vivienda colectiva,Variación anual,4.5,"4,5",colectiva,variacion_anual,ipva_variacion_anual_colectiva
07,"Balears, Illes","07 Balears, Illes",2019,Vivienda unifamiliar,Variación anual,1.7,"1,7",unifamiliar,variacion_anual,ipva_variacion_anual_unifamiliar
07,"Balears, Illes","07 Balears, Illes",2019,Total,Índice,113.469,"113,469",general,indice,ipva_indice_general
07,"Balears, Illes","07 Balears, Illes",2019,Vivienda colectiva,Índice,114.538,"114,538",colectiva,indice,ipva_indice_colectiva
07,"Balears, Illes","07 Balears, Illes",2019,Vivienda unifamiliar,Índice,109.533,"109,533",unifamiliar,indice,ipva_indice_unifamiliar
07,"Balears, Illes","07 Balears, Illes",2020,Total,Variación anual,-0.2,"-0,2",general,variacion_anual,ipva_variacion_anual_general
07,"Balears, Illes","07 Balears, Illes",2020,Vivienda colectiva,Variación anual,-0.2,"-0,2",colectiva,variacion_anual,ipva_variacion_anual_colectiva
07,"Balears, Illes","07 Balears, Illes",2020,Vivienda unifamiliar,Variación anual,-0.1,"-0,1",unifamiliar,variacion_anual,ipva_variacion_anual_unifamiliar
07,"Balears, Illes","07 Balears, Illes",2020,Total,Índice,113.259,"113,259",general,indice,ipva_indice_general
07,"Balears, Illes","07 Balears, Illes",2020,Vivienda colectiva,Índice,114.293,"114,293",colectiva,indice,ipva_indice_colectiva
07,"Balears, Illes","07 Balears, Illes",2020,Vivienda unifamiliar,Índice,109.452,"109,452",unifamiliar,indice,ipva_indice_unifamiliar
07,"Balears, Illes","07 Balears, Illes",2021,Total,Variación anual,2.2,"2,2",general,variacion_anual,ipva_variacion_anual_general
07,"Balears, Illes","07 Balears, Illes",2021,Vivienda colectiva,Variación anual,2.1,"2,1",colectiva,variacion_anual,ipva_variacion_anual_colectiva
07,"Balears, Illes","07 Balears, Illes",2021,Vivienda unifamiliar,Variación anual,2.6,"2,6",unifamiliar,variacion_anual,ipva_variacion_anual_unifamiliar
07,"Balears, Illes","07 Balears, Illes",2021,Total,Índice,115.745,"115,745",general,indice,ipva_indice_general
07,"Balears, Illes","07 Balears, Illes",2021,Vivienda colectiva,Índice,116.655,"116,655",colectiva,indice,ipva_indice_colectiva
07,"Balears, Illes","07 Balears, Illes",2021,Vivienda unifamiliar,Índice,112.338,"112,338",unifamiliar,indice,ipva_indice_unifamiliar
07,"Balears, Illes","07 Balears, Illes",2022,Total,Variación anual,3.7,"3,7",general,variacion_anual,ipva_variacion_anual_general
07,"Balears, Illes","07 Balears, Illes",2022,Vivienda colectiva,Variación anual,3.8,"3,8",colectiva,variacion_anual,ipva_variacion_anual_colectiva
07,"Balears, Illes","07 Balears, Illes",2022,Vivienda unifamiliar,Variación anual,3.4,"3,4",unifamiliar,variacion_anual,ipva_variacion_anual_unifamiliar
07,"Balears, Illes","07 Balears, Illes",2022,Total,Índice,120.007,"120,007",general,indice,ipva_indice_general
07,"Balears, Illes","07 Balears, Illes",2022,Vivienda colectiva,Índice,121.051,"121,051",colectiva,indice,ipva_indice_colectiva
07,"Balears, Illes","07 Balears, Illes",2022,Vivienda unifamiliar,Índice,116.144,"116,144",unifamiliar,indice,ipva_indice_unifamiliar
07,"Balears, Illes","07 Balears, Illes",2023,Total,Variación anual,3.2,"3,2",general,variacion_anual,ipva_variacion_anual_general
07,"Balears, Illes","07 Balears, Illes",2023,Vivienda colectiva,Variación anual,3.4,"3,4",colectiva,variacion_anual,ipva_variacion_anual_colectiva
07,"Balears, Illes","07 Balears, Illes",2023,Vivienda unifamiliar,Variación anual,2.9,"2,9",unifamiliar,variacion_anual,ipva_variacion_anual_unifamiliar
07,"Balears, Illes","07 Balears, Illes",2023,Total,Índice,123.906,"123,906",general,indice,ipva_indice_general
07,"Balears, Illes","07 Balears, Illes",2023,Vivienda colectiva,Índice,125.109,"125,109",colectiva,indice,ipva_indice_colectiva
07,"Balears, Illes","07 Balears, Illes",2023,Vivienda unifamiliar,Índice,119.506,"119,506",unifamiliar,indice,ipva_indice_unifamiliar
07,"Balears, Illes","07 Balears, Illes",2024,Total,Variación anual,4.0,"4,0",general,variacion_anual,ipva_variacion_anual_general
07,"Balears, Illes","07 Balears, Illes",2024,Vivienda colectiva,Variación anual,4.1,"4,1",colectiva,variacion_anual,ipva_variacion_anual_colectiva
07,"Balears, Illes","07 Balears, Illes",2024,Vivienda unifamiliar,Variación anual,3.4,"3,4",unifamiliar,variacion_anual,ipva_variacion_anual_unifamiliar
07,"Balears, Illes","07 Balears, Illes",2024,Total,Índice,128.808,"128,808",general,indice,ipva_indice_general
07,"Balears, Illes","07 Balears, Illes",2024,Vivienda colectiva,Índice,130.27,"130,270",colectiva,indice,ipva_indice_colectiva
07,"Balears, Illes","07 Balears, Illes",2024,Vivienda unifamiliar,Índice,123.546,"123,546",unifamiliar,indice,ipva_indice_unifamiliar
08,Barcelona,08 Barcelona,2015,Total,Variación anual,0.6,"0,6",general,variacion_anual,ipva_variacion_anual_general
08,Barcelona,08 Barcelona,2015,Vivienda colectiva,Variación anual,0.6,"0,6",colectiva,variacion_anual,ipva_variacion_anual_colectiva
08,Barcelona,08 Barcelona,2015,Vivienda unifamiliar,Variación anual,1.1,"1,1",unifamiliar,variacion_anual,ipva_variacion_anual_unifamiliar
08,Barcelona,08 Barcelona,2015,Total,Índice,100.0,"100,000",general,indice,ipva_indice_general
08,Barcelona,08 Barcelona,2015,Vivienda colectiva,Índice,100.0,"100,000",colectiva,indice,ipva_indice_colectiva
08,Barcelona,08 Barcelona,2015,Vivienda unifamiliar,Índice,100.0,"100,000",unifamiliar,indice,ipva_indice_unifamiliar
08,Barcelona,08 Barcelona,2016,Total,Variación anual,1.8,"1,8",general,variacion_anual,ipva_variacion_anual_general
08,Barcelona,08 Barcelona,2016,Vivienda colectiva,Variación anual,1.8,"1,8",colectiva,variacion_anual,ipva_variacion_anual_colectiva
08,Barcelona,08 Barcelona,2016,Vivienda unifamiliar,Variación anual,1.9,"1,9",unifamiliar,variacion_anual,ipva_variacion_anual_unifamiliar
08,Barcelona,08 Barcelona,2016,Total,Índice,101.801,"101,801",general,indice,ipva_indice_general
08,Barcelona,08 Barcelona,2016,Vivienda colectiva,Índice,101.788,"101,788",colectiva,indice,ipva_indice_colectiva
08,Barcelona,08 Barcelona,2016,Vivienda unifamiliar,Índice,101.924,"101,924",unifamiliar,indice,ipva_indice_unifamiliar
08,Barcelona,08 Barcelona,2017,Total,Variación anual,2.3,"2,3",general,variacion_anual,ipva_variacion_anual_general
08,Barcelona,08 Barcelona,2017,Vivienda colectiva,Variación anual,2.4,"2,4",colectiva,variacion_anual,ipva_variacion_anual_colectiva
08,Barcelona,08 Barcelona,2017,Vivienda unifamiliar,Variación anual,1.4,"1,4",unifamiliar,variacion_anual,ipva_variacion_anual_unifamiliar
08,Barcelona,08 Barcelona,2017,Total,Índice,104.134,"104,134",general,indice,ipva_indice_general
08,Barcelona,08 Barcelona,2017,Vivienda colectiva,Índice,104.225,"104,225",colectiva,indice,ipva_indice_colectiva
08,Barcelona,08 Barcelona,2017,Vivienda unifamiliar,Índice,103.304,"103,304",unifamiliar,indice,ipva_indice_unifamiliar
08,Barcelona,08 Barcelona,2018,Total,Variación anual,3.5,"3,5",general,variacion_anual,ipva_variacion_anual_general
08,Barcelona,08 Barcelona,2018,Vivienda colectiva,Variación anual,3.7,"3,7",colectiva,variacion_anual,ipva_variacion_anual_colectiva
08,Barcelona,08 Barcelona,2018,Vivienda unifamiliar,Variación anual,1.9,"1,9",unifamiliar,variacion_anual,ipva_variacion_anual_unifamiliar
08,Barcelona,08 Barcelona,2018,Total,Índice,107.785,"107,785",general,indice,ipva_indice_general
08,Barcelona,08 Barcelona,2018,Vivienda colectiva,Índice,108.053,"108,053",colectiva,indice,ipva_indice_colectiva
08,Barcelona,08 Barcelona,2018,Vivienda unifamiliar,Índice,105.299,"105,299",unifamiliar,indice,ipva_indice_unifamiliar
08,Barcelona,08 Barcelona,2019,Total,Variación anual,3.8,"3,8",general,variacion_anual,ipva_variacion_anual_general
08,Barcelona,08 Barcelona,2019,Vivienda colectiva,Variación anual,4.1,"4,1",colectiva,variacion_anual,ipva_variacion_anual_colectiva
08,Barcelona,08 Barcelona,2019,Vivienda unifamiliar,Variación anual,1.1,"1,1",unifamiliar,variacion_anual,ipva_variacion_anual_unifamiliar
08,Barcelona,08 Barcelona,2019,Total,Índice,111.871,"111,871",general,indice,ipva_indice_general
08,Barcelona,08 Barcelona,2019,Vivienda colectiva,Índice,112.448,"112,448",colectiva,indice,ipva_indice_colectiva
08,Barcelona,08 Barcelona,2019,Vivienda unifamiliar,Índice,106.423,"106,423",unifamiliar,indice,ipva_indice_unifamiliar
08,Barcelona,08 Barcelona,2020,Total,Variación anual,1.0,"1,0",general,variacion_anual,ipva_variacion_anual_general
08,Barcelona,08 Barcelona,2020,Vivienda colectiva,Variación anual,1.1,"1,1",colectiva,variacion_anual,ipva_variacion_anual_colectiva
08,Barcelona,08 Barcelona,2020,Vivienda unifamiliar,Variación anual,1.0,"1,0",unifamiliar,variacion_anual,ipva_variacion_anual_unifamiliar
08,Barcelona,08 Barcelona,2020,Total,Índice,113.04,"113,040",general,indice,ipva_indice_general
08,Barcelona,08 Barcelona,2020,Vivienda colectiva,Índice,113.632,"113,632",colectiva,indice,ipva_indice_colectiva
08,Barcelona,08 Barcelona,2020,Vivienda unifamiliar,Índice,107.437,"107,437",unifamiliar,indice,ipva_indice_unifamiliar
08,Barcelona,08 Barcelona,2021,Total,Variación anual,1.2,"1,2",general,variacion_anual,ipva_variacion_anual_general
08,Barcelona,08 Barcelona,2021,Vivienda colectiva,Variación anual,1.1,"1,1",colectiva,variacion_anual,ipva_variacion_anual_colectiva
08,Barcelona,08 Barcelona,2021,Vivienda unifamiliar,Variación anual,1.8,"1,8",unifamiliar,variacion_anual,ipva_variacion_anual_unifamiliar
08,Barcelona,08 Barcelona,2021,Total,Índice,114.388,"114,388",general,indice,ipva_indice_general
08,Barcelona,08 Barcelona,2021,Vivienda colectiva,Índice,114.918,"114,918",colectiva,indice,ipva_indice_colectiva
08,Barcelona,08 Barcelona,2021,Vivienda unifamiliar,Índice,109.388,"109,388",unifamiliar,indice,ipva_indice_unifamiliar
08,Barcelona,08 Barcelona,2022,Total,Variación anual,2.6,"2,6",general,variacion_anual,ipva_variacion_anual_general
08,Barcelona,08 Barcelona,2022,Vivienda colectiva,Variación anual,2.6,"2,6",colectiva,variacion_anual,ipva_variacion_anual_colectiva
08,Barcelona,08 Barcelona,2022,Vivienda unifamiliar,Variación anual,2.5,"2,5",unifamiliar,variacion_anual,ipva_variacion_anual_unifamiliar
08,Barcelona,08 Barcelona,2022,Total,Índice,117.306,"117,306",general,indice,ipva_indice_general
08,Barcelona,08 Barcelona,2022,Vivienda colectiva,Índice,117.853,"117,853",colectiva,indice,ipva_indice_colectiva
08,Barcelona,08 Barcelona,2022,Vivienda unifamiliar,Índice,112.128,"112,128",unifamiliar,indice,ipva_indice_unifamiliar
08,Barcelona,08 Barcelona,2023,Total,Variación anual,2.7,"2,7",general,variacion_anual,ipva_variacion_anual_general
08,Barcelona,08 Barcelona,2023,Vivienda colectiva,Variación anual,2.7,"2,7",colectiva,variacion_anual,ipva_variacion_anual_colectiva
08,Barcelona,08 Barcelona,2023,Vivienda unifamiliar,Variación anual,2.1,"2,1",unifamiliar,variacion_anual,ipva_variacion_anual_unifamiliar
08,Barcelona,08 Barcelona,2023,Total,Índice,120.422,"120,422",general,indice,ipva_indice_general
08,Barcelona,08 Barcelona,2023,Vivienda colectiva,Índice,121.049,"121,049",colectiva,indice,ipva_indice_colectiva
08,Barcelona,08 Barcelona,2023,Vivienda unifamiliar,Índice,114.455,"114,455",unifamiliar,indice,ipva_indice_unifamiliar
08,Barcelona,08 Barcelona,2024,Total,Variación anual,3.1,"3,1",general,variacion_anual,ipva_variacion_anual_general
08,Barcelona,08 Barcelona,2024,Vivienda colectiva,Variación anual,3.1,"3,1",colectiva,variacion_anual,ipva_variacion_anual_colectiva
08,Barcelona,08 Barcelona,2024,Vivienda unifamiliar,Variación anual,2.5,"2,5",unifamiliar,variacion_anual,ipva_variacion_anual_unifamiliar
08,Barcelona,08 Barcelona,2024,Total,Índice,124.109,"124,109",general,indice,ipva_indice_general
08,Barcelona,08 Barcelona,2024,Vivienda colectiva,Índice,124.82,"124,820",colectiva,indice,ipva_indice_colectiva
08,Barcelona,08 Barcelona,2024,Vivienda unifamiliar,Índice,117.295,"117,295",unifamiliar,indice,ipva_indice_unifamiliar
09,Burgos,09 Burgos,2015,Total,Variación anual,-0.2,"-0,2",general,variacion_anual,ipva_variacion_anual_general
09,Burgos,09 Burgos,2015,Vivienda colectiva,Variación anual,-0.3,"-0,3",colectiva,variacion_anual,ipva_variacion_anual_colectiva
09,Burgos,09 Burgos,2015,Vivienda unifamiliar,Variación anual,1.1,"1,1",unifamiliar,variacion_anual,ipva_variacion_anual_unifamiliar
09,Burgos,09 Burgos,2015,Total,Índice,100.0,"100,000",general,indice,ipva_indice_general
09,Burgos,09 Burgos,2015,Vivienda colectiva,Índice,100.0,"100,000",colectiva,indice,ipva_indice_colectiva
09,Burgos,09 Burgos,2015,Vivienda unifamiliar,Índice,100.0,"100,000",unifamiliar,indice,ipva_indice_unifamiliar
09,Burgos,09 Burgos,2016,Total,Variación anual,1.0,"1,0",general,variacion_anual,ipva_variacion_anual_general
09,Burgos,09 Burgos,2016,Vivienda colectiva,Variación anual,1.0,"1,0",colectiva,variacion_anual,ipva_variacion_anual_colectiva
09,Burgos,09 Burgos,2016,Vivienda unifamiliar,Variación anual,0.7,"0,7",unifamiliar,variacion_anual,ipva_variacion_anual_unifamiliar
09,Burgos,09 Burgos,2016,Total,Índice,101.009,"101,009",general,indice,ipva_indice_general
09,Burgos,09 Burgos,2016,Vivienda colectiva,Índice,101.032,"101,032",colectiva,indice,ipva_indice_colectiva
09,Burgos,09 Burgos,2016,Vivienda unifamiliar,Índice,100.678,"100,678",unifamiliar,indice,ipva_indice_unifamiliar
09,Burgos,09 Burgos,2017,Total,Variación anual,1.3,"1,3",general,variacion_anual,ipva_variacion_anual_general
09,Burgos,09 Burgos,2017,Vivienda colectiva,Variación anual,1.3,"1,3",colectiva,variacion_anual,ipva_variacion_anual_colectiva
09,Burgos,09 Burgos,2017,Vivienda unifamiliar,Variación anual,1.3,"1,3",unifamiliar,variacion_anual,ipva_variacion_anual_unifamiliar
09,Burgos,09 Burgos,2017,Total,Índice,102.308,"102,308",general,indice,ipva_indice_general
09,Burgos,09 Burgos,2017,Vivienda colectiva,Índice,102.332,"102,332",colectiva,indice,ipva_indice_colectiva
09,Burgos,09 Burgos,2017,Vivienda unifamiliar,Índice,101.979,"101,979",unifamiliar,indice,ipva_indice_unifamiliar
09,Burgos,09 Burgos,2018,Total,Variación anual,1.5,"1,5",general,variacion_anual,ipva_variacion_anual_general
09,Burgos,09 Burgos,2018,Vivienda colectiva,Variación anual,1.5,"1,5",colectiva,variacion_anual,ipva_variacion_anual_colectiva
09,Burgos,09 Burgos,2018,Vivienda unifamiliar,Variación anual,2.1,"2,1",unifamiliar,variacion_anual,ipva_variacion_anual_unifamiliar
09,Burgos,09 Burgos,2018,Total,Índice,103.874,"103,874",general,indice,ipva_indice_general
09,Burgos,09 Burgos,2018,Vivienda colectiva,Índice,103.856,"103,856",colectiva,indice,ipva_indice_colectiva
09,Burgos,09 Burgos,2018,Vivienda unifamiliar,Índice,104.093,"104,093",unifamiliar,indice,ipva_indice_unifamiliar
09,Burgos,09 Burgos,2019,Total,Variación anual,2.5,"2,5",general,variacion_anual,ipva_variacion_anual_general
09,Burgos,09 Burgos,2019,Vivienda colectiva,Variación anual,2.6,"2,6",colectiva,variacion_anual,ipva_variacion_anual_colectiva
09,Burgos,09 Burgos,2019,Vivienda unifamiliar,Variación anual,0.8,"0,8",unifamiliar,variacion_anual,ipva_variacion_anual_unifamiliar
09,Burgos,09 Burgos,2019,Total,Índice,106.441,"106,441",general,indice,ipva_indice_general
09,Burgos,09 Burgos,2019,Vivienda colectiva,Índice,106.551,"106,551",colectiva,indice,ipva_indice_colectiva
09,Burgos,09 Burgos,2019,Vivienda unifamiliar,Índice,104.91,"104,910",unifamiliar,indice,ipva_indice_unifamiliar
09,Burgos,09 Burgos,2020,Total,Variación anual,0.8,"0,8",general,variacion_anual,ipva_variacion_anual_general
09,Burgos,09 Burgos,2020,Vivienda colectiva,Variación anual,0.8,"0,8",colectiva,variacion_anual,ipva_variacion_anual_colectiva
09,Burgos,09 Burgos,2020,Vivienda unifamiliar,Variación anual,0.4,"0,4",unifamiliar,variacion_anual,ipva_variacion_anual_unifamiliar
09,Burgos,09 Burgos,2020,Total,Índice,107.283,"107,283",general,indice,ipva_indice_general
09,Burgos,09 Burgos,2020,Vivienda colectiva,Índice,107.424,"107,424",colectiva,indice,ipva_indice_colectiva
09,Burgos,09 Burgos,2020,Vivienda unifamiliar,Índice,105.338,"105,338",unifamiliar,indice,ipva_indice_unifamiliar
09,Burgos,09 Burgos,2021,Total,Variación anual,1.7,"1,7",general,variacion_anual,ipva_variacion_anual_general
09,Burgos,09 Burgos,2021,Vivienda colectiva,Variación anual,1.7,"1,7",colectiva,variacion_anual,ipva_variacion_anual_colectiva
09,Burgos,09 Burgos,2021,Vivienda unifamiliar,Variación anual,1.8,"1,8",unifamiliar,variacion_anual,ipva_variacion_anual_unifamiliar
09,Burgos,09 Burgos,2021,Total,Índice,109.116,"109,116",general,indice,ipva_indice_general
09,Burgos,09 Burgos,2021,Vivienda colectiva,Índice,109.254,"109,254",colectiva,indice,ipva_indice_colectiva
09,Burgos,09 Burgos,2021,Vivienda unifamiliar,Índice,107.202,"107,202",unifamiliar,indice,ipva_indice_unifamiliar
09,Burgos,09 Burgos,2022,Total,Variación anual,1.9,"1,9",general,variacion_anual,ipva_variacion_anual_general
09,Burgos,09 Burgos,2022,Vivienda colectiva,Variación anual,1.9,"1,9",colectiva,variacion_anual,ipva_variacion_anual_colectiva
09,Burgos,09 Burgos,2022,Vivienda unifamiliar,Variación anual,1.5,"1,5",unifamiliar,variacion_anual,ipva_variacion_anual_unifamiliar
09,Burgos,09 Burgos,2022,Total,Índice,111.155,"111,155",general,indice,ipva_indice_general
09,Burgos,09 Burgos,2022,Vivienda colectiva,Índice,111.323,"111,323",colectiva,indice,ipva_indice_colectiva
09,Burgos,09 Burgos,2022,Vivienda unifamiliar,Índice,108.862,"108,862",unifamiliar,indice,ipva_indice_unifamiliar
09,Burgos,09 Burgos,2023,Total,Variación anual,2.1,"2,1",general,variacion_anual,ipva_variacion_anual_general
09,Burgos,09 Burgos,2023,Vivienda colectiva,Variación anual,2.1,"2,1",colectiva,variacion_anual,ipva_variacion_anual_colectiva
09,Burgos,09 Burgos,2023,Vivienda unifamiliar,Variación anual,2.4,"2,4",unifamiliar,variacion_anual,ipva_variacion_anual_unifamiliar
09,Burgos,09 Burgos,2023,Total,Índice,113.528,"113,528",general,indice,ipva_indice_general
09,Burgos,09 Burgos,2023,Vivienda colectiva,Índice,113.676,"113,676",colectiva,indice,ipva_indice_colectiva
09,Burgos,09 Burgos,2023,Vivienda unifamiliar,Índice,111.505,"111,505",unifamiliar,indice,ipva_indice_unifamiliar
09,Burgos,09 Burgos,2024,Total,Variación anual,2.8,"2,8",general,variacion_anual,ipva_variacion_anual_general
09,Burgos,09 Burgos,2024,Vivienda colectiva,Variación anual,2.9,"2,9",colectiva,variacion_anual,ipva_variacion_anual_colectiva
09,Burgos,09 Burgos,2024,Vivienda unifamiliar,Variación anual,1.8,"1,8",unifamiliar,variacion_anual,ipva_variacion_anual_unifamiliar
09,Burgos,09 Burgos,2024,Total,Índice,116.764,"116,764",general,indice,ipva_indice_general
09,Burgos,09 Burgos,2024,Vivienda colectiva,Índice,116.998,"116,998",colectiva,indice,ipva_indice_colectiva
09,Burgos,09 Burgos,2024,Vivienda unifamiliar,Índice,113.567,"113,567",unifamiliar,indice,ipva_indice_unifamiliar
10,Cáceres,10 Cáceres,2015,Total,Variación anual,-0.7,"-0,7",general,variacion_anual,ipva_variacion_anual_general
10,Cáceres,10 Cáceres,2015,Vivienda colectiva,Variación anual,-0.9,"-0,9",colectiva,variacion_anual,ipva_variacion_anual_colectiva
10,Cáceres,10 Cáceres,2015,Vivienda unifamiliar,Variación anual,0.9,"0,9",unifamiliar,variacion_anual,ipva_variacion_anual_unifamiliar
10,Cáceres,10 Cáceres,2015,Total,Índice,100.0,"100,000",general,indice,ipva_indice_general
10,Cáceres,10 Cáceres,2015,Vivienda colectiva,Índice,100.0,"100,000",colectiva,indice,ipva_indice_colectiva
10,Cáceres,10 Cáceres,2015,Vivienda unifamiliar,Índice,100.0,"100,000",unifamiliar,indice,ipva_indice_unifamiliar
10,Cáceres,10 Cáceres,2016,Total,Variación anual,1.1,"1,1",general,variacion_anual,ipva_variacion_anual_general
10,Cáceres,10 Cáceres,2016,Vivienda colectiva,Variación anual,1.0,"1,0",colectiva,variacion_anual,ipva_variacion_anual_colectiva
10,Cáceres,10 Cáceres,2016,Vivienda unifamiliar,Variación anual,1.6,"1,6",unifamiliar,variacion_anual,ipva_variacion_anual_unifamiliar
10,Cáceres,10 Cáceres,2016,Total,Índice,101.091,"101,091",general,indice,ipva_indice_general
10,Cáceres,10 Cáceres,2016,Vivienda colectiva,Índice,101.005,"101,005",colectiva,indice,ipva_indice_colectiva
10,Cáceres,10 Cáceres,2016,Vivienda unifamiliar,Índice,101.621,"101,621",unifamiliar,indice,ipva_indice_unifamiliar
10,Cáceres,10 Cáceres,2017,Total,Variación anual,1.3,"1,3",general,variacion_anual,ipva_variacion_anual_general
10,Cáceres,10 Cáceres,2017,Vivienda colectiva,Variación anual,1.3,"1,3",colectiva,variacion_anual,ipva_variacion_anual_colectiva
10,Cáceres,10 Cáceres,2017,Vivienda unifamiliar,Variación anual,0.9,"0,9",unifamiliar,variacion_anual,ipva_variacion_anual_unifamiliar
10,Cáceres,10 Cáceres,2017,Total,Índice,102.367,"102,367",general,indice,ipva_indice_general
10,Cáceres,10 Cáceres,2017,Vivienda colectiva,Índice,102.336,"102,336",colectiva,indice,ipva_indice_colectiva
10,Cáceres,10 Cáceres,2017,Vivienda unifamiliar,Índice,102.559,"102,559",unifamiliar,indice,ipva_indice_unifamiliar
10,Cáceres,10 Cáceres,2018,Total,Variación anual,1.4,"1,4",general,variacion_anual,ipva_variacion_anual_general
10,Cáceres,10 Cáceres,2018,Vivienda colectiva,Variación anual,1.4,"1,4",colectiva,variacion_anual,ipva_variacion_anual_colectiva
10,Cáceres,10 Cáceres,2018,Vivienda unifamiliar,Variación anual,1.1,"1,1",unifamiliar,variacion_anual,ipva_variacion_anual_unifamiliar
10,Cáceres,10 Cáceres,2018,Total,Índice,103.764,"103,764",general,indice,ipva_indice_general
10,Cáceres,10 Cáceres,2018,Vivienda colectiva,Índice,103.772,"103,772",colectiva,indice,ipva_indice_colectiva
10,Cáceres,10 Cáceres,2018,Vivienda unifamiliar,Índice,103.731,"103,731",unifamiliar,indice,ipva_indice_unifamiliar
10,Cáceres,10 Cáceres,2019,Total,Variación anual,2.4,"2,4",general,variacion_anual,ipva_variacion_anual_general
10,Cáceres,10 Cáceres,2019,Vivienda colectiva,Variación anual,2.4,"2,4",colectiva,variacion_anual,ipva_variacion_anual_colectiva
10,Cáceres,10 Cáceres,2019,Vivienda unifamiliar,Variación anual,2.3,"2,3",unifamiliar,variacion_anual,ipva_variacion_anual_unifamiliar
10,Cáceres,10 Cáceres,2019,Total,Índice,106.212,"106,212",general,indice,ipva_indice_general
10,Cáceres,10 Cáceres,2019,Vivienda colectiva,Índice,106.236,"106,236",colectiva,indice,ipva_indice_colectiva
10,Cáceres,10 Cáceres,2019,Vivienda unifamiliar,Índice,106.082,"106,082",unifamiliar,indice,ipva_indice_unifamiliar
10,Cáceres,10 Cáceres,2020,Total,Variación anual,0.8,"0,8",general,variacion_anual,ipva_variacion_anual_general
10,Cáceres,10 Cáceres,2020,Vivienda colectiva,Variación anual,0.8,"0,8",colectiva,variacion_anual,ipva_variacion_anual_colectiva
10,Cáceres,10 Cáceres,2020,Vivienda unifamiliar,Variación anual,0.7,"0,7",unifamiliar,variacion_anual,ipva_variacion_anual_unifamiliar
10,Cáceres,10 Cáceres,2020,Total,Índice,107.052,"107,052",general,indice,ipva_indice_general
10,Cáceres,10 Cáceres,2020,Vivienda colectiva,Índice,107.091,"107,091",colectiva,indice,ipva_indice_colectiva
10,Cáceres,10 Cáceres,2020,Vivienda unifamiliar,Índice,106.844,"106,844",unifamiliar,indice,ipva_indice_unifamiliar
10,Cáceres,10 Cáceres,2021,Total,Variación anual,1.8,"1,8",general,variacion_anual,ipva_variacion_anual_general
10,Cáceres,10 Cáceres,2021,Vivienda colectiva,Variación anual,2.0,"2,0",colectiva,variacion_anual,ipva_variacion_anual_colectiva
10,Cáceres,10 Cáceres,2021,Vivienda unifamiliar,Variación anual,1.2,"1,2",unifamiliar,variacion_anual,ipva_variacion_anual_unifamiliar
10,Cáceres,10 Cáceres,2021,Total,Índice,109.023,"109,023",general,indice,ipva_indice_general
10,Cáceres,10 Cáceres,2021,Vivienda colectiva,Índice,109.192,"109,192",colectiva,indice,ipva_indice_colectiva
10,Cáceres,10 Cáceres,2021,Vivienda unifamiliar,Índice,108.131,"108,131",unifamiliar,indice,ipva_indice_unifamiliar
10,Cáceres,10 Cáceres,2022,Total,Variación anual,2.1,"2,1",general,variacion_anual,ipva_variacion_anual_general
10,Cáceres,10 Cáceres,2022,Vivienda colectiva,Variación anual,2.1,"2,1",colectiva,variacion_anual,ipva_variacion_anual_colectiva
10,Cáceres,10 Cáceres,2022,Vivienda unifamiliar,Variación anual,2.0,"2,0",unifamiliar,variacion_anual,ipva_variacion_anual_unifamiliar
10,Cáceres,10 Cáceres,2022,Total,Índice,111.282,"111,282",general,indice,ipva_indice_general
10,Cáceres,10 Cáceres,2022,Vivienda colectiva,Índice,111.476,"111,476",colectiva,indice,ipva_indice_colectiva
10,Cáceres,10 Cáceres,2022,Vivienda unifamiliar,Índice,110.251,"110,251",unifamiliar,indice,ipva_indice_unifamiliar
10,Cáceres,10 Cáceres,2023,Total,Variación anual,2.1,"2,1",general,variacion_anual,ipva_variacion_anual_general
10,Cáceres,10 Cáceres,2023,Vivienda colectiva,Variación anual,2.2,"2,2",colectiva,variacion_anual,ipva_variacion_anual_colectiva
10,Cáceres,10 Cáceres,2023,Vivienda unifamiliar,Variación anual,1.1,"1,1",unifamiliar,variacion_anual,ipva_variacion_anual_unifamiliar
10,Cáceres,10 Cáceres,2023,Total,Índice,113.584,"113,584",general,indice,ipva_indice_general
10,Cáceres,10 Cáceres,2023,Vivienda colectiva,Índice,113.98,"113,980",colectiva,indice,ipva_indice_colectiva
10,Cáceres,10 Cáceres,2023,Vivienda unifamiliar,Índice,111.449,"111,449",unifamiliar,indice,ipva_indice_unifamiliar
10,Cáceres,10 Cáceres,2024,Total,Variación anual,3.5,"3,5",general,variacion_anual,ipva_variacion_anual_general
10,Cáceres,10 Cáceres,2024,Vivienda colectiva,Variación anual,3.8,"3,8",colectiva,variacion_anual,ipva_variacion_anual_colectiva
10,Cáceres,10 Cáceres,2024,Vivienda unifamiliar,Variación anual,2.3,"2,3",unifamiliar,variacion_anual,ipva_variacion_anual_unifamiliar
10,Cáceres,10 Cáceres,2024,Total,Índice,117.601,"117,601",general,indice,ipva_indice_general
10,Cáceres,10 Cáceres,2024,Vivienda colectiva,Índice,118.274,"118,274",colectiva,indice,ipva_indice_colectiva
10,Cáceres,10 Cáceres,2024,Vivienda unifamiliar,Índice,113.958,"113,958",unifamiliar,indice,ipva_indice_unifamiliar
11,Cádiz,11 Cádiz,2015,Total,Variación anual,0.0,"0,0",general,variacion_anual,ipva_variacion_anual_general
11,Cádiz,11 Cádiz,2015,Vivienda colectiva,Variación anual,-0.3,"-0,3",colectiva,variacion_anual,ipva_variacion_anual_colectiva
11,Cádiz,11 Cádiz,2015,Vivienda unifamiliar,Variación anual,0.7,"0,7",unifamiliar,variacion_anual,ipva_variacion_anual_unifamiliar
11,Cádiz,11 Cádiz,2015,Total,Índice,100.0,"100,000",general,indice,ipva_indice_general
11,Cádiz,11 Cádiz,2015,Vivienda colectiva,Índice,100.0,"100,000",colectiva,indice,ipva_indice_colectiva
11,Cádiz,11 Cádiz,2015,Vivienda unifamiliar,Índice,100.0,"100,000",unifamiliar,indice,ipva_indice_unifamiliar
11,Cádiz,11 Cádiz,2016,Total,Variación anual,2.2,"2,2",general,variacion_anual,ipva_variacion_anual_general
11,Cádiz,11 Cádiz,2016,Vivienda colectiva,Variación anual,2.0,"2,0",colectiva,variacion_anual,ipva_variacion_anual_colectiva
11,Cádiz,11 Cádiz,2016,Vivienda unifamiliar,Variación anual,2.7,"2,7",unifamiliar,variacion_anual,ipva_variacion_anual_unifamiliar
11,Cádiz,11 Cádiz,2016,Total,Índice,102.224,"102,224",general,indice,ipva_indice_general
11,Cádiz,11 Cádiz,2016,Vivienda colectiva,Índice,101.987,"101,987",colectiva,indice,ipva_indice_colectiva
11,Cádiz,11 Cádiz,2016,Vivienda unifamiliar,Índice,102.723,"102,723",unifamiliar,indice,ipva_indice_unifamiliar
11,Cádiz,11 Cádiz,2017,Total,Variación anual,1.0,"1,0",general,variacion_anual,ipva_variacion_anual_general
11,Cádiz,11 Cádiz,2017,Vivienda colectiva,Variación anual,1.1,"1,1",colectiva,variacion_anual,ipva_variacion_anual_colectiva
11,Cádiz,11 Cádiz,2017,Vivienda unifamiliar,Variación anual,0.8,"0,8",unifamiliar,variacion_anual,ipva_variacion_anual_unifamiliar
11,Cádiz,11 Cádiz,2017,Total,Índice,103.216,"103,216",general,indice,ipva_indice_general
11,Cádiz,11 Cádiz,2017,Vivienda colectiva,Índice,103.063,"103,063",colectiva,indice,ipva_indice_colectiva
11,Cádiz,11 Cádiz,2017,Vivienda unifamiliar,Índice,103.538,"103,538",unifamiliar,indice,ipva_indice_unifamiliar
11,Cádiz,11 Cádiz,2018,Total,Variación anual,1.4,"1,4",general,variacion_anual,ipva_variacion_anual_general
11,Cádiz,11 Cádiz,2018,Vivienda colectiva,Variación anual,1.5,"1,5",colectiva,variacion_anual,ipva_variacion_anual_colectiva
11,Cádiz,11 Cádiz,2018,Vivienda unifamiliar,Variación anual,1.3,"1,3",unifamiliar,variacion_anual,ipva_variacion_anual_unifamiliar
11,Cádiz,11 Cádiz,2018,Total,Índice,104.693,"104,693",general,indice,ipva_indice_general
11,Cádiz,11 Cádiz,2018,Vivienda colectiva,Índice,104.604,"104,604",colectiva,indice,ipva_indice_colectiva
11,Cádiz,11 Cádiz,2018,Vivienda unifamiliar,Índice,104.877,"104,877",unifamiliar,indice,ipva_indice_unifamiliar
11,Cádiz,11 Cádiz,2019,Total,Variación anual,2.3,"2,3",general,variacion_anual,ipva_variacion_anual_general
11,Cádiz,11 Cádiz,2019,Vivienda colectiva,Variación anual,2.7,"2,7",colectiva,variacion_anual,ipva_variacion_anual_colectiva
11,Cádiz,11 Cádiz,2019,Vivienda unifamiliar,Variación anual,1.3,"1,3",unifamiliar,variacion_anual,ipva_variacion_anual_unifamiliar
11,Cádiz,11 Cádiz,2019,Total,Índice,107.063,"107,063",general,indice,ipva_indice_general
11,Cádiz,11 Cádiz,2019,Vivienda colectiva,Índice,107.424,"107,424",colectiva,indice,ipva_indice_colectiva
11,Cádiz,11 Cádiz,2019,Vivienda unifamiliar,Índice,106.254,"106,254",unifamiliar,indice,ipva_indice_unifamiliar
11,Cádiz,11 Cádiz,2020,Total,Variación anual,0.9,"0,9",general,variacion_anual,ipva_variacion_anual_general
11,Cádiz,11 Cádiz,2020,Vivienda colectiva,Variación anual,1.1,"1,1",colectiva,variacion_anual,ipva_variacion_anual_colectiva
11,Cádiz,11 Cádiz,2020,Vivienda unifamiliar,Variación anual,0.7,"0,7",unifamiliar,variacion_anual,ipva_variacion_anual_unifamiliar
11,Cádiz,11 Cádiz,2020,Total,Índice,108.068,"108,068",general,indice,ipva_indice_general
11,Cádiz,11 Cádiz,2020,Vivienda colectiva,Índice,108.559,"108,559",colectiva,indice,ipva_indice_colectiva
11,Cádiz,11 Cádiz,2020,Vivienda unifamiliar,Índice,106.964,"106,964",unifamiliar,indice,ipva_indice_unifamiliar
11,Cádiz,11 Cádiz,2021,Total,Variación anual,1.7,"1,7",general,variacion_anual,ipva_variacion_anual_general
11,Cádiz,11 Cádiz,2021,Vivienda colectiva,Variación anual,1.8,"1,8",colectiva,variacion_anual,ipva_variacion_anual_colectiva
11,Cádiz,11 Cádiz,2021,Vivienda unifamiliar,Variación anual,1.6,"1,6",unifamiliar,variacion_anual,ipva_variacion_anual_unifamiliar
11,Cádiz,11 Cádiz,2021,Total,Índice,109.905,"109,905",general,indice,ipva_indice_general
11,Cádiz,11 Cádiz,2021,Vivienda colectiva,Índice,110.461,"110,461",colectiva,indice,ipva_indice_colectiva
11,Cádiz,11 Cádiz,2021,Vivienda unifamiliar,Índice,108.646,"108,646",unifamiliar,indice,ipva_indice_unifamiliar
11,Cádiz,11 Cádiz,2022,Total,Variación anual,2.2,"2,2",general,variacion_anual,ipva_variacion_anual_general
11,Cádiz,11 Cádiz,2022,Vivienda colectiva,Variación anual,2.3,"2,3",colectiva,variacion_anual,ipva_variacion_anual_colectiva
11,Cádiz,11 Cádiz,2022,Vivienda unifamiliar,Variación anual,1.8,"1,8",unifamiliar,variacion_anual,ipva_variacion_anual_unifamiliar
11,Cádiz,11 Cádiz,2022,Total,Índice,112.298,"112,298",general,indice,ipva_indice_general
11,Cádiz,11 Cádiz,2022,Vivienda colectiva,Índice,113.032,"113,032",colectiva,indice,ipva_indice_colectiva
11,Cádiz,11 Cádiz,2022,Vivienda unifamiliar,Índice,110.605,"110,605",unifamiliar,indice,ipva_indice_unifamiliar
11,Cádiz,11 Cádiz,2023,Total,Variación anual,1.9,"1,9",general,variacion_anual,ipva_variacion_anual_general
11,Cádiz,11 Cádiz,2023,Vivienda colectiva,Variación anual,2.1,"2,1",colectiva,variacion_anual,ipva_variacion_anual_colectiva
11,Cádiz,11 Cádiz,2023,Vivienda unifamiliar,Variación anual,1.2,"1,2",unifamiliar,variacion_anual,ipva_variacion_anual_unifamiliar
11,Cádiz,11 Cádiz,2023,Total,Índice,114.402,"114,402",general,indice,ipva_indice_general
11,Cádiz,11 Cádiz,2023,Vivienda colectiva,Índice,115.436,"115,436",colectiva,indice,ipva_indice_colectiva
11,Cádiz,11 Cádiz,2023,Vivienda unifamiliar,Índice,111.957,"111,957",unifamiliar,indice,ipva_indice_unifamiliar
11,Cádiz,11 Cádiz,2024,Total,Variación anual,3.0,"3,0",general,variacion_anual,ipva_variacion_anual_general
11,Cádiz,11 Cádiz,2024,Vivienda colectiva,Variación anual,3.1,"3,1",colectiva,variacion_anual,ipva_variacion_anual_colectiva
11,Cádiz,11 Cádiz,2024,Vivienda unifamiliar,Variación anual,2.7,"2,7",unifamiliar,variacion_anual,ipva_variacion_anual_unifamiliar
11,Cádiz,11 Cádiz,2024,Total,Índice,117.852,"117,852",general,indice,ipva_indice_general
11,Cádiz,11 Cádiz,2024,Vivienda colectiva,Índice,119.049,"119,049",colectiva,indice,ipva_indice_colectiva
11,Cádiz,11 Cádiz,2024,Vivienda unifamiliar,Índice,114.994,"114,994",unifamiliar,indice,ipva_indice_unifamiliar
12,Castellón/Castelló,12 Castellón/Castelló,2015,Total,Variación anual,-0.6,"-0,6",general,variacion_anual,ipva_variacion_anual_general
12,Castellón/Castelló,12 Castellón/Castelló,2015,Vivienda colectiva,Variación anual,-0.6,"-0,6",colectiva,variacion_anual,ipva_variacion_anual_colectiva
12,Castellón/Castelló,12 Castellón/Castelló,2015,Vivienda unifamiliar,Variación anual,-0.4,"-0,4",unifamiliar,variacion_anual,ipva_variacion_anual_unifamiliar
12,Castellón/Castelló,12 Castellón/Castelló,2015,Total,Índice,100.0,"100,000",general,indice,ipva_indice_general
12,Castellón/Castelló,12 Castellón/Castelló,2015,Vivienda colectiva,Índice,100.0,"100,000",colectiva,indice,ipva_indice_colectiva
12,Castellón/Castelló,12 Castellón/Castelló,2015,Vivienda unifamiliar,Índice,100.0,"100,000",unifamiliar,indice,ipva_indice_unifamiliar
12,Castellón/Castelló,12 Castellón/Castelló,2016,Total,Variación anual,1.1,"1,1",general,variacion_anual,ipva_variacion_anual_general
12,Castellón/Castelló,12 Castellón/Castelló,2016,Vivienda colectiva,Variación anual,1.3,"1,3",colectiva,variacion_anual,ipva_variacion_anual_colectiva
12,Castellón/Castelló,12 Castellón/Castelló,2016,Vivienda unifamiliar,Variación anual,-0.1,"-0,1",unifamiliar,variacion_anual,ipva_variacion_anual_unifamiliar
12,Castellón/Castelló,12 Castellón/Castelló,2016,Total,Índice,101.066,"101,066",general,indice,ipva_indice_general
12,Castellón/Castelló,12 Castellón/Castelló,2016,Vivienda colectiva,Índice,101.259,"101,259",colectiva,indice,ipva_indice_colectiva
12,Castellón/Castelló,12 Castellón/Castelló,2016,Vivienda unifamiliar,Índice,99.924,"99,924",unifamiliar,indice,ipva_indice_unifamiliar
12,Castellón/Castelló,12 Castellón/Castelló,2017,Total,Variación anual,1.3,"1,3",general,variacion_anual,ipva_variacion_anual_general
12,Castellón/Castelló,12 Castellón/Castelló,2017,Vivienda colectiva,Variación anual,1.2,"1,2",colectiva,variacion_anual,ipva_variacion_anual_colectiva
12,Castellón/Castelló,12 Castellón/Castelló,2017,Vivienda unifamiliar,Variación anual,2.3,"2,3",unifamiliar,variacion_anual,ipva_variacion_anual_unifamiliar
12,Castellón/Castelló,12 Castellón/Castelló,2017,Total,Índice,102.411,"102,411",general,indice,ipva_indice_general
12,Castellón/Castelló,12 Castellón/Castelló,2017,Vivienda colectiva,Índice,102.448,"102,448",colectiva,indice,ipva_indice_colectiva
12,Castellón/Castelló,12 Castellón/Castelló,2017,Vivienda unifamiliar,Índice,102.186,"102,186",unifamiliar,indice,ipva_indice_unifamiliar
12,Castellón/Castelló,12 Castellón/Castelló,2018,Total,Variación anual,2.2,"2,2",general,variacion_anual,ipva_variacion_anual_general
12,Castellón/Castelló,12 Castellón/Castelló,2018,Vivienda colectiva,Variación anual,2.3,"2,3",colectiva,variacion_anual,ipva_variacion_anual_colectiva
12,Castellón/Castelló,12 Castellón/Castelló,2018,Vivienda unifamiliar,Variación anual,1.1,"1,1",unifamiliar,variacion_anual,ipva_variacion_anual_unifamiliar
12,Castellón/Castelló,12 Castellón/Castelló,2018,Total,Índice,104.627,"104,627",general,indice,ipva_indice_general
12,Castellón/Castelló,12 Castellón/Castelló,2018,Vivienda colectiva,Índice,104.842,"104,842",colectiva,indice,ipva_indice_colectiva
12,Castellón/Castelló,12 Castellón/Castelló,2018,Vivienda unifamiliar,Índice,103.34,"103,340",unifamiliar,indice,ipva_indice_unifamiliar
12,Castellón/Castelló,12 Castellón/Castelló,2019,Total,Variación anual,3.2,"3,2",general,variacion_anual,ipva_variacion_anual_general
12,Castellón/Castelló,12 Castellón/Castelló,2019,Vivienda colectiva,Variación anual,3.4,"3,4",colectiva,variacion_anual,ipva_variacion_anual_colectiva
12,Castellón/Castelló,12 Castellón/Castelló,2019,Vivienda unifamiliar,Variación anual,1.5,"1,5",unifamiliar,variacion_anual,ipva_variacion_anual_unifamiliar
12,Castellón/Castelló,12 Castellón/Castelló,2019,Total,Índice,107.94,"107,940",general,indice,ipva_indice_general
12,Castellón/Castelló,12 Castellón/Castelló,2019,Vivienda colectiva,Índice,108.444,"108,444",colectiva,indice,ipva_indice_colectiva
12,Castellón/Castelló,12 Castellón/Castelló,2019,Vivienda unifamiliar,Índice,104.903,"104,903",unifamiliar,indice,ipva_indice_unifamiliar
12,Castellón/Castelló,12 Castellón/Castelló,2020,Total,Variación anual,1.5,"1,5",general,variacion_anual,ipva_variacion_anual_general
12,Castellón/Castelló,12 Castellón/Castelló,2020,Vivienda colectiva,Variación anual,1.6,"1,6",colectiva,variacion_anual,ipva_variacion_anual_colectiva
12,Castellón/Castelló,12 Castellón/Castelló,2020,Vivienda unifamiliar,Variación anual,0.7,"0,7",unifamiliar,variacion_anual,ipva_variacion_anual_unifamiliar
12,Castellón/Castelló,12 Castellón/Castelló,2020,Total,Índice,109.541,"109,541",general,indice,ipva_indice_general
12,Castellón/Castelló,12 Castellón/Castelló,2020,Vivienda colectiva,Índice,110.19,"110,190",colectiva,indice,ipva_indice_colectiva
12,Castellón/Castelló,12 Castellón/Castelló,2020,Vivienda unifamiliar,Índice,105.635,"105,635",unifamiliar,indice,ipva_indice_unifamiliar
12,Castellón/Castelló,12 Castellón/Castelló,2021,Total,Variación anual,2.5,"2,5",general,variacion_anual,ipva_variacion_anual_general
12,Castellón/Castelló,12 Castellón/Castelló,2021,Vivienda colectiva,Variación anual,2.5,"2,5",colectiva,variacion_anual,ipva_variacion_anual_colectiva
12,Castellón/Castelló,12 Castellón/Castelló,2021,Vivienda unifamiliar,Variación anual,2.0,"2,0",unifamiliar,variacion_anual,ipva_variacion_anual_unifamiliar
12,Castellón/Castelló,12 Castellón/Castelló,2021,Total,Índice,112.238,"112,238",general,indice,ipva_indice_general
12,Castellón/Castelló,12 Castellón/Castelló,2021,Vivienda colectiva,Índice,112.987,"112,987",colectiva,indice,ipva_indice_colectiva
12,Castellón/Castelló,12 Castellón/Castelló,2021,Vivienda unifamiliar,Índice,107.748,"107,748",unifamiliar,indice,ipva_indice_unifamiliar
12,Castellón/Castelló,12 Castellón/Castelló,2022,Total,Variación anual,3.0,"3,0",general,variacion_anual,ipva_variacion_anual_general
12,Castellón/Castelló,12 Castellón/Castelló,2022,Vivienda colectiva,Variación anual,3.0,"3,0",colectiva,variacion_anual,ipva_variacion_anual_colectiva
12,Castellón/Castelló,12 Castellón/Castelló,2022,Vivienda unifamiliar,Variación anual,2.6,"2,6",unifamiliar,variacion_anual,ipva_variacion_anual_unifamiliar
12,Castellón/Castelló,12 Castellón/Castelló,2022,Total,Índice,115.577,"115,577",general,indice,ipva_indice_general
12,Castellón/Castelló,12 Castellón/Castelló,2022,Vivienda colectiva,Índice,116.424,"116,424",colectiva,indice,ipva_indice_colectiva
12,Castellón/Castelló,12 Castellón/Castelló,2022,Vivienda unifamiliar,Índice,110.5,"110,500",unifamiliar,indice,ipva_indice_unifamiliar
12,Castellón/Castelló,12 Castellón/Castelló,2023,Total,Variación anual,3.1,"3,1",general,variacion_anual,ipva_variacion_anual_general
12,Castellón/Castelló,12 Castellón/Castelló,2023,Vivienda colectiva,Variación anual,3.2,"3,2",colectiva,variacion_anual,ipva_variacion_anual_colectiva
12,Castellón/Castelló,12 Castellón/Castelló,2023,Vivienda unifamiliar,Variación anual,2.4,"2,4",unifamiliar,variacion_anual,ipva_variacion_anual_unifamiliar
12,Castellón/Castelló,12 Castellón/Castelló,2023,Total,Índice,119.114,"119,114",general,indice,ipva_indice_general
12,Castellón/Castelló,12 Castellón/Castelló,2023,Vivienda colectiva,Índice,120.098,"120,098",colectiva,indice,ipva_indice_colectiva
12,Castellón/Castelló,12 Castellón/Castelló,2023,Vivienda unifamiliar,Índice,113.193,"113,193",unifamiliar,indice,ipva_indice_unifamiliar
12,Castellón/Castelló,12 Castellón/Castelló,2024,Total,Variación anual,4.1,"4,1",general,variacion_anual,ipva_variacion_anual_general
12,Castellón/Castelló,12 Castellón/Castelló,2024,Vivienda colectiva,Variación anual,4.2,"4,2",colectiva,variacion_anual,ipva_variacion_anual_colectiva
12,Castellón/Castelló,12 Castellón/Castelló,2024,Vivienda unifamiliar,Variación anual,3.3,"3,3",unifamiliar,variacion_anual,ipva_variacion_anual_unifamiliar
12,Castellón/Castelló,12 Castellón/Castelló,2024,Total,Índice,123.948,"123,948",general,indice,ipva_indice_general
12,Castellón/Castelló,12 Castellón/Castelló,2024,Vivienda colectiva,Índice,125.107,"125,107",colectiva,indice,ipva_indice_colectiva
12,Castellón/Castelló,12 Castellón/Castelló,2024,Vivienda unifamiliar,Índice,116.943,"116,943",unifamiliar,indice,ipva_indice_unifamiliar
13,Ciudad Real,13 Ciudad Real,2015,Total,Variación anual,-1.9,"-1,9",general,variacion_anual,ipva_variacion_anual_general
13,Ciudad Real,13 Ciudad Real,2015,Vivienda colectiva,Variación anual,-2.1,"-2,1",colectiva,variacion_anual,ipva_variacion_anual_colectiva
13,Ciudad Real,13 Ciudad Real,2015,Vivienda unifamiliar,Variación anual,-0.6,"-0,6",unifamiliar,variacion_anual,ipva_variacion_anual_unifamiliar
13,Ciudad Real,13 Ciudad Real,2015,Total,Índice,100.0,"100,000",general,indice,ipva_indice_general
13,Ciudad Real,13 Ciudad Real,2015,Vivienda colectiva,Índice,100.0,"100,000",colectiva,indice,ipva_indice_colectiva
13,Ciudad Real,13 Ciudad Real,2015,Vivienda unifamiliar,Índice,100.0,"100,000",unifamiliar,indice,ipva_indice_unifamiliar
13,Ciudad Real,13 Ciudad Real,2016,Total,Variación anual,1.5,"1,5",general,variacion_anual,ipva_variacion_anual_general
13,Ciudad Real,13 Ciudad Real,2016,Vivienda colectiva,Variación anual,1.6,"1,6",colectiva,variacion_anual,ipva_variacion_anual_colectiva
13,Ciudad Real,13 Ciudad Real,2016,Vivienda unifamiliar,Variación anual,0.9,"0,9",unifamiliar,variacion_anual,ipva_variacion_anual_unifamiliar
13,Ciudad Real,13 Ciudad Real,2016,Total,Índice,101.519,"101,519",general,indice,ipva_indice_general
13,Ciudad Real,13 Ciudad Real,2016,Vivienda colectiva,Índice,101.633,"101,633",colectiva,indice,ipva_indice_colectiva
13,Ciudad Real,13 Ciudad Real,2016,Vivienda unifamiliar,Índice,100.916,"100,916",unifamiliar,indice,ipva_indice_unifamiliar
13,Ciudad Real,13 Ciudad Real,2017,Total,Variación anual,0.5,"0,5",general,variacion_anual,ipva_variacion_anual_general
13,Ciudad Real,13 Ciudad Real,2017,Vivienda colectiva,Variación anual,0.4,"0,4",colectiva,variacion_anual,ipva_variacion_anual_colectiva
13,Ciudad Real,13 Ciudad Real,2017,Vivienda unifamiliar,Variación anual,1.1,"1,1",unifamiliar,variacion_anual,ipva_variacion_anual_unifamiliar
13,Ciudad Real,13 Ciudad Real,2017,Total,Índice,102.058,"102,058",general,indice,ipva_indice_general
13,Ciudad Real,13 Ciudad Real,2017,Vivienda colectiva,Índice,102.065,"102,065",colectiva,indice,ipva_indice_colectiva
13,Ciudad Real,13 Ciudad Real,2017,Vivienda unifamiliar,Índice,102.038,"102,038",unifamiliar,indice,ipva_indice_unifamiliar
13,Ciudad Real,13 Ciudad Real,2018,Total,Variación anual,1.3,"1,3",general,variacion_anual,ipva_variacion_anual_general
13,Ciudad Real,13 Ciudad Real,2018,Vivienda colectiva,Variación anual,1.4,"1,4",colectiva,variacion_anual,ipva_variacion_anual_colectiva
13,Ciudad Real,13 Ciudad Real,2018,Vivienda unifamiliar,Variación anual,0.9,"0,9",unifamiliar,variacion_anual,ipva_variacion_anual_unifamiliar
13,Ciudad Real,13 Ciudad Real,2018,Total,Índice,103.387,"103,387",general,indice,ipva_indice_general
13,Ciudad Real,13 Ciudad Real,2018,Vivienda colectiva,Índice,103.476,"103,476",colectiva,indice,ipva_indice_colectiva
13,Ciudad Real,13 Ciudad Real,2018,Vivienda unifamiliar,Índice,102.936,"102,936",unifamiliar,indice,ipva_indice_unifamiliar
13,Ciudad Real,13 Ciudad Real,2019,Total,Variación anual,2.4,"2,4",general,variacion_anual,ipva_variacion_anual_general
13,Ciudad Real,13 Ciudad Real,2019,Vivienda colectiva,Variación anual,2.8,"2,8",colectiva,variacion_anual,ipva_variacion_anual_colectiva
13,Ciudad Real,13 Ciudad Real,2019,Vivienda unifamiliar,Variación anual,0.3,"0,3",unifamiliar,variacion_anual,ipva_variacion_anual_unifamiliar
13,Ciudad Real,13 Ciudad Real,2019,Total,Índice,105.898,"105,898",general,indice,ipva_indice_general
13,Ciudad Real,13 Ciudad Real,2019,Vivienda colectiva,Índice,106.424,"106,424",colectiva,indice,ipva_indice_colectiva
13,Ciudad Real,13 Ciudad Real,2019,Vivienda unifamiliar,Índice,103.228,"103,228",unifamiliar,indice,ipva_indice_unifamiliar
13,Ciudad Real,13 Ciudad Real,2020,Total,Variación anual,1.1,"1,1",general,variacion_anual,ipva_variacion_anual_general
13,Ciudad Real,13 Ciudad Real,2020,Vivienda colectiva,Variación anual,1.0,"1,0",colectiva,variacion_anual,ipva_variacion_anual_colectiva
13,Ciudad Real,13 Ciudad Real,2020,Vivienda unifamiliar,Variación anual,1.5,"1,5",unifamiliar,variacion_anual,ipva_variacion_anual_unifamiliar
13,Ciudad Real,13 Ciudad Real,2020,Total,Índice,107.075,"107,075",general,indice,ipva_indice_general
13,Ciudad Real,13 Ciudad Real,2020,Vivienda colectiva,Índice,107.531,"107,531",colectiva,indice,ipva_indice_colectiva
13,Ciudad Real,13 Ciudad Real,2020,Vivienda unifamiliar,Índice,104.764,"104,764",unifamiliar,indice,ipva_indice_unifamiliar
13,Ciudad Real,13 Ciudad Real,2021,Total,Variación anual,1.9,"1,9",general,variacion_anual,ipva_variacion_anual_general
13,Ciudad Real,13 Ciudad Real,2021,Vivienda colectiva,Variación anual,2.1,"2,1",colectiva,variacion_anual,ipva_variacion_anual_colectiva
13,Ciudad Real,13 Ciudad Real,2021,Vivienda unifamiliar,Variación anual,0.9,"0,9",unifamiliar,variacion_anual,ipva_variacion_anual_unifamiliar
13,Ciudad Real,13 Ciudad Real,2021,Total,Índice,109.08,"109,080",general,indice,ipva_indice_general
13,Ciudad Real,13 Ciudad Real,2021,Vivienda colectiva,Índice,109.759,"109,759",colectiva,indice,ipva_indice_colectiva
13,Ciudad Real,13 Ciudad Real,2021,Vivienda unifamiliar,Índice,105.701,"105,701",unifamiliar,indice,ipva_indice_unifamiliar
13,Ciudad Real,13 Ciudad Real,2022,Total,Variación anual,2.0,"2,0",general,variacion_anual,ipva_variacion_anual_general
13,Ciudad Real,13 Ciudad Real,2022,Vivienda colectiva,Variación anual,2.3,"2,3",colectiva,variacion_anual,ipva_variacion_anual_colectiva
13,Ciudad Real,13 Ciudad Real,2022,Vivienda unifamiliar,Variación anual,0.9,"0,9",unifamiliar,variacion_anual,ipva_variacion_anual_unifamiliar
13,Ciudad Real,13 Ciudad Real,2022,Total,Índice,111.307,"111,307",general,indice,ipva_indice_general
13,Ciudad Real,13 Ciudad Real,2022,Vivienda colectiva,Índice,112.239,"112,239",colectiva,indice,ipva_indice_colectiva
13,Ciudad Real,13 Ciudad Real,2022,Vivienda unifamiliar,Índice,106.7,"106,700",unifamiliar,indice,ipva_indice_unifamiliar
13,Ciudad Real,13 Ciudad Real,2023,Total,Variación anual,1.7,"1,7",general,variacion_anual,ipva_variacion_anual_general
13,Ciudad Real,13 Ciudad Real,2023,Vivienda colectiva,Variación anual,1.9,"1,9",colectiva,variacion_anual,ipva_variacion_anual_colectiva
13,Ciudad Real,13 Ciudad Real,2023,Vivienda unifamiliar,Variación anual,0.7,"0,7",unifamiliar,variacion_anual,ipva_variacion_anual_unifamiliar
13,Ciudad Real,13 Ciudad Real,2023,Total,Índice,113.239,"113,239",general,indice,ipva_indice_general
13,Ciudad Real,13 Ciudad Real,2023,Vivienda colectiva,Índice,114.404,"114,404",colectiva,indice,ipva_indice_colectiva
13,Ciudad Real,13 Ciudad Real,2023,Vivienda unifamiliar,Índice,107.482,"107,482",unifamiliar,indice,ipva_indice_unifamiliar
13,Ciudad Real,13 Ciudad Real,2024,Total,Variación anual,3.3,"3,3",general,variacion_anual,ipva_variacion_anual_general
13,Ciudad Real,13 Ciudad Real,2024,Vivienda colectiva,Variación anual,3.4,"3,4",colectiva,variacion_anual,ipva_variacion_anual_colectiva
13,Ciudad Real,13 Ciudad Real,2024,Vivienda unifamiliar,Variación anual,2.5,"2,5",unifamiliar,variacion_anual,ipva_variacion_anual_unifamiliar
13,Ciudad Real,13 Ciudad Real,2024,Total,Índice,116.919,"116,919",general,indice,ipva_indice_general
13,Ciudad Real,13 Ciudad Real,2024,Vivienda colectiva,Índice,118.288,"118,288",colectiva,indice,ipva_indice_colectiva
13,Ciudad Real,13 Ciudad Real,2024,Vivienda unifamiliar,Índice,110.144,"110,144",unifamiliar,indice,ipva_indice_unifamiliar
14,Córdoba,14 Córdoba,2015,Total,Variación anual,-0.7,"-0,7",general,variacion_anual,ipva_variacion_anual_general
14,Córdoba,14 Córdoba,2015,Vivienda colectiva,Variación anual,-0.8,"-0,8",colectiva,variacion_anual,ipva_variacion_anual_colectiva
14,Córdoba,14 Córdoba,2015,Vivienda unifamiliar,Variación anual,0.6,"0,6",unifamiliar,variacion_anual,ipva_variacion_anual_unifamiliar
14,Córdoba,14 Córdoba,2015,Total,Índice,100.0,"100,000",general,indice,ipva_indice_general
14,Córdoba,14 Córdoba,2015,Vivienda colectiva,Índice,100.0,"100,000",colectiva,indice,ipva_indice_colectiva
14,Córdoba,14 Córdoba,2015,Vivienda unifamiliar,Índice,100.0,"100,000",unifamiliar,indice,ipva_indice_unifamiliar
14,Córdoba,14 Córdoba,2016,Total,Variación anual,1.3,"1,3",general,variacion_anual,ipva_variacion_anual_general
14,Córdoba,14 Córdoba,2016,Vivienda colectiva,Variación anual,1.2,"1,2",colectiva,variacion_anual,ipva_variacion_anual_colectiva
14,Córdoba,14 Córdoba,2016,Vivienda unifamiliar,Variación anual,1.3,"1,3",unifamiliar,variacion_anual,ipva_variacion_anual_unifamiliar
14,Córdoba,14 Córdoba,2016,Total,Índice,101.251,"101,251",general,indice,ipva_indice_general
14,Córdoba,14 Córdoba,2016,Vivienda colectiva,Índice,101.247,"101,247",colectiva,indice,ipva_indice_colectiva
14,Córdoba,14 Córdoba,2016,Vivienda unifamiliar,Índice,101.292,"101,292",unifamiliar,indice,ipva_indice_unifamiliar
14,Córdoba,14 Córdoba,2017,Total,Variación anual,1.2,"1,2",general,variacion_anual,ipva_variacion_anual_general
14,Córdoba,14 Córdoba,2017,Vivienda colectiva,Variación anual,1.3,"1,3",colectiva,variacion_anual,ipva_variacion_anual_colectiva
14,Córdoba,14 Córdoba,2017,Vivienda unifamiliar,Variación anual,0.7,"0,7",unifamiliar,variacion_anual,ipva_variacion_anual_unifamiliar
14,Córdoba,14 Córdoba,2017,Total,Índice,102.472,"102,472",general,indice,ipva_indice_general
14,Córdoba,14 Córdoba,2017,Vivienda colectiva,Índice,102.524,"102,524",colectiva,indice,ipva_indice_colectiva
14,Córdoba,14 Córdoba,2017,Vivienda unifamiliar,Índice,101.974,"101,974",unifamiliar,indice,ipva_indice_unifamiliar
14,Córdoba,14 Córdoba,2018,Total,Variación anual,1.2,"1,2",general,variacion_anual,ipva_variacion_anual_general
14,Córdoba,14 Córdoba,2018,Vivienda colectiva,Variación anual,1.2,"1,2",colectiva,variacion_anual,ipva_variacion_anual_colectiva
14,Córdoba,14 Córdoba,2018,Vivienda unifamiliar,Variación anual,0.8,"0,8",unifamiliar,variacion_anual,ipva_variacion_anual_unifamiliar
14,Córdoba,14 Córdoba,2018,Total,Índice,103.702,"103,702",general,indice,ipva_indice_general
14,Córdoba,14 Córdoba,2018,Vivienda colectiva,Índice,103.796,"103,796",colectiva,indice,ipva_indice_colectiva
14,Córdoba,14 Córdoba,2018,Vivienda unifamiliar,Índice,102.821,"102,821",unifamiliar,indice,ipva_indice_unifamiliar
14,Córdoba,14 Córdoba,2019,Total,Variación anual,2.7,"2,7",general,variacion_anual,ipva_variacion_anual_general
14,Córdoba,14 Córdoba,2019,Vivienda colectiva,Variación anual,2.9,"2,9",colectiva,variacion_anual,ipva_variacion_anual_colectiva
14,Córdoba,14 Córdoba,2019,Vivienda unifamiliar,Variación anual,1.0,"1,0",unifamiliar,variacion_anual,ipva_variacion_anual_unifamiliar
14,Córdoba,14 Córdoba,2019,Total,Índice,106.498,"106,498",general,indice,ipva_indice_general
14,Córdoba,14 Córdoba,2019,Vivienda colectiva,Índice,106.788,"106,788",colectiva,indice,ipva_indice_colectiva
14,Córdoba,14 Córdoba,2019,Vivienda unifamiliar,Índice,103.878,"103,878",unifamiliar,indice,ipva_indice_unifamiliar
14,Córdoba,14 Córdoba,2020,Total,Variación anual,0.2,"0,2",general,variacion_anual,ipva_variacion_anual_general
14,Córdoba,14 Córdoba,2020,Vivienda colectiva,Variación anual,0.2,"0,2",colectiva,variacion_anual,ipva_variacion_anual_colectiva
14,Córdoba,14 Córdoba,2020,Vivienda unifamiliar,Variación anual,0.1,"0,1",unifamiliar,variacion_anual,ipva_variacion_anual_unifamiliar
14,Córdoba,14 Córdoba,2020,Total,Índice,106.694,"106,694",general,indice,ipva_indice_general
14,Córdoba,14 Córdoba,2020,Vivienda colectiva,Índice,106.998,"106,998",colectiva,indice,ipva_indice_colectiva
14,Córdoba,14 Córdoba,2020,Vivienda unifamiliar,Índice,103.953,"103,953",unifamiliar,indice,ipva_indice_unifamiliar
14,Córdoba,14 Córdoba,2021,Total,Variación anual,1.4,"1,4",general,variacion_anual,ipva_variacion_anual_general
14,Córdoba,14 Córdoba,2021,Vivienda colectiva,Variación anual,1.4,"1,4",colectiva,variacion_anual,ipva_variacion_anual_colectiva
14,Córdoba,14 Córdoba,2021,Vivienda unifamiliar,Variación anual,1.8,"1,8",unifamiliar,variacion_anual,ipva_variacion_anual_unifamiliar
14,Córdoba,14 Córdoba,2021,Total,Índice,108.202,"108,202",general,indice,ipva_indice_general
14,Córdoba,14 Córdoba,2021,Vivienda colectiva,Índice,108.46,"108,460",colectiva,indice,ipva_indice_colectiva
14,Córdoba,14 Córdoba,2021,Vivienda unifamiliar,Índice,105.815,"105,815",unifamiliar,indice,ipva_indice_unifamiliar
14,Córdoba,14 Córdoba,2022,Total,Variación anual,1.8,"1,8",general,variacion_anual,ipva_variacion_anual_general
14,Córdoba,14 Córdoba,2022,Vivienda colectiva,Variación anual,1.8,"1,8",colectiva,variacion_anual,ipva_variacion_anual_colectiva
14,Córdoba,14 Córdoba,2022,Vivienda unifamiliar,Variación anual,1.4,"1,4",unifamiliar,variacion_anual,ipva_variacion_anual_unifamiliar
14,Córdoba,14 Córdoba,2022,Total,Índice,110.124,"110,124",general,indice,ipva_indice_general
14,Córdoba,14 Córdoba,2022,Vivienda colectiva,Índice,110.431,"110,431",colectiva,indice,ipva_indice_colectiva
14,Córdoba,14 Córdoba,2022,Vivienda unifamiliar,Índice,107.343,"107,343",unifamiliar,indice,ipva_indice_unifamiliar
14,Córdoba,14 Córdoba,2023,Total,Variación anual,1.4,"1,4",general,variacion_anual,ipva_variacion_anual_general
14,Córdoba,14 Córdoba,2023,Vivienda colectiva,Variación anual,1.6,"1,6",colectiva,variacion_anual,ipva_variacion_anual_colectiva
14,Córdoba,14 Córdoba,2023,Vivienda unifamiliar,Variación anual,0.1,"0,1",unifamiliar,variacion_anual,ipva_variacion_anual_unifamiliar
14,Córdoba,14 Córdoba,2023,Total,Índice,111.691,"111,691",general,indice,ipva_indice_general
14,Córdoba,14 Córdoba,2023,Vivienda colectiva,Índice,112.181,"112,181",colectiva,indice,ipva_indice_colectiva
14,Córdoba,14 Córdoba,2023,Vivienda unifamiliar,Índice,107.469,"107,469",unifamiliar,indice,ipva_indice_unifamiliar
14,Córdoba,14 Córdoba,2024,Total,Variación anual,2.4,"2,4",general,variacion_anual,ipva_variacion_anual_general
14,Córdoba,14 Córdoba,2024,Vivienda colectiva,Variación anual,2.6,"2,6",colectiva,variacion_anual,ipva_variacion_anual_colectiva
14,Córdoba,14 Córdoba,2024,Vivienda unifamiliar,Variación anual,1.1,"1,1",unifamiliar,variacion_anual,ipva_variacion_anual_unifamiliar
14,Córdoba,14 Córdoba,2024,Total,Índice,114.38,"114,380",general,indice,ipva_indice_general
14,Córdoba,14 Córdoba,2024,Vivienda colectiva,Índice,115.066,"115,066",colectiva,indice,ipva_indice_colectiva
14,Córdoba,14 Córdoba,2024,Vivienda unifamiliar,Índice,108.598,"108,598",unifamiliar,indice,ipva_indice_unifamiliar
15,"Coruña, A","15 Coruña, A",2015,Total,Variación anual,-0.4,"-0,4",general,variacion_anual,ipva_variacion_anual_general
15,"Coruña, A","15 Coruña, A",2015,Vivienda colectiva,Variación anual,-0.5,"-0,5",colectiva,variacion_anual,ipva_variacion_anual_colectiva
15,"Coruña, A","15 Coruña, A",2015,Vivienda unifamiliar,Variación anual,0.7,"0,7",unifamiliar,variacion_anual,ipva_variacion_anual_unifamiliar
15,"Coruña, A","15 Coruña, A",2015,Total,Índice,100.0,"100,000",general,indice,ipva_indice_general
15,"Coruña, A","15 Coruña, A",2015,Vivienda colectiva,Índice,100.0,"100,000",colectiva,indice,ipva_indice_colectiva
15,"Coruña, A","15 Coruña, A",2015,Vivienda unifamiliar,Índice,100.0,"100,000",unifamiliar,indice,ipva_indice_unifamiliar
15,"Coruña, A","15 Coruña, A",2016,Total,Variación anual,0.7,"0,7",general,variacion_anual,ipva_variacion_anual_general
15,"Coruña, A","15 Coruña, A",2016,Vivienda colectiva,Variación anual,0.7,"0,7",colectiva,variacion_anual,ipva_variacion_anual_colectiva
15,"Coruña, A","15 Coruña, A",2016,Vivienda unifamiliar,Variación anual,1.3,"1,3",unifamiliar,variacion_anual,ipva_variacion_anual_unifamiliar
15,"Coruña, A","15 Coruña, A",2016,Total,Índice,100.698,"100,698",general,indice,ipva_indice_general
15,"Coruña, A","15 Coruña, A",2016,Vivienda colectiva,Índice,100.652,"100,652",colectiva,indice,ipva_indice_colectiva
15,"Coruña, A","15 Coruña, A",2016,Vivienda unifamiliar,Índice,101.296,"101,296",unifamiliar,indice,ipva_indice_unifamiliar
15,"Coruña, A","15 Coruña, A",2017,Total,Variación anual,0.9,"0,9",general,variacion_anual,ipva_variacion_anual_general
15,"Coruña, A","15 Coruña, A",2017,Vivienda colectiva,Variación anual,0.8,"0,8",colectiva,variacion_anual,ipva_variacion_anual_colectiva
15,"Coruña, A","15 Coruña, A",2017,Vivienda unifamiliar,Variación anual,1.0,"1,0",unifamiliar,variacion_anual,ipva_variacion_anual_unifamiliar
15,"Coruña, A","15 Coruña, A",2017,Total,Índice,101.56,"101,560",general,indice,ipva_indice_general
15,"Coruña, A","15 Coruña, A",2017,Vivienda colectiva,Índice,101.501,"101,501",colectiva,indice,ipva_indice_colectiva
15,"Coruña, A","15 Coruña, A",2017,Vivienda unifamiliar,Índice,102.326,"102,326",unifamiliar,indice,ipva_indice_unifamiliar
15,"Coruña, A","15 Coruña, A",2018,Total,Variación anual,1.1,"1,1",general,variacion_anual,ipva_variacion_anual_general
15,"Coruña, A","15 Coruña, A",2018,Vivienda colectiva,Variación anual,1.2,"1,2",colectiva,variacion_anual,ipva_variacion_anual_colectiva
15,"Coruña, A","15 Coruña, A",2018,Vivienda unifamiliar,Variación anual,0.3,"0,3",unifamiliar,variacion_anual,ipva_variacion_anual_unifamiliar
15,"Coruña, A","15 Coruña, A",2018,Total,Índice,102.727,"102,727",general,indice,ipva_indice_general
15,"Coruña, A","15 Coruña, A",2018,Vivienda colectiva,Índice,102.738,"102,738",colectiva,indice,ipva_indice_colectiva
15,"Coruña, A","15 Coruña, A",2018,Vivienda unifamiliar,Índice,102.62,"102,620",unifamiliar,indice,ipva_indice_unifamiliar
15,"Coruña, A","15 Coruña, A",2019,Total,Variación anual,2.7,"2,7",general,variacion_anual,ipva_variacion_anual_general
15,"Coruña, A","15 Coruña, A",2019,Vivienda colectiva,Variación anual,2.8,"2,8",colectiva,variacion_anual,ipva_variacion_anual_colectiva
15,"Coruña, A","15 Coruña, A",2019,Vivienda unifamiliar,Variación anual,0.9,"0,9",unifamiliar,variacion_anual,ipva_variacion_anual_unifamiliar
15,"Coruña, A","15 Coruña, A",2019,Total,Índice,105.478,"105,478",general,indice,ipva_indice_general
15,"Coruña, A","15 Coruña, A",2019,Vivienda colectiva,Índice,105.634,"105,634",colectiva,indice,ipva_indice_colectiva
15,"Coruña, A","15 Coruña, A",2019,Vivienda unifamiliar,Índice,103.567,"103,567",unifamiliar,indice,ipva_indice_unifamiliar
15,"Coruña, A","15 Coruña, A",2020,Total,Variación anual,1.2,"1,2",general,variacion_anual,ipva_variacion_anual_general
15,"Coruña, A","15 Coruña, A",2020,Vivienda colectiva,Variación anual,1.2,"1,2",colectiva,variacion_anual,ipva_variacion_anual_colectiva
15,"Coruña, A","15 Coruña, A",2020,Vivienda unifamiliar,Variación anual,1.1,"1,1",unifamiliar,variacion_anual,ipva_variacion_anual_unifamiliar
15,"Coruña, A","15 Coruña, A",2020,Total,Índice,106.754,"106,754",general,indice,ipva_indice_general
15,"Coruña, A","15 Coruña, A",2020,Vivienda colectiva,Índice,106.921,"106,921",colectiva,indice,ipva_indice_colectiva
15,"Coruña, A","15 Coruña, A",2020,Vivienda unifamiliar,Índice,104.707,"104,707",unifamiliar,indice,ipva_indice_unifamiliar
15,"Coruña, A","15 Coruña, A",2021,Total,Variación anual,1.9,"1,9",general,variacion_anual,ipva_variacion_anual_general
15,"Coruña, A","15 Coruña, A",2021,Vivienda colectiva,Variación anual,2.0,"2,0",colectiva,variacion_anual,ipva_variacion_anual_colectiva
15,"Coruña, A","15 Coruña, A",2021,Vivienda unifamiliar,Variación anual,1.4,"1,4",unifamiliar,variacion_anual,ipva_variacion_anual_unifamiliar
15,"Coruña, A","15 Coruña, A",2021,Total,Índice,108.809,"108,809",general,indice,ipva_indice_general
15,"Coruña, A","15 Coruña, A",2021,Vivienda colectiva,Índice,109.029,"109,029",colectiva,indice,ipva_indice_colectiva
15,"Coruña, A","15 Coruña, A",2021,Vivienda unifamiliar,Índice,106.175,"106,175",unifamiliar,indice,ipva_indice_unifamiliar
15,"Coruña, A","15 Coruña, A",2022,Total,Variación anual,2.6,"2,6",general,variacion_anual,ipva_variacion_anual_general
15,"Coruña, A","15 Coruña, A",2022,Vivienda colectiva,Variación anual,2.6,"2,6",colectiva,variacion_anual,ipva_variacion_anual_colectiva
15,"Coruña, A","15 Coruña, A",2022,Vivienda unifamiliar,Variación anual,2.5,"2,5",unifamiliar,variacion_anual,ipva_variacion_anual_unifamiliar
15,"Coruña, A","15 Coruña, A",2022,Total,Índice,111.594,"111,594",general,indice,ipva_indice_general
15,"Coruña, A","15 Coruña, A",2022,Vivienda colectiva,Índice,111.822,"111,822",colectiva,indice,ipva_indice_colectiva
15,"Coruña, A","15 Coruña, A",2022,Vivienda unifamiliar,Índice,108.867,"108,867",unifamiliar,indice,ipva_indice_unifamiliar
15,"Coruña, A","15 Coruña, A",2023,Total,Variación anual,2.6,"2,6",general,variacion_anual,ipva_variacion_anual_general
15,"Coruña, A","15 Coruña, A",2023,Vivienda colectiva,Variación anual,2.6,"2,6",colectiva,variacion_anual,ipva_variacion_anual_colectiva
15,"Coruña, A","15 Coruña, A",2023,Vivienda unifamiliar,Variación anual,1.5,"1,5",unifamiliar,variacion_anual,ipva_variacion_anual_unifamiliar
15,"Coruña, A","15 Coruña, A",2023,Total,Índice,114.443,"114,443",general,indice,ipva_indice_general
15,"Coruña, A","15 Coruña, A",2023,Vivienda colectiva,Índice,114.782,"114,782",colectiva,indice,ipva_indice_colectiva
15,"Coruña, A","15 Coruña, A",2023,Vivienda unifamiliar,Índice,110.476,"110,476",unifamiliar,indice,ipva_indice_unifamiliar
15,"Coruña, A","15 Coruña, A",2024,Total,Variación anual,3.7,"3,7",general,variacion_anual,ipva_variacion_anual_general
15,"Coruña, A","15 Coruña, A",2024,Vivienda colectiva,Variación anual,3.8,"3,8",colectiva,variacion_anual,ipva_variacion_anual_colectiva
15,"Coruña, A","15 Coruña, A",2024,Vivienda unifamiliar,Variación anual,2.9,"2,9",unifamiliar,variacion_anual,ipva_variacion_anual_unifamiliar
15,"Coruña, A","15 Coruña, A",2024,Total,Índice,118.719,"118,719",general,indice,ipva_indice_general
15,"Coruña, A","15 Coruña, A",2024,Vivienda colectiva,Índice,119.159,"119,159",colectiva,indice,ipva_indice_colectiva
15,"Coruña, A","15 Coruña, A",2024,Vivienda unifamiliar,Índice,113.628,"113,628",unifamiliar,indice,ipva_indice_unifamiliar
16,Cuenca,16 Cuenca,2015,Total,Variación anual,-1.7,"-1,7",general,variacion_anual,ipva_variacion_anual_general
16,Cuenca,16 Cuenca,2015,Vivienda colectiva,Variación anual,-1.9,"-1,9",colectiva,variacion_anual,ipva_variacion_anual_colectiva
16,Cuenca,16 Cuenca,2015,Vivienda unifamiliar,Variación anual,-0.9,"-0,9",unifamiliar,variacion_anual,ipva_variacion_anual_unifamiliar
16,Cuenca,16 Cuenca,2015,Total,Índice,100.0,"100,000",general,indice,ipva_indice_general
16,Cuenca,16 Cuenca,2015,Vivienda colectiva,Índice,100.0,"100,000",colectiva,indice,ipva_indice_colectiva
16,Cuenca,16 Cuenca,2015,Vivienda unifamiliar,Índice,100.0,"100,000",unifamiliar,indice,ipva_indice_unifamiliar
16,Cuenca,16 Cuenca,2016,Total,Variación anual,1.7,"1,7",general,variacion_anual,ipva_variacion_anual_general
16,Cuenca,16 Cuenca,2016,Vivienda colectiva,Variación anual,1.9,"1,9",colectiva,variacion_anual,ipva_variacion_anual_colectiva
16,Cuenca,16 Cuenca,2016,Vivienda unifamiliar,Variación anual,0.3,"0,3",unifamiliar,variacion_anual,ipva_variacion_anual_unifamiliar
16,Cuenca,16 Cuenca,2016,Total,Índice,101.679,"101,679",general,indice,ipva_indice_general
16,Cuenca,16 Cuenca,2016,Vivienda colectiva,Índice,101.948,"101,948",colectiva,indice,ipva_indice_colectiva
16,Cuenca,16 Cuenca,2016,Vivienda unifamiliar,Índice,100.277,"100,277",unifamiliar,indice,ipva_indice_unifamiliar
16,Cuenca,16 Cuenca,2017,Total,Variación anual,0.7,"0,7",general,variacion_anual,ipva_variacion_anual_general
16,Cuenca,16 Cuenca,2017,Vivienda colectiva,Variación anual,0.5,"0,5",colectiva,variacion_anual,ipva_variacion_anual_colectiva
16,Cuenca,16 Cuenca,2017,Vivienda unifamiliar,Variación anual,1.4,"1,4",unifamiliar,variacion_anual,ipva_variacion_anual_unifamiliar
16,Cuenca,16 Cuenca,2017,Total,Índice,102.355,"102,355",general,indice,ipva_indice_general
16,Cuenca,16 Cuenca,2017,Vivienda colectiva,Índice,102.475,"102,475",colectiva,indice,ipva_indice_colectiva
16,Cuenca,16 Cuenca,2017,Vivienda unifamiliar,Índice,101.666,"101,666",unifamiliar,indice,ipva_indice_unifamiliar
16,Cuenca,16 Cuenca,2018,Total,Variación anual,1.8,"1,8",general,variacion_anual,ipva_variacion_anual_general
16,Cuenca,16 Cuenca,2018,Vivienda colectiva,Variación anual,2.2,"2,2",colectiva,variacion_anual,ipva_variacion_anual_colectiva
16,Cuenca,16 Cuenca,2018,Vivienda unifamiliar,Variación anual,0.3,"0,3",unifamiliar,variacion_anual,ipva_variacion_anual_unifamiliar
16,Cuenca,16 Cuenca,2018,Total,Índice,104.242,"104,242",general,indice,ipva_indice_general
16,Cuenca,16 Cuenca,2018,Vivienda colectiva,Índice,104.685,"104,685",colectiva,indice,ipva_indice_colectiva
16,Cuenca,16 Cuenca,2018,Vivienda unifamiliar,Índice,101.969,"101,969",unifamiliar,indice,ipva_indice_unifamiliar
16,Cuenca,16 Cuenca,2019,Total,Variación anual,2.4,"2,4",general,variacion_anual,ipva_variacion_anual_general
16,Cuenca,16 Cuenca,2019,Vivienda colectiva,Variación anual,2.7,"2,7",colectiva,variacion_anual,ipva_variacion_anual_colectiva
16,Cuenca,16 Cuenca,2019,Vivienda unifamiliar,Variación anual,1.1,"1,1",unifamiliar,variacion_anual,ipva_variacion_anual_unifamiliar
16,Cuenca,16 Cuenca,2019,Total,Índice,106.78,"106,780",general,indice,ipva_indice_general
16,Cuenca,16 Cuenca,2019,Vivienda colectiva,Índice,107.53,"107,530",colectiva,indice,ipva_indice_colectiva
16,Cuenca,16 Cuenca,2019,Vivienda unifamiliar,Índice,103.055,"103,055",unifamiliar,indice,ipva_indice_unifamiliar
16,Cuenca,16 Cuenca,2020,Total,Variación anual,1.0,"1,0",general,variacion_anual,ipva_variacion_anual_general
16,Cuenca,16 Cuenca,2020,Vivienda colectiva,Variación anual,0.9,"0,9",colectiva,variacion_anual,ipva_variacion_anual_colectiva
16,Cuenca,16 Cuenca,2020,Vivienda unifamiliar,Variación anual,1.2,"1,2",unifamiliar,variacion_anual,ipva_variacion_anual_unifamiliar
16,Cuenca,16 Cuenca,2020,Total,Índice,107.837,"107,837",general,indice,ipva_indice_general
16,Cuenca,16 Cuenca,2020,Vivienda colectiva,Índice,108.545,"108,545",colectiva,indice,ipva_indice_colectiva
16,Cuenca,16 Cuenca,2020,Vivienda unifamiliar,Índice,104.296,"104,296",unifamiliar,indice,ipva_indice_unifamiliar
16,Cuenca,16 Cuenca,2021,Total,Variación anual,2.8,"2,8",general,variacion_anual,ipva_variacion_anual_general
16,Cuenca,16 Cuenca,2021,Vivienda colectiva,Variación anual,2.9,"2,9",colectiva,variacion_anual,ipva_variacion_anual_colectiva
16,Cuenca,16 Cuenca,2021,Vivienda unifamiliar,Variación anual,2.2,"2,2",unifamiliar,variacion_anual,ipva_variacion_anual_unifamiliar
16,Cuenca,16 Cuenca,2021,Total,Índice,110.829,"110,829",general,indice,ipva_indice_general
16,Cuenca,16 Cuenca,2021,Vivienda colectiva,Índice,111.702,"111,702",colectiva,indice,ipva_indice_colectiva
16,Cuenca,16 Cuenca,2021,Vivienda unifamiliar,Índice,106.625,"106,625",unifamiliar,indice,ipva_indice_unifamiliar
16,Cuenca,16 Cuenca,2022,Total,Variación anual,3.2,"3,2",general,variacion_anual,ipva_variacion_anual_general
16,Cuenca,16 Cuenca,2022,Vivienda colectiva,Variación anual,3.2,"3,2",colectiva,variacion_anual,ipva_variacion_anual_colectiva
16,Cuenca,16 Cuenca,2022,Vivienda unifamiliar,Variación anual,2.8,"2,8",unifamiliar,variacion_anual,ipva_variacion_anual_unifamiliar
16,Cuenca,16 Cuenca,2022,Total,Índice,114.335,"114,335",general,indice,ipva_indice_general
16,Cuenca,16 Cuenca,2022,Vivienda colectiva,Índice,115.325,"115,325",colectiva,indice,ipva_indice_colectiva
16,Cuenca,16 Cuenca,2022,Vivienda unifamiliar,Índice,109.662,"109,662",unifamiliar,indice,ipva_indice_unifamiliar
16,Cuenca,16 Cuenca,2023,Total,Variación anual,3.0,"3,0",general,variacion_anual,ipva_variacion_anual_general
16,Cuenca,16 Cuenca,2023,Vivienda colectiva,Variación anual,3.2,"3,2",colectiva,variacion_anual,ipva_variacion_anual_colectiva
16,Cuenca,16 Cuenca,2023,Vivienda unifamiliar,Variación anual,2.1,"2,1",unifamiliar,variacion_anual,ipva_variacion_anual_unifamiliar
16,Cuenca,16 Cuenca,2023,Total,Índice,117.754,"117,754",general,indice,ipva_indice_general
16,Cuenca,16 Cuenca,2023,Vivienda colectiva,Índice,119.041,"119,041",colectiva,indice,ipva_indice_colectiva
16,Cuenca,16 Cuenca,2023,Vivienda unifamiliar,Índice,111.983,"111,983",unifamiliar,indice,ipva_indice_unifamiliar
16,Cuenca,16 Cuenca,2024,Total,Variación anual,4.3,"4,3",general,variacion_anual,ipva_variacion_anual_general
16,Cuenca,16 Cuenca,2024,Vivienda colectiva,Variación anual,4.6,"4,6",colectiva,variacion_anual,ipva_variacion_anual_colectiva
16,Cuenca,16 Cuenca,2024,Vivienda unifamiliar,Variación anual,3.2,"3,2",unifamiliar,variacion_anual,ipva_variacion_anual_unifamiliar
16,Cuenca,16 Cuenca,2024,Total,Índice,122.787,"122,787",general,indice,ipva_indice_general
16,Cuenca,16 Cuenca,2024,Vivienda colectiva,Índice,124.48,"124,480",colectiva,indice,ipva_indice_colectiva
16,Cuenca,16 Cuenca,2024,Vivienda unifamiliar,Índice,115.523,"115,523",unifamiliar,indice,ipva_indice_unifamiliar
17,Girona,17 Girona,2015,Total,Variación anual,0.3,"0,3",general,variacion_anual,ipva_variacion_anual_general
17,Girona,17 Girona,2015,Vivienda colectiva,Variación anual,0.1,"0,1",colectiva,variacion_anual,ipva_variacion_anual_colectiva
17,Girona,17 Girona,2015,Vivienda unifamiliar,Variación anual,0.9,"0,9",unifamiliar,variacion_anual,ipva_variacion_anual_unifamiliar
17,Girona,17 Girona,2015,Total,Índice,100.0,"100,000",general,indice,ipva_indice_general
17,Girona,17 Girona,2015,Vivienda colectiva,Índice,100.0,"100,000",colectiva,indice,ipva_indice_colectiva
17,Girona,17 Girona,2015,Vivienda unifamiliar,Índice,100.0,"100,000",unifamiliar,indice,ipva_indice_unifamiliar
17,Girona,17 Girona,2016,Total,Variación anual,1.3,"1,3",general,variacion_anual,ipva_variacion_anual_general
17,Girona,17 Girona,2016,Vivienda colectiva,Variación anual,1.3,"1,3",colectiva,variacion_anual,ipva_variacion_anual_colectiva
17,Girona,17 Girona,2016,Vivienda unifamiliar,Variación anual,1.4,"1,4",unifamiliar,variacion_anual,ipva_variacion_anual_unifamiliar
17,Girona,17 Girona,2016,Total,Índice,101.333,"101,333",general,indice,ipva_indice_general
17,Girona,17 Girona,2016,Vivienda colectiva,Índice,101.306,"101,306",colectiva,indice,ipva_indice_colectiva
17,Girona,17 Girona,2016,Vivienda unifamiliar,Índice,101.411,"101,411",unifamiliar,indice,ipva_indice_unifamiliar
17,Girona,17 Girona,2017,Total,Variación anual,1.7,"1,7",general,variacion_anual,ipva_variacion_anual_general
17,Girona,17 Girona,2017,Vivienda colectiva,Variación anual,1.8,"1,8",colectiva,variacion_anual,ipva_variacion_anual_colectiva
17,Girona,17 Girona,2017,Vivienda unifamiliar,Variación anual,1.5,"1,5",unifamiliar,variacion_anual,ipva_variacion_anual_unifamiliar
17,Girona,17 Girona,2017,Total,Índice,103.06,"103,060",general,indice,ipva_indice_general
17,Girona,17 Girona,2017,Vivienda colectiva,Índice,103.1,"103,100",colectiva,indice,ipva_indice_colectiva
17,Girona,17 Girona,2017,Vivienda unifamiliar,Índice,102.946,"102,946",unifamiliar,indice,ipva_indice_unifamiliar
17,Girona,17 Girona,2018,Total,Variación anual,2.4,"2,4",general,variacion_anual,ipva_variacion_anual_general
17,Girona,17 Girona,2018,Vivienda colectiva,Variación anual,2.6,"2,6",colectiva,variacion_anual,ipva_variacion_anual_colectiva
17,Girona,17 Girona,2018,Vivienda unifamiliar,Variación anual,1.7,"1,7",unifamiliar,variacion_anual,ipva_variacion_anual_unifamiliar
17,Girona,17 Girona,2018,Total,Índice,105.491,"105,491",general,indice,ipva_indice_general
17,Girona,17 Girona,2018,Vivienda colectiva,Índice,105.747,"105,747",colectiva,indice,ipva_indice_colectiva
17,Girona,17 Girona,2018,Vivienda unifamiliar,Índice,104.735,"104,735",unifamiliar,indice,ipva_indice_unifamiliar
17,Girona,17 Girona,2019,Total,Variación anual,2.5,"2,5",general,variacion_anual,ipva_variacion_anual_general
17,Girona,17 Girona,2019,Vivienda colectiva,Variación anual,3.2,"3,2",colectiva,variacion_anual,ipva_variacion_anual_colectiva
17,Girona,17 Girona,2019,Vivienda unifamiliar,Variación anual,0.4,"0,4",unifamiliar,variacion_anual,ipva_variacion_anual_unifamiliar
17,Girona,17 Girona,2019,Total,Índice,108.136,"108,136",general,indice,ipva_indice_general
17,Girona,17 Girona,2019,Vivienda colectiva,Índice,109.137,"109,137",colectiva,indice,ipva_indice_colectiva
17,Girona,17 Girona,2019,Vivienda unifamiliar,Índice,105.115,"105,115",unifamiliar,indice,ipva_indice_unifamiliar
17,Girona,17 Girona,2020,Total,Variación anual,1.1,"1,1",general,variacion_anual,ipva_variacion_anual_general
17,Girona,17 Girona,2020,Vivienda colectiva,Variación anual,1.3,"1,3",colectiva,variacion_anual,ipva_variacion_anual_colectiva
17,Girona,17 Girona,2020,Vivienda unifamiliar,Variación anual,0.7,"0,7",unifamiliar,variacion_anual,ipva_variacion_anual_unifamiliar
17,Girona,17 Girona,2020,Total,Índice,109.362,"109,362",general,indice,ipva_indice_general
17,Girona,17 Girona,2020,Vivienda colectiva,Índice,110.525,"110,525",colectiva,indice,ipva_indice_colectiva
17,Girona,17 Girona,2020,Vivienda unifamiliar,Índice,105.835,"105,835",unifamiliar,indice,ipva_indice_unifamiliar
17,Girona,17 Girona,2021,Total,Variación anual,2.0,"2,0",general,variacion_anual,ipva_variacion_anual_general
17,Girona,17 Girona,2021,Vivienda colectiva,Variación anual,1.9,"1,9",colectiva,variacion_anual,ipva_variacion_anual_colectiva
17,Girona,17 Girona,2021,Vivienda unifamiliar,Variación anual,2.4,"2,4",unifamiliar,variacion_anual,ipva_variacion_anual_unifamiliar
17,Girona,17 Girona,2021,Total,Índice,111.596,"111,596",general,indice,ipva_indice_general
17,Girona,17 Girona,2021,Vivienda colectiva,Índice,112.647,"112,647",colectiva,indice,ipva_indice_colectiva
17,Girona,17 Girona,2021,Vivienda unifamiliar,Índice,108.405,"108,405",unifamiliar,indice,ipva_indice_unifamiliar
17,Girona,17 Girona,2022,Total,Variación anual,2.6,"2,6",general,variacion_anual,ipva_variacion_anual_general
17,Girona,17 Girona,2022,Vivienda colectiva,Variación anual,2.7,"2,7",colectiva,variacion_anual,ipva_variacion_anual_colectiva
17,Girona,17 Girona,2022,Vivienda unifamiliar,Variación anual,2.4,"2,4",unifamiliar,variacion_anual,ipva_variacion_anual_unifamiliar
17,Girona,17 Girona,2022,Total,Índice,114.544,"114,544",general,indice,ipva_indice_general
17,Girona,17 Girona,2022,Vivienda colectiva,Índice,115.704,"115,704",colectiva,indice,ipva_indice_colectiva
17,Girona,17 Girona,2022,Vivienda unifamiliar,Índice,111.021,"111,021",unifamiliar,indice,ipva_indice_unifamiliar
17,Girona,17 Girona,2023,Total,Variación anual,2.6,"2,6",general,variacion_anual,ipva_variacion_anual_general
17,Girona,17 Girona,2023,Vivienda colectiva,Variación anual,2.7,"2,7",colectiva,variacion_anual,ipva_variacion_anual_colectiva
17,Girona,17 Girona,2023,Vivienda unifamiliar,Variación anual,2.1,"2,1",unifamiliar,variacion_anual,ipva_variacion_anual_unifamiliar
17,Girona,17 Girona,2023,Total,Índice,117.483,"117,483",general,indice,ipva_indice_general
17,Girona,17 Girona,2023,Vivienda colectiva,Índice,118.848,"118,848",colectiva,indice,ipva_indice_colectiva
17,Girona,17 Girona,2023,Vivienda unifamiliar,Índice,113.298,"113,298",unifamiliar,indice,ipva_indice_unifamiliar
17,Girona,17 Girona,2024,Total,Variación anual,3.1,"3,1",general,variacion_anual,ipva_variacion_anual_general
17,Girona,17 Girona,2024,Vivienda colectiva,Variación anual,3.3,"3,3",colectiva,variacion_anual,ipva_variacion_anual_colectiva
17,Girona,17 Girona,2024,Vivienda unifamiliar,Variación anual,2.5,"2,5",unifamiliar,variacion_anual,ipva_variacion_anual_unifamiliar
17,Girona,17 Girona,2024,Total,Índice,121.175,"121,175",general,indice,ipva_indice_general
17,Girona,17 Girona,2024,Vivienda colectiva,Índice,122.809,"122,809",colectiva,indice,ipva_indice_colectiva
17,Girona,17 Girona,2024,Vivienda unifamiliar,Índice,116.126,"116,126",unifamiliar,indice,ipva_indice_unifamiliar
18,Granada,18 Granada,2015,Total,Variación anual,-0.3,"-0,3",general,variacion_anual,ipva_variacion_anual_general
18,Granada,18 Granada,2015,Vivienda colectiva,Variación anual,-0.3,"-0,3",colectiva,variacion_anual,ipva_variacion_anual_colectiva
18,Granada,18 Granada,2015,Vivienda unifamiliar,Variación anual,-0.4,"-0,4",unifamiliar,variacion_anual,ipva_variacion_anual_unifamiliar
18,Granada,18 Granada,2015,Total,Índice,100.0,"100,000",general,indice,ipva_indice_general
18,Granada,18 Granada,2015,Vivienda colectiva,Índice,100.0,"100,000",colectiva,indice,ipva_indice_colectiva
18,Granada,18 Granada,2015,Vivienda unifamiliar,Índice,100.0,"100,000",unifamiliar,indice,ipva_indice_unifamiliar
18,Granada,18 Granada,2016,Total,Variación anual,1.6,"1,6",general,variacion_anual,ipva_variacion_anual_general
18,Granada,18 Granada,2016,Vivienda colectiva,Variación anual,1.6,"1,6",colectiva,variacion_anual,ipva_variacion_anual_colectiva
18,Granada,18 Granada,2016,Vivienda unifamiliar,Variación anual,1.7,"1,7",unifamiliar,variacion_anual,ipva_variacion_anual_unifamiliar
18,Granada,18 Granada,2016,Total,Índice,101.598,"101,598",general,indice,ipva_indice_general
18,Granada,18 Granada,2016,Vivienda colectiva,Índice,101.587,"101,587",colectiva,indice,ipva_indice_colectiva
18,Granada,18 Granada,2016,Vivienda unifamiliar,Índice,101.658,"101,658",unifamiliar,indice,ipva_indice_unifamiliar
18,Granada,18 Granada,2017,Total,Variación anual,1.2,"1,2",general,variacion_anual,ipva_variacion_anual_general
18,Granada,18 Granada,2017,Vivienda colectiva,Variación anual,1.2,"1,2",colectiva,variacion_anual,ipva_variacion_anual_colectiva
18,Granada,18 Granada,2017,Vivienda unifamiliar,Variación anual,1.2,"1,2",unifamiliar,variacion_anual,ipva_variacion_anual_unifamiliar
18,Granada,18 Granada,2017,Total,Índice,102.815,"102,815",general,indice,ipva_indice_general
18,Granada,18 Granada,2017,Vivienda colectiva,Índice,102.811,"102,811",colectiva,indice,ipva_indice_colectiva
18,Granada,18 Granada,2017,Vivienda unifamiliar,Índice,102.836,"102,836",unifamiliar,indice,ipva_indice_unifamiliar
18,Granada,18 Granada,2018,Total,Variación anual,2.2,"2,2",general,variacion_anual,ipva_variacion_anual_general
18,Granada,18 Granada,2018,Vivienda colectiva,Variación anual,2.3,"2,3",colectiva,variacion_anual,ipva_variacion_anual_colectiva
18,Granada,18 Granada,2018,Vivienda unifamiliar,Variación anual,1.3,"1,3",unifamiliar,variacion_anual,ipva_variacion_anual_unifamiliar
18,Granada,18 Granada,2018,Total,Índice,105.039,"105,039",general,indice,ipva_indice_general
18,Granada,18 Granada,2018,Vivienda colectiva,Índice,105.186,"105,186",colectiva,indice,ipva_indice_colectiva
18,Granada,18 Granada,2018,Vivienda unifamiliar,Índice,104.207,"104,207",unifamiliar,indice,ipva_indice_unifamiliar
18,Granada,18 Granada,2019,Total,Variación anual,3.2,"3,2",general,variacion_anual,ipva_variacion_anual_general
18,Granada,18 Granada,2019,Vivienda colectiva,Variación anual,3.6,"3,6",colectiva,variacion_anual,ipva_variacion_anual_colectiva
18,Granada,18 Granada,2019,Vivienda unifamiliar,Variación anual,1.4,"1,4",unifamiliar,variacion_anual,ipva_variacion_anual_unifamiliar
18,Granada,18 Granada,2019,Total,Índice,108.443,"108,443",general,indice,ipva_indice_general
18,Granada,18 Granada,2019,Vivienda colectiva,Índice,108.946,"108,946",colectiva,indice,ipva_indice_colectiva
18,Granada,18 Granada,2019,Vivienda unifamiliar,Índice,105.645,"105,645",unifamiliar,indice,ipva_indice_unifamiliar
18,Granada,18 Granada,2020,Total,Variación anual,0.5,"0,5",general,variacion_anual,ipva_variacion_anual_general
18,Granada,18 Granada,2020,Vivienda colectiva,Variación anual,0.5,"0,5",colectiva,variacion_anual,ipva_variacion_anual_colectiva
18,Granada,18 Granada,2020,Vivienda unifamiliar,Variación anual,0.8,"0,8",unifamiliar,variacion_anual,ipva_variacion_anual_unifamiliar
18,Granada,18 Granada,2020,Total,Índice,108.989,"108,989",general,indice,ipva_indice_general
18,Granada,18 Granada,2020,Vivienda colectiva,Índice,109.446,"109,446",colectiva,indice,ipva_indice_colectiva
18,Granada,18 Granada,2020,Vivienda unifamiliar,Índice,106.443,"106,443",unifamiliar,indice,ipva_indice_unifamiliar
18,Granada,18 Granada,2021,Total,Variación anual,2.9,"2,9",general,variacion_anual,ipva_variacion_anual_general
18,Granada,18 Granada,2021,Vivienda colectiva,Variación anual,2.9,"2,9",colectiva,variacion_anual,ipva_variacion_anual_colectiva
18,Granada,18 Granada,2021,Vivienda unifamiliar,Variación anual,2.5,"2,5",unifamiliar,variacion_anual,ipva_variacion_anual_unifamiliar
18,Granada,18 Granada,2021,Total,Índice,112.098,"112,098",general,indice,ipva_indice_general
18,Granada,18 Granada,2021,Vivienda colectiva,Índice,112.631,"112,631",colectiva,indice,ipva_indice_colectiva
18,Granada,18 Granada,2021,Vivienda unifamiliar,Índice,109.149,"109,149",unifamiliar,indice,ipva_indice_unifamiliar
18,Granada,18 Granada,2022,Total,Variación anual,2.9,"2,9",general,variacion_anual,ipva_variacion_anual_general
18,Granada,18 Granada,2022,Vivienda colectiva,Variación anual,3.0,"3,0",colectiva,variacion_anual,ipva_variacion_anual_colectiva
18,Granada,18 Granada,2022,Vivienda unifamiliar,Variación anual,2.1,"2,1",unifamiliar,variacion_anual,ipva_variacion_anual_unifamiliar
18,Granada,18 Granada,2022,Total,Índice,115.335,"115,335",general,indice,ipva_indice_general
18,Granada,18 Granada,2022,Vivienda colectiva,Índice,116.04,"116,040",colectiva,indice,ipva_indice_colectiva
18,Granada,18 Granada,2022,Vivienda unifamiliar,Índice,111.47,"111,470",unifamiliar,indice,ipva_indice_unifamiliar
18,Granada,18 Granada,2023,Total,Variación anual,2.9,"2,9",general,variacion_anual,ipva_variacion_anual_general
18,Granada,18 Granada,2023,Vivienda colectiva,Variación anual,3.0,"3,0",colectiva,variacion_anual,ipva_variacion_anual_colectiva
18,Granada,18 Granada,2023,Vivienda unifamiliar,Variación anual,2.2,"2,2",unifamiliar,variacion_anual,ipva_variacion_anual_unifamiliar
18,Granada,18 Granada,2023,Total,Índice,118.667,"118,667",general,indice,ipva_indice_general
18,Granada,18 Granada,2023,Vivienda colectiva,Índice,119.545,"119,545",colectiva,indice,ipva_indice_colectiva
18,Granada,18 Granada,2023,Vivienda unifamiliar,Índice,113.879,"113,879",unifamiliar,indice,ipva_indice_unifamiliar
18,Granada,18 Granada,2024,Total,Variación anual,4.0,"4,0",general,variacion_anual,ipva_variacion_anual_general
18,Granada,18 Granada,2024,Vivienda colectiva,Variación anual,4.1,"4,1",colectiva,variacion_anual,ipva_variacion_anual_colectiva
18,Granada,18 Granada,2024,Vivienda unifamiliar,Variación anual,3.5,"3,5",unifamiliar,variacion_anual,ipva_variacion_anual_unifamiliar
18,Granada,18 Granada,2024,Total,Índice,123.392,"123,392",general,indice,ipva_indice_general
18,Granada,18 Granada,2024,Vivienda colectiva,Índice,124.404,"124,404",colectiva,indice,ipva_indice_colectiva
18,Granada,18 Granada,2024,Vivienda unifamiliar,Índice,117.869,"117,869",unifamiliar,indice,ipva_indice_unifamiliar
19,Guadalajara,19 Guadalajara,2015,Total,Variación anual,-0.5,"-0,5",general,variacion_anual,ipva_variacion_anual_general
19,Guadalajara,19 Guadalajara,2015,Vivienda colectiva,Variación anual,-0.6,"-0,6",colectiva,variacion_anual,ipva_variacion_anual_colectiva
19,Guadalajara,19 Guadalajara,2015,Vivienda unifamiliar,Variación anual,0.0,"0,0",unifamiliar,variacion_anual,ipva_variacion_anual_unifamiliar
19,Guadalajara,19 Guadalajara,2015,Total,Índice,100.0,"100,000",general,indice,ipva_indice_general
19,Guadalajara,19 Guadalajara,2015,Vivienda colectiva,Índice,100.0,"100,000",colectiva,indice,ipva_indice_colectiva
19,Guadalajara,19 Guadalajara,2015,Vivienda unifamiliar,Índice,100.0,"100,000",unifamiliar,indice,ipva_indice_unifamiliar
19,Guadalajara,19 Guadalajara,2016,Total,Variación anual,1.5,"1,5",general,variacion_anual,ipva_variacion_anual_general
19,Guadalajara,19 Guadalajara,2016,Vivienda colectiva,Variación anual,1.4,"1,4",colectiva,variacion_anual,ipva_variacion_anual_colectiva
19,Guadalajara,19 Guadalajara,2016,Vivienda unifamiliar,Variación anual,1.7,"1,7",unifamiliar,variacion_anual,ipva_variacion_anual_unifamiliar
19,Guadalajara,19 Guadalajara,2016,Total,Índice,101.472,"101,472",general,indice,ipva_indice_general
19,Guadalajara,19 Guadalajara,2016,Vivienda colectiva,Índice,101.392,"101,392",colectiva,indice,ipva_indice_colectiva
19,Guadalajara,19 Guadalajara,2016,Vivienda unifamiliar,Índice,101.718,"101,718",unifamiliar,indice,ipva_indice_unifamiliar
19,Guadalajara,19 Guadalajara,2017,Total,Variación anual,1.9,"1,9",general,variacion_anual,ipva_variacion_anual_general
19,Guadalajara,19 Guadalajara,2017,Vivienda colectiva,Variación anual,2.0,"2,0",colectiva,variacion_anual,ipva_variacion_anual_colectiva
19,Guadalajara,19 Guadalajara,2017,Vivienda unifamiliar,Variación anual,1.6,"1,6",unifamiliar,variacion_anual,ipva_variacion_anual_unifamiliar
19,Guadalajara,19 Guadalajara,2017,Total,Índice,103.37,"103,370",general,indice,ipva_indice_general
19,Guadalajara,19 Guadalajara,2017,Vivienda colectiva,Índice,103.394,"103,394",colectiva,indice,ipva_indice_colectiva
19,Guadalajara,19 Guadalajara,2017,Vivienda unifamiliar,Índice,103.306,"103,306",unifamiliar,indice,ipva_indice_unifamiliar
19,Guadalajara,19 Guadalajara,2018,Total,Variación anual,2.3,"2,3",general,variacion_anual,ipva_variacion_anual_general
19,Guadalajara,19 Guadalajara,2018,Vivienda colectiva,Variación anual,2.4,"2,4",colectiva,variacion_anual,ipva_variacion_anual_colectiva
19,Guadalajara,19 Guadalajara,2018,Vivienda unifamiliar,Variación anual,1.8,"1,8",unifamiliar,variacion_anual,ipva_variacion_anual_unifamiliar
19,Guadalajara,19 Guadalajara,2018,Total,Índice,105.697,"105,697",general,indice,ipva_indice_general
19,Guadalajara,19 Guadalajara,2018,Vivienda colectiva,Índice,105.889,"105,889",colectiva,indice,ipva_indice_colectiva
19,Guadalajara,19 Guadalajara,2018,Vivienda unifamiliar,Índice,105.129,"105,129",unifamiliar,indice,ipva_indice_unifamiliar
19,Guadalajara,19 Guadalajara,2019,Total,Variación anual,4.0,"4,0",general,variacion_anual,ipva_variacion_anual_general
19,Guadalajara,19 Guadalajara,2019,Vivienda colectiva,Variación anual,4.3,"4,3",colectiva,variacion_anual,ipva_variacion_anual_colectiva
19,Guadalajara,19 Guadalajara,2019,Vivienda unifamiliar,Variación anual,2.9,"2,9",unifamiliar,variacion_anual,ipva_variacion_anual_unifamiliar
19,Guadalajara,19 Guadalajara,2019,Total,Índice,109.901,"109,901",general,indice,ipva_indice_general
19,Guadalajara,19 Guadalajara,2019,Vivienda colectiva,Índice,110.462,"110,462",colectiva,indice,ipva_indice_colectiva
19,Guadalajara,19 Guadalajara,2019,Vivienda unifamiliar,Índice,108.202,"108,202",unifamiliar,indice,ipva_indice_unifamiliar
19,Guadalajara,19 Guadalajara,2020,Total,Variación anual,1.9,"1,9",general,variacion_anual,ipva_variacion_anual_general
19,Guadalajara,19 Guadalajara,2020,Vivienda colectiva,Variación anual,2.1,"2,1",colectiva,variacion_anual,ipva_variacion_anual_colectiva
19,Guadalajara,19 Guadalajara,2020,Vivienda unifamiliar,Variación anual,1.1,"1,1",unifamiliar,variacion_anual,ipva_variacion_anual_unifamiliar
19,Guadalajara,19 Guadalajara,2020,Total,Índice,111.974,"111,974",general,indice,ipva_indice_general
19,Guadalajara,19 Guadalajara,2020,Vivienda colectiva,Índice,112.824,"112,824",colectiva,indice,ipva_indice_colectiva
19,Guadalajara,19 Guadalajara,2020,Vivienda unifamiliar,Índice,109.41,"109,410",unifamiliar,indice,ipva_indice_unifamiliar
19,Guadalajara,19 Guadalajara,2021,Total,Variación anual,2.4,"2,4",general,variacion_anual,ipva_variacion_anual_general
19,Guadalajara,19 Guadalajara,2021,Vivienda colectiva,Variación anual,2.4,"2,4",colectiva,variacion_anual,ipva_variacion_anual_colectiva
19,Guadalajara,19 Guadalajara,2021,Vivienda unifamiliar,Variación anual,2.3,"2,3",unifamiliar,variacion_anual,ipva_variacion_anual_unifamiliar
19,Guadalajara,19 Guadalajara,2021,Total,Índice,114.673,"114,673",general,indice,ipva_indice_general
19,Guadalajara,19 Guadalajara,2021,Vivienda colectiva,Índice,115.579,"115,579",colectiva,indice,ipva_indice_colectiva
19,Guadalajara,19 Guadalajara,2021,Vivienda unifamiliar,Índice,111.939,"111,939",unifamiliar,indice,ipva_indice_unifamiliar
19,Guadalajara,19 Guadalajara,2022,Total,Variación anual,2.7,"2,7",general,variacion_anual,ipva_variacion_anual_general
19,Guadalajara,19 Guadalajara,2022,Vivienda colectiva,Variación anual,2.9,"2,9",colectiva,variacion_anual,ipva_variacion_anual_colectiva
19,Guadalajara,19 Guadalajara,2022,Vivienda unifamiliar,Variación anual,2.3,"2,3",unifamiliar,variacion_anual,ipva_variacion_anual_unifamiliar
19,Guadalajara,19 Guadalajara,2022,Total,Índice,117.814,"117,814",general,indice,ipva_indice_general
19,Guadalajara,19 Guadalajara,2022,Vivienda colectiva,Índice,118.908,"118,908",colectiva,indice,ipva_indice_colectiva
19,Guadalajara,19 Guadalajara,2022,Vivienda unifamiliar,Índice,114.482,"114,482",unifamiliar,indice,ipva_indice_unifamiliar
19,Guadalajara,19 Guadalajara,2023,Total,Variación anual,2.6,"2,6",general,variacion_anual,ipva_variacion_anual_general
19,Guadalajara,19 Guadalajara,2023,Vivienda colectiva,Variación anual,2.7,"2,7",colectiva,variacion_anual,ipva_variacion_anual_colectiva
19,Guadalajara,19 Guadalajara,2023,Vivienda unifamiliar,Variación anual,2.1,"2,1",unifamiliar,variacion_anual,ipva_variacion_anual_unifamiliar
19,Guadalajara,19 Guadalajara,2023,Total,Índice,120.876,"120,876",general,indice,ipva_indice_general
19,Guadalajara,19 Guadalajara,2023,Vivienda colectiva,Índice,122.173,"122,173",colectiva,indice,ipva_indice_colectiva
19,Guadalajara,19 Guadalajara,2023,Vivienda unifamiliar,Índice,116.883,"116,883",unifamiliar,indice,ipva_indice_unifamiliar
19,Guadalajara,19 Guadalajara,2024,Total,Variación anual,3.8,"3,8",general,variacion_anual,ipva_variacion_anual_general
19,Guadalajara,19 Guadalajara,2024,Vivienda colectiva,Variación anual,3.9,"3,9",colectiva,variacion_anual,ipva_variacion_anual_colectiva
19,Guadalajara,19 Guadalajara,2024,Vivienda unifamiliar,Variación anual,3.3,"3,3",unifamiliar,variacion_anual,ipva_variacion_anual_unifamiliar
19,Guadalajara,19 Guadalajara,2024,Total,Índice,125.41,"125,410",general,indice,ipva_indice_general
19,Guadalajara,19 Guadalajara,2024,Vivienda colectiva,Índice,126.914,"126,914",colectiva,indice,ipva_indice_colectiva
19,Guadalajara,19 Guadalajara,2024,Vivienda unifamiliar,Índice,120.734,"120,734",unifamiliar,indice,ipva_indice_unifamiliar
21,Huelva,21 Huelva,2015,Total,Variación anual,-0.3,"-0,3",general,variacion_anual,ipva_variacion_anual_general
21,Huelva,21 Huelva,2015,Vivienda colectiva,Variación anual,-0.5,"-0,5",colectiva,variacion_anual,ipva_variacion_anual_colectiva
21,Huelva,21 Huelva,2015,Vivienda unifamiliar,Variación anual,0.4,"0,4",unifamiliar,variacion_anual,ipva_variacion_anual_unifamiliar
21,Huelva,21 Huelva,2015,Total,Índice,100.0,"100,000",general,indice,ipva_indice_general
21,Huelva,21 Huelva,2015,Vivienda colectiva,Índice,100.0,"100,000",colectiva,indice,ipva_indice_colectiva
21,Huelva,21 Huelva,2015,Vivienda unifamiliar,Índice,100.0,"100,000",unifamiliar,indice,ipva_indice_unifamiliar
21,Huelva,21 Huelva,2016,Total,Variación anual,1.5,"1,5",general,variacion_anual,ipva_variacion_anual_general
21,Huelva,21 Huelva,2016,Vivienda colectiva,Variación anual,1.5,"1,5",colectiva,variacion_anual,ipva_variacion_anual_colectiva
21,Huelva,21 Huelva,2016,Vivienda unifamiliar,Variación anual,1.5,"1,5",unifamiliar,variacion_anual,ipva_variacion_anual_unifamiliar
21,Huelva,21 Huelva,2016,Total,Índice,101.485,"101,485",general,indice,ipva_indice_general
21,Huelva,21 Huelva,2016,Vivienda colectiva,Índice,101.467,"101,467",colectiva,indice,ipva_indice_colectiva
21,Huelva,21 Huelva,2016,Vivienda unifamiliar,Índice,101.544,"101,544",unifamiliar,indice,ipva_indice_unifamiliar
21,Huelva,21 Huelva,2017,Total,Variación anual,1.1,"1,1",general,variacion_anual,ipva_variacion_anual_general
21,Huelva,21 Huelva,2017,Vivienda colectiva,Variación anual,0.8,"0,8",colectiva,variacion_anual,ipva_variacion_anual_colectiva
21,Huelva,21 Huelva,2017,Vivienda unifamiliar,Variación anual,2.2,"2,2",unifamiliar,variacion_anual,ipva_variacion_anual_unifamiliar
21,Huelva,21 Huelva,2017,Total,Índice,102.642,"102,642",general,indice,ipva_indice_general
21,Huelva,21 Huelva,2017,Vivienda colectiva,Índice,102.297,"102,297",colectiva,indice,ipva_indice_colectiva
21,Huelva,21 Huelva,2017,Vivienda unifamiliar,Índice,103.739,"103,739",unifamiliar,indice,ipva_indice_unifamiliar
21,Huelva,21 Huelva,2018,Total,Variación anual,2.0,"2,0",general,variacion_anual,ipva_variacion_anual_general
21,Huelva,21 Huelva,2018,Vivienda colectiva,Variación anual,2.5,"2,5",colectiva,variacion_anual,ipva_variacion_anual_colectiva
21,Huelva,21 Huelva,2018,Vivienda unifamiliar,Variación anual,0.5,"0,5",unifamiliar,variacion_anual,ipva_variacion_anual_unifamiliar
21,Huelva,21 Huelva,2018,Total,Índice,104.709,"104,709",general,indice,ipva_indice_general
21,Huelva,21 Huelva,2018,Vivienda colectiva,Índice,104.842,"104,842",colectiva,indice,ipva_indice_colectiva
21,Huelva,21 Huelva,2018,Vivienda unifamiliar,Índice,104.288,"104,288",unifamiliar,indice,ipva_indice_unifamiliar
21,Huelva,21 Huelva,2019,Total,Variación anual,2.9,"2,9",general,variacion_anual,ipva_variacion_anual_general
21,Huelva,21 Huelva,2019,Vivienda colectiva,Variación anual,3.4,"3,4",colectiva,variacion_anual,ipva_variacion_anual_colectiva
21,Huelva,21 Huelva,2019,Vivienda unifamiliar,Variación anual,1.3,"1,3",unifamiliar,variacion_anual,ipva_variacion_anual_unifamiliar
21,Huelva,21 Huelva,2019,Total,Índice,107.764,"107,764",general,indice,ipva_indice_general
21,Huelva,21 Huelva,2019,Vivienda colectiva,Índice,108.424,"108,424",colectiva,indice,ipva_indice_colectiva
21,Huelva,21 Huelva,2019,Vivienda unifamiliar,Índice,105.663,"105,663",unifamiliar,indice,ipva_indice_unifamiliar
21,Huelva,21 Huelva,2020,Total,Variación anual,1.0,"1,0",general,variacion_anual,ipva_variacion_anual_general
21,Huelva,21 Huelva,2020,Vivienda colectiva,Variación anual,0.9,"0,9",colectiva,variacion_anual,ipva_variacion_anual_colectiva
21,Huelva,21 Huelva,2020,Vivienda unifamiliar,Variación anual,1.1,"1,1",unifamiliar,variacion_anual,ipva_variacion_anual_unifamiliar
21,Huelva,21 Huelva,2020,Total,Índice,108.816,"108,816",general,indice,ipva_indice_general
21,Huelva,21 Huelva,2020,Vivienda colectiva,Índice,109.431,"109,431",colectiva,indice,ipva_indice_colectiva
21,Huelva,21 Huelva,2020,Vivienda unifamiliar,Índice,106.852,"106,852",unifamiliar,indice,ipva_indice_unifamiliar
21,Huelva,21 Huelva,2021,Total,Variación anual,1.7,"1,7",general,variacion_anual,ipva_variacion_anual_general
21,Huelva,21 Huelva,2021,Vivienda colectiva,Variación anual,1.8,"1,8",colectiva,variacion_anual,ipva_variacion_anual_colectiva
21,Huelva,21 Huelva,2021,Vivienda unifamiliar,Variación anual,1.3,"1,3",unifamiliar,variacion_anual,ipva_variacion_anual_unifamiliar
21,Huelva,21 Huelva,2021,Total,Índice,110.673,"110,673",general,indice,ipva_indice_general
21,Huelva,21 Huelva,2021,Vivienda colectiva,Índice,111.448,"111,448",colectiva,indice,ipva_indice_colectiva
21,Huelva,21 Huelva,2021,Vivienda unifamiliar,Índice,108.232,"108,232",unifamiliar,indice,ipva_indice_unifamiliar
21,Huelva,21 Huelva,2022,Total,Variación anual,2.2,"2,2",general,variacion_anual,ipva_variacion_anual_general
21,Huelva,21 Huelva,2022,Vivienda colectiva,Variación anual,2.4,"2,4",colectiva,variacion_anual,ipva_variacion_anual_colectiva
21,Huelva,21 Huelva,2022,Vivienda unifamiliar,Variación anual,1.4,"1,4",unifamiliar,variacion_anual,ipva_variacion_anual_unifamiliar
21,Huelva,21 Huelva,2022,Total,Índice,113.097,"113,097",general,indice,ipva_indice_general
21,Huelva,21 Huelva,2022,Vivienda colectiva,Índice,114.164,"114,164",colectiva,indice,ipva_indice_colectiva
21,Huelva,21 Huelva,2022,Vivienda unifamiliar,Índice,109.752,"109,752",unifamiliar,indice,ipva_indice_unifamiliar
21,Huelva,21 Huelva,2023,Total,Variación anual,1.9,"1,9",general,variacion_anual,ipva_variacion_anual_general
21,Huelva,21 Huelva,2023,Vivienda colectiva,Variación anual,2.2,"2,2",colectiva,variacion_anual,ipva_variacion_anual_colectiva
21,Huelva,21 Huelva,2023,Vivienda unifamiliar,Variación anual,1.0,"1,0",unifamiliar,variacion_anual,ipva_variacion_anual_unifamiliar
21,Huelva,21 Huelva,2023,Total,Índice,115.249,"115,249",general,indice,ipva_indice_general
21,Huelva,21 Huelva,2023,Vivienda colectiva,Índice,116.656,"116,656",colectiva,indice,ipva_indice_colectiva
21,Huelva,21 Huelva,2023,Vivienda unifamiliar,Índice,110.839,"110,839",unifamiliar,indice,ipva_indice_unifamiliar
21,Huelva,21 Huelva,2024,Total,Variación anual,2.9,"2,9",general,variacion_anual,ipva_variacion_anual_general
21,Huelva,21 Huelva,2024,Vivienda colectiva,Variación anual,3.1,"3,1",colectiva,variacion_anual,ipva_variacion_anual_colectiva
21,Huelva,21 Huelva,2024,Vivienda unifamiliar,Variación anual,2.4,"2,4",unifamiliar,variacion_anual,ipva_variacion_anual_unifamiliar
21,Huelva,21 Huelva,2024,Total,Índice,118.614,"118,614",general,indice,ipva_indice_general
21,Huelva,21 Huelva,2024,Vivienda colectiva,Índice,120.237,"120,237",colectiva,indice,ipva_indice_colectiva
21,Huelva,21 Huelva,2024,Vivienda unifamiliar,Índice,113.529,"113,529",unifamiliar,indice,ipva_indice_unifamiliar
22,Huesca,22 Huesca,2015,Total,Variación anual,-0.1,"-0,1",general,variacion_anual,ipva_variacion_anual_general
22,Huesca,22 Huesca,2015,Vivienda colectiva,Variación anual,-0.1,"-0,1",colectiva,variacion_anual,ipva_variacion_anual_colectiva
22,Huesca,22 Huesca,2015,Vivienda unifamiliar,Variación anual,0.0,"0,0",unifamiliar,variacion_anual,ipva_variacion_anual_unifamiliar
22,Huesca,22 Huesca,2015,Total,Índice,100.0,"100,000",general,indice,ipva_indice_general
22,Huesca,22 Huesca,2015,Vivienda colectiva,Índice,100.0,"100,000",colectiva,indice,ipva_indice_colectiva
22,Huesca,22 Huesca,2015,Vivienda unifamiliar,Índice,100.0,"100,000",unifamiliar,indice,ipva_indice_unifamiliar
22,Huesca,22 Huesca,2016,Total,Variación anual,0.8,"0,8",general,variacion_anual,ipva_variacion_anual_general
22,Huesca,22 Huesca,2016,Vivienda colectiva,Variación anual,0.7,"0,7",colectiva,variacion_anual,ipva_variacion_anual_colectiva
22,Huesca,22 Huesca,2016,Vivienda unifamiliar,Variación anual,2.4,"2,4",unifamiliar,variacion_anual,ipva_variacion_anual_unifamiliar
22,Huesca,22 Huesca,2016,Total,Índice,100.809,"100,809",general,indice,ipva_indice_general
22,Huesca,22 Huesca,2016,Vivienda colectiva,Índice,100.672,"100,672",colectiva,indice,ipva_indice_colectiva
22,Huesca,22 Huesca,2016,Vivienda unifamiliar,Índice,102.36,"102,360",unifamiliar,indice,ipva_indice_unifamiliar
22,Huesca,22 Huesca,2017,Total,Variación anual,1.3,"1,3",general,variacion_anual,ipva_variacion_anual_general
22,Huesca,22 Huesca,2017,Vivienda colectiva,Variación anual,1.3,"1,3",colectiva,variacion_anual,ipva_variacion_anual_colectiva
22,Huesca,22 Huesca,2017,Vivienda unifamiliar,Variación anual,1.7,"1,7",unifamiliar,variacion_anual,ipva_variacion_anual_unifamiliar
22,Huesca,22 Huesca,2017,Total,Índice,102.165,"102,165",general,indice,ipva_indice_general
22,Huesca,22 Huesca,2017,Vivienda colectiva,Índice,101.99,"101,990",colectiva,indice,ipva_indice_colectiva
22,Huesca,22 Huesca,2017,Vivienda unifamiliar,Índice,104.135,"104,135",unifamiliar,indice,ipva_indice_unifamiliar
22,Huesca,22 Huesca,2018,Total,Variación anual,1.9,"1,9",general,variacion_anual,ipva_variacion_anual_general
22,Huesca,22 Huesca,2018,Vivienda colectiva,Variación anual,1.9,"1,9",colectiva,variacion_anual,ipva_variacion_anual_colectiva
22,Huesca,22 Huesca,2018,Vivienda unifamiliar,Variación anual,1.9,"1,9",unifamiliar,variacion_anual,ipva_variacion_anual_unifamiliar
22,Huesca,22 Huesca,2018,Total,Índice,104.103,"104,103",general,indice,ipva_indice_general
22,Huesca,22 Huesca,2018,Vivienda colectiva,Índice,103.922,"103,922",colectiva,indice,ipva_indice_colectiva
22,Huesca,22 Huesca,2018,Vivienda unifamiliar,Índice,106.14,"106,140",unifamiliar,indice,ipva_indice_unifamiliar
22,Huesca,22 Huesca,2019,Total,Variación anual,3.0,"3,0",general,variacion_anual,ipva_variacion_anual_general
22,Huesca,22 Huesca,2019,Vivienda colectiva,Variación anual,3.1,"3,1",colectiva,variacion_anual,ipva_variacion_anual_colectiva
22,Huesca,22 Huesca,2019,Vivienda unifamiliar,Variación anual,1.7,"1,7",unifamiliar,variacion_anual,ipva_variacion_anual_unifamiliar
22,Huesca,22 Huesca,2019,Total,Índice,107.192,"107,192",general,indice,ipva_indice_general
22,Huesca,22 Huesca,2019,Vivienda colectiva,Índice,107.136,"107,136",colectiva,indice,ipva_indice_colectiva
22,Huesca,22 Huesca,2019,Vivienda unifamiliar,Índice,107.965,"107,965",unifamiliar,indice,ipva_indice_unifamiliar
22,Huesca,22 Huesca,2020,Total,Variación anual,1.6,"1,6",general,variacion_anual,ipva_variacion_anual_general
22,Huesca,22 Huesca,2020,Vivienda colectiva,Variación anual,1.5,"1,5",colectiva,variacion_anual,ipva_variacion_anual_colectiva
22,Huesca,22 Huesca,2020,Vivienda unifamiliar,Variación anual,2.2,"2,2",unifamiliar,variacion_anual,ipva_variacion_anual_unifamiliar
22,Huesca,22 Huesca,2020,Total,Índice,108.913,"108,913",general,indice,ipva_indice_general
22,Huesca,22 Huesca,2020,Vivienda colectiva,Índice,108.789,"108,789",colectiva,indice,ipva_indice_colectiva
22,Huesca,22 Huesca,2020,Vivienda unifamiliar,Índice,110.364,"110,364",unifamiliar,indice,ipva_indice_unifamiliar
22,Huesca,22 Huesca,2021,Total,Variación anual,2.2,"2,2",general,variacion_anual,ipva_variacion_anual_general
22,Huesca,22 Huesca,2021,Vivienda colectiva,Variación anual,2.3,"2,3",colectiva,variacion_anual,ipva_variacion_anual_colectiva
22,Huesca,22 Huesca,2021,Vivienda unifamiliar,Variación anual,1.5,"1,5",unifamiliar,variacion_anual,ipva_variacion_anual_unifamiliar
22,Huesca,22 Huesca,2021,Total,Índice,111.337,"111,337",general,indice,ipva_indice_general
22,Huesca,22 Huesca,2021,Vivienda colectiva,Índice,111.3,"111,300",colectiva,indice,ipva_indice_colectiva
22,Huesca,22 Huesca,2021,Vivienda unifamiliar,Índice,112.037,"112,037",unifamiliar,indice,ipva_indice_unifamiliar
22,Huesca,22 Huesca,2022,Total,Variación anual,2.8,"2,8",general,variacion_anual,ipva_variacion_anual_general
22,Huesca,22 Huesca,2022,Vivienda colectiva,Variación anual,2.8,"2,8",colectiva,variacion_anual,ipva_variacion_anual_colectiva
22,Huesca,22 Huesca,2022,Vivienda unifamiliar,Variación anual,2.2,"2,2",unifamiliar,variacion_anual,ipva_variacion_anual_unifamiliar
22,Huesca,22 Huesca,2022,Total,Índice,114.415,"114,415",general,indice,ipva_indice_general
22,Huesca,22 Huesca,2022,Vivienda colectiva,Índice,114.447,"114,447",colectiva,indice,ipva_indice_colectiva
22,Huesca,22 Huesca,2022,Vivienda unifamiliar,Índice,114.498,"114,498",unifamiliar,indice,ipva_indice_unifamiliar
22,Huesca,22 Huesca,2023,Total,Variación anual,2.3,"2,3",general,variacion_anual,ipva_variacion_anual_general
22,Huesca,22 Huesca,2023,Vivienda colectiva,Variación anual,2.4,"2,4",colectiva,variacion_anual,ipva_variacion_anual_colectiva
22,Huesca,22 Huesca,2023,Vivienda unifamiliar,Variación anual,1.7,"1,7",unifamiliar,variacion_anual,ipva_variacion_anual_unifamiliar
22,Huesca,22 Huesca,2023,Total,Índice,117.08,"117,080",general,indice,ipva_indice_general
22,Huesca,22 Huesca,2023,Vivienda colectiva,Índice,117.191,"117,191",colectiva,indice,ipva_indice_colectiva
22,Huesca,22 Huesca,2023,Vivienda unifamiliar,Índice,116.453,"116,453",unifamiliar,indice,ipva_indice_unifamiliar
22,Huesca,22 Huesca,2024,Total,Variación anual,3.0,"3,0",general,variacion_anual,ipva_variacion_anual_general
22,Huesca,22 Huesca,2024,Vivienda colectiva,Variación anual,3.1,"3,1",colectiva,variacion_anual,ipva_variacion_anual_colectiva
22,Huesca,22 Huesca,2024,Vivienda unifamiliar,Variación anual,1.8,"1,8",unifamiliar,variacion_anual,ipva_variacion_anual_unifamiliar
22,Huesca,22 Huesca,2024,Total,Índice,120.598,"120,598",general,indice,ipva_indice_general
22,Huesca,22 Huesca,2024,Vivienda colectiva,Índice,120.873,"120,873",colectiva,indice,ipva_indice_colectiva
22,Huesca,22 Huesca,2024,Vivienda unifamiliar,Índice,118.549,"118,549",unifamiliar,indice,ipva_indice_unifamiliar
23,Jaén,23 Jaén,2015,Total,Variación anual,-0.8,"-0,8",general,variacion_anual,ipva_variacion_anual_general
23,Jaén,23 Jaén,2015,Vivienda colectiva,Variación anual,-0.8,"-0,8",colectiva,variacion_anual,ipva_variacion_anual_colectiva
23,Jaén,23 Jaén,2015,Vivienda unifamiliar,Variación anual,-0.9,"-0,9",unifamiliar,variacion_anual,ipva_variacion_anual_unifamiliar
23,Jaén,23 Jaén,2015,Total,Índice,100.0,"100,000",general,indice,ipva_indice_general
23,Jaén,23 Jaén,2015,Vivienda colectiva,Índice,100.0,"100,000",colectiva,indice,ipva_indice_colectiva
23,Jaén,23 Jaén,2015,Vivienda unifamiliar,Índice,100.0,"100,000",unifamiliar,indice,ipva_indice_unifamiliar
23,Jaén,23 Jaén,2016,Total,Variación anual,1.6,"1,6",general,variacion_anual,ipva_variacion_anual_general
23,Jaén,23 Jaén,2016,Vivienda colectiva,Variación anual,1.7,"1,7",colectiva,variacion_anual,ipva_variacion_anual_colectiva
23,Jaén,23 Jaén,2016,Vivienda unifamiliar,Variación anual,0.8,"0,8",unifamiliar,variacion_anual,ipva_variacion_anual_unifamiliar
23,Jaén,23 Jaén,2016,Total,Índice,101.623,"101,623",general,indice,ipva_indice_general
23,Jaén,23 Jaén,2016,Vivienda colectiva,Índice,101.713,"101,713",colectiva,indice,ipva_indice_colectiva
23,Jaén,23 Jaén,2016,Vivienda unifamiliar,Índice,100.781,"100,781",unifamiliar,indice,ipva_indice_unifamiliar
23,Jaén,23 Jaén,2017,Total,Variación anual,1.5,"1,5",general,variacion_anual,ipva_variacion_anual_general
23,Jaén,23 Jaén,2017,Vivienda colectiva,Variación anual,1.3,"1,3",colectiva,variacion_anual,ipva_variacion_anual_colectiva
23,Jaén,23 Jaén,2017,Vivienda unifamiliar,Variación anual,3.0,"3,0",unifamiliar,variacion_anual,ipva_variacion_anual_unifamiliar
23,Jaén,23 Jaén,2017,Total,Índice,103.137,"103,137",general,indice,ipva_indice_general
23,Jaén,23 Jaén,2017,Vivienda colectiva,Índice,103.064,"103,064",colectiva,indice,ipva_indice_colectiva
23,Jaén,23 Jaén,2017,Vivienda unifamiliar,Índice,103.76,"103,760",unifamiliar,indice,ipva_indice_unifamiliar
23,Jaén,23 Jaén,2018,Total,Variación anual,1.0,"1,0",general,variacion_anual,ipva_variacion_anual_general
23,Jaén,23 Jaén,2018,Vivienda colectiva,Variación anual,1.0,"1,0",colectiva,variacion_anual,ipva_variacion_anual_colectiva
23,Jaén,23 Jaén,2018,Vivienda unifamiliar,Variación anual,0.3,"0,3",unifamiliar,variacion_anual,ipva_variacion_anual_unifamiliar
23,Jaén,23 Jaén,2018,Total,Índice,104.13,"104,130",general,indice,ipva_indice_general
23,Jaén,23 Jaén,2018,Vivienda colectiva,Índice,104.126,"104,126",colectiva,indice,ipva_indice_colectiva
23,Jaén,23 Jaén,2018,Vivienda unifamiliar,Índice,104.109,"104,109",unifamiliar,indice,ipva_indice_unifamiliar
23,Jaén,23 Jaén,2019,Total,Variación anual,2.4,"2,4",general,variacion_anual,ipva_variacion_anual_general
23,Jaén,23 Jaén,2019,Vivienda colectiva,Variación anual,2.5,"2,5",colectiva,variacion_anual,ipva_variacion_anual_colectiva
23,Jaén,23 Jaén,2019,Vivienda unifamiliar,Variación anual,1.0,"1,0",unifamiliar,variacion_anual,ipva_variacion_anual_unifamiliar
23,Jaén,23 Jaén,2019,Total,Índice,106.588,"106,588",general,indice,ipva_indice_general
23,Jaén,23 Jaén,2019,Vivienda colectiva,Índice,106.742,"106,742",colectiva,indice,ipva_indice_colectiva
23,Jaén,23 Jaén,2019,Vivienda unifamiliar,Índice,105.115,"105,115",unifamiliar,indice,ipva_indice_unifamiliar
23,Jaén,23 Jaén,2020,Total,Variación anual,0.3,"0,3",general,variacion_anual,ipva_variacion_anual_general
23,Jaén,23 Jaén,2020,Vivienda colectiva,Variación anual,0.3,"0,3",colectiva,variacion_anual,ipva_variacion_anual_colectiva
23,Jaén,23 Jaén,2020,Vivienda unifamiliar,Variación anual,0.3,"0,3",unifamiliar,variacion_anual,ipva_variacion_anual_unifamiliar
23,Jaén,23 Jaén,2020,Total,Índice,106.932,"106,932",general,indice,ipva_indice_general
23,Jaén,23 Jaén,2020,Vivienda colectiva,Índice,107.095,"107,095",colectiva,indice,ipva_indice_colectiva
23,Jaén,23 Jaén,2020,Vivienda unifamiliar,Índice,105.389,"105,389",unifamiliar,indice,ipva_indice_unifamiliar
23,Jaén,23 Jaén,2021,Total,Variación anual,1.8,"1,8",general,variacion_anual,ipva_variacion_anual_general
23,Jaén,23 Jaén,2021,Vivienda colectiva,Variación anual,1.6,"1,6",colectiva,variacion_anual,ipva_variacion_anual_colectiva
23,Jaén,23 Jaén,2021,Vivienda unifamiliar,Variación anual,3.1,"3,1",unifamiliar,variacion_anual,ipva_variacion_anual_unifamiliar
23,Jaén,23 Jaén,2021,Total,Índice,108.805,"108,805",general,indice,ipva_indice_general
23,Jaén,23 Jaén,2021,Vivienda colectiva,Índice,108.784,"108,784",colectiva,indice,ipva_indice_colectiva
23,Jaén,23 Jaén,2021,Vivienda unifamiliar,Índice,108.669,"108,669",unifamiliar,indice,ipva_indice_unifamiliar
23,Jaén,23 Jaén,2022,Total,Variación anual,1.9,"1,9",general,variacion_anual,ipva_variacion_anual_general
23,Jaén,23 Jaén,2022,Vivienda colectiva,Variación anual,1.9,"1,9",colectiva,variacion_anual,ipva_variacion_anual_colectiva
23,Jaén,23 Jaén,2022,Vivienda unifamiliar,Variación anual,1.4,"1,4",unifamiliar,variacion_anual,ipva_variacion_anual_unifamiliar
23,Jaén,23 Jaén,2022,Total,Índice,110.82,"110,820",general,indice,ipva_indice_general
23,Jaén,23 Jaén,2022,Vivienda colectiva,Índice,110.859,"110,859",colectiva,indice,ipva_indice_colectiva
23,Jaén,23 Jaén,2022,Vivienda unifamiliar,Índice,110.203,"110,203",unifamiliar,indice,ipva_indice_unifamiliar
23,Jaén,23 Jaén,2023,Total,Variación anual,1.1,"1,1",general,variacion_anual,ipva_variacion_anual_general
23,Jaén,23 Jaén,2023,Vivienda colectiva,Variación anual,1.2,"1,2",colectiva,variacion_anual,ipva_variacion_anual_colectiva
23,Jaén,23 Jaén,2023,Vivienda unifamiliar,Variación anual,0.0,"0,0",unifamiliar,variacion_anual,ipva_variacion_anual_unifamiliar
23,Jaén,23 Jaén,2023,Total,Índice,112.037,"112,037",general,indice,ipva_indice_general
23,Jaén,23 Jaén,2023,Vivienda colectiva,Índice,112.227,"112,227",colectiva,indice,ipva_indice_colectiva
23,Jaén,23 Jaén,2023,Vivienda unifamiliar,Índice,110.183,"110,183",unifamiliar,indice,ipva_indice_unifamiliar
23,Jaén,23 Jaén,2024,Total,Variación anual,2.6,"2,6",general,variacion_anual,ipva_variacion_anual_general
23,Jaén,23 Jaén,2024,Vivienda colectiva,Variación anual,2.7,"2,7",colectiva,variacion_anual,ipva_variacion_anual_colectiva
23,Jaén,23 Jaén,2024,Vivienda unifamiliar,Variación anual,1.9,"1,9",unifamiliar,variacion_anual,ipva_variacion_anual_unifamiliar
23,Jaén,23 Jaén,2024,Total,Índice,114.98,"114,980",general,indice,ipva_indice_general
23,Jaén,23 Jaén,2024,Vivienda colectiva,Índice,115.267,"115,267",colectiva,indice,ipva_indice_colectiva
23,Jaén,23 Jaén,2024,Vivienda unifamiliar,Índice,112.331,"112,331",unifamiliar,indice,ipva_indice_unifamiliar
24,León,24 León,2015,Total,Variación anual,-0.5,"-0,5",general,variacion_anual,ipva_variacion_anual_general
24,León,24 León,2015,Vivienda colectiva,Variación anual,-0.6,"-0,6",colectiva,variacion_anual,ipva_variacion_anual_colectiva
24,León,24 León,2015,Vivienda unifamiliar,Variación anual,0.5,"0,5",unifamiliar,variacion_anual,ipva_variacion_anual_unifamiliar
24,León,24 León,2015,Total,Índice,100.0,"100,000",general,indice,ipva_indice_general
24,León,24 León,2015,Vivienda colectiva,Índice,100.0,"100,000",colectiva,indice,ipva_indice_colectiva
24,León,24 León,2015,Vivienda unifamiliar,Índice,100.0,"100,000",unifamiliar,indice,ipva_indice_unifamiliar
24,León,24 León,2016,Total,Variación anual,0.9,"0,9",general,variacion_anual,ipva_variacion_anual_general
24,León,24 León,2016,Vivienda colectiva,Variación anual,1.0,"1,0",colectiva,variacion_anual,ipva_variacion_anual_colectiva
24,León,24 León,2016,Vivienda unifamiliar,Variación anual,0.8,"0,8",unifamiliar,variacion_anual,ipva_variacion_anual_unifamiliar
24,León,24 León,2016,Total,Índice,100.948,"100,948",general,indice,ipva_indice_general
24,León,24 León,2016,Vivienda colectiva,Índice,100.963,"100,963",colectiva,indice,ipva_indice_colectiva
24,León,24 León,2016,Vivienda unifamiliar,Índice,100.782,"100,782",unifamiliar,indice,ipva_indice_unifamiliar
24,León,24 León,2017,Total,Variación anual,0.8,"0,8",general,variacion_anual,ipva_variacion_anual_general
24,León,24 León,2017,Vivienda colectiva,Variación anual,0.7,"0,7",colectiva,variacion_anual,ipva_variacion_anual_colectiva
24,León,24 León,2017,Vivienda unifamiliar,Variación anual,1.2,"1,2",unifamiliar,variacion_anual,ipva_variacion_anual_unifamiliar
24,León,24 León,2017,Total,Índice,101.74,"101,740",general,indice,ipva_indice_general
24,León,24 León,2017,Vivienda colectiva,Índice,101.718,"101,718",colectiva,indice,ipva_indice_colectiva
24,León,24 León,2017,Vivienda unifamiliar,Índice,101.996,"101,996",unifamiliar,indice,ipva_indice_unifamiliar
24,León,24 León,2018,Total,Variación anual,0.9,"0,9",general,variacion_anual,ipva_variacion_anual_general
24,León,24 León,2018,Vivienda colectiva,Variación anual,0.9,"0,9",colectiva,variacion_anual,ipva_variacion_anual_colectiva
24,León,24 León,2018,Vivienda unifamiliar,Variación anual,1.2,"1,2",unifamiliar,variacion_anual,ipva_variacion_anual_unifamiliar
24,León,24 León,2018,Total,Índice,102.666,"102,666",general,indice,ipva_indice_general
24,León,24 León,2018,Vivienda colectiva,Índice,102.616,"102,616",colectiva,indice,ipva_indice_colectiva
24,León,24 León,2018,Vivienda unifamiliar,Índice,103.228,"103,228",unifamiliar,indice,ipva_indice_unifamiliar
24,León,24 León,2019,Total,Variación anual,1.6,"1,6",general,variacion_anual,ipva_variacion_anual_general
24,León,24 León,2019,Vivienda colectiva,Variación anual,1.8,"1,8",colectiva,variacion_anual,ipva_variacion_anual_colectiva
24,León,24 León,2019,Vivienda unifamiliar,Variación anual,-0.7,"-0,7",unifamiliar,variacion_anual,ipva_variacion_anual_unifamiliar
24,León,24 León,2019,Total,Índice,104.31,"104,310",general,indice,ipva_indice_general
24,León,24 León,2019,Vivienda colectiva,Índice,104.465,"104,465",colectiva,indice,ipva_indice_colectiva
24,León,24 León,2019,Vivienda unifamiliar,Índice,102.493,"102,493",unifamiliar,indice,ipva_indice_unifamiliar
24,León,24 León,2020,Total,Variación anual,0.7,"0,7",general,variacion_anual,ipva_variacion_anual_general
24,León,24 León,2020,Vivienda colectiva,Variación anual,0.7,"0,7",colectiva,variacion_anual,ipva_variacion_anual_colectiva
24,León,24 León,2020,Vivienda unifamiliar,Variación anual,0.5,"0,5",unifamiliar,variacion_anual,ipva_variacion_anual_unifamiliar
24,León,24 León,2020,Total,Índice,105.002,"105,002",general,indice,ipva_indice_general
24,León,24 León,2020,Vivienda colectiva,Índice,105.176,"105,176",colectiva,indice,ipva_indice_colectiva
24,León,24 León,2020,Vivienda unifamiliar,Índice,102.966,"102,966",unifamiliar,indice,ipva_indice_unifamiliar
24,León,24 León,2021,Total,Variación anual,1.5,"1,5",general,variacion_anual,ipva_variacion_anual_general
24,León,24 León,2021,Vivienda colectiva,Variación anual,1.5,"1,5",colectiva,variacion_anual,ipva_variacion_anual_colectiva
24,León,24 León,2021,Vivienda unifamiliar,Variación anual,1.8,"1,8",unifamiliar,variacion_anual,ipva_variacion_anual_unifamiliar
24,León,24 León,2021,Total,Índice,106.586,"106,586",general,indice,ipva_indice_general
24,León,24 León,2021,Vivienda colectiva,Índice,106.732,"106,732",colectiva,indice,ipva_indice_colectiva
24,León,24 León,2021,Vivienda unifamiliar,Índice,104.836,"104,836",unifamiliar,indice,ipva_indice_unifamiliar
24,León,24 León,2022,Total,Variación anual,1.9,"1,9",general,variacion_anual,ipva_variacion_anual_general
24,León,24 León,2022,Vivienda colectiva,Variación anual,1.9,"1,9",colectiva,variacion_anual,ipva_variacion_anual_colectiva
24,León,24 León,2022,Vivienda unifamiliar,Variación anual,1.2,"1,2",unifamiliar,variacion_anual,ipva_variacion_anual_unifamiliar
24,León,24 León,2022,Total,Índice,108.581,"108,581",general,indice,ipva_indice_general
24,León,24 León,2022,Vivienda colectiva,Índice,108.796,"108,796",colectiva,indice,ipva_indice_colectiva
24,León,24 León,2022,Vivienda unifamiliar,Índice,106.087,"106,087",unifamiliar,indice,ipva_indice_unifamiliar
24,León,24 León,2023,Total,Variación anual,1.6,"1,6",general,variacion_anual,ipva_variacion_anual_general
24,León,24 León,2023,Vivienda colectiva,Variación anual,1.7,"1,7",colectiva,variacion_anual,ipva_variacion_anual_colectiva
24,León,24 León,2023,Vivienda unifamiliar,Variación anual,0.1,"0,1",unifamiliar,variacion_anual,ipva_variacion_anual_unifamiliar
24,León,24 León,2023,Total,Índice,110.305,"110,305",general,indice,ipva_indice_general
24,León,24 León,2023,Vivienda colectiva,Índice,110.668,"110,668",colectiva,indice,ipva_indice_colectiva
24,León,24 León,2023,Vivienda unifamiliar,Índice,106.22,"106,220",unifamiliar,indice,ipva_indice_unifamiliar
24,León,24 León,2024,Total,Variación anual,2.8,"2,8",general,variacion_anual,ipva_variacion_anual_general
24,León,24 León,2024,Vivienda colectiva,Variación anual,2.8,"2,8",colectiva,variacion_anual,ipva_variacion_anual_colectiva
24,León,24 León,2024,Vivienda unifamiliar,Variación anual,2.1,"2,1",unifamiliar,variacion_anual,ipva_variacion_anual_unifamiliar
24,León,24 León,2024,Total,Índice,113.361,"113,361",general,indice,ipva_indice_general
24,León,24 León,2024,Vivienda colectiva,Índice,113.803,"113,803",colectiva,indice,ipva_indice_colectiva
24,León,24 León,2024,Vivienda unifamiliar,Índice,108.409,"108,409",unifamiliar,indice,ipva_indice_unifamiliar
25,Lleida,25 Lleida,2015,Total,Variación anual,-0.3,"-0,3",general,variacion_anual,ipva_variacion_anual_general
25,Lleida,25 Lleida,2015,Vivienda colectiva,Variación anual,-0.4,"-0,4",colectiva,variacion_anual,ipva_variacion_anual_colectiva
25,Lleida,25 Lleida,2015,Vivienda unifamiliar,Variación anual,0.5,"0,5",unifamiliar,variacion_anual,ipva_variacion_anual_unifamiliar
25,Lleida,25 Lleida,2015,Total,Índice,100.0,"100,000",general,indice,ipva_indice_general
25,Lleida,25 Lleida,2015,Vivienda colectiva,Índice,100.0,"100,000",colectiva,indice,ipva_indice_colectiva
25,Lleida,25 Lleida,2015,Vivienda unifamiliar,Índice,100.0,"100,000",unifamiliar,indice,ipva_indice_unifamiliar
25,Lleida,25 Lleida,2016,Total,Variación anual,0.9,"0,9",general,variacion_anual,ipva_variacion_anual_general
25,Lleida,25 Lleida,2016,Vivienda colectiva,Variación anual,1.0,"1,0",colectiva,variacion_anual,ipva_variacion_anual_colectiva
25,Lleida,25 Lleida,2016,Vivienda unifamiliar,Variación anual,0.9,"0,9",unifamiliar,variacion_anual,ipva_variacion_anual_unifamiliar
25,Lleida,25 Lleida,2016,Total,Índice,100.945,"100,945",general,indice,ipva_indice_general
25,Lleida,25 Lleida,2016,Vivienda colectiva,Índice,100.955,"100,955",colectiva,indice,ipva_indice_colectiva
25,Lleida,25 Lleida,2016,Vivienda unifamiliar,Índice,100.857,"100,857",unifamiliar,indice,ipva_indice_unifamiliar
25,Lleida,25 Lleida,2017,Total,Variación anual,1.0,"1,0",general,variacion_anual,ipva_variacion_anual_general
25,Lleida,25 Lleida,2017,Vivienda colectiva,Variación anual,1.1,"1,1",colectiva,variacion_anual,ipva_variacion_anual_colectiva
25,Lleida,25 Lleida,2017,Vivienda unifamiliar,Variación anual,0.5,"0,5",unifamiliar,variacion_anual,ipva_variacion_anual_unifamiliar
25,Lleida,25 Lleida,2017,Total,Índice,101.982,"101,982",general,indice,ipva_indice_general
25,Lleida,25 Lleida,2017,Vivienda colectiva,Índice,102.056,"102,056",colectiva,indice,ipva_indice_colectiva
25,Lleida,25 Lleida,2017,Vivienda unifamiliar,Índice,101.327,"101,327",unifamiliar,indice,ipva_indice_unifamiliar
25,Lleida,25 Lleida,2018,Total,Variación anual,1.6,"1,6",general,variacion_anual,ipva_variacion_anual_general
25,Lleida,25 Lleida,2018,Vivienda colectiva,Variación anual,1.6,"1,6",colectiva,variacion_anual,ipva_variacion_anual_colectiva
25,Lleida,25 Lleida,2018,Vivienda unifamiliar,Variación anual,1.4,"1,4",unifamiliar,variacion_anual,ipva_variacion_anual_unifamiliar
25,Lleida,25 Lleida,2018,Total,Índice,103.631,"103,631",general,indice,ipva_indice_general
25,Lleida,25 Lleida,2018,Vivienda colectiva,Índice,103.728,"103,728",colectiva,indice,ipva_indice_colectiva
25,Lleida,25 Lleida,2018,Vivienda unifamiliar,Índice,102.772,"102,772",unifamiliar,indice,ipva_indice_unifamiliar
25,Lleida,25 Lleida,2019,Total,Variación anual,2.4,"2,4",general,variacion_anual,ipva_variacion_anual_general
25,Lleida,25 Lleida,2019,Vivienda colectiva,Variación anual,2.6,"2,6",colectiva,variacion_anual,ipva_variacion_anual_colectiva
25,Lleida,25 Lleida,2019,Vivienda unifamiliar,Variación anual,0.8,"0,8",unifamiliar,variacion_anual,ipva_variacion_anual_unifamiliar
25,Lleida,25 Lleida,2019,Total,Índice,106.135,"106,135",general,indice,ipva_indice_general
25,Lleida,25 Lleida,2019,Vivienda colectiva,Índice,106.411,"106,411",colectiva,indice,ipva_indice_colectiva
25,Lleida,25 Lleida,2019,Vivienda unifamiliar,Índice,103.643,"103,643",unifamiliar,indice,ipva_indice_unifamiliar
25,Lleida,25 Lleida,2020,Total,Variación anual,1.4,"1,4",general,variacion_anual,ipva_variacion_anual_general
25,Lleida,25 Lleida,2020,Vivienda colectiva,Variación anual,1.4,"1,4",colectiva,variacion_anual,ipva_variacion_anual_colectiva
25,Lleida,25 Lleida,2020,Vivienda unifamiliar,Variación anual,1.4,"1,4",unifamiliar,variacion_anual,ipva_variacion_anual_unifamiliar
25,Lleida,25 Lleida,2020,Total,Índice,107.652,"107,652",general,indice,ipva_indice_general
25,Lleida,25 Lleida,2020,Vivienda colectiva,Índice,107.933,"107,933",colectiva,indice,ipva_indice_colectiva
25,Lleida,25 Lleida,2020,Vivienda unifamiliar,Índice,105.114,"105,114",unifamiliar,indice,ipva_indice_unifamiliar
25,Lleida,25 Lleida,2021,Total,Variación anual,2.3,"2,3",general,variacion_anual,ipva_variacion_anual_general
25,Lleida,25 Lleida,2021,Vivienda colectiva,Variación anual,2.3,"2,3",colectiva,variacion_anual,ipva_variacion_anual_colectiva
25,Lleida,25 Lleida,2021,Vivienda unifamiliar,Variación anual,2.4,"2,4",unifamiliar,variacion_anual,ipva_variacion_anual_unifamiliar
25,Lleida,25 Lleida,2021,Total,Índice,110.132,"110,132",general,indice,ipva_indice_general
25,Lleida,25 Lleida,2021,Vivienda colectiva,Índice,110.413,"110,413",colectiva,indice,ipva_indice_colectiva
25,Lleida,25 Lleida,2021,Vivienda unifamiliar,Índice,107.585,"107,585",unifamiliar,indice,ipva_indice_unifamiliar
25,Lleida,25 Lleida,2022,Total,Variación anual,2.5,"2,5",general,variacion_anual,ipva_variacion_anual_general
25,Lleida,25 Lleida,2022,Vivienda colectiva,Variación anual,2.6,"2,6",colectiva,variacion_anual,ipva_variacion_anual_colectiva
25,Lleida,25 Lleida,2022,Vivienda unifamiliar,Variación anual,1.5,"1,5",unifamiliar,variacion_anual,ipva_variacion_anual_unifamiliar
25,Lleida,25 Lleida,2022,Total,Índice,112.888,"112,888",general,indice,ipva_indice_general
25,Lleida,25 Lleida,2022,Vivienda colectiva,Índice,113.309,"113,309",colectiva,indice,ipva_indice_colectiva
25,Lleida,25 Lleida,2022,Vivienda unifamiliar,Índice,109.178,"109,178",unifamiliar,indice,ipva_indice_unifamiliar
25,Lleida,25 Lleida,2023,Total,Variación anual,2.5,"2,5",general,variacion_anual,ipva_variacion_anual_general
25,Lleida,25 Lleida,2023,Vivienda colectiva,Variación anual,2.6,"2,6",colectiva,variacion_anual,ipva_variacion_anual_colectiva
25,Lleida,25 Lleida,2023,Vivienda unifamiliar,Variación anual,1.6,"1,6",unifamiliar,variacion_anual,ipva_variacion_anual_unifamiliar
25,Lleida,25 Lleida,2023,Total,Índice,115.708,"115,708",general,indice,ipva_indice_general
25,Lleida,25 Lleida,2023,Vivienda colectiva,Índice,116.26,"116,260",colectiva,indice,ipva_indice_colectiva
25,Lleida,25 Lleida,2023,Vivienda unifamiliar,Índice,110.89,"110,890",unifamiliar,indice,ipva_indice_unifamiliar
25,Lleida,25 Lleida,2024,Total,Variación anual,3.2,"3,2",general,variacion_anual,ipva_variacion_anual_general
25,Lleida,25 Lleida,2024,Vivienda colectiva,Variación anual,3.3,"3,3",colectiva,variacion_anual,ipva_variacion_anual_colectiva
25,Lleida,25 Lleida,2024,Vivienda unifamiliar,Variación anual,2.8,"2,8",unifamiliar,variacion_anual,ipva_variacion_anual_unifamiliar
25,Lleida,25 Lleida,2024,Total,Índice,119.441,"119,441",general,indice,ipva_indice_general
25,Lleida,25 Lleida,2024,Vivienda colectiva,Índice,120.064,"120,064",colectiva,indice,ipva_indice_colectiva
25,Lleida,25 Lleida,2024,Vivienda unifamiliar,Índice,114.015,"114,015",unifamiliar,indice,ipva_indice_unifamiliar
26,"Rioja, La","26 Rioja, La",2015,Total,Variación anual,-0.1,"-0,1",general,variacion_anual,ipva_variacion_anual_general
26,"Rioja, La","26 Rioja, La",2015,Vivienda colectiva,Variación anual,-0.1,"-0,1",colectiva,variacion_anual,ipva_variacion_anual_colectiva
26,"Rioja, La","26 Rioja, La",2015,Vivienda unifamiliar,Variación anual,0.9,"0,9",unifamiliar,variacion_anual,ipva_variacion_anual_unifamiliar
26,"Rioja, La","26 Rioja, La",2015,Total,Índice,100.0,"100,000",general,indice,ipva_indice_general
26,"Rioja, La","26 Rioja, La",2015,Vivienda colectiva,Índice,100.0,"100,000",colectiva,indice,ipva_indice_colectiva
26,"Rioja, La","26 Rioja, La",2015,Vivienda unifamiliar,Índice,100.0,"100,000",unifamiliar,indice,ipva_indice_unifamiliar
26,"Rioja, La","26 Rioja, La",2016,Total,Variación anual,1.6,"1,6",general,variacion_anual,ipva_variacion_anual_general
26,"Rioja, La","26 Rioja, La",2016,Vivienda colectiva,Variación anual,1.6,"1,6",colectiva,variacion_anual,ipva_variacion_anual_colectiva
26,"Rioja, La","26 Rioja, La",2016,Vivienda unifamiliar,Variación anual,1.3,"1,3",unifamiliar,variacion_anual,ipva_variacion_anual_unifamiliar
26,"Rioja, La","26 Rioja, La",2016,Total,Índice,101.604,"101,604",general,indice,ipva_indice_general
26,"Rioja, La","26 Rioja, La",2016,Vivienda colectiva,Índice,101.619,"101,619",colectiva,indice,ipva_indice_colectiva
26,"Rioja, La","26 Rioja, La",2016,Vivienda unifamiliar,Índice,101.269,"101,269",unifamiliar,indice,ipva_indice_unifamiliar
26,"Rioja, La","26 Rioja, La",2017,Total,Variación anual,1.4,"1,4",general,variacion_anual,ipva_variacion_anual_general
26,"Rioja, La","26 Rioja, La",2017,Vivienda colectiva,Variación anual,1.3,"1,3",colectiva,variacion_anual,ipva_variacion_anual_colectiva
26,"Rioja, La","26 Rioja, La",2017,Vivienda unifamiliar,Variación anual,2.4,"2,4",unifamiliar,variacion_anual,ipva_variacion_anual_unifamiliar
26,"Rioja, La","26 Rioja, La",2017,Total,Índice,103.018,"103,018",general,indice,ipva_indice_general
26,"Rioja, La","26 Rioja, La",2017,Vivienda colectiva,Índice,102.986,"102,986",colectiva,indice,ipva_indice_colectiva
26,"Rioja, La","26 Rioja, La",2017,Vivienda unifamiliar,Índice,103.675,"103,675",unifamiliar,indice,ipva_indice_unifamiliar
26,"Rioja, La","26 Rioja, La",2018,Total,Variación anual,1.5,"1,5",general,variacion_anual,ipva_variacion_anual_general
26,"Rioja, La","26 Rioja, La",2018,Vivienda colectiva,Variación anual,1.6,"1,6",colectiva,variacion_anual,ipva_variacion_anual_colectiva
26,"Rioja, La","26 Rioja, La",2018,Vivienda unifamiliar,Variación anual,-0.1,"-0,1",unifamiliar,variacion_anual,ipva_variacion_anual_unifamiliar
26,"Rioja, La","26 Rioja, La",2018,Total,Índice,104.596,"104,596",general,indice,ipva_indice_general
26,"Rioja, La","26 Rioja, La",2018,Vivienda colectiva,Índice,104.643,"104,643",colectiva,indice,ipva_indice_colectiva
26,"Rioja, La","26 Rioja, La",2018,Vivienda unifamiliar,Índice,103.605,"103,605",unifamiliar,indice,ipva_indice_unifamiliar
26,"Rioja, La","26 Rioja, La",2019,Total,Variación anual,2.8,"2,8",general,variacion_anual,ipva_variacion_anual_general
26,"Rioja, La","26 Rioja, La",2019,Vivienda colectiva,Variación anual,2.8,"2,8",colectiva,variacion_anual,ipva_variacion_anual_colectiva
26,"Rioja, La","26 Rioja, La",2019,Vivienda unifamiliar,Variación anual,3.1,"3,1",unifamiliar,variacion_anual,ipva_variacion_anual_unifamiliar
26,"Rioja, La","26 Rioja, La",2019,Total,Índice,107.508,"107,508",general,indice,ipva_indice_general
26,"Rioja, La","26 Rioja, La",2019,Vivienda colectiva,Índice,107.54,"107,540",colectiva,indice,ipva_indice_colectiva
26,"Rioja, La","26 Rioja, La",2019,Vivienda unifamiliar,Índice,106.86,"106,860",unifamiliar,indice,ipva_indice_unifamiliar
26,"Rioja, La","26 Rioja, La",2020,Total,Variación anual,1.1,"1,1",general,variacion_anual,ipva_variacion_anual_general
26,"Rioja, La","26 Rioja, La",2020,Vivienda colectiva,Variación anual,1.2,"1,2",colectiva,variacion_anual,ipva_variacion_anual_colectiva
26,"Rioja, La","26 Rioja, La",2020,Vivienda unifamiliar,Variación anual,-0.3,"-0,3",unifamiliar,variacion_anual,ipva_variacion_anual_unifamiliar
26,"Rioja, La","26 Rioja, La",2020,Total,Índice,108.712,"108,712",general,indice,ipva_indice_general
26,"Rioja, La","26 Rioja, La",2020,Vivienda colectiva,Índice,108.808,"108,808",colectiva,indice,ipva_indice_colectiva
26,"Rioja, La","26 Rioja, La",2020,Vivienda unifamiliar,Índice,106.506,"106,506",unifamiliar,indice,ipva_indice_unifamiliar
26,"Rioja, La","26 Rioja, La",2021,Total,Variación anual,1.8,"1,8",general,variacion_anual,ipva_variacion_anual_general
26,"Rioja, La","26 Rioja, La",2021,Vivienda colectiva,Variación anual,1.8,"1,8",colectiva,variacion_anual,ipva_variacion_anual_colectiva
26,"Rioja, La","26 Rioja, La",2021,Vivienda unifamiliar,Variación anual,1.2,"1,2",unifamiliar,variacion_anual,ipva_variacion_anual_unifamiliar
26,"Rioja, La","26 Rioja, La",2021,Total,Índice,110.651,"110,651",general,indice,ipva_indice_general
26,"Rioja, La","26 Rioja, La",2021,Vivienda colectiva,Índice,110.774,"110,774",colectiva,indice,ipva_indice_colectiva
26,"Rioja, La","26 Rioja, La",2021,Vivienda unifamiliar,Índice,107.828,"107,828",unifamiliar,indice,ipva_indice_unifamiliar
26,"Rioja, La","26 Rioja, La",2022,Total,Variación anual,2.5,"2,5",general,variacion_anual,ipva_variacion_anual_general
26,"Rioja, La","26 Rioja, La",2022,Vivienda colectiva,Variación anual,2.5,"2,5",colectiva,variacion_anual,ipva_variacion_anual_colectiva
26,"Rioja, La","26 Rioja, La",2022,Vivienda unifamiliar,Variación anual,1.5,"1,5",unifamiliar,variacion_anual,ipva_variacion_anual_unifamiliar
26,"Rioja, La","26 Rioja, La",2022,Total,Índice,113.42,"113,420",general,indice,ipva_indice_general
26,"Rioja, La","26 Rioja, La",2022,Vivienda colectiva,Índice,113.59,"113,590",colectiva,indice,ipva_indice_colectiva
26,"Rioja, La","26 Rioja, La",2022,Vivienda unifamiliar,Índice,109.499,"109,499",unifamiliar,indice,ipva_indice_unifamiliar
26,"Rioja, La","26 Rioja, La",2023,Total,Variación anual,2.3,"2,3",general,variacion_anual,ipva_variacion_anual_general
26,"Rioja, La","26 Rioja, La",2023,Vivienda colectiva,Variación anual,2.3,"2,3",colectiva,variacion_anual,ipva_variacion_anual_colectiva
26,"Rioja, La","26 Rioja, La",2023,Vivienda unifamiliar,Variación anual,1.4,"1,4",unifamiliar,variacion_anual,ipva_variacion_anual_unifamiliar
26,"Rioja, La","26 Rioja, La",2023,Total,Índice,115.998,"115,998",general,indice,ipva_indice_general
26,"Rioja, La","26 Rioja, La",2023,Vivienda colectiva,Índice,116.209,"116,209",colectiva,indice,ipva_indice_colectiva
26,"Rioja, La","26 Rioja, La",2023,Vivienda unifamiliar,Índice,111.082,"111,082",unifamiliar,indice,ipva_indice_unifamiliar
26,"Rioja, La","26 Rioja, La",2024,Total,Variación anual,3.1,"3,1",general,variacion_anual,ipva_variacion_anual_general
26,"Rioja, La","26 Rioja, La",2024,Vivienda colectiva,Variación anual,3.2,"3,2",colectiva,variacion_anual,ipva_variacion_anual_colectiva
26,"Rioja, La","26 Rioja, La",2024,Vivienda unifamiliar,Variación anual,2.1,"2,1",unifamiliar,variacion_anual,ipva_variacion_anual_unifamiliar
26,"Rioja, La","26 Rioja, La",2024,Total,Índice,119.62,"119,620",general,indice,ipva_indice_general
26,"Rioja, La","26 Rioja, La",2024,Vivienda colectiva,Índice,119.886,"119,886",colectiva,indice,ipva_indice_colectiva
26,"Rioja, La","26 Rioja, La",2024,Vivienda unifamiliar,Índice,113.408,"113,408",unifamiliar,indice,ipva_indice_unifamiliar
27,Lugo,27 Lugo,2015,Total,Variación anual,-0.2,"-0,2",general,variacion_anual,ipva_variacion_anual_general
27,Lugo,27 Lugo,2015,Vivienda colectiva,Variación anual,-0.4,"-0,4",colectiva,variacion_anual,ipva_variacion_anual_colectiva
27,Lugo,27 Lugo,2015,Vivienda unifamiliar,Variación anual,2.0,"2,0",unifamiliar,variacion_anual,ipva_variacion_anual_unifamiliar
27,Lugo,27 Lugo,2015,Total,Índice,100.0,"100,000",general,indice,ipva_indice_general
27,Lugo,27 Lugo,2015,Vivienda colectiva,Índice,100.0,"100,000",colectiva,indice,ipva_indice_colectiva
27,Lugo,27 Lugo,2015,Vivienda unifamiliar,Índice,100.0,"100,000",unifamiliar,indice,ipva_indice_unifamiliar
27,Lugo,27 Lugo,2016,Total,Variación anual,0.7,"0,7",general,variacion_anual,ipva_variacion_anual_general
27,Lugo,27 Lugo,2016,Vivienda colectiva,Variación anual,0.7,"0,7",colectiva,variacion_anual,ipva_variacion_anual_colectiva
27,Lugo,27 Lugo,2016,Vivienda unifamiliar,Variación anual,0.2,"0,2",unifamiliar,variacion_anual,ipva_variacion_anual_unifamiliar
27,Lugo,27 Lugo,2016,Total,Índice,100.69,"100,690",general,indice,ipva_indice_general
27,Lugo,27 Lugo,2016,Vivienda colectiva,Índice,100.732,"100,732",colectiva,indice,ipva_indice_colectiva
27,Lugo,27 Lugo,2016,Vivienda unifamiliar,Índice,100.171,"100,171",unifamiliar,indice,ipva_indice_unifamiliar
27,Lugo,27 Lugo,2017,Total,Variación anual,0.6,"0,6",general,variacion_anual,ipva_variacion_anual_general
27,Lugo,27 Lugo,2017,Vivienda colectiva,Variación anual,0.6,"0,6",colectiva,variacion_anual,ipva_variacion_anual_colectiva
27,Lugo,27 Lugo,2017,Vivienda unifamiliar,Variación anual,0.8,"0,8",unifamiliar,variacion_anual,ipva_variacion_anual_unifamiliar
27,Lugo,27 Lugo,2017,Total,Índice,101.294,"101,294",general,indice,ipva_indice_general
27,Lugo,27 Lugo,2017,Vivienda colectiva,Índice,101.322,"101,322",colectiva,indice,ipva_indice_colectiva
27,Lugo,27 Lugo,2017,Vivienda unifamiliar,Índice,100.931,"100,931",unifamiliar,indice,ipva_indice_unifamiliar
27,Lugo,27 Lugo,2018,Total,Variación anual,0.5,"0,5",general,variacion_anual,ipva_variacion_anual_general
27,Lugo,27 Lugo,2018,Vivienda colectiva,Variación anual,0.5,"0,5",colectiva,variacion_anual,ipva_variacion_anual_colectiva
27,Lugo,27 Lugo,2018,Vivienda unifamiliar,Variación anual,0.6,"0,6",unifamiliar,variacion_anual,ipva_variacion_anual_unifamiliar
27,Lugo,27 Lugo,2018,Total,Índice,101.834,"101,834",general,indice,ipva_indice_general
27,Lugo,27 Lugo,2018,Vivienda colectiva,Índice,101.855,"101,855",colectiva,indice,ipva_indice_colectiva
27,Lugo,27 Lugo,2018,Vivienda unifamiliar,Índice,101.543,"101,543",unifamiliar,indice,ipva_indice_unifamiliar
27,Lugo,27 Lugo,2019,Total,Variación anual,2.6,"2,6",general,variacion_anual,ipva_variacion_anual_general
27,Lugo,27 Lugo,2019,Vivienda colectiva,Variación anual,2.6,"2,6",colectiva,variacion_anual,ipva_variacion_anual_colectiva
27,Lugo,27 Lugo,2019,Vivienda unifamiliar,Variación anual,2.8,"2,8",unifamiliar,variacion_anual,ipva_variacion_anual_unifamiliar
27,Lugo,27 Lugo,2019,Total,Índice,104.494,"104,494",general,indice,ipva_indice_general
27,Lugo,27 Lugo,2019,Vivienda colectiva,Índice,104.503,"104,503",colectiva,indice,ipva_indice_colectiva
27,Lugo,27 Lugo,2019,Vivienda unifamiliar,Índice,104.347,"104,347",unifamiliar,indice,ipva_indice_unifamiliar
27,Lugo,27 Lugo,2020,Total,Variación anual,0.8,"0,8",general,variacion_anual,ipva_variacion_anual_general
27,Lugo,27 Lugo,2020,Vivienda colectiva,Variación anual,0.8,"0,8",colectiva,variacion_anual,ipva_variacion_anual_colectiva
27,Lugo,27 Lugo,2020,Vivienda unifamiliar,Variación anual,0.7,"0,7",unifamiliar,variacion_anual,ipva_variacion_anual_unifamiliar
27,Lugo,27 Lugo,2020,Total,Índice,105.314,"105,314",general,indice,ipva_indice_general
27,Lugo,27 Lugo,2020,Vivienda colectiva,Índice,105.334,"105,334",colectiva,indice,ipva_indice_colectiva
27,Lugo,27 Lugo,2020,Vivienda unifamiliar,Índice,105.041,"105,041",unifamiliar,indice,ipva_indice_unifamiliar
27,Lugo,27 Lugo,2021,Total,Variación anual,1.9,"1,9",general,variacion_anual,ipva_variacion_anual_general
27,Lugo,27 Lugo,2021,Vivienda colectiva,Variación anual,1.9,"1,9",colectiva,variacion_anual,ipva_variacion_anual_colectiva
27,Lugo,27 Lugo,2021,Vivienda unifamiliar,Variación anual,1.7,"1,7",unifamiliar,variacion_anual,ipva_variacion_anual_unifamiliar
27,Lugo,27 Lugo,2021,Total,Índice,107.292,"107,292",general,indice,ipva_indice_general
27,Lugo,27 Lugo,2021,Vivienda colectiva,Índice,107.333,"107,333",colectiva,indice,ipva_indice_colectiva
27,Lugo,27 Lugo,2021,Vivienda unifamiliar,Índice,106.831,"106,831",unifamiliar,indice,ipva_indice_unifamiliar
27,Lugo,27 Lugo,2022,Total,Variación anual,2.3,"2,3",general,variacion_anual,ipva_variacion_anual_general
27,Lugo,27 Lugo,2022,Vivienda colectiva,Variación anual,2.3,"2,3",colectiva,variacion_anual,ipva_variacion_anual_colectiva
27,Lugo,27 Lugo,2022,Vivienda unifamiliar,Variación anual,1.8,"1,8",unifamiliar,variacion_anual,ipva_variacion_anual_unifamiliar
27,Lugo,27 Lugo,2022,Total,Índice,109.738,"109,738",general,indice,ipva_indice_general
27,Lugo,27 Lugo,2022,Vivienda colectiva,Índice,109.831,"109,831",colectiva,indice,ipva_indice_colectiva
27,Lugo,27 Lugo,2022,Vivienda unifamiliar,Índice,108.798,"108,798",unifamiliar,indice,ipva_indice_unifamiliar
27,Lugo,27 Lugo,2023,Total,Variación anual,2.3,"2,3",general,variacion_anual,ipva_variacion_anual_general
27,Lugo,27 Lugo,2023,Vivienda colectiva,Variación anual,2.5,"2,5",colectiva,variacion_anual,ipva_variacion_anual_colectiva
27,Lugo,27 Lugo,2023,Vivienda unifamiliar,Variación anual,0.7,"0,7",unifamiliar,variacion_anual,ipva_variacion_anual_unifamiliar
27,Lugo,27 Lugo,2023,Total,Índice,112.278,"112,278",general,indice,ipva_indice_general
27,Lugo,27 Lugo,2023,Vivienda colectiva,Índice,112.559,"112,559",colectiva,indice,ipva_indice_colectiva
27,Lugo,27 Lugo,2023,Vivienda unifamiliar,Índice,109.603,"109,603",unifamiliar,indice,ipva_indice_unifamiliar
27,Lugo,27 Lugo,2024,Total,Variación anual,3.8,"3,8",general,variacion_anual,ipva_variacion_anual_general
27,Lugo,27 Lugo,2024,Vivienda colectiva,Variación anual,4.0,"4,0",colectiva,variacion_anual,ipva_variacion_anual_colectiva
27,Lugo,27 Lugo,2024,Vivienda unifamiliar,Variación anual,2.6,"2,6",unifamiliar,variacion_anual,ipva_variacion_anual_unifamiliar
27,Lugo,27 Lugo,2024,Total,Índice,116.6,"116,600",general,indice,ipva_indice_general
27,Lugo,27 Lugo,2024,Vivienda colectiva,Índice,117.043,"117,043",colectiva,indice,ipva_indice_colectiva
27,Lugo,27 Lugo,2024,Vivienda unifamiliar,Índice,112.435,"112,435",unifamiliar,indice,ipva_indice_unifamiliar
28,Madrid,28 Madrid,2015,Total,Variación anual,0.4,"0,4",general,variacion_anual,ipva_variacion_anual_general
28,Madrid,28 Madrid,2015,Vivienda colectiva,Variación anual,0.4,"0,4",colectiva,variacion_anual,ipva_variacion_anual_colectiva
28,Madrid,28 Madrid,2015,Vivienda unifamiliar,Variación anual,0.8,"0,8",unifamiliar,variacion_anual,ipva_variacion_anual_unifamiliar
28,Madrid,28 Madrid,2015,Total,Índice,100.0,"100,000",general,indice,ipva_indice_general
28,Madrid,28 Madrid,2015,Vivienda colectiva,Índice,100.0,"100,000",colectiva,indice,ipva_indice_colectiva
28,Madrid,28 Madrid,2015,Vivienda unifamiliar,Índice,100.0,"100,000",unifamiliar,indice,ipva_indice_unifamiliar
28,Madrid,28 Madrid,2016,Total,Variación anual,1.8,"1,8",general,variacion_anual,ipva_variacion_anual_general
28,Madrid,28 Madrid,2016,Vivienda colectiva,Variación anual,1.8,"1,8",colectiva,variacion_anual,ipva_variacion_anual_colectiva
28,Madrid,28 Madrid,2016,Vivienda unifamiliar,Variación anual,1.3,"1,3",unifamiliar,variacion_anual,ipva_variacion_anual_unifamiliar
28,Madrid,28 Madrid,2016,Total,Índice,101.755,"101,755",general,indice,ipva_indice_general
28,Madrid,28 Madrid,2016,Vivienda colectiva,Índice,101.787,"101,787",colectiva,indice,ipva_indice_colectiva
28,Madrid,28 Madrid,2016,Vivienda unifamiliar,Índice,101.305,"101,305",unifamiliar,indice,ipva_indice_unifamiliar
28,Madrid,28 Madrid,2017,Total,Variación anual,1.9,"1,9",general,variacion_anual,ipva_variacion_anual_general
28,Madrid,28 Madrid,2017,Vivienda colectiva,Variación anual,1.9,"1,9",colectiva,variacion_anual,ipva_variacion_anual_colectiva
28,Madrid,28 Madrid,2017,Vivienda unifamiliar,Variación anual,1.7,"1,7",unifamiliar,variacion_anual,ipva_variacion_anual_unifamiliar
28,Madrid,28 Madrid,2017,Total,Índice,103.653,"103,653",general,indice,ipva_indice_general
28,Madrid,28 Madrid,2017,Vivienda colectiva,Índice,103.701,"103,701",colectiva,indice,ipva_indice_colectiva
28,Madrid,28 Madrid,2017,Vivienda unifamiliar,Índice,102.999,"102,999",unifamiliar,indice,ipva_indice_unifamiliar
28,Madrid,28 Madrid,2018,Total,Variación anual,2.7,"2,7",general,variacion_anual,ipva_variacion_anual_general
28,Madrid,28 Madrid,2018,Vivienda colectiva,Variación anual,2.8,"2,8",colectiva,variacion_anual,ipva_variacion_anual_colectiva
28,Madrid,28 Madrid,2018,Vivienda unifamiliar,Variación anual,1.7,"1,7",unifamiliar,variacion_anual,ipva_variacion_anual_unifamiliar
28,Madrid,28 Madrid,2018,Total,Índice,106.485,"106,485",general,indice,ipva_indice_general
28,Madrid,28 Madrid,2018,Vivienda colectiva,Índice,106.612,"106,612",colectiva,indice,ipva_indice_colectiva
28,Madrid,28 Madrid,2018,Vivienda unifamiliar,Índice,104.718,"104,718",unifamiliar,indice,ipva_indice_unifamiliar
28,Madrid,28 Madrid,2019,Total,Variación anual,4.0,"4,0",general,variacion_anual,ipva_variacion_anual_general
28,Madrid,28 Madrid,2019,Vivienda colectiva,Variación anual,4.1,"4,1",colectiva,variacion_anual,ipva_variacion_anual_colectiva
28,Madrid,28 Madrid,2019,Vivienda unifamiliar,Variación anual,1.9,"1,9",unifamiliar,variacion_anual,ipva_variacion_anual_unifamiliar
28,Madrid,28 Madrid,2019,Total,Índice,110.717,"110,717",general,indice,ipva_indice_general
28,Madrid,28 Madrid,2019,Vivienda colectiva,Índice,110.998,"110,998",colectiva,indice,ipva_indice_colectiva
28,Madrid,28 Madrid,2019,Vivienda unifamiliar,Índice,106.716,"106,716",unifamiliar,indice,ipva_indice_unifamiliar
28,Madrid,28 Madrid,2020,Total,Variación anual,0.6,"0,6",general,variacion_anual,ipva_variacion_anual_general
28,Madrid,28 Madrid,2020,Vivienda colectiva,Variación anual,0.7,"0,7",colectiva,variacion_anual,ipva_variacion_anual_colectiva
28,Madrid,28 Madrid,2020,Vivienda unifamiliar,Variación anual,0.5,"0,5",unifamiliar,variacion_anual,ipva_variacion_anual_unifamiliar
28,Madrid,28 Madrid,2020,Total,Índice,111.433,"111,433",general,indice,ipva_indice_general
28,Madrid,28 Madrid,2020,Vivienda colectiva,Índice,111.724,"111,724",colectiva,indice,ipva_indice_colectiva
28,Madrid,28 Madrid,2020,Vivienda unifamiliar,Índice,107.279,"107,279",unifamiliar,indice,ipva_indice_unifamiliar
28,Madrid,28 Madrid,2021,Total,Variación anual,1.0,"1,0",general,variacion_anual,ipva_variacion_anual_general
28,Madrid,28 Madrid,2021,Vivienda colectiva,Variación anual,0.9,"0,9",colectiva,variacion_anual,ipva_variacion_anual_colectiva
28,Madrid,28 Madrid,2021,Vivienda unifamiliar,Variación anual,1.8,"1,8",unifamiliar,variacion_anual,ipva_variacion_anual_unifamiliar
28,Madrid,28 Madrid,2021,Total,Índice,112.539,"112,539",general,indice,ipva_indice_general
28,Madrid,28 Madrid,2021,Vivienda colectiva,Índice,112.774,"112,774",colectiva,indice,ipva_indice_colectiva
28,Madrid,28 Madrid,2021,Vivienda unifamiliar,Índice,109.206,"109,206",unifamiliar,indice,ipva_indice_unifamiliar
28,Madrid,28 Madrid,2022,Total,Variación anual,2.4,"2,4",general,variacion_anual,ipva_variacion_anual_general
28,Madrid,28 Madrid,2022,Vivienda colectiva,Variación anual,2.4,"2,4",colectiva,variacion_anual,ipva_variacion_anual_colectiva
28,Madrid,28 Madrid,2022,Vivienda unifamiliar,Variación anual,2.5,"2,5",unifamiliar,variacion_anual,ipva_variacion_anual_unifamiliar
28,Madrid,28 Madrid,2022,Total,Índice,115.294,"115,294",general,indice,ipva_indice_general
28,Madrid,28 Madrid,2022,Vivienda colectiva,Índice,115.529,"115,529",colectiva,indice,ipva_indice_colectiva
28,Madrid,28 Madrid,2022,Vivienda unifamiliar,Índice,111.966,"111,966",unifamiliar,indice,ipva_indice_unifamiliar
28,Madrid,28 Madrid,2023,Total,Variación anual,2.5,"2,5",general,variacion_anual,ipva_variacion_anual_general
28,Madrid,28 Madrid,2023,Vivienda colectiva,Variación anual,2.5,"2,5",colectiva,variacion_anual,ipva_variacion_anual_colectiva
28,Madrid,28 Madrid,2023,Vivienda unifamiliar,Variación anual,2.2,"2,2",unifamiliar,variacion_anual,ipva_variacion_anual_unifamiliar
28,Madrid,28 Madrid,2023,Total,Índice,118.178,"118,178",general,indice,ipva_indice_general
28,Madrid,28 Madrid,2023,Vivienda colectiva,Índice,118.443,"118,443",colectiva,indice,ipva_indice_colectiva
28,Madrid,28 Madrid,2023,Vivienda unifamiliar,Índice,114.383,"114,383",unifamiliar,indice,ipva_indice_unifamiliar
28,Madrid,28 Madrid,2024,Total,Variación anual,3.4,"3,4",general,variacion_anual,ipva_variacion_anual_general
28,Madrid,28 Madrid,2024,Vivienda colectiva,Variación anual,3.5,"3,5",colectiva,variacion_anual,ipva_variacion_anual_colectiva
28,Madrid,28 Madrid,2024,Vivienda unifamiliar,Variación anual,2.9,"2,9",unifamiliar,variacion_anual,ipva_variacion_anual_unifamiliar
28,Madrid,28 Madrid,2024,Total,Índice,122.246,"122,246",general,indice,ipva_indice_general
28,Madrid,28 Madrid,2024,Vivienda colectiva,Índice,122.559,"122,559",colectiva,indice,ipva_indice_colectiva
28,Madrid,28 Madrid,2024,Vivienda unifamiliar,Índice,117.708,"117,708",unifamiliar,indice,ipva_indice_unifamiliar
29,Málaga,29 Málaga,2015,Total,Variación anual,0.3,"0,3",general,variacion_anual,ipva_variacion_anual_general
29,Málaga,29 Málaga,2015,Vivienda colectiva,Variación anual,0.2,"0,2",colectiva,variacion_anual,ipva_variacion_anual_colectiva
29,Málaga,29 Málaga,2015,Vivienda unifamiliar,Variación anual,0.9,"0,9",unifamiliar,variacion_anual,ipva_variacion_anual_unifamiliar
29,Málaga,29 Málaga,2015,Total,Índice,100.0,"100,000",general,indice,ipva_indice_general
29,Málaga,29 Málaga,2015,Vivienda colectiva,Índice,100.0,"100,000",colectiva,indice,ipva_indice_colectiva
29,Málaga,29 Málaga,2015,Vivienda unifamiliar,Índice,100.0,"100,000",unifamiliar,indice,ipva_indice_unifamiliar
29,Málaga,29 Málaga,2016,Total,Variación anual,2.4,"2,4",general,variacion_anual,ipva_variacion_anual_general
29,Málaga,29 Málaga,2016,Vivienda colectiva,Variación anual,2.5,"2,5",colectiva,variacion_anual,ipva_variacion_anual_colectiva
29,Málaga,29 Málaga,2016,Vivienda unifamiliar,Variación anual,2.0,"2,0",unifamiliar,variacion_anual,ipva_variacion_anual_unifamiliar
29,Málaga,29 Málaga,2016,Total,Índice,102.445,"102,445",general,indice,ipva_indice_general
29,Málaga,29 Málaga,2016,Vivienda colectiva,Índice,102.517,"102,517",colectiva,indice,ipva_indice_colectiva
29,Málaga,29 Málaga,2016,Vivienda unifamiliar,Índice,101.993,"101,993",unifamiliar,indice,ipva_indice_unifamiliar
29,Málaga,29 Málaga,2017,Total,Variación anual,2.3,"2,3",general,variacion_anual,ipva_variacion_anual_general
29,Málaga,29 Málaga,2017,Vivienda colectiva,Variación anual,2.2,"2,2",colectiva,variacion_anual,ipva_variacion_anual_colectiva
29,Málaga,29 Málaga,2017,Vivienda unifamiliar,Variación anual,2.8,"2,8",unifamiliar,variacion_anual,ipva_variacion_anual_unifamiliar
29,Málaga,29 Málaga,2017,Total,Índice,104.819,"104,819",general,indice,ipva_indice_general
29,Málaga,29 Málaga,2017,Vivienda colectiva,Índice,104.823,"104,823",colectiva,indice,ipva_indice_colectiva
29,Málaga,29 Málaga,2017,Vivienda unifamiliar,Índice,104.804,"104,804",unifamiliar,indice,ipva_indice_unifamiliar
29,Málaga,29 Málaga,2018,Total,Variación anual,3.4,"3,4",general,variacion_anual,ipva_variacion_anual_general
29,Málaga,29 Málaga,2018,Vivienda colectiva,Variación anual,3.4,"3,4",colectiva,variacion_anual,ipva_variacion_anual_colectiva
29,Málaga,29 Málaga,2018,Vivienda unifamiliar,Variación anual,3.1,"3,1",unifamiliar,variacion_anual,ipva_variacion_anual_unifamiliar
29,Málaga,29 Málaga,2018,Total,Índice,108.35,"108,350",general,indice,ipva_indice_general
29,Málaga,29 Málaga,2018,Vivienda colectiva,Índice,108.405,"108,405",colectiva,indice,ipva_indice_colectiva
29,Málaga,29 Málaga,2018,Vivienda unifamiliar,Índice,108.019,"108,019",unifamiliar,indice,ipva_indice_unifamiliar
29,Málaga,29 Málaga,2019,Total,Variación anual,4.4,"4,4",general,variacion_anual,ipva_variacion_anual_general
29,Málaga,29 Málaga,2019,Vivienda colectiva,Variación anual,4.7,"4,7",colectiva,variacion_anual,ipva_variacion_anual_colectiva
29,Málaga,29 Málaga,2019,Vivienda unifamiliar,Variación anual,2.1,"2,1",unifamiliar,variacion_anual,ipva_variacion_anual_unifamiliar
29,Málaga,29 Málaga,2019,Total,Índice,113.084,"113,084",general,indice,ipva_indice_general
29,Málaga,29 Málaga,2019,Vivienda colectiva,Índice,113.537,"113,537",colectiva,indice,ipva_indice_colectiva
29,Málaga,29 Málaga,2019,Vivienda unifamiliar,Índice,110.299,"110,299",unifamiliar,indice,ipva_indice_unifamiliar
29,Málaga,29 Málaga,2020,Total,Variación anual,0.7,"0,7",general,variacion_anual,ipva_variacion_anual_general
29,Málaga,29 Málaga,2020,Vivienda colectiva,Variación anual,0.8,"0,8",colectiva,variacion_anual,ipva_variacion_anual_colectiva
29,Málaga,29 Málaga,2020,Vivienda unifamiliar,Variación anual,0.1,"0,1",unifamiliar,variacion_anual,ipva_variacion_anual_unifamiliar
29,Málaga,29 Málaga,2020,Total,Índice,113.848,"113,848",general,indice,ipva_indice_general
29,Málaga,29 Málaga,2020,Vivienda colectiva,Índice,114.407,"114,407",colectiva,indice,ipva_indice_colectiva
29,Málaga,29 Málaga,2020,Vivienda unifamiliar,Índice,110.402,"110,402",unifamiliar,indice,ipva_indice_unifamiliar
29,Málaga,29 Málaga,2021,Total,Variación anual,1.9,"1,9",general,variacion_anual,ipva_variacion_anual_general
29,Málaga,29 Málaga,2021,Vivienda colectiva,Variación anual,1.9,"1,9",colectiva,variacion_anual,ipva_variacion_anual_colectiva
29,Málaga,29 Málaga,2021,Vivienda unifamiliar,Variación anual,1.9,"1,9",unifamiliar,variacion_anual,ipva_variacion_anual_unifamiliar
29,Málaga,29 Málaga,2021,Total,Índice,115.982,"115,982",general,indice,ipva_indice_general
29,Málaga,29 Málaga,2021,Vivienda colectiva,Índice,116.541,"116,541",colectiva,indice,ipva_indice_colectiva
29,Málaga,29 Málaga,2021,Vivienda unifamiliar,Índice,112.534,"112,534",unifamiliar,indice,ipva_indice_unifamiliar
29,Málaga,29 Málaga,2022,Total,Variación anual,3.5,"3,5",general,variacion_anual,ipva_variacion_anual_general
29,Málaga,29 Málaga,2022,Vivienda colectiva,Variación anual,3.6,"3,6",colectiva,variacion_anual,ipva_variacion_anual_colectiva
29,Málaga,29 Málaga,2022,Vivienda unifamiliar,Variación anual,2.9,"2,9",unifamiliar,variacion_anual,ipva_variacion_anual_unifamiliar
29,Málaga,29 Málaga,2022,Total,Índice,119.999,"119,999",general,indice,ipva_indice_general
29,Málaga,29 Málaga,2022,Vivienda colectiva,Índice,120.685,"120,685",colectiva,indice,ipva_indice_colectiva
29,Málaga,29 Málaga,2022,Vivienda unifamiliar,Índice,115.801,"115,801",unifamiliar,indice,ipva_indice_unifamiliar
29,Málaga,29 Málaga,2023,Total,Variación anual,3.5,"3,5",general,variacion_anual,ipva_variacion_anual_general
29,Málaga,29 Málaga,2023,Vivienda colectiva,Variación anual,3.6,"3,6",colectiva,variacion_anual,ipva_variacion_anual_colectiva
29,Málaga,29 Málaga,2023,Vivienda unifamiliar,Variación anual,3.1,"3,1",unifamiliar,variacion_anual,ipva_variacion_anual_unifamiliar
29,Málaga,29 Málaga,2023,Total,Índice,124.222,"124,222",general,indice,ipva_indice_general
29,Málaga,29 Málaga,2023,Vivienda colectiva,Índice,125.01,"125,010",colectiva,indice,ipva_indice_colectiva
29,Málaga,29 Málaga,2023,Vivienda unifamiliar,Índice,119.414,"119,414",unifamiliar,indice,ipva_indice_unifamiliar
29,Málaga,29 Málaga,2024,Total,Variación anual,4.9,"4,9",general,variacion_anual,ipva_variacion_anual_general
29,Málaga,29 Málaga,2024,Vivienda colectiva,Variación anual,5.0,"5,0",colectiva,variacion_anual,ipva_variacion_anual_colectiva
29,Málaga,29 Málaga,2024,Vivienda unifamiliar,Variación anual,4.4,"4,4",unifamiliar,variacion_anual,ipva_variacion_anual_unifamiliar
29,Málaga,29 Málaga,2024,Total,Índice,130.319,"130,319",general,indice,ipva_indice_general
29,Málaga,29 Málaga,2024,Vivienda colectiva,Índice,131.256,"131,256",colectiva,indice,ipva_indice_colectiva
29,Málaga,29 Málaga,2024,Vivienda unifamiliar,Índice,124.622,"124,622",unifamiliar,indice,ipva_indice_unifamiliar
30,Murcia,30 Murcia,2015,Total,Variación anual,-0.3,"-0,3",general,variacion_anual,ipva_variacion_anual_general
30,Murcia,30 Murcia,2015,Vivienda colectiva,Variación anual,-0.2,"-0,2",colectiva,variacion_anual,ipva_variacion_anual_colectiva
30,Murcia,30 Murcia,2015,Vivienda unifamiliar,Variación anual,-0.5,"-0,5",unifamiliar,variacion_anual,ipva_variacion_anual_unifamiliar
30,Murcia,30 Murcia,2015,Total,Índice,100.0,"100,000",general,indice,ipva_indice_general
30,Murcia,30 Murcia,2015,Vivienda colectiva,Índice,100.0,"100,000",colectiva,indice,ipva_indice_colectiva
30,Murcia,30 Murcia,2015,Vivienda unifamiliar,Índice,100.0,"100,000",unifamiliar,indice,ipva_indice_unifamiliar
30,Murcia,30 Murcia,2016,Total,Variación anual,1.5,"1,5",general,variacion_anual,ipva_variacion_anual_general
30,Murcia,30 Murcia,2016,Vivienda colectiva,Variación anual,1.5,"1,5",colectiva,variacion_anual,ipva_variacion_anual_colectiva
30,Murcia,30 Murcia,2016,Vivienda unifamiliar,Variación anual,1.5,"1,5",unifamiliar,variacion_anual,ipva_variacion_anual_unifamiliar
30,Murcia,30 Murcia,2016,Total,Índice,101.493,"101,493",general,indice,ipva_indice_general
30,Murcia,30 Murcia,2016,Vivienda colectiva,Índice,101.498,"101,498",colectiva,indice,ipva_indice_colectiva
30,Murcia,30 Murcia,2016,Vivienda unifamiliar,Índice,101.468,"101,468",unifamiliar,indice,ipva_indice_unifamiliar
30,Murcia,30 Murcia,2017,Total,Variación anual,1.3,"1,3",general,variacion_anual,ipva_variacion_anual_general
30,Murcia,30 Murcia,2017,Vivienda colectiva,Variación anual,1.5,"1,5",colectiva,variacion_anual,ipva_variacion_anual_colectiva
30,Murcia,30 Murcia,2017,Vivienda unifamiliar,Variación anual,0.5,"0,5",unifamiliar,variacion_anual,ipva_variacion_anual_unifamiliar
30,Murcia,30 Murcia,2017,Total,Índice,102.814,"102,814",general,indice,ipva_indice_general
30,Murcia,30 Murcia,2017,Vivienda colectiva,Índice,103.01,"103,010",colectiva,indice,ipva_indice_colectiva
30,Murcia,30 Murcia,2017,Vivienda unifamiliar,Índice,101.975,"101,975",unifamiliar,indice,ipva_indice_unifamiliar
30,Murcia,30 Murcia,2018,Total,Variación anual,2.1,"2,1",general,variacion_anual,ipva_variacion_anual_general
30,Murcia,30 Murcia,2018,Vivienda colectiva,Variación anual,2.2,"2,2",colectiva,variacion_anual,ipva_variacion_anual_colectiva
30,Murcia,30 Murcia,2018,Vivienda unifamiliar,Variación anual,1.7,"1,7",unifamiliar,variacion_anual,ipva_variacion_anual_unifamiliar
30,Murcia,30 Murcia,2018,Total,Índice,104.953,"104,953",general,indice,ipva_indice_general
30,Murcia,30 Murcia,2018,Vivienda colectiva,Índice,105.251,"105,251",colectiva,indice,ipva_indice_colectiva
30,Murcia,30 Murcia,2018,Vivienda unifamiliar,Índice,103.682,"103,682",unifamiliar,indice,ipva_indice_unifamiliar
30,Murcia,30 Murcia,2019,Total,Variación anual,3.0,"3,0",general,variacion_anual,ipva_variacion_anual_general
30,Murcia,30 Murcia,2019,Vivienda colectiva,Variación anual,3.2,"3,2",colectiva,variacion_anual,ipva_variacion_anual_colectiva
30,Murcia,30 Murcia,2019,Vivienda unifamiliar,Variación anual,2.0,"2,0",unifamiliar,variacion_anual,ipva_variacion_anual_unifamiliar
30,Murcia,30 Murcia,2019,Total,Índice,108.057,"108,057",general,indice,ipva_indice_general
30,Murcia,30 Murcia,2019,Vivienda colectiva,Índice,108.594,"108,594",colectiva,indice,ipva_indice_colectiva
30,Murcia,30 Murcia,2019,Vivienda unifamiliar,Índice,105.779,"105,779",unifamiliar,indice,ipva_indice_unifamiliar
30,Murcia,30 Murcia,2020,Total,Variación anual,1.3,"1,3",general,variacion_anual,ipva_variacion_anual_general
30,Murcia,30 Murcia,2020,Vivienda colectiva,Variación anual,1.3,"1,3",colectiva,variacion_anual,ipva_variacion_anual_colectiva
30,Murcia,30 Murcia,2020,Vivienda unifamiliar,Variación anual,1.1,"1,1",unifamiliar,variacion_anual,ipva_variacion_anual_unifamiliar
30,Murcia,30 Murcia,2020,Total,Índice,109.418,"109,418",general,indice,ipva_indice_general
30,Murcia,30 Murcia,2020,Vivienda colectiva,Índice,110.014,"110,014",colectiva,indice,ipva_indice_colectiva
30,Murcia,30 Murcia,2020,Vivienda unifamiliar,Índice,106.892,"106,892",unifamiliar,indice,ipva_indice_unifamiliar
30,Murcia,30 Murcia,2021,Total,Variación anual,2.3,"2,3",general,variacion_anual,ipva_variacion_anual_general
30,Murcia,30 Murcia,2021,Vivienda colectiva,Variación anual,2.5,"2,5",colectiva,variacion_anual,ipva_variacion_anual_colectiva
30,Murcia,30 Murcia,2021,Vivienda unifamiliar,Variación anual,1.7,"1,7",unifamiliar,variacion_anual,ipva_variacion_anual_unifamiliar
30,Murcia,30 Murcia,2021,Total,Índice,111.978,"111,978",general,indice,ipva_indice_general
30,Murcia,30 Murcia,2021,Vivienda colectiva,Índice,112.749,"112,749",colectiva,indice,ipva_indice_colectiva
30,Murcia,30 Murcia,2021,Vivienda unifamiliar,Índice,108.746,"108,746",unifamiliar,indice,ipva_indice_unifamiliar
30,Murcia,30 Murcia,2022,Total,Variación anual,2.6,"2,6",general,variacion_anual,ipva_variacion_anual_general
30,Murcia,30 Murcia,2022,Vivienda colectiva,Variación anual,2.8,"2,8",colectiva,variacion_anual,ipva_variacion_anual_colectiva
30,Murcia,30 Murcia,2022,Vivienda unifamiliar,Variación anual,1.8,"1,8",unifamiliar,variacion_anual,ipva_variacion_anual_unifamiliar
30,Murcia,30 Murcia,2022,Total,Índice,114.904,"114,904",general,indice,ipva_indice_general
30,Murcia,30 Murcia,2022,Vivienda colectiva,Índice,115.905,"115,905",colectiva,indice,ipva_indice_colectiva
30,Murcia,30 Murcia,2022,Vivienda unifamiliar,Índice,110.735,"110,735",unifamiliar,indice,ipva_indice_unifamiliar
30,Murcia,30 Murcia,2023,Total,Variación anual,2.4,"2,4",general,variacion_anual,ipva_variacion_anual_general
30,Murcia,30 Murcia,2023,Vivienda colectiva,Variación anual,2.5,"2,5",colectiva,variacion_anual,ipva_variacion_anual_colectiva
30,Murcia,30 Murcia,2023,Vivienda unifamiliar,Variación anual,1.9,"1,9",unifamiliar,variacion_anual,ipva_variacion_anual_unifamiliar
30,Murcia,30 Murcia,2023,Total,Índice,117.657,"117,657",general,indice,ipva_indice_general
30,Murcia,30 Murcia,2023,Vivienda colectiva,Índice,118.817,"118,817",colectiva,indice,ipva_indice_colectiva
30,Murcia,30 Murcia,2023,Vivienda unifamiliar,Índice,112.829,"112,829",unifamiliar,indice,ipva_indice_unifamiliar
30,Murcia,30 Murcia,2024,Total,Variación anual,3.4,"3,4",general,variacion_anual,ipva_variacion_anual_general
30,Murcia,30 Murcia,2024,Vivienda colectiva,Variación anual,3.5,"3,5",colectiva,variacion_anual,ipva_variacion_anual_colectiva
30,Murcia,30 Murcia,2024,Vivienda unifamiliar,Variación anual,2.7,"2,7",unifamiliar,variacion_anual,ipva_variacion_anual_unifamiliar
30,Murcia,30 Murcia,2024,Total,Índice,121.613,"121,613",general,indice,ipva_indice_general
30,Murcia,30 Murcia,2024,Vivienda colectiva,Índice,122.994,"122,994",colectiva,indice,ipva_indice_colectiva
30,Murcia,30 Murcia,2024,Vivienda unifamiliar,Índice,115.868,"115,868",unifamiliar,indice,ipva_indice_unifamiliar
32,Ourense,32 Ourense,2015,Total,Variación anual,-0.2,"-0,2",general,variacion_anual,ipva_variacion_anual_general
32,Ourense,32 Ourense,2015,Vivienda colectiva,Variación anual,-0.2,"-0,2",colectiva,variacion_anual,ipva_variacion_anual_colectiva
32,Ourense,32 Ourense,2015,Vivienda unifamiliar,Variación anual,1.2,"1,2",unifamiliar,variacion_anual,ipva_variacion_anual_unifamiliar
32,Ourense,32 Ourense,2015,Total,Índice,100.0,"100,000",general,indice,ipva_indice_general
32,Ourense,32 Ourense,2015,Vivienda colectiva,Índice,100.0,"100,000",colectiva,indice,ipva_indice_colectiva
32,Ourense,32 Ourense,2015,Vivienda unifamiliar,Índice,100.0,"100,000",unifamiliar,indice,ipva_indice_unifamiliar
32,Ourense,32 Ourense,2016,Total,Variación anual,0.7,"0,7",general,variacion_anual,ipva_variacion_anual_general
32,Ourense,32 Ourense,2016,Vivienda colectiva,Variación anual,0.7,"0,7",colectiva,variacion_anual,ipva_variacion_anual_colectiva
32,Ourense,32 Ourense,2016,Vivienda unifamiliar,Variación anual,0.6,"0,6",unifamiliar,variacion_anual,ipva_variacion_anual_unifamiliar
32,Ourense,32 Ourense,2016,Total,Índice,100.68,"100,680",general,indice,ipva_indice_general
32,Ourense,32 Ourense,2016,Vivienda colectiva,Índice,100.686,"100,686",colectiva,indice,ipva_indice_colectiva
32,Ourense,32 Ourense,2016,Vivienda unifamiliar,Índice,100.592,"100,592",unifamiliar,indice,ipva_indice_unifamiliar
32,Ourense,32 Ourense,2017,Total,Variación anual,0.9,"0,9",general,variacion_anual,ipva_variacion_anual_general
32,Ourense,32 Ourense,2017,Vivienda colectiva,Variación anual,1.0,"1,0",colectiva,variacion_anual,ipva_variacion_anual_colectiva
32,Ourense,32 Ourense,2017,Vivienda unifamiliar,Variación anual,0.4,"0,4",unifamiliar,variacion_anual,ipva_variacion_anual_unifamiliar
32,Ourense,32 Ourense,2017,Total,Índice,101.614,"101,614",general,indice,ipva_indice_general
32,Ourense,32 Ourense,2017,Vivienda colectiva,Índice,101.654,"101,654",colectiva,indice,ipva_indice_colectiva
32,Ourense,32 Ourense,2017,Vivienda unifamiliar,Índice,101.033,"101,033",unifamiliar,indice,ipva_indice_unifamiliar
32,Ourense,32 Ourense,2018,Total,Variación anual,1.2,"1,2",general,variacion_anual,ipva_variacion_anual_general
32,Ourense,32 Ourense,2018,Vivienda colectiva,Variación anual,1.1,"1,1",colectiva,variacion_anual,ipva_variacion_anual_colectiva
32,Ourense,32 Ourense,2018,Vivienda unifamiliar,Variación anual,1.7,"1,7",unifamiliar,variacion_anual,ipva_variacion_anual_unifamiliar
32,Ourense,32 Ourense,2018,Total,Índice,102.795,"102,795",general,indice,ipva_indice_general
32,Ourense,32 Ourense,2018,Vivienda colectiva,Índice,102.793,"102,793",colectiva,indice,ipva_indice_colectiva
32,Ourense,32 Ourense,2018,Vivienda unifamiliar,Índice,102.792,"102,792",unifamiliar,indice,ipva_indice_unifamiliar
32,Ourense,32 Ourense,2019,Total,Variación anual,2.4,"2,4",general,variacion_anual,ipva_variacion_anual_general
32,Ourense,32 Ourense,2019,Vivienda colectiva,Variación anual,2.4,"2,4",colectiva,variacion_anual,ipva_variacion_anual_colectiva
32,Ourense,32 Ourense,2019,Vivienda unifamiliar,Variación anual,2.1,"2,1",unifamiliar,variacion_anual,ipva_variacion_anual_unifamiliar
32,Ourense,32 Ourense,2019,Total,Índice,105.283,"105,283",general,indice,ipva_indice_general
32,Ourense,32 Ourense,2019,Vivienda colectiva,Índice,105.305,"105,305",colectiva,indice,ipva_indice_colectiva
32,Ourense,32 Ourense,2019,Vivienda unifamiliar,Índice,104.937,"104,937",unifamiliar,indice,ipva_indice_unifamiliar
32,Ourense,32 Ourense,2020,Total,Variación anual,0.6,"0,6",general,variacion_anual,ipva_variacion_anual_general
32,Ourense,32 Ourense,2020,Vivienda colectiva,Variación anual,0.5,"0,5",colectiva,variacion_anual,ipva_variacion_anual_colectiva
32,Ourense,32 Ourense,2020,Vivienda unifamiliar,Variación anual,0.9,"0,9",unifamiliar,variacion_anual,ipva_variacion_anual_unifamiliar
32,Ourense,32 Ourense,2020,Total,Índice,105.863,"105,863",general,indice,ipva_indice_general
32,Ourense,32 Ourense,2020,Vivienda colectiva,Índice,105.858,"105,858",colectiva,indice,ipva_indice_colectiva
32,Ourense,32 Ourense,2020,Vivienda unifamiliar,Índice,105.849,"105,849",unifamiliar,indice,ipva_indice_unifamiliar
32,Ourense,32 Ourense,2021,Total,Variación anual,1.8,"1,8",general,variacion_anual,ipva_variacion_anual_general
32,Ourense,32 Ourense,2021,Vivienda colectiva,Variación anual,1.8,"1,8",colectiva,variacion_anual,ipva_variacion_anual_colectiva
32,Ourense,32 Ourense,2021,Vivienda unifamiliar,Variación anual,2.2,"2,2",unifamiliar,variacion_anual,ipva_variacion_anual_unifamiliar
32,Ourense,32 Ourense,2021,Total,Índice,107.778,"107,778",general,indice,ipva_indice_general
32,Ourense,32 Ourense,2021,Vivienda colectiva,Índice,107.728,"107,728",colectiva,indice,ipva_indice_colectiva
32,Ourense,32 Ourense,2021,Vivienda unifamiliar,Índice,108.224,"108,224",unifamiliar,indice,ipva_indice_unifamiliar
32,Ourense,32 Ourense,2022,Total,Variación anual,1.9,"1,9",general,variacion_anual,ipva_variacion_anual_general
32,Ourense,32 Ourense,2022,Vivienda colectiva,Variación anual,2.0,"2,0",colectiva,variacion_anual,ipva_variacion_anual_colectiva
32,Ourense,32 Ourense,2022,Vivienda unifamiliar,Variación anual,0.9,"0,9",unifamiliar,variacion_anual,ipva_variacion_anual_unifamiliar
32,Ourense,32 Ourense,2022,Total,Índice,109.81,"109,810",general,indice,ipva_indice_general
32,Ourense,32 Ourense,2022,Vivienda colectiva,Índice,109.874,"109,874",colectiva,indice,ipva_indice_colectiva
32,Ourense,32 Ourense,2022,Vivienda unifamiliar,Índice,109.175,"109,175",unifamiliar,indice,ipva_indice_unifamiliar
32,Ourense,32 Ourense,2023,Total,Variación anual,1.6,"1,6",general,variacion_anual,ipva_variacion_anual_general
32,Ourense,32 Ourense,2023,Vivienda colectiva,Variación anual,1.6,"1,6",colectiva,variacion_anual,ipva_variacion_anual_colectiva
32,Ourense,32 Ourense,2023,Vivienda unifamiliar,Variación anual,2.1,"2,1",unifamiliar,variacion_anual,ipva_variacion_anual_unifamiliar
32,Ourense,32 Ourense,2023,Total,Índice,111.577,"111,577",general,indice,ipva_indice_general
32,Ourense,32 Ourense,2023,Vivienda colectiva,Índice,111.584,"111,584",colectiva,indice,ipva_indice_colectiva
32,Ourense,32 Ourense,2023,Vivienda unifamiliar,Índice,111.494,"111,494",unifamiliar,indice,ipva_indice_unifamiliar
32,Ourense,32 Ourense,2024,Total,Variación anual,2.6,"2,6",general,variacion_anual,ipva_variacion_anual_general
32,Ourense,32 Ourense,2024,Vivienda colectiva,Variación anual,2.6,"2,6",colectiva,variacion_anual,ipva_variacion_anual_colectiva
32,Ourense,32 Ourense,2024,Vivienda unifamiliar,Variación anual,2.8,"2,8",unifamiliar,variacion_anual,ipva_variacion_anual_unifamiliar
32,Ourense,32 Ourense,2024,Total,Índice,114.526,"114,526",general,indice,ipva_indice_general
32,Ourense,32 Ourense,2024,Vivienda colectiva,Índice,114.515,"114,515",colectiva,indice,ipva_indice_colectiva
32,Ourense,32 Ourense,2024,Vivienda unifamiliar,Índice,114.608,"114,608",unifamiliar,indice,ipva_indice_unifamiliar
33,Asturias,33 Asturias,2015,Total,Variación anual,-0.3,"-0,3",general,variacion_anual,ipva_variacion_anual_general
33,Asturias,33 Asturias,2015,Vivienda colectiva,Variación anual,-0.4,"-0,4",colectiva,variacion_anual,ipva_variacion_anual_colectiva
33,Asturias,33 Asturias,2015,Vivienda unifamiliar,Variación anual,0.2,"0,2",unifamiliar,variacion_anual,ipva_variacion_anual_unifamiliar
33,Asturias,33 Asturias,2015,Total,Índice,100.0,"100,000",general,indice,ipva_indice_general
33,Asturias,33 Asturias,2015,Vivienda colectiva,Índice,100.0,"100,000",colectiva,indice,ipva_indice_colectiva
33,Asturias,33 Asturias,2015,Vivienda unifamiliar,Índice,100.0,"100,000",unifamiliar,indice,ipva_indice_unifamiliar
33,Asturias,33 Asturias,2016,Total,Variación anual,1.2,"1,2",general,variacion_anual,ipva_variacion_anual_general
33,Asturias,33 Asturias,2016,Vivienda colectiva,Variación anual,1.2,"1,2",colectiva,variacion_anual,ipva_variacion_anual_colectiva
33,Asturias,33 Asturias,2016,Vivienda unifamiliar,Variación anual,1.4,"1,4",unifamiliar,variacion_anual,ipva_variacion_anual_unifamiliar
33,Asturias,33 Asturias,2016,Total,Índice,101.202,"101,202",general,indice,ipva_indice_general
33,Asturias,33 Asturias,2016,Vivienda colectiva,Índice,101.191,"101,191",colectiva,indice,ipva_indice_colectiva
33,Asturias,33 Asturias,2016,Vivienda unifamiliar,Índice,101.369,"101,369",unifamiliar,indice,ipva_indice_unifamiliar
33,Asturias,33 Asturias,2017,Total,Variación anual,1.0,"1,0",general,variacion_anual,ipva_variacion_anual_general
33,Asturias,33 Asturias,2017,Vivienda colectiva,Variación anual,1.0,"1,0",colectiva,variacion_anual,ipva_variacion_anual_colectiva
33,Asturias,33 Asturias,2017,Vivienda unifamiliar,Variación anual,0.7,"0,7",unifamiliar,variacion_anual,ipva_variacion_anual_unifamiliar
33,Asturias,33 Asturias,2017,Total,Índice,102.187,"102,187",general,indice,ipva_indice_general
33,Asturias,33 Asturias,2017,Vivienda colectiva,Índice,102.193,"102,193",colectiva,indice,ipva_indice_colectiva
33,Asturias,33 Asturias,2017,Vivienda unifamiliar,Índice,102.115,"102,115",unifamiliar,indice,ipva_indice_unifamiliar
33,Asturias,33 Asturias,2018,Total,Variación anual,1.2,"1,2",general,variacion_anual,ipva_variacion_anual_general
33,Asturias,33 Asturias,2018,Vivienda colectiva,Variación anual,1.2,"1,2",colectiva,variacion_anual,ipva_variacion_anual_colectiva
33,Asturias,33 Asturias,2018,Vivienda unifamiliar,Variación anual,1.0,"1,0",unifamiliar,variacion_anual,ipva_variacion_anual_unifamiliar
33,Asturias,33 Asturias,2018,Total,Índice,103.399,"103,399",general,indice,ipva_indice_general
33,Asturias,33 Asturias,2018,Vivienda colectiva,Índice,103.421,"103,421",colectiva,indice,ipva_indice_colectiva
33,Asturias,33 Asturias,2018,Vivienda unifamiliar,Índice,103.093,"103,093",unifamiliar,indice,ipva_indice_unifamiliar
33,Asturias,33 Asturias,2019,Total,Variación anual,2.1,"2,1",general,variacion_anual,ipva_variacion_anual_general
33,Asturias,33 Asturias,2019,Vivienda colectiva,Variación anual,2.1,"2,1",colectiva,variacion_anual,ipva_variacion_anual_colectiva
33,Asturias,33 Asturias,2019,Vivienda unifamiliar,Variación anual,1.0,"1,0",unifamiliar,variacion_anual,ipva_variacion_anual_unifamiliar
33,Asturias,33 Asturias,2019,Total,Índice,105.52,"105,520",general,indice,ipva_indice_general
33,Asturias,33 Asturias,2019,Vivienda colectiva,Índice,105.617,"105,617",colectiva,indice,ipva_indice_colectiva
33,Asturias,33 Asturias,2019,Vivienda unifamiliar,Índice,104.093,"104,093",unifamiliar,indice,ipva_indice_unifamiliar
33,Asturias,33 Asturias,2020,Total,Variación anual,0.9,"0,9",general,variacion_anual,ipva_variacion_anual_general
33,Asturias,33 Asturias,2020,Vivienda colectiva,Variación anual,0.8,"0,8",colectiva,variacion_anual,ipva_variacion_anual_colectiva
33,Asturias,33 Asturias,2020,Vivienda unifamiliar,Variación anual,1.4,"1,4",unifamiliar,variacion_anual,ipva_variacion_anual_unifamiliar
33,Asturias,33 Asturias,2020,Total,Índice,106.446,"106,446",general,indice,ipva_indice_general
33,Asturias,33 Asturias,2020,Vivienda colectiva,Índice,106.504,"106,504",colectiva,indice,ipva_indice_colectiva
33,Asturias,33 Asturias,2020,Vivienda unifamiliar,Índice,105.596,"105,596",unifamiliar,indice,ipva_indice_unifamiliar
33,Asturias,33 Asturias,2021,Total,Variación anual,1.5,"1,5",general,variacion_anual,ipva_variacion_anual_general
33,Asturias,33 Asturias,2021,Vivienda colectiva,Variación anual,1.4,"1,4",colectiva,variacion_anual,ipva_variacion_anual_colectiva
33,Asturias,33 Asturias,2021,Vivienda unifamiliar,Variación anual,1.6,"1,6",unifamiliar,variacion_anual,ipva_variacion_anual_unifamiliar
33,Asturias,33 Asturias,2021,Total,Índice,107.998,"107,998",general,indice,ipva_indice_general
33,Asturias,33 Asturias,2021,Vivienda colectiva,Índice,108.048,"108,048",colectiva,indice,ipva_indice_colectiva
33,Asturias,33 Asturias,2021,Vivienda unifamiliar,Índice,107.262,"107,262",unifamiliar,indice,ipva_indice_unifamiliar
33,Asturias,33 Asturias,2022,Total,Variación anual,1.8,"1,8",general,variacion_anual,ipva_variacion_anual_general
33,Asturias,33 Asturias,2022,Vivienda colectiva,Variación anual,1.8,"1,8",colectiva,variacion_anual,ipva_variacion_anual_colectiva
33,Asturias,33 Asturias,2022,Vivienda unifamiliar,Variación anual,1.6,"1,6",unifamiliar,variacion_anual,ipva_variacion_anual_unifamiliar
33,Asturias,33 Asturias,2022,Total,Índice,109.909,"109,909",general,indice,ipva_indice_general
33,Asturias,33 Asturias,2022,Vivienda colectiva,Índice,109.972,"109,972",colectiva,indice,ipva_indice_colectiva
33,Asturias,33 Asturias,2022,Vivienda unifamiliar,Índice,108.988,"108,988",unifamiliar,indice,ipva_indice_unifamiliar
33,Asturias,33 Asturias,2023,Total,Variación anual,1.8,"1,8",general,variacion_anual,ipva_variacion_anual_general
33,Asturias,33 Asturias,2023,Vivienda colectiva,Variación anual,1.9,"1,9",colectiva,variacion_anual,ipva_variacion_anual_colectiva
33,Asturias,33 Asturias,2023,Vivienda unifamiliar,Variación anual,1.1,"1,1",unifamiliar,variacion_anual,ipva_variacion_anual_unifamiliar
33,Asturias,33 Asturias,2023,Total,Índice,111.921,"111,921",general,indice,ipva_indice_general
33,Asturias,33 Asturias,2023,Vivienda colectiva,Índice,112.037,"112,037",colectiva,indice,ipva_indice_colectiva
33,Asturias,33 Asturias,2023,Vivienda unifamiliar,Índice,110.236,"110,236",unifamiliar,indice,ipva_indice_unifamiliar
33,Asturias,33 Asturias,2024,Total,Variación anual,2.7,"2,7",general,variacion_anual,ipva_variacion_anual_general
33,Asturias,33 Asturias,2024,Vivienda colectiva,Variación anual,2.7,"2,7",colectiva,variacion_anual,ipva_variacion_anual_colectiva
33,Asturias,33 Asturias,2024,Vivienda unifamiliar,Variación anual,2.4,"2,4",unifamiliar,variacion_anual,ipva_variacion_anual_unifamiliar
33,Asturias,33 Asturias,2024,Total,Índice,114.919,"114,919",general,indice,ipva_indice_general
33,Asturias,33 Asturias,2024,Vivienda colectiva,Índice,115.057,"115,057",colectiva,indice,ipva_indice_colectiva
33,Asturias,33 Asturias,2024,Vivienda unifamiliar,Índice,112.926,"112,926",unifamiliar,indice,ipva_indice_unifamiliar
34,Palencia,34 Palencia,2015,Total,Variación anual,-0.1,"-0,1",general,variacion_anual,ipva_variacion_anual_general
34,Palencia,34 Palencia,2015,Vivienda colectiva,Variación anual,-0.1,"-0,1",colectiva,variacion_anual,ipva_variacion_anual_colectiva
34,Palencia,34 Palencia,2015,Vivienda unifamiliar,Variación anual,-0.2,"-0,2",unifamiliar,variacion_anual,ipva_variacion_anual_unifamiliar
34,Palencia,34 Palencia,2015,Total,Índice,100.0,"100,000",general,indice,ipva_indice_general
34,Palencia,34 Palencia,2015,Vivienda colectiva,Índice,100.0,"100,000",colectiva,indice,ipva_indice_colectiva
34,Palencia,34 Palencia,2015,Vivienda unifamiliar,Índice,100.0,"100,000",unifamiliar,indice,ipva_indice_unifamiliar
34,Palencia,34 Palencia,2016,Total,Variación anual,2.0,"2,0",general,variacion_anual,ipva_variacion_anual_general
34,Palencia,34 Palencia,2016,Vivienda colectiva,Variación anual,1.9,"1,9",colectiva,variacion_anual,ipva_variacion_anual_colectiva
34,Palencia,34 Palencia,2016,Vivienda unifamiliar,Variación anual,3.4,"3,4",unifamiliar,variacion_anual,ipva_variacion_anual_unifamiliar
34,Palencia,34 Palencia,2016,Total,Índice,102.001,"102,001",general,indice,ipva_indice_general
34,Palencia,34 Palencia,2016,Vivienda colectiva,Índice,101.866,"101,866",colectiva,indice,ipva_indice_colectiva
34,Palencia,34 Palencia,2016,Vivienda unifamiliar,Índice,103.416,"103,416",unifamiliar,indice,ipva_indice_unifamiliar
34,Palencia,34 Palencia,2017,Total,Variación anual,1.0,"1,0",general,variacion_anual,ipva_variacion_anual_general
34,Palencia,34 Palencia,2017,Vivienda colectiva,Variación anual,1.0,"1,0",colectiva,variacion_anual,ipva_variacion_anual_colectiva
34,Palencia,34 Palencia,2017,Vivienda unifamiliar,Variación anual,1.4,"1,4",unifamiliar,variacion_anual,ipva_variacion_anual_unifamiliar
34,Palencia,34 Palencia,2017,Total,Índice,103.057,"103,057",general,indice,ipva_indice_general
34,Palencia,34 Palencia,2017,Vivienda colectiva,Índice,102.878,"102,878",colectiva,indice,ipva_indice_colectiva
34,Palencia,34 Palencia,2017,Vivienda unifamiliar,Índice,104.915,"104,915",unifamiliar,indice,ipva_indice_unifamiliar
34,Palencia,34 Palencia,2018,Total,Variación anual,1.5,"1,5",general,variacion_anual,ipva_variacion_anual_general
34,Palencia,34 Palencia,2018,Vivienda colectiva,Variación anual,1.5,"1,5",colectiva,variacion_anual,ipva_variacion_anual_colectiva
34,Palencia,34 Palencia,2018,Vivienda unifamiliar,Variación anual,1.2,"1,2",unifamiliar,variacion_anual,ipva_variacion_anual_unifamiliar
34,Palencia,34 Palencia,2018,Total,Índice,104.603,"104,603",general,indice,ipva_indice_general
34,Palencia,34 Palencia,2018,Vivienda colectiva,Índice,104.452,"104,452",colectiva,indice,ipva_indice_colectiva
34,Palencia,34 Palencia,2018,Vivienda unifamiliar,Índice,106.18,"106,180",unifamiliar,indice,ipva_indice_unifamiliar
34,Palencia,34 Palencia,2019,Total,Variación anual,1.8,"1,8",general,variacion_anual,ipva_variacion_anual_general
34,Palencia,34 Palencia,2019,Vivienda colectiva,Variación anual,2.0,"2,0",colectiva,variacion_anual,ipva_variacion_anual_colectiva
34,Palencia,34 Palencia,2019,Vivienda unifamiliar,Variación anual,-0.8,"-0,8",unifamiliar,variacion_anual,ipva_variacion_anual_unifamiliar
34,Palencia,34 Palencia,2019,Total,Índice,106.451,"106,451",general,indice,ipva_indice_general
34,Palencia,34 Palencia,2019,Vivienda colectiva,Índice,106.566,"106,566",colectiva,indice,ipva_indice_colectiva
34,Palencia,34 Palencia,2019,Vivienda unifamiliar,Índice,105.348,"105,348",unifamiliar,indice,ipva_indice_unifamiliar
34,Palencia,34 Palencia,2020,Total,Variación anual,0.9,"0,9",general,variacion_anual,ipva_variacion_anual_general
34,Palencia,34 Palencia,2020,Vivienda colectiva,Variación anual,0.8,"0,8",colectiva,variacion_anual,ipva_variacion_anual_colectiva
34,Palencia,34 Palencia,2020,Vivienda unifamiliar,Variación anual,1.1,"1,1",unifamiliar,variacion_anual,ipva_variacion_anual_unifamiliar
34,Palencia,34 Palencia,2020,Total,Índice,107.371,"107,371",general,indice,ipva_indice_general
34,Palencia,34 Palencia,2020,Vivienda colectiva,Índice,107.464,"107,464",colectiva,indice,ipva_indice_colectiva
34,Palencia,34 Palencia,2020,Vivienda unifamiliar,Índice,106.478,"106,478",unifamiliar,indice,ipva_indice_unifamiliar
34,Palencia,34 Palencia,2021,Total,Variación anual,1.0,"1,0",general,variacion_anual,ipva_variacion_anual_general
34,Palencia,34 Palencia,2021,Vivienda colectiva,Variación anual,1.1,"1,1",colectiva,variacion_anual,ipva_variacion_anual_colectiva
34,Palencia,34 Palencia,2021,Vivienda unifamiliar,Variación anual,0.0,"0,0",unifamiliar,variacion_anual,ipva_variacion_anual_unifamiliar
34,Palencia,34 Palencia,2021,Total,Índice,108.46,"108,460",general,indice,ipva_indice_general
34,Palencia,34 Palencia,2021,Vivienda colectiva,Índice,108.672,"108,672",colectiva,indice,ipva_indice_colectiva
34,Palencia,34 Palencia,2021,Vivienda unifamiliar,Índice,106.506,"106,506",unifamiliar,indice,ipva_indice_unifamiliar
34,Palencia,34 Palencia,2022,Total,Variación anual,1.4,"1,4",general,variacion_anual,ipva_variacion_anual_general
34,Palencia,34 Palencia,2022,Vivienda colectiva,Variación anual,1.3,"1,3",colectiva,variacion_anual,ipva_variacion_anual_colectiva
34,Palencia,34 Palencia,2022,Vivienda unifamiliar,Variación anual,1.9,"1,9",unifamiliar,variacion_anual,ipva_variacion_anual_unifamiliar
34,Palencia,34 Palencia,2022,Total,Índice,109.967,"109,967",general,indice,ipva_indice_general
34,Palencia,34 Palencia,2022,Vivienda colectiva,Índice,110.118,"110,118",colectiva,indice,ipva_indice_colectiva
34,Palencia,34 Palencia,2022,Vivienda unifamiliar,Índice,108.572,"108,572",unifamiliar,indice,ipva_indice_unifamiliar
34,Palencia,34 Palencia,2023,Total,Variación anual,1.5,"1,5",general,variacion_anual,ipva_variacion_anual_general
34,Palencia,34 Palencia,2023,Vivienda colectiva,Variación anual,1.5,"1,5",colectiva,variacion_anual,ipva_variacion_anual_colectiva
34,Palencia,34 Palencia,2023,Vivienda unifamiliar,Variación anual,1.1,"1,1",unifamiliar,variacion_anual,ipva_variacion_anual_unifamiliar
34,Palencia,34 Palencia,2023,Total,Índice,111.606,"111,606",general,indice,ipva_indice_general
34,Palencia,34 Palencia,2023,Vivienda colectiva,Índice,111.801,"111,801",colectiva,indice,ipva_indice_colectiva
34,Palencia,34 Palencia,2023,Vivienda unifamiliar,Índice,109.798,"109,798",unifamiliar,indice,ipva_indice_unifamiliar
34,Palencia,34 Palencia,2024,Total,Variación anual,2.4,"2,4",general,variacion_anual,ipva_variacion_anual_general
34,Palencia,34 Palencia,2024,Vivienda colectiva,Variación anual,2.6,"2,6",colectiva,variacion_anual,ipva_variacion_anual_colectiva
34,Palencia,34 Palencia,2024,Vivienda unifamiliar,Variación anual,1.3,"1,3",unifamiliar,variacion_anual,ipva_variacion_anual_unifamiliar
34,Palencia,34 Palencia,2024,Total,Índice,114.323,"114,323",general,indice,ipva_indice_general
34,Palencia,34 Palencia,2024,Vivienda colectiva,Índice,114.656,"114,656",colectiva,indice,ipva_indice_colectiva
34,Palencia,34 Palencia,2024,Vivienda unifamiliar,Índice,111.197,"111,197",unifamiliar,indice,ipva_indice_unifamiliar
35,"Palmas, Las","35 Palmas, Las",2015,Total,Variación anual,0.7,"0,7",general,variacion_anual,ipva_variacion_anual_general
35,"Palmas, Las","35 Palmas, Las",2015,Vivienda colectiva,Variación anual,0.7,"0,7",colectiva,variacion_anual,ipva_variacion_anual_colectiva
35,"Palmas, Las","35 Palmas, Las",2015,Vivienda unifamiliar,Variación anual,0.8,"0,8",unifamiliar,variacion_anual,ipva_variacion_anual_unifamiliar
35,"Palmas, Las","35 Palmas, Las",2015,Total,Índice,100.0,"100,000",general,indice,ipva_indice_general
35,"Palmas, Las","35 Palmas, Las",2015,Vivienda colectiva,Índice,100.0,"100,000",colectiva,indice,ipva_indice_colectiva
35,"Palmas, Las","35 Palmas, Las",2015,Vivienda unifamiliar,Índice,100.0,"100,000",unifamiliar,indice,ipva_indice_unifamiliar
35,"Palmas, Las","35 Palmas, Las",2016,Total,Variación anual,2.0,"2,0",general,variacion_anual,ipva_variacion_anual_general
35,"Palmas, Las","35 Palmas, Las",2016,Vivienda colectiva,Variación anual,1.8,"1,8",colectiva,variacion_anual,ipva_variacion_anual_colectiva
35,"Palmas, Las","35 Palmas, Las",2016,Vivienda unifamiliar,Variación anual,2.7,"2,7",unifamiliar,variacion_anual,ipva_variacion_anual_unifamiliar
35,"Palmas, Las","35 Palmas, Las",2016,Total,Índice,102.004,"102,004",general,indice,ipva_indice_general
35,"Palmas, Las","35 Palmas, Las",2016,Vivienda colectiva,Índice,101.789,"101,789",colectiva,indice,ipva_indice_colectiva
35,"Palmas, Las","35 Palmas, Las",2016,Vivienda unifamiliar,Índice,102.658,"102,658",unifamiliar,indice,ipva_indice_unifamiliar
35,"Palmas, Las","35 Palmas, Las",2017,Total,Variación anual,2.3,"2,3",general,variacion_anual,ipva_variacion_anual_general
35,"Palmas, Las","35 Palmas, Las",2017,Vivienda colectiva,Variación anual,2.1,"2,1",colectiva,variacion_anual,ipva_variacion_anual_colectiva
35,"Palmas, Las","35 Palmas, Las",2017,Vivienda unifamiliar,Variación anual,2.9,"2,9",unifamiliar,variacion_anual,ipva_variacion_anual_unifamiliar
35,"Palmas, Las","35 Palmas, Las",2017,Total,Índice,104.351,"104,351",general,indice,ipva_indice_general
35,"Palmas, Las","35 Palmas, Las",2017,Vivienda colectiva,Índice,103.933,"103,933",colectiva,indice,ipva_indice_colectiva
35,"Palmas, Las","35 Palmas, Las",2017,Vivienda unifamiliar,Índice,105.611,"105,611",unifamiliar,indice,ipva_indice_unifamiliar
35,"Palmas, Las","35 Palmas, Las",2018,Total,Variación anual,2.6,"2,6",general,variacion_anual,ipva_variacion_anual_general
35,"Palmas, Las","35 Palmas, Las",2018,Vivienda colectiva,Variación anual,2.6,"2,6",colectiva,variacion_anual,ipva_variacion_anual_colectiva
35,"Palmas, Las","35 Palmas, Las",2018,Vivienda unifamiliar,Variación anual,2.6,"2,6",unifamiliar,variacion_anual,ipva_variacion_anual_unifamiliar
35,"Palmas, Las","35 Palmas, Las",2018,Total,Índice,107.077,"107,077",general,indice,ipva_indice_general
35,"Palmas, Las","35 Palmas, Las",2018,Vivienda colectiva,Índice,106.652,"106,652",colectiva,indice,ipva_indice_colectiva
35,"Palmas, Las","35 Palmas, Las",2018,Vivienda unifamiliar,Índice,108.359,"108,359",unifamiliar,indice,ipva_indice_unifamiliar
35,"Palmas, Las","35 Palmas, Las",2019,Total,Variación anual,3.2,"3,2",general,variacion_anual,ipva_variacion_anual_general
35,"Palmas, Las","35 Palmas, Las",2019,Vivienda colectiva,Variación anual,3.7,"3,7",colectiva,variacion_anual,ipva_variacion_anual_colectiva
35,"Palmas, Las","35 Palmas, Las",2019,Vivienda unifamiliar,Variación anual,1.6,"1,6",unifamiliar,variacion_anual,ipva_variacion_anual_unifamiliar
35,"Palmas, Las","35 Palmas, Las",2019,Total,Índice,110.457,"110,457",general,indice,ipva_indice_general
35,"Palmas, Las","35 Palmas, Las",2019,Vivienda colectiva,Índice,110.572,"110,572",colectiva,indice,ipva_indice_colectiva
35,"Palmas, Las","35 Palmas, Las",2019,Vivienda unifamiliar,Índice,110.053,"110,053",unifamiliar,indice,ipva_indice_unifamiliar
35,"Palmas, Las","35 Palmas, Las",2020,Total,Variación anual,-0.1,"-0,1",general,variacion_anual,ipva_variacion_anual_general
35,"Palmas, Las","35 Palmas, Las",2020,Vivienda colectiva,Variación anual,0.3,"0,3",colectiva,variacion_anual,ipva_variacion_anual_colectiva
35,"Palmas, Las","35 Palmas, Las",2020,Vivienda unifamiliar,Variación anual,-1.3,"-1,3",unifamiliar,variacion_anual,ipva_variacion_anual_unifamiliar
35,"Palmas, Las","35 Palmas, Las",2020,Total,Índice,110.376,"110,376",general,indice,ipva_indice_general
35,"Palmas, Las","35 Palmas, Las",2020,Vivienda colectiva,Índice,110.919,"110,919",colectiva,indice,ipva_indice_colectiva
35,"Palmas, Las","35 Palmas, Las",2020,Vivienda unifamiliar,Índice,108.643,"108,643",unifamiliar,indice,ipva_indice_unifamiliar
35,"Palmas, Las","35 Palmas, Las",2021,Total,Variación anual,1.6,"1,6",general,variacion_anual,ipva_variacion_anual_general
35,"Palmas, Las","35 Palmas, Las",2021,Vivienda colectiva,Variación anual,1.6,"1,6",colectiva,variacion_anual,ipva_variacion_anual_colectiva
35,"Palmas, Las","35 Palmas, Las",2021,Vivienda unifamiliar,Variación anual,1.6,"1,6",unifamiliar,variacion_anual,ipva_variacion_anual_unifamiliar
35,"Palmas, Las","35 Palmas, Las",2021,Total,Índice,112.18,"112,180",general,indice,ipva_indice_general
35,"Palmas, Las","35 Palmas, Las",2021,Vivienda colectiva,Índice,112.732,"112,732",colectiva,indice,ipva_indice_colectiva
35,"Palmas, Las","35 Palmas, Las",2021,Vivienda unifamiliar,Índice,110.413,"110,413",unifamiliar,indice,ipva_indice_unifamiliar
35,"Palmas, Las","35 Palmas, Las",2022,Total,Variación anual,2.6,"2,6",general,variacion_anual,ipva_variacion_anual_general
35,"Palmas, Las","35 Palmas, Las",2022,Vivienda colectiva,Variación anual,2.4,"2,4",colectiva,variacion_anual,ipva_variacion_anual_colectiva
35,"Palmas, Las","35 Palmas, Las",2022,Vivienda unifamiliar,Variación anual,3.0,"3,0",unifamiliar,variacion_anual,ipva_variacion_anual_unifamiliar
35,"Palmas, Las","35 Palmas, Las",2022,Total,Índice,115.058,"115,058",general,indice,ipva_indice_general
35,"Palmas, Las","35 Palmas, Las",2022,Vivienda colectiva,Índice,115.464,"115,464",colectiva,indice,ipva_indice_colectiva
35,"Palmas, Las","35 Palmas, Las",2022,Vivienda unifamiliar,Índice,113.722,"113,722",unifamiliar,indice,ipva_indice_unifamiliar
35,"Palmas, Las","35 Palmas, Las",2023,Total,Variación anual,2.4,"2,4",general,variacion_anual,ipva_variacion_anual_general
35,"Palmas, Las","35 Palmas, Las",2023,Vivienda colectiva,Variación anual,2.4,"2,4",colectiva,variacion_anual,ipva_variacion_anual_colectiva
35,"Palmas, Las","35 Palmas, Las",2023,Vivienda unifamiliar,Variación anual,2.5,"2,5",unifamiliar,variacion_anual,ipva_variacion_anual_unifamiliar
35,"Palmas, Las","35 Palmas, Las",2023,Total,Índice,117.851,"117,851",general,indice,ipva_indice_general
35,"Palmas, Las","35 Palmas, Las",2023,Vivienda colectiva,Índice,118.243,"118,243",colectiva,indice,ipva_indice_colectiva
35,"Palmas, Las","35 Palmas, Las",2023,Vivienda unifamiliar,Índice,116.561,"116,561",unifamiliar,indice,ipva_indice_unifamiliar
35,"Palmas, Las","35 Palmas, Las",2024,Total,Variación anual,3.4,"3,4",general,variacion_anual,ipva_variacion_anual_general
35,"Palmas, Las","35 Palmas, Las",2024,Vivienda colectiva,Variación anual,3.5,"3,5",colectiva,variacion_anual,ipva_variacion_anual_colectiva
35,"Palmas, Las","35 Palmas, Las",2024,Vivienda unifamiliar,Variación anual,3.0,"3,0",unifamiliar,variacion_anual,ipva_variacion_anual_unifamiliar
35,"Palmas, Las","35 Palmas, Las",2024,Total,Índice,121.881,"121,881",general,indice,ipva_indice_general
35,"Palmas, Las","35 Palmas, Las",2024,Vivienda colectiva,Índice,122.427,"122,427",colectiva,indice,ipva_indice_colectiva
35,"Palmas, Las","35 Palmas, Las",2024,Vivienda unifamiliar,Índice,120.106,"120,106",unifamiliar,indice,ipva_indice_unifamiliar
36,Pontevedra,36 Pontevedra,2015,Total,Variación anual,-0.1,"-0,1",general,variacion_anual,ipva_variacion_anual_general
36,Pontevedra,36 Pontevedra,2015,Vivienda colectiva,Variación anual,-0.1,"-0,1",colectiva,variacion_anual,ipva_variacion_anual_colectiva
36,Pontevedra,36 Pontevedra,2015,Vivienda unifamiliar,Variación anual,0.7,"0,7",unifamiliar,variacion_anual,ipva_variacion_anual_unifamiliar
36,Pontevedra,36 Pontevedra,2015,Total,Índice,100.0,"100,000",general,indice,ipva_indice_general
36,Pontevedra,36 Pontevedra,2015,Vivienda colectiva,Índice,100.0,"100,000",colectiva,indice,ipva_indice_colectiva
36,Pontevedra,36 Pontevedra,2015,Vivienda unifamiliar,Índice,100.0,"100,000",unifamiliar,indice,ipva_indice_unifamiliar
36,Pontevedra,36 Pontevedra,2016,Total,Variación anual,1.0,"1,0",general,variacion_anual,ipva_variacion_anual_general
36,Pontevedra,36 Pontevedra,2016,Vivienda colectiva,Variación anual,0.9,"0,9",colectiva,variacion_anual,ipva_variacion_anual_colectiva
36,Pontevedra,36 Pontevedra,2016,Vivienda unifamiliar,Variación anual,1.3,"1,3",unifamiliar,variacion_anual,ipva_variacion_anual_unifamiliar
36,Pontevedra,36 Pontevedra,2016,Total,Índice,100.964,"100,964",general,indice,ipva_indice_general
36,Pontevedra,36 Pontevedra,2016,Vivienda colectiva,Índice,100.929,"100,929",colectiva,indice,ipva_indice_colectiva
36,Pontevedra,36 Pontevedra,2016,Vivienda unifamiliar,Índice,101.328,"101,328",unifamiliar,indice,ipva_indice_unifamiliar
36,Pontevedra,36 Pontevedra,2017,Total,Variación anual,1.0,"1,0",general,variacion_anual,ipva_variacion_anual_general
36,Pontevedra,36 Pontevedra,2017,Vivienda colectiva,Variación anual,1.0,"1,0",colectiva,variacion_anual,ipva_variacion_anual_colectiva
36,Pontevedra,36 Pontevedra,2017,Vivienda unifamiliar,Variación anual,1.3,"1,3",unifamiliar,variacion_anual,ipva_variacion_anual_unifamiliar
36,Pontevedra,36 Pontevedra,2017,Total,Índice,101.984,"101,984",general,indice,ipva_indice_general
36,Pontevedra,36 Pontevedra,2017,Vivienda colectiva,Índice,101.916,"101,916",colectiva,indice,ipva_indice_colectiva
36,Pontevedra,36 Pontevedra,2017,Vivienda unifamiliar,Índice,102.684,"102,684",unifamiliar,indice,ipva_indice_unifamiliar
36,Pontevedra,36 Pontevedra,2018,Total,Variación anual,1.2,"1,2",general,variacion_anual,ipva_variacion_anual_general
36,Pontevedra,36 Pontevedra,2018,Vivienda colectiva,Variación anual,1.3,"1,3",colectiva,variacion_anual,ipva_variacion_anual_colectiva
36,Pontevedra,36 Pontevedra,2018,Vivienda unifamiliar,Variación anual,0.5,"0,5",unifamiliar,variacion_anual,ipva_variacion_anual_unifamiliar
36,Pontevedra,36 Pontevedra,2018,Total,Índice,103.258,"103,258",general,indice,ipva_indice_general
36,Pontevedra,36 Pontevedra,2018,Vivienda colectiva,Índice,103.268,"103,268",colectiva,indice,ipva_indice_colectiva
36,Pontevedra,36 Pontevedra,2018,Vivienda unifamiliar,Índice,103.186,"103,186",unifamiliar,indice,ipva_indice_unifamiliar
36,Pontevedra,36 Pontevedra,2019,Total,Variación anual,2.5,"2,5",general,variacion_anual,ipva_variacion_anual_general
36,Pontevedra,36 Pontevedra,2019,Vivienda colectiva,Variación anual,2.7,"2,7",colectiva,variacion_anual,ipva_variacion_anual_colectiva
36,Pontevedra,36 Pontevedra,2019,Vivienda unifamiliar,Variación anual,-0.2,"-0,2",unifamiliar,variacion_anual,ipva_variacion_anual_unifamiliar
36,Pontevedra,36 Pontevedra,2019,Total,Índice,105.793,"105,793",general,indice,ipva_indice_general
36,Pontevedra,36 Pontevedra,2019,Vivienda colectiva,Índice,106.077,"106,077",colectiva,indice,ipva_indice_colectiva
36,Pontevedra,36 Pontevedra,2019,Vivienda unifamiliar,Índice,102.977,"102,977",unifamiliar,indice,ipva_indice_unifamiliar
36,Pontevedra,36 Pontevedra,2020,Total,Variación anual,1.4,"1,4",general,variacion_anual,ipva_variacion_anual_general
36,Pontevedra,36 Pontevedra,2020,Vivienda colectiva,Variación anual,1.4,"1,4",colectiva,variacion_anual,ipva_variacion_anual_colectiva
36,Pontevedra,36 Pontevedra,2020,Vivienda unifamiliar,Variación anual,0.5,"0,5",unifamiliar,variacion_anual,ipva_variacion_anual_unifamiliar
36,Pontevedra,36 Pontevedra,2020,Total,Índice,107.227,"107,227",general,indice,ipva_indice_general
36,Pontevedra,36 Pontevedra,2020,Vivienda colectiva,Índice,107.605,"107,605",colectiva,indice,ipva_indice_colectiva
36,Pontevedra,36 Pontevedra,2020,Vivienda unifamiliar,Índice,103.496,"103,496",unifamiliar,indice,ipva_indice_unifamiliar
36,Pontevedra,36 Pontevedra,2021,Total,Variación anual,2.2,"2,2",general,variacion_anual,ipva_variacion_anual_general
36,Pontevedra,36 Pontevedra,2021,Vivienda colectiva,Variación anual,2.2,"2,2",colectiva,variacion_anual,ipva_variacion_anual_colectiva
36,Pontevedra,36 Pontevedra,2021,Vivienda unifamiliar,Variación anual,2.1,"2,1",unifamiliar,variacion_anual,ipva_variacion_anual_unifamiliar
36,Pontevedra,36 Pontevedra,2021,Total,Índice,109.613,"109,613",general,indice,ipva_indice_general
36,Pontevedra,36 Pontevedra,2021,Vivienda colectiva,Índice,110.021,"110,021",colectiva,indice,ipva_indice_colectiva
36,Pontevedra,36 Pontevedra,2021,Vivienda unifamiliar,Índice,105.628,"105,628",unifamiliar,indice,ipva_indice_unifamiliar
36,Pontevedra,36 Pontevedra,2022,Total,Variación anual,2.7,"2,7",general,variacion_anual,ipva_variacion_anual_general
36,Pontevedra,36 Pontevedra,2022,Vivienda colectiva,Variación anual,2.8,"2,8",colectiva,variacion_anual,ipva_variacion_anual_colectiva
36,Pontevedra,36 Pontevedra,2022,Vivienda unifamiliar,Variación anual,2.3,"2,3",unifamiliar,variacion_anual,ipva_variacion_anual_unifamiliar
36,Pontevedra,36 Pontevedra,2022,Total,Índice,112.617,"112,617",general,indice,ipva_indice_general
36,Pontevedra,36 Pontevedra,2022,Vivienda colectiva,Índice,113.096,"113,096",colectiva,indice,ipva_indice_colectiva
36,Pontevedra,36 Pontevedra,2022,Vivienda unifamiliar,Índice,108.021,"108,021",unifamiliar,indice,ipva_indice_unifamiliar
36,Pontevedra,36 Pontevedra,2023,Total,Variación anual,2.3,"2,3",general,variacion_anual,ipva_variacion_anual_general
36,Pontevedra,36 Pontevedra,2023,Vivienda colectiva,Variación anual,2.4,"2,4",colectiva,variacion_anual,ipva_variacion_anual_colectiva
36,Pontevedra,36 Pontevedra,2023,Vivienda unifamiliar,Variación anual,2.0,"2,0",unifamiliar,variacion_anual,ipva_variacion_anual_unifamiliar
36,Pontevedra,36 Pontevedra,2023,Total,Índice,115.236,"115,236",general,indice,ipva_indice_general
36,Pontevedra,36 Pontevedra,2023,Vivienda colectiva,Índice,115.765,"115,765",colectiva,indice,ipva_indice_colectiva
36,Pontevedra,36 Pontevedra,2023,Vivienda unifamiliar,Índice,110.205,"110,205",unifamiliar,indice,ipva_indice_unifamiliar
36,Pontevedra,36 Pontevedra,2024,Total,Variación anual,3.1,"3,1",general,variacion_anual,ipva_variacion_anual_general
36,Pontevedra,36 Pontevedra,2024,Vivienda colectiva,Variación anual,3.1,"3,1",colectiva,variacion_anual,ipva_variacion_anual_colectiva
36,Pontevedra,36 Pontevedra,2024,Vivienda unifamiliar,Variación anual,2.6,"2,6",unifamiliar,variacion_anual,ipva_variacion_anual_unifamiliar
36,Pontevedra,36 Pontevedra,2024,Total,Índice,118.756,"118,756",general,indice,ipva_indice_general
36,Pontevedra,36 Pontevedra,2024,Vivienda colectiva,Índice,119.37,"119,370",colectiva,indice,ipva_indice_colectiva
36,Pontevedra,36 Pontevedra,2024,Vivienda unifamiliar,Índice,113.029,"113,029",unifamiliar,indice,ipva_indice_unifamiliar
37,Salamanca,37 Salamanca,2015,Total,Variación anual,-0.3,"-0,3",general,variacion_anual,ipva_variacion_anual_general
37,Salamanca,37 Salamanca,2015,Vivienda colectiva,Variación anual,-0.3,"-0,3",colectiva,variacion_anual,ipva_variacion_anual_colectiva
37,Salamanca,37 Salamanca,2015,Vivienda unifamiliar,Variación anual,-0.1,"-0,1",unifamiliar,variacion_anual,ipva_variacion_anual_unifamiliar
37,Salamanca,37 Salamanca,2015,Total,Índice,100.0,"100,000",general,indice,ipva_indice_general
37,Salamanca,37 Salamanca,2015,Vivienda colectiva,Índice,100.0,"100,000",colectiva,indice,ipva_indice_colectiva
37,Salamanca,37 Salamanca,2015,Vivienda unifamiliar,Índice,100.0,"100,000",unifamiliar,indice,ipva_indice_unifamiliar
37,Salamanca,37 Salamanca,2016,Total,Variación anual,1.4,"1,4",general,variacion_anual,ipva_variacion_anual_general
37,Salamanca,37 Salamanca,2016,Vivienda colectiva,Variación anual,1.4,"1,4",colectiva,variacion_anual,ipva_variacion_anual_colectiva
37,Salamanca,37 Salamanca,2016,Vivienda unifamiliar,Variación anual,1.4,"1,4",unifamiliar,variacion_anual,ipva_variacion_anual_unifamiliar
37,Salamanca,37 Salamanca,2016,Total,Índice,101.362,"101,362",general,indice,ipva_indice_general
37,Salamanca,37 Salamanca,2016,Vivienda colectiva,Índice,101.36,"101,360",colectiva,indice,ipva_indice_colectiva
37,Salamanca,37 Salamanca,2016,Vivienda unifamiliar,Índice,101.395,"101,395",unifamiliar,indice,ipva_indice_unifamiliar
37,Salamanca,37 Salamanca,2017,Total,Variación anual,1.3,"1,3",general,variacion_anual,ipva_variacion_anual_general
37,Salamanca,37 Salamanca,2017,Vivienda colectiva,Variación anual,1.3,"1,3",colectiva,variacion_anual,ipva_variacion_anual_colectiva
37,Salamanca,37 Salamanca,2017,Vivienda unifamiliar,Variación anual,1.2,"1,2",unifamiliar,variacion_anual,ipva_variacion_anual_unifamiliar
37,Salamanca,37 Salamanca,2017,Total,Índice,102.636,"102,636",general,indice,ipva_indice_general
37,Salamanca,37 Salamanca,2017,Vivienda colectiva,Índice,102.637,"102,637",colectiva,indice,ipva_indice_colectiva
37,Salamanca,37 Salamanca,2017,Vivienda unifamiliar,Índice,102.624,"102,624",unifamiliar,indice,ipva_indice_unifamiliar
37,Salamanca,37 Salamanca,2018,Total,Variación anual,1.6,"1,6",general,variacion_anual,ipva_variacion_anual_general
37,Salamanca,37 Salamanca,2018,Vivienda colectiva,Variación anual,1.6,"1,6",colectiva,variacion_anual,ipva_variacion_anual_colectiva
37,Salamanca,37 Salamanca,2018,Vivienda unifamiliar,Variación anual,1.3,"1,3",unifamiliar,variacion_anual,ipva_variacion_anual_unifamiliar
37,Salamanca,37 Salamanca,2018,Total,Índice,104.296,"104,296",general,indice,ipva_indice_general
37,Salamanca,37 Salamanca,2018,Vivienda colectiva,Índice,104.314,"104,314",colectiva,indice,ipva_indice_colectiva
37,Salamanca,37 Salamanca,2018,Vivienda unifamiliar,Índice,103.962,"103,962",unifamiliar,indice,ipva_indice_unifamiliar
37,Salamanca,37 Salamanca,2019,Total,Variación anual,1.3,"1,3",general,variacion_anual,ipva_variacion_anual_general
37,Salamanca,37 Salamanca,2019,Vivienda colectiva,Variación anual,1.4,"1,4",colectiva,variacion_anual,ipva_variacion_anual_colectiva
37,Salamanca,37 Salamanca,2019,Vivienda unifamiliar,Variación anual,-0.7,"-0,7",unifamiliar,variacion_anual,ipva_variacion_anual_unifamiliar
37,Salamanca,37 Salamanca,2019,Total,Índice,105.688,"105,688",general,indice,ipva_indice_general
37,Salamanca,37 Salamanca,2019,Vivienda colectiva,Índice,105.822,"105,822",colectiva,indice,ipva_indice_colectiva
37,Salamanca,37 Salamanca,2019,Vivienda unifamiliar,Índice,103.262,"103,262",unifamiliar,indice,ipva_indice_unifamiliar
37,Salamanca,37 Salamanca,2020,Total,Variación anual,0.3,"0,3",general,variacion_anual,ipva_variacion_anual_general
37,Salamanca,37 Salamanca,2020,Vivienda colectiva,Variación anual,0.4,"0,4",colectiva,variacion_anual,ipva_variacion_anual_colectiva
37,Salamanca,37 Salamanca,2020,Vivienda unifamiliar,Variación anual,0.0,"0,0",unifamiliar,variacion_anual,ipva_variacion_anual_unifamiliar
37,Salamanca,37 Salamanca,2020,Total,Índice,106.046,"106,046",general,indice,ipva_indice_general
37,Salamanca,37 Salamanca,2020,Vivienda colectiva,Índice,106.202,"106,202",colectiva,indice,ipva_indice_colectiva
37,Salamanca,37 Salamanca,2020,Vivienda unifamiliar,Índice,103.27,"103,270",unifamiliar,indice,ipva_indice_unifamiliar
37,Salamanca,37 Salamanca,2021,Total,Variación anual,2.2,"2,2",general,variacion_anual,ipva_variacion_anual_general
37,Salamanca,37 Salamanca,2021,Vivienda colectiva,Variación anual,2.3,"2,3",colectiva,variacion_anual,ipva_variacion_anual_colectiva
37,Salamanca,37 Salamanca,2021,Vivienda unifamiliar,Variación anual,1.3,"1,3",unifamiliar,variacion_anual,ipva_variacion_anual_unifamiliar
37,Salamanca,37 Salamanca,2021,Total,Índice,108.432,"108,432",general,indice,ipva_indice_general
37,Salamanca,37 Salamanca,2021,Vivienda colectiva,Índice,108.657,"108,657",colectiva,indice,ipva_indice_colectiva
37,Salamanca,37 Salamanca,2021,Vivienda unifamiliar,Índice,104.598,"104,598",unifamiliar,indice,ipva_indice_unifamiliar
37,Salamanca,37 Salamanca,2022,Total,Variación anual,1.9,"1,9",general,variacion_anual,ipva_variacion_anual_general
37,Salamanca,37 Salamanca,2022,Vivienda colectiva,Variación anual,1.9,"1,9",colectiva,variacion_anual,ipva_variacion_anual_colectiva
37,Salamanca,37 Salamanca,2022,Vivienda unifamiliar,Variación anual,1.6,"1,6",unifamiliar,variacion_anual,ipva_variacion_anual_unifamiliar
37,Salamanca,37 Salamanca,2022,Total,Índice,110.477,"110,477",general,indice,ipva_indice_general
37,Salamanca,37 Salamanca,2022,Vivienda colectiva,Índice,110.723,"110,723",colectiva,indice,ipva_indice_colectiva
37,Salamanca,37 Salamanca,2022,Vivienda unifamiliar,Índice,106.299,"106,299",unifamiliar,indice,ipva_indice_unifamiliar
37,Salamanca,37 Salamanca,2023,Total,Variación anual,2.0,"2,0",general,variacion_anual,ipva_variacion_anual_general
37,Salamanca,37 Salamanca,2023,Vivienda colectiva,Variación anual,2.0,"2,0",colectiva,variacion_anual,ipva_variacion_anual_colectiva
37,Salamanca,37 Salamanca,2023,Vivienda unifamiliar,Variación anual,1.8,"1,8",unifamiliar,variacion_anual,ipva_variacion_anual_unifamiliar
37,Salamanca,37 Salamanca,2023,Total,Índice,112.647,"112,647",general,indice,ipva_indice_general
37,Salamanca,37 Salamanca,2023,Vivienda colectiva,Índice,112.909,"112,909",colectiva,indice,ipva_indice_colectiva
37,Salamanca,37 Salamanca,2023,Vivienda unifamiliar,Índice,108.206,"108,206",unifamiliar,indice,ipva_indice_unifamiliar
37,Salamanca,37 Salamanca,2024,Total,Variación anual,3.2,"3,2",general,variacion_anual,ipva_variacion_anual_general
37,Salamanca,37 Salamanca,2024,Vivienda colectiva,Variación anual,3.2,"3,2",colectiva,variacion_anual,ipva_variacion_anual_colectiva
37,Salamanca,37 Salamanca,2024,Vivienda unifamiliar,Variación anual,2.5,"2,5",unifamiliar,variacion_anual,ipva_variacion_anual_unifamiliar
37,Salamanca,37 Salamanca,2024,Total,Índice,116.243,"116,243",general,indice,ipva_indice_general
37,Salamanca,37 Salamanca,2024,Vivienda colectiva,Índice,116.562,"116,562",colectiva,indice,ipva_indice_colectiva
37,Salamanca,37 Salamanca,2024,Vivienda unifamiliar,Índice,110.88,"110,880",unifamiliar,indice,ipva_indice_unifamiliar
38,Santa Cruz de Tenerife,38 Santa Cruz de Tenerife,2015,Total,Variación anual,0.3,"0,3",general,variacion_anual,ipva_variacion_anual_general
38,Santa Cruz de Tenerife,38 Santa Cruz de Tenerife,2015,Vivienda colectiva,Variación anual,0.3,"0,3",colectiva,variacion_anual,ipva_variacion_anual_colectiva
38,Santa Cruz de Tenerife,38 Santa Cruz de Tenerife,2015,Vivienda unifamiliar,Variación anual,0.3,"0,3",unifamiliar,variacion_anual,ipva_variacion_anual_unifamiliar
38,Santa Cruz de Tenerife,38 Santa Cruz de Tenerife,2015,Total,Índice,100.0,"100,000",general,indice,ipva_indice_general
38,Santa Cruz de Tenerife,38 Santa Cruz de Tenerife,2015,Vivienda colectiva,Índice,100.0,"100,000",colectiva,indice,ipva_indice_colectiva
38,Santa Cruz de Tenerife,38 Santa Cruz de Tenerife,2015,Vivienda unifamiliar,Índice,100.0,"100,000",unifamiliar,indice,ipva_indice_unifamiliar
38,Santa Cruz de Tenerife,38 Santa Cruz de Tenerife,2016,Total,Variación anual,2.0,"2,0",general,variacion_anual,ipva_variacion_anual_general
38,Santa Cruz de Tenerife,38 Santa Cruz de Tenerife,2016,Vivienda colectiva,Variación anual,2.0,"2,0",colectiva,variacion_anual,ipva_variacion_anual_colectiva
38,Santa Cruz de Tenerife,38 Santa Cruz de Tenerife,2016,Vivienda unifamiliar,Variación anual,2.0,"2,0",unifamiliar,variacion_anual,ipva_variacion_anual_unifamiliar
38,Santa Cruz de Tenerife,38 Santa Cruz de Tenerife,2016,Total,Índice,101.953,"101,953",general,indice,ipva_indice_general
38,Santa Cruz de Tenerife,38 Santa Cruz de Tenerife,2016,Vivienda colectiva,Índice,101.952,"101,952",colectiva,indice,ipva_indice_colectiva
38,Santa Cruz de Tenerife,38 Santa Cruz de Tenerife,2016,Vivienda unifamiliar,Índice,101.959,"101,959",unifamiliar,indice,ipva_indice_unifamiliar
38,Santa Cruz de Tenerife,38 Santa Cruz de Tenerife,2017,Total,Variación anual,2.3,"2,3",general,variacion_anual,ipva_variacion_anual_general
38,Santa Cruz de Tenerife,38 Santa Cruz de Tenerife,2017,Vivienda colectiva,Variación anual,2.2,"2,2",colectiva,variacion_anual,ipva_variacion_anual_colectiva
38,Santa Cruz de Tenerife,38 Santa Cruz de Tenerife,2017,Vivienda unifamiliar,Variación anual,2.8,"2,8",unifamiliar,variacion_anual,ipva_variacion_anual_unifamiliar
38,Santa Cruz de Tenerife,38 Santa Cruz de Tenerife,2017,Total,Índice,104.261,"104,261",general,indice,ipva_indice_general
38,Santa Cruz de Tenerife,38 Santa Cruz de Tenerife,2017,Vivienda colectiva,Índice,104.169,"104,169",colectiva,indice,ipva_indice_colectiva
38,Santa Cruz de Tenerife,38 Santa Cruz de Tenerife,2017,Vivienda unifamiliar,Índice,104.818,"104,818",unifamiliar,indice,ipva_indice_unifamiliar
38,Santa Cruz de Tenerife,38 Santa Cruz de Tenerife,2018,Total,Variación anual,2.6,"2,6",general,variacion_anual,ipva_variacion_anual_general
38,Santa Cruz de Tenerife,38 Santa Cruz de Tenerife,2018,Vivienda colectiva,Variación anual,2.9,"2,9",colectiva,variacion_anual,ipva_variacion_anual_colectiva
38,Santa Cruz de Tenerife,38 Santa Cruz de Tenerife,2018,Vivienda unifamiliar,Variación anual,1.3,"1,3",unifamiliar,variacion_anual,ipva_variacion_anual_unifamiliar
38,Santa Cruz de Tenerife,38 Santa Cruz de Tenerife,2018,Total,Índice,107.015,"107,015",general,indice,ipva_indice_general
38,Santa Cruz de Tenerife,38 Santa Cruz de Tenerife,2018,Vivienda colectiva,Índice,107.152,"107,152",colectiva,indice,ipva_indice_colectiva
38,Santa Cruz de Tenerife,38 Santa Cruz de Tenerife,2018,Vivienda unifamiliar,Índice,106.198,"106,198",unifamiliar,indice,ipva_indice_unifamiliar
38,Santa Cruz de Tenerife,38 Santa Cruz de Tenerife,2019,Total,Variación anual,3.8,"3,8",general,variacion_anual,ipva_variacion_anual_general
38,Santa Cruz de Tenerife,38 Santa Cruz de Tenerife,2019,Vivienda colectiva,Variación anual,4.2,"4,2",colectiva,variacion_anual,ipva_variacion_anual_colectiva
38,Santa Cruz de Tenerife,38 Santa Cruz de Tenerife,2019,Vivienda unifamiliar,Variación anual,1.3,"1,3",unifamiliar,variacion_anual,ipva_variacion_anual_unifamiliar
38,Santa Cruz de Tenerife,38 Santa Cruz de Tenerife,2019,Total,Índice,111.072,"111,072",general,indice,ipva_indice_general
38,Santa Cruz de Tenerife,38 Santa Cruz de Tenerife,2019,Vivienda colectiva,Índice,111.649,"111,649",colectiva,indice,ipva_indice_colectiva
38,Santa Cruz de Tenerife,38 Santa Cruz de Tenerife,2019,Vivienda unifamiliar,Índice,107.629,"107,629",unifamiliar,indice,ipva_indice_unifamiliar
38,Santa Cruz de Tenerife,38 Santa Cruz de Tenerife,2020,Total,Variación anual,0.6,"0,6",general,variacion_anual,ipva_variacion_anual_general
38,Santa Cruz de Tenerife,38 Santa Cruz de Tenerife,2020,Vivienda colectiva,Variación anual,0.8,"0,8",colectiva,variacion_anual,ipva_variacion_anual_colectiva
38,Santa Cruz de Tenerife,38 Santa Cruz de Tenerife,2020,Vivienda unifamiliar,Variación anual,-0.5,"-0,5",unifamiliar,variacion_anual,ipva_variacion_anual_unifamiliar
38,Santa Cruz de Tenerife,38 Santa Cruz de Tenerife,2020,Total,Índice,111.733,"111,733",general,indice,ipva_indice_general
38,Santa Cruz de Tenerife,38 Santa Cruz de Tenerife,2020,Vivienda colectiva,Índice,112.511,"112,511",colectiva,indice,ipva_indice_colectiva
38,Santa Cruz de Tenerife,38 Santa Cruz de Tenerife,2020,Vivienda unifamiliar,Índice,107.137,"107,137",unifamiliar,indice,ipva_indice_unifamiliar
38,Santa Cruz de Tenerife,38 Santa Cruz de Tenerife,2021,Total,Variación anual,2.0,"2,0",general,variacion_anual,ipva_variacion_anual_general
38,Santa Cruz de Tenerife,38 Santa Cruz de Tenerife,2021,Vivienda colectiva,Variación anual,2.0,"2,0",colectiva,variacion_anual,ipva_variacion_anual_colectiva
38,Santa Cruz de Tenerife,38 Santa Cruz de Tenerife,2021,Vivienda unifamiliar,Variación anual,1.9,"1,9",unifamiliar,variacion_anual,ipva_variacion_anual_unifamiliar
38,Santa Cruz de Tenerife,38 Santa Cruz de Tenerife,2021,Total,Índice,113.95,"113,950",general,indice,ipva_indice_general
38,Santa Cruz de Tenerife,38 Santa Cruz de Tenerife,2021,Vivienda colectiva,Índice,114.751,"114,751",colectiva,indice,ipva_indice_colectiva
38,Santa Cruz de Tenerife,38 Santa Cruz de Tenerife,2021,Vivienda unifamiliar,Índice,109.224,"109,224",unifamiliar,indice,ipva_indice_unifamiliar
38,Santa Cruz de Tenerife,38 Santa Cruz de Tenerife,2022,Total,Variación anual,3.4,"3,4",general,variacion_anual,ipva_variacion_anual_general
38,Santa Cruz de Tenerife,38 Santa Cruz de Tenerife,2022,Vivienda colectiva,Variación anual,3.4,"3,4",colectiva,variacion_anual,ipva_variacion_anual_colectiva
38,Santa Cruz de Tenerife,38 Santa Cruz de Tenerife,2022,Vivienda unifamiliar,Variación anual,3.5,"3,5",unifamiliar,variacion_anual,ipva_variacion_anual_unifamiliar
38,Santa Cruz de Tenerife,38 Santa Cruz de Tenerife,2022,Total,Índice,117.853,"117,853",general,indice,ipva_indice_general
38,Santa Cruz de Tenerife,38 Santa Cruz de Tenerife,2022,Vivienda colectiva,Índice,118.672,"118,672",colectiva,indice,ipva_indice_colectiva
38,Santa Cruz de Tenerife,38 Santa Cruz de Tenerife,2022,Vivienda unifamiliar,Índice,113.017,"113,017",unifamiliar,indice,ipva_indice_unifamiliar
38,Santa Cruz de Tenerife,38 Santa Cruz de Tenerife,2023,Total,Variación anual,3.1,"3,1",general,variacion_anual,ipva_variacion_anual_general
38,Santa Cruz de Tenerife,38 Santa Cruz de Tenerife,2023,Vivienda colectiva,Variación anual,3.3,"3,3",colectiva,variacion_anual,ipva_variacion_anual_colectiva
38,Santa Cruz de Tenerife,38 Santa Cruz de Tenerife,2023,Vivienda unifamiliar,Variación anual,2.3,"2,3",unifamiliar,variacion_anual,ipva_variacion_anual_unifamiliar
38,Santa Cruz de Tenerife,38 Santa Cruz de Tenerife,2023,Total,Índice,121.556,"121,556",general,indice,ipva_indice_general
38,Santa Cruz de Tenerife,38 Santa Cruz de Tenerife,2023,Vivienda colectiva,Índice,122.575,"122,575",colectiva,indice,ipva_indice_colectiva
38,Santa Cruz de Tenerife,38 Santa Cruz de Tenerife,2023,Vivienda unifamiliar,Índice,115.669,"115,669",unifamiliar,indice,ipva_indice_unifamiliar
38,Santa Cruz de Tenerife,38 Santa Cruz de Tenerife,2024,Total,Variación anual,4.1,"4,1",general,variacion_anual,ipva_variacion_anual_general
38,Santa Cruz de Tenerife,38 Santa Cruz de Tenerife,2024,Vivienda colectiva,Variación anual,4.2,"4,2",colectiva,variacion_anual,ipva_variacion_anual_colectiva
38,Santa Cruz de Tenerife,38 Santa Cruz de Tenerife,2024,Vivienda unifamiliar,Variación anual,3.4,"3,4",unifamiliar,variacion_anual,ipva_variacion_anual_unifamiliar
38,Santa Cruz de Tenerife,38 Santa Cruz de Tenerife,2024,Total,Índice,126.553,"126,553",general,indice,ipva_indice_general
38,Santa Cruz de Tenerife,38 Santa Cruz de Tenerife,2024,Vivienda colectiva,Índice,127.781,"127,781",colectiva,indice,ipva_indice_colectiva
38,Santa Cruz de Tenerife,38 Santa Cruz de Tenerife,2024,Vivienda unifamiliar,Índice,119.582,"119,582",unifamiliar,indice,ipva_indice_unifamiliar
39,Cantabria,39 Cantabria,2015,Total,Variación anual,-0.5,"-0,5",general,variacion_anual,ipva_variacion_anual_general
39,Cantabria,39 Cantabria,2015,Vivienda colectiva,Variación anual,-0.5,"-0,5",colectiva,variacion_anual,ipva_variacion_anual_colectiva
39,Cantabria,39 Cantabria,2015,Vivienda unifamiliar,Variación anual,-1.1,"-1,1",unifamiliar,variacion_anual,ipva_variacion_anual_unifamiliar
39,Cantabria,39 Cantabria,2015,Total,Índice,100.0,"100,000",general,indice,ipva_indice_general
39,Cantabria,39 Cantabria,2015,Vivienda colectiva,Índice,100.0,"100,000",colectiva,indice,ipva_indice_colectiva
39,Cantabria,39 Cantabria,2015,Vivienda unifamiliar,Índice,100.0,"100,000",unifamiliar,indice,ipva_indice_unifamiliar
39,Cantabria,39 Cantabria,2016,Total,Variación anual,1.8,"1,8",general,variacion_anual,ipva_variacion_anual_general
39,Cantabria,39 Cantabria,2016,Vivienda colectiva,Variación anual,1.6,"1,6",colectiva,variacion_anual,ipva_variacion_anual_colectiva
39,Cantabria,39 Cantabria,2016,Vivienda unifamiliar,Variación anual,3.3,"3,3",unifamiliar,variacion_anual,ipva_variacion_anual_unifamiliar
39,Cantabria,39 Cantabria,2016,Total,Índice,101.771,"101,771",general,indice,ipva_indice_general
39,Cantabria,39 Cantabria,2016,Vivienda colectiva,Índice,101.596,"101,596",colectiva,indice,ipva_indice_colectiva
39,Cantabria,39 Cantabria,2016,Vivienda unifamiliar,Índice,103.341,"103,341",unifamiliar,indice,ipva_indice_unifamiliar
39,Cantabria,39 Cantabria,2017,Total,Variación anual,1.2,"1,2",general,variacion_anual,ipva_variacion_anual_general
39,Cantabria,39 Cantabria,2017,Vivienda colectiva,Variación anual,1.3,"1,3",colectiva,variacion_anual,ipva_variacion_anual_colectiva
39,Cantabria,39 Cantabria,2017,Vivienda unifamiliar,Variación anual,0.6,"0,6",unifamiliar,variacion_anual,ipva_variacion_anual_unifamiliar
39,Cantabria,39 Cantabria,2017,Total,Índice,103.032,"103,032",general,indice,ipva_indice_general
39,Cantabria,39 Cantabria,2017,Vivienda colectiva,Índice,102.933,"102,933",colectiva,indice,ipva_indice_colectiva
39,Cantabria,39 Cantabria,2017,Vivienda unifamiliar,Índice,103.944,"103,944",unifamiliar,indice,ipva_indice_unifamiliar
39,Cantabria,39 Cantabria,2018,Total,Variación anual,1.3,"1,3",general,variacion_anual,ipva_variacion_anual_general
39,Cantabria,39 Cantabria,2018,Vivienda colectiva,Variación anual,1.3,"1,3",colectiva,variacion_anual,ipva_variacion_anual_colectiva
39,Cantabria,39 Cantabria,2018,Vivienda unifamiliar,Variación anual,1.3,"1,3",unifamiliar,variacion_anual,ipva_variacion_anual_unifamiliar
39,Cantabria,39 Cantabria,2018,Total,Índice,104.36,"104,360",general,indice,ipva_indice_general
39,Cantabria,39 Cantabria,2018,Vivienda colectiva,Índice,104.254,"104,254",colectiva,indice,ipva_indice_colectiva
39,Cantabria,39 Cantabria,2018,Vivienda unifamiliar,Índice,105.33,"105,330",unifamiliar,indice,ipva_indice_unifamiliar
39,Cantabria,39 Cantabria,2019,Total,Variación anual,2.3,"2,3",general,variacion_anual,ipva_variacion_anual_general
39,Cantabria,39 Cantabria,2019,Vivienda colectiva,Variación anual,2.4,"2,4",colectiva,variacion_anual,ipva_variacion_anual_colectiva
39,Cantabria,39 Cantabria,2019,Vivienda unifamiliar,Variación anual,1.1,"1,1",unifamiliar,variacion_anual,ipva_variacion_anual_unifamiliar
39,Cantabria,39 Cantabria,2019,Total,Índice,106.722,"106,722",general,indice,ipva_indice_general
39,Cantabria,39 Cantabria,2019,Vivienda colectiva,Índice,106.761,"106,761",colectiva,indice,ipva_indice_colectiva
39,Cantabria,39 Cantabria,2019,Vivienda unifamiliar,Índice,106.465,"106,465",unifamiliar,indice,ipva_indice_unifamiliar
39,Cantabria,39 Cantabria,2020,Total,Variación anual,0.9,"0,9",general,variacion_anual,ipva_variacion_anual_general
39,Cantabria,39 Cantabria,2020,Vivienda colectiva,Variación anual,0.9,"0,9",colectiva,variacion_anual,ipva_variacion_anual_colectiva
39,Cantabria,39 Cantabria,2020,Vivienda unifamiliar,Variación anual,1.0,"1,0",unifamiliar,variacion_anual,ipva_variacion_anual_unifamiliar
39,Cantabria,39 Cantabria,2020,Total,Índice,107.702,"107,702",general,indice,ipva_indice_general
39,Cantabria,39 Cantabria,2020,Vivienda colectiva,Índice,107.73,"107,730",colectiva,indice,ipva_indice_colectiva
39,Cantabria,39 Cantabria,2020,Vivienda unifamiliar,Índice,107.534,"107,534",unifamiliar,indice,ipva_indice_unifamiliar
39,Cantabria,39 Cantabria,2021,Total,Variación anual,2.0,"2,0",general,variacion_anual,ipva_variacion_anual_general
39,Cantabria,39 Cantabria,2021,Vivienda colectiva,Variación anual,2.0,"2,0",colectiva,variacion_anual,ipva_variacion_anual_colectiva
39,Cantabria,39 Cantabria,2021,Vivienda unifamiliar,Variación anual,1.7,"1,7",unifamiliar,variacion_anual,ipva_variacion_anual_unifamiliar
39,Cantabria,39 Cantabria,2021,Total,Índice,109.83,"109,830",general,indice,ipva_indice_general
39,Cantabria,39 Cantabria,2021,Vivienda colectiva,Índice,109.893,"109,893",colectiva,indice,ipva_indice_colectiva
39,Cantabria,39 Cantabria,2021,Vivienda unifamiliar,Índice,109.381,"109,381",unifamiliar,indice,ipva_indice_unifamiliar
39,Cantabria,39 Cantabria,2022,Total,Variación anual,2.4,"2,4",general,variacion_anual,ipva_variacion_anual_general
39,Cantabria,39 Cantabria,2022,Vivienda colectiva,Variación anual,2.4,"2,4",colectiva,variacion_anual,ipva_variacion_anual_colectiva
39,Cantabria,39 Cantabria,2022,Vivienda unifamiliar,Variación anual,1.9,"1,9",unifamiliar,variacion_anual,ipva_variacion_anual_unifamiliar
39,Cantabria,39 Cantabria,2022,Total,Índice,112.429,"112,429",general,indice,ipva_indice_general
39,Cantabria,39 Cantabria,2022,Vivienda colectiva,Índice,112.55,"112,550",colectiva,indice,ipva_indice_colectiva
39,Cantabria,39 Cantabria,2022,Vivienda unifamiliar,Índice,111.494,"111,494",unifamiliar,indice,ipva_indice_unifamiliar
39,Cantabria,39 Cantabria,2023,Total,Variación anual,2.4,"2,4",general,variacion_anual,ipva_variacion_anual_general
39,Cantabria,39 Cantabria,2023,Vivienda colectiva,Variación anual,2.4,"2,4",colectiva,variacion_anual,ipva_variacion_anual_colectiva
39,Cantabria,39 Cantabria,2023,Vivienda unifamiliar,Variación anual,2.1,"2,1",unifamiliar,variacion_anual,ipva_variacion_anual_unifamiliar
39,Cantabria,39 Cantabria,2023,Total,Índice,115.126,"115,126",general,indice,ipva_indice_general
39,Cantabria,39 Cantabria,2023,Vivienda colectiva,Índice,115.29,"115,290",colectiva,indice,ipva_indice_colectiva
39,Cantabria,39 Cantabria,2023,Vivienda unifamiliar,Índice,113.814,"113,814",unifamiliar,indice,ipva_indice_unifamiliar
39,Cantabria,39 Cantabria,2024,Total,Variación anual,3.3,"3,3",general,variacion_anual,ipva_variacion_anual_general
39,Cantabria,39 Cantabria,2024,Vivienda colectiva,Variación anual,3.4,"3,4",colectiva,variacion_anual,ipva_variacion_anual_colectiva
39,Cantabria,39 Cantabria,2024,Vivienda unifamiliar,Variación anual,2.6,"2,6",unifamiliar,variacion_anual,ipva_variacion_anual_unifamiliar
39,Cantabria,39 Cantabria,2024,Total,Índice,118.981,"118,981",general,indice,ipva_indice_general
39,Cantabria,39 Cantabria,2024,Vivienda colectiva,Índice,119.249,"119,249",colectiva,indice,ipva_indice_colectiva
39,Cantabria,39 Cantabria,2024,Vivienda unifamiliar,Índice,116.726,"116,726",unifamiliar,indice,ipva_indice_unifamiliar
40,Segovia,40 Segovia,2015,Total,Variación anual,-0.6,"-0,6",general,variacion_anual,ipva_variacion_anual_general
40,Segovia,40 Segovia,2015,Vivienda colectiva,Variación anual,-0.5,"-0,5",colectiva,variacion_anual,ipva_variacion_anual_colectiva
40,Segovia,40 Segovia,2015,Vivienda unifamiliar,Variación anual,-1.0,"-1,0",unifamiliar,variacion_anual,ipva_variacion_anual_unifamiliar
40,Segovia,40 Segovia,2015,Total,Índice,100.0,"100,000",general,indice,ipva_indice_general
40,Segovia,40 Segovia,2015,Vivienda colectiva,Índice,100.0,"100,000",colectiva,indice,ipva_indice_colectiva
40,Segovia,40 Segovia,2015,Vivienda unifamiliar,Índice,100.0,"100,000",unifamiliar,indice,ipva_indice_unifamiliar
40,Segovia,40 Segovia,2016,Total,Variación anual,1.2,"1,2",general,variacion_anual,ipva_variacion_anual_general
40,Segovia,40 Segovia,2016,Vivienda colectiva,Variación anual,0.9,"0,9",colectiva,variacion_anual,ipva_variacion_anual_colectiva
40,Segovia,40 Segovia,2016,Vivienda unifamiliar,Variación anual,2.3,"2,3",unifamiliar,variacion_anual,ipva_variacion_anual_unifamiliar
40,Segovia,40 Segovia,2016,Total,Índice,101.174,"101,174",general,indice,ipva_indice_general
40,Segovia,40 Segovia,2016,Vivienda colectiva,Índice,100.928,"100,928",colectiva,indice,ipva_indice_colectiva
40,Segovia,40 Segovia,2016,Vivienda unifamiliar,Índice,102.344,"102,344",unifamiliar,indice,ipva_indice_unifamiliar
40,Segovia,40 Segovia,2017,Total,Variación anual,0.8,"0,8",general,variacion_anual,ipva_variacion_anual_general
40,Segovia,40 Segovia,2017,Vivienda colectiva,Variación anual,1.0,"1,0",colectiva,variacion_anual,ipva_variacion_anual_colectiva
40,Segovia,40 Segovia,2017,Vivienda unifamiliar,Variación anual,0.0,"0,0",unifamiliar,variacion_anual,ipva_variacion_anual_unifamiliar
40,Segovia,40 Segovia,2017,Total,Índice,101.973,"101,973",general,indice,ipva_indice_general
40,Segovia,40 Segovia,2017,Vivienda colectiva,Índice,101.913,"101,913",colectiva,indice,ipva_indice_colectiva
40,Segovia,40 Segovia,2017,Vivienda unifamiliar,Índice,102.322,"102,322",unifamiliar,indice,ipva_indice_unifamiliar
40,Segovia,40 Segovia,2018,Total,Variación anual,1.1,"1,1",general,variacion_anual,ipva_variacion_anual_general
40,Segovia,40 Segovia,2018,Vivienda colectiva,Variación anual,1.1,"1,1",colectiva,variacion_anual,ipva_variacion_anual_colectiva
40,Segovia,40 Segovia,2018,Vivienda unifamiliar,Variación anual,1.2,"1,2",unifamiliar,variacion_anual,ipva_variacion_anual_unifamiliar
40,Segovia,40 Segovia,2018,Total,Índice,103.114,"103,114",general,indice,ipva_indice_general
40,Segovia,40 Segovia,2018,Vivienda colectiva,Índice,103.038,"103,038",colectiva,indice,ipva_indice_colectiva
40,Segovia,40 Segovia,2018,Vivienda unifamiliar,Índice,103.53,"103,530",unifamiliar,indice,ipva_indice_unifamiliar
40,Segovia,40 Segovia,2019,Total,Variación anual,2.0,"2,0",general,variacion_anual,ipva_variacion_anual_general
40,Segovia,40 Segovia,2019,Vivienda colectiva,Variación anual,2.1,"2,1",colectiva,variacion_anual,ipva_variacion_anual_colectiva
40,Segovia,40 Segovia,2019,Vivienda unifamiliar,Variación anual,1.7,"1,7",unifamiliar,variacion_anual,ipva_variacion_anual_unifamiliar
40,Segovia,40 Segovia,2019,Total,Índice,105.224,"105,224",general,indice,ipva_indice_general
40,Segovia,40 Segovia,2019,Vivienda colectiva,Índice,105.233,"105,233",colectiva,indice,ipva_indice_colectiva
40,Segovia,40 Segovia,2019,Vivienda unifamiliar,Índice,105.26,"105,260",unifamiliar,indice,ipva_indice_unifamiliar
40,Segovia,40 Segovia,2020,Total,Variación anual,0.9,"0,9",general,variacion_anual,ipva_variacion_anual_general
40,Segovia,40 Segovia,2020,Vivienda colectiva,Variación anual,0.9,"0,9",colectiva,variacion_anual,ipva_variacion_anual_colectiva
40,Segovia,40 Segovia,2020,Vivienda unifamiliar,Variación anual,0.8,"0,8",unifamiliar,variacion_anual,ipva_variacion_anual_unifamiliar
40,Segovia,40 Segovia,2020,Total,Índice,106.168,"106,168",general,indice,ipva_indice_general
40,Segovia,40 Segovia,2020,Vivienda colectiva,Índice,106.2,"106,200",colectiva,indice,ipva_indice_colectiva
40,Segovia,40 Segovia,2020,Vivienda unifamiliar,Índice,106.105,"106,105",unifamiliar,indice,ipva_indice_unifamiliar
40,Segovia,40 Segovia,2021,Total,Variación anual,2.2,"2,2",general,variacion_anual,ipva_variacion_anual_general
40,Segovia,40 Segovia,2021,Vivienda colectiva,Variación anual,2.3,"2,3",colectiva,variacion_anual,ipva_variacion_anual_colectiva
40,Segovia,40 Segovia,2021,Vivienda unifamiliar,Variación anual,1.6,"1,6",unifamiliar,variacion_anual,ipva_variacion_anual_unifamiliar
40,Segovia,40 Segovia,2021,Total,Índice,108.508,"108,508",general,indice,ipva_indice_general
40,Segovia,40 Segovia,2021,Vivienda colectiva,Índice,108.691,"108,691",colectiva,indice,ipva_indice_colectiva
40,Segovia,40 Segovia,2021,Vivienda unifamiliar,Índice,107.816,"107,816",unifamiliar,indice,ipva_indice_unifamiliar
40,Segovia,40 Segovia,2022,Total,Variación anual,2.5,"2,5",general,variacion_anual,ipva_variacion_anual_general
40,Segovia,40 Segovia,2022,Vivienda colectiva,Variación anual,2.6,"2,6",colectiva,variacion_anual,ipva_variacion_anual_colectiva
40,Segovia,40 Segovia,2022,Vivienda unifamiliar,Variación anual,2.5,"2,5",unifamiliar,variacion_anual,ipva_variacion_anual_unifamiliar
40,Segovia,40 Segovia,2022,Total,Índice,111.271,"111,271",general,indice,ipva_indice_general
40,Segovia,40 Segovia,2022,Vivienda colectiva,Índice,111.483,"111,483",colectiva,indice,ipva_indice_colectiva
40,Segovia,40 Segovia,2022,Vivienda unifamiliar,Índice,110.462,"110,462",unifamiliar,indice,ipva_indice_unifamiliar
40,Segovia,40 Segovia,2023,Total,Variación anual,2.4,"2,4",general,variacion_anual,ipva_variacion_anual_general
40,Segovia,40 Segovia,2023,Vivienda colectiva,Variación anual,2.5,"2,5",colectiva,variacion_anual,ipva_variacion_anual_colectiva
40,Segovia,40 Segovia,2023,Vivienda unifamiliar,Variación anual,1.9,"1,9",unifamiliar,variacion_anual,ipva_variacion_anual_unifamiliar
40,Segovia,40 Segovia,2023,Total,Índice,113.971,"113,971",general,indice,ipva_indice_general
40,Segovia,40 Segovia,2023,Vivienda colectiva,Índice,114.307,"114,307",colectiva,indice,ipva_indice_colectiva
40,Segovia,40 Segovia,2023,Vivienda unifamiliar,Índice,112.615,"112,615",unifamiliar,indice,ipva_indice_unifamiliar
40,Segovia,40 Segovia,2024,Total,Variación anual,3.6,"3,6",general,variacion_anual,ipva_variacion_anual_general
40,Segovia,40 Segovia,2024,Vivienda colectiva,Variación anual,3.7,"3,7",colectiva,variacion_anual,ipva_variacion_anual_colectiva
40,Segovia,40 Segovia,2024,Vivienda unifamiliar,Variación anual,3.0,"3,0",unifamiliar,variacion_anual,ipva_variacion_anual_unifamiliar
40,Segovia,40 Segovia,2024,Total,Índice,118.038,"118,038",general,indice,ipva_indice_general
40,Segovia,40 Segovia,2024,Vivienda colectiva,Índice,118.526,"118,526",colectiva,indice,ipva_indice_colectiva
40,Segovia,40 Segovia,2024,Vivienda unifamiliar,Índice,116.001,"116,001",unifamiliar,indice,ipva_indice_unifamiliar
41,Sevilla,41 Sevilla,2015,Total,Variación anual,0.0,"0,0",general,variacion_anual,ipva_variacion_anual_general
41,Sevilla,41 Sevilla,2015,Vivienda colectiva,Variación anual,0.0,"0,0",colectiva,variacion_anual,ipva_variacion_anual_colectiva
41,Sevilla,41 Sevilla,2015,Vivienda unifamiliar,Variación anual,-0.2,"-0,2",unifamiliar,variacion_anual,ipva_variacion_anual_unifamiliar
41,Sevilla,41 Sevilla,2015,Total,Índice,100.0,"100,000",general,indice,ipva_indice_general
41,Sevilla,41 Sevilla,2015,Vivienda colectiva,Índice,100.0,"100,000",colectiva,indice,ipva_indice_colectiva
41,Sevilla,41 Sevilla,2015,Vivienda unifamiliar,Índice,100.0,"100,000",unifamiliar,indice,ipva_indice_unifamiliar
41,Sevilla,41 Sevilla,2016,Total,Variación anual,1.8,"1,8",general,variacion_anual,ipva_variacion_anual_general
41,Sevilla,41 Sevilla,2016,Vivienda colectiva,Variación anual,1.7,"1,7",colectiva,variacion_anual,ipva_variacion_anual_colectiva
41,Sevilla,41 Sevilla,2016,Vivienda unifamiliar,Variación anual,2.0,"2,0",unifamiliar,variacion_anual,ipva_variacion_anual_unifamiliar
41,Sevilla,41 Sevilla,2016,Total,Índice,101.78,"101,780",general,indice,ipva_indice_general
41,Sevilla,41 Sevilla,2016,Vivienda colectiva,Índice,101.745,"101,745",colectiva,indice,ipva_indice_colectiva
41,Sevilla,41 Sevilla,2016,Vivienda unifamiliar,Índice,101.969,"101,969",unifamiliar,indice,ipva_indice_unifamiliar
41,Sevilla,41 Sevilla,2017,Total,Variación anual,1.7,"1,7",general,variacion_anual,ipva_variacion_anual_general
41,Sevilla,41 Sevilla,2017,Vivienda colectiva,Variación anual,1.9,"1,9",colectiva,variacion_anual,ipva_variacion_anual_colectiva
41,Sevilla,41 Sevilla,2017,Vivienda unifamiliar,Variación anual,0.8,"0,8",unifamiliar,variacion_anual,ipva_variacion_anual_unifamiliar
41,Sevilla,41 Sevilla,2017,Total,Índice,103.485,"103,485",general,indice,ipva_indice_general
41,Sevilla,41 Sevilla,2017,Vivienda colectiva,Índice,103.632,"103,632",colectiva,indice,ipva_indice_colectiva
41,Sevilla,41 Sevilla,2017,Vivienda unifamiliar,Índice,102.742,"102,742",unifamiliar,indice,ipva_indice_unifamiliar
41,Sevilla,41 Sevilla,2018,Total,Variación anual,2.2,"2,2",general,variacion_anual,ipva_variacion_anual_general
41,Sevilla,41 Sevilla,2018,Vivienda colectiva,Variación anual,2.3,"2,3",colectiva,variacion_anual,ipva_variacion_anual_colectiva
41,Sevilla,41 Sevilla,2018,Vivienda unifamiliar,Variación anual,1.6,"1,6",unifamiliar,variacion_anual,ipva_variacion_anual_unifamiliar
41,Sevilla,41 Sevilla,2018,Total,Índice,105.736,"105,736",general,indice,ipva_indice_general
41,Sevilla,41 Sevilla,2018,Vivienda colectiva,Índice,106.004,"106,004",colectiva,indice,ipva_indice_colectiva
41,Sevilla,41 Sevilla,2018,Vivienda unifamiliar,Índice,104.375,"104,375",unifamiliar,indice,ipva_indice_unifamiliar
41,Sevilla,41 Sevilla,2019,Total,Variación anual,3.6,"3,6",general,variacion_anual,ipva_variacion_anual_general
41,Sevilla,41 Sevilla,2019,Vivienda colectiva,Variación anual,4.0,"4,0",colectiva,variacion_anual,ipva_variacion_anual_colectiva
41,Sevilla,41 Sevilla,2019,Vivienda unifamiliar,Variación anual,2.0,"2,0",unifamiliar,variacion_anual,ipva_variacion_anual_unifamiliar
41,Sevilla,41 Sevilla,2019,Total,Índice,109.582,"109,582",general,indice,ipva_indice_general
41,Sevilla,41 Sevilla,2019,Vivienda colectiva,Índice,110.205,"110,205",colectiva,indice,ipva_indice_colectiva
41,Sevilla,41 Sevilla,2019,Vivienda unifamiliar,Índice,106.451,"106,451",unifamiliar,indice,ipva_indice_unifamiliar
41,Sevilla,41 Sevilla,2020,Total,Variación anual,0.7,"0,7",general,variacion_anual,ipva_variacion_anual_general
41,Sevilla,41 Sevilla,2020,Vivienda colectiva,Variación anual,0.7,"0,7",colectiva,variacion_anual,ipva_variacion_anual_colectiva
41,Sevilla,41 Sevilla,2020,Vivienda unifamiliar,Variación anual,0.4,"0,4",unifamiliar,variacion_anual,ipva_variacion_anual_unifamiliar
41,Sevilla,41 Sevilla,2020,Total,Índice,110.304,"110,304",general,indice,ipva_indice_general
41,Sevilla,41 Sevilla,2020,Vivienda colectiva,Índice,110.983,"110,983",colectiva,indice,ipva_indice_colectiva
41,Sevilla,41 Sevilla,2020,Vivienda unifamiliar,Índice,106.906,"106,906",unifamiliar,indice,ipva_indice_unifamiliar
41,Sevilla,41 Sevilla,2021,Total,Variación anual,1.7,"1,7",general,variacion_anual,ipva_variacion_anual_general
41,Sevilla,41 Sevilla,2021,Vivienda colectiva,Variación anual,1.7,"1,7",colectiva,variacion_anual,ipva_variacion_anual_colectiva
41,Sevilla,41 Sevilla,2021,Vivienda unifamiliar,Variación anual,1.5,"1,5",unifamiliar,variacion_anual,ipva_variacion_anual_unifamiliar
41,Sevilla,41 Sevilla,2021,Total,Índice,112.159,"112,159",general,indice,ipva_indice_general
41,Sevilla,41 Sevilla,2021,Vivienda colectiva,Índice,112.89,"112,890",colectiva,indice,ipva_indice_colectiva
41,Sevilla,41 Sevilla,2021,Vivienda unifamiliar,Índice,108.508,"108,508",unifamiliar,indice,ipva_indice_unifamiliar
41,Sevilla,41 Sevilla,2022,Total,Variación anual,2.6,"2,6",general,variacion_anual,ipva_variacion_anual_general
41,Sevilla,41 Sevilla,2022,Vivienda colectiva,Variación anual,2.7,"2,7",colectiva,variacion_anual,ipva_variacion_anual_colectiva
41,Sevilla,41 Sevilla,2022,Vivienda unifamiliar,Variación anual,2.0,"2,0",unifamiliar,variacion_anual,ipva_variacion_anual_unifamiliar
41,Sevilla,41 Sevilla,2022,Total,Índice,115.092,"115,092",general,indice,ipva_indice_general
41,Sevilla,41 Sevilla,2022,Vivienda colectiva,Índice,115.972,"115,972",colectiva,indice,ipva_indice_colectiva
41,Sevilla,41 Sevilla,2022,Vivienda unifamiliar,Índice,110.705,"110,705",unifamiliar,indice,ipva_indice_unifamiliar
41,Sevilla,41 Sevilla,2023,Total,Variación anual,2.1,"2,1",general,variacion_anual,ipva_variacion_anual_general
41,Sevilla,41 Sevilla,2023,Vivienda colectiva,Variación anual,2.2,"2,2",colectiva,variacion_anual,ipva_variacion_anual_colectiva
41,Sevilla,41 Sevilla,2023,Vivienda unifamiliar,Variación anual,1.6,"1,6",unifamiliar,variacion_anual,ipva_variacion_anual_unifamiliar
41,Sevilla,41 Sevilla,2023,Total,Índice,117.551,"117,551",general,indice,ipva_indice_general
41,Sevilla,41 Sevilla,2023,Vivienda colectiva,Índice,118.565,"118,565",colectiva,indice,ipva_indice_colectiva
41,Sevilla,41 Sevilla,2023,Vivienda unifamiliar,Índice,112.474,"112,474",unifamiliar,indice,ipva_indice_unifamiliar
41,Sevilla,41 Sevilla,2024,Total,Variación anual,3.4,"3,4",general,variacion_anual,ipva_variacion_anual_general
41,Sevilla,41 Sevilla,2024,Vivienda colectiva,Variación anual,3.5,"3,5",colectiva,variacion_anual,ipva_variacion_anual_colectiva
41,Sevilla,41 Sevilla,2024,Vivienda unifamiliar,Variación anual,2.6,"2,6",unifamiliar,variacion_anual,ipva_variacion_anual_unifamiliar
41,Sevilla,41 Sevilla,2024,Total,Índice,121.504,"121,504",general,indice,ipva_indice_general
41,Sevilla,41 Sevilla,2024,Vivienda colectiva,Índice,122.72,"122,720",colectiva,indice,ipva_indice_colectiva
41,Sevilla,41 Sevilla,2024,Vivienda unifamiliar,Índice,115.382,"115,382",unifamiliar,indice,ipva_indice_unifamiliar
42,Soria,42 Soria,2015,Total,Variación anual,-1.2,"-1,2",general,variacion_anual,ipva_variacion_anual_general
42,Soria,42 Soria,2015,Vivienda colectiva,Variación anual,-1.6,"-1,6",colectiva,variacion_anual,ipva_variacion_anual_colectiva
42,Soria,42 Soria,2015,Vivienda unifamiliar,Variación anual,4.4,"4,4",unifamiliar,variacion_anual,ipva_variacion_anual_unifamiliar
42,Soria,42 Soria,2015,Total,Índice,100.0,"100,000",general,indice,ipva_indice_general
42,Soria,42 Soria,2015,Vivienda colectiva,Índice,100.0,"100,000",colectiva,indice,ipva_indice_colectiva
42,Soria,42 Soria,2015,Vivienda unifamiliar,Índice,100.0,"100,000",unifamiliar,indice,ipva_indice_unifamiliar
42,Soria,42 Soria,2016,Total,Variación anual,1.3,"1,3",general,variacion_anual,ipva_variacion_anual_general
42,Soria,42 Soria,2016,Vivienda colectiva,Variación anual,1.7,"1,7",colectiva,variacion_anual,ipva_variacion_anual_colectiva
42,Soria,42 Soria,2016,Vivienda unifamiliar,Variación anual,-3.4,"-3,4",unifamiliar,variacion_anual,ipva_variacion_anual_unifamiliar
42,Soria,42 Soria,2016,Total,Índice,101.294,"101,294",general,indice,ipva_indice_general
42,Soria,42 Soria,2016,Vivienda colectiva,Índice,101.667,"101,667",colectiva,indice,ipva_indice_colectiva
42,Soria,42 Soria,2016,Vivienda unifamiliar,Índice,96.592,"96,592",unifamiliar,indice,ipva_indice_unifamiliar
42,Soria,42 Soria,2017,Total,Variación anual,1.1,"1,1",general,variacion_anual,ipva_variacion_anual_general
42,Soria,42 Soria,2017,Vivienda colectiva,Variación anual,0.9,"0,9",colectiva,variacion_anual,ipva_variacion_anual_colectiva
42,Soria,42 Soria,2017,Vivienda unifamiliar,Variación anual,3.0,"3,0",unifamiliar,variacion_anual,ipva_variacion_anual_unifamiliar
42,Soria,42 Soria,2017,Total,Índice,102.402,"102,402",general,indice,ipva_indice_general
42,Soria,42 Soria,2017,Vivienda colectiva,Índice,102.624,"102,624",colectiva,indice,ipva_indice_colectiva
42,Soria,42 Soria,2017,Vivienda unifamiliar,Índice,99.518,"99,518",unifamiliar,indice,ipva_indice_unifamiliar
42,Soria,42 Soria,2018,Total,Variación anual,1.7,"1,7",general,variacion_anual,ipva_variacion_anual_general
42,Soria,42 Soria,2018,Vivienda colectiva,Variación anual,1.9,"1,9",colectiva,variacion_anual,ipva_variacion_anual_colectiva
42,Soria,42 Soria,2018,Vivienda unifamiliar,Variación anual,-0.4,"-0,4",unifamiliar,variacion_anual,ipva_variacion_anual_unifamiliar
42,Soria,42 Soria,2018,Total,Índice,104.179,"104,179",general,indice,ipva_indice_general
42,Soria,42 Soria,2018,Vivienda colectiva,Índice,104.574,"104,574",colectiva,indice,ipva_indice_colectiva
42,Soria,42 Soria,2018,Vivienda unifamiliar,Índice,99.165,"99,165",unifamiliar,indice,ipva_indice_unifamiliar
42,Soria,42 Soria,2019,Total,Variación anual,2.0,"2,0",general,variacion_anual,ipva_variacion_anual_general
42,Soria,42 Soria,2019,Vivienda colectiva,Variación anual,2.3,"2,3",colectiva,variacion_anual,ipva_variacion_anual_colectiva
42,Soria,42 Soria,2019,Vivienda unifamiliar,Variación anual,-1.2,"-1,2",unifamiliar,variacion_anual,ipva_variacion_anual_unifamiliar
42,Soria,42 Soria,2019,Total,Índice,106.287,"106,287",general,indice,ipva_indice_general
42,Soria,42 Soria,2019,Vivienda colectiva,Índice,106.949,"106,949",colectiva,indice,ipva_indice_colectiva
42,Soria,42 Soria,2019,Vivienda unifamiliar,Índice,97.952,"97,952",unifamiliar,indice,ipva_indice_unifamiliar
42,Soria,42 Soria,2020,Total,Variación anual,1.2,"1,2",general,variacion_anual,ipva_variacion_anual_general
42,Soria,42 Soria,2020,Vivienda colectiva,Variación anual,1.2,"1,2",colectiva,variacion_anual,ipva_variacion_anual_colectiva
42,Soria,42 Soria,2020,Vivienda unifamiliar,Variación anual,1.6,"1,6",unifamiliar,variacion_anual,ipva_variacion_anual_unifamiliar
42,Soria,42 Soria,2020,Total,Índice,107.613,"107,613",general,indice,ipva_indice_general
42,Soria,42 Soria,2020,Vivienda colectiva,Índice,108.256,"108,256",colectiva,indice,ipva_indice_colectiva
42,Soria,42 Soria,2020,Vivienda unifamiliar,Índice,99.515,"99,515",unifamiliar,indice,ipva_indice_unifamiliar
42,Soria,42 Soria,2021,Total,Variación anual,2.4,"2,4",general,variacion_anual,ipva_variacion_anual_general
42,Soria,42 Soria,2021,Vivienda colectiva,Variación anual,2.6,"2,6",colectiva,variacion_anual,ipva_variacion_anual_colectiva
42,Soria,42 Soria,2021,Vivienda unifamiliar,Variación anual,0.3,"0,3",unifamiliar,variacion_anual,ipva_variacion_anual_unifamiliar
42,Soria,42 Soria,2021,Total,Índice,110.185,"110,185",general,indice,ipva_indice_general
42,Soria,42 Soria,2021,Vivienda colectiva,Índice,111.028,"111,028",colectiva,indice,ipva_indice_colectiva
42,Soria,42 Soria,2021,Vivienda unifamiliar,Índice,99.804,"99,804",unifamiliar,indice,ipva_indice_unifamiliar
42,Soria,42 Soria,2022,Total,Variación anual,2.3,"2,3",general,variacion_anual,ipva_variacion_anual_general
42,Soria,42 Soria,2022,Vivienda colectiva,Variación anual,2.2,"2,2",colectiva,variacion_anual,ipva_variacion_anual_colectiva
42,Soria,42 Soria,2022,Vivienda unifamiliar,Variación anual,2.4,"2,4",unifamiliar,variacion_anual,ipva_variacion_anual_unifamiliar
42,Soria,42 Soria,2022,Total,Índice,112.676,"112,676",general,indice,ipva_indice_general
42,Soria,42 Soria,2022,Vivienda colectiva,Índice,113.522,"113,522",colectiva,indice,ipva_indice_colectiva
42,Soria,42 Soria,2022,Vivienda unifamiliar,Índice,102.242,"102,242",unifamiliar,indice,ipva_indice_unifamiliar
42,Soria,42 Soria,2023,Total,Variación anual,2.5,"2,5",general,variacion_anual,ipva_variacion_anual_general
42,Soria,42 Soria,2023,Vivienda colectiva,Variación anual,2.7,"2,7",colectiva,variacion_anual,ipva_variacion_anual_colectiva
42,Soria,42 Soria,2023,Vivienda unifamiliar,Variación anual,0.2,"0,2",unifamiliar,variacion_anual,ipva_variacion_anual_unifamiliar
42,Soria,42 Soria,2023,Total,Índice,115.528,"115,528",general,indice,ipva_indice_general
42,Soria,42 Soria,2023,Vivienda colectiva,Índice,116.592,"116,592",colectiva,indice,ipva_indice_colectiva
42,Soria,42 Soria,2023,Vivienda unifamiliar,Índice,102.493,"102,493",unifamiliar,indice,ipva_indice_unifamiliar
42,Soria,42 Soria,2024,Total,Variación anual,3.2,"3,2",general,variacion_anual,ipva_variacion_anual_general
42,Soria,42 Soria,2024,Vivienda colectiva,Variación anual,3.1,"3,1",colectiva,variacion_anual,ipva_variacion_anual_colectiva
42,Soria,42 Soria,2024,Vivienda unifamiliar,Variación anual,4.5,"4,5",unifamiliar,variacion_anual,ipva_variacion_anual_unifamiliar
42,Soria,42 Soria,2024,Total,Índice,119.236,"119,236",general,indice,ipva_indice_general
42,Soria,42 Soria,2024,Vivienda colectiva,Índice,120.218,"120,218",colectiva,indice,ipva_indice_colectiva
42,Soria,42 Soria,2024,Vivienda unifamiliar,Índice,107.15,"107,150",unifamiliar,indice,ipva_indice_unifamiliar
43,Tarragona,43 Tarragona,2015,Total,Variación anual,-0.2,"-0,2",general,variacion_anual,ipva_variacion_anual_general
43,Tarragona,43 Tarragona,2015,Vivienda colectiva,Variación anual,-0.2,"-0,2",colectiva,variacion_anual,ipva_variacion_anual_colectiva
43,Tarragona,43 Tarragona,2015,Vivienda unifamiliar,Variación anual,0.0,"0,0",unifamiliar,variacion_anual,ipva_variacion_anual_unifamiliar
43,Tarragona,43 Tarragona,2015,Total,Índice,100.0,"100,000",general,indice,ipva_indice_general
43,Tarragona,43 Tarragona,2015,Vivienda colectiva,Índice,100.0,"100,000",colectiva,indice,ipva_indice_colectiva
43,Tarragona,43 Tarragona,2015,Vivienda unifamiliar,Índice,100.0,"100,000",unifamiliar,indice,ipva_indice_unifamiliar
43,Tarragona,43 Tarragona,2016,Total,Variación anual,1.3,"1,3",general,variacion_anual,ipva_variacion_anual_general
43,Tarragona,43 Tarragona,2016,Vivienda colectiva,Variación anual,1.3,"1,3",colectiva,variacion_anual,ipva_variacion_anual_colectiva
43,Tarragona,43 Tarragona,2016,Vivienda unifamiliar,Variación anual,1.3,"1,3",unifamiliar,variacion_anual,ipva_variacion_anual_unifamiliar
43,Tarragona,43 Tarragona,2016,Total,Índice,101.319,"101,319",general,indice,ipva_indice_general
43,Tarragona,43 Tarragona,2016,Vivienda colectiva,Índice,101.333,"101,333",colectiva,indice,ipva_indice_colectiva
43,Tarragona,43 Tarragona,2016,Vivienda unifamiliar,Índice,101.251,"101,251",unifamiliar,indice,ipva_indice_unifamiliar
43,Tarragona,43 Tarragona,2017,Total,Variación anual,1.5,"1,5",general,variacion_anual,ipva_variacion_anual_general
43,Tarragona,43 Tarragona,2017,Vivienda colectiva,Variación anual,1.5,"1,5",colectiva,variacion_anual,ipva_variacion_anual_colectiva
43,Tarragona,43 Tarragona,2017,Vivienda unifamiliar,Variación anual,1.8,"1,8",unifamiliar,variacion_anual,ipva_variacion_anual_unifamiliar
43,Tarragona,43 Tarragona,2017,Total,Índice,102.878,"102,878",general,indice,ipva_indice_general
43,Tarragona,43 Tarragona,2017,Vivienda colectiva,Índice,102.828,"102,828",colectiva,indice,ipva_indice_colectiva
43,Tarragona,43 Tarragona,2017,Vivienda unifamiliar,Índice,103.122,"103,122",unifamiliar,indice,ipva_indice_unifamiliar
43,Tarragona,43 Tarragona,2018,Total,Variación anual,2.0,"2,0",general,variacion_anual,ipva_variacion_anual_general
43,Tarragona,43 Tarragona,2018,Vivienda colectiva,Variación anual,2.0,"2,0",colectiva,variacion_anual,ipva_variacion_anual_colectiva
43,Tarragona,43 Tarragona,2018,Vivienda unifamiliar,Variación anual,1.7,"1,7",unifamiliar,variacion_anual,ipva_variacion_anual_unifamiliar
43,Tarragona,43 Tarragona,2018,Total,Índice,104.884,"104,884",general,indice,ipva_indice_general
43,Tarragona,43 Tarragona,2018,Vivienda colectiva,Índice,104.892,"104,892",colectiva,indice,ipva_indice_colectiva
43,Tarragona,43 Tarragona,2018,Vivienda unifamiliar,Índice,104.836,"104,836",unifamiliar,indice,ipva_indice_unifamiliar
43,Tarragona,43 Tarragona,2019,Total,Variación anual,2.9,"2,9",general,variacion_anual,ipva_variacion_anual_general
43,Tarragona,43 Tarragona,2019,Vivienda colectiva,Variación anual,3.1,"3,1",colectiva,variacion_anual,ipva_variacion_anual_colectiva
43,Tarragona,43 Tarragona,2019,Vivienda unifamiliar,Variación anual,1.9,"1,9",unifamiliar,variacion_anual,ipva_variacion_anual_unifamiliar
43,Tarragona,43 Tarragona,2019,Total,Índice,107.909,"107,909",general,indice,ipva_indice_general
43,Tarragona,43 Tarragona,2019,Vivienda colectiva,Índice,108.123,"108,123",colectiva,indice,ipva_indice_colectiva
43,Tarragona,43 Tarragona,2019,Vivienda unifamiliar,Índice,106.792,"106,792",unifamiliar,indice,ipva_indice_unifamiliar
43,Tarragona,43 Tarragona,2020,Total,Variación anual,1.2,"1,2",general,variacion_anual,ipva_variacion_anual_general
43,Tarragona,43 Tarragona,2020,Vivienda colectiva,Variación anual,1.3,"1,3",colectiva,variacion_anual,ipva_variacion_anual_colectiva
43,Tarragona,43 Tarragona,2020,Vivienda unifamiliar,Variación anual,0.6,"0,6",unifamiliar,variacion_anual,ipva_variacion_anual_unifamiliar
43,Tarragona,43 Tarragona,2020,Total,Índice,109.192,"109,192",general,indice,ipva_indice_general
43,Tarragona,43 Tarragona,2020,Vivienda colectiva,Índice,109.53,"109,530",colectiva,indice,ipva_indice_colectiva
43,Tarragona,43 Tarragona,2020,Vivienda unifamiliar,Índice,107.441,"107,441",unifamiliar,indice,ipva_indice_unifamiliar
43,Tarragona,43 Tarragona,2021,Total,Variación anual,1.9,"1,9",general,variacion_anual,ipva_variacion_anual_general
43,Tarragona,43 Tarragona,2021,Vivienda colectiva,Variación anual,1.9,"1,9",colectiva,variacion_anual,ipva_variacion_anual_colectiva
43,Tarragona,43 Tarragona,2021,Vivienda unifamiliar,Variación anual,2.2,"2,2",unifamiliar,variacion_anual,ipva_variacion_anual_unifamiliar
43,Tarragona,43 Tarragona,2021,Total,Índice,111.286,"111,286",general,indice,ipva_indice_general
43,Tarragona,43 Tarragona,2021,Vivienda colectiva,Índice,111.579,"111,579",colectiva,indice,ipva_indice_colectiva
43,Tarragona,43 Tarragona,2021,Vivienda unifamiliar,Índice,109.755,"109,755",unifamiliar,indice,ipva_indice_unifamiliar
43,Tarragona,43 Tarragona,2022,Total,Variación anual,2.6,"2,6",general,variacion_anual,ipva_variacion_anual_general
43,Tarragona,43 Tarragona,2022,Vivienda colectiva,Variación anual,2.7,"2,7",colectiva,variacion_anual,ipva_variacion_anual_colectiva
43,Tarragona,43 Tarragona,2022,Vivienda unifamiliar,Variación anual,2.4,"2,4",unifamiliar,variacion_anual,ipva_variacion_anual_unifamiliar
43,Tarragona,43 Tarragona,2022,Total,Índice,114.192,"114,192",general,indice,ipva_indice_general
43,Tarragona,43 Tarragona,2022,Vivienda colectiva,Índice,114.542,"114,542",colectiva,indice,ipva_indice_colectiva
43,Tarragona,43 Tarragona,2022,Vivienda unifamiliar,Índice,112.36,"112,360",unifamiliar,indice,ipva_indice_unifamiliar
43,Tarragona,43 Tarragona,2023,Total,Variación anual,2.3,"2,3",general,variacion_anual,ipva_variacion_anual_general
43,Tarragona,43 Tarragona,2023,Vivienda colectiva,Variación anual,2.4,"2,4",colectiva,variacion_anual,ipva_variacion_anual_colectiva
43,Tarragona,43 Tarragona,2023,Vivienda unifamiliar,Variación anual,2.1,"2,1",unifamiliar,variacion_anual,ipva_variacion_anual_unifamiliar
43,Tarragona,43 Tarragona,2023,Total,Índice,116.859,"116,859",general,indice,ipva_indice_general
43,Tarragona,43 Tarragona,2023,Vivienda colectiva,Índice,117.27,"117,270",colectiva,indice,ipva_indice_colectiva
43,Tarragona,43 Tarragona,2023,Vivienda unifamiliar,Índice,114.706,"114,706",unifamiliar,indice,ipva_indice_unifamiliar
43,Tarragona,43 Tarragona,2024,Total,Variación anual,3.4,"3,4",general,variacion_anual,ipva_variacion_anual_general
43,Tarragona,43 Tarragona,2024,Vivienda colectiva,Variación anual,3.5,"3,5",colectiva,variacion_anual,ipva_variacion_anual_colectiva
43,Tarragona,43 Tarragona,2024,Vivienda unifamiliar,Variación anual,2.5,"2,5",unifamiliar,variacion_anual,ipva_variacion_anual_unifamiliar
43,Tarragona,43 Tarragona,2024,Total,Índice,120.777,"120,777",general,indice,ipva_indice_general
43,Tarragona,43 Tarragona,2024,Vivienda colectiva,Índice,121.387,"121,387",colectiva,indice,ipva_indice_colectiva
43,Tarragona,43 Tarragona,2024,Vivienda unifamiliar,Índice,117.534,"117,534",unifamiliar,indice,ipva_indice_unifamiliar
44,Teruel,44 Teruel,2015,Total,Variación anual,-1.1,"-1,1",general,variacion_anual,ipva_variacion_anual_general
44,Teruel,44 Teruel,2015,Vivienda colectiva,Variación anual,-1.2,"-1,2",colectiva,variacion_anual,ipva_variacion_anual_colectiva
44,Teruel,44 Teruel,2015,Vivienda unifamiliar,Variación anual,-1.0,"-1,0",unifamiliar,variacion_anual,ipva_variacion_anual_unifamiliar
44,Teruel,44 Teruel,2015,Total,Índice,100.0,"100,000",general,indice,ipva_indice_general
44,Teruel,44 Teruel,2015,Vivienda colectiva,Índice,100.0,"100,000",colectiva,indice,ipva_indice_colectiva
44,Teruel,44 Teruel,2015,Vivienda unifamiliar,Índice,100.0,"100,000",unifamiliar,indice,ipva_indice_unifamiliar
44,Teruel,44 Teruel,2016,Total,Variación anual,1.1,"1,1",general,variacion_anual,ipva_variacion_anual_general
44,Teruel,44 Teruel,2016,Vivienda colectiva,Variación anual,1.2,"1,2",colectiva,variacion_anual,ipva_variacion_anual_colectiva
44,Teruel,44 Teruel,2016,Vivienda unifamiliar,Variación anual,0.9,"0,9",unifamiliar,variacion_anual,ipva_variacion_anual_unifamiliar
44,Teruel,44 Teruel,2016,Total,Índice,101.124,"101,124",general,indice,ipva_indice_general
44,Teruel,44 Teruel,2016,Vivienda colectiva,Índice,101.161,"101,161",colectiva,indice,ipva_indice_colectiva
44,Teruel,44 Teruel,2016,Vivienda unifamiliar,Índice,100.9,"100,900",unifamiliar,indice,ipva_indice_unifamiliar
44,Teruel,44 Teruel,2017,Total,Variación anual,1.0,"1,0",general,variacion_anual,ipva_variacion_anual_general
44,Teruel,44 Teruel,2017,Vivienda colectiva,Variación anual,1.0,"1,0",colectiva,variacion_anual,ipva_variacion_anual_colectiva
44,Teruel,44 Teruel,2017,Vivienda unifamiliar,Variación anual,0.9,"0,9",unifamiliar,variacion_anual,ipva_variacion_anual_unifamiliar
44,Teruel,44 Teruel,2017,Total,Índice,102.145,"102,145",general,indice,ipva_indice_general
44,Teruel,44 Teruel,2017,Vivienda colectiva,Índice,102.197,"102,197",colectiva,indice,ipva_indice_colectiva
44,Teruel,44 Teruel,2017,Vivienda unifamiliar,Índice,101.82,"101,820",unifamiliar,indice,ipva_indice_unifamiliar
44,Teruel,44 Teruel,2018,Total,Variación anual,1.8,"1,8",general,variacion_anual,ipva_variacion_anual_general
44,Teruel,44 Teruel,2018,Vivienda colectiva,Variación anual,1.9,"1,9",colectiva,variacion_anual,ipva_variacion_anual_colectiva
44,Teruel,44 Teruel,2018,Vivienda unifamiliar,Variación anual,0.7,"0,7",unifamiliar,variacion_anual,ipva_variacion_anual_unifamiliar
44,Teruel,44 Teruel,2018,Total,Índice,103.95,"103,950",general,indice,ipva_indice_general
44,Teruel,44 Teruel,2018,Vivienda colectiva,Índice,104.183,"104,183",colectiva,indice,ipva_indice_colectiva
44,Teruel,44 Teruel,2018,Vivienda unifamiliar,Índice,102.507,"102,507",unifamiliar,indice,ipva_indice_unifamiliar
44,Teruel,44 Teruel,2019,Total,Variación anual,2.4,"2,4",general,variacion_anual,ipva_variacion_anual_general
44,Teruel,44 Teruel,2019,Vivienda colectiva,Variación anual,2.8,"2,8",colectiva,variacion_anual,ipva_variacion_anual_colectiva
44,Teruel,44 Teruel,2019,Vivienda unifamiliar,Variación anual,-0.5,"-0,5",unifamiliar,variacion_anual,ipva_variacion_anual_unifamiliar
44,Teruel,44 Teruel,2019,Total,Índice,106.402,"106,402",general,indice,ipva_indice_general
44,Teruel,44 Teruel,2019,Vivienda colectiva,Índice,107.08,"107,080",colectiva,indice,ipva_indice_colectiva
44,Teruel,44 Teruel,2019,Vivienda unifamiliar,Índice,102.033,"102,033",unifamiliar,indice,ipva_indice_unifamiliar
44,Teruel,44 Teruel,2020,Total,Variación anual,1.2,"1,2",general,variacion_anual,ipva_variacion_anual_general
44,Teruel,44 Teruel,2020,Vivienda colectiva,Variación anual,1.3,"1,3",colectiva,variacion_anual,ipva_variacion_anual_colectiva
44,Teruel,44 Teruel,2020,Vivienda unifamiliar,Variación anual,0.8,"0,8",unifamiliar,variacion_anual,ipva_variacion_anual_unifamiliar
44,Teruel,44 Teruel,2020,Total,Índice,107.723,"107,723",general,indice,ipva_indice_general
44,Teruel,44 Teruel,2020,Vivienda colectiva,Índice,108.469,"108,469",colectiva,indice,ipva_indice_colectiva
44,Teruel,44 Teruel,2020,Vivienda unifamiliar,Índice,102.896,"102,896",unifamiliar,indice,ipva_indice_unifamiliar
44,Teruel,44 Teruel,2021,Total,Variación anual,2.0,"2,0",general,variacion_anual,ipva_variacion_anual_general
44,Teruel,44 Teruel,2021,Vivienda colectiva,Variación anual,2.1,"2,1",colectiva,variacion_anual,ipva_variacion_anual_colectiva
44,Teruel,44 Teruel,2021,Vivienda unifamiliar,Variación anual,0.8,"0,8",unifamiliar,variacion_anual,ipva_variacion_anual_unifamiliar
44,Teruel,44 Teruel,2021,Total,Índice,109.825,"109,825",general,indice,ipva_indice_general
44,Teruel,44 Teruel,2021,Vivienda colectiva,Índice,110.795,"110,795",colectiva,indice,ipva_indice_colectiva
44,Teruel,44 Teruel,2021,Vivienda unifamiliar,Índice,103.723,"103,723",unifamiliar,indice,ipva_indice_unifamiliar
44,Teruel,44 Teruel,2022,Total,Variación anual,2.8,"2,8",general,variacion_anual,ipva_variacion_anual_general
44,Teruel,44 Teruel,2022,Vivienda colectiva,Variación anual,2.8,"2,8",colectiva,variacion_anual,ipva_variacion_anual_colectiva
44,Teruel,44 Teruel,2022,Vivienda unifamiliar,Variación anual,2.6,"2,6",unifamiliar,variacion_anual,ipva_variacion_anual_unifamiliar
44,Teruel,44 Teruel,2022,Total,Índice,112.848,"112,848",general,indice,ipva_indice_general
44,Teruel,44 Teruel,2022,Vivienda colectiva,Índice,113.876,"113,876",colectiva,indice,ipva_indice_colectiva
44,Teruel,44 Teruel,2022,Vivienda unifamiliar,Índice,106.406,"106,406",unifamiliar,indice,ipva_indice_unifamiliar
44,Teruel,44 Teruel,2023,Total,Variación anual,2.0,"2,0",general,variacion_anual,ipva_variacion_anual_general
44,Teruel,44 Teruel,2023,Vivienda colectiva,Variación anual,2.2,"2,2",colectiva,variacion_anual,ipva_variacion_anual_colectiva
44,Teruel,44 Teruel,2023,Vivienda unifamiliar,Variación anual,0.8,"0,8",unifamiliar,variacion_anual,ipva_variacion_anual_unifamiliar
44,Teruel,44 Teruel,2023,Total,Índice,115.056,"115,056",general,indice,ipva_indice_general
44,Teruel,44 Teruel,2023,Vivienda colectiva,Índice,116.325,"116,325",colectiva,indice,ipva_indice_colectiva
44,Teruel,44 Teruel,2023,Vivienda unifamiliar,Índice,107.268,"107,268",unifamiliar,indice,ipva_indice_unifamiliar
44,Teruel,44 Teruel,2024,Total,Variación anual,3.7,"3,7",general,variacion_anual,ipva_variacion_anual_general
44,Teruel,44 Teruel,2024,Vivienda colectiva,Variación anual,3.7,"3,7",colectiva,variacion_anual,ipva_variacion_anual_colectiva
44,Teruel,44 Teruel,2024,Vivienda unifamiliar,Variación anual,3.3,"3,3",unifamiliar,variacion_anual,ipva_variacion_anual_unifamiliar
44,Teruel,44 Teruel,2024,Total,Índice,119.273,"119,273",general,indice,ipva_indice_general
44,Teruel,44 Teruel,2024,Vivienda colectiva,Índice,120.655,"120,655",colectiva,indice,ipva_indice_colectiva
44,Teruel,44 Teruel,2024,Vivienda unifamiliar,Índice,110.836,"110,836",unifamiliar,indice,ipva_indice_unifamiliar
45,Toledo,45 Toledo,2015,Total,Variación anual,-1.5,"-1,5",general,variacion_anual,ipva_variacion_anual_general
45,Toledo,45 Toledo,2015,Vivienda colectiva,Variación anual,-1.7,"-1,7",colectiva,variacion_anual,ipva_variacion_anual_colectiva
45,Toledo,45 Toledo,2015,Vivienda unifamiliar,Variación anual,-1.1,"-1,1",unifamiliar,variacion_anual,ipva_variacion_anual_unifamiliar
45,Toledo,45 Toledo,2015,Total,Índice,100.0,"100,000",general,indice,ipva_indice_general
45,Toledo,45 Toledo,2015,Vivienda colectiva,Índice,100.0,"100,000",colectiva,indice,ipva_indice_colectiva
45,Toledo,45 Toledo,2015,Vivienda unifamiliar,Índice,100.0,"100,000",unifamiliar,indice,ipva_indice_unifamiliar
45,Toledo,45 Toledo,2016,Total,Variación anual,1.5,"1,5",general,variacion_anual,ipva_variacion_anual_general
45,Toledo,45 Toledo,2016,Vivienda colectiva,Variación anual,1.7,"1,7",colectiva,variacion_anual,ipva_variacion_anual_colectiva
45,Toledo,45 Toledo,2016,Vivienda unifamiliar,Variación anual,1.0,"1,0",unifamiliar,variacion_anual,ipva_variacion_anual_unifamiliar
45,Toledo,45 Toledo,2016,Total,Índice,101.497,"101,497",general,indice,ipva_indice_general
45,Toledo,45 Toledo,2016,Vivienda colectiva,Índice,101.691,"101,691",colectiva,indice,ipva_indice_colectiva
45,Toledo,45 Toledo,2016,Vivienda unifamiliar,Índice,101.021,"101,021",unifamiliar,indice,ipva_indice_unifamiliar
45,Toledo,45 Toledo,2017,Total,Variación anual,1.9,"1,9",general,variacion_anual,ipva_variacion_anual_general
45,Toledo,45 Toledo,2017,Vivienda colectiva,Variación anual,1.8,"1,8",colectiva,variacion_anual,ipva_variacion_anual_colectiva
45,Toledo,45 Toledo,2017,Vivienda unifamiliar,Variación anual,2.1,"2,1",unifamiliar,variacion_anual,ipva_variacion_anual_unifamiliar
45,Toledo,45 Toledo,2017,Total,Índice,103.443,"103,443",general,indice,ipva_indice_general
45,Toledo,45 Toledo,2017,Vivienda colectiva,Índice,103.571,"103,571",colectiva,indice,ipva_indice_colectiva
45,Toledo,45 Toledo,2017,Vivienda unifamiliar,Índice,103.123,"103,123",unifamiliar,indice,ipva_indice_unifamiliar
45,Toledo,45 Toledo,2018,Total,Variación anual,2.0,"2,0",general,variacion_anual,ipva_variacion_anual_general
45,Toledo,45 Toledo,2018,Vivienda colectiva,Variación anual,2.1,"2,1",colectiva,variacion_anual,ipva_variacion_anual_colectiva
45,Toledo,45 Toledo,2018,Vivienda unifamiliar,Variación anual,1.7,"1,7",unifamiliar,variacion_anual,ipva_variacion_anual_unifamiliar
45,Toledo,45 Toledo,2018,Total,Índice,105.463,"105,463",general,indice,ipva_indice_general
45,Toledo,45 Toledo,2018,Vivienda colectiva,Índice,105.718,"105,718",colectiva,indice,ipva_indice_colectiva
45,Toledo,45 Toledo,2018,Vivienda unifamiliar,Índice,104.851,"104,851",unifamiliar,indice,ipva_indice_unifamiliar
45,Toledo,45 Toledo,2019,Total,Variación anual,4.0,"4,0",general,variacion_anual,ipva_variacion_anual_general
45,Toledo,45 Toledo,2019,Vivienda colectiva,Variación anual,4.6,"4,6",colectiva,variacion_anual,ipva_variacion_anual_colectiva
45,Toledo,45 Toledo,2019,Vivienda unifamiliar,Variación anual,2.7,"2,7",unifamiliar,variacion_anual,ipva_variacion_anual_unifamiliar
45,Toledo,45 Toledo,2019,Total,Índice,109.707,"109,707",general,indice,ipva_indice_general
45,Toledo,45 Toledo,2019,Vivienda colectiva,Índice,110.55,"110,550",colectiva,indice,ipva_indice_colectiva
45,Toledo,45 Toledo,2019,Vivienda unifamiliar,Índice,107.692,"107,692",unifamiliar,indice,ipva_indice_unifamiliar
45,Toledo,45 Toledo,2020,Total,Variación anual,2.1,"2,1",general,variacion_anual,ipva_variacion_anual_general
45,Toledo,45 Toledo,2020,Vivienda colectiva,Variación anual,2.3,"2,3",colectiva,variacion_anual,ipva_variacion_anual_colectiva
45,Toledo,45 Toledo,2020,Vivienda unifamiliar,Variación anual,1.6,"1,6",unifamiliar,variacion_anual,ipva_variacion_anual_unifamiliar
45,Toledo,45 Toledo,2020,Total,Índice,111.982,"111,982",general,indice,ipva_indice_general
45,Toledo,45 Toledo,2020,Vivienda colectiva,Índice,113.054,"113,054",colectiva,indice,ipva_indice_colectiva
45,Toledo,45 Toledo,2020,Vivienda unifamiliar,Índice,109.414,"109,414",unifamiliar,indice,ipva_indice_unifamiliar
45,Toledo,45 Toledo,2021,Total,Variación anual,2.6,"2,6",general,variacion_anual,ipva_variacion_anual_general
45,Toledo,45 Toledo,2021,Vivienda colectiva,Variación anual,2.7,"2,7",colectiva,variacion_anual,ipva_variacion_anual_colectiva
45,Toledo,45 Toledo,2021,Vivienda unifamiliar,Variación anual,2.1,"2,1",unifamiliar,variacion_anual,ipva_variacion_anual_unifamiliar
45,Toledo,45 Toledo,2021,Total,Índice,114.842,"114,842",general,indice,ipva_indice_general
45,Toledo,45 Toledo,2021,Vivienda colectiva,Índice,116.14,"116,140",colectiva,indice,ipva_indice_colectiva
45,Toledo,45 Toledo,2021,Vivienda unifamiliar,Índice,111.729,"111,729",unifamiliar,indice,ipva_indice_unifamiliar
45,Toledo,45 Toledo,2022,Total,Variación anual,3.0,"3,0",general,variacion_anual,ipva_variacion_anual_general
45,Toledo,45 Toledo,2022,Vivienda colectiva,Variación anual,3.3,"3,3",colectiva,variacion_anual,ipva_variacion_anual_colectiva
45,Toledo,45 Toledo,2022,Vivienda unifamiliar,Variación anual,2.2,"2,2",unifamiliar,variacion_anual,ipva_variacion_anual_unifamiliar
45,Toledo,45 Toledo,2022,Total,Índice,118.257,"118,257",general,indice,ipva_indice_general
45,Toledo,45 Toledo,2022,Vivienda colectiva,Índice,119.926,"119,926",colectiva,indice,ipva_indice_colectiva
45,Toledo,45 Toledo,2022,Vivienda unifamiliar,Índice,114.206,"114,206",unifamiliar,indice,ipva_indice_unifamiliar
45,Toledo,45 Toledo,2023,Total,Variación anual,3.1,"3,1",general,variacion_anual,ipva_variacion_anual_general
45,Toledo,45 Toledo,2023,Vivienda colectiva,Variación anual,3.2,"3,2",colectiva,variacion_anual,ipva_variacion_anual_colectiva
45,Toledo,45 Toledo,2023,Vivienda unifamiliar,Variación anual,2.9,"2,9",unifamiliar,variacion_anual,ipva_variacion_anual_unifamiliar
45,Toledo,45 Toledo,2023,Total,Índice,121.972,"121,972",general,indice,ipva_indice_general
45,Toledo,45 Toledo,2023,Vivienda colectiva,Índice,123.787,"123,787",colectiva,indice,ipva_indice_colectiva
45,Toledo,45 Toledo,2023,Vivienda unifamiliar,Índice,117.546,"117,546",unifamiliar,indice,ipva_indice_unifamiliar
45,Toledo,45 Toledo,2024,Total,Variación anual,3.8,"3,8",general,variacion_anual,ipva_variacion_anual_general
45,Toledo,45 Toledo,2024,Vivienda colectiva,Variación anual,4.1,"4,1",colectiva,variacion_anual,ipva_variacion_anual_colectiva
45,Toledo,45 Toledo,2024,Vivienda unifamiliar,Variación anual,3.0,"3,0",unifamiliar,variacion_anual,ipva_variacion_anual_unifamiliar
45,Toledo,45 Toledo,2024,Total,Índice,126.637,"126,637",general,indice,ipva_indice_general
45,Toledo,45 Toledo,2024,Vivienda colectiva,Índice,128.888,"128,888",colectiva,indice,ipva_indice_colectiva
45,Toledo,45 Toledo,2024,Vivienda unifamiliar,Índice,121.026,"121,026",unifamiliar,indice,ipva_indice_unifamiliar
46,Valencia/València,46 Valencia/València,2015,Total,Variación anual,0.2,"0,2",general,variacion_anual,ipva_variacion_anual_general
46,Valencia/València,46 Valencia/València,2015,Vivienda colectiva,Variación anual,0.1,"0,1",colectiva,variacion_anual,ipva_variacion_anual_colectiva
46,Valencia/València,46 Valencia/València,2015,Vivienda unifamiliar,Variación anual,0.6,"0,6",unifamiliar,variacion_anual,ipva_variacion_anual_unifamiliar
46,Valencia/València,46 Valencia/València,2015,Total,Índice,100.0,"100,000",general,indice,ipva_indice_general
46,Valencia/València,46 Valencia/València,2015,Vivienda colectiva,Índice,100.0,"100,000",colectiva,indice,ipva_indice_colectiva
46,Valencia/València,46 Valencia/València,2015,Vivienda unifamiliar,Índice,100.0,"100,000",unifamiliar,indice,ipva_indice_unifamiliar
46,Valencia/València,46 Valencia/València,2016,Total,Variación anual,1.7,"1,7",general,variacion_anual,ipva_variacion_anual_general
46,Valencia/València,46 Valencia/València,2016,Vivienda colectiva,Variación anual,1.7,"1,7",colectiva,variacion_anual,ipva_variacion_anual_colectiva
46,Valencia/València,46 Valencia/València,2016,Vivienda unifamiliar,Variación anual,1.6,"1,6",unifamiliar,variacion_anual,ipva_variacion_anual_unifamiliar
46,Valencia/València,46 Valencia/València,2016,Total,Índice,101.694,"101,694",general,indice,ipva_indice_general
46,Valencia/València,46 Valencia/València,2016,Vivienda colectiva,Índice,101.699,"101,699",colectiva,indice,ipva_indice_colectiva
46,Valencia/València,46 Valencia/València,2016,Vivienda unifamiliar,Índice,101.641,"101,641",unifamiliar,indice,ipva_indice_unifamiliar
46,Valencia/València,46 Valencia/València,2017,Total,Variación anual,1.9,"1,9",general,variacion_anual,ipva_variacion_anual_general
46,Valencia/València,46 Valencia/València,2017,Vivienda colectiva,Variación anual,2.0,"2,0",colectiva,variacion_anual,ipva_variacion_anual_colectiva
46,Valencia/València,46 Valencia/València,2017,Vivienda unifamiliar,Variación anual,1.1,"1,1",unifamiliar,variacion_anual,ipva_variacion_anual_unifamiliar
46,Valencia/València,46 Valencia/València,2017,Total,Índice,103.619,"103,619",general,indice,ipva_indice_general
46,Valencia/València,46 Valencia/València,2017,Vivienda colectiva,Índice,103.711,"103,711",colectiva,indice,ipva_indice_colectiva
46,Valencia/València,46 Valencia/València,2017,Vivienda unifamiliar,Índice,102.756,"102,756",unifamiliar,indice,ipva_indice_unifamiliar
46,Valencia/València,46 Valencia/València,2018,Total,Variación anual,2.7,"2,7",general,variacion_anual,ipva_variacion_anual_general
46,Valencia/València,46 Valencia/València,2018,Vivienda colectiva,Variación anual,2.8,"2,8",colectiva,variacion_anual,ipva_variacion_anual_colectiva
46,Valencia/València,46 Valencia/València,2018,Vivienda unifamiliar,Variación anual,1.9,"1,9",unifamiliar,variacion_anual,ipva_variacion_anual_unifamiliar
46,Valencia/València,46 Valencia/València,2018,Total,Índice,106.386,"106,386",general,indice,ipva_indice_general
46,Valencia/València,46 Valencia/València,2018,Vivienda colectiva,Índice,106.568,"106,568",colectiva,indice,ipva_indice_colectiva
46,Valencia/València,46 Valencia/València,2018,Vivienda unifamiliar,Índice,104.663,"104,663",unifamiliar,indice,ipva_indice_unifamiliar
46,Valencia/València,46 Valencia/València,2019,Total,Variación anual,4.4,"4,4",general,variacion_anual,ipva_variacion_anual_general
46,Valencia/València,46 Valencia/València,2019,Vivienda colectiva,Variación anual,4.6,"4,6",colectiva,variacion_anual,ipva_variacion_anual_colectiva
46,Valencia/València,46 Valencia/València,2019,Vivienda unifamiliar,Variación anual,2.2,"2,2",unifamiliar,variacion_anual,ipva_variacion_anual_unifamiliar
46,Valencia/València,46 Valencia/València,2019,Total,Índice,111.078,"111,078",general,indice,ipva_indice_general
46,Valencia/València,46 Valencia/València,2019,Vivienda colectiva,Índice,111.523,"111,523",colectiva,indice,ipva_indice_colectiva
46,Valencia/València,46 Valencia/València,2019,Vivienda unifamiliar,Índice,106.929,"106,929",unifamiliar,indice,ipva_indice_unifamiliar
46,Valencia/València,46 Valencia/València,2020,Total,Variación anual,1.9,"1,9",general,variacion_anual,ipva_variacion_anual_general
46,Valencia/València,46 Valencia/València,2020,Vivienda colectiva,Variación anual,1.9,"1,9",colectiva,variacion_anual,ipva_variacion_anual_colectiva
46,Valencia/València,46 Valencia/València,2020,Vivienda unifamiliar,Variación anual,1.8,"1,8",unifamiliar,variacion_anual,ipva_variacion_anual_unifamiliar
46,Valencia/València,46 Valencia/València,2020,Total,Índice,113.196,"113,196",general,indice,ipva_indice_general
46,Valencia/València,46 Valencia/València,2020,Vivienda colectiva,Índice,113.661,"113,661",colectiva,indice,ipva_indice_colectiva
46,Valencia/València,46 Valencia/València,2020,Vivienda unifamiliar,Índice,108.865,"108,865",unifamiliar,indice,ipva_indice_unifamiliar
46,Valencia/València,46 Valencia/València,2021,Total,Variación anual,2.9,"2,9",general,variacion_anual,ipva_variacion_anual_general
46,Valencia/València,46 Valencia/València,2021,Vivienda colectiva,Variación anual,2.9,"2,9",colectiva,variacion_anual,ipva_variacion_anual_colectiva
46,Valencia/València,46 Valencia/València,2021,Vivienda unifamiliar,Variación anual,2.8,"2,8",unifamiliar,variacion_anual,ipva_variacion_anual_unifamiliar
46,Valencia/València,46 Valencia/València,2021,Total,Índice,116.489,"116,489",general,indice,ipva_indice_general
46,Valencia/València,46 Valencia/València,2021,Vivienda colectiva,Índice,116.978,"116,978",colectiva,indice,ipva_indice_colectiva
46,Valencia/València,46 Valencia/València,2021,Vivienda unifamiliar,Índice,111.938,"111,938",unifamiliar,indice,ipva_indice_unifamiliar
46,Valencia/València,46 Valencia/València,2022,Total,Variación anual,3.9,"3,9",general,variacion_anual,ipva_variacion_anual_general
46,Valencia/València,46 Valencia/València,2022,Vivienda colectiva,Variación anual,4.0,"4,0",colectiva,variacion_anual,ipva_variacion_anual_colectiva
46,Valencia/València,46 Valencia/València,2022,Vivienda unifamiliar,Variación anual,3.0,"3,0",unifamiliar,variacion_anual,ipva_variacion_anual_unifamiliar
46,Valencia/València,46 Valencia/València,2022,Total,Índice,121.038,"121,038",general,indice,ipva_indice_general
46,Valencia/València,46 Valencia/València,2022,Vivienda colectiva,Índice,121.649,"121,649",colectiva,indice,ipva_indice_colectiva
46,Valencia/València,46 Valencia/València,2022,Vivienda unifamiliar,Índice,115.347,"115,347",unifamiliar,indice,ipva_indice_unifamiliar
46,Valencia/València,46 Valencia/València,2023,Total,Variación anual,4.1,"4,1",general,variacion_anual,ipva_variacion_anual_general
46,Valencia/València,46 Valencia/València,2023,Vivienda colectiva,Variación anual,4.2,"4,2",colectiva,variacion_anual,ipva_variacion_anual_colectiva
46,Valencia/València,46 Valencia/València,2023,Vivienda unifamiliar,Variación anual,2.8,"2,8",unifamiliar,variacion_anual,ipva_variacion_anual_unifamiliar
46,Valencia/València,46 Valencia/València,2023,Total,Índice,125.943,"125,943",general,indice,ipva_indice_general
46,Valencia/València,46 Valencia/València,2023,Vivienda colectiva,Índice,126.722,"126,722",colectiva,indice,ipva_indice_colectiva
46,Valencia/València,46 Valencia/València,2023,Vivienda unifamiliar,Índice,118.633,"118,633",unifamiliar,indice,ipva_indice_unifamiliar
46,Valencia/València,46 Valencia/València,2024,Total,Variación anual,5.4,"5,4",general,variacion_anual,ipva_variacion_anual_general
46,Valencia/València,46 Valencia/València,2024,Vivienda colectiva,Variación anual,5.5,"5,5",colectiva,variacion_anual,ipva_variacion_anual_colectiva
46,Valencia/València,46 Valencia/València,2024,Vivienda unifamiliar,Variación anual,4.3,"4,3",unifamiliar,variacion_anual,ipva_variacion_anual_unifamiliar
46,Valencia/València,46 Valencia/València,2024,Total,Índice,132.773,"132,773",general,indice,ipva_indice_general
46,Valencia/València,46 Valencia/València,2024,Vivienda colectiva,Índice,133.73,"133,730",colectiva,indice,ipva_indice_colectiva
46,Valencia/València,46 Valencia/València,2024,Vivienda unifamiliar,Índice,123.752,"123,752",unifamiliar,indice,ipva_indice_unifamiliar
47,Valladolid,47 Valladolid,2015,Total,Variación anual,-0.7,"-0,7",general,variacion_anual,ipva_variacion_anual_general
47,Valladolid,47 Valladolid,2015,Vivienda colectiva,Variación anual,-0.6,"-0,6",colectiva,variacion_anual,ipva_variacion_anual_colectiva
47,Valladolid,47 Valladolid,2015,Vivienda unifamiliar,Variación anual,-1.2,"-1,2",unifamiliar,variacion_anual,ipva_variacion_anual_unifamiliar
47,Valladolid,47 Valladolid,2015,Total,Índice,100.0,"100,000",general,indice,ipva_indice_general
47,Valladolid,47 Valladolid,2015,Vivienda colectiva,Índice,100.0,"100,000",colectiva,indice,ipva_indice_colectiva
47,Valladolid,47 Valladolid,2015,Vivienda unifamiliar,Índice,100.0,"100,000",unifamiliar,indice,ipva_indice_unifamiliar
47,Valladolid,47 Valladolid,2016,Total,Variación anual,2.1,"2,1",general,variacion_anual,ipva_variacion_anual_general
47,Valladolid,47 Valladolid,2016,Vivienda colectiva,Variación anual,2.0,"2,0",colectiva,variacion_anual,ipva_variacion_anual_colectiva
47,Valladolid,47 Valladolid,2016,Vivienda unifamiliar,Variación anual,3.0,"3,0",unifamiliar,variacion_anual,ipva_variacion_anual_unifamiliar
47,Valladolid,47 Valladolid,2016,Total,Índice,102.137,"102,137",general,indice,ipva_indice_general
47,Valladolid,47 Valladolid,2016,Vivienda colectiva,Índice,102.046,"102,046",colectiva,indice,ipva_indice_colectiva
47,Valladolid,47 Valladolid,2016,Vivienda unifamiliar,Índice,103.03,"103,030",unifamiliar,indice,ipva_indice_unifamiliar
47,Valladolid,47 Valladolid,2017,Total,Variación anual,1.2,"1,2",general,variacion_anual,ipva_variacion_anual_general
47,Valladolid,47 Valladolid,2017,Vivienda colectiva,Variación anual,1.2,"1,2",colectiva,variacion_anual,ipva_variacion_anual_colectiva
47,Valladolid,47 Valladolid,2017,Vivienda unifamiliar,Variación anual,1.2,"1,2",unifamiliar,variacion_anual,ipva_variacion_anual_unifamiliar
47,Valladolid,47 Valladolid,2017,Total,Índice,103.382,"103,382",general,indice,ipva_indice_general
47,Valladolid,47 Valladolid,2017,Vivienda colectiva,Índice,103.295,"103,295",colectiva,indice,ipva_indice_colectiva
47,Valladolid,47 Valladolid,2017,Vivienda unifamiliar,Índice,104.244,"104,244",unifamiliar,indice,ipva_indice_unifamiliar
47,Valladolid,47 Valladolid,2018,Total,Variación anual,1.4,"1,4",general,variacion_anual,ipva_variacion_anual_general
47,Valladolid,47 Valladolid,2018,Vivienda colectiva,Variación anual,1.4,"1,4",colectiva,variacion_anual,ipva_variacion_anual_colectiva
47,Valladolid,47 Valladolid,2018,Vivienda unifamiliar,Variación anual,1.4,"1,4",unifamiliar,variacion_anual,ipva_variacion_anual_unifamiliar
47,Valladolid,47 Valladolid,2018,Total,Índice,104.865,"104,865",general,indice,ipva_indice_general
47,Valladolid,47 Valladolid,2018,Vivienda colectiva,Índice,104.776,"104,776",colectiva,indice,ipva_indice_colectiva
47,Valladolid,47 Valladolid,2018,Vivienda unifamiliar,Índice,105.736,"105,736",unifamiliar,indice,ipva_indice_unifamiliar
47,Valladolid,47 Valladolid,2019,Total,Variación anual,3.0,"3,0",general,variacion_anual,ipva_variacion_anual_general
47,Valladolid,47 Valladolid,2019,Vivienda colectiva,Variación anual,3.1,"3,1",colectiva,variacion_anual,ipva_variacion_anual_colectiva
47,Valladolid,47 Valladolid,2019,Vivienda unifamiliar,Variación anual,1.2,"1,2",unifamiliar,variacion_anual,ipva_variacion_anual_unifamiliar
47,Valladolid,47 Valladolid,2019,Total,Índice,107.961,"107,961",general,indice,ipva_indice_general
47,Valladolid,47 Valladolid,2019,Vivienda colectiva,Índice,108.057,"108,057",colectiva,indice,ipva_indice_colectiva
47,Valladolid,47 Valladolid,2019,Vivienda unifamiliar,Índice,107.056,"107,056",unifamiliar,indice,ipva_indice_unifamiliar
47,Valladolid,47 Valladolid,2020,Total,Variación anual,0.8,"0,8",general,variacion_anual,ipva_variacion_anual_general
47,Valladolid,47 Valladolid,2020,Vivienda colectiva,Variación anual,0.8,"0,8",colectiva,variacion_anual,ipva_variacion_anual_colectiva
47,Valladolid,47 Valladolid,2020,Vivienda unifamiliar,Variación anual,0.7,"0,7",unifamiliar,variacion_anual,ipva_variacion_anual_unifamiliar
47,Valladolid,47 Valladolid,2020,Total,Índice,108.823,"108,823",general,indice,ipva_indice_general
47,Valladolid,47 Valladolid,2020,Vivienda colectiva,Índice,108.926,"108,926",colectiva,indice,ipva_indice_colectiva
47,Valladolid,47 Valladolid,2020,Vivienda unifamiliar,Índice,107.847,"107,847",unifamiliar,indice,ipva_indice_unifamiliar
47,Valladolid,47 Valladolid,2021,Total,Variación anual,1.4,"1,4",general,variacion_anual,ipva_variacion_anual_general
47,Valladolid,47 Valladolid,2021,Vivienda colectiva,Variación anual,1.4,"1,4",colectiva,variacion_anual,ipva_variacion_anual_colectiva
47,Valladolid,47 Valladolid,2021,Vivienda unifamiliar,Variación anual,1.9,"1,9",unifamiliar,variacion_anual,ipva_variacion_anual_unifamiliar
47,Valladolid,47 Valladolid,2021,Total,Índice,110.384,"110,384",general,indice,ipva_indice_general
47,Valladolid,47 Valladolid,2021,Vivienda colectiva,Índice,110.436,"110,436",colectiva,indice,ipva_indice_colectiva
47,Valladolid,47 Valladolid,2021,Vivienda unifamiliar,Índice,109.875,"109,875",unifamiliar,indice,ipva_indice_unifamiliar
47,Valladolid,47 Valladolid,2022,Total,Variación anual,2.1,"2,1",general,variacion_anual,ipva_variacion_anual_general
47,Valladolid,47 Valladolid,2022,Vivienda colectiva,Variación anual,2.2,"2,2",colectiva,variacion_anual,ipva_variacion_anual_colectiva
47,Valladolid,47 Valladolid,2022,Vivienda unifamiliar,Variación anual,1.1,"1,1",unifamiliar,variacion_anual,ipva_variacion_anual_unifamiliar
47,Valladolid,47 Valladolid,2022,Total,Índice,112.687,"112,687",general,indice,ipva_indice_general
47,Valladolid,47 Valladolid,2022,Vivienda colectiva,Índice,112.846,"112,846",colectiva,indice,ipva_indice_colectiva
47,Valladolid,47 Valladolid,2022,Vivienda unifamiliar,Índice,111.137,"111,137",unifamiliar,indice,ipva_indice_unifamiliar
47,Valladolid,47 Valladolid,2023,Total,Variación anual,1.9,"1,9",general,variacion_anual,ipva_variacion_anual_general
47,Valladolid,47 Valladolid,2023,Vivienda colectiva,Variación anual,1.9,"1,9",colectiva,variacion_anual,ipva_variacion_anual_colectiva
47,Valladolid,47 Valladolid,2023,Vivienda unifamiliar,Variación anual,1.7,"1,7",unifamiliar,variacion_anual,ipva_variacion_anual_unifamiliar
47,Valladolid,47 Valladolid,2023,Total,Índice,114.817,"114,817",general,indice,ipva_indice_general
47,Valladolid,47 Valladolid,2023,Vivienda colectiva,Índice,115.003,"115,003",colectiva,indice,ipva_indice_colectiva
47,Valladolid,47 Valladolid,2023,Vivienda unifamiliar,Índice,113.003,"113,003",unifamiliar,indice,ipva_indice_unifamiliar
47,Valladolid,47 Valladolid,2024,Total,Variación anual,2.9,"2,9",general,variacion_anual,ipva_variacion_anual_general
47,Valladolid,47 Valladolid,2024,Vivienda colectiva,Variación anual,3.0,"3,0",colectiva,variacion_anual,ipva_variacion_anual_colectiva
47,Valladolid,47 Valladolid,2024,Vivienda unifamiliar,Variación anual,2.3,"2,3",unifamiliar,variacion_anual,ipva_variacion_anual_unifamiliar
47,Valladolid,47 Valladolid,2024,Total,Índice,118.177,"118,177",general,indice,ipva_indice_general
47,Valladolid,47 Valladolid,2024,Vivienda colectiva,Índice,118.43,"118,430",colectiva,indice,ipva_indice_colectiva
47,Valladolid,47 Valladolid,2024,Vivienda unifamiliar,Índice,115.631,"115,631",unifamiliar,indice,ipva_indice_unifamiliar
49,Zamora,49 Zamora,2015,Total,Variación anual,-0.9,"-0,9",general,variacion_anual,ipva_variacion_anual_general
49,Zamora,49 Zamora,2015,Vivienda colectiva,Variación anual,-0.8,"-0,8",colectiva,variacion_anual,ipva_variacion_anual_colectiva
49,Zamora,49 Zamora,2015,Vivienda unifamiliar,Variación anual,-1.8,"-1,8",unifamiliar,variacion_anual,ipva_variacion_anual_unifamiliar
49,Zamora,49 Zamora,2015,Total,Índice,100.0,"100,000",general,indice,ipva_indice_general
49,Zamora,49 Zamora,2015,Vivienda colectiva,Índice,100.0,"100,000",colectiva,indice,ipva_indice_colectiva
49,Zamora,49 Zamora,2015,Vivienda unifamiliar,Índice,100.0,"100,000",unifamiliar,indice,ipva_indice_unifamiliar
49,Zamora,49 Zamora,2016,Total,Variación anual,1.3,"1,3",general,variacion_anual,ipva_variacion_anual_general
49,Zamora,49 Zamora,2016,Vivienda colectiva,Variación anual,1.2,"1,2",colectiva,variacion_anual,ipva_variacion_anual_colectiva
49,Zamora,49 Zamora,2016,Vivienda unifamiliar,Variación anual,3.0,"3,0",unifamiliar,variacion_anual,ipva_variacion_anual_unifamiliar
49,Zamora,49 Zamora,2016,Total,Índice,101.348,"101,348",general,indice,ipva_indice_general
49,Zamora,49 Zamora,2016,Vivienda colectiva,Índice,101.195,"101,195",colectiva,indice,ipva_indice_colectiva
49,Zamora,49 Zamora,2016,Vivienda unifamiliar,Índice,102.989,"102,989",unifamiliar,indice,ipva_indice_unifamiliar
49,Zamora,49 Zamora,2017,Total,Variación anual,0.3,"0,3",general,variacion_anual,ipva_variacion_anual_general
49,Zamora,49 Zamora,2017,Vivienda colectiva,Variación anual,0.1,"0,1",colectiva,variacion_anual,ipva_variacion_anual_colectiva
49,Zamora,49 Zamora,2017,Vivienda unifamiliar,Variación anual,1.9,"1,9",unifamiliar,variacion_anual,ipva_variacion_anual_unifamiliar
49,Zamora,49 Zamora,2017,Total,Índice,101.632,"101,632",general,indice,ipva_indice_general
49,Zamora,49 Zamora,2017,Vivienda colectiva,Índice,101.327,"101,327",colectiva,indice,ipva_indice_colectiva
49,Zamora,49 Zamora,2017,Vivienda unifamiliar,Índice,104.94,"104,940",unifamiliar,indice,ipva_indice_unifamiliar
49,Zamora,49 Zamora,2018,Total,Variación anual,0.7,"0,7",general,variacion_anual,ipva_variacion_anual_general
49,Zamora,49 Zamora,2018,Vivienda colectiva,Variación anual,0.6,"0,6",colectiva,variacion_anual,ipva_variacion_anual_colectiva
49,Zamora,49 Zamora,2018,Vivienda unifamiliar,Variación anual,1.2,"1,2",unifamiliar,variacion_anual,ipva_variacion_anual_unifamiliar
49,Zamora,49 Zamora,2018,Total,Índice,102.297,"102,297",general,indice,ipva_indice_general
49,Zamora,49 Zamora,2018,Vivienda colectiva,Índice,101.934,"101,934",colectiva,indice,ipva_indice_colectiva
49,Zamora,49 Zamora,2018,Vivienda unifamiliar,Índice,106.228,"106,228",unifamiliar,indice,ipva_indice_unifamiliar
49,Zamora,49 Zamora,2019,Total,Variación anual,1.9,"1,9",general,variacion_anual,ipva_variacion_anual_general
49,Zamora,49 Zamora,2019,Vivienda colectiva,Variación anual,2.0,"2,0",colectiva,variacion_anual,ipva_variacion_anual_colectiva
49,Zamora,49 Zamora,2019,Vivienda unifamiliar,Variación anual,0.6,"0,6",unifamiliar,variacion_anual,ipva_variacion_anual_unifamiliar
49,Zamora,49 Zamora,2019,Total,Índice,104.213,"104,213",general,indice,ipva_indice_general
49,Zamora,49 Zamora,2019,Vivienda colectiva,Índice,103.973,"103,973",colectiva,indice,ipva_indice_colectiva
49,Zamora,49 Zamora,2019,Vivienda unifamiliar,Índice,106.823,"106,823",unifamiliar,indice,ipva_indice_unifamiliar
49,Zamora,49 Zamora,2020,Total,Variación anual,0.6,"0,6",general,variacion_anual,ipva_variacion_anual_general
49,Zamora,49 Zamora,2020,Vivienda colectiva,Variación anual,0.8,"0,8",colectiva,variacion_anual,ipva_variacion_anual_colectiva
49,Zamora,49 Zamora,2020,Vivienda unifamiliar,Variación anual,-1.0,"-1,0",unifamiliar,variacion_anual,ipva_variacion_anual_unifamiliar
49,Zamora,49 Zamora,2020,Total,Índice,104.854,"104,854",general,indice,ipva_indice_general
49,Zamora,49 Zamora,2020,Vivienda colectiva,Índice,104.776,"104,776",colectiva,indice,ipva_indice_colectiva
49,Zamora,49 Zamora,2020,Vivienda unifamiliar,Índice,105.746,"105,746",unifamiliar,indice,ipva_indice_unifamiliar
49,Zamora,49 Zamora,2021,Total,Variación anual,1.7,"1,7",general,variacion_anual,ipva_variacion_anual_general
49,Zamora,49 Zamora,2021,Vivienda colectiva,Variación anual,1.6,"1,6",colectiva,variacion_anual,ipva_variacion_anual_colectiva
49,Zamora,49 Zamora,2021,Vivienda unifamiliar,Variación anual,2.5,"2,5",unifamiliar,variacion_anual,ipva_variacion_anual_unifamiliar
49,Zamora,49 Zamora,2021,Total,Índice,106.592,"106,592",general,indice,ipva_indice_general
49,Zamora,49 Zamora,2021,Vivienda colectiva,Índice,106.412,"106,412",colectiva,indice,ipva_indice_colectiva
49,Zamora,49 Zamora,2021,Vivienda unifamiliar,Índice,108.416,"108,416",unifamiliar,indice,ipva_indice_unifamiliar
49,Zamora,49 Zamora,2022,Total,Variación anual,1.4,"1,4",general,variacion_anual,ipva_variacion_anual_general
49,Zamora,49 Zamora,2022,Vivienda colectiva,Variación anual,1.5,"1,5",colectiva,variacion_anual,ipva_variacion_anual_colectiva
49,Zamora,49 Zamora,2022,Vivienda unifamiliar,Variación anual,1.2,"1,2",unifamiliar,variacion_anual,ipva_variacion_anual_unifamiliar
49,Zamora,49 Zamora,2022,Total,Índice,108.124,"108,124",general,indice,ipva_indice_general
49,Zamora,49 Zamora,2022,Vivienda colectiva,Índice,107.973,"107,973",colectiva,indice,ipva_indice_colectiva
49,Zamora,49 Zamora,2022,Vivienda unifamiliar,Índice,109.683,"109,683",unifamiliar,indice,ipva_indice_unifamiliar
49,Zamora,49 Zamora,2023,Total,Variación anual,1.6,"1,6",general,variacion_anual,ipva_variacion_anual_general
49,Zamora,49 Zamora,2023,Vivienda colectiva,Variación anual,1.7,"1,7",colectiva,variacion_anual,ipva_variacion_anual_colectiva
49,Zamora,49 Zamora,2023,Vivienda unifamiliar,Variación anual,0.9,"0,9",unifamiliar,variacion_anual,ipva_variacion_anual_unifamiliar
49,Zamora,49 Zamora,2023,Total,Índice,109.853,"109,853",general,indice,ipva_indice_general
49,Zamora,49 Zamora,2023,Vivienda colectiva,Índice,109.781,"109,781",colectiva,indice,ipva_indice_colectiva
49,Zamora,49 Zamora,2023,Vivienda unifamiliar,Índice,110.679,"110,679",unifamiliar,indice,ipva_indice_unifamiliar
49,Zamora,49 Zamora,2024,Total,Variación anual,2.8,"2,8",general,variacion_anual,ipva_variacion_anual_general
49,Zamora,49 Zamora,2024,Vivienda colectiva,Variación anual,2.9,"2,9",colectiva,variacion_anual,ipva_variacion_anual_colectiva
49,Zamora,49 Zamora,2024,Vivienda unifamiliar,Variación anual,2.1,"2,1",unifamiliar,variacion_anual,ipva_variacion_anual_unifamiliar
49,Zamora,49 Zamora,2024,Total,Índice,112.947,"112,947",general,indice,ipva_indice_general
49,Zamora,49 Zamora,2024,Vivienda colectiva,Índice,112.962,"112,962",colectiva,indice,ipva_indice_colectiva
49,Zamora,49 Zamora,2024,Vivienda unifamiliar,Índice,113.01,"113,010",unifamiliar,indice,ipva_indice_unifamiliar
50,Zaragoza,50 Zaragoza,2015,Total,Variación anual,-0.5,"-0,5",general,variacion_anual,ipva_variacion_anual_general
50,Zaragoza,50 Zaragoza,2015,Vivienda colectiva,Variación anual,-0.5,"-0,5",colectiva,variacion_anual,ipva_variacion_anual_colectiva
50,Zaragoza,50 Zaragoza,2015,Vivienda unifamiliar,Variación anual,-0.8,"-0,8",unifamiliar,variacion_anual,ipva_variacion_anual_unifamiliar
50,Zaragoza,50 Zaragoza,2015,Total,Índice,100.0,"100,000",general,indice,ipva_indice_general
50,Zaragoza,50 Zaragoza,2015,Vivienda colectiva,Índice,100.0,"100,000",colectiva,indice,ipva_indice_colectiva
50,Zaragoza,50 Zaragoza,2015,Vivienda unifamiliar,Índice,100.0,"100,000",unifamiliar,indice,ipva_indice_unifamiliar
50,Zaragoza,50 Zaragoza,2016,Total,Variación anual,1.1,"1,1",general,variacion_anual,ipva_variacion_anual_general
50,Zaragoza,50 Zaragoza,2016,Vivienda colectiva,Variación anual,1.1,"1,1",colectiva,variacion_anual,ipva_variacion_anual_colectiva
50,Zaragoza,50 Zaragoza,2016,Vivienda unifamiliar,Variación anual,0.6,"0,6",unifamiliar,variacion_anual,ipva_variacion_anual_unifamiliar
50,Zaragoza,50 Zaragoza,2016,Total,Índice,101.055,"101,055",general,indice,ipva_indice_general
50,Zaragoza,50 Zaragoza,2016,Vivienda colectiva,Índice,101.085,"101,085",colectiva,indice,ipva_indice_colectiva
50,Zaragoza,50 Zaragoza,2016,Vivienda unifamiliar,Índice,100.561,"100,561",unifamiliar,indice,ipva_indice_unifamiliar
50,Zaragoza,50 Zaragoza,2017,Total,Variación anual,1.1,"1,1",general,variacion_anual,ipva_variacion_anual_general
50,Zaragoza,50 Zaragoza,2017,Vivienda colectiva,Variación anual,1.2,"1,2",colectiva,variacion_anual,ipva_variacion_anual_colectiva
50,Zaragoza,50 Zaragoza,2017,Vivienda unifamiliar,Variación anual,0.6,"0,6",unifamiliar,variacion_anual,ipva_variacion_anual_unifamiliar
50,Zaragoza,50 Zaragoza,2017,Total,Índice,102.209,"102,209",general,indice,ipva_indice_general
50,Zaragoza,50 Zaragoza,2017,Vivienda colectiva,Índice,102.274,"102,274",colectiva,indice,ipva_indice_colectiva
50,Zaragoza,50 Zaragoza,2017,Vivienda unifamiliar,Índice,101.167,"101,167",unifamiliar,indice,ipva_indice_unifamiliar
50,Zaragoza,50 Zaragoza,2018,Total,Variación anual,2.0,"2,0",general,variacion_anual,ipva_variacion_anual_general
50,Zaragoza,50 Zaragoza,2018,Vivienda colectiva,Variación anual,2.0,"2,0",colectiva,variacion_anual,ipva_variacion_anual_colectiva
50,Zaragoza,50 Zaragoza,2018,Vivienda unifamiliar,Variación anual,1.5,"1,5",unifamiliar,variacion_anual,ipva_variacion_anual_unifamiliar
50,Zaragoza,50 Zaragoza,2018,Total,Índice,104.228,"104,228",general,indice,ipva_indice_general
50,Zaragoza,50 Zaragoza,2018,Vivienda colectiva,Índice,104.322,"104,322",colectiva,indice,ipva_indice_colectiva
50,Zaragoza,50 Zaragoza,2018,Vivienda unifamiliar,Índice,102.714,"102,714",unifamiliar,indice,ipva_indice_unifamiliar
50,Zaragoza,50 Zaragoza,2019,Total,Variación anual,3.1,"3,1",general,variacion_anual,ipva_variacion_anual_general
50,Zaragoza,50 Zaragoza,2019,Vivienda colectiva,Variación anual,3.2,"3,2",colectiva,variacion_anual,ipva_variacion_anual_colectiva
50,Zaragoza,50 Zaragoza,2019,Vivienda unifamiliar,Variación anual,2.0,"2,0",unifamiliar,variacion_anual,ipva_variacion_anual_unifamiliar
50,Zaragoza,50 Zaragoza,2019,Total,Índice,107.48,"107,480",general,indice,ipva_indice_general
50,Zaragoza,50 Zaragoza,2019,Vivienda colectiva,Índice,107.655,"107,655",colectiva,indice,ipva_indice_colectiva
50,Zaragoza,50 Zaragoza,2019,Vivienda unifamiliar,Índice,104.735,"104,735",unifamiliar,indice,ipva_indice_unifamiliar
50,Zaragoza,50 Zaragoza,2020,Total,Variación anual,1.0,"1,0",general,variacion_anual,ipva_variacion_anual_general
50,Zaragoza,50 Zaragoza,2020,Vivienda colectiva,Variación anual,1.0,"1,0",colectiva,variacion_anual,ipva_variacion_anual_colectiva
50,Zaragoza,50 Zaragoza,2020,Vivienda unifamiliar,Variación anual,0.4,"0,4",unifamiliar,variacion_anual,ipva_variacion_anual_unifamiliar
50,Zaragoza,50 Zaragoza,2020,Total,Índice,108.524,"108,524",general,indice,ipva_indice_general
50,Zaragoza,50 Zaragoza,2020,Vivienda colectiva,Índice,108.739,"108,739",colectiva,indice,ipva_indice_colectiva
50,Zaragoza,50 Zaragoza,2020,Vivienda unifamiliar,Índice,105.201,"105,201",unifamiliar,indice,ipva_indice_unifamiliar
50,Zaragoza,50 Zaragoza,2021,Total,Variación anual,2.0,"2,0",general,variacion_anual,ipva_variacion_anual_general
50,Zaragoza,50 Zaragoza,2021,Vivienda colectiva,Variación anual,2.0,"2,0",colectiva,variacion_anual,ipva_variacion_anual_colectiva
50,Zaragoza,50 Zaragoza,2021,Vivienda unifamiliar,Variación anual,1.7,"1,7",unifamiliar,variacion_anual,ipva_variacion_anual_unifamiliar
50,Zaragoza,50 Zaragoza,2021,Total,Índice,110.697,"110,697",general,indice,ipva_indice_general
50,Zaragoza,50 Zaragoza,2021,Vivienda colectiva,Índice,110.939,"110,939",colectiva,indice,ipva_indice_colectiva
50,Zaragoza,50 Zaragoza,2021,Vivienda unifamiliar,Índice,107.013,"107,013",unifamiliar,indice,ipva_indice_unifamiliar
50,Zaragoza,50 Zaragoza,2022,Total,Variación anual,2.5,"2,5",general,variacion_anual,ipva_variacion_anual_general
50,Zaragoza,50 Zaragoza,2022,Vivienda colectiva,Variación anual,2.5,"2,5",colectiva,variacion_anual,ipva_variacion_anual_colectiva
50,Zaragoza,50 Zaragoza,2022,Vivienda unifamiliar,Variación anual,1.9,"1,9",unifamiliar,variacion_anual,ipva_variacion_anual_unifamiliar
50,Zaragoza,50 Zaragoza,2022,Total,Índice,113.464,"113,464",general,indice,ipva_indice_general
50,Zaragoza,50 Zaragoza,2022,Vivienda colectiva,Índice,113.759,"113,759",colectiva,indice,ipva_indice_colectiva
50,Zaragoza,50 Zaragoza,2022,Vivienda unifamiliar,Índice,109.03,"109,030",unifamiliar,indice,ipva_indice_unifamiliar
50,Zaragoza,50 Zaragoza,2023,Total,Variación anual,2.4,"2,4",general,variacion_anual,ipva_variacion_anual_general
50,Zaragoza,50 Zaragoza,2023,Vivienda colectiva,Variación anual,2.4,"2,4",colectiva,variacion_anual,ipva_variacion_anual_colectiva
50,Zaragoza,50 Zaragoza,2023,Vivienda unifamiliar,Variación anual,1.6,"1,6",unifamiliar,variacion_anual,ipva_variacion_anual_unifamiliar
50,Zaragoza,50 Zaragoza,2023,Total,Índice,116.136,"116,136",general,indice,ipva_indice_general
50,Zaragoza,50 Zaragoza,2023,Vivienda colectiva,Índice,116.493,"116,493",colectiva,indice,ipva_indice_colectiva
50,Zaragoza,50 Zaragoza,2023,Vivienda unifamiliar,Índice,110.816,"110,816",unifamiliar,indice,ipva_indice_unifamiliar
50,Zaragoza,50 Zaragoza,2024,Total,Variación anual,3.2,"3,2",general,variacion_anual,ipva_variacion_anual_general
50,Zaragoza,50 Zaragoza,2024,Vivienda colectiva,Variación anual,3.2,"3,2",colectiva,variacion_anual,ipva_variacion_anual_colectiva
50,Zaragoza,50 Zaragoza,2024,Vivienda unifamiliar,Variación anual,2.8,"2,8",unifamiliar,variacion_anual,ipva_variacion_anual_unifamiliar
50,Zaragoza,50 Zaragoza,2024,Total,Índice,119.826,"119,826",general,indice,ipva_indice_general
50,Zaragoza,50 Zaragoza,2024,Vivienda colectiva,Índice,120.224,"120,224",colectiva,indice,ipva_indice_colectiva
50,Zaragoza,50 Zaragoza,2024,Vivienda unifamiliar,Índice,113.906,"113,906",unifamiliar,indice,ipva_indice_unifamiliar
51,Ceuta,51 Ceuta,2015,Total,Variación anual,0.5,"0,5",general,variacion_anual,ipva_variacion_anual_general
51,Ceuta,51 Ceuta,2015,Vivienda colectiva,Variación anual,0.7,"0,7",colectiva,variacion_anual,ipva_variacion_anual_colectiva
51,Ceuta,51 Ceuta,2015,Vivienda unifamiliar,Variación anual,-1.3,"-1,3",unifamiliar,variacion_anual,ipva_variacion_anual_unifamiliar
51,Ceuta,51 Ceuta,2015,Total,Índice,100.0,"100,000",general,indice,ipva_indice_general
51,Ceuta,51 Ceuta,2015,Vivienda colectiva,Índice,100.0,"100,000",colectiva,indice,ipva_indice_colectiva
51,Ceuta,51 Ceuta,2015,Vivienda unifamiliar,Índice,100.0,"100,000",unifamiliar,indice,ipva_indice_unifamiliar
51,Ceuta,51 Ceuta,2016,Total,Variación anual,2.2,"2,2",general,variacion_anual,ipva_variacion_anual_general
51,Ceuta,51 Ceuta,2016,Vivienda colectiva,Variación anual,2.2,"2,2",colectiva,variacion_anual,ipva_variacion_anual_colectiva
51,Ceuta,51 Ceuta,2016,Vivienda unifamiliar,Variación anual,2.4,"2,4",unifamiliar,variacion_anual,ipva_variacion_anual_unifamiliar
51,Ceuta,51 Ceuta,2016,Total,Índice,102.235,"102,235",general,indice,ipva_indice_general
51,Ceuta,51 Ceuta,2016,Vivienda colectiva,Índice,102.216,"102,216",colectiva,indice,ipva_indice_colectiva
51,Ceuta,51 Ceuta,2016,Vivienda unifamiliar,Índice,102.412,"102,412",unifamiliar,indice,ipva_indice_unifamiliar
51,Ceuta,51 Ceuta,2017,Total,Variación anual,0.3,"0,3",general,variacion_anual,ipva_variacion_anual_general
51,Ceuta,51 Ceuta,2017,Vivienda colectiva,Variación anual,0.2,"0,2",colectiva,variacion_anual,ipva_variacion_anual_colectiva
51,Ceuta,51 Ceuta,2017,Vivienda unifamiliar,Variación anual,1.5,"1,5",unifamiliar,variacion_anual,ipva_variacion_anual_unifamiliar
51,Ceuta,51 Ceuta,2017,Total,Índice,102.59,"102,590",general,indice,ipva_indice_general
51,Ceuta,51 Ceuta,2017,Vivienda colectiva,Índice,102.415,"102,415",colectiva,indice,ipva_indice_colectiva
51,Ceuta,51 Ceuta,2017,Vivienda unifamiliar,Índice,103.975,"103,975",unifamiliar,indice,ipva_indice_unifamiliar
51,Ceuta,51 Ceuta,2018,Total,Variación anual,1.2,"1,2",general,variacion_anual,ipva_variacion_anual_general
51,Ceuta,51 Ceuta,2018,Vivienda colectiva,Variación anual,1.5,"1,5",colectiva,variacion_anual,ipva_variacion_anual_colectiva
51,Ceuta,51 Ceuta,2018,Vivienda unifamiliar,Variación anual,-1.1,"-1,1",unifamiliar,variacion_anual,ipva_variacion_anual_unifamiliar
51,Ceuta,51 Ceuta,2018,Total,Índice,103.849,"103,849",general,indice,ipva_indice_general
51,Ceuta,51 Ceuta,2018,Vivienda colectiva,Índice,103.999,"103,999",colectiva,indice,ipva_indice_colectiva
51,Ceuta,51 Ceuta,2018,Vivienda unifamiliar,Índice,102.847,"102,847",unifamiliar,indice,ipva_indice_unifamiliar
51,Ceuta,51 Ceuta,2019,Total,Variación anual,1.5,"1,5",general,variacion_anual,ipva_variacion_anual_general
51,Ceuta,51 Ceuta,2019,Vivienda colectiva,Variación anual,1.5,"1,5",colectiva,variacion_anual,ipva_variacion_anual_colectiva
51,Ceuta,51 Ceuta,2019,Vivienda unifamiliar,Variación anual,1.5,"1,5",unifamiliar,variacion_anual,ipva_variacion_anual_unifamiliar
51,Ceuta,51 Ceuta,2019,Total,Índice,105.424,"105,424",general,indice,ipva_indice_general
51,Ceuta,51 Ceuta,2019,Vivienda colectiva,Índice,105.579,"105,579",colectiva,indice,ipva_indice_colectiva
51,Ceuta,51 Ceuta,2019,Vivienda unifamiliar,Índice,104.387,"104,387",unifamiliar,indice,ipva_indice_unifamiliar
51,Ceuta,51 Ceuta,2020,Total,Variación anual,0.0,"0,0",general,variacion_anual,ipva_variacion_anual_general
51,Ceuta,51 Ceuta,2020,Vivienda colectiva,Variación anual,-0.4,"-0,4",colectiva,variacion_anual,ipva_variacion_anual_colectiva
51,Ceuta,51 Ceuta,2020,Vivienda unifamiliar,Variación anual,2.3,"2,3",unifamiliar,variacion_anual,ipva_variacion_anual_unifamiliar
51,Ceuta,51 Ceuta,2020,Total,Índice,105.383,"105,383",general,indice,ipva_indice_general
51,Ceuta,51 Ceuta,2020,Vivienda colectiva,Índice,105.174,"105,174",colectiva,indice,ipva_indice_colectiva
51,Ceuta,51 Ceuta,2020,Vivienda unifamiliar,Índice,106.81,"106,810",unifamiliar,indice,ipva_indice_unifamiliar
51,Ceuta,51 Ceuta,2021,Total,Variación anual,1.4,"1,4",general,variacion_anual,ipva_variacion_anual_general
51,Ceuta,51 Ceuta,2021,Vivienda colectiva,Variación anual,1.7,"1,7",colectiva,variacion_anual,ipva_variacion_anual_colectiva
51,Ceuta,51 Ceuta,2021,Vivienda unifamiliar,Variación anual,-0.7,"-0,7",unifamiliar,variacion_anual,ipva_variacion_anual_unifamiliar
51,Ceuta,51 Ceuta,2021,Total,Índice,106.884,"106,884",general,indice,ipva_indice_general
51,Ceuta,51 Ceuta,2021,Vivienda colectiva,Índice,106.989,"106,989",colectiva,indice,ipva_indice_colectiva
51,Ceuta,51 Ceuta,2021,Vivienda unifamiliar,Índice,106.012,"106,012",unifamiliar,indice,ipva_indice_unifamiliar
51,Ceuta,51 Ceuta,2022,Total,Variación anual,0.7,"0,7",general,variacion_anual,ipva_variacion_anual_general
51,Ceuta,51 Ceuta,2022,Vivienda colectiva,Variación anual,0.5,"0,5",colectiva,variacion_anual,ipva_variacion_anual_colectiva
51,Ceuta,51 Ceuta,2022,Vivienda unifamiliar,Variación anual,2.3,"2,3",unifamiliar,variacion_anual,ipva_variacion_anual_unifamiliar
51,Ceuta,51 Ceuta,2022,Total,Índice,107.679,"107,679",general,indice,ipva_indice_general
51,Ceuta,51 Ceuta,2022,Vivienda colectiva,Índice,107.575,"107,575",colectiva,indice,ipva_indice_colectiva
51,Ceuta,51 Ceuta,2022,Vivienda unifamiliar,Índice,108.409,"108,409",unifamiliar,indice,ipva_indice_unifamiliar
51,Ceuta,51 Ceuta,2023,Total,Variación anual,0.8,"0,8",general,variacion_anual,ipva_variacion_anual_general
51,Ceuta,51 Ceuta,2023,Vivienda colectiva,Variación anual,1.0,"1,0",colectiva,variacion_anual,ipva_variacion_anual_colectiva
51,Ceuta,51 Ceuta,2023,Vivienda unifamiliar,Variación anual,-0.9,"-0,9",unifamiliar,variacion_anual,ipva_variacion_anual_unifamiliar
51,Ceuta,51 Ceuta,2023,Total,Índice,108.542,"108,542",general,indice,ipva_indice_general
51,Ceuta,51 Ceuta,2023,Vivienda colectiva,Índice,108.703,"108,703",colectiva,indice,ipva_indice_colectiva
51,Ceuta,51 Ceuta,2023,Vivienda unifamiliar,Índice,107.388,"107,388",unifamiliar,indice,ipva_indice_unifamiliar
51,Ceuta,51 Ceuta,2024,Total,Variación anual,1.5,"1,5",general,variacion_anual,ipva_variacion_anual_general
51,Ceuta,51 Ceuta,2024,Vivienda colectiva,Variación anual,1.3,"1,3",colectiva,variacion_anual,ipva_variacion_anual_colectiva
51,Ceuta,51 Ceuta,2024,Vivienda unifamiliar,Variación anual,2.9,"2,9",unifamiliar,variacion_anual,ipva_variacion_anual_unifamiliar
51,Ceuta,51 Ceuta,2024,Total,Índice,110.191,"110,191",general,indice,ipva_indice_general
51,Ceuta,51 Ceuta,2024,Vivienda colectiva,Índice,110.15,"110,150",colectiva,indice,ipva_indice_colectiva
51,Ceuta,51 Ceuta,2024,Vivienda unifamiliar,Índice,110.531,"110,531",unifamiliar,indice,ipva_indice_unifamiliar
52,Melilla,52 Melilla,2015,Total,Variación anual,0.5,"0,5",general,variacion_anual,ipva_variacion_anual_general
52,Melilla,52 Melilla,2015,Vivienda colectiva,Variación anual,0.9,"0,9",colectiva,variacion_anual,ipva_variacion_anual_colectiva
52,Melilla,52 Melilla,2015,Vivienda unifamiliar,Variación anual,-1.4,"-1,4",unifamiliar,variacion_anual,ipva_variacion_anual_unifamiliar
52,Melilla,52 Melilla,2015,Total,Índice,100.0,"100,000",general,indice,ipva_indice_general
52,Melilla,52 Melilla,2015,Vivienda colectiva,Índice,100.0,"100,000",colectiva,indice,ipva_indice_colectiva
52,Melilla,52 Melilla,2015,Vivienda unifamiliar,Índice,100.0,"100,000",unifamiliar,indice,ipva_indice_unifamiliar
52,Melilla,52 Melilla,2016,Total,Variación anual,1.0,"1,0",general,variacion_anual,ipva_variacion_anual_general
52,Melilla,52 Melilla,2016,Vivienda colectiva,Variación anual,0.4,"0,4",colectiva,variacion_anual,ipva_variacion_anual_colectiva
52,Melilla,52 Melilla,2016,Vivienda unifamiliar,Variación anual,4.0,"4,0",unifamiliar,variacion_anual,ipva_variacion_anual_unifamiliar
52,Melilla,52 Melilla,2016,Total,Índice,101.022,"101,022",general,indice,ipva_indice_general
52,Melilla,52 Melilla,2016,Vivienda colectiva,Índice,100.42,"100,420",colectiva,indice,ipva_indice_colectiva
52,Melilla,52 Melilla,2016,Vivienda unifamiliar,Índice,103.977,"103,977",unifamiliar,indice,ipva_indice_unifamiliar
52,Melilla,52 Melilla,2017,Total,Variación anual,0.8,"0,8",general,variacion_anual,ipva_variacion_anual_general
52,Melilla,52 Melilla,2017,Vivienda colectiva,Variación anual,1.1,"1,1",colectiva,variacion_anual,ipva_variacion_anual_colectiva
52,Melilla,52 Melilla,2017,Vivienda unifamiliar,Variación anual,-0.5,"-0,5",unifamiliar,variacion_anual,ipva_variacion_anual_unifamiliar
52,Melilla,52 Melilla,2017,Total,Índice,101.872,"101,872",general,indice,ipva_indice_general
52,Melilla,52 Melilla,2017,Vivienda colectiva,Índice,101.533,"101,533",colectiva,indice,ipva_indice_colectiva
52,Melilla,52 Melilla,2017,Vivienda unifamiliar,Índice,103.472,"103,472",unifamiliar,indice,ipva_indice_unifamiliar
52,Melilla,52 Melilla,2018,Total,Variación anual,1.3,"1,3",general,variacion_anual,ipva_variacion_anual_general
52,Melilla,52 Melilla,2018,Vivienda colectiva,Variación anual,1.2,"1,2",colectiva,variacion_anual,ipva_variacion_anual_colectiva
52,Melilla,52 Melilla,2018,Vivienda unifamiliar,Variación anual,2.1,"2,1",unifamiliar,variacion_anual,ipva_variacion_anual_unifamiliar
52,Melilla,52 Melilla,2018,Total,Índice,103.199,"103,199",general,indice,ipva_indice_general
52,Melilla,52 Melilla,2018,Vivienda colectiva,Índice,102.704,"102,704",colectiva,indice,ipva_indice_colectiva
52,Melilla,52 Melilla,2018,Vivienda unifamiliar,Índice,105.666,"105,666",unifamiliar,indice,ipva_indice_unifamiliar
52,Melilla,52 Melilla,2019,Total,Variación anual,1.1,"1,1",general,variacion_anual,ipva_variacion_anual_general
52,Melilla,52 Melilla,2019,Vivienda colectiva,Variación anual,1.5,"1,5",colectiva,variacion_anual,ipva_variacion_anual_colectiva
52,Melilla,52 Melilla,2019,Vivienda unifamiliar,Variación anual,-1.0,"-1,0",unifamiliar,variacion_anual,ipva_variacion_anual_unifamiliar
52,Melilla,52 Melilla,2019,Total,Índice,104.31,"104,310",general,indice,ipva_indice_general
52,Melilla,52 Melilla,2019,Vivienda colectiva,Índice,104.196,"104,196",colectiva,indice,ipva_indice_colectiva
52,Melilla,52 Melilla,2019,Vivienda unifamiliar,Índice,104.587,"104,587",unifamiliar,indice,ipva_indice_unifamiliar
52,Melilla,52 Melilla,2020,Total,Variación anual,0.7,"0,7",general,variacion_anual,ipva_variacion_anual_general
52,Melilla,52 Melilla,2020,Vivienda colectiva,Variación anual,0.6,"0,6",colectiva,variacion_anual,ipva_variacion_anual_colectiva
52,Melilla,52 Melilla,2020,Vivienda unifamiliar,Variación anual,1.5,"1,5",unifamiliar,variacion_anual,ipva_variacion_anual_unifamiliar
52,Melilla,52 Melilla,2020,Total,Índice,105.09,"105,090",general,indice,ipva_indice_general
52,Melilla,52 Melilla,2020,Vivienda colectiva,Índice,104.85,"104,850",colectiva,indice,ipva_indice_colectiva
52,Melilla,52 Melilla,2020,Vivienda unifamiliar,Índice,106.119,"106,119",unifamiliar,indice,ipva_indice_unifamiliar
52,Melilla,52 Melilla,2021,Total,Variación anual,0.7,"0,7",general,variacion_anual,ipva_variacion_anual_general
52,Melilla,52 Melilla,2021,Vivienda colectiva,Variación anual,0.6,"0,6",colectiva,variacion_anual,ipva_variacion_anual_colectiva
52,Melilla,52 Melilla,2021,Vivienda unifamiliar,Variación anual,1.1,"1,1",unifamiliar,variacion_anual,ipva_variacion_anual_unifamiliar
52,Melilla,52 Melilla,2021,Total,Índice,105.804,"105,804",general,indice,ipva_indice_general
52,Melilla,52 Melilla,2021,Vivienda colectiva,Índice,105.477,"105,477",colectiva,indice,ipva_indice_colectiva
52,Melilla,52 Melilla,2021,Vivienda unifamiliar,Índice,107.317,"107,317",unifamiliar,indice,ipva_indice_unifamiliar
52,Melilla,52 Melilla,2022,Total,Variación anual,1.1,"1,1",general,variacion_anual,ipva_variacion_anual_general
52,Melilla,52 Melilla,2022,Vivienda colectiva,Variación anual,1.1,"1,1",colectiva,variacion_anual,ipva_variacion_anual_colectiva
52,Melilla,52 Melilla,2022,Vivienda unifamiliar,Variación anual,1.3,"1,3",unifamiliar,variacion_anual,ipva_variacion_anual_unifamiliar
52,Melilla,52 Melilla,2022,Total,Índice,107.011,"107,011",general,indice,ipva_indice_general
52,Melilla,52 Melilla,2022,Vivienda colectiva,Índice,106.655,"106,655",colectiva,indice,ipva_indice_colectiva
52,Melilla,52 Melilla,2022,Vivienda unifamiliar,Índice,108.698,"108,698",unifamiliar,indice,ipva_indice_unifamiliar
52,Melilla,52 Melilla,2023,Total,Variación anual,0.4,"0,4",general,variacion_anual,ipva_variacion_anual_general
52,Melilla,52 Melilla,2023,Vivienda colectiva,Variación anual,0.3,"0,3",colectiva,variacion_anual,ipva_variacion_anual_colectiva
52,Melilla,52 Melilla,2023,Vivienda unifamiliar,Variación anual,0.9,"0,9",unifamiliar,variacion_anual,ipva_variacion_anual_unifamiliar
52,Melilla,52 Melilla,2023,Total,Índice,107.428,"107,428",general,indice,ipva_indice_general
52,Melilla,52 Melilla,2023,Vivienda colectiva,Índice,106.978,"106,978",colectiva,indice,ipva_indice_colectiva
52,Melilla,52 Melilla,2023,Vivienda unifamiliar,Índice,109.625,"109,625",unifamiliar,indice,ipva_indice_unifamiliar
52,Melilla,52 Melilla,2024,Total,Variación anual,1.3,"1,3",general,variacion_anual,ipva_variacion_anual_general
52,Melilla,52 Melilla,2024,Vivienda colectiva,Variación anual,1.2,"1,2",colectiva,variacion_anual,ipva_variacion_anual_colectiva
52,Melilla,52 Melilla,2024,Vivienda unifamiliar,Variación anual,1.7,"1,7",unifamiliar,variacion_anual,ipva_variacion_anual_unifamiliar
52,Melilla,52 Melilla,2024,Total,Índice,108.771,"108,771",general,indice,ipva_indice_general
52,Melilla,52 Melilla,2024,Vivienda colectiva,Índice,108.225,"108,225",colectiva,indice,ipva_indice_colectiva
52,Melilla,52 Melilla,2024,Vivienda unifamiliar,Índice,111.534,"111,534",unifamiliar,indice,ipva_indice_unifamiliar
