provincia,anio,trimestre,periodo,precio_suelo_m2
Albacete,2004,1,2004-T1,92.52
Albacete,2004,2,2004-T2,99.92
Albacete,2004,3,2004-T3,106.37
Albacete,2004,4,2004-T4,100.75
Albacete,2005,1,2005-T1,103.52
Albacete,2005,2,2005-T2,140.09
Albacete,2005,3,2005-T3,143.12
Albacete,2005,4,2005-T4,126.56
Albacete,2006,1,2006-T1,142.2
Albacete,2006,2,2006-T2,191.4
Albacete,2006,3,2006-T3,231.78
Albacete,2006,4,2006-T4,181.78
Albacete,2007,1,2007-T1,151.05
Albacete,2007,2,2007-T2,162.83
Albacete,2007,3,2007-T3,145.37
Albacete,2007,4,2007-T4,171.91
Albacete,2008,1,2008-T1,157.53
Albacete,2008,2,2008-T2,148.52
Albacete,2008,3,2008-T3,147.03
Albacete,2008,4,2008-T4,161.55
Albacete,2009,1,2009-T1,150.8
Albacete,2009,2,2009-T2,140.1
Albacete,2009,3,2009-T3,148.61
Albacete,2009,4,2009-T4,144.06
Albacete,2010,1,2010-T1,100.09
Albacete,2010,2,2010-T2,147.86
Albacete,2010,3,2010-T3,120.95
Albacete,2010,4,2010-T4,114.94
Albacete,2011,1,2011-T1,111.31
Albacete,2011,2,2011-T2,127.84
Albacete,2011,3,2011-T3,125.66
Albacete,2011,4,2011-T4,97.63
Albacete,2012,1,2012-T1,144.59
Albacete,2012,2,2012-T2,142.87
Albacete,2012,3,2012-T3,97.8
Albacete,2012,4,2012-T4,101.24
Albacete,2013,1,2013-T1,101.97
Albacete,2013,2,2013-T2,95.93
Albacete,2013,3,2013-T3,82.68
Albacete,2013,4,2013-T4,99.06
Albacete,2014,1,2014-T1,42.73
Albacete,2014,2,2014-T2,80.33
Albacete,2014,3,2014-T3,81.83
Albacete,2014,4,2014-T4,92.0
Albacete,2015,1,2015-T1,88.71
Albacete,2015,2,2015-T2,74.26
Albacete,2015,3,2015-T3,70.96
Albacete,2015,4,2015-T4,84.92
Albacete,2016,1,2016-T1,83.25
Albacete,2016,2,2016-T2,96.18
Albacete,2016,3,2016-T3,80.79
Albacete,2016,4,2016-T4,111.82
Albacete,2017,1,2017-T1,79.81
Albacete,2017,2,2017-T2,78.59
Albacete,2017,3,2017-T3,86.8
Albacete,2017,4,2017-T4,81.45
Albacete,2018,1,2018-T1,80.13
Albacete,2018,2,2018-T2,57.36
Albacete,2018,3,2018-T3,74.46
Albacete,2018,4,2018-T4,100.75
Albacete,2019,1,2019-T1,95.03
Albacete,2019,2,2019-T2,85.92
Albacete,2019,3,2019-T3,94.88
Albacete,2019,4,2019-T4,92.24
Albacete,2020,1,2020-T1,95.4
Albacete,2020,2,2020-T2,64.01
Albacete,2020,3,2020-T3,93.63
Albacete,2020,4,2020-T4,92.67
Albacete,2021,1,2021-T1,71.18
Albacete,2021,2,2021-T2,117.81
Albacete,2021,3,2021-T3,91.34
Albacete,2021,4,2021-T4,99.09
Albacete,2022,1,2022-T1,65.81
Albacete,2022,2,2022-T2,91.69
Albacete,2022,3,2022-T3,84.68
Albacete,2022,4,2022-T4,83.77
Albacete,2023,1,2023-T1,91.48
Albacete,2023,2,2023-T2,108.34
Albacete,2023,3,2023-T3,110.9
Albacete,2023,4,2023-T4,76.93
Albacete,2024,1,2024-T1,94.11
Albacete,2024,2,2024-T2,128.91
Albacete,2024,3,2024-T3,84.08
Albacete,2024,4,2024-T4,90.86
Albacete,2025,1,2025-T1,128.39
Albacete,2025,2,2025-T2,89.15
Albacete,2025,3,2025-T3,156.51
Albacete,2025,4,2025-T4,116.33
Albacete,2026,1,2026-T1,116.01
Alicante/Alacant,2004,1,2004-T1,234.26
Alicante/Alacant,2004,2,2004-T2,274.57
Alicante/Alacant,2004,3,2004-T3,283.85
Alicante/Alacant,2004,4,2004-T4,367.11
Alicante/Alacant,2005,1,2005-T1,419.73
Alicante/Alacant,2005,2,2005-T2,413.07
Alicante/Alacant,2005,3,2005-T3,450.07
Alicante/Alacant,2005,4,2005-T4,472.6
Alicante/Alacant,2006,1,2006-T1,456.45
Alicante/Alacant,2006,2,2006-T2,465.34
Alicante/Alacant,2006,3,2006-T3,458.21
Alicante/Alacant,2006,4,2006-T4,528.13
Alicante/Alacant,2007,1,2007-T1,410.52
Alicante/Alacant,2007,2,2007-T2,378.38
Alicante/Alacant,2007,3,2007-T3,369.03
Alicante/Alacant,2007,4,2007-T4,352.66
Alicante/Alacant,2008,1,2008-T1,317.1
Alicante/Alacant,2008,2,2008-T2,277.42
Alicante/Alacant,2008,3,2008-T3,334.62
Alicante/Alacant,2008,4,2008-T4,291.91
Alicante/Alacant,2009,1,2009-T1,274.5
Alicante/Alacant,2009,2,2009-T2,263.0
Alicante/Alacant,2009,3,2009-T3,268.96
Alicante/Alacant,2009,4,2009-T4,254.86
Alicante/Alacant,2010,1,2010-T1,225.01
Alicante/Alacant,2010,2,2010-T2,192.25
Alicante/Alacant,2010,3,2010-T3,288.47
Alicante/Alacant,2010,4,2010-T4,261.77
Alicante/Alacant,2011,1,2011-T1,176.26
Alicante/Alacant,2011,2,2011-T2,171.25
Alicante/Alacant,2011,3,2011-T3,151.04
Alicante/Alacant,2011,4,2011-T4,165.54
Alicante/Alacant,2012,1,2012-T1,207.42
Alicante/Alacant,2012,2,2012-T2,215.04
Alicante/Alacant,2012,3,2012-T3,231.2
Alicante/Alacant,2012,4,2012-T4,152.57
Alicante/Alacant,2013,1,2013-T1,163.29
Alicante/Alacant,2013,2,2013-T2,185.96
Alicante/Alacant,2013,3,2013-T3,204.63
Alicante/Alacant,2013,4,2013-T4,201.73
Alicante/Alacant,2014,1,2014-T1,174.85
Alicante/Alacant,2014,2,2014-T2,100.88
Alicante/Alacant,2014,3,2014-T3,141.15
Alicante/Alacant,2014,4,2014-T4,172.37
Alicante/Alacant,2015,1,2015-T1,156.78
Alicante/Alacant,2015,2,2015-T2,147.77
Alicante/Alacant,2015,3,2015-T3,140.66
Alicante/Alacant,2015,4,2015-T4,151.52
Alicante/Alacant,2016,1,2016-T1,109.98
Alicante/Alacant,2016,2,2016-T2,166.53
Alicante/Alacant,2016,3,2016-T3,123.98
Alicante/Alacant,2016,4,2016-T4,142.34
Alicante/Alacant,2017,1,2017-T1,157.09
Alicante/Alacant,2017,2,2017-T2,134.81
Alicante/Alacant,2017,3,2017-T3,152.18
Alicante/Alacant,2017,4,2017-T4,145.23
Alicante/Alacant,2018,1,2018-T1,158.0
Alicante/Alacant,2018,2,2018-T2,155.37
Alicante/Alacant,2018,3,2018-T3,154.95
Alicante/Alacant,2018,4,2018-T4,151.36
Alicante/Alacant,2019,1,2019-T1,144.02
Alicante/Alacant,2019,2,2019-T2,164.27
Alicante/Alacant,2019,3,2019-T3,156.1
Alicante/Alacant,2019,4,2019-T4,180.95
Alicante/Alacant,2020,1,2020-T1,165.66
Alicante/Alacant,2020,2,2020-T2,176.5
Alicante/Alacant,2020,3,2020-T3,174.13
Alicante/Alacant,2020,4,2020-T4,167.19
Alicante/Alacant,2021,1,2021-T1,152.57
Alicante/Alacant,2021,2,2021-T2,167.89
Alicante/Alacant,2021,3,2021-T3,164.24
Alicante/Alacant,2021,4,2021-T4,178.96
Alicante/Alacant,2022,1,2022-T1,196.08
Alicante/Alacant,2022,2,2022-T2,193.51
Alicante/Alacant,2022,3,2022-T3,196.67
Alicante/Alacant,2022,4,2022-T4,186.45
Alicante/Alacant,2023,1,2023-T1,197.97
Alicante/Alacant,2023,2,2023-T2,182.85
Alicante/Alacant,2023,3,2023-T3,199.09
Alicante/Alacant,2023,4,2023-T4,166.04
Alicante/Alacant,2024,1,2024-T1,220.07
Alicante/Alacant,2024,2,2024-T2,230.22
Alicante/Alacant,2024,3,2024-T3,191.46
Alicante/Alacant,2024,4,2024-T4,199.94
Alicante/Alacant,2025,1,2025-T1,211.25
Alicante/Alacant,2025,2,2025-T2,265.37
Alicante/Alacant,2025,3,2025-T3,202.06
Alicante/Alacant,2025,4,2025-T4,301.3
Alicante/Alacant,2026,1,2026-T1,274.81
Almería,2004,1,2004-T1,221.82
Almería,2004,2,2004-T2,361.16
Almería,2004,3,2004-T3,316.02
Almería,2004,4,2004-T4,446.34
Almería,2005,1,2005-T1,492.47
Almería,2005,2,2005-T2,566.97
Almería,2005,3,2005-T3,530.81
Almería,2005,4,2005-T4,458.33
Almería,2006,1,2006-T1,429.93
Almería,2006,2,2006-T2,323.1
Almería,2006,3,2006-T3,361.87
Almería,2006,4,2006-T4,337.65
Almería,2007,1,2007-T1,361.1
Almería,2007,2,2007-T2,344.38
Almería,2007,3,2007-T3,349.21
Almería,2007,4,2007-T4,332.05
Almería,2008,1,2008-T1,324.28
Almería,2008,2,2008-T2,303.2
Almería,2008,3,2008-T3,294.22
Almería,2008,4,2008-T4,275.59
Almería,2009,1,2009-T1,267.9
Almería,2009,2,2009-T2,271.7
Almería,2009,3,2009-T3,309.39
Almería,2009,4,2009-T4,213.51
Almería,2010,1,2010-T1,266.76
Almería,2010,2,2010-T2,260.21
Almería,2010,3,2010-T3,173.45
Almería,2010,4,2010-T4,293.78
Almería,2011,1,2011-T1,272.48
Almería,2011,2,2011-T2,188.87
Almería,2011,3,2011-T3,178.54
Almería,2011,4,2011-T4,166.06
Almería,2012,1,2012-T1,161.46
Almería,2012,2,2012-T2,188.16
Almería,2012,3,2012-T3,219.09
Almería,2012,4,2012-T4,141.43
Almería,2013,1,2013-T1,174.7
Almería,2013,2,2013-T2,120.32
Almería,2013,3,2013-T3,175.18
Almería,2013,4,2013-T4,154.45
Almería,2014,1,2014-T1,171.3
Almería,2014,2,2014-T2,144.59
Almería,2014,3,2014-T3,142.37
Almería,2014,4,2014-T4,159.91
Almería,2015,1,2015-T1,186.67
Almería,2015,2,2015-T2,187.76
Almería,2015,3,2015-T3,153.54
Almería,2015,4,2015-T4,149.3
Almería,2016,1,2016-T1,136.84
Almería,2016,2,2016-T2,152.87
Almería,2016,3,2016-T3,152.32
Almería,2016,4,2016-T4,163.13
Almería,2017,1,2017-T1,144.82
Almería,2017,2,2017-T2,162.13
Almería,2017,3,2017-T3,145.5
Almería,2017,4,2017-T4,143.41
Almería,2018,1,2018-T1,159.03
Almería,2018,2,2018-T2,134.13
Almería,2018,3,2018-T3,153.19
Almería,2018,4,2018-T4,152.61
Almería,2019,1,2019-T1,149.19
Almería,2019,2,2019-T2,154.05
Almería,2019,3,2019-T3,147.68
Almería,2019,4,2019-T4,152.32
Almería,2020,1,2020-T1,147.83
Almería,2020,2,2020-T2,135.35
Almería,2020,3,2020-T3,153.4
Almería,2020,4,2020-T4,153.91
Almería,2021,1,2021-T1,126.93
Almería,2021,2,2021-T2,167.18
Almería,2021,3,2021-T3,162.38
Almería,2021,4,2021-T4,158.95
Almería,2022,1,2022-T1,168.03
Almería,2022,2,2022-T2,128.01
Almería,2022,3,2022-T3,165.57
Almería,2022,4,2022-T4,157.36
Almería,2023,1,2023-T1,188.58
Almería,2023,2,2023-T2,187.99
Almería,2023,3,2023-T3,159.86
Almería,2023,4,2023-T4,161.94
Almería,2024,1,2024-T1,149.41
Almería,2024,2,2024-T2,157.37
Almería,2024,3,2024-T3,156.5
Almería,2024,4,2024-T4,151.49
Almería,2025,1,2025-T1,250.38
Almería,2025,2,2025-T2,180.1
Almería,2025,3,2025-T3,186.91
Almería,2025,4,2025-T4,177.41
Almería,2026,1,2026-T1,150.12
Avila,2004,1,2004-T1,82.26
Avila,2004,2,2004-T2,82.6
Avila,2004,3,2004-T3,53.36
Avila,2004,4,2004-T4,80.59
Avila,2005,1,2005-T1,68.72
Avila,2005,2,2005-T2,84.12
Avila,2005,3,2005-T3,109.44
Avila,2005,4,2005-T4,89.4
Avila,2006,1,2006-T1,91.24
Avila,2006,2,2006-T2,95.11
Avila,2006,3,2006-T3,94.92
Avila,2006,4,2006-T4,96.08
Avila,2007,1,2007-T1,105.08
Avila,2007,2,2007-T2,106.09
Avila,2007,3,2007-T3,65.66
Avila,2007,4,2007-T4,90.94
Avila,2008,1,2008-T1,85.18
Avila,2008,2,2008-T2,110.76
Avila,2008,3,2008-T3,90.05
Avila,2008,4,2008-T4,88.55
Avila,2009,1,2009-T1,92.6
Avila,2009,2,2009-T2,112.2
Avila,2009,3,2009-T3,92.02
Avila,2009,4,2009-T4,108.65
Avila,2010,1,2010-T1,104.23
Avila,2010,2,2010-T2,100.39
Avila,2010,3,2010-T3,94.89
Avila,2010,4,2010-T4,94.99
Avila,2011,1,2011-T1,86.48
Avila,2011,2,2011-T2,71.72
Avila,2011,3,2011-T3,99.82
Avila,2011,4,2011-T4,121.59
Avila,2012,1,2012-T1,85.06
Avila,2012,2,2012-T2,78.72
Avila,2012,3,2012-T3,65.54
Avila,2012,4,2012-T4,77.19
Avila,2013,1,2013-T1,57.71
Avila,2013,2,2013-T2,86.55
Avila,2013,3,2013-T3,58.83
Avila,2013,4,2013-T4,68.02
Avila,2014,1,2014-T1,34.94
Avila,2014,2,2014-T2,29.21
Avila,2014,3,2014-T3,51.9
Avila,2014,4,2014-T4,86.35
Avila,2015,1,2015-T1,47.22
Avila,2015,2,2015-T2,56.98
Avila,2015,3,2015-T3,54.33
Avila,2015,4,2015-T4,55.11
Avila,2016,1,2016-T1,54.79
Avila,2016,2,2016-T2,39.97
Avila,2016,3,2016-T3,75.58
Avila,2016,4,2016-T4,60.31
Avila,2017,1,2017-T1,36.24
Avila,2017,2,2017-T2,64.24
Avila,2017,3,2017-T3,62.09
Avila,2017,4,2017-T4,52.19
Avila,2018,1,2018-T1,56.69
Avila,2018,2,2018-T2,62.94
Avila,2018,3,2018-T3,53.05
Avila,2018,4,2018-T4,63.51
Avila,2019,1,2019-T1,67.82
Avila,2019,2,2019-T2,96.04
Avila,2019,3,2019-T3,63.56
Avila,2019,4,2019-T4,53.29
Avila,2020,1,2020-T1,62.28
Avila,2020,3,2020-T3,48.2
Avila,2020,4,2020-T4,48.73
Avila,2021,1,2021-T1,56.01
Avila,2021,2,2021-T2,71.52
Avila,2021,3,2021-T3,45.25
Avila,2021,4,2021-T4,64.4
Avila,2022,1,2022-T1,51.22
Avila,2022,2,2022-T2,69.17
Avila,2022,3,2022-T3,65.77
Avila,2022,4,2022-T4,53.15
Avila,2023,1,2023-T1,49.26
Avila,2023,2,2023-T2,76.1
Avila,2023,3,2023-T3,77.06
Avila,2023,4,2023-T4,64.32
Avila,2024,1,2024-T1,77.86
Avila,2024,2,2024-T2,76.57
Avila,2024,3,2024-T3,68.0
Avila,2024,4,2024-T4,64.68
Avila,2025,1,2025-T1,69.87
Avila,2025,2,2025-T2,78.49
Avila,2025,3,2025-T3,20.16
Avila,2025,4,2025-T4,67.93
Avila,2026,1,2026-T1,90.85
Badajoz,2004,1,2004-T1,68.42
Badajoz,2004,2,2004-T2,88.33
Badajoz,2004,3,2004-T3,103.81
Badajoz,2004,4,2004-T4,121.11
Badajoz,2005,1,2005-T1,123.59
Badajoz,2005,2,2005-T2,126.29
Badajoz,2005,3,2005-T3,101.41
Badajoz,2005,4,2005-T4,139.46
Badajoz,2006,1,2006-T1,112.23
Badajoz,2006,2,2006-T2,125.44
Badajoz,2006,3,2006-T3,116.42
Badajoz,2006,4,2006-T4,157.56
Badajoz,2007,1,2007-T1,136.83
Badajoz,2007,2,2007-T2,156.34
Badajoz,2007,3,2007-T3,118.88
Badajoz,2007,4,2007-T4,145.48
Badajoz,2008,1,2008-T1,158.75
Badajoz,2008,2,2008-T2,146.78
Badajoz,2008,3,2008-T3,122.08
Badajoz,2008,4,2008-T4,152.59
Badajoz,2009,1,2009-T1,147.1
Badajoz,2009,2,2009-T2,135.9
Badajoz,2009,3,2009-T3,125.03
Badajoz,2009,4,2009-T4,97.23
Badajoz,2010,1,2010-T1,139.97
Badajoz,2010,2,2010-T2,116.92
Badajoz,2010,3,2010-T3,94.64
Badajoz,2010,4,2010-T4,88.11
Badajoz,2011,1,2011-T1,82.43
Badajoz,2011,2,2011-T2,65.19
Badajoz,2011,3,2011-T3,83.84
Badajoz,2011,4,2011-T4,91.63
Badajoz,2012,1,2012-T1,87.89
Badajoz,2012,2,2012-T2,94.71
Badajoz,2012,3,2012-T3,110.21
Badajoz,2012,4,2012-T4,160.26
Badajoz,2013,1,2013-T1,97.76
Badajoz,2013,2,2013-T2,65.27
Badajoz,2013,3,2013-T3,101.87
Badajoz,2013,4,2013-T4,89.75
Badajoz,2014,1,2014-T1,93.66
Badajoz,2014,2,2014-T2,112.26
Badajoz,2014,3,2014-T3,99.94
Badajoz,2014,4,2014-T4,95.49
Badajoz,2015,1,2015-T1,92.0
Badajoz,2015,2,2015-T2,92.12
Badajoz,2015,3,2015-T3,90.71
Badajoz,2015,4,2015-T4,107.19
Badajoz,2016,1,2016-T1,107.38
Badajoz,2016,2,2016-T2,97.78
Badajoz,2016,3,2016-T3,90.08
Badajoz,2016,4,2016-T4,97.64
Badajoz,2017,1,2017-T1,98.11
Badajoz,2017,2,2017-T2,113.35
Badajoz,2017,3,2017-T3,102.76
Badajoz,2017,4,2017-T4,76.4
Badajoz,2018,1,2018-T1,110.23
Badajoz,2018,2,2018-T2,81.46
Badajoz,2018,3,2018-T3,82.65
Badajoz,2018,4,2018-T4,99.69
Badajoz,2019,1,2019-T1,69.14
Badajoz,2019,2,2019-T2,95.33
Badajoz,2019,3,2019-T3,96.64
Badajoz,2019,4,2019-T4,98.82
Badajoz,2020,1,2020-T1,93.76
Badajoz,2020,2,2020-T2,104.41
Badajoz,2020,3,2020-T3,94.13
Badajoz,2020,4,2020-T4,114.6
Badajoz,2021,1,2021-T1,101.63
Badajoz,2021,2,2021-T2,101.33
Badajoz,2021,3,2021-T3,111.94
Badajoz,2021,4,2021-T4,116.12
Badajoz,2022,1,2022-T1,96.72
Badajoz,2022,2,2022-T2,101.73
Badajoz,2022,3,2022-T3,103.9
Badajoz,2022,4,2022-T4,97.95
Badajoz,2023,1,2023-T1,101.88
Badajoz,2023,2,2023-T2,127.75
Badajoz,2023,3,2023-T3,126.31
Badajoz,2023,4,2023-T4,127.18
Badajoz,2024,1,2024-T1,117.03
Badajoz,2024,2,2024-T2,102.43
Badajoz,2024,3,2024-T3,104.47
Badajoz,2024,4,2024-T4,104.69
Badajoz,2025,1,2025-T1,122.26
Badajoz,2025,2,2025-T2,114.79
Badajoz,2025,3,2025-T3,140.88
Badajoz,2025,4,2025-T4,118.26
Badajoz,2026,1,2026-T1,113.06
Barcelona,2004,1,2004-T1,297.68
Barcelona,2004,2,2004-T2,304.0
Barcelona,2004,3,2004-T3,311.34
Barcelona,2004,4,2004-T4,345.2
Barcelona,2005,1,2005-T1,359.6
Barcelona,2005,2,2005-T2,399.48
Barcelona,2005,3,2005-T3,406.06
Barcelona,2005,4,2005-T4,386.88
Barcelona,2006,1,2006-T1,388.02
Barcelona,2006,2,2006-T2,399.86
Barcelona,2006,3,2006-T3,441.17
Barcelona,2006,4,2006-T4,455.53
Barcelona,2007,1,2007-T1,420.07
Barcelona,2007,2,2007-T2,432.62
Barcelona,2007,3,2007-T3,445.29
Barcelona,2007,4,2007-T4,383.87
Barcelona,2008,1,2008-T1,357.92
Barcelona,2008,2,2008-T2,367.59
Barcelona,2008,3,2008-T3,412.25
Barcelona,2008,4,2008-T4,338.17
Barcelona,2009,1,2009-T1,337.01
Barcelona,2009,2,2009-T2,355.0
Barcelona,2009,3,2009-T3,379.19
Barcelona,2009,4,2009-T4,438.39
Barcelona,2010,1,2010-T1,339.51
Barcelona,2010,2,2010-T2,256.44
Barcelona,2010,3,2010-T3,256.99
Barcelona,2010,4,2010-T4,373.71
Barcelona,2011,1,2011-T1,374.21
Barcelona,2011,2,2011-T2,376.0
Barcelona,2011,3,2011-T3,201.3
Barcelona,2011,4,2011-T4,282.66
Barcelona,2012,1,2012-T1,279.66
Barcelona,2012,2,2012-T2,393.56
Barcelona,2012,3,2012-T3,286.42
Barcelona,2012,4,2012-T4,222.35
Barcelona,2013,1,2013-T1,254.05
Barcelona,2013,2,2013-T2,285.38
Barcelona,2013,3,2013-T3,193.65
Barcelona,2013,4,2013-T4,258.55
Barcelona,2014,1,2014-T1,204.48
Barcelona,2014,2,2014-T2,224.13
Barcelona,2014,3,2014-T3,234.19
Barcelona,2014,4,2014-T4,277.81
Barcelona,2015,1,2015-T1,228.79
Barcelona,2015,2,2015-T2,214.34
Barcelona,2015,3,2015-T3,268.79
Barcelona,2015,4,2015-T4,225.2
Barcelona,2016,1,2016-T1,224.86
Barcelona,2016,2,2016-T2,224.11
Barcelona,2016,3,2016-T3,240.73
Barcelona,2016,4,2016-T4,231.12
Barcelona,2017,1,2017-T1,240.74
Barcelona,2017,2,2017-T2,246.77
Barcelona,2017,3,2017-T3,239.44
Barcelona,2017,4,2017-T4,242.71
Barcelona,2018,1,2018-T1,237.09
Barcelona,2018,2,2018-T2,215.24
Barcelona,2018,3,2018-T3,228.31
Barcelona,2018,4,2018-T4,214.35
Barcelona,2019,1,2019-T1,215.3
Barcelona,2019,2,2019-T2,226.1
Barcelona,2019,3,2019-T3,223.53
Barcelona,2019,4,2019-T4,225.18
Barcelona,2020,1,2020-T1,215.65
Barcelona,2020,2,2020-T2,202.73
Barcelona,2020,3,2020-T3,195.87
Barcelona,2020,4,2020-T4,187.65
Barcelona,2021,1,2021-T1,186.8
Barcelona,2021,2,2021-T2,204.94
Barcelona,2021,3,2021-T3,180.91
Barcelona,2021,4,2021-T4,201.33
Barcelona,2022,1,2022-T1,203.77
Barcelona,2022,2,2022-T2,211.18
Barcelona,2022,3,2022-T3,186.03
Barcelona,2022,4,2022-T4,211.8
Barcelona,2023,1,2023-T1,192.3
Barcelona,2023,2,2023-T2,169.57
Barcelona,2023,3,2023-T3,199.16
Barcelona,2023,4,2023-T4,186.29
Barcelona,2024,1,2024-T1,183.48
Barcelona,2024,2,2024-T2,198.8
Barcelona,2024,3,2024-T3,206.56
Barcelona,2024,4,2024-T4,227.79
Barcelona,2025,1,2025-T1,210.66
Barcelona,2025,2,2025-T2,231.86
Barcelona,2025,3,2025-T3,221.14
Barcelona,2025,4,2025-T4,193.25
Barcelona,2026,1,2026-T1,221.09
Burgos,2004,1,2004-T1,142.02
Burgos,2004,2,2004-T2,177.86
Burgos,2004,3,2004-T3,234.82
Burgos,2004,4,2004-T4,212.42
Burgos,2005,1,2005-T1,206.63
Burgos,2005,2,2005-T2,221.15
Burgos,2005,3,2005-T3,150.33
Burgos,2005,4,2005-T4,197.94
Burgos,2006,1,2006-T1,178.14
Burgos,2006,2,2006-T2,191.27
Burgos,2006,3,2006-T3,146.72
Burgos,2006,4,2006-T4,163.21
Burgos,2007,1,2007-T1,121.06
Burgos,2007,2,2007-T2,180.37
Burgos,2007,3,2007-T3,174.65
Burgos,2007,4,2007-T4,157.58
Burgos,2008,1,2008-T1,127.77
Burgos,2008,2,2008-T2,135.79
Burgos,2008,3,2008-T3,142.47
Burgos,2008,4,2008-T4,164.37
Burgos,2009,1,2009-T1,136.0
Burgos,2009,2,2009-T2,115.0
Burgos,2009,3,2009-T3,96.46
Burgos,2009,4,2009-T4,153.85
Burgos,2010,1,2010-T1,106.17
Burgos,2010,2,2010-T2,117.09
Burgos,2010,3,2010-T3,40.96
Burgos,2010,4,2010-T4,96.59
Burgos,2011,1,2011-T1,105.36
Burgos,2011,2,2011-T2,119.25
Burgos,2011,3,2011-T3,64.76
Burgos,2011,4,2011-T4,73.38
Burgos,2012,1,2012-T1,116.98
Burgos,2012,2,2012-T2,77.41
Burgos,2012,3,2012-T3,64.74
Burgos,2012,4,2012-T4,48.4
Burgos,2013,1,2013-T1,61.03
Burgos,2013,2,2013-T2,30.11
Burgos,2013,3,2013-T3,66.79
Burgos,2013,4,2013-T4,36.83
Burgos,2014,1,2014-T1,67.98
Burgos,2014,2,2014-T2,53.06
Burgos,2014,3,2014-T3,85.86
Burgos,2014,4,2014-T4,52.82
Burgos,2015,1,2015-T1,63.95
Burgos,2015,2,2015-T2,70.44
Burgos,2015,3,2015-T3,56.09
Burgos,2015,4,2015-T4,49.69
Burgos,2016,1,2016-T1,55.47
Burgos,2016,2,2016-T2,43.67
Burgos,2016,3,2016-T3,50.59
Burgos,2016,4,2016-T4,47.99
Burgos,2017,1,2017-T1,52.39
Burgos,2017,2,2017-T2,69.12
Burgos,2017,3,2017-T3,50.7
Burgos,2017,4,2017-T4,59.74
Burgos,2018,1,2018-T1,71.03
Burgos,2018,2,2018-T2,53.31
Burgos,2018,3,2018-T3,58.69
Burgos,2018,4,2018-T4,62.84
Burgos,2019,1,2019-T1,50.29
Burgos,2019,2,2019-T2,81.31
Burgos,2019,3,2019-T3,54.94
Burgos,2019,4,2019-T4,107.63
Burgos,2020,1,2020-T1,90.45
Burgos,2020,2,2020-T2,74.61
Burgos,2020,3,2020-T3,86.47
Burgos,2020,4,2020-T4,51.64
Burgos,2021,1,2021-T1,46.83
Burgos,2021,2,2021-T2,44.79
Burgos,2021,3,2021-T3,41.36
Burgos,2021,4,2021-T4,56.39
Burgos,2022,1,2022-T1,59.56
Burgos,2022,2,2022-T2,64.35
Burgos,2022,3,2022-T3,65.21
Burgos,2022,4,2022-T4,62.58
Burgos,2023,1,2023-T1,73.68
Burgos,2023,2,2023-T2,48.75
Burgos,2023,3,2023-T3,99.42
Burgos,2023,4,2023-T4,94.0
Burgos,2024,1,2024-T1,43.27
Burgos,2024,2,2024-T2,103.92
Burgos,2024,3,2024-T3,72.59
Burgos,2024,4,2024-T4,76.67
Burgos,2025,1,2025-T1,69.16
Burgos,2025,2,2025-T2,55.08
Burgos,2025,3,2025-T3,109.61
Burgos,2025,4,2025-T4,63.65
Burgos,2026,1,2026-T1,93.6
Castellón/Castelló,2004,1,2004-T1,334.1
Castellón/Castelló,2004,2,2004-T2,264.26
Castellón/Castelló,2004,3,2004-T3,261.62
Castellón/Castelló,2004,4,2004-T4,282.35
Castellón/Castelló,2005,1,2005-T1,375.06
Castellón/Castelló,2005,2,2005-T2,415.32
Castellón/Castelló,2005,3,2005-T3,357.31
Castellón/Castelló,2005,4,2005-T4,338.93
Castellón/Castelló,2006,1,2006-T1,257.82
Castellón/Castelló,2006,2,2006-T2,300.83
Castellón/Castelló,2006,3,2006-T3,323.71
Castellón/Castelló,2006,4,2006-T4,352.08
Castellón/Castelló,2007,1,2007-T1,374.28
Castellón/Castelló,2007,2,2007-T2,323.95
Castellón/Castelló,2007,3,2007-T3,345.12
Castellón/Castelló,2007,4,2007-T4,349.2
Castellón/Castelló,2008,1,2008-T1,315.27
Castellón/Castelló,2008,2,2008-T2,305.05
Castellón/Castelló,2008,3,2008-T3,275.3
Castellón/Castelló,2008,4,2008-T4,289.95
Castellón/Castelló,2009,1,2009-T1,263.5
Castellón/Castelló,2009,2,2009-T2,254.0
Castellón/Castelló,2009,3,2009-T3,256.6
Castellón/Castelló,2009,4,2009-T4,322.85
Castellón/Castelló,2010,1,2010-T1,272.68
Castellón/Castelló,2010,2,2010-T2,288.85
Castellón/Castelló,2010,3,2010-T3,276.88
Castellón/Castelló,2010,4,2010-T4,244.58
Castellón/Castelló,2011,1,2011-T1,327.56
Castellón/Castelló,2011,2,2011-T2,201.16
Castellón/Castelló,2011,3,2011-T3,159.61
Castellón/Castelló,2011,4,2011-T4,188.95
Castellón/Castelló,2012,1,2012-T1,229.02
Castellón/Castelló,2012,2,2012-T2,256.7
Castellón/Castelló,2012,3,2012-T3,254.34
Castellón/Castelló,2012,4,2012-T4,194.14
Castellón/Castelló,2013,1,2013-T1,212.51
Castellón/Castelló,2013,2,2013-T2,140.6
Castellón/Castelló,2013,3,2013-T3,164.67
Castellón/Castelló,2013,4,2013-T4,200.76
Castellón/Castelló,2014,1,2014-T1,203.67
Castellón/Castelló,2014,2,2014-T2,140.45
Castellón/Castelló,2014,3,2014-T3,157.77
Castellón/Castelló,2014,4,2014-T4,159.87
Castellón/Castelló,2015,1,2015-T1,130.76
Castellón/Castelló,2015,2,2015-T2,106.45
Castellón/Castelló,2015,3,2015-T3,143.53
Castellón/Castelló,2015,4,2015-T4,111.28
Castellón/Castelló,2016,1,2016-T1,138.25
Castellón/Castelló,2016,2,2016-T2,115.88
Castellón/Castelló,2016,3,2016-T3,124.91
Castellón/Castelló,2016,4,2016-T4,136.58
Castellón/Castelló,2017,1,2017-T1,146.82
Castellón/Castelló,2017,2,2017-T2,127.41
Castellón/Castelló,2017,3,2017-T3,142.87
Castellón/Castelló,2017,4,2017-T4,130.56
Castellón/Castelló,2018,1,2018-T1,126.57
Castellón/Castelló,2018,2,2018-T2,128.97
Castellón/Castelló,2018,3,2018-T3,99.09
Castellón/Castelló,2018,4,2018-T4,104.5
Castellón/Castelló,2019,1,2019-T1,108.64
Castellón/Castelló,2019,2,2019-T2,80.99
Castellón/Castelló,2019,3,2019-T3,130.47
Castellón/Castelló,2019,4,2019-T4,91.4
Castellón/Castelló,2020,1,2020-T1,129.11
Castellón/Castelló,2020,2,2020-T2,131.81
Castellón/Castelló,2020,3,2020-T3,120.17
Castellón/Castelló,2020,4,2020-T4,106.74
Castellón/Castelló,2021,1,2021-T1,107.27
Castellón/Castelló,2021,2,2021-T2,128.26
Castellón/Castelló,2021,3,2021-T3,87.26
Castellón/Castelló,2021,4,2021-T4,134.51
Castellón/Castelló,2022,1,2022-T1,95.18
Castellón/Castelló,2022,2,2022-T2,134.79
Castellón/Castelló,2022,3,2022-T3,131.42
Castellón/Castelló,2022,4,2022-T4,125.04
Castellón/Castelló,2023,1,2023-T1,110.28
Castellón/Castelló,2023,2,2023-T2,142.23
Castellón/Castelló,2023,3,2023-T3,144.31
Castellón/Castelló,2023,4,2023-T4,149.92
Castellón/Castelló,2024,1,2024-T1,114.04
Castellón/Castelló,2024,2,2024-T2,133.45
Castellón/Castelló,2024,3,2024-T3,130.9
Castellón/Castelló,2024,4,2024-T4,155.14
Castellón/Castelló,2025,1,2025-T1,170.05
Castellón/Castelló,2025,2,2025-T2,117.57
Castellón/Castelló,2025,3,2025-T3,143.65
Castellón/Castelló,2025,4,2025-T4,131.55
Castellón/Castelló,2026,1,2026-T1,193.08
Ciudad Real,2004,1,2004-T1,114.76
Ciudad Real,2004,2,2004-T2,87.23
Ciudad Real,2004,3,2004-T3,88.22
Ciudad Real,2004,4,2004-T4,97.36
Ciudad Real,2005,1,2005-T1,89.91
Ciudad Real,2005,2,2005-T2,150.16
Ciudad Real,2005,3,2005-T3,133.96
Ciudad Real,2005,4,2005-T4,124.34
Ciudad Real,2006,1,2006-T1,142.88
Ciudad Real,2006,2,2006-T2,154.43
Ciudad Real,2006,3,2006-T3,155.24
Ciudad Real,2006,4,2006-T4,153.92
Ciudad Real,2007,1,2007-T1,184.45
Ciudad Real,2007,2,2007-T2,168.52
Ciudad Real,2007,3,2007-T3,159.26
Ciudad Real,2007,4,2007-T4,149.1
Ciudad Real,2008,1,2008-T1,140.79
Ciudad Real,2008,2,2008-T2,177.76
Ciudad Real,2008,3,2008-T3,166.78
Ciudad Real,2008,4,2008-T4,167.48
Ciudad Real,2009,1,2009-T1,145.6
Ciudad Real,2009,2,2009-T2,167.2
Ciudad Real,2009,3,2009-T3,175.81
Ciudad Real,2009,4,2009-T4,119.02
Ciudad Real,2010,1,2010-T1,188.94
Ciudad Real,2010,2,2010-T2,139.48
Ciudad Real,2010,3,2010-T3,147.81
Ciudad Real,2010,4,2010-T4,129.66
Ciudad Real,2011,1,2011-T1,127.08
Ciudad Real,2011,2,2011-T2,146.34
Ciudad Real,2011,3,2011-T3,128.42
Ciudad Real,2011,4,2011-T4,118.36
Ciudad Real,2012,1,2012-T1,126.06
Ciudad Real,2012,2,2012-T2,131.26
Ciudad Real,2012,3,2012-T3,106.69
Ciudad Real,2012,4,2012-T4,224.21
Ciudad Real,2013,1,2013-T1,99.76
Ciudad Real,2013,2,2013-T2,203.79
Ciudad Real,2013,3,2013-T3,121.43
Ciudad Real,2013,4,2013-T4,74.98
Ciudad Real,2014,1,2014-T1,89.45
Ciudad Real,2014,2,2014-T2,110.81
Ciudad Real,2014,3,2014-T3,90.96
Ciudad Real,2014,4,2014-T4,116.56
Ciudad Real,2015,1,2015-T1,92.55
Ciudad Real,2015,2,2015-T2,92.68
Ciudad Real,2015,3,2015-T3,102.95
Ciudad Real,2015,4,2015-T4,89.55
Ciudad Real,2016,1,2016-T1,104.46
Ciudad Real,2016,2,2016-T2,115.53
Ciudad Real,2016,3,2016-T3,98.2
Ciudad Real,2016,4,2016-T4,129.61
Ciudad Real,2017,1,2017-T1,93.73
Ciudad Real,2017,2,2017-T2,95.93
Ciudad Real,2017,3,2017-T3,110.45
Ciudad Real,2017,4,2017-T4,84.93
Ciudad Real,2018,1,2018-T1,98.46
Ciudad Real,2018,2,2018-T2,121.27
Ciudad Real,2018,3,2018-T3,109.95
Ciudad Real,2018,4,2018-T4,109.59
Ciudad Real,2019,1,2019-T1,103.27
Ciudad Real,2019,2,2019-T2,116.73
Ciudad Real,2019,3,2019-T3,87.07
Ciudad Real,2019,4,2019-T4,120.36
Ciudad Real,2020,1,2020-T1,108.49
Ciudad Real,2020,2,2020-T2,86.39
Ciudad Real,2020,3,2020-T3,113.33
Ciudad Real,2020,4,2020-T4,101.27
Ciudad Real,2021,1,2021-T1,100.51
Ciudad Real,2021,2,2021-T2,114.29
Ciudad Real,2021,3,2021-T3,111.4
Ciudad Real,2021,4,2021-T4,104.43
Ciudad Real,2022,1,2022-T1,120.29
Ciudad Real,2022,2,2022-T2,110.9
Ciudad Real,2022,3,2022-T3,127.44
Ciudad Real,2022,4,2022-T4,121.71
Ciudad Real,2023,1,2023-T1,124.19
Ciudad Real,2023,2,2023-T2,149.13
Ciudad Real,2023,3,2023-T3,101.76
Ciudad Real,2023,4,2023-T4,94.84
Ciudad Real,2024,1,2024-T1,131.28
Ciudad Real,2024,2,2024-T2,120.77
Ciudad Real,2024,3,2024-T3,119.05
Ciudad Real,2024,4,2024-T4,116.34
Ciudad Real,2025,1,2025-T1,138.58
Ciudad Real,2025,2,2025-T2,115.24
Ciudad Real,2025,3,2025-T3,122.92
Ciudad Real,2025,4,2025-T4,137.28
Ciudad Real,2026,1,2026-T1,120.41
Coruña (A),2004,1,2004-T1,176.93
Coruña (A),2004,2,2004-T2,170.34
Coruña (A),2004,3,2004-T3,152.13
Coruña (A),2004,4,2004-T4,207.33
Coruña (A),2005,1,2005-T1,196.59
Coruña (A),2005,2,2005-T2,207.88
Coruña (A),2005,3,2005-T3,182.21
Coruña (A),2005,4,2005-T4,205.21
Coruña (A),2006,1,2006-T1,190.14
Coruña (A),2006,2,2006-T2,181.78
Coruña (A),2006,3,2006-T3,193.83
Coruña (A),2006,4,2006-T4,209.58
Coruña (A),2007,1,2007-T1,243.23
Coruña (A),2007,2,2007-T2,244.76
Coruña (A),2007,3,2007-T3,267.95
Coruña (A),2007,4,2007-T4,225.9
Coruña (A),2008,1,2008-T1,208.53
Coruña (A),2008,2,2008-T2,244.54
Coruña (A),2008,3,2008-T3,261.51
Coruña (A),2008,4,2008-T4,205.98
Coruña (A),2009,1,2009-T1,206.3
Coruña (A),2009,2,2009-T2,196.0
Coruña (A),2009,3,2009-T3,198.05
Coruña (A),2009,4,2009-T4,192.32
Coruña (A),2010,1,2010-T1,162.24
Coruña (A),2010,2,2010-T2,191.92
Coruña (A),2010,3,2010-T3,77.56
Coruña (A),2010,4,2010-T4,149.52
Coruña (A),2011,1,2011-T1,125.23
Coruña (A),2011,2,2011-T2,95.26
Coruña (A),2011,3,2011-T3,92.52
Coruña (A),2011,4,2011-T4,143.86
Coruña (A),2012,1,2012-T1,81.69
Coruña (A),2012,2,2012-T2,92.72
Coruña (A),2012,3,2012-T3,123.72
Coruña (A),2012,4,2012-T4,121.74
Coruña (A),2013,1,2013-T1,86.54
Coruña (A),2013,2,2013-T2,89.17
Coruña (A),2013,3,2013-T3,115.14
Coruña (A),2013,4,2013-T4,100.92
Coruña (A),2014,1,2014-T1,90.1
Coruña (A),2014,2,2014-T2,70.23
Coruña (A),2014,3,2014-T3,104.07
Coruña (A),2014,4,2014-T4,90.32
Coruña (A),2015,1,2015-T1,45.35
Coruña (A),2015,2,2015-T2,75.99
Coruña (A),2015,3,2015-T3,112.96
Coruña (A),2015,4,2015-T4,59.23
Coruña (A),2016,1,2016-T1,79.45
Coruña (A),2016,2,2016-T2,70.3
Coruña (A),2016,3,2016-T3,67.23
Coruña (A),2016,4,2016-T4,70.31
Coruña (A),2017,1,2017-T1,89.58
Coruña (A),2017,2,2017-T2,63.4
Coruña (A),2017,3,2017-T3,104.36
Coruña (A),2017,4,2017-T4,98.61
Coruña (A),2018,1,2018-T1,84.24
Coruña (A),2018,2,2018-T2,98.32
Coruña (A),2018,3,2018-T3,83.31
Coruña (A),2018,4,2018-T4,99.28
Coruña (A),2019,1,2019-T1,96.33
Coruña (A),2019,2,2019-T2,114.45
Coruña (A),2019,3,2019-T3,117.03
Coruña (A),2019,4,2019-T4,92.48
Coruña (A),2020,1,2020-T1,118.27
Coruña (A),2020,2,2020-T2,92.68
Coruña (A),2020,3,2020-T3,120.77
Coruña (A),2020,4,2020-T4,107.29
Coruña (A),2021,1,2021-T1,109.04
Coruña (A),2021,2,2021-T2,73.91
Coruña (A),2021,3,2021-T3,101.43
Coruña (A),2021,4,2021-T4,100.24
Coruña (A),2022,1,2022-T1,109.31
Coruña (A),2022,2,2022-T2,105.93
Coruña (A),2022,3,2022-T3,98.8
Coruña (A),2022,4,2022-T4,119.13
Coruña (A),2023,1,2023-T1,93.56
Coruña (A),2023,2,2023-T2,108.98
Coruña (A),2023,3,2023-T3,106.74
Coruña (A),2023,4,2023-T4,99.73
Coruña (A),2024,1,2024-T1,97.47
Coruña (A),2024,2,2024-T2,116.43
Coruña (A),2024,3,2024-T3,93.06
Coruña (A),2024,4,2024-T4,156.88
Coruña (A),2025,1,2025-T1,96.77
Coruña (A),2025,2,2025-T2,82.7
Coruña (A),2025,3,2025-T3,99.97
Coruña (A),2025,4,2025-T4,114.92
Coruña (A),2026,1,2026-T1,155.56
Cuenca,2004,1,2004-T1,43.79
Cuenca,2004,2,2004-T2,71.13
Cuenca,2004,3,2004-T3,57.57
Cuenca,2004,4,2004-T4,60.67
Cuenca,2005,1,2005-T1,77.01
Cuenca,2005,2,2005-T2,66.42
Cuenca,2005,3,2005-T3,67.04
Cuenca,2005,4,2005-T4,67.82
Cuenca,2006,1,2006-T1,68.84
Cuenca,2006,2,2006-T2,56.0
Cuenca,2006,3,2006-T3,69.91
Cuenca,2006,4,2006-T4,88.23
Cuenca,2007,1,2007-T1,112.7
Cuenca,2007,2,2007-T2,113.89
Cuenca,2007,3,2007-T3,96.29
Cuenca,2007,4,2007-T4,92.44
Cuenca,2008,1,2008-T1,101.16
Cuenca,2008,2,2008-T2,104.27
Cuenca,2008,3,2008-T3,93.12
Cuenca,2008,4,2008-T4,95.8
Cuenca,2009,1,2009-T1,105.0
Cuenca,2009,2,2009-T2,107.1
Cuenca,2009,3,2009-T3,85.19
Cuenca,2009,4,2009-T4,87.21
Cuenca,2010,1,2010-T1,101.44
Cuenca,2010,2,2010-T2,117.47
Cuenca,2010,3,2010-T3,63.7
Cuenca,2010,4,2010-T4,83.69
Cuenca,2011,1,2011-T1,78.24
Cuenca,2011,2,2011-T2,77.01
Cuenca,2011,3,2011-T3,71.67
Cuenca,2011,4,2011-T4,87.35
Cuenca,2012,1,2012-T1,60.14
Cuenca,2012,2,2012-T2,102.05
Cuenca,2012,3,2012-T3,57.69
Cuenca,2012,4,2012-T4,71.58
Cuenca,2013,1,2013-T1,77.3
Cuenca,2013,2,2013-T2,65.69
Cuenca,2013,3,2013-T3,63.18
Cuenca,2013,4,2013-T4,78.73
Cuenca,2014,1,2014-T1,66.48
Cuenca,2014,2,2014-T2,83.34
Cuenca,2014,3,2014-T3,77.67
Cuenca,2014,4,2014-T4,81.11
Cuenca,2015,1,2015-T1,65.22
Cuenca,2015,2,2015-T2,68.09
Cuenca,2015,3,2015-T3,71.3
Cuenca,2015,4,2015-T4,70.62
Cuenca,2016,1,2016-T1,76.07
Cuenca,2016,2,2016-T2,54.35
Cuenca,2016,3,2016-T3,67.13
Cuenca,2016,4,2016-T4,80.11
Cuenca,2017,1,2017-T1,77.62
Cuenca,2017,2,2017-T2,53.94
Cuenca,2017,3,2017-T3,59.88
Cuenca,2017,4,2017-T4,66.25
Cuenca,2018,1,2018-T1,69.41
Cuenca,2018,2,2018-T2,81.26
Cuenca,2018,3,2018-T3,66.79
Cuenca,2018,4,2018-T4,70.55
Cuenca,2019,1,2019-T1,98.25
Cuenca,2019,2,2019-T2,75.81
Cuenca,2019,3,2019-T3,84.25
Cuenca,2019,4,2019-T4,94.78
Cuenca,2020,1,2020-T1,72.5
Cuenca,2020,2,2020-T2,74.28
Cuenca,2020,3,2020-T3,54.77
Cuenca,2020,4,2020-T4,76.94
Cuenca,2021,1,2021-T1,60.7
Cuenca,2021,2,2021-T2,90.27
Cuenca,2021,3,2021-T3,60.4
Cuenca,2021,4,2021-T4,79.85
Cuenca,2022,1,2022-T1,91.82
Cuenca,2022,2,2022-T2,108.71
Cuenca,2022,3,2022-T3,80.92
Cuenca,2022,4,2022-T4,67.64
Cuenca,2023,1,2023-T1,89.02
Cuenca,2023,2,2023-T2,73.39
Cuenca,2023,3,2023-T3,81.4
Cuenca,2023,4,2023-T4,83.0
Cuenca,2024,1,2024-T1,102.49
Cuenca,2024,2,2024-T2,90.38
Cuenca,2024,3,2024-T3,88.6
Cuenca,2024,4,2024-T4,82.95
Cuenca,2025,1,2025-T1,111.47
Cuenca,2025,2,2025-T2,106.33
Cuenca,2025,3,2025-T3,98.32
Cuenca,2025,4,2025-T4,88.39
Cuenca,2026,1,2026-T1,103.0
Cáceres,2004,1,2004-T1,136.05
Cáceres,2004,2,2004-T2,116.89
Cáceres,2004,3,2004-T3,124.18
Cáceres,2004,4,2004-T4,169.06
Cáceres,2005,1,2005-T1,194.37
Cáceres,2005,2,2005-T2,175.07
Cáceres,2005,3,2005-T3,142.55
Cáceres,2005,4,2005-T4,175.63
Cáceres,2006,1,2006-T1,153.55
Cáceres,2006,2,2006-T2,130.14
Cáceres,2006,3,2006-T3,115.36
Cáceres,2006,4,2006-T4,119.17
Cáceres,2007,1,2007-T1,150.14
Cáceres,2007,2,2007-T2,141.21
Cáceres,2007,3,2007-T3,128.04
Cáceres,2007,4,2007-T4,158.0
Cáceres,2008,1,2008-T1,139.37
Cáceres,2008,2,2008-T2,137.49
Cáceres,2008,3,2008-T3,127.43
Cáceres,2008,4,2008-T4,156.32
Cáceres,2009,1,2009-T1,115.3
Cáceres,2009,2,2009-T2,140.4
Cáceres,2009,3,2009-T3,176.01
Cáceres,2009,4,2009-T4,212.18
Cáceres,2010,1,2010-T1,190.35
Cáceres,2010,2,2010-T2,199.79
Cáceres,2010,3,2010-T3,166.27
Cáceres,2010,4,2010-T4,164.48
Cáceres,2011,1,2011-T1,132.97
Cáceres,2011,2,2011-T2,122.64
Cáceres,2011,3,2011-T3,96.68
Cáceres,2011,4,2011-T4,93.52
Cáceres,2012,1,2012-T1,95.45
Cáceres,2012,2,2012-T2,152.22
Cáceres,2012,3,2012-T3,77.08
Cáceres,2012,4,2012-T4,139.16
Cáceres,2013,1,2013-T1,125.6
Cáceres,2013,2,2013-T2,84.17
Cáceres,2013,3,2013-T3,119.86
Cáceres,2013,4,2013-T4,89.67
Cáceres,2014,1,2014-T1,104.43
Cáceres,2014,2,2014-T2,103.13
Cáceres,2014,3,2014-T3,73.6
Cáceres,2014,4,2014-T4,65.73
Cáceres,2015,1,2015-T1,89.55
Cáceres,2015,2,2015-T2,89.53
Cáceres,2015,3,2015-T3,85.31
Cáceres,2015,4,2015-T4,79.62
Cáceres,2016,1,2016-T1,74.99
Cáceres,2016,2,2016-T2,101.01
Cáceres,2016,3,2016-T3,55.21
Cáceres,2016,4,2016-T4,106.25
Cáceres,2017,1,2017-T1,94.18
Cáceres,2017,2,2017-T2,127.17
Cáceres,2017,3,2017-T3,105.02
Cáceres,2017,4,2017-T4,94.62
Cáceres,2018,1,2018-T1,93.2
Cáceres,2018,2,2018-T2,94.09
Cáceres,2018,3,2018-T3,92.74
Cáceres,2018,4,2018-T4,93.95
Cáceres,2019,1,2019-T1,104.87
Cáceres,2019,2,2019-T2,107.14
Cáceres,2019,3,2019-T3,127.01
Cáceres,2019,4,2019-T4,134.25
Cáceres,2020,1,2020-T1,125.35
Cáceres,2020,2,2020-T2,129.98
Cáceres,2020,3,2020-T3,123.15
Cáceres,2020,4,2020-T4,101.33
Cáceres,2021,1,2021-T1,117.7
Cáceres,2021,2,2021-T2,146.13
Cáceres,2021,3,2021-T3,156.05
Cáceres,2021,4,2021-T4,102.57
Cáceres,2022,1,2022-T1,82.77
Cáceres,2022,2,2022-T2,129.68
Cáceres,2022,3,2022-T3,124.4
Cáceres,2022,4,2022-T4,114.07
Cáceres,2023,1,2023-T1,86.37
Cáceres,2023,2,2023-T2,141.08
Cáceres,2023,3,2023-T3,131.78
Cáceres,2023,4,2023-T4,131.96
Cáceres,2024,1,2024-T1,78.69
Cáceres,2024,2,2024-T2,121.39
Cáceres,2024,3,2024-T3,93.57
Cáceres,2024,4,2024-T4,143.43
Cáceres,2025,1,2025-T1,139.76
Cáceres,2025,2,2025-T2,112.8
Cáceres,2025,3,2025-T3,106.03
Cáceres,2025,4,2025-T4,93.9
Cáceres,2026,1,2026-T1,141.66
Cádiz,2004,1,2004-T1,174.37
Cádiz,2004,2,2004-T2,225.67
Cádiz,2004,3,2004-T3,238.48
Cádiz,2004,4,2004-T4,211.64
Cádiz,2005,1,2005-T1,192.43
Cádiz,2005,2,2005-T2,213.58
Cádiz,2005,3,2005-T3,192.98
Cádiz,2005,4,2005-T4,207.22
Cádiz,2006,1,2006-T1,246.94
Cádiz,2006,2,2006-T2,289.93
Cádiz,2006,3,2006-T3,313.83
Cádiz,2006,4,2006-T4,294.45
Cádiz,2007,1,2007-T1,325.8
Cádiz,2007,2,2007-T2,387.65
Cádiz,2007,3,2007-T3,410.14
Cádiz,2007,4,2007-T4,411.15
Cádiz,2008,1,2008-T1,411.8
Cádiz,2008,2,2008-T2,391.21
Cádiz,2008,3,2008-T3,379.59
Cádiz,2008,4,2008-T4,372.29
Cádiz,2009,1,2009-T1,356.5
Cádiz,2009,2,2009-T2,396.3
Cádiz,2009,3,2009-T3,375.55
Cádiz,2009,4,2009-T4,232.46
Cádiz,2010,1,2010-T1,325.71
Cádiz,2010,2,2010-T2,240.76
Cádiz,2010,3,2010-T3,332.09
Cádiz,2010,4,2010-T4,202.33
Cádiz,2011,1,2011-T1,250.49
Cádiz,2011,2,2011-T2,219.23
Cádiz,2011,3,2011-T3,182.1
Cádiz,2011,4,2011-T4,234.72
Cádiz,2012,1,2012-T1,212.88
Cádiz,2012,2,2012-T2,262.34
Cádiz,2012,3,2012-T3,156.56
Cádiz,2012,4,2012-T4,151.78
Cádiz,2013,1,2013-T1,130.94
Cádiz,2013,2,2013-T2,140.96
Cádiz,2013,3,2013-T3,167.61
Cádiz,2013,4,2013-T4,123.1
Cádiz,2014,1,2014-T1,138.63
Cádiz,2014,2,2014-T2,135.67
Cádiz,2014,3,2014-T3,147.57
Cádiz,2014,4,2014-T4,157.13
Cádiz,2015,1,2015-T1,155.93
Cádiz,2015,2,2015-T2,148.38
Cádiz,2015,3,2015-T3,151.2
Cádiz,2015,4,2015-T4,145.79
Cádiz,2016,1,2016-T1,157.44
Cádiz,2016,2,2016-T2,135.06
Cádiz,2016,3,2016-T3,155.89
Cádiz,2016,4,2016-T4,145.41
Cádiz,2017,1,2017-T1,136.98
Cádiz,2017,2,2017-T2,142.45
Cádiz,2017,3,2017-T3,138.79
Cádiz,2017,4,2017-T4,132.42
Cádiz,2018,1,2018-T1,152.38
Cádiz,2018,2,2018-T2,144.63
Cádiz,2018,3,2018-T3,156.92
Cádiz,2018,4,2018-T4,162.78
Cádiz,2019,1,2019-T1,145.41
Cádiz,2019,2,2019-T2,173.06
Cádiz,2019,3,2019-T3,161.95
Cádiz,2019,4,2019-T4,163.66
Cádiz,2020,1,2020-T1,131.48
Cádiz,2020,2,2020-T2,173.21
Cádiz,2020,3,2020-T3,187.78
Cádiz,2020,4,2020-T4,147.66
Cádiz,2021,1,2021-T1,155.95
Cádiz,2021,2,2021-T2,164.14
Cádiz,2021,3,2021-T3,184.4
Cádiz,2021,4,2021-T4,190.43
Cádiz,2022,1,2022-T1,160.56
Cádiz,2022,2,2022-T2,185.87
Cádiz,2022,3,2022-T3,170.33
Cádiz,2022,4,2022-T4,171.66
Cádiz,2023,1,2023-T1,207.29
Cádiz,2023,2,2023-T2,202.94
Cádiz,2023,3,2023-T3,212.23
Cádiz,2023,4,2023-T4,170.1
Cádiz,2024,1,2024-T1,193.8
Cádiz,2024,2,2024-T2,216.97
Cádiz,2024,3,2024-T3,207.8
Cádiz,2024,4,2024-T4,152.4
Cádiz,2025,1,2025-T1,214.98
Cádiz,2025,2,2025-T2,196.14
Cádiz,2025,3,2025-T3,185.13
Cádiz,2025,4,2025-T4,208.4
Cádiz,2026,1,2026-T1,266.67
Córdoba,2004,1,2004-T1,150.38
Córdoba,2004,2,2004-T2,185.44
Córdoba,2004,3,2004-T3,175.96
Córdoba,2004,4,2004-T4,179.48
Córdoba,2005,1,2005-T1,215.27
Córdoba,2005,2,2005-T2,169.18
Córdoba,2005,3,2005-T3,201.84
Córdoba,2005,4,2005-T4,159.53
Córdoba,2006,1,2006-T1,188.0
Córdoba,2006,2,2006-T2,224.06
Córdoba,2006,3,2006-T3,331.01
Córdoba,2006,4,2006-T4,305.7
Córdoba,2007,1,2007-T1,274.35
Córdoba,2007,2,2007-T2,274.15
Córdoba,2007,3,2007-T3,269.73
Córdoba,2007,4,2007-T4,229.3
Córdoba,2008,1,2008-T1,243.0
Córdoba,2008,2,2008-T2,250.83
Córdoba,2008,3,2008-T3,239.53
Córdoba,2008,4,2008-T4,241.07
Córdoba,2009,1,2009-T1,204.9
Córdoba,2009,2,2009-T2,229.3
Córdoba,2009,3,2009-T3,271.7
Córdoba,2009,4,2009-T4,163.57
Córdoba,2010,1,2010-T1,165.25
Córdoba,2010,2,2010-T2,122.38
Córdoba,2010,3,2010-T3,227.25
Córdoba,2010,4,2010-T4,184.18
Córdoba,2011,1,2011-T1,103.92
Córdoba,2011,2,2011-T2,159.32
Córdoba,2011,3,2011-T3,172.76
Córdoba,2011,4,2011-T4,179.15
Córdoba,2012,1,2012-T1,163.21
Córdoba,2012,2,2012-T2,142.55
Córdoba,2012,3,2012-T3,155.42
Córdoba,2012,4,2012-T4,160.25
Córdoba,2013,1,2013-T1,141.17
Córdoba,2013,2,2013-T2,156.39
Córdoba,2013,3,2013-T3,165.48
Córdoba,2013,4,2013-T4,177.68
Córdoba,2014,1,2014-T1,166.61
Córdoba,2014,2,2014-T2,140.92
Córdoba,2014,3,2014-T3,165.76
Córdoba,2014,4,2014-T4,145.77
Córdoba,2015,1,2015-T1,128.15
Córdoba,2015,2,2015-T2,125.89
Córdoba,2015,3,2015-T3,118.08
Córdoba,2015,4,2015-T4,107.19
Córdoba,2016,1,2016-T1,130.08
Córdoba,2016,2,2016-T2,143.39
Córdoba,2016,3,2016-T3,128.91
Córdoba,2016,4,2016-T4,138.7
Córdoba,2017,1,2017-T1,157.37
Córdoba,2017,2,2017-T2,134.38
Córdoba,2017,3,2017-T3,127.49
Córdoba,2017,4,2017-T4,118.79
Córdoba,2018,1,2018-T1,134.14
Córdoba,2018,2,2018-T2,131.68
Córdoba,2018,3,2018-T3,101.14
Córdoba,2018,4,2018-T4,141.45
Córdoba,2019,1,2019-T1,130.17
Córdoba,2019,2,2019-T2,147.64
Córdoba,2019,3,2019-T3,138.98
Córdoba,2019,4,2019-T4,134.98
Córdoba,2020,1,2020-T1,132.23
Córdoba,2020,2,2020-T2,124.01
Córdoba,2020,3,2020-T3,123.39
Córdoba,2020,4,2020-T4,131.26
Córdoba,2021,1,2021-T1,129.24
Córdoba,2021,2,2021-T2,134.08
Córdoba,2021,3,2021-T3,139.68
Córdoba,2021,4,2021-T4,143.51
Córdoba,2022,1,2022-T1,154.62
Córdoba,2022,2,2022-T2,163.59
Córdoba,2022,3,2022-T3,136.79
Córdoba,2022,4,2022-T4,131.83
Córdoba,2023,1,2023-T1,123.77
Córdoba,2023,2,2023-T2,136.5
Córdoba,2023,3,2023-T3,137.92
Córdoba,2023,4,2023-T4,114.54
Córdoba,2024,1,2024-T1,110.96
Córdoba,2024,2,2024-T2,144.98
Córdoba,2024,3,2024-T3,147.21
Córdoba,2024,4,2024-T4,193.72
Córdoba,2025,1,2025-T1,155.37
Córdoba,2025,2,2025-T2,154.93
Córdoba,2025,3,2025-T3,157.46
Córdoba,2025,4,2025-T4,172.37
Córdoba,2026,1,2026-T1,176.12
Girona,2004,1,2004-T1,138.85
Girona,2004,2,2004-T2,129.31
Girona,2004,3,2004-T3,154.32
Girona,2004,4,2004-T4,170.65
Girona,2005,1,2005-T1,151.12
Girona,2005,2,2005-T2,184.69
Girona,2005,3,2005-T3,209.95
Girona,2005,4,2005-T4,198.55
Girona,2006,1,2006-T1,188.84
Girona,2006,2,2006-T2,204.44
Girona,2006,3,2006-T3,225.22
Girona,2006,4,2006-T4,244.5
Girona,2007,1,2007-T1,221.33
Girona,2007,2,2007-T2,216.93
Girona,2007,3,2007-T3,200.99
Girona,2007,4,2007-T4,220.9
Girona,2008,1,2008-T1,215.23
Girona,2008,2,2008-T2,188.84
Girona,2008,3,2008-T3,202.87
Girona,2008,4,2008-T4,211.2
Girona,2009,1,2009-T1,214.6
Girona,2009,2,2009-T2,175.9
Girona,2009,3,2009-T3,185.28
Girona,2009,4,2009-T4,210.92
Girona,2010,1,2010-T1,194.28
Girona,2010,2,2010-T2,226.08
Girona,2010,3,2010-T3,195.71
Girona,2010,4,2010-T4,239.59
Girona,2011,1,2011-T1,216.41
Girona,2011,2,2011-T2,226.33
Girona,2011,3,2011-T3,158.07
Girona,2011,4,2011-T4,208.74
Girona,2012,1,2012-T1,161.19
Girona,2012,2,2012-T2,250.04
Girona,2012,3,2012-T3,196.86
Girona,2012,4,2012-T4,163.41
Girona,2013,1,2013-T1,119.89
Girona,2013,2,2013-T2,193.16
Girona,2013,3,2013-T3,147.22
Girona,2013,4,2013-T4,153.21
Girona,2014,1,2014-T1,134.4
Girona,2014,2,2014-T2,139.62
Girona,2014,3,2014-T3,139.71
Girona,2014,4,2014-T4,122.91
Girona,2015,1,2015-T1,127.72
Girona,2015,2,2015-T2,157.15
Girona,2015,3,2015-T3,142.27
Girona,2015,4,2015-T4,137.11
Girona,2016,1,2016-T1,135.59
Girona,2016,2,2016-T2,145.97
Girona,2016,3,2016-T3,125.12
Girona,2016,4,2016-T4,144.92
Girona,2017,1,2017-T1,159.61
Girona,2017,2,2017-T2,150.81
Girona,2017,3,2017-T3,137.16
Girona,2017,4,2017-T4,126.33
Girona,2018,1,2018-T1,138.14
Girona,2018,2,2018-T2,143.08
Girona,2018,3,2018-T3,140.05
Girona,2018,4,2018-T4,145.89
Girona,2019,1,2019-T1,143.21
Girona,2019,2,2019-T2,160.02
Girona,2019,3,2019-T3,167.33
Girona,2019,4,2019-T4,166.09
Girona,2020,1,2020-T1,169.16
Girona,2020,2,2020-T2,145.33
Girona,2020,3,2020-T3,143.55
Girona,2020,4,2020-T4,134.61
Girona,2021,1,2021-T1,146.98
Girona,2021,2,2021-T2,157.72
Girona,2021,3,2021-T3,150.33
Girona,2021,4,2021-T4,166.04
Girona,2022,1,2022-T1,160.45
Girona,2022,2,2022-T2,187.51
Girona,2022,3,2022-T3,164.24
Girona,2022,4,2022-T4,171.08
Girona,2023,1,2023-T1,182.33
Girona,2023,2,2023-T2,185.49
Girona,2023,3,2023-T3,191.26
Girona,2023,4,2023-T4,173.36
Girona,2024,1,2024-T1,170.06
Girona,2024,2,2024-T2,178.33
Girona,2024,3,2024-T3,183.3
Girona,2024,4,2024-T4,174.04
Girona,2025,1,2025-T1,181.85
Girona,2025,2,2025-T2,172.55
Girona,2025,3,2025-T3,181.86
Girona,2025,4,2025-T4,182.19
Girona,2026,1,2026-T1,171.07
Granada,2004,1,2004-T1,148.03
Granada,2004,2,2004-T2,153.43
Granada,2004,3,2004-T3,154.56
Granada,2004,4,2004-T4,134.54
Granada,2005,1,2005-T1,128.13
Granada,2005,2,2005-T2,157.62
Granada,2005,3,2005-T3,132.69
Granada,2005,4,2005-T4,211.82
Granada,2006,1,2006-T1,155.54
Granada,2006,2,2006-T2,178.66
Granada,2006,3,2006-T3,219.13
Granada,2006,4,2006-T4,213.2
Granada,2007,1,2007-T1,218.2
Granada,2007,2,2007-T2,191.3
Granada,2007,3,2007-T3,201.89
Granada,2007,4,2007-T4,193.32
Granada,2008,1,2008-T1,172.86
Granada,2008,2,2008-T2,179.74
Granada,2008,3,2008-T3,173.62
Granada,2008,4,2008-T4,174.84
Granada,2009,1,2009-T1,171.7
Granada,2009,2,2009-T2,169.8
Granada,2009,3,2009-T3,150.3
Granada,2009,4,2009-T4,169.38
Granada,2010,1,2010-T1,182.32
Granada,2010,2,2010-T2,208.15
Granada,2010,3,2010-T3,157.41
Granada,2010,4,2010-T4,176.07
Granada,2011,1,2011-T1,173.0
Granada,2011,2,2011-T2,161.66
Granada,2011,3,2011-T3,141.44
Granada,2011,4,2011-T4,138.19
Granada,2012,1,2012-T1,173.02
Granada,2012,2,2012-T2,164.92
Granada,2012,3,2012-T3,170.91
Granada,2012,4,2012-T4,160.44
Granada,2013,1,2013-T1,85.95
Granada,2013,2,2013-T2,162.35
Granada,2013,3,2013-T3,130.77
Granada,2013,4,2013-T4,96.0
Granada,2014,1,2014-T1,130.11
Granada,2014,2,2014-T2,116.58
Granada,2014,3,2014-T3,128.35
Granada,2014,4,2014-T4,109.48
Granada,2015,1,2015-T1,124.77
Granada,2015,2,2015-T2,128.23
Granada,2015,3,2015-T3,109.1
Granada,2015,4,2015-T4,126.3
Granada,2016,1,2016-T1,113.35
Granada,2016,2,2016-T2,102.21
Granada,2016,3,2016-T3,95.92
Granada,2016,4,2016-T4,141.39
Granada,2017,1,2017-T1,138.64
Granada,2017,2,2017-T2,142.91
Granada,2017,3,2017-T3,125.65
Granada,2017,4,2017-T4,117.07
Granada,2018,1,2018-T1,109.34
Granada,2018,2,2018-T2,120.52
Granada,2018,3,2018-T3,125.44
Granada,2018,4,2018-T4,115.3
Granada,2019,1,2019-T1,143.51
Granada,2019,2,2019-T2,138.47
Granada,2019,3,2019-T3,128.5
Granada,2019,4,2019-T4,127.84
Granada,2020,1,2020-T1,146.12
Granada,2020,2,2020-T2,107.47
Granada,2020,3,2020-T3,110.47
Granada,2020,4,2020-T4,122.02
Granada,2021,1,2021-T1,88.04
Granada,2021,2,2021-T2,127.3
Granada,2021,3,2021-T3,134.04
Granada,2021,4,2021-T4,141.63
Granada,2022,1,2022-T1,132.04
Granada,2022,2,2022-T2,134.72
Granada,2022,3,2022-T3,100.86
Granada,2022,4,2022-T4,134.57
Granada,2023,1,2023-T1,120.29
Granada,2023,2,2023-T2,137.98
Granada,2023,3,2023-T3,84.51
Granada,2023,4,2023-T4,92.3
Granada,2024,1,2024-T1,156.82
Granada,2024,2,2024-T2,130.3
Granada,2024,3,2024-T3,145.96
Granada,2024,4,2024-T4,120.9
Granada,2025,1,2025-T1,111.05
Granada,2025,2,2025-T2,138.63
Granada,2025,3,2025-T3,140.59
Granada,2025,4,2025-T4,151.13
Granada,2026,1,2026-T1,163.36
Guadalajara,2004,1,2004-T1,85.86
Guadalajara,2004,2,2004-T2,128.54
Guadalajara,2004,3,2004-T3,136.06
Guadalajara,2004,4,2004-T4,100.89
Guadalajara,2005,1,2005-T1,117.64
Guadalajara,2005,2,2005-T2,119.93
Guadalajara,2005,3,2005-T3,143.99
Guadalajara,2005,4,2005-T4,139.41
Guadalajara,2006,1,2006-T1,159.87
Guadalajara,2006,2,2006-T2,107.28
Guadalajara,2006,3,2006-T3,137.68
Guadalajara,2006,4,2006-T4,154.28
Guadalajara,2007,1,2007-T1,155.8
Guadalajara,2007,2,2007-T2,116.75
Guadalajara,2007,3,2007-T3,129.87
Guadalajara,2007,4,2007-T4,167.36
Guadalajara,2008,1,2008-T1,162.08
Guadalajara,2008,2,2008-T2,136.28
Guadalajara,2008,3,2008-T3,131.97
Guadalajara,2008,4,2008-T4,160.12
Guadalajara,2009,1,2009-T1,129.8
Guadalajara,2009,2,2009-T2,154.0
Guadalajara,2009,3,2009-T3,146.83
Guadalajara,2009,4,2009-T4,173.86
Guadalajara,2010,1,2010-T1,194.3
Guadalajara,2010,2,2010-T2,153.85
Guadalajara,2010,3,2010-T3,140.54
Guadalajara,2010,4,2010-T4,139.99
Guadalajara,2011,1,2011-T1,288.67
Guadalajara,2011,2,2011-T2,137.16
Guadalajara,2011,3,2011-T3,134.01
Guadalajara,2011,4,2011-T4,132.88
Guadalajara,2012,1,2012-T1,356.47
Guadalajara,2012,2,2012-T2,247.77
Guadalajara,2012,3,2012-T3,161.86
Guadalajara,2012,4,2012-T4,176.78
Guadalajara,2013,1,2013-T1,132.97
Guadalajara,2013,2,2013-T2,86.05
Guadalajara,2013,3,2013-T3,110.95
Guadalajara,2013,4,2013-T4,64.55
Guadalajara,2014,1,2014-T1,96.98
Guadalajara,2014,2,2014-T2,79.39
Guadalajara,2014,3,2014-T3,73.56
Guadalajara,2014,4,2014-T4,79.92
Guadalajara,2015,1,2015-T1,88.38
Guadalajara,2015,2,2015-T2,85.17
Guadalajara,2015,3,2015-T3,95.37
Guadalajara,2015,4,2015-T4,98.66
Guadalajara,2016,1,2016-T1,92.4
Guadalajara,2016,2,2016-T2,84.73
Guadalajara,2016,3,2016-T3,118.26
Guadalajara,2016,4,2016-T4,84.86
Guadalajara,2017,1,2017-T1,110.84
Guadalajara,2017,2,2017-T2,128.84
Guadalajara,2017,3,2017-T3,107.86
Guadalajara,2017,4,2017-T4,97.08
Guadalajara,2018,1,2018-T1,119.34
Guadalajara,2018,2,2018-T2,127.03
Guadalajara,2018,3,2018-T3,90.35
Guadalajara,2018,4,2018-T4,87.47
Guadalajara,2019,1,2019-T1,87.81
Guadalajara,2019,2,2019-T2,73.38
Guadalajara,2019,3,2019-T3,103.14
Guadalajara,2019,4,2019-T4,99.93
Guadalajara,2020,1,2020-T1,79.56
Guadalajara,2020,2,2020-T2,95.95
Guadalajara,2020,3,2020-T3,77.2
Guadalajara,2020,4,2020-T4,108.63
Guadalajara,2021,1,2021-T1,69.65
Guadalajara,2021,2,2021-T2,105.03
Guadalajara,2021,3,2021-T3,100.41
Guadalajara,2021,4,2021-T4,90.48
Guadalajara,2022,1,2022-T1,110.54
Guadalajara,2022,2,2022-T2,75.82
Guadalajara,2022,3,2022-T3,95.23
Guadalajara,2022,4,2022-T4,99.12
Guadalajara,2023,1,2023-T1,87.32
Guadalajara,2023,2,2023-T2,86.45
Guadalajara,2023,3,2023-T3,77.7
Guadalajara,2023,4,2023-T4,91.21
Guadalajara,2024,1,2024-T1,67.89
Guadalajara,2024,2,2024-T2,74.16
Guadalajara,2024,3,2024-T3,106.48
Guadalajara,2024,4,2024-T4,136.98
Guadalajara,2025,1,2025-T1,98.57
Guadalajara,2025,2,2025-T2,72.45
Guadalajara,2025,3,2025-T3,96.94
Guadalajara,2025,4,2025-T4,92.74
Guadalajara,2026,1,2026-T1,102.33
Guipúzcoa,2004,1,2004-T1,443.32
Guipúzcoa,2004,2,2004-T2,437.57
Guipúzcoa,2004,3,2004-T3,374.68
Guipúzcoa,2004,4,2004-T4,382.56
Guipúzcoa,2005,1,2005-T1,341.89
Guipúzcoa,2005,2,2005-T2,389.31
Guipúzcoa,2005,3,2005-T3,415.95
Guipúzcoa,2005,4,2005-T4,408.18
Guipúzcoa,2006,1,2006-T1,394.36
Guipúzcoa,2006,2,2006-T2,446.39
Guipúzcoa,2006,3,2006-T3,422.73
Guipúzcoa,2006,4,2006-T4,436.02
Guipúzcoa,2007,1,2007-T1,436.58
Guipúzcoa,2007,2,2007-T2,448.32
Guipúzcoa,2007,3,2007-T3,445.44
Guipúzcoa,2007,4,2007-T4,499.07
Guipúzcoa,2008,1,2008-T1,445.08
Guipúzcoa,2008,2,2008-T2,410.8
Guipúzcoa,2008,3,2008-T3,463.06
Guipúzcoa,2008,4,2008-T4,498.85
Guipúzcoa,2009,1,2009-T1,414.6
Guipúzcoa,2009,2,2009-T2,399.9
Guipúzcoa,2009,3,2009-T3,344.23
Guipúzcoa,2009,4,2009-T4,334.99
Guipúzcoa,2010,1,2010-T1,301.95
Guipúzcoa,2010,2,2010-T2,436.95
Guipúzcoa,2010,3,2010-T3,221.25
Guipúzcoa,2010,4,2010-T4,295.97
Guipúzcoa,2011,3,2011-T3,388.93
Guipúzcoa,2011,4,2011-T4,222.64
Guipúzcoa,2012,1,2012-T1,202.4
Guipúzcoa,2012,2,2012-T2,315.37
Guipúzcoa,2012,3,2012-T3,213.4
Guipúzcoa,2012,4,2012-T4,293.23
Guipúzcoa,2013,1,2013-T1,240.41
Guipúzcoa,2013,2,2013-T2,274.19
Guipúzcoa,2013,3,2013-T3,90.25
Guipúzcoa,2013,4,2013-T4,456.6
Guipúzcoa,2014,2,2014-T2,247.86
Guipúzcoa,2014,3,2014-T3,309.68
Guipúzcoa,2014,4,2014-T4,281.78
Guipúzcoa,2015,1,2015-T1,142.0
Guipúzcoa,2015,2,2015-T2,235.9
Guipúzcoa,2015,3,2015-T3,367.35
Guipúzcoa,2015,4,2015-T4,350.79
Guipúzcoa,2016,1,2016-T1,179.38
Guipúzcoa,2016,2,2016-T2,228.88
Guipúzcoa,2016,3,2016-T3,222.2
Guipúzcoa,2016,4,2016-T4,155.33
Guipúzcoa,2017,1,2017-T1,172.22
Guipúzcoa,2017,2,2017-T2,280.36
Guipúzcoa,2017,3,2017-T3,237.48
Guipúzcoa,2017,4,2017-T4,212.73
Guipúzcoa,2018,1,2018-T1,232.32
Guipúzcoa,2018,2,2018-T2,177.74
Guipúzcoa,2018,3,2018-T3,204.39
Guipúzcoa,2018,4,2018-T4,262.95
Guipúzcoa,2019,1,2019-T1,197.29
Guipúzcoa,2019,2,2019-T2,244.89
Guipúzcoa,2019,3,2019-T3,342.59
Guipúzcoa,2019,4,2019-T4,287.09
Guipúzcoa,2020,1,2020-T1,302.76
Guipúzcoa,2020,2,2020-T2,280.13
Guipúzcoa,2020,3,2020-T3,250.49
Guipúzcoa,2020,4,2020-T4,295.49
Guipúzcoa,2021,1,2021-T1,210.16
Guipúzcoa,2021,2,2021-T2,150.42
Guipúzcoa,2021,3,2021-T3,369.64
Guipúzcoa,2021,4,2021-T4,244.92
Guipúzcoa,2022,1,2022-T1,187.63
Guipúzcoa,2022,2,2022-T2,162.93
Guipúzcoa,2022,3,2022-T3,199.05
Guipúzcoa,2022,4,2022-T4,244.13
Guipúzcoa,2023,1,2023-T1,255.07
Guipúzcoa,2023,2,2023-T2,279.69
Guipúzcoa,2023,3,2023-T3,289.01
Guipúzcoa,2023,4,2023-T4,201.06
Guipúzcoa,2024,1,2024-T1,248.15
Guipúzcoa,2024,2,2024-T2,143.31
Guipúzcoa,2024,3,2024-T3,365.54
Guipúzcoa,2024,4,2024-T4,646.33
Guipúzcoa,2025,1,2025-T1,198.18
Guipúzcoa,2025,2,2025-T2,200.49
Guipúzcoa,2025,3,2025-T3,172.85
Guipúzcoa,2025,4,2025-T4,153.28
Guipúzcoa,2026,1,2026-T1,160.56
Huelva,2004,1,2004-T1,287.09
Huelva,2004,2,2004-T2,326.96
Huelva,2004,3,2004-T3,236.2
Huelva,2004,4,2004-T4,366.51
Huelva,2005,1,2005-T1,325.31
Huelva,2005,2,2005-T2,339.02
Huelva,2005,3,2005-T3,375.15
Huelva,2005,4,2005-T4,463.79
Huelva,2006,1,2006-T1,306.44
Huelva,2006,2,2006-T2,328.96
Huelva,2006,3,2006-T3,272.45
Huelva,2006,4,2006-T4,245.27
Huelva,2007,1,2007-T1,249.82
Huelva,2007,2,2007-T2,283.14
Huelva,2007,3,2007-T3,283.61
Huelva,2007,4,2007-T4,233.22
Huelva,2008,1,2008-T1,200.64
Huelva,2008,2,2008-T2,234.89
Huelva,2008,3,2008-T3,229.35
Huelva,2008,4,2008-T4,235.1
Huelva,2009,1,2009-T1,218.1
Huelva,2009,2,2009-T2,210.6
Huelva,2009,3,2009-T3,219.4
Huelva,2009,4,2009-T4,242.7
Huelva,2010,1,2010-T1,177.35
Huelva,2010,2,2010-T2,216.36
Huelva,2010,3,2010-T3,241.34
Huelva,2010,4,2010-T4,250.33
Huelva,2011,1,2011-T1,186.19
Huelva,2011,2,2011-T2,255.26
Huelva,2011,3,2011-T3,177.02
Huelva,2011,4,2011-T4,159.34
Huelva,2012,1,2012-T1,85.45
Huelva,2012,2,2012-T2,185.17
Huelva,2012,3,2012-T3,147.84
Huelva,2012,4,2012-T4,166.84
Huelva,2013,1,2013-T1,164.72
Huelva,2013,2,2013-T2,53.98
Huelva,2013,3,2013-T3,134.13
Huelva,2013,4,2013-T4,112.66
Huelva,2014,1,2014-T1,117.21
Huelva,2014,2,2014-T2,137.29
Huelva,2014,3,2014-T3,127.42
Huelva,2014,4,2014-T4,121.48
Huelva,2015,1,2015-T1,121.54
Huelva,2015,2,2015-T2,105.54
Huelva,2015,3,2015-T3,130.77
Huelva,2015,4,2015-T4,105.54
Huelva,2016,1,2016-T1,111.88
Huelva,2016,2,2016-T2,101.7
Huelva,2016,3,2016-T3,122.71
Huelva,2016,4,2016-T4,110.2
Huelva,2017,1,2017-T1,107.09
Huelva,2017,2,2017-T2,134.28
Huelva,2017,3,2017-T3,129.14
Huelva,2017,4,2017-T4,123.14
Huelva,2018,1,2018-T1,107.72
Huelva,2018,2,2018-T2,126.26
Huelva,2018,3,2018-T3,112.5
Huelva,2018,4,2018-T4,103.56
Huelva,2019,1,2019-T1,111.16
Huelva,2019,2,2019-T2,99.14
Huelva,2019,3,2019-T3,104.68
Huelva,2019,4,2019-T4,102.88
Huelva,2020,1,2020-T1,106.22
Huelva,2020,2,2020-T2,130.47
Huelva,2020,3,2020-T3,123.51
Huelva,2020,4,2020-T4,111.67
Huelva,2021,1,2021-T1,120.84
Huelva,2021,2,2021-T2,105.36
Huelva,2021,3,2021-T3,111.55
Huelva,2021,4,2021-T4,128.93
Huelva,2022,1,2022-T1,109.34
Huelva,2022,2,2022-T2,109.94
Huelva,2022,3,2022-T3,123.75
Huelva,2022,4,2022-T4,94.93
Huelva,2023,1,2023-T1,132.1
Huelva,2023,2,2023-T2,112.61
Huelva,2023,3,2023-T3,116.28
Huelva,2023,4,2023-T4,101.22
Huelva,2024,1,2024-T1,96.63
Huelva,2024,2,2024-T2,117.14
Huelva,2024,3,2024-T3,132.96
Huelva,2024,4,2024-T4,110.06
Huelva,2025,1,2025-T1,136.57
Huelva,2025,2,2025-T2,117.67
Huelva,2025,3,2025-T3,55.01
Huelva,2025,4,2025-T4,108.86
Huelva,2026,1,2026-T1,134.42
Huesca,2004,1,2004-T1,135.88
Huesca,2004,2,2004-T2,120.39
Huesca,2004,3,2004-T3,153.0
Huesca,2004,4,2004-T4,131.82
Huesca,2005,1,2005-T1,155.3
Huesca,2005,2,2005-T2,146.64
Huesca,2005,3,2005-T3,151.37
Huesca,2005,4,2005-T4,151.33
Huesca,2006,1,2006-T1,117.26
Huesca,2006,2,2006-T2,138.37
Huesca,2006,3,2006-T3,138.2
Huesca,2006,4,2006-T4,162.97
Huesca,2007,1,2007-T1,151.67
Huesca,2007,2,2007-T2,139.83
Huesca,2007,3,2007-T3,121.92
Huesca,2007,4,2007-T4,151.11
Huesca,2008,1,2008-T1,157.43
Huesca,2008,2,2008-T2,130.93
Huesca,2008,3,2008-T3,111.69
Huesca,2008,4,2008-T4,139.68
Huesca,2009,1,2009-T1,115.4
Huesca,2009,2,2009-T2,130.6
Huesca,2009,3,2009-T3,156.14
Huesca,2009,4,2009-T4,150.6
Huesca,2010,1,2010-T1,106.91
Huesca,2010,2,2010-T2,128.05
Huesca,2010,3,2010-T3,127.97
Huesca,2010,4,2010-T4,141.56
Huesca,2011,1,2011-T1,124.22
Huesca,2011,2,2011-T2,162.99
Huesca,2011,3,2011-T3,117.28
Huesca,2011,4,2011-T4,116.02
Huesca,2012,1,2012-T1,238.26
Huesca,2012,2,2012-T2,133.7
Huesca,2012,3,2012-T3,130.01
Huesca,2012,4,2012-T4,123.28
Huesca,2013,1,2013-T1,112.23
Huesca,2013,2,2013-T2,72.37
Huesca,2013,3,2013-T3,77.29
Huesca,2013,4,2013-T4,80.12
Huesca,2014,1,2014-T1,95.48
Huesca,2014,2,2014-T2,83.88
Huesca,2014,3,2014-T3,82.89
Huesca,2014,4,2014-T4,108.1
Huesca,2015,1,2015-T1,79.99
Huesca,2015,2,2015-T2,113.8
Huesca,2015,3,2015-T3,93.64
Huesca,2015,4,2015-T4,96.8
Huesca,2016,1,2016-T1,110.19
Huesca,2016,2,2016-T2,88.95
Huesca,2016,3,2016-T3,95.39
Huesca,2016,4,2016-T4,100.78
Huesca,2017,1,2017-T1,61.38
Huesca,2017,2,2017-T2,102.43
Huesca,2017,3,2017-T3,82.33
Huesca,2017,4,2017-T4,90.6
Huesca,2018,1,2018-T1,83.2
Huesca,2018,2,2018-T2,83.96
Huesca,2018,3,2018-T3,80.56
Huesca,2018,4,2018-T4,86.74
Huesca,2019,1,2019-T1,80.53
Huesca,2019,2,2019-T2,116.53
Huesca,2019,3,2019-T3,130.49
Huesca,2019,4,2019-T4,71.77
Huesca,2020,1,2020-T1,98.72
Huesca,2020,2,2020-T2,87.1
Huesca,2020,3,2020-T3,101.07
Huesca,2020,4,2020-T4,84.09
Huesca,2021,1,2021-T1,90.43
Huesca,2021,2,2021-T2,98.13
Huesca,2021,3,2021-T3,105.65
Huesca,2021,4,2021-T4,89.31
Huesca,2022,1,2022-T1,84.98
Huesca,2022,2,2022-T2,117.8
Huesca,2022,3,2022-T3,131.17
Huesca,2022,4,2022-T4,114.79
Huesca,2023,1,2023-T1,112.02
Huesca,2023,2,2023-T2,105.77
Huesca,2023,3,2023-T3,114.03
Huesca,2023,4,2023-T4,90.22
Huesca,2024,1,2024-T1,109.69
Huesca,2024,2,2024-T2,128.46
Huesca,2024,3,2024-T3,99.61
Huesca,2024,4,2024-T4,295.47
Huesca,2025,1,2025-T1,126.98
Huesca,2025,2,2025-T2,102.13
Huesca,2025,3,2025-T3,116.42
Huesca,2025,4,2025-T4,83.27
Huesca,2026,1,2026-T1,117.11
Jaén,2004,1,2004-T1,90.94
Jaén,2004,2,2004-T2,81.91
Jaén,2004,3,2004-T3,86.42
Jaén,2004,4,2004-T4,85.5
Jaén,2005,1,2005-T1,97.18
Jaén,2005,2,2005-T2,85.98
Jaén,2005,3,2005-T3,96.26
Jaén,2005,4,2005-T4,101.33
Jaén,2006,1,2006-T1,118.49
Jaén,2006,2,2006-T2,119.86
Jaén,2006,3,2006-T3,120.94
Jaén,2006,4,2006-T4,127.64
Jaén,2007,1,2007-T1,172.79
Jaén,2007,2,2007-T2,163.02
Jaén,2007,3,2007-T3,166.41
Jaén,2007,4,2007-T4,173.37
Jaén,2008,1,2008-T1,171.63
Jaén,2008,2,2008-T2,155.86
Jaén,2008,3,2008-T3,157.59
Jaén,2008,4,2008-T4,154.12
Jaén,2009,1,2009-T1,180.7
Jaén,2009,2,2009-T2,165.7
Jaén,2009,3,2009-T3,139.11
Jaén,2009,4,2009-T4,147.62
Jaén,2010,1,2010-T1,163.75
Jaén,2010,2,2010-T2,159.04
Jaén,2010,3,2010-T3,186.29
Jaén,2010,4,2010-T4,158.81
Jaén,2011,1,2011-T1,139.11
Jaén,2011,2,2011-T2,149.35
Jaén,2011,3,2011-T3,133.04
Jaén,2011,4,2011-T4,158.94
Jaén,2012,1,2012-T1,141.48
Jaén,2012,2,2012-T2,146.87
Jaén,2012,3,2012-T3,145.01
Jaén,2012,4,2012-T4,117.62
Jaén,2013,1,2013-T1,127.65
Jaén,2013,2,2013-T2,133.12
Jaén,2013,3,2013-T3,115.23
Jaén,2013,4,2013-T4,116.23
Jaén,2014,1,2014-T1,114.75
Jaén,2014,2,2014-T2,120.72
Jaén,2014,3,2014-T3,128.92
Jaén,2014,4,2014-T4,131.07
Jaén,2015,1,2015-T1,123.35
Jaén,2015,2,2015-T2,140.76
Jaén,2015,3,2015-T3,124.32
Jaén,2015,4,2015-T4,99.42
Jaén,2016,1,2016-T1,103.09
Jaén,2016,2,2016-T2,124.23
Jaén,2016,3,2016-T3,109.53
Jaén,2016,4,2016-T4,118.2
Jaén,2017,1,2017-T1,117.45
Jaén,2017,2,2017-T2,113.82
Jaén,2017,3,2017-T3,117.33
Jaén,2017,4,2017-T4,119.84
Jaén,2018,1,2018-T1,135.08
Jaén,2018,2,2018-T2,135.78
Jaén,2018,3,2018-T3,131.36
Jaén,2018,4,2018-T4,123.21
Jaén,2019,1,2019-T1,133.22
Jaén,2019,2,2019-T2,147.99
Jaén,2019,3,2019-T3,144.5
Jaén,2019,4,2019-T4,122.23
Jaén,2020,1,2020-T1,114.52
Jaén,2020,2,2020-T2,128.15
Jaén,2020,3,2020-T3,133.97
Jaén,2020,4,2020-T4,146.06
Jaén,2021,1,2021-T1,148.84
Jaén,2021,2,2021-T2,128.23
Jaén,2021,3,2021-T3,110.95
Jaén,2021,4,2021-T4,116.27
Jaén,2022,1,2022-T1,146.75
Jaén,2022,2,2022-T2,115.15
Jaén,2022,3,2022-T3,117.41
Jaén,2022,4,2022-T4,111.42
Jaén,2023,1,2023-T1,105.53
Jaén,2023,2,2023-T2,122.54
Jaén,2023,3,2023-T3,129.94
Jaén,2023,4,2023-T4,145.83
Jaén,2024,1,2024-T1,139.89
Jaén,2024,2,2024-T2,110.86
Jaén,2024,3,2024-T3,137.63
Jaén,2024,4,2024-T4,210.9
Jaén,2025,1,2025-T1,139.74
Jaén,2025,2,2025-T2,143.63
Jaén,2025,3,2025-T3,126.76
Jaén,2025,4,2025-T4,135.46
Jaén,2026,1,2026-T1,136.83
León,2004,1,2004-T1,188.15
León,2004,2,2004-T2,131.13
León,2004,3,2004-T3,150.93
León,2004,4,2004-T4,193.86
León,2005,1,2005-T1,203.21
León,2005,2,2005-T2,203.2
León,2005,3,2005-T3,199.28
León,2005,4,2005-T4,183.93
León,2006,1,2006-T1,208.05
León,2006,2,2006-T2,230.79
León,2006,3,2006-T3,204.71
León,2006,4,2006-T4,206.96
León,2007,1,2007-T1,150.18
León,2007,2,2007-T2,163.06
León,2007,3,2007-T3,147.04
León,2007,4,2007-T4,123.21
León,2008,1,2008-T1,141.24
León,2008,2,2008-T2,125.45
León,2008,3,2008-T3,111.79
León,2008,4,2008-T4,102.65
León,2009,1,2009-T1,105.5
León,2009,2,2009-T2,137.0
León,2009,3,2009-T3,87.6
León,2009,4,2009-T4,99.69
León,2010,1,2010-T1,64.43
León,2010,2,2010-T2,59.46
León,2010,3,2010-T3,65.29
León,2010,4,2010-T4,67.11
León,2011,1,2011-T1,37.97
León,2011,2,2011-T2,33.79
León,2011,3,2011-T3,26.4
León,2011,4,2011-T4,50.82
León,2012,1,2012-T1,38.89
León,2012,2,2012-T2,30.46
León,2012,3,2012-T3,52.33
León,2012,4,2012-T4,42.46
León,2013,1,2013-T1,62.15
León,2013,2,2013-T2,50.94
León,2013,3,2013-T3,43.5
León,2013,4,2013-T4,58.45
León,2014,1,2014-T1,44.76
León,2014,2,2014-T2,29.89
León,2014,3,2014-T3,44.72
León,2014,4,2014-T4,57.11
León,2015,1,2015-T1,41.5
León,2015,2,2015-T2,54.23
León,2015,3,2015-T3,38.68
León,2015,4,2015-T4,53.77
León,2016,1,2016-T1,51.94
León,2016,2,2016-T2,51.69
León,2016,3,2016-T3,39.54
León,2016,4,2016-T4,38.27
León,2017,1,2017-T1,45.01
León,2017,2,2017-T2,48.51
León,2017,3,2017-T3,49.39
León,2017,4,2017-T4,43.17
León,2018,1,2018-T1,55.75
León,2018,2,2018-T2,45.91
León,2018,3,2018-T3,31.4
León,2018,4,2018-T4,49.48
León,2019,1,2019-T1,56.12
León,2019,2,2019-T2,38.46
León,2019,3,2019-T3,60.33
León,2019,4,2019-T4,26.73
León,2020,1,2020-T1,72.68
León,2020,2,2020-T2,54.74
León,2020,3,2020-T3,37.23
León,2020,4,2020-T4,40.08
León,2021,1,2021-T1,50.7
León,2021,2,2021-T2,50.3
León,2021,3,2021-T3,49.59
León,2021,4,2021-T4,51.72
León,2022,1,2022-T1,34.1
León,2022,2,2022-T2,60.77
León,2022,3,2022-T3,35.43
León,2022,4,2022-T4,37.79
León,2023,1,2023-T1,27.67
León,2023,2,2023-T2,77.22
León,2023,3,2023-T3,47.1
León,2023,4,2023-T4,29.48
León,2024,1,2024-T1,51.69
León,2024,2,2024-T2,48.13
León,2024,3,2024-T3,52.62
León,2024,4,2024-T4,39.93
León,2025,1,2025-T1,53.55
León,2025,2,2025-T2,76.0
León,2025,3,2025-T3,50.62
León,2025,4,2025-T4,49.58
León,2026,1,2026-T1,52.79
Lleida,2004,1,2004-T1,152.59
Lleida,2004,2,2004-T2,188.18
Lleida,2004,3,2004-T3,185.94
Lleida,2004,4,2004-T4,198.05
Lleida,2005,1,2005-T1,186.31
Lleida,2005,2,2005-T2,217.43
Lleida,2005,3,2005-T3,238.1
Lleida,2005,4,2005-T4,242.82
Lleida,2006,1,2006-T1,238.63
Lleida,2006,2,2006-T2,213.08
Lleida,2006,3,2006-T3,224.84
Lleida,2006,4,2006-T4,211.75
Lleida,2007,1,2007-T1,231.88
Lleida,2007,2,2007-T2,219.15
Lleida,2007,3,2007-T3,200.84
Lleida,2007,4,2007-T4,198.02
Lleida,2008,1,2008-T1,207.05
Lleida,2008,2,2008-T2,199.58
Lleida,2008,3,2008-T3,163.64
Lleida,2008,4,2008-T4,186.22
Lleida,2009,1,2009-T1,179.9
Lleida,2009,2,2009-T2,166.7
Lleida,2009,3,2009-T3,198.17
Lleida,2009,4,2009-T4,173.24
Lleida,2010,1,2010-T1,171.37
Lleida,2010,2,2010-T2,159.66
Lleida,2010,3,2010-T3,234.61
Lleida,2010,4,2010-T4,165.8
Lleida,2011,1,2011-T1,100.96
Lleida,2011,2,2011-T2,176.88
Lleida,2011,3,2011-T3,135.8
Lleida,2011,4,2011-T4,144.67
Lleida,2012,1,2012-T1,143.08
Lleida,2012,2,2012-T2,186.19
Lleida,2012,3,2012-T3,105.7
Lleida,2012,4,2012-T4,80.21
Lleida,2013,1,2013-T1,147.67
Lleida,2013,2,2013-T2,154.21
Lleida,2013,3,2013-T3,124.71
Lleida,2013,4,2013-T4,136.38
Lleida,2014,1,2014-T1,136.6
Lleida,2014,2,2014-T2,162.91
Lleida,2014,3,2014-T3,117.32
Lleida,2014,4,2014-T4,104.04
Lleida,2015,1,2015-T1,108.09
Lleida,2015,2,2015-T2,100.23
Lleida,2015,3,2015-T3,119.87
Lleida,2015,4,2015-T4,108.46
Lleida,2016,1,2016-T1,114.31
Lleida,2016,2,2016-T2,80.4
Lleida,2016,3,2016-T3,98.24
Lleida,2016,4,2016-T4,113.75
Lleida,2017,1,2017-T1,117.43
Lleida,2017,2,2017-T2,97.78
Lleida,2017,3,2017-T3,96.96
Lleida,2017,4,2017-T4,100.93
Lleida,2018,1,2018-T1,78.57
Lleida,2018,2,2018-T2,95.97
Lleida,2018,3,2018-T3,72.29
Lleida,2018,4,2018-T4,79.39
Lleida,2019,1,2019-T1,108.53
Lleida,2019,2,2019-T2,101.67
Lleida,2019,3,2019-T3,99.99
Lleida,2019,4,2019-T4,103.39
Lleida,2020,1,2020-T1,98.12
Lleida,2020,2,2020-T2,80.85
Lleida,2020,3,2020-T3,117.83
Lleida,2020,4,2020-T4,111.67
Lleida,2021,1,2021-T1,114.98
Lleida,2021,2,2021-T2,122.31
Lleida,2021,3,2021-T3,126.9
Lleida,2021,4,2021-T4,114.33
Lleida,2022,1,2022-T1,109.09
Lleida,2022,2,2022-T2,122.56
Lleida,2022,3,2022-T3,105.71
Lleida,2022,4,2022-T4,116.35
Lleida,2023,1,2023-T1,116.2
Lleida,2023,2,2023-T2,115.55
Lleida,2023,3,2023-T3,121.87
Lleida,2023,4,2023-T4,117.31
Lleida,2024,1,2024-T1,103.46
Lleida,2024,2,2024-T2,119.29
Lleida,2024,3,2024-T3,118.39
Lleida,2024,4,2024-T4,195.83
Lleida,2025,1,2025-T1,132.47
Lleida,2025,2,2025-T2,129.67
Lleida,2025,3,2025-T3,130.97
Lleida,2025,4,2025-T4,160.71
Lleida,2026,1,2026-T1,133.95
Lugo,2004,1,2004-T1,153.7
Lugo,2004,2,2004-T2,161.06
Lugo,2004,3,2004-T3,183.19
Lugo,2004,4,2004-T4,205.9
Lugo,2005,1,2005-T1,179.27
Lugo,2005,2,2005-T2,189.78
Lugo,2005,3,2005-T3,186.45
Lugo,2005,4,2005-T4,170.6
Lugo,2006,1,2006-T1,168.59
Lugo,2006,2,2006-T2,131.82
Lugo,2006,3,2006-T3,148.59
Lugo,2006,4,2006-T4,131.81
Lugo,2007,1,2007-T1,172.47
Lugo,2007,2,2007-T2,156.82
Lugo,2007,3,2007-T3,199.42
Lugo,2007,4,2007-T4,165.06
Lugo,2008,1,2008-T1,142.39
Lugo,2008,2,2008-T2,135.53
Lugo,2008,3,2008-T3,146.67
Lugo,2008,4,2008-T4,183.58
Lugo,2009,1,2009-T1,130.1
Lugo,2009,2,2009-T2,117.8
Lugo,2009,3,2009-T3,86.95
Lugo,2009,4,2009-T4,107.32
Lugo,2010,1,2010-T1,124.86
Lugo,2010,2,2010-T2,76.83
Lugo,2010,3,2010-T3,52.2
Lugo,2010,4,2010-T4,130.73
Lugo,2011,1,2011-T1,94.57
Lugo,2011,2,2011-T2,85.32
Lugo,2011,4,2011-T4,130.63
Lugo,2012,1,2012-T1,101.58
Lugo,2012,2,2012-T2,101.55
Lugo,2012,3,2012-T3,88.33
Lugo,2012,4,2012-T4,82.07
Lugo,2013,1,2013-T1,31.86
Lugo,2013,2,2013-T2,49.69
Lugo,2013,3,2013-T3,33.1
Lugo,2013,4,2013-T4,34.01
Lugo,2014,1,2014-T1,61.28
Lugo,2014,2,2014-T2,46.82
Lugo,2014,3,2014-T3,98.83
Lugo,2014,4,2014-T4,45.82
Lugo,2015,1,2015-T1,35.22
Lugo,2015,2,2015-T2,50.06
Lugo,2015,3,2015-T3,48.44
Lugo,2015,4,2015-T4,39.76
Lugo,2016,2,2016-T2,53.52
Lugo,2016,3,2016-T3,57.99
Lugo,2016,4,2016-T4,43.93
Lugo,2017,1,2017-T1,54.93
Lugo,2017,2,2017-T2,79.7
Lugo,2017,3,2017-T3,63.72
Lugo,2017,4,2017-T4,20.95
Lugo,2018,1,2018-T1,32.87
Lugo,2018,2,2018-T2,60.88
Lugo,2018,3,2018-T3,58.85
Lugo,2018,4,2018-T4,66.61
Lugo,2019,1,2019-T1,79.66
Lugo,2019,2,2019-T2,74.37
Lugo,2019,3,2019-T3,96.48
Lugo,2019,4,2019-T4,37.15
Lugo,2020,1,2020-T1,79.11
Lugo,2020,2,2020-T2,18.15
Lugo,2020,3,2020-T3,25.8
Lugo,2020,4,2020-T4,65.63
Lugo,2021,1,2021-T1,54.23
Lugo,2021,2,2021-T2,175.12
Lugo,2021,3,2021-T3,95.57
Lugo,2021,4,2021-T4,79.1
Lugo,2022,1,2022-T1,39.48
Lugo,2022,2,2022-T2,73.2
Lugo,2022,3,2022-T3,64.98
Lugo,2022,4,2022-T4,64.42
Lugo,2023,1,2023-T1,91.81
Lugo,2023,2,2023-T2,80.38
Lugo,2023,3,2023-T3,53.68
Lugo,2023,4,2023-T4,59.7
Lugo,2024,1,2024-T1,45.68
Lugo,2024,2,2024-T2,92.27
Lugo,2024,3,2024-T3,32.48
Lugo,2024,4,2024-T4,30.16
Lugo,2025,1,2025-T1,51.47
Lugo,2025,2,2025-T2,77.62
Lugo,2025,3,2025-T3,57.6
Lugo,2025,4,2025-T4,66.04
Lugo,2026,1,2026-T1,95.39
Málaga,2004,1,2004-T1,179.91
Málaga,2004,2,2004-T2,198.87
Málaga,2004,3,2004-T3,226.03
Málaga,2004,4,2004-T4,213.73
Málaga,2005,1,2005-T1,226.3
Málaga,2005,2,2005-T2,205.75
Málaga,2005,3,2005-T3,216.3
Málaga,2005,4,2005-T4,278.45
Málaga,2006,1,2006-T1,249.12
Málaga,2006,2,2006-T2,252.02
Málaga,2006,3,2006-T3,311.49
Málaga,2006,4,2006-T4,275.04
Málaga,2007,1,2007-T1,302.36
Málaga,2007,2,2007-T2,302.36
Málaga,2007,3,2007-T3,324.67
Málaga,2007,4,2007-T4,283.09
Málaga,2008,1,2008-T1,308.15
Málaga,2008,2,2008-T2,355.97
Málaga,2008,3,2008-T3,281.06
Málaga,2008,4,2008-T4,271.06
Málaga,2009,1,2009-T1,287.6
Málaga,2009,2,2009-T2,354.4
Málaga,2009,3,2009-T3,374.15
Málaga,2009,4,2009-T4,256.66
Málaga,2010,1,2010-T1,293.99
Málaga,2010,2,2010-T2,318.67
Málaga,2010,3,2010-T3,330.37
Málaga,2010,4,2010-T4,266.97
Málaga,2011,1,2011-T1,293.52
Málaga,2011,2,2011-T2,250.65
Málaga,2011,3,2011-T3,268.44
Málaga,2011,4,2011-T4,201.42
Málaga,2012,1,2012-T1,238.52
Málaga,2012,2,2012-T2,225.85
Málaga,2012,3,2012-T3,206.61
Málaga,2012,4,2012-T4,262.99
Málaga,2013,1,2013-T1,121.1
Málaga,2013,2,2013-T2,218.23
Málaga,2013,3,2013-T3,237.62
Málaga,2013,4,2013-T4,184.66
Málaga,2014,1,2014-T1,172.53
Málaga,2014,2,2014-T2,209.31
Málaga,2014,3,2014-T3,233.81
Málaga,2014,4,2014-T4,193.36
Málaga,2015,1,2015-T1,205.57
Málaga,2015,2,2015-T2,233.2
Málaga,2015,3,2015-T3,235.74
Málaga,2015,4,2015-T4,228.06
Málaga,2016,1,2016-T1,230.13
Málaga,2016,2,2016-T2,227.59
Málaga,2016,3,2016-T3,223.41
Málaga,2016,4,2016-T4,223.4
Málaga,2017,1,2017-T1,228.54
Málaga,2017,2,2017-T2,259.18
Málaga,2017,3,2017-T3,232.04
Málaga,2017,4,2017-T4,203.92
Málaga,2018,1,2018-T1,235.09
Málaga,2018,2,2018-T2,248.54
Málaga,2018,3,2018-T3,231.27
Málaga,2018,4,2018-T4,238.03
Málaga,2019,1,2019-T1,249.11
Málaga,2019,2,2019-T2,269.6
Málaga,2019,3,2019-T3,263.85
Málaga,2019,4,2019-T4,241.98
Málaga,2020,1,2020-T1,238.44
Málaga,2020,2,2020-T2,234.08
Málaga,2020,3,2020-T3,241.18
Málaga,2020,4,2020-T4,248.49
Málaga,2021,1,2021-T1,195.18
Málaga,2021,2,2021-T2,255.34
Málaga,2021,3,2021-T3,221.4
Málaga,2021,4,2021-T4,249.45
Málaga,2022,1,2022-T1,261.66
Málaga,2022,2,2022-T2,276.64
Málaga,2022,3,2022-T3,277.2
Málaga,2022,4,2022-T4,278.41
Málaga,2023,1,2023-T1,251.44
Málaga,2023,2,2023-T2,247.82
Málaga,2023,3,2023-T3,359.98
Málaga,2023,4,2023-T4,259.39
Málaga,2024,1,2024-T1,334.15
Málaga,2024,2,2024-T2,260.86
Málaga,2024,3,2024-T3,293.8
Málaga,2024,4,2024-T4,342.56
Málaga,2025,1,2025-T1,324.47
Málaga,2025,2,2025-T2,351.04
Málaga,2025,3,2025-T3,323.83
Málaga,2025,4,2025-T4,296.21
Málaga,2026,1,2026-T1,344.23
Ourense,2004,1,2004-T1,110.84
Ourense,2004,2,2004-T2,121.07
Ourense,2004,3,2004-T3,70.41
Ourense,2004,4,2004-T4,140.5
Ourense,2005,1,2005-T1,120.53
Ourense,2005,2,2005-T2,146.07
Ourense,2005,3,2005-T3,136.86
Ourense,2005,4,2005-T4,97.61
Ourense,2006,1,2006-T1,132.88
Ourense,2006,2,2006-T2,134.01
Ourense,2006,3,2006-T3,127.2
Ourense,2006,4,2006-T4,140.63
Ourense,2007,1,2007-T1,141.62
Ourense,2007,2,2007-T2,154.53
Ourense,2007,3,2007-T3,212.24
Ourense,2007,4,2007-T4,153.82
Ourense,2008,1,2008-T1,246.82
Ourense,2008,2,2008-T2,195.6
Ourense,2008,3,2008-T3,199.56
Ourense,2008,4,2008-T4,176.38
Ourense,2009,1,2009-T1,196.1
Ourense,2009,2,2009-T2,204.0
Ourense,2009,3,2009-T3,209.59
Ourense,2009,4,2009-T4,204.21
Ourense,2010,1,2010-T1,86.91
Ourense,2010,2,2010-T2,115.35
Ourense,2010,3,2010-T3,132.05
Ourense,2010,4,2010-T4,124.56
Ourense,2011,1,2011-T1,83.0
Ourense,2011,2,2011-T2,52.91
Ourense,2012,1,2012-T1,129.04
Ourense,2012,2,2012-T2,27.45
Ourense,2012,3,2012-T3,27.52
Ourense,2012,4,2012-T4,57.71
Ourense,2013,2,2013-T2,67.0
Ourense,2013,3,2013-T3,21.95
Ourense,2013,4,2013-T4,68.44
Ourense,2014,1,2014-T1,36.36
Ourense,2014,2,2014-T2,65.5
Ourense,2014,3,2014-T3,76.17
Ourense,2014,4,2014-T4,60.27
Ourense,2015,1,2015-T1,39.41
Ourense,2015,2,2015-T2,43.92
Ourense,2015,3,2015-T3,83.91
Ourense,2015,4,2015-T4,79.44
Ourense,2016,1,2016-T1,67.84
Ourense,2016,2,2016-T2,51.28
Ourense,2016,3,2016-T3,83.58
Ourense,2016,4,2016-T4,75.82
Ourense,2017,1,2017-T1,39.98
Ourense,2017,2,2017-T2,90.93
Ourense,2017,3,2017-T3,61.8
Ourense,2017,4,2017-T4,64.31
Ourense,2018,1,2018-T1,52.47
Ourense,2018,2,2018-T2,72.49
Ourense,2018,3,2018-T3,72.51
Ourense,2018,4,2018-T4,60.85
Ourense,2019,1,2019-T1,30.3
Ourense,2019,2,2019-T2,21.66
Ourense,2019,3,2019-T3,63.13
Ourense,2019,4,2019-T4,55.08
Ourense,2020,1,2020-T1,42.26
Ourense,2020,2,2020-T2,44.16
Ourense,2020,3,2020-T3,39.26
Ourense,2020,4,2020-T4,24.45
Ourense,2021,1,2021-T1,64.94
Ourense,2021,2,2021-T2,42.34
Ourense,2021,3,2021-T3,53.82
Ourense,2021,4,2021-T4,48.33
Ourense,2022,1,2022-T1,72.97
Ourense,2022,2,2022-T2,64.11
Ourense,2022,3,2022-T3,26.27
Ourense,2022,4,2022-T4,29.01
Ourense,2023,1,2023-T1,74.76
Ourense,2023,2,2023-T2,53.35
Ourense,2023,3,2023-T3,44.39
Ourense,2023,4,2023-T4,53.63
Ourense,2024,1,2024-T1,39.65
Ourense,2024,3,2024-T3,25.69
Ourense,2024,4,2024-T4,35.56
Ourense,2025,1,2025-T1,59.61
Ourense,2025,2,2025-T2,46.53
Ourense,2025,3,2025-T3,83.33
Ourense,2025,4,2025-T4,48.37
Ourense,2026,1,2026-T1,72.43
Palencia,2004,1,2004-T1,63.71
Palencia,2004,2,2004-T2,68.45
Palencia,2004,3,2004-T3,65.61
Palencia,2004,4,2004-T4,110.77
Palencia,2005,1,2005-T1,111.12
Palencia,2005,2,2005-T2,92.93
Palencia,2005,3,2005-T3,108.91
Palencia,2005,4,2005-T4,116.79
Palencia,2006,1,2006-T1,124.92
Palencia,2006,2,2006-T2,74.77
Palencia,2006,3,2006-T3,73.45
Palencia,2006,4,2006-T4,117.66
Palencia,2007,1,2007-T1,110.03
Palencia,2007,2,2007-T2,96.85
Palencia,2007,3,2007-T3,110.31
Palencia,2007,4,2007-T4,109.46
Palencia,2008,1,2008-T1,108.8
Palencia,2008,2,2008-T2,119.53
Palencia,2008,3,2008-T3,98.92
Palencia,2008,4,2008-T4,117.92
Palencia,2009,1,2009-T1,92.3
Palencia,2009,2,2009-T2,123.9
Palencia,2009,3,2009-T3,99.32
Palencia,2009,4,2009-T4,55.63
Palencia,2010,1,2010-T1,119.74
Palencia,2010,2,2010-T2,61.26
Palencia,2010,3,2010-T3,63.09
Palencia,2010,4,2010-T4,55.01
Palencia,2011,1,2011-T1,99.75
Palencia,2011,2,2011-T2,78.12
Palencia,2011,3,2011-T3,69.46
Palencia,2011,4,2011-T4,65.04
Palencia,2012,1,2012-T1,41.33
Palencia,2012,2,2012-T2,73.14
Palencia,2012,3,2012-T3,37.72
Palencia,2012,4,2012-T4,62.09
Palencia,2013,1,2013-T1,73.88
Palencia,2013,2,2013-T2,76.44
Palencia,2013,3,2013-T3,48.04
Palencia,2013,4,2013-T4,69.02
Palencia,2014,1,2014-T1,52.26
Palencia,2014,2,2014-T2,49.46
Palencia,2014,3,2014-T3,30.11
Palencia,2014,4,2014-T4,49.06
Palencia,2015,1,2015-T1,55.98
Palencia,2015,2,2015-T2,34.09
Palencia,2015,3,2015-T3,38.24
Palencia,2015,4,2015-T4,56.18
Palencia,2016,1,2016-T1,52.24
Palencia,2016,2,2016-T2,37.74
Palencia,2016,3,2016-T3,69.43
Palencia,2016,4,2016-T4,22.78
Palencia,2017,1,2017-T1,47.65
Palencia,2017,2,2017-T2,75.17
Palencia,2017,3,2017-T3,45.09
Palencia,2017,4,2017-T4,57.4
Palencia,2018,1,2018-T1,54.34
Palencia,2018,2,2018-T2,50.62
Palencia,2018,3,2018-T3,59.79
Palencia,2018,4,2018-T4,50.1
Palencia,2019,1,2019-T1,57.55
Palencia,2019,2,2019-T2,68.33
Palencia,2019,3,2019-T3,71.71
Palencia,2019,4,2019-T4,89.39
Palencia,2020,1,2020-T1,42.55
Palencia,2020,2,2020-T2,45.11
Palencia,2020,3,2020-T3,47.32
Palencia,2020,4,2020-T4,50.94
Palencia,2021,1,2021-T1,73.85
Palencia,2021,2,2021-T2,62.54
Palencia,2021,3,2021-T3,38.78
Palencia,2021,4,2021-T4,59.97
Palencia,2022,1,2022-T1,54.4
Palencia,2022,2,2022-T2,66.98
Palencia,2022,3,2022-T3,47.94
Palencia,2022,4,2022-T4,67.12
Palencia,2023,1,2023-T1,55.34
Palencia,2023,2,2023-T2,37.51
Palencia,2023,3,2023-T3,39.67
Palencia,2023,4,2023-T4,61.14
Palencia,2024,1,2024-T1,59.5
Palencia,2024,2,2024-T2,49.6
Palencia,2024,3,2024-T3,40.43
Palencia,2024,4,2024-T4,50.84
Palencia,2025,1,2025-T1,76.59
Palencia,2025,2,2025-T2,52.92
Palencia,2025,3,2025-T3,67.96
Palencia,2025,4,2025-T4,63.45
Palencia,2026,1,2026-T1,52.32
Palmas (Las),2004,1,2004-T1,318.44
Palmas (Las),2004,2,2004-T2,318.66
Palmas (Las),2004,3,2004-T3,329.38
Palmas (Las),2004,4,2004-T4,327.25
Palmas (Las),2005,1,2005-T1,352.37
Palmas (Las),2005,2,2005-T2,341.39
Palmas (Las),2005,3,2005-T3,354.34
Palmas (Las),2005,4,2005-T4,408.61
Palmas (Las),2006,1,2006-T1,400.69
Palmas (Las),2006,2,2006-T2,377.85
Palmas (Las),2006,3,2006-T3,390.29
Palmas (Las),2006,4,2006-T4,443.88
Palmas (Las),2007,1,2007-T1,469.96
Palmas (Las),2007,2,2007-T2,372.23
Palmas (Las),2007,3,2007-T3,399.87
Palmas (Las),2007,4,2007-T4,446.95
Palmas (Las),2008,1,2008-T1,432.45
Palmas (Las),2008,2,2008-T2,416.08
Palmas (Las),2008,3,2008-T3,397.41
Palmas (Las),2008,4,2008-T4,467.81
Palmas (Las),2009,1,2009-T1,423.4
Palmas (Las),2009,2,2009-T2,408.2
Palmas (Las),2009,3,2009-T3,394.46
Palmas (Las),2009,4,2009-T4,307.21
Palmas (Las),2010,1,2010-T1,308.56
Palmas (Las),2010,2,2010-T2,300.04
Palmas (Las),2010,3,2010-T3,246.45
Palmas (Las),2010,4,2010-T4,219.0
Palmas (Las),2011,1,2011-T1,253.24
Palmas (Las),2011,2,2011-T2,259.61
Palmas (Las),2011,3,2011-T3,242.04
Palmas (Las),2011,4,2011-T4,286.94
Palmas (Las),2012,1,2012-T1,319.65
Palmas (Las),2012,2,2012-T2,267.76
Palmas (Las),2012,3,2012-T3,228.68
Palmas (Las),2012,4,2012-T4,240.65
Palmas (Las),2013,1,2013-T1,230.37
Palmas (Las),2013,2,2013-T2,239.12
Palmas (Las),2013,3,2013-T3,248.25
Palmas (Las),2013,4,2013-T4,208.13
Palmas (Las),2014,1,2014-T1,175.07
Palmas (Las),2014,2,2014-T2,202.42
Palmas (Las),2014,3,2014-T3,228.25
Palmas (Las),2014,4,2014-T4,137.24
Palmas (Las),2015,1,2015-T1,201.17
Palmas (Las),2015,2,2015-T2,164.43
Palmas (Las),2015,3,2015-T3,173.98
Palmas (Las),2015,4,2015-T4,228.86
Palmas (Las),2016,1,2016-T1,239.62
Palmas (Las),2016,2,2016-T2,199.58
Palmas (Las),2016,3,2016-T3,104.06
Palmas (Las),2016,4,2016-T4,184.36
Palmas (Las),2017,1,2017-T1,213.23
Palmas (Las),2017,2,2017-T2,213.56
Palmas (Las),2017,3,2017-T3,216.55
Palmas (Las),2017,4,2017-T4,238.87
Palmas (Las),2018,1,2018-T1,213.28
Palmas (Las),2018,2,2018-T2,235.23
Palmas (Las),2018,3,2018-T3,225.63
Palmas (Las),2018,4,2018-T4,201.44
Palmas (Las),2019,1,2019-T1,222.8
Palmas (Las),2019,2,2019-T2,227.55
Palmas (Las),2019,3,2019-T3,260.83
Palmas (Las),2019,4,2019-T4,244.82
Palmas (Las),2020,1,2020-T1,251.1
Palmas (Las),2020,2,2020-T2,186.47
Palmas (Las),2020,3,2020-T3,210.4
Palmas (Las),2020,4,2020-T4,256.71
Palmas (Las),2021,1,2021-T1,194.15
Palmas (Las),2021,2,2021-T2,221.52
Palmas (Las),2021,3,2021-T3,195.24
Palmas (Las),2021,4,2021-T4,224.98
Palmas (Las),2022,1,2022-T1,253.48
Palmas (Las),2022,2,2022-T2,244.32
Palmas (Las),2022,3,2022-T3,220.43
Palmas (Las),2022,4,2022-T4,288.42
Palmas (Las),2023,1,2023-T1,254.29
Palmas (Las),2023,2,2023-T2,269.96
Palmas (Las),2023,3,2023-T3,256.82
Palmas (Las),2023,4,2023-T4,267.09
Palmas (Las),2024,1,2024-T1,238.77
Palmas (Las),2024,2,2024-T2,254.8
Palmas (Las),2024,3,2024-T3,252.83
Palmas (Las),2024,4,2024-T4,292.94
Palmas (Las),2025,1,2025-T1,331.47
Palmas (Las),2025,2,2025-T2,293.1
Palmas (Las),2025,3,2025-T3,242.08
Palmas (Las),2025,4,2025-T4,250.94
Palmas (Las),2026,1,2026-T1,327.3
Pontevedra,2004,1,2004-T1,223.63
Pontevedra,2004,2,2004-T2,283.04
Pontevedra,2004,3,2004-T3,289.73
Pontevedra,2004,4,2004-T4,327.18
Pontevedra,2005,1,2005-T1,354.52
Pontevedra,2005,2,2005-T2,320.36
Pontevedra,2005,3,2005-T3,346.36
Pontevedra,2005,4,2005-T4,325.56
Pontevedra,2006,1,2006-T1,313.98
Pontevedra,2006,2,2006-T2,337.18
Pontevedra,2006,3,2006-T3,332.49
Pontevedra,2006,4,2006-T4,289.84
Pontevedra,2007,1,2007-T1,300.6
Pontevedra,2007,2,2007-T2,310.58
Pontevedra,2007,3,2007-T3,297.02
Pontevedra,2007,4,2007-T4,311.62
Pontevedra,2008,1,2008-T1,264.92
Pontevedra,2008,2,2008-T2,254.33
Pontevedra,2008,3,2008-T3,278.31
Pontevedra,2008,4,2008-T4,301.56
Pontevedra,2009,1,2009-T1,255.4
Pontevedra,2009,2,2009-T2,252.4
Pontevedra,2009,3,2009-T3,291.75
Pontevedra,2009,4,2009-T4,293.78
Pontevedra,2010,1,2010-T1,272.93
Pontevedra,2010,2,2010-T2,218.12
Pontevedra,2010,3,2010-T3,167.08
Pontevedra,2010,4,2010-T4,243.16
Pontevedra,2011,1,2011-T1,120.43
Pontevedra,2011,2,2011-T2,207.72
Pontevedra,2011,3,2011-T3,156.31
Pontevedra,2011,4,2011-T4,182.1
Pontevedra,2012,1,2012-T1,128.21
Pontevedra,2012,2,2012-T2,79.49
Pontevedra,2012,3,2012-T3,132.22
Pontevedra,2012,4,2012-T4,128.86
Pontevedra,2013,1,2013-T1,90.17
Pontevedra,2013,2,2013-T2,138.66
Pontevedra,2013,3,2013-T3,139.85
Pontevedra,2013,4,2013-T4,100.83
Pontevedra,2014,1,2014-T1,103.22
Pontevedra,2014,2,2014-T2,102.92
Pontevedra,2014,3,2014-T3,109.9
Pontevedra,2014,4,2014-T4,117.65
Pontevedra,2015,1,2015-T1,118.85
Pontevedra,2015,2,2015-T2,104.21
Pontevedra,2015,3,2015-T3,121.49
Pontevedra,2015,4,2015-T4,115.84
Pontevedra,2016,1,2016-T1,84.42
Pontevedra,2016,2,2016-T2,117.87
Pontevedra,2016,3,2016-T3,88.0
Pontevedra,2016,4,2016-T4,65.23
Pontevedra,2017,1,2017-T1,87.62
Pontevedra,2017,2,2017-T2,116.02
Pontevedra,2017,3,2017-T3,99.95
Pontevedra,2017,4,2017-T4,95.18
Pontevedra,2018,1,2018-T1,109.16
Pontevedra,2018,2,2018-T2,130.02
Pontevedra,2018,3,2018-T3,104.95
Pontevedra,2018,4,2018-T4,125.44
Pontevedra,2019,1,2019-T1,111.84
Pontevedra,2019,2,2019-T2,123.92
Pontevedra,2019,3,2019-T3,117.54
Pontevedra,2019,4,2019-T4,107.91
Pontevedra,2020,1,2020-T1,132.96
Pontevedra,2020,2,2020-T2,130.07
Pontevedra,2020,3,2020-T3,76.89
Pontevedra,2020,4,2020-T4,130.55
Pontevedra,2021,1,2021-T1,85.2
Pontevedra,2021,2,2021-T2,102.31
Pontevedra,2021,3,2021-T3,69.04
Pontevedra,2021,4,2021-T4,106.91
Pontevedra,2022,1,2022-T1,161.38
Pontevedra,2022,2,2022-T2,107.01
Pontevedra,2022,3,2022-T3,119.65
Pontevedra,2022,4,2022-T4,118.16
Pontevedra,2023,1,2023-T1,125.67
Pontevedra,2023,2,2023-T2,134.87
Pontevedra,2023,3,2023-T3,301.75
Pontevedra,2023,4,2023-T4,139.22
Pontevedra,2024,1,2024-T1,89.37
Pontevedra,2024,2,2024-T2,123.21
Pontevedra,2024,3,2024-T3,107.33
Pontevedra,2024,4,2024-T4,260.18
Pontevedra,2025,1,2025-T1,136.47
Pontevedra,2025,2,2025-T2,155.65
Pontevedra,2025,3,2025-T3,172.1
Pontevedra,2025,4,2025-T4,136.41
Pontevedra,2026,1,2026-T1,163.72
Salamanca,2004,1,2004-T1,148.16
Salamanca,2004,2,2004-T2,173.55
Salamanca,2004,3,2004-T3,148.03
Salamanca,2004,4,2004-T4,179.51
Salamanca,2005,1,2005-T1,173.71
Salamanca,2005,2,2005-T2,115.23
Salamanca,2005,3,2005-T3,107.96
Salamanca,2005,4,2005-T4,183.56
Salamanca,2006,1,2006-T1,127.21
Salamanca,2006,2,2006-T2,120.95
Salamanca,2006,3,2006-T3,133.48
Salamanca,2006,4,2006-T4,125.15
Salamanca,2007,1,2007-T1,135.56
Salamanca,2007,2,2007-T2,169.24
Salamanca,2007,3,2007-T3,142.84
Salamanca,2007,4,2007-T4,117.51
Salamanca,2008,1,2008-T1,136.26
Salamanca,2008,2,2008-T2,175.31
Salamanca,2008,3,2008-T3,123.98
Salamanca,2008,4,2008-T4,116.02
Salamanca,2009,1,2009-T1,133.8
Salamanca,2009,2,2009-T2,145.1
Salamanca,2009,3,2009-T3,94.81
Salamanca,2009,4,2009-T4,153.72
Salamanca,2010,1,2010-T1,185.86
Salamanca,2010,2,2010-T2,157.52
Salamanca,2010,3,2010-T3,120.47
Salamanca,2010,4,2010-T4,138.38
Salamanca,2011,1,2011-T1,110.22
Salamanca,2011,2,2011-T2,129.68
Salamanca,2011,3,2011-T3,111.01
Salamanca,2011,4,2011-T4,119.56
Salamanca,2012,1,2012-T1,91.98
Salamanca,2012,2,2012-T2,76.98
Salamanca,2012,3,2012-T3,88.12
Salamanca,2012,4,2012-T4,72.56
Salamanca,2013,1,2013-T1,66.08
Salamanca,2013,2,2013-T2,86.91
Salamanca,2013,3,2013-T3,76.12
Salamanca,2013,4,2013-T4,68.26
Salamanca,2014,1,2014-T1,85.58
Salamanca,2014,2,2014-T2,79.29
Salamanca,2014,3,2014-T3,53.62
Salamanca,2014,4,2014-T4,53.57
Salamanca,2015,1,2015-T1,66.6
Salamanca,2015,2,2015-T2,64.22
Salamanca,2015,3,2015-T3,48.84
Salamanca,2015,4,2015-T4,75.32
Salamanca,2016,1,2016-T1,54.64
Salamanca,2016,2,2016-T2,70.08
Salamanca,2016,3,2016-T3,48.19
Salamanca,2016,4,2016-T4,59.01
Salamanca,2017,1,2017-T1,58.37
Salamanca,2017,2,2017-T2,63.89
Salamanca,2017,3,2017-T3,65.65
Salamanca,2017,4,2017-T4,52.98
Salamanca,2018,1,2018-T1,63.03
Salamanca,2018,2,2018-T2,62.06
Salamanca,2018,3,2018-T3,71.4
Salamanca,2018,4,2018-T4,52.33
Salamanca,2019,1,2019-T1,64.24
Salamanca,2019,2,2019-T2,80.83
Salamanca,2019,3,2019-T3,76.82
Salamanca,2019,4,2019-T4,71.52
Salamanca,2020,1,2020-T1,77.03
Salamanca,2020,2,2020-T2,93.37
Salamanca,2020,3,2020-T3,51.39
Salamanca,2020,4,2020-T4,50.8
Salamanca,2021,1,2021-T1,52.21
Salamanca,2021,2,2021-T2,65.04
Salamanca,2021,3,2021-T3,64.55
Salamanca,2021,4,2021-T4,79.07
Salamanca,2022,1,2022-T1,73.31
Salamanca,2022,2,2022-T2,74.07
Salamanca,2022,3,2022-T3,80.16
Salamanca,2022,4,2022-T4,100.67
Salamanca,2023,1,2023-T1,64.4
Salamanca,2023,2,2023-T2,79.42
Salamanca,2023,3,2023-T3,83.4
Salamanca,2023,4,2023-T4,87.91
Salamanca,2024,1,2024-T1,108.71
Salamanca,2024,2,2024-T2,82.08
Salamanca,2024,3,2024-T3,108.73
Salamanca,2024,4,2024-T4,109.54
Salamanca,2025,1,2025-T1,57.15
Salamanca,2025,2,2025-T2,90.93
Salamanca,2025,3,2025-T3,81.41
Salamanca,2025,4,2025-T4,39.97
Salamanca,2026,1,2026-T1,33.65
Santa Cruz de Tenerife,2004,1,2004-T1,189.66
Santa Cruz de Tenerife,2004,2,2004-T2,180.24
Santa Cruz de Tenerife,2004,3,2004-T3,220.14
Santa Cruz de Tenerife,2004,4,2004-T4,220.5
Santa Cruz de Tenerife,2005,1,2005-T1,265.42
Santa Cruz de Tenerife,2005,2,2005-T2,265.01
Santa Cruz de Tenerife,2005,3,2005-T3,278.23
Santa Cruz de Tenerife,2005,4,2005-T4,239.99
Santa Cruz de Tenerife,2006,1,2006-T1,285.29
Santa Cruz de Tenerife,2006,2,2006-T2,305.43
Santa Cruz de Tenerife,2006,3,2006-T3,298.09
Santa Cruz de Tenerife,2006,4,2006-T4,297.74
Santa Cruz de Tenerife,2007,1,2007-T1,304.44
Santa Cruz de Tenerife,2007,2,2007-T2,339.0
Santa Cruz de Tenerife,2007,3,2007-T3,318.63
Santa Cruz de Tenerife,2007,4,2007-T4,349.2
Santa Cruz de Tenerife,2008,1,2008-T1,375.11
Santa Cruz de Tenerife,2008,2,2008-T2,381.44
Santa Cruz de Tenerife,2008,3,2008-T3,356.83
Santa Cruz de Tenerife,2008,4,2008-T4,373.23
Santa Cruz de Tenerife,2009,1,2009-T1,314.8
Santa Cruz de Tenerife,2009,2,2009-T2,341.9
Santa Cruz de Tenerife,2009,3,2009-T3,315.19
Santa Cruz de Tenerife,2009,4,2009-T4,266.93
Santa Cruz de Tenerife,2010,1,2010-T1,230.51
Santa Cruz de Tenerife,2010,2,2010-T2,278.46
Santa Cruz de Tenerife,2010,3,2010-T3,219.9
Santa Cruz de Tenerife,2010,4,2010-T4,235.34
Santa Cruz de Tenerife,2011,1,2011-T1,256.32
Santa Cruz de Tenerife,2011,2,2011-T2,174.39
Santa Cruz de Tenerife,2011,3,2011-T3,211.48
Santa Cruz de Tenerife,2011,4,2011-T4,159.39
Santa Cruz de Tenerife,2012,1,2012-T1,158.36
Santa Cruz de Tenerife,2012,2,2012-T2,168.28
Santa Cruz de Tenerife,2012,3,2012-T3,169.94
Santa Cruz de Tenerife,2012,4,2012-T4,185.93
Santa Cruz de Tenerife,2013,1,2013-T1,123.25
Santa Cruz de Tenerife,2013,2,2013-T2,150.47
Santa Cruz de Tenerife,2013,3,2013-T3,132.48
Santa Cruz de Tenerife,2013,4,2013-T4,170.04
Santa Cruz de Tenerife,2014,1,2014-T1,125.47
Santa Cruz de Tenerife,2014,2,2014-T2,168.91
Santa Cruz de Tenerife,2014,3,2014-T3,139.74
Santa Cruz de Tenerife,2014,4,2014-T4,204.07
Santa Cruz de Tenerife,2015,1,2015-T1,168.42
Santa Cruz de Tenerife,2015,2,2015-T2,177.07
Santa Cruz de Tenerife,2015,3,2015-T3,154.62
Santa Cruz de Tenerife,2015,4,2015-T4,150.26
Santa Cruz de Tenerife,2016,1,2016-T1,148.0
Santa Cruz de Tenerife,2016,2,2016-T2,160.72
Santa Cruz de Tenerife,2016,3,2016-T3,157.88
Santa Cruz de Tenerife,2016,4,2016-T4,154.97
Santa Cruz de Tenerife,2017,1,2017-T1,156.87
Santa Cruz de Tenerife,2017,2,2017-T2,177.65
Santa Cruz de Tenerife,2017,3,2017-T3,180.14
Santa Cruz de Tenerife,2017,4,2017-T4,185.17
Santa Cruz de Tenerife,2018,1,2018-T1,173.19
Santa Cruz de Tenerife,2018,2,2018-T2,188.72
Santa Cruz de Tenerife,2018,3,2018-T3,170.09
Santa Cruz de Tenerife,2018,4,2018-T4,169.91
Santa Cruz de Tenerife,2019,1,2019-T1,193.17
Santa Cruz de Tenerife,2019,2,2019-T2,213.57
Santa Cruz de Tenerife,2019,3,2019-T3,225.9
Santa Cruz de Tenerife,2019,4,2019-T4,174.71
Santa Cruz de Tenerife,2020,1,2020-T1,204.44
Santa Cruz de Tenerife,2020,2,2020-T2,128.74
Santa Cruz de Tenerife,2020,3,2020-T3,188.12
Santa Cruz de Tenerife,2020,4,2020-T4,195.82
Santa Cruz de Tenerife,2021,1,2021-T1,157.21
Santa Cruz de Tenerife,2021,2,2021-T2,194.03
Santa Cruz de Tenerife,2021,3,2021-T3,161.95
Santa Cruz de Tenerife,2021,4,2021-T4,195.04
Santa Cruz de Tenerife,2022,1,2022-T1,188.05
Santa Cruz de Tenerife,2022,2,2022-T2,213.33
Santa Cruz de Tenerife,2022,3,2022-T3,215.61
Santa Cruz de Tenerife,2022,4,2022-T4,213.62
Santa Cruz de Tenerife,2023,1,2023-T1,211.48
Santa Cruz de Tenerife,2023,2,2023-T2,174.25
Santa Cruz de Tenerife,2023,3,2023-T3,246.37
Santa Cruz de Tenerife,2023,4,2023-T4,244.32
Santa Cruz de Tenerife,2024,1,2024-T1,217.96
Santa Cruz de Tenerife,2024,2,2024-T2,229.05
Santa Cruz de Tenerife,2024,3,2024-T3,197.73
Santa Cruz de Tenerife,2024,4,2024-T4,203.05
Santa Cruz de Tenerife,2025,1,2025-T1,186.22
Santa Cruz de Tenerife,2025,2,2025-T2,250.6
Santa Cruz de Tenerife,2025,3,2025-T3,219.25
Santa Cruz de Tenerife,2025,4,2025-T4,248.64
Santa Cruz de Tenerife,2026,1,2026-T1,234.69
Segovia,2004,1,2004-T1,53.42
Segovia,2004,2,2004-T2,63.27
Segovia,2004,3,2004-T3,85.54
Segovia,2004,4,2004-T4,78.45
Segovia,2005,1,2005-T1,75.55
Segovia,2005,2,2005-T2,58.16
Segovia,2005,3,2005-T3,72.23
Segovia,2005,4,2005-T4,87.38
Segovia,2006,1,2006-T1,88.7
Segovia,2006,2,2006-T2,85.11
Segovia,2006,3,2006-T3,84.33
Segovia,2006,4,2006-T4,91.43
Segovia,2007,1,2007-T1,101.55
Segovia,2007,2,2007-T2,96.35
Segovia,2007,3,2007-T3,91.99
Segovia,2007,4,2007-T4,98.97
Segovia,2008,1,2008-T1,106.02
Segovia,2008,2,2008-T2,101.86
Segovia,2008,3,2008-T3,101.46
Segovia,2008,4,2008-T4,109.65
Segovia,2009,1,2009-T1,107.7
Segovia,2009,2,2009-T2,73.2
Segovia,2009,3,2009-T3,107.23
Segovia,2009,4,2009-T4,71.74
Segovia,2010,1,2010-T1,111.4
Segovia,2010,2,2010-T2,111.24
Segovia,2010,3,2010-T3,101.94
Segovia,2010,4,2010-T4,87.24
Segovia,2011,1,2011-T1,61.87
Segovia,2011,2,2011-T2,91.36
Segovia,2011,3,2011-T3,94.8
Segovia,2011,4,2011-T4,96.83
Segovia,2012,1,2012-T1,64.84
Segovia,2012,2,2012-T2,108.23
Segovia,2012,3,2012-T3,33.76
Segovia,2012,4,2012-T4,62.98
Segovia,2013,1,2013-T1,63.25
Segovia,2013,2,2013-T2,63.04
Segovia,2013,3,2013-T3,38.41
Segovia,2013,4,2013-T4,58.64
Segovia,2014,1,2014-T1,53.46
Segovia,2014,2,2014-T2,82.76
Segovia,2014,3,2014-T3,77.74
Segovia,2014,4,2014-T4,58.95
Segovia,2015,1,2015-T1,67.47
Segovia,2015,2,2015-T2,76.42
Segovia,2015,3,2015-T3,54.79
Segovia,2015,4,2015-T4,61.09
Segovia,2016,1,2016-T1,54.43
Segovia,2016,2,2016-T2,73.7
Segovia,2016,3,2016-T3,62.58
Segovia,2016,4,2016-T4,58.58
Segovia,2017,1,2017-T1,70.55
Segovia,2017,2,2017-T2,73.97
Segovia,2017,3,2017-T3,84.54
Segovia,2017,4,2017-T4,50.71
Segovia,2018,1,2018-T1,67.86
Segovia,2018,2,2018-T2,81.84
Segovia,2018,3,2018-T3,60.91
Segovia,2018,4,2018-T4,66.93
Segovia,2019,1,2019-T1,69.41
Segovia,2019,2,2019-T2,98.27
Segovia,2019,3,2019-T3,64.46
Segovia,2019,4,2019-T4,77.0
Segovia,2020,1,2020-T1,68.65
Segovia,2020,2,2020-T2,73.66
Segovia,2020,3,2020-T3,60.96
Segovia,2020,4,2020-T4,69.26
Segovia,2021,1,2021-T1,62.54
Segovia,2021,2,2021-T2,58.75
Segovia,2021,3,2021-T3,79.51
Segovia,2021,4,2021-T4,71.38
Segovia,2022,1,2022-T1,71.71
Segovia,2022,2,2022-T2,72.43
Segovia,2022,3,2022-T3,85.63
Segovia,2022,4,2022-T4,75.54
Segovia,2023,1,2023-T1,66.52
Segovia,2023,2,2023-T2,86.01
Segovia,2023,3,2023-T3,64.76
Segovia,2023,4,2023-T4,86.98
Segovia,2024,1,2024-T1,102.99
Segovia,2024,2,2024-T2,96.58
Segovia,2024,3,2024-T3,81.14
Segovia,2024,4,2024-T4,95.81
Segovia,2025,1,2025-T1,82.67
Segovia,2025,2,2025-T2,71.85
Segovia,2025,3,2025-T3,111.83
Segovia,2025,4,2025-T4,88.93
Segovia,2026,1,2026-T1,71.36
Sevilla,2004,1,2004-T1,155.99
Sevilla,2004,2,2004-T2,154.82
Sevilla,2004,3,2004-T3,173.41
Sevilla,2004,4,2004-T4,166.22
Sevilla,2005,1,2005-T1,169.38
Sevilla,2005,2,2005-T2,174.6
Sevilla,2005,3,2005-T3,186.19
Sevilla,2005,4,2005-T4,195.92
Sevilla,2006,1,2006-T1,180.27
Sevilla,2006,2,2006-T2,197.07
Sevilla,2006,3,2006-T3,202.73
Sevilla,2006,4,2006-T4,228.78
Sevilla,2007,1,2007-T1,227.32
Sevilla,2007,2,2007-T2,229.44
Sevilla,2007,3,2007-T3,240.29
Sevilla,2007,4,2007-T4,255.41
Sevilla,2008,1,2008-T1,255.42
Sevilla,2008,2,2008-T2,246.8
Sevilla,2008,3,2008-T3,229.51
Sevilla,2008,4,2008-T4,212.97
Sevilla,2009,1,2009-T1,240.5
Sevilla,2009,2,2009-T2,240.9
Sevilla,2009,3,2009-T3,185.18
Sevilla,2009,4,2009-T4,211.49
Sevilla,2010,1,2010-T1,192.75
Sevilla,2010,2,2010-T2,208.81
Sevilla,2010,3,2010-T3,181.13
Sevilla,2010,4,2010-T4,239.54
Sevilla,2011,1,2011-T1,178.92
Sevilla,2011,2,2011-T2,196.17
Sevilla,2011,3,2011-T3,174.33
Sevilla,2011,4,2011-T4,207.44
Sevilla,2012,1,2012-T1,193.34
Sevilla,2012,2,2012-T2,121.28
Sevilla,2012,3,2012-T3,181.64
Sevilla,2012,4,2012-T4,131.69
Sevilla,2013,1,2013-T1,183.76
Sevilla,2013,2,2013-T2,149.85
Sevilla,2013,3,2013-T3,145.73
Sevilla,2013,4,2013-T4,122.67
Sevilla,2014,1,2014-T1,182.33
Sevilla,2014,2,2014-T2,162.86
Sevilla,2014,3,2014-T3,122.2
Sevilla,2014,4,2014-T4,164.59
Sevilla,2015,1,2015-T1,137.76
Sevilla,2015,2,2015-T2,134.58
Sevilla,2015,3,2015-T3,124.41
Sevilla,2015,4,2015-T4,126.01
Sevilla,2016,1,2016-T1,122.76
Sevilla,2016,2,2016-T2,136.43
Sevilla,2016,3,2016-T3,142.74
Sevilla,2016,4,2016-T4,165.9
Sevilla,2017,1,2017-T1,170.99
Sevilla,2017,2,2017-T2,114.98
Sevilla,2017,3,2017-T3,155.98
Sevilla,2017,4,2017-T4,154.21
Sevilla,2018,1,2018-T1,144.51
Sevilla,2018,2,2018-T2,172.06
Sevilla,2018,3,2018-T3,155.79
Sevilla,2018,4,2018-T4,153.9
Sevilla,2019,1,2019-T1,172.17
Sevilla,2019,2,2019-T2,156.84
Sevilla,2019,3,2019-T3,147.04
Sevilla,2019,4,2019-T4,145.95
Sevilla,2020,1,2020-T1,129.5
Sevilla,2020,2,2020-T2,148.13
Sevilla,2020,3,2020-T3,125.3
Sevilla,2020,4,2020-T4,120.88
Sevilla,2021,1,2021-T1,136.27
Sevilla,2021,2,2021-T2,149.72
Sevilla,2021,3,2021-T3,140.09
Sevilla,2021,4,2021-T4,152.75
Sevilla,2022,1,2022-T1,155.8
Sevilla,2022,2,2022-T2,123.83
Sevilla,2022,3,2022-T3,147.57
Sevilla,2022,4,2022-T4,134.06
Sevilla,2023,1,2023-T1,157.76
Sevilla,2023,2,2023-T2,137.45
Sevilla,2023,3,2023-T3,135.82
Sevilla,2023,4,2023-T4,156.08
Sevilla,2024,1,2024-T1,163.67
Sevilla,2024,2,2024-T2,129.83
Sevilla,2024,3,2024-T3,161.56
Sevilla,2024,4,2024-T4,165.05
Sevilla,2025,1,2025-T1,180.48
Sevilla,2025,2,2025-T2,140.93
Sevilla,2025,3,2025-T3,190.99
Sevilla,2025,4,2025-T4,168.82
Sevilla,2026,1,2026-T1,143.57
Soria,2004,1,2004-T1,78.74
Soria,2004,2,2004-T2,37.8
Soria,2004,3,2004-T3,79.54
Soria,2004,4,2004-T4,96.63
Soria,2005,1,2005-T1,89.33
Soria,2005,2,2005-T2,96.41
Soria,2005,3,2005-T3,73.06
Soria,2005,4,2005-T4,99.41
Soria,2006,1,2006-T1,96.53
Soria,2006,2,2006-T2,149.19
Soria,2006,3,2006-T3,149.66
Soria,2006,4,2006-T4,106.47
Soria,2007,1,2007-T1,101.33
Soria,2007,2,2007-T2,93.54
Soria,2007,3,2007-T3,96.61
Soria,2007,4,2007-T4,89.55
Soria,2008,1,2008-T1,79.57
Soria,2008,2,2008-T2,110.45
Soria,2008,4,2008-T4,72.0
Soria,2009,1,2009-T1,80.4
Soria,2009,2,2009-T2,118.1
Soria,2009,3,2009-T3,152.63
Soria,2009,4,2009-T4,112.28
Soria,2010,1,2010-T1,130.53
Soria,2010,2,2010-T2,68.52
Soria,2010,3,2010-T3,57.56
Soria,2010,4,2010-T4,50.72
Soria,2011,1,2011-T1,70.44
Soria,2011,2,2011-T2,61.36
Soria,2011,3,2011-T3,88.85
Soria,2011,4,2011-T4,54.49
Soria,2012,1,2012-T1,44.2
Soria,2012,2,2012-T2,135.25
Soria,2012,3,2012-T3,38.77
Soria,2012,4,2012-T4,36.44
Soria,2013,1,2013-T1,83.02
Soria,2013,2,2013-T2,60.21
Soria,2013,3,2013-T3,53.27
Soria,2013,4,2013-T4,70.84
Soria,2014,1,2014-T1,85.36
Soria,2014,2,2014-T2,83.94
Soria,2014,3,2014-T3,88.92
Soria,2014,4,2014-T4,48.15
Soria,2015,1,2015-T1,69.81
Soria,2015,2,2015-T2,47.09
Soria,2015,3,2015-T3,43.39
Soria,2015,4,2015-T4,45.31
Soria,2016,1,2016-T1,75.41
Soria,2016,2,2016-T2,61.2
Soria,2016,3,2016-T3,38.32
Soria,2016,4,2016-T4,53.31
Soria,2017,1,2017-T1,55.9
Soria,2017,2,2017-T2,71.5
Soria,2017,3,2017-T3,78.89
Soria,2017,4,2017-T4,53.34
Soria,2018,1,2018-T1,58.67
Soria,2018,2,2018-T2,63.23
Soria,2018,3,2018-T3,50.38
Soria,2018,4,2018-T4,58.29
Soria,2019,1,2019-T1,53.47
Soria,2019,2,2019-T2,53.97
Soria,2019,3,2019-T3,46.08
Soria,2019,4,2019-T4,40.27
Soria,2020,1,2020-T1,72.68
Soria,2020,3,2020-T3,55.01
Soria,2020,4,2020-T4,80.9
Soria,2021,1,2021-T1,51.38
Soria,2021,2,2021-T2,56.38
Soria,2021,3,2021-T3,95.44
Soria,2021,4,2021-T4,81.56
Soria,2022,1,2022-T1,90.42
Soria,2022,2,2022-T2,67.54
Soria,2022,3,2022-T3,65.18
Soria,2022,4,2022-T4,90.26
Soria,2023,1,2023-T1,50.79
Soria,2023,2,2023-T2,46.36
Soria,2023,3,2023-T3,84.68
Soria,2023,4,2023-T4,77.11
Soria,2024,1,2024-T1,132.83
Soria,2024,2,2024-T2,100.6
Soria,2024,3,2024-T3,83.34
Soria,2024,4,2024-T4,73.46
Soria,2025,1,2025-T1,77.92
Soria,2025,2,2025-T2,75.38
Soria,2025,3,2025-T3,161.04
Soria,2025,4,2025-T4,94.76
Soria,2026,1,2026-T1,73.46
Tarragona,2004,1,2004-T1,139.31
Tarragona,2004,2,2004-T2,143.06
Tarragona,2004,3,2004-T3,166.47
Tarragona,2004,4,2004-T4,187.76
Tarragona,2005,1,2005-T1,203.24
Tarragona,2005,2,2005-T2,210.28
Tarragona,2005,3,2005-T3,217.09
Tarragona,2005,4,2005-T4,208.04
Tarragona,2006,1,2006-T1,184.03
Tarragona,2006,2,2006-T2,191.27
Tarragona,2006,3,2006-T3,213.26
Tarragona,2006,4,2006-T4,211.77
Tarragona,2007,1,2007-T1,206.85
Tarragona,2007,2,2007-T2,210.49
Tarragona,2007,3,2007-T3,199.95
Tarragona,2007,4,2007-T4,210.89
Tarragona,2008,1,2008-T1,222.36
Tarragona,2008,2,2008-T2,179.93
Tarragona,2008,3,2008-T3,211.22
Tarragona,2008,4,2008-T4,190.35
Tarragona,2009,1,2009-T1,208.1
Tarragona,2009,2,2009-T2,193.5
Tarragona,2009,3,2009-T3,154.27
Tarragona,2009,4,2009-T4,194.98
Tarragona,2010,1,2010-T1,242.9
Tarragona,2010,2,2010-T2,218.24
Tarragona,2010,3,2010-T3,153.96
Tarragona,2010,4,2010-T4,171.91
Tarragona,2011,1,2011-T1,215.71
Tarragona,2011,2,2011-T2,231.42
Tarragona,2011,3,2011-T3,138.2
Tarragona,2011,4,2011-T4,218.72
Tarragona,2012,1,2012-T1,117.55
Tarragona,2012,2,2012-T2,194.77
Tarragona,2012,3,2012-T3,160.91
Tarragona,2012,4,2012-T4,132.06
Tarragona,2013,1,2013-T1,94.45
Tarragona,2013,2,2013-T2,125.0
Tarragona,2013,3,2013-T3,149.51
Tarragona,2013,4,2013-T4,140.85
Tarragona,2014,1,2014-T1,127.28
Tarragona,2014,2,2014-T2,110.64
Tarragona,2014,3,2014-T3,155.1
Tarragona,2014,4,2014-T4,118.74
Tarragona,2015,1,2015-T1,110.16
Tarragona,2015,2,2015-T2,107.76
Tarragona,2015,3,2015-T3,99.43
Tarragona,2015,4,2015-T4,125.57
Tarragona,2016,1,2016-T1,112.32
Tarragona,2016,2,2016-T2,93.78
Tarragona,2016,3,2016-T3,96.77
Tarragona,2016,4,2016-T4,106.86
Tarragona,2017,1,2017-T1,122.81
Tarragona,2017,2,2017-T2,105.45
Tarragona,2017,3,2017-T3,103.8
Tarragona,2017,4,2017-T4,97.99
Tarragona,2018,1,2018-T1,102.22
Tarragona,2018,2,2018-T2,116.58
Tarragona,2018,3,2018-T3,113.13
Tarragona,2018,4,2018-T4,111.0
Tarragona,2019,1,2019-T1,98.48
Tarragona,2019,2,2019-T2,102.54
Tarragona,2019,3,2019-T3,106.53
Tarragona,2019,4,2019-T4,120.45
Tarragona,2020,1,2020-T1,128.7
Tarragona,2020,2,2020-T2,89.79
Tarragona,2020,3,2020-T3,117.06
Tarragona,2020,4,2020-T4,115.07
Tarragona,2021,1,2021-T1,97.93
Tarragona,2021,2,2021-T2,120.78
Tarragona,2021,3,2021-T3,108.71
Tarragona,2021,4,2021-T4,106.62
Tarragona,2022,1,2022-T1,109.65
Tarragona,2022,2,2022-T2,107.8
Tarragona,2022,3,2022-T3,94.22
Tarragona,2022,4,2022-T4,99.69
Tarragona,2023,1,2023-T1,83.39
Tarragona,2023,2,2023-T2,98.12
Tarragona,2023,3,2023-T3,122.27
Tarragona,2023,4,2023-T4,140.11
Tarragona,2024,1,2024-T1,130.26
Tarragona,2024,2,2024-T2,113.21
Tarragona,2024,3,2024-T3,140.17
Tarragona,2024,4,2024-T4,162.03
Tarragona,2025,1,2025-T1,142.0
Tarragona,2025,2,2025-T2,114.45
Tarragona,2025,3,2025-T3,133.6
Tarragona,2025,4,2025-T4,124.44
Tarragona,2026,1,2026-T1,139.08
Teruel,2004,1,2004-T1,50.62
Teruel,2004,2,2004-T2,58.61
Teruel,2004,3,2004-T3,55.68
Teruel,2004,4,2004-T4,71.78
Teruel,2005,1,2005-T1,85.25
Teruel,2005,2,2005-T2,78.64
Teruel,2005,3,2005-T3,75.11
Teruel,2005,4,2005-T4,84.78
Teruel,2006,1,2006-T1,94.1
Teruel,2006,2,2006-T2,108.2
Teruel,2006,3,2006-T3,102.35
Teruel,2006,4,2006-T4,93.54
Teruel,2007,1,2007-T1,115.29
Teruel,2007,2,2007-T2,101.27
Teruel,2007,3,2007-T3,94.53
Teruel,2007,4,2007-T4,95.36
Teruel,2008,1,2008-T1,95.37
Teruel,2008,2,2008-T2,92.53
Teruel,2008,3,2008-T3,100.68
Teruel,2008,4,2008-T4,88.32
Teruel,2009,1,2009-T1,79.7
Teruel,2009,2,2009-T2,98.4
Teruel,2009,3,2009-T3,81.74
Teruel,2009,4,2009-T4,114.24
Teruel,2010,1,2010-T1,107.91
Teruel,2010,2,2010-T2,85.34
Teruel,2010,3,2010-T3,68.18
Teruel,2010,4,2010-T4,72.65
Teruel,2011,1,2011-T1,102.27
Teruel,2011,2,2011-T2,106.95
Teruel,2011,3,2011-T3,90.22
Teruel,2011,4,2011-T4,75.06
Teruel,2012,1,2012-T1,76.58
Teruel,2012,2,2012-T2,33.85
Teruel,2012,3,2012-T3,47.48
Teruel,2012,4,2012-T4,71.91
Teruel,2013,1,2013-T1,73.97
Teruel,2013,2,2013-T2,64.31
Teruel,2013,3,2013-T3,64.98
Teruel,2013,4,2013-T4,78.68
Teruel,2014,1,2014-T1,40.44
Teruel,2014,2,2014-T2,79.86
Teruel,2014,3,2014-T3,51.32
Teruel,2014,4,2014-T4,46.33
Teruel,2015,2,2015-T2,67.11
Teruel,2015,3,2015-T3,86.58
Teruel,2015,4,2015-T4,51.7
Teruel,2016,1,2016-T1,68.53
Teruel,2016,2,2016-T2,51.24
Teruel,2016,4,2016-T4,100.59
Teruel,2017,1,2017-T1,83.88
Teruel,2017,2,2017-T2,64.55
Teruel,2017,3,2017-T3,76.44
Teruel,2017,4,2017-T4,63.01
Teruel,2018,1,2018-T1,96.21
Teruel,2018,2,2018-T2,98.55
Teruel,2018,3,2018-T3,50.29
Teruel,2018,4,2018-T4,94.32
Teruel,2019,1,2019-T1,61.28
Teruel,2019,2,2019-T2,52.14
Teruel,2019,3,2019-T3,46.25
Teruel,2019,4,2019-T4,96.1
Teruel,2020,1,2020-T1,89.51
Teruel,2020,2,2020-T2,100.44
Teruel,2020,3,2020-T3,44.84
Teruel,2020,4,2020-T4,95.75
Teruel,2021,1,2021-T1,54.34
Teruel,2021,2,2021-T2,82.14
Teruel,2021,3,2021-T3,53.92
Teruel,2021,4,2021-T4,63.49
Teruel,2022,1,2022-T1,46.24
Teruel,2022,2,2022-T2,74.53
Teruel,2022,3,2022-T3,79.15
Teruel,2022,4,2022-T4,76.54
Teruel,2023,1,2023-T1,58.19
Teruel,2023,2,2023-T2,42.06
Teruel,2023,3,2023-T3,66.5
Teruel,2023,4,2023-T4,70.56
Teruel,2024,1,2024-T1,81.52
Teruel,2024,2,2024-T2,95.33
Teruel,2024,3,2024-T3,87.67
Teruel,2024,4,2024-T4,66.78
Teruel,2025,1,2025-T1,99.19
Teruel,2025,2,2025-T2,82.02
Teruel,2025,3,2025-T3,113.73
Teruel,2025,4,2025-T4,87.17
Teruel,2026,1,2026-T1,112.41
Toledo,2004,1,2004-T1,102.62
Toledo,2004,2,2004-T2,102.58
Toledo,2004,3,2004-T3,144.26
Toledo,2004,4,2004-T4,158.63
Toledo,2005,1,2005-T1,145.43
Toledo,2005,2,2005-T2,166.22
Toledo,2005,3,2005-T3,175.65
Toledo,2005,4,2005-T4,177.15
Toledo,2006,1,2006-T1,159.57
Toledo,2006,2,2006-T2,161.98
Toledo,2006,3,2006-T3,170.47
Toledo,2006,4,2006-T4,234.27
Toledo,2007,1,2007-T1,199.56
Toledo,2007,2,2007-T2,208.47
Toledo,2007,3,2007-T3,202.79
Toledo,2007,4,2007-T4,256.33
Toledo,2008,1,2008-T1,190.22
Toledo,2008,2,2008-T2,223.72
Toledo,2008,3,2008-T3,196.03
Toledo,2008,4,2008-T4,194.41
Toledo,2009,1,2009-T1,175.3
Toledo,2009,2,2009-T2,197.8
Toledo,2009,3,2009-T3,135.41
Toledo,2009,4,2009-T4,242.42
Toledo,2010,1,2010-T1,204.82
Toledo,2010,2,2010-T2,217.92
Toledo,2010,3,2010-T3,161.04
Toledo,2010,4,2010-T4,214.51
Toledo,2011,1,2011-T1,276.92
Toledo,2011,2,2011-T2,172.28
Toledo,2011,3,2011-T3,161.74
Toledo,2011,4,2011-T4,138.8
Toledo,2012,1,2012-T1,111.39
Toledo,2012,2,2012-T2,125.1
Toledo,2012,3,2012-T3,96.39
Toledo,2012,4,2012-T4,106.44
Toledo,2013,1,2013-T1,127.61
Toledo,2013,2,2013-T2,147.21
Toledo,2013,3,2013-T3,98.67
Toledo,2013,4,2013-T4,119.18
Toledo,2014,1,2014-T1,57.69
Toledo,2014,2,2014-T2,77.64
Toledo,2014,3,2014-T3,82.01
Toledo,2014,4,2014-T4,91.5
Toledo,2015,1,2015-T1,101.58
Toledo,2015,2,2015-T2,105.62
Toledo,2015,3,2015-T3,89.69
Toledo,2015,4,2015-T4,94.58
Toledo,2016,1,2016-T1,100.82
Toledo,2016,2,2016-T2,95.86
Toledo,2016,3,2016-T3,88.4
Toledo,2016,4,2016-T4,92.52
Toledo,2017,1,2017-T1,91.78
Toledo,2017,2,2017-T2,91.53
Toledo,2017,3,2017-T3,103.45
Toledo,2017,4,2017-T4,92.87
Toledo,2018,1,2018-T1,91.82
Toledo,2018,2,2018-T2,82.38
Toledo,2018,3,2018-T3,77.32
Toledo,2018,4,2018-T4,64.84
Toledo,2019,1,2019-T1,82.16
Toledo,2019,2,2019-T2,105.33
Toledo,2019,3,2019-T3,75.78
Toledo,2019,4,2019-T4,97.06
Toledo,2020,1,2020-T1,87.22
Toledo,2020,2,2020-T2,83.28
Toledo,2020,3,2020-T3,77.07
Toledo,2020,4,2020-T4,88.9
Toledo,2021,1,2021-T1,61.64
Toledo,2021,2,2021-T2,116.91
Toledo,2021,3,2021-T3,79.5
Toledo,2021,4,2021-T4,78.88
Toledo,2022,1,2022-T1,85.28
Toledo,2022,2,2022-T2,99.35
Toledo,2022,3,2022-T3,102.2
Toledo,2022,4,2022-T4,102.32
Toledo,2023,1,2023-T1,68.07
Toledo,2023,2,2023-T2,79.66
Toledo,2023,3,2023-T3,102.15
Toledo,2023,4,2023-T4,94.92
Toledo,2024,1,2024-T1,113.61
Toledo,2024,2,2024-T2,104.3
Toledo,2024,3,2024-T3,100.04
Toledo,2024,4,2024-T4,102.54
Toledo,2025,1,2025-T1,117.9
Toledo,2025,2,2025-T2,118.52
Toledo,2025,3,2025-T3,118.52
Toledo,2025,4,2025-T4,116.19
Toledo,2026,1,2026-T1,161.74
Valencia/València,2004,1,2004-T1,245.9
Valencia/València,2004,2,2004-T2,258.26
Valencia/València,2004,3,2004-T3,272.49
Valencia/València,2004,4,2004-T4,268.57
Valencia/València,2005,1,2005-T1,308.53
Valencia/València,2005,2,2005-T2,308.38
Valencia/València,2005,3,2005-T3,312.56
Valencia/València,2005,4,2005-T4,358.36
Valencia/València,2006,1,2006-T1,307.6
Valencia/València,2006,2,2006-T2,374.7
Valencia/València,2006,3,2006-T3,366.23
Valencia/València,2006,4,2006-T4,382.1
Valencia/València,2007,1,2007-T1,391.17
Valencia/València,2007,2,2007-T2,372.05
Valencia/València,2007,3,2007-T3,350.07
Valencia/València,2007,4,2007-T4,378.91
Valencia/València,2008,1,2008-T1,356.96
Valencia/València,2008,2,2008-T2,371.98
Valencia/València,2008,3,2008-T3,308.04
Valencia/València,2008,4,2008-T4,374.63
Valencia/València,2009,1,2009-T1,354.8
Valencia/València,2009,2,2009-T2,346.4
Valencia/València,2009,3,2009-T3,332.66
Valencia/València,2009,4,2009-T4,285.19
Valencia/València,2010,1,2010-T1,229.75
Valencia/València,2010,2,2010-T2,221.55
Valencia/València,2010,3,2010-T3,235.59
Valencia/València,2010,4,2010-T4,235.66
Valencia/València,2011,1,2011-T1,276.2
Valencia/València,2011,2,2011-T2,205.96
Valencia/València,2011,3,2011-T3,222.37
Valencia/València,2011,4,2011-T4,244.13
Valencia/València,2012,1,2012-T1,197.97
Valencia/València,2012,2,2012-T2,226.42
Valencia/València,2012,3,2012-T3,193.8
Valencia/València,2012,4,2012-T4,192.82
Valencia/València,2013,1,2013-T1,192.96
Valencia/València,2013,2,2013-T2,195.29
Valencia/València,2013,3,2013-T3,214.2
Valencia/València,2013,4,2013-T4,150.46
Valencia/València,2014,1,2014-T1,171.07
Valencia/València,2014,2,2014-T2,197.03
Valencia/València,2014,3,2014-T3,187.48
Valencia/València,2014,4,2014-T4,161.58
Valencia/València,2015,1,2015-T1,169.89
Valencia/València,2015,2,2015-T2,174.95
Valencia/València,2015,3,2015-T3,169.86
Valencia/València,2015,4,2015-T4,173.56
Valencia/València,2016,1,2016-T1,159.01
Valencia/València,2016,2,2016-T2,149.22
Valencia/València,2016,3,2016-T3,159.03
Valencia/València,2016,4,2016-T4,153.62
Valencia/València,2017,1,2017-T1,167.32
Valencia/València,2017,2,2017-T2,145.44
Valencia/València,2017,3,2017-T3,168.97
Valencia/València,2017,4,2017-T4,233.81
Valencia/València,2018,1,2018-T1,163.29
Valencia/València,2018,2,2018-T2,174.32
Valencia/València,2018,3,2018-T3,170.1
Valencia/València,2018,4,2018-T4,157.61
Valencia/València,2019,1,2019-T1,190.16
Valencia/València,2019,2,2019-T2,198.32
Valencia/València,2019,3,2019-T3,161.65
Valencia/València,2019,4,2019-T4,192.79
Valencia/València,2020,1,2020-T1,155.93
Valencia/València,2020,2,2020-T2,149.91
Valencia/València,2020,3,2020-T3,166.56
Valencia/València,2020,4,2020-T4,164.84
Valencia/València,2021,1,2021-T1,142.91
Valencia/València,2021,2,2021-T2,159.25
Valencia/València,2021,3,2021-T3,176.33
Valencia/València,2021,4,2021-T4,176.36
Valencia/València,2022,1,2022-T1,168.29
Valencia/València,2022,2,2022-T2,179.11
Valencia/València,2022,3,2022-T3,177.84
Valencia/València,2022,4,2022-T4,180.27
Valencia/València,2023,1,2023-T1,190.35
Valencia/València,2023,2,2023-T2,177.44
Valencia/València,2023,3,2023-T3,182.09
Valencia/València,2023,4,2023-T4,191.26
Valencia/València,2024,1,2024-T1,213.12
Valencia/València,2024,2,2024-T2,210.25
Valencia/València,2024,3,2024-T3,205.92
Valencia/València,2024,4,2024-T4,253.34
Valencia/València,2025,1,2025-T1,216.37
Valencia/València,2025,2,2025-T2,215.06
Valencia/València,2025,3,2025-T3,200.95
Valencia/València,2025,4,2025-T4,218.14
Valencia/València,2026,1,2026-T1,274.02
Valladolid,2004,1,2004-T1,131.37
Valladolid,2004,2,2004-T2,130.71
Valladolid,2004,3,2004-T3,97.78
Valladolid,2004,4,2004-T4,135.21
Valladolid,2005,1,2005-T1,151.47
Valladolid,2005,2,2005-T2,141.66
Valladolid,2005,3,2005-T3,130.36
Valladolid,2005,4,2005-T4,121.7
Valladolid,2006,1,2006-T1,138.61
Valladolid,2006,2,2006-T2,207.18
Valladolid,2006,3,2006-T3,116.48
Valladolid,2006,4,2006-T4,148.67
Valladolid,2007,1,2007-T1,125.6
Valladolid,2007,2,2007-T2,114.49
Valladolid,2007,3,2007-T3,166.31
Valladolid,2007,4,2007-T4,180.22
Valladolid,2008,1,2008-T1,182.55
Valladolid,2008,2,2008-T2,152.97
Valladolid,2008,3,2008-T3,183.85
Valladolid,2008,4,2008-T4,202.72
Valladolid,2009,1,2009-T1,198.1
Valladolid,2009,2,2009-T2,144.5
Valladolid,2009,3,2009-T3,127.04
Valladolid,2009,4,2009-T4,233.76
Valladolid,2010,1,2010-T1,90.65
Valladolid,2010,2,2010-T2,146.21
Valladolid,2010,3,2010-T3,98.73
Valladolid,2010,4,2010-T4,215.44
Valladolid,2011,1,2011-T1,144.25
Valladolid,2011,2,2011-T2,123.61
Valladolid,2011,3,2011-T3,134.94
Valladolid,2011,4,2011-T4,108.69
Valladolid,2012,1,2012-T1,129.23
Valladolid,2012,2,2012-T2,171.82
Valladolid,2012,3,2012-T3,98.0
Valladolid,2012,4,2012-T4,86.86
Valladolid,2013,1,2013-T1,191.4
Valladolid,2013,2,2013-T2,64.45
Valladolid,2013,3,2013-T3,70.56
Valladolid,2013,4,2013-T4,87.38
Valladolid,2014,1,2014-T1,90.51
Valladolid,2014,2,2014-T2,119.39
Valladolid,2014,3,2014-T3,65.51
Valladolid,2014,4,2014-T4,110.54
Valladolid,2015,1,2015-T1,127.63
Valladolid,2015,2,2015-T2,89.09
Valladolid,2015,3,2015-T3,89.32
Valladolid,2015,4,2015-T4,86.85
Valladolid,2016,1,2016-T1,80.03
Valladolid,2016,2,2016-T2,96.23
Valladolid,2016,3,2016-T3,85.45
Valladolid,2016,4,2016-T4,86.58
Valladolid,2017,1,2017-T1,115.63
Valladolid,2017,2,2017-T2,123.99
Valladolid,2017,3,2017-T3,99.83
Valladolid,2017,4,2017-T4,96.0
Valladolid,2018,1,2018-T1,127.35
Valladolid,2018,2,2018-T2,126.08
Valladolid,2018,3,2018-T3,85.31
Valladolid,2018,4,2018-T4,90.21
Valladolid,2019,1,2019-T1,119.93
Valladolid,2019,2,2019-T2,102.76
Valladolid,2019,3,2019-T3,95.65
Valladolid,2019,4,2019-T4,97.72
Valladolid,2020,1,2020-T1,82.08
Valladolid,2020,2,2020-T2,105.31
Valladolid,2020,3,2020-T3,69.95
Valladolid,2020,4,2020-T4,67.89
Valladolid,2021,1,2021-T1,74.91
Valladolid,2021,2,2021-T2,97.1
Valladolid,2021,3,2021-T3,76.71
Valladolid,2021,4,2021-T4,72.09
Valladolid,2022,1,2022-T1,91.18
Valladolid,2022,2,2022-T2,102.21
Valladolid,2022,3,2022-T3,100.14
Valladolid,2022,4,2022-T4,143.12
Valladolid,2023,1,2023-T1,105.0
Valladolid,2023,2,2023-T2,90.29
Valladolid,2023,3,2023-T3,104.02
Valladolid,2023,4,2023-T4,111.41
Valladolid,2024,1,2024-T1,143.87
Valladolid,2024,2,2024-T2,115.9
Valladolid,2024,3,2024-T3,71.25
Valladolid,2024,4,2024-T4,137.1
Valladolid,2025,1,2025-T1,43.83
Valladolid,2025,2,2025-T2,132.87
Valladolid,2025,3,2025-T3,133.94
Valladolid,2025,4,2025-T4,131.32
Valladolid,2026,1,2026-T1,110.65
Vizcaya,2004,1,2004-T1,261.96
Vizcaya,2004,2,2004-T2,298.62
Vizcaya,2004,3,2004-T3,307.7
Vizcaya,2004,4,2004-T4,324.14
Vizcaya,2005,1,2005-T1,327.97
Vizcaya,2005,2,2005-T2,332.03
Vizcaya,2005,3,2005-T3,316.8
Vizcaya,2005,4,2005-T4,317.42
Vizcaya,2006,1,2006-T1,363.91
Vizcaya,2006,2,2006-T2,304.5
Vizcaya,2006,3,2006-T3,287.34
Vizcaya,2006,4,2006-T4,290.27
Vizcaya,2007,1,2007-T1,313.13
Vizcaya,2007,2,2007-T2,324.47
Vizcaya,2007,3,2007-T3,321.78
Vizcaya,2007,4,2007-T4,324.9
Vizcaya,2008,1,2008-T1,329.04
Vizcaya,2008,2,2008-T2,347.6
Vizcaya,2008,3,2008-T3,323.23
Vizcaya,2008,4,2008-T4,312.56
Vizcaya,2009,1,2009-T1,313.8
Vizcaya,2009,2,2009-T2,326.3
Vizcaya,2009,3,2009-T3,319.66
Vizcaya,2009,4,2009-T4,394.99
Vizcaya,2010,1,2010-T1,307.42
Vizcaya,2010,2,2010-T2,333.46
Vizcaya,2010,3,2010-T3,326.07
Vizcaya,2010,4,2010-T4,412.58
Vizcaya,2011,1,2011-T1,248.65
Vizcaya,2011,2,2011-T2,445.53
Vizcaya,2011,3,2011-T3,270.91
Vizcaya,2011,4,2011-T4,281.71
Vizcaya,2012,1,2012-T1,264.92
Vizcaya,2012,2,2012-T2,358.92
Vizcaya,2012,3,2012-T3,385.3
Vizcaya,2012,4,2012-T4,490.69
Vizcaya,2013,1,2013-T1,309.54
Vizcaya,2013,2,2013-T2,206.04
Vizcaya,2013,3,2013-T3,315.94
Vizcaya,2013,4,2013-T4,198.69
Vizcaya,2014,1,2014-T1,178.88
Vizcaya,2014,2,2014-T2,262.48
Vizcaya,2014,3,2014-T3,127.54
Vizcaya,2014,4,2014-T4,218.66
Vizcaya,2015,1,2015-T1,320.05
Vizcaya,2015,2,2015-T2,185.12
Vizcaya,2015,3,2015-T3,228.71
Vizcaya,2015,4,2015-T4,207.28
Vizcaya,2016,1,2016-T1,188.22
Vizcaya,2016,2,2016-T2,207.21
Vizcaya,2016,3,2016-T3,192.44
Vizcaya,2016,4,2016-T4,137.56
Vizcaya,2017,1,2017-T1,165.83
Vizcaya,2017,2,2017-T2,188.65
Vizcaya,2017,3,2017-T3,233.81
Vizcaya,2017,4,2017-T4,168.81
Vizcaya,2018,1,2018-T1,207.33
Vizcaya,2018,2,2018-T2,175.62
Vizcaya,2018,3,2018-T3,182.19
Vizcaya,2018,4,2018-T4,235.57
Vizcaya,2019,1,2019-T1,208.82
Vizcaya,2019,2,2019-T2,286.01
Vizcaya,2019,3,2019-T3,241.51
Vizcaya,2019,4,2019-T4,242.95
Vizcaya,2020,1,2020-T1,262.05
Vizcaya,2020,2,2020-T2,249.28
Vizcaya,2020,3,2020-T3,298.93
Vizcaya,2020,4,2020-T4,196.81
Vizcaya,2021,1,2021-T1,183.61
Vizcaya,2021,2,2021-T2,194.52
Vizcaya,2021,3,2021-T3,277.76
Vizcaya,2021,4,2021-T4,264.63
Vizcaya,2022,1,2022-T1,231.08
Vizcaya,2022,2,2022-T2,253.19
Vizcaya,2022,3,2022-T3,211.93
Vizcaya,2022,4,2022-T4,222.12
Vizcaya,2023,1,2023-T1,313.78
Vizcaya,2023,2,2023-T2,272.53
Vizcaya,2023,3,2023-T3,259.18
Vizcaya,2023,4,2023-T4,196.19
Vizcaya,2024,1,2024-T1,302.19
Vizcaya,2024,2,2024-T2,221.22
Vizcaya,2024,3,2024-T3,205.11
Vizcaya,2024,4,2024-T4,276.86
Vizcaya,2025,1,2025-T1,309.43
Vizcaya,2025,2,2025-T2,283.4
Vizcaya,2025,3,2025-T3,261.85
Vizcaya,2025,4,2025-T4,328.16
Vizcaya,2026,1,2026-T1,235.51
Zamora,2004,1,2004-T1,59.82
Zamora,2004,2,2004-T2,58.75
Zamora,2004,3,2004-T3,61.78
Zamora,2004,4,2004-T4,65.22
Zamora,2005,1,2005-T1,77.61
Zamora,2005,2,2005-T2,71.59
Zamora,2005,3,2005-T3,80.71
Zamora,2005,4,2005-T4,72.34
Zamora,2006,1,2006-T1,78.66
Zamora,2006,2,2006-T2,84.03
Zamora,2006,3,2006-T3,84.1
Zamora,2006,4,2006-T4,108.53
Zamora,2007,1,2007-T1,111.33
Zamora,2007,2,2007-T2,166.3
Zamora,2007,3,2007-T3,92.1
Zamora,2007,4,2007-T4,97.55
Zamora,2008,1,2008-T1,97.5
Zamora,2008,2,2008-T2,97.68
Zamora,2008,4,2008-T4,105.57
Zamora,2009,1,2009-T1,95.1
Zamora,2009,2,2009-T2,91.3
Zamora,2009,3,2009-T3,84.68
Zamora,2009,4,2009-T4,61.64
Zamora,2010,1,2010-T1,108.45
Zamora,2010,2,2010-T2,89.95
Zamora,2010,3,2010-T3,49.79
Zamora,2010,4,2010-T4,63.97
Zamora,2011,1,2011-T1,91.63
Zamora,2011,2,2011-T2,78.41
Zamora,2011,3,2011-T3,57.35
Zamora,2011,4,2011-T4,39.99
Zamora,2012,1,2012-T1,34.39
Zamora,2012,2,2012-T2,54.64
Zamora,2012,3,2012-T3,35.39
Zamora,2012,4,2012-T4,67.72
Zamora,2013,1,2013-T1,43.44
Zamora,2013,2,2013-T2,65.81
Zamora,2013,3,2013-T3,49.72
Zamora,2013,4,2013-T4,60.22
Zamora,2014,1,2014-T1,28.15
Zamora,2014,2,2014-T2,81.15
Zamora,2014,3,2014-T3,40.02
Zamora,2014,4,2014-T4,51.05
Zamora,2015,1,2015-T1,38.8
Zamora,2015,2,2015-T2,43.87
Zamora,2015,3,2015-T3,62.31
Zamora,2015,4,2015-T4,22.8
Zamora,2016,1,2016-T1,47.51
Zamora,2016,2,2016-T2,50.35
Zamora,2016,3,2016-T3,32.22
Zamora,2016,4,2016-T4,27.3
Zamora,2017,1,2017-T1,51.06
Zamora,2017,2,2017-T2,32.34
Zamora,2017,3,2017-T3,66.94
Zamora,2017,4,2017-T4,37.04
Zamora,2018,1,2018-T1,51.52
Zamora,2018,2,2018-T2,43.41
Zamora,2018,3,2018-T3,51.63
Zamora,2018,4,2018-T4,47.13
Zamora,2019,1,2019-T1,41.97
Zamora,2019,2,2019-T2,61.1
Zamora,2019,3,2019-T3,49.92
Zamora,2019,4,2019-T4,77.15
Zamora,2020,1,2020-T1,57.45
Zamora,2020,2,2020-T2,79.98
Zamora,2020,3,2020-T3,38.33
Zamora,2020,4,2020-T4,52.02
Zamora,2021,1,2021-T1,40.47
Zamora,2021,2,2021-T2,64.95
Zamora,2021,3,2021-T3,43.53
Zamora,2021,4,2021-T4,53.91
Zamora,2022,1,2022-T1,50.89
Zamora,2022,2,2022-T2,40.06
Zamora,2022,3,2022-T3,63.56
Zamora,2022,4,2022-T4,49.06
Zamora,2023,1,2023-T1,78.27
Zamora,2023,2,2023-T2,61.03
Zamora,2023,3,2023-T3,27.35
Zamora,2023,4,2023-T4,112.4
Zamora,2024,1,2024-T1,77.92
Zamora,2024,2,2024-T2,107.35
Zamora,2024,3,2024-T3,67.41
Zamora,2024,4,2024-T4,48.38
Zamora,2025,1,2025-T1,74.64
Zamora,2025,2,2025-T2,86.07
Zamora,2025,3,2025-T3,96.57
Zamora,2025,4,2025-T4,46.32
Zamora,2026,1,2026-T1,74.31
Zaragoza,2004,1,2004-T1,286.98
Zaragoza,2004,2,2004-T2,252.46
Zaragoza,2004,3,2004-T3,218.13
Zaragoza,2004,4,2004-T4,293.26
Zaragoza,2005,1,2005-T1,277.56
Zaragoza,2005,2,2005-T2,278.03
Zaragoza,2005,3,2005-T3,283.12
Zaragoza,2005,4,2005-T4,296.14
Zaragoza,2006,1,2006-T1,268.7
Zaragoza,2006,2,2006-T2,295.54
Zaragoza,2006,3,2006-T3,303.78
Zaragoza,2006,4,2006-T4,293.36
Zaragoza,2007,1,2007-T1,265.45
Zaragoza,2007,2,2007-T2,301.13
Zaragoza,2007,3,2007-T3,276.57
Zaragoza,2007,4,2007-T4,258.64
Zaragoza,2008,1,2008-T1,276.71
Zaragoza,2008,2,2008-T2,231.38
Zaragoza,2008,3,2008-T3,270.42
Zaragoza,2008,4,2008-T4,265.5
Zaragoza,2009,1,2009-T1,239.8
Zaragoza,2009,2,2009-T2,222.8
Zaragoza,2009,3,2009-T3,269.04
Zaragoza,2009,4,2009-T4,142.39
Zaragoza,2010,1,2010-T1,138.03
Zaragoza,2010,2,2010-T2,203.6
Zaragoza,2010,3,2010-T3,194.18
Zaragoza,2010,4,2010-T4,179.88
Zaragoza,2011,1,2011-T1,194.99
Zaragoza,2011,2,2011-T2,228.44
Zaragoza,2011,3,2011-T3,177.41
Zaragoza,2011,4,2011-T4,165.25
Zaragoza,2012,1,2012-T1,282.94
Zaragoza,2012,2,2012-T2,141.09
Zaragoza,2012,3,2012-T3,238.51
Zaragoza,2012,4,2012-T4,227.11
Zaragoza,2013,1,2013-T1,208.56
Zaragoza,2013,2,2013-T2,213.68
Zaragoza,2013,3,2013-T3,88.47
Zaragoza,2013,4,2013-T4,127.19
Zaragoza,2014,1,2014-T1,93.1
Zaragoza,2014,2,2014-T2,132.51
Zaragoza,2014,3,2014-T3,111.6
Zaragoza,2014,4,2014-T4,80.23
Zaragoza,2015,1,2015-T1,105.64
Zaragoza,2015,2,2015-T2,113.42
Zaragoza,2015,3,2015-T3,140.44
Zaragoza,2015,4,2015-T4,128.55
Zaragoza,2016,1,2016-T1,119.81
Zaragoza,2016,2,2016-T2,124.5
Zaragoza,2016,3,2016-T3,154.17
Zaragoza,2016,4,2016-T4,146.88
Zaragoza,2017,1,2017-T1,112.74
Zaragoza,2017,2,2017-T2,119.93
Zaragoza,2017,3,2017-T3,136.82
Zaragoza,2017,4,2017-T4,119.51
Zaragoza,2018,1,2018-T1,144.57
Zaragoza,2018,2,2018-T2,186.21
Zaragoza,2018,3,2018-T3,94.99
Zaragoza,2018,4,2018-T4,125.66
Zaragoza,2019,1,2019-T1,133.4
Zaragoza,2019,2,2019-T2,102.3
Zaragoza,2019,3,2019-T3,167.95
Zaragoza,2019,4,2019-T4,147.58
Zaragoza,2020,1,2020-T1,126.71
Zaragoza,2020,2,2020-T2,85.48
Zaragoza,2020,3,2020-T3,148.33
Zaragoza,2020,4,2020-T4,105.51
Zaragoza,2021,1,2021-T1,71.36
Zaragoza,2021,2,2021-T2,142.84
Zaragoza,2021,3,2021-T3,104.6
Zaragoza,2021,4,2021-T4,105.19
Zaragoza,2022,1,2022-T1,112.13
Zaragoza,2022,2,2022-T2,145.61
Zaragoza,2022,3,2022-T3,151.54
Zaragoza,2022,4,2022-T4,103.35
Zaragoza,2023,1,2023-T1,125.25
Zaragoza,2023,2,2023-T2,104.8
Zaragoza,2023,3,2023-T3,88.33
Zaragoza,2023,4,2023-T4,182.84
Zaragoza,2024,1,2024-T1,109.75
Zaragoza,2024,2,2024-T2,141.54
Zaragoza,2024,3,2024-T3,108.39
Zaragoza,2024,4,2024-T4,23.79
Zaragoza,2025,1,2025-T1,116.56
Zaragoza,2025,2,2025-T2,141.91
Zaragoza,2025,3,2025-T3,135.21
Zaragoza,2025,4,2025-T4,114.36
Zaragoza,2026,1,2026-T1,145.63
Álava,2004,1,2004-T1,345.28
Álava,2004,2,2004-T2,363.97
Álava,2004,3,2004-T3,357.93
Álava,2004,4,2004-T4,420.16
Álava,2005,1,2005-T1,314.88
Álava,2005,2,2005-T2,401.54
Álava,2005,3,2005-T3,444.71
Álava,2005,4,2005-T4,440.72
Álava,2006,1,2006-T1,423.72
Álava,2006,2,2006-T2,468.72
Álava,2006,3,2006-T3,487.43
Álava,2006,4,2006-T4,487.79
Álava,2007,1,2007-T1,407.31
Álava,2007,2,2007-T2,473.23
Álava,2007,3,2007-T3,503.12
Álava,2007,4,2007-T4,615.34
Álava,2008,1,2008-T1,467.36
Álava,2008,2,2008-T2,436.8
Álava,2008,4,2008-T4,487.3
Álava,2009,1,2009-T1,461.7
Álava,2009,2,2009-T2,430.1
Álava,2009,3,2009-T3,617.78
Álava,2009,4,2009-T4,345.16
Álava,2010,1,2010-T1,205.14
Álava,2010,2,2010-T2,390.71
Álava,2010,3,2010-T3,325.78
Álava,2010,4,2010-T4,271.13
Álava,2011,1,2011-T1,432.53
Álava,2011,2,2011-T2,217.82
Álava,2011,3,2011-T3,106.19
Álava,2011,4,2011-T4,248.82
Álava,2012,1,2012-T1,365.78
Álava,2012,2,2012-T2,165.53
Álava,2012,3,2012-T3,178.27
Álava,2012,4,2012-T4,229.09
Álava,2013,2,2013-T2,184.66
Álava,2013,3,2013-T3,123.91
Álava,2013,4,2013-T4,185.46
Álava,2014,1,2014-T1,297.88
Álava,2014,2,2014-T2,279.24
Álava,2014,3,2014-T3,266.7
Álava,2014,4,2014-T4,293.0
Álava,2015,1,2015-T1,228.55
Álava,2015,2,2015-T2,234.53
Álava,2015,3,2015-T3,189.99
Álava,2015,4,2015-T4,182.19
Álava,2016,1,2016-T1,177.5
Álava,2016,2,2016-T2,240.41
Álava,2016,3,2016-T3,130.18
Álava,2016,4,2016-T4,206.42
Álava,2017,1,2017-T1,197.5
Álava,2017,2,2017-T2,170.61
Álava,2017,3,2017-T3,155.61
Álava,2017,4,2017-T4,199.28
Álava,2018,1,2018-T1,182.22
Álava,2018,2,2018-T2,141.71
Álava,2018,3,2018-T3,183.35
Álava,2018,4,2018-T4,208.74
Álava,2019,1,2019-T1,130.7
Álava,2019,2,2019-T2,225.87
Álava,2019,3,2019-T3,103.8
Álava,2019,4,2019-T4,212.92
Álava,2020,1,2020-T1,126.94
Álava,2020,2,2020-T2,100.67
Álava,2020,3,2020-T3,107.05
Álava,2020,4,2020-T4,139.81
Álava,2021,1,2021-T1,164.37
Álava,2021,2,2021-T2,174.02
Álava,2021,3,2021-T3,171.81
Álava,2021,4,2021-T4,269.2
Álava,2022,1,2022-T1,201.06
Álava,2022,2,2022-T2,198.56
Álava,2022,3,2022-T3,309.19
Álava,2022,4,2022-T4,234.63
Álava,2023,1,2023-T1,142.93
Álava,2023,2,2023-T2,184.39
Álava,2023,3,2023-T3,114.22
Álava,2023,4,2023-T4,215.09
Álava,2024,1,2024-T1,205.07
Álava,2024,2,2024-T2,158.6
Álava,2024,3,2024-T3,278.97
Álava,2024,4,2024-T4,262.07
Álava,2025,1,2025-T1,101.04
Álava,2025,2,2025-T2,218.43
Álava,2025,3,2025-T3,267.88
Álava,2025,4,2025-T4,169.32
Álava,2026,1,2026-T1,150.2
