periodo;codigo_provincia;provincia;comunidad_autonoma;poblacion_total;pct_18_34;pct_35_64;pct_65_mas;tamano_medio_hogar;pct_hogares_unipersonales;pct_poblacion_espanola;tasa_migracion_neta_exterior_por_1000_habitantes;salario_medio_anual_euros_total;salario_medio_anual_euros_hombre;salario_medio_anual_euros_mujer;tasa_actividad_pct_total;tasa_empleo_pct_total;tasa_paro_pct_total;renta_neta_media_por_hogar_eur;renta_mediana_por_unidad_consumo_eur;indice_precios_consumo_base_2015;indice_costes_construccion;tipo_interes_prestamos_vivienda_pct;importe_medio_hipoteca_vivienda_eur;valor_tasado_m2;ipv_general;compraventas_por_1000_hab;pct_compraventas_vivienda_nueva;visados_obra_nueva_por_1000_hab;plazas_hoteleras_por_1000_hab;pernoctaciones_por_habitante;valores_arrastrados;precio_m2_mercado;IAV_hombre;IAV_mujer;brecha_iav_absoluta;IAV_total
2015T1;2;Albacete;Castilla - La Mancha;394012,0;20,914;39,53;21,496;2,6;27,7;93,9;-0,54;15728,0;16985,0;14033,0;57,21;40,72;28,82;24100,0;11550,0;98,96;90,33;2,613;82770,64;959,5;69,067;1,383;26,24;0,188;14,6;0,26;0;945,8;4,455;5,392;0,937;4,811
2015T2;2;Albacete;Castilla - La Mancha;394012,0;20,914;39,53;21,496;2,6;27,7;93,9;-0,54;15728,0;16985,0;14033,0;58,19;43,84;24,66;24100,0;11550,0;100,89;93,72;2,507;78629,41;969,7;70,506;1,167;26,3;0,297;16,858;0,425;0;965,506;4,548;5,504;0,957;4,911
2015T3;2;Albacete;Castilla - La Mancha;394012,0;20,914;39,53;21,496;2,6;27,7;93,9;-0,54;15728,0;16985,0;14033,0;57,72;44,28;23,28;24100,0;11550,0;99,69;90,26;2,45;78082,22;945,3;70,161;1,221;21,21;0,338;16,686;0,475;0;960,782;4,525;5,477;0,952;4,887
2015T4;2;Albacete;Castilla - La Mancha;394012,0;20,914;39,53;21,496;2,6;27,7;93,9;-0,54;15728,0;16985,0;14033,0;58,07;45,32;21,97;24100,0;11550,0;100,46;92,907;2,427;86327,87;961,3;70,375;1,223;22,41;0,802;15,371;0,409;0;963,712;4,539;5,494;0,955;4,902
2016T1;2;Albacete;Castilla - La Mancha;391865,0;20,304;39,86;21,898;2,6;28,2;94,1;0,83;15780,0;17082,0;14046,0;56,19;42,33;24,67;24785,0;12250,0;97,91;88,55;2,33;87970,46;953,3;70,088;1,442;20,0;0,276;14,024;0,281;0;959,782;4,495;5,467;0,972;4,866
2016T2;2;Albacete;Castilla - La Mancha;391865,0;20,304;39,86;21,898;2,6;28,2;94,1;0,83;15780,0;17082,0;14046,0;56,84;43,05;24,27;24785,0;12250,0;99,67;92,68;2,323;100889,44;934,4;70,919;1,511;18,92;0,439;16,833;0,445;0;971,162;4,548;5,531;0,983;4,924
2016T3;2;Albacete;Castilla - La Mancha;391865,0;20,304;39,86;21,898;2,6;28,2;94,1;0,83;15780,0;17082,0;14046,0;54,14;41,65;23,06;24785,0;12250,0;99,28;89,743;2,367;83195,65;922,2;71,065;1,409;21,74;0,398;16,757;0,515;0;973,161;4,558;5,543;0,985;4,934
2016T4;2;Albacete;Castilla - La Mancha;391865,0;20,304;39,86;21,898;2,6;28,2;94,1;0,83;15780,0;17082,0;14046,0;56,01;42,96;23,31;24785,0;12250,0;101,23;93,203;2,273;80906,98;950,6;70,383;1,197;18,12;0,375;15,398;0,386;0;963,822;4,514;5,49;0,976;4,886
2017T1;2;Albacete;Castilla - La Mancha;390225,0;19,841;40,22;22,181;2,6;28,3;93,9;1,26;16132,0;17473,0;14361,0;57,42;43,36;24,48;25627,0;12950,0;100,76;90,093;2,237;88059,52;936,5;71,215;1,737;22,42;0,569;14,183;0,283;0;975,215;4,465;5,433;0,968;4,836
2017T2;2;Albacete;Castilla - La Mancha;390225,0;19,841;40,22;22,181;2,6;28,3;93,9;1,26;16132,0;17473,0;14361,0;58,81;43,92;25,32;25627,0;12950,0;101,51;93,773;2,17;84747,75;924,8;71,455;1,791;22,75;0,633;16,425;0,497;0;978,502;4,48;5,451;0,971;4,852
2017T3;2;Albacete;Castilla - La Mancha;390225,0;19,841;40,22;22,181;2,6;28,3;93,9;1,26;16132,0;17473,0;14361,0;57,98;45,92;20,81;25627,0;12950,0;100,73;91,133;2,217;99307,49;911,3;71,186;1,909;19,33;0,577;16,566;0,548;0;974,818;4,463;5,43;0,967;4,834
2017T4;2;Albacete;Castilla - La Mancha;390225,0;19,841;40,22;22,181;2,6;28,3;93,9;1,26;16132,0;17473,0;14361,0;59,72;46,57;22,01;25627,0;12950,0;102,52;94,803;2,153;87975,28;932,9;70,685;1,586;24,23;0,436;15,241;0,419;0;967,957;4,432;5,392;0,96;4,8
2018T1;2;Albacete;Castilla - La Mancha;388948,0;19,449;40,44;22,468;2,6;28,8;93,7;1,98;16764,0;18181,0;14928,0;58,97;44,92;23,82;26719,0;13650,0;101,56;91,97;2,227;89484,04;905,1;71,692;2,021;28,88;0,386;13,465;0,294;0;981,747;4,32;5,261;0,941;4,685
2018T2;2;Albacete;Castilla - La Mancha;388948,0;19,449;40,44;22,468;2,6;28,8;93,7;1,98;16764,0;18181,0;14928,0;60,4;47,92;20,66;26719,0;13650,0;103,41;95,373;2,197;82183,36;897,6;72,509;1,815;23,23;0,717;15,843;0,487;0;992,935;4,369;5,321;0,952;4,738
2018T3;2;Albacete;Castilla - La Mancha;388948,0;19,449;40,44;22,468;2,6;28,8;93,7;1,98;16764,0;18181,0;14928,0;59,41;49,39;16,86;26719,0;13650,0;103,4;92,553;2,167;89120,0;916,7;73,467;1,982;20,36;0,483;16,165;0,549;0;1006,054;4,427;5,391;0,965;4,801
2018T4;2;Albacete;Castilla - La Mancha;388948,0;19,449;40,44;22,468;2,6;28,8;93,7;1,98;16764,0;18181,0;14928,0;59,13;48,73;17,59;26719,0;13650,0;104,66;96,513;2,26;83245,37;941,8;73,575;1,787;21,87;0,47;15,85;0,45;0;1007,533;4,433;5,399;0,966;4,808
2019T1;2;Albacete;Castilla - La Mancha;387818,0;19,242;40,51;22,816;2,5;29,0;93,2;5,11;17597,0;19036,0;15728,0;57,38;47,13;17,85;27995,0;14350,0;102,86;92,79;2,37;100898,38;922,7;74,646;2,238;23,27;0,374;13,829;0,323;0;1022,199;4,296;5,199;0,904;4,647
2019T2;2;Albacete;Castilla - La Mancha;387818,0;19,242;40,51;22,816;2,5;29,0;93,2;5,11;17597,0;19036,0;15728,0;55,95;46,05;17,7;27995,0;14350,0;104,26;96,067;2,35;86179,18;942,9;75,333;2,096;31,0;0,402;15,973;0,537;0;1031,607;4,335;5,247;0,912;4,69
2019T3;2;Albacete;Castilla - La Mancha;387818,0;19,242;40,51;22,816;2,5;29,0;93,2;5,11;17597,0;19036,0;15728,0;56,05;46,8;16,5;27995,0;14350,0;103,44;93,19;2,153;100865,98;924,8;75,741;1,952;29,06;0,56;16,31;0,579;0;1037,194;4,359;5,276;0,917;4,715
2019T4;2;Albacete;Castilla - La Mancha;387818,0;19,242;40,51;22,816;2,5;29,0;93,2;5,11;17597,0;19036,0;15728,0;55,54;46,27;16,69;27995,0;14350,0;105,09;96,93;1,99;97025,34;917,7;75,798;1,887;27,32;0,709;15,41;0,484;0;1037,974;4,362;5,28;0,917;4,719
2020T1;2;Albacete;Castilla - La Mancha;387838,0;19,088;40,64;23,028;2,5;29,4;93,1;2,94;17961,0;19207,0;16327,0;56,58;44,85;20,72;28288,0;14350,0;103,45;92,617;2,03;87523,5;893,7;75,411;2,047;26,7;0,518;12,678;0,261;0;1032,675;4,301;5,06;0,759;4,6
2020T2;2;Albacete;Castilla - La Mancha;387838,0;19,088;40,64;23,028;2,5;29,4;93,1;2,94;17961,0;19207,0;16327,0;53,56;44,23;17,41;28288,0;14350,0;103,42;93,307;1,907;84649,64;889,5;76,499;1,013;21,12;0,673;3,721;0,051;0;1047,574;4,363;5,133;0,77;4,666
2020T3;2;Albacete;Castilla - La Mancha;387838,0;19,088;40,64;23,028;2,5;29,4;93,1;2,94;17961,0;19207,0;16327,0;56,47;46,61;17,48;28288,0;14350,0;102,92;92,713;1,937;100998,42;902,1;76,788;1,893;24,52;0,348;12,578;0,298;0;1051,531;4,38;5,152;0,773;4,684
2020T4;2;Albacete;Castilla - La Mancha;387838,0;19,088;40,64;23,028;2,5;29,4;93,1;2,94;17961,0;19207,0;16327,0;58,9;48,63;17,44;28288,0;14350,0;104,16;97,763;1,8;88795,77;913,0;76,702;1,934;20,8;0,606;11,707;0,191;0;1050,354;4,375;5,147;0,772;4,678
2021T1;2;Albacete;Castilla - La Mancha;386726,0;19,023;40,98;22,959;2,5;29,8;92,9;2,07;18798,0;20195,0;17010,0;57,58;46,1;19,93;29451,0;15050,0;104,17;94,957;1,72;101690,08;896,4;75,622;2,159;22,4;0,703;10,553;0,151;0;1035,564;4,102;4,87;0,768;4,407
2021T2;2;Albacete;Castilla - La Mancha;386726,0;19,023;40,98;22,959;2,5;29,8;92,9;2,07;18798,0;20195,0;17010,0;57,55;49,21;14,49;29451,0;15050,0;106,58;100,28;1,62;95605,96;920,3;78,319;2,265;23,17;0,613;12,815;0,273;0;1072,497;4,249;5,044;0,796;4,564
2021T3;2;Albacete;Castilla - La Mancha;386726,0;19,023;40,98;22,959;2,5;29,8;92,9;2,07;18798,0;20195,0;17010,0;58,48;49,31;15,67;29451,0;15050,0;106,59;99,757;1,593;100413,07;903,5;79,089;2,438;21,95;0,367;15,203;0,469;0;1083,041;4,29;5,094;0,803;4,609
2021T4;2;Albacete;Castilla - La Mancha;386726,0;19,023;40,98;22,959;2,5;29,8;92,9;2,07;18798,0;20195,0;17010,0;54,6;48,04;12,02;29451,0;15050,0;110,7;105,007;1,543;96015,48;918,9;79,766;2,048;19,44;0,437;14,506;0,398;0;1092,312;4,327;5,137;0,81;4,649
2022T1;2;Albacete;Castilla - La Mancha;385967,0;18,897;41,01;23,279;2,5;30,1;92,4;9,57;19680,0;21243,0;17726,0;57,5;47,94;16,62;30908,0;15750,0;113,03;105,46;1,597;104749,0;924,7;81,012;2,521;15,72;0,326;14,002;0,304;0;1109,375;4,178;5,007;0,829;4,51
2022T2;2;Albacete;Castilla - La Mancha;385967,0;18,897;41,01;23,279;2,5;30,1;92,4;9,57;19680,0;21243,0;17726,0;57,48;50,21;12,65;30908,0;15750,0;117,56;114,52;1,737;100134,92;934,4;83,044;3,096;28,2;0,383;16,564;0,524;0;1137,201;4,283;5,132;0,85;4,623
2022T3;2;Albacete;Castilla - La Mancha;385967,0;18,897;41,01;23,279;2,5;30,1;92,4;9,57;19680,0;21243,0;17726,0;56,97;50,69;11,01;30908,0;15750,0;118,75;110,537;2,143;103799,76;929,2;84,289;2,606;17,2;0,396;16,917;0,582;0;1154,25;4,347;5,209;0,862;4,692
2022T4;2;Albacete;Castilla - La Mancha;385967,0;18,897;41,01;23,279;2,5;30,1;92,4;9,57;19680,0;21243,0;17726,0;58,46;51,96;11,11;30908,0;15750,0;118,75;115,007;2,867;105656,91;934,9;82,979;2,215;13,92;0,451;15,671;0,477;0;1136,311;4,279;5,128;0,849;4,619
2023T1;2;Albacete;Castilla - La Mancha;387529,0;18,823;41,02;23,535;2,5;30,5;91,8;8,28;20702,0;22312,0;18711,0;58,98;50,78;13,89;32600,0;17150,0;119,05;112,827;3,593;98798,1;950,7;82,324;2,709;23,81;0,317;14,166;0,345;0;1127,341;4,042;4,82;0,778;4,356
2023T2;2;Albacete;Castilla - La Mancha;387529,0;18,823;41,02;23,535;2,5;30,5;91,8;8,28;20702,0;22312,0;18711,0;59,38;51,81;12,74;32600,0;17150,0;121,21;116,6;3,887;105783,05;951,2;84,69;2,392;19,74;0,963;16,757;0,56;0;1159,741;4,158;4,959;0,8;4,482
2023T3;2;Albacete;Castilla - La Mancha;387529,0;18,823;41,02;23,535;2,5;30,5;91,8;8,28;20702,0;22312,0;18711,0;58,24;52,93;9,11;32600,0;17150,0;122,37;112,777;4,057;94826,99;984,6;85,161;2,232;15,14;0,501;16,645;0,588;0;1166,191;4,181;4,986;0,805;4,507
2023T4;2;Albacete;Castilla - La Mancha;387529,0;18,823;41,02;23,535;2,5;30,5;91,8;8,28;20702,0;22312,0;18711,0;57,42;50,47;12,09;32600,0;17150,0;123,44;117,607;4,03;105914,66;984,3;84,707;2,152;25,54;0,4;15,646;0,492;0;1159,974;4,159;4,96;0,8;4,483
2024T1;2;Albacete;Castilla - La Mancha;389070,0;18,823;41,02;23,535;2,5;30,5;91,8;8,61;21576,0;23309,0;19449,0;55,77;48,39;13,23;32600,0;17150,0;123,63;113,317;3,693;99133,94;1004,9;86,38;2,336;21,89;0,858;14,361;0,368;1;1182,884;4,06;4,866;0,806;4,386
2024T2;2;Albacete;Castilla - La Mancha;389070,0;18,823;41,02;23,535;2,5;30,5;91,8;8,61;21576,0;23309,0;19449,0;56,4;50,34;10,74;32600,0;17150,0;125,74;117,41;3,55;93165,25;1006,5;89,16;2,442;16,21;0,401;16,715;0,57;1;1220,953;4,19;5,022;0,832;4,527
2024T3;2;Albacete;Castilla - La Mancha;389070,0;18,823;41,02;23,535;2,5;30,5;91,8;8,61;21576,0;23309,0;19449,0;57,35;51,66;9,92;32600,0;17150,0;124,93;114,163;3,45;103397,32;1003,7;91,033;2,539;19,23;0,625;16,534;0,646;1;1246,602;4,279;5,128;0,849;4,622
2024T4;2;Albacete;Castilla - La Mancha;389070,0;18,823;41,02;23,535;2,5;30,5;91,8;8,61;21576,0;23309,0;19449,0;56,74;50,29;11,37;32600,0;17150,0;126,09;118,19;3,167;97640,55;1029,1;92,054;2,491;18,27;0,897;16,272;0,557;1;1260,583;4,327;5,185;0,859;4,674
2015T1;3;Alicante/Alacant;Comunitat Valenciana;1838578,0;19,432;41,24;21,533;2,5;28,7;81,3;-0,25;15425,0;16864,0;13716,0;57,58;42,37;26,42;22536,0;11550,0;98,85;90,33;2,613;85465,9;1216,0;58,072;3,504;24,55;0,666;33,024;1,521;0;1195,185;5,67;6,971;1,301;6,199
2015T2;3;Alicante/Alacant;Comunitat Valenciana;1838578,0;19,432;41,24;21,533;2,5;28,7;81,3;-0,25;15425,0;16864,0;13716,0;58,36;44,29;24,11;22536,0;11550,0;101,0;93,72;2,507;78483,42;1237,9;60,382;3,603;20,47;0,766;38,698;2,499;0;1242,728;5,895;7,248;1,353;6,445
2015T3;3;Alicante/Alacant;Comunitat Valenciana;1838578,0;19,432;41,24;21,533;2,5;28,7;81,3;-0,25;15425,0;16864,0;13716,0;58,21;44,6;23,39;22536,0;11550,0;99,94;90,26;2,45;80680,79;1223,8;60,219;4,018;19,49;0,71;39,446;3,203;0;1239,373;5,879;7,229;1,349;6,428
2015T4;3;Alicante/Alacant;Comunitat Valenciana;1838578,0;19,432;41,24;21,533;2,5;28,7;81,3;-0,25;15425,0;16864,0;13716,0;58,36;44,96;22,96;22536,0;11550,0;100,21;92,907;2,427;84031,21;1240,4;60,289;3,483;16,88;0,702;34,156;1,782;0;1240,814;5,886;7,237;1,351;6,435
2016T1;3;Alicante/Alacant;Comunitat Valenciana;1837873,0;18,868;41,52;21,801;2,5;28,7;82,2;-0,77;15597,0;17079,0;13845,0;58,02;44,31;23,62;23165,0;11550,0;97,86;88,55;2,33;84665,62;1228,7;61,035;3,879;18,25;0,945;32,662;1,765;0;1256,167;5,884;7,258;1,374;6,443
2016T2;3;Alicante/Alacant;Comunitat Valenciana;1837873,0;18,868;41,52;21,801;2,5;28,7;82,2;-0,77;15597,0;17079,0;13845,0;60,44;46,7;22,74;23165,0;11550,0;99,65;92,68;2,323;80201,87;1224,2;61,481;4,352;15,99;1,109;38,604;2,495;0;1265,346;5,927;7,311;1,384;6,49
2016T3;3;Alicante/Alacant;Comunitat Valenciana;1837873,0;18,868;41,52;21,801;2,5;28,7;82,2;-0,77;15597,0;17079,0;13845,0;59,74;48,62;18,61;23165,0;11550,0;99,26;89,743;2,367;86061,97;1240,6;61,353;4,23;16,77;0,665;39,949;3,401;0;1262,712;5,915;7,296;1,382;6,477
2016T4;3;Alicante/Alacant;Comunitat Valenciana;1837873,0;18,868;41,52;21,801;2,5;28,7;82,2;-0,77;15597,0;17079,0;13845,0;58,59;47,93;18,21;23165,0;11550,0;100,8;93,203;2,273;85374,6;1233,3;61,334;3,692;15,43;0,741;35,516;2,022;0;1262,321;5,913;7,294;1,381;6,475
2017T1;3;Alicante/Alacant;Comunitat Valenciana;1836715,0;18,402;41,7;22,11;2,5;28,7;81,7;1,76;15938,0;17470,0;14127,0;58,75;47,13;19,77;24112,0;12250,0;100,57;90,093;2,237;86744,57;1250,1;62,179;4,587;15,94;0,893;34,343;1,71;0;1279,712;5,86;7,247;1,387;6,423
2017T2;3;Alicante/Alacant;Comunitat Valenciana;1836715,0;18,402;41,7;22,11;2,5;28,7;81,7;1,76;15938,0;17470,0;14127,0;58,74;47,89;18,48;24112,0;12250,0;101,6;93,773;2,17;83617,33;1239,1;62,615;4,936;14,03;0,855;39,261;2,69;0;1288,685;5,901;7,298;1,396;6,468
2017T3;3;Alicante/Alacant;Comunitat Valenciana;1836715,0;18,402;41,7;22,11;2,5;28,7;81,7;1,76;15938,0;17470,0;14127,0;58,5;49,01;16,22;24112,0;12250,0;100,97;91,133;2,217;89029,37;1231,1;63,158;4,733;18,77;1,265;40,481;3,374;0;1299,861;5,952;7,361;1,409;6,525
2017T4;3;Alicante/Alacant;Comunitat Valenciana;1836715,0;18,402;41,7;22,11;2,5;28,7;81,7;1,76;15938,0;17470,0;14127,0;58,43;47,94;17,96;24112,0;12250,0;102,39;94,803;2,153;87258,71;1252,9;63,878;4,646;18,53;1,125;35,831;2,052;0;1314,679;6,02;7,445;1,425;6,599
2018T1;3;Alicante/Alacant;Comunitat Valenciana;1839319,0;18,096;41,79;22,321;2,5;28,9;80,9;10,25;16467,0;18021,0;14652,0;57,69;47,14;18,3;25161,0;12950,0;101,57;91,97;2,227;87163,44;1274,4;64,306;5,537;14,62;1,17;34,033;1,721;0;1323,488;5,875;7,226;1,351;6,43
2018T2;3;Alicante/Alacant;Comunitat Valenciana;1839319,0;18,096;41,79;22,321;2,5;28,9;80,9;10,25;16467,0;18021,0;14652,0;57,23;48,3;15,6;25161,0;12950,0;103,57;95,373;2,197;94088,65;1270,2;65,139;5,701;16,44;1,069;40,139;2,62;0;1340,632;5,951;7,32;1,368;6,513
2018T3;3;Alicante/Alacant;Comunitat Valenciana;1839319,0;18,096;41,79;22,321;2,5;28,9;80,9;10,25;16467,0;18021,0;14652,0;58,2;49,39;15,14;25161,0;12950,0;103,46;92,553;2,167;96042,55;1253,8;66,11;5,392;15,88;0,739;41,383;3,334;0;1360,616;6,04;7,429;1,389;6,61
2018T4;3;Alicante/Alacant;Comunitat Valenciana;1839319,0;18,096;41,79;22,321;2,5;28,9;80,9;10,25;16467,0;18021,0;14652,0;56,73;47,86;15,63;25161,0;12950,0;104,13;96,513;2,26;96610,32;1289,9;66,529;4,79;13,05;1,241;37,991;2,101;0;1369,24;6,078;7,476;1,398;6,652
2019T1;3;Alicante/Alacant;Comunitat Valenciana;1855384,0;17,991;41,87;22,482;2,5;28,9;80,1;13,39;17139,0;18730,0;15292,0;56,14;47,47;15,44;26293,0;13650,0;102,51;92,79;2,37;95275,85;1312,3;66,986;5,192;14,52;1,299;35,161;1,748;0;1378,645;5,889;7,212;1,324;6,435
2019T2;3;Alicante/Alacant;Comunitat Valenciana;1855384,0;17,991;41,87;22,482;2,5;28,9;80,1;13,39;17139,0;18730,0;15292,0;58,61;49,99;14,71;26293,0;13650,0;104,11;96,067;2,35;97090,73;1314,8;68,229;5,196;15,83;0,942;40,313;2,546;0;1404,228;5,998;7,346;1,348;6,555
2019T3;3;Alicante/Alacant;Comunitat Valenciana;1855384,0;17,991;41,87;22,482;2,5;28,9;80,1;13,39;17139,0;18730,0;15292,0;58,55;50,61;13,57;26293,0;13650,0;103,42;93,19;2,153;94310,1;1307,0;68,896;4,935;18,45;0,866;42,263;3,311;0;1417,955;6,056;7,418;1,362;6,619
2019T4;3;Alicante/Alacant;Comunitat Valenciana;1855384,0;17,991;41,87;22,482;2,5;28,9;80,1;13,39;17139,0;18730,0;15292,0;59,24;49,95;15,68;26293,0;13650,0;104,45;96,93;1,99;98293,39;1314,6;69,038;4,694;17,36;0,736;37,866;2,0;0;1420,878;6,069;7,433;1,364;6,632
2020T1;3;Alicante/Alacant;Comunitat Valenciana;1877627,0;17,958;41,87;22,639;2,5;29,2;80,2;6,43;16897,0;18327,0;15224,0;56,57;48,08;15,01;26274,0;13650,0;103,05;92,617;2,03;93854,39;1294,9;69,334;4,811;15,88;1,252;31,317;1,252;0;1426,97;6,229;7,499;1,27;6,756
2020T2;3;Alicante/Alacant;Comunitat Valenciana;1877627,0;17,958;41,87;22,639;2,5;29,2;80,2;6,43;16897,0;18327,0;15224,0;54,22;44,23;18,41;26274,0;13650,0;103,23;93,307;1,907;88389,73;1261,6;69,322;2,578;16,38;0,609;2,199;0,032;0;1426,723;6,228;7,497;1,269;6,755
2020T3;3;Alicante/Alacant;Comunitat Valenciana;1877627,0;17,958;41,87;22,639;2,5;29,2;80,2;6,43;16897,0;18327,0;15224,0;57,24;46,21;19,28;26274,0;13650,0;102,77;92,713;1,937;107670,37;1282,8;70,301;3,79;18,7;0,726;26,295;0,978;0;1446,872;6,316;7,603;1,287;6,85
2020T4;3;Alicante/Alacant;Comunitat Valenciana;1877627,0;17,958;41,87;22,639;2,5;29,2;80,2;6,43;16897,0;18327,0;15224,0;56,99;45,92;19,41;26274,0;13650,0;103,59;97,763;1,8;105851,33;1291,9;70,184;4,104;15,61;0,724;14,59;0,279;0;1444,464;6,305;7,59;1,285;6,839
2021T1;3;Alicante/Alacant;Comunitat Valenciana;1887036,0;17,845;41,93;22,901;2,5;29,6;79,6;11,47;17649,0;19108,0;15954,0;55,32;44,71;19,18;27380,0;14350,0;103,9;94,957;1,72;99131,38;1299,0;70,174;4,179;17,35;0,693;8,685;0,13;0;1444,258;6,047;7,242;1,195;6,547
2021T2;3;Alicante/Alacant;Comunitat Valenciana;1887036,0;17,845;41,93;22,901;2,5;29,6;79,6;11,47;17649,0;19108,0;15954,0;56,06;45,83;18,24;27380,0;14350,0;106,22;100,28;1,62;96037,22;1320,6;72,314;4,405;15,04;0,916;20,318;0,67;0;1488,301;6,231;7,463;1,232;6,746
2021T3;3;Alicante/Alacant;Comunitat Valenciana;1887036,0;17,845;41,93;22,901;2,5;29,6;79,6;11,47;17649,0;19108,0;15954,0;57,0;46,46;18,49;27380,0;14350,0;106,53;99,757;1,593;105930,46;1341,3;73,792;5,331;15,24;0,892;37,023;2,354;0;1518,72;6,358;7,615;1,257;6,884
2021T4;3;Alicante/Alacant;Comunitat Valenciana;1887036,0;17,845;41,93;22,901;2,5;29,6;79,6;11,47;17649,0;19108,0;15954,0;57,96;47,0;18,91;27380,0;14350,0;110,01;105,007;1,543;108237,55;1375,1;74,934;5,404;14,55;0,957;32,565;1,248;0;1542,224;6,457;7,733;1,276;6,991
2022T1;3;Alicante/Alacant;Comunitat Valenciana;1907494,0;17,717;41,88;23,367;2,5;29,5;77,9;26,62;19112,0;20741,0;17259,0;57,87;49,21;14,97;28965,0;15050,0;112,44;105,46;1,597;103517,0;1411,4;76,447;6,384;12,76;0,801;28,223;1,005;0;1573,363;6,069;7,293;1,224;6,586
2022T2;3;Alicante/Alacant;Comunitat Valenciana;1907494,0;17,717;41,88;23,367;2,5;29,5;77,9;26,62;19112,0;20741,0;17259,0;57,05;48,84;14,39;28965,0;15050,0;116,15;114,52;1,737;104613,31;1400,9;78,108;6,492;12,31;0,851;40,323;2,375;0;1607,548;6,2;7,451;1,251;6,729
2022T3;3;Alicante/Alacant;Comunitat Valenciana;1907494,0;17,717;41,88;23,367;2,5;29,5;77,9;26,62;19112,0;20741,0;17259,0;57,92;50,02;13,65;28965,0;15050,0;117,72;110,537;2,143;103969,36;1411,8;78,892;7,145;13,98;0,614;42,379;3,193;0;1623,684;6,263;7,526;1,263;6,797
2022T4;3;Alicante/Alacant;Comunitat Valenciana;1907494,0;17,717;41,88;23,367;2,5;29,5;77,9;26,62;19112,0;20741,0;17259,0;59,98;50,63;15,57;28965,0;15050,0;117,43;115,007;2,867;111042,59;1402,0;78,722;6,483;12,54;0,821;37,303;1,856;0;1620,185;6,249;7,51;1,261;6,782
2023T1;3;Alicante/Alacant;Comunitat Valenciana;1955268,0;17,908;41,64;23,444;2,5;29,5;76,9;19,89;20186,0;21867,0;18291,0;58,17;48,92;15,9;31507,0;15750,0;118,26;112,827;3,593;108876,86;1453,7;79,015;6,757;14,43;0,941;33,092;1,43;0;1626,215;5,949;7,113;1,163;6,445
2023T2;3;Alicante/Alacant;Comunitat Valenciana;1955268,0;17,908;41,64;23,444;2,5;29,5;76,9;19,89;20186,0;21867,0;18291,0;57,46;50,15;12,74;31507,0;15750,0;119,91;116,6;3,887;99251,67;1463,8;80,817;6,473;14,31;1,655;40,592;2,476;0;1663,302;6,085;7,275;1,19;6,592
2023T3;3;Alicante/Alacant;Comunitat Valenciana;1955268,0;17,908;41,64;23,444;2,5;29,5;76,9;19,89;20186,0;21867,0;18291,0;59,0;52,16;11,6;31507,0;15750,0;121,24;112,777;4,057;111830,18;1503,1;82,904;6,188;15,75;0,886;41,175;3,061;0;1706,255;6,242;7,463;1,22;6,762
2023T4;3;Alicante/Alacant;Comunitat Valenciana;1955268,0;17,908;41,64;23,444;2,5;29,5;76,9;19,89;20186,0;21867,0;18291,0;58,64;50,83;13,33;31507,0;15750,0;121,71;117,607;4,03;112498,06;1532,3;82,063;5,443;14,6;0,865;36,87;1,878;0;1688,947;6,179;7,387;1,208;6,694
2024T1;3;Alicante/Alacant;Comunitat Valenciana;1993289,0;17,908;41,64;23,444;2,5;29,5;76,9;20,54;20984,0;22661,0;19102,0;56,16;48,09;14,37;31507,0;15750,0;122,17;113,317;3,693;110229,67;1560,4;84,149;6,421;16,86;0,878;33,816;1,667;1;1731,879;6,114;7,253;1,139;6,603
2024T2;3;Alicante/Alacant;Comunitat Valenciana;1993289,0;17,908;41,64;23,444;2,5;29,5;76,9;20,54;20984,0;22661,0;19102,0;57,33;49,82;13,11;31507,0;15750,0;124,19;117,41;3,55;109674,13;1559,9;87,789;5,882;19,61;1,451;40,135;2,561;1;1806,794;6,379;7,567;1,188;6,888
2024T3;3;Alicante/Alacant;Comunitat Valenciana;1993289,0;17,908;41,64;23,444;2,5;29,5;76,9;20,54;20984,0;22661,0;19102,0;56,8;48,98;13,77;31507,0;15750,0;123,85;114,163;3,45;114542,0;1608,0;90,21;7,049;18,67;1,169;41,486;3,109;1;1856,621;6,554;7,776;1,221;7,078
2024T4;3;Alicante/Alacant;Comunitat Valenciana;1993289,0;17,908;41,64;23,444;2,5;29,5;76,9;20,54;20984,0;22661,0;19102,0;57,65;49,98;13,31;31507,0;15750,0;124,36;118,19;3,167;117628,61;1657,1;92,073;6,918;20,34;0,874;37,664;1,97;1;1894,963;6,69;7,936;1,246;7,224
2015T1;4;Almería;Andalucía;694051,0;22,709;40,9;15,877;2,7;28,0;80,4;1,67;13424,0;14322,0;12290,0;61,56;42,68;30,66;22039,0;10150,0;99,01;90,33;2,613;79717,33;1076,5;53,938;2,464;34,56;0,171;30,117;0,804;0;1052,398;5,878;6,85;0,972;6,272
2015T2;4;Almería;Andalucía;694051,0;22,709;40,9;15,877;2,7;28,0;80,4;1,67;13424,0;14322,0;12290,0;60,93;43,2;29,09;22039,0;10150,0;100,99;93,72;2,507;78107,89;1079,9;56,15;3,004;44,46;0,395;48,184;1,658;0;1095,556;6,12;7,131;1,012;6,529
2015T3;4;Almería;Andalucía;694051,0;22,709;40,9;15,877;2,7;28,0;80,4;1,67;13424,0;14322,0;12290,0;60,63;41,79;31,08;22039,0;10150,0;99,67;90,26;2,45;84010,57;1096,4;56,783;2,608;24,48;0,222;60,516;3,774;0;1107,907;6,189;7,212;1,023;6,603
2015T4;4;Almería;Andalucía;694051,0;22,709;40,9;15,877;2,7;28,0;80,4;1,67;13424,0;14322,0;12290,0;58,96;44,14;25,13;22039,0;10150,0;100,33;92,907;2,427;74885,02;1103,3;56,39;2,449;28,65;0,353;27,257;0,694;0;1100,239;6,146;7,162;1,016;6,557
2016T1;4;Almería;Andalucía;700055,0;22,073;41,4;16,068;2,7;28,1;80,5;0,28;13661,0;14568,0;12517,0;59,42;44,93;24,39;22666,0;10850,0;97,97;88,55;2,33;78138,15;1079,2;56,881;3,09;23,95;0,277;30,932;1,058;0;1109,819;6,095;7,093;0,999;6,499
2016T2;4;Almería;Andalucía;700055,0;22,073;41,4;16,068;2,7;28,1;80,5;0,28;13661,0;14568,0;12517,0;59,0;45,76;22,45;22666,0;10850,0;99,69;92,68;2,323;80652,78;1102,6;57,602;2,893;22,52;0,527;49,908;1,96;0;1123,887;6,172;7,183;1,011;6,582
2016T3;4;Almería;Andalucía;700055,0;22,073;41,4;16,068;2,7;28,1;80,5;0,28;13661,0;14568,0;12517,0;60,44;46,75;22,65;22666,0;10850,0;99,29;89,743;2,367;84484,46;1091,3;57,552;4,665;19,14;0,38;59,69;3,977;0;1122,911;6,166;7,177;1,01;6,576
2016T4;4;Almería;Andalucía;700055,0;22,073;41,4;16,068;2,7;28,1;80,5;0,28;13661,0;14568,0;12517,0;61,37;46,13;24,84;22666,0;10850,0;101,37;93,203;2,273;83247,61;1106,6;57,569;2,65;30,78;0,783;28,975;0,883;0;1123,243;6,168;7,179;1,011;6,578
2017T1;4;Almería;Andalucía;704871,0;21,466;41,72;16,39;2,7;28,1;80,3;-1,48;13914,0;14862,0;12716,0;61,13;48,07;21,37;23399,0;11550,0;100,92;90,093;2,237;84489,56;1109,3;58,076;2,903;27,13;0,572;28,452;0,88;0;1133,135;6,1;7,129;1,029;6,515
2017T2;4;Almería;Andalucía;704871,0;21,466;41,72;16,39;2,7;28,1;80,3;-1,48;13914,0;14862,0;12716,0;60,69;46,72;23,03;23399,0;11550,0;101,84;93,773;2,17;81003,21;1094,5;58,983;3,507;25,57;0,427;49,678;2,115;0;1150,832;6,195;7,24;1,045;6,617
2017T3;4;Almería;Andalucía;704871,0;21,466;41,72;16,39;2,7;28,1;80,3;-1,48;13914,0;14862,0;12716,0;61,22;44,3;27,65;23399,0;11550,0;101,07;91,133;2,217;79028,11;1075,9;59,674;3,06;23,92;0,494;59,844;3,953;0;1164,314;6,267;7,325;1,058;6,694
2017T4;4;Almería;Andalucía;704871,0;21,466;41,72;16,39;2,7;28,1;80,3;-1,48;13914,0;14862,0;12716,0;62,55;46,64;25,43;23399,0;11550,0;103,04;94,803;2,153;73390,05;1088,8;60,148;3,158;28,48;0,508;29,236;0,93;0;1173,562;6,317;7,383;1,066;6,748
2018T1;4;Almería;Andalucía;707319,0;21,028;41,93;16,66;2,7;28,3;79,7;6,1;14469,0;15438,0;13258,0;61,36;46,94;23,49;24714,0;12250,0;101,89;91,97;2,227;74446,04;1096,6;60,438;3,689;22,81;0,423;28,104;0,879;0;1179,221;6,111;7,116;1,005;6,52
2018T2;4;Almería;Andalucía;707319,0;21,028;41,93;16,66;2,7;28,3;79,7;6,1;14469,0;15438,0;13258,0;58,38;45,24;22,52;24714,0;12250,0;103,7;95,373;2,197;76352,89;1096,7;61,785;3,624;22,2;0,872;50,817;2,114;0;1205,502;6,247;7,274;1,027;6,665
2018T3;4;Almería;Andalucía;707319,0;21,028;41,93;16,66;2,7;28,3;79,7;6,1;14469,0;15438,0;13258,0;59,05;43,97;25,53;24714,0;12250,0;103,37;92,553;2,167;82761,64;1077,3;62,889;4,082;20,64;0,84;61,099;3,929;0;1227,043;6,359;7,404;1,046;6,784
2018T4;4;Almería;Andalucía;707319,0;21,028;41,93;16,66;2,7;28,3;79,7;6,1;14469,0;15438,0;13258,0;59,33;48,2;18,77;24714,0;12250,0;104,62;96,513;2,26;88358,01;1091,9;63,535;3,54;23,32;0,796;29,483;0,953;0;1239,647;6,424;7,48;1,056;6,854
2019T1;4;Almería;Andalucía;714123,0;20,901;42,04;16,809;2,7;28,2;78,8;10,26;15233,0;16233,0;13983,0;59,33;49,8;16,06;25698,0;12250,0;102,75;92,79;2,37;89393,42;1116,6;64,023;3,921;27,29;0,784;28,85;0,817;0;1249,168;6,156;7,147;0,991;6,56
2019T2;4;Almería;Andalucía;714123,0;20,901;42,04;16,809;2,7;28,2;78,8;10,26;15233,0;16233,0;13983,0;58,55;49,11;16,12;25698,0;12250,0;104,48;96,067;2,35;85908,34;1128,2;65,216;4,12;24,27;0,931;50,165;2,074;0;1272,445;6,271;7,28;1,009;6,683
2019T3;4;Almería;Andalucía;714123,0;20,901;42,04;16,809;2,7;28,2;78,8;10,26;15233,0;16233,0;13983,0;57,81;46,4;19,75;25698,0;12250,0;103,62;93,19;2,153;90868,32;1116,1;66,605;3,582;24,47;0,888;59,946;3,869;0;1299,546;6,404;7,435;1,031;6,825
2019T4;4;Almería;Andalucía;714123,0;20,901;42,04;16,809;2,7;28,2;78,8;10,26;15233,0;16233,0;13983,0;60,72;49,47;18,53;25698,0;12250,0;105,08;96,93;1,99;86180,34;1129,5;66,17;3,425;21,75;0,623;27,694;0,81;0;1291,059;6,363;7,386;1,024;6,78
2020T1;4;Almería;Andalucía;724003,0;20,772;42,1;17,044;2,6;28,3;78,6;5,94;15595,0;16554,0;14384,0;60,94;48,93;19,71;26276,0;12950,0;103,77;92,617;2,03;259728,18;1106,0;66,665;3,997;24,71;0,743;22,31;0,569;0;1300,717;6,286;7,234;0,948;6,672
2020T2;4;Almería;Andalucía;724003,0;20,772;42,1;17,044;2,6;28,3;78,6;5,94;15595,0;16554,0;14384,0;54,35;43,37;20,21;26276,0;12950,0;104,04;93,307;1,907;78583,65;1104,8;66,762;2,213;20,35;0,532;4,198;0,079;0;1302,61;6,295;7,245;0,95;6,682
2020T3;4;Almería;Andalucía;724003,0;20,772;42,1;17,044;2,6;28,3;78,6;5,94;15595,0;16554,0;14384,0;60,02;44,08;26,55;26276,0;12950,0;103,35;92,713;1,937;82099,66;1091,4;67,435;3,186;21,67;0,75;41,982;1,367;0;1315,741;6,359;7,318;0,959;6,75
2020T4;4;Almería;Andalucía;724003,0;20,772;42,1;17,044;2,6;28,3;78,6;5,94;15595,0;16554,0;14384,0;59,73;47,09;21,15;26276,0;12950,0;104,72;97,763;1,8;85899,6;1113,4;67,267;3,464;20,93;0,396;12,418;0,189;0;1312,463;6,343;7,3;0,957;6,733
2021T1;4;Almería;Andalucía;730430,0;20,559;42,24;17,294;2,6;28,6;78,1;8,85;16220,0;17173,0;15021,0;61,57;50,78;17,53;27184,0;13650,0;104,44;94,957;1,72;82166,06;1086,7;67,099;3,564;21,28;0,645;8,807;0,106;0;1309,185;6,099;6,973;0,874;6,457
2021T2;4;Almería;Andalucía;730430,0;20,559;42,24;17,294;2,6;28,6;78,1;8,85;16220,0;17173,0;15021,0;60,81;47,46;21,96;27184,0;13650,0;106,58;100,28;1,62;92758,08;1118,6;69,143;4,228;24,16;1,042;21,316;0,59;0;1349,066;6,285;7,185;0,9;6,654
2021T3;4;Almería;Andalucía;730430,0;20,559;42,24;17,294;2,6;28,6;78,1;8,85;16220,0;17173,0;15021,0;61,79;48,4;21,67;27184,0;13650,0;106,63;99,757;1,593;91946,65;1152,8;71,51;5,939;24,16;0,538;54,165;2,956;0;1395,249;6,5;7,431;0,931;6,882
2021T4;4;Almería;Andalucía;730430,0;20,559;42,24;17,294;2,6;28,6;78,1;8,85;16220,0;17173,0;15021,0;62,89;52,92;15,86;27184,0;13650,0;110,16;105,007;1,543;90586,15;1156,6;72,659;4,71;26,95;0,56;19,344;0,592;0;1417,668;6,604;7,55;0,946;6,992
2022T1;4;Almería;Andalucía;739541,0;20,535;42,24;17,479;2,6;28,8;78,2;16,8;16962,0;17904,0;15769,0;62,96;52,77;16,18;28442,0;13650,0;112,26;105,46;1,597;107203,92;1161,5;74,402;5,278;26,47;0,116;16,842;0,457;0;1451,676;6,486;7,365;0,878;6,847
2022T2;4;Almería;Andalucía;739541,0;20,535;42,24;17,479;2,6;28,8;78,2;16,8;16962,0;17904,0;15769,0;61,8;52,2;15,54;28442,0;13650,0;116,03;114,52;1,737;88198,89;1151,7;76,202;4,748;22,19;0,767;42,396;1,644;0;1486,796;6,643;7,543;0,899;7,012
2022T3;4;Almería;Andalucía;739541,0;20,535;42,24;17,479;2,6;28,8;78,2;16,8;16962,0;17904,0;15769,0;60,66;48,21;20,52;28442,0;13650,0;116,86;110,537;2,143;94631,6;1159,7;77,432;5,889;25,42;0,613;57,297;3,502;0;1510,795;6,751;7,665;0,914;7,126
2022T4;4;Almería;Andalucía;739541,0;20,535;42,24;17,479;2,6;28,8;78,2;16,8;16962,0;17904,0;15769,0;62,11;51,95;16,36;28442,0;13650,0;117,29;115,007;2,867;84768,42;1146,8;77,353;4,664;25,2;1,037;24,026;0,722;0;1509,253;6,744;7,657;0,913;7,118
2023T1;4;Almería;Andalucía;753364,0;20,56;42,21;17,636;2,6;28,9;78,0;9,4;18037,0;19041,0;16752,0;62,91;54,82;12,87;30936,0;15050,0;117,79;112,827;3,593;89801,68;1156,6;77,521;5,352;31,3;1,517;20,483;0,558;0;1512,531;6,355;7,223;0,868;6,709
2023T2;4;Almería;Andalucía;753364,0;20,56;42,21;17,636;2,6;28,9;78,0;9,4;18037,0;19041,0;16752,0;62,34;52,0;16,58;30936,0;15050,0;119,73;116,6;3,887;96612,59;1176,4;79,633;4,651;23,32;0,791;44,034;1,742;0;1553,739;6,528;7,42;0,892;6,891
2023T3;4;Almería;Andalucía;753364,0;20,56;42,21;17,636;2,6;28,9;78,0;9,4;18037,0;19041,0;16752,0;62,34;49,96;19,86;30936,0;15050,0;120,75;112,777;4,057;95738,99;1194,6;81,928;4,552;25,72;0,543;56,536;3,467;0;1598,517;6,716;7,634;0,918;7,09
2023T4;4;Almería;Andalucía;753364,0;20,56;42,21;17,636;2,6;28,9;78,0;9,4;18037,0;19041,0;16752,0;59,17;50,54;14,58;30936,0;15050,0;121,38;117,607;4,03;96611,44;1205,7;81,449;4,087;22,96;0,299;23,752;0,738;0;1589,171;6,677;7,589;0,912;7,048
2024T1;4;Almería;Andalucía;760964,0;20,56;42,21;17,636;2,6;28,9;78,0;12,98;18733,0;19740,0;17452,0;62,58;52,63;15,9;30936,0;15050,0;121,65;113,317;3,693;91330,37;1218,1;83,656;4,101;23,39;0,581;23,242;0,719;1;1632,233;6,615;7,482;0,867;6,971
2024T2;4;Almería;Andalucía;760964,0;20,56;42,21;17,636;2,6;28,9;78,0;12,98;18733,0;19740,0;17452,0;59,77;51,29;14,19;30936,0;15050,0;123,41;117,41;3,55;102350,99;1240,8;87,224;4,481;22,17;1,018;47,463;1,938;1;1701,849;6,897;7,801;0,904;7,268
2024T3;4;Almería;Andalucía;760964,0;20,56;42,21;17,636;2,6;28,9;78,0;12,98;18733,0;19740,0;17452,0;58,68;49,16;16,22;30936,0;15050,0;122,68;114,163;3,45;93871,59;1241,6;90,574;4,995;21,84;0,971;55,845;3,361;1;1767,211;7,162;8,101;0,939;7,547
2024T4;4;Almería;Andalucía;760964,0;20,56;42,21;17,636;2,6;28,9;78,0;12,98;18733,0;19740,0;17452,0;60,03;51,13;14,83;30936,0;15050,0;123,51;118,19;3,167;92642,66;1274,1;92,35;4,682;26,89;1,439;23,412;0,734;1;1801,863;7,302;8,26;0,957;7,695
2015T1;1;Araba/Álava;País Vasco;321541,0;17,671;42,62;22,527;2,4;30,6;92,1;-0,36;27956,0;31787,0;23571,0;61,22;49,61;18,97;35412,0;19950,0;98,71;90,33;2,613;73828,72;1938,3;59,408;1,418;29,82;0,55;12,862;0,352;1;1948,05;4,903;6,612;1,709;5,575
2015T2;1;Araba/Álava;País Vasco;321541,0;17,671;42,62;22,527;2,4;30,6;92,1;-0,36;27956,0;31787,0;23571,0;59,83;50,53;15,54;35412,0;19950,0;100,73;93,72;2,507;112497,42;2029,1;60,423;1,667;36,01;0,476;13,314;0,49;1;1981,333;4,987;6,725;1,738;5,67
2015T3;1;Araba/Álava;País Vasco;321541,0;17,671;42,62;22,527;2,4;30,6;92,1;-0,36;27956,0;31787,0;23571,0;57,86;50,14;13,33;35412,0;19950,0;99,87;90,26;2,45;106469,03;1970,3;60,399;1,543;22,18;0,51;13,288;0,711;1;1980,546;4,985;6,722;1,737;5,668
2015T4;1;Araba/Álava;País Vasco;321541,0;17,671;42,62;22,527;2,4;30,6;92,1;-0,36;27956,0;31787,0;23571,0;59,52;52,25;12,21;35412,0;19950,0;100,7;92,907;2,427;113703,7;1967,3;60,842;1,253;17,62;0,796;13,33;0,528;1;1995,072;5,021;6,771;1,75;5,709
2016T1;1;Araba/Álava;País Vasco;322974,0;17,021;42,58;22,998;2,4;30,8;91,8;2,21;27893,0;31648,0;23676,0;58,86;52,56;10,71;35412,0;19950,0;98,35;88,55;2,33;116735,61;1916,1;61,101;1,975;31,82;0,316;12,761;0,404;1;2003,565;5,065;6,77;1,705;5,746
2016T2;1;Araba/Álava;País Vasco;322974,0;17,021;42,58;22,998;2,4;30,8;91,8;2,21;27893,0;31648,0;23676,0;57,86;50,27;13,11;35412,0;19950,0;99,98;92,68;2,323;107101,27;1925,4;62,101;1,944;20,86;0,505;13,392;0,495;1;2036,356;5,148;6,881;1,733;5,84
2016T3;1;Araba/Álava;País Vasco;322974,0;17,021;42,58;22,998;2,4;30,8;91,8;2,21;27893,0;31648,0;23676,0;58,16;51,09;12,16;35412,0;19950,0;99,73;89,743;2,367;107728,29;1911,1;62,528;1,539;18,31;0,437;13,485;0,788;1;2050,358;5,183;6,928;1,745;5,881
2016T4;1;Araba/Álava;País Vasco;322974,0;17,021;42,58;22,998;2,4;30,8;91,8;2,21;27893,0;31648,0;23676,0;58,85;51,8;11,97;35412,0;19950,0;101,61;93,203;2,273;105553,61;1860,8;61,548;1,406;22,47;0,362;13,448;0,514;1;2018,223;5,102;6,819;1,718;5,788
2017T1;1;Araba/Álava;País Vasco;325250,0;16,542;42,5;23,399;2,4;30,9;91,4;3,42;28704,0;32653,0;24402,0;56,85;50,01;12,03;35412,0;19950,0;101,05;90,093;2,237;97096,36;1931,1;63,106;2,291;19,87;0,664;12,882;0,42;1;2069,311;5,07;6,784;1,714;5,767
2017T2;1;Araba/Álava;País Vasco;325250,0;16,542;42,5;23,399;2,4;30,9;91,4;3,42;28704,0;32653,0;24402,0;57,11;49,65;13,05;35412,0;19950,0;102,02;93,773;2,17;113034,31;1905,1;64,923;2,103;12,87;0,695;13,682;0,616;1;2128,892;5,216;6,979;1,764;5,933
2017T3;1;Araba/Álava;País Vasco;325250,0;16,542;42,5;23,399;2,4;30,9;91,4;3,42;28704,0;32653,0;24402,0;56,71;50,5;10,95;35412,0;19950,0;101,66;91,133;2,217;114048,54;1910,5;66,145;2,097;16,13;0,547;13,675;0,805;1;2168,963;5,314;7,111;1,797;6,045
2017T4;1;Araba/Álava;País Vasco;325250,0;16,542;42,5;23,399;2,4;30,9;91,4;3,42;28704,0;32653,0;24402,0;57,96;52,72;9,04;35412,0;19950,0;103,13;94,803;2,153;99517,95;1940,6;65,919;2,14;23,85;0,326;13,522;0,554;1;2161,552;5,296;7,086;1,791;6,024
2018T1;1;Araba/Álava;País Vasco;327763,0;16,316;42,2;23,853;2,4;31,0;90,9;4,88;28898,0;32723,0;24693,0;57,56;51,49;10,54;35412,0;19950,0;101,78;91,97;2,227;118804,62;1902,9;66,963;2,779;27,88;0,415;13,05;0,422;1;2195,786;5,368;7,114;1,746;6,079
2018T2;1;Araba/Álava;País Vasco;327763,0;16,316;42,2;23,853;2,4;31,0;90,9;4,88;28898,0;32723,0;24693,0;57,7;51,63;10,53;35412,0;19950,0;103,67;95,373;2,197;115669,23;1911,7;68,678;2,712;16,76;0,735;13,524;0,617;1;2252,023;5,506;7,296;1,79;6,234
2018T3;1;Araba/Álava;País Vasco;327763,0;16,316;42,2;23,853;2,4;31,0;90,9;4,88;28898,0;32723,0;24693,0;57,77;53,15;7,99;35412,0;19950,0;103,58;92,553;2,167;117814,7;1901,0;69,335;2,27;12,37;0,491;13,491;0,8;1;2273,566;5,558;7,366;1,808;6,294
2018T4;1;Araba/Álava;País Vasco;327763,0;16,316;42,2;23,853;2,4;31,0;90,9;4,88;28898,0;32723,0;24693,0;58,13;53,83;7,39;35412,0;19950,0;104,51;96,513;2,26;123903,91;1941,5;69,238;1,928;12,34;0,955;13,283;0,576;1;2270,386;5,551;7,356;1,805;6,285
2019T1;1;Araba/Álava;País Vasco;330104,0;16,191;41,96;24,294;2,4;31,1;90,3;7,14;30031,0;34005,0;25639,0;59,38;54,91;7,54;35412,0;19950,0;102,95;92,79;2,37;125440,33;1993,1;70,833;2,838;13,02;0,639;12,264;0,43;1;2322,687;5,464;7,247;1,783;6,187
2019T2;1;Araba/Álava;País Vasco;330104,0;16,191;41,96;24,294;2,4;31,1;90,3;7,14;30031,0;34005,0;25639,0;58,35;53,66;8,04;35412,0;19950,0;104,7;96,067;2,35;128364,71;1966,8;71,327;2,693;14,29;0,903;13,225;0,624;1;2338,886;5,502;7,298;1,795;6,231
2019T3;1;Araba/Álava;País Vasco;330104,0;16,191;41,96;24,294;2,4;31,1;90,3;7,14;30031,0;34005,0;25639,0;57,22;51,37;10,23;35412,0;19950,0;104,14;93,19;2,153;122483,11;1914,1;72,683;2,305;11,17;0,512;13,184;0,766;1;2383,351;5,607;7,437;1,83;6,349
2019T4;1;Araba/Álava;País Vasco;330104,0;16,191;41,96;24,294;2,4;31,1;90,3;7,14;30031,0;34005,0;25639,0;56,4;52,28;7,31;35412,0;19950,0;105,27;96,93;1,99;121558,68;1964,2;71,28;2,187;20,91;0,503;13,023;0,549;1;2337,345;5,499;7,293;1,794;6,226
2020T1;1;Araba/Álava;País Vasco;332874,0;16,121;41,71;24,669;2,4;31,3;90,3;2,38;30677,0;34674,0;26353,0;55,24;52,15;5,59;35412,0;19950,0;103,62;92,617;2,03;125454,79;1947,0;73,235;2,566;13,7;0,433;11,592;0,34;0;2401,451;5,541;7,29;1,749;6,263
2020T2;1;Araba/Álava;País Vasco;332874,0;16,121;41,71;24,669;2,4;31,3;90,3;2,38;30677,0;34674,0;26353,0;54,06;49,84;7,81;35412,0;19950,0;103,99;93,307;1,907;142418,3;1949,1;72,482;1,772;18,64;0,291;4,059;0,063;0;2376,76;5,484;7,215;1,731;6,198
2020T3;1;Araba/Álava;País Vasco;332874,0;16,121;41,71;24,669;2,4;31,3;90,3;2,38;30677,0;34674,0;26353,0;54,83;50,42;8,04;35412,0;19950,0;103,56;92,713;1,937;92538,59;1921,9;74,032;3,494;7,05;0,252;11,135;0,378;0;2427,586;5,601;7,369;1,769;6,331
2020T4;1;Araba/Álava;País Vasco;332874,0;16,121;41,71;24,669;2,4;31,3;90,3;2,38;30677,0;34674,0;26353,0;55,11;49,6;9,99;35412,0;19950,0;104,49;97,763;1,8;137038,02;1966,4;72,823;2,322;9,31;0,367;10,268;0,212;0;2387,941;5,509;7,249;1,74;6,227
2021T1;1;Araba/Álava;País Vasco;333485,0;15,993;41,64;25,004;2,4;31,9;90,1;2,68;31530,0;35523,0;27134,0;56,3;49,12;12,76;36546,0;20650,0;104,29;94,957;1,72;140912,74;2017,1;73,379;2,597;14,09;1,196;10,63;0,185;0;2406,173;5,419;7,094;1,675;6,105
2021T2;1;Araba/Álava;País Vasco;333485,0;15,993;41,64;25,004;2,4;31,9;90,1;2,68;31530,0;35523,0;27134,0;55,37;49,32;10,92;36546,0;20650,0;106,86;100,28;1,62;138014,51;2010,0;74,332;2,798;15,11;0,777;12,254;0,324;0;2437,423;5,489;7,186;1,697;6,184
2021T3;1;Araba/Álava;País Vasco;333485,0;15,993;41,64;25,004;2,4;31,9;90,1;2,68;31530,0;35523,0;27134,0;58,45;51,26;12,3;36546,0;20650,0;107,13;99,757;1,593;117049,27;1975,4;75,034;2,525;10,1;1,071;13,607;0,711;0;2460,442;5,541;7,254;1,713;6,243
2021T4;1;Araba/Álava;País Vasco;333485,0;15,993;41,64;25,004;2,4;31,9;90,1;2,68;31530,0;35523,0;27134,0;58,91;53,32;9,48;36546,0;20650,0;110,56;105,007;1,543;154893,94;2036,7;75,9;2,525;15,68;1,247;12,878;0,544;0;2488,839;5,605;7,338;1,733;6,315
2022T1;1;Araba/Álava;País Vasco;333908,0;15,997;41,27;25,581;2,4;32,1;89,8;10,73;32799,0;36885,0;28321,0;56,38;50,63;10,21;38586,0;21350,0;112,54;105,46;1,597;141822,03;1985,2;77,966;2,683;10,27;1,249;12,232;0,416;0;2556,586;5,545;7,222;1,677;6,236
2022T2;1;Araba/Álava;País Vasco;333908,0;15,997;41,27;25,581;2,4;32,1;89,8;10,73;32799,0;36885,0;28321,0;56,88;51,39;9,67;38586,0;21350,0;116,3;114,52;1,737;148721,23;2048,8;79,161;3,16;19,05;0,722;13,328;0,63;0;2595,771;5,63;7,332;1,702;6,331
2022T3;1;Araba/Álava;País Vasco;333908,0;15,997;41,27;25,581;2,4;32,1;89,8;10,73;32799,0;36885,0;28321,0;58,02;52,79;9,01;38586,0;21350,0;117,59;110,537;2,143;124203,14;2046,4;80,889;2,947;20,43;0,383;13,328;0,805;0;2652,434;5,753;7,492;1,74;6,47
2022T4;1;Araba/Álava;País Vasco;333908,0;15,997;41,27;25,581;2,4;32,1;89,8;10,73;32799,0;36885,0;28321,0;58,57;53,96;7,87;38586,0;21350,0;117,13;115,007;2,867;138073,39;2035,2;79,634;2,716;25,47;1,195;13,129;0,584;0;2611,281;5,664;7,376;1,713;6,369
2023T1;1;Araba/Álava;País Vasco;336308,0;16,295;40,92;25,846;2,4;32,4;89,3;8,89;34386,0;38582,0;29750,0;58,6;54,7;6,67;41914,0;23450,0;117,69;112,827;3,593;146592,07;2070,5;80,369;2,783;18,8;0,803;12,783;0,5;0;2635,383;5,464;7,087;1,622;6,131
2023T2;1;Araba/Álava;País Vasco;336308,0;16,295;40,92;25,846;2,4;32,4;89,3;8,89;34386,0;38582,0;29750,0;58,18;54,0;7,18;41914,0;23450,0;119,26;116,6;3,887;147166,92;2078,3;81,562;2,061;11,69;0,889;13,474;0,661;0;2674,502;5,546;7,192;1,646;6,222
2023T3;1;Araba/Álava;País Vasco;336308,0;16,295;40,92;25,846;2,4;32,4;89,3;8,89;34386,0;38582,0;29750,0;57,86;52,25;9,7;41914,0;23450,0;120,39;112,777;4,057;142561,7;2092,3;83,972;2,441;10,11;0,494;14,42;0,927;0;2753,529;5,709;7,404;1,695;6,406
2023T4;1;Araba/Álava;País Vasco;336308,0;16,295;40,92;25,846;2,4;32,4;89,3;8,89;34386,0;38582,0;29750,0;56,43;53,47;5,26;41914,0;23450,0;120,31;117,607;4,03;138360,77;2108,4;82,719;1,882;19,27;1,047;14,75;0,683;0;2712,441;5,624;7,294;1,67;6,311
2024T1;1;Araba/Álava;País Vasco;338594,0;16,295;40,92;25,846;2,4;32,4;89,3;11,43;35761,0;40042,0;30998,0;57,13;52,1;8,8;41914,0;23450,0;120,75;113,317;3,693;144308,15;2095,7;85,5;2,454;20,1;1,35;13,784;0,589;1;2803,633;5,601;7,236;1,634;6,272
2024T2;1;Araba/Álava;País Vasco;338594,0;16,295;40,92;25,846;2,4;32,4;89,3;11,43;35761,0;40042,0;30998,0;56,96;52,25;8,28;41914,0;23450,0;123,07;117,41;3,55;133801,68;2112,0;88,46;2,564;38,02;0,307;14,515;0,726;1;2900,695;5,795;7,486;1,691;6,489
2024T3;1;Araba/Álava;País Vasco;338594,0;16,295;40,92;25,846;2,4;32,4;89,3;11,43;35761,0;40042,0;30998,0;56,28;50,99;9,4;41914,0;23450,0;122,64;114,163;3,45;143331,62;2141,4;91,022;3,119;36,36;1,226;14,891;0,93;1;2984,705;5,963;7,703;1,74;6,677
2024T4;1;Araba/Álava;País Vasco;338594,0;16,295;40,92;25,846;2,4;32,4;89,3;11,43;35761,0;40042,0;30998,0;56,04;51,68;7,79;41914,0;23450,0;123,23;118,19;3,167;147580,28;2183,2;91,556;2,782;30,68;0,437;15,633;0,733;1;3002,216;5,998;7,748;1,75;6,716
2015T1;33;Asturias;Asturias, Principado de;1049328,0;16,395;42,28;28,212;2,3;31,3;96,1;-0,69;19684,0;22542,0;16443,0;50,13;40,61;18,99;27986,0;15750,0;98,95;90,33;2,613;83817,65;1264,5;60,882;1,303;30,21;0,779;17,865;0,381;0;1238,892;4,397;6,028;1,631;5,035
2015T2;33;Asturias;Asturias, Principado de;1049328,0;16,395;42,28;28,212;2,3;31,3;96,1;-0,69;19684,0;22542,0;16443,0;50,53;40,35;20,15;27986,0;15750,0;100,84;93,72;2,507;106571,81;1271,2;62,752;1,225;24,36;1,032;24,854;0,755;0;1276,945;4,532;6,213;1,681;5,19
2015T3;33;Asturias;Asturias, Principado de;1049328,0;16,395;42,28;28,212;2,3;31,3;96,1;-0,69;19684,0;22542,0;16443,0;51,42;42,69;16,97;27986,0;15750,0;99,75;90,26;2,45;92038,39;1259,9;63,859;1,349;24,08;0,956;27,321;1,489;0;1299,471;4,612;6,322;1,711;5,281
2015T4;33;Asturias;Asturias, Principado de;1049328,0;16,395;42,28;28,212;2,3;31,3;96,1;-0,69;19684,0;22542,0;16443,0;51,8;41,27;20,33;27986,0;15750,0;100,46;92,907;2,427;86571,86;1286,6;62,258;1,373;28,24;1,06;19,799;0,537;0;1266,892;4,496;6,164;1,668;5,149
2016T1;33;Asturias;Asturias, Principado de;1040407,0;15,703;42,38;28,762;2,3;31,7;96,2;1,18;19765,0;22702,0;16474,0;51,35;41,34;19,5;28303,0;15750,0;98,25;88,55;2,33;90727,84;1286,3;62,773;1,547;25,16;1,02;18,417;0,466;0;1277,372;4,501;6,203;1,702;5,17
2016T2;33;Asturias;Asturias, Principado de;1040407,0;15,703;42,38;28,762;2,3;31,7;96,2;1,18;19765,0;22702,0;16474,0;52,12;42,06;19,29;28303,0;15750,0;99,95;92,68;2,323;86220,17;1266,3;63,198;1,558;22,83;1,092;25,025;0,729;0;1286,02;4,532;6,245;1,713;5,205
2016T3;33;Asturias;Asturias, Principado de;1040407,0;15,703;42,38;28,762;2,3;31,7;96,2;1,18;19765,0;22702,0;16474,0;52,36;43,43;17,05;28303,0;15750,0;99,77;89,743;2,367;90622,7;1279,2;63,851;1,505;24,01;0,975;26,976;1,534;0;1299,308;4,579;6,31;1,731;5,259
2016T4;33;Asturias;Asturias, Principado de;1040407,0;15,703;42,38;28,762;2,3;31,7;96,2;1,18;19765,0;22702,0;16474,0;50,9;43,48;14,59;28303,0;15750,0;101,6;93,203;2,273;85774,88;1269,6;63,47;1,554;24,06;1,035;20,481;0,587;0;1291,555;4,551;6,272;1,721;5,228
2017T1;33;Asturias;Asturias, Principado de;1033550,0;15,116;42,37;29,3;2,3;32,1;96,1;1,22;19987,0;22959,0;16685,0;50,83;43,59;14,23;28866,0;16450,0;100,99;90,093;2,237;95897,72;1263,8;63,653;1,814;23,41;1,044;18,526;0,401;0;1295,279;4,513;6,211;1,697;5,184
2017T2;33;Asturias;Asturias, Principado de;1033550,0;15,116;42,37;29,3;2,3;32,1;96,1;1,22;19987,0;22959,0;16685,0;51,15;44,49;13,03;28866,0;16450,0;101,72;93,773;2,17;89722,41;1254,0;63,033;1,932;20,38;0,958;25,962;0,884;0;1282,663;4,469;6,15;1,681;5,134
2017T3;33;Asturias;Asturias, Principado de;1033550,0;15,116;42,37;29,3;2,3;32,1;96,1;1,22;19987,0;22959,0;16685,0;50,79;44,21;12,95;28866,0;16450,0;101,19;91,133;2,217;92529,05;1288,7;64,393;1,948;25,09;1,055;28,015;1,585;0;1310,338;4,566;6,283;1,717;5,245
2017T4;33;Asturias;Asturias, Principado de;1033550,0;15,116;42,37;29,3;2,3;32,1;96,1;1,22;19987,0;22959,0;16685,0;50,67;43,25;14,64;28866,0;16450,0;102,78;94,803;2,153;90069,8;1295,0;65,005;1,892;20,67;0,992;20,996;0,591;0;1322,791;4,609;6,342;1,733;5,295
2018T1;33;Asturias;Asturias, Principado de;1027091,0;14,673;42,16;29,962;2,3;32,6;95,9;2,48;20650,0;23611,0;17377,0;50,95;43,29;15,02;29637,0;17150,0;101,64;91,97;2,227;93283,93;1260,5;65,023;2,336;25,8;1,295;19,572;0,449;0;1323,157;4,483;6,092;1,608;5,126
2018T2;33;Asturias;Asturias, Principado de;1027091,0;14,673;42,16;29,962;2,3;32,6;95,9;2,48;20650,0;23611,0;17377,0;50,81;44,16;13,1;29637,0;17150,0;103,41;95,373;2,197;95278,86;1274,2;65,619;2,008;20,42;1,18;25,863;0,858;0;1335,285;4,524;6,147;1,623;5,173
2018T3;33;Asturias;Asturias, Principado de;1027091,0;14,673;42,16;29,962;2,3;32,6;95,9;2,48;20650,0;23611,0;17377,0;51,06;44,19;13,45;29637,0;17150,0;103,46;92,553;2,167;90502,36;1276,6;67,219;2,347;22,56;0,918;28,142;1,565;0;1367,844;4,635;6,297;1,663;5,299
2018T4;33;Asturias;Asturias, Principado de;1027091,0;14,673;42,16;29,962;2,3;32,6;95,9;2,48;20650,0;23611,0;17377,0;50,27;43,81;12,86;29637,0;17150,0;104,42;96,513;2,26;95744,62;1276,6;67,183;1,999;21,24;0,711;21,77;0,619;0;1367,111;4,632;6,294;1,662;5,296
2019T1;33;Asturias;Asturias, Principado de;1021469,0;14,326;41,92;30,573;2,3;32,7;95,6;4,64;21311,0;24238,0;18091,0;50,92;43,27;15,03;30798,0;17850,0;102,73;92,79;2,37;95142,38;1274,7;67,485;2,175;25,2;0,841;17,594;0,404;0;1373,257;4,533;6,073;1,54;5,155
2019T2;33;Asturias;Asturias, Principado de;1021469,0;14,326;41,92;30,573;2,3;32,7;95,6;4,64;21311,0;24238,0;18091,0;50,37;43,23;14,17;30798,0;17850,0;104,24;96,067;2,35;94052,33;1303,7;68,976;2,332;22,88;0,907;26,964;0,951;0;1403,597;4,633;6,207;1,574;5,269
2019T3;33;Asturias;Asturias, Principado de;1021469,0;14,326;41,92;30,573;2,3;32,7;95,6;4,64;21311,0;24238,0;18091,0;50,74;43,41;14,43;30798,0;17850,0;103,42;93,19;2,153;94149,39;1268,7;69,595;1,828;21,96;1,009;28,57;1,668;0;1416,193;4,674;6,263;1,588;5,316
2019T4;33;Asturias;Asturias, Principado de;1021469,0;14,326;41,92;30,573;2,3;32,7;95,6;4,64;21311,0;24238,0;18091,0;50,77;44,1;13,14;30798,0;17850,0;104,48;96,93;1,99;96005,8;1269,8;70,069;1,827;23,69;0,859;21,583;0,643;0;1425,839;4,706;6,305;1,599;5,352
2020T1;33;Asturias;Asturias, Principado de;1018053,0;14,11;41,63;31,169;2,3;33,1;95,5;2,56;21191,0;23851,0;18292,0;50,95;43,63;14,37;30658,0;17850,0;103,06;92,617;2,03;82498,72;1262,8;70,43;1,964;23,56;0,912;15,362;0,339;0;1433,185;4,807;6,268;1,461;5,411
2020T2;33;Asturias;Asturias, Principado de;1018053,0;14,11;41,63;31,169;2,3;33,1;95,5;2,56;21191,0;23851,0;18292,0;48,91;41,84;14,45;30658,0;17850,0;103,18;93,307;1,907;103536,83;1270,5;71,607;1,282;25,9;0,718;4,538;0,059;0;1457,136;4,887;6,373;1,485;5,501
2020T3;33;Asturias;Asturias, Principado de;1018053,0;14,11;41,63;31,169;2,3;33,1;95,5;2,56;21191,0;23851,0;18292,0;50,05;42,96;14,16;30658,0;17850,0;102,81;92,713;1,937;102424,31;1275,6;71,49;2,024;29,21;0,921;25,996;1,25;0;1454,755;4,879;6,362;1,483;5,492
2020T4;33;Asturias;Asturias, Principado de;1018053,0;14,11;41,63;31,169;2,3;33,1;95,5;2,56;21191,0;23851,0;18292,0;50,18;43,41;13,5;30658,0;17850,0;103,72;97,763;1,8;97563,53;1247,3;71,369;2,222;24,14;0,824;12,996;0,173;0;1452,293;4,871;6,352;1,48;5,483
2021T1;33;Asturias;Asturias, Principado de;1012117,0;13,931;41,51;31,588;2,2;33,7;95,5;1,29;22286,0;25118,0;19183,0;50,42;43,5;13,73;31623,0;18550,0;103,67;94,957;1,72;103800,11;1283,6;71,964;2,33;22,48;0,82;9,181;0,108;0;1464,4;4,664;6,107;1,443;5,257
2021T2;33;Asturias;Asturias, Principado de;1012117,0;13,931;41,51;31,588;2,2;33,7;95,5;1,29;22286,0;25118,0;19183,0;50,76;43,95;13,42;31623,0;18550,0;105,94;100,28;1,62;105268,9;1285,3;74,21;2,313;21,74;1,326;16,54;0,377;0;1510,104;4,81;6,298;1,488;5,421
2021T3;33;Asturias;Asturias, Principado de;1012117,0;13,931;41,51;31,588;2,2;33,7;95,5;1,29;22286,0;25118,0;19183,0;50,72;44,59;12,09;31623,0;18550,0;106,16;99,757;1,593;109419,81;1293,5;74,786;2,37;19,22;1,131;28,017;1,644;0;1521,825;4,847;6,347;1,5;5,463
2021T4;33;Asturias;Asturias, Principado de;1012117,0;13,931;41,51;31,588;2,2;33,7;95,5;1,29;22286,0;25118,0;19183,0;49,75;44,72;10,1;31623,0;18550,0;109,5;105,007;1,543;106855,78;1280,9;75,762;2,28;20,19;1,322;20,853;0,639;0;1541,686;4,91;6,429;1,519;5,534
2022T1;33;Asturias;Asturias, Principado de;1004960,0;13,753;41,16;32,265;2,2;34,0;94,8;9,08;23405,0;26408,0;20157,0;49,66;43,86;11,68;33242,0;19250,0;111,58;105,46;1,597;108167,55;1303,7;77,195;2,786;19,18;0,993;17,332;0,394;0;1570,846;4,759;6,234;1,476;5,369
2022T2;33;Asturias;Asturias, Principado de;1004960,0;13,753;41,16;32,265;2,2;34,0;94,8;9,08;23405,0;26408,0;20157,0;48,69;43,04;11,6;33242,0;19250,0;115,66;114,52;1,737;108841,64;1319,5;79,104;2,923;17,29;1,255;25,302;0,933;0;1609,693;4,876;6,389;1,512;5,502
2022T3;33;Asturias;Asturias, Principado de;1004960,0;13,753;41,16;32,265;2,2;34,0;94,8;9,08;23405,0;26408,0;20157,0;49,6;43,36;12,59;33242,0;19250,0;117,02;110,537;2,143;112356,89;1298,8;79,578;2,864;19,42;0,89;27,912;1,646;0;1619,338;4,906;6,427;1,521;5,535
2022T4;33;Asturias;Asturias, Principado de;1004960,0;13,753;41,16;32,265;2,2;34,0;94,8;9,08;23405,0;26408,0;20157,0;49,74;42,69;14,18;33242,0;19250,0;116,77;115,007;2,867;107061,94;1300,1;79,262;2,702;17,5;0,835;20,925;0,683;0;1612,908;4,886;6,401;1,515;5,513
2023T1;33;Asturias;Asturias, Principado de;1006060,0;13,857;40,82;32,585;2,2;34,4;94,1;9,12;24581,0;27637,0;21305,0;49,21;42,77;13,1;35265,0;20650,0;117,4;112,827;3,593;114853,16;1335,6;79,97;3,162;16,16;0,822;18,416;0,481;0;1627,315;4,711;6,111;1,4;5,296
2023T2;33;Asturias;Asturias, Principado de;1006060,0;13,857;40,82;32,585;2,2;34,4;94,1;9,12;24581,0;27637,0;21305,0;49,88;44,71;10,38;35265,0;20650,0;118,9;116,6;3,887;113383,62;1361,8;81,36;3,126;20,32;1,29;26,61;1,045;0;1655,6;4,792;6,217;1,424;5,388
2023T3;33;Asturias;Asturias, Principado de;1006060,0;13,857;40,82;32,585;2,2;34,4;94,1;9,12;24581,0;27637,0;21305,0;51,2;44,35;13,39;35265,0;20650,0;120,07;112,777;4,057;107400,66;1363,4;83,583;2,796;20,73;0,932;28,426;1,711;0;1700,836;4,923;6,387;1,463;5,535
2023T4;33;Asturias;Asturias, Principado de;1006060,0;13,857;40,82;32,585;2,2;34,4;94,1;9,12;24581,0;27637,0;21305,0;50,05;44,23;11,62;35265,0;20650,0;120,27;117,607;4,03;111395,44;1347,2;82,013;2,913;17,33;0,778;21,403;0,747;0;1668,888;4,831;6,267;1,436;5,431
2024T1;33;Asturias;Asturias, Principado de;1009599,0;13,857;40,82;32,585;2,2;34,4;94,1;10,24;25470,0;28640,0;22113,0;50,81;45,02;11,4;35265,0;20650,0;120,99;113,317;3,693;113672,62;1362,8;84,06;3,154;19,22;0,917;19,159;0,58;1;1710,543;4,778;6,188;1,41;5,373
2024T2;33;Asturias;Asturias, Principado de;1009599,0;13,857;40,82;32,585;2,2;34,4;94,1;10,24;25470,0;28640,0;22113,0;50,7;44,72;11,79;35265,0;20650,0;122,97;117,41;3,55;101461,11;1400,4;87,358;3,155;16,83;0,962;25,96;0,991;1;1777,654;4,966;6,431;1,466;5,584
2024T3;33;Asturias;Asturias, Principado de;1009599,0;13,857;40,82;32,585;2,2;34,4;94,1;10,24;25470,0;28640,0;22113,0;51,94;47,13;9,26;35265,0;20650,0;122,91;114,163;3,45;110003,64;1435,8;89,334;3,747;23,31;1,08;28,327;1,705;1;1817,864;5,078;6,577;1,499;5,71
2024T4;33;Asturias;Asturias, Principado de;1009599,0;13,857;40,82;32,585;2,2;34,4;94,1;10,24;25470,0;28640,0;22113,0;52,16;47,94;8,09;35265,0;20650,0;123,38;118,19;3,167;111853,3;1473,1;91,637;4,223;23,05;1,521;21,259;0,743;1;1864,728;5,209;6,746;1,537;5,857
2015T1;6;Badajoz;Extremadura;686250,0;21,404;39,33;21,338;2,6;26,8;97,1;-1,37;13362,0;14391,0;12069,0;55,11;38,28;30,54;21824,0;10850,0;99,2;90,33;2,613;69993,12;883,2;70,798;1,364;22,33;0,353;13,319;0,268;0;873,593;4,856;5,791;0,934;5,23
2015T2;6;Badajoz;Extremadura;686250,0;21,404;39,33;21,338;2,6;26,8;97,1;-1,37;13362,0;14391,0;12069,0;55,2;38,18;30,83;21824,0;10850,0;101,04;93,72;2,507;65129,66;878,6;71,481;1,259;20,6;0,38;14,222;0,432;0;882,02;4,903;5,847;0,943;5,281
2015T3;6;Badajoz;Extremadura;686250,0;21,404;39,33;21,338;2,6;26,8;97,1;-1,37;13362,0;14391,0;12069,0;56,0;39,41;29,63;21824,0;10850,0;99,46;90,26;2,45;71508,95;875,8;71,599;1,208;13,63;0,484;14,081;0,464;0;883,476;4,911;5,856;0,945;5,289
2015T4;6;Badajoz;Extremadura;686250,0;21,404;39,33;21,338;2,6;26,8;97,1;-1,37;13362,0;14391,0;12069,0;55,86;39,1;30,01;21824,0;10850,0;100,29;92,907;2,427;69177,84;882,3;71,383;1,183;14,78;0,369;13,589;0,351;0;880,811;4,896;5,839;0,942;5,274
2016T1;6;Badajoz;Extremadura;682970,0;20,894;39,76;21,55;2,5;27,1;97,2;-1,54;13550,0;14626,0;12220,0;56,57;39,33;30,48;22222,0;10850,0;98,17;88,55;2,33;75961,72;889,7;71,985;1,564;13,39;0,425;13,611;0,297;0;888,239;4,858;5,815;0,957;5,244
2016T2;6;Badajoz;Extremadura;682970,0;20,894;39,76;21,55;2,5;27,1;97,2;-1,54;13550,0;14626,0;12220,0;56,38;40,17;28,75;22222,0;10850,0;100,02;92,68;2,323;71467,55;891,2;72,402;1,568;12,32;0,593;14,477;0,408;0;893,385;4,887;5,849;0,962;5,275
2016T3;6;Badajoz;Extremadura;682970,0;20,894;39,76;21,55;2,5;27,1;97,2;-1,54;13550,0;14626,0;12220,0;56,1;40,41;27,98;22222,0;10850,0;99,39;89,743;2,367;72677,84;856,8;73,006;1,419;8,57;0,548;14,461;0,471;0;900,838;4,927;5,897;0,97;5,319
2016T4;6;Badajoz;Extremadura;682970,0;20,894;39,76;21,55;2,5;27,1;97,2;-1,54;13550,0;14626,0;12220,0;56,35;38,46;31,75;22222,0;10850,0;101,28;93,203;2,273;70367,59;858,9;71,946;1,496;12,13;0,616;13,906;0,372;0;887,758;4,856;5,812;0,956;5,241
2017T1;6;Badajoz;Extremadura;679042,0;20,397;39,97;21,947;2,5;27,2;97,2;-0,33;13868,0;15009,0;12459,0;55,74;38,01;31,8;22872,0;11550,0;100,73;90,093;2,237;75166,31;877,1;72,77;1,611;9,42;0,383;13,403;0,293;0;897,925;4,786;5,766;0,98;5,18
2017T2;6;Badajoz;Extremadura;679042,0;20,397;39,97;21,947;2,5;27,2;97,2;-0,33;13868,0;15009,0;12459,0;56,29;40,74;27,62;22872,0;11550,0;101,73;93,773;2,17;70154,73;860,0;72,66;1,633;10,01;0,602;13,925;0,473;0;896,568;4,779;5,757;0,978;5,172
2017T3;6;Badajoz;Extremadura;679042,0;20,397;39,97;21,947;2,5;27,2;97,2;-0,33;13868,0;15009,0;12459,0;55,5;40,96;26,18;22872,0;11550,0;100,62;91,133;2,217;72910,6;844,1;73,025;1,62;12,45;0,619;14,026;0,511;0;901,072;4,803;5,786;0,983;5,198
2017T4;6;Badajoz;Extremadura;679042,0;20,397;39,97;21,947;2,5;27,2;97,2;-0,33;13868,0;15009,0;12459,0;55,85;40,76;27,01;22872,0;11550,0;102,4;94,803;2,153;74565,74;854,5;72,082;1,484;9,62;0,535;13,589;0,408;0;889,436;4,741;5,711;0,97;5,131
2018T1;6;Badajoz;Extremadura;675742,0;19,932;40,16;22,334;2,5;27,7;97,1;1,0;14435,0;15649,0;12953,0;55,92;39,9;28,64;23780,0;12250,0;101,34;91,97;2,227;75066,5;865,9;73,019;1,489;9,44;0,434;12,974;0,33;0;900,998;4,606;5,565;0,959;4,993
2018T2;6;Badajoz;Extremadura;675742,0;19,932;40,16;22,334;2,5;27,7;97,1;1,0;14435,0;15649,0;12953,0;56,14;41,53;26,03;23780,0;12250,0;103,37;95,373;2,197;79773,77;858,6;74,255;1,869;11,01;0,764;14,011;0,511;0;916,249;4,684;5,659;0,975;5,078
2018T3;6;Badajoz;Extremadura;675742,0;19,932;40,16;22,334;2,5;27,7;97,1;1,0;14435,0;15649,0;12953,0;55,52;42,74;23,03;23780,0;12250,0;102,89;92,553;2,167;81487,78;868,0;74,646;1,85;11,6;0,627;14,043;0,559;0;921,074;4,709;5,689;0,98;5,105
2018T4;6;Badajoz;Extremadura;675742,0;19,932;40,16;22,334;2,5;27,7;97,1;1,0;14435,0;15649,0;12953,0;56,4;42,8;24,1;23780,0;12250,0;104,17;96,513;2,26;79804,12;870,9;74,002;1,652;12,37;0,553;13,679;0,445;0;913,127;4,668;5,64;0,972;5,061
2019T1;6;Badajoz;Extremadura;673384,0;19,563;40,33;22,711;2,5;28,0;96,9;2,19;15254,0;16533,0;13711,0;56,99;43,3;24,03;24819,0;12950,0;102,4;92,79;2,37;72289,75;854,0;74,796;2,024;12,33;0,5;13,358;0,362;0;922,925;4,466;5,385;0,919;4,84
2019T2;6;Badajoz;Extremadura;673384,0;19,563;40,33;22,711;2,5;28,0;96,9;2,19;15254,0;16533,0;13711,0;55,87;44,17;20,94;24819,0;12950,0;104,32;96,067;2,35;78066,67;862,4;75,52;2,213;23,69;0,907;14,175;0,525;0;931,858;4,509;5,437;0,928;4,887
2019T3;6;Badajoz;Extremadura;673384,0;19,563;40,33;22,711;2,5;28,0;96,9;2,19;15254,0;16533,0;13711,0;56,29;44,95;20,15;24819,0;12950,0;102,82;93,19;2,153;79062,98;870,3;75,763;1,504;8,79;0,864;14,007;0,567;0;934,857;4,524;5,455;0,931;4,903
2019T4;6;Badajoz;Extremadura;673384,0;19,563;40,33;22,711;2,5;28,0;96,9;2,19;15254,0;16533,0;13711,0;56,16;42,32;24,64;24819,0;12950,0;104,54;96,93;1,99;86139,84;871,7;75,627;1,562;19,39;0,533;13,521;0,451;0;933,179;4,515;5,445;0,929;4,894
2020T1;6;Badajoz;Extremadura;672045,0;19,266;40,48;23,021;2,5;28,3;96,8;1,52;15503,0;16641,0;14118,0;55,54;41,85;24,65;24905,0;12950,0;102,97;92,617;2,03;84119,51;875,6;75,048;1,905;15,16;0,503;11,886;0,275;0;926,034;4,452;5,247;0,796;4,779
2020T2;6;Badajoz;Extremadura;672045,0;19,266;40,48;23,021;2,5;28,3;96,8;1,52;15503,0;16641,0;14118,0;52,2;40,96;21,54;24905,0;12950,0;103,59;93,307;1,907;82032,1;858,6;76,49;1,073;17,2;0,516;3,282;0,052;0;943,827;4,537;5,348;0,811;4,87
2020T3;6;Badajoz;Extremadura;672045,0;19,266;40,48;23,021;2,5;28,3;96,8;1,52;15503,0;16641,0;14118,0;54,87;43,21;21,26;24905,0;12950,0;102,62;92,713;1,937;84477,8;848,2;75,762;1,89;13,23;0,449;11,83;0,289;0;934,844;4,494;5,297;0,803;4,824
2020T4;6;Badajoz;Extremadura;672045,0;19,266;40,48;23,021;2,5;28,3;96,8;1,52;15503,0;16641,0;14118,0;55,73;42,96;22,91;24905,0;12950,0;103,76;97,763;1,8;77916,07;863,2;75,956;2,028;12,84;0,6;12,057;0,184;0;937,238;4,506;5,311;0,805;4,836
2021T1;6;Badajoz;Extremadura;671092,0;19,092;40,57;23,292;2,5;28,8;96,8;0,36;16195,0;17459,0;14686,0;54,61;42,04;23,02;26050,0;13650,0;103,7;94,957;1,72;80017,41;840,8;74,908;2,199;13,55;0,668;10,156;0,117;0;924,307;4,235;5,035;0,8;4,566
2021T2;6;Badajoz;Extremadura;671092,0;19,092;40,57;23,292;2,5;28,8;96,8;0,36;16195,0;17459,0;14686,0;55,48;44,48;19,83;26050,0;13650,0;106,54;100,28;1,62;81577,95;859,6;77,771;2,199;10,7;1,024;11,402;0,247;0;959,634;4,397;5,227;0,83;4,74
2021T3;6;Badajoz;Extremadura;671092,0;19,092;40,57;23,292;2,5;28,8;96,8;0,36;16195,0;17459,0;14686,0;57,91;46,95;18,93;26050,0;13650,0;106,49;99,757;1,593;86203,21;870,9;77,931;2,252;13,17;0,781;12,831;0,489;0;961,608;4,406;5,238;0,832;4,75
2021T4;6;Badajoz;Extremadura;671092,0;19,092;40,57;23,292;2,5;28,8;96,8;0,36;16195,0;17459,0;14686,0;54,98;43,81;20,33;26050,0;13650,0;110,44;105,007;1,543;87785,47;867,8;79,672;2,317;15,56;0,645;12,814;0,408;0;983,091;4,505;5,355;0,851;4,856
2022T1;6;Badajoz;Extremadura;667851,0;18,873;40,64;23,681;2,4;29,3;96,5;4,16;17040,0;18469,0;15368,0;55,28;44,7;19,14;27243,0;14350,0;112,62;105,46;1,597;83756,9;882,4;80,096;2,463;11,98;0,517;12,805;0,333;0;988,323;4,281;5,145;0,864;4,64
2022T2;6;Badajoz;Extremadura;667851,0;18,873;40,64;23,681;2,4;29,3;96,5;4,16;17040,0;18469,0;15368,0;56,09;47,04;16,13;27243,0;14350,0;116,76;114,52;1,737;84283,61;900,7;81,921;2,531;12,66;0,635;13,463;0,526;0;1010,842;4,379;5,262;0,884;4,746
2022T3;6;Badajoz;Extremadura;667851,0;18,873;40,64;23,681;2,4;29,3;96,5;4,16;17040,0;18469,0;15368,0;57,04;47,69;16,41;27243,0;14350,0;118,35;110,537;2,143;88579,08;892,2;83,021;2,33;10,22;0,701;13,429;0,581;0;1024,415;4,437;5,333;0,895;4,809
2022T4;6;Badajoz;Extremadura;667851,0;18,873;40,64;23,681;2,4;29,3;96,5;4,16;17040,0;18469,0;15368,0;56,34;45,74;18,81;27243,0;14350,0;118,86;115,007;2,867;90241,49;879,9;81,906;2,343;8,31;0,478;13,086;0,432;0;1010,657;4,378;5,261;0,883;4,745
2023T1;6;Badajoz;Extremadura;666049,0;18,571;40,79;23,998;2,4;29,9;96,2;4,45;18069,0;19529,0;16376,0;56,94;45,82;19,52;29231,0;15750,0;118,51;112,827;3,593;85615,45;900,5;80,956;2,453;11,38;0,407;12,837;0,393;0;998,934;4,092;4,88;0,788;4,423
2023T2;6;Badajoz;Extremadura;666049,0;18,571;40,79;23,998;2,4;29,9;96,2;4,45;18069,0;19529,0;16376,0;57,63;47,05;18,35;29231,0;15750,0;120,55;116,6;3,887;84993,48;894,9;83,376;2,386;14,85;0,428;13,337;0,548;0;1028,795;4,214;5,026;0,811;4,555
2023T3;6;Badajoz;Extremadura;666049,0;18,571;40,79;23,998;2,4;29,9;96,2;4,45;18069,0;19529,0;16376,0;58,86;47,54;19,23;29231,0;15750,0;121,46;112,777;4,057;95228,89;899,4;83,898;1,896;11,88;0,447;13,112;0,561;0;1035,236;4,241;5,057;0,817;4,583
2023T4;6;Badajoz;Extremadura;666049,0;18,571;40,79;23,998;2,4;29,9;96,2;4,45;18069,0;19529,0;16376,0;56,49;46,55;17,6;29231,0;15750,0;122,38;117,607;4,03;85502,08;908,4;83,711;2,179;11,23;0,586;12,749;0,446;0;1032,929;4,231;5,046;0,815;4,573
2024T1;6;Badajoz;Extremadura;666029,0;18,571;40,79;23,998;2,4;29,9;96,2;3,73;18927,0;20433,0;17207,0;56,23;46,33;17,6;29231,0;15750,0;122,73;113,317;3,693;92203,25;920,4;85,534;2,147;6,85;0,842;12,431;0,396;1;1055,423;4,132;4,907;0,775;4,461
2024T2;6;Badajoz;Extremadura;666029,0;18,571;40,79;23,998;2,4;29,9;96,2;3,73;18927,0;20433,0;17207,0;56,77;47,72;15,94;29231,0;15750,0;124,82;117,41;3,55;84318,76;924,8;88,52;2,444;13,39;0,616;13,497;0,533;1;1092,268;4,276;5,078;0,802;4,617
2024T3;6;Badajoz;Extremadura;666029,0;18,571;40,79;23,998;2,4;29,9;96,2;3,73;18927,0;20433,0;17207,0;57,2;49,48;13,51;29231,0;15750,0;123,95;114,163;3,45;89314,55;925,5;90,78;2,643;12,33;0,922;13,762;0,599;1;1120,155;4,386;5,208;0,822;4,735
2024T4;6;Badajoz;Extremadura;666029,0;18,571;40,79;23,998;2,4;29,9;96,2;3,73;18927,0;20433,0;17207,0;54,67;46,73;14,53;29231,0;15750,0;125,11;118,19;3,167;86966,05;928,4;91,334;2,838;10,0;0,614;13,684;0,491;1;1126,991;4,412;5,24;0,827;4,764
2015T1;7;Balears, Illes;Balears, Illes;1111002,0;21,857;42,65;17,218;2,7;27,5;82,9;4,43;17529,0;19109,0;15799,0;62,82;48,82;22,29;30921,0;15050,0;98,83;90,33;2,613;119315,31;1875,2;48,905;2,273;22,38;0,565;36,744;1,602;0;1854,817;7,765;9,392;1,627;8,465
2015T2;7;Balears, Illes;Balears, Illes;1111002,0;21,857;42,65;17,218;2,7;27,5;82,9;4,43;17529,0;19109,0;15799,0;67,24;56,17;16,45;30921,0;15050,0;100,65;93,72;2,507;121059,85;1927,9;51,058;2,222;22,48;0,883;237,83;15,539;0;1936,474;8,107;9,806;1,698;8,838
2015T3;7;Balears, Illes;Balears, Illes;1111002,0;21,857;42,65;17,218;2,7;27,5;82,9;4,43;17529,0;19109,0;15799,0;68,69;59,16;13,88;30921,0;15050,0;100,37;90,26;2,45;110405,36;1957,5;52,63;2,48;21,81;0,543;308,399;26,673;0;1996,095;8,357;10,107;1,751;9,11
2015T4;7;Balears, Illes;Balears, Illes;1111002,0;21,857;42,65;17,218;2,7;27,5;82,9;4,43;17529,0;19109,0;15799,0;64,34;53,39;17,02;30921,0;15050,0;100,15;92,907;2,427;120705,13;2014,5;52,409;2,569;20,53;0,68;96,05;5,343;0;1987,713;8,322;10,065;1,743;9,072
2016T1;7;Balears, Illes;Balears, Illes;1117353,0;21,284;43,04;17,426;2,7;27,4;83,3;6,61;17748,0;19382,0;15967,0;63,95;52,18;18,41;32447,0;15050,0;98,4;88,55;2,33;144470,74;2054,7;53,195;2,744;22,99;0,685;40,412;1,975;0;2017,524;8,327;10,108;1,781;9,094
2016T2;7;Balears, Illes;Balears, Illes;1117353,0;21,284;43,04;17,426;2,7;27,4;83,3;6,61;17748,0;19382,0;15967,0;66,72;58,03;13,02;32447,0;15050,0;99,81;92,68;2,323;132091,5;2041,7;53,623;3,43;23,4;0,657;239,276;16,987;0;2033,757;8,394;10,19;1,795;9,167
2016T3;7;Balears, Illes;Balears, Illes;1117353,0;21,284;43,04;17,426;2,7;27,4;83,3;6,61;17748,0;19382,0;15967,0;67,7;60,52;10,6;32447,0;15050,0;100,09;89,743;2,367;137391,75;2040,0;55,447;3,166;19,34;0,254;310,574;27,6;0;2102,935;8,68;10,536;1,856;9,479
2016T4;7;Balears, Illes;Balears, Illes;1117353,0;21,284;43,04;17,426;2,7;27,4;83,3;6,61;17748,0;19382,0;15967,0;62,5;53,88;13,8;32447,0;15050,0;101,14;93,203;2,273;142959,86;2070,4;55,396;3,029;18,85;0,695;98,842;5,984;0;2101,001;8,672;10,527;1,855;9,47
2017T1;7;Balears, Illes;Balears, Illes;1128492,0;20,908;43,26;17,62;2,7;27,3;82,9;9,48;18286,0;19941,0;16490,0;61,78;51,42;16,76;33972,0;16450,0;101,1;90,093;2,237;149708,43;2064,5;56,135;3,389;18,75;0,669;38,497;1,74;0;2129,029;8,541;10,329;1,788;9,314
2017T2;7;Balears, Illes;Balears, Illes;1128492,0;20,908;43,26;17,62;2,7;27,3;82,9;9,48;18286,0;19941,0;16490,0;65,68;58,13;11,49;33972,0;16450,0;102,03;93,773;2,17;153890,43;2108,2;57,573;3,95;15,25;0,628;243,501;17,543;0;2183,568;8,76;10,593;1,833;9,553
2017T3;7;Balears, Illes;Balears, Illes;1128492,0;20,908;43,26;17,62;2,7;27,3;82,9;9,48;18286,0;19941,0;16490,0;67,35;61,12;9,25;33972,0;16450,0;102,02;91,133;2,217;165168,83;2151,1;60,478;3,512;18,77;0,728;313,921;27,257;0;2293,746;9,202;11,128;1,926;10,035
2017T4;7;Balears, Illes;Balears, Illes;1128492,0;20,908;43,26;17,62;2,7;27,3;82,9;9,48;18286,0;19941,0;16490,0;61,59;53,82;12,61;33972,0;16450,0;102,8;94,803;2,153;168289,12;2205,4;60,802;3,233;16,17;0,914;101,094;6,075;0;2306,034;9,251;11,188;1,936;10,089
2018T1;7;Balears, Illes;Balears, Illes;1141233,0;20,72;43,37;17,795;2,7;27,3;82,2;13,35;19153,0;20767,0;17409,0;60,78;50,19;17,42;35728,0;17150,0;102,05;91,97;2,227;165818,94;2208,4;60,721;3,667;18,64;0,837;40,353;1,843;0;2302,962;8,872;10,583;1,711;9,619
2018T2;7;Balears, Illes;Balears, Illes;1141233,0;20,72;43,37;17,795;2,7;27,3;82,2;13,35;19153,0;20767,0;17409,0;66,07;58,66;11,22;35728,0;17150,0;103,85;95,373;2,197;164671,03;2214,2;62,414;3,481;16,49;1,065;249,189;17,185;0;2367,172;9,119;10,878;1,759;9,887
2018T3;7;Balears, Illes;Balears, Illes;1141233,0;20,72;43,37;17,795;2,7;27,3;82,2;13,35;19153,0;20767,0;17409,0;67,93;63,06;7,16;35728,0;17150,0;104,0;92,553;2,167;193702,31;2262,9;64,729;3,601;15,64;0,946;314,642;26,911;0;2454,973;9,457;11,281;1,824;10,254
2018T4;7;Balears, Illes;Balears, Illes;1141233,0;20,72;43,37;17,795;2,7;27,3;82,2;13,35;19153,0;20767,0;17409,0;62,88;56,02;10,91;35728,0;17150,0;104,12;96,513;2,26;167235,67;2272,7;64,667;2,977;18,34;0,917;101,325;5,912;0;2452,622;9,448;11,271;1,822;10,244
2019T1;7;Balears, Illes;Balears, Illes;1157928,0;20,734;43,42;17,895;2,7;27,2;81,2;16,41;19834,0;21432,0;18104,0;62,42;51,77;17,06;37375,0;17850,0;102,9;92,79;2,37;160494,53;2321,3;65,164;3,221;17,56;1,136;38,943;1,591;0;2471,472;9,225;10,921;1,696;9,969
2019T2;7;Balears, Illes;Balears, Illes;1157928,0;20,734;43,42;17,895;2,7;27,2;81,2;16,41;19834,0;21432,0;18104,0;65,83;57,84;12,13;37375,0;17850,0;104,38;96,067;2,35;145626,77;2324,8;65,693;3,131;19,31;0,964;245,223;16,74;0;2491,535;9,3;11,01;1,71;10,05
2019T3;7;Balears, Illes;Balears, Illes;1157928,0;20,734;43,42;17,895;2,7;27,2;81,2;16,41;19834,0;21432,0;18104,0;67,02;61,54;8,18;37375,0;17850,0;104,11;93,19;2,153;191570,88;2371,9;68,635;2,91;18,2;1,179;311,501;26,241;0;2603,116;9,717;11,503;1,786;10,5
2019T4;7;Balears, Illes;Balears, Illes;1157928,0;20,734;43,42;17,895;2,7;27,2;81,2;16,41;19834,0;21432,0;18104,0;62,37;56,19;9,91;37375,0;17850,0;104,63;96,93;1,99;204139,51;2425,2;68,234;2,764;18,34;1,369;98,792;5,62;0;2587,907;9,66;11,436;1,776;10,438
2020T1;7;Balears, Illes;Balears, Illes;1176816,0;20,781;43,45;18,022;2,7;27,3;81,2;8,59;18411,0;19722,0;16939,0;60,31;49,34;18,2;34531,0;16450,0;103,67;92,617;2,03;160376,82;2379,2;69,048;2,964;18,12;0,965;26,793;0,957;0;2618,78;10,623;12,368;1,745;11,379
2020T2;7;Balears, Illes;Balears, Illes;1176816,0;20,781;43,45;18,022;2,7;27,3;81,2;8,59;18411,0;19722,0;16939,0;59,67;50,16;15,93;34531,0;16450,0;103,57;93,307;1,907;168912,96;2332,8;68,707;1,759;17,1;0,751;3,18;0,063;0;2605,847;10,57;12,307;1,737;11,323
2020T3;7;Balears, Illes;Balears, Illes;1176816,0;20,781;43,45;18,022;2,7;27,3;81,2;8,59;18411,0;19722,0;16939,0;64,67;56,08;13,28;34531,0;16450,0;103,47;92,713;1,937;169816,52;2381,5;70,935;2,242;20,01;1,163;109,0;3,823;0;2690,348;10,913;12,706;1,793;11,69
2020T4;7;Balears, Illes;Balears, Illes;1176816,0;20,781;43,45;18,022;2,7;27,3;81,2;8,59;18411,0;19722,0;16939,0;61,79;51,08;17,34;34531,0;16450,0;104,05;97,763;1,8;175690,62;2398,1;69,904;2,113;19,26;0,908;13,711;0,225;0;2651,245;10,754;12,521;1,767;11,52
2021T1;7;Balears, Illes;Balears, Illes;1183415,0;20,549;43,56;18,297;2,7;27,7;81,1;3,15;19791,0;21214,0;18234,0;60,12;49,06;18,4;36905,0;17850,0;104,53;94,957;1,72;182586,43;2363,4;69,836;2,446;21,17;1,191;8,616;0,129;0;2648,666;9,988;11,621;1,632;10,707
2021T2;7;Balears, Illes;Balears, Illes;1183415,0;20,549;43,56;18,297;2,7;27,7;81,1;3,15;19791,0;21214,0;18234,0;64,64;55,11;14,74;36905,0;17850,0;106,63;100,28;1,62;188953,38;2443,8;72,618;2,625;18,18;1,059;78,169;3,149;0;2754,179;10,386;12,084;1,697;11,133
2021T3;7;Balears, Illes;Balears, Illes;1183415,0;20,549;43,56;18,297;2,7;27,7;81,1;3,15;19791,0;21214,0;18234,0;66,84;60,14;10,02;36905,0;17850,0;107,13;99,757;1,593;228918,35;2495,7;75,743;3,314;14,84;0,843;248,831;14,786;0;2872,701;10,833;12,604;1,77;11,612
2021T4;7;Balears, Illes;Balears, Illes;1183415,0;20,549;43,56;18,297;2,7;27,7;81,1;3,15;19791,0;21214,0;18234,0;61,26;52,33;14,58;36905,0;17850,0;110,24;105,007;1,543;225437,43;2546,2;76,6;3,586;15,29;0,837;74,395;3,754;0;2905,204;10,956;12,746;1,791;11,744
2022T1;7;Balears, Illes;Balears, Illes;1187043,0;20,273;43,56;18,734;2,7;27,5;79,9;17,47;21765,0;23350,0;20067,0;63,03;51,93;17,61;40597,0;19950,0;112,54;105,46;1,597;222890,79;2611,1;78,221;4,015;17,52;1,249;27,119;1,057;0;2966,684;10,164;11,827;1,663;10,904
2022T2;7;Balears, Illes;Balears, Illes;1187043,0;20,273;43,56;18,734;2,7;27,5;79,9;17,47;21765,0;23350,0;20067,0;65,46;59,56;9,02;40597,0;19950,0;115,77;114,52;1,737;221393,54;2630,6;80,513;3,738;17,47;1,357;237,605;15,29;0;3053,612;10,462;12,174;1,712;11,224
2022T3;7;Balears, Illes;Balears, Illes;1187043,0;20,273;43,56;18,734;2,7;27,5;79,9;17,47;21765,0;23350,0;20067,0;66,67;62,93;5,61;40597,0;19950,0;117,77;110,537;2,143;256811,12;2677,4;82,058;3,744;16,76;1,477;308,523;25,141;0;3112,209;10,663;12,407;1,744;11,439
2022T4;7;Balears, Illes;Balears, Illes;1187043,0;20,273;43,56;18,734;2,7;27,5;79,9;17,47;21765,0;23350,0;20067,0;60,86;54,35;10,7;40597,0;19950,0;117,26;115,007;2,867;240747,32;2696,6;81,129;3,51;17,98;1,6;95,397;5,266;0;3076,975;10,542;12,267;1,725;11,31
2023T1;7;Balears, Illes;Balears, Illes;1209906,0;20,622;43,5;18,785;2,7;27,5;79,3;15,6;23126,0;24812,0;21335,0;61,81;50,81;17,79;44812,0;21350,0;118,19;112,827;3,593;256095,32;2802,8;81,519;3,298;22,93;1,249;29,872;1,363;0;3091,767;9,969;11,593;1,625;10,695
2023T2;7;Balears, Illes;Balears, Illes;1209906,0;20,622;43,5;18,785;2,7;27,5;79,3;15,6;23126,0;24812,0;21335,0;64,61;60,02;7,12;44812,0;21350,0;119,99;116,6;3,887;240444,49;2869,9;83,119;3,047;20,21;1,132;240,511;16,201;0;3152,45;10,164;11,821;1,656;10,905
2023T3;7;Balears, Illes;Balears, Illes;1209906,0;20,622;43,5;18,785;2,7;27,5;79,3;15,6;23126,0;24812,0;21335,0;67,12;63,2;5,85;44812,0;21350,0;121,74;112,777;4,057;241416,99;2919,9;85,732;2,756;19,5;0,804;307,281;25,396;0;3251,553;10,484;12,192;1,709;11,248
2023T4;7;Balears, Illes;Balears, Illes;1209906,0;20,622;43,5;18,785;2,7;27,5;79,3;15,6;23126,0;24812,0;21335,0;60,93;54,13;11,16;44812,0;21350,0;121,43;117,607;4,03;235487,35;2957,7;84,691;2,621;19,05;1,489;98,631;5,839;0;3212,071;10,357;12,044;1,688;11,112
2024T1;7;Balears, Illes;Balears, Illes;1231768,0;20,622;43,5;18,785;2,7;27,5;79,3;12,77;24254,0;25910,0;22499,0;61,47;51,95;15,48;44812,0;21350,0;121,82;113,317;3,693;225304,17;3034,3;86,24;2,587;19,49;1,22;43,372;2,021;1;3270,82;10,099;11,63;1,531;10,789
2024T2;7;Balears, Illes;Balears, Illes;1231768,0;20,622;43,5;18,785;2,7;27,5;79,3;12,77;24254,0;25910,0;22499,0;65,35;60,15;7,95;44812,0;21350,0;124,4;117,41;3,55;238732,01;3108,7;88,257;2,784;19,66;1,112;245,364;17,122;1;3347,319;10,335;11,902;1,567;11,041
2024T3;7;Balears, Illes;Balears, Illes;1231768,0;20,622;43,5;18,785;2,7;27,5;79,3;12,77;24254,0;25910,0;22499,0;67,16;63,02;6,17;44812,0;21350,0;124,57;114,163;3,45;259392,53;3208,4;90,726;2,864;18,59;0,957;306,692;25,735;1;3440,96;10,624;12,235;1,611;11,35
2024T4;7;Balears, Illes;Balears, Illes;1231768,0;20,622;43,5;18,785;2,7;27,5;79,3;12,77;24254,0;25910,0;22499,0;61,79;56,73;8,2;44812,0;21350,0;124,73;118,19;3,167;252040,82;3316,7;91,979;2,988;19,86;1,098;100,739;6,301;1;3488,483;10,771;12,404;1,633;11,506
2015T1;8;Barcelona;Cataluña;5453143,0;19,06;41,1;21,324;2,6;25,5;87,6;0,65;22153,0;24958,0;19073,0;61,94;49,81;19,58;33620,0;16450,0;98,97;90,33;2,613;130132,45;1873,8;50,903;1,803;18,48;0,41;19,948;0,854;0;1823,615;5,845;7,649;1,804;6,586
2015T2;8;Barcelona;Cataluña;5453143,0;19,06;41,1;21,324;2,6;25,5;87,6;0,65;22153,0;24958,0;19073,0;62,57;50,7;18,97;33620,0;16450,0;100,77;93,72;2,507;127409,21;1900,2;53,669;1,659;13,35;0,418;24,469;1,502;0;1922,708;6,163;8,065;1,902;6,943
2015T3;8;Barcelona;Cataluña;5453143,0;19,06;41,1;21,324;2,6;25,5;87,6;0,65;22153,0;24958,0;19073,0;61,78;51,13;17,24;33620,0;16450,0;99,97;90,26;2,45;130650,73;1905,7;54,15;1,8;12,41;0,404;26,26;1,902;0;1939,94;6,218;8,137;1,919;7,006
2015T4;8;Barcelona;Cataluña;5453143,0;19,06;41,1;21,324;2,6;25,5;87,6;0,65;22153,0;24958,0;19073,0;61,94;51,32;17,15;33620,0;16450,0;100,29;92,907;2,427;133092,38;1954,6;54,376;1,666;13,08;0,473;21,491;1,09;0;1948,037;6,244;8,171;1,927;7,035
2016T1;8;Barcelona;Cataluña;5472926,0;18,652;41,24;21,607;2,6;26,0;87,2;3,94;22352,0;25208,0;19215,0;62,42;51,77;17,05;34679,0;17150,0;98,74;88,55;2,33;135746,22;1983,9;55,268;2,009;13,53;0,541;20,343;0,974;0;1979,993;6,284;8,244;1,96;7,087
2016T2;8;Barcelona;Cataluña;5472926,0;18,652;41,24;21,607;2,6;26,0;87,2;3,94;22352,0;25208,0;19215,0;62,52;52,72;15,67;34679,0;17150,0;100,23;92,68;2,323;133493,63;2018,9;56,626;2,223;12,64;0,479;24,874;1,55;0;2028,643;6,438;8,446;2,008;7,261
2016T3;8;Barcelona;Cataluña;5472926,0;18,652;41,24;21,607;2,6;26,0;87,2;3,94;22352,0;25208,0;19215,0;62,21;53,17;14,54;34679,0;17150,0;100,13;89,743;2,367;139186,93;2031,8;57,74;2,324;11,62;0,469;26,809;1,998;0;2068,553;6,565;8,612;2,047;7,404
2016T4;8;Barcelona;Cataluña;5472926,0;18,652;41,24;21,607;2,6;26,0;87,2;3,94;22352,0;25208,0;19215,0;62,33;53,15;14,73;34679,0;17150,0;101,59;93,203;2,273;140283,87;2075,3;58,424;1,946;10,74;0,508;21,572;1,164;0;2093,057;6,643;8,714;2,072;7,491
2017T1;8;Barcelona;Cataluña;5507412,0;18,401;41,27;21,859;2,6;26,1;86,7;6,88;22782,0;25718,0;19568,0;62,56;53,37;14,69;35469,0;17850,0;101,46;90,093;2,237;145007,73;2114,9;60,119;2,501;11,7;0,693;20,907;1,029;0;2153,781;6,7;8,805;2,106;7,563
2017T2;8;Barcelona;Cataluña;5507412,0;18,401;41,27;21,859;2,6;26,1;86,7;6,88;22782,0;25718,0;19568,0;61,68;53,65;13,03;35469,0;17850,0;102,41;93,773;2,17;151723,3;2128,3;61,886;2,564;12,08;0,75;25,222;1,699;0;2217,085;6,897;9,064;2,168;7,785
2017T3;8;Barcelona;Cataluña;5507412,0;18,401;41,27;21,859;2,6;26,1;86,7;6,88;22782,0;25718,0;19568,0;61,91;54,13;12,56;35469,0;17850,0;102,15;91,133;2,217;154089,52;2178,6;63,485;2,567;12,62;0,525;26,992;2,033;0;2274,369;7,075;9,298;2,224;7,987
2017T4;8;Barcelona;Cataluña;5507412,0;18,401;41,27;21,859;2,6;26,1;86,7;6,88;22782,0;25718,0;19568,0;62,04;54,52;12,13;35469,0;17850,0;103,27;94,803;2,153;154532,37;2207,5;64,387;2,142;14,84;0,503;22,119;1,085;0;2306,684;7,175;9,43;2,255;8,1
2018T1;8;Barcelona;Cataluña;5556273,0;18,437;41,13;22,049;2,6;26,2;85,8;12,14;23470,0;26483,0;20198,0;61,33;54,24;11,55;37044,0;18550,0;102,77;91,97;2,227;154441,56;2226,0;65,269;2,596;16,01;0,698;21,423;0,996;0;2338,282;7,063;9,261;2,198;7,97
2018T2;8;Barcelona;Cataluña;5556273,0;18,437;41,13;22,049;2,6;26,2;85,8;12,14;23470,0;26483,0;20198,0;61,3;54,61;10,91;37044,0;18550,0;104,35;95,373;2,197;156000,54;2296,5;67,66;2,541;13,23;0,704;25,818;1,617;0;2423,94;7,322;9,601;2,278;8,262
2018T3;8;Barcelona;Cataluña;5556273,0;18,437;41,13;22,049;2,6;26,2;85,8;12,14;23470,0;26483,0;20198,0;61,02;54,59;10,55;37044,0;18550,0;104,34;92,553;2,167;152422,26;2319,2;69,239;2,576;13,38;0,619;26,999;1,962;0;2480,508;7,493;9,825;2,332;8,455
2018T4;8;Barcelona;Cataluña;5556273,0;18,437;41,13;22,049;2,6;26,2;85,8;12,14;23470,0;26483,0;20198,0;61,89;54,87;11,34;37044,0;18550,0;105,18;96,513;2,26;162413,52;2360,4;69,634;2,367;15,19;0,688;22,186;1,2;0;2494,659;7,536;9,881;2,345;8,503
2019T1;8;Barcelona;Cataluña;5622704,0;18,697;40,96;22,155;2,6;26,1;84,6;12,01;24243,0;27266,0;20973,0;61,72;54,98;10,93;38386,0;19250,0;104,01;92,79;2,37;166864,43;2391,7;70,235;2,712;17,21;0,716;21,349;1,058;0;2516,19;7,383;9,598;2,215;8,303
2019T2;8;Barcelona;Cataluña;5622704,0;18,697;40,96;22,155;2,6;26,1;84,6;12,01;24243,0;27266,0;20973,0;61,59;54,86;10,93;38386,0;19250,0;105,6;96,067;2,35;160438,84;2412,8;71,169;2,491;15,05;0,626;26,109;1,676;0;2549,651;7,481;9,725;2,245;8,414
2019T3;8;Barcelona;Cataluña;5622704,0;18,697;40,96;22,155;2,6;26,1;84,6;12,01;24243,0;27266,0;20973,0;61,71;54,75;11,27;38386,0;19250,0;105,07;93,19;2,153;162567,77;2407,8;72,473;2,425;13,38;0,809;27,693;2,005;0;2596,367;7,618;9,904;2,286;8,568
2019T4;8;Barcelona;Cataluña;5622704,0;18,697;40,96;22,155;2,6;26,1;84,6;12,01;24243,0;27266,0;20973,0;61,7;55,24;10,47;38386,0;19250,0;105,86;96,93;1,99;163178,33;2413,6;71,981;2,201;15,11;0,92;22,818;1,211;0;2578,741;7,566;9,836;2,27;8,51
2020T1;8;Barcelona;Cataluña;5690371,0;18,96;40,78;22,277;2,6;26,4;84,8;6,56;23909,0;26658,0;20938,0;61,41;54,91;10,58;38226,0;19250,0;104,71;92,617;2,03;270477,28;2409,9;72,464;2,389;18,28;0,643;18,809;0,756;0;2596,045;7,791;9,919;2,128;8,686
2020T2;8;Barcelona;Cataluña;5690371,0;18,96;40,78;22,277;2,6;26,4;84,8;6,56;23909,0;26658,0;20938,0;58,53;51,25;12,45;38226,0;19250,0;105,02;93,307;1,907;165213,84;2362,2;72,823;1,638;17,95;0,499;1,586;0,021;0;2608,906;7,829;9,968;2,139;8,729
2020T3;8;Barcelona;Cataluña;5690371,0;18,96;40,78;22,277;2,6;26,4;84,8;6,56;23909,0;26658,0;20938,0;60,5;52,4;13,39;38226,0;19250,0;104,44;92,713;1,937;176297,94;2364,9;73,729;1,727;19,74;0,663;11,821;0,272;0;2641,364;7,927;10,092;2,165;8,838
2020T4;8;Barcelona;Cataluña;5690371,0;18,96;40,78;22,277;2,6;26,4;84,8;6,56;23909,0;26658,0;20938,0;61,35;52,97;13,67;38226,0;19250,0;105,04;97,763;1,8;173955,87;2352,7;72,699;1,992;17,75;0,677;9,662;0,133;0;2604,464;7,816;9,951;2,135;8,715
2021T1;8;Barcelona;Cataluña;5702262,0;19,06;40,92;22,284;2,6;26,9;84,5;3,29;25319,0;28135,0;22279,0;61,0;53,36;12,54;39511,0;19950,0;105,29;94,957;1,72;171130,77;2389,3;73,346;2,423;18,52;0,746;9,075;0,152;0;2627,643;7,472;9,435;1,964;8,303
2021T2;8;Barcelona;Cataluña;5702262,0;19,06;40,92;22,284;2,6;26,9;84,5;3,29;25319,0;28135,0;22279,0;61,33;53,8;12,27;39511,0;19950,0;107,28;100,28;1,62;176987,51;2404,7;75,188;2,555;16,77;0,706;13,372;0,344;0;2693,633;7,659;9,672;2,013;8,511
2021T3;8;Barcelona;Cataluña;5702262,0;19,06;40,92;22,284;2,6;26,9;84,5;3,29;25319,0;28135,0;22279,0;61,54;54,84;10,89;39511,0;19950,0;107,55;99,757;1,593;174504,88;2395,7;76,151;2,732;16,27;0,564;21,157;0,968;0;2728,132;7,757;9,796;2,039;8,62
2021T4;8;Barcelona;Cataluña;5702262,0;19,06;40,92;22,284;2,6;26,9;84,5;3,29;25319,0;28135,0;22279,0;61,61;55,69;9,61;39511,0;19950,0;110,55;105,007;1,543;180384,38;2453,1;77,111;2,46;18,29;1,087;19,526;0,8;0;2762,525;7,855;9,92;2,065;8,729
2022T1;8;Barcelona;Cataluña;5699602,0;19,118;40,74;22,629;2,6;27,1;84,3;20,6;26736,0;29669,0;23580,0;61,06;54,66;10,48;41594,0;20650,0;112,9;105,46;1,597;178915,9;2535,8;79,001;2,903;18,19;0,808;20,118;0,751;0;2830,235;7,631;9,602;1,971;8,469
2022T2;8;Barcelona;Cataluña;5699602,0;19,118;40,74;22,629;2,6;27,1;84,3;20,6;26736,0;29669,0;23580,0;61,38;55,67;9,29;41594,0;20650,0;116,06;114,52;1,737;196445,95;2511,1;80,612;3,041;16,61;0,583;25,117;1,519;0;2887,949;7,787;9,798;2,011;8,641
2022T3;8;Barcelona;Cataluña;5699602,0;19,118;40,74;22,629;2,6;27,1;84,3;20,6;26736,0;29669,0;23580,0;61,9;56,09;9,39;41594,0;20650,0;117,47;110,537;2,143;180986,99;2508,7;82,337;3,07;15,83;0,536;27,405;1,866;0;2949,748;7,954;10,008;2,054;8,826
2022T4;8;Barcelona;Cataluña;5699602,0;19,118;40,74;22,629;2,6;27,1;84,3;20,6;26736,0;29669,0;23580,0;61,21;54,76;10,54;41594,0;20650,0;117,03;115,007;2,867;182658,0;2525,6;81,322;2,692;15,71;0,76;22,523;1,171;0;2913,385;7,856;9,884;2,029;8,717
2023T1;8;Barcelona;Cataluña;5797356,0;19,711;40,44;22,645;2,6;27,0;83,6;16,75;28108,0;31088,0;24914,0;61,02;54,62;10,5;44243,0;22050,0;118,05;112,827;3,593;174625,91;2570,5;81,755;2,829;17,46;0,643;21,157;1,035;0;2928,897;7,537;9,405;1,868;8,336
2023T2;8;Barcelona;Cataluña;5797356,0;19,711;40,44;22,645;2,6;27,0;83,6;16,75;28108,0;31088,0;24914,0;62,15;56,59;8,95;44243,0;22050,0;119,63;116,6;3,887;172253,9;2546,7;83,186;2,695;17,38;0,449;25,659;1,616;0;2980,163;7,669;9,569;1,9;8,482
2023T3;8;Barcelona;Cataluña;5797356,0;19,711;40,44;22,645;2,6;27,0;83,6;16,75;28108,0;31088,0;24914,0;62,34;57,1;8,39;44243,0;22050,0;120,79;112,777;4,057;175660,28;2577,6;85,449;2,338;15,16;0,451;27,321;1,934;0;3061,236;7,878;9,83;1,952;8,713
2023T4;8;Barcelona;Cataluña;5797356,0;19,711;40,44;22,645;2,6;27,0;83,6;16,75;28108,0;31088,0;24914,0;63,02;57,58;8,64;44243,0;22050,0;120,89;117,607;4,03;173616,33;2614,6;84,193;2,226;18,92;0,67;22,48;1,236;0;3016,24;7,762;9,685;1,923;8,585
2024T1;8;Barcelona;Cataluña;5877672,0;19,711;40,44;22,645;2,6;27,0;83,6;17,14;29255,0;32235,0;26070,0;62,27;56,87;8,67;44243,0;22050,0;121,66;113,317;3,693;171705,61;2645,6;86,345;2,673;17,94;0,677;21,333;1,089;1;3093,336;7,677;9,492;1,815;8,459
2024T2;8;Barcelona;Cataluña;5877672,0;19,711;40,44;22,645;2,6;27,0;83,6;17,14;29255,0;32235,0;26070,0;62,22;56,65;8,95;44243,0;22050,0;123,83;117,41;3,55;173044,02;2668,2;88,741;2,441;17,81;0,566;26,058;1,659;1;3179,173;7,89;9,756;1,866;8,694
2024T3;8;Barcelona;Cataluña;5877672,0;19,711;40,44;22,645;2,6;27,0;83,6;17,14;29255,0;32235,0;26070,0;62,48;56,99;8,78;44243,0;22050,0;123,74;114,163;3,45;180715,43;2690,5;91,222;2,815;19,06;0,573;27,413;1,92;1;3268,056;8,111;10,029;1,918;8,937
2024T4;8;Barcelona;Cataluña;5877672,0;19,711;40,44;22,645;2,6;27,0;83,6;17,14;29255,0;32235,0;26070,0;61,38;56,83;7,41;44243,0;22050,0;124,01;118,19;3,167;184881,86;2766,9;92,959;2,987;19,93;0,551;22,674;1,224;1;3330,284;8,265;10,22;1,954;9,107
2015T1;48;Bizkaia;País Vasco;1141400,0;16,665;42,15;25,251;2,5;26,6;94,2;-0,5;27323,0;31066,0;23037,0;57,12;47,24;17,31;34177,0;18550,0;98,92;90,33;2,613;121055,94;2382,2;59,408;1,619;27,0;0,26;10,925;0,358;0;2328,443;5,996;8,086;2,09;6,818
2015T2;48;Bizkaia;País Vasco;1141400,0;16,665;42,15;25,251;2,5;26,6;94,2;-0,5;27323,0;31066,0;23037,0;55,9;46,4;16,99;34177,0;18550,0;100,59;93,72;2,507;122586,7;2398,9;60,423;1,895;25,34;0,407;11,498;0,557;0;2368,225;6,099;8,224;2,126;6,934
2015T3;48;Bizkaia;País Vasco;1141400,0;16,665;42,15;25,251;2,5;26,6;94,2;-0,5;27323,0;31066,0;23037,0;55,19;46,99;14,85;34177,0;18550,0;99,86;90,26;2,45;133699,03;2341,4;60,399;1,824;27,38;0,417;11,565;0,755;0;2367,284;6,096;8,221;2,125;6,931
2015T4;48;Bizkaia;País Vasco;1141400,0;16,665;42,15;25,251;2,5;26,6;94,2;-0,5;27323,0;31066,0;23037,0;56,09;47,79;14,79;34177,0;18550,0;100,62;92,907;2,427;140291,94;2326,1;60,842;1,507;19,48;0,762;11,175;0,482;0;2384,647;6,141;8,281;2,14;6,982
2016T1;48;Bizkaia;País Vasco;1140191,0;16,178;42,12;25,721;2,5;27,1;94,1;1,83;27261,0;30930,0;23139,0;56,14;47,81;14,83;34622,0;18550,0;98,58;88,55;2,33;126680,25;2342,0;61,101;1,958;23,12;0,764;11,083;0,399;0;2394,799;6,194;8,28;2,086;7,028
2016T2;48;Bizkaia;País Vasco;1140191,0;16,178;42,12;25,721;2,5;27,1;94,1;1,83;27261,0;30930,0;23139,0;56,12;48,4;13,76;34622,0;18550,0;100,03;92,68;2,323;137066,5;2363,7;62,101;2,093;20,49;0,598;11,773;0,548;0;2433,993;6,295;8,415;2,12;7,143
2016T3;48;Bizkaia;País Vasco;1140191,0;16,178;42,12;25,721;2,5;27,1;94,1;1,83;27261,0;30930,0;23139,0;57,17;48,88;14,5;34622,0;18550,0;99,93;89,743;2,367;134571,94;2309,9;62,528;1,691;16,75;0,463;11,807;0,789;0;2450,729;6,339;8,473;2,134;7,192
2016T4;48;Bizkaia;País Vasco;1140191,0;16,178;42,12;25,721;2,5;27,1;94,1;1,83;27261,0;30930,0;23139,0;56,84;49,03;13,75;34622,0;18550,0;101,75;93,203;2,273;125717,24;2336,1;61,548;1,672;21,88;0,644;11,634;0,515;0;2412,318;6,239;8,34;2,101;7,079
2017T1;48;Bizkaia;País Vasco;1141564,0;15,825;42,03;26,105;2,4;27,8;93,7;3,45;28054,0;31914,0;23849,0;56,33;49,29;12,5;35326,0;19250,0;101,43;90,093;2,237;128129,25;2363,6;63,106;2,226;18,02;0,597;11,462;0,439;0;2473,383;6,2;8,297;2,097;7,053
2017T2;48;Bizkaia;País Vasco;1141564,0;15,825;42,03;26,105;2,4;27,8;93,7;3,45;28054,0;31914,0;23849,0;56,39;49,32;12,54;35326,0;19250,0;102,15;93,773;2,17;139762,76;2350,5;64,923;2,116;15,32;0,296;11,94;0,646;0;2544,599;6,379;8,536;2,157;7,256
2017T3;48;Bizkaia;País Vasco;1141564,0;15,825;42,03;26,105;2,4;27,8;93,7;3,45;28054,0;31914,0;23849,0;56,87;49,23;13,42;35326,0;19250,0;101,69;91,133;2,217;133331,42;2320,8;66,145;2,003;15,49;0,739;12,041;0,792;0;2592,494;6,499;8,696;2,198;7,393
2017T4;48;Bizkaia;País Vasco;1141564,0;15,825;42,03;26,105;2,4;27,8;93,7;3,45;28054,0;31914,0;23849,0;56,02;49,11;12,34;35326,0;19250,0;103,16;94,803;2,153;139322,94;2335,2;65,919;1,702;14,72;0,893;11,749;0,546;0;2583,636;6,476;8,667;2,19;7,368
2018T1;48;Bizkaia;País Vasco;1143742,0;15,657;41,78;26,556;2,4;28,3;93,2;5,83;28243,0;31982,0;24133,0;55,51;48,51;12,61;36364,0;19250,0;102,23;91,97;2,227;138719,13;2332,7;66,963;2,382;16,78;0,435;11,586;0,455;0;2624,554;6,565;8,7;2,135;7,434
2018T2;48;Bizkaia;País Vasco;1143742,0;15,657;41,78;26,556;2,4;28,3;93,2;5,83;28243,0;31982,0;24133,0;55,91;49,4;11,63;36364,0;19250,0;103,9;95,373;2,197;136549,42;2323,1;68,678;2,357;14,58;0,931;12,185;0,656;0;2691,772;6,733;8,923;2,19;7,625
2018T3;48;Bizkaia;País Vasco;1143742,0;15,657;41,78;26,556;2,4;28,3;93,2;5,83;28243,0;31982,0;24133,0;55,29;49,27;10,88;36364,0;19250,0;103,92;92,553;2,167;139888,76;2294,6;69,335;2,424;12,91;1,193;12,249;0,828;0;2717,523;6,798;9,008;2,211;7,698
2018T4;48;Bizkaia;País Vasco;1143742,0;15,657;41,78;26,556;2,4;28,3;93,2;5,83;28243,0;31982,0;24133,0;56,22;49,77;11,47;36364,0;19250,0;104,75;96,513;2,26;141849,09;2311,9;69,238;2,023;20,44;0,477;11,925;0,593;0;2713,721;6,788;8,996;2,208;7,687
2019T1;48;Bizkaia;País Vasco;1147589,0;15,659;41,53;26,93;2,4;28,6;92,5;8,49;29350,0;33234,0;25058,0;55,93;49,64;11,23;37523,0;19950,0;103,42;92,79;2,37;139842,41;2367,4;70,833;2,551;15,23;1,076;11,724;0,47;0;2776,236;6,683;8,863;2,181;7,567
2019T2;48;Bizkaia;País Vasco;1147589,0;15,659;41,53;26,93;2,4;28,6;92,5;8,49;29350,0;33234,0;25058,0;56,07;50,61;9,74;37523,0;19950,0;105,01;96,067;2,35;140280,72;2324,4;71,327;2,315;17,35;0,855;12,523;0,682;0;2795,598;6,729;8,925;2,196;7,62
2019T3;48;Bizkaia;País Vasco;1147589,0;15,659;41,53;26,93;2,4;28,6;92,5;8,49;29350,0;33234,0;25058,0;55,7;49,64;10,87;37523,0;19950,0;104,53;93,19;2,153;142979,65;2351,6;72,683;2,158;17,32;0,94;12,436;0,848;0;2848,745;6,857;9,095;2,237;7,765
2019T4;48;Bizkaia;País Vasco;1147589,0;15,659;41,53;26,93;2,4;28,6;92,5;8,49;29350,0;33234,0;25058,0;55,42;49,56;10,58;37523,0;19950,0;105,57;96,93;1,99;147444,9;2392,1;71,28;1,862;15,82;0,751;12,535;0,608;0;2793,755;6,725;8,919;2,194;7,615
2020T1;48;Bizkaia;País Vasco;1154696,0;15,837;41,22;27,21;2,4;29,0;92,2;3,66;29982,0;33889,0;25756,0;55,16;49,25;10,72;37242,0;20650,0;104,26;92,617;2,03;151573,2;2346,9;73,235;2,303;16,81;0,792;11,118;0,386;0;2870,38;6,776;8,916;2,14;7,659
2020T2;48;Bizkaia;País Vasco;1154696,0;15,837;41,22;27,21;2,4;29,0;92,2;3,66;29982,0;33889,0;25756,0;53,23;47,53;10,72;37242,0;20650,0;104,6;93,307;1,907;151539,58;2349,7;72,482;1,696;17,06;0,484;2,136;0,033;0;2840,867;6,706;8,824;2,118;7,58
2020T3;48;Bizkaia;País Vasco;1154696,0;15,837;41,22;27,21;2,4;29,0;92,2;3,66;29982,0;33889,0;25756,0;55,13;48,67;11,73;37242,0;20650,0;104,19;92,713;1,937;152768,26;2275,7;74,032;1,838;18,05;0,871;11,066;0,363;0;2901,618;6,85;9,013;2,163;7,742
2020T4;48;Bizkaia;País Vasco;1154696,0;15,837;41,22;27,21;2,4;29,0;92,2;3,66;29982,0;33889,0;25756,0;54,66;48,18;11,86;37242,0;20650,0;105,28;97,763;1,8;157137,1;2328,2;72,823;1,833;17,76;1,227;9,793;0,169;0;2854,232;6,738;8,865;2,128;7,616
2021T1;48;Bizkaia;País Vasco;1153635,0;15,902;41,05;27,534;2,4;29,7;92,2;1,46;30815,0;34718,0;26519,0;53,66;46,89;12,61;38390,0;21350,0;105,15;94,957;1,72;149280,29;2366,6;73,379;2,463;20,52;1,271;9,411;0,139;0;2876,024;6,627;8,676;2,049;7,467
2021T2;48;Bizkaia;País Vasco;1153635,0;15,902;41,05;27,534;2,4;29,7;92,2;1,46;30815,0;34718,0;26519,0;54,98;48,63;11,55;38390,0;21350,0;107,45;100,28;1,62;158070,47;2363,5;74,332;2,601;15,16;1,071;10,726;0,25;0;2913,376;6,713;8,789;2,076;7,564
2021T3;48;Bizkaia;País Vasco;1153635,0;15,902;41,05;27,534;2,4;29,7;92,2;1,46;30815,0;34718,0;26519,0;55,89;50,27;10,06;38390,0;21350,0;107,63;99,757;1,593;159183,06;2363,8;75,034;2,49;15,6;1,099;12,279;0,677;0;2940,89;6,777;8,872;2,095;7,635
2021T4;48;Bizkaia;País Vasco;1153635,0;15,902;41,05;27,534;2,4;29,7;92,2;1,46;30815,0;34718,0;26519,0;57,07;51,34;10,04;38390,0;21350,0;110,98;105,007;1,543;156411,42;2391,5;75,9;2,099;15,98;1,087;12,778;0,498;0;2974,832;6,855;8,974;2,119;7,723
2022T1;48;Bizkaia;País Vasco;1148677,0;15,943;40,7;28,055;2,4;30,2;91,6;10,36;32055,0;36049,0;27679,0;57,26;51,72;9,68;40694,0;22050,0;113,37;105,46;1,597;155259,43;2460,9;77,966;3,085;21,05;1,322;12,455;0,358;0;3055,807;6,781;8,832;2,051;7,626
2022T2;48;Bizkaia;País Vasco;1148677,0;15,943;40,7;28,055;2,4;30,2;91,6;10,36;32055,0;36049,0;27679,0;56,49;51,14;9,46;40694,0;22050,0;116,92;114,52;1,737;160326,8;2452,6;79,161;2,891;11,8;0,74;13,334;0,661;0;3102,644;6,885;8,968;2,082;7,743
2022T3;48;Bizkaia;País Vasco;1148677,0;15,943;40,7;28,055;2,4;30,2;91,6;10,36;32055,0;36049,0;27679,0;57,37;51,95;9,45;40694,0;22050,0;118,4;110,537;2,143;163748,49;2471,3;80,889;2,649;11,57;1,175;13,428;0,895;0;3170,372;7,036;9,163;2,128;7,912
2022T4;48;Bizkaia;País Vasco;1148677,0;15,943;40,7;28,055;2,4;30,2;91,6;10,36;32055,0;36049,0;27679,0;56,72;51,59;9,05;40694,0;22050,0;118,08;115,007;2,867;167060,45;2444,6;79,634;2,357;19,91;0,85;13,025;0,578;0;3121,183;6,927;9,021;2,095;7,79
2023T1;48;Bizkaia;País Vasco;1153282,0;16,302;40,32;28,256;2,4;30,6;91,0;9,35;33607,0;37708,0;29075,0;56,03;50,7;9,5;44425,0;24150,0;118,89;112,827;3,593;156426,9;2444,3;80,369;2,677;19,6;0,46;12,932;0,463;0;3149,991;6,683;8,667;1,984;7,498
2023T2;48;Bizkaia;País Vasco;1153282,0;16,302;40,32;28,256;2,4;30,6;91,0;9,35;33607,0;37708,0;29075,0;57,99;53,49;7,76;44425,0;24150,0;120,76;116,6;3,887;152149,78;2494,1;81,562;2,273;13,58;0,759;13,645;0,74;0;3196,749;6,782;8,796;2,014;7,61
2023T3;48;Bizkaia;País Vasco;1153282,0;16,302;40,32;28,256;2,4;30,6;91,0;9,35;33607,0;37708,0;29075,0;57,91;53,13;8,26;44425,0;24150,0;121,96;112,777;4,057;152924,72;2462,4;83,972;2,087;13,75;0,714;13,737;0,946;0;3291,207;6,983;9,056;2,073;7,835
2023T4;48;Bizkaia;País Vasco;1153282,0;16,302;40,32;28,256;2,4;30,6;91,0;9,35;33607,0;37708,0;29075,0;58,49;54,59;6,68;44425,0;24150,0;122,13;117,607;4,03;146473,42;2498,1;82,719;1,943;13,88;0,306;13,156;0,627;0;3242,097;6,878;8,921;2,042;7,718
2024T1;48;Bizkaia;País Vasco;1159368,0;16,302;40,32;28,256;2,4;30,6;91,0;10,81;34951,0;39134,0;30296,0;57,78;52,77;8,68;44425,0;24150,0;122,93;113,317;3,693;155006,57;2495,8;85,5;2,339;17,0;0,625;12,586;0,516;1;3351,096;6,851;8,849;1,998;7,67
2024T2;48;Bizkaia;País Vasco;1159368,0;16,302;40,32;28,256;2,4;30,6;91,0;10,81;34951,0;39134,0;30296,0;58,32;53,14;8,88;44425,0;24150,0;125,22;117,41;3,55;152062,76;2546,0;88,46;2,415;15,11;0,572;13,663;0,736;1;3467,11;7,088;9,155;2,068;7,936
2024T3;48;Bizkaia;País Vasco;1159368,0;16,302;40,32;28,256;2,4;30,6;91,0;10,81;34951,0;39134,0;30296,0;56,83;52,24;8,08;44425,0;24150,0;125,14;114,163;3,45;169109,72;2512,4;91,022;2,991;22,12;0,791;13,991;0,932;1;3567,525;7,293;9,42;2,128;8,166
2024T4;48;Bizkaia;País Vasco;1159368,0;16,302;40,32;28,256;2,4;30,6;91,0;10,81;34951,0;39134,0;30296,0;56,75;50,92;10,28;44425,0;24150,0;125,73;118,19;3,167;159116,56;2552,1;91,556;2,738;18,71;0,621;13,773;0,645;1;3588,455;7,336;9,476;2,14;8,214
2015T1;9;Burgos;Castilla y León;363328,0;17,525;40,2;26,693;2,4;33,9;92,9;-2,21;19743,0;22619,0;16140,0;58,24;47,2;18,96;28822,0;15750,0;98,81;90,33;2,613;100355,9;1147,7;61,891;2,125;26,04;0,234;22,945;0,476;0;1133,062;4,007;5,616;1,609;4,591
2015T2;9;Burgos;Castilla y León;363328,0;17,525;40,2;26,693;2,4;33,9;92,9;-2,21;19743,0;22619,0;16140,0;58,12;47,23;18,74;28822,0;15750,0;100,69;93,72;2,507;79166,3;1135,4;63,405;1,748;23,62;0,363;25,669;0,903;0;1160,78;4,106;5,754;1,648;4,704
2015T3;9;Burgos;Castilla y León;363328,0;17,525;40,2;26,693;2,4;33,9;92,9;-2,21;19743,0;22619,0;16140,0;57,31;48,07;16,12;28822,0;15750,0;99,98;90,26;2,45;91803,28;1141,3;62,952;2,251;22,37;0,683;25,688;1,185;0;1152,486;4,076;5,712;1,636;4,67
2015T4;9;Burgos;Castilla y León;363328,0;17,525;40,2;26,693;2,4;33,9;92,9;-2,21;19743,0;22619,0;16140,0;58,56;48,19;17,72;28822,0;15750,0;100,52;92,907;2,427;81273,35;1175,0;62,984;1,8;23,24;0,523;23,11;0,696;0;1153,072;4,078;5,715;1,637;4,672
2016T1;9;Burgos;Castilla y León;360572,0;16,908;40,23;27,257;2,4;34,3;93,2;-0,38;19726,0;22645,0;16101,0;59,65;50,47;15,38;29391,0;16450,0;98,11;88,55;2,33;105348,18;1128,7;62,963;2,235;30,27;0,447;23,106;0,59;0;1152,688;4,072;5,727;1,655;4,675
2016T2;9;Burgos;Castilla y León;360572,0;16,908;40,23;27,257;2,4;34,3;93,2;-0,38;19726,0;22645,0;16101,0;61,14;53,59;12,34;29391,0;16450,0;99,45;92,68;2,323;92561,54;1143,3;63,753;2,202;21,66;0,483;25,967;0,919;0;1167,15;4,123;5,799;1,676;4,733
2016T3;9;Burgos;Castilla y León;360572,0;16,908;40,23;27,257;2,4;34,3;93,2;-0,38;19726,0;22645,0;16101,0;60,37;55,09;8,74;29391,0;16450,0;99,48;89,743;2,367;89322,71;1112,3;63,699;1,903;17,35;0,477;25,888;1,315;0;1166,162;4,12;5,794;1,674;4,729
2016T4;9;Burgos;Castilla y León;360572,0;16,908;40,23;27,257;2,4;34,3;93,2;-0,38;19726,0;22645,0;16101,0;59,21;53,01;10,47;29391,0;16450,0;101,51;93,203;2,273;83381,52;1096,0;63,471;1,811;19,3;0,471;23,578;0,798;0;1161,988;4,105;5,773;1,668;4,713
2017T1;9;Burgos;Castilla y León;358416,0;16,414;40,19;27,784;2,4;34,4;93,0;1,86;20306,0;23328,0;16572,0;57,04;51,21;10,22;29949,0;16450,0;101,15;90,093;2,237;89564,69;1133,6;64,277;2,282;18,58;0,949;22,669;0,623;0;1176,744;4,035;5,681;1,645;4,636
2017T2;9;Burgos;Castilla y León;358416,0;16,414;40,19;27,784;2,4;34,4;93,0;1,86;20306,0;23328,0;16572,0;57,32;51,21;10,66;29949,0;16450,0;101,67;93,773;2,17;95946,71;1120,8;64,47;2,274;24,54;0,918;25,214;1,032;0;1180,277;4,048;5,698;1,65;4,65
2017T3;9;Burgos;Castilla y León;358416,0;16,414;40,19;27,784;2,4;34,4;93,0;1,86;20306,0;23328,0;16572,0;57,83;51,9;10,25;29949,0;16450,0;101,1;91,133;2,217;89759,72;1118,7;64,374;2,249;19,98;0,664;25,181;1,315;0;1178,519;4,042;5,689;1,648;4,643
2017T4;9;Burgos;Castilla y León;358416,0;16,414;40,19;27,784;2,4;34,4;93,0;1,86;20306,0;23328,0;16572,0;56,8;50,51;11,08;29949,0;16450,0;102,79;94,803;2,153;88009,31;1128,7;64,92;2,081;25,6;0,795;23,476;0,787;0;1188,515;4,076;5,737;1,662;4,682
2018T1;9;Burgos;Castilla y León;357165,0;16,154;40,04;28,242;2,3;34,8;92,6;3,58;20867,0;23979,0;17081,0;57,65;51,0;11,54;31240,0;17850,0;101,78;91,97;2,227;92863,48;1112,4;65,684;2,447;21,17;0,518;23,281;0,636;0;1202,502;4,012;5,632;1,62;4,61
2018T2;9;Burgos;Castilla y León;357165,0;16,154;40,04;28,242;2,3;34,8;92,6;3,58;20867,0;23979,0;17081,0;58,94;53,68;8,92;31240,0;17850,0;103,42;95,373;2,197;98244,65;1120,6;66,904;2,539;21,28;0,815;26,284;0,979;0;1224,837;4,086;5,737;1,65;4,696
2018T3;9;Burgos;Castilla y León;357165,0;16,154;40,04;28,242;2,3;34,8;92,6;3,58;20867,0;23979,0;17081,0;57,88;52,01;10,14;31240,0;17850,0;103,49;92,553;2,167;97406,0;1120,1;68,04;2,567;21,27;0,524;25,594;1,265;0;1245,634;4,156;5,834;1,678;4,776
2018T4;9;Burgos;Castilla y León;357165,0;16,154;40,04;28,242;2,3;34,8;92,6;3,58;20867,0;23979,0;17081,0;58,24;51,86;10,96;31240,0;17850,0;104,55;96,513;2,26;100713,77;1114,7;67,992;2,383;24,21;0,806;24,169;0,828;0;1244,755;4,153;5,83;1,677;4,772
2019T1;9;Burgos;Castilla y León;356607,0;16,015;39,83;28,695;2,3;34,9;92,0;5,38;21016,0;24078,0;17422,0;57,25;50,75;11,35;32106,0;18550,0;103,24;92,79;2,37;94445,39;1143,1;68,933;2,67;20,9;0,583;22,58;0,598;0;1261,983;4,193;5,795;1,602;4,804
2019T2;9;Burgos;Castilla y León;356607,0;16,015;39,83;28,695;2,3;34,9;92,0;5,38;21016,0;24078,0;17422,0;55,81;50,6;9,34;32106,0;18550,0;104,41;96,067;2,35;95146,31;1119,8;70,466;2,552;17,8;0,981;24,899;1,032;0;1290,048;4,286;5,924;1,638;4,911
2019T3;9;Burgos;Castilla y León;356607,0;16,015;39,83;28,695;2,3;34,9;92,0;5,38;21016,0;24078,0;17422,0;57,6;51,95;9,81;32106,0;18550,0;103,79;93,19;2,153;98288,66;1139,4;70,805;2,339;26,62;1,469;25,514;1,317;0;1296,254;4,307;5,952;1,645;4,934
2019T4;9;Burgos;Castilla y León;356607,0;16,015;39,83;28,695;2,3;34,9;92,0;5,38;21016,0;24078,0;17422,0;57,58;52,2;9,34;32106,0;18550,0;104,91;96,93;1,99;94365,9;1118,0;71,386;2,114;20,82;0,53;24,378;0,812;0;1306,891;4,342;6,001;1,659;4,975
2020T1;9;Burgos;Castilla y León;357121,0;15,894;39,6;29,075;2,3;35,2;91,9;2,71;21007,0;23852,0;17666,0;57,46;51,85;9,76;32078,0;17850,0;103,49;92,617;2,03;98153,99;1107,3;70,949;2,431;15,09;0,739;20,328;0,457;0;1298,89;4,356;5,882;1,525;4,947
2020T2;9;Burgos;Castilla y León;357121,0;15,894;39,6;29,075;2,3;35,2;91,9;2,71;21007,0;23852,0;17666,0;54,88;47,38;13,67;32078,0;17850,0;103,45;93,307;1,907;98898,25;1109,1;72,549;1,467;22,71;0,997;3,183;0,042;0;1328,182;4,455;6,015;1,56;5,058
2020T3;9;Burgos;Castilla y León;357121,0;15,894;39,6;29,075;2,3;35,2;91,9;2,71;21007,0;23852,0;17666,0;57,36;50,66;11,68;32078,0;17850,0;103,13;92,713;1,937;111230,28;1101,6;72,382;2,223;18,77;0,448;20,594;0,578;0;1325,125;4,444;6,001;1,556;5,046
2020T4;9;Burgos;Castilla y León;357121,0;15,894;39,6;29,075;2,3;35,2;91,9;2,71;21007,0;23852,0;17666,0;57,01;51,65;9,4;32078,0;17850,0;104,12;97,763;1,8;114722,3;1122,9;72,332;2,851;22,2;0,482;14,738;0,216;0;1324,209;4,441;5,997;1,555;5,043
2021T1;9;Burgos;Castilla y León;356042,0;15,855;39,69;29,149;2,3;35,7;91,7;2,25;21891,0;24863,0;18429,0;56,53;50,99;9,8;33203,0;19250,0;104,03;94,957;1,72;99493,27;1118,6;72,356;2,8;25,98;0,764;13,151;0,172;0;1324,649;4,262;5,75;1,488;4,841
2021T2;9;Burgos;Castilla y León;356042,0;15,855;39,69;29,149;2,3;35,7;91,7;2,25;21891,0;24863,0;18429,0;56,87;51,07;10,21;33203,0;19250,0;106,23;100,28;1,62;99699,09;1111,5;74,437;2,882;24,17;0,351;17,348;0,374;0;1362,747;4,385;5,916;1,531;4,98
2021T3;9;Burgos;Castilla y León;356042,0;15,855;39,69;29,149;2,3;35,7;91,7;2,25;21891,0;24863,0;18429,0;57,8;52,68;8,86;33203,0;19250,0;106,84;99,757;1,593;100332,89;1123,8;75,445;3,556;31,91;1,694;22,846;1,049;0;1381,2;4,444;5,996;1,552;5,048
2021T4;9;Burgos;Castilla y León;356042,0;15,855;39,69;29,149;2,3;35,7;91,7;2,25;21891,0;24863,0;18429,0;57,78;52,21;9,65;33203,0;19250,0;110,61;105,007;1,543;111562,58;1138,7;76,225;2,803;20,84;0,438;20,857;0,731;0;1395,48;4,49;6,058;1,568;5,1
2022T1;9;Burgos;Castilla y León;354846,0;15,729;39,4;29,745;2,3;36,0;91,0;12,83;23002,0;26131,0;19442,0;58,15;52,44;9,83;34530,0;19950,0;112,77;105,46;1,597;105213,1;1167,7;77,597;3,824;28,45;0,524;22,486;0,594;0;1420,598;4,349;5,845;1,496;4,941
2022T2;9;Burgos;Castilla y León;354846,0;15,729;39,4;29,745;2,3;36,0;91,0;12,83;23002,0;26131,0;19442,0;58,35;51,89;11,08;34530,0;19950,0;116,48;114,52;1,737;106480,16;1147,2;79,21;3,494;17,74;0,769;25,769;0,975;0;1450,128;4,44;5,967;1,527;5,043
2022T3;9;Burgos;Castilla y León;354846,0;15,729;39,4;29,745;2,3;36,0;91,0;12,83;23002,0;26131,0;19442,0;58,69;55,11;6,09;34530,0;19950,0;118,09;110,537;2,143;111342,89;1175,3;80,393;3,754;22,0;1,229;26,012;1,331;0;1471,785;4,506;6,056;1,55;5,119
2022T4;9;Burgos;Castilla y León;354846,0;15,729;39,4;29,745;2,3;36,0;91,0;12,83;23002,0;26131,0;19442,0;58,25;54,05;7,22;34530,0;19950,0;117,99;115,007;2,867;103777,95;1161,3;79,321;3,444;25,61;0,699;23,326;0,856;0;1452,16;4,446;5,975;1,53;5,051
2023T1;9;Burgos;Castilla y León;357370,0;15,922;39,09;29,938;2,3;36,5;90,3;11,17;24046,0;27231,0;20463,0;57,13;52,55;8,02;36605,0;20650,0;118,09;112,827;3,593;107734,19;1143,1;79,538;3,361;18,73;1,545;22,644;0,669;0;1456,132;4,278;5,693;1,415;4,844
2023T2;9;Burgos;Castilla y León;357370,0;15,922;39,09;29,938;2,3;36,5;90,3;11,17;24046,0;27231,0;20463,0;55,97;51,57;7,85;36605,0;20650,0;119,6;116,6;3,887;100854,94;1150,2;81,46;3,489;18,36;0,63;25,191;1,081;0;1491,319;4,381;5,83;1,449;4,962
2023T3;9;Burgos;Castilla y León;357370,0;15,922;39,09;29,938;2,3;36,5;90,3;11,17;24046,0;27231,0;20463,0;56,88;53,0;6,82;36605,0;20650,0;120,95;112,777;4,057;98611,65;1136,2;82,365;3,405;17,75;0,585;25,743;1,354;0;1507,887;4,43;5,895;1,465;5,017
2023T4;9;Burgos;Castilla y León;357370,0;15,922;39,09;29,938;2,3;36,5;90,3;11,17;24046,0;27231,0;20463,0;57,25;52,57;8,18;36605,0;20650,0;121,65;117,607;4,03;107382,82;1169,3;82,077;2,661;15,46;0,921;23,587;0,89;0;1502,615;4,414;5,874;1,46;4,999
2024T1;9;Burgos;Castilla y León;359740,0;15,922;39,09;29,938;2,3;36,5;90,3;11,97;24884,0;28051,0;21360,0;57,25;52,54;8,24;36605,0;20650,0;122,17;113,317;3,693;115730,39;1193,9;84,235;3,091;21,85;1,445;22,071;0,713;1;1542,122;4,398;5,776;1,378;4,958
2024T2;9;Burgos;Castilla y León;359740,0;15,922;39,09;29,938;2,3;36,5;90,3;11,97;24884,0;28051,0;21360,0;55,99;52,27;6,65;36605,0;20650,0;124,11;117,41;3,55;103706,65;1205,5;87,058;3,222;17,86;0,634;24,394;1,063;1;1593,804;4,545;5,969;1,424;5,124
2024T3;9;Burgos;Castilla y León;359740,0;15,922;39,09;29,938;2,3;36,5;90,3;11,97;24884,0;28051,0;21360,0;57,69;53,96;6,47;36605,0;20650,0;123,34;114,163;3,45;103130,98;1179,8;88,944;4,011;19,47;0,503;24,601;1,348;1;1628,332;4,644;6,099;1,455;5,235
2024T4;9;Burgos;Castilla y León;359740,0;15,922;39,09;29,938;2,3;36,5;90,3;11,97;24884,0;28051,0;21360,0;55,61;52,08;6,35;36605,0;20650,0;124,32;118,19;3,167;106169,93;1212,3;90,75;3,928;18,19;1,479;22,414;0,944;1;1661,395;4,738;6,222;1,484;5,341
2015T1;39;Cantabria;Cantabria;585184,0;17,837;42,37;23,749;2,5;29,3;94,8;-1,2;18918,0;21498,0;15878,0;56,19;45,77;18,54;28197,0;15050,0;99,04;90,33;2,613;102283,15;1471,9;54,892;1,651;22,36;0,6;17,181;0,411;0;1418,255;5,278;7,146;1,868;5,997
2015T2;39;Cantabria;Cantabria;585184,0;17,837;42,37;23,749;2,5;29,3;94,8;-1,2;18918,0;21498,0;15878,0;55,89;45,75;18,15;28197,0;15050,0;100,68;93,72;2,507;103928,93;1512,4;57,68;1,825;20,22;0,484;29,927;1,062;0;1490,289;5,546;7,509;1,963;6,302
2015T3;39;Cantabria;Cantabria;585184,0;17,837;42,37;23,749;2,5;29,3;94,8;-1,2;18918,0;21498,0;15878,0;56,49;47,35;16,19;28197,0;15050,0;99,93;90,26;2,45;103702,26;1484,9;58,517;1,969;22,74;0,613;35,28;2,078;0;1511,915;5,626;7,618;1,991;6,394
2015T4;39;Cantabria;Cantabria;585184,0;17,837;42,37;23,749;2,5;29,3;94,8;-1,2;18918,0;21498,0;15878,0;55,77;45,89;17,71;28197,0;15050,0;100,36;92,907;2,427;103538,57;1442,4;57,713;1,911;20,21;0,384;21,244;0,693;0;1491,142;5,549;7,513;1,964;6,306
2016T1;39;Cantabria;Cantabria;582494,0;17,063;42,57;24,296;2,5;29,4;94,9;0,79;18905,0;21421,0;15974,0;55,67;45,15;18,9;28847,0;15050,0;98,2;88,55;2,33;99728,77;1452,2;57,714;1,995;22,38;0,532;18,047;0,533;0;1491,167;5,569;7,468;1,899;6,31
2016T2;39;Cantabria;Cantabria;582494,0;17,063;42,57;24,296;2,5;29,4;94,9;0,79;18905,0;21421,0;15974,0;56,16;47,57;15,31;28847,0;15050,0;99,44;92,68;2,323;111826,65;1493,4;58,903;2,022;21,9;0,47;28,771;1,078;0;1521,888;5,684;7,622;1,938;6,44
2016T3;39;Cantabria;Cantabria;582494,0;17,063;42,57;24,296;2,5;29,4;94,9;0,79;18905,0;21421,0;15974,0;56,46;49,39;12,53;28847,0;15050,0;99,63;89,743;2,367;115641,03;1458,9;58,947;2,134;16,89;0,493;35,118;2,292;0;1523,025;5,688;7,628;1,94;6,445
2016T4;39;Cantabria;Cantabria;582494,0;17,063;42,57;24,296;2,5;29,4;94,9;0,79;18905,0;21421,0;15974,0;56,2;48,95;12,89;28847,0;15050,0;101,34;93,203;2,273;100126,41;1457,6;59,067;1,988;19,17;0,47;21,558;0,759;0;1526,125;5,7;7,643;1,943;6,458
2017T1;39;Cantabria;Cantabria;581421,0;16,441;42,67;24,803;2,5;29,6;94,7;2,24;19267,0;21881,0;16218,0;55,64;47,81;14,07;29534,0;15750,0;101,03;90,093;2,237;101418,63;1495,4;59,425;2,444;17,31;0,447;18,614;0,497;0;1535,375;5,614;7,574;1,96;6,375
2017T2;39;Cantabria;Cantabria;581421,0;16,441;42,67;24,803;2,5;29,6;94,7;2,24;19267,0;21881,0;16218,0;55,87;48,03;14,03;29534,0;15750,0;101,39;93,773;2,17;103211,68;1473,5;61,331;2,269;20,09;0,494;30,133;1,287;0;1584,62;5,794;7,817;2,023;6,58
2017T3;39;Cantabria;Cantabria;581421,0;16,441;42,67;24,803;2,5;29,6;94,7;2,24;19267,0;21881,0;16218,0;55,78;48,72;12,67;29534,0;15750,0;101,26;91,133;2,217;110655,01;1477,0;61,652;2,482;21,21;0,664;35,3;2,255;0;1592,914;5,824;7,858;2,034;6,614
2017T4;39;Cantabria;Cantabria;581421,0;16,441;42,67;24,803;2,5;29,6;94,7;2,24;19267,0;21881,0;16218,0;55,85;48,32;13,49;29534,0;15750,0;102,81;94,803;2,153;106339,14;1468,6;61,686;2,334;17,32;0,585;21,481;0,796;0;1593,793;5,827;7,862;2,035;6,618
2018T1;39;Cantabria;Cantabria;581533,0;16,025;42,57;25,331;2,5;30,0;94,4;4,25;19890,0;22518,0;16851,0;54,72;47,9;12,46;30651,0;16450,0;101,9;91,97;2,227;104640,61;1428,1;62,835;2,899;16,96;0,91;19,047;0,558;0;1623,48;5,768;7,707;1,94;6,53
2018T2;39;Cantabria;Cantabria;581533,0;16,025;42,57;25,331;2,5;30,0;94,4;4,25;19890,0;22518,0;16851,0;55,15;48,77;11,57;30651,0;16450,0;103,39;95,373;2,197;103001,09;1450,2;64,887;2,516;16,27;0,917;30,219;1,234;0;1676,498;5,956;7,959;2,003;6,743
2018T3;39;Cantabria;Cantabria;581533,0;16,025;42,57;25,331;2,5;30,0;94,4;4,25;19890,0;22518,0;16851,0;55,1;50,14;8,99;30651,0;16450,0;103,64;92,553;2,167;106000,0;1437,1;65,149;2,842;20,51;0,813;36,672;2,371;0;1683,267;5,98;7,991;2,011;6,77
2018T4;39;Cantabria;Cantabria;581533,0;16,025;42,57;25,331;2,5;30,0;94,4;4,25;19890,0;22518,0;16851,0;54,29;49,04;9,68;30651,0;16450,0;104,53;96,513;2,26;105961,96;1479,5;65,534;2,877;17,45;0,82;22,013;0,841;0;1693,214;6,016;8,039;2,023;6,81
2019T1;39;Cantabria;Cantabria;581989,0;15,776;42,46;25,79;2,5;30,2;93,8;5,05;20078,0;22567,0;17295,0;54,84;48,15;12,2;31698,0;17150,0;103,0;92,79;2,37;100902,17;1456,2;66,415;3,038;18,55;0,751;18,956;0,552;0;1715,977;6,083;7,937;1,854;6,837
2019T2;39;Cantabria;Cantabria;581989,0;15,776;42,46;25,79;2,5;30,2;93,8;5,05;20078,0;22567,0;17295,0;54,46;49,55;9,01;31698,0;17150,0;104,39;96,067;2,35;101372,76;1469,9;66,331;2,744;17,22;1,01;30,954;1,325;0;1713,806;6,075;7,927;1,852;6,829
2019T3;39;Cantabria;Cantabria;581989,0;15,776;42,46;25,79;2,5;30,2;93,8;5,05;20078,0;22567,0;17295,0;55,19;50,37;8,73;31698,0;17150,0;103,9;93,19;2,153;99085,03;1490,2;66,692;2,485;12,1;0,966;37,215;2,357;0;1723,134;6,109;7,971;1,862;6,866
2019T4;39;Cantabria;Cantabria;581989,0;15,776;42,46;25,79;2,5;30,2;93,8;5,05;20078,0;22567,0;17295,0;55,73;49,5;11,18;31698,0;17150,0;105,01;96,93;1,99;106085,01;1447,4;66,941;2,622;13,17;0,864;22,503;0,813;0;1729,567;6,131;8,0;1,869;6,891
2020T1;39;Cantabria;Cantabria;583011,0;15,61;42,29;26,26;2,4;30,4;93,8;3,4;20011,0;22327,0;17430,0;54,37;48,34;11,09;31545,0;17150,0;103,63;92,617;2,03;99893,49;1455,0;67,06;2,698;15,89;0,542;17,054;0,415;0;1732,642;6,208;7,952;1,744;6,927
2020T2;39;Cantabria;Cantabria;583011,0;15,61;42,29;26,26;2,4;30,4;93,8;3,4;20011,0;22327,0;17430,0;51,55;44,46;13,76;31545,0;17150,0;103,6;93,307;1,907;107610,8;1411,9;67,186;1,75;18,43;0,662;3,898;0,063;0;1735,897;6,22;7,967;1,747;6,94
2020T3;39;Cantabria;Cantabria;583011,0;15,61;42,29;26,26;2,4;30,4;93,8;3,4;20011,0;22327,0;17430,0;55,21;48,58;12,02;31545,0;17150,0;103,41;92,713;1,937;109167,85;1449,9;67,611;2,412;23,33;0,827;32,374;1,654;0;1746,878;6,259;8,018;1,759;6,984
2020T4;39;Cantabria;Cantabria;583011,0;15,61;42,29;26,26;2,4;30,4;93,8;3,4;20011,0;22327,0;17430,0;54,12;47,74;11,79;31545,0;17150,0;104,21;97,763;1,8;108366,7;1432,8;67,739;2,734;17,06;0,736;13,25;0,22;0;1750,185;6,271;8,033;1,762;6,997
2021T1;39;Cantabria;Cantabria;584708,0;15,531;42,17;26,659;2,4;30,7;93,6;3,74;20893,0;23255,0;18283,0;53,89;47,65;11,59;32734,0;17850,0;104,29;94,957;1,72;110515,26;1441,2;68,431;3,118;17,77;0,711;10,366;0,143;0;1768,065;6,082;7,736;1,654;6,77
2021T2;39;Cantabria;Cantabria;584708,0;15,531;42,17;26,659;2,4;30,7;93,6;3,74;20893,0;23255,0;18283,0;55,18;48,48;12,15;32734,0;17850,0;106,4;100,28;1,62;102257,46;1468,4;70,761;2,99;14,87;1,089;17,693;0,496;0;1828,265;6,289;8,0;1,71;7,0
2021T3;39;Cantabria;Cantabria;584708,0;15,531;42,17;26,659;2,4;30,7;93,6;3,74;20893,0;23255,0;18283,0;56,85;51,31;9,74;32734,0;17850,0;107,22;99,757;1,593;111035,13;1480,5;72,26;3,316;15,27;1,064;35,716;2,216;0;1866,995;6,423;8,169;1,747;7,149
2021T4;39;Cantabria;Cantabria;584708,0;15,531;42,17;26,659;2,4;30,7;93,6;3,74;20893,0;23255,0;18283,0;54,96;48,6;11,58;32734,0;17850,0;110,45;105,007;1,543;110769,8;1467,5;72,954;3,737;15,38;0,696;19,524;0,722;0;1884,926;6,484;8,248;1,763;7,217
2022T1;39;Cantabria;Cantabria;585450,0;15,516;41,88;27,23;2,4;31,1;93,1;10,82;22036,0;24544,0;19317,0;54,36;48,47;10,83;34461,0;18550,0;112,69;105,46;1,597;114087,99;1464,6;75,939;3,944;15,42;1,066;16,596;0,511;0;1962,05;6,395;8,126;1,73;7,123
2022T2;39;Cantabria;Cantabria;585450,0;15,516;41,88;27,23;2,4;31,1;93,1;10,82;22036,0;24544,0;19317,0;54,8;50,24;8,32;34461,0;18550,0;116,1;114,52;1,737;118476,33;1509,6;77,797;3,543;13,5;1,05;31,413;1,324;0;2010,056;6,552;8,325;1,773;7,297
2022T3;39;Cantabria;Cantabria;585450,0;15,516;41,88;27,23;2,4;31,1;93,1;10,82;22036,0;24544,0;19317,0;55,5;50,72;8,62;34461,0;18550,0;117,53;110,537;2,143;113705,44;1557,7;79,005;3,876;11,99;1,129;37,864;2,378;0;2041,267;6,653;8,454;1,8;7,411
2022T4;39;Cantabria;Cantabria;585450,0;15,516;41,88;27,23;2,4;31,1;93,1;10,82;22036,0;24544,0;19317,0;54,15;48,44;10,53;34461,0;18550,0;117,45;115,007;2,867;120114,44;1512,7;79,214;3,614;14,13;0,994;22,274;0,805;0;2046,667;6,671;8,476;1,805;7,43
2023T1;39;Cantabria;Cantabria;588387,0;15,667;41,6;27,571;2,4;31,4;92,6;8,51;22989,0;25604,0;20195,0;53,98;48,87;9,46;36412,0;19950,0;118,3;112,827;3,593;116471,78;1504,4;80,18;3,482;13,71;0,967;17,454;0,496;0;2071,626;6,473;8,206;1,734;7,209
2023T2;39;Cantabria;Cantabria;588387,0;15,667;41,6;27,571;2,4;31,4;92,6;8,51;22989,0;25604,0;20195,0;55,09;50,67;8,02;36412,0;19950,0;120,03;116,6;3,887;116442,59;1547,5;81,492;3,605;13,72;0,785;31,872;1,344;0;2105,524;6,579;8,341;1,762;7,327
2023T3;39;Cantabria;Cantabria;588387,0;15,667;41,6;27,571;2,4;31,4;92,6;8,51;22989,0;25604,0;20195,0;55,73;51,44;7,7;36412,0;19950,0;121,42;112,777;4,057;112028,67;1564,2;83,684;3,294;16,1;0,705;38,336;2,326;0;2162,159;6,756;8,565;1,809;7,524
2023T4;39;Cantabria;Cantabria;588387,0;15,667;41,6;27,571;2,4;31,4;92,6;8,51;22989,0;25604,0;20195,0;54,45;50,43;7,39;36412,0;19950,0;121,59;117,607;4,03;116611,78;1572,3;82,65;2,99;15,58;0,795;22,819;0,823;0;2135,443;6,672;8,459;1,787;7,431
2024T1;39;Cantabria;Cantabria;590851,0;15,667;41,6;27,571;2,4;31,4;92,6;8,55;23787,0;26455,0;20966,0;55,8;51,6;7,53;36412,0;19950,0;122,05;113,317;3,693;122117,48;1612,2;85,639;3,806;16,36;0,633;20,107;0,634;1;2212,671;6,691;8,443;1,752;7,442
2024T2;39;Cantabria;Cantabria;590851,0;15,667;41,6;27,571;2,4;31,4;92,6;8,55;23787,0;26455,0;20966,0;55,53;50,83;8,46;36412,0;19950,0;123,92;117,41;3,55;117435,56;1626,5;88,536;3,442;15,09;1,406;32,64;1,32;1;2287,521;6,917;8,728;1,811;7,693
2024T3;39;Cantabria;Cantabria;590851,0;15,667;41,6;27,571;2,4;31,4;92,6;8,55;23787,0;26455,0;20966,0;56,9;52,82;7,17;36412,0;19950,0;123,64;114,163;3,45;121711,43;1679,2;91,1;3,976;14,64;0,983;38,314;2,304;1;2353,768;7,118;8,981;1,863;7,916
2024T4;39;Cantabria;Cantabria;590851,0;15,667;41,6;27,571;2,4;31,4;92,6;8,55;23787,0;26455,0;20966,0;55,28;50,73;8,23;36412,0;19950,0;124,27;118,19;3,167;123564,23;1700,8;92,372;4,246;16,38;0,729;22,109;0,782;1;2386,633;7,217;9,107;1,889;8,027
2015T1;12;Castellón/Castelló;Comunitat Valenciana;577738,0;19,351;41,52;20,791;2,5;29,3;85,6;-3,04;17005,0;19381,0;14130,0;60,03;44,61;25,69;25493,0;12950,0;98,94;90,33;2,613;76129,12;1022,1;58,072;2,332;23,01;0,158;21,813;0,67;0;1023,153;4,223;5,793;1,569;4,813
2015T2;12;Castellón/Castelló;Comunitat Valenciana;577738,0;19,351;41,52;20,791;2,5;29,3;85,6;-3,04;17005,0;19381,0;14130,0;59,91;45,62;23,85;25493,0;12950,0;100,92;93,72;2,507;70749,04;1054,0;60,382;2,373;17,65;0,171;36,929;1,627;0;1063,852;4,391;6,023;1,632;5,005
2015T3;12;Castellón/Castelló;Comunitat Valenciana;577738,0;19,351;41,52;20,791;2,5;29,3;85,6;-3,04;17005,0;19381,0;14130,0;58,75;46,44;20,94;25493,0;12950,0;99,9;90,26;2,45;73037,0;1069,5;60,219;2,859;20,94;0,121;43,15;3,13;0;1060,981;4,379;6,007;1,628;4,991
2015T4;12;Castellón/Castelló;Comunitat Valenciana;577738,0;19,351;41,52;20,791;2,5;29,3;85,6;-3,04;17005,0;19381,0;14130,0;58,1;46,76;19,53;25493,0;12950,0;100,25;92,907;2,427;75934,55;1064,6;60,289;2,219;11,78;0,256;22,742;0,733;0;1062,214;4,385;6,014;1,629;4,997
2016T1;12;Castellón/Castelló;Comunitat Valenciana;575546,0;18,607;41,88;21,185;2,5;29,6;86,2;-0,77;17342,0;19877,0;14275,0;57,16;44,91;21,43;26457,0;13650,0;97,92;88,55;2,33;73461,45;1067,1;61,035;2,478;14,45;0,226;25,358;0,813;0;1075,357;4,328;6,027;1,698;4,961
2016T2;12;Castellón/Castelló;Comunitat Valenciana;575546,0;18,607;41,88;21,185;2,5;29,6;86,2;-0,77;17342,0;19877,0;14275,0;56,23;45,1;19,79;26457,0;13650,0;99,65;92,68;2,323;74950,71;1062,0;61,481;2,938;13,13;0,281;39,11;1,561;0;1083,215;4,36;6,071;1,711;4,997
2016T3;12;Castellón/Castelló;Comunitat Valenciana;575546,0;18,607;41,88;21,185;2,5;29,6;86,2;-0,77;17342,0;19877,0;14275,0;56,73;45,58;19,66;26457,0;13650,0;99,31;89,743;2,367;74821,74;1027,1;61,353;2,827;13,03;0,255;43,45;3,34;0;1080,96;4,351;6,058;1,707;4,987
2016T4;12;Castellón/Castelló;Comunitat Valenciana;575546,0;18,607;41,88;21,185;2,5;29,6;86,2;-0,77;17342,0;19877,0;14275,0;57,33;47,52;17,11;26457,0;13650,0;100,94;93,203;2,273;72995,17;1048,9;61,334;2,575;11,61;0,631;24,031;0,829;0;1080,625;4,349;6,056;1,707;4,985
2017T1;12;Castellón/Castelló;Comunitat Valenciana;575433,0;18,045;42,11;21,573;2,5;29,7;85,9;-0,61;17955,0;20760,0;14568,0;56,01;45,07;19,52;27398,0;14350,0;100,64;90,093;2,237;77139,28;1028,9;62,179;2,93;10,85;0,323;23,342;0,693;0;1095,513;4,222;6,016;1,794;4,881
2017T2;12;Castellón/Castelló;Comunitat Valenciana;575433,0;18,045;42,11;21,573;2,5;29,7;85,9;-0,61;17955,0;20760,0;14568,0;56,09;46,23;17,58;27398,0;14350,0;101,45;93,773;2,17;71486,52;1058,5;62,615;2,89;13,05;0,358;38,659;1,916;0;1103,195;4,251;6,058;1,807;4,915
2017T3;12;Castellón/Castelló;Comunitat Valenciana;575433,0;18,045;42,11;21,573;2,5;29,7;85,9;-0,61;17955,0;20760,0;14568,0;57,07;48,27;15,42;27398,0;14350,0;100,84;91,133;2,217;81303,71;1038,9;63,158;3,288;12,69;0,167;42,637;3,288;0;1112,762;4,288;6,111;1,823;4,958
2017T4;12;Castellón/Castelló;Comunitat Valenciana;575433,0;18,045;42,11;21,573;2,5;29,7;85,9;-0,61;17955,0;20760,0;14568,0;57,91;49,59;14,37;27398,0;14350,0;102,41;94,803;2,153;73040,0;1041,2;63,878;3,49;7,07;0,403;23,944;0,922;0;1125,447;4,337;6,18;1,843;5,015
2018T1;12;Castellón/Castelló;Comunitat Valenciana;576342,0;17,706;42,12;21,983;2,5;30,0;85,5;3,04;18576,0;21442,0;15155,0;57,73;48,02;16,82;28557,0;15050,0;101,46;91,97;2,227;72904,11;1033,7;64,306;3,76;15,46;0,212;23,281;0,788;0;1132,988;4,227;5,981;1,754;4,879
2018T2;12;Castellón/Castelló;Comunitat Valenciana;576342,0;17,706;42,12;21,983;2,5;30,0;85,5;3,04;18576,0;21442,0;15155,0;58,32;49,17;15,68;28557,0;15050,0;103,35;95,373;2,197;77950,46;1033,4;65,139;4,067;15,19;0,828;37,099;1,785;0;1147,665;4,282;6,058;1,776;4,943
2018T3;12;Castellón/Castelló;Comunitat Valenciana;576342,0;17,706;42,12;21,983;2,5;30,0;85,5;3,04;18576,0;21442,0;15155,0;57,93;49,53;14,49;28557,0;15050,0;103,29;92,553;2,167;74531,86;1043,3;66,11;3,999;10,37;0,448;42,161;3,128;0;1164,772;4,346;6,149;1,803;5,016
2018T4;12;Castellón/Castelló;Comunitat Valenciana;576342,0;17,706;42,12;21,983;2,5;30,0;85,5;3,04;18576,0;21442,0;15155,0;57,74;49,02;15,11;28557,0;15050,0;104,09;96,513;2,26;79542,51;1061,1;66,529;3,375;12,8;0,474;24,647;0,924;0;1172,155;4,373;6,188;1,814;5,048
2019T1;12;Castellón/Castelló;Comunitat Valenciana;579592,0;17,59;42,1;22,253;2,5;30,1;84,8;4,99;19281,0;22128,0;15895,0;57,44;49,14;14,46;29847,0;15750,0;102,45;92,79;2,37;77996,2;1088,4;66,986;4,165;16,28;0,349;23,315;0,78;0;1180,206;4,267;5,94;1,673;4,897
2019T2;12;Castellón/Castelló;Comunitat Valenciana;579592,0;17,59;42,1;22,253;2,5;30,1;84,8;4,99;19281,0;22128,0;15895,0;56,97;48,85;14,25;29847,0;15750,0;104,04;96,067;2,35;74494,75;1071,6;68,229;4,005;10,51;0,676;38,937;1,892;0;1202,106;4,346;6,05;1,704;4,988
2019T3;12;Castellón/Castelló;Comunitat Valenciana;579592,0;17,59;42,1;22,253;2,5;30,1;84,8;4,99;19281,0;22128,0;15895,0;58,52;51,5;12,01;29847,0;15750,0;103,42;93,19;2,153;76119,83;1058,8;68,896;3,787;12,8;0,242;43,395;3,215;0;1213,858;4,388;6,109;1,721;5,036
2019T4;12;Castellón/Castelló;Comunitat Valenciana;579592,0;17,59;42,1;22,253;2,5;30,1;84,8;4,99;19281,0;22128,0;15895,0;59,38;50,89;14,29;29847,0;15750,0;104,59;96,93;1,99;79567,38;1066,6;69,038;3,168;13,83;0,733;24,726;0,913;0;1216,36;4,398;6,122;1,724;5,047
2020T1;12;Castellón/Castelló;Comunitat Valenciana;584201,0;17,526;42,03;22,524;2,5;30,4;84,8;2,33;19556,0;22288,0;16290,0;58,56;50,48;13,81;29875,0;15750,0;103,37;92,617;2,03;78536,09;1040,0;69,334;3,396;11,54;0,294;19,695;0,529;0;1221,575;4,385;5,999;1,614;4,997
2020T2;12;Castellón/Castelló;Comunitat Valenciana;584201,0;17,526;42,03;22,524;2,5;30,4;84,8;2,33;19556,0;22288,0;16290,0;56,77;48,57;14,44;29875,0;15750,0;103,32;93,307;1,907;72804,17;1030,5;69,322;2,208;9,46;0,601;4,223;0,062;0;1221,364;4,384;5,998;1,614;4,996
2020T3;12;Castellón/Castelló;Comunitat Valenciana;584201,0;17,526;42,03;22,524;2,5;30,4;84,8;2,33;19556,0;22288,0;16290,0;58,54;49,9;14,77;29875,0;15750,0;102,97;92,713;1,937;51929,99;1052,2;70,301;2,653;13,35;0,265;33,597;1,329;0;1238,612;4,446;6,083;1,637;5,067
2020T4;12;Castellón/Castelló;Comunitat Valenciana;584201,0;17,526;42,03;22,524;2,5;30,4;84,8;2,33;19556,0;22288,0;16290,0;58,0;49,81;14,12;29875,0;15750,0;103,93;97,763;1,8;88766,26;1050,9;70,184;3,374;17,0;0,496;15,588;0,287;0;1236,551;4,438;6,073;1,634;5,059
2021T1;12;Castellón/Castelló;Comunitat Valenciana;587632,0;17,521;42,03;22,798;2,4;30,7;84,6;3,9;20449,0;23428,0;16940,0;55,89;46,97;15,95;31163,0;16450,0;103,89;94,957;1,72;84305,28;1036,2;70,174;3,72;15,83;0,698;10,116;0,143;0;1236,375;4,222;5,839;1,617;4,837
2021T2;12;Castellón/Castelló;Comunitat Valenciana;587632,0;17,521;42,03;22,798;2,4;30,7;84,6;3,9;20449,0;23428,0;16940,0;58,43;49,49;15,3;31163,0;16450,0;106,36;100,28;1,62;81734,02;1052,2;72,314;3,683;13,91;0,497;24,34;0,754;0;1274,079;4,351;6,017;1,666;4,984
2021T3;12;Castellón/Castelló;Comunitat Valenciana;587632,0;17,521;42,03;22,798;2,4;30,7;84,6;3,9;20449,0;23428,0;16940,0;57,91;50,47;12,84;31163,0;16450,0;106,72;99,757;1,593;87278,9;1084,5;73,792;5,255;15,97;0,956;41,338;2,567;0;1300,119;4,44;6,14;1,7;5,086
2021T4;12;Castellón/Castelló;Comunitat Valenciana;587632,0;17,521;42,03;22,798;2,4;30,7;84,6;3,9;20449,0;23428,0;16940,0;56,29;49,98;11,2;31163,0;16450,0;110,55;105,007;1,543;86758,5;1105,5;74,934;4,448;13,43;0,465;21,055;0,686;0;1320,24;4,508;6,235;1,727;5,165
2022T1;12;Castellón/Castelló;Comunitat Valenciana;591300,0;17,575;41,94;23,016;2,4;30,9;83,4;18,87;21506,0;24516,0;18006,0;56,23;49,4;12,15;32694,0;17850,0;113,54;105,46;1,597;84098,72;1090,1;76,447;4,778;11,01;0,883;18,671;0,471;0;1346,897;4,395;5,984;1,589;5,01
2022T2;12;Castellón/Castelló;Comunitat Valenciana;591300,0;17,575;41,94;23,016;2,4;30,9;83,4;18,87;21506,0;24516,0;18006,0;57,49;51,45;10,51;32694,0;17850,0;117,25;114,52;1,737;81878,17;1084,9;78,108;4,81;13,05;0,286;37,722;1,675;0;1376,161;4,491;6,114;1,624;5,119
2022T3;12;Castellón/Castelló;Comunitat Valenciana;591300,0;17,575;41,94;23,016;2,4;30,9;83,4;18,87;21506,0;24516,0;18006,0;58,04;51,12;11,93;32694,0;17850,0;118,66;110,537;2,143;83936,09;1064,4;78,892;4,84;11,98;0,394;43,416;2,752;0;1389,975;4,536;6,176;1,64;5,171
2022T4;12;Castellón/Castelló;Comunitat Valenciana;591300,0;17,575;41,94;23,016;2,4;30,9;83,4;18,87;21506,0;24516,0;18006,0;55,88;47,96;14,16;32694,0;17850,0;118,53;115,007;2,867;87763,73;1067,6;78,722;4,565;14,67;0,609;20,698;0,712;0;1386,979;4,526;6,162;1,636;5,159
2023T1;12;Castellón/Castelló;Comunitat Valenciana;604086,0;17,88;41,72;23,053;2,4;31,0;82,5;16,15;22227,0;24995,0;19028,0;55,86;47,75;14,51;34497,0;18550,0;119,63;112,827;3,593;85201,17;1097,8;79,015;4,736;16,15;0,732;19,322;0,596;0;1392,142;4,456;5,853;1,397;5,011
2023T2;12;Castellón/Castelló;Comunitat Valenciana;604086,0;17,88;41,72;23,053;2,4;31,0;82,5;16,15;22227,0;24995,0;19028,0;56,55;48,16;14,85;34497,0;18550,0;120,97;116,6;3,887;88356,66;1092,5;80,817;4,427;16,01;0,636;37,25;1,616;0;1423,891;4,557;5,987;1,429;5,125
2023T3;12;Castellón/Castelló;Comunitat Valenciana;604086,0;17,88;41,72;23,053;2,4;31,0;82,5;16,15;22227,0;24995,0;19028,0;56,58;48,28;14,67;34497,0;18550,0;122,43;112,777;4,057;85932,19;1128,8;82,904;4,799;21,84;0,374;41,341;2,607;0;1460,661;4,675;6,141;1,466;5,257
2023T4;12;Castellón/Castelló;Comunitat Valenciana;604086,0;17,88;41,72;23,053;2,4;31,0;82,5;16,15;22227,0;24995,0;19028,0;55,08;46,82;15,0;34497,0;18550,0;122,8;117,607;4,03;86655,04;1129,2;82,063;3,832;19,52;0,29;20,678;0,749;0;1445,843;4,628;6,079;1,451;5,204
2024T1;12;Castellón/Castelló;Comunitat Valenciana;615188,0;17,88;41,72;23,053;2,4;31,0;82,5;17,43;23117,0;25902,0;19903,0;57,46;48,06;16,35;34497,0;18550,0;123,34;113,317;3,693;86023,42;1149,1;84,149;4,849;19,68;0,81;19,122;0,672;1;1482,596;4,579;5,959;1,38;5,131
2024T2;12;Castellón/Castelló;Comunitat Valenciana;615188,0;17,88;41,72;23,053;2,4;31,0;82,5;17,43;23117,0;25902,0;19903,0;58,64;51,39;12,36;34497,0;18550,0;125,02;117,41;3,55;90069,82;1147,7;87,789;4,573;22,72;0,657;36,303;1,615;1;1546,728;4,777;6,217;1,44;5,353
2024T3;12;Castellón/Castelló;Comunitat Valenciana;615188,0;17,88;41,72;23,053;2,4;31,0;82,5;17,43;23117,0;25902,0;19903,0;60,52;52,61;13,06;34497,0;18550,0;124,58;114,163;3,45;92364,54;1183,2;90,21;5,673;20,66;0,48;42,095;2,826;1;1589,383;4,909;6,389;1,48;5,5
2024T4;12;Castellón/Castelló;Comunitat Valenciana;615188,0;17,88;41,72;23,053;2,4;31,0;82,5;17,43;23117,0;25902,0;19903,0;59,16;51,56;12,84;34497,0;18550,0;125,4;118,19;3,167;90092,28;1195,4;92,073;5,896;23,63;0,618;23,094;0,841;1;1622,207;5,01;6,52;1,51;5,614
2015T1;51;Ceuta;Ceuta;84561,0;23,827;39,17;12,091;3,2;23,3;93,6;1,35;21989,0;24621,0;17993,0;57,07;38,94;31,76;35577,0;12950,0;99,04;90,33;2,613;127678,16;1703,5;47,545;1,407;27,73;0,426;9,181;0,378;0;1647,236;5,352;7,324;1,972;5,993
2015T2;51;Ceuta;Ceuta;84561,0;23,827;39,17;12,091;3,2;23,3;93,6;1,35;21989,0;24621,0;17993,0;56,0;42,23;24,59;35577,0;12950,0;100,87;93,72;2,507;124531,65;1727,5;50,285;1,206;24,51;0,485;9,149;0,439;0;1742,166;5,661;7,746;2,085;6,338
2015T3;51;Ceuta;Ceuta;84561,0;23,827;39,17;12,091;3,2;23,3;93,6;1,35;21989,0;24621,0;17993,0;60,32;41,87;30,59;35577,0;12950,0;99,53;90,26;2,45;119823,53;1731,8;50,557;0,473;35,0;0,414;9,354;0,615;0;1751,59;5,691;7,788;2,097;6,373
2015T4;51;Ceuta;Ceuta;84561,0;23,827;39,17;12,091;3,2;23,3;93,6;1,35;21989,0;24621,0;17993,0;55,89;42,9;23,25;35577,0;12950,0;100,55;92,907;2,427;122590,91;1719,7;50,266;1,1;16,13;0,414;9,67;0,469;0;1741,508;5,659;7,743;2,084;6,336
2016T1;51;Ceuta;Ceuta;84558,0;23,183;39,52;12,381;3,2;23,2;93,4;2,58;21810,0;24461,0;17902,0;58,77;43,37;26,21;35381,0;12950,0;98,49;88,55;2,33;115460,53;1686,4;51,132;1,171;21,21;0,544;9,355;0,501;0;1771,511;5,794;7,916;2,123;6,498
2016T2;51;Ceuta;Ceuta;84558,0;23,183;39,52;12,381;3,2;23,2;93,4;2,58;21810,0;24461,0;17902,0;58,91;43,43;26,28;35381,0;12950,0;100,21;92,68;2,323;121709,4;1742,8;52,393;1,667;14,89;0,497;9,248;0,501;0;1815,199;5,937;8,112;2,175;6,658
2016T3;51;Ceuta;Ceuta;84558,0;23,183;39,52;12,381;3,2;23,2;93,4;2,58;21810,0;24461,0;17902,0;56,73;42,76;24,64;35381,0;12950,0;99,47;89,743;2,367;110027,03;1715,0;52,549;0,863;19,18;0,473;9,343;0,684;0;1820,604;5,954;8,136;2,182;6,678
2016T4;51;Ceuta;Ceuta;84558,0;23,183;39,52;12,381;3,2;23,2;93,4;2,58;21810,0;24461,0;17902,0;55,29;42,91;22,39;35381,0;12950,0;101,2;93,203;2,273;188191,18;1741,7;52,819;0,603;27,45;0,39;9,28;0,505;0;1829,959;5,985;8,178;2,193;6,712
2017T1;51;Ceuta;Ceuta;85005,0;22,849;39,7;12,536;3,1;24,5;93,1;2,25;21866,0;24663,0;17892,0;57,59;44,17;23,3;35274,0;12950,0;100,72;90,093;2,237;137810,81;1755,7;54,523;1,318;17,86;0,518;9,094;0,521;0;1888,995;6,127;8,446;2,319;6,911
2017T2;51;Ceuta;Ceuta;85005,0;22,849;39,7;12,536;3,1;24,5;93,1;2,25;21866,0;24663,0;17892,0;53,53;44,01;17,79;35274,0;12950,0;102,03;93,773;2,17;134443,48;1818,7;55,353;1,529;37,69;0,529;9,098;0,535;0;1917,751;6,221;8,575;2,354;7,016
2017T3;51;Ceuta;Ceuta;85005,0;22,849;39,7;12,536;3,1;24,5;93,1;2,25;21866,0;24663,0;17892,0;55,08;42,76;22,36;35274,0;12950,0;100,74;91,133;2,217;112716,22;1763,3;56,078;1,141;30,93;0,435;8,96;0,627;0;1942,869;6,302;8,687;2,385;7,108
2017T4;51;Ceuta;Ceuta;85005,0;22,849;39,7;12,536;3,1;24,5;93,1;2,25;21866,0;24663,0;17892,0;56,95;42,12;26,03;35274,0;12950,0;102,15;94,803;2,153;122986,49;1754,9;57,034;1,165;19,19;0,494;9,058;0,459;0;1975,991;6,41;8,835;2,426;7,229
2018T1;51;Ceuta;Ceuta;85327,0;22,744;39,76;12,769;3,1;24,4;93,2;-1,28;22287,0;24972,0;18445,0;59,05;40,49;31,44;37090,0;13650,0;100,84;91,97;2,227;109179,78;1790,5;58,509;1,219;9,62;0,492;8,915;0,474;0;2027,093;6,494;8,792;2,298;7,276
2018T2;51;Ceuta;Ceuta;85327,0;22,744;39,76;12,769;3,1;24,4;93,2;-1,28;22287,0;24972,0;18445,0;61,67;43,5;29,46;37090,0;13650,0;102,74;95,373;2,197;129405,94;1728,9;60,094;1,723;40,14;0,516;9,165;0,531;0;2082,007;6,67;9,03;2,36;7,473
2018T3;51;Ceuta;Ceuta;85327,0;22,744;39,76;12,769;3,1;24,4;93,2;-1,28;22287,0;24972,0;18445,0;59,05;40,87;30,79;37090,0;13650,0;102,12;92,553;2,167;120138,46;1710,6;61,056;0,926;22,78;0,691;8,954;0,617;0;2115,336;6,777;9,175;2,398;7,593
2018T4;51;Ceuta;Ceuta;85327,0;22,744;39,76;12,769;3,1;24,4;93,2;-1,28;22287,0;24972,0;18445,0;55,4;42,09;24,02;37090,0;13650,0;103,15;96,513;2,26;113987,5;1687,5;62,233;1,102;19,15;0,539;8,993;0,49;0;2156,115;6,907;9,352;2,444;7,739
2019T1;51;Ceuta;Ceuta;85087,0;22,596;39,9;13,071;3,1;24,8;93,2;1,76;23246,0;25639,0;19734,0;57,35;44,55;22,31;38628,0;14350,0;101,79;92,79;2,37;122473,68;1728,7;63,854;6,017;83,79;0,635;8,932;0,431;0;2212,275;6,903;8,968;2,066;7,613
2019T2;51;Ceuta;Ceuta;85087,0;22,596;39,9;13,071;3,1;24,8;93,2;1,76;23246,0;25639,0;19734,0;57,52;43,36;24,61;38628,0;14350,0;103,38;96,067;2,35;142754,55;1731,4;64,856;1,481;26,98;0,599;9,12;0,471;0;2246,991;7,011;9,109;2,098;7,733
2019T3;51;Ceuta;Ceuta;85087,0;22,596;39,9;13,071;3,1;24,8;93,2;1,76;23246,0;25639,0;19734,0;58,63;41,77;28,76;38628,0;14350,0;101,75;93,19;2,153;120729,41;1786,1;66,368;1,211;10,68;0,482;9,52;0,604;0;2299,375;7,175;9,321;2,147;7,913
2019T4;51;Ceuta;Ceuta;85087,0;22,596;39,9;13,071;3,1;24,8;93,2;1,76;23246,0;25639,0;19734,0;58,82;42,59;27,58;38628,0;14350,0;103,23;96,93;1,99;123827,59;1732,4;65,483;1,093;13,98;0,611;9,355;0,468;0;2268,714;7,079;9,197;2,118;7,808
2020T1;51;Ceuta;Ceuta;84502,0;22,436;39,99;13,472;3,1;24,9;93,6;4,26;23439,0;26037,0;19805,0;58,61;44,61;23,89;39330,0;14350,0;101,66;92,617;2,03;133988,37;1745,6;66,956;1,101;16,13;0,497;8,016;0,364;0;2319,747;7,128;9,37;2,243;7,918
2020T2;51;Ceuta;Ceuta;84502,0;22,436;39,99;13,472;3,1;24,9;93,6;4,26;23439,0;26037,0;19805,0;55,03;43,86;20,3;39330,0;14350,0;102,63;93,307;1,907;168425,2;1749,9;67,152;0,805;11,76;0,438;0,0;0,0;0;2326,537;7,148;9,398;2,249;7,941
2020T3;51;Ceuta;Ceuta;84502,0;22,436;39,99;13,472;3,1;24,9;93,6;4,26;23439,0;26037,0;19805,0;55,8;40,66;27,14;39330,0;14350,0;101,49;92,713;1,937;133037,04;1806,0;69,274;1,053;40,45;0,544;7,503;0,243;0;2400,056;7,374;9,695;2,32;8,192
2020T4;51;Ceuta;Ceuta;84502,0;22,436;39,99;13,472;3,1;24,9;93,6;4,26;23439,0;26037,0;19805,0;56,05;41,07;26,74;39330,0;14350,0;102,66;97,763;1,8;132071,43;1781,7;68,678;0,864;24,66;0,45;7,818;0,181;0;2379,407;7,311;9,611;2,3;8,121
2021T1;51;Ceuta;Ceuta;84071,0;22,278;40,18;13,775;3,0;25,5;94,1;1,49;23545,0;25981,0;20198,0;53,61;37,23;30,54;40660,0;15750,0;102,43;94,957;1,72;127592,59;1786,0;68,659;0,856;12,5;0,488;7,387;0,184;0;2378,749;7,325;9,422;2,097;8,082
2021T2;51;Ceuta;Ceuta;84071,0;22,278;40,18;13,775;3,0;25,5;94,1;1,49;23545,0;25981,0;20198,0;56,56;40,66;28,1;40660,0;15750,0;104,67;100,28;1,62;121459,46;1796,6;69,05;1,178;20,2;0,678;7,791;0,311;0;2392,295;7,366;9,475;2,109;8,128
2021T3;51;Ceuta;Ceuta;84071,0;22,278;40,18;13,775;3,0;25,5;94,1;1,49;23545,0;25981,0;20198,0;56,18;37,31;33,59;40660,0;15750,0;104,4;99,757;1,593;185444,44;1797,7;71,619;0,143;25,0;0,809;8,612;0,388;0;2481,3;7,64;9,828;2,188;8,431
2021T4;51;Ceuta;Ceuta;84071,0;22,278;40,18;13,775;3,0;25,5;94,1;1,49;23545,0;25981,0;20198,0;55,87;38,46;31,17;40660,0;15750,0;107,74;105,007;1,543;147674,16;1749,2;72,826;1,487;39,2;0,69;8,755;0,276;0;2523,118;7,769;9,994;2,224;8,573
2022T1;51;Ceuta;Ceuta;83051,0;22,57;40,18;14,055;3,0;25,8;94,3;5,05;23841,0;26049,0;20699,0;61,39;41,24;32,82;42318,0;16450,0;109,28;105,46;1,597;125195,65;1813,9;74,844;1,577;25,19;0,686;9,027;0,214;0;2593,033;7,964;10,022;2,058;8,701
2022T2;51;Ceuta;Ceuta;83051,0;22,57;40,18;14,055;3,0;25,8;94,3;5,05;23841,0;26049,0;20699,0;59,64;45,54;23,65;42318,0;16450,0;113,2;114,52;1,737;125890,0;1850,7;75,61;1,842;19,61;0,638;9,592;0,4;0;2619,572;8,045;10,124;2,079;8,79
2022T3;51;Ceuta;Ceuta;83051,0;22,57;40,18;14,055;3,0;25,8;94,3;5,05;23841,0;26049,0;20699,0;61,16;43,06;29,6;42318,0;16450,0;114,12;110,537;2,143;149494,85;1849,5;77,285;1,096;6,59;0,566;9,609;0,59;0;2677,604;8,223;10,349;2,125;8,985
2022T4;51;Ceuta;Ceuta;83051,0;22,57;40,18;14,055;3,0;25,8;94,3;5,05;23841,0;26049,0;20699,0;62,18;41,45;33,34;42318,0;16450,0;114,93;115,007;2,867;143942,15;1852,9;78,656;1,481;14,63;0,542;9,464;0,447;0;2725,103;8,369;10,532;2,163;9,144
2023T1;51;Ceuta;Ceuta;83052,0;22,905;40,26;14,322;3,0;26,0;94,2;4,43;24812,0;26833,0;21943,0;61,51;44,69;27,34;44907,0;17150,0;115,77;112,827;3,593;137024,79;1822,8;78,993;1,324;14,55;0,903;9,392;0,33;0;2736,779;8,159;9,978;1,818;8,824
2023T2;51;Ceuta;Ceuta;83052,0;22,905;40,26;14,322;3,0;26,0;94,2;4,43;24812,0;26833,0;21943,0;61,61;43,48;29,42;44907,0;17150,0;117,37;116,6;3,887;128628,32;1862,5;80,285;1,385;4,35;0,554;9,211;0,49;0;2781,541;8,293;10,141;1,848;8,968
2023T3;51;Ceuta;Ceuta;83052,0;22,905;40,26;14,322;3,0;26,0;94,2;4,43;24812,0;26833,0;21943,0;64,61;44,91;30,5;44907,0;17150,0;118,96;112,777;4,057;130816,09;1862,9;81,751;1,264;15,24;0,433;9,167;0,575;0;2832,332;8,444;10,326;1,882;9,132
2023T4;51;Ceuta;Ceuta;83052,0;22,905;40,26;14,322;3,0;26,0;94,2;4,43;24812,0;26833,0;21943,0;59,89;40,33;32,66;44907,0;17150,0;119,16;117,607;4,03;122000,0;1825,2;82,261;1,481;21,95;0,506;8,966;0,344;0;2850,001;8,497;10,391;1,894;9,189
2024T1;51;Ceuta;Ceuta;83179,0;22,905;40,26;14,322;3,0;26,0;94,2;5,0;26041,0;27994,0;23285,0;59,54;42,28;28,99;44907,0;17150,0;119,4;113,317;3,693;132034,78;1896,9;84,477;1,599;7,52;0,661;9,349;0,336;1;2926,777;8,364;10,055;1,691;8,991
2024T2;51;Ceuta;Ceuta;83179,0;22,905;40,26;14,322;3,0;26,0;94,2;5,0;26041,0;27994,0;23285,0;61,99;43,68;29,55;44907,0;17150,0;121,28;117,41;3,55;155972,48;1950,3;87,89;1,407;13,68;0,757;9,185;0,437;1;3045,023;8,702;10,462;1,76;9,355
2024T3;51;Ceuta;Ceuta;83179,0;22,905;40,26;14,322;3,0;26,0;94,2;5,0;26041,0;27994,0;23285,0;61,59;43,55;29,3;44907,0;17150,0;120,39;114,163;3,45;124126,76;1957,2;88,71;1,563;10,77;0,565;9,197;0,489;1;3073,432;8,783;10,559;1,776;9,442
2024T4;51;Ceuta;Ceuta;83179,0;22,905;40,26;14,322;3,0;26,0;94,2;5,0;26041,0;27994,0;23285,0;58,72;45,93;21,79;44907,0;17150,0;121,04;118,19;3,167;132767,54;1975,6;91,662;2,368;13,2;0,613;9,157;0,357;1;3175,707;9,075;10,911;1,835;9,756
2015T1;13;Ciudad Real;Castilla - La Mancha;514152,0;21,393;38,45;22,494;2,6;27,5;93,9;-3,31;15338,0;16643,0;13460,0;55,01;36,31;33,98;23119,0;10850,0;98,99;90,33;2,613;68995,64;779,5;69,067;1,148;25,76;0,321;13,963;0,236;0;773,126;3,716;4,595;0,879;4,032
2015T2;13;Ciudad Real;Castilla - La Mancha;514152,0;21,393;38,45;22,494;2,6;27,5;93,9;-3,31;15338,0;16643,0;13460,0;55,22;37,41;32,25;23119,0;10850,0;101,14;93,72;2,507;64759,67;791,8;70,506;1,146;16,81;0,482;14,608;0,321;0;789,234;3,794;4,691;0,897;4,116
2015T3;13;Ciudad Real;Castilla - La Mancha;514152,0;21,393;38,45;22,494;2,6;27,5;93,9;-3,31;15338,0;16643,0;13460,0;55,54;38,89;29,98;23119,0;10850,0;99,43;90,26;2,45;68112,78;771,8;70,161;1,064;21,57;0,36;14,526;0,355;0;785,372;3,775;4,668;0,893;4,096
2015T4;13;Ciudad Real;Castilla - La Mancha;514152,0;21,393;38,45;22,494;2,6;27,5;93,9;-3,31;15338,0;16643,0;13460,0;55,02;39,1;28,95;23119,0;10850,0;100,44;92,907;2,427;73474,14;792,4;70,375;1,07;16,91;0,263;14,685;0,311;0;787,768;3,787;4,682;0,895;4,109
2016T1;13;Ciudad Real;Castilla - La Mancha;508629,0;20,726;38,92;22,794;2,6;27,7;94,3;-1,54;15380,0;16743,0;13448,0;55,47;39,15;29,43;23845,0;11550,0;97,76;88,55;2,33;68288,61;777,1;70,088;1,164;18,58;0,334;14,272;0,259;0;784,555;3,749;4,667;0,918;4,081
2016T2;13;Ciudad Real;Castilla - La Mancha;508629,0;20,726;38,92;22,794;2,6;27,7;94,3;-1,54;15380,0;16743,0;13448,0;55,88;41,19;26,3;23845,0;11550,0;99,7;92,68;2,323;71956,0;782,9;70,919;1,404;13,59;0,448;15,138;0,35;0;793,857;3,793;4,723;0,929;4,129
2016T3;13;Ciudad Real;Castilla - La Mancha;508629,0;20,726;38,92;22,794;2,6;27,7;94,3;-1,54;15380,0;16743,0;13448,0;55,75;42,31;24,11;23845,0;11550,0;98,97;89,743;2,367;79014,53;775,7;71,065;1,197;9,69;0,299;14,9;0,395;0;795,491;3,801;4,732;0,931;4,138
2016T4;13;Ciudad Real;Castilla - La Mancha;508629,0;20,726;38,92;22,794;2,6;27,7;94,3;-1,54;15380,0;16743,0;13448,0;55,95;41,91;25,09;23845,0;11550,0;101,39;93,203;2,273;73252,85;786,6;70,383;1,101;15,18;0,436;14,881;0,319;0;787,857;3,764;4,687;0,922;4,098
2017T1;13;Ciudad Real;Castilla - La Mancha;504403,0;20,15;39,27;23,132;2,6;28,0;94,2;-3,9;15795,0;17200,0;13821,0;56,3;41,8;25,76;24608,0;12250,0;100,84;90,093;2,237;77914,85;773,5;71,215;1,733;19,79;0,337;14,8;0,258;0;797,171;3,708;4,614;0,906;4,038
2017T2;13;Ciudad Real;Castilla - La Mancha;504403,0;20,15;39,27;23,132;2,6;28,0;94,2;-3,9;15795,0;17200,0;13821,0;56,15;41,37;26,33;24608,0;12250,0;101,53;93,773;2,17;76565,31;769,5;71,455;1,4;13,17;0,525;15,431;0,393;0;799,857;3,72;4,63;0,91;4,051
2017T3;13;Ciudad Real;Castilla - La Mancha;504403,0;20,15;39,27;23,132;2,6;28,0;94,2;-3,9;15795,0;17200,0;13821,0;55,19;42,9;22,26;24608,0;12250,0;100,46;91,133;2,217;79607,88;770,6;71,186;1,4;14,45;0,293;15,236;0,423;0;796,846;3,706;4,612;0,906;4,036
2017T4;13;Ciudad Real;Castilla - La Mancha;504403,0;20,15;39,27;23,132;2,6;28,0;94,2;-3,9;15795,0;17200,0;13821,0;56,16;43,08;23,3;24608,0;12250,0;102,67;94,803;2,153;78629,9;765,0;70,685;1,388;15,0;0,337;14,955;0,346;0;791,238;3,68;4,58;0,9;4,008
2018T1;13;Ciudad Real;Castilla - La Mancha;499168,0;19,687;39,4;23,576;2,5;28,4;94,2;-0,07;16483,0;18018,0;14369,0;56,16;43,24;23,01;25698,0;12950,0;101,53;91,97;2,227;71573,06;759,9;71,692;1,663;17,83;0,405;14,735;0,292;0;802,51;3,563;4,468;0,905;3,895
2018T2;13;Ciudad Real;Castilla - La Mancha;499168,0;19,687;39,4;23,576;2,5;28,4;94,2;-0,07;16483,0;18018,0;14369,0;54,99;42,96;21,87;25698,0;12950,0;103,56;95,373;2,197;76145,83;749,1;72,509;1,617;13,14;0,565;15,792;0,382;0;811,655;3,604;4,519;0,915;3,939
2018T3;13;Ciudad Real;Castilla - La Mancha;499168,0;19,687;39,4;23,576;2,5;28,4;94,2;-0,07;16483,0;18018,0;14369,0;54,29;44,12;18,75;25698,0;12950,0;103,04;92,553;2,167;80087,48;766,6;73,467;1,523;15,0;0,385;15,619;0,43;0;822,379;3,651;4,579;0,927;3,991
2018T4;13;Ciudad Real;Castilla - La Mancha;499168,0;19,687;39,4;23,576;2,5;28,4;94,2;-0,07;16483,0;18018,0;14369,0;54,98;45,73;16,82;25698,0;12950,0;104,59;96,513;2,26;75902,3;752,1;73,575;1,595;17,46;0,254;15,502;0,369;0;823,588;3,657;4,585;0,929;3,997
2019T1;13;Ciudad Real;Castilla - La Mancha;495686,0;19,285;39,51;24,051;2,5;28,6;93,7;4,45;17373,0;18903,0;15278,0;55,77;46,01;17,5;26691,0;13650,0;102,58;92,79;2,37;77660,07;752,8;74,646;1,874;16,47;0,46;14,804;0,266;0;835,577;3,536;4,375;0,839;3,848
2019T2;13;Ciudad Real;Castilla - La Mancha;495686,0;19,285;39,51;24,051;2,5;28,6;93,7;4,45;17373,0;18903,0;15278,0;55,72;45,79;17,82;26691,0;13650,0;104,44;96,067;2,35;80537,78;727,4;75,333;1,66;12,88;0,617;15,631;0,398;0;843,267;3,569;4,416;0,847;3,883
2019T3;13;Ciudad Real;Castilla - La Mancha;495686,0;19,285;39,51;24,051;2,5;28,6;93,7;4,45;17373,0;18903,0;15278,0;55,89;45,62;18,38;26691,0;13650,0;102,96;93,19;2,153;75270,48;734,1;75,741;1,894;21,62;0,43;15,305;0,428;0;847,834;3,588;4,44;0,851;3,904
2019T4;13;Ciudad Real;Castilla - La Mancha;495686,0;19,285;39,51;24,051;2,5;28,6;93,7;4,45;17373,0;18903,0;15278,0;56,39;45,49;19,34;26691,0;13650,0;104,96;96,93;1,99;77613,31;733,9;75,798;1,592;10,52;0,46;14,68;0,366;0;848,472;3,591;4,443;0,852;3,907
2020T1;13;Ciudad Real;Castilla - La Mancha;494817,0;19,051;39,7;24,246;2,5;29,0;93,7;2,27;17715,0;19076,0;15843,0;55,3;44,68;19,21;26842,0;13650,0;103,27;92,617;2,03;76632,12;731,9;75,411;1,799;11,91;0,418;13,032;0,211;0;844,14;3,54;4,263;0,722;3,812
2020T2;13;Ciudad Real;Castilla - La Mancha;494817,0;19,051;39,7;24,246;2,5;29,0;93,7;2,27;17715,0;19076,0;15843,0;51,43;42,92;16,54;26842,0;13650,0;103,1;93,307;1,907;74605,19;705,6;76,499;0,889;18,18;0,4;3,144;0,035;0;856,319;3,591;4,324;0,733;3,867
2020T3;13;Ciudad Real;Castilla - La Mancha;494817,0;19,051;39,7;24,246;2,5;29,0;93,7;2,27;17715,0;19076,0;15843,0;55,05;44,95;18,35;26842,0;13650,0;102,19;92,713;1,937;79135,07;718,9;76,788;1,584;15,18;0,546;11,453;0,215;0;859,554;3,605;4,34;0,736;3,882
2020T4;13;Ciudad Real;Castilla - La Mancha;494817,0;19,051;39,7;24,246;2,5;29,0;93,7;2,27;17715,0;19076,0;15843,0;54,46;44,94;17,49;26842,0;13650,0;103,76;97,763;1,8;87753,18;730,9;76,702;2,116;15,47;0,525;10,731;0,13;0;858,591;3,601;4,335;0,735;3,877
2021T1;13;Ciudad Real;Castilla - La Mancha;492900,0;18,977;40,04;24,111;2,5;29,3;93,6;1,78;18557,0;20142,0;16443,0;54,5;43,52;20,15;27895,0;14350,0;103,84;94,957;1,72;75827,48;723,4;75,622;2,031;17,78;0,631;9,14;0,106;0;846,502;3,362;4,118;0,756;3,649
2021T2;13;Ciudad Real;Castilla - La Mancha;492900,0;18,977;40,04;24,111;2,5;29,3;93,6;1,78;18557,0;20142,0;16443,0;55,04;44,92;18,38;27895,0;14350,0;106,59;100,28;1,62;77606,22;710,6;78,319;2,248;13,36;0,676;11,743;0,219;0;876,692;3,482;4,265;0,783;3,779
2021T3;13;Ciudad Real;Castilla - La Mancha;492900,0;18,977;40,04;24,111;2,5;29,3;93,6;1,78;18557,0;20142,0;16443,0;55,92;46,89;16,16;27895,0;14350,0;106,52;99,757;1,593;82139,08;711,5;79,089;2,258;14,11;0,566;12,69;0,345;0;885,311;3,516;4,307;0,791;3,817
2021T4;13;Ciudad Real;Castilla - La Mancha;492900,0;18,977;40,04;24,111;2,5;29,3;93,6;1,78;18557,0;20142,0;16443,0;55,81;46,74;16,24;27895,0;14350,0;110,79;105,007;1,543;83614,04;714,9;79,766;2,149;12,56;0,343;13,251;0,332;0;892,889;3,546;4,344;0,798;3,849
2022T1;13;Ciudad Real;Castilla - La Mancha;490950,0;18,771;40,07;24,456;2,5;29,8;93,2;8,99;19438,0;21155,0;17214,0;55,03;44,86;18,47;29290,0;15050,0;113,48;105,46;1,597;83556,66;729,0;81,012;2,568;14,43;0,303;13,314;0,262;0;906,837;3,429;4,214;0,785;3,732
2022T2;13;Ciudad Real;Castilla - La Mancha;490950,0;18,771;40,07;24,456;2,5;29,8;93,2;8,99;19438,0;21155,0;17214,0;55,08;45,6;17,22;29290,0;15050,0;118,52;114,52;1,737;79693,55;732,2;83,044;2,764;10,83;0,381;14,328;0,417;0;929,583;3,515;4,32;0,805;3,826
2022T3;13;Ciudad Real;Castilla - La Mancha;490950,0;18,771;40,07;24,456;2,5;29,8;93,2;8,99;19438,0;21155,0;17214,0;55,86;44,58;20,19;29290,0;15050,0;119,79;110,537;2,143;82011,33;719,5;84,289;2,776;14,6;0,322;14,354;0,439;0;943,519;3,568;4,385;0,817;3,883
2022T4;13;Ciudad Real;Castilla - La Mancha;490950,0;18,771;40,07;24,456;2,5;29,8;93,2;8,99;19438,0;21155,0;17214,0;55,85;43,82;21,54;29290,0;15050,0;119,34;115,007;2,867;78503,99;729,6;82,979;2,518;10,11;0,452;13,937;0,348;0;928,855;3,513;4,317;0,804;3,823
2023T1;13;Ciudad Real;Castilla - La Mancha;491927,0;18,61;40,08;24,794;2,5;30,2;92,7;6,99;20613,0;22399,0;18322,0;54,66;44,29;18,96;31095,0;16450,0;119,73;112,827;3,593;87036,67;722,9;82,324;2,765;13,16;0,461;13,277;0,281;0;921,523;3,291;4,024;0,732;3,576
2023T2;13;Ciudad Real;Castilla - La Mancha;491927,0;18,61;40,08;24,794;2,5;30,2;92,7;6,99;20613,0;22399,0;18322,0;55,0;46,48;15,49;31095,0;16450,0;121,31;116,6;3,887;76499,13;708,1;84,69;2,415;13,47;0,457;14,518;0,414;0;948,008;3,386;4,139;0,753;3,679
2023T3;13;Ciudad Real;Castilla - La Mancha;491927,0;18,61;40,08;24,794;2,5;30,2;92,7;6,99;20613,0;22399,0;18322,0;55,16;46,52;15,67;31095,0;16450,0;122,38;112,777;4,057;79802,1;719,8;85,161;2,332;15,43;0,378;14,129;0,418;0;953,28;3,405;4,162;0,758;3,7
2023T4;13;Ciudad Real;Castilla - La Mancha;491927,0;18,61;40,08;24,794;2,5;30,2;92,7;6,99;20613,0;22399,0;18322,0;54,81;46,16;15,78;31095,0;16450,0;123,23;117,607;4,03;85597,1;712,5;84,707;2,387;12,01;0,339;13,009;0,355;0;948,198;3,387;4,14;0,754;3,68
2024T1;13;Ciudad Real;Castilla - La Mancha;492948,0;18,61;40,08;24,794;2,5;30,2;92,7;8,59;21511,0;23413,0;19095,0;54,25;44,69;17,63;31095,0;16450,0;123,87;113,317;3,693;72760,87;724,0;86,38;2,95;18,09;0,426;12,945;0,306;1;966,925;3,304;4,051;0,747;3,596
2024T2;13;Ciudad Real;Castilla - La Mancha;492948,0;18,61;40,08;24,794;2,5;30,2;92,7;8,59;21511,0;23413,0;19095,0;55,55;45,64;17,84;31095,0;16450,0;125,88;117,41;3,55;78304,66;724,2;89,16;2,814;16,65;0,566;14,341;0,423;1;998,044;3,41;4,181;0,771;3,712
2024T3;13;Ciudad Real;Castilla - La Mancha;492948,0;18,61;40,08;24,794;2,5;30,2;92,7;8,59;21511,0;23413,0;19095,0;56,51;47,13;16,6;31095,0;16450,0;124,65;114,163;3,45;80287,42;713,0;91,033;3,43;17,92;0,82;13,868;0,409;1;1019,01;3,482;4,269;0,787;3,79
2024T4;13;Ciudad Real;Castilla - La Mancha;492948,0;18,61;40,08;24,794;2,5;30,2;92,7;8,59;21511,0;23413,0;19095,0;54,99;46,4;15,62;31095,0;16450,0;125,7;118,19;3,167;79059,22;725,5;92,054;3,477;18,49;0,598;13,373;0,362;1;1030,439;3,521;4,317;0,796;3,832
2015T1;15;Coruña, A;Galicia;1127596,0;17,508;41,21;26,874;2,5;28,2;97,2;0,05;18972,0;21264,0;16380,0;54,99;44,12;19,77;27947,0;14350,0;98,95;90,33;2,613;103796,91;1179,9;61,178;1,28;48,09;0,309;19,409;0,378;0;1173,245;4,414;5,73;1,316;4,947
2015T2;15;Coruña, A;Galicia;1127596,0;17,508;41,21;26,874;2,5;28,2;97,2;0,05;18972,0;21264,0;16380,0;54,74;44,89;17,98;27947,0;14350,0;100,71;93,72;2,507;90045,83;1188,9;62,645;1,157;43,3;0,27;23,576;0,82;0;1201,379;4,52;5,868;1,348;5,066
2015T3;15;Coruña, A;Galicia;1127596,0;17,508;41,21;26,874;2,5;28,2;97,2;0,05;18972,0;21264,0;16380,0;54,72;45,93;16,07;27947,0;14350,0;99,86;90,26;2,45;95543,17;1203,1;63,151;1,151;44,07;0,237;25,316;1,272;0;1211,082;4,556;5,915;1,359;5,107
2015T4;15;Coruña, A;Galicia;1127596,0;17,508;41,21;26,874;2,5;28,2;97,2;0,05;18972,0;21264,0;16380,0;54,46;45,85;15,81;27947,0;14350,0;100,49;92,907;2,427;99217,43;1208,3;62,286;1,186;37,62;0,238;21,018;0,557;0;1194,494;4,494;5,834;1,34;5,037
2016T1;15;Coruña, A;Galicia;1123015,0;16,78;41,36;27,399;2,5;28,4;97,2;1,86;19360,0;21749,0;16694,0;54,25;45,51;16,11;28750,0;15050,0;98,01;88,55;2,33;93046,51;1239,1;63,195;1,341;31,14;0,315;20,028;0,437;0;1211,926;4,458;5,808;1,35;5,008
2016T2;15;Coruña, A;Galicia;1123015,0;16,78;41,36;27,399;2,5;28,4;97,2;1,86;19360,0;21749,0;16694,0;54,57;46,03;15,64;28750,0;15050,0;99,56;92,68;2,323;96398,05;1210,9;63,417;1,56;32,19;0,337;23,539;0,774;0;1216,184;4,474;5,828;1,355;5,026
2016T3;15;Coruña, A;Galicia;1123015,0;16,78;41,36;27,399;2,5;28,4;97,2;1,86;19360,0;21749,0;16694,0;55,25;46,74;15,41;28750,0;15050,0;99,48;89,743;2,367;96395,44;1221,9;63,948;1,266;26,51;0,394;25,098;1,332;0;1226,367;4,511;5,877;1,366;5,068
2016T4;15;Coruña, A;Galicia;1123015,0;16,78;41,36;27,399;2,5;28,4;97,2;1,86;19360,0;21749,0;16694,0;55,21;47,21;14,49;28750,0;15050,0;101,48;93,203;2,273;98739,87;1210,6;63,578;1,195;30,25;0,443;21,166;0,608;0;1219,271;4,485;5,843;1,358;5,038
2017T1;15;Coruña, A;Galicia;1120302,0;16,163;41,45;27,874;2,5;28,5;96,9;3,79;19539,0;21824,0;16984,0;54,57;46,14;15,44;29444,0;15050,0;101,07;90,093;2,237;100757,65;1216,9;64,031;1,377;23,98;0,312;19,798;0,408;0;1227,959;4,501;5,784;1,283;5,028
2017T2;15;Coruña, A;Galicia;1120302,0;16,163;41,45;27,874;2,5;28,5;96,9;3,79;19539,0;21824,0;16984,0;54,95;47,02;14,42;29444,0;15050,0;101,79;93,773;2,17;96067,43;1225,9;64,025;1,427;22,01;0,668;23,711;0,893;0;1227,844;4,501;5,784;1,283;5,027
2017T3;15;Coruña, A;Galicia;1120302,0;16,163;41,45;27,874;2,5;28,5;96,9;3,79;19539,0;21824,0;16984,0;55,12;47,78;13,32;29444,0;15050,0;101,3;91,133;2,217;99275,16;1231,5;65,054;1,418;23,41;0,432;25,055;1,345;0;1247,577;4,573;5,876;1,303;5,108
2017T4;15;Coruña, A;Galicia;1120302,0;16,163;41,45;27,874;2,5;28,5;96,9;3,79;19539,0;21824,0;16984,0;54,53;47,19;13,47;29444,0;15050,0;103,01;94,803;2,153;103278,83;1217,0;65,414;1,458;21,0;0,357;21,711;0,643;0;1254,481;4,599;5,909;1,31;5,136
2018T1;15;Coruña, A;Galicia;1120074,0;15,704;41,31;28,441;2,5;28,7;96,6;5,34;20385,0;22794,0;17728,0;54,33;46,79;13,88;30546,0;15750,0;101,95;91,97;2,227;94557,87;1221,9;66,08;1,503;20,74;0,422;20,027;0,434;0;1267,254;4,448;5,719;1,271;4,973
2018T2;15;Coruña, A;Galicia;1120074,0;15,704;41,31;28,441;2,5;28,7;96,6;5,34;20385,0;22794,0;17728,0;55,1;47,7;13,44;30546,0;15750,0;103,64;95,373;2,197;99779,71;1224,4;66,534;1,681;19,97;0,589;22,419;0,801;0;1275,96;4,478;5,758;1,28;5,007
2018T3;15;Coruña, A;Galicia;1120074,0;15,704;41,31;28,441;2,5;28,7;96,6;5,34;20385,0;22794,0;17728,0;55,2;49,18;10,9;30546,0;15750,0;103,51;92,553;2,167;101305,15;1197,6;67,701;1,676;18,97;0,344;23,953;1,235;0;1298,34;4,557;5,859;1,302;5,095
2018T4;15;Coruña, A;Galicia;1120074,0;15,704;41,31;28,441;2,5;28,7;96,6;5,34;20385,0;22794,0;17728,0;54,51;48,68;10,7;30546,0;15750,0;104,6;96,513;2,26;107426,54;1225,4;68,07;1,615;19,57;0,444;20,948;0,64;0;1305,417;4,582;5,891;1,309;5,123
2019T1;15;Coruña, A;Galicia;1120432,0;15,44;41,16;28,877;2,5;29,0;96,2;6,01;21208,0;23635,0;18559,0;54,62;49,1;10,11;31785,0;16450,0;102,98;92,79;2,37;99972,54;1224,0;68,432;1,863;21,18;0,506;19,714;0,441;0;1312,359;4,442;5,657;1,215;4,95
2019T2;15;Coruña, A;Galicia;1120432,0;15,44;41,16;28,877;2,5;29,0;96,2;6,01;21208,0;23635,0;18559,0;54,79;49,37;9,89;31785,0;16450,0;104,47;96,067;2,35;103278,54;1242,3;69,759;1,951;19,85;0,432;22,652;0,892;0;1337,808;4,528;5,767;1,238;5,046
2019T3;15;Coruña, A;Galicia;1120432,0;15,44;41,16;28,877;2,5;29,0;96,2;6,01;21208,0;23635,0;18559,0;55,09;49,3;10,52;31785,0;16450,0;103,69;93,19;2,153;99113,71;1228,6;70,239;1,662;21,05;0,528;23,481;1,289;0;1347,013;4,559;5,806;1,247;5,081
2019T4;15;Coruña, A;Galicia;1120432,0;15,44;41,16;28,877;2,5;29,0;96,2;6,01;21208,0;23635,0;18559,0;54,75;49,12;10,29;31785,0;16450,0;104,85;96,93;1,99;102411,05;1246,9;70,736;1,718;20,21;0,664;20,923;0,668;0;1356,544;4,592;5,847;1,256;5,117
2020T1;15;Coruña, A;Galicia;1121994,0;15,232;40,93;29,397;2,5;29,3;96,1;2,65;21172,0;23400,0;18744,0;53,97;47,79;11,46;31710,0;16450,0;103,48;92,617;2,03;101512,6;1235,9;70,674;1,689;21,53;0,507;17,963;0,379;0;1355,355;4,634;5,785;1,151;5,121
2020T2;15;Coruña, A;Galicia;1121994,0;15,232;40,93;29,397;2,5;29,3;96,1;2,65;21172,0;23400,0;18744,0;52,04;46,39;10,85;31710,0;16450,0;103,77;93,307;1,907;100398,62;1235,9;71,621;1,121;19,48;0,42;3,818;0,037;0;1373,516;4,696;5,862;1,166;5,19
2020T3;15;Coruña, A;Galicia;1121994,0;15,232;40,93;29,397;2,5;29,3;96,1;2,65;21172,0;23400,0;18744,0;52,82;47,01;10,99;31710,0;16450,0;103,32;92,713;1,937;107627,5;1248,5;71,588;1,441;20,96;0,381;20,793;0,609;0;1372,884;4,694;5,86;1,166;5,188
2020T4;15;Coruña, A;Galicia;1121994,0;15,232;40,93;29,397;2,5;29,3;96,1;2,65;21172,0;23400,0;18744,0;53,0;46,83;11,63;31710,0;16450,0;104,32;97,763;1,8;113303,73;1256,9;71,558;2,004;24,42;0,335;16,725;0,212;0;1372,308;4,692;5,857;1,165;5,185
2021T1;15;Coruña, A;Galicia;1120501,0;15,046;40,73;29,893;2,4;29,8;95,8;3,97;22000,0;24240,0;19585,0;52,1;45,57;12,54;32643,0;17150,0;104,43;94,957;1,72;114037,62;1261,1;72,261;2,026;28,33;0,204;14,022;0,157;0;1385,79;4,574;5,661;1,087;5,039
2021T2;15;Coruña, A;Galicia;1120501,0;15,046;40,73;29,893;2,4;29,8;95,8;3,97;22000,0;24240,0;19585,0;52,67;46,79;11,18;32643,0;17150,0;106,75;100,28;1,62;108717,5;1256,0;74,125;1,898;23,79;0,283;17,916;0,367;0;1421,537;4,692;5,807;1,115;5,169
2021T3;15;Coruña, A;Galicia;1120501,0;15,046;40,73;29,893;2,4;29,8;95,8;3,97;22000,0;24240,0;19585,0;52,98;48,56;8,34;32643,0;17150,0;107,19;99,757;1,593;109452,08;1275,0;75,731;2,219;23,33;0,433;23,677;1,245;0;1452,336;4,793;5,932;1,139;5,281
2021T4;15;Coruña, A;Galicia;1120501,0;15,046;40,73;29,893;2,4;29,8;95,8;3,97;22000,0;24240,0;19585,0;53,06;47,57;10,34;32643,0;17150,0;110,44;105,007;1,543;112198,16;1267,9;76,447;2,175;24,25;0,418;20,654;0,628;0;1466,067;4,839;5,989;1,15;5,331
2022T1;15;Coruña, A;Galicia;1119164,0;14,989;40,41;30,409;2,4;30,4;95,3;10,23;23456,0;25930,0;20823,0;52,88;47,66;9,87;34683,0;18550,0;112,84;105,46;1,597;116771,91;1271,7;78,248;2,317;23,1;0,239;18,634;0,419;0;1500,606;4,63;5,765;1,135;5,118
2022T2;15;Coruña, A;Galicia;1119164,0;14,989;40,41;30,409;2,4;30,4;95,3;10,23;23456,0;25930,0;20823,0;53,69;47,8;10,97;34683,0;18550,0;116,65;114,52;1,737;116921,74;1300,1;79,813;2,265;19,65;0,173;22,678;0,955;0;1530,619;4,722;5,88;1,158;5,22
2022T3;15;Coruña, A;Galicia;1119164,0;14,989;40,41;30,409;2,4;30,4;95,3;10,23;23456,0;25930,0;20823,0;54,2;49,04;9,51;34683,0;18550,0;117,85;110,537;2,143;114865,09;1313,6;80,336;2,472;20,64;0,353;24,668;1,445;0;1540,649;4,753;5,919;1,166;5,255
2022T4;15;Coruña, A;Galicia;1119164,0;14,989;40,41;30,409;2,4;30,4;95,3;10,23;23456,0;25930,0;20823,0;52,9;47,58;10,05;34683,0;18550,0;117,85;115,007;2,867;118640,66;1308,0;79,87;2,215;22,83;0,7;20,395;0,718;0;1531,712;4,726;5,885;1,159;5,224
2023T1;15;Coruña, A;Galicia;1123884,0;15,124;40,22;30,581;2,4;30,8;94,7;8,98;24840,0;27407,0;22126,0;53,1;47,44;10,65;36978,0;19950,0;118,44;112,827;3,593;119550,0;1334,7;80,876;2,125;21,94;0,662;19,37;0,493;0;1551,005;4,527;5,608;1,081;4,995
2023T2;15;Coruña, A;Galicia;1123884,0;15,124;40,22;30,581;2,4;30,8;94,7;8,98;24840,0;27407,0;22126,0;53,28;48,52;8,93;36978,0;19950,0;120,11;116,6;3,887;123134,0;1344,1;82,301;2,009;21,17;0,589;23,775;1,015;0;1578,333;4,607;5,707;1,1;5,083
2023T3;15;Coruña, A;Galicia;1123884,0;15,124;40,22;30,581;2,4;30,8;94,7;8,98;24840,0;27407,0;22126,0;53,75;49,24;8,39;36978,0;19950,0;121,3;112,777;4,057;117662,6;1347,0;83,998;2,079;23,84;0,409;25,416;1,419;0;1610,877;4,702;5,824;1,122;5,188
2023T4;15;Coruña, A;Galicia;1123884,0;15,124;40,22;30,581;2,4;30,8;94,7;8,98;24840,0;27407,0;22126,0;53,26;48,76;8,44;36978,0;19950,0;121,96;117,607;4,03;110685,16;1360,1;82,611;1,947;24,18;0,4;21,386;0,739;0;1584,278;4,624;5,728;1,104;5,102
2024T1;15;Coruña, A;Galicia;1128449,0;15,124;40,22;30,581;2,4;30,8;94,7;11,6;25959,0;28559,0;23233,0;53,65;48,74;9,15;36978,0;19950,0;122,53;113,317;3,693;115299,72;1386,7;85,008;2,276;21,38;0,474;18,446;0,513;1;1630,246;4,567;5,614;1,047;5,024
2024T2;15;Coruña, A;Galicia;1128449,0;15,124;40,22;30,581;2,4;30,8;94,7;11,6;25959,0;28559,0;23233,0;52,86;48,77;7,74;36978,0;19950,0;124,64;117,41;3,55;120404,69;1398,6;87,831;2,043;23,47;0,945;23,175;1,002;1;1684,385;4,718;5,8;1,082;5,191
2024T3;15;Coruña, A;Galicia;1128449,0;15,124;40,22;30,581;2,4;30,8;94,7;11,6;25959,0;28559,0;23233,0;53,26;49,12;7,77;36978,0;19950,0;124,16;114,163;3,45;126486,16;1445,3;90,172;2,673;26,66;0,625;23,888;1,373;1;1729,279;4,844;5,955;1,11;5,329
2024T4;15;Coruña, A;Galicia;1128449,0;15,124;40,22;30,581;2,4;30,8;94,7;11,6;25959,0;28559,0;23233,0;52,7;48,88;7,26;36978,0;19950,0;124,76;118,19;3,167;125020,07;1448,8;91,324;2,811;25,54;0,828;21,084;0,743;1;1751,372;4,906;6,031;1,125;5,397
2015T1;16;Cuenca;Castilla - La Mancha;205664,0;19,771;37,16;27,226;2,5;32,0;90,0;-0,2;14766,0;15699,0;13555,0;53,62;39,78;25,82;22415,0;11550,0;98,87;90,33;2,613;74524,39;782,7;69,067;1,157;12,18;0,423;24,038;0,402;0;791,446;4,033;4,671;0,638;4,288
2015T2;16;Cuenca;Castilla - La Mancha;205664,0;19,771;37,16;27,226;2,5;32,0;90,0;-0,2;14766,0;15699,0;13555,0;53,22;40,54;23,82;22415,0;11550,0;100,99;93,72;2,507;72411,39;805,6;70,506;1,104;8,81;0,418;26,179;0,589;0;807,936;4,117;4,768;0,651;4,377
2015T3;16;Cuenca;Castilla - La Mancha;205664,0;19,771;37,16;27,226;2,5;32,0;90,0;-0,2;14766,0;15699,0;13555,0;52,75;41,12;22,04;22415,0;11550,0;99,61;90,26;2,45;70893,85;795,9;70,161;1,235;9,06;0,433;25,944;0,676;0;803,983;4,097;4,745;0,648;4,356
2015T4;16;Cuenca;Castilla - La Mancha;205664,0;19,771;37,16;27,226;2,5;32,0;90,0;-0,2;14766,0;15699,0;13555,0;53,89;43,77;18,78;22415,0;11550,0;100,54;92,907;2,427;70487,8;825,6;70,375;1,021;2,86;0,423;25,004;0,555;0;806,435;4,109;4,759;0,65;4,369
2016T1;16;Cuenca;Castilla - La Mancha;202864,0;19,212;37,55;27,495;2,5;32,2;90,2;0,81;14886,0;15872,0;13616,0;55,96;44,88;19,79;23314,0;11550,0;97,87;88,55;2,33;78852,63;800,3;70,088;1,292;10,31;0,557;24,011;0,517;0;803,146;4,048;4,719;0,671;4,316
2016T2;16;Cuenca;Castilla - La Mancha;202864,0;19,212;37,55;27,495;2,5;32,2;90,2;0,81;14886,0;15872,0;13616,0;55,24;44,64;19,19;23314,0;11550,0;99,73;92,68;2,323;65895,24;820,4;70,919;1,439;8,22;0,572;25,884;0,607;0;812,669;4,096;4,775;0,679;4,367
2016T3;16;Cuenca;Castilla - La Mancha;202864,0;19,212;37,55;27,495;2,5;32,2;90,2;0,81;14886,0;15872,0;13616,0;57,96;46,99;18,93;23314,0;11550,0;99,18;89,743;2,367;82503,07;794,0;71,065;1,114;3,98;0,429;26,062;0,794;0;814,342;4,105;4,785;0,68;4,376
2016T4;16;Cuenca;Castilla - La Mancha;202864,0;19,212;37,55;27,495;2,5;32,2;90,2;0,81;14886,0;15872,0;13616,0;56,28;48,32;14,15;23314,0;11550,0;101,33;93,203;2,273;77593,02;777,8;70,383;1,208;4,08;0,468;25,04;0,619;0;806,527;4,065;4,739;0,674;4,334
2017T1;16;Cuenca;Castilla - La Mancha;200531,0;18,752;37,78;27,752;2,5;32,2;90,0;2,34;15383,0;16458,0;14016,0;56,79;47,08;17,1;23986,0;12250,0;100,88;90,093;2,237;76668,27;799,3;71,215;1,491;7,36;0,409;23,413;0,494;0;816,061;3,967;4,658;0,691;4,244
2017T2;16;Cuenca;Castilla - La Mancha;200531,0;18,752;37,78;27,752;2,5;32,2;90,0;2,34;15383,0;16458,0;14016,0;54,77;46,16;15,73;23986,0;12250,0;101,5;93,773;2,17;73726,87;801,2;71,455;1,775;5,06;0,444;25,82;0,692;0;818,811;3,98;4,674;0,693;4,258
2017T3;16;Cuenca;Castilla - La Mancha;200531,0;18,752;37,78;27,752;2,5;32,2;90,0;2,34;15383,0;16458,0;14016,0;54,28;46,89;13,6;23986,0;12250,0;100,73;91,133;2,217;81262,91;798,4;71,186;2,074;5,05;0,479;26,214;0,797;0;815,728;3,965;4,656;0,691;4,242
2017T4;16;Cuenca;Castilla - La Mancha;200531,0;18,752;37,78;27,752;2,5;32,2;90,0;2,34;15383,0;16458,0;14016,0;55,81;46,22;17,18;23986,0;12250,0;102,86;94,803;2,153;77166,67;786,6;70,685;1,695;11,18;0,454;24,95;0,61;0;809,987;3,937;4,623;0,686;4,212
2018T1;16;Cuenca;Castilla - La Mancha;198922,0;18,525;37,9;27,991;2,4;32,6;89,5;5,44;15982,0;17108,0;14569,0;54,0;45,79;15,21;25019,0;12950,0;101,78;91,97;2,227;75800,0;766,7;71,692;1,855;4,88;0,457;25,451;0,52;0;821,527;3,842;4,511;0,669;4,112
2018T2;16;Cuenca;Castilla - La Mancha;198922,0;18,525;37,9;27,991;2,4;32,6;89,5;5,44;15982,0;17108,0;14569,0;54,57;45,73;16,2;25019,0;12950,0;103,71;95,373;2,197;72202,97;788,5;72,509;1,639;6,14;0,674;26,97;0,679;0;830,889;3,885;4,563;0,677;4,159
2018T3;16;Cuenca;Castilla - La Mancha;198922,0;18,525;37,9;27,991;2,4;32,6;89,5;5,44;15982,0;17108,0;14569,0;54,85;45,8;16,5;25019,0;12950,0;103,41;92,553;2,167;77737,56;763,9;73,467;1,91;19,47;0,508;27,895;0,849;0;841,866;3,937;4,623;0,686;4,214
2018T4;16;Cuenca;Castilla - La Mancha;198922,0;18,525;37,9;27,991;2,4;32,6;89,5;5,44;15982,0;17108,0;14569,0;57,33;49,48;13,69;25019,0;12950,0;104,77;96,513;2,26;80269,43;790,5;73,575;1,609;9,38;0,523;26,625;0,688;0;843,104;3,943;4,63;0,687;4,22
2019T1;16;Cuenca;Castilla - La Mancha;197617,0;18,358;38,03;28,251;2,4;32,7;88,7;8,59;16803,0;17994,0;15322,0;56,06;50,0;10,81;26140,0;13650,0;102,74;92,79;2,37;74596,64;776,0;74,646;2,125;7,38;0,486;24,804;0,528;0;855,377;3,803;4,466;0,663;4,072
2019T2;16;Cuenca;Castilla - La Mancha;197617,0;18,358;38,03;28,251;2,4;32,7;88,7;8,59;16803,0;17994,0;15322,0;56,13;48,89;12,91;26140,0;13650,0;104,69;96,067;2,35;72211,71;761,8;75,333;1,736;10,79;0,648;26,995;0,737;0;863,249;3,838;4,507;0,669;4,11
2019T3;16;Cuenca;Castilla - La Mancha;197617,0;18,358;38,03;28,251;2,4;32,7;88,7;8,59;16803,0;17994,0;15322,0;56,69;48,79;13,93;26140,0;13650,0;103,83;93,19;2,153;77796,02;781,5;75,741;1,857;5,18;0,44;26,917;0,856;0;867,924;3,859;4,532;0,673;4,132
2019T4;16;Cuenca;Castilla - La Mancha;197617,0;18,358;38,03;28,251;2,4;32,7;88,7;8,59;16803,0;17994,0;15322,0;56,1;47,9;14,61;26140,0;13650,0;105,6;96,93;1,99;72472,64;779,4;75,798;1,918;6,07;0,511;26,219;0,657;0;868,578;3,862;4,535;0,673;4,135
2020T1;16;Cuenca;Castilla - La Mancha;197537,0;18,327;38,15;28,239;2,4;33,0;88,6;3,56;17194,0;18202,0;15948,0;55,33;45,92;17,01;26719,0;14350,0;103,9;92,617;2,03;73922,51;752,0;75,411;2,06;6,63;0,375;23,179;0,433;0;864,143;3,798;4,335;0,537;4,021
2020T2;16;Cuenca;Castilla - La Mancha;197537,0;18,327;38,15;28,239;2,4;33,0;88,6;3,56;17194,0;18202,0;15948,0;52,66;44,26;15,96;26719,0;14350,0;103,49;93,307;1,907;78933,82;753,3;76,499;0,896;6,78;0,471;5,091;0,036;0;876,61;3,853;4,397;0,545;4,079
2020T3;16;Cuenca;Castilla - La Mancha;197537,0;18,327;38,15;28,239;2,4;33,0;88,6;3,56;17194,0;18202,0;15948,0;54,57;45,34;16,91;26719,0;14350,0;102,99;92,713;1,937;71427,18;774,5;76,788;1,848;6,03;0,557;23,67;0,594;0;879,922;3,867;4,414;0,547;4,094
2020T4;16;Cuenca;Castilla - La Mancha;197537,0;18,327;38,15;28,239;2,4;33,0;88,6;3,56;17194,0;18202,0;15948,0;54,85;47,87;12,73;26719,0;14350,0;104,34;97,763;1,8;77584,75;773,8;76,702;2,081;4,14;0,714;20,406;0,255;0;878,937;3,863;4,409;0,546;4,09
2021T1;16;Cuenca;Castilla - La Mancha;196510,0;18,386;38,61;27,903;2,4;33,4;88,4;5,22;17893,0;19072,0;16463,0;53,13;45,75;13,89;27927,0;15050,0;104,41;94,957;1,72;82497,91;762,4;75,622;2,193;8,35;0,738;17,565;0,187;0;866,561;3,635;4,211;0,576;3,874
2021T2;16;Cuenca;Castilla - La Mancha;196510,0;18,386;38,61;27,903;2,4;33,4;88,4;5,22;17893,0;19072,0;16463,0;53,67;46,48;13,4;27927,0;15050,0;106,93;100,28;1,62;74042,4;786,7;78,319;2,183;9,56;0,789;22,263;0,42;0;897,466;3,765;4,361;0,597;4,013
2021T3;16;Cuenca;Castilla - La Mancha;196510,0;18,386;38,61;27,903;2,4;33,4;88,4;5,22;17893,0;19072,0;16463,0;55,99;49,43;11,72;27927,0;15050,0;107,15;99,757;1,593;83079,04;766,1;79,089;2,646;6,92;0,977;26,06;0,894;0;906,29;3,802;4,404;0,602;4,052
2021T4;16;Cuenca;Castilla - La Mancha;196510,0;18,386;38,61;27,903;2,4;33,4;88,4;5,22;17893,0;19072,0;16463,0;55,7;50,45;9,42;27927,0;15050,0;111,47;105,007;1,543;80297,4;794,6;79,766;2,427;7,76;1,237;24,957;0,671;0;914,047;3,834;4,442;0,608;4,087
2022T1;16;Cuenca;Castilla - La Mancha;196640,0;18,391;38,56;28,109;2,4;33,5;87,1;15,68;18728,0;19941,0;17283,0;54,12;48,4;10,57;29064,0;15750,0;114,07;105,46;1,597;81409,52;772,2;81,012;2,929;10,76;0,783;23,347;0,542;0;928,325;3,724;4,297;0,573;3,966
2022T2;16;Cuenca;Castilla - La Mancha;196640,0;18,391;38,56;28,109;2,4;33,5;87,1;15,68;18728,0;19941,0;17283,0;56,17;50,17;10,68;29064,0;15750,0;119,01;114,52;1,737;78217,25;795,0;83,044;2,619;5,05;1,48;26,638;0,771;0;951,61;3,818;4,405;0,587;4,065
2022T3;16;Cuenca;Castilla - La Mancha;196640,0;18,391;38,56;28,109;2,4;33,5;87,1;15,68;18728,0;19941,0;17283,0;56,25;51,1;9,15;29064,0;15750,0;120,14;110,537;2,143;81975,35;793,2;84,289;2,451;6,22;0,605;27,426;0,852;0;965,877;3,875;4,471;0,596;4,126
2022T4;16;Cuenca;Castilla - La Mancha;196640,0;18,391;38,56;28,109;2,4;33,5;87,1;15,68;18728,0;19941,0;17283,0;54,33;49,97;8,03;29064,0;15750,0;120,09;115,007;2,867;87705,61;769,2;82,979;2,263;2,25;0,748;26,375;0,652;0;950,866;3,815;4,401;0,587;4,062
2023T1;16;Cuenca;Castilla - La Mancha;198436,0;18,43;38,62;28,095;2,4;33,8;86,3;12,76;19700,0;21015,0;18141,0;53,69;47,18;12,12;30641,0;16450,0;120,38;112,827;3,593;80398,44;747,1;82,324;2,555;6,31;1,225;23,482;0,54;0;943,36;3,591;4,16;0,569;3,831
2023T2;16;Cuenca;Castilla - La Mancha;198436,0;18,43;38,62;28,095;2,4;33,8;86,3;12,76;19700,0;21015,0;18141,0;55,43;48,67;12,21;30641,0;16450,0;121,71;116,6;3,887;78762,11;773,2;84,69;2,333;4,54;0,519;25,839;0,748;0;970,472;3,694;4,28;0,585;3,941
2023T3;16;Cuenca;Castilla - La Mancha;198436,0;18,43;38,62;28,095;2,4;33,8;86,3;12,76;19700,0;21015,0;18141,0;56,71;51,04;10,0;30641,0;16450,0;122,99;112,777;4,057;76758,47;781,5;85,161;2,298;4,82;0,756;25,731;0,774;0;975,869;3,715;4,303;0,589;3,963
2023T4;16;Cuenca;Castilla - La Mancha;198436,0;18,43;38,62;28,095;2,4;33,8;86,3;12,76;19700,0;21015,0;18141,0;56,36;49,99;11,3;30641,0;16450,0;123,63;117,607;4,03;76853,98;779,1;84,707;2,379;6,14;0,484;25,738;0,695;0;970,667;3,695;4,281;0,585;3,942
2024T1;16;Cuenca;Castilla - La Mancha;199025,0;18,43;38,62;28,095;2,4;33,8;86,3;12,74;20472,0;21824,0;18871,0;58,73;50,08;14,74;30641,0;16450,0;124,19;113,317;3,693;87670,33;776,7;86,38;2,156;3,26;1,517;23,255;0,533;1;989,838;3,628;4,196;0,568;3,868
2024T2;16;Cuenca;Castilla - La Mancha;199025,0;18,43;38,62;28,095;2,4;33,8;86,3;12,74;20472,0;21824,0;18871,0;57,1;50,63;11,33;30641,0;16450,0;125,7;117,41;3,55;91547,1;771,1;89,16;2,633;3,05;1,256;25,632;0,778;1;1021,694;3,745;4,331;0,586;3,993
2024T3;16;Cuenca;Castilla - La Mancha;199025,0;18,43;38,62;28,095;2,4;33,8;86,3;12,74;20472,0;21824,0;18871,0;57,85;52,28;9,62;30641,0;16450,0;125,11;114,163;3,45;110938,39;798,5;91,033;2,758;11,48;0,538;25,874;0,786;1;1043,157;3,824;4,422;0,598;4,076
2024T4;16;Cuenca;Castilla - La Mancha;199025,0;18,43;38,62;28,095;2,4;33,8;86,3;12,74;20472,0;21824,0;18871,0;55,35;51,87;6,29;30641,0;16450,0;125,96;118,19;3,167;103134,62;809,0;92,054;3,673;23,26;0,583;25,998;0,653;1;1054,857;3,867;4,472;0,605;4,122
2015T1;10;Cáceres;Extremadura;405967,0;19,572;39,06;25,584;2,3;33,6;96,6;0,07;14088,0;15266,0;12663,0;54,85;38,54;29,73;21514,0;11550,0;99,07;90,33;2,613;71359,62;803,6;70,798;1,222;15,93;0,392;22,508;0,454;0;822,814;4,312;5,198;0,886;4,672
2015T2;10;Cáceres;Extremadura;405967,0;19,572;39,06;25,584;2,3;33,6;96,6;0,07;14088,0;15266,0;12663,0;55,42;40,21;27,44;21514,0;11550,0;100,75;93,72;2,507;74126,03;828,3;71,481;1,136;14,1;0,542;26,166;0,81;0;830,751;4,353;5,248;0,895;4,717
2015T3;10;Cáceres;Extremadura;405967,0;19,572;39,06;25,584;2,3;33,6;96,6;0,07;14088,0;15266,0;12663,0;54,83;40,24;26,61;21514,0;11550,0;99,6;90,26;2,45;72454,55;836,7;71,599;1,126;8,53;0,448;25,878;0,829;0;832,123;4,361;5,257;0,896;4,725
2015T4;10;Cáceres;Extremadura;405967,0;19,572;39,06;25,584;2,3;33,6;96,6;0,07;14088,0;15266,0;12663,0;53,46;40,27;24,68;21514,0;11550,0;100,58;92,907;2,427;71307,19;846,7;71,383;1,123;8,77;0,505;24,703;0,663;0;829,612;4,348;5,241;0,894;4,711
2016T1;10;Cáceres;Extremadura;403183,0;19,015;39,4;25,906;2,3;33,9;96,8;0,45;14226,0;15372,0;12863,0;53,54;39,22;26,74;21765,0;11550,0;98,5;88,55;2,33;80920,42;871,0;71,985;1,138;9,15;0,513;23,198;0,591;0;836,609;4,354;5,203;0,849;4,705
2016T2;10;Cáceres;Extremadura;403183,0;19,015;39,4;25,906;2,3;33,9;96,8;0,45;14226,0;15372,0;12863,0;52,91;40,27;23,89;21765,0;11550,0;99,99;92,68;2,323;73532,02;861,7;72,402;1,421;9,42;0,774;25,589;0,816;0;841,455;4,379;5,233;0,854;4,732
2016T3;10;Cáceres;Extremadura;403183,0;19,015;39,4;25,906;2,3;33,9;96,8;0,45;14226,0;15372,0;12863,0;53,28;41,86;21,43;21765,0;11550,0;99,43;89,743;2,367;71235,47;847,9;73,006;1,267;8,02;0,491;25,341;0,943;0;848,475;4,416;5,277;0,861;4,771
2016T4;10;Cáceres;Extremadura;403183,0;19,015;39,4;25,906;2,3;33,9;96,8;0,45;14226,0;15372,0;12863,0;52,55;40,93;22,12;21765,0;11550,0;101,31;93,203;2,273;76912,37;866,0;71,946;1,292;9,79;0,943;24,385;0,728;0;836,156;4,352;5,2;0,849;4,702
2017T1;10;Cáceres;Extremadura;400066,0;18,524;39,57;26,37;2,3;34,0;96,8;0,73;14506,0;15693,0;13109,0;53,04;39,94;24,71;22359,0;12250,0;100,83;90,093;2,237;74596,82;840,4;72,77;1,482;7,25;0,402;22,961;0,522;0;845,732;4,311;5,161;0,85;4,664
2017T2;10;Cáceres;Extremadura;400066,0;18,524;39,57;26,37;2,3;34,0;96,8;0,73;14506,0;15693,0;13109,0;53,6;41,55;22,48;22359,0;12250,0;101,67;93,773;2,17;70162,69;864,2;72,66;1,615;6,19;0,745;25,193;0,877;0;844,454;4,305;5,153;0,849;4,657
2017T3;10;Cáceres;Extremadura;400066,0;18,524;39,57;26,37;2,3;34,0;96,8;0,73;14506,0;15693,0;13109,0;52,34;40,71;22,22;22359,0;12250,0;100,85;91,133;2,217;70101,3;862,6;73,025;1,502;9,98;0,572;25,043;0,933;0;848,696;4,326;5,179;0,853;4,681
2017T4;10;Cáceres;Extremadura;400066,0;18,524;39,57;26,37;2,3;34,0;96,8;0,73;14506,0;15693,0;13109,0;52,96;41,44;21,75;22359,0;12250,0;102,65;94,803;2,153;85825,07;875,6;72,082;1,432;8,73;0,487;23,469;0,73;0;837,736;4,271;5,112;0,842;4,62
2018T1;10;Cáceres;Extremadura;396979,0;18,074;39,62;26,895;2,3;34,6;96,7;2,19;15032,0;16244,0;13616,0;53,71;42,32;21,2;23205,0;12250,0;101,58;91,97;2,227;75767,73;848,8;73,019;1,617;9,97;0,68;22,696;0,573;0;848,626;4,179;4,986;0,807;4,516
2018T2;10;Cáceres;Extremadura;396979,0;18,074;39,62;26,895;2,3;34,6;96,7;2,19;15032,0;16244,0;13616,0;54,51;43,57;20,06;23205,0;12250,0;103,37;95,373;2,197;77807,62;853,9;74,255;1,791;6,19;0,693;24,77;0,888;0;862,991;4,25;5,07;0,82;4,593
2018T3;10;Cáceres;Extremadura;396979,0;18,074;39,62;26,895;2,3;34,6;96,7;2,19;15032,0;16244,0;13616,0;54,98;44,33;19,37;23205,0;12250,0;103,04;92,553;2,167;79753,56;837,0;74,646;1,68;18,89;0,542;24,139;0,92;0;867,535;4,273;5,097;0,825;4,617
2018T4;10;Cáceres;Extremadura;396979,0;18,074;39,62;26,895;2,3;34,6;96,7;2,19;15032,0;16244,0;13616,0;53,42;42,04;21,3;23205,0;12250,0;104,34;96,513;2,26;81486,62;864,9;74,002;1,652;12,8;0,554;22,854;0,737;0;860,05;4,236;5,053;0,818;4,577
2019T1;10;Cáceres;Extremadura;394541,0;17,728;39,64;27,465;2,3;35,0;96,5;2,9;15869,0;17115,0;14417,0;53,39;42,82;19,8;24262,0;13650,0;102,67;92,79;2,37;82327,47;838,0;74,796;1,706;12,48;0,669;22,873;0,578;0;869,278;4,063;4,824;0,76;4,382
2019T2;10;Cáceres;Extremadura;394541,0;17,728;39,64;27,465;2,3;35,0;96,5;2,9;15869,0;17115,0;14417,0;54,81;44,05;19,63;24262,0;13650,0;104,14;96,067;2,35;79562,38;861,5;75,52;1,911;14,99;1,166;24,37;0,917;0;877,693;4,103;4,87;0,768;4,425
2019T3;10;Cáceres;Extremadura;394541,0;17,728;39,64;27,465;2,3;35,0;96,5;2,9;15869,0;17115,0;14417,0;54,93;44,57;18,87;24262,0;13650,0;103,06;93,19;2,153;68773,22;860,7;75,763;1,703;8,93;0,895;23,936;0,932;0;880,517;4,116;4,886;0,77;4,439
2019T4;10;Cáceres;Extremadura;394541,0;17,728;39,64;27,465;2,3;35,0;96,5;2,9;15869,0;17115,0;14417,0;54,81;43,04;21,48;24262,0;13650,0;104,75;96,93;1,99;82048,95;841,1;75,627;1,678;6,8;0,664;22,844;0,71;0;878,936;4,108;4,877;0,769;4,431
2020T1;10;Cáceres;Extremadura;392925,0;17,444;39,59;27,994;2,3;35,4;96,5;1,25;16099,0;17214,0;14799,0;54,14;42,37;21,75;24373,0;13650,0;103,3;92,617;2,03;81376,62;858,1;75,048;2,056;16,21;0,779;20,984;0,442;0;872,207;4,053;4,715;0,661;4,334
2020T2;10;Cáceres;Extremadura;392925,0;17,444;39,59;27,994;2,3;35,4;96,5;1,25;16099,0;17214,0;14799,0;53,98;42,57;21,14;24373,0;13650,0;103,74;93,307;1,907;79746,11;839,0;76,49;1,026;8,93;0,57;4,506;0,058;0;888,966;4,131;4,806;0,674;4,417
2020T3;10;Cáceres;Extremadura;392925,0;17,444;39,59;27,994;2,3;35,4;96,5;1,25;16099,0;17214,0;14799,0;54,68;43,63;20,22;24373,0;13650,0;103,11;92,713;1,937;81128,0;840,1;75,762;1,881;11,64;0,649;20,487;0,545;0;880,505;4,092;4,76;0,668;4,375
2020T4;10;Cáceres;Extremadura;392925,0;17,444;39,59;27,994;2,3;35,4;96,5;1,25;16099,0;17214,0;14799,0;53,54;43,63;18,52;24373,0;13650,0;104,4;97,763;1,8;78399,31;839,2;75,956;1,942;7,99;0,491;19,023;0,265;0;882,76;4,103;4,772;0,669;4,387
2021T1;10;Cáceres;Extremadura;390544,0;17,275;39,69;28,239;2,3;35,9;96,4;2,24;16840,0;18156,0;15330,0;51,19;38,96;23,88;25497,0;14350,0;104,14;94,957;1,72;85604,4;824,4;74,908;2,051;12,11;1,255;16,163;0,183;0;870,58;3,836;4,543;0,707;4,136
2021T2;10;Cáceres;Extremadura;390544,0;17,275;39,69;28,239;2,3;35,9;96,4;2,24;16840,0;18156,0;15330,0;53,62;43,32;19,22;25497,0;14350,0;106,52;100,28;1,62;81414,5;823,1;77,771;2,338;13,03;0,73;20,514;0,401;0;903,854;3,983;4,717;0,734;4,294
2021T3;10;Cáceres;Extremadura;390544,0;17,275;39,69;28,239;2,3;35,9;96,4;2,24;16840,0;18156,0;15330,0;53,26;43,83;17,71;25497,0;14350,0;106,67;99,757;1,593;85331,13;837,3;77,931;2,089;9,07;0,83;21,707;0,857;0;905,713;3,991;4,726;0,736;4,303
2021T4;10;Cáceres;Extremadura;390544,0;17,275;39,69;28,239;2,3;35,9;96,4;2,24;16840,0;18156,0;15330,0;53,81;44,32;17,63;25497,0;14350,0;110,49;105,007;1,543;85847,04;858,2;79,672;2,089;10,54;0,796;22,657;0,712;0;925,947;4,08;4,832;0,752;4,399
2022T1;10;Cáceres;Extremadura;388957,0;17,047;39,58;28,751;2,2;36,3;96,1;6,91;17811,0;19245,0;16200,0;52,49;42,4;19,22;26529,0;15050,0;112,29;105,46;1,597;82233,83;838,7;80,096;2,774;16,77;0,527;21,284;0,547;0;930,875;3,87;4,597;0,727;4,181
2022T2;10;Cáceres;Extremadura;388957,0;17,047;39,58;28,751;2,2;36,3;96,1;6,91;17811,0;19245,0;16200,0;53,11;43,53;18,04;26529,0;15050,0;116,64;114,52;1,737;98965,85;841,9;81,921;2,435;12,25;0,586;24,02;0,89;0;952,085;3,958;4,702;0,744;4,276
2022T3;10;Cáceres;Extremadura;388957,0;17,047;39,58;28,751;2,2;36,3;96,1;6,91;17811,0;19245,0;16200,0;52,41;44,75;14,6;26529,0;15050,0;117,59;110,537;2,143;92128,62;831,7;83,021;2,494;18,14;0,841;23,326;0,91;0;964,869;4,011;4,765;0,754;4,334
2022T4;10;Cáceres;Extremadura;388957,0;17,047;39,58;28,751;2,2;36,3;96,1;6,91;17811,0;19245,0;16200,0;52,4;44,41;15,25;26529,0;15050,0;117,64;115,007;2,867;101250,0;841,9;81,906;2,399;13,93;0,913;22,673;0,74;0;951,911;3,957;4,701;0,744;4,276
2023T1;10;Cáceres;Extremadura;388257,0;16,849;39,57;29,091;2,2;36,7;95,8;7,13;18827,0;20271,0;17216,0;53,54;43,19;19,33;28614,0;16450,0;117,62;112,827;3,593;89524,82;851,8;80,956;2,751;12,83;0,628;21,618;0,611;0;940,87;3,713;4,372;0,659;3,998
2023T2;10;Cáceres;Extremadura;388257,0;16,849;39,57;29,091;2,2;36,7;95,8;7,13;18827,0;20271,0;17216,0;52,6;44,68;15,06;28614,0;16450,0;118,91;116,6;3,887;84019,23;851,7;83,376;2,57;12,32;1,025;24,629;0,941;0;968,995;3,824;4,503;0,679;4,117
2023T3;10;Cáceres;Extremadura;388257,0;16,849;39,57;29,091;2,2;36,7;95,8;7,13;18827,0;20271,0;17216,0;51,65;45,66;11,58;28614,0;16450,0;119,58;112,777;4,057;86937,86;824,4;83,898;2,228;8,79;0,755;24,462;0,954;0;975,062;3,848;4,531;0,683;4,143
2023T4;10;Cáceres;Extremadura;388257,0;16,849;39,57;29,091;2,2;36,7;95,8;7,13;18827,0;20271,0;17216,0;53,22;45,88;13,79;28614,0;16450,0;120,4;117,607;4,03;87282,12;849,7;83,711;2,388;18,88;0,796;23,251;0,74;0;972,888;3,84;4,521;0,681;4,134
2024T1;10;Cáceres;Extremadura;388652,0;16,849;39,57;29,091;2,2;36,7;95,8;6,73;19769,0;21280,0;18105,0;51,61;42,52;17,62;28614,0;16450,0;121,11;113,317;3,693;103310,66;843,3;85,534;2,591;13,31;0,692;22,109;0,653;1;994,075;3,737;4,392;0,655;4,023
2024T2;10;Cáceres;Extremadura;388652,0;16,849;39,57;29,091;2,2;36,7;95,8;6,73;19769,0;21280,0;18105,0;51,81;44,35;14,4;28614,0;16450,0;123,04;117,41;3,55;87250,63;862,9;88,52;2,488;14,06;0,865;24,208;0,931;1;1028,778;3,868;4,546;0,678;4,163
2024T3;10;Cáceres;Extremadura;388652,0;16,849;39,57;29,091;2,2;36,7;95,8;6,73;19769,0;21280,0;18105,0;51,97;44,54;14,31;28614,0;16450,0;122,09;114,163;3,45;89370,88;868,9;90,78;2,936;10,34;1,058;24,166;0,987;1;1055,044;3,966;4,662;0,696;4,269
2024T4;10;Cáceres;Extremadura;388652,0;16,849;39,57;29,091;2,2;36,7;95,8;6,73;19769,0;21280,0;18105,0;53,66;44,8;16,52;28614,0;16450,0;123,23;118,19;3,167;94286,29;873,4;91,334;3,113;14,13;0,865;23,923;0,807;1;1061,483;3,991;4,69;0,7;4,296
2015T1;11;Cádiz;Andalucía;1245567,0;21,268;42,11;16,681;2,7;23,7;96,7;-0,18;15564,0;17859,0;12496,0;57,55;33,35;42,05;23560,0;10850,0;98,99;90,33;2,613;86013,91;1307,8;53,938;1,761;36,48;0,249;19,815;0,554;0;1259,635;5,643;8,064;2,422;6,475
2015T2;11;Cádiz;Andalucía;1245567,0;21,268;42,11;16,681;2,7;23,7;96,7;-0,18;15564,0;17859,0;12496,0;57,24;35,88;37,32;23560,0;10850,0;100,77;93,72;2,507;82439,78;1303,4;56,15;1,708;28,34;0,193;36,343;1,56;0;1311,293;5,874;8,395;2,521;6,74
2015T3;11;Cádiz;Andalucía;1245567,0;21,268;42,11;16,681;2,7;23,7;96,7;-0,18;15564,0;17859,0;12496,0;58,22;36,57;37,18;23560,0;10850,0;99,85;90,26;2,45;90829,56;1311,3;56,783;2,156;24,76;0,214;37,574;2,522;0;1326,075;5,94;8,49;2,549;6,816
2015T4;11;Cádiz;Andalucía;1245567,0;21,268;42,11;16,681;2,7;23,7;96,7;-0,18;15564,0;17859,0;12496,0;57,29;36,25;36,73;23560,0;10850,0;100,38;92,907;2,427;81118,69;1291,4;56,39;1,661;30,59;0,181;24,549;0,873;0;1316,897;5,899;8,431;2,532;6,769
2016T1;11;Cádiz;Andalucía;1244475,0;20,61;42,55;17,008;2,7;23,9;96,7;0,69;15803,0;18084,0;12767,0;56,5;35,51;37,16;24044,0;11550,0;98,52;88,55;2,33;85459,78;1289,5;56,881;2,142;24,61;0,342;21,654;0,674;0;1328,364;5,876;8,324;2,447;6,725
2016T2;11;Cádiz;Andalucía;1244475,0;20,61;42,55;17,008;2,7;23,9;96,7;0,69;15803,0;18084,0;12767,0;57,64;37,29;35,31;24044,0;11550,0;100,04;92,68;2,323;84632,95;1299,5;57,602;2,125;28,66;0,297;36,788;1,644;0;1345,202;5,951;8,429;2,478;6,81
2016T3;11;Cádiz;Andalucía;1244475,0;20,61;42,55;17,008;2,7;23,9;96,7;0,69;15803,0;18084,0;12767,0;57,19;39,32;31,24;24044,0;11550,0;99,86;89,743;2,367;88573,25;1274,4;57,552;2,009;28,36;0,202;38,118;2,682;0;1344,034;5,946;8,422;2,476;6,804
2016T4;11;Cádiz;Andalucía;1244475,0;20,61;42,55;17,008;2,7;23,9;96,7;0,69;15803,0;18084,0;12767,0;56,45;37,34;33,86;24044,0;11550,0;101,37;93,203;2,273;91039,77;1256,2;57,569;2,014;30,05;0,253;24,302;0,924;0;1344,431;5,947;8,424;2,477;6,806
2017T1;11;Cádiz;Andalucía;1244090,0;20,0;42,8;17,471;2,7;23,9;96,6;1,45;15958,0;18311,0;12856,0;56,56;37,4;33,87;24777,0;11550,0;101,04;90,093;2,237;91303,29;1288,3;58,076;2,014;23,47;0,378;20,654;0,627;0;1356,271;5,925;8,44;2,514;6,799
2017T2;11;Cádiz;Andalucía;1244090,0;20,0;42,8;17,471;2,7;23,9;96,6;1,45;15958,0;18311,0;12856,0;55,59;39,12;29,63;24777,0;11550,0;101,95;93,773;2,17;95550,4;1282,5;58,983;2,243;22,9;0,52;37,526;1,835;0;1377,453;6,018;8,572;2,554;6,905
2017T3;11;Cádiz;Andalucía;1244090,0;20,0;42,8;17,471;2,7;23,9;96,6;1,45;15958,0;18311,0;12856,0;56,59;40,96;27,61;24777,0;11550,0;101,35;91,133;2,217;92649,76;1264,0;59,674;2,281;28,12;0,325;39,048;2,683;0;1393,59;6,089;8,672;2,583;6,986
2017T4;11;Cádiz;Andalucía;1244090,0;20,0;42,8;17,471;2,7;23,9;96,6;1,45;15958,0;18311,0;12856,0;54,92;38,44;30,01;24777,0;11550,0;102,64;94,803;2,153;98705,91;1291,8;60,148;2,204;25,13;0,202;24,761;1,004;0;1404,659;6,137;8,741;2,604;7,042
2018T1;11;Cádiz;Andalucía;1243737,0;19,515;42,95;18,003;2,7;24,2;96,4;1,71;16390,0;18772,0;13293,0;54,47;37,45;31,25;25905,0;12250,0;101,65;91,97;2,227;96797,01;1290,8;60,438;2,595;25,91;0,258;22,018;0,686;0;1411,432;6,015;8,494;2,479;6,889
2018T2;11;Cádiz;Andalucía;1243737,0;19,515;42,95;18,003;2,7;24,2;96,4;1,71;16390,0;18772,0;13293,0;55,41;40,53;26,86;25905,0;12250,0;103,17;95,373;2,197;88511,26;1290,5;61,785;2,895;21,55;0,473;38,091;1,77;0;1442,889;6,149;8,684;2,534;7,043
2018T3;11;Cádiz;Andalucía;1243737,0;19,515;42,95;18,003;2,7;24,2;96,4;1,71;16390,0;18772,0;13293,0;54,82;41,27;24,72;25905,0;12250,0;102,9;92,553;2,167;101961,01;1306,7;62,889;2,805;21,61;0,297;40,428;2,778;0;1468,671;6,259;8,839;2,58;7,169
2018T4;11;Cádiz;Andalucía;1243737,0;19,515;42,95;18,003;2,7;24,2;96,4;1,71;16390,0;18772,0;13293,0;54,3;39,45;27,35;25905,0;12250,0;103,69;96,513;2,26;100283,33;1340,3;63,535;2,511;24,66;0,404;25,513;1,014;0;1483,757;6,323;8,93;2,606;7,242
2019T1;11;Cádiz;Andalucía;1243186,0;19,141;43,05;18,482;2,7;24,5;96,0;4,56;17115,0;19534,0;13985,0;53,73;39,33;26,8;27243,0;13650,0;102,11;92,79;2,37;97826,74;1354,1;64,023;2,785;26,78;0,537;22,333;0,712;0;1495,154;6,123;8,553;2,43;6,989
2019T2;11;Cádiz;Andalucía;1243186,0;19,141;43,05;18,482;2,7;24,5;96,0;4,56;17115,0;19534,0;13985,0;55,33;41,86;24,34;27243,0;13650,0;103,56;96,067;2,35;94702,26;1344,9;65,216;2,833;22,6;0,564;38,633;1,874;0;1523,014;6,237;8,712;2,475;7,119
2019T3;11;Cádiz;Andalucía;1243186,0;19,141;43,05;18,482;2,7;24,5;96,0;4,56;17115,0;19534,0;13985,0;55,83;42,56;23,77;27243,0;13650,0;102,76;93,19;2,153;100409,25;1359,1;66,605;2,595;23,9;0,504;41,084;2,866;0;1555,452;6,37;8,898;2,528;7,271
2019T4;11;Cádiz;Andalucía;1243186,0;19,141;43,05;18,482;2,7;24,5;96,0;4,56;17115,0;19534,0;13985,0;54,14;40,77;24,7;27243,0;13650,0;103,8;96,93;1,99;96227,29;1346,2;66,17;2,776;28,17;0,394;26,303;0,995;0;1545,293;6,329;8,84;2,511;7,223
2020T1;11;Cádiz;Andalucía;1247160,0;18,879;43,18;18,914;2,7;24,8;95,9;2,89;17205,0;19486,0;14219,0;53,48;40,45;24,37;27179,0;12950,0;102,48;92,617;2,03;98528,54;1365,5;66,665;2,619;22,35;0,319;19,154;0,518;0;1556,853;6,392;8,759;2,368;7,239
2020T2;11;Cádiz;Andalucía;1247160,0;18,879;43,18;18,914;2,7;24,8;95,9;2,89;17205,0;19486,0;14219,0;50,87;39,97;21,42;27179,0;12950,0;103,21;93,307;1,907;101925,61;1329,5;66,762;1,601;23,03;0,271;4,875;0,108;0;1559,119;6,401;8,772;2,371;7,25
2020T3;11;Cádiz;Andalucía;1247160,0;18,879;43,18;18,914;2,7;24,8;95,9;2,89;17205,0;19486,0;14219,0;54,23;42,82;21,03;27179,0;12950,0;102,45;92,713;1,937;101786,56;1360,2;67,435;2,177;24,83;0,367;36,018;1,588;0;1574,835;6,466;8,86;2,395;7,323
2020T4;11;Cádiz;Andalucía;1247160,0;18,879;43,18;18,914;2,7;24,8;95,9;2,89;17205,0;19486,0;14219,0;55,17;41,42;24,91;27179,0;12950,0;103,3;97,763;1,8;103642,63;1373,1;67,267;2,515;21,87;0,342;13,912;0,25;0;1570,912;6,449;8,838;2,389;7,304
2021T1;11;Cádiz;Andalucía;1249873,0;18,74;43,22;19,354;2,6;25,4;95,8;1,99;18086,0;20457,0;15072,0;53,24;38,44;27,79;28501,0;14350,0;103,26;94,957;1,72;105354,5;1366,9;67,099;2,788;25,37;0,339;10,8;0,158;0;1566,989;6,128;8,317;2,189;6,931
2021T2;11;Cádiz;Andalucía;1249873,0;18,74;43,22;19,354;2,6;25,4;95,8;1,99;18086,0;20457,0;15072,0;55,32;40,97;25,95;28501,0;14350,0;105,45;100,28;1,62;104721,62;1405,1;69,143;3,329;25,86;0,573;23,881;0,838;0;1614,723;6,315;8,571;2,256;7,142
2021T3;11;Cádiz;Andalucía;1249873,0;18,74;43,22;19,354;2,6;25,4;95,8;1,99;18086,0;20457,0;15072,0;56,79;43,44;23,51;28501,0;14350,0;105,55;99,757;1,593;110203,93;1412,7;71,51;3,66;27,77;0,601;39,818;2,565;0;1670,001;6,531;8,864;2,333;7,387
2021T4;11;Cádiz;Andalucía;1249873,0;18,74;43,22;19,354;2,6;25,4;95,8;1,99;18086,0;20457,0;15072,0;55,13;40,84;25,92;28501,0;14350,0;108,83;105,007;1,543;106428,95;1426,2;72,659;3,481;22,11;0,597;22,008;0,772;0;1696,834;6,636;9,007;2,371;7,506
2022T1;11;Cádiz;Andalucía;1250545,0;18,648;43,23;19,79;2,6;25,7;95,4;6,18;18988,0;21554,0;15803,0;52,9;39,04;26,21;30055,0;15050,0;110,78;105,46;1,597;114418,07;1444,5;74,402;3,517;22,4;0,358;19,355;0,542;0;1737,539;6,449;8,796;2,347;7,321
2022T2;11;Cádiz;Andalucía;1250545,0;18,648;43,23;19,79;2,6;25,7;95,4;6,18;18988,0;21554,0;15803,0;54,96;43,04;21,7;30055,0;15050,0;114,81;114,52;1,737;116018,51;1439,3;76,202;3,502;22,72;0,489;38,663;1,835;0;1779,575;6,605;9,009;2,404;7,498
2022T3;11;Cádiz;Andalucía;1250545,0;18,648;43,23;19,79;2,6;25,7;95,4;6,18;18988,0;21554,0;15803,0;54,22;42,85;20,96;30055,0;15050,0;116,39;110,537;2,143;112069,13;1469,8;77,432;3,751;21,04;0,453;41,3;2,822;0;1808,299;6,712;9,154;2,443;7,619
2022T4;11;Cádiz;Andalucía;1250545,0;18,648;43,23;19,79;2,6;25,7;95,4;6,18;18988,0;21554,0;15803,0;53,7;40,28;25,0;30055,0;15050,0;116,81;115,007;2,867;115287,2;1466,7;77,353;3,45;23,34;0,533;25,725;0,953;0;1806,454;6,705;9,145;2,44;7,611
2023T1;11;Cádiz;Andalucía;1254866,0;18,592;43,17;20,304;2,6;26,2;95,1;4,83;20014,0;22685,0;16734,0;54,49;40,88;24,98;32323,0;15750,0;117,75;112,827;3,593;113862,86;1509,1;77,521;3,49;24,55;0,461;20,665;0,666;0;1810,378;6,384;8,655;2,27;7,236
2023T2;11;Cádiz;Andalucía;1254866,0;18,592;43,17;20,304;2,6;26,2;95,1;4,83;20014,0;22685,0;16734,0;55,54;43,36;21,93;32323,0;15750,0;119,43;116,6;3,887;116704,71;1507,0;79,633;3,151;24,51;0,518;40,027;1,918;0;1859,7;6,558;8,891;2,332;7,434
2023T3;11;Cádiz;Andalucía;1254866,0;18,592;43,17;20,304;2,6;26,2;95,1;4,83;20014,0;22685,0;16734,0;56,15;44,15;21,37;32323,0;15750,0;120,5;112,777;4,057;113704,58;1558,0;81,928;2,919;21,51;0,534;41,705;2,833;0;1913,296;6,747;9,147;2,4;7,648
2023T4;11;Cádiz;Andalucía;1254866,0;18,592;43,17;20,304;2,6;26,2;95,1;4,83;20014,0;22685,0;16734,0;53,72;42,57;20,74;32323,0;15750,0;120,95;117,607;4,03;114951,78;1558,9;81,449;2,792;21,7;0,647;26,011;1,066;0;1902,11;6,708;9,093;2,385;7,603
2024T1;11;Cádiz;Andalucía;1258730,0;18,592;43,17;20,304;2,6;26,2;95,1;5,51;20811,0;23611,0;17411,0;54,14;41,04;24,19;32323,0;15750,0;121,28;113,317;3,693;117354,52;1597,2;83,656;3,077;26,26;0,504;22,348;0,786;1;1953,651;6,619;8,977;2,357;7,51
2024T2;11;Cádiz;Andalucía;1258730,0;18,592;43,17;20,304;2,6;26,2;95,1;5,51;20811,0;23611,0;17411,0;55,14;43,78;20,6;32323,0;15750,0;123,03;117,41;3,55;117406,49;1618,5;87,224;3,14;25,51;0,435;40,638;2,022;1;2036,976;6,902;9,359;2,458;7,83
2024T3;11;Cádiz;Andalucía;1258730,0;18,592;43,17;20,304;2,6;26,2;95,1;5,51;20811,0;23611,0;17411,0;56,17;45,99;18,13;32323,0;15750,0;122,48;114,163;3,45;118571,43;1652,4;90,574;3,424;24,52;0,842;41,865;2,842;1;2115,209;7,167;9,719;2,552;8,131
2024T4;11;Cádiz;Andalucía;1258730,0;18,592;43,17;20,304;2,6;26,2;95,1;5,51;20811,0;23611,0;17411,0;53,6;42,36;20,97;32323,0;15750,0;123,26;118,19;3,167;128507,45;1688,1;92,35;3,518;27,94;0,336;26,596;1,065;1;2156,685;7,307;9,91;2,602;8,291
2015T1;14;Córdoba;Andalucía;794359,0;21,114;39,17;21,311;2,6;25,0;97,4;-0,06;13423,0;14966,0;11536,0;56,56;39,53;30,11;22879,0;10850,0;98,96;90,33;2,613;77747,94;1149,8;53,938;1,382;26,68;0,218;13,443;0,459;0;1115,695;5,964;7,737;1,773;6,649
2015T2;14;Córdoba;Andalucía;794359,0;21,114;39,17;21,311;2,6;25,0;97,4;-0,06;13423,0;14966,0;11536,0;57,18;40,51;29,15;22879,0;10850,0;101,03;93,72;2,507;80020,02;1144,6;56,15;1,464;19,43;0,394;13,815;0,687;0;1161,449;6,208;8,054;1,846;6,922
2015T3;14;Córdoba;Andalucía;794359,0;21,114;39,17;21,311;2,6;25,0;97,4;-0,06;13423,0;14966,0;11536,0;56,57;39,04;30,99;22879,0;10850,0;99,61;90,26;2,45;78859,24;1150,3;56,783;1,392;17,72;0,331;13,557;0,61;0;1174,543;6,278;8,145;1,867;7,0
2015T4;14;Córdoba;Andalucía;794359,0;21,114;39,17;21,311;2,6;25,0;97,4;-0,06;13423,0;14966,0;11536,0;57,05;40,11;29,7;22879,0;10850,0;100,4;92,907;2,427;84277,89;1173,4;56,39;1,357;15,4;0,378;14,002;0,571;0;1166,414;6,235;8,089;1,854;6,952
2016T1;14;Córdoba;Andalucía;790749,0;20,577;39,66;21,449;2,6;25,3;97,5;0,98;13683,0;15181,0;11845,0;57,87;41,19;28,82;23541,0;11550,0;98,03;88,55;2,33;89015,43;1149,7;56,881;1,549;14,78;0,311;13,928;0,539;0;1176,57;6,2;7,946;1,746;6,879
2016T2;14;Córdoba;Andalucía;790749,0;20,577;39,66;21,449;2,6;25,3;97,5;0,98;13683,0;15181,0;11845,0;58,34;40,75;30,15;23541,0;11550,0;99,99;92,68;2,323;83486,91;1133,8;57,602;1,672;15,58;0,352;14,254;0,685;0;1191,483;6,279;8,047;1,768;6,966
2016T3;14;Córdoba;Andalucía;790749,0;20,577;39,66;21,449;2,6;25,3;97,5;0,98;13683,0;15181,0;11845,0;58,95;39,74;32,59;23541,0;11550,0;99,37;89,743;2,367;89200,0;1147,8;57,552;1,477;13,7;0,517;13,722;0,622;0;1190,449;6,273;8,04;1,767;6,96
2016T4;14;Córdoba;Andalucía;790749,0;20,577;39,66;21,449;2,6;25,3;97,5;0,98;13683,0;15181,0;11845,0;57,77;40,78;29,42;23541,0;11550,0;101,34;93,203;2,273;85272,29;1144,4;57,569;1,367;12,77;0,494;13,98;0,6;0;1190,801;6,275;8,043;1,767;6,962
2017T1;14;Córdoba;Andalucía;787735,0;20,149;39,9;21,775;2,6;25,5;97,4;1,05;14008,0;15598,0;12072,0;58,16;42,15;27,53;24379,0;12250,0;101,12;90,093;2,237;70441,13;1135,7;58,076;1,768;13,71;0,619;14,009;0,522;0;1201,288;6,161;7,961;1,8;6,861
2017T2;14;Córdoba;Andalucía;787735,0;20,149;39,9;21,775;2,6;25,5;97,4;1,05;14008,0;15598,0;12072,0;57,43;41,38;27,94;24379,0;12250,0;102,03;93,773;2,17;85064,69;1143,4;58,983;1,86;13,79;0,567;14,523;0,746;0;1220,049;6,257;8,085;1,828;6,968
2017T3;14;Córdoba;Andalucía;787735,0;20,149;39,9;21,775;2,6;25,5;97,4;1,05;14008,0;15598,0;12072,0;58,11;40,56;30,21;24379,0;12250,0;101,02;91,133;2,217;95756,03;1123,6;59,674;1,752;14,57;0,474;14,072;0,636;0;1234,342;6,331;8,18;1,849;7,049
2017T4;14;Córdoba;Andalucía;787735,0;20,149;39,9;21,775;2,6;25,5;97,4;1,05;14008,0;15598,0;12072,0;56,8;41,46;27,0;24379,0;12250,0;102,9;94,803;2,153;83792,03;1132,4;60,148;1,775;13,09;0,512;14,389;0,633;0;1244,147;6,381;8,245;1,864;7,105
2018T1;14;Córdoba;Andalucía;784079,0;19,777;40,07;22,147;2,6;26,0;97,3;1,04;14602,0;16244,0;12617,0;57,03;42,51;25,45;25246,0;12250,0;101,7;91,97;2,227;97786,81;1143,3;60,438;1,904;13,26;0,508;14,006;0,522;0;1250,145;6,157;7,927;1,77;6,849
2018T2;14;Córdoba;Andalucía;784079,0;19,777;40,07;22,147;2,6;26,0;97,3;1,04;14602,0;16244,0;12617,0;57,53;42,78;25,63;25246,0;12250,0;103,73;95,373;2,197;94166,67;1158,5;61,785;2,284;16,08;0,446;14,329;0,716;0;1278,008;6,294;8,103;1,809;7,002
2018T3;14;Córdoba;Andalucía;784079,0;19,777;40,07;22,147;2,6;26,0;97,3;1,04;14602,0;16244,0;12617,0;55,83;41,65;25,4;25246,0;12250,0;103,17;92,553;2,167;89679,16;1131,4;62,889;2,234;17,58;0,677;13,716;0,631;0;1300,844;6,407;8,248;1,842;7,127
2018T4;14;Córdoba;Andalucía;784079,0;19,777;40,07;22,147;2,6;26,0;97,3;1,04;14602,0;16244,0;12617,0;55,79;43,26;22,47;25246,0;12250,0;104,48;96,513;2,26;84698,95;1144,2;63,535;1,903;11,66;1,089;14,294;0,626;0;1314,206;6,472;8,333;1,861;7,2
2019T1;14;Córdoba;Andalucía;780982,0;19,458;40,12;22,606;2,6;26,2;97,1;3,6;15477,0;17163,0;13440,0;56,31;44,45;21,05;26299,0;12950,0;102,77;92,79;2,37;93272,52;1155,0;64,023;2,076;12,96;0,31;14,358;0,554;0;1324,3;6,173;7,883;1,71;6,845
2019T2;14;Córdoba;Andalucía;780982,0;19,458;40,12;22,606;2,6;26,2;97,1;3,6;15477,0;17163,0;13440,0;56,77;44,16;22,21;26299,0;12950,0;104,44;96,067;2,35;99151,11;1170,4;65,216;2,229;15,51;0,691;14,836;0,773;0;1348,977;6,288;8,03;1,742;6,973
2019T3;14;Córdoba;Andalucía;780982,0;19,458;40,12;22,606;2,6;26,2;97,1;3,6;15477,0;17163,0;13440,0;57,36;42,85;25,28;26299,0;12950,0;103,16;93,19;2,153;92474,05;1126,4;66,605;2,051;18,41;0,507;14,143;0,664;0;1377,708;6,422;8,201;1,779;7,121
2019T4;14;Córdoba;Andalucía;780982,0;19,458;40,12;22,606;2,6;26,2;97,1;3,6;15477,0;17163,0;13440,0;56,78;43,32;23,7;26299,0;12950,0;104,61;96,93;1,99;95960,91;1141,3;66,17;2,133;21,25;0,442;14,607;0,64;0;1368,711;6,38;8,147;1,767;7,075
2020T1;14;Córdoba;Andalucía;780825,0;19,236;40,24;22,92;2,5;26,6;97,2;1,17;15547,0;17041,0;13725,0;57,38;43,09;24,89;26462,0;12950,0;103,35;92,617;2,03;95396,69;1132,0;66,665;2,062;14,78;0,684;13,373;0,428;0;1378,949;6,474;8,038;1,564;7,096
2020T2;14;Córdoba;Andalucía;780825,0;19,236;40,24;22,92;2,5;26,6;97,2;1,17;15547,0;17041,0;13725,0;53,82;40,75;24,29;26462,0;12950,0;103,8;93,307;1,907;109884,24;1121,5;66,762;1,368;12,73;0,195;1,865;0,026;0;1380,956;6,483;8,049;1,566;7,106
2020T3;14;Córdoba;Andalucía;780825,0;19,236;40,24;22,92;2,5;26,6;97,2;1,17;15547,0;17041,0;13725,0;55,22;41,92;24,09;26462,0;12950,0;102,71;92,713;1,937;109236,43;1118,8;67,435;1,725;17,0;0,821;8,976;0,258;0;1394,877;6,548;8,13;1,582;7,178
2020T4;14;Córdoba;Andalucía;780825,0;19,236;40,24;22,92;2,5;26,6;97,2;1,17;15547,0;17041,0;13725,0;57,91;44,16;23,75;26462,0;12950,0;104,01;97,763;1,8;101160,47;1130,1;67,267;2,015;24,86;0,569;9,56;0,159;0;1391,402;6,532;8,11;1,578;7,16
2021T1;14;Córdoba;Andalucía;777622,0;19,082;40,28;23,283;2,5;27,2;97,2;1,55;16670,0;18312,0;14698,0;56,76;45,29;20,21;27909,0;14350,0;103,92;94,957;1,72;102438,8;1099,9;67,099;2,236;20,64;0,566;7,898;0,1;0;1387,927;6,063;7,554;1,491;6,661
2021T2;14;Córdoba;Andalucía;777622,0;19,082;40,28;23,283;2,5;27,2;97,2;1,55;16670,0;18312,0;14698,0;57,56;44,26;23,1;27909,0;14350,0;106,78;100,28;1,62;103357,73;1107,9;69,143;2,635;18,74;0,81;10,694;0,271;0;1430,206;6,248;7,784;1,536;6,864
2021T3;14;Córdoba;Andalucía;777622,0;19,082;40,28;23,283;2,5;27,2;97,2;1,55;16670,0;18312,0;14698,0;57,93;44,35;23,44;27909,0;14350,0;106,8;99,757;1,593;101603,48;1093,5;71,51;2,591;18,71;1,281;12,833;0,485;0;1479,167;6,462;8,051;1,589;7,099
2021T4;14;Córdoba;Andalucía;777622,0;19,082;40,28;23,283;2,5;27,2;97,2;1,55;16670,0;18312,0;14698,0;57,0;47,04;17,46;27909,0;14350,0;111,13;105,007;1,543;98717,66;1092,5;72,659;2,411;17,17;0,755;13,757;0,535;0;1502,934;6,566;8,18;1,614;7,213
2022T1;14;Córdoba;Andalucía;775110,0;18,96;40,23;23,697;2,5;27,7;96,8;4,73;17580,0;19340,0;15506,0;55,57;46,22;16,84;29082,0;15050,0;113,21;105,46;1,597;95445,9;1123,5;74,402;2,846;16,18;0,546;13,838;0,459;0;1538,987;6,366;7,94;1,574;7,003
2022T2;14;Córdoba;Andalucía;775110,0;18,96;40,23;23,697;2,5;27,7;96,8;4,73;17580,0;19340,0;15506,0;54,88;43,51;20,72;29082,0;15050,0;117,38;114,52;1,737;98330,8;1116,3;76,202;2,753;17,48;0,596;14,452;0,667;0;1576,22;6,52;8,132;1,612;7,173
2022T3;14;Córdoba;Andalucía;775110,0;18,96;40,23;23,697;2,5;27,7;96,8;4,73;17580,0;19340,0;15506,0;55,46;43,13;22,23;29082,0;15050,0;118,16;110,537;2,143;105334,54;1115,4;77,432;2,658;12,57;0,637;13,987;0,577;0;1601,662;6,625;8,263;1,638;7,289
2022T4;14;Córdoba;Andalucía;775110,0;18,96;40,23;23,697;2,5;27,7;96,8;4,73;17580,0;19340,0;15506,0;54,56;44,8;17,88;29082,0;15050,0;118,36;115,007;2,867;99918,62;1116,3;77,353;2,66;13,82;0,939;14,481;0,599;0;1600,028;6,619;8,255;1,636;7,281
2023T1;14;Córdoba;Andalucía;775002,0;18,876;40,23;24,014;2,5;28,2;96,5;3,99;18668,0;20521,0;16501,0;54,98;45,07;18,02;30917,0;15750,0;118,69;112,827;3,593;105426,1;1113,6;77,521;2,666;15,63;0,462;14,258;0,531;0;1603,503;6,251;7,774;1,523;6,872
2023T2;14;Córdoba;Andalucía;775002,0;18,876;40,23;24,014;2,5;28,2;96,5;3,99;18668,0;20521,0;16501,0;56,3;43,87;22,07;30917,0;15750,0;120,67;116,6;3,887;104176,99;1108,8;79,633;3,09;20,84;0,529;15,0;0,7;0;1647,189;6,421;7,986;1,564;7,059
2023T3;14;Córdoba;Andalucía;775002,0;18,876;40,23;24,014;2,5;28,2;96,5;3,99;18668,0;20521,0;16501,0;55,12;45,18;18,04;30917,0;15750,0;121,61;112,777;4,057;106136,99;1093,8;81,928;2,521;20,06;0,449;14,521;0,606;0;1694,661;6,607;8,216;1,609;7,262
2023T4;14;Córdoba;Andalucía;775002,0;18,876;40,23;24,014;2,5;28,2;96,5;3,99;18668,0;20521,0;16501,0;55,93;47,26;15,5;30917,0;15750,0;122,82;117,607;4,03;114841,46;1119,0;81,449;2,133;12,7;0,523;14,992;0,669;0;1684,753;6,568;8,168;1,6;7,22
2024T1;14;Córdoba;Andalucía;774313,0;18,876;40,23;24,014;2,5;28,2;96,5;3,91;19488,0;21460,0;17208,0;56,96;48,6;14,67;30917,0;15750,0;123,05;113,317;3,693;107567,63;1125,9;83,656;2,921;29,31;0,779;14,767;0,596;1;1730,404;6,451;8,045;1,594;7,103
2024T2;14;Córdoba;Andalucía;774313,0;18,876;40,23;24,014;2,5;28,2;96,5;3,91;19488,0;21460,0;17208,0;56,53;46,61;17,54;30917,0;15750,0;125,16;117,41;3,55;118306,31;1147,0;87,224;3,09;21,06;0,839;15,195;0,734;1;1804,207;6,726;8,388;1,662;7,406
2024T3;14;Córdoba;Andalucía;774313,0;18,876;40,23;24,014;2,5;28,2;96,5;3,91;19488,0;21460,0;17208,0;57,37;47,57;17,08;30917,0;15750,0;124,32;114,163;3,45;100256,39;1127,6;90,574;3,163;17,93;0,732;14,125;0,588;1;1873,501;6,984;8,71;1,726;7,691
2024T4;14;Córdoba;Andalucía;774313,0;18,876;40,23;24,014;2,5;28,2;96,5;3,91;19488,0;21460,0;17208,0;59,29;49,1;17,18;30917,0;15750,0;125,2;118,19;3,167;117221,3;1139,6;92,35;3,053;16,24;0,687;14,82;0,664;1;1910,238;7,121;8,881;1,76;7,842
2015T1;20;Gipuzkoa;País Vasco;709766,0;16,778;41,43;24,422;2,4;31,2;93,4;0,64;27818,0;31630,0;23455,0;56,16;48,45;13,74;35751,0;19950,0;98,76;90,33;2,613;161204,43;2666,8;59,408;1,572;24,46;0,79;13,234;0,416;1;2639,071;6,675;9,001;2,326;7,59
2015T2;20;Gipuzkoa;País Vasco;709766,0;16,778;41,43;24,422;2,4;31,2;93,4;0,64;27818,0;31630,0;23455,0;56,65;48,4;14,56;35751,0;19950,0;100,57;93,72;2,507;129680,68;2709,3;60,423;1,399;21,95;0,888;14,516;0,755;1;2684,161;6,789;9,155;2,366;7,719
2015T3;20;Gipuzkoa;País Vasco;709766,0;16,778;41,43;24,422;2,4;31,2;93,4;0,64;27818,0;31630,0;23455,0;56,58;49,67;12,22;35751,0;19950,0;99,94;90,26;2,45;129458,63;2682,6;60,399;1,715;19,39;0,765;14,526;1,059;1;2683,094;6,786;9,151;2,365;7,716
2015T4;20;Gipuzkoa;País Vasco;709766,0;16,778;41,43;24,422;2,4;31,2;93,4;0,64;27818,0;31630,0;23455,0;56,6;50,85;10,16;35751,0;19950,0;100,73;92,907;2,427;147409,82;2650,4;60,842;1,686;18,38;1,398;13,848;0,621;1;2702,774;6,836;9,219;2,383;7,773
2016T1;20;Gipuzkoa;País Vasco;711261,0;16,436;41,3;24,83;2,4;31,3;93,2;1,83;27756,0;31492,0;23559,0;57,06;51,06;10,5;35751,0;19950,0;98,6;88,55;2,33;139473,52;2566,3;61,101;1,973;28,23;0,759;13,483;0,51;0;2714,279;6,895;9,217;2,322;7,823
2016T2;20;Gipuzkoa;País Vasco;711261,0;16,436;41,3;24,83;2,4;31,3;93,2;1,83;27756,0;31492,0;23559,0;57,63;51,73;10,23;35751,0;19950,0;99,84;92,68;2,323;138408,11;2654,7;62,101;2,033;24,2;0,285;14,659;0,762;0;2758,702;7,008;9,368;2,36;7,951
2016T3;20;Gipuzkoa;País Vasco;711261,0;16,436;41,3;24,83;2,4;31,3;93,2;1,83;27756,0;31492,0;23559,0;57,51;51,55;10,35;35751,0;19950,0;99,85;89,743;2,367;139929,55;2634,6;62,528;1,86;27,51;0,489;14,771;1,078;0;2777,671;7,056;9,432;2,376;8,006
2016T4;20;Gipuzkoa;País Vasco;711261,0;16,436;41,3;24,83;2,4;31,3;93,2;1,83;27756,0;31492,0;23559,0;55,38;49,87;9,95;35751,0;19950,0;101,58;93,203;2,273;143785,21;2603,0;61,548;1,576;20,87;0,529;14,53;0,663;0;2734,136;6,946;9,284;2,339;7,88
2017T1;20;Gipuzkoa;País Vasco;713130,0;16,154;41,12;25,267;2,4;31,1;92,9;3,79;28563,0;32493,0;24281,0;54,74;48,87;10,72;36586,0;19950,0;101,02;90,093;2,237;137849,14;2653,5;63,106;1,959;21,76;0,77;14,076;0,475;0;2803,347;6,902;9,236;2,334;7,852
2017T2;20;Gipuzkoa;País Vasco;713130,0;16,154;41,12;25,267;2,4;31,1;92,9;3,79;28563,0;32493,0;24281,0;54,99;50,49;8,18;36586,0;19950,0;101,71;93,773;2,17;147479,15;2686,2;64,923;2,378;25,88;0,697;15,449;0,87;0;2884,063;7,101;9,502;2,402;8,078
2017T3;20;Gipuzkoa;País Vasco;713130,0;16,154;41,12;25,267;2,4;31,1;92,9;3,79;28563,0;32493,0;24281,0;55,3;50,47;8,73;36586,0;19950,0;101,58;91,133;2,217;140084,28;2640,7;66,145;2,091;25,89;1,085;15,527;1,108;0;2938,348;7,234;9,681;2,447;8,23
2017T4;20;Gipuzkoa;País Vasco;713130,0;16,154;41,12;25,267;2,4;31,1;92,9;3,79;28563,0;32493,0;24281,0;56,05;51,32;8,43;36586,0;19950,0;103,04;94,803;2,153;157877,75;2666,6;65,919;1,698;21,22;0,487;14,967;0,687;0;2928,308;7,21;9,648;2,438;8,202
2018T1;20;Gipuzkoa;País Vasco;715749,0;16,066;40,85;25,692;2,4;31,2;92,4;6,21;28756,0;32562,0;24571,0;56,76;52,26;7,93;37797,0;20650,0;102,11;91,97;2,227;145103,14;2607,4;66,963;2,378;22,68;0,953;14,438;0,55;0;2974,686;7,308;9,685;2,377;8,276
2018T2;20;Gipuzkoa;País Vasco;715749,0;16,066;40,85;25,692;2,4;31,2;92,4;6,21;28756,0;32562,0;24571,0;57,64;53,29;7,55;37797,0;20650,0;103,73;95,373;2,197;149631,32;2685,2;68,678;2,363;22,77;0,756;15,757;0,877;0;3050,871;7,496;9,933;2,438;8,488
2018T3;20;Gipuzkoa;País Vasco;715749,0;16,066;40,85;25,692;2,4;31,2;92,4;6,21;28756,0;32562,0;24571,0;55,74;51,42;7,75;37797,0;20650,0;103,94;92,553;2,167;153605,71;2609,2;69,335;2,34;20,18;0,801;15,751;1,127;0;3080,057;7,567;10,028;2,461;8,569
2018T4;20;Gipuzkoa;País Vasco;715749,0;16,066;40,85;25,692;2,4;31,2;92,4;6,21;28756,0;32562,0;24571,0;55,73;51,52;7,56;37797,0;20650,0;104,78;96,513;2,26;162811,75;2679,5;69,238;2,094;22,75;0,887;15,415;0,711;0;3075,748;7,557;10,014;2,458;8,557
2019T1;20;Gipuzkoa;País Vasco;719613,0;16,2;40,5;26,042;2,4;31,1;91,7;7,67;29883,0;33837,0;25513,0;56,43;51,9;8,03;39283,0;21350,0;103,58;92,79;2,37;157365,85;2670,3;70,833;2,965;22,96;0,421;14,571;0,549;0;3146,602;7,439;9,867;2,427;8,424
2019T2;20;Gipuzkoa;País Vasco;719613,0;16,2;40,5;26,042;2,4;31,1;91,7;7,67;29883,0;33837,0;25513,0;56,26;52,25;7,13;39283,0;21350,0;105,11;96,067;2,35;148418,72;2667,4;71,327;2,403;19,9;0,83;16,179;0,935;0;3168,547;7,491;9,935;2,444;8,483
2019T3;20;Gipuzkoa;País Vasco;719613,0;16,2;40,5;26,042;2,4;31,1;91,7;7,67;29883,0;33837,0;25513,0;55,46;52,02;6,19;39283,0;21350,0;104,69;93,19;2,153;156608,35;2721,1;72,683;2,258;16,37;0,649;15,861;1,14;0;3228,784;7,634;10,124;2,491;8,644
2019T4;20;Gipuzkoa;País Vasco;719613,0;16,2;40,5;26,042;2,4;31,1;91,7;7,67;29883,0;33837,0;25513,0;56,15;51,92;7,53;39283,0;21350,0;105,74;96,93;1,99;160648,32;2697,4;71,28;2,375;25,22;0,228;15,414;0,704;0;3166,459;7,486;9,929;2,443;8,477
2020T1;20;Gipuzkoa;País Vasco;724347,0;16,403;40,15;26,373;2,4;31,2;91,6;3,48;30526,0;34504,0;26224,0;55,5;51,66;6,91;39023,0;21350,0;104,36;92,617;2,03;165424,69;2707,5;73,235;2,289;18,4;0,555;13,349;0,438;0;3253,306;7,543;9,925;2,382;8,526
2020T2;20;Gipuzkoa;País Vasco;724347,0;16,403;40,15;26,373;2,4;31,2;91,6;3,48;30526,0;34504,0;26224,0;54,3;50,37;7,23;39023,0;21350,0;104,65;93,307;1,907;129992,16;2668,5;72,482;1,513;12,87;1,218;3,617;0,051;0;3219,855;7,465;9,823;2,357;8,438
2020T3;20;Gipuzkoa;País Vasco;724347,0;16,403;40,15;26,373;2,4;31,2;91,6;3,48;30526,0;34504,0;26224,0;57,06;51,82;9,18;39023,0;21350,0;104,24;92,713;1,937;164614,29;2655,3;74,032;1,938;27,56;0,468;14,561;0,658;0;3288,711;7,625;10,033;2,408;8,619
2020T4;20;Gipuzkoa;País Vasco;724347,0;16,403;40,15;26,373;2,4;31,2;91,6;3,48;30526,0;34504,0;26224,0;57,04;53,03;7,02;39023,0;21350,0;105,1;97,763;1,8;172202,96;2698,9;72,823;2,054;16,4;0,551;11,419;0,186;0;3235,004;7,501;9,869;2,368;8,478
2021T1;20;Gipuzkoa;País Vasco;725508,0;16,545;39,93;26,656;2,4;31,5;91,5;1,27;31375,0;35348,0;27000,0;57,78;52,19;9,67;39988,0;22050,0;105,11;94,957;1,72;161727,66;2735,2;73,379;2,591;20,05;0,773;10,167;0,164;0;3259,703;7,377;9,658;2,281;8,312
2021T2;20;Gipuzkoa;País Vasco;725508,0;16,545;39,93;26,656;2,4;31,5;91,5;1,27;31375,0;35348,0;27000,0;57,15;52,68;7,82;39988,0;22050,0;107,4;100,28;1,62;169135,17;2751,2;74,332;2,598;15,6;1,078;13,188;0,368;0;3302,038;7,473;9,784;2,311;8,42
2021T3;20;Gipuzkoa;País Vasco;725508,0;16,545;39,93;26,656;2,4;31,5;91,5;1,27;31375,0;35348,0;27000,0;57,64;52,13;9,55;39988,0;22050,0;107,82;99,757;1,593;170536,41;2735,5;75,034;2,471;12,1;0,273;16,572;1,095;0;3333,222;7,544;9,876;2,332;8,499
2021T4;20;Gipuzkoa;País Vasco;725508,0;16,545;39,93;26,656;2,4;31,5;91,5;1,27;31375,0;35348,0;27000,0;56,21;52,04;7,42;39988,0;22050,0;110,85;105,007;1,543;178998,7;2765,9;75,9;2,077;14,2;0,522;16,352;0,689;0;3371,693;7,631;9,99;2,359;8,597
2022T1;20;Gipuzkoa;País Vasco;723241,0;16,635;39,61;27,126;2,4;31,8;91,1;10,03;32637,0;36703,0;28181,0;56,27;52,01;7,57;43392,0;24150,0;112,73;105,46;1,597;169564,73;2819,6;77,966;2,675;13,39;0,592;15,902;0,53;0;3463,47;7,549;9,832;2,283;8,49
2022T2;20;Gipuzkoa;País Vasco;723241,0;16,635;39,61;27,126;2,4;31,8;91,1;10,03;32637,0;36703,0;28181,0;53,82;49,62;7,82;43392,0;24150,0;116,02;114,52;1,737;170608,94;2797,6;79,161;2,551;13,93;0,606;18,071;0,978;0;3516,555;7,665;9,983;2,318;8,62
2022T3;20;Gipuzkoa;País Vasco;723241,0;16,635;39,61;27,126;2,4;31,8;91,1;10,03;32637,0;36703,0;28181,0;55,58;51,85;6,71;43392,0;24150,0;117,97;110,537;2,143;170265,21;2843,4;80,889;2,664;14,63;0,554;17,699;1,3;0;3593,318;7,832;10,201;2,368;8,808
2022T4;20;Gipuzkoa;País Vasco;723241,0;16,635;39,61;27,126;2,4;31,8;91,1;10,03;32637,0;36703,0;28181,0;55,09;49,93;9,38;43392,0;24150,0;117,72;115,007;2,867;172940,77;2875,8;79,634;2,056;13,85;0,407;17,141;0,799;0;3537,567;7,711;10,042;2,332;8,671
2023T1;20;Gipuzkoa;País Vasco;726712,0;17,024;39,29;27,315;2,4;32,2;90,6;8,53;34217,0;38392,0;29603,0;54,31;49,89;8,14;46514,0;26250,0;118,5;112,827;3,593;167785,87;2937,7;80,369;2,921;19,08;1,014;17,498;0,666;0;3570,218;7,44;9,648;2,209;8,347
2023T2;20;Gipuzkoa;País Vasco;726712,0;17,024;39,29;27,315;2,4;32,2;90,6;8,53;34217,0;38392,0;29603,0;54,9;51,26;6,63;46514,0;26250,0;120,29;116,6;3,887;194071,76;2869,6;81,562;2,32;13,05;0,578;18,168;1,075;0;3623,215;7,55;9,791;2,242;8,471
2023T3;20;Gipuzkoa;País Vasco;726712,0;17,024;39,29;27,315;2,4;32,2;90,6;8,53;34217,0;38392,0;29603,0;55,99;51,12;8,68;46514,0;26250,0;121,76;112,777;4,057;173866,89;2854,1;83,972;2,469;17,34;0,793;17,906;1,34;0;3730,274;7,773;10,081;2,308;8,721
2023T4;20;Gipuzkoa;País Vasco;726712,0;17,024;39,29;27,315;2,4;32,2;90,6;8,53;34217,0;38392,0;29603,0;55,78;52,21;6,41;46514,0;26250,0;121,91;117,607;4,03;169025,31;2902,8;82,719;1,825;18,25;1,061;16,924;0,851;0;3674,612;7,657;9,93;2,273;8,591
2024T1;20;Gipuzkoa;País Vasco;729722,0;17,024;39,29;27,315;2,4;32,2;90,6;9,61;35585,0;39845,0;30845,0;53,84;49,45;8,16;46514,0;26250,0;122,54;113,317;3,693;166959,28;2944,8;85,5;2,509;23,76;0,659;16,712;0,735;1;3798,152;7,626;9,851;2,225;8,539
2024T2;20;Gipuzkoa;País Vasco;729722,0;17,024;39,29;27,315;2,4;32,2;90,6;9,61;35585,0;39845,0;30845,0;56,65;52,83;6,75;46514,0;26250,0;124,72;117,41;3,55;154267,13;2993,3;88,46;2,028;10,41;0,584;18,377;1,083;1;3929,643;7,89;10,192;2,302;8,834
2024T3;20;Gipuzkoa;País Vasco;729722,0;17,024;39,29;27,315;2,4;32,2;90,6;9,61;35585,0;39845,0;30845,0;51,19;48,19;5,85;46514,0;26250,0;124,8;114,163;3,45;175375,41;2916,3;91,022;2,67;10,99;0,348;18,999;1,387;1;4043,455;8,118;10,487;2,369;9,09
2024T4;20;Gipuzkoa;País Vasco;729722,0;17,024;39,29;27,315;2,4;32,2;90,6;9,61;35585,0;39845,0;30845,0;52,76;50,3;4,67;46514,0;26250,0;125,7;118,19;3,167;177230,93;2986,3;91,556;2,893;17,1;1,17;19,549;0,949;1;4067,176;8,166;10,549;2,383;9,144
2015T1;17;Girona;Cataluña;743431,0;19,551;41,04;19,95;2,6;27,4;81,2;0,53;17913,0;19646,0;15943,0;64,24;50,17;21,9;29514,0;15050,0;98,9;90,33;2,613;105787,23;1422,9;50,903;2,666;18,97;0,542;39,276;1,265;0;1392,357;5,67;6,987;1,317;6,218
2015T2;17;Girona;Cataluña;743431,0;19,551;41,04;19,95;2,6;27,4;81,2;0,53;17913,0;19646,0;15943,0;63,61;51,39;19,21;29514,0;15050,0;100,72;93,72;2,507;106319,22;1452,2;53,669;2,397;15,43;0,459;93,36;4,322;0;1468,016;5,978;7,366;1,388;6,556
2015T3;17;Girona;Cataluña;743431,0;19,551;41,04;19,95;2,6;27,4;81,2;0,53;17913,0;19646,0;15943,0;63,5;52,04;18,05;29514,0;15050,0;100,03;90,26;2,45;108301,35;1461,4;54,15;2,636;14,95;0,455;112,092;8,062;0;1481,173;6,031;7,432;1,401;6,615
2015T4;17;Girona;Cataluña;743431,0;19,551;41,04;19,95;2,6;27,4;81,2;0,53;17913,0;19646,0;15943,0;62,38;50,07;19,73;29514,0;15050,0;100,35;92,907;2,427;109557,41;1492,4;54,376;2,54;13,61;0,543;51,85;1,99;0;1487,354;6,057;7,463;1,407;6,643
2016T1;17;Girona;Cataluña;745797,0;19,0;41,25;20,257;2,6;27,3;81,4;2,6;18154,0;19926,0;16140,0;62,06;51,2;17,49;30536,0;15050,0;98,3;88,55;2,33;110185,49;1471,2;55,268;3,097;11,69;0,563;44,584;1,588;0;1511,753;6,069;7,493;1,424;6,662
2016T2;17;Girona;Cataluña;745797,0;19,0;41,25;20,257;2,6;27,3;81,4;2,6;18154,0;19926,0;16140,0;62,41;51,83;16,95;30536,0;15050,0;99,83;92,68;2,323;108751,17;1465,5;56,626;2,971;14,08;0,673;94,881;4,508;0;1548,899;6,219;7,677;1,459;6,826
2016T3;17;Girona;Cataluña;745797,0;19,0;41,25;20,257;2,6;27,3;81,4;2,6;18154,0;19926,0;16140,0;63,5;54,22;14,61;30536,0;15050,0;99,91;89,743;2,367;115867,84;1457,9;57,74;3,195;14,35;0,53;114,86;8,384;0;1579,37;6,341;7,828;1,487;6,96
2016T4;17;Girona;Cataluña;745797,0;19,0;41,25;20,257;2,6;27,3;81,4;2,6;18154,0;19926,0;16140,0;61,84;52,25;15,51;30536,0;15050,0;101,52;93,203;2,273;121212,93;1492,7;58,424;2,805;15,49;0,665;54,285;2,155;0;1598,08;6,416;7,921;1,505;7,042
2017T1;17;Girona;Cataluña;750468,0;18,653;41,33;20,572;2,6;27,3;81,0;3,85;18539,0;20371,0;16458,0;61,24;50,81;17,03;31537,0;15750,0;101,51;90,093;2,237;125898,17;1509,6;60,119;3,531;15,02;0,646;38,46;1,171;0;1644,444;6,458;7,993;1,535;7,096
2017T2;17;Girona;Cataluña;750468,0;18,653;41,33;20,572;2,6;27,3;81,0;3,85;18539,0;20371,0;16458,0;62,77;54,53;13,13;31537,0;15750,0;102,19;93,773;2,17;119770,86;1493,2;61,886;3,566;14,8;0,752;98,377;4,892;0;1692,777;6,648;8,228;1,581;7,305
2017T3;17;Girona;Cataluña;750468,0;18,653;41,33;20,572;2,6;27,3;81,0;3,85;18539,0;20371,0;16458,0;63,96;56,23;12,08;31537,0;15750,0;102,07;91,133;2,217;120637,41;1504,0;63,485;3,598;16,59;0,32;113,328;8,145;0;1736,514;6,82;8,441;1,621;7,493
2017T4;17;Girona;Cataluña;750468,0;18,653;41,33;20,572;2,6;27,3;81,0;3,85;18539,0;20371,0;16458,0;61,93;53,5;13,61;31537,0;15750,0;103,42;94,803;2,153;120958,51;1523,6;64,387;3,101;14,44;0,108;49,725;1,887;0;1761,187;6,916;8,561;1,644;7,6
2018T1;17;Girona;Cataluña;756522,0;18,531;41,21;20,832;2,6;27,5;80,3;8,89;19173,0;21045,0;17059,0;60,45;51,96;14,05;32943,0;16450,0;102,84;91,97;2,227;122216,44;1518,0;65,269;3,661;18,12;0,172;40,251;1,42;0;1785,312;6,787;8,372;1,586;7,449
2018T2;17;Girona;Cataluña;756522,0;18,531;41,21;20,832;2,6;27,5;80,3;8,89;19173,0;21045,0;17059,0;63,27;55,81;11,8;32943,0;16450,0;104,45;95,373;2,197;126769,76;1492,4;67,66;3,442;17,67;0,143;94,341;4,618;0;1850,714;7,035;8,679;1,644;7,722
2018T3;17;Girona;Cataluña;756522,0;18,531;41,21;20,832;2,6;27,5;80,3;8,89;19173,0;21045,0;17059,0;63,61;57,92;8,94;32943,0;16450,0;104,63;92,553;2,167;122595,11;1483,1;69,239;3,597;16,13;0,362;112,517;7,933;0;1893,904;7,199;8,882;1,682;7,902
2018T4;17;Girona;Cataluña;756522,0;18,531;41,21;20,832;2,6;27,5;80,3;8,89;19173,0;21045,0;17059,0;62,19;55,47;10,8;32943,0;16450,0;105,4;96,513;2,26;127058,86;1533,2;69,634;3,524;14,78;0,883;50,523;2,075;0;1904,709;7,241;8,932;1,692;7,947
2019T1;17;Girona;Cataluña;765476,0;18,634;41,14;20,948;2,6;27,5;79,5;11,56;19839,0;21711,0;17726,0;62,4;54,04;13,39;34301,0;17150,0;103,88;92,79;2,37;131328,11;1533,2;70,235;3,758;14,6;0,796;37,741;1,266;0;1921,148;7,079;8,67;1,591;7,747
2019T2;17;Girona;Cataluña;765476,0;18,634;41,14;20,948;2,6;27,5;79,5;11,56;19839,0;21711,0;17726,0;63,24;56,62;10,46;34301,0;17150,0;105,41;96,067;2,35;126239,81;1525,3;71,169;3,672;14,83;0,796;96,936;4,893;0;1946,696;7,173;8,786;1,613;7,85
2019T3;17;Girona;Cataluña;765476,0;18,634;41,14;20,948;2,6;27,5;79,5;11,56;19839,0;21711,0;17726,0;63,64;58,55;8,01;34301,0;17150,0;104,98;93,19;2,153;110153,95;1522,3;72,473;3,532;15,61;0,837;114,527;7,974;0;1982,364;7,305;8,947;1,642;7,994
2019T4;17;Girona;Cataluña;765476,0;18,634;41,14;20,948;2,6;27,5;79,5;11,56;19839,0;21711,0;17726,0;62,63;56,7;9,47;34301,0;17150,0;105,9;96,93;1,99;128948,46;1550,6;71,981;3,284;17,06;0,606;52,231;2,073;0;1968,907;7,255;8,886;1,631;7,94
2020T1;17;Girona;Cataluña;776698,0;18,799;40,99;21,089;2,6;27,7;79,7;4,89;19614,0;21384,0;17601,0;61,89;55,23;10,77;34212,0;17150,0;104,64;92,617;2,03;130015,1;1548,1;72,464;3,583;14,84;0,749;29,731;0,849;0;1982,118;7,415;9,009;1,594;8,085
2020T2;17;Girona;Cataluña;776698,0;18,799;40,99;21,089;2,6;27,7;79,7;4,89;19614,0;21384,0;17601,0;60,19;51,41;14,58;34212,0;17150,0;104,02;93,307;1,907;133161,89;1500,7;72,823;1,996;16,0;0,538;6,377;0,143;0;1991,938;7,452;9,054;1,602;8,125
2020T3;17;Girona;Cataluña;776698,0;18,799;40,99;21,089;2,6;27,7;79,7;4,89;19614,0;21384,0;17601,0;61,73;54,49;11,73;34212,0;17150,0;103,84;92,713;1,937;144790,05;1536,1;73,729;2,956;15,37;0,482;78,608;3,13;0;2016,72;7,545;9,166;1,622;8,226
2020T4;17;Girona;Cataluña;776698,0;18,799;40,99;21,089;2,6;27,7;79,7;4,89;19614,0;21384,0;17601,0;60,86;52,75;13,33;34212,0;17150,0;104,38;97,763;1,8;142417,49;1534,9;72,699;3,359;16,94;0,838;21,1;0,348;0;1988,546;7,439;9,038;1,599;8,111
2021T1;17;Girona;Cataluña;784941,0;18,775;41,05;21,265;2,6;28,0;79,5;3,39;20691,0;22527,0;18619,0;61,07;51,91;15,0;35585,0;17850,0;104,95;94,957;1,72;140471,94;1527,8;73,346;3,756;15,98;1,033;16,636;0,257;0;2006,244;7,125;8,62;1,495;7,757
2021T2;17;Girona;Cataluña;784941,0;18,775;41,05;21,265;2,6;28,0;79,5;3,39;20691,0;22527,0;18619,0;62,74;53,65;14,49;35585,0;17850,0;107,05;100,28;1,62;133265,89;1580,7;75,188;3,516;16,05;0,939;48,416;1,316;0;2056,628;7,304;8,837;1,533;7,952
2021T3;17;Girona;Cataluña;784941,0;18,775;41,05;21,265;2,6;28,0;79,5;3,39;20691,0;22527,0;18619,0;63,42;56,31;11,21;35585,0;17850,0;107,62;99,757;1,593;149277,03;1584,8;76,151;4,439;16,62;1,032;96,228;5,248;0;2082,969;7,397;8,95;1,553;8,054
2021T4;17;Girona;Cataluña;784941,0;18,775;41,05;21,265;2,6;28,0;79,5;3,39;20691,0;22527,0;18619,0;62,41;55,42;11,2;35585,0;17850,0;110,98;105,007;1,543;139430,95;1639,4;77,111;4,255;17,6;0,944;40,52;1,496;0;2109,228;7,49;9,063;1,572;8,155
2022T1;17;Girona;Cataluña;790432,0;18,83;40,9;21,604;2,6;28,1;79,3;21,82;21836,0;23726,0;19717,0;61,85;55,34;10,52;37444,0;18550,0;113,75;105,46;1,597;145498,79;1689,6;79,001;4,537;18,27;0,924;30,366;1,005;0;2160,926;7,286;8,768;1,481;7,917
2022T2;17;Girona;Cataluña;790432,0;18,83;40,9;21,604;2,6;28,1;79,3;21,82;21836,0;23726,0;19717,0;63,93;58,4;8,65;37444,0;18550,0;117,56;114,52;1,737;147125,16;1686,0;80,612;4,651;16,73;0,843;88,376;4,038;0;2204,992;7,435;8,947;1,512;8,078
2022T3;17;Girona;Cataluña;790432,0;18,83;40,9;21,604;2,6;28,1;79,3;21,82;21836,0;23726,0;19717,0;62,69;57,87;7,68;37444,0;18550,0;119,24;110,537;2,143;143042,88;1667,4;82,337;5,193;16,05;0,65;108,284;7,346;0;2252,176;7,594;9,138;1,544;8,251
2022T4;17;Girona;Cataluña;790432,0;18,83;40,9;21,604;2,6;28,1;79,3;21,82;21836,0;23726,0;19717,0;61,94;56,38;8,98;37444,0;18550,0;118,6;115,007;2,867;156153,37;1671,4;81,322;4,603;16,19;0,834;45,866;1,842;0;2224,412;7,5;9,025;1,525;8,15
2023T1;17;Girona;Cataluña;808672,0;19,218;40,67;21,627;2,6;28,2;79,0;14,55;22947,0;24831,0;20839,0;61,12;54,07;11,53;40105,0;19950,0;119,38;112,827;3,593;152784,04;1724,9;81,755;4,781;16,32;0,995;33,002;1,171;0;2236,256;7,205;8,585;1,38;7,796
2023T2;17;Girona;Cataluña;808672,0;19,218;40,67;21,627;2,6;28,2;79,0;14,55;22947,0;24831,0;20839,0;61,06;55,12;9,73;40105,0;19950,0;120,73;116,6;3,887;138461,86;1751,5;83,186;4,478;16,07;0,862;93,363;4,631;0;2275,399;7,331;8,735;1,404;7,933
2023T3;17;Girona;Cataluña;808672,0;19,218;40,67;21,627;2,6;28,2;79,0;14,55;22947,0;24831,0;20839,0;62,55;56,75;9,28;40105,0;19950,0;122,08;112,777;4,057;141529,06;1762,8;85,449;3,936;16,46;1,219;108,387;7,44;0;2337,299;7,53;8,973;1,443;8,149
2023T4;17;Girona;Cataluña;808672,0;19,218;40,67;21,627;2,6;28,2;79,0;14,55;22947,0;24831,0;20839,0;59,37;53,85;9,29;40105,0;19950,0;122,24;117,607;4,03;144439,45;1775,9;84,193;3,756;17,71;0,892;46,918;2,09;0;2302,943;7,42;8,841;1,421;8,029
2024T1;17;Girona;Cataluña;821108,0;19,218;40,67;21,627;2,6;28,2;79,0;11,27;24017,0;25911,0;21898,0;61,03;53,42;12,47;40105,0;19950,0;122,86;113,317;3,693;151572,41;1800,8;86,345;4,193;18,04;1,258;35,352;1,267;1;2361,807;7,292;8,628;1,336;7,867
2024T2;17;Girona;Cataluña;821108,0;19,218;40,67;21,627;2,6;28,2;79,0;11,27;24017,0;25911,0;21898,0;62,11;55,87;10,05;40105,0;19950,0;124,67;117,41;3,55;141094,76;1833,6;88,741;3,802;23,38;0,837;92,546;4,669;1;2427,345;7,494;8,868;1,373;8,085
2024T3;17;Girona;Cataluña;821108,0;19,218;40,67;21,627;2,6;28,2;79,0;11,27;24017,0;25911,0;21898,0;61,43;56,74;7,63;40105,0;19950,0;124,51;114,163;3,45;150292,26;1828,1;91,222;4,358;22,75;1,027;106,418;7,62;1;2495,208;7,704;9,116;1,412;8,311
2024T4;17;Girona;Cataluña;821108,0;19,218;40,67;21,627;2,6;28,2;79,0;11,27;24017,0;25911,0;21898,0;60,16;55,52;7,72;40105,0;19950,0;125,1;118,19;3,167;155590,82;1886,9;92,959;4,216;20,74;0,779;47,141;1,983;1;2542,721;7,851;9,289;1,439;8,47
2015T1;18;Granada;Andalucía;917546,0;21,378;40,23;19,364;2,6;29,3;93,7;-0,68;14794,0;16153,0;13192,0;58,97;38,86;34,1;23018,0;11550,0;98,89;90,33;2,613;82651,6;1065,1;53,938;1,927;35,75;0,335;33,303;1,311;0;1032,756;5,115;6,263;1,148;5,585
2015T2;18;Granada;Andalucía;917546,0;21,378;40,23;19,364;2,6;29,3;93,7;-0,68;14794,0;16153,0;13192,0;58,56;40,33;31,12;23018,0;11550,0;100,96;93,72;2,507;78468,44;1072,9;56,15;1,826;25,55;0,294;34,722;1,618;0;1075,109;5,325;6,52;1,195;5,814
2015T3;18;Granada;Andalucía;917546,0;21,378;40,23;19,364;2,6;29,3;93,7;-0,68;14794,0;16153,0;13192,0;58,01;40,76;29,73;23018,0;11550,0;99,74;90,26;2,45;83790,8;1059,9;56,783;1,997;25,55;0,451;35,615;1,856;0;1087,23;5,385;6,593;1,209;5,879
2015T4;18;Granada;Andalucía;917546,0;21,378;40,23;19,364;2,6;29,3;93,7;-0,68;14794,0;16153,0;13192,0;58,22;41,44;28,82;23018,0;11550,0;100,4;92,907;2,427;80377,22;1076,9;56,39;1,803;24,43;0,374;32,159;1,316;0;1079,705;5,347;6,548;1,2;5,839
2016T1;18;Granada;Andalucía;915706,0;20,82;40,66;19,614;2,5;29,6;93,9;0,76;15008,0;16346,0;13441,0;58,48;41,14;29,65;23542,0;11550,0;98,17;88,55;2,33;83609,84;1082,3;56,881;2,072;19,5;0,306;33,799;1,38;0;1089,106;5,33;6,482;1,152;5,805
2016T2;18;Granada;Andalucía;915706,0;20,82;40,66;19,614;2,5;29,6;93,9;0,76;15008,0;16346,0;13441,0;59,77;40,56;32,14;23542,0;11550,0;100,04;92,68;2,323;83086,51;1082,3;57,602;2,148;20,08;0,4;34,643;1,606;0;1102,911;5,398;6,564;1,167;5,879
2016T3;18;Granada;Andalucía;915706,0;20,82;40,66;19,614;2,5;29,6;93,9;0,76;15008,0;16346,0;13441,0;58,07;41,19;29,07;23542,0;11550,0;99,52;89,743;2,367;86387,69;1070,1;57,552;2,088;18,46;0,282;35,273;1,892;0;1101,954;5,393;6,559;1,166;5,874
2016T4;18;Granada;Andalucía;915706,0;20,82;40,66;19,614;2,5;29,6;93,9;0,76;15008,0;16346,0;13441,0;58,35;41,49;28,89;23542,0;11550,0;101,24;93,203;2,273;82792,75;1089,9;57,569;1,823;17,08;0,373;32,689;1,448;0;1102,279;5,395;6,561;1,166;5,876
2017T1;18;Granada;Andalucía;914780,0;20,323;40,95;19,959;2,5;29,6;93,7;2,22;15195,0;16569,0;13596,0;58,6;43,56;25,66;24216,0;12250,0;100,51;90,093;2,237;91760,15;1050,7;58,076;2,386;17,45;0,676;32,854;1,343;0;1111,987;5,369;6,543;1,174;5,854
2017T2;18;Granada;Andalucía;914780,0;20,323;40,95;19,959;2,5;29,6;93,7;2,22;15195,0;16569,0;13596,0;58,58;44,17;24,61;24216,0;12250,0;101,69;93,773;2,17;87744,25;1083,9;58,983;2,609;19,23;0,635;34,529;1,754;0;1129,353;5,453;6,645;1,192;5,946
2017T3;18;Granada;Andalucía;914780,0;20,323;40,95;19,959;2,5;29,6;93,7;2,22;15195,0;16569,0;13596,0;58,26;42,56;26,95;24216,0;12250,0;100,99;91,133;2,217;86653,15;1054,6;59,674;2,547;18,11;0,401;34,942;1,949;0;1142,584;5,517;6,723;1,206;6,016
2017T4;18;Granada;Andalucía;914780,0;20,323;40,95;19,959;2,5;29,6;93,7;2,22;15195,0;16569,0;13596,0;57,45;42,59;25,87;24216,0;12250,0;102,9;94,803;2,153;85829,22;1084,4;60,148;2,483;19,64;0,379;31,391;1,426;0;1151,66;5,561;6,776;1,216;6,063
2018T1;18;Granada;Andalucía;915140,0;20,008;41,11;20,291;2,5;30,0;93,3;4,25;15714,0;17113,0;14094,0;57,53;43,03;25,21;25190,0;12250,0;101,75;91,97;2,227;94435,97;1094,0;60,438;2,819;20,89;0,361;33,756;1,501;0;1157,212;5,41;6,569;1,159;5,891
2018T2;18;Granada;Andalucía;915140,0;20,008;41,11;20,291;2,5;30,0;93,3;4,25;15714,0;17113,0;14094,0;56,34;42,93;23,81;25190,0;12250,0;103,81;95,373;2,197;88123,85;1094,6;61,785;2,888;15,06;0,445;35,755;1,76;0;1183,003;5,53;6,715;1,185;6,023
2018T3;18;Granada;Andalucía;915140,0;20,008;41,11;20,291;2,5;30,0;93,3;4,25;15714,0;17113,0;14094,0;57,79;43,62;24,53;25190,0;12250,0;103,51;92,553;2,167;94365,35;1100,5;62,889;2,914;17,44;0,538;36,091;2,023;0;1204,142;5,629;6,835;1,206;6,13
2018T4;18;Granada;Andalucía;915140,0;20,008;41,11;20,291;2,5;30,0;93,3;4,25;15714,0;17113,0;14094,0;55,98;43,42;22,44;25190,0;12250,0;104,72;96,513;2,26;93311,39;1124,4;63,535;2,601;18,53;0,397;33,734;1,583;0;1216,511;5,687;6,905;1,218;6,193
2019T1;18;Granada;Andalucía;916879,0;19,823;41,22;20,625;2,5;30,1;92,9;6,56;16585,0;17991,0;14947,0;55,71;43,63;21,67;26342,0;12950,0;102,85;92,79;2,37;96545,7;1119,7;64,023;2,974;17,16;0,442;34,06;1,555;0;1225,855;5,451;6,561;1,11;5,913
2019T2;18;Granada;Andalucía;916879,0;19,823;41,22;20,625;2,5;30,1;92,9;6,56;16585,0;17991,0;14947,0;57,16;43,44;24,0;26342,0;12950,0;104,59;96,067;2,35;88584,8;1126,8;65,216;2,999;21,49;0,469;36,065;1,929;0;1248,697;5,553;6,683;1,131;6,023
2019T3;18;Granada;Andalucía;916879,0;19,823;41,22;20,625;2,5;30,1;92,9;6,56;16585,0;17991,0;14947,0;56,17;42,98;23,49;26342,0;12950,0;103,58;93,19;2,153;94616,71;1116,3;66,605;2,776;20,2;0,665;36,549;2,119;0;1275,292;5,671;6,826;1,155;6,152
2019T4;18;Granada;Andalucía;916879,0;19,823;41,22;20,625;2,5;30,1;92,9;6,56;16585,0;17991,0;14947,0;55,54;44,61;19,68;26342,0;12950,0;104,88;96,93;1,99;92965,85;1114,7;66,17;2,59;20,34;0,789;32,822;1,593;0;1266,963;5,634;6,781;1,147;6,111
2020T1;18;Granada;Andalucía;921966,0;19,681;41,28;20,923;2,5;30,3;92,7;5,06;16610,0;17850,0;15156,0;54,13;43,8;19,08;26373,0;12950,0;103,32;92,617;2,03;96975,93;1108,2;66,665;2,818;19,17;0,361;29,854;1,224;0;1276,441;5,721;6,738;1,017;6,148
2020T2;18;Granada;Andalucía;921966,0;19,681;41,28;20,923;2,5;30,3;92,7;5,06;16610,0;17850,0;15156,0;51,96;38,85;25,24;26373,0;12950,0;103,88;93,307;1,907;90728,47;1101,4;66,762;1,586;19,02;0,528;3,807;0,041;0;1278,298;5,729;6,747;1,018;6,157
2020T3;18;Granada;Andalucía;921966,0;19,681;41,28;20,923;2,5;30,3;92,7;5,06;16610,0;17850,0;15156,0;54,09;40,06;25,94;26373,0;12950,0;103,31;92,713;1,937;99182,37;1107,9;67,435;2,651;21,6;0,441;24,562;0,724;0;1291,184;5,787;6,815;1,029;6,219
2020T4;18;Granada;Andalucía;921966,0;19,681;41,28;20,923;2,5;30,3;92,7;5,06;16610,0;17850,0;15156,0;55,52;41,73;24,84;26373,0;12950,0;104,31;97,763;1,8;100098,46;1117,8;67,267;2,617;18,36;1,101;15,618;0,231;0;1287,968;5,772;6,798;1,026;6,203
2021T1;18;Granada;Andalucía;925046,0;19,626;41,41;21,09;2,5;30,8;92,5;2,67;17671,0;19048,0;16084,0;56,21;42,74;23,96;27748,0;14350,0;103,94;94,957;1,72;96387,01;1128,2;67,099;2,994;22,35;0,33;15,848;0,199;0;1284,751;5,396;6,39;0,994;5,816
2021T2;18;Granada;Andalucía;925046,0;19,626;41,41;21,09;2,5;30,8;92,5;2,67;17671,0;19048,0;16084,0;57,55;44,08;23,41;27748,0;14350,0;106,46;100,28;1,62;102252,99;1114,5;69,143;3,151;19,25;0,608;19,34;0,457;0;1323,888;5,56;6,585;1,025;5,993
2021T3;18;Granada;Andalucía;925046,0;19,626;41,41;21,09;2,5;30,8;92,5;2,67;17671,0;19048,0;16084,0;57,14;44,24;22,57;27748,0;14350,0;106,55;99,757;1,593;103626,05;1130,6;71,51;3,535;18,78;0,411;29,606;1,408;0;1369,209;5,751;6,81;1,06;6,199
2021T4;18;Granada;Andalucía;925046,0;19,626;41,41;21,09;2,5;30,8;92,5;2,67;17671,0;19048,0;16084,0;57,36;45,56;20,58;27748,0;14350,0;110,14;105,007;1,543;103796,3;1165,5;72,659;3,337;23,45;0,679;28,945;1,155;0;1391,209;5,843;6,92;1,077;6,298
2022T1;18;Granada;Andalucía;926019,0;19,487;41,33;21,521;2,5;31,2;91,9;9,15;18658,0;20161,0;16952,0;56,51;45,6;19,31;29113,0;15050,0;112,05;105,46;1,597;103683,34;1200,4;74,402;3,73;24,9;0,376;29,664;1,069;0;1424,582;5,653;6,723;1,07;6,108
2022T2;18;Granada;Andalucía;926019,0;19,487;41,33;21,521;2,5;31,2;91,9;9,15;18658,0;20161,0;16952,0;58,21;45,24;22,27;29113,0;15050,0;116,27;114,52;1,737;106283,68;1209,9;76,202;3,607;18,77;0,487;33,272;1,533;0;1459,047;5,79;6,886;1,096;6,256
2022T3;18;Granada;Andalucía;926019,0;19,487;41,33;21,521;2,5;31,2;91,9;9,15;18658,0;20161,0;16952,0;58,17;45,03;22,59;29113,0;15050,0;117,47;110,537;2,143;107893,31;1197,2;77,432;4,09;19,99;0,353;34,454;1,749;0;1482,598;5,883;6,997;1,114;6,357
2022T4;18;Granada;Andalucía;926019,0;19,487;41,33;21,521;2,5;31,2;91,9;9,15;18658,0;20161,0;16952,0;56,77;45,61;19,66;29113,0;15050,0;118,03;115,007;2,867;113292,04;1229,5;77,353;3,526;22,6;1,051;30,314;1,279;0;1481,085;5,877;6,99;1,113;6,35
2023T1;18;Granada;Andalucía;934072,0;19,547;41,16;21,905;2,4;31,5;91,5;7,27;19687,0;21309,0;17862,0;57,48;45,84;20,24;31314,0;15750,0;118,23;112,827;3,593;100772,28;1225,3;77,521;3,611;23,27;0,793;30,148;1,265;0;1484,302;5,572;6,648;1,075;6,032
2023T2;18;Granada;Andalucía;934072,0;19,547;41,16;21,905;2,4;31,5;91,5;7,27;19687,0;21309,0;17862,0;58,22;47,47;18,48;31314,0;15750,0;120,22;116,6;3,887;108163,67;1243,7;79,633;3,502;20,12;0,423;32,943;1,544;0;1524,741;5,724;6,829;1,105;6,196
2023T3;18;Granada;Andalucía;934072,0;19,547;41,16;21,905;2,4;31,5;91,5;7,27;19687,0;21309,0;17862,0;59,73;46,76;21,71;31314,0;15750,0;121,01;112,777;4,057;106540,45;1253,3;81,928;3,219;18,76;0,568;34,312;1,752;0;1568,683;5,889;7,026;1,137;6,374
2023T4;18;Granada;Andalucía;934072,0;19,547;41,16;21,905;2,4;31,5;91,5;7,27;19687,0;21309,0;17862,0;58,2;45,63;21,6;31314,0;15750,0;122,0;117,607;4,03;106466,39;1281,1;81,449;2,875;19,74;0,668;31,186;1,379;0;1559,512;5,855;6,985;1,13;6,337
2024T1;18;Granada;Andalucía;939741,0;19,547;41,16;21,905;2,4;31,5;91,5;7,94;20584,0;22274,0;18688,0;56,98;44,21;22,41;31314,0;15750,0;122,32;113,317;3,693;107687,04;1285,3;83,656;3,227;21,99;0,543;31,887;1,41;1;1601,77;5,753;6,857;1,104;6,225
2024T2;18;Granada;Andalucía;939741,0;19,547;41,16;21,905;2,4;31,5;91,5;7,94;20584,0;22274,0;18688,0;56,58;44,58;21,2;31314,0;15750,0;124,37;117,41;3,55;108500,0;1322,0;87,224;3,554;24,82;0,508;34,204;1,659;1;1670,086;5,998;7,149;1,151;6,491
2024T3;18;Granada;Andalucía;939741,0;19,547;41,16;21,905;2,4;31,5;91,5;7,94;20584,0;22274,0;18688,0;56,09;43,67;22,14;31314,0;15750,0;123,5;114,163;3,45;113993,5;1343,5;90,574;3,92;23,32;0,581;34,638;1,807;1;1734,229;6,229;7,424;1,195;6,74
2024T4;18;Granada;Andalucía;939741,0;19,547;41,16;21,905;2,4;31,5;91,5;7,94;20584,0;22274,0;18688,0;56,09;44,88;19,99;31314,0;15750,0;124,83;118,19;3,167;117075,35;1389,2;92,35;3,62;21,72;0,831;31,431;1,457;1;1768,234;6,351;7,569;1,219;6,872
2015T1;19;Guadalajara;Castilla - La Mancha;254458,0;20,001;41,55;18,616;2,6;29,8;87,8;-0,69;19742,0;22262,0;16555,0;66,18;52,81;20,2;28449,0;15050,0;99,12;90,33;2,613;79847,18;1017,1;69,067;2,523;35,51;0,436;16,591;0,324;0;1004,583;3,61;4,855;1,244;4,071
2015T2;19;Guadalajara;Castilla - La Mancha;254458,0;20,001;41,55;18,616;2,6;29,8;87,8;-0,69;19742,0;22262,0;16555,0;64,93;52,85;18,6;28449,0;15050,0;100,72;93,72;2,507;82470,59;1007,4;70,506;2,185;35,97;0,295;17,812;0,434;0;1025,513;3,685;4,956;1,27;4,156
2015T3;19;Guadalajara;Castilla - La Mancha;254458,0;20,001;41,55;18,616;2,6;29,8;87,8;-0,69;19742,0;22262,0;16555,0;66,68;53,95;19,09;28449,0;15050,0;99,86;90,26;2,45;87107,95;1025,7;70,161;2,252;27,05;0,413;17,869;0,422;0;1020,495;3,667;4,931;1,264;4,135
2015T4;19;Guadalajara;Castilla - La Mancha;254458,0;20,001;41,55;18,616;2,6;29,8;87,8;-0,69;19742,0;22262,0;16555,0;66,65;53,79;19,29;28449,0;15050,0;100,3;92,907;2,427;88135,14;1024,0;70,375;2,016;25,93;0,283;17,789;0,421;0;1023,608;3,678;4,946;1,268;4,148
2016T1;19;Guadalajara;Castilla - La Mancha;254191,0;19,14;42,12;18,806;2,5;29,9;88,0;1,96;19683,0;22266,0;16467,0;65,43;53,78;17,8;29080,0;15050,0;98,43;88,55;2,33;88736,62;989,7;70,088;2,616;29,47;1,043;17,482;0,348;0;1019,434;3,663;4,953;1,29;4,143
2016T2;19;Guadalajara;Castilla - La Mancha;254191,0;19,14;42,12;18,806;2,5;29,9;88,0;1,96;19683,0;22266,0;16467,0;65,23;53,98;17,24;29080,0;15050,0;99,81;92,68;2,323;93839,66;1021,9;70,919;2,585;25,72;1,31;18,077;0,474;0;1031,521;3,706;5,011;1,305;4,193
2016T3;19;Guadalajara;Castilla - La Mancha;254191,0;19,14;42,12;18,806;2,5;29,9;88,0;1,96;19683,0;22266,0;16467,0;64,51;52,73;18,26;29080,0;15050,0;99,62;89,743;2,367;91225,56;1027,1;71,065;2,172;21,56;0,334;18,358;0,535;0;1033,644;3,714;5,022;1,308;4,201
2016T4;19;Guadalajara;Castilla - La Mancha;254191,0;19,14;42,12;18,806;2,5;29,9;88,0;1,96;19683,0;22266,0;16467,0;65,71;53,98;17,85;29080,0;15050,0;101,15;93,203;2,273;89188,14;1017,1;70,383;2,077;18,18;0,323;18,221;0,481;0;1023,724;3,678;4,973;1,295;4,161
2017T1;19;Guadalajara;Castilla - La Mancha;255242,0;18,62;42,52;18,949;2,6;29,7;87,8;3,23;19854,0;22528,0;16581,0;64,45;53,33;17,25;29862,0;15750,0;101,09;90,093;2,237;89574,07;1044,5;71,215;2,574;20,85;0,882;17,009;0,374;0;1035,826;3,678;4,998;1,319;4,174
2017T2;19;Guadalajara;Castilla - La Mancha;255242,0;18,62;42,52;18,949;2,6;29,7;87,8;3,23;19854,0;22528,0;16581,0;64,0;54,13;15,43;29862,0;15750,0;101,77;93,773;2,17;97224,76;1046,7;71,455;2,974;21,74;0,682;17,672;0,548;0;1039,317;3,691;5,014;1,324;4,188
2017T3;19;Guadalajara;Castilla - La Mancha;255242,0;18,62;42,52;18,949;2,6;29,7;87,8;3,23;19854,0;22528,0;16581,0;63,66;55,72;12,47;29862,0;15750,0;101,33;91,133;2,217;100159,45;1058,5;71,186;2,778;16,36;0,454;17,169;0,488;0;1035,404;3,677;4,996;1,319;4,172
2017T4;19;Guadalajara;Castilla - La Mancha;255242,0;18,62;42,52;18,949;2,6;29,7;87,8;3,23;19854,0;22528,0;16581,0;64,68;57,9;10,48;29862,0;15750,0;102,86;94,803;2,153;93911,5;1063,6;70,685;3,056;23,33;0,576;17,125;0,445;0;1028,117;3,651;4,96;1,309;4,143
2018T1;19;Guadalajara;Castilla - La Mancha;256247,0;18,311;42,67;19,206;2,5;29,9;87,3;8,18;20523,0;23249,0;17238,0;64,63;56,28;12,92;31083,0;16450,0;102,19;91,97;2,227;107589,02;1080,1;71,692;2,818;18,28;1,311;16,044;0,384;0;1042,764;3,588;4,839;1,251;4,065
2018T2;19;Guadalajara;Castilla - La Mancha;256247,0;18,311;42,67;19,206;2,5;29,9;87,3;8,18;20523,0;23249,0;17238,0;65,72;58,49;10,99;31083,0;16450,0;103,52;95,373;2,197;100817,14;1065,2;72,509;3,508;20,8;0,796;17,216;0,542;0;1054,647;3,629;4,895;1,265;4,111
2018T3;19;Guadalajara;Castilla - La Mancha;256247,0;18,311;42,67;19,206;2,5;29,9;87,3;8,18;20523,0;23249,0;17238,0;67,03;60,2;10,19;31083,0;16450,0;103,39;92,553;2,167;112730,39;1083,9;73,467;3,618;28,26;1,709;17,35;0,562;0;1068,581;3,677;4,959;1,282;4,165
2018T4;19;Guadalajara;Castilla - La Mancha;256247,0;18,311;42,67;19,206;2,5;29,9;87,3;8,18;20523,0;23249,0;17238,0;67,85;59,92;11,69;31083,0;16450,0;104,32;96,513;2,26;98537,11;1094,0;73,575;3,22;27,52;1,069;16,703;0,483;0;1070,152;3,682;4,966;1,284;4,172
2019T1;19;Guadalajara;Castilla - La Mancha;259266,0;18,123;42,8;19,376;2,6;29,7;86,5;8,81;21128,0;23852,0;17877,0;66,64;59,13;11,26;32329,0;17150,0;103,07;92,79;2,37;103428,76;1111,3;74,646;3,591;36,84;0,702;15,748;0,391;0;1085,73;3,642;4,859;1,217;4,111
2019T2;19;Guadalajara;Castilla - La Mancha;259266,0;18,123;42,8;19,376;2,6;29,7;86,5;8,81;21128,0;23852,0;17877,0;67,9;60,06;11,55;32329,0;17150,0;104,39;96,067;2,35;99323,94;1099,3;75,333;3,325;24,71;1,724;16,845;0,533;0;1095,722;3,675;4,903;1,228;4,149
2019T3;19;Guadalajara;Castilla - La Mancha;259266,0;18,123;42,8;19,376;2,6;29,7;86,5;8,81;21128,0;23852,0;17877,0;66,54;58,29;12,4;32329,0;17150,0;103,58;93,19;2,153;106516,61;1116,0;75,741;2,893;26,53;0,521;16,741;0,51;0;1101,657;3,695;4,93;1,235;4,171
2019T4;19;Guadalajara;Castilla - La Mancha;259266,0;18,123;42,8;19,376;2,6;29,7;86,5;8,81;21128,0;23852,0;17877,0;66,25;57,39;13,37;32329,0;17150,0;104,52;96,93;1,99;109108,72;1124,6;75,798;3,344;25,61;0,741;16,656;0,468;0;1102,486;3,698;4,934;1,236;4,175
2020T1;19;Guadalajara;Castilla - La Mancha;262985,0;18,089;42,8;19,553;2,5;29,8;86,4;3,73;21102,0;23639,0;18054,0;63,49;55,23;13,02;32431,0;17150,0;103,45;92,617;2,03;108811,83;1115,5;75,411;4,042;36,41;2,023;15,069;0,294;0;1096,857;3,712;4,86;1,148;4,158
2020T2;19;Guadalajara;Castilla - La Mancha;262985,0;18,089;42,8;19,553;2,5;29,8;86,4;3,73;21102,0;23639,0;18054,0;61,1;50,68;17,05;32431,0;17150,0;103,34;93,307;1,907;111828,44;1089,7;76,499;1,844;33,2;0,361;4,936;0,069;0;1112,682;3,766;4,93;1,165;4,218
2020T3;19;Guadalajara;Castilla - La Mancha;262985,0;18,089;42,8;19,553;2,5;29,8;86,4;3,73;21102,0;23639,0;18054,0;62,48;52,83;15,45;32431,0;17150,0;102,8;92,713;1,937;108224,65;1116,4;76,788;2,981;22,58;0,38;15,389;0,345;0;1116,885;3,78;4,949;1,169;4,234
2020T4;19;Guadalajara;Castilla - La Mancha;262985,0;18,089;42,8;19,553;2,5;29,8;86,4;3,73;21102,0;23639,0;18054,0;62,5;53,78;13,96;32431,0;17150,0;103,22;97,763;1,8;108494,23;1132,0;76,702;3,521;28,4;0,472;15,664;0,215;0;1115,635;3,776;4,944;1,168;4,229
2021T1;19;Guadalajara;Castilla - La Mancha;265969,0;18,1;43,12;19,406;2,5;30,3;86,1;3,63;21904,0;24597,0;18719,0;61,16;52,51;14,14;33609,0;17850,0;103,87;94,957;1,72;109811,72;1108,7;75,622;4,17;31,02;0,94;13,505;0,155;0;1099,926;3,577;4,701;1,123;4,017
2021T2;19;Guadalajara;Castilla - La Mancha;265969,0;18,1;43,12;19,406;2,5;30,3;86,1;3,63;21904,0;24597,0;18719,0;60,82;51,92;14,64;33609,0;17850,0;106,09;100,28;1,62;115829,02;1117,8;78,319;3,485;21,79;1,598;14,928;0,306;0;1139,154;3,705;4,868;1,163;4,161
2021T3;19;Guadalajara;Castilla - La Mancha;265969,0;18,1;43,12;19,406;2,5;30,3;86,1;3,63;21904,0;24597,0;18719,0;61,62;54,85;10,99;33609,0;17850,0;106,83;99,757;1,593;116566,24;1143,7;79,089;4,376;22,08;1,241;15,504;0,444;0;1150,354;3,741;4,916;1,175;4,201
2021T4;19;Guadalajara;Castilla - La Mancha;265969,0;18,1;43,12;19,406;2,5;30,3;86,1;3,63;21904,0;24597,0;18719,0;59,35;52,69;11,22;33609,0;17850,0;110,45;105,007;1,543;118101,24;1137,3;79,766;4,598;28,7;1,139;15,486;0,396;0;1160,201;3,773;4,958;1,185;4,237
2022T1;19;Guadalajara;Castilla - La Mancha;268412,0;18,176;43,11;19,684;2,5;30,2;85,4;18,33;23045,0;25863,0;19770,0;60,22;54,17;10,04;35509,0;18550,0;113,41;105,46;1,597;121069,61;1176,2;81,012;4,705;27,95;1,55;13,796;0,306;0;1178,324;3,645;4,768;1,123;4,091
2022T2;19;Guadalajara;Castilla - La Mancha;268412,0;18,176;43,11;19,684;2,5;30,2;85,4;18,33;23045,0;25863,0;19770,0;62,6;55,32;11,64;35509,0;18550,0;117,62;114,52;1,737;122506,59;1191,8;83,044;3,837;18,74;0,853;15,166;0,517;0;1207,879;3,736;4,888;1,151;4,193
2022T3;19;Guadalajara;Castilla - La Mancha;268412,0;18,176;43,11;19,684;2,5;30,2;85,4;18,33;23045,0;25863,0;19770,0;63,26;55,56;12,17;35509,0;18550,0;119,21;110,537;2,143;119060,83;1230,4;84,289;4,113;17,93;1,744;14,876;0,515;0;1225,988;3,792;4,961;1,169;4,256
2022T4;19;Guadalajara;Castilla - La Mancha;268412,0;18,176;43,11;19,684;2,5;30,2;85,4;18,33;23045,0;25863,0;19770,0;64,01;57,07;10,84;35509,0;18550,0;119,34;115,007;2,867;121720,07;1239,7;82,979;3,629;25,46;1,162;14,929;0,434;0;1206,934;3,733;4,884;1,151;4,19
2023T1;19;Guadalajara;Castilla - La Mancha;275082,0;18,517;43,07;19,674;2,5;30,4;84,4;14,08;24116,0;26978,0;20808,0;64,34;57,95;9,94;37803,0;19950,0;120,31;112,827;3,593;120123,71;1254,6;82,324;3,352;18,0;1,803;14,327;0,376;0;1197,407;3,551;4,604;1,053;3,972
2023T2;19;Guadalajara;Castilla - La Mancha;275082,0;18,517;43,07;19,674;2,5;30,4;84,4;14,08;24116,0;26978,0;20808,0;64,04;58,13;9,23;37803,0;19950,0;121,61;116,6;3,887;120237,04;1275,6;84,69;3,904;26,35;0,912;15,088;0,476;0;1231,82;3,653;4,736;1,083;4,086
2023T3;19;Guadalajara;Castilla - La Mancha;275082,0;18,517;43,07;19,674;2,5;30,4;84,4;14,08;24116,0;26978,0;20808,0;63,22;56,11;11,24;37803,0;19950,0;122,8;112,777;4,057;122728,19;1285,4;85,161;3,868;20,77;1,687;14,922;0,46;0;1238,671;3,673;4,762;1,089;4,109
2023T4;19;Guadalajara;Castilla - La Mancha;275082,0;18,517;43,07;19,674;2,5;30,4;84,4;14,08;24116,0;26978,0;20808,0;64,79;58,92;9,05;37803,0;19950,0;123,07;117,607;4,03;123585,94;1280,1;84,707;3,468;32,7;1,869;14,678;0,418;0;1232,068;3,654;4,737;1,083;4,087
2024T1;19;Guadalajara;Castilla - La Mancha;280225,0;18,517;43,07;19,674;2,5;30,4;84,4;15,46;25037,0;27889,0;21742,0;62,86;55,69;11,4;37803,0;19950,0;123,57;113,317;3,693;127872,19;1311,7;86,38;4,689;41,4;2,255;14,417;0,343;1;1256,402;3,604;4,623;1,019;4,015
2024T2;19;Guadalajara;Castilla - La Mancha;280225,0;18,517;43,07;19,674;2,5;30,4;84,4;15,46;25037,0;27889,0;21742,0;65,46;57,42;12,28;37803,0;19950,0;125,52;117,41;3,55;126846,64;1342,3;89,16;3,376;22,62;1,713;15,253;0,456;1;1296,837;3,72;4,772;1,052;4,144
2024T3;19;Guadalajara;Castilla - La Mancha;280225,0;18,517;43,07;19,674;2,5;30,4;84,4;15,46;25037,0;27889,0;21742,0;64,61;58,65;9,24;37803,0;19950,0;125,07;114,163;3,45;122154,65;1370,0;91,033;4,282;21,42;0,985;14,409;0,468;1;1324,08;3,798;4,872;1,074;4,231
2024T4;19;Guadalajara;Castilla - La Mancha;280225,0;18,517;43,07;19,674;2,5;30,4;84,4;15,46;25037,0;27889,0;21742,0;64,76;57,9;10,58;37803,0;19950,0;125,21;118,19;3,167;128806,19;1412,2;92,054;4,896;22,16;2,444;15,124;0,475;1;1338,93;3,841;4,927;1,086;4,278
2015T1;21;Huelva;Andalucía;520840,0;21,688;41,35;17,687;2,7;25,6;92,1;-0,32;12512,0;14979,0;9887,0;56,3;40,15;28,69;22595,0;10850,0;99,03;90,33;2,613;77390,1;1059,2;53,938;1,586;30,87;0,463;25,579;0,719;0;1043,749;5,574;8,445;2,871;6,674
2015T2;21;Huelva;Andalucía;520840,0;21,688;41,35;17,687;2,7;25,6;92,1;-0,32;12512,0;14979,0;9887,0;59,79;43,74;26,85;22595,0;10850,0;101,02;93,72;2,507;71287,33;1082,1;56,15;1,693;27,44;0,344;46,65;1,81;0;1086,553;5,803;8,792;2,989;6,947
2015T3;21;Huelva;Andalucía;520840,0;21,688;41,35;17,687;2,7;25,6;92,1;-0,32;12512,0;14979,0;9887,0;56,75;39,24;30,86;22595,0;10850,0;99,64;90,26;2,45;69693,49;1080,5;56,783;1,956;23,85;0,278;54,711;3,558;0;1098,802;5,868;8,891;3,022;7,026
2015T4;21;Huelva;Andalucía;520840,0;21,688;41,35;17,687;2,7;25,6;92,1;-0,32;12512,0;14979,0;9887,0;57,46;38,7;32,65;22595,0;10850,0;100,3;92,907;2,427;83112,9;1098,5;56,39;1,624;25,77;0,188;22,253;0,591;0;1091,197;5,828;8,829;3,001;6,977
2016T1;21;Huelva;Andalucía;520086,0;20,922;41,91;17,963;2,6;25,7;92,2;-0,03;12749,0;15154,0;10217,0;57,18;39,46;30,99;23173,0;11550,0;98,15;88,55;2,33;75471,24;1052,3;56,881;1,748;23,32;0,221;28,026;0,96;0;1100,698;5,811;8,619;2,808;6,907
2016T2;21;Huelva;Andalucía;520086,0;20,922;41,91;17,963;2,6;25,7;92,2;-0,03;12749,0;15154,0;10217,0;56,78;41,66;26,62;23173,0;11550,0;99,84;92,68;2,323;70517,51;1073,7;57,602;2,125;24,8;0,219;50,935;2,001;0;1114,65;5,884;8,728;2,843;6,994
2016T3;21;Huelva;Andalucía;520086,0;20,922;41,91;17,963;2,6;25,7;92,2;-0,03;12749,0;15154,0;10217,0;55,36;38,95;29,64;23173,0;11550,0;99,5;89,743;2,367;75321,06;1065,4;57,552;1,982;19,88;0,39;56,055;3,645;0;1113,683;5,879;8,72;2,841;6,988
2016T4;21;Huelva;Andalucía;520086,0;20,922;41,91;17,963;2,6;25,7;92,2;-0,03;12749,0;15154,0;10217,0;55,57;39,52;28,89;23173,0;11550,0;101,52;93,203;2,273;80042,07;1033,7;57,569;1,825;21,81;0,275;27,688;0,872;0;1114,012;5,881;8,723;2,842;6,99
2017T1;21;Huelva;Andalucía;519144,0;20,312;42,28;18,284;2,6;25,6;91,9;3,52;13069,0;15496,0;10484,0;56,87;41,96;26,22;23936,0;11550,0;101,1;90,093;2,237;77128,96;1041,6;58,076;1,913;21,55;0,605;28,454;0,813;0;1123,823;5,802;8,576;2,774;6,879
2017T2;21;Huelva;Andalucía;519144,0;20,312;42,28;18,284;2,6;25,6;91,9;3,52;13069,0;15496,0;10484,0;57,02;45,28;20,59;23936,0;11550,0;101,88;93,773;2,17;77969,83;1058,5;58,983;2,296;19,97;0,474;52,597;2,27;0;1141,374;5,892;8,709;2,817;6,987
2017T3;21;Huelva;Andalucía;519144,0;20,312;42,28;18,284;2,6;25,6;91,9;3,52;13069,0;15496,0;10484,0;56,02;41,5;25,92;23936,0;11550,0;101,09;91,133;2,217;76797,55;1044,9;59,674;2,323;20,07;0,385;56,919;3,783;0;1154,745;5,962;8,811;2,85;7,069
2017T4;21;Huelva;Andalucía;519144,0;20,312;42,28;18,284;2,6;25,6;91,9;3,52;13069,0;15496,0;10484,0;55,41;42,44;23,4;23936,0;11550,0;102,8;94,803;2,153;77946,75;1079,9;60,148;2,97;27,63;0,262;27,562;0,983;0;1163,918;6,009;8,881;2,873;7,125
2018T1;21;Huelva;Andalucía;520445,0;19,835;42,58;18,62;2,6;26,0;91,4;5,42;13652,0;16171,0;10991,0;56,46;44,05;21,99;25082,0;12250,0;101,7;91,97;2,227;84106,04;1049,5;60,438;2,213;19,36;0,307;25,927;0,846;0;1169,529;5,786;8,513;2,727;6,853
2018T2;21;Huelva;Andalucía;520445,0;19,835;42,58;18,62;2,6;26,0;91,4;5,42;13652,0;16171,0;10991,0;56,04;44,32;20,91;25082,0;12250,0;103,41;95,373;2,197;79477,83;1066,9;61,785;3,107;34,51;0,661;52,406;2,249;0;1195,595;5,915;8,702;2,788;7,006
2018T3;21;Huelva;Andalucía;520445,0;19,835;42,58;18,62;2,6;26,0;91,4;5,42;13652,0;16171,0;10991,0;55,36;40,98;25,98;25082,0;12250,0;103,12;92,553;2,167;79418,41;1061,0;62,889;2,846;23,09;0,309;55,522;3,72;0;1216,958;6,02;8,858;2,837;7,131
2018T4;21;Huelva;Andalucía;520445,0;19,835;42,58;18,62;2,6;26,0;91,4;5,42;13652,0;16171,0;10991,0;54,57;42,13;22,79;25082,0;12250,0;104,39;96,513;2,26;82497,13;1093,6;63,535;2,44;20,32;0,417;26,218;0,955;0;1229,459;6,082;8,949;2,867;7,205
2019T1;21;Huelva;Andalucía;522138,0;19,578;42,72;18,953;2,6;26,1;91,0;7,02;14477,0;17022,0;11762,0;57,83;44,55;22,96;26398,0;12950,0;102,65;92,79;2,37;82071,13;1083,4;64,023;2,836;20,46;0,452;25,353;0,804;0;1238,902;5,823;8,426;2,604;6,846
2019T2;21;Huelva;Andalucía;522138,0;19,578;42,72;18,953;2,6;26,1;91,0;7,02;14477,0;17022,0;11762,0;58,58;47,79;18,41;26398,0;12950,0;104,19;96,067;2,35;83740,32;1072,8;65,216;2,727;21,35;0,226;52,953;2,54;0;1261,988;5,931;8,583;2,652;6,974
2019T3;21;Huelva;Andalucía;522138,0;19,578;42,72;18,953;2,6;26,1;91,0;7,02;14477,0;17022,0;11762,0;56,15;43,33;22,83;26398,0;12950,0;103,09;93,19;2,153;78580,82;1097,3;66,605;2,599;19,68;0,485;55,074;3,824;0;1288,866;6,057;8,766;2,709;7,122
2019T4;21;Huelva;Andalucía;522138,0;19,578;42,72;18,953;2,6;26,1;91,0;7,02;14477,0;17022,0;11762,0;56,57;43,23;23,57;26398,0;12950,0;104,61;96,93;1,99;82505,21;1102,7;66,17;2,679;24,02;0,308;24,245;0,822;0;1280,449;6,018;8,709;2,691;7,076
2020T1;21;Huelva;Andalucía;525333,0;19,388;42,85;19,221;2,6;26,6;90,8;4,4;14670,0;17040,0;12081,0;55,17;44,45;19,42;26542,0;12950,0;103,21;92,617;2,03;80901,84;1080,2;66,665;2,895;18,41;0,225;19,574;0,6;0;1290,027;6,056;8,543;2,486;7,035
2020T2;21;Huelva;Andalucía;525333,0;19,388;42,85;19,221;2,6;26,6;90,8;4,4;14670,0;17040,0;12081,0;52,77;45,46;13,85;26542,0;12950,0;103,54;93,307;1,907;70792,4;1039,4;66,762;1,949;33,79;0,31;2,999;0,064;0;1291,904;6,065;8,555;2,49;7,045
2020T3;21;Huelva;Andalucía;525333,0;19,388;42,85;19,221;2,6;26,6;90,8;4,4;14670,0;17040,0;12081,0;52,94;41,31;21,96;26542,0;12950,0;102,91;92,713;1,937;85300,8;1065,4;67,435;1,974;18,03;0,369;45,594;2,03;0;1304,928;6,126;8,641;2,515;7,116
2020T4;21;Huelva;Andalucía;525333,0;19,388;42,85;19,221;2,6;26,6;90,8;4,4;14670,0;17040,0;12081,0;54,57;39,75;27,16;26542,0;12950,0;103,97;97,763;1,8;83248,53;1076,6;67,267;2,673;22,44;0,289;8,853;0,163;0;1301,677;6,111;8,62;2,509;7,098
2021T1;21;Huelva;Andalucía;527254,0;19,204;42,94;19,587;2,6;27,0;90,3;6,75;15296,0;17704,0;12698,0;52,4;41,63;20,55;27770,0;14350,0;103,68;94,957;1,72;89045,98;1084,5;67,099;2,803;23,68;0,542;5,372;0,09;0;1298,426;5,867;8,18;2,313;6,791
2021T2;21;Huelva;Andalucía;527254,0;19,204;42,94;19,587;2,6;27,0;90,3;6,75;15296,0;17704,0;12698,0;56,38;48,72;13,59;27770,0;14350,0;106,11;100,28;1,62;90275,71;1104,7;69,143;3,183;18,95;0,816;23,521;0,851;0;1337,979;6,046;8,43;2,384;6,998
2021T3;21;Huelva;Andalucía;527254,0;19,204;42,94;19,587;2,6;27,0;90,3;6,75;15296,0;17704,0;12698,0;53,78;39,08;27,33;27770,0;14350,0;106,48;99,757;1,593;90698,68;1119,8;71,51;3,81;24,44;0,554;50,37;3,402;0;1383,782;6,253;8,718;2,465;7,237
2021T4;21;Huelva;Andalucía;527254,0;19,204;42,94;19,587;2,6;27,0;90,3;6,75;15296,0;17704,0;12698,0;55,63;44,48;20,04;27770,0;14350,0;110,17;105,007;1,543;89724,4;1162,0;72,659;3,856;24,35;0,607;17,032;0,583;0;1406,017;6,353;8,858;2,505;7,354
2022T1;21;Huelva;Andalucía;531094,0;19,189;43,02;19,817;2,6;27,3;90,2;7,79;16190,0;18732,0;13459,0;54,54;44,41;18,56;29133,0;15050,0;112,58;105,46;1,597;92757,64;1173,4;74,402;3,698;19,55;0,377;15,754;0,409;0;1439,745;6,149;8,558;2,409;7,114
2022T2;21;Huelva;Andalucía;531094,0;19,189;43,02;19,817;2,6;27,3;90,2;7,79;16190,0;18732,0;13459,0;56,92;49,94;12,27;29133,0;15050,0;116,65;114,52;1,737;95269,34;1137,3;76,202;3,557;16,62;0,395;49,172;2,21;0;1474,577;6,298;8,765;2,467;7,286
2022T3;21;Huelva;Andalucía;531094,0;19,189;43,02;19,817;2,6;27,3;90,2;7,79;16190,0;18732,0;13459,0;54,04;44,61;17,45;29133,0;15050,0;117,99;110,537;2,143;92495,5;1162,4;77,432;3,572;19,56;0,424;54,091;3,632;0;1498,378;6,399;8,906;2,507;7,404
2022T4;21;Huelva;Andalucía;531094,0;19,189;43,02;19,817;2,6;27,3;90,2;7,79;16190,0;18732,0;13459,0;54,61;42,76;21,7;29133,0;15050,0;118,5;115,007;2,867;95509,63;1200,2;77,353;3,419;20,43;0,482;21,513;0,76;0;1496,85;6,393;8,897;2,505;7,396
2023T1;21;Huelva;Andalucía;534084,0;19,201;42,98;20,106;2,5;27,6;89,8;6,16;17143,0;19815,0;14274,0;54,5;44,51;18,32;31066,0;15750,0;119,27;112,827;3,593;88004,04;1199,0;77,521;3,305;18,02;0,406;19,019;0,473;0;1500,101;6,056;8,407;2,351;7,0
2023T2;21;Huelva;Andalucía;534084,0;19,201;42,98;20,106;2,5;27,6;89,8;6,16;17143,0;19815,0;14274,0;58,58;49,72;15,12;31066,0;15750,0;120,81;116,6;3,887;91238,74;1198,2;79,633;3,159;17,72;0,253;48,997;2,176;0;1540,97;6,221;8,637;2,415;7,191
2023T3;21;Huelva;Andalucía;534084,0;19,201;42,98;20,106;2,5;27,6;89,8;6,16;17143,0;19815,0;14274,0;56,83;45,64;19,7;31066,0;15750,0;121,85;112,777;4,057;93609,06;1199,2;81,928;3,176;22,46;0,311;53,922;3,595;0;1585,38;6,401;8,885;2,485;7,398
2023T4;21;Huelva;Andalucía;534084,0;19,201;42,98;20,106;2,5;27,6;89,8;6,16;17143,0;19815,0;14274,0;56,73;45,29;20,17;31066,0;15750,0;122,61;117,607;4,03;94612,41;1237,4;81,449;2,97;20,3;0,393;21,544;0,835;0;1576,111;6,363;8,833;2,47;7,355
2024T1;21;Huelva;Andalucía;535734,0;19,201;42,98;20,106;2,5;27,6;89,8;8,46;18012,0;20654,0;15164,0;56,01;46,29;17,35;31066,0;15750,0;123,13;113,317;3,693;100509,64;1271,8;83,656;3,145;26,94;0,36;20,8;0,731;1;1618,818;6,27;8,54;2,27;7,19
2024T2;21;Huelva;Andalucía;535734,0;19,201;42,98;20,106;2,5;27,6;89,8;8,46;18012,0;20654,0;15164,0;55,55;48,8;12,16;31066,0;15750,0;125,13;117,41;3,55;93432,36;1266,3;87,224;3,392;21,79;0,437;49,234;2,334;1;1687,862;6,538;8,905;2,367;7,497
2024T3;21;Huelva;Andalucía;535734,0;19,201;42,98;20,106;2,5;27,6;89,8;8,46;18012,0;20654,0;15164,0;54,71;46,81;14,44;31066,0;15750,0;124,2;114,163;3,45;97391,6;1258,2;90,574;3,476;20,78;0,728;54,411;3,631;1;1752,688;6,789;9,247;2,458;7,785
2024T4;21;Huelva;Andalucía;535734,0;19,201;42,98;20,106;2,5;27,6;89,8;8,46;18012,0;20654,0;15164,0;55,89;46,65;16,55;31066,0;15750,0;125,06;118,19;3,167;100080,67;1301,6;92,35;3,606;22,05;0,399;21,417;0,808;1;1787,055;6,922;9,428;2,506;7,937
2015T1;22;Huesca;Aragón;222677,0;18,261;39,02;26,471;2,5;30,7;89,5;-0,81;17259,0;19128,0;15031,0;58,08;48,85;15,89;28357,0;15050,0;98,88;90,33;2,613;84283,08;1156,6;57,284;2,093;16,52;0,377;64,897;2,085;0;1160,406;4,853;6,176;1,323;5,379
2015T2;22;Huesca;Aragón;222677,0;18,261;39,02;26,471;2,5;30,7;89,5;-0,81;17259,0;19128,0;15031,0;59,86;50,39;15,83;28357,0;15050,0;100,87;93,72;2,507;74379,06;1207,9;58,791;1,563;12,07;1,491;58,86;1,572;0;1190,933;4,981;6,339;1,358;5,52
2015T3;22;Huesca;Aragón;222677,0;18,261;39,02;26,471;2,5;30,7;89,5;-0,81;17259,0;19128,0;15031,0;59,3;51,12;13,79;28357,0;15050,0;99,93;90,26;2,45;75304,69;1160,6;58,227;1,891;12,35;0,377;74,826;3,059;0;1179,508;4,933;6,278;1,345;5,467
2015T4;22;Huesca;Aragón;222677,0;18,261;39,02;26,471;2,5;30,7;89,5;-0,81;17259,0;19128,0;15031,0;57,92;50,75;12,38;28357,0;15050,0;100,32;92,907;2,427;82040,74;1180,9;58,012;1,918;11,01;0,534;49,939;1,208;0;1175,153;4,915;6,255;1,34;5,447
2016T1;22;Huesca;Aragón;221495,0;17,736;39,41;26,569;2,5;30,9;89,7;0,82;17396,0;19238,0;15192,0;57,54;49,48;14,0;28955,0;15050,0;98,2;88,55;2,33;88341,11;1130,1;58,389;2,623;20,48;0,528;66,873;2,486;0;1182,79;4,919;6,228;1,31;5,439
2016T2;22;Huesca;Aragón;221495,0;17,736;39,41;26,569;2,5;30,9;89,7;0,82;17396,0;19238,0;15192,0;58,23;50,52;13,25;28955,0;15050,0;99,63;92,68;2,323;68276,69;1121,9;59,572;2,135;18,39;0,483;58,582;1,442;0;1206,754;5,018;6,355;1,336;5,55
2016T3;22;Huesca;Aragón;221495,0;17,736;39,41;26,569;2,5;30,9;89,7;0,82;17396,0;19238,0;15192,0;58,97;52,8;10,47;28955,0;15050,0;99,44;89,743;2,367;80006,83;1144,9;59,39;2,05;9,69;0,456;74,856;3,436;0;1203,067;5,003;6,335;1,332;5,533
2016T4;22;Huesca;Aragón;221495,0;17,736;39,41;26,569;2,5;30,9;89,7;0,82;17396,0;19238,0;15192,0;58,19;50,95;12,44;28955,0;15050,0;101,42;93,203;2,273;83595,51;1113,2;59,367;2,47;17,92;0,573;52,397;1,463;0;1202,601;5,001;6,333;1,332;5,53
2017T1;22;Huesca;Aragón;220749,0;17,414;39,53;26,799;2,5;31,1;89,4;2,3;17770,0;19740,0;15430,0;58,06;51,37;11,51;29793,0;15750,0;101,19;90,093;2,237;91126,65;1135,7;60,574;2,79;17,37;0,589;65,403;2,483;0;1227,052;4,973;6,362;1,389;5,524
2017T2;22;Huesca;Aragón;220749,0;17,414;39,53;26,799;2,5;31,1;89,4;2,3;17770,0;19740,0;15430,0;56,32;50,51;10,31;29793,0;15750,0;101,68;93,773;2,17;94464,75;1125,5;60,549;2,632;10,33;0,602;61,27;1,926;0;1226,545;4,971;6,359;1,388;5,522
2017T3;22;Huesca;Aragón;220749,0;17,414;39,53;26,799;2,5;31,1;89,4;2,3;17770,0;19740,0;15430,0;58,9;55,22;6,25;29793,0;15750,0;101,16;91,133;2,217;83628,99;1118,5;61,087;2,419;12,36;0,53;75,235;3,603;0;1237,443;5,015;6,416;1,401;5,571
2017T4;22;Huesca;Aragón;220749,0;17,414;39,53;26,799;2,5;31,1;89,4;2,3;17770,0;19740,0;15430,0;58,19;53,46;8,12;29793,0;15750,0;102,92;94,803;2,153;93644,44;1142,9;61,226;3,067;24,67;0,874;51,525;1,546;0;1240,259;5,026;6,43;1,404;5,584
2018T1;22;Huesca;Aragón;220653,0;17,127;39,56;27,034;2,5;31,4;88,6;4,53;18330,0;20361,0;15949,0;57,22;51,59;9,83;31084,0;16450,0;102,17;91,97;2,227;79309,46;1125,7;62,437;2,987;8,65;0,19;65,436;2,688;0;1264,79;4,969;6,344;1,375;5,52
2018T2;22;Huesca;Aragón;220653,0;17,127;39,56;27,034;2,5;31,4;88,6;4,53;18330,0;20361,0;15949,0;57,85;52,07;9,99;31084,0;16450,0;103,76;95,373;2,197;88456,46;1104,0;63,274;2,923;7,91;1,006;58,201;1,597;0;1281,746;5,036;6,429;1,393;5,594
2018T3;22;Huesca;Aragón;220653,0;17,127;39,56;27,034;2,5;31,4;88,6;4,53;18330,0;20361,0;15949,0;59,12;54,22;8,28;31084,0;16450,0;103,76;92,553;2,167;78987,01;1134,4;64,433;3,009;19,58;1,922;73,866;3,524;0;1305,224;5,128;6,547;1,419;5,697
2018T4;22;Huesca;Aragón;220653,0;17,127;39,56;27,034;2,5;31,4;88,6;4,53;18330,0;20361,0;15949,0;57,62;51,89;9,94;31084,0;16450,0;104,75;96,513;2,26;83464,48;1166,5;65,023;3,082;14,12;0,639;49,153;1,397;0;1317,175;5,175;6,607;1,432;5,749
2019T1;22;Huesca;Aragón;220996,0;17,088;39,39;27,232;2,5;31,4;87,5;7,63;19081,0;21025,0;16796,0;57,49;52,22;9,17;32176,0;17150,0;103,28;92,79;2,37;86783,38;1139,7;66,442;3,272;16,04;0,76;64,214;2,315;0;1345,92;5,121;6,411;1,289;5,643
2019T2;22;Huesca;Aragón;220996,0;17,088;39,39;27,232;2,5;31,4;87,5;7,63;19081,0;21025,0;16796,0;58,97;53,39;9,45;32176,0;17150,0;104,62;96,067;2,35;85687,35;1158,4;67,498;3,082;12,92;0,597;60,926;1,85;0;1367,311;5,203;6,513;1,31;5,733
2019T3;22;Huesca;Aragón;220996,0;17,088;39,39;27,232;2,5;31,4;87,5;7,63;19081,0;21025,0;16796,0;59,9;55,19;7,88;32176,0;17150,0;103,86;93,19;2,153;91952,98;1172,4;68,142;2,851;12,86;0,579;73,587;3,598;0;1380,357;5,252;6,575;1,322;5,787
2019T4;22;Huesca;Aragón;220996,0;17,088;39,39;27,232;2,5;31,4;87,5;7,63;19081,0;21025,0;16796,0;59,93;54,18;9,59;32176,0;17150,0;104,91;96,93;1,99;93997,33;1168,7;68,594;3,597;26,79;0,842;52,788;1,583;0;1389,513;5,287;6,618;1,331;5,826
2020T1;22;Huesca;Aragón;222767,0;17,167;39,25;27,332;2,5;31,6;87,2;4,23;19431,0;21432,0;17052,0;58,51;53,26;8,96;32521,0;17150,0;103,44;92,617;2,03;91192,98;1141,4;68,856;2,779;9,21;0,391;55,129;2,167;0;1394,821;5,206;6,544;1,337;5,743
2020T2;22;Huesca;Aragón;222767,0;17,167;39,25;27,332;2,5;31,6;87,2;4,23;19431,0;21432,0;17052,0;57,68;51,46;10,78;32521,0;17150,0;102,92;93,307;1,907;83634,75;1122,0;69,541;1,625;14,64;0,395;8,956;0,131;0;1408,697;5,258;6,609;1,351;5,8
2020T3;22;Huesca;Aragón;222767,0;17,167;39,25;27,332;2,5;31,6;87,2;4,23;19431,0;21432,0;17052,0;57,06;50,88;10,83;32521,0;17150,0;102,65;92,713;1,937;100070,42;1140,3;69,846;2,819;21,5;0,637;63,452;2,338;0;1414,875;5,281;6,638;1,357;5,825
2020T4;22;Huesca;Aragón;222767,0;17,167;39,25;27,332;2,5;31,6;87,2;4,23;19431,0;21432,0;17052,0;57,35;50,2;12,46;32521,0;17150,0;103,58;97,763;1,8;96652,36;1152,9;69,343;3,255;21,1;0,391;29,342;0,448;0;1404,686;5,243;6,59;1,347;5,783
2021T1;22;Huesca;Aragón;223995,0;17,178;39,36;27,286;2,4;32,1;86,8;5,01;20141,0;22162,0;17750,0;57,52;52,29;9,09;33603,0;18550,0;103,81;94,957;1,72;86418,55;1125,1;70,163;3,277;29,16;0,446;25,701;0,29;0;1421,297;5,131;6,406;1,275;5,645
2021T2;22;Huesca;Aragón;223995,0;17,178;39,36;27,286;2,4;32,1;86,8;5,01;20141,0;22162,0;17750,0;59,1;55,12;6,73;33603,0;18550,0;106,41;100,28;1,62;97556,34;1145,6;71,26;2,875;11,02;0,549;44,537;0,942;0;1443,519;5,211;6,506;1,295;5,734
2021T3;22;Huesca;Aragón;223995,0;17,178;39,36;27,286;2,4;32,1;86,8;5,01;20141,0;22162,0;17750,0;60,93;56,47;7,32;33603,0;18550,0;107,22;99,757;1,593;96217,82;1174,3;72,959;3,545;21,16;0,835;69,722;3,646;0;1477,935;5,335;6,661;1,326;5,87
2021T4;22;Huesca;Aragón;223995,0;17,178;39,36;27,286;2,4;32,1;86,8;5,01;20141,0;22162,0;17750,0;58,02;53,77;7,33;33603,0;18550,0;111,02;105,007;1,543;102187,63;1168,5;73,731;3,339;17,91;0,567;49,541;1,6;0;1493,574;5,391;6,732;1,34;5,932
2022T1;22;Huesca;Aragón;225199,0;17,105;39,29;27,519;2,4;32,4;86,2;14,15;21026,0;23034,0;18681,0;57,87;53,96;6,76;34901,0;19250,0;114,03;105,46;1,597;102805,29;1189,3;75,563;3,823;14,05;0,48;60,526;2,469;0;1530,685;5,316;6,555;1,239;5,824
2022T2;22;Huesca;Aragón;225199,0;17,105;39,29;27,519;2,4;32,4;86,2;14,15;21026,0;23034,0;18681,0;58,06;51,51;11,28;34901,0;19250,0;118,03;114,52;1,737;102342,49;1191,9;76,634;4,063;13,88;0,662;57,238;1,838;0;1552,38;5,392;6,648;1,256;5,907
2022T3;22;Huesca;Aragón;225199,0;17,105;39,29;27,519;2,4;32,4;86,2;14,15;21026,0;23034,0;18681,0;58,39;52,24;10,54;34901,0;19250,0;119,24;110,537;2,143;100951,22;1161,7;77,47;3,69;10,71;1,19;69,837;3,426;0;1569,315;5,45;6,72;1,27;5,971
2022T4;22;Huesca;Aragón;225199,0;17,105;39,29;27,519;2,4;32,4;86,2;14,15;21026,0;23034,0;18681,0;56,61;51,46;9,1;34901,0;19250,0;118,89;115,007;2,867;108707,43;1185,3;76,894;3,144;8,05;0,591;47,115;1,447;0;1557,647;5,41;6,671;1,261;5,927
2023T1;22;Huesca;Aragón;226878,0;17,269;39,17;27,514;2,4;32,7;85,6;11,28;22033,0;24029,0;19700,0;56,56;52,1;7,89;37009,0;19950,0;119,43;112,827;3,593;101990,17;1156,4;77,968;3,218;11,1;0,586;59,678;2,403;0;1579,403;5,258;6,414;1,155;5,735
2023T2;22;Huesca;Aragón;226878,0;17,269;39,17;27,514;2,4;32,7;85,6;11,28;22033,0;24029,0;19700,0;57,03;52,39;8,12;37009,0;19950,0;120,63;116,6;3,887;90148,65;1185,1;79,248;3,407;8,8;0,93;56,44;1,853;0;1605,332;5,345;6,519;1,174;5,829
2023T3;22;Huesca;Aragón;226878,0;17,269;39,17;27,514;2,4;32,7;85,6;11,28;22033,0;24029,0;19700,0;57,22;53,58;6,36;37009,0;19950,0;121,94;112,777;4,057;98480,34;1166,1;81,129;4,077;15,14;0,295;67,959;3,385;0;1643,435;5,472;6,674;1,202;5,967
2023T4;22;Huesca;Aragón;226878,0;17,269;39,17;27,514;2,4;32,7;85,6;11,28;22033,0;24029,0;19700,0;57,54;50,97;11,42;37009,0;19950,0;122,32;117,607;4,03;109425,53;1205,5;80,188;2,993;11,19;1,137;46,942;1,413;0;1624,374;5,408;6,596;1,188;5,898
2024T1;22;Huesca;Aragón;228519,0;17,269;39,17;27,514;2,4;32,7;85,6;11,97;22866,0;24847,0;20562,0;58,46;52,41;10,34;37009,0;19950,0;123,04;113,317;3,693;100166,67;1195,8;83,44;4,31;20,3;0,459;61,432;2,467;1;1690,25;5,442;6,576;1,134;5,914
2024T2;22;Huesca;Aragón;228519,0;17,269;39,17;27,514;2,4;32,7;85,6;11,97;22866,0;24847,0;20562,0;59,18;53,1;10,27;37009,0;19950,0;124,95;117,41;3,55;97141,27;1238,8;87,055;3,124;13,73;0,582;55,479;1,741;1;1763,479;5,678;6,861;1,183;6,17
2024T3;22;Huesca;Aragón;228519,0;17,269;39,17;27,514;2,4;32,7;85,6;11,97;22866,0;24847,0;20562,0;60,41;56,18;7,0;37009,0;19950,0;124,5;114,163;3,45;109004,41;1228,6;89,494;3,903;12,67;1,448;69,751;3,475;1;1812,886;5,837;7,053;1,216;6,343
2024T4;22;Huesca;Aragón;228519,0;17,269;39,17;27,514;2,4;32,7;85,6;11,97;22866,0;24847,0;20562,0;58,88;53,64;8,91;37009,0;19950,0;125,67;118,19;3,167;111267,33;1269,6;90,891;3,593;13,15;0,578;53,565;1,573;1;1841,185;5,928;7,163;1,235;6,442
2015T1;23;Jaén;Andalucía;652317,0;21,748;38,75;21,327;2,6;26,7;97,5;-0,32;12141,0;13109,0;10828,0;54,92;35,44;35,47;21789,0;10850,0;98,91;90,33;2,613;72566,04;809,4;53,938;1,288;20,6;0,438;12,651;0,245;0;789,546;4,818;5,833;1,015;5,203
2015T2;23;Jaén;Andalucía;652317,0;21,748;38,75;21,327;2,6;26,7;97,5;-0,32;12141,0;13109,0;10828,0;55,02;36,0;34,56;21789,0;10850,0;101,11;93,72;2,507;69094,88;829,5;56,15;1,315;16,43;0,434;13,579;0,375;0;821,925;5,016;6,073;1,057;5,416
2015T3;23;Jaén;Andalucía;652317,0;21,748;38,75;21,327;2,6;26,7;97,5;-0,32;12141,0;13109,0;10828,0;54,78;35,4;35,38;21789,0;10850,0;99,61;90,26;2,45;69933,01;822,0;56,783;1,237;17,72;0,376;13,367;0,37;0;831,191;5,072;6,141;1,069;5,477
2015T4;23;Jaén;Andalucía;652317,0;21,748;38,75;21,327;2,6;26,7;97,5;-0,32;12141,0;13109,0;10828,0;56,01;38,73;30,84;21789,0;10850,0;100,36;92,907;2,427;70899,85;807,2;56,39;1,188;17,68;0,325;13,294;0,321;0;825,438;5,037;6,099;1,061;5,439
2016T1;23;Jaén;Andalucía;647007,0;21,285;39,24;21,511;2,6;27,0;97,6;0,28;12462,0;13386,0;11208,0;54,93;38,6;29,73;22752,0;11550,0;98,11;88,55;2,33;69691,87;821,4;56,881;1,383;13,52;0,408;12,868;0,283;0;832,625;4,976;5,943;0,967;5,345
2016T2;23;Jaén;Andalucía;647007,0;21,285;39,24;21,511;2,6;27,0;97,6;0,28;12462,0;13386,0;11208,0;54,2;35,32;34,85;22752,0;11550,0;100,03;92,68;2,323;66944,8;813,3;57,602;1,638;13,49;0,403;13,357;0,374;0;843,179;5,039;6,018;0,979;5,413
2016T3;23;Jaén;Andalucía;647007,0;21,285;39,24;21,511;2,6;27,0;97,6;0,28;12462,0;13386,0;11208,0;53,71;35,87;33,22;22752,0;11550,0;99,22;89,743;2,367;72197,2;831,7;57,552;1,394;13,64;0,329;13,077;0,405;0;842,448;5,035;6,013;0,978;5,408
2016T4;23;Jaén;Andalucía;647007,0;21,285;39,24;21,511;2,6;27,0;97,6;0,28;12462,0;13386,0;11208,0;54,69;37,97;30,57;22752,0;11550,0;101,25;93,203;2,273;73398,68;830,0;57,569;1,4;8,61;0,485;12,879;0,341;0;842,696;5,036;6,015;0,979;5,41
2017T1;23;Jaén;Andalucía;642515,0;20,877;39,54;21,802;2,6;26,9;97,6;0,04;12875,0;13902,0;11504,0;55,66;41,52;25,39;23408,0;11550,0;100,87;90,093;2,237;74900,65;809,0;58,076;1,807;15,76;0,363;12,43;0,268;0;850,118;4,892;5,912;1,02;5,282
2017T2;23;Jaén;Andalucía;642515,0;20,877;39,54;21,802;2,6;26,9;97,6;0,04;12875,0;13902,0;11504,0;55,77;38,61;30,76;23408,0;11550,0;101,92;93,773;2,17;71983,01;806,2;58,983;1,827;10,65;0,669;13,521;0,43;0;863,395;4,968;6,004;1,036;5,365
2017T3;23;Jaén;Andalucía;642515,0;20,877;39,54;21,802;2,6;26,9;97,6;0,04;12875,0;13902,0;11504,0;54,46;39,75;27,01;23408,0;11550,0;100,84;91,133;2,217;75536,56;817,5;59,674;1,623;14,0;0,507;13,573;0,434;0;873,509;5,027;6,074;1,048;5,428
2017T4;23;Jaén;Andalucía;642515,0;20,877;39,54;21,802;2,6;26,9;97,6;0,04;12875,0;13902,0;11504,0;54,38;41,4;23,86;23408,0;11550,0;102,78;94,803;2,153;72882,05;812,4;60,148;1,619;13,17;0,476;13,325;0,357;0;880,448;5,067;6,123;1,056;5,471
2018T1;23;Jaén;Andalucía;637669,0;20,6;39,69;22,195;2,5;27,2;97,6;0,44;13450,0;14549,0;12007,0;53,98;41,85;22,47;24160,0;12250,0;101,62;91,97;2,227;76285,35;798,6;60,438;1,742;12,78;0,365;12,753;0,278;0;884,693;4,865;5,895;1,03;5,262
2018T2;23;Jaén;Andalucía;637669,0;20,6;39,69;22,195;2,5;27,2;97,6;0,44;13450,0;14549,0;12007,0;52,84;39,79;24,7;24160,0;12250,0;103,65;95,373;2,197;77474,84;813,5;61,785;1,907;12,01;0,619;13,635;0,429;0;904,41;4,973;6,026;1,053;5,379
2018T3;23;Jaén;Andalucía;637669,0;20,6;39,69;22,195;2,5;27,2;97,6;0,44;13450,0;14549,0;12007,0;51,95;39,91;23,18;24160,0;12250,0;103,03;92,553;2,167;80277,27;803,6;62,889;1,861;15,42;0,431;13,65;0,444;0;920,571;5,062;6,134;1,072;5,476
2018T4;23;Jaén;Andalucía;637669,0;20,6;39,69;22,195;2,5;27,2;97,6;0,44;13450,0;14549,0;12007,0;52,81;41,35;21,7;24160,0;12250,0;104,19;96,513;2,26;77918,81;820,6;63,535;1,89;12,03;0,466;12,988;0,368;0;930,027;5,114;6,197;1,083;5,532
2019T1;23;Jaén;Andalucía;633375,0;20,307;39,79;22,602;2,5;27,5;97,4;1,87;14261,0;15371,0;12807,0;53,12;42,31;20,35;24865,0;12950,0;102,35;92,79;2,37;75113,53;809,9;64,023;1,98;12,28;0,406;11,588;0,266;0;937,17;4,878;5,854;0,977;5,257
2019T2;23;Jaén;Andalucía;633375,0;20,307;39,79;22,602;2,5;27,5;97,4;1,87;14261,0;15371,0;12807,0;52,21;39,45;24,44;24865,0;12950,0;104,03;96,067;2,35;78839,8;785,0;65,216;2,04;8,98;0,463;13,446;0,42;0;954,633;4,968;5,963;0,995;5,355
2019T3;23;Jaén;Andalucía;633375,0;20,307;39,79;22,602;2,5;27,5;97,4;1,87;14261,0;15371,0;12807,0;51,83;39,25;24,26;24865,0;12950,0;102,7;93,19;2,153;81104,42;800,3;66,605;1,734;9,02;0,363;13,256;0,438;0;974,966;5,074;6,09;1,016;5,469
2019T4;23;Jaén;Andalucía;633375,0;20,307;39,79;22,602;2,5;27,5;97,4;1,87;14261,0;15371,0;12807,0;51,53;41,17;20,11;24865,0;12950,0;104,18;96,93;1,99;77477,99;801,5;66,17;1,748;9,3;0,564;13,138;0,36;0;968,598;5,041;6,05;1,009;5,434
2020T1;23;Jaén;Andalucía;630524,0;20,003;39,94;22,963;2,5;27,9;97,3;1,56;14230,0;15098,0;13079,0;51,06;40,77;20,16;25141,0;12950,0;102,88;92,617;2,03;80491,84;794,4;66,665;2,363;12,62;0,306;11,136;0,217;0;975,844;5,171;5,969;0,798;5,486
2020T2;23;Jaén;Andalucía;630524,0;20,003;39,94;22,963;2,5;27,9;97,3;1,56;14230,0;15098,0;13079,0;47,58;35,38;25,63;25141,0;12950,0;103,34;93,307;1,907;77490,54;786,3;66,762;1,316;9,76;0,623;2,391;0,024;0;977,264;5,178;5,978;0,799;5,494
2020T3;23;Jaén;Andalucía;630524,0;20,003;39,94;22,963;2,5;27,9;97,3;1,56;14230,0;15098,0;13079,0;53,07;38,5;27,44;25141,0;12950,0;102,63;92,713;1,937;76255,54;773,9;67,435;1,683;9,61;0,579;11,188;0,305;0;987,115;5,23;6,038;0,807;5,549
2020T4;23;Jaén;Andalucía;630524,0;20,003;39,94;22,963;2,5;27,9;97,3;1,56;14230,0;15098,0;13079,0;53,67;41,46;22,75;25141,0;12950,0;103,92;97,763;1,8;73214,46;789,1;67,267;1,773;8,41;0,52;9,726;0,135;0;984,656;5,217;6,023;0,805;5,536
2021T1;23;Jaén;Andalucía;627568,0;19,868;40,07;23,201;2,5;28,2;97,2;1,97;15190,0;16199,0;13883,0;52,45;41,76;20,37;26808,0;13650,0;103,66;94,957;1,72;76405,68;765,5;67,099;2,132;13,38;0,48;8,878;0,09;0;982,197;4,851;5,66;0,809;5,173
2021T2;23;Jaén;Andalucía;627568,0;19,868;40,07;23,201;2,5;28,2;97,2;1,97;15190,0;16199,0;13883,0;51,63;39,01;24,45;26808,0;13650,0;106,26;100,28;1,62;80388,68;777,1;69,143;2,186;9,91;0,744;10,516;0,203;0;1012,117;4,998;5,832;0,834;5,33
2021T3;23;Jaén;Andalucía;627568,0;19,868;40,07;23,201;2,5;28,2;97,2;1,97;15190,0;16199,0;13883,0;53,06;40,85;23,02;26808,0;13650,0;106,28;99,757;1,593;80257,31;786,0;71,51;2,207;10,97;0,392;12,633;0,436;0;1046,765;5,17;6,032;0,862;5,513
2021T4;23;Jaén;Andalucía;627568,0;19,868;40,07;23,201;2,5;28,2;97,2;1,97;15190,0;16199,0;13883,0;53,73;42,7;20,52;26808,0;13650,0;110,22;105,007;1,543;80100,0;781,6;72,659;2,137;9,62;0,405;12,837;0,387;0;1063,584;5,253;6,129;0,876;5,601
2022T1;23;Jaén;Andalucía;624191,0;19,709;40,03;23,638;2,5;28,8;96,9;4,87;16012,0;17159,0;14559,0;53,18;43,22;18,74;27429,0;14350,0;112,32;105,46;1,597;81607,73;796,4;74,402;2,336;10,36;0,468;11,85;0,276;0;1089,098;5,078;5,984;0,907;5,441
2022T2;23;Jaén;Andalucía;624191,0;19,709;40,03;23,638;2,5;28,8;96,9;4,87;16012,0;17159,0;14559,0;52,19;41,89;19,73;27429,0;14350,0;116,63;114,52;1,737;82826,86;798,9;76,202;2,65;11,85;0,625;13,476;0,456;0;1115,447;5,201;6,129;0,929;5,573
2022T3;23;Jaén;Andalucía;624191,0;19,709;40,03;23,638;2,5;28,8;96,9;4,87;16012,0;17159,0;14559,0;52,33;42,19;19,38;27429,0;14350,0;117,84;110,537;2,143;82625,11;787,5;77,432;2,454;14,88;0,577;13,378;0,466;0;1133,452;5,284;6,228;0,944;5,663
2022T4;23;Jaén;Andalucía;624191,0;19,709;40,03;23,638;2,5;28,8;96,9;4,87;16012,0;17159,0;14559,0;51,23;41,98;18,05;27429,0;14350,0;118,16;115,007;2,867;84831,09;793,3;77,353;2,443;8,66;0,439;12,95;0,385;0;1132,295;5,279;6,222;0,943;5,657
2023T1;23;Jaén;Andalucía;620637,0;19,466;40,07;24,072;2,4;29,2;96,5;5,34;17014,0;18306,0;15402,0;50,86;43,73;14,02;29119,0;15050,0;118,44;112,827;3,593;84920,46;798,2;77,521;2,91;9,3;0,488;12,153;0,316;0;1134,754;4,959;5,894;0,935;5,336
2023T2;23;Jaén;Andalucía;620637,0;19,466;40,07;24,072;2,4;29,2;96,5;5,34;17014,0;18306,0;15402,0;51,7;42,82;17,18;29119,0;15050,0;120,19;116,6;3,887;82784,98;803,8;79,633;2,541;10,21;0,488;13,721;0,45;0;1165,67;5,094;6,055;0,96;5,481
2023T3;23;Jaén;Andalucía;620637,0;19,466;40,07;24,072;2,4;29,2;96,5;5,34;17014,0;18306,0;15402,0;52,74;40,32;23,55;29119,0;15050,0;121,01;112,777;4,057;82274,38;797,1;81,928;2,262;9,69;0,359;13,573;0,445;0;1199,264;5,241;6,229;0,988;5,639
2023T4;23;Jaén;Andalucía;620637,0;19,466;40,07;24,072;2,4;29,2;96,5;5,34;17014,0;18306,0;15402,0;52,7;42,61;19,14;29119,0;15050,0;121,67;117,607;4,03;80367,54;789,1;81,449;2,436;15,61;0,372;13,331;0,4;0;1192,252;5,21;6,193;0,982;5,606
2024T1;23;Jaén;Andalucía;619055,0;19,466;40,07;24,072;2,4;29,2;96,5;6,3;17792,0;19069,0;16204,0;49,84;41,49;16,75;29119,0;15050,0;122,17;113,317;3,693;83072,35;797,3;83,656;2,346;12,05;0,598;12,411;0,346;1;1224,559;5,137;6,046;0,908;5,506
2024T2;23;Jaén;Andalucía;619055,0;19,466;40,07;24,072;2,4;29,2;96,5;6,3;17792,0;19069,0;16204,0;52,32;41,17;21,3;29119,0;15050,0;124,55;117,41;3,55;80031,58;813,7;87,224;2,64;11,93;0,499;13,668;0,464;1;1276,787;5,356;6,304;0,947;5,741
2024T3;23;Jaén;Andalucía;619055,0;19,466;40,07;24,072;2,4;29,2;96,5;6,3;17792,0;19069,0;16204,0;53,33;41,65;21,91;29119,0;15050,0;123,78;114,163;3,45;83400,68;802,5;90,574;3,074;13,03;0,483;13,603;0,472;1;1325,824;5,562;6,546;0,983;5,961
2024T4;23;Jaén;Andalucía;619055,0;19,466;40,07;24,072;2,4;29,2;96,5;6,3;17792,0;19069,0;16204,0;52,22;43,14;17,38;29119,0;15050,0;124,65;118,19;3,167;89446,29;813,9;92,35;2,997;11,43;0,475;13,131;0,424;1;1351,822;5,671;6,674;1,003;6,078
2015T1;24;León;Castilla y León;479104,0;17,302;38,78;30,864;2,3;33,3;96,0;-1,23;17817,0;19954,0;15329,0;50,26;38,2;24,0;26141,0;14350,0;98,98;90,33;2,613;84571,43;846,5;61,891;1,296;41,38;0,159;20,382;0,414;0;867,127;3,477;4,525;1,049;3,893
2015T2;24;León;Castilla y León;479104,0;17,302;38,78;30,864;2,3;33,3;96,0;-1,23;17817,0;19954,0;15329,0;50,22;39,8;20,75;26141,0;14350,0;100,85;93,72;2,507;82238,96;872,8;63,405;1,269;36,84;0,18;22,55;0,734;0;888,339;3,562;4,636;1,075;3,989
2015T3;24;León;Castilla y León;479104,0;17,302;38,78;30,864;2,3;33,3;96,0;-1,23;17817,0;19954,0;15329,0;50,27;40,25;19,93;26141,0;14350,0;99,79;90,26;2,45;77830,07;892,6;62,952;1,271;28,41;0,215;22,621;0,872;0;881,993;3,536;4,603;1,067;3,96
2015T4;24;León;Castilla y León;479104,0;17,302;38,78;30,864;2,3;33,3;96,0;-1,23;17817,0;19954,0;15329,0;49,43;39,39;20,31;26141,0;14350,0;100,38;92,907;2,427;77435,97;908,0;62,984;1,121;28,31;0,369;21,589;0,58;0;882,441;3,538;4,605;1,067;3,962
2016T1;24;León;Castilla y León;473574,0;16,635;38,99;31,331;2,3;33,7;96,1;0,63;17856,0;19944,0;15448,0;50,35;39,55;21,45;26563,0;14350,0;97,68;88,55;2,33;75377,92;911,2;62,963;1,332;28,05;0,258;21,407;0,508;0;882,147;3,538;4,568;1,03;3,952
2016T2;24;León;Castilla y León;473574,0;16,635;38,99;31,331;2,3;33,7;96,1;0,63;17856,0;19944,0;15448,0;50,3;40,45;19,58;26563,0;14350,0;99,37;92,68;2,323;86719,23;880,4;63,753;1,389;34,65;0,234;23,544;0,716;0;893,215;3,583;4,626;1,043;4,002
2016T3;24;León;Castilla y León;473574,0;16,635;38,99;31,331;2,3;33,7;96,1;0,63;17856,0;19944,0;15448,0;51,65;42,79;17,15;26563,0;14350,0;99,5;89,743;2,367;83329,58;911,1;63,699;1,451;30,42;0,595;23,46;0,958;0;892,458;3,58;4,622;1,042;3,998
2016T4;24;León;Castilla y León;473574,0;16,635;38,99;31,331;2,3;33,7;96,1;0,63;17856,0;19944,0;15448,0;50,56;41,11;18,69;26563,0;14350,0;101,65;93,203;2,273;80409,47;905,9;63,471;1,265;24,87;0,194;22,068;0,603;0;889,264;3,567;4,605;1,038;3,984
2017T1;24;León;Castilla y León;468637,0;16,032;39,06;31,884;2,3;34,1;96,0;1,11;18333,0;20495,0;15866,0;50,13;40,82;18,57;27038,0;15050,0;101,31;90,093;2,237;86072,57;896,0;64,277;1,75;35,73;0,256;21,199;0,452;0;900,557;3,515;4,541;1,026;3,93
2017T2;24;León;Castilla y León;468637,0;16,032;39,06;31,884;2,3;34,1;96,0;1,11;18333,0;20495,0;15866,0;50,73;42,5;16,23;27038,0;15050,0;102,03;93,773;2,17;87087,21;887,5;64,47;1,425;29,49;0,333;23,871;0,776;0;903,261;3,526;4,554;1,029;3,942
2017T3;24;León;Castilla y León;468637,0;16,032;39,06;31,884;2,3;34,1;96,0;1,11;18333,0;20495,0;15866,0;50,13;42,17;15,88;27038,0;15050,0;101,43;91,133;2,217;87490,64;868,3;64,374;1,47;29,03;0,403;23,378;0,981;0;901,916;3,521;4,548;1,027;3,936
2017T4;24;León;Castilla y León;468637,0;16,032;39,06;31,884;2,3;34,1;96,0;1,11;18333,0;20495,0;15866,0;49,32;41,96;14,93;27038,0;15050,0;103,32;94,803;2,153;77596,35;870,5;64,92;1,361;24,61;0,38;21,338;0,606;0;909,565;3,55;4,586;1,036;3,969
2018T1;24;León;Castilla y León;464276,0;15,518;38,94;32,551;2,3;34,6;95,9;2,43;18842,0;21072,0;16325,0;50,11;42,65;14,88;28009,0;15750,0;102,31;91,97;2,227;85262,01;891,2;65,684;1,609;27,71;0,248;18,674;0,39;0;920,269;3,494;4,51;1,016;3,907
2018T2;24;León;Castilla y León;464276,0;15,518;38,94;32,551;2,3;34,6;95,9;2,43;18842,0;21072,0;16325,0;50,06;44,34;11,42;28009,0;15750,0;104,21;95,373;2,197;100537,37;875,1;66,904;1,577;27,46;0,523;22,706;0,696;0;937,362;3,559;4,594;1,035;3,98
2018T3;24;León;Castilla y León;464276,0;15,518;38,94;32,551;2,3;34,6;95,9;2,43;18842,0;21072,0;16325,0;50,8;45,67;10,1;28009,0;15750,0;104,18;92,553;2,167;89205,41;860,3;68,04;1,921;28,81;0,226;22,77;0,897;0;953,278;3,619;4,672;1,052;4,047
2018T4;24;León;Castilla y León;464276,0;15,518;38,94;32,551;2,3;34,6;95,9;2,43;18842,0;21072,0;16325,0;50,5;45,12;10,66;28009,0;15750,0;105,08;96,513;2,26;83477,58;875,3;67,992;1,566;24,35;0,386;20,145;0,542;0;952,606;3,617;4,668;1,052;4,045
2019T1;24;León;Castilla y León;460247,0;15,117;38,86;33,067;2,3;35,1;95,5;3,16;19390,0;21591,0;16944,0;50,2;43,62;13,11;29060,0;16450,0;103,8;92,79;2,37;85974,85;885,9;68,933;1,788;24,42;0,565;19,161;0,433;0;965,79;3,578;4,56;0,981;3,985
2019T2;24;León;Castilla y León;460247,0;15,117;38,86;33,067;2,3;35,1;95,5;3,16;19390,0;21591,0;16944,0;52,76;46,31;12,22;29060,0;16450,0;105,36;96,067;2,35;81567,03;852,3;70,466;1,94;23,07;0,524;22,416;0,765;0;987,268;3,658;4,661;1,003;4,073
2019T3;24;León;Castilla y León;460247,0;15,117;38,86;33,067;2,3;35,1;95,5;3,16;19390,0;21591,0;16944,0;53,01;46,42;12,43;29060,0;16450,0;104,56;93,19;2,153;92522,73;865,7;70,805;1,716;24,18;0,521;23,104;0,949;0;992,017;3,676;4,684;1,008;4,093
2019T4;24;León;Castilla y León;460247,0;15,117;38,86;33,067;2,3;35,1;95,5;3,16;19390,0;21591,0;16944,0;52,14;45,37;12,99;29060,0;16450,0;105,78;96,93;1,99;89761,8;874,4;71,386;1,714;23,95;0,241;21,108;0,591;0;1000,158;3,706;4,722;1,016;4,126
2020T1;24;León;Castilla y León;456697,0;14,79;38,7;33,659;2,2;35,5;95,5;2,22;19673,0;21761,0;17370,0;50,74;42,99;15,27;29196,0;16450,0;104,04;92,617;2,03;88317,65;865,4;70,949;1,89;27,46;0,42;16,678;0,365;0;994,035;3,654;4,578;0,924;4,042
2020T2;24;León;Castilla y León;456697,0;14,79;38,7;33,659;2,2;35,5;95,5;2,22;19673,0;21761,0;17370,0;47,68;40,36;15,35;29196,0;16450,0;103,63;93,307;1,907;91609,96;857,4;72,549;1,204;29,27;0,416;0,0;0,0;0;1016,452;3,737;4,681;0,945;4,133
2020T3;24;León;Castilla y León;456697,0;14,79;38,7;33,659;2,2;35,5;95,5;2,22;19673,0;21761,0;17370,0;50,75;43,06;15,15;29196,0;16450,0;103,41;92,713;1,937;93608,32;867,8;72,382;1,739;17,38;0,609;18,517;0,5;0;1014,112;3,728;4,671;0,942;4,124
2020T4;24;León;Castilla y León;456697,0;14,79;38,7;33,659;2,2;35,5;95,5;2,22;19673,0;21761,0;17370,0;48,51;42,66;12,07;29196,0;16450,0;104,61;97,763;1,8;94882,46;849,5;72,332;2,141;22,7;0,322;13,862;0,188;0;1013,412;3,726;4,667;0,942;4,121
2021T1;24;León;Castilla y León;452435,0;14,585;38,83;33,817;2,2;36,1;95,4;1,68;20358,0;22482,0;18033,0;48,52;41,19;15,12;30024,0;17150,0;104,91;94,957;1,72;86137,32;854,6;72,356;2,005;22,27;0,464;12,313;0,162;0;1013,748;3,607;4,497;0,89;3,984
2021T2;24;León;Castilla y León;452435,0;14,585;38,83;33,817;2,2;36,1;95,4;1,68;20358,0;22482,0;18033,0;49,19;41,14;16,36;30024,0;17150,0;107,6;100,28;1,62;84993,23;837,6;74,437;2,089;20,32;0,376;17,261;0,359;0;1042,904;3,711;4,627;0,916;4,098
2021T3;24;León;Castilla y León;452435,0;14,585;38,83;33,817;2,2;36,1;95,4;1,68;20358,0;22482,0;18033,0;51,36;45,88;10,67;30024,0;17150,0;108,17;99,757;1,593;100015,8;860,4;75,445;2,303;27,06;0,256;20,242;0,894;0;1057,026;3,761;4,689;0,928;4,154
2021T4;24;León;Castilla y León;452435,0;14,585;38,83;33,817;2,2;36,1;95,4;1,68;20358,0;22482,0;18033,0;50,49;44,26;12,34;30024,0;17150,0;112,2;105,007;1,543;94550,23;849,7;76,225;2,352;31,95;0,506;19,623;0,567;0;1067,955;3,8;4,738;0,938;4,197
2022T1;24;León;Castilla y León;449270,0;14,434;38,42;34,527;2,2;36,7;94,9;7,64;21389,0;23621,0;18999,0;51,49;44,74;13,11;31392,0;18550,0;115,35;105,46;1,597;97680,49;874,5;77,597;2,442;22,88;0,877;18,949;0,444;0;1087,177;3,682;4,578;0,896;4,066
2022T2;24;León;Castilla y León;449270,0;14,434;38,42;34,527;2,2;36,7;94,9;7,64;21389,0;23621,0;18999,0;52,4;46,71;10,86;31392,0;18550,0;120,28;114,52;1,737;100476,53;867,1;79,21;2,477;29,29;0,2;21,988;0,825;0;1109,776;3,759;4,673;0,914;4,151
2022T3;24;León;Castilla y León;449270,0;14,434;38,42;34,527;2,2;36,7;94,9;7,64;21389,0;23621,0;18999,0;52,45;47,14;10,13;31392,0;18550,0;121,95;110,537;2,143;102356,15;870,5;80,393;2,718;24,32;0,185;22,614;1,055;0;1126,351;3,815;4,743;0,928;4,213
2022T4;24;León;Castilla y León;449270,0;14,434;38,42;34,527;2,2;36,7;94,9;7,64;21389,0;23621,0;18999,0;50,48;46,23;8,42;31392,0;18550,0;121,92;115,007;2,867;100295,73;873,9;79,321;2,442;21,88;0,314;20,275;0,615;0;1111,331;3,764;4,68;0,916;4,157
2023T1;24;León;Castilla y León;448573,0;14,475;38,22;34,791;2,2;37,1;94,5;5,81;22396,0;24635,0;20016,0;50,32;44,78;11,0;33378,0;19250,0;122,24;112,827;3,593;100834,38;871,5;79,538;2,421;18,6;0,377;18,556;0,464;0;1114,372;3,619;4,454;0,835;3,981
2023T2;24;León;Castilla y León;448573,0;14,475;38,22;34,791;2,2;37,1;94,5;5,81;22396,0;24635,0;20016,0;50,67;46,09;9,04;33378,0;19250,0;123,75;116,6;3,887;96832,26;886,6;81,46;2,423;22,17;0,633;22,097;0,865;0;1141,3;3,706;4,562;0,855;4,077
2023T3;24;León;Castilla y León;448573,0;14,475;38,22;34,791;2,2;37,1;94,5;5,81;22396,0;24635,0;20016,0;50,59;45,33;10,4;33378,0;19250,0;124,78;112,777;4,057;92732,45;871,5;82,365;2,388;20,26;0,283;23,724;1,065;0;1153,979;3,747;4,612;0,865;4,122
2023T4;24;León;Castilla y León;448573,0;14,475;38,22;34,791;2,2;37,1;94,5;5,81;22396,0;24635,0;20016,0;48,83;43,9;10,09;33378,0;19250,0;125,36;117,607;4,03;96437,06;889,8;82,077;2,272;24,93;0,288;20,741;0,671;0;1149,944;3,734;4,596;0,862;4,108
2024T1;24;León;Castilla y León;447802,0;14,475;38,22;34,791;2,2;37,1;94,5;9,3;23315,0;25560,0;20955,0;47,44;43,19;8,96;33378,0;19250,0;125,95;113,317;3,693;100381,6;904,3;84,235;2,653;19,78;0,386;19,605;0,527;1;1180,179;3,694;4,506;0,812;4,05
2024T2;24;León;Castilla y León;447802,0;14,475;38,22;34,791;2,2;37,1;94,5;9,3;23315,0;25560,0;20955,0;48,58;43,44;10,58;33378,0;19250,0;127,99;117,41;3,55;96753,7;881,2;87,058;2,463;17,14;0,342;23,188;0,855;1;1219,731;3,818;4,657;0,839;4,185
2024T3;24;León;Castilla y León;447802,0;14,475;38,22;34,791;2,2;37,1;94,5;9,3;23315,0;25560,0;20955,0;50,27;44,7;11,09;33378,0;19250,0;127,06;114,163;3,45;102617,99;908,8;88,944;2,99;21,28;0,427;23,614;1,092;1;1246,155;3,9;4,757;0,857;4,276
2024T4;24;León;Castilla y León;447802,0;14,475;38,22;34,791;2,2;37,1;94,5;9,3;23315,0;25560,0;20955,0;48,2;44,43;7,82;33378,0;19250,0;128,0;118,19;3,167;96800,0;914,8;90,75;3,837;19,67;0,773;20,456;0,71;1;1271,458;3,98;4,854;0,875;4,363
2015T1;25;Lleida;Cataluña;431044,0;19,334;40,2;22,349;2,6;29,5;83,1;-2,04;17327,0;18673,0;15703,0;62,01;51,52;16,91;28202,0;14350,0;98,83;90,33;2,613;82314,98;1008,5;50,903;1,673;23,44;0,246;38,012;1,178;0;968,767;4,15;4,935;0,785;4,473
2015T2;25;Lleida;Cataluña;431044,0;19,334;40,2;22,349;2,6;29,5;83,1;-2,04;17327,0;18673,0;15703,0;62,53;53,19;14,94;28202,0;14350,0;100,96;93,72;2,507;81358,97;1015,9;53,669;1,332;24,74;0,406;29,984;0,628;0;1021,408;4,376;5,204;0,828;4,716
2015T3;25;Lleida;Cataluña;431044,0;19,334;40,2;22,349;2,6;29,5;83,1;-2,04;17327,0;18673,0;15703,0;63,9;54,93;14,04;28202,0;14350,0;99,91;90,26;2,45;92646,92;996,8;54,15;1,756;20,74;0,45;36,91;1,303;0;1030,562;4,415;5,25;0,835;4,758
2015T4;25;Lleida;Cataluña;431044,0;19,334;40,2;22,349;2,6;29,5;83,1;-2,04;17327,0;18673,0;15703,0;63,23;54,21;14,26;28202,0;14350,0;100,3;92,907;2,427;91694,69;1034,4;54,376;1,39;22,7;0,325;27,873;0,727;0;1034,863;4,434;5,272;0,839;4,778
2016T1;25;Lleida;Cataluña;429806,0;18,77;40,51;22,597;2,5;29,9;83,5;0,14;17512,0;18934,0;15801,0;63,06;53,49;15,18;28957,0;14350,0;98,06;88,55;2,33;87326,75;1025,6;55,268;1,847;24,18;0,335;39,296;1,33;0;1051,84;4,444;5,325;0,881;4,805
2016T2;25;Lleida;Cataluña;429806,0;18,77;40,51;22,597;2,5;29,9;83,5;0,14;17512,0;18934,0;15801,0;60,33;53,43;11,44;28957,0;14350,0;99,9;92,68;2,323;92001,62;1025,9;56,626;1,882;19,9;0,275;30,059;0,608;0;1077,684;4,553;5,456;0,903;4,923
2016T3;25;Lleida;Cataluña;429806,0;18,77;40,51;22,597;2,5;29,9;83,5;0,14;17512,0;18934,0;15801,0;58,85;53,37;9,3;28957,0;14350,0;99,69;89,743;2,367;90101,05;1009,4;57,74;1,829;15,78;0,382;37,875;1,411;0;1098,886;4,643;5,564;0,921;5,02
2016T4;25;Lleida;Cataluña;429806,0;18,77;40,51;22,597;2,5;29,9;83,5;0,14;17512,0;18934,0;15801,0;59,08;52,82;10,59;28957,0;14350,0;101,51;93,203;2,273;88509,26;1023,6;58,424;1,587;16,72;0,34;28,881;0,696;0;1111,903;4,698;5,63;0,932;5,08
2017T1;25;Lleida;Cataluña;429821,0;18,326;40,73;22,826;2,5;29,7;83,2;2,48;17958,0;19448,0;16176,0;58,91;52,09;11,57;29856,0;15050,0;101,36;90,093;2,237;87691,41;1021,9;60,119;1,957;17,84;0,233;38,902;1,224;0;1144,162;4,707;5,659;0,952;5,097
2017T2;25;Lleida;Cataluña;429821,0;18,326;40,73;22,826;2,5;29,7;83,2;2,48;17958,0;19448,0;16176,0;58,64;51,42;12,32;29856,0;15050,0;102,16;93,773;2,17;86231,1;1008,2;61,886;2,001;14,42;0,361;32,227;0,805;0;1177,791;4,845;5,825;0,98;5,247
2017T3;25;Lleida;Cataluña;429821,0;18,326;40,73;22,826;2,5;29,7;83,2;2,48;17958,0;19448,0;16176,0;60,68;53,76;11,39;29856,0;15050,0;101,7;91,133;2,217;93047,51;1029,1;63,485;1,999;15,25;0,27;38,114;1,475;0;1208,222;4,97;5,975;1,005;5,382
2017T4;25;Lleida;Cataluña;429821,0;18,326;40,73;22,826;2,5;29,7;83,2;2,48;17958,0;19448,0;16176,0;60,26;53,39;11,4;29856,0;15050,0;103,2;94,803;2,153;92169,81;1044,9;64,387;1,961;21,12;0,337;29,681;0,79;0;1225,389;5,041;6,06;1,02;5,459
2018T1;25;Lleida;Cataluña;430650,0;18,087;40,72;23,07;2,6;28,9;82,6;6,66;18570,0;20061,0;16791,0;57,97;51,85;10,55;31474,0;15750,0;102,43;91,97;2,227;84553,42;1033,9;65,269;2,264;16,21;0,478;39,327;1,42;0;1242,175;4,954;5,918;0,965;5,351
2018T2;25;Lleida;Cataluña;430650,0;18,087;40,72;23,07;2,6;28,9;82,6;6,66;18570,0;20061,0;16791,0;59,18;52,78;10,81;31474,0;15750,0;104,32;95,373;2,197;93677,55;1059,3;67,66;2,482;26,47;0,734;30,757;0,709;0;1287,679;5,135;6,135;1,0;5,547
2018T3;25;Lleida;Cataluña;430650,0;18,087;40,72;23,07;2,6;28,9;82,6;6,66;18570,0;20061,0;16791,0;59,31;54,2;8,61;31474,0;15750,0;104,38;92,553;2,167;92077,06;1023,5;69,239;2,343;25,87;0,659;36,972;1,493;0;1317,73;5,255;6,278;1,023;5,677
2018T4;25;Lleida;Cataluña;430650,0;18,087;40,72;23,07;2,6;28,9;82,6;6,66;18570,0;20061,0;16791,0;62,61;54,96;12,21;31474,0;15750,0;105,49;96,513;2,26;90290,15;1058,1;69,634;2,071;21,52;0,448;29,868;0,83;0;1325,248;5,285;6,314;1,029;5,709
2019T1;25;Lleida;Cataluña;432917,0;18,086;40,66;23,23;2,6;28,9;81,8;11,56;19289,0;20754,0;17541,0;61,12;54,44;10,93;32796,0;16450,0;103,79;92,79;2,37;86319,19;1023,8;70,235;2,338;17,39;0,619;38,57;1,298;0;1336,686;5,152;6,096;0,944;5,544
2019T2;25;Lleida;Cataluña;432917,0;18,086;40,66;23,23;2,6;28,9;81,8;11,56;19289,0;20754,0;17541,0;61,47;55,26;10,09;32796,0;16450,0;105,74;96,067;2,35;85597,04;1000,9;71,169;2,049;19,62;0,778;32,356;0,876;0;1354,461;5,221;6,177;0,956;5,618
2019T3;25;Lleida;Cataluña;432917,0;18,086;40,66;23,23;2,6;28,9;81,8;11,56;19289,0;20754,0;17541,0;62,3;57,08;8,37;32796,0;16450,0;104,99;93,19;2,153;89202,82;1023,5;72,473;2,317;22,73;0,46;36,896;1,539;0;1379,279;5,317;6,291;0,974;5,72
2019T4;25;Lleida;Cataluña;432917,0;18,086;40,66;23,23;2,6;28,9;81,8;11,56;19289,0;20754,0;17541,0;63,67;57,74;9,31;32796,0;16450,0;106,26;96,93;1,99;92903,3;1028,5;71,981;1,959;20,87;0,568;29,371;0,871;0;1369,915;5,281;6,248;0,967;5,682
2020T1;25;Lleida;Cataluña;437508,0;18,239;40,51;23,332;2,6;29,1;81,5;3,01;19495,0;20881,0;17831,0;61,73;57,06;7,55;33305,0;17150,0;104,87;92,617;2,03;86610,17;995,6;72,464;2,505;16,79;0,432;35,443;1,154;0;1379,107;5,284;6,187;0,904;5,659
2020T2;25;Lleida;Cataluña;437508,0;18,239;40,51;23,332;2,6;29,1;81,5;3,01;19495,0;20881,0;17831,0;58,39;53,06;9,13;33305,0;17150,0;104,75;93,307;1,907;91880,0;996,0;72,823;1,243;20,04;0,368;5,097;0,06;0;1385,94;5,31;6,218;0,908;5,687
2020T3;25;Lleida;Cataluña;437508,0;18,239;40,51;23,332;2,6;29,1;81,5;3,01;19495,0;20881,0;17831,0;60,83;54,89;9,77;33305,0;17150,0;104,26;92,713;1,937;92681,37;987,3;73,729;1,749;18,3;0,375;31,466;1,129;0;1403,182;5,376;6,295;0,92;5,758
2020T4;25;Lleida;Cataluña;437508,0;18,239;40,51;23,332;2,6;29,1;81,5;3,01;19495,0;20881,0;17831,0;62,97;56,05;10,98;33305,0;17150,0;105,09;97,763;1,8;102406,95;973,9;72,699;2,119;21,36;0,551;18,544;0,29;0;1383,58;5,301;6,208;0,907;5,678
2021T1;25;Lleida;Cataluña;439258,0;18,244;40,6;23,324;2,5;29,3;81,1;3,05;20506,0;21864,0;18869,0;62,89;55,16;12,28;34308,0;17850,0;105,48;94,957;1,72;89152,59;999,0;73,346;3,205;23,79;0,442;18,356;0,298;0;1395,893;5,108;5,918;0,811;5,446
2021T2;25;Lleida;Cataluña;439258,0;18,244;40,6;23,324;2,5;29,3;81,1;3,05;20506,0;21864,0;18869,0;61,01;54,89;10,03;34308,0;17850,0;108,06;100,28;1,62;102822,4;1028,4;75,188;2,625;16,91;0,515;22,537;0,499;0;1430,949;5,236;6,067;0,831;5,583
2021T3;25;Lleida;Cataluña;439258,0;18,244;40,6;23,324;2,5;29,3;81,1;3,05;20506,0;21864,0;18869,0;62,55;55,48;11,31;34308,0;17850,0;108,42;99,757;1,593;105437,6;995,1;76,151;2,652;18,28;0,517;34,589;1,473;0;1449,277;5,303;6,145;0,842;5,654
2021T4;25;Lleida;Cataluña;439258,0;18,244;40,6;23,324;2,5;29,3;81,1;3,05;20506,0;21864,0;18869,0;62,33;55,32;11,25;34308,0;17850,0;112,06;105,007;1,543;109815,51;1036,7;77,111;3,035;25,21;0,467;27,687;0,839;0;1467,547;5,37;6,222;0,852;5,725
2022T1;25;Lleida;Cataluña;440883,0;18,311;40,43;23,53;2,5;29,5;80,8;17,05;21565,0;22932,0;19917,0;61,21;56,94;6,98;35640,0;18550,0;114,82;105,46;1,597;107330,05;1065,1;79,001;2,903;18,59;0,338;36,602;1,344;0;1503,517;5,245;6,039;0,794;5,578
2022T2;25;Lleida;Cataluña;440883,0;18,311;40,43;23,53;2,5;29,5;80,8;17,05;21565,0;22932,0;19917,0;60,74;53,81;11,41;35640,0;18550,0;118,98;114,52;1,737;123324,59;1057,9;80,612;2,858;19,13;0,762;29,865;0,87;0;1534,177;5,352;6,162;0,81;5,691
2022T3;25;Lleida;Cataluña;440883,0;18,311;40,43;23,53;2,5;29,5;80,8;17,05;21565,0;22932,0;19917,0;59,3;52,55;11,38;35640,0;18550,0;120,93;110,537;2,143;101336,02;1032,0;82,337;2,76;23,09;0,458;35,762;1,485;0;1567,006;5,467;6,294;0,828;5,813
2022T4;25;Lleida;Cataluña;440883,0;18,311;40,43;23,53;2,5;29,5;80,8;17,05;21565,0;22932,0;19917,0;58,38;52,42;10,21;35640,0;18550,0;120,49;115,007;2,867;105210,77;1057,7;81,322;2,881;22,2;0,832;27,818;0,859;0;1547,689;5,399;6,217;0,817;5,741
2023T1;25;Lleida;Cataluña;447343,0;18,62;40,35;23,454;2,5;29,7;80,3;12,88;22471,0;23804,0;20869,0;57,52;52,3;9,09;37826,0;19250,0;121,24;112,827;3,593;106166,67;1078,2;81,755;3,136;21,17;0,369;37,207;1,412;0;1555,93;5,229;5,965;0,735;5,539
2023T2;25;Lleida;Cataluña;447343,0;18,62;40,35;23,454;2,5;29,7;80,3;12,88;22471,0;23804,0;20869,0;58,65;54,04;7,85;37826,0;19250,0;122,84;116,6;3,887;105775,45;1055,644;83,186;2,819;19,03;0,49;28,94;0,821;0;1583,164;5,321;6,069;0,748;5,636
2023T3;25;Lleida;Cataluña;447343,0;18,62;40,35;23,454;2,5;29,7;80,3;12,88;22471,0;23804,0;20869,0;60,64;55,74;8,09;37826,0;19250,0;124,12;112,777;4,057;105406,11;1071,644;85,449;2,707;23,12;0,367;35,665;1,502;0;1626,233;5,465;6,234;0,769;5,79
2023T4;25;Lleida;Cataluña;447343,0;18,62;40,35;23,454;2,5;29,7;80,3;12,88;22471,0;23804,0;20869,0;59,25;56,09;5,34;37826,0;19250,0;124,43;117,607;4,03;131225,59;1099,728;84,193;2,499;24,6;0,32;27,385;0,827;0;1602,329;5,385;6,142;0,757;5,705
2024T1;25;Lleida;Cataluña;451707,0;18,62;40,35;23,454;2,5;29,7;80,3;16,41;23538,0;24853,0;21954,0;62,31;57,5;7,72;37826,0;19250,0;125,01;113,317;3,693;117951,72;1118,536;86,345;3,148;26,72;0,755;38,175;1,56;1;1643,285;5,29;5,988;0,698;5,585
2024T2;25;Lleida;Cataluña;451707,0;18,62;40,35;23,454;2,5;29,7;80,3;16,41;23538,0;24853,0;21954,0;60,31;56,26;6,72;37826,0;19250,0;127,26;117,41;3,55;88668,01;1127,177;88,741;2,732;26,26;0,762;28,707;0,816;1;1688,885;5,436;6,154;0,718;5,74
2024T3;25;Lleida;Cataluña;451707,0;18,62;40,35;23,454;2,5;29,7;80,3;16,41;23538,0;24853,0;21954,0;59,82;55,65;6,97;37826,0;19250,0;127,02;114,163;3,45;116314,55;1106,56;91,222;3,398;26,97;0,819;35,128;1,481;1;1736,102;5,588;6,326;0,738;5,901
2024T4;25;Lleida;Cataluña;451707,0;18,62;40,35;23,454;2,5;29,7;80,3;16,41;23538,0;24853,0;21954,0;59,12;56,09;5,13;37826,0;19250,0;127,58;118,19;3,167;117011,21;1145,195;92,959;3,666;26,99;0,489;28,063;0,826;1;1769,16;5,695;6,447;0,752;6,013
2015T1;27;Lugo;Galicia;338430,0;16,829;36,98;34,393;2,4;32,0;96,2;1,11;16806,0;18410,0;15004,0;50,86;42,31;16,8;24946,0;13650,0;98,76;90,33;2,613;66941,7;815,8;61,178;1,265;51,4;0,213;24,017;0,361;0;814,267;3,538;4,342;0,803;3,876
2015T2;27;Lugo;Galicia;338430,0;16,829;36,98;34,393;2,4;32,0;96,2;1,11;16806,0;18410,0;15004,0;51,3;42,87;16,45;24946,0;13650,0;100,86;93,72;2,507;66710,04;849,1;62,645;1,628;49,55;0,26;30,843;0,817;0;833,792;3,623;4,446;0,822;3,969
2015T3;27;Lugo;Galicia;338430,0;16,829;36,98;34,393;2,4;32,0;96,2;1,11;16806,0;18410,0;15004,0;52,17;44,49;14,73;24946,0;13650,0;99,61;90,26;2,45;70380,07;825,3;63,151;1,321;38,93;0,561;32,275;1,323;0;840,527;3,652;4,482;0,829;4,001
2015T4;27;Lugo;Galicia;338430,0;16,829;36,98;34,393;2,4;32,0;96,2;1,11;16806,0;18410,0;15004,0;53,31;44,86;15,85;24946,0;13650,0;100,78;92,907;2,427;68043,65;827,4;62,286;1,486;49,7;0,21;26,094;0,534;0;829,014;3,602;4,42;0,818;3,946
2016T1;27;Lugo;Galicia;335752,0;16,206;37,16;34,727;2,4;32,3;96,2;2,36;16954,0;18554,0;15182,0;53,04;44,27;16,54;25500,0;13650,0;98,09;88,55;2,33;69036,5;851,7;63,195;1,343;37,69;0,381;23,141;0,418;0;841,113;3,627;4,432;0,805;3,969
2016T2;27;Lugo;Galicia;335752,0;16,206;37,16;34,727;2,4;32,3;96,2;2,36;16954,0;18554,0;15182,0;52,89;45,06;14,81;25500,0;13650,0;99,99;92,68;2,323;58883,18;877,7;63,417;1,471;40,49;0,247;29,963;0,844;0;844,067;3,639;4,448;0,808;3,983
2016T3;27;Lugo;Galicia;335752,0;16,206;37,16;34,727;2,4;32,3;96,2;2,36;16954,0;18554,0;15182,0;52,08;44,77;14,04;25500,0;13650,0;99,38;89,743;2,367;72419,01;856,5;63,948;1,281;30,7;0,203;31,402;1,326;0;851,135;3,67;4,485;0,815;4,016
2016T4;27;Lugo;Galicia;335752,0;16,206;37,16;34,727;2,4;32,3;96,2;2,36;16954,0;18554,0;15182,0;50,45;43,52;13,75;25500,0;13650,0;101,78;93,203;2,273;74531,82;840,6;63,578;1,272;30,91;0,354;25,012;0,601;0;846,21;3,649;4,459;0,81;3,993
2017T1;27;Lugo;Galicia;333152,0;15,689;37,37;34,976;2,4;32,4;96,0;3,21;17409,0;18982,0;15678,0;51,3;43,68;14,86;26118,0;14350,0;101,04;90,093;2,237;73898,41;835,7;64,031;1,429;29,83;0,246;23,259;0,355;0;852,24;3,592;4,349;0,757;3,916
2017T2;27;Lugo;Galicia;333152,0;15,689;37,37;34,976;2,4;32,4;96,0;3,21;17409,0;18982,0;15678,0;51,79;44,83;13,44;26118,0;14350,0;102,03;93,773;2,17;73204,14;852,5;64,025;1,279;30,28;0,414;30,026;0,924;0;852,16;3,591;4,348;0,757;3,916
2017T3;27;Lugo;Galicia;333152,0;15,689;37,37;34,976;2,4;32,4;96,0;3,21;17409,0;18982,0;15678,0;52,22;46,42;11,11;26118,0;14350,0;101,22;91,133;2,217;79174,27;856,0;65,054;1,288;24,01;0,21;31,15;1,353;0;865,856;3,649;4,418;0,769;3,979
2017T4;27;Lugo;Galicia;333152,0;15,689;37,37;34,976;2,4;32,4;96,0;3,21;17409,0;18982,0;15678,0;51,32;45,56;11,23;26118,0;14350,0;103,34;94,803;2,153;78648,15;860,7;65,414;1,315;23,97;0,192;25,261;0,64;0;870,647;3,669;4,443;0,773;4,001
2018T1;27;Lugo;Galicia;331128,0;15,263;37,41;35,261;2,4;33,0;95,6;4,44;17959,0;19557,0;16219,0;51,11;46,17;9,67;26977,0;15050,0;101,96;91,97;2,227;73593,86;871,2;66,08;1,631;23,89;0,782;22,954;0,45;0;879,511;3,598;4,338;0,74;3,918
2018T2;27;Lugo;Galicia;331128,0;15,263;37,41;35,261;2,4;33,0;95,6;4,44;17959,0;19557,0;16219,0;51,62;46,67;9,58;26977,0;15050,0;103,88;95,373;2,197;73627,24;876,1;66,534;1,649;22,89;0,504;27,366;0,852;0;885,554;3,622;4,368;0,746;3,945
2018T3;27;Lugo;Galicia;331128,0;15,263;37,41;35,261;2,4;33,0;95,6;4,44;17959,0;19557,0;16219,0;52,03;47,69;8,34;26977,0;15050,0;103,62;92,553;2,167;71203,57;891,8;67,701;1,377;19,3;0,414;28,268;1,229;0;901,087;3,686;4,445;0,759;4,014
2018T4;27;Lugo;Galicia;331128,0;15,263;37,41;35,261;2,4;33,0;95,6;4,44;17959,0;19557,0;16219,0;52,01;47,24;9,16;26977,0;15050,0;104,97;96,513;2,26;69041,28;859,6;68,07;1,362;23,95;0,522;24,844;0,637;0;905,998;3,706;4,469;0,763;4,036
2019T1;27;Lugo;Galicia;329070,0;14,897;37,31;35,694;2,4;33,2;95,1;6,2;18648,0;20201,0;16973,0;49,89;45,44;8,91;28067,0;15750,0;102,9;92,79;2,37;76563,64;832,5;68,432;1,486;21,06;0,343;23,554;0,427;0;910,816;3,607;4,293;0,686;3,907
2019T2;27;Lugo;Galicia;329070,0;14,897;37,31;35,694;2,4;33,2;95,1;6,2;18648,0;20201,0;16973,0;50,62;46,5;8,15;28067,0;15750,0;104,67;96,067;2,35;73987,7;850,3;69,759;1,44;29,11;0,82;28,909;0,953;0;928,478;3,677;4,376;0,699;3,983
2019T3;27;Lugo;Galicia;329070,0;14,897;37,31;35,694;2,4;33,2;95,1;6,2;18648,0;20201,0;16973,0;51,46;47,04;8,6;28067,0;15750,0;103,69;93,19;2,153;73290,84;870,8;70,239;1,246;17,07;0,331;29,726;1,373;0;934,867;3,702;4,406;0,704;4,011
2019T4;27;Lugo;Galicia;329070,0;14,897;37,31;35,694;2,4;33,2;95,1;6,2;18648,0;20201,0;16973,0;52,1;47,0;9,79;28067,0;15750,0;105,18;96,93;1,99;70245,55;844,9;70,736;1,425;23,67;0,371;25,799;0,695;0;941,482;3,728;4,438;0,709;4,039
2020T1;27;Lugo;Galicia;327573,0;14,584;37,14;36,139;2,3;33,6;94,9;3,35;18963,0;20431,0;17384,0;51,15;46,73;8,63;28176,0;15750,0;103,5;92,617;2,03;77529,22;840,0;70,674;1,38;25,89;0,589;21,72;0,333;0;940,657;3,683;4,329;0,646;3,968
2020T2;27;Lugo;Galicia;327573,0;14,584;37,14;36,139;2,3;33,6;94,9;3,35;18963,0;20431,0;17384,0;49,51;44,94;9,22;28176,0;15750,0;103,63;93,307;1,907;85050,0;838,3;71,621;0,757;29,84;0,705;5,553;0,053;0;953,261;3,733;4,387;0,654;4,022
2020T3;27;Lugo;Galicia;327573,0;14,584;37,14;36,139;2,3;33,6;94,9;3,35;18963,0;20431,0;17384,0;52,09;47,37;9,05;28176,0;15750,0;103,02;92,713;1,937;75371,79;854,2;71,588;1,252;26,34;0,345;24,285;0,641;0;952,822;3,731;4,385;0,654;4,02
2020T4;27;Lugo;Galicia;327573,0;14,584;37,14;36,139;2,3;33,6;94,9;3,35;18963,0;20431,0;17384,0;52,07;47,77;8,25;28176,0;15750,0;104,48;97,763;1,8;80363,64;869,9;71,558;1,578;22,05;0,336;19,585;0,21;0;952,422;3,729;4,383;0,654;4,018
2021T1;27;Lugo;Galicia;326068,0;14,294;37,02;36,554;2,3;34,2;94,8;3,59;19823,0;21377,0;18181,0;52,05;47,53;8,68;29158,0;16450,0;104,02;94,957;1,72;70843,67;854,0;72,261;1,727;26,11;0,592;16,807;0,137;0;961,779;3,599;4,232;0,633;3,881
2021T2;27;Lugo;Galicia;326068,0;14,294;37,02;36,554;2,3;34,2;94,8;3,59;19823,0;21377,0;18181,0;52,64;47,55;9,66;29158,0;16450,0;106,72;100,28;1,62;80034,72;876,0;74,125;1,641;24,49;0,371;23,201;0,419;0;986,589;3,692;4,341;0,649;3,982
2021T3;27;Lugo;Galicia;326068,0;14,294;37,02;36,554;2,3;34,2;94,8;3,59;19823,0;21377,0;18181,0;53,03;48,64;8,26;29158,0;16450,0;107,08;99,757;1,593;79147,73;880,7;75,731;1,997;26,42;0,374;28,81;1,394;0;1007,964;3,772;4,435;0,663;4,068
2021T4;27;Lugo;Galicia;326068,0;14,294;37,02;36,554;2,3;34,2;94,8;3,59;19823,0;21377,0;18181,0;51,3;46,74;8,89;29158,0;16450,0;110,68;105,007;1,543;76765,28;892,0;76,447;2,058;28,17;0,202;23,873;0,577;0;1017,494;3,808;4,477;0,669;4,106
2022T1;27;Lugo;Galicia;324240,0;14,112;36,78;37,02;2,3;34,8;94,1;10,85;20788,0;22315,0;19192,0;51,14;45,75;10,53;30709,0;17150,0;112,92;105,46;1,597;81498,8;887,3;78,248;2,011;24,85;0,426;21,318;0,363;0;1041,465;3,734;4,341;0,608;4,008
2022T2;27;Lugo;Galicia;324240,0;14,112;36,78;37,02;2,3;34,8;94,1;10,85;20788,0;22315,0;19192,0;51,83;47,2;8,92;30709,0;17150,0;117,84;114,52;1,737;82636,86;911,5;79,813;1,801;20,55;0,259;27,391;0,922;0;1062,295;3,808;4,428;0,62;4,088
2022T3;27;Lugo;Galicia;324240,0;14,112;36,78;37,02;2,3;34,8;94,1;10,85;20788,0;22315,0;19192,0;51,32;47,07;8,29;30709,0;17150,0;118,71;110,537;2,143;209967,82;900,6;80,336;2,208;23,32;0,432;30,682;1,475;0;1069,256;3,833;4,457;0,624;4,115
2022T4;27;Lugo;Galicia;324240,0;14,112;36,78;37,02;2,3;34,8;94,1;10,85;20788,0;22315,0;19192,0;52,41;47,82;8,76;30709,0;17150,0;119,06;115,007;2,867;89988,98;881,7;79,87;2,008;22,27;0,382;25,074;0,617;0;1063,053;3,811;4,431;0,62;4,091
2023T1;27;Lugo;Galicia;324267,0;14,048;36,81;36,99;2,3;35,1;93,3;11,71;21939,0;23588,0;20231,0;52,56;48,04;8,59;32837,0;18550,0;119,28;112,827;3,593;85670,21;915,5;80,876;1,98;21,03;0,21;21,944;0,415;0;1076,443;3,651;4,257;0,606;3,925
2023T2;27;Lugo;Galicia;324267,0;14,048;36,81;36,99;2,3;35,1;93,3;11,71;21939,0;23588,0;20231,0;52,69;48,54;7,86;32837,0;18550,0;120,92;116,6;3,887;102953,22;928,3;82,301;1,798;19,04;1,036;30,249;1,034;0;1095,41;3,715;4,332;0,616;3,994
2023T3;27;Lugo;Galicia;324267,0;14,048;36,81;36,99;2,3;35,1;93,3;11,71;21939,0;23588,0;20231,0;52,97;48,02;9,34;32837,0;18550,0;122,15;112,777;4,057;80980,0;961,9;83,998;1,53;18,55;0,311;32,204;1,489;0;1117,996;3,792;4,421;0,629;4,077
2023T4;27;Lugo;Galicia;324267,0;14,048;36,81;36,99;2,3;35,1;93,3;11,71;21939,0;23588,0;20231,0;51,42;47,77;7,09;32837,0;18550,0;122,87;117,607;4,03;83165,49;948,4;82,611;1,813;18,71;0,324;25,724;0,662;0;1099,536;3,729;4,348;0,619;4,009
2024T1;27;Lugo;Galicia;325048,0;14,048;36,81;36,99;2,3;35,1;93,3;13,1;22704,0;24272,0;21093,0;51,97;48,29;7,07;32837,0;18550,0;123,54;113,317;3,693;76611,11;970,9;85,008;2,781;32,96;0,372;23,336;0,469;1;1131,439;3,729;4,291;0,562;3,987
2024T2;27;Lugo;Galicia;325048,0;14,048;36,81;36,99;2,3;35,1;93,3;13,1;22704,0;24272,0;21093,0;52,41;48,4;7,64;32837,0;18550,0;125,43;117,41;3,55;80403,95;955,9;87,831;2,0;19,69;0,541;30,062;1,072;1;1169,013;3,853;4,434;0,581;4,119
2024T3;27;Lugo;Galicia;325048,0;14,048;36,81;36,99;2,3;35,1;93,3;13,1;22704,0;24272,0;21093,0;52,27;48,79;6,66;32837,0;18550,0;124,92;114,163;3,45;76700,6;986,9;90,172;2,052;24,74;0,449;32,479;1,608;1;1200,171;3,956;4,552;0,596;4,229
2024T4;27;Lugo;Galicia;325048,0;14,048;36,81;36,99;2,3;35,1;93,3;13,1;22704,0;24272,0;21093,0;51,94;48,31;6,99;32837,0;18550,0;125,44;118,19;3,167;85382,65;996,4;91,324;2,47;26,77;0,917;26,458;0,739;1;1215,504;4,006;4,61;0,604;4,283
2015T1;28;Madrid;Madrid, Comunidad de;6375737,0;19,938;42,03;19,479;2,7;25,5;87,7;-0,04;24734,0;28284,0;20824,0;64,56;53,08;17,79;37225,0;17150,0;99,14;90,33;2,613;145923,04;2044,1;47,981;2,307;28,76;0,392;16,714;0,721;0;1985,768;5,617;7,629;2,012;6,423
2015T2;28;Madrid;Madrid, Comunidad de;6375737,0;19,938;42,03;19,479;2,7;25,5;87,7;-0,04;24734,0;28284,0;20824,0;65,06;53,56;17,66;37225,0;17150,0;100,69;93,72;2,507;142687,79;2078,0;50,403;1,986;21,71;0,555;16,666;0,928;0;2086,006;5,9;8,014;2,114;6,747
2015T3;28;Madrid;Madrid, Comunidad de;6375737,0;19,938;42,03;19,479;2,7;25,5;87,7;-0,04;24734,0;28284,0;20824,0;63,93;53,53;16,27;37225,0;17150,0;99,96;90,26;2,45;152963,45;2075,7;50,98;2,073;21,46;0,54;16,229;0,873;0;2109,886;5,968;8,106;2,138;6,824
2015T4;28;Madrid;Madrid, Comunidad de;6375737,0;19,938;42,03;19,479;2,7;25,5;87,7;-0,04;24734,0;28284,0;20824,0;64,75;54,06;16,51;37225,0;17150,0;100,21;92,907;2,427;153884,34;2101,9;51,177;1,772;22,98;0,489;16,56;0,88;0;2118,039;5,991;8,137;2,146;6,851
2016T1;28;Madrid;Madrid, Comunidad de;6411466,0;19,407;42,16;19,844;2,7;25,6;87,8;2,74;24886,0;28562,0;20850,0;64,24;53,44;16,81;38297,0;17150,0;98,54;88,55;2,33;146741,49;2129,6;52,655;2,354;25,49;0,83;16,473;0,78;0;2179,209;6,104;8,361;2,258;7,005
2016T2;28;Madrid;Madrid, Comunidad de;6411466,0;19,407;42,16;19,844;2,7;25,6;87,8;2,74;24886,0;28562,0;20850,0;64,03;53,63;16,25;38297,0;17150,0;99,71;92,68;2,323;149334,72;2178,2;54,312;2,444;22,93;0,671;16,488;0,906;0;2247,786;6,296;8,625;2,329;7,226
2016T3;28;Madrid;Madrid, Comunidad de;6411466,0;19,407;42,16;19,844;2,7;25,6;87,8;2,74;24886,0;28562,0;20850,0;63,15;53,55;15,19;38297,0;17150,0;99,71;89,743;2,367;157220,07;2165,4;54,963;2,37;21,47;0,701;16,281;0,9;0;2274,729;6,371;8,728;2,357;7,312
2016T4;28;Madrid;Madrid, Comunidad de;6411466,0;19,407;42,16;19,844;2,7;25,6;87,8;2,74;24886,0;28562,0;20850,0;63,18;53,96;14,6;38297,0;17150,0;101,0;93,203;2,273;156641,95;2203,3;55,791;2,044;21,42;0,632;16,592;0,882;0;2308,997;6,467;8,859;2,392;7,423
2017T1;28;Madrid;Madrid, Comunidad de;6459297,0;18,983;42,22;20,189;2,7;25,6;87,4;6,69;25120,0;28787,0;21112,0;62,67;53,75;14,23;38983,0;17850,0;100,86;90,093;2,237;157945,19;2234,5;58,26;2,625;21,34;0,729;16,634;0,817;0;2411,18;6,701;9,137;2,436;7,679
2017T2;28;Madrid;Madrid, Comunidad de;6459297,0;18,983;42,22;20,189;2,7;25,6;87,4;6,69;25120,0;28787,0;21112,0;62,64;54,47;13,04;38983,0;17850,0;101,59;93,773;2,17;160064,7;2263,6;60,215;2,869;22,82;0,854;16,837;1,006;0;2492,091;6,926;9,443;2,518;7,937
2017T3;28;Madrid;Madrid, Comunidad de;6459297,0;18,983;42,22;20,189;2,7;25,6;87,4;6,69;25120,0;28787,0;21112,0;62,85;55,09;12,35;38983,0;17850,0;101,23;91,133;2,217;164034,87;2305,2;61,75;2,807;21,79;0,749;16,444;0,955;0;2555,619;7,102;9,684;2,582;8,139
2017T4;28;Madrid;Madrid, Comunidad de;6459297,0;18,983;42,22;20,189;2,7;25,6;87,4;6,69;25120,0;28787,0;21112,0;63,32;54,62;13,75;38983,0;17850,0;102,42;94,803;2,153;170596,6;2354,9;62,437;2,601;23,08;0,879;16,684;0,939;0;2584,052;7,181;9,792;2,611;8,229
2018T1;28;Madrid;Madrid, Comunidad de;6529923,0;18,838;42,14;20,5;2,7;25,7;86,8;11,19;25904,0;29573,0;21906,0;63,27;54,79;13,4;40929,0;18550,0;101,91;91,97;2,227;168926,64;2413,2;64,175;2,873;20,93;0,918;16,584;0,839;0;2655,982;7,185;9,7;2,515;8,203
2018T2;28;Madrid;Madrid, Comunidad de;6529923,0;18,838;42,14;20,5;2,7;25,7;86,8;11,19;25904,0;29573,0;21906,0;62,84;55,25;12,08;40929,0;18550,0;103,31;95,373;2,197;173450,78;2481,5;66,306;3,077;21,09;1,034;17,019;0,989;0;2744,177;7,423;10,022;2,598;8,475
2018T3;28;Madrid;Madrid, Comunidad de;6529923,0;18,838;42,14;20,5;2,7;25,7;86,8;11,19;25904,0;29573,0;21906,0;62,53;55,11;11,86;40929,0;18550,0;103,38;92,553;2,167;178410,79;2496,7;68,473;3,089;22,62;0,983;17,151;0,954;0;2833,861;7,666;10,349;2,683;8,752
2018T4;28;Madrid;Madrid, Comunidad de;6529923,0;18,838;42,14;20,5;2,7;25,7;86,8;11,19;25904,0;29573,0;21906,0;62,94;55,68;11,54;40929,0;18550,0;104,35;96,513;2,26;183395,36;2546,0;68,417;2,692;24,24;0,753;17,243;0,975;0;2831,544;7,66;10,341;2,681;8,745
2019T1;28;Madrid;Madrid, Comunidad de;6618078,0;18,936;41,98;20,745;2,7;25,6;85,9;14,03;26721,0;30439,0;22685,0;62,71;55,37;11,7;42058,0;19250,0;103,39;92,79;2,37;150095,36;2612,7;70,41;2,981;26,57;1,062;17,176;0,863;0;2914,027;7,659;10,276;2,618;8,724
2019T2;28;Madrid;Madrid, Comunidad de;6618078,0;18,936;41,98;20,745;2,7;25,6;85,9;14,03;26721,0;30439,0;22685,0;62,86;56,23;10,54;42058,0;19250,0;104,52;96,067;2,35;177929,46;2610,3;70,588;2,756;21,27;1,026;17,454;1,037;0;2921,394;7,678;10,302;2,624;8,746
2019T3;28;Madrid;Madrid, Comunidad de;6618078,0;18,936;41,98;20,745;2,7;25,6;85,9;14,03;26721,0;30439,0;22685,0;62,37;55,97;10,26;42058,0;19250,0;104,03;93,19;2,153;188601,92;2611,1;71,625;2,624;20,83;0,743;17,111;0,993;0;2964,312;7,791;10,454;2,663;8,875
2019T4;28;Madrid;Madrid, Comunidad de;6618078,0;18,936;41,98;20,745;2,7;25,6;85,9;14,03;26721,0;30439,0;22685,0;63,4;57,06;9,99;42058,0;19250,0;104,97;96,93;1,99;176186,97;2671,7;70,425;2,488;24,59;0,784;17,361;0,984;0;2914,648;7,66;10,279;2,618;8,726
2020T1;28;Madrid;Madrid, Comunidad de;6720310,0;19,168;41,84;20,914;2,7;26,1;85,9;6,31;26801,0;30389,0;22890,0;62,96;56,28;10,6;41830,0;19250,0;103,95;92,617;2,03;162790,05;2637,2;72,18;2,658;25,49;0,693;15,824;0,675;0;2987,281;7,864;10,44;2,576;8,917
2020T2;28;Madrid;Madrid, Comunidad de;6720310,0;19,168;41,84;20,914;2,7;26,1;85,9;6,31;26801,0;30389,0;22890,0;60,48;52,85;12,61;41830,0;19250,0;104,07;93,307;1,907;184764,15;2589,0;71,758;1,722;23,71;0,585;1,964;0,042;0;2969,816;7,818;10,379;2,561;8,865
2020T3;28;Madrid;Madrid, Comunidad de;6720310,0;19,168;41,84;20,914;2,7;26,1;85,9;6,31;26801,0;30389,0;22890,0;61,79;53,6;13,25;41830,0;19250,0;103,45;92,713;1,937;196093,13;2610,3;72,495;2,069;33,37;0,654;8,421;0,201;0;3000,318;7,898;10,486;2,588;8,956
2020T4;28;Madrid;Madrid, Comunidad de;6720310,0;19,168;41,84;20,914;2,7;26,1;85,9;6,31;26801,0;30389,0;22890,0;63,33;54,76;13,53;41830,0;19250,0;103,96;97,763;1,8;196287,02;2573,6;71,463;2,262;28,01;0,719;10,14;0,188;0;2957,607;7,786;10,337;2,551;8,828
2021T1;28;Madrid;Madrid, Comunidad de;6726640,0;19,191;42,02;20,947;2,6;26,4;85,9;4,87;27981,0;31585,0;24074,0;63,24;55,5;12,24;43037,0;19950,0;104,35;94,957;1,72;190786,07;2598,6;72,159;2,898;30,54;0,503;10,386;0,219;0;2986,412;7,564;9,924;2,36;8,538
2021T2;28;Madrid;Madrid, Comunidad de;6726640,0;19,191;42,02;20,947;2,6;26,4;85,9;4,87;27981,0;31585,0;24074,0;63,53;55,78;12,2;43037,0;19950,0;106,11;100,28;1,62;202499,18;2661,4;73,122;3,097;27,03;0,801;12,886;0,346;0;3026,267;7,665;10,057;2,391;8,652
2021T3;28;Madrid;Madrid, Comunidad de;6726640,0;19,191;42,02;20,947;2,6;26,4;85,9;4,87;27981,0;31585,0;24074,0;63,52;55,81;12,13;43037,0;19950,0;106,61;99,757;1,593;201065,16;2684,9;74,552;3,251;22,9;0,79;14,464;0,554;0;3085,45;7,815;10,253;2,438;8,822
2021T4;28;Madrid;Madrid, Comunidad de;6726640,0;19,191;42,02;20,947;2,6;26,4;85,9;4,87;27981,0;31585,0;24074,0;63,02;56,61;10,18;43037,0;19950,0;109,72;105,007;1,543;205256,35;2760,1;75,376;2,786;25,07;0,835;16,365;0,757;0;3119,553;7,901;10,367;2,465;8,919
2022T1;28;Madrid;Madrid, Comunidad de;6743254,0;19,222;41,85;21,368;2,6;26,6;85,2;20,11;29447,0;33295,0;25324,0;63,65;56,19;11,72;45726,0;21350,0;111,83;105,46;1,597;210407,31;2846,2;77,543;3,331;25,74;0,864;16,491;0,645;0;3209,237;7,711;10,138;2,427;8,719
2022T2;28;Madrid;Madrid, Comunidad de;6743254,0;19,222;41,85;21,368;2,6;26,6;85,2;20,11;29447,0;33295,0;25324,0;63,5;56,71;10,7;45726,0;21350,0;115,13;114,52;1,737;206456,76;2899,7;78,442;3,247;20,13;0,754;16,795;0,903;0;3246,444;7,8;10,256;2,455;8,82
2022T3;28;Madrid;Madrid, Comunidad de;6743254,0;19,222;41,85;21,368;2,6;26,6;85,2;20,11;29447,0;33295,0;25324,0;62,91;55,91;11,11;45726,0;21350,0;116,09;110,537;2,143;205593,43;2873,9;80,228;3,061;19,67;0,81;16,609;0,844;0;3320,36;7,978;10,489;2,511;9,021
2022T4;28;Madrid;Madrid, Comunidad de;6743254,0;19,222;41,85;21,368;2,6;26,6;85,2;20,11;29447,0;33295,0;25324,0;63,15;55,99;11,33;45726,0;21350,0;115,95;115,007;2,867;214268,78;2888,1;79,103;2,745;22,13;0,862;17,181;0,901;0;3273,8;7,866;10,342;2,476;8,894
2023T1;28;Madrid;Madrid, Comunidad de;6871903,0;19,857;41,42;21,472;2,6;26,4;84,5;21,9;30769,0;34621,0;26673,0;63,26;56,41;10,83;48806,0;22050,0;116,7;112,827;3,593;210362,25;2978,3;79,919;2,892;24,5;0,726;17,027;0,798;0;3307,572;7,643;9,92;2,277;8,6
2023T2;28;Madrid;Madrid, Comunidad de;6871903,0;19,857;41,42;21,472;2,6;26,4;84,5;21,9;30769,0;34621,0;26673,0;63,42;57,65;9,11;48806,0;22050,0;117,88;116,6;3,887;208298,38;2978,6;81,641;2,71;24,04;0,503;17,078;0,977;0;3378,839;7,808;10,134;2,327;8,785
2023T3;28;Madrid;Madrid, Comunidad de;6871903,0;19,857;41,42;21,472;2,6;26,4;84,5;21,9;30769,0;34621,0;26673,0;63,11;56,65;10,24;48806,0;22050,0;118,99;112,777;4,057;198887,55;3008,1;83,52;2,397;19,08;0,704;17,436;0,943;0;3456,605;7,987;10,367;2,38;8,987
2023T4;28;Madrid;Madrid, Comunidad de;6871903,0;19,857;41,42;21,472;2,6;26,4;84,5;21,9;30769,0;34621,0;26673,0;63,19;57,1;9,64;48806,0;22050,0;119,41;117,607;4,03;191133,43;3080,0;82,634;2,18;20,14;0,608;17,434;0,959;0;3419,936;7,903;10,257;2,355;8,892
2024T1;28;Madrid;Madrid, Comunidad de;7009268,0;19,857;41,42;21,472;2,6;26,4;84,5;16,26;31911,0;35873,0;27731,0;63,27;57,46;9,19;48806,0;22050,0;119,99;113,317;3,693;167057,64;3116,7;84,621;2,635;22,16;0,756;17,444;0,856;1;3502,171;7,81;10,103;2,293;8,78
2024T2;28;Madrid;Madrid, Comunidad de;7009268,0;19,857;41,42;21,472;2,6;26,4;84,5;16,26;31911,0;35873,0;27731,0;62,71;57,39;8,48;48806,0;22050,0;121,88;117,41;3,55;205799,52;3198,0;87,504;2,502;19,95;0,857;17,683;1,018;1;3621,489;8,076;10,447;2,371;9,079
2024T3;28;Madrid;Madrid, Comunidad de;7009268,0;19,857;41,42;21,472;2,6;26,4;84,5;16,26;31911,0;35873,0;27731,0;63,13;57,04;9,65;48806,0;22050,0;121,53;114,163;3,45;222274,13;3274,6;89,567;2,886;18,07;0,756;17,524;0,953;1;3706,869;8,267;10,694;2,427;9,293
2024T4;28;Madrid;Madrid, Comunidad de;7009268,0;19,857;41,42;21,472;2,6;26,4;84,5;16,26;31911,0;35873,0;27731,0;63,48;58,03;8,58;48806,0;22050,0;122,33;118,19;3,167;226028,85;3370,5;91,164;3,097;25,35;0,49;17,646;0,994;1;3772,963;8,414;10,884;2,47;9,459
2015T1;52;Melilla;Melilla;85009,0;24,406;37,02;10,881;3,2;18,6;84,5;0,17;21002,0;23134,0;17853,0;58,11;37,54;35,4;35196,0;11550,0;98,99;90,33;2,613;126719,01;1505,1;48,782;1,576;20,15;0,423;9,964;0,407;0;1402,296;4,849;6,284;1,434;5,342
2015T2;52;Melilla;Melilla;85009,0;24,406;37,02;10,881;3,2;18,6;84,5;0,17;21002,0;23134,0;17853,0;57,46;36,58;36,35;35196,0;11550,0;100,64;93,72;2,507;158976,3;1434,4;51,293;1,176;11,0;0,482;9,909;0,443;0;1474,478;5,099;6,607;1,508;5,617
2015T3;52;Melilla;Melilla;85009,0;24,406;37,02;10,881;3,2;18,6;84,5;0,17;21002,0;23134,0;17853,0;57,68;39,57;31,4;35196,0;11550,0;99,62;90,26;2,45;135373,83;1467,9;51,962;1,506;15,63;0,412;9,921;0,48;0;1493,709;5,165;6,693;1,528;5,69
2015T4;52;Melilla;Melilla;85009,0;24,406;37,02;10,881;3,2;18,6;84,5;0,17;21002,0;23134,0;17853,0;55,78;37,57;32,64;35196,0;11550,0;100,75;92,907;2,427;130606,74;1463,0;52,178;1,282;15,6;0,412;9,964;0,409;0;1499,918;5,187;6,721;1,534;5,713
2016T1;52;Melilla;Melilla;85457,0;23,964;37,29;10,982;3,2;18,6;84,5;-0,2;20994,0;22901,0;18146,0;56,76;39,35;30,67;35748,0;12250,0;98,33;88,55;2,33;129651,69;1489,3;52,963;1,194;1,96;0,538;9,876;0,429;0;1522,484;5,318;6,712;1,394;5,802
2016T2;52;Melilla;Melilla;85457,0;23,964;37,29;10,982;3,2;18,6;84,5;-0,2;20994,0;22901,0;18146,0;57,88;38,29;33,84;35748,0;12250,0;100,24;92,68;2,323;133669,12;1468,1;54,31;1,58;5,93;0,491;9,712;0,478;0;1561,205;5,454;6,883;1,429;5,949
2016T3;52;Melilla;Melilla;85457,0;23,964;37,29;10,982;3,2;18,6;84,5;-0,2;20994,0;22901,0;18146,0;59,71;41,07;31,22;35748,0;12250,0;99,46;89,743;2,367;116244,19;1493,5;53,978;1,486;7,87;0,468;9,712;0,533;0;1551,661;5,42;6,841;1,42;5,913
2016T4;52;Melilla;Melilla;85457,0;23,964;37,29;10,982;3,2;18,6;84,5;-0,2;20994,0;22901,0;18146,0;59,85;43,46;27,38;35748,0;12250,0;101,65;93,203;2,273;99938,78;1504,8;53,869;1,474;3,17;0,386;9,712;0,423;0;1548,528;5,409;6,827;1,418;5,901
2017T1;52;Melilla;Melilla;85918,0;23,557;37,56;11,139;3,2;19,0;84,4;1,66;20956,0;22914,0;18080,0;57,92;40,86;29,46;36128,0;12250,0;101,0;90,093;2,237;126315,22;1551,6;55,499;1,28;3,64;0,524;9,753;0,387;0;1595,384;5,57;7,059;1,489;6,09
2017T2;52;Melilla;Melilla;85918,0;23,557;37,56;11,139;3,2;19,0;84,4;1,66;20956,0;22914,0;18080,0;60,25;42,04;30,22;36128,0;12250,0;102,34;93,773;2,17;119026,09;1572,5;56,409;1,653;4,23;0,535;9,753;0,416;0;1621,543;5,661;7,175;1,514;6,19
2017T3;52;Melilla;Melilla;85918,0;23,557;37,56;11,139;3,2;19,0;84,4;1,66;20956,0;22914,0;18080,0;60,02;44,32;26,16;36128,0;12250,0;101,42;91,133;2,217;131183,91;1563,1;56,507;1,467;3,97;0,431;9,753;0,513;0;1624,36;5,671;7,187;1,516;6,201
2017T4;52;Melilla;Melilla;85918,0;23,557;37,56;11,139;3,2;19,0;84,4;1,66;20956,0;22914,0;18080,0;60,72;45,77;24,62;36128,0;12250,0;103,38;94,803;2,153;124566,04;1520,7;58,007;1,385;0,84;0,489;9,753;0,485;0;1667,479;5,822;7,378;1,557;6,366
2018T1;52;Melilla;Melilla;86084,0;23,226;37,7;11,345;3,2;19,2;84,7;4,03;20972,0;22797,0;18338,0;60,92;44,32;27,24;37829,0;12950,0;101,85;91,97;2,227;129951,39;1556,5;58,991;1,777;3,27;0,5;9,735;0,384;0;1695,766;5,951;7,398;1,447;6,469
2018T2;52;Melilla;Melilla;86084,0;23,226;37,7;11,345;3,2;19,2;84,7;4,03;20972,0;22797,0;18338,0;63,88;46,01;27,96;37829,0;12950,0;103,74;95,373;2,197;135422,22;1613,2;60,928;1,963;4,73;0,511;9,735;0,436;0;1751,447;6,146;7,641;1,494;6,681
2018T3;52;Melilla;Melilla;86084,0;23,226;37,7;11,345;3,2;19,2;84,7;4,03;20972,0;22797,0;18338,0;64,46;48,98;24,01;37829,0;12950,0;102,77;92,553;2,167;131964,29;1604,9;61,757;1,615;8,63;0,697;9,692;0,465;0;1775,277;6,23;7,745;1,515;6,772
2018T4;52;Melilla;Melilla;86084,0;23,226;37,7;11,345;3,2;19,2;84,7;4,03;20972,0;22797,0;18338,0;62,03;47,23;23,85;37829,0;12950,0;103,72;96,513;2,26;115020,0;1653,9;62,385;1,394;7,5;0,534;9,735;0,414;0;1793,33;6,293;7,823;1,53;6,841
2019T1;52;Melilla;Melilla;86373,0;23,299;37,9;11,535;3,2;19,2;84,7;8,63;21666,0;23381,0;19177,0;63,33;46,91;25,92;39730,0;13650,0;101,49;92,79;2,37;123800,0;1687,7;63,976;1,389;14,17;0,625;9,702;0,345;0;1839,065;6,293;7,672;1,379;6,791
2019T2;52;Melilla;Melilla;86373,0;23,299;37,9;11,535;3,2;19,2;84,7;8,63;21666,0;23381,0;19177,0;62,05;45,79;26,21;39730,0;13650,0;103,17;96,067;2,35;129101,85;1641,9;63,385;1,494;10,08;0,602;9,702;0,408;0;1822,076;6,234;7,601;1,367;6,728
2019T3;52;Melilla;Melilla;86373,0;23,299;37,9;11,535;3,2;19,2;84,7;8,63;21666,0;23381,0;19177,0;58,41;41,48;28,99;39730,0;13650,0;102,4;93,19;2,153;122009,9;1613,3;65,073;1,69;9,59;0,475;9,66;0,474;0;1870,6;6,4;7,804;1,403;6,907
2019T4;52;Melilla;Melilla;86373,0;23,299;37,9;11,535;3,2;19,2;84,7;8,63;21666,0;23381,0;19177,0;58,08;42,51;26,81;39730,0;13650,0;103,7;96,93;1,99;103612,5;1667,7;64,439;1,343;9,48;0,614;9,702;0,396;0;1852,375;6,338;7,727;1,389;6,84
2020T1;52;Melilla;Melilla;86558,0;23,243;38,0;11,824;3,3;19,5;85,4;3,5;22042,0;23575,0;19844,0;58,29;44,83;23,09;39868,0;13650,0;101,88;92,617;2,03;135473,21;1624,2;65,737;1,71;8,11;0,497;9,15;0,299;0;1889,687;6,413;7,618;1,206;6,858
2020T2;52;Melilla;Melilla;86558,0;23,243;38,0;11,824;3,3;19,5;85,4;3,5;22042,0;23575,0;19844,0;61,15;46,86;23,37;39868,0;13650,0;103,17;93,307;1,907;123455,7;1647,6;66,518;0,913;12,66;0,439;0,0;0,0;0;1912,138;6,489;7,709;1,22;6,94
2020T3;52;Melilla;Melilla;86558,0;23,243;38,0;11,824;3,3;19,5;85,4;3,5;22042,0;23575,0;19844,0;63,99;48,55;24,14;39868,0;13650,0;102,35;92,713;1,937;149591,55;1684,5;68,239;1,317;15,79;0,543;8,426;0,184;0;1961,61;6,657;7,908;1,252;7,12
2020T4;52;Melilla;Melilla;86558,0;23,243;38,0;11,824;3,3;19,5;85,4;3,5;22042,0;23575,0;19844,0;65,54;49,93;23,83;39868,0;13650,0;103,71;97,763;1,8;133044,25;1657,4;67,934;1,756;28,29;0,451;8,468;0,159;0;1952,843;6,627;7,873;1,246;7,088
2021T1;52;Melilla;Melilla;86450,0;23,196;38,26;12,068;3,3;20,3;86,3;-9,01;22311,0;23750,0;20301,0;62,85;45,37;27,81;41846,0;15050,0;103,87;94,957;1,72;124207,41;1647,5;68,899;2,071;24,58;0,497;8,71;0,183;0;1980,583;6,671;7,805;1,133;7,102
2021T2;52;Melilla;Melilla;86450,0;23,196;38,26;12,068;3,3;20,3;86,3;-9,01;22311,0;23750,0;20301,0;59,99;45,44;24,24;41846,0;15050,0;106,55;100,28;1,62;128187,92;1689,0;70,968;2,047;18,08;0,682;9,057;0,215;0;2040,059;6,872;8,039;1,167;7,315
2021T3;52;Melilla;Melilla;86450,0;23,196;38,26;12,068;3,3;20,3;86,3;-9,01;22311,0;23750,0;20301,0;59,03;45,56;22,82;41846,0;15050,0;106,5;99,757;1,593;151092,86;1699,1;72,784;2,221;19,27;0,81;9,273;0,335;0;2092,262;7,048;8,245;1,197;7,502
2021T4;52;Melilla;Melilla;86450,0;23,196;38,26;12,068;3,3;20,3;86,3;-9,01;22311,0;23750,0;20301,0;61,88;45,47;26,51;41846,0;15050,0;110,16;105,007;1,543;133084,51;1670,1;72,791;1,92;15,66;0,682;9,358;0,288;0;2092,463;7,048;8,246;1,197;7,503
2022T1;52;Melilla;Melilla;84932,0;23,632;38,17;12,505;3,2;20,3;86,7;9,4;22354,0;23662,0;20492,0;59,75;44,57;25,41;43422,0;15750,0;112,1;105,46;1,597;143339,39;1737,7;75,437;2,355;21,0;0,683;9,525;0,248;0;2168,525;7,332;8,466;1,134;7,761
2022T2;52;Melilla;Melilla;84932,0;23,632;38,17;12,505;3,2;20,3;86,7;9,4;22354,0;23662,0;20492,0;61,44;43,49;29,21;43422,0;15750,0;116,35;114,52;1,737;126825,0;1772,2;77,168;1,366;12,93;0,648;9,525;0,332;0;2218,285;7,5;8,66;1,16;7,939
2022T3;52;Melilla;Melilla;84932,0;23,632;38,17;12,505;3,2;20,3;86,7;9,4;22354,0;23662,0;20492,0;57,82;44,61;22,84;43422,0;15750,0;117,05;110,537;2,143;158139,39;1765,4;78,1;2,343;15,08;0,565;9,525;0,417;0;2245,076;7,59;8,765;1,174;8,035
2022T4;52;Melilla;Melilla;84932,0;23,632;38,17;12,505;3,2;20,3;86,7;9,4;22354,0;23662,0;20492,0;55,22;40,78;26,15;43422,0;15750,0;118,16;115,007;2,867;133054,55;1814,7;78,632;1,801;17,65;0,542;9,525;0,346;0;2260,369;7,642;8,824;1,182;8,089
2023T1;52;Melilla;Melilla;85493,0;23,69;38,22;12,969;3,2;20,7;87,2;6,71;23275,0;24501,0;21516,0;54,68;37,84;30,8;45989,0;17150,0;119,27;112,827;3,593;131456,9;1797,9;80,139;1,556;20,3;0,901;9,463;0,303;0;2303,69;7,522;8,565;1,044;7,918
2023T2;52;Melilla;Melilla;85493,0;23,69;38,22;12,969;3,2;20,7;87,2;6,71;23275,0;24501,0;21516,0;54,89;42,51;22,55;45989,0;17150,0;121,7;116,6;3,887;140922,33;1814,8;81,908;1,731;22,97;0,55;9,377;0,372;0;2354,542;7,688;8,755;1,067;8,093
2023T3;52;Melilla;Melilla;85493,0;23,69;38,22;12,969;3,2;20,7;87,2;6,71;23275,0;24501,0;21516,0;56,53;43,19;23,61;45989,0;17150,0;122,48;112,777;4,057;130853,93;1886,7;82,686;1,287;15,45;0,433;9,334;0,436;0;2376,906;7,761;8,838;1,077;8,17
2023T4;52;Melilla;Melilla;85493,0;23,69;38,22;12,969;3,2;20,7;87,2;6,71;23275,0;24501,0;21516,0;56,3;39,65;29,57;45989,0;17150,0;122,75;117,607;4,03;140146,67;1846,7;81,138;1,263;13,89;0,503;9,334;0,369;0;2332,407;7,616;8,672;1,057;8,017
2024T1;52;Melilla;Melilla;85985,0;23,69;38,22;12,969;3,2;20,7;87,2;16,98;24572,0;25782,0;22824,0;59,57;40,24;32,44;45989,0;17150,0;122,62;113,317;3,693;150602,15;1914,0;83,911;1,349;16,38;0,663;9,281;0,295;1;2412,12;7,485;8,455;0,97;7,853
2024T2;52;Melilla;Melilla;85985,0;23,69;38,22;12,969;3,2;20,7;87,2;16,98;24572,0;25782,0;22824,0;56,49;40,72;27,93;45989,0;17150,0;125,17;117,41;3,55;140285,71;1916,1;87,789;1,907;21,34;0,756;9,281;0,394;1;2523,598;7,831;8,845;1,015;8,216
2024T3;52;Melilla;Melilla;85985,0;23,69;38,22;12,969;3,2;20,7;87,2;16,98;24572,0;25782,0;22824,0;61,43;44,78;27,09;45989,0;17150,0;124,03;114,163;3,45;137494,38;1867,9;89,24;1,558;11,94;0,57;9,219;0,442;1;2565,309;7,96;8,992;1,032;8,352
2024T4;52;Melilla;Melilla;85985,0;23,69;38,22;12,969;3,2;20,7;87,2;16,98;24572,0;25782,0;22824,0;57,98;43,02;25,8;45989,0;17150,0;125,25;118,19;3,167;143095,24;1915,1;91,042;1,686;13,79;0,605;9,234;0,372;1;2617,109;8,121;9,173;1,052;8,521
2015T1;30;Murcia;Murcia, Región de;1465195,0;21,457;40,5;17,154;2,9;23,3;86,3;-1,29;15798,0;17253,0;13842,0;59,2;43,4;26,69;25819,0;11550,0;98,84;90,33;2,613;77802,83;980,5;59,386;1,68;26,73;0,283;9,776;0,342;0;964,618;4,473;5,575;1,102;4,885
2015T2;30;Murcia;Murcia, Región de;1465195,0;21,457;40,5;17,154;2,9;23,3;86,3;-1,29;15798,0;17253,0;13842,0;60,1;45,22;24,77;25819,0;11550,0;101,0;93,72;2,507;82907,55;987,9;61,348;1,742;17,23;0,273;12,159;0,516;0;996,487;4,621;5,759;1,139;5,046
2015T3;30;Murcia;Murcia, Región de;1465195,0;21,457;40,5;17,154;2,9;23,3;86,3;-1,29;15798,0;17253,0;13842,0;59,18;45,28;23,49;25819,0;11550,0;99,72;90,26;2,45;79245,4;988,6;61,584;2,122;15,18;0,318;12,233;0,671;0;1000,321;4,638;5,781;1,143;5,066
2015T4;30;Murcia;Murcia, Región de;1465195,0;21,457;40,5;17,154;2,9;23,3;86,3;-1,29;15798,0;17253,0;13842,0;59,31;45,36;23,51;25819,0;11550,0;100,44;92,907;2,427;85266,03;996,3;61,064;1,979;14,76;0,246;9,775;0,35;0;991,874;4,599;5,733;1,133;5,023
2016T1;30;Murcia;Murcia, Región de;1468367,0;20,768;40,95;17,425;2,9;23,4;86,5;0,75;15979,0;17516,0;13938,0;58,84;45,83;22,1;26512,0;12250,0;98,25;88,55;2,33;78496,44;988,8;61,093;1,871;16,75;0,369;10,022;0,383;0;992,345;4,532;5,696;1,163;4,968
2016T2;30;Murcia;Murcia, Región de;1468367,0;20,768;40,95;17,425;2,9;23,4;86,5;0,75;15979,0;17516,0;13938,0;59,28;48,19;18,7;26512,0;12250,0;100,05;92,68;2,323;75048,19;984,5;62,181;2,359;16,2;0,321;12,372;0,56;0;1010,018;4,613;5,797;1,184;5,057
2016T3;30;Murcia;Murcia, Región de;1468367,0;20,768;40,95;17,425;2,9;23,4;86,5;0,75;15979,0;17516,0;13938,0;59,35;47,63;19,75;26512,0;12250,0;99,54;89,743;2,367;79924,81;984,2;62,018;1,998;16,29;0,225;12,509;0,731;0;1007,37;4,601;5,782;1,181;5,043
2016T4;30;Murcia;Murcia, Región de;1468367,0;20,768;40,95;17,425;2,9;23,4;86,5;0,75;15979,0;17516,0;13938,0;59,08;48,1;18,58;26512,0;12250,0;101,33;93,203;2,273;84277,78;970,3;61,49;1,761;15,27;0,418;10,493;0,394;0;998,794;4,562;5,733;1,171;5,001
2017T1;30;Murcia;Murcia, Región de;1475275,0;20,223;41,28;17,682;2,9;23,5;86,3;-0,68;16282,0;17913,0;14145,0;59,47;47,97;19,34;27372,0;12950,0;100,84;90,093;2,237;78346,54;973,7;61,644;2,165;15,25;0,408;10,243;0,381;0;1001,295;4,472;5,663;1,191;4,92
2017T2;30;Murcia;Murcia, Región de;1475275,0;20,223;41,28;17,682;2,9;23,5;86,3;-0,68;16282,0;17913,0;14145,0;59,6;49,19;17,47;27372,0;12950,0;101,71;93,773;2,17;75622,57;971,4;62,348;2,261;13,82;0,437;12,468;0,577;0;1012,73;4,523;5,728;1,205;4,976
2017T3;30;Murcia;Murcia, Región de;1475275,0;20,223;41,28;17,682;2,9;23,5;86,3;-0,68;16282,0;17913,0;14145,0;59,66;48,86;18,11;27372,0;12950,0;100,54;91,133;2,217;76670,29;967,9;63,119;2,425;17,25;0,291;13,321;0,756;0;1025,254;4,579;5,799;1,22;5,037
2017T4;30;Murcia;Murcia, Región de;1475275,0;20,223;41,28;17,682;2,9;23,5;86,3;-0,68;16282,0;17913,0;14145,0;59,34;49,13;17,21;27372,0;12950,0;102,24;94,803;2,153;78287,83;990,1;62,628;2,087;14,88;0,378;10,472;0,417;0;1017,278;4,543;5,753;1,21;4,998
2018T1;30;Murcia;Murcia, Región de;1478718,0;19,895;41,48;17,816;2,8;23,7;85,9;5,97;16828,0;18534,0;14626,0;58,93;47,97;18,6;28531,0;13650,0;101,33;91,97;2,227;79449,49;990,5;63,325;2,689;17,83;0,533;10,406;0,421;0;1028,6;4,44;5,626;1,186;4,89
2018T2;30;Murcia;Murcia, Región de;1478718,0;19,895;41,48;17,816;2,8;23,7;85,9;5,97;16828,0;18534,0;14626,0;59,51;49,81;16,29;28531,0;13650,0;103,21;95,373;2,197;81253,74;985,8;63,983;2,85;16,23;0,611;12,846;0,594;0;1039,288;4,486;5,685;1,199;4,941
2018T3;30;Murcia;Murcia, Región de;1478718,0;19,895;41,48;17,816;2,8;23,7;85,9;5,97;16828,0;18534,0;14626,0;59,25;49,57;16,33;28531,0;13650,0;102,72;92,553;2,167;89022,9;963,1;65,586;2,963;14,76;0,544;13,199;0,752;0;1065,326;4,598;5,827;1,229;5,065
2018T4;30;Murcia;Murcia, Región de;1478718,0;19,895;41,48;17,816;2,8;23,7;85,9;5,97;16828,0;18534,0;14626,0;59,56;50,14;15,83;28531,0;13650,0;103,74;96,513;2,26;81214,85;976,9;65,432;2,614;18,42;0,567;10,819;0,445;0;1062,824;4,588;5,813;1,226;5,053
2019T1;30;Murcia;Murcia, Región de;1491312,0;19,787;41,51;18,045;2,8;23,8;85,3;10,07;17460,0;19214,0;15225,0;58,67;49,8;15,12;29932,0;13650,0;102,09;92,79;2,37;84075,14;1003,1;66,144;2,867;16,44;0,654;10,612;0,415;0;1074,39;4,473;5,645;1,172;4,923
2019T2;30;Murcia;Murcia, Región de;1491312,0;19,787;41,51;18,045;2,8;23,8;85,3;10,07;17460,0;19214,0;15225,0;59,09;51,2;13,36;29932,0;13650,0;103,78;96,067;2,35;82234,0;997,4;67,51;2,796;18,51;0,579;13,389;0,622;0;1096,578;4,566;5,762;1,196;5,024
2019T3;30;Murcia;Murcia, Región de;1491312,0;19,787;41,51;18,045;2,8;23,8;85,3;10,07;17460,0;19214,0;15225,0;59,08;50,71;14,16;29932,0;13650,0;102,74;93,19;2,153;79969,01;989,3;67,982;2,922;15,84;0,42;13,339;0,757;0;1104,245;4,598;5,802;1,205;5,06
2019T4;30;Murcia;Murcia, Región de;1491312,0;19,787;41,51;18,045;2,8;23,8;85,3;10,07;17460,0;19214,0;15225,0;59,64;50,06;16,08;29932,0;13650,0;104,07;96,93;1,99;81643,65;974,0;68,452;2,595;16,25;0,42;10,397;0,4;0;1111,879;4,629;5,842;1,213;5,095
2020T1;30;Murcia;Murcia, Región de;1509077,0;19,849;41,53;18,184;2,8;24,0;85,4;4,35;17914,0;19504,0;15857,0;59,01;49,3;16,46;30171,0;14350,0;102,8;92,617;2,03;81816,55;982,6;68,351;3,075;17,93;0,429;8,584;0,287;0;1110,238;4,554;5,601;1,047;4,958
2020T2;30;Murcia;Murcia, Región de;1509077,0;19,849;41,53;18,184;2,8;24,0;85,4;4,35;17914,0;19504,0;15857,0;56,88;47,99;15,62;30171,0;14350,0;103,08;93,307;1,907;84408,22;948,3;69,449;1,667;19,52;0,351;2,369;0,037;0;1128,073;4,627;5,691;1,064;5,038
2020T3;30;Murcia;Murcia, Región de;1509077,0;19,849;41,53;18,184;2,8;24,0;85,4;4,35;17914,0;19504,0;15857,0;60,65;50,22;17,21;30171,0;14350,0;102,25;92,713;1,937;86815,26;957,7;70,047;2,612;20,25;0,38;9,76;0,304;0;1137,787;4,667;5,74;1,073;5,081
2020T4;30;Murcia;Murcia, Región de;1509077,0;19,849;41,53;18,184;2,8;24,0;85,4;4,35;17914,0;19504,0;15857,0;58,81;49,75;15,39;30171,0;14350,0;103,48;97,763;1,8;81886,3;977,6;70,528;2,6;18,07;0,582;6,345;0,113;0;1145,6;4,699;5,78;1,081;5,116
2021T1;30;Murcia;Murcia, Región de;1518279,0;19,808;41,56;18,412;2,8;24,3;85,2;5,56;18696,0;20312,0;16641,0;59,28;49,27;16,88;31262,0;15050,0;103,41;94,957;1,72;81569,04;981,1;70,724;3,002;17,95;0,715;5,653;0,1;0;1148,783;4,525;5,523;0,998;4,916
2021T2;30;Murcia;Murcia, Región de;1518279,0;19,808;41,56;18,412;2,8;24,3;85,2;5,56;18696,0;20312,0;16641,0;60,21;52,01;13,62;31262,0;15050,0;105,72;100,28;1,62;84208,51;1000,0;72,482;3,229;20,05;0,656;7,923;0,233;0;1177,339;4,637;5,66;1,023;5,038
2021T3;30;Murcia;Murcia, Región de;1518279,0;19,808;41,56;18,412;2,8;24,3;85,2;5,56;18696,0;20312,0;16641,0;61,42;52,09;15,2;31262,0;15050,0;105,56;99,757;1,593;87939,28;985,8;74,451;3,463;18,66;0,515;11,312;0,59;0;1209,322;4,763;5,814;1,051;5,175
2021T4;30;Murcia;Murcia, Región de;1518279,0;19,808;41,56;18,412;2,8;24,3;85,2;5,56;18696,0;20312,0;16641,0;59,84;51,95;13,19;31262,0;15050,0;109,24;105,007;1,543;86245,83;1027,1;75,199;3,337;18,52;0,605;8,586;0,32;0;1221,472;4,811;5,872;1,061;5,227
2022T1;30;Murcia;Murcia, Región de;1529658,0;19,889;41,49;18,612;2,8;24,5;85,1;15,24;19469,0;21157,0;17354,0;59,34;51,25;13,64;32743,0;15750,0;111,64;105,46;1,597;88802,31;1044,9;77,436;3,901;18,23;0,824;8,316;0,276;0;1257,808;4,756;5,798;1,042;5,168
2022T2;30;Murcia;Murcia, Región de;1529658,0;19,889;41,49;18,612;2,8;24,5;85,1;15,24;19469,0;21157,0;17354,0;59,78;52,29;12,53;32743,0;15750,0;115,72;114,52;1,737;91108,17;1016,4;79,256;3,647;16,1;0,607;12,192;0,567;0;1287,37;4,868;5,935;1,067;5,29
2022T3;30;Murcia;Murcia, Región de;1529658,0;19,889;41,49;18,612;2,8;24,5;85,1;15,24;19469,0;21157,0;17354,0;59,53;50,51;15,16;32743,0;15750,0;116,77;110,537;2,143;93058,26;1030,5;79,708;3,959;16,18;0,639;12,791;0,713;0;1294,712;4,896;5,968;1,073;5,32
2022T4;30;Murcia;Murcia, Región de;1529658,0;19,889;41,49;18,612;2,8;24,5;85,1;15,24;19469,0;21157,0;17354,0;59,57;51,82;13,01;32743,0;15750,0;117,15;115,007;2,867;92706,12;1025,6;78,815;3,329;16,3;0,852;9,812;0,376;0;1280,207;4,841;5,902;1,061;5,26
2023T1;30;Murcia;Murcia, Región de;1551692,0;20,077;41,41;18,765;2,8;24,8;84,9;11,49;20552,0;22313,0;18366,0;59,29;51,2;13,65;34951,0;16450,0;117,84;112,827;3,593;91447,65;1048,6;78,759;3,911;17,68;0,76;9,255;0,35;0;1279,297;4,587;5,572;0,986;4,98
2023T2;30;Murcia;Murcia, Región de;1551692,0;20,077;41,41;18,765;2,8;24,8;84,9;11,49;20552,0;22313,0;18366,0;59,39;51,99;12,46;34951,0;16450,0;119,37;116,6;3,887;90576,94;1030,9;80,369;3,329;19,2;0,68;12,706;0,592;0;1305,449;4,68;5,686;1,006;5,082
2023T3;30;Murcia;Murcia, Región de;1551692,0;20,077;41,41;18,765;2,8;24,8;84,9;11,49;20552,0;22313,0;18366,0;60,41;52,24;13,53;34951,0;16450,0;120,45;112,777;4,057;86278,62;1054,7;81,524;3,524;18,0;0,726;13,325;0,722;0;1324,21;4,748;5,768;1,02;5,155
2023T4;30;Murcia;Murcia, Región de;1551692,0;20,077;41,41;18,765;2,8;24,8;84,9;11,49;20552,0;22313,0;18366,0;59,26;52,47;11,46;34951,0;16450,0;120,84;117,607;4,03;87967,41;1095,4;81,841;3,107;19,02;0,65;10,176;0,397;0;1329,359;4,766;5,791;1,024;5,175
2024T1;30;Murcia;Murcia, Región de;1568492,0;20,077;41,41;18,765;2,8;24,8;84,9;11,92;21483,0;23234,0;19327,0;59,44;51,74;12,95;34951,0;16450,0;121,67;113,317;3,693;92982,16;1101,7;83,261;3,768;20,0;0,756;10,15;0,398;1;1352,424;4,657;5,598;0,941;5,036
2024T2;30;Murcia;Murcia, Región de;1568492,0;20,077;41,41;18,765;2,8;24,8;84,9;11,92;21483,0;23234,0;19327,0;60,12;52,52;12,63;34951,0;16450,0;123,51;117,41;3,55;87811,76;1098,5;86,389;3,303;20,17;0,847;13,322;0,604;1;1403,233;4,832;5,808;0,977;5,225
2024T3;30;Murcia;Murcia, Región de;1568492,0;20,077;41,41;18,765;2,8;24,8;84,9;11,92;21483,0;23234,0;19327,0;60,33;53,12;11,95;34951,0;16450,0;122,76;114,163;3,45;93249,05;1095,3;88,875;4,026;20,29;0,573;13,734;0,758;1;1443,613;4,971;5,976;1,005;5,376
2024T4;30;Murcia;Murcia, Región de;1568492,0;20,077;41,41;18,765;2,8;24,8;84,9;11,92;21483,0;23234,0;19327,0;59,06;51,15;13,4;34951,0;16450,0;123,4;118,19;3,167;100651,81;1132,0;91,378;3,917;18,98;0,709;10,878;0,434;1;1484,27;5,111;6,144;1,033;5,527
2015T1;29;Málaga;Andalucía;1629179,0;20,504;41,97;18,351;2,6;28,3;85,3;2,15;15377,0;17177,0;13332,0;60,34;40,8;32,37;23102,0;11550,0;98,92;90,33;2,613;108332,8;1487,2;53,938;3,699;23,66;0,404;40,313;1,66;0;1452,739;6,766;8,717;1,951;7,558
2015T2;29;Málaga;Andalucía;1629179,0;20,504;41,97;18,351;2,6;28,3;85,3;2,15;15377,0;17177,0;13332,0;60,96;42,7;29,95;23102,0;11550,0;100,85;93,72;2,507;104711,27;1481,3;56,15;3,734;21,16;0,578;57,189;3,3;0;1512,316;7,043;9,075;2,031;7,868
2015T3;29;Málaga;Andalucía;1629179,0;20,504;41,97;18,351;2,6;28,3;85,3;2,15;15377,0;17177,0;13332,0;60,34;42,86;28,97;23102,0;11550,0;99,84;90,26;2,45;109521,13;1524,5;56,783;3,999;20,37;0,718;59,624;4,402;0;1529,365;7,123;9,177;2,054;7,957
2015T4;29;Málaga;Andalucía;1629179,0;20,504;41,97;18,351;2,6;28,3;85,3;2,15;15377,0;17177,0;13332,0;58,91;43,02;26,98;23102,0;11550,0;100,39;92,907;2,427;126301,4;1520,2;56,39;3,639;19,56;0,542;43,097;2,134;0;1518,78;7,074;9,114;2,04;7,902
2016T1;29;Málaga;Andalucía;1638378,0;19,885;42,35;18,643;2,6;28,4;85,7;0,8;15651,0;17453,0;13607,0;59,48;42,81;28,03;23736,0;11550,0;98,33;88,55;2,33;106923,68;1539,8;56,881;3,799;18,62;0,584;41,253;1,889;0;1532,004;7,022;9,007;1,985;7,831
2016T2;29;Málaga;Andalucía;1638378,0;19,885;42,35;18,643;2,6;28,4;85,7;0,8;15651,0;17453,0;13607,0;57,47;42,56;25,94;23736,0;11550,0;99,98;92,68;2,323;132205,91;1565,2;57,602;4,554;19,53;0,77;58,765;3,494;0;1551,423;7,111;9,121;2,01;7,93
2016T3;29;Málaga;Andalucía;1638378,0;19,885;42,35;18,643;2,6;28,4;85,7;0,8;15651,0;17453,0;13607,0;57,92;43,29;25,26;23736,0;11550,0;99,74;89,743;2,367;128283,68;1531,0;57,552;4,023;17,45;0,783;60,317;4,535;0;1550,077;7,105;9,113;2,008;7,923
2016T4;29;Málaga;Andalucía;1638378,0;19,885;42,35;18,643;2,6;28,4;85,7;0,8;15651,0;17453,0;13607,0;56,12;42,09;25,0;23736,0;11550,0;101,57;93,203;2,273;122435,72;1587,4;57,569;3,888;15,07;0,873;43,391;2,306;0;1550,535;7,107;9,116;2,009;7,926
2017T1;29;Málaga;Andalucía;1644147,0;19,344;42,64;18,944;2,6;28,2;85,5;0,35;15939,0;17795,0;13842,0;56,48;41,68;26,2;24743,0;12250,0;101,26;90,093;2,237;124564,96;1615,9;58,076;4,703;21,84;1,199;40,492;1,787;0;1564,19;7,032;9,04;2,008;7,851
2017T2;29;Málaga;Andalucía;1644147,0;19,344;42,64;18,944;2,6;28,2;85,5;0,35;15939,0;17795,0;13842,0;56,15;43,83;21,94;24743,0;12250,0;102,14;93,773;2,17;118145,77;1611,5;58,983;4,833;15,15;1,196;58,389;3,628;0;1588,619;7,142;9,181;2,04;7,973
2017T3;29;Málaga;Andalucía;1644147,0;19,344;42,64;18,944;2,6;28,2;85,5;0,35;15939,0;17795,0;13842,0;55,83;44,17;20,88;24743,0;12250,0;101,57;91,133;2,217;115422,32;1615,2;59,674;4,792;19,35;1,022;60,038;4,438;0;1607,23;7,226;9,289;2,063;8,067
2017T4;29;Málaga;Andalucía;1644147,0;19,344;42,64;18,944;2,6;28,2;85,5;0,35;15939,0;17795,0;13842,0;55,74;44,18;20,73;24743,0;12250,0;103,45;94,803;2,153;134193,39;1649,5;60,148;4,447;16,63;1,033;43,845;2,276;0;1619,996;7,283;9,363;2,08;8,131
2018T1;29;Málaga;Andalucía;1650068,0;18,989;42,79;19,197;2,6;28,4;84,8;3,85;16527,0;18420,0;14403,0;56,15;43,74;22,11;26076,0;12950,0;102,44;91,97;2,227;129027,91;1680,7;60,438;4,848;17,08;1,276;42,266;1,901;0;1627,807;7,07;9,041;1,972;7,88
2018T2;29;Málaga;Andalucía;1650068,0;18,989;42,79;19,197;2,6;28,4;84,8;3,85;16527,0;18420,0;14403,0;58,01;46,29;20,21;26076,0;12950,0;104,25;95,373;2,197;132759,08;1714,8;61,785;5,322;16,79;1,75;58,802;3,538;0;1664,086;7,227;9,243;2,016;8,055
2018T3;29;Málaga;Andalucía;1650068,0;18,989;42,79;19,197;2,6;28,4;84,8;3,85;16527,0;18420,0;14403,0;57,31;47,06;17,88;26076,0;12950,0;104,01;92,553;2,167;132931,15;1734,1;62,889;5,068;19,61;1,138;60,645;4,37;0;1693,821;7,356;9,408;2,052;8,199
2018T4;29;Málaga;Andalucía;1650068,0;18,989;42,79;19,197;2,6;28,4;84,8;3,85;16527,0;18420,0;14403,0;56,78;47,38;16,56;26076,0;12950,0;105,13;96,513;2,26;139003,35;1786,1;63,535;4,542;20,42;1,885;44,275;2,21;0;1711,22;7,432;9,505;2,073;8,283
2019T1;29;Málaga;Andalucía;1660348,0;18,78;42,95;19,388;2,6;28,3;84,0;11,44;17390,0;19354,0;15183,0;56,95;47,01;17,46;27439,0;13650,0;103,69;92,79;2,37;147266,16;1768,9;64,023;4,849;21,54;2,126;42,07;1,887;0;1724,363;7,128;9,086;1,958;7,933
2019T2;29;Málaga;Andalucía;1660348,0;18,78;42,95;19,388;2,6;28,3;84,0;11,44;17390,0;19354,0;15183,0;56,86;47,04;17,27;27439,0;13650,0;105,28;96,067;2,35;145030,58;1815,1;65,216;4,55;16,43;1,913;58,38;3,583;0;1756,495;7,26;9,255;1,995;8,08
2019T3;29;Málaga;Andalucía;1660348,0;18,78;42,95;19,388;2,6;28,3;84,0;11,44;17390,0;19354,0;15183,0;57,27;46,91;18,09;27439,0;13650,0;104,46;93,19;2,153;144588,28;1825,2;66,605;4,178;16,61;1,14;61,141;4,495;0;1793,906;7,415;9,452;2,037;8,253
2019T4;29;Málaga;Andalucía;1660348,0;18,78;42,95;19,388;2,6;28,3;84,0;11,44;17390,0;19354,0;15183,0;56,54;46,5;17,75;27439,0;13650,0;105,67;96,93;1,99;142912,31;1834,9;66,17;4,402;19,84;1,258;45,514;2,305;0;1782,19;7,367;9,39;2,024;8,199
2020T1;29;Málaga;Andalucía;1683380,0;18,621;43,05;19,668;2,6;28,4;83,9;6,96;16946,0;18784,0;14855,0;56,79;45,77;19,4;27084,0;13650,0;104,46;92,617;2,03;136925,55;1808,9;66,665;4,13;19,51;1,334;38,591;1,558;0;1795,522;7,647;9,67;2,023;8,476
2020T2;29;Málaga;Andalucía;1683380,0;18,621;43,05;19,668;2,6;28,4;83,9;6,96;16946,0;18784,0;14855,0;53,85;43,04;20,06;27084,0;13650,0;104,65;93,307;1,907;138106,54;1811,2;66,762;2,406;20,74;0,713;3,502;0,045;0;1798,134;7,658;9,684;2,026;8,489
2020T3;29;Málaga;Andalucía;1683380,0;18,621;43,05;19,668;2,6;28,4;83,9;6,96;16946,0;18784,0;14855,0;57,11;44,2;22,6;27084,0;13650,0;104,06;92,713;1,937;167797,09;1788,6;67,435;3,513;28,45;0,971;41,734;1,351;0;1816,261;7,735;9,781;2,046;8,574
2020T4;29;Málaga;Andalucía;1683380,0;18,621;43,05;19,668;2,6;28,4;83,9;6,96;16946,0;18784,0;14855,0;57,43;46,34;19,32;27084,0;13650,0;105,17;97,763;1,8;152613,44;1810,5;67,267;3,772;29,72;0,777;18,849;0,244;0;1811,736;7,716;9,757;2,041;8,553
2021T1;29;Málaga;Andalucía;1696955,0;18,471;43,17;19,978;2,5;28,8;83,3;8,2;18112,0;20003,0;15992,0;56,15;43,41;22,68;28574,0;14350,0;105,39;94,957;1,72;158350,53;1804,3;67,099;4,266;28,56;0,999;15,429;0,176;0;1807,211;7,228;9,041;1,813;7,982
2021T2;29;Málaga;Andalucía;1696955,0;18,471;43,17;19,978;2,5;28,8;83,3;8,2;18112,0;20003,0;15992,0;56,85;45,99;19,1;28574,0;14350,0;107,77;100,28;1,62;162486,6;1852,1;69,143;4,278;21,97;1,07;28,144;0,862;0;1862,263;7,448;9,316;1,868;8,226
2021T3;29;Málaga;Andalucía;1696955,0;18,471;43,17;19,978;2,5;28,8;83,3;8,2;18112,0;20003,0;15992,0;58,06;46,48;19,95;28574,0;14350,0;107,91;99,757;1,593;159685,66;1924,3;71,51;5,453;28,02;1,222;57,374;3,539;0;1926,015;7,703;9,635;1,932;8,507
2021T4;29;Málaga;Andalucía;1696955,0;18,471;43,17;19,978;2,5;28,8;83,3;8,2;18112,0;20003,0;15992,0;58,66;46,93;19,98;28574,0;14350,0;111,46;105,007;1,543;171589,04;1921,6;72,659;5,532;25,73;1,479;40,178;1,757;0;1956,961;7,827;9,79;1,963;8,644
2022T1;29;Málaga;Andalucía;1715109,0;18,361;43,12;20,414;2,5;28,9;82,4;21,01;19443,0;21514,0;17170,0;56,68;45,16;20,31;30644,0;15750,0;113,76;105,46;1,597;175566,39;1980,8;74,402;6,375;23,78;1,407;37,793;1,413;0;2003,906;7,452;9,337;1,885;8,245
2022T2;29;Málaga;Andalucía;1715109,0;18,361;43,12;20,414;2,5;28,9;82,4;21,01;19443,0;21514,0;17170,0;57,0;46,73;18,01;30644,0;15750,0;117,81;114,52;1,737;173629,59;2015,7;76,202;6,246;21,99;1,146;57,095;3,5;0;2052,387;7,632;9,563;1,931;8,445
2022T3;29;Málaga;Andalucía;1715109,0;18,361;43,12;20,414;2,5;28,9;82,4;21,01;19443,0;21514,0;17170,0;57,56;48,32;16,06;30644,0;15750,0;119,38;110,537;2,143;176254,99;2066,1;77,432;6,366;19,44;1,384;59,546;4,29;0;2085,515;7,755;9,717;1,962;8,581
2022T4;29;Málaga;Andalucía;1715109,0;18,361;43,12;20,414;2,5;28,9;82,4;21,01;19443,0;21514,0;17170,0;57,22;46,13;19,39;30644,0;15750,0;119,45;115,007;2,867;175558,25;2072,4;77,353;5,287;17,67;1,627;42,426;2,126;0;2083,387;7,747;9,707;1,96;8,572
2023T1;29;Málaga;Andalucía;1752728,0;18,583;42,97;20,62;2,5;29,1;81,9;12,7;20648,0;22804,0;18301,0;57,75;46,94;18,73;33868,0;16450,0;120,53;112,827;3,593;169508,5;2152,1;77,521;5,324;20,11;1,182;39,559;1,744;0;2087,912;7,325;9,127;1,802;8,09
2023T2;29;Málaga;Andalucía;1752728,0;18,583;42,97;20,62;2,5;29,1;81,9;12,7;20648,0;22804,0;18301,0;58,29;48,94;16,04;33868,0;16450,0;122,39;116,6;3,887;158083,13;2187,0;79,633;5,106;20,13;1,228;57,611;3,618;0;2144,795;7,524;9,376;1,851;8,31
2023T3;29;Málaga;Andalucía;1752728,0;18,583;42,97;20,62;2,5;29,1;81,9;12,7;20648,0;22804,0;18301,0;58,91;49,42;16,12;33868,0;16450,0;123,24;112,777;4,057;201088,44;2230,4;81,928;4,681;18,6;1,107;60,459;4,38;0;2206,608;7,741;9,646;1,905;8,549
2023T4;29;Málaga;Andalucía;1752728,0;18,583;42,97;20,62;2,5;29,1;81,9;12,7;20648,0;22804,0;18301,0;58,36;48,79;16,4;33868,0;16450,0;124,15;117,607;4,03;180599,19;2272,8;81,449;4,295;21,15;1,156;47,302;2,49;0;2193,707;7,696;9,589;1,894;8,499
2024T1;29;Málaga;Andalucía;1774701,0;18,583;42,97;20,62;2,5;29,1;81,9;11,87;21479,0;23691,0;19090,0;58,08;48,31;16,83;33868,0;16450,0;124,42;113,317;3,693;191591,4;2327,4;83,656;4,535;27,83;1,162;43,839;2,132;1;2253,149;7,608;9,442;1,834;8,392
2024T2;29;Málaga;Andalucía;1774701,0;18,583;42,97;20,62;2,5;29,1;81,9;11,87;21479,0;23691,0;19090,0;58,82;51,41;12,59;33868,0;16450,0;126,62;117,41;3,55;185083,57;2400,7;87,224;4,976;27,97;1,302;57,447;3,619;1;2349,248;7,933;9,845;1,912;8,75
2024T3;29;Málaga;Andalucía;1774701,0;18,583;42,97;20,62;2,5;29,1;81,9;11,87;21479,0;23691,0;19090,0;58,4;51,35;12,06;33868,0;16450,0;126,44;114,163;3,45;206839,71;2440,1;90,574;4,965;28,27;1,108;59,464;4,279;1;2439,475;8,238;10,223;1,985;9,086
2024T4;29;Málaga;Andalucía;1774701,0;18,583;42,97;20,62;2,5;29,1;81,9;11,87;21479,0;23691,0;19090,0;56,28;49,1;12,76;33868,0;16450,0;127,33;118,19;3,167;197652,06;2522,2;92,35;5,413;37,96;1,772;46,255;2,395;1;2487,309;8,399;10,424;2,024;9,264
2015T1;31;Navarra;Navarra, Comunidad Foral de;637317,0;18,615;40,52;22,234;2,6;27,7;91,4;-0,6;24864,0;28169,0;21104,0;58,68;49,49;15,66;38267,0;20100,0;98,9;90,33;2,613;103607,92;1306,8;60,412;1,578;28,13;0,523;17,319;0,405;1;1308,999;3,718;4,962;1,245;4,212
2015T2;31;Navarra;Navarra, Comunidad Foral de;637317,0;18,615;40,52;22,234;2,6;27,7;91,4;-0,6;24864,0;28169,0;21104,0;58,56;51,21;12,55;38267,0;20100,0;100,82;93,72;2,507;104744,68;1340,1;62,073;1,928;26,69;0,603;19,224;0,732;1;1344,989;3,82;5,099;1,279;4,328
2015T3;31;Navarra;Navarra, Comunidad Foral de;637317,0;18,615;40,52;22,234;2,6;27,7;91,4;-0,6;24864,0;28169,0;21104,0;59,29;51,25;13,57;38267,0;20100,0;99,88;90,26;2,45;98970,71;1329,2;61,401;1,646;23,83;0,366;19,117;0,952;1;1330,428;3,778;5,043;1,265;4,281
2015T4;31;Navarra;Navarra, Comunidad Foral de;637317,0;18,615;40,52;22,234;2,6;27,7;91,4;-0,6;24864,0;28169,0;21104,0;58,67;50,73;13,53;38267,0;20100,0;100,4;92,907;2,427;105372,55;1337,9;61,362;1,572;25,95;0,642;17,69;0,578;1;1329,583;3,776;5,04;1,264;4,278
2016T1;31;Navarra;Navarra, Comunidad Foral de;638922,0;18,141;40,64;22,549;2,6;27,8;91,5;2,38;25468,0;28862,0;21634,0;58,8;50,42;14,25;38267,0;20100,0;98,41;88,55;2,33;99473,68;1308,3;61,92;1,955;28,02;0,595;16,293;0,467;1;1341,674;3,719;4,961;1,242;4,214
2016T2;31;Navarra;Navarra, Comunidad Foral de;638922,0;18,141;40,64;22,549;2,6;27,8;91,5;2,38;25468,0;28862,0;21634,0;57,17;49,58;13,27;38267,0;20100,0;100,0;92,68;2,323;98466,12;1311,1;62,158;1,899;25,56;0,995;18,799;0,727;1;1346,831;3,733;4,98;1,247;4,231
2016T3;31;Navarra;Navarra, Comunidad Foral de;638922,0;18,141;40,64;22,549;2,6;27,8;91,5;2,38;25468,0;28862,0;21634,0;59,3;51,94;12,41;38267,0;20100,0;100,07;89,743;2,367;106221,31;1353,4;62,734;1,853;19,85;0,593;19,24;1,031;1;1359,312;3,768;5,027;1,259;4,27
2016T4;31;Navarra;Navarra, Comunidad Foral de;638922,0;18,141;40,64;22,549;2,6;27,8;91,5;2,38;25468,0;28862,0;21634,0;58,91;53,01;10,01;38267,0;20100,0;101,61;93,203;2,273;102629,86;1300,0;62,547;1,542;19,29;0,452;17,636;0,653;1;1355,26;3,757;5,012;1,255;4,257
2017T1;31;Navarra;Navarra, Comunidad Foral de;642075,0;17,804;40,74;22,774;2,6;27,8;90,9;4,69;26329,0;29774,0;22438,0;58,69;52,68;10,25;38267,0;20100,0;101,01;90,093;2,237;109170,66;1342,2;63,128;2,152;24,02;0,617;15,638;0,447;1;1367,849;3,675;4,877;1,202;4,156
2017T2;31;Navarra;Navarra, Comunidad Foral de;642075,0;17,804;40,74;22,774;2,6;27,8;90,9;4,69;26329,0;29774,0;22438,0;59,6;53,31;10,55;38267,0;20100,0;101,65;93,773;2,17;105608,74;1325,4;63,803;2,089;21,77;0,674;17,927;0,826;1;1382,475;3,715;4,929;1,214;4,201
2017T3;31;Navarra;Navarra, Comunidad Foral de;642075,0;17,804;40,74;22,774;2,6;27,8;90,9;4,69;26329,0;29774,0;22438,0;59,34;53,1;10,52;38267,0;20100,0;101,17;91,133;2,217;101354,05;1335,9;64,082;1,951;18,36;0,692;18,743;1,038;1;1388,52;3,731;4,951;1,22;4,219
2017T4;31;Navarra;Navarra, Comunidad Foral de;642075,0;17,804;40,74;22,774;2,6;27,8;90,9;4,69;26329,0;29774,0;22438,0;58,85;53,18;9,63;38267,0;20100,0;102,57;94,803;2,153;106880,46;1353,9;63,886;1,821;21,21;0,632;17,359;0,65;1;1384,273;3,719;4,935;1,216;4,206
2018T1;31;Navarra;Navarra, Comunidad Foral de;646340,0;17,648;40,63;23,019;2,6;27,9;90,2;8,98;26364,0;29810,0;22480,0;58,4;52,25;10,54;38267,0;20100,0;101,73;91,97;2,227;109692,72;1325,1;64,479;2,242;21,95;1,199;16,345;0,489;1;1397,122;3,749;4,972;1,223;4,239
2018T2;31;Navarra;Navarra, Comunidad Foral de;646340,0;17,648;40,63;23,019;2,6;27,9;90,2;8,98;26364,0;29810,0;22480,0;59,52;53,61;9,93;38267,0;20100,0;103,51;95,373;2,197;106421,65;1367,0;66,007;2,421;21,47;0,89;19,038;0,805;1;1430,231;3,838;5,09;1,252;4,34
2018T3;31;Navarra;Navarra, Comunidad Foral de;646340,0;17,648;40,63;23,019;2,6;27,9;90,2;8,98;26364,0;29810,0;22480,0;59,12;53,42;9,65;38267,0;20100,0;103,61;92,553;2,167;110232,88;1376,7;66,838;2,599;29,05;0,845;19,138;1,025;1;1448,237;3,887;5,154;1,267;4,395
2018T4;31;Navarra;Navarra, Comunidad Foral de;646340,0;17,648;40,63;23,019;2,6;27,9;90,2;8,98;26364,0;29810,0;22480,0;59,33;53,4;9,99;38267,0;20100,0;104,48;96,513;2,26;107541,45;1383,7;66,458;2,178;25,07;1,437;17,659;0,685;1;1440,003;3,864;5,125;1,26;4,37
2019T1;31;Navarra;Navarra, Comunidad Foral de;652797,0;17,756;40,49;23,134;2,6;28,0;89,3;9,75;27491,0;31050,0;23510,0;57,76;53,03;8,19;38267,0;20100,0;103,26;92,79;2,37;115856,75;1417,2;67,663;2,293;24,98;0,669;16,272;0,488;1;1466,113;3,777;4,989;1,211;4,266
2019T2;31;Navarra;Navarra, Comunidad Foral de;652797,0;17,756;40,49;23,134;2,6;28,0;89,3;9,75;27491,0;31050,0;23510,0;59,28;54,79;7,58;38267,0;20100,0;105,02;96,067;2,35;110109,01;1412,2;68,578;2,324;20,76;1,573;19,25;0,845;1;1485,939;3,829;5,056;1,228;4,324
2019T3;31;Navarra;Navarra, Comunidad Foral de;652797,0;17,756;40,49;23,134;2,6;28,0;89,3;9,75;27491,0;31050,0;23510,0;58,86;54,04;8,19;38267,0;20100,0;104,5;93,19;2,153;113797,23;1439,9;68,89;2,1;27,57;1,762;19,7;1,052;1;1492,699;3,846;5,079;1,233;4,344
2019T4;31;Navarra;Navarra, Comunidad Foral de;652797,0;17,756;40,49;23,134;2,6;28,0;89,3;9,75;27491,0;31050,0;23510,0;58,64;53,35;9,01;38267,0;20100,0;105,41;96,93;1,99;122103,32;1467,5;68,6;2,031;28,58;0,437;17,585;0,679;1;1486,415;3,83;5,058;1,228;4,326
2020T1;31;Navarra;Navarra, Comunidad Foral de;659907,0;17,876;40,33;23,299;2,6;28,2;89,2;3,19;27996,0;31600,0;23980,0;57,45;52,54;8,55;38267,0;20100,0;103,79;92,617;2,03;110510,18;1434,3;69,84;2,359;29,61;1,024;14,292;0,366;1;1513,284;3,831;5,048;1,217;4,324
2020T2;31;Navarra;Navarra, Comunidad Foral de;659907,0;17,876;40,33;23,299;2,6;28,2;89,2;3,19;27996,0;31600,0;23980,0;55,74;50,12;10,08;38267,0;20100,0;103,97;93,307;1,907;111842,57;1396,3;69,409;1,297;22,08;0,47;4,883;0,062;1;1503,945;3,807;5,017;1,21;4,298
2020T3;31;Navarra;Navarra, Comunidad Foral de;659907,0;17,876;40,33;23,299;2,6;28,2;89,2;3,19;27996,0;31600,0;23980,0;57,25;51,56;9,94;38267,0;20100,0;103,5;92,713;1,937;126657,67;1396,2;70,085;1,781;30,13;0,693;16,329;0,484;1;1518,592;3,845;5,066;1,222;4,339
2020T4;31;Navarra;Navarra, Comunidad Foral de;659907,0;17,876;40,33;23,299;2,6;28,2;89,2;3,19;27996,0;31600,0;23980,0;58,07;51,3;11,65;38267,0;20100,0;104,49;97,763;1,8;119883,07;1408,0;69,001;2,02;22,13;0,849;13,147;0,206;1;1495,104;3,785;4,988;1,203;4,272
2021T1;31;Navarra;Navarra, Comunidad Foral de;662032,0;17,939;40,25;23,457;2,6;28,6;88,9;4,13;28456,0;32090,0;24410,0;57,5;50,88;11,51;38267,0;20100,0;104,66;94,957;1,72;122637,87;1418,5;70,001;2,587;35,79;1,441;13,679;0,219;0;1516,772;3,781;4,971;1,19;4,264
2021T2;31;Navarra;Navarra, Comunidad Foral de;662032,0;17,939;40,25;23,457;2,6;28,6;88,9;4,13;28456,0;32090,0;24410,0;58,05;52,04;10,36;38267,0;20100,0;107,15;100,28;1,62;120579,54;1410,4;71,197;2,337;25,02;1,501;15,39;0,367;0;1542,687;3,846;5,056;1,21;4,337
2021T3;31;Navarra;Navarra, Comunidad Foral de;662032,0;17,939;40,25;23,457;2,6;28,6;88,9;4,13;28456,0;32090,0;24410,0;58,66;52,19;11,03;38267,0;20100,0;107,31;99,757;1,593;122526,28;1427,6;72,381;2,805;31,83;1,739;17,636;0,85;0;1568,342;3,91;5,14;1,23;4,409
2021T4;31;Navarra;Navarra, Comunidad Foral de;662032,0;17,939;40,25;23,457;2,6;28,6;88,9;4,13;28456,0;32090,0;24410,0;58,48;52,66;9,95;38267,0;20100,0;110,69;105,007;1,543;128517,84;1458,2;72,598;2,163;30,17;0,785;16,471;0,566;0;1573,043;3,922;5,155;1,234;4,422
2022T1;31;Navarra;Navarra, Comunidad Foral de;664514,0;18,09;39,92;23,873;2,6;28,7;88,2;13,82;29712,0;33480,0;25520,0;58,74;52,36;10,86;40760,0;21405,0;112,97;105,46;1,597;126158,49;1509,9;75,43;2,755;34,24;0,974;15,692;0,415;0;1634,407;3,905;5,124;1,218;4,401
2022T2;31;Navarra;Navarra, Comunidad Foral de;664514,0;18,09;39,92;23,873;2,6;28,7;88,2;13,82;29712,0;33480,0;25520,0;58,65;53,31;9,09;40760,0;21405,0;116,95;114,52;1,737;134504,08;1519,8;76,371;2,615;34,52;0,501;18,035;0,756;0;1654,796;3,954;5,187;1,233;4,456
2022T3;31;Navarra;Navarra, Comunidad Foral de;664514,0;18,09;39,92;23,873;2,6;28,7;88,2;13,82;29712,0;33480,0;25520,0;58,36;53,21;8,82;40760,0;21405,0;118,82;110,537;2,143;132456,06;1502,3;77,299;2,57;27,63;0,387;18,353;0,946;0;1674,904;4,002;5,25;1,248;4,51
2022T4;31;Navarra;Navarra, Comunidad Foral de;664514,0;18,09;39,92;23,873;2,6;28,7;88,2;13,82;29712,0;33480,0;25520,0;59,14;53,13;10,17;40760,0;21405,0;118,95;115,007;2,867;129074,04;1547,2;77,835;2,29;29,89;0,71;16,931;0,624;0;1686,518;4,03;5,287;1,257;4,541
2023T1;31;Navarra;Navarra, Comunidad Foral de;672155,0;18,434;39,68;23,968;2,6;28,9;87,6;11,19;31150,0;35020,0;26840,0;58,48;51,33;12,22;42714,0;22387,0;119,05;112,827;3,593;133723,19;1560,5;79,773;2,418;29,29;1,269;15,499;0,451;0;1728,51;3,949;5,152;1,203;4,439
2023T2;31;Navarra;Navarra, Comunidad Foral de;672155,0;18,434;39,68;23,968;2,6;28,9;87,6;11,19;31150,0;35020,0;26840,0;58,52;53,32;8,88;42714,0;22387,0;120,8;116,6;3,887;131456,52;1580,5;80,677;2,532;38,37;1,634;17,972;0,808;0;1748,098;3,993;5,21;1,217;4,489
2023T3;31;Navarra;Navarra, Comunidad Foral de;672155,0;18,434;39,68;23,968;2,6;28,9;87,6;11,19;31150,0;35020,0;26840,0;59,31;53,72;9,43;42714,0;22387,0;122,26;112,777;4,057;135320,79;1569,7;83,192;2,248;37,06;0,543;18,154;0,954;0;1802,593;4,118;5,373;1,255;4,629
2023T4;31;Navarra;Navarra, Comunidad Foral de;672155,0;18,434;39,68;23,968;2,6;28,9;87,6;11,19;31150,0;35020,0;26840,0;58,84;53,39;9,25;42714,0;22387,0;122,59;117,607;4,03;134523,09;1605,3;81,474;2,208;38,07;0,594;17,098;0,649;0;1765,367;4,033;5,262;1,229;4,534
2024T1;31;Navarra;Navarra, Comunidad Foral de;678333,0;18,434;39,68;23,968;2,6;28,9;87,6;10,71;32400,0;36380,0;28010,0;58,75;53,57;8,82;42714,0;22387,0;122,53;113,317;3,693;107762,68;1643,6;85,858;3,131;29,52;0,678;15,832;0,474;1;1860,359;4,091;5,313;1,222;4,593
2024T2;31;Navarra;Navarra, Comunidad Foral de;678333,0;18,434;39,68;23,968;2,6;28,9;87,6;10,71;32400,0;36380,0;28010,0;59,55;55,13;7,42;42714,0;22387,0;124,75;117,41;3,55;131205,06;1677,5;88,99;2,552;33,8;1,558;18,327;0,793;1;1928,223;4,24;5,507;1,267;4,761
2024T3;31;Navarra;Navarra, Comunidad Foral de;678333,0;18,434;39,68;23,968;2,6;28,9;87,6;10,71;32400,0;36380,0;28010,0;59,35;54,76;7,72;42714,0;22387,0;124,7;114,163;3,45;134914,78;1624,6;92,106;2,592;25,77;0,705;18,255;0,989;1;1995,74;4,389;5,7;1,311;4,928
2024T4;31;Navarra;Navarra, Comunidad Foral de;678333,0;18,434;39,68;23,968;2,6;28,9;87,6;10,71;32400,0;36380,0;28010,0;59,4;55,48;6,6;42714,0;22387,0;125,31;118,19;3,167;142300,07;1672,8;91,989;2,542;30,45;1,095;17,18;0,685;1;1993,205;4,383;5,693;1,31;4,921
2015T1;32;Ourense;Galicia;318288,0;16,264;35,83;36,162;2,3;33,8;95,9;-1,63;16595,0;18069,0;14963,0;48,78;37,36;23,42;23787,0;12950,0;98,99;90,33;2,613;74198,02;961,4;61,178;1,04;33,84;0,261;17,837;0,301;0;944,3;4,181;5,049;0,868;4,552
2015T2;32;Ourense;Galicia;318288,0;16,264;35,83;36,162;2,3;33,8;95,9;-1,63;16595,0;18069,0;14963,0;47,68;37,64;21,06;23787,0;12950,0;100,87;93,72;2,507;111985,65;945,8;62,645;0,858;34,07;0,421;19,382;0,411;0;966,944;4,281;5,17;0,889;4,661
2015T3;32;Ourense;Galicia;318288,0;16,264;35,83;36,162;2,3;33,8;95,9;-1,63;16595,0;18069,0;14963,0;47,41;38,82;18,11;23787,0;12950,0;99,73;90,26;2,45;84778,24;957,2;63,151;1,037;27,88;0,393;20,061;0,598;0;974,754;4,316;5,212;0,896;4,699
2015T4;32;Ourense;Galicia;318288,0;16,264;35,83;36,162;2,3;33,8;95,9;-1,63;16595,0;18069,0;14963,0;47,23;38,36;18,78;23787,0;12950,0;100,41;92,907;2,427;93901,64;983,0;62,286;0,946;29,57;0,242;18,501;0,402;0;961,402;4,257;5,14;0,884;4,635
2016T1;32;Ourense;Galicia;314476,0;15,65;35,84;36,728;2,3;34,1;95,9;1,36;16680,0;18105,0;15111,0;46,52;36,83;20,83;24203,0;13650,0;97,99;88,55;2,33;82487,44;948,7;63,195;1,088;26,9;0,331;18,948;0,37;0;975,433;4,31;5,164;0,854;4,678
2016T2;32;Ourense;Galicia;314476,0;15,65;35,84;36,728;2,3;34,1;95,9;1,36;16680,0;18105,0;15111,0;48,18;38,36;20,39;24203,0;13650,0;99,66;92,68;2,323;80159,53;949,8;63,417;1,199;24,4;0,566;20,448;0,459;0;978,86;4,325;5,182;0,857;4,695
2016T3;32;Ourense;Galicia;314476,0;15,65;35,84;36,728;2,3;34,1;95,9;1,36;16680,0;18105,0;15111,0;48,81;40,17;17,7;24203,0;13650,0;99,36;89,743;2,367;90164,25;944,8;63,948;1,097;21,45;0,735;20,772;0,659;0;987,056;4,361;5,226;0,864;4,734
2016T4;32;Ourense;Galicia;314476,0;15,65;35,84;36,728;2,3;34,1;95,9;1,36;16680,0;18105,0;15111,0;48,45;39,13;19,24;24203,0;13650,0;101,57;93,203;2,273;90201,79;953,8;63,578;1,094;20,93;0,27;19,336;0,451;0;981,345;4,336;5,195;0,859;4,707
2017T1;32;Ourense;Galicia;311385,0;15,132;35,88;37,134;2,3;34,3;95,7;4,24;17109,0;18460,0;15623,0;48,91;38,95;20,36;24730,0;13650,0;101,09;90,093;2,237;82453,74;917,8;64,031;1,278;24,62;0,276;18,243;0,342;0;988,337;4,283;5,061;0,778;4,621
2017T2;32;Ourense;Galicia;311385,0;15,132;35,88;37,134;2,3;34,3;95,7;4,24;17109,0;18460,0;15623,0;47,17;39,37;16,54;24730,0;13650,0;101,89;93,773;2,17;80455,32;946,9;64,025;1,169;22,53;0,437;20,072;0,526;0;988,244;4,283;5,06;0,778;4,621
2017T3;32;Ourense;Galicia;311385,0;15,132;35,88;37,134;2,3;34,3;95,7;4,24;17109,0;18460,0;15623,0;47,8;40,49;15,29;24730,0;13650,0;101,07;91,133;2,217;89423,24;952,3;65,054;1,288;22,44;0,337;20,295;0,675;0;1004,127;4,352;5,142;0,79;4,695
2017T4;32;Ourense;Galicia;311385,0;15,132;35,88;37,134;2,3;34,3;95,7;4,24;17109,0;18460,0;15623,0;47,82;41,28;13,69;24730,0;13650,0;102,85;94,803;2,153;82702,02;937,3;65,414;1,195;23,12;0,279;19,023;0,45;0;1009,684;4,376;5,17;0,795;4,721
2018T1;32;Ourense;Galicia;309290,0;14,758;35,63;37,724;2,3;34,9;95,4;6,99;17614,0;18999,0;16104,0;47,83;41,0;14,27;25642,0;14350,0;101,63;91,97;2,227;83990,83;953,2;66,08;1,458;26,61;0,488;18,613;0,388;0;1019,964;4,295;5,067;0,772;4,633
2018T2;32;Ourense;Galicia;309290,0;14,758;35,63;37,724;2,3;34,9;95,4;6,99;17614,0;18999,0;16104,0;48,32;41,87;13,36;25642,0;14350,0;103,36;95,373;2,197;85738,28;950,6;66,534;1,368;26,0;0,462;19,804;0,514;0;1026,971;4,324;5,102;0,777;4,664
2018T3;32;Ourense;Galicia;309290,0;14,758;35,63;37,724;2,3;34,9;95,4;6,99;17614,0;18999,0;16104,0;48,09;41,24;14,25;25642,0;14350,0;103,23;92,553;2,167;89657,89;918,1;67,701;1,461;24,34;0,375;19,838;0,677;0;1044,984;4,4;5,191;0,791;4,746
2018T4;32;Ourense;Galicia;309290,0;14,758;35,63;37,724;2,3;34,9;95,4;6,99;17614,0;18999,0;16104,0;47,72;41,46;13,12;25642,0;14350,0;104,36;96,513;2,26;85225,0;928,7;68,07;1,406;22,3;0,553;18,768;0,485;0;1050,68;4,424;5,219;0,795;4,772
2019T1;32;Ourense;Galicia;307764,0;14,478;35,48;38,155;2,3;35,0;94,9;7,95;18280,0;19608,0;16844,0;47,89;40,77;14,87;26720,0;15050,0;102,49;92,79;2,37;84476,79;957,4;68,432;1,495;27,83;0,374;18,024;0,384;0;1056,268;4,31;5,017;0,707;4,623
2019T2;32;Ourense;Galicia;307764,0;14,478;35,48;38,155;2,3;35,0;94,9;7,95;18280,0;19608,0;16844,0;47,48;42,29;10,92;26720,0;15050,0;104,02;96,067;2,35;93265,15;955,7;69,759;1,413;22,76;0,344;20,075;0,547;0;1076,75;4,393;5,114;0,721;4,712
2019T3;32;Ourense;Galicia;307764,0;14,478;35,48;38,155;2,3;35,0;94,9;7,95;18280,0;19608,0;16844,0;47,41;41,22;13,06;26720,0;15050,0;103,03;93,19;2,153;83865,92;934,6;70,239;1,17;33,06;0,513;20,279;0,744;0;1084,159;4,423;5,149;0,726;4,745
2019T4;32;Ourense;Galicia;307764,0;14,478;35,48;38,155;2,3;35,0;94,9;7,95;18280,0;19608,0;16844,0;47,74;41,59;12,88;26720,0;15050,0;104,53;96,93;1,99;89437,21;954,5;70,736;1,368;25,42;0,302;19,13;0,529;0;1091,831;4,455;5,186;0,731;4,778
2020T1;32;Ourense;Galicia;306825,0;14,266;35,31;38,511;2,2;35,4;94,7;3,69;18447,0;19576,0;17224,0;47,77;41,49;13,15;26979,0;15750,0;102,98;92,617;2,03;64542,37;942,8;70,674;1,48;23,57;0,355;17,03;0,355;0;1090,874;4,458;5,067;0,609;4,731
2020T2;32;Ourense;Galicia;306825,0;14,266;35,31;38,511;2,2;35,4;94,7;3,69;18447,0;19576,0;17224,0;46,64;40,56;13,04;26979,0;15750,0;103,01;93,307;1,907;87182,32;917,0;71,621;0,763;27,35;0,678;4,284;0,061;0;1105,491;4,518;5,135;0,617;4,794
2020T3;32;Ourense;Galicia;306825,0;14,266;35,31;38,511;2,2;35,4;94,7;3,69;18447,0;19576,0;17224,0;47,93;42,92;10,45;26979,0;15750,0;102,52;92,713;1,937;89500,0;914,9;71,588;1,209;23,45;0,776;18,348;0,464;0;1104,981;4,516;5,132;0,617;4,792
2020T4;32;Ourense;Galicia;306825,0;14,266;35,31;38,511;2,2;35,4;94,7;3,69;18447,0;19576,0;17224,0;47,19;42,35;10,26;26979,0;15750,0;103,84;97,763;1,8;81182,17;920,5;71,558;1,414;23,73;0,505;16,895;0,188;0;1104,518;4,514;5,13;0,616;4,79
2021T1;32;Ourense;Galicia;305297,0;14,075;35,3;38,722;2,2;36,0;94,6;5,4;19398,0;20637,0;18065,0;47,96;42,4;11,59;27727,0;15750,0;103,63;94,957;1,72;86213,56;898,7;72,261;1,408;17,91;0,357;15,043;0,16;0;1115,369;4,324;4,939;0,616;4,6
2021T2;32;Ourense;Galicia;305297,0;14,075;35,3;38,722;2,2;36,0;94,6;5,4;19398,0;20637,0;18065,0;48,16;42,16;12,45;27727,0;15750,0;106,25;100,28;1,62;98539,37;891,3;74,125;1,333;23,83;0,341;17,323;0,324;0;1144,141;4,435;5,067;0,631;4,719
2021T3;32;Ourense;Galicia;305297,0;14,075;35,3;38,722;2,2;36,0;94,6;5,4;19398,0;20637,0;18065,0;48,61;43,91;9,67;27727,0;15750,0;106,83;99,757;1,593;84985,02;890,6;75,731;1,359;19,28;0,347;18,398;0,683;0;1168,93;4,531;5,177;0,645;4,821
2021T4;32;Ourense;Galicia;305297,0;14,075;35,3;38,722;2,2;36,0;94,6;5,4;19398,0;20637,0;18065,0;48,09;43,24;10,08;27727,0;15750,0;110,41;105,007;1,543;92818,18;906,6;76,447;1,33;24,38;0,377;17,723;0,443;0;1179,981;4,574;5,225;0,651;4,866
2022T1;32;Ourense;Galicia;304223,0;13,995;34,98;39,249;2,2;36,3;93,7;12,93;20355,0;21602,0;19041,0;48,43;42,79;11,65;29073,0;16450,0;112,67;105,46;1,597;102116,0;919,2;78,248;1,479;22,44;0,648;17,576;0,334;0;1207,78;4,473;5,074;0,602;4,747
2022T2;32;Ourense;Galicia;304223,0;13,995;34,98;39,249;2,2;36,3;93,7;12,93;20355,0;21602,0;19041,0;48,76;43,55;10,68;29073,0;16450,0;117,35;114,52;1,737;86993,71;929,0;79,813;1,617;22,36;0,394;19,368;0,576;0;1231,937;4,562;5,176;0,614;4,842
2022T3;32;Ourense;Galicia;304223,0;13,995;34,98;39,249;2,2;36,3;93,7;12,93;20355,0;21602,0;19041,0;49,22;43,39;11,84;29073,0;16450,0;118,49;110,537;2,143;93853,9;932,6;80,336;1,611;17,35;0,533;19,881;0,753;0;1240,009;4,592;5,21;0,618;4,874
2022T4;32;Ourense;Galicia;304223,0;13,995;34,98;39,249;2,2;36,3;93,7;12,93;20355,0;21602,0;19041,0;47,61;42,0;11,78;29073,0;16450,0;118,97;115,007;2,867;83523,3;931,4;79,87;1,548;18,68;0,371;18,925;0,513;0;1232,816;4,566;5,18;0,614;4,845
2023T1;32;Ourense;Galicia;304563,0;14,023;34,96;39,225;2,2;36,8;93,0;9,35;21473,0;22773,0;20103,0;47,46;42,1;11,3;31170,0;17850,0;119,09;112,827;3,593;95759,42;960,3;80,876;1,747;19,36;0,315;17,17;0,378;0;1248,344;4,385;4,968;0,582;4,651
2023T2;32;Ourense;Galicia;304563,0;14,023;34,96;39,225;2,2;36,8;93,0;9,35;21473,0;22773,0;20103,0;49,32;44,89;8,98;31170,0;17850,0;120,88;116,6;3,887;72746,67;962,1;82,301;1,553;19,03;0,397;19,231;0,6;0;1270,34;4,463;5,055;0,593;4,733
2023T3;32;Ourense;Galicia;304563,0;14,023;34,96;39,225;2,2;36,8;93,0;9,35;21473,0;22773,0;20103,0;49,1;44,96;8,43;31170,0;17850,0;122,03;112,777;4,057;93099,21;938,7;83,998;1,629;20,36;0,177;19,931;0,758;0;1296,533;4,555;5,16;0,605;4,83
2023T4;32;Ourense;Galicia;304563,0;14,023;34,96;39,225;2,2;36,8;93,0;9,35;21473,0;22773,0;20103,0;49,46;44,73;9,57;31170,0;17850,0;122,83;117,607;4,03;80399,16;929,1;82,611;1,652;19,28;0,378;18,588;0,519;0;1275,125;4,479;5,074;0,595;4,751
2024T1;32;Ourense;Galicia;304467,0;14,023;34,96;39,225;2,2;36,8;93,0;12,68;22294,0;23640,0;20885,0;49,08;43,94;10,46;31170,0;17850,0;123,29;113,317;3,693;90150,0;936,4;85,008;1,754;16,85;0,752;17,207;0,391;1;1312,123;4,44;5,026;0,586;4,708
2024T2;32;Ourense;Galicia;304467,0;14,023;34,96;39,225;2,2;36,8;93,0;12,68;22294,0;23640,0;20885,0;48,32;42,92;11,17;31170,0;17850,0;125,19;117,41;3,55;91579,19;944,4;87,831;1,603;21,11;0,568;19,616;0,588;1;1355,697;4,588;5,193;0,605;4,865
2024T3;32;Ourense;Galicia;304467,0;14,023;34,96;39,225;2,2;36,8;93,0;12,68;22294,0;23640,0;20885,0;49,6;44,37;10,54;31170,0;17850,0;124,3;114,163;3,45;88862,07;973,1;90,172;1,879;20,45;0,348;20,219;0,779;1;1391,831;4,71;5,331;0,621;4,994
2024T4;32;Ourense;Galicia;304467,0;14,023;34,96;39,225;2,2;36,8;93,0;12,68;22294,0;23640,0;20885,0;48,66;42,94;11,75;31170,0;17850,0;125,32;118,19;3,167;92266,51;966,7;91,324;2,444;21,91;0,532;18,166;0,526;1;1409,612;4,77;5,4;0,629;5,058
2015T1;34;Palencia;Castilla y León;165820,0;17,632;39,91;28,864;2,4;32,3;96,2;-0,84;18060,0;20168,0;15482,0;54,73;40,85;25,36;26887,0;15050,0;99,07;90,33;2,613;80391,3;1052,9;61,891;1,773;33,67;0,223;14,731;0,308;0;1031,738;4,093;5,331;1,239;4,57
2015T2;34;Palencia;Castilla y León;165820,0;17,632;39,91;28,864;2,4;32,3;96,2;-0,84;18060,0;20168,0;15482,0;53,83;43,34;19,48;26887,0;15050,0;100,71;93,72;2,507;77312,5;1062,7;63,405;1,441;21,76;0,283;18,598;0,514;0;1056,977;4,193;5,462;1,269;4,682
2015T3;34;Palencia;Castilla y León;165820,0;17,632;39,91;28,864;2,4;32,3;96,2;-0,84;18060,0;20168,0;15482,0;56,67;46,86;17,31;26887,0;15050,0;99,8;90,26;2,45;81497,24;1044,7;62,952;1,857;16,56;0,175;18,92;0,681;0;1049,426;4,163;5,423;1,26;4,649
2015T4;34;Palencia;Castilla y León;165820,0;17,632;39,91;28,864;2,4;32,3;96,2;-0,84;18060,0;20168,0;15482,0;55,64;45,02;19,09;26887,0;15050,0;100,41;92,907;2,427;84145,7;1027,8;62,984;1,628;16,67;0,235;17,3;0,429;0;1049,959;4,165;5,425;1,261;4,651
2016T1;34;Palencia;Castilla y León;164421,0;17,099;39,9;29,39;2,3;32,6;96,3;1,03;18173,0;20367,0;15523,0;54,67;44,85;17,97;27629,0;15750,0;98,11;88,55;2,33;73592,11;1053,1;62,963;1,587;19,92;0,182;15,957;0,378;0;1049,609;4,123;5,409;1,287;4,621
2016T2;34;Palencia;Castilla y León;164421,0;17,099;39,9;29,39;2,3;32,6;96,3;1,03;18173,0;20367,0;15523,0;54,22;45,7;15,73;27629,0;15750,0;99,52;92,68;2,323;82712,92;1009,3;63,753;1,916;15,24;0,298;19,503;0,556;0;1062,778;4,175;5,477;1,303;4,678
2016T3;34;Palencia;Castilla y León;164421,0;17,099;39,9;29,39;2,3;32,6;96,3;1,03;18173,0;20367,0;15523,0;55,61;48,22;13,29;27629,0;15750,0;99,49;89,743;2,367;84485,55;1003,6;63,699;1,666;18,61;0,347;19,357;0,755;0;1061,878;4,171;5,473;1,302;4,675
2016T4;34;Palencia;Castilla y León;164421,0;17,099;39,9;29,39;2,3;32,6;96,3;1,03;18173,0;20367,0;15523,0;54,0;46,51;13,86;27629,0;15750,0;101,38;93,203;2,273;77518,29;1043,6;63,471;1,636;15,99;0,255;16,713;0,467;0;1058,077;4,156;5,453;1,297;4,658
2017T1;34;Palencia;Castilla y León;163221,0;16,552;39,98;29,827;2,3;33,1;96,1;1,65;18469,0;20620,0;15901,0;53,73;46,03;14,32;28036,0;15750,0;100,9;90,093;2,237;81645,71;1011,8;64,277;2,046;22,16;0,251;14,888;0,334;0;1071,514;4,157;5,391;1,234;4,641
2017T2;34;Palencia;Castilla y León;163221,0;16,552;39,98;29,827;2,3;33,1;96,1;1,65;18469,0;20620,0;15901,0;54,48;46,79;14,11;28036,0;15750,0;101,5;93,773;2,17;83851,85;1021,1;64,47;2,01;14,94;0,466;18,441;0,589;0;1074,731;4,17;5,407;1,237;4,655
2017T3;34;Palencia;Castilla y León;163221,0;16,552;39,98;29,827;2,3;33,1;96,1;1,65;18469,0;20620,0;15901,0;54,97;47,82;13,01;28036,0;15750,0;101,04;91,133;2,217;85178,34;989,2;64,374;1,771;9,0;0,349;18,433;0,705;0;1073,131;4,163;5,399;1,236;4,648
2017T4;34;Palencia;Castilla y León;163221,0;16,552;39,98;29,827;2,3;33,1;96,1;1,65;18469,0;20620,0;15901,0;54,89;47,72;13,07;28036,0;15750,0;102,69;94,803;2,153;76069,18;997,1;64,92;1,948;16,67;0,423;16,55;0,453;0;1082,233;4,199;5,445;1,246;4,688
2018T1;34;Palencia;Castilla y León;162064,0;16,169;39,87;30,331;2,3;33,7;95,9;3,03;18895,0;21064,0;16351,0;54,02;47,29;12,44;28971,0;16450,0;101,83;91,97;2,227;86068,97;999,4;65,684;1,968;18,18;0,333;14,519;0,32;0;1094,969;4,159;5,357;1,199;4,636
2018T2;34;Palencia;Castilla y León;162064,0;16,169;39,87;30,331;2,3;33,7;95,9;3,03;18895,0;21064,0;16351,0;54,03;49,1;9,12;28971,0;16450,0;103,4;95,373;2,197;83168,42;966,6;66,904;2,03;10,64;0,216;18,725;0,585;0;1115,306;4,236;5,457;1,221;4,722
2018T3;34;Palencia;Castilla y León;162064,0;16,169;39,87;30,331;2,3;33,7;95,9;3,03;18895,0;21064,0;16351,0;53,46;47,31;11,52;28971,0;16450,0;103,36;92,553;2,167;89151,35;993,6;68,04;1,833;12,12;1,499;18,844;0,77;0;1134,244;4,308;5,549;1,242;4,802
2018T4;34;Palencia;Castilla y León;162064,0;16,169;39,87;30,331;2,3;33,7;95,9;3,03;18895,0;21064,0;16351,0;52,59;44,7;15,0;28971,0;16450,0;104,5;96,513;2,26;86893,33;1019,4;67,992;1,962;13,21;0,29;16,094;0,501;0;1133,444;4,305;5,546;1,241;4,799
2019T1;34;Palencia;Castilla y León;161053,0;15,861;39,68;30,842;2,3;33,8;95,5;3,51;19448,0;21578,0;16981,0;52,5;45,55;13,24;30010,0;17150,0;102,83;92,79;2,37;84522,73;1002,2;68,933;2,155;10,95;0,72;14,625;0,363;0;1149,13;4,26;5,414;1,153;4,727
2019T2;34;Palencia;Castilla y León;161053,0;15,861;39,68;30,842;2,3;33,8;95,5;3,51;19448,0;21578,0;16981,0;52,65;46,12;12,42;30010,0;17150,0;104,38;96,067;2,35;99718,59;987,6;70,466;1,931;10,61;0,528;18,845;0,622;0;1174,686;4,355;5,534;1,179;4,832
2019T3;34;Palencia;Castilla y León;161053,0;15,861;39,68;30,842;2,3;33,8;95,5;3,51;19448,0;21578,0;16981,0;52,98;49,3;6,95;30010,0;17150,0;103,74;93,19;2,153;100421,88;950,5;70,805;2,068;11,41;0,261;18,801;0,764;0;1180,337;4,376;5,561;1,185;4,855
2019T4;34;Palencia;Castilla y León;161053,0;15,861;39,68;30,842;2,3;33,8;95,5;3,51;19448,0;21578,0;16981,0;52,8;47,87;9,35;30010,0;17150,0;104,91;96,93;1,99;91321,27;939,9;71,386;2,148;18,5;0,627;16,394;0,473;0;1190,022;4,412;5,606;1,194;4,895
2020T1;34;Palencia;Castilla y León;160357,0;15,547;39,56;31,331;2,3;34,2;95,4;1,72;19483,0;21469,0;17219,0;53,2;46,48;12,63;30176,0;17150,0;103,49;92,617;2,03;86780,1;956,1;70,949;1,802;12,11;0,642;13,327;0,309;0;1182,737;4,407;5,495;1,088;4,856
2020T2;34;Palencia;Castilla y León;160357,0;15,547;39,56;31,331;2,3;34,2;95,4;1,72;19483,0;21469,0;17219,0;53,24;46,8;12,09;30176,0;17150,0;103,43;93,307;1,907;85482,99;942,0;72,549;1,229;12,69;0,698;0,0;0,0;0;1209,41;4,507;5,619;1,112;4,966
2020T3;34;Palencia;Castilla y León;160357,0;15,547;39,56;31,331;2,3;34,2;95,4;1,72;19483,0;21469,0;17219,0;52,8;46,83;11,32;30176,0;17150,0;102,95;92,713;1,937;82549,13;943,3;72,382;1,939;14,15;0,499;16,185;0,491;0;1206,626;4,496;5,606;1,11;4,955
2020T4;34;Palencia;Castilla y León;160357,0;15,547;39,56;31,331;2,3;34,2;95,4;1,72;19483,0;21469,0;17219,0;54,56;49,3;9,64;30176,0;17150,0;103,86;97,763;1,8;86965,52;931,1;72,332;2,363;7,92;0,393;10,327;0,194;0;1205,792;4,493;5,602;1,109;4,951
2021T1;34;Palencia;Castilla y León;159146,0;15,336;39,48;31,641;2,3;34,8;95,3;2,4;20140,0;22107,0;17912,0;52,25;46,38;11,24;31008,0;17850,0;103,93;94,957;1,72;89415,54;903,8;72,356;2,89;16,74;0,572;8,906;0,135;0;1206,193;4,365;5,387;1,022;4,791
2021T2;34;Palencia;Castilla y León;159146,0;15,336;39,48;31,641;2,3;34,8;95,3;2,4;20140,0;22107,0;17912,0;53,68;48,38;9,87;31008,0;17850,0;106,1;100,28;1,62;86044,61;903,9;74,437;2,733;20,69;0,792;13,08;0,288;0;1240,883;4,49;5,542;1,052;4,929
2021T3;34;Palencia;Castilla y León;159146,0;15,336;39,48;31,641;2,3;34,8;95,3;2,4;20140,0;22107,0;17912,0;53,09;48,5;8,65;31008,0;17850,0;106,64;99,757;1,593;99248,57;929,7;75,445;2,853;15,2;0,54;17,355;0,743;0;1257,687;4,551;5,617;1,066;4,996
2021T4;34;Palencia;Castilla y León;159146,0;15,336;39,48;31,641;2,3;34,8;95,3;2,4;20140,0;22107,0;17912,0;52,83;47,43;10,21;31008,0;17850,0;110,22;105,007;1,543;93539,03;890,0;76,225;2,897;15,4;0,666;14,461;0,438;0;1270,69;4,598;5,675;1,077;5,047
2022T1;34;Palencia;Castilla y León;157993,0;15,098;39,21;32,243;2,2;35,4;94,7;9,89;21160,0;23306,0;18781,0;52,83;47,19;10,67;32105,0;18550,0;112,44;105,46;1,597;84737,7;910,8;77,597;2,912;15,87;0,665;12,853;0,361;0;1293,561;4,44;5,51;1,07;4,891
2022T2;34;Palencia;Castilla y León;157993,0;15,098;39,21;32,243;2,2;35,4;94,7;9,89;21160,0;23306,0;18781,0;54,86;49,01;10,66;32105,0;18550,0;116,47;114,52;1,737;98891,7;944,4;79,21;2,608;13,11;0,443;17,486;0,611;0;1320,45;4,533;5,625;1,092;4,992
2022T3;34;Palencia;Castilla y León;157993,0;15,098;39,21;32,243;2,2;35,4;94,7;9,89;21160,0;23306,0;18781,0;55,99;51,52;7,98;32105,0;18550,0;118,04;110,537;2,143;99550,68;916,4;80,393;3,171;16,97;0,386;18,535;0,807;0;1340,171;4,6;5,709;1,108;5,067
2022T4;34;Palencia;Castilla y León;157993,0;15,098;39,21;32,243;2,2;35,4;94,7;9,89;21160,0;23306,0;18781,0;54,79;50,01;8,72;32105,0;18550,0;118,0;115,007;2,867;93837,84;927,8;79,321;2,747;13,36;0,316;14,53;0,457;0;1322,301;4,539;5,633;1,094;4,999
2023T1;34;Palencia;Castilla y León;157787,0;14,958;38,97;32,617;2,2;35,7;94,0;9,37;22128,0;24416,0;19616,0;53,92;47,57;11,76;34037,0;19250,0;118,52;112,827;3,593;102358,85;951,9;79,538;2,757;13,33;0,298;13,816;0,387;0;1325,918;4,344;5,407;1,063;4,794
2023T2;34;Palencia;Castilla y León;157787,0;14,958;38,97;32,617;2,2;35,7;94,0;9,37;22128,0;24416,0;19616,0;54,89;49,93;9,03;34037,0;19250,0;120,07;116,6;3,887;107917,36;946,8;81,46;2,586;13,97;0,456;18,191;0,676;0;1357,958;4,449;5,538;1,089;4,909
2023T3;34;Palencia;Castilla y León;157787,0;14,958;38,97;32,617;2,2;35,7;94,0;9,37;22128,0;24416,0;19616,0;55,03;51,22;6,92;34037,0;19250,0;121,16;112,777;4,057;97606,97;960,8;82,365;2,751;20,97;0,418;18,736;0,922;0;1373,045;4,499;5,6;1,101;4,964
2023T4;34;Palencia;Castilla y León;157787,0;14,958;38,97;32,617;2,2;35,7;94,0;9,37;22128,0;24416,0;19616,0;55,44;51,43;7,23;34037,0;19250,0;121,48;117,607;4,03;102555,56;931,1;82,077;2,662;16,19;0,184;15,343;0,513;0;1368,244;4,483;5,58;1,097;4,947
2024T1;34;Palencia;Castilla y León;158063,0;14,958;38,97;32,617;2,2;35,7;94,0;11,74;23057,0;25362,0;20546,0;53,96;49,58;8,11;34037,0;19250,0;122,03;113,317;3,693;86294,12;942,4;84,235;2,695;10,56;0,316;13,769;0,397;1;1404,218;4,429;5,468;1,038;4,872
2024T2;34;Palencia;Castilla y León;158063,0;14,958;38,97;32,617;2,2;35,7;94,0;11,74;23057,0;25362,0;20546,0;53,21;49,41;7,14;34037,0;19250,0;123,59;117,41;3,55;91118,72;957,3;87,058;2,733;13,19;0,373;19,062;0,701;1;1451,279;4,578;5,651;1,073;5,035
2024T3;34;Palencia;Castilla y León;158063,0;14,958;38,97;32,617;2,2;35,7;94,0;11,74;23057,0;25362,0;20546,0;55,24;51,97;5,92;34037,0;19250,0;123,01;114,163;3,45;90488,22;928,7;88,944;3,176;13,75;0,367;19,739;0,906;1;1482,719;4,677;5,773;1,096;5,145
2024T4;34;Palencia;Castilla y León;158063,0;14,958;38,97;32,617;2,2;35,7;94,0;11,74;23057,0;25362,0;20546,0;53,19;49,55;6,83;34037,0;19250,0;123,8;118,19;3,167;85369,96;954,7;90,75;3,397;18,25;2,493;17,47;0,61;1;1512,825;4,772;5,89;1,119;5,249
2015T1;35;Palmas, Las;Canarias;1097578,0;21,831;45,19;15,148;2,7;27,3;88,5;3,03;16409,0;17706,0;14933,0;63,17;43,21;31,6;26520,0;12250,0;99,24;90,33;2,613;71803,92;1364,3;55,631;2,556;25,56;0,146;127,472;8,45;0;1324,222;5,983;7,094;1,111;6,456
2015T2;35;Palmas, Las;Canarias;1097578,0;21,831;45,19;15,148;2,7;27,3;88,5;3,03;16409,0;17706,0;14933,0;62,19;43,2;30,53;26520,0;12250,0;100,6;93,72;2,507;93866,45;1357,1;58,067;2,188;23,86;0,149;126,627;8,034;0;1382,207;6,245;7,405;1,16;6,739
2015T3;35;Palmas, Las;Canarias;1097578,0;21,831;45,19;15,148;2,7;27,3;88,5;3,03;16409,0;17706,0;14933,0;61,48;43,23;29,7;26520,0;12250,0;99,96;90,26;2,45;81651,8;1364,5;57,837;2,378;19,69;0,188;126,243;10,206;0;1376,733;6,22;7,376;1,155;6,712
2015T4;35;Palmas, Las;Canarias;1097578,0;21,831;45,19;15,148;2,7;27,3;88,5;3,03;16409,0;17706,0;14933,0;61,34;44,38;27,64;26520,0;12250,0;100,2;92,907;2,427;84878,25;1369,9;57,665;2,297;19,36;0,135;130,146;9,162;0;1372,638;6,202;7,354;1,152;6,692
2016T1;35;Palmas, Las;Canarias;1099894,0;21,248;45,55;15,601;2,7;27,3;88,6;5,63;16475,0;17779,0;14996,0;60,59;45,0;25,73;27379,0;12950,0;98,52;88,55;2,33;67103,03;1403,1;58,903;2,834;20,21;0,128;131,622;9,333;0;1402,107;6,309;7,48;1,171;6,808
2016T2;35;Palmas, Las;Canarias;1099894,0;21,248;45,55;15,601;2,7;27,3;88,6;5,63;16475,0;17779,0;14996,0;60,82;44,2;27,32;27379,0;12950,0;99,76;92,68;2,323;83838,32;1421,6;59,17;2,664;21,6;0,171;129,556;8,992;0;1408,463;6,338;7,514;1,176;6,839
2016T3;35;Palmas, Las;Canarias;1099894,0;21,248;45,55;15,601;2,7;27,3;88,6;5,63;16475,0;17779,0;14996,0;60,59;44,3;26,88;27379,0;12950,0;99,71;89,743;2,367;83170,93;1430,6;59,203;2,331;19,85;0,596;132,524;11,047;0;1409,248;6,341;7,518;1,177;6,843
2016T4;35;Palmas, Las;Canarias;1099894,0;21,248;45,55;15,601;2,7;27,3;88,6;5,63;16475,0;17779,0;14996,0;59,84;44,73;25,25;27379,0;12950,0;100,96;93,203;2,273;81565,9;1462,8;59,589;2,404;27,16;0,275;134,061;9,766;0;1418,437;6,383;7,567;1,184;6,888
2017T1;35;Palmas, Las;Canarias;1105579,0;20,837;45,77;16,043;2,7;27,2;88,2;5,64;16779,0;18143,0;15246,0;60,3;43,92;27,16;28537,0;13650,0;100,5;90,093;2,237;81922,75;1475,1;60,93;2,447;19,96;0,38;135,632;9,462;0;1450,357;6,395;7,61;1,215;6,915
2017T2;35;Palmas, Las;Canarias;1105579,0;20,837;45,77;16,043;2,7;27,2;88,2;5,64;16779,0;18143,0;15246,0;61,9;45,75;26,09;28537,0;13650,0;101,62;93,773;2,17;78428,71;1479,1;61,294;2,841;22,22;0,346;133,346;9,472;0;1459,022;6,433;7,656;1,222;6,956
2017T3;35;Palmas, Las;Canarias;1105579,0;20,837;45,77;16,043;2,7;27,2;88,2;5,64;16779,0;18143,0;15246,0;60,98;46,64;23,51;28537,0;13650,0;100,96;91,133;2,217;93089,9;1518,4;61,872;2,826;21,54;0,277;136,432;11,247;0;1472,78;6,494;7,728;1,234;7,022
2017T4;35;Palmas, Las;Canarias;1105579,0;20,837;45,77;16,043;2,7;27,2;88,2;5,64;16779,0;18143,0;15246,0;61,36;48,18;21,48;28537,0;13650,0;102,11;94,803;2,153;92504,26;1525,7;63,185;2,524;20,42;0,402;136,184;9,887;0;1504,035;6,632;7,892;1,26;7,171
2018T1;35;Palmas, Las;Canarias;1111873,0;20,602;45,82;16,518;2,7;27,3;87,6;10,69;17350,0;18694,0;15849,0;60,9;48,15;20,93;29899,0;14350,0;101,59;91,97;2,227;93567,69;1543,7;63,699;3,016;17,6;0,35;134,293;9,456;0;1516,27;6,489;7,654;1,165;6,991
2018T2;35;Palmas, Las;Canarias;1111873,0;20,602;45,82;16,518;2,7;27,3;87,6;10,69;17350,0;18694,0;15849,0;60,37;48,46;19,73;29899,0;14350,0;103,11;95,373;2,197;92911,69;1558,3;64,937;3,039;21,04;0,388;130,479;8,88;0;1545,739;6,615;7,802;1,187;7,127
2018T3;35;Palmas, Las;Canarias;1111873,0;20,602;45,82;16,518;2,7;27,3;87,6;10,69;17350,0;18694,0;15849,0;62,01;49,76;19,75;29899,0;14350,0;102,87;92,553;2,167;90361,46;1573,3;65,191;2,792;20,07;0,553;136,344;10,751;0;1551,785;6,641;7,833;1,192;7,155
2018T4;35;Palmas, Las;Canarias;1111873,0;20,602;45,82;16,518;2,7;27,3;87,6;10,69;17350,0;18694,0;15849,0;61,18;48,62;20,53;29899,0;14350,0;103,89;96,513;2,26;101279,49;1574,5;65,803;2,365;22,55;0,442;138,012;9,295;0;1566,353;6,703;7,906;1,203;7,222
2019T1;35;Palmas, Las;Canarias;1121686,0;20,522;45,92;16,869;2,7;27,4;87,0;10,94;17961,0;19278,0;16503,0;59,62;45,88;23,04;31168,0;15050,0;102,62;92,79;2,37;97436,86;1607,7;67,003;2,48;23,15;0,559;137,592;8,695;0;1594,917;6,619;7,732;1,113;7,104
2019T2;35;Palmas, Las;Canarias;1121686,0;20,522;45,92;16,869;2,7;27,4;87,0;10,94;17961,0;19278,0;16503,0;60,18;46,1;23,38;31168,0;15050,0;103,3;96,067;2,35;96466,12;1593,2;67,026;2,526;19,63;0,682;133,251;8,557;0;1595,464;6,621;7,734;1,113;7,106
2019T3;35;Palmas, Las;Canarias;1121686,0;20,522;45,92;16,869;2,7;27,4;87,0;10,94;17961,0;19278,0;16503,0;59,53;45,93;22,86;31168,0;15050,0;102,75;93,19;2,153;105690,51;1600,3;67,669;2,699;20,02;0,797;133,441;10,011;0;1610,77;6,684;7,808;1,124;7,175
2019T4;35;Palmas, Las;Canarias;1121686,0;20,522;45,92;16,869;2,7;27,4;87,0;10,94;17961,0;19278,0;16503,0;61,15;49,17;19,6;31168,0;15050,0;103,76;96,93;1,99;83289,54;1635,1;67,811;2,18;24,54;0,515;136,339;8,81;0;1614,15;6,698;7,825;1,126;7,19
2020T1;35;Palmas, Las;Canarias;1131195,0;20,507;45,93;17,229;2,7;27,7;87,3;2,69;16764,0;17894,0;15514,0;60,22;49,73;17,43;30367,0;14350,0;103,67;92,617;2,03;108928,35;1614,8;68,192;2,832;18,45;0,331;127,552;7,228;0;1623,22;7,257;8,37;1,113;7,746
2020T2;35;Palmas, Las;Canarias;1131195,0;20,507;45,93;17,229;2,7;27,7;87,3;2,69;16764,0;17894,0;15514,0;55,69;44,3;20,45;30367,0;14350,0;104,36;93,307;1,907;95964,97;1569,2;67,449;1,254;22,13;0,399;1,295;0,022;0;1605,533;7,178;8,279;1,101;7,662
2020T3;35;Palmas, Las;Canarias;1131195,0;20,507;45,93;17,229;2,7;27,7;87,3;2,69;16764,0;17894,0;15514,0;55,89;42,25;24,41;30367,0;14350,0;103,46;92,713;1,937;95196,86;1573,2;68,64;1,712;22,2;0,309;63,149;2,318;0;1633,884;7,305;8,425;1,121;7,797
2020T4;35;Palmas, Las;Canarias;1131195,0;20,507;45,93;17,229;2,7;27,7;87,3;2,69;16764,0;17894,0;15514,0;57,08;42,31;25,88;30367,0;14350,0;103,94;97,763;1,8;110556,75;1581,9;68,376;1,836;25,08;0,667;59,648;1,371;0;1627,599;7,277;8,393;1,116;7,767
2021T1;35;Palmas, Las;Canarias;1131359,0;20,358;45,92;17,739;2,6;28,3;87,4;4,34;18127,0;19250,0;16896,0;55,37;40,84;26,24;31443,0;15050,0;103,36;94,957;1,72;106256,54;1581,1;69,425;2,256;26,72;0,557;43,952;0,704;0;1652,569;6,868;7,825;0,957;7,293
2021T2;35;Palmas, Las;Canarias;1131359,0;20,358;45,92;17,739;2,6;28,3;87,4;4,34;18127,0;19250,0;16896,0;57,34;43,27;24,55;31443,0;15050,0;105,49;100,28;1,62;124009,51;1620,2;71,762;2,359;24,99;0,295;57,1;1,622;0;1708,199;7,099;8,088;0,989;7,539
2021T3;35;Palmas, Las;Canarias;1131359,0;20,358;45,92;17,739;2,6;28,3;87,4;4,34;18127,0;19250,0;16896,0;60,95;45,68;25,05;31443,0;15050,0;105,72;99,757;1,593;101444,87;1625,0;73,412;2,594;24,33;0,401;116,053;6,402;0;1747,475;7,262;8,274;1,012;7,712
2021T4;35;Palmas, Las;Canarias;1131359,0;20,358;45,92;17,739;2,6;28,3;87,4;4,34;18127,0;19250,0;16896,0;60,14;49,09;18,38;31443,0;15050,0;108,7;105,007;1,543;116536,53;1636,2;73,716;2,438;24,73;0,287;131,001;7,943;0;1754,711;7,292;8,308;1,016;7,744
2022T1;35;Palmas, Las;Canarias;1133733,0;20,244;45,9;18,315;2,6;28,5;86,9;12,63;19889,0;21109,0;18569,0;60,16;47,7;20,71;34010,0;16450,0;110,53;105,46;1,597;118622,75;1680,6;76,98;3,098;23,23;0,51;132,761;7,097;0;1832,406;6,945;7,894;0,95;7,371
2022T2;35;Palmas, Las;Canarias;1133733,0;20,244;45,9;18,315;2,6;28,5;86,9;12,63;19889,0;21109,0;18569,0;60,68;50,02;17,56;34010,0;16450,0;113,5;114,52;1,737;111925,7;1711,0;78,534;3,22;19,45;0,34;135,259;8,28;0;1869,397;7,085;8,054;0,969;7,519
2022T3;35;Palmas, Las;Canarias;1133733,0;20,244;45,9;18,315;2,6;28,5;86,9;12,63;19889,0;21109,0;18569,0;61,76;50,92;17,55;34010,0;16450,0;115,72;110,537;2,143;120137,9;1702,3;79,323;3,601;17,46;0,352;138,75;10,175;0;1888,178;7,156;8,135;0,979;7,595
2022T4;35;Palmas, Las;Canarias;1133733,0;20,244;45,9;18,315;2,6;28,5;86,9;12,63;19889,0;21109,0;18569,0;61,0;52,79;13,46;34010,0;16450,0;116,24;115,007;2,867;124763,59;1684,4;79,717;2,767;21,96;0,506;139,318;9,108;0;1897,557;7,191;8,175;0,984;7,633
2023T1;35;Palmas, Las;Canarias;1145843,0;20,363;45,88;18,656;2,6;28,6;86,3;12,9;20962,0;22157,0;19678,0;62,35;52,65;15,57;37032,0;17850,0;117,08;112,827;3,593;107171,81;1740,5;81,216;3,14;25,38;0,374;138,17;9,02;0;1933,238;6,98;7,859;0,879;7,378
2023T2;35;Palmas, Las;Canarias;1145843,0;20,363;45,88;18,656;2,6;28,6;86,3;12,9;20962,0;22157,0;19678,0;60,08;51,15;14,86;37032,0;17850,0;118,63;116,6;3,887;112069,95;1754,9;82,101;2,843;24,55;0,448;137,873;8,623;0;1954,305;7,056;7,945;0,889;7,458
2023T3;35;Palmas, Las;Canarias;1145843,0;20,363;45,88;18,656;2,6;28,6;86,3;12,9;20962,0;22157,0;19678,0;60,67;51,88;14,48;37032,0;17850,0;119,26;112,777;4,057;115365,27;1787,7;84,56;2,57;24,14;0,748;140,217;10,201;0;2012,838;7,268;8,183;0,916;7,682
2023T4;35;Palmas, Las;Canarias;1145843,0;20,363;45,88;18,656;2,6;28,6;86,3;12,9;20962,0;22157,0;19678,0;61,05;51,72;15,28;37032,0;17850,0;120,41;117,607;4,03;96923,81;1784,9;83,341;2,331;26,24;0,624;141,685;9,664;0;1983,821;7,163;8,065;0,902;7,571
2024T1;35;Palmas, Las;Canarias;1159890,0;20,363;45,88;18,656;2,6;28,6;86,3;12,61;21902,0;23143,0;20579,0;61,32;51,85;15,44;37032,0;17850,0;120,99;113,317;3,693;78492,4;1831,0;85,935;2,919;23,45;0,591;141,193;9,843;1;2045,568;7,071;7,952;0,881;7,472
2024T2;35;Palmas, Las;Canarias;1159890,0;20,363;45,88;18,656;2,6;28,6;86,3;12,61;21902,0;23143,0;20579,0;60,39;52,16;13,64;37032,0;17850,0;122,57;117,41;3,55;120700,77;1834,3;89,088;2,787;24,74;0,382;139,093;8,881;1;2120,621;7,33;8,244;0,913;7,746
2024T3;35;Palmas, Las;Canarias;1159890,0;20,363;45,88;18,656;2,6;28,6;86,3;12,61;21902,0;23143,0;20579,0;60,01;51,03;14,96;37032,0;17850,0;122,24;114,163;3,45;126962,26;1858,1;90,57;2,935;25,18;0,53;140,175;10,314;1;2155,898;7,452;8,381;0,929;7,875
2024T4;35;Palmas, Las;Canarias;1159890,0;20,363;45,88;18,656;2,6;28,6;86,3;12,61;21902,0;23143,0;20579,0;60,36;53,11;12,02;37032,0;17850,0;122,77;118,19;3,167;131051,15;1908,7;92,176;2,909;28,48;0,533;141,313;9,896;1;2194,127;7,585;8,53;0,945;8,014
2015T1;36;Pontevedra;Galicia;948487,0;18,577;41,62;24,06;2,6;27,2;96,8;0,13;17184,0;19284,0;14767,0;54,29;40,4;25,58;26877,0;13650,0;99,0;90,33;2,613;92032,77;1209,6;61,178;1,12;39,64;0,124;15,991;0,297;0;1194,623;4,956;6,472;1,516;5,562
2015T2;36;Pontevedra;Galicia;948487,0;18,577;41,62;24,06;2,6;27,2;96,8;0,13;17184,0;19284,0;14767,0;54,79;42,0;23,34;26877,0;13650,0;100,79;93,72;2,507;95503,72;1226,6;62,645;0,964;33,37;0,186;22,922;0,623;0;1223,269;5,075;6,627;1,552;5,695
2015T3;36;Pontevedra;Galicia;948487,0;18,577;41,62;24,06;2,6;27,2;96,8;0,13;17184,0;19284,0;14767,0;54,71;43,51;20,47;26877,0;13650,0;99,69;90,26;2,45;104715,8;1214,4;63,151;1,032;37,28;0,164;29,737;1,445;0;1233,15;5,116;6,681;1,565;5,741
2015T4;36;Pontevedra;Galicia;948487,0;18,577;41,62;24,06;2,6;27,2;96,8;0,13;17184,0;19284,0;14767,0;54,08;43,01;20,47;26877,0;13650,0;100,52;92,907;2,427;107524,1;1216,7;62,286;1,091;35,07;0,214;18,499;0,482;0;1216,259;5,046;6,589;1,543;5,662
2016T1;36;Pontevedra;Galicia;945852,0;17,812;41,85;24,626;2,6;27,3;96,8;1,06;17422,0;19614,0;14932,0;54,07;42,89;20,67;27364,0;13650,0;98,13;88,55;2,33;96401,63;1222,6;63,195;1,049;31,75;0,125;16,331;0,347;0;1234,009;5,033;6,611;1,578;5,666
2016T2;36;Pontevedra;Galicia;945852,0;17,812;41,85;24,626;2,6;27,3;96,8;1,06;17422,0;19614,0;14932,0;54,26;43,13;20,52;27364,0;13650,0;99,76;92,68;2,323;94972,68;1242,9;63,417;1,137;24,65;0,192;23,074;0,654;0;1238,344;5,051;6,635;1,584;5,686
2016T3;36;Pontevedra;Galicia;945852,0;17,812;41,85;24,626;2,6;27,3;96,8;1,06;17422,0;19614,0;14932,0;54,48;44,74;17,89;27364,0;13650,0;99,55;89,743;2,367;98826,09;1209,9;63,948;1,166;25,48;0,22;30,517;1,64;0;1248,713;5,093;6,69;1,597;5,734
2016T4;36;Pontevedra;Galicia;945852,0;17,812;41,85;24,626;2,6;27,3;96,8;1,06;17422,0;19614,0;14932,0;53,9;43,95;18,47;27364,0;13650,0;101,56;93,203;2,273;103751,23;1242,2;63,578;1,088;25,07;0,159;18,687;0,555;0;1241,488;5,064;6,651;1,588;5,701
2017T1;36;Pontevedra;Galicia;944116,0;17,153;42,03;25,137;2,6;27,3;96,7;0,23;17898,0;20129,0;15373,0;53,96;43,37;19,63;28117,0;14350,0;100,99;90,093;2,237;95917,11;1225,9;64,031;1,267;29,18;0,237;15,639;0,342;0;1250,333;4,969;6,507;1,537;5,589
2017T2;36;Pontevedra;Galicia;944116,0;17,153;42,03;25,137;2,6;27,3;96,7;0,23;17898,0;20129,0;15373,0;54,09;43,82;18,99;28117,0;14350,0;101,86;93,773;2,17;102255,47;1216,2;64,025;1,356;24,22;0,267;23,93;0,82;0;1250,216;4,969;6,506;1,537;5,588
2017T3;36;Pontevedra;Galicia;944116,0;17,153;42,03;25,137;2,6;27,3;96,7;0,23;17898,0;20129,0;15373,0;54,25;45,1;16,87;28117,0;14350,0;101,27;91,133;2,217;99370,52;1245,1;65,054;1,383;26,65;0,222;30,763;1,832;0;1270,309;5,049;6,611;1,562;5,678
2017T4;36;Pontevedra;Galicia;944116,0;17,153;42,03;25,137;2,6;27,3;96,7;0,23;17898,0;20129,0;15373,0;53,47;43,98;17,76;28117,0;14350,0;103,12;94,803;2,153;96137,03;1228,8;65,414;1,294;20,79;0,212;18,363;0,622;0;1277,339;5,077;6,647;1,571;5,709
2018T1;36;Pontevedra;Galicia;942556,0;16,692;41,94;25,726;2,6;27,8;96,4;3,49;18529,0;20815,0;15953,0;53,73;43,71;18,66;29129,0;15050,0;101,95;91,97;2,227;103424,33;1223,6;66,08;1,346;20,57;0,171;15,189;0,39;0;1290,344;4,959;6,471;1,511;5,571
2018T2;36;Pontevedra;Galicia;942556,0;16,692;41,94;25,726;2,6;27,8;96,4;3,49;18529,0;20815,0;15953,0;54,3;45,4;16,38;29129,0;15050,0;103,85;95,373;2,197;100191,22;1248,1;66,534;1,512;23,65;0,334;22,822;0,781;0;1299,209;4,993;6,515;1,522;5,609
2018T3;36;Pontevedra;Galicia;942556,0;16,692;41,94;25,726;2,6;27,8;96,4;3,49;18529,0;20815,0;15953,0;53,94;46,03;14,65;29129,0;15050,0;103,78;92,553;2,167;102577,72;1229,5;67,701;1,526;21,49;0,617;30,068;1,721;0;1321,997;5,081;6,629;1,549;5,708
2018T4;36;Pontevedra;Galicia;942556,0;16,692;41,94;25,726;2,6;27,8;96,4;3,49;18529,0;20815,0;15953,0;53,29;45,63;14,38;29129,0;15050,0;104,97;96,513;2,26;106307,93;1254,3;68,07;1,462;21,48;0,506;17,943;0,632;0;1329,203;5,109;6,666;1,557;5,739
2019T1;36;Pontevedra;Galicia;942944,0;16,381;41,87;26,248;2,5;28,1;96,0;6,05;19160,0;21432,0;16631,0;53,54;45,06;15,85;30315,0;15750,0;103,21;92,79;2,37;106647,45;1252,8;68,432;1,533;21,72;0,386;14,831;0,375;0;1336,272;4,988;6,428;1,44;5,579
2019T2;36;Pontevedra;Galicia;942944,0;16,381;41,87;26,248;2,5;28,1;96,0;6,05;19160,0;21432,0;16631,0;53,79;46,11;14,28;30315,0;15750,0;104,78;96,067;2,35;106052,68;1262,8;69,759;1,49;20,43;0,362;24,218;0,89;0;1362,184;5,085;6,553;1,468;5,688
2019T3;36;Pontevedra;Galicia;942944,0;16,381;41,87;26,248;2,5;28,1;96,0;6,05;19160,0;21432,0;16631,0;54,29;47,13;13,18;30315,0;15750,0;103,92;93,19;2,153;107557,61;1264,4;70,239;1,443;20,5;0,358;30,424;1,792;0;1371,557;5,12;6,598;1,478;5,727
2019T4;36;Pontevedra;Galicia;942944,0;16,381;41,87;26,248;2,5;28,1;96,0;6,05;19160,0;21432,0;16631,0;53,35;45,95;13,86;30315,0;15750,0;105,39;96,93;1,99;100210,23;1269,7;70,736;1,398;19,73;0,451;18,194;0,648;0;1381,262;5,156;6,644;1,488;5,767
2020T1;36;Pontevedra;Galicia;946213,0;16,201;41,72;26,737;2,5;28,3;96,0;2,46;19105,0;21215,0;16747,0;54,28;45,99;15,27;30475,0;15750,0;103,89;92,617;2,03;102551,79;1268,9;70,674;1,561;23,63;0,382;13,788;0,283;0;1380,051;5,204;6,592;1,388;5,779
2020T2;36;Pontevedra;Galicia;946213,0;16,201;41,72;26,737;2,5;28,3;96,0;2,46;19105,0;21215,0;16747,0;51,76;44,57;13,88;30475,0;15750,0;103,78;93,307;1,907;104569,17;1243,6;71,621;1,056;19,92;0,438;3,954;0,06;0;1398,543;5,274;6,681;1,407;5,856
2020T3;36;Pontevedra;Galicia;946213,0;16,201;41,72;26,737;2,5;28,3;96,0;2,46;19105,0;21215,0;16747,0;53,72;46,15;14,1;30475,0;15750,0;103,41;92,713;1,937;110861,69;1271,1;71,588;1,195;19,1;0,479;26,693;0,962;0;1397,899;5,271;6,678;1,406;5,854
2020T4;36;Pontevedra;Galicia;946213,0;16,201;41,72;26,737;2,5;28,3;96,0;2,46;19105,0;21215,0;16747,0;53,23;46,17;13,27;30475,0;15750,0;104,69;97,763;1,8;114207,36;1265,4;71,558;1,554;19,18;0,447;12,538;0,179;0;1397,313;5,269;6,675;1,406;5,851
2021T1;36;Pontevedra;Galicia;946311,0;16,068;41,54;27,251;2,5;28,8;95,9;2,56;20046,0;22207,0;17655,0;52,86;44,94;14,98;31541,0;16450,0;104,6;94,957;1,72;114881,08;1288,8;72,261;1,596;22,72;0,411;10,293;0,127;0;1411,041;5,083;6,394;1,311;5,631
2021T2;36;Pontevedra;Galicia;946311,0;16,068;41,54;27,251;2,5;28,8;95,9;2,56;20046,0;22207,0;17655,0;53,72;45,99;14,37;31541,0;16450,0;107,3;100,28;1,62;107825,79;1276,7;74,125;1,61;25,39;0,437;15,853;0,37;0;1447,439;5,214;6,559;1,344;5,776
2021T3;36;Pontevedra;Galicia;946311,0;16,068;41,54;27,251;2,5;28,8;95,9;2,56;20046,0;22207,0;17655,0;54,31;47,23;13,04;31541,0;16450,0;107,91;99,757;1,593;121271,02;1270,2;75,731;1,847;24,2;0,472;29,095;1,559;0;1478,799;5,327;6,701;1,374;5,902
2021T4;36;Pontevedra;Galicia;946311,0;16,068;41,54;27,251;2,5;28,8;95,9;2,56;20046,0;22207,0;17655,0;53,21;46,51;12,6;31541,0;16450,0;111,42;105,007;1,543;114415,51;1302,9;76,447;1,728;22,63;0,625;17,074;0,581;0;1492,781;5,378;6,764;1,387;5,957
2022T1;36;Pontevedra;Galicia;945198,0;15,995;41,29;27,807;2,5;29,2;95,4;7,37;21097,0;23402,0;18604,0;54,18;46,86;13,52;33230,0;17850,0;113,77;105,46;1,597;117071,67;1331,4;78,248;1,897;20,8;0,534;14,13;0,304;0;1527,949;5,223;6,57;1,347;5,794
2022T2;36;Pontevedra;Galicia;945198,0;15,995;41,29;27,807;2,5;29,2;95,4;7,37;21097,0;23402,0;18604,0;53,81;47,21;12,27;33230,0;17850,0;118,48;114,52;1,737;118585,57;1368,1;79,813;1,86;19,11;0,404;23,924;0,837;0;1558,508;5,328;6,702;1,374;5,91
2022T3;36;Pontevedra;Galicia;945198,0;15,995;41,29;27,807;2,5;29,2;95,4;7,37;21097,0;23402,0;18604,0;53,78;46,7;13,18;33230,0;17850,0;119,85;110,537;2,143;122550,88;1360,6;80,336;1,91;24,04;0,501;30,684;1,769;0;1568,721;5,363;6,746;1,383;5,949
2022T4;36;Pontevedra;Galicia;945198,0;15,995;41,29;27,807;2,5;29,2;95,4;7,37;21097,0;23402,0;18604,0;53,78;47,51;11,66;33230,0;17850,0;119,9;115,007;2,867;124195,08;1344,2;79,87;1,722;25,37;0,525;17,566;0,686;0;1559,621;5,332;6,707;1,375;5,914
2023T1;36;Pontevedra;Galicia;946710,0;16,019;41,18;28,11;2,5;29,7;95,0;6,97;22259,0;24650,0;19694,0;53,74;47,36;11,87;35506,0;18550,0;120,31;112,827;3,593;122856,37;1376,6;80,876;1,644;22,11;0,097;14,133;0,347;0;1579,266;5,125;6,415;1,29;5,676
2023T2;36;Pontevedra;Galicia;946710,0;16,019;41,18;28,11;2,5;29,7;95,0;6,97;22259,0;24650,0;19694,0;53,96;48,27;10,55;35506,0;18550,0;121,72;116,6;3,887;132613,31;1380,0;82,301;1,515;16,95;0,7;24,143;0,866;0;1607,092;5,216;6,528;1,313;5,776
2023T3;36;Pontevedra;Galicia;946710,0;16,019;41,18;28,11;2,5;29,7;95,0;6,97;22259,0;24650,0;19694,0;54,71;48,75;10,9;35506,0;18550,0;123,08;112,777;4,057;128440,69;1404,2;83,998;1,592;24,88;0,551;31,708;1,795;0;1640,229;5,323;6,663;1,34;5,895
2023T4;36;Pontevedra;Galicia;946710,0;16,019;41,18;28,11;2,5;29,7;95,0;6,97;22259,0;24650,0;19694,0;54,11;48,35;10,65;35506,0;18550,0;123,82;117,607;4,03;125503,74;1423,3;82,611;1,425;26,83;0,504;18,693;0,709;0;1613,145;5,235;6,553;1,317;5,798
2024T1;36;Pontevedra;Galicia;947869,0;16,019;41,18;28,11;2,5;29,7;95,0;6,88;23182,0;25599,0;20613,0;54,37;47,25;13,1;35506,0;18550,0;124,54;113,317;3,693;115911,98;1457,7;85,008;1,902;19,41;0,59;15,999;0,41;1;1659,951;5,188;6,442;1,255;5,728
2024T2;36;Pontevedra;Galicia;947869,0;16,019;41,18;28,11;2,5;29,7;95,0;6,88;23182,0;25599,0;20613,0;54,91;48,44;11,78;35506,0;18550,0;126,52;117,41;3,55;120639,33;1464,0;87,831;1,54;25,0;0,942;25,207;0,928;1;1715,076;5,36;6,656;1,296;5,919
2024T3;36;Pontevedra;Galicia;947869,0;16,019;41,18;28,11;2,5;29,7;95,0;6,88;23182,0;25599,0;20613,0;55,72;49,99;10,29;35506,0;18550,0;125,77;114,163;3,45;136656,19;1506,9;90,172;1,936;26,43;1,321;32,136;1,885;1;1760,789;5,503;6,834;1,331;6,076
2024T4;36;Pontevedra;Galicia;947869,0;16,019;41,18;28,11;2,5;29,7;95,0;6,88;23182,0;25599,0;20613,0;55,39;49,89;9,94;35506,0;18550,0;126,81;118,19;3,167;125803,67;1517,8;91,324;2,263;31,38;0,484;19,569;0,745;1;1783,284;5,573;6,921;1,348;6,154
2015T1;26;Rioja, La;Rioja, La;314457,0;18,333;40,58;23,465;2,4;30,7;88,7;-0,65;18506,0;20592,0;15971,0;59,24;48,83;17,58;27471,0;14350,0;98,67;90,33;2,613;79860,79;1095,4;58,535;2,277;42,88;0,394;17,41;0,528;0;1075,366;4,178;5,387;1,209;4,649
2015T2;26;Rioja, La;Rioja, La;314457,0;18,333;40,58;23,465;2,4;30,7;88,7;-0,65;18506,0;20592,0;15971,0;60,1;50,25;16,39;27471,0;14350,0;100,95;93,72;2,507;82940,74;1103,8;60,752;2,01;28,8;0,27;19,595;0,853;0;1116,095;4,336;5,591;1,255;4,825
2015T3;26;Rioja, La;Rioja, La;314457,0;18,333;40,58;23,465;2,4;30,7;88,7;-0,65;18506,0;20592,0;15971,0;58,78;50,8;13,59;27471,0;14350,0;99,73;90,26;2,45;74501,36;1124,3;60,417;2,042;22,74;0,242;19,811;1,026;0;1109,941;4,312;5,56;1,248;4,798
2015T4;26;Rioja, La;Rioja, La;314457,0;18,333;40,58;23,465;2,4;30,7;88,7;-0,65;18506,0;20592,0;15971,0;59,38;51,08;13,97;27471,0;14350,0;100,65;92,907;2,427;81353,56;1096,0;60,861;1,816;30,82;0,404;19,008;0,762;0;1118,098;4,344;5,601;1,257;4,833
2016T1;26;Rioja, La;Rioja, La;314025,0;17,771;40,77;23,875;2,4;30,8;88,9;1,26;18748,0;20880,0;16172,0;58,8;50,34;14,38;28333,0;15050,0;98,09;88,55;2,33;82452,05;1072,4;60,765;1,955;30,62;0,787;18,06;0,614;0;1116,334;4,277;5,522;1,245;4,764
2016T2;26;Rioja, La;Rioja, La;314025,0;17,771;40,77;23,875;2,4;30,8;88,9;1,26;18748,0;20880,0;16172,0;60,14;50,94;15,29;28333,0;15050,0;99,89;92,68;2,323;79085,95;1103,1;61,68;2,602;25,58;0,328;19,66;0,791;0;1133,144;4,342;5,605;1,264;4,835
2016T3;26;Rioja, La;Rioja, La;314025,0;17,771;40,77;23,875;2,4;30,8;88,9;1,26;18748,0;20880,0;16172,0;59,19;51,16;13,57;28333,0;15050,0;99,21;89,743;2,367;76733,17;1067,2;61,76;2,013;19,46;0,914;20,13;1,074;0;1134,614;4,347;5,613;1,266;4,842
2016T4;26;Rioja, La;Rioja, La;314025,0;17,771;40,77;23,875;2,4;30,8;88,9;1,26;18748,0;20880,0;16172,0;58,8;52,39;10,9;28333,0;15050,0;101,41;93,203;2,273;83158,42;1098,3;61,074;2,032;18,65;0,373;19,105;0,784;0;1122,011;4,299;5,55;1,251;4,788
2017T1;26;Rioja, La;Rioja, La;314136,0;17,314;40,88;24,277;2,4;31,0;88,7;2,31;19237,0;21483,0;16545,0;59,54;51,85;12,92;29070,0;15750,0;100,85;90,093;2,237;89501,93;1076,6;62,052;2,585;15,64;0,592;18,404;0,554;0;1139,978;4,245;5,512;1,267;4,741
2017T2;26;Rioja, La;Rioja, La;314136,0;17,314;40,88;24,277;2,4;31,0;88,7;2,31;19237,0;21483,0;16545,0;58,78;52,36;10,92;29070,0;15750,0;101,98;93,773;2,17;82234,57;1100,9;62,552;2,238;20,34;0,57;20,552;0,904;0;1149,164;4,279;5,557;1,277;4,779
2017T3;26;Rioja, La;Rioja, La;314136,0;17,314;40,88;24,277;2,4;31,0;88,7;2,31;19237,0;21483,0;16545,0;58,58;51,19;12,62;29070,0;15750,0;100,81;91,133;2,217;81584,44;1071,7;62,386;2,512;22,43;0,337;20,84;1,099;0;1146,114;4,268;5,542;1,274;4,766
2017T4;26;Rioja, La;Rioja, La;314136,0;17,314;40,88;24,277;2,4;31,0;88,7;2,31;19237,0;21483,0;16545,0;58,92;52,14;11,51;29070,0;15750,0;102,64;94,803;2,153;81814,53;1078,0;63,285;2,302;16,74;0,417;19,602;0,759;0;1162,63;4,329;5,622;1,292;4,835
2018T1;26;Rioja, La;Rioja, La;314890,0;17,035;40,83;24,679;2,4;31,2;88,3;4,44;19747,0;22091,0;16980,0;58,31;51,87;11,03;30286,0;16450,0;101,59;91,97;2,227;83650,85;1078,7;64,048;2,69;17,0;0,368;18,711;0,549;0;1176,647;4,261;5,544;1,283;4,767
2018T2;26;Rioja, La;Rioja, La;314890,0;17,035;40,83;24,679;2,4;31,2;88,3;4,44;19747,0;22091,0;16980,0;59,41;53,07;10,68;30286,0;16450,0;103,58;95,373;2,197;83972,53;1110,9;65,249;3,042;24,32;0,603;20,495;0,843;0;1198,711;4,341;5,648;1,307;4,856
2018T3;26;Rioja, La;Rioja, La;314890,0;17,035;40,83;24,679;2,4;31,2;88,3;4,44;19747,0;22091,0;16980,0;59,58;53,86;9,6;30286,0;16450,0;103,06;92,553;2,167;104660,49;1136,0;66,546;2,744;15,28;0,346;20,958;1,036;0;1222,539;4,427;5,76;1,333;4,953
2018T4;26;Rioja, La;Rioja, La;314890,0;17,035;40,83;24,679;2,4;31,2;88,3;4,44;19747,0;22091,0;16980,0;59,31;53,2;10,3;30286,0;16450,0;104,28;96,513;2,26;84183,84;1129,7;66,749;2,953;26,45;0,711;19,466;0,772;0;1226,268;4,441;5,777;1,337;4,968
2019T1;26;Rioja, La;Rioja, La;315967,0;16,922;40,75;24,973;2,4;31,1;87,4;7,93;19580,0;21757,0;17147,0;59,52;52,91;11,1;31535,0;17150,0;102,79;92,79;2,37;86330,94;1128,6;68,044;3,731;17,47;0,915;18,222;0,531;0;1250,059;4,596;5,832;1,236;5,107
2019T2;26;Rioja, La;Rioja, La;315967,0;16,922;40,75;24,973;2,4;31,1;87,4;7,93;19580,0;21757,0;17147,0;60,24;54,3;9,86;31535,0;17150,0;104,79;96,067;2,35;80295,29;1088,1;69,299;2,766;19,34;0,93;20,431;0,869;0;1273,115;4,681;5,94;1,259;5,202
2019T3;26;Rioja, La;Rioja, La;315967,0;16,922;40,75;24,973;2,4;31,1;87,4;7,93;19580,0;21757,0;17147,0;59,08;53,77;8,99;31535,0;17150,0;103,65;93,19;2,153;84265,88;1073,6;69,475;2,551;17,87;0,817;20,598;1,017;0;1276,348;4,693;5,955;1,262;5,215
2019T4;26;Rioja, La;Rioja, La;315967,0;16,922;40,75;24,973;2,4;31,1;87,4;7,93;19580,0;21757,0;17147,0;59,19;53,34;9,89;31535,0;17150,0;105,0;96,93;1,99;88013,54;1108,4;69,86;2,712;31,16;0,263;19,418;0,748;0;1283,421;4,719;5,988;1,269;5,244
2020T1;26;Rioja, La;Rioja, La;318703,0;16,844;40,65;25,179;2,4;31,5;87,2;4,21;19503,0;21514,0;17247,0;59,11;52,48;11,21;30843,0;16450,0;103,36;92,617;2,03;82851,8;1102,7;70,211;2,915;20,24;0,907;16,32;0,414;0;1289,87;4,796;5,983;1,187;5,291
2020T2;26;Rioja, La;Rioja, La;318703,0;16,844;40,65;25,179;2,4;31,5;87,2;4,21;19503,0;21514,0;17247,0;56,79;51,05;10,11;30843,0;16450,0;103,84;93,307;1,907;90394,98;1077,0;70,806;1,842;20,27;0,835;3,217;0,037;0;1300,801;4,837;6,034;1,197;5,336
2020T3;26;Rioja, La;Rioja, La;318703,0;16,844;40,65;25,179;2,4;31,5;87,2;4,21;19503,0;21514,0;17247,0;58,29;51,58;11,52;30843,0;16450,0;102,82;92,713;1,937;94040,78;1089,9;70,303;2,56;19,12;1,086;16,749;0,483;0;1291,56;4,803;5,991;1,188;5,298
2020T4;26;Rioja, La;Rioja, La;318703,0;16,844;40,65;25,179;2,4;31,5;87,2;4,21;19503,0;21514,0;17247,0;59,41;53,26;10,36;30843,0;16450,0;103,86;97,763;1,8;92635,27;1111,4;70,574;2,767;22,0;0,822;13,177;0,163;0;1296,539;4,821;6,014;1,193;5,318
2021T1;26;Rioja, La;Rioja, La;319444,0;16,774;40,68;25,311;2,4;31,8;87,0;4,53;20341,0;22370,0;18088,0;58,66;51,6;12,02;31884,0;17150,0;103,8;94,957;1,72;87171,33;1079,0;71,241;3,171;19,15;0,407;11,07;0,11;0;1308,792;4,681;5,789;1,108;5,147
2021T2;26;Rioja, La;Rioja, La;319444,0;16,774;40,68;25,311;2,4;31,8;87,0;4,53;20341,0;22370,0;18088,0;60,72;53,74;11,49;31884,0;17150,0;106,52;100,28;1,62;94929,41;1089,3;72,442;3,237;17,21;1,008;15,426;0,3;0;1330,856;4,759;5,886;1,127;5,234
2021T3;26;Rioja, La;Rioja, La;319444,0;16,774;40,68;25,311;2,4;31,8;87,0;4,53;20341,0;22370,0;18088,0;60,51;53,02;12,38;31884,0;17150,0;106,59;99,757;1,593;89987,43;1110,6;73,905;3,81;26,13;0,989;19,165;0,881;0;1357,733;4,856;6,005;1,149;5,34
2021T4;26;Rioja, La;Rioja, La;319444,0;16,774;40,68;25,311;2,4;31,8;87,0;4,53;20341,0;22370,0;18088,0;59,62;53,34;10,53;31884,0;17150,0;110,37;105,007;1,543;96465,62;1099,7;74,291;3,659;19,42;0,729;18,269;0,652;0;1364,825;4,881;6,036;1,155;5,368
2022T1;26;Rioja, La;Rioja, La;319617,0;16,782;40,49;25,656;2,4;32,2;86,4;11,69;21257,0;23370,0;18971,0;59,82;53,04;11,33;33314,0;18550,0;112,55;105,46;1,597;97279,77;1128,8;76,45;4,408;18,59;0,892;17,829;0,415;0;1404,488;4,808;5,923;1,115;5,286
2022T2;26;Rioja, La;Rioja, La;319617,0;16,782;40,49;25,656;2,4;32,2;86,4;11,69;21257,0;23370,0;18971,0;59,88;53,64;10,42;33314,0;18550,0;116,67;114,52;1,737;104070,72;1155,4;78,132;4,152;17,18;0,494;19,816;0,793;0;1435,389;4,914;6,053;1,139;5,402
2022T3;26;Rioja, La;Rioja, La;319617,0;16,782;40,49;25,656;2,4;32,2;86,4;11,69;21257,0;23370,0;18971,0;59,04;54,36;7,93;33314,0;18550,0;118,24;110,537;2,143;101015,5;1132,4;79,856;3,664;14,18;0,379;19,956;0,974;0;1467,061;5,022;6,187;1,165;5,521
2022T4;26;Rioja, La;Rioja, La;319617,0;16,782;40,49;25,656;2,4;32,2;86,4;11,69;21257,0;23370,0;18971,0;59,38;54,32;8,52;33314,0;18550,0;117,94;115,007;2,867;99054,42;1142,1;78,311;3,313;12,84;0,619;18,904;0,687;0;1438,678;4,925;6,067;1,142;5,414
2023T1;26;Rioja, La;Rioja, La;322282,0;17,056;40,33;25,767;2,4;32,5;85,7;8,63;22335,0;24436,0;20083,0;59,17;53,1;10,26;35555,0;19250,0;118,66;112,827;3,593;99592,53;1166,1;78,581;3,779;13,22;0,891;17,116;0,5;0;1443,638;4,726;5,751;1,024;5,171
2023T2;26;Rioja, La;Rioja, La;322282,0;17,056;40,33;25,767;2,4;32,5;85,7;8,63;22335,0;24436,0;20083,0;58,89;54,33;7,75;35555,0;19250,0;120,1;116,6;3,887;89288,2;1184,4;80,183;3,0;16,44;0,707;20,384;0,866;0;1473,069;4,823;5,868;1,045;5,276
2023T3;26;Rioja, La;Rioja, La;322282,0;17,056;40,33;25,767;2,4;32,5;85,7;8,63;22335,0;24436,0;20083,0;59,7;53,86;9,78;35555,0;19250,0;121,21;112,777;4,057;98710,97;1213,9;81,39;3,143;14,41;0,332;20,779;0,989;0;1495,243;4,895;5,956;1,061;5,356
2023T4;26;Rioja, La;Rioja, La;322282,0;17,056;40,33;25,767;2,4;32,5;85,7;8,63;22335,0;24436,0;20083,0;58,1;52,46;9,71;35555,0;19250,0;121,66;117,607;4,03;95574,03;1196,6;81,385;2,637;13,65;0,577;19,925;0,713;0;1495,151;4,895;5,956;1,061;5,355
2024T1;26;Rioja, La;Rioja, La;324184,0;17,056;40,33;25,767;2,4;32,5;85,7;9,25;23161,0;25224,0;20974,0;58,18;51,75;11,04;35555,0;19250,0;122,24;113,317;3,693;94019,75;1232,3;84,174;3,455;12,41;0,213;19,174;0,557;1;1546,389;4,904;5,898;0,994;5,341
2024T2;26;Rioja, La;Rioja, La;324184,0;17,056;40,33;25,767;2,4;32,5;85,7;9,25;23161,0;25224,0;20974,0;58,24;52,91;9,14;35555,0;19250,0;124,2;117,41;3,55;100759,62;1209,8;87,086;3,134;14,37;0,469;21,595;0,871;1;1599,886;5,074;6,102;1,028;5,526
2024T3;26;Rioja, La;Rioja, La;324184,0;17,056;40,33;25,767;2,4;32,5;85,7;9,25;23161,0;25224,0;20974,0;58,07;52,13;10,22;35555,0;19250,0;123,79;114,163;3,45;102897,01;1224,1;88,869;3,813;16,26;0,247;21,31;0,998;1;1632,642;5,178;6,227;1,049;5,639
2024T4;26;Rioja, La;Rioja, La;324184,0;17,056;40,33;25,767;2,4;32,5;85,7;9,25;23161,0;25224,0;20974,0;59,34;54,25;8,58;35555,0;19250,0;124,46;118,19;3,167;101948,04;1262,3;91,052;4,47;23,95;0,981;20,162;0,741;1;1672,747;5,305;6,38;1,075;5,778
2015T1;37;Salamanca;Castilla y León;341635,0;17,61;37,69;30,316;2,3;33,7;96,4;-0,89;17690,0;19220,0;15869,0;52,43;42,85;18,26;25002,0;12950,0;99,08;90,33;2,613;88277,78;1225,2;61,891;1,806;15,88;0,357;29,786;0,832;0;1188,516;4,947;5,992;1,045;5,375
2015T2;37;Salamanca;Castilla y León;341635,0;17,61;37,69;30,316;2,3;33,7;96,4;-0,89;17690,0;19220,0;15869,0;54,5;45,66;16,22;25002,0;12950,0;100,76;93,72;2,507;82498,53;1190,1;63,405;1,464;14,6;0,398;31,982;1,297;0;1217,589;5,068;6,138;1,07;5,506
2015T3;37;Salamanca;Castilla y León;341635,0;17,61;37,69;30,316;2,3;33,7;96,4;-0,89;17690,0;19220,0;15869,0;55,12;47,65;13,56;25002,0;12950,0;99,84;90,26;2,45;83611,26;1217,3;62,952;1,338;11,6;0,419;32,422;1,588;0;1208,89;5,032;6,094;1,063;5,467
2015T4;37;Salamanca;Castilla y León;341635,0;17,61;37,69;30,316;2,3;33,7;96,4;-0,89;17690,0;19220,0;15869,0;54,7;46,07;15,78;25002,0;12950,0;100,32;92,907;2,427;94684,52;1191,9;62,984;1,481;14,03;0,316;30,869;1,133;0;1209,505;5,034;6,097;1,063;5,47
2016T1;37;Salamanca;Castilla y León;338308,0;17,043;37,74;30,903;2,3;34,2;96,5;0,92;17712,0;19321,0;15829,0;52,11;43,2;17,1;25481,0;13650,0;98,08;88,55;2,33;92653,75;1220,0;62,963;1,794;16,47;0,349;28,578;0,932;0;1209,102;5,006;6,111;1,104;5,461
2016T2;37;Salamanca;Castilla y León;338308,0;17,043;37,74;30,903;2,3;34,2;96,5;0,92;17712,0;19321,0;15829,0;52,78;43,63;17,33;25481,0;13650,0;99,39;92,68;2,323;86835,75;1205,3;63,753;1,697;15,68;0,511;31,329;1,254;0;1224,272;5,069;6,187;1,118;5,53
2016T3;37;Salamanca;Castilla y León;338308,0;17,043;37,74;30,903;2,3;34,2;96,5;0,92;17712,0;19321,0;15829,0;53,1;45,0;15,26;25481,0;13650,0;99,3;89,743;2,367;90089,29;1173,9;63,699;1,549;12,98;0,387;31,425;1,601;0;1223,235;5,065;6,182;1,117;5,525
2016T4;37;Salamanca;Castilla y León;338308,0;17,043;37,74;30,903;2,3;34,2;96,5;0,92;17712,0;19321,0;15829,0;51,38;43,04;16,22;25481,0;13650,0;101,18;93,203;2,273;81768,81;1214,4;63,471;1,596;11,48;0,42;29,684;1,13;0;1218,857;5,047;6,16;1,113;5,505
2017T1;37;Salamanca;Castilla y León;335783,0;16,588;37,74;31,418;2,3;34,4;96,3;1,61;18173,0;19856,0;16219,0;52,2;43,23;17,19;26127,0;14350,0;101,08;90,093;2,237;97336,54;1199,0;64,277;1,93;15,59;0,488;28,664;0,839;0;1234,335;4,973;6,088;1,115;5,434
2017T2;37;Salamanca;Castilla y León;335783,0;16,588;37,74;31,418;2,3;34,4;96,3;1,61;18173,0;19856,0;16219,0;53,06;44,45;16,22;26127,0;14350,0;101,5;93,773;2,17;90264,34;1178,4;64,47;1,855;14,93;0,482;31,775;1,381;0;1238,041;4,988;6,107;1,119;5,45
2017T3;37;Salamanca;Castilla y León;335783,0;16,588;37,74;31,418;2,3;34,4;96,3;1,61;18173,0;19856,0;16219,0;54,19;47,45;12,44;26127,0;14350,0;100,92;91,133;2,217;98120,42;1214,7;64,374;1,671;13,37;0,485;32,353;1,646;0;1236,197;4,981;6,098;1,117;5,442
2017T4;37;Salamanca;Castilla y León;335783,0;16,588;37,74;31,418;2,3;34,4;96,3;1,61;18173,0;19856,0;16219,0;53,58;46,94;12,39;26127,0;14350,0;102,41;94,803;2,153;108048,47;1186,9;64,92;1,882;15,51;0,53;30,707;1,199;0;1246,683;5,023;6,149;1,126;5,488
2018T1;37;Salamanca;Castilla y León;333500,0;16,272;37,7;31,891;2,3;35,0;96,0;4,23;18647,0;20382,0;16651,0;53,15;45,66;14,09;26989,0;15050,0;101,61;91,97;2,227;93344,26;1183,2;65,684;2,102;12,7;0,549;30,116;0,944;0;1261,354;4,951;6,06;1,109;5,412
2018T2;37;Salamanca;Castilla y León;333500,0;16,272;37,7;31,891;2,3;35,0;96,0;4,23;18647,0;20382,0;16651,0;54,0;47,06;12,85;26989,0;15050,0;103,34;95,373;2,197;95097,26;1147,1;66,904;1,979;10,45;0,39;33,129;1,383;0;1284,782;5,043;6,173;1,13;5,512
2018T3;37;Salamanca;Castilla y León;333500,0;16,272;37,7;31,891;2,3;35,0;96,0;4,23;18647,0;20382,0;16651,0;54,42;47,2;13,27;26989,0;15050,0;103,49;92,553;2,167;90529,26;1176,8;68,04;1,928;13,84;0,792;33,304;1,688;0;1306,597;5,128;6,278;1,149;5,606
2018T4;37;Salamanca;Castilla y León;333500,0;16,272;37,7;31,891;2,3;35,0;96,0;4,23;18647,0;20382,0;16651,0;52,78;46,35;12,18;26989,0;15050,0;104,54;96,513;2,26;93742,99;1173,0;67,992;2,177;15,7;0,339;31,893;1,29;0;1305,675;5,125;6,273;1,148;5,602
2019T1;37;Salamanca;Castilla y León;332044,0;16,113;37,57;32,29;2,3;35,1;95,5;5,43;19331,0;21127,0;17292,0;52,98;46,09;13,01;28050,0;15050,0;103,01;92,79;2,37;94794,81;1173,4;68,933;2,409;15,38;0,455;30,512;0,996;0;1323,746;5,013;6,124;1,112;5,478
2019T2;37;Salamanca;Castilla y León;332044,0;16,113;37,57;32,29;2,3;35,1;95,5;5,43;19331,0;21127,0;17292,0;53,63;45,87;14,47;28050,0;15050,0;104,58;96,067;2,35;101362,07;1181,3;70,466;2,15;12,75;0,476;34,698;1,526;0;1353,184;5,124;6,26;1,136;5,6
2019T3;37;Salamanca;Castilla y León;332044,0;16,113;37,57;32,29;2,3;35,1;95,5;5,43;19331,0;21127,0;17292,0;53,11;46,15;13,1;28050,0;15050,0;103,7;93,19;2,153;101963,59;1178,3;70,805;1,813;12,29;0,44;33,601;1,708;0;1359,694;5,149;6,291;1,142;5,627
2019T4;37;Salamanca;Castilla y León;332044,0;16,113;37,57;32,29;2,3;35,1;95,5;5,43;19331,0;21127,0;17292,0;53,28;46,34;13,02;28050,0;15050,0;104,77;96,93;1,99;97169,35;1201,9;71,386;1,997;18,4;0,593;31,698;1,292;0;1370,851;5,191;6,342;1,151;5,673
2020T1;37;Salamanca;Castilla y León;330834,0;15,934;37,48;32,677;2,3;35,5;95,3;0,3;19395,0;21007,0;17570,0;52,71;45,77;13,17;28130,0;15750,0;103,78;92,617;2,03;94465,62;1204,5;70,949;2,08;10,9;0,408;27,884;0,781;0;1362,46;5,189;6,204;1,015;5,62
2020T2;37;Salamanca;Castilla y León;330834,0;15,934;37,48;32,677;2,3;35,5;95,3;0,3;19395,0;21007,0;17570,0;50,36;44,11;12,42;28130,0;15750,0;103,51;93,307;1,907;106515,98;1191,4;72,549;1,266;14,32;0,348;3,01;0,04;0;1393,185;5,306;6,343;1,038;5,747
2020T3;37;Salamanca;Castilla y León;330834,0;15,934;37,48;32,677;2,3;35,5;95,3;0,3;19395,0;21007,0;17570,0;51,35;44,92;12,53;28130,0;15750,0;103,05;92,713;1,937;111238,41;1184,0;72,382;1,777;14,63;0,378;25,679;0,684;0;1389,978;5,293;6,329;1,035;5,733
2020T4;37;Salamanca;Castilla y León;330834,0;15,934;37,48;32,677;2,3;35,5;95,3;0,3;19395,0;21007,0;17570,0;52,83;44,51;15,75;28130,0;15750,0;103,92;97,763;1,8;96283,06;1162,1;72,332;2,143;12,41;0,49;17,365;0,246;0;1389,018;5,29;6,324;1,035;5,729
2021T1;37;Salamanca;Castilla y León;327735,0;15,898;37,55;32,777;2,2;36,1;95,1;4,23;20138,0;21836,0;18226,0;52,73;43,8;16,93;29176,0;16450,0;104,27;94,957;1,72;123026,19;1147,7;72,356;1,974;17,16;0,507;14,151;0,211;0;1389,479;5,091;6,099;1,008;5,52
2021T2;37;Salamanca;Castilla y León;327735,0;15,898;37,55;32,777;2,2;36,1;95,1;4,23;20138,0;21836,0;18226,0;52,55;45,75;12,93;29176,0;16450,0;106,39;100,28;1,62;98085,77;1141,5;74,437;2,295;11,44;0,76;20,625;0,497;0;1429,441;5,237;6,274;1,037;5,679
2021T3;37;Salamanca;Castilla y León;327735,0;15,898;37,55;32,777;2,2;36,1;95,1;4,23;20138,0;21836,0;18226,0;54,11;47,63;11,96;29176,0;16450,0;106,8;99,757;1,593;97310,0;1178,3;75,445;2,804;10,01;0,665;28,561;1,328;0;1448,798;5,308;6,359;1,051;5,755
2021T4;37;Salamanca;Castilla y León;327735,0;15,898;37,55;32,777;2,2;36,1;95,1;4,23;20138,0;21836,0;18226,0;53,13;47,0;11,53;29176,0;16450,0;110,65;105,007;1,543;107644,34;1183,0;76,225;2,569;12,0;0,494;29,046;1,063;0;1463,777;5,363;6,425;1,062;5,815
2022T1;37;Salamanca;Castilla y León;326285,0;15,805;37,15;33,45;2,2;36,6;94,6;10,61;21174,0;23016,0;19138,0;54,42;47,73;12,3;30435,0;17150,0;112,54;105,46;1,597;106369,23;1178,8;77,597;2,7;12,94;0,592;27,429;0,787;0;1490,124;5,179;6,229;1,05;5,63
2022T2;37;Salamanca;Castilla y León;326285,0;15,805;37,15;33,45;2,2;36,6;94,6;10,61;21174,0;23016,0;19138,0;55,18;49,52;10,24;30435,0;17150,0;116,47;114,52;1,737;105911,07;1217,9;79,21;2,909;11,59;0,398;33,219;1,3;0;1521,099;5,287;6,358;1,071;5,747
2022T3;37;Salamanca;Castilla y León;326285,0;15,805;37,15;33,45;2,2;36,6;94,6;10,61;21174,0;23016,0;19138,0;53,59;47,53;11,31;30435,0;17150,0;117,48;110,537;2,143;106422,26;1198,3;80,393;2,844;11,85;0,576;32,215;1,587;0;1543,816;5,366;6,453;1,087;5,833
2022T4;37;Salamanca;Castilla y León;326285,0;15,805;37,15;33,45;2,2;36,6;94,6;10,61;21174,0;23016,0;19138,0;53,74;47,81;11,04;30435,0;17150,0;118,09;115,007;2,867;110093,5;1176,2;79,321;2,467;9,44;0,711;31,416;1,201;0;1523,23;5,295;6,367;1,073;5,755
2023T1;37;Salamanca;Castilla y León;327089,0;15,963;36,96;33,584;2,2;37,1;93,9;8,38;22204,0;24140,0;20095,0;53,3;47,7;10,51;32411,0;17850,0;118,62;112,827;3,593;105704,7;1215,0;79,538;2,779;12,21;0,495;28,19;0,982;0;1527,397;5,062;6,081;1,019;5,503
2023T2;37;Salamanca;Castilla y León;327089,0;15,963;36,96;33,584;2,2;37,1;93,9;8,38;22204,0;24140,0;20095,0;53,45;48,01;10,18;32411,0;17850,0;120,46;116,6;3,887;97859,04;1188,0;81,46;2,427;11,08;0,544;32,543;1,428;0;1564,306;5,184;6,228;1,044;5,636
2023T3;37;Salamanca;Castilla y León;327089,0;15,963;36,96;33,584;2,2;37,1;93,9;8,38;22204,0;24140,0;20095,0;54,3;47,91;11,76;32411,0;17850,0;121,28;112,777;4,057;107796,25;1175,0;82,365;2,556;20,1;0,391;32,561;1,667;0;1581,685;5,242;6,297;1,055;5,699
2023T4;37;Salamanca;Castilla y León;327089,0;15,963;36,96;33,584;2,2;37,1;93,9;8,38;22204,0;24140,0;20095,0;52,88;47,15;10,83;32411,0;17850,0;122,1;117,607;4,03;102815,72;1218,1;82,077;2,495;12,62;0,523;31,623;1,337;0;1576,155;5,223;6,275;1,051;5,679
2024T1;37;Salamanca;Castilla y León;327552,0;15,963;36,96;33,584;2,2;37,1;93,9;8,94;23060,0;25014,0;20965,0;51,95;45,49;12,44;32411,0;17850,0;122,59;113,317;3,693;106781,05;1202,6;84,235;2,83;9,28;0,495;28,301;1,024;1;1617,596;5,173;6,173;0,999;5,612
2024T2;37;Salamanca;Castilla y León;327552,0;15,963;36,96;33,584;2,2;37,1;93,9;8,94;23060,0;25014,0;20965,0;52,13;45,81;12,11;32411,0;17850,0;124,5;117,41;3,55;105660,75;1199,0;87,058;2,339;9,79;0,363;33,219;1,438;1;1671,807;5,347;6,379;1,033;5,8
2024T3;37;Salamanca;Castilla y León;327552,0;15,963;36,96;33,584;2,2;37,1;93,9;8,94;23060,0;25014,0;20965,0;53,78;47,39;11,87;32411,0;17850,0;123,52;114,163;3,45;106044,98;1237,9;88,944;3,096;10,55;0,409;32,485;1,617;1;1708,024;5,463;6,518;1,055;5,925
2024T4;37;Salamanca;Castilla y León;327552,0;15,963;36,96;33,584;2,2;37,1;93,9;8,94;23060,0;25014,0;20965,0;53,41;47,55;10,97;32411,0;17850,0;124,34;118,19;3,167;115729,38;1230,7;90,75;3,456;11,84;1,023;31,5;1,303;1;1742,705;5,574;6,65;1,076;6,046
2015T1;38;Santa Cruz de Tenerife;Canarias;1003741,0;21,108;44,22;18,009;2,6;29,4;87,8;5,32;15753,0;16736,0;14674,0;61,24;42,91;29,94;24738,0;11550,0;99,37;90,33;2,613;94785,25;1240,9;55,631;2,056;30,43;0,075;91,223;6,289;0;1225,193;5,857;6,68;0,823;6,222
2015T2;38;Santa Cruz de Tenerife;Canarias;1003741,0;21,108;44,22;18,009;2,6;29,4;87,8;5,32;15753,0;16736,0;14674,0;61,54;43,05;30,05;24738,0;11550,0;100,77;93,72;2,507;81336,48;1274,7;58,067;2,247;23,24;0,098;87,298;5,356;0;1278,842;6,113;6,972;0,859;6,494
2015T3;38;Santa Cruz de Tenerife;Canarias;1003741,0;21,108;44,22;18,009;2,6;29,4;87,8;5,32;15753,0;16736,0;14674,0;62,06;45,08;27,35;24738,0;11550,0;99,79;90,26;2,45;86863,34;1256,9;57,837;2,001;22,26;0,332;88,553;6,548;0;1273,777;6,089;6,944;0,856;6,469
2015T4;38;Santa Cruz de Tenerife;Canarias;1003741,0;21,108;44,22;18,009;2,6;29,4;87,8;5,32;15753,0;16736,0;14674,0;62,36;46,26;25,82;24738,0;11550,0;100,07;92,907;2,427;92222,34;1275,3;57,665;1,782;22,75;0,161;89,845;6,205;0;1269,989;6,071;6,924;0,853;6,45
2016T1;38;Santa Cruz de Tenerife;Canarias;1003542,0;20,582;44,56;18,283;2,6;29,3;88,0;10,72;15887,0;16860,0;14823,0;61,58;45,4;26,29;25462,0;11550,0;98,46;88,55;2,33;83490,33;1263,2;58,903;2,355;26,49;0,188;90,605;6,628;0;1297,254;6,155;7,001;0,846;6,532
2016T2;38;Santa Cruz de Tenerife;Canarias;1003542,0;20,582;44,56;18,283;2,6;29,3;88,0;10,72;15887,0;16860,0;14823,0;61,72;44,85;27,34;25462,0;11550,0;99,86;92,68;2,323;79094,8;1288,7;59,17;2,559;16,98;0,21;88,514;6,007;0;1303,134;6,183;7,033;0,85;6,562
2016T3;38;Santa Cruz de Tenerife;Canarias;1003542,0;20,582;44,56;18,283;2,6;29,3;88,0;10,72;15887,0;16860,0;14823,0;61,87;46,34;25,1;25462,0;11550,0;99,75;89,743;2,367;91664,8;1261,6;59,203;2,354;19,14;0,219;89,693;7,263;0;1303,861;6,187;7,037;0,85;6,566
2016T4;38;Santa Cruz de Tenerife;Canarias;1003542,0;20,582;44,56;18,283;2,6;29,3;88,0;10,72;15887,0;16860,0;14823,0;62,1;46,86;24,54;25462,0;11550,0;101,13;93,203;2,273;80945,83;1286,3;59,589;2,146;19,78;0,203;90,682;6,663;0;1312,362;6,227;7,083;0,856;6,608
2017T1;38;Santa Cruz de Tenerife;Canarias;1009654,0;20,144;44,75;18,637;2,7;29,1;87,4;13,97;16116,0;17110,0;15028,0;59,98;45,54;24,08;26492,0;12950,0;101,17;90,093;2,237;85400,42;1297,3;60,93;2,641;20,81;0,259;91,003;6,615;0;1341,896;6,274;7,143;0,869;6,661
2017T2;38;Santa Cruz de Tenerife;Canarias;1009654,0;20,144;44,75;18,637;2,7;29,1;87,4;13,97;16116,0;17110,0;15028,0;58,49;45,46;22,27;26492,0;12950,0;102,04;93,773;2,17;76721,29;1324,4;61,294;3,114;16,63;0,367;89,156;6,235;0;1349,912;6,312;7,186;0,874;6,701
2017T3;38;Santa Cruz de Tenerife;Canarias;1009654,0;20,144;44,75;18,637;2,7;29,1;87,4;13,97;16116,0;17110,0;15028,0;58,95;47,14;20,04;26492,0;12950,0;101,46;91,133;2,217;96324,22;1320,0;61,872;2,856;20,94;0,378;90,577;7,178;0;1362,642;6,371;7,254;0,883;6,764
2017T4;38;Santa Cruz de Tenerife;Canarias;1009654,0;20,144;44,75;18,637;2,7;29,1;87,4;13,97;16116,0;17110,0;15028,0;60,44;46,76;22,64;26492,0;12950,0;102,78;94,803;2,153;91408,21;1329,3;63,185;2,593;21,89;0,265;91,714;6,435;0;1391,559;6,506;7,408;0,901;6,908
2018T1;38;Santa Cruz de Tenerife;Canarias;1019708,0;19,927;44,83;18,947;2,6;29,0;86,6;17,72;16649,0;17606,0;15601,0;59,12;47,14;20,27;27865,0;12950,0;102,34;91,97;2,227;94604,32;1337,5;63,699;2,972;23,99;0,387;91,579;6,374;0;1402,879;6,375;7,194;0,819;6,741
2018T2;38;Santa Cruz de Tenerife;Canarias;1019708,0;19,927;44,83;18,947;2,6;29,0;86,6;17,72;16649,0;17606,0;15601,0;59,28;47,19;20,4;27865,0;12950,0;103,72;95,373;2,197;71422,89;1357,6;64,937;3,19;22,81;0,306;91,552;5,954;0;1430,144;6,498;7,334;0,835;6,872
2018T3;38;Santa Cruz de Tenerife;Canarias;1019708,0;19,927;44,83;18,947;2,6;29,0;86,6;17,72;16649,0;17606,0;15601,0;59,44;47,83;19,52;27865,0;12950,0;103,3;92,553;2,167;101471,65;1397,5;65,191;2,88;21,72;0,478;92,947;7,015;0;1435,738;6,524;7,362;0,838;6,899
2018T4;38;Santa Cruz de Tenerife;Canarias;1019708,0;19,927;44,83;18,947;2,6;29,0;86,6;17,72;16649,0;17606,0;15601,0;60,74;48,94;19,42;27865,0;12950,0;104,37;96,513;2,26;103722,79;1394,5;65,803;2,488;24,75;0,449;94,316;6,481;0;1449,216;6,585;7,431;0,846;6,964
2019T1;38;Santa Cruz de Tenerife;Canarias;1031630,0;19,848;44,89;19,176;2,6;28,8;86,0;18,61;17405,0;18331,0;16401,0;60,48;49,02;18,94;29388,0;14350,0;102,97;92,79;2,37;91957,85;1417,9;67,003;2,442;19,57;0,465;95,055;6,425;0;1475,645;6,44;7,198;0,758;6,783
2019T2;38;Santa Cruz de Tenerife;Canarias;1031630,0;19,848;44,89;19,176;2,6;28,8;86,0;18,61;17405,0;18331,0;16401,0;60,24;49,1;18,5;29388,0;14350,0;104,3;96,067;2,35;97593,3;1439,6;67,026;3,104;18,3;0,495;92,994;6,067;0;1476,151;6,442;7,2;0,758;6,785
2019T3;38;Santa Cruz de Tenerife;Canarias;1031630,0;19,848;44,89;19,176;2,6;28,8;86,0;18,61;17405,0;18331,0;16401,0;59,46;47,91;19,43;29388,0;14350,0;103,54;93,19;2,153;102265,24;1433,2;67,669;2,158;25,07;0,269;96,617;7,072;0;1490,312;6,504;7,269;0,765;6,85
2019T4;38;Santa Cruz de Tenerife;Canarias;1031630,0;19,848;44,89;19,176;2,6;28,8;86,0;18,61;17405,0;18331,0;16401,0;60,12;49,35;17,9;29388,0;14350,0;104,68;96,93;1,99;106545,33;1428,6;67,811;2,212;20,46;0,454;97,116;6,434;0;1493,44;6,518;7,285;0,767;6,864
2020T1;38;Santa Cruz de Tenerife;Canarias;1045045,0;19,822;44,86;19,525;2,6;29,1;86,2;7,94;16490,0;17194,0;15724,0;59,3;47,29;20,25;28792,0;13650,0;104,07;92,617;2,03;96294,67;1452,2;68,192;2,988;19,28;0,412;87,784;5,198;0;1501,831;6,988;7,641;0,653;7,286
2020T2;38;Santa Cruz de Tenerife;Canarias;1045045,0;19,822;44,86;19,525;2,6;29,1;86,2;7,94;16490,0;17194,0;15724,0;53,32;41,18;22,77;28792,0;13650,0;104,32;93,307;1,907;103047,24;1400,7;67,449;1,113;19,78;0,524;1,433;0,01;0;1485,467;6,912;7,558;0,646;7,207
2020T3;38;Santa Cruz de Tenerife;Canarias;1045045,0;19,822;44,86;19,525;2,6;29,1;86,2;7,94;16490,0;17194,0;15724,0;57,73;42,9;25,68;28792,0;13650,0;103,88;92,713;1,937;106919,49;1417,2;68,64;1,93;18,05;0,385;36,997;1,281;0;1511,697;7,034;7,691;0,658;7,334
2020T4;38;Santa Cruz de Tenerife;Canarias;1045045,0;19,822;44,86;19,525;2,6;29,1;86,2;7,94;16490,0;17194,0;15724,0;57,79;43,62;24,53;28792,0;13650,0;104,64;97,763;1,8;118199,83;1440,0;68,376;1,913;18,56;0,261;39,693;0,886;0;1505,883;7,007;7,662;0,655;7,306
2021T1;38;Santa Cruz de Tenerife;Canarias;1047565,0;19,673;44,85;20,005;2,6;29,5;86,1;6,24;17697,0;18421,0;16919,0;55,72;41,86;24,88;29849,0;14350,0;104,56;94,957;1,72;110629,75;1417,9;69,425;1,95;21,59;0,369;28,095;0,521;0;1528,986;6,64;7,23;0,589;6,912
2021T2;38;Santa Cruz de Tenerife;Canarias;1047565,0;19,673;44,85;20,005;2,6;29,5;86,1;6,24;17697,0;18421,0;16919,0;56,2;42,14;25,02;29849,0;14350,0;106,32;100,28;1,62;110431,6;1425,9;71,762;2,295;18,26;0,572;32,752;1,045;0;1580,455;6,864;7,473;0,609;7,145
2021T3;38;Santa Cruz de Tenerife;Canarias;1047565,0;19,673;44,85;20,005;2,6;29,5;86,1;6,24;17697,0;18421,0;16919,0;58,01;44,17;23,86;29849,0;14350,0;106,75;99,757;1,593;118282,08;1469,4;73,412;2,551;20,73;0,171;73,9;3,955;0;1616,794;7,022;7,645;0,623;7,309
2021T4;38;Santa Cruz de Tenerife;Canarias;1047565,0;19,673;44,85;20,005;2,6;29,5;86,1;6,24;17697,0;18421,0;16919,0;58,87;47,0;20,17;29849,0;14350,0;110,11;105,007;1,543;112065,08;1497,2;73,716;2,642;22,58;0,474;90,052;5,264;0;1623,489;7,051;7,677;0,626;7,339
2022T1;38;Santa Cruz de Tenerife;Canarias;1051874,0;19,545;44,72;20,625;2,6;29,6;85,2;16,75;19267,0;20034,0;18452,0;58,39;46,84;19,78;32485,0;15750,0;111,76;105,46;1,597;114474,17;1509,8;76,98;2,941;16,23;0,38;93,35;5,162;0;1695,374;6,77;7,35;0,58;7,039
2022T2;38;Santa Cruz de Tenerife;Canarias;1051874,0;19,545;44,72;20,625;2,6;29,6;85,2;16,75;19267,0;20034,0;18452,0;57,91;47,29;18,34;32485,0;15750,0;114,5;114,52;1,737;103033,04;1494,8;78,534;3,585;16,1;0,397;93,78;5,779;0;1729,598;6,907;7,499;0,592;7,182
2022T3;38;Santa Cruz de Tenerife;Canarias;1051874,0;19,545;44,72;20,625;2,6;29,6;85,2;16,75;19267,0;20034,0;18452,0;55,81;46,09;17,42;32485,0;15750,0;115,92;110,537;2,143;114860,99;1503,3;79,323;3,553;19,99;0,391;94,793;6,604;0;1746,975;6,976;7,574;0,598;7,254
2022T4;38;Santa Cruz de Tenerife;Canarias;1051874,0;19,545;44,72;20,625;2,6;29,6;85,2;16,75;19267,0;20034,0;18452,0;57,07;47,66;16,48;32485,0;15750,0;116,95;115,007;2,867;108361,3;1554,8;79,717;2,843;17,05;0,442;95,067;6,382;0;1755,652;7,011;7,612;0,601;7,29
2023T1;38;Santa Cruz de Tenerife;Canarias;1067173,0;19,668;44,68;20,889;2,6;29,6;84,8;13,47;20422,0;21257,0;19539,0;57,6;46,17;19,85;35654,0;17150,0;118,23;112,827;3,593;118587,57;1600,6;81,216;2,974;21,87;0,494;92,764;6,235;0;1788,665;6,732;7,323;0,592;7,007
2023T2;38;Santa Cruz de Tenerife;Canarias;1067173,0;19,668;44,68;20,889;2,6;29,6;84,8;13,47;20422,0;21257,0;19539,0;58,62;48,93;16,53;35654,0;17150,0;120,28;116,6;3,887;121928,36;1642,3;82,101;2,989;18,62;0,483;90,723;5,857;0;1808,156;6,805;7,403;0,598;7,083
2023T3;38;Santa Cruz de Tenerife;Canarias;1067173,0;19,668;44,68;20,889;2,6;29,6;84,8;13,47;20422,0;21257,0;19539,0;57,69;48,65;15,68;35654,0;17150,0;121,32;112,777;4,057;107905,88;1678,9;84,56;2,438;22,94;0,414;91,168;6,541;0;1862,312;7,009;7,625;0,616;7,295
2023T4;38;Santa Cruz de Tenerife;Canarias;1067173,0;19,668;44,68;20,889;2,6;29,6;84,8;13,47;20422,0;21257,0;19539,0;60,02;49,87;16,91;35654,0;17150,0;122,15;117,607;4,03;117141,53;1697,9;83,341;2,176;22,31;0,609;92,272;6,458;0;1835,466;6,908;7,515;0,607;7,19
2024T1;38;Santa Cruz de Tenerife;Canarias;1078864,0;19,668;44,68;20,889;2,6;29,6;84,8;11,77;21321,0;22143,0;20456,0;59,0;50,58;14,26;35654,0;17150,0;122,67;113,317;3,693;113314,37;1746,9;85,935;2,542;24,91;0,358;92,821;6,535;1;1892,595;6,838;7,402;0,564;7,101
2024T2;38;Santa Cruz de Tenerife;Canarias;1078864,0;19,668;44,68;20,889;2,6;29,6;84,8;11,77;21321,0;22143,0;20456,0;58,83;50,53;14,1;35654,0;17150,0;124,17;117,41;3,55;119840,62;1788,9;89,088;2,72;28,43;0,677;91,382;5,935;1;1962,035;7,089;7,673;0,585;7,362
2024T3;38;Santa Cruz de Tenerife;Canarias;1078864,0;19,668;44,68;20,889;2,6;29,6;84,8;11,77;21321,0;22143,0;20456,0;58,82;50,72;13,78;35654,0;17150,0;123,86;114,163;3,45;134283,97;1816,1;90,57;2,832;29,92;0,303;94,007;6,748;1;1994,674;7,207;7,801;0,594;7,484
2024T4;38;Santa Cruz de Tenerife;Canarias;1078864,0;19,668;44,68;20,889;2,6;29,6;84,8;11,77;21321,0;22143,0;20456,0;57,62;50,83;11,78;35654,0;17150,0;124,58;118,19;3,167;132967,47;1873,7;92,176;2,454;32,82;0,343;95,259;6,49;1;2030,044;7,334;7,939;0,605;7,617
2015T1;40;Segovia;Castilla y León;157578,0;18,513;38,7;26,464;2,5;32,6;89,2;-1,06;17008,0;18651,0;15057,0;60,43;50,79;15,95;26594,0;13650,0;98,76;90,33;2,613;91878,45;999,8;61,891;1,612;20,87;0,489;33,241;0,711;0;999,885;4,289;5,313;1,024;4,703
2015T2;40;Segovia;Castilla y León;157578,0;18,513;38,7;26,464;2,5;32,6;89,2;-1,06;17008,0;18651,0;15057,0;60,7;52,13;14,11;26594,0;13650,0;100,85;93,72;2,507;89313,19;1014,5;63,405;1,618;14,9;0,831;35,202;1,113;0;1024,345;4,394;5,442;1,049;4,818
2015T3;40;Segovia;Castilla y León;157578,0;18,513;38,7;26,464;2,5;32,6;89,2;-1,06;17008,0;18651,0;15057,0;58,88;50,96;13,45;26594,0;13650,0;99,86;90,26;2,45;75995,65;1025,7;62,952;2,297;13,81;0,692;36,365;1,433;0;1017,026;4,362;5,404;1,041;4,784
2015T4;40;Segovia;Castilla y León;157578,0;18,513;38,7;26,464;2,5;32,6;89,2;-1,06;17008,0;18651,0;15057,0;58,84;49,57;15,75;26594,0;13650,0;100,53;92,907;2,427;101558,01;1018,8;62,984;1,663;18,32;0,571;34,569;1,109;0;1017,543;4,365;5,406;1,042;4,786
2016T1;40;Segovia;Castilla y León;155991,0;18,048;38,98;26,78;2,5;32,9;89,6;0,86;17097,0;18839,0;15040,0;59,39;49,12;17,28;27328,0;14350,0;98,27;88,55;2,33;88151,75;978,6;62,963;2,321;19,34;0,705;34,143;0,918;0;1017,204;4,32;5,411;1,091;4,76
2016T2;40;Segovia;Castilla y León;155991,0;18,048;38,98;26,78;2,5;32,9;89,6;0,86;17097,0;18839,0;15040,0;60,81;51,42;15,45;27328,0;14350,0;99,86;92,68;2,323;90317,6;1002,4;63,753;2,18;16,76;0,603;37,447;1,089;0;1029,967;4,374;5,479;1,105;4,819
2016T3;40;Segovia;Castilla y León;155991,0;18,048;38,98;26,78;2,5;32,9;89,6;0,86;17097,0;18839,0;15040,0;60,78;53,93;11,28;27328,0;14350,0;99,78;89,743;2,367;86279,33;989,1;63,699;2,257;18,75;0,718;38,423;1,606;0;1029,095;4,37;5,474;1,104;4,815
2016T4;40;Segovia;Castilla y León;155991,0;18,048;38,98;26,78;2,5;32,9;89,6;0,86;17097,0;18839,0;15040,0;61,12;53,4;12,63;27328,0;14350,0;101,71;93,203;2,273;99107,78;952,7;63,471;1,699;10,19;0,481;35,769;1,212;0;1025,411;4,354;5,454;1,1;4,798
2017T1;40;Segovia;Castilla y León;154854,0;17,594;39,11;27,163;2,5;32,9;89,5;1,38;17523,0;19458,0;15278,0;61,09;53,42;12,56;28014,0;15050,0;101,29;90,093;2,237;87144,8;972,7;64,277;2,493;19,43;0,601;33,137;0,902;0;1038,433;4,269;5,438;1,168;4,741
2017T2;40;Segovia;Castilla y León;154854,0;17,594;39,11;27,163;2,5;32,9;89,5;1,38;17523,0;19458,0;15278,0;60,44;53,3;11,8;28014,0;15050,0;102,07;93,773;2,17;89898,4;989,0;64,47;2,415;19,52;0,923;37,358;1,466;0;1041,551;4,282;5,454;1,172;4,755
2017T3;40;Segovia;Castilla y León;154854,0;17,594;39,11;27,163;2,5;32,9;89,5;1,38;17523,0;19458,0;15278,0;60,0;53,56;10,73;28014,0;15050,0;101,57;91,133;2,217;102552,88;974,3;64,374;2,467;9,16;0,549;38,016;1,711;0;1040,0;4,276;5,446;1,17;4,748
2017T4;40;Segovia;Castilla y León;154854,0;17,594;39,11;27,163;2,5;32,9;89,5;1,38;17523,0;19458,0;15278,0;58,06;50,74;12,6;28014,0;15050,0;103,35;94,803;2,153;90389,61;977,1;64,92;2,131;14,55;0,885;35,044;1,18;0;1048,821;4,312;5,492;1,18;4,788
2018T1;40;Segovia;Castilla y León;153983,0;17,322;39,18;27,443;2,4;33,1;89,0;5,28;17939,0;19896,0;15687,0;57,25;49,63;13,31;29158,0;15750,0;102,26;91,97;2,227;85571,43;1001,7;65,684;2,617;12,16;0,623;35,889;0,936;0;1061,163;4,267;5,412;1,145;4,732
2018T2;40;Segovia;Castilla y León;153983,0;17,322;39,18;27,443;2,4;33,1;89,0;5,28;17939,0;19896,0;15687,0;57,68;50,04;13,24;29158,0;15750,0;103,85;95,373;2,197;96290,84;974,2;66,904;2,728;10,24;0,701;37,911;1,305;0;1080,873;4,346;5,512;1,166;4,82
2018T3;40;Segovia;Castilla y León;153983,0;17,322;39,18;27,443;2,4;33,1;89,0;5,28;17939,0;19896,0;15687,0;57,76;51,14;11,45;29158,0;15750,0;103,89;92,553;2,167;98196,91;959,3;68,04;2,831;12,84;0,74;40,022;1,789;0;1099,226;4,42;5,606;1,186;4,902
2018T4;40;Segovia;Castilla y León;153983,0;17,322;39,18;27,443;2,4;33,1;89,0;5,28;17939,0;19896,0;15687,0;56,77;51,5;9,28;29158,0;15750,0;104,96;96,513;2,26;91061,03;986,8;67,992;2,708;7,19;0,578;36,411;1,3;0;1098,451;4,417;5,602;1,185;4,899
2019T1;40;Segovia;Castilla y León;153571,0;17,151;39,26;27,674;2,4;33,1;88,3;6,24;18459,0;20523,0;16111,0;56,28;50,72;9,87;30477,0;16450,0;103,35;92,79;2,37;97508,85;964,2;68,933;3,256;12,0;0,957;36,059;1,009;0;1113,653;4,341;5,53;1,189;4,826
2019T2;40;Segovia;Castilla y León;153571,0;17,151;39,26;27,674;2,4;33,1;88,3;6,24;18459,0;20523,0;16111,0;59,27;53,41;9,89;30477,0;16450,0;104,92;96,067;2,35;96271,26;960,9;70,466;2,93;14,22;0,612;38,662;1,512;0;1138,419;4,438;5,653;1,215;4,934
2019T3;40;Segovia;Castilla y León;153571,0;17,151;39,26;27,674;2,4;33,1;88,3;6,24;18459,0;20523,0;16111,0;60,24;55,14;8,46;30477,0;16450,0;104,24;93,19;2,153;99768,89;990,5;70,805;2,572;11,65;0,723;40,17;1,815;0;1143,896;4,459;5,68;1,221;4,958
2019T4;40;Segovia;Castilla y León;153571,0;17,151;39,26;27,674;2,4;33,1;88,3;6,24;18459,0;20523,0;16111,0;62,29;55,37;11,11;30477,0;16450,0;105,44;96,93;1,99;99007,97;986,7;71,386;2,754;17,26;1,302;36,244;1,337;0;1153,283;4,496;5,727;1,231;4,998
2020T1;40;Segovia;Castilla y León;153641,0;17,054;39,23;27,898;2,4;33,5;88,3;3,77;18909,0;20849,0;16687,0;58,63;53,14;9,38;30787,0;16450,0;104,03;92,617;2,03;101080,54;974,4;70,949;2,441;9,87;0,573;32,964;0,836;0;1146,223;4,398;5,495;1,097;4,849
2020T2;40;Segovia;Castilla y León;153641,0;17,054;39,23;27,898;2,4;33,5;88,3;3,77;18909,0;20849,0;16687,0;55,99;50,38;10,03;30787,0;16450,0;104,14;93,307;1,907;95220,34;966,6;72,549;1,211;11,29;0,547;0,0;0,0;0;1172,072;4,497;5,619;1,122;4,959
2020T3;40;Segovia;Castilla y León;153641,0;17,054;39,23;27,898;2,4;33,5;88,3;3,77;18909,0;20849,0;16687,0;59,4;54,08;8,96;30787,0;16450,0;103,65;92,713;1,937;102614,21;985,8;72,382;2,831;7,36;0,729;31,344;0,928;0;1169,374;4,487;5,606;1,119;4,947
2020T4;40;Segovia;Castilla y León;153641,0;17,054;39,23;27,898;2,4;33,5;88,3;3,77;18909,0;20849,0;16687,0;59,95;55,02;8,21;30787,0;16450,0;104,74;97,763;1,8;94272,06;967,9;72,332;3,3;15,19;0,814;20,986;0,284;0;1168,566;4,484;5,602;1,118;4,944
2021T1;40;Segovia;Castilla y León;153626,0;17,032;39,69;27,569;2,4;33,8;88,2;3,56;19566,0;21501,0;17367,0;56,46;50,94;9,78;32028,0;17150,0;104,99;94,957;1,72;94127,21;976,5;72,356;3,723;9,79;0,859;16,347;0,169;0;1168,954;4,349;5,385;1,035;4,78
2021T2;40;Segovia;Castilla y León;153626,0;17,032;39,69;27,569;2,4;33,8;88,2;3,56;19566,0;21501,0;17367,0;58,89;52,57;10,73;32028,0;17150,0;107,44;100,28;1,62;100441,56;963,1;74,437;3,248;10,82;0,905;28,962;0,594;0;1202,573;4,474;5,54;1,065;4,917
2021T3;40;Segovia;Castilla y León;153626,0;17,032;39,69;27,569;2,4;33,8;88,2;3,56;19566,0;21501,0;17367,0;58,88;54,29;7,79;32028,0;17150,0;107,78;99,757;1,593;96674,77;984,8;75,445;3,795;10,98;0,95;38,303;1,661;0;1218,858;4,535;5,615;1,08;4,984
2021T4;40;Segovia;Castilla y León;153626,0;17,032;39,69;27,569;2,4;33,8;88,2;3,56;19566,0;21501,0;17367,0;56,62;51,44;9,14;32028,0;17150,0;111,63;105,007;1,543;99916,43;987,4;76,225;3,775;11,38;1,015;35,895;1,202;0;1231,459;4,582;5,673;1,091;5,035
2022T1;40;Segovia;Castilla y León;153731,0;16,98;39,48;28,05;2,4;34,2;87,4;15,34;20391,0;22414,0;18136,0;56,75;51,83;8,67;33362,0;17850,0;114,12;105,46;1,597;94945,05;1022,8;77,597;3,968;10,49;1,008;35,18;0,977;0;1253,625;4,474;5,53;1,055;4,918
2022T2;40;Segovia;Castilla y León;153731,0;16,98;39,48;28,05;2,4;34,2;87,4;15,34;20391,0;22414,0;18136,0;58,24;53,88;7,48;33362,0;17850,0;118,3;114,52;1,737;106481,82;1053,8;79,21;3,786;13,57;0,69;38,444;1,431;0;1279,684;4,567;5,645;1,077;5,021
2022T3;40;Segovia;Castilla y León;153731,0;16,98;39,48;28,05;2,4;34,2;87,4;15,34;20391,0;22414,0;18136,0;58,91;53,13;9,82;33362,0;17850,0;119,72;110,537;2,143;106255,32;1030,4;80,393;4,118;6,95;0,911;39,235;1,751;0;1298,796;4,636;5,729;1,093;5,096
2022T4;40;Segovia;Castilla y León;153731,0;16,98;39,48;28,05;2,4;34,2;87,4;15,34;20391,0;22414,0;18136,0;56,53;52,51;7,12;33362,0;17850,0;119,72;115,007;2,867;114493,15;1061,1;79,321;3,727;17,98;0,677;35,87;1,241;0;1281,477;4,574;5,653;1,079;5,028
2023T1;40;Segovia;Castilla y León;155332,0;17,135;39,3;28,179;2,4;34,3;86,6;13,28;21502,0;23649,0;19143,0;57,25;53,06;7,32;35688,0;19250,0;120,07;112,827;3,593;106563,13;1101,9;79,538;4,867;18,52;1,011;34,674;1,091;0;1284,983;4,347;5,37;1,023;4,781
2023T2;40;Segovia;Castilla y León;155332,0;17,135;39,3;28,179;2,4;34,3;86,6;13,28;21502,0;23649,0;19143,0;60,66;56,76;6,43;35688,0;19250,0;121,75;116,6;3,887;101248,3;1092,6;81,46;3,959;13,01;1,191;36,172;1,475;0;1316,034;4,452;5,5;1,048;4,896
2023T3;40;Segovia;Castilla y León;155332,0;17,135;39,3;28,179;2,4;34,3;86,6;13,28;21502,0;23649,0;19143,0;59,33;53,2;10,32;35688,0;19250,0;122,99;112,777;4,057;101216,67;1102,6;82,365;3,451;10,26;1,629;38,045;1,87;0;1330,655;4,501;5,561;1,06;4,951
2023T4;40;Segovia;Castilla y León;155332,0;17,135;39,3;28,179;2,4;34,3;86,6;13,28;21502,0;23649,0;19143,0;58,45;53,66;8,19;35688,0;19250,0;123,37;117,607;4,03;108273,41;1144,3;82,077;3,618;13,7;2,949;34,614;1,335;0;1326,002;4,486;5,541;1,056;4,934
2024T1;40;Segovia;Castilla y León;156620,0;17,135;39,3;28,179;2,4;34,3;86,6;13,9;22430,0;24620,0;20060,0;58,73;54,66;6,93;35688,0;19250,0;124,02;113,317;3,693;94362,18;1142,0;84,235;3,684;17,68;1,609;34,483;1,127;1;1360,866;4,422;5,427;1,005;4,854
2024T2;40;Segovia;Castilla y León;156620,0;17,135;39,3;28,179;2,4;34,3;86,6;13,9;22430,0;24620,0;20060,0;59,79;55,31;7,49;35688,0;19250,0;125,95;117,41;3,55;107210,53;1143,8;87,058;3,384;10,38;1,43;38,026;1,63;1;1406,473;4,57;5,609;1,039;5,016
2024T3;40;Segovia;Castilla y León;156620,0;17,135;39,3;28,179;2,4;34,3;86,6;13,9;22430,0;24620,0;20060,0;57,57;54,37;5,56;35688,0;19250,0;125,63;114,163;3,45;107266,67;1178,7;88,944;4,457;9,6;1,098;40,169;1,963;1;1436,942;4,669;5,731;1,061;5,125
2024T4;40;Segovia;Castilla y León;156620,0;17,135;39,3;28,179;2,4;34,3;86,6;13,9;22430,0;24620,0;20060,0;58,92;54,92;6,79;35688,0;19250,0;125,96;118,19;3,167;111364,65;1194,1;90,75;4,674;18,44;1,066;38,26;1,527;1;1466,119;4,764;5,847;1,083;5,229
2015T1;41;Sevilla;Andalucía;1935135,0;20,993;41,37;17,312;2,8;22,5;96,7;-0,12;15920,0;17974,0;13397,0;60,24;40,74;32,38;25099,0;11550,0;99,02;90,33;2,613;85176,42;1268,1;53,938;1,534;18,63;0,183;14,651;0,552;0;1228,59;5,468;7,337;1,868;6,174
2015T2;41;Sevilla;Andalucía;1935135,0;20,993;41,37;17,312;2,8;22,5;96,7;-0,12;15920,0;17974,0;13397,0;60,53;42,79;29,31;25099,0;11550,0;100,76;93,72;2,507;88134,53;1279,3;56,15;1,535;16,84;0,232;14,869;0,828;0;1278,975;5,693;7,637;1,945;6,427
2015T3;41;Sevilla;Andalucía;1935135,0;20,993;41,37;17,312;2,8;22,5;96,7;-0,12;15920,0;17974,0;13397,0;59,99;41,25;31,23;25099,0;11550,0;99,86;90,26;2,45;90333,06;1259,7;56,783;1,592;12,27;0,194;14,338;0,763;0;1293,393;5,757;7,723;1,967;6,499
2015T4;41;Sevilla;Andalucía;1935135,0;20,993;41,37;17,312;2,8;22,5;96,7;-0,12;15920,0;17974,0;13397,0;60,19;42,69;29,08;25099,0;11550,0;100,36;92,907;2,427;91014,87;1278,3;56,39;1,305;10,97;0,167;15,253;0,753;0;1284,442;5,717;7,67;1,953;6,454
2016T1;41;Sevilla;Andalucía;1935590,0;20,329;41,88;17,513;2,7;22,6;96,8;0,63;16100,0;18171,0;13568,0;59,06;42,23;28,49;25670,0;11550,0;98,39;88,55;2,33;90164,74;1224,4;56,881;1,673;11,86;0,241;15,473;0,684;0;1295,625;5,704;7,639;1,935;6,438
2016T2;41;Sevilla;Andalucía;1935590,0;20,329;41,88;17,513;2,7;22,6;96,8;0,63;16100,0;18171,0;13568,0;58,95;43,02;27,01;25670,0;11550,0;99,95;92,68;2,323;87855,45;1243,5;57,602;1,851;10,55;0,26;15,588;0,876;0;1312,048;5,776;7,736;1,96;6,519
2016T3;41;Sevilla;Andalucía;1935590,0;20,329;41,88;17,513;2,7;22,6;96,8;0,63;16100,0;18171,0;13568,0;57,92;41,69;28,02;25670,0;11550,0;99,85;89,743;2,367;91202,03;1245,3;57,552;1,748;13,65;0,215;14,825;0,823;0;1310,909;5,771;7,729;1,958;6,514
2016T4;41;Sevilla;Andalucía;1935590,0;20,329;41,88;17,513;2,7;22,6;96,8;0,63;16100,0;18171,0;13568,0;58,78;42,89;27,03;25670,0;11550,0;101,46;93,203;2,273;91981,68;1207,7;57,569;1,485;9,11;0,254;15,501;0,776;0;1311,297;5,773;7,732;1,959;6,516
2017T1;41;Sevilla;Andalucía;1936735,0;19,756;42,14;17,873;2,7;22,9;96,6;1,44;16257,0;18386,0;13681,0;58,51;43,08;26,37;26334,0;12250,0;101,0;90,093;2,237;97087,03;1249,5;58,076;1,853;10,45;0,41;15,428;0,693;0;1322,845;5,756;7,735;1,979;6,51
2017T2;41;Sevilla;Andalucía;1936735,0;19,756;42,14;17,873;2,7;22,9;96,6;1,44;16257,0;18386,0;13681,0;58,63;44,12;24,76;26334,0;12250,0;101,73;93,773;2,17;100704,46;1256,0;58,983;1,973;11,02;0,371;15,48;0,946;0;1343,504;5,846;7,856;2,01;6,611
2017T3;41;Sevilla;Andalucía;1936735,0;19,756;42,14;17,873;2,7;22,9;96,6;1,44;16257,0;18386,0;13681,0;58,3;44,58;23,54;26334,0;12250,0;101,22;91,133;2,217;107414,57;1246,4;59,674;2,054;11,97;0,52;15,115;0,86;0;1359,244;5,914;7,948;2,034;6,689
2017T4;41;Sevilla;Andalucía;1936735,0;19,756;42,14;17,873;2,7;22,9;96,6;1,44;16257,0;18386,0;13681,0;58,34;45,26;22,42;26334,0;12250,0;102,67;94,803;2,153;99696,84;1261,6;60,148;1,764;9,95;0,206;15,535;0,84;0;1370,041;5,961;8,011;2,05;6,742
2018T1;41;Sevilla;Andalucía;1938007,0;19,325;42,31;18,259;2,7;23,2;96,5;2,35;16816,0;19014,0;14190,0;59,03;44,62;24,41;27535,0;12950,0;101,92;91,97;2,227;104739,54;1232,5;60,438;2,132;9,73;0,312;15,266;0,747;0;1376,646;5,792;7,761;1,969;6,549
2018T2;41;Sevilla;Andalucía;1938007,0;19,325;42,31;18,259;2,7;23,2;96,5;2,35;16816,0;19014,0;14190,0;58,63;45,64;22,16;27535,0;12950,0;103,57;95,373;2,197;102701,21;1257,0;61,785;2,327;10,22;0,378;15,926;0,977;0;1407,328;5,921;7,934;2,013;6,695
2018T3;41;Sevilla;Andalucía;1938007,0;19,325;42,31;18,259;2,7;23,2;96,5;2,35;16816,0;19014,0;14190,0;58,79;45,71;22,25;27535,0;12950,0;103,38;92,553;2,167;104358,98;1274,4;62,889;2,382;9,47;0,667;15,709;0,906;0;1432,475;6,027;8,076;2,049;6,815
2018T4;41;Sevilla;Andalucía;1938007,0;19,325;42,31;18,259;2,7;23,2;96,5;2,35;16816,0;19014,0;14190,0;59,39;46,95;20,94;27535,0;12950,0;104,18;96,513;2,26;107592,7;1302,6;63,535;2,311;12,13;0,44;16,244;0,908;0;1447,189;6,089;8,159;2,07;6,885
2019T1;41;Sevilla;Andalucía;1941191,0;19,053;42,39;18,674;2,7;23,3;96,1;3,97;17710,0;19982,0;15001,0;58,75;45,82;22,02;28874,0;13650,0;102,9;92,79;2,37;105736,5;1332,6;64,023;2,411;11,5;0,443;16,075;0,829;0;1458,305;5,838;7,777;1,939;6,587
2019T2;41;Sevilla;Andalucía;1941191,0;19,053;42,39;18,674;2,7;23,3;96,1;3,97;17710,0;19982,0;15001,0;59,01;46,13;21,83;28874,0;13650,0;104,2;96,067;2,35;109044,57;1290,1;65,216;2,476;12,05;0,749;16,334;1,042;0;1485,479;5,947;7,922;1,975;6,71
2019T3;41;Sevilla;Andalucía;1941191,0;19,053;42,39;18,674;2,7;23,3;96,1;3,97;17710,0;19982,0;15001,0;58,79;46,2;21,42;28874,0;13650,0;103,48;93,19;2,153;103855,35;1305,3;66,605;2,394;11,57;0,327;16,194;0,96;0;1517,117;6,074;8,091;2,017;6,853
2019T4;41;Sevilla;Andalucía;1941191,0;19,053;42,39;18,674;2,7;23,3;96,1;3,97;17710,0;19982,0;15001,0;59,0;46,77;20,74;28874,0;13650,0;104,52;96,93;1,99;114754,21;1321,6;66,17;2,201;12,55;0,497;16,607;0,924;0;1507,209;6,034;8,038;2,004;6,808
2020T1;41;Sevilla;Andalucía;1947848,0;18,9;42,47;18,981;2,7;23,7;96,0;2,37;17817,0;19963,0;15247,0;58,63;45,91;21,7;28912,0;13650,0;103,39;92,617;2,03;107903,85;1348,7;66,665;2,52;14,57;0,545;14,692;0,637;0;1518,484;6,085;7,967;1,882;6,818
2020T2;41;Sevilla;Andalucía;1947848,0;18,9;42,47;18,981;2,7;23,7;96,0;2,37;17817,0;19963,0;15247,0;53,94;42,89;20,5;28912,0;13650,0;103,66;93,307;1,907;104531,07;1300,6;66,762;1,529;17,39;0,297;1,88;0,031;0;1520,693;6,094;7,979;1,885;6,828
2020T3;41;Sevilla;Andalucía;1947848,0;18,9;42,47;18,981;2,7;23,7;96,0;2,37;17817,0;19963,0;15247,0;56,76;43,28;23,75;28912,0;13650,0;102,96;92,713;1,937;121236,81;1290,0;67,435;1,868;19,95;0,233;9,12;0,249;0;1536,023;6,155;8,059;1,904;6,897
2020T4;41;Sevilla;Andalucía;1947848,0;18,9;42,47;18,981;2,7;23,7;96,0;2,37;17817,0;19963,0;15247,0;57,53;44,63;22,44;28912,0;13650,0;103,91;97,763;1,8;118755,83;1324,9;67,267;2,19;14,65;0,788;9,867;0,168;0;1532,196;6,14;8,039;1,899;6,88
2021T1;41;Sevilla;Andalucía;1950056,0;18,828;42,5;19,311;2,7;24,1;95,9;0,58;18751,0;20995,0;16109,0;57,15;43,68;23,57;30254,0;14350,0;104,05;94,957;1,72;111257,87;1308,5;67,099;2,748;17,66;0,78;8,859;0,136;0;1528,369;5,824;7,59;1,766;6,521
2021T2;41;Sevilla;Andalucía;1950056,0;18,828;42,5;19,311;2,7;24,1;95,9;0,58;18751,0;20995,0;16109,0;58,38;45,83;21,5;30254,0;14350,0;106,23;100,28;1,62;113447,17;1333,9;69,143;2,848;14,48;0,509;10,935;0,312;0;1574,927;6,001;7,821;1,82;6,719
2021T3;41;Sevilla;Andalucía;1950056,0;18,828;42,5;19,311;2,7;24,1;95,9;0,58;18751,0;20995,0;16109,0;57,86;44,48;23,13;30254,0;14350,0;106,45;99,757;1,593;113567,97;1340,9;71,51;2,822;14,52;0,657;13,27;0,601;0;1628,842;6,207;8,089;1,883;6,949
2021T4;41;Sevilla;Andalucía;1950056,0;18,828;42,5;19,311;2,7;24,1;95,9;0,58;18751,0;20995,0;16109,0;58,43;46,75;19,98;30254,0;14350,0;109,87;105,007;1,543;117440,76;1376,8;72,659;3,096;26,83;0,971;15,128;0,726;0;1655,014;6,306;8,219;1,913;7,061
2022T1;41;Sevilla;Andalucía;1949558,0;18,83;42,46;19,639;2,6;24,5;95,6;5,91;19851,0;22308,0;16993,0;57,85;47,44;17,99;31899,0;15750,0;112,28;105,46;1,597;113721,27;1412,2;74,402;3,185;18,0;0,624;15,855;0,653;0;1694,716;6,078;7,978;1,901;6,83
2022T2;41;Sevilla;Andalucía;1949558,0;18,83;42,46;19,639;2,6;24,5;95,6;5,91;19851,0;22308,0;16993,0;57,5;47,2;17,92;31899,0;15750,0;115,9;114,52;1,737;122332,7;1374,3;76,202;2,975;13,09;0,534;16,745;0,974;0;1735,716;6,225;8,171;1,947;6,995
2022T3;41;Sevilla;Andalucía;1949558,0;18,83;42,46;19,639;2,6;24,5;95,6;5,91;19851,0;22308,0;16993,0;59,05;48,65;17,61;31899,0;15750,0;117,51;110,537;2,143;118820,8;1379,9;77,432;2,998;16,1;1,219;16,355;0,9;0;1763,733;6,325;8,303;1,978;7,108
2022T4;41;Sevilla;Andalucía;1949558,0;18,83;42,46;19,639;2,6;24,5;95,6;5,91;19851,0;22308,0;16993,0;57,86;48,58;16,03;31899,0;15750,0;117,58;115,007;2,867;123936,52;1427,8;77,353;3,138;15,29;0,748;16,866;0,877;0;1761,933;6,319;8,295;1,976;7,101
2023T1;41;Sevilla;Andalucía;1959394,0;18,993;42,35;19,954;2,6;24,9;95,2;5,65;21050,0;23662,0;18043,0;58,58;48,72;16,84;34269,0;16450,0;118,39;112,827;3,593;121139,96;1474,7;77,521;2,949;16,55;1,023;17,214;0,843;0;1765,76;5,97;7,829;1,859;6,711
2023T2;41;Sevilla;Andalucía;1959394,0;18,993;42,35;19,954;2,6;24,9;95,2;5,65;21050,0;23662,0;18043,0;58,02;47,57;18,01;34269,0;16450,0;119,93;116,6;3,887;118263,89;1469,7;79,633;2,856;18,8;0,537;17,415;1,04;0;1813,867;6,133;8,042;1,91;6,894
2023T3;41;Sevilla;Andalucía;1959394,0;18,993;42,35;19,954;2,6;24,9;95,2;5,65;21050,0;23662,0;18043,0;57,62;48,23;16,29;34269,0;16450,0;120,8;112,777;4,057;119389,58;1494,4;81,928;2,501;15,35;1,388;17,224;0,953;0;1866,142;6,309;8,274;1,965;7,092
2023T4;41;Sevilla;Andalucía;1959394,0;18,993;42,35;19,954;2,6;24,9;95,2;5,65;21050,0;23662,0;18043,0;58,09;48,91;15,79;34269,0;16450,0;121,63;117,607;4,03;126524,59;1534,2;81,449;2,399;18,72;1,334;17,228;0,974;0;1855,231;6,272;8,226;1,953;7,051
2024T1;41;Sevilla;Andalucía;1968624,0;18,993;42,35;19,954;2,6;24,9;95,2;5,57;21876,0;24598,0;18776,0;56,35;47,98;14,85;34269,0;16450,0;122,17;113,317;3,693;124567,17;1549,7;83,656;2,515;23,3;1,416;17,461;0,927;1;1905,502;6,197;8,119;1,922;6,968
2024T2;41;Sevilla;Andalucía;1968624,0;18,993;42,35;19,954;2,6;24,9;95,2;5,57;21876,0;24598,0;18776,0;57,82;49,36;14,63;34269,0;16450,0;123,94;117,41;3,55;117283,9;1567,1;87,224;2,732;20,69;1,476;17,919;1,112;1;1986,773;6,462;8,465;2,004;7,266
2024T3;41;Sevilla;Andalucía;1968624,0;18,993;42,35;19,954;2,6;24,9;95,2;5,57;21876,0;24598,0;18776,0;57,98;49,95;13,84;34269,0;16450,0;123,2;114,163;3,45;122839,04;1539,1;90,574;3,033;22,09;1,789;17,713;0,978;1;2063,079;6,71;8,79;2,081;7,545
2024T4;41;Sevilla;Andalucía;1968624,0;18,993;42,35;19,954;2,6;24,9;95,2;5,57;21876,0;24598,0;18776,0;58,21;50,94;12,49;34269,0;16450,0;124,02;118,19;3,167;129008,25;1592,2;92,35;3,169;25,81;1,931;18,019;1,015;1;2103,532;6,841;8,963;2,121;7,693
2015T1;42;Soria;Castilla y León;91454,0;17,519;36,53;30,951;2,4;34,7;92,0;-0,39;18334,0;19657,0;16787,0;57,54;48,61;15,52;27859,0;15050,0;98,85;90,33;2,613;93012,35;1026,1;61,891;2,012;38,59;0,776;36,922;0,611;0;1057,851;4,305;5,041;0,736;4,616
2015T2;42;Soria;Castilla y León;91454,0;17,519;36,53;30,951;2,4;34,7;92,0;-0,39;18334,0;19657,0;16787,0;55,86;47,2;15,51;27859,0;15050,0;100,61;93,72;2,507;74095,89;1068,4;63,405;1,487;31,62;0,908;41,146;1,054;0;1083,729;4,411;5,165;0,754;4,729
2015T3;42;Soria;Castilla y León;91454,0;17,519;36,53;30,951;2,4;34,7;92,0;-0,39;18334,0;19657,0;16787,0;55,84;49,17;11,95;27859,0;15050,0;99,94;90,26;2,45;76313,95;1081,1;62,952;1,673;32,03;0,754;40,753;1,347;0;1075,986;4,379;5,128;0,749;4,695
2015T4;42;Soria;Castilla y León;91454,0;17,519;36,53;30,951;2,4;34,7;92,0;-0,39;18334,0;19657,0;16787,0;54,7;47,41;13,33;27859,0;15050,0;100,6;92,907;2,427;78506,17;1118,5;62,984;1,673;26,8;0,481;38,497;1,021;0;1076,533;4,381;5,13;0,749;4,697
2016T1;42;Soria;Castilla y León;90460,0;17,084;36,56;31,302;2,4;35,0;92,4;1,03;18426,0;19881,0;16743,0;53,47;45,21;15,44;28394,0;15750,0;97,98;88,55;2,33;83887,32;1069,3;62,963;1,89;36,84;1,238;36,9;0,878;0;1076,174;4,33;5,142;0,812;4,672
2016T2;42;Soria;Castilla y León;90460,0;17,084;36,56;31,302;2,4;35,0;92,4;1,03;18426,0;19881,0;16743,0;54,63;46,88;14,18;28394,0;15750,0;99,4;92,68;2,323;87659,34;1086,4;63,753;1,968;24,16;1,161;39,634;1,045;0;1089,677;4,385;5,207;0,822;4,731
2016T3;42;Soria;Castilla y León;90460,0;17,084;36,56;31,302;2,4;35,0;92,4;1,03;18426,0;19881,0;16743,0;56,0;49,87;10,96;28394,0;15750,0;99,77;89,743;2,367;92717,95;1056,7;63,699;1,924;39,08;0,641;40,401;1,565;0;1088,754;4,381;5,202;0,821;4,727
2016T4;42;Soria;Castilla y León;90460,0;17,084;36,56;31,302;2,4;35,0;92,4;1,03;18426,0;19881,0;16743,0;57,67;50,61;12,25;28394,0;15750,0;101,7;93,203;2,273;76171,72;1017,1;63,471;1,99;44,44;0,409;38,522;1,097;0;1084,857;4,365;5,184;0,818;4,71
2017T1;42;Soria;Castilla y León;89614,0;16,645;36,87;31,462;2,4;35,2;92,1;4,05;18918,0;20402,0;17212,0;57,76;50,56;12,48;29219,0;16450,0;101,19;90,093;2,237;79640,78;1036,8;64,277;2,109;34,39;0,725;38,283;0,832;0;1098,633;4,308;5,106;0,798;4,646
2017T2;42;Soria;Castilla y León;89614,0;16,645;36,87;31,462;2,4;35,2;92,1;4,05;18918,0;20402,0;17212,0;60,58;52,68;13,04;29219,0;16450,0;101,75;93,773;2,17;77471,26;1026,3;64,47;1,953;29,14;0,725;41,147;1,279;0;1101,932;4,321;5,122;0,801;4,66
2017T3;42;Soria;Castilla y León;89614,0;16,645;36,87;31,462;2,4;35,2;92,1;4,05;18918,0;20402,0;17212,0;59,45;54,52;8,29;29219,0;16450,0;101,35;91,133;2,217;76043,01;1015,8;64,374;1,652;30,41;0,658;41,723;1,611;0;1100,291;4,314;5,114;0,8;4,653
2017T4;42;Soria;Castilla y León;89614,0;16,645;36,87;31,462;2,4;35,2;92,1;4,05;18918,0;20402,0;17212,0;61,35;55,5;9,55;29219,0;16450,0;103,11;94,803;2,153;84670,45;1032,4;64,92;2,031;30,22;0,848;39,265;1,105;0;1109,624;4,351;5,157;0,806;4,692
2018T1;42;Soria;Castilla y León;89329,0;16,513;36,77;31,733;2,3;35,6;91,6;4,85;19535,0;21070,0;17785,0;59,3;52,54;11,4;30202,0;17150,0;102,2;91,97;2,227;94043,96;1034,3;65,684;2,541;29,52;0,716;37,77;0,82;0;1122,682;4,263;5,05;0,787;4,598
2018T2;42;Soria;Castilla y León;89329,0;16,513;36,77;31,733;2,3;35,6;91,6;4,85;19535,0;21070,0;17785,0;58,63;53,54;8,68;30202,0;17150,0;103,9;95,373;2,197;84963,96;1003,8;66,904;1,836;29,88;0,381;41,226;1,185;0;1143,535;4,342;5,144;0,802;4,683
2018T3;42;Soria;Castilla y León;89329,0;16,513;36,77;31,733;2,3;35,6;91,6;4,85;19535,0;21070,0;17785,0;57,76;53,23;7,84;30202,0;17150,0;104,24;92,553;2,167;77926,32;1010,9;68,04;2,217;44,95;1,019;41,868;1,697;0;1162,951;4,416;5,231;0,816;4,763
2018T4;42;Soria;Castilla y León;89329,0;16,513;36,77;31,733;2,3;35,6;91,6;4,85;19535,0;21070,0;17785,0;56,63;54,17;4,35;30202,0;17150,0;105,29;96,513;2,26;87115,38;1028,9;67,992;2,328;34,13;1,131;40,215;1,178;0;1162,131;4,412;5,227;0,815;4,759
2019T1;42;Soria;Castilla y León;89008,0;16,493;36,67;32,022;2,3;35,8;90,7;9,69;19915,0;21398,0;18233,0;56,15;52,28;6,89;31235,0;17850,0;103,64;92,79;2,37;78634,78;990,1;68,933;2,595;25,11;0,438;36,667;0,848;0;1178,215;4,405;5,17;0,765;4,733
2019T2;42;Soria;Castilla y León;89008,0;16,493;36,67;32,022;2,3;35,8;90,7;9,69;19915,0;21398,0;18233,0;57,81;52,76;8,75;31235,0;17850,0;105,13;96,067;2,35;90690,61;990,7;70,466;2,573;21,83;0,899;40,348;1,365;0;1204,417;4,503;5,285;0,782;4,838
2019T3;42;Soria;Castilla y León;89008,0;16,493;36,67;32,022;2,3;35,8;90,7;9,69;19915,0;21398,0;18233,0;60,55;56,28;7,05;31235,0;17850,0;104,9;93,19;2,153;79333,33;970,6;70,805;2,708;41,08;1,989;41,139;1,592;0;1210,211;4,525;5,31;0,785;4,862
2019T4;42;Soria;Castilla y León;89008,0;16,493;36,67;32,022;2,3;35,8;90,7;9,69;19915,0;21398,0;18233,0;58,77;54,52;7,23;31235,0;17850,0;105,97;96,93;1,99;90070,18;939,6;71,386;2,674;29,41;0,607;38,91;1,163;0;1220,142;4,562;5,354;0,792;4,901
2020T1;42;Soria;Castilla y León;89302,0;16,514;36,68;32,009;2,3;36,3;90,1;4,1;20214,0;21582,0;18667,0;58,66;53,04;9,58;32372,0;17850,0;104,36;92,617;2,03;89584,07;951,4;70,949;2,385;26,76;1,176;32,817;0,693;0;1212,672;4,495;5,197;0,702;4,799
2020T2;42;Soria;Castilla y León;89302,0;16,514;36,68;32,009;2,3;36,3;90,1;4,1;20214,0;21582,0;18667,0;56,17;51,24;8,77;32372,0;17850,0;103,92;93,307;1,907;79000,0;923,8;72,549;1,12;23,0;0,37;8,634;0,103;0;1240,02;4,596;5,314;0,718;4,908
2020T3;42;Soria;Castilla y León;89302,0;16,514;36,68;32,009;2,3;36,3;90,1;4,1;20214,0;21582,0;18667,0;59,41;54,04;9,03;32372,0;17850,0;103,71;92,713;1,937;82583,33;936,3;72,382;1,702;24,34;1,512;38,185;1,106;0;1237,165;4,586;5,302;0,716;4,896
2020T4;42;Soria;Castilla y León;89302,0;16,514;36,68;32,009;2,3;36,3;90,1;4,1;20214,0;21582,0;18667,0;56,88;52,52;7,67;32372,0;17850,0;104,93;97,763;1,8;100398,88;904,9;72,332;2,788;24,1;0,437;29,275;0,488;0;1236,311;4,583;5,298;0,716;4,893
2021T1;42;Soria;Castilla y León;88796,0;16,504;37,12;31,587;2,3;36,9;90,0;4,53;20825,0;22230,0;19244,0;54,91;49,06;10,64;33138,0;18550,0;105,09;94,957;1,72;99281,48;915,5;72,356;2,984;38,49;0,417;25,253;0,301;0;1236,721;4,451;5,141;0,691;4,751
2021T2;42;Soria;Castilla y León;88796,0;16,504;37,12;31,587;2,3;36,9;90,0;4,53;20825,0;22230,0;19244,0;59,14;52,17;11,78;33138,0;18550,0;107,31;100,28;1,62;89320,22;881,5;74,437;2,433;19,91;1,284;32,941;0,733;0;1272,29;4,579;5,289;0,71;4,888
2021T3;42;Soria;Castilla y León;88796,0;16,504;37,12;31,587;2,3;36,9;90,0;4,53;20825,0;22230,0;19244,0;58,15;54,28;6,66;33138,0;18550,0;108,15;99,757;1,593;101173,65;914,4;75,445;3,21;29,47;1,205;36,995;1,59;0;1289,519;4,641;5,361;0,72;4,954
2021T4;42;Soria;Castilla y León;88796,0;16,504;37,12;31,587;2,3;36,9;90,0;4,53;20825,0;22230,0;19244,0;58,01;53,53;7,73;33138,0;18550,0;111,97;105,007;1,543;91177,3;877,7;76,225;3,266;17,93;1,34;36,529;1,024;0;1302,851;4,689;5,416;0,728;5,005
2022T1;42;Soria;Castilla y León;88330,0;16,432;37,03;31,939;2,3;37,1;89,0;22,12;21720,0;23137,0;20145,0;57,8;52,49;9,18;33830,0;19250,0;114,13;105,46;1,597;100519,23;907,7;77,597;3,713;31,1;0,577;34,322;0,803;0;1326,301;4,586;5,267;0,681;4,885
2022T2;42;Soria;Castilla y León;88330,0;16,432;37,03;31,939;2,3;37,1;89,0;22,12;21720,0;23137,0;20145,0;59,61;55,07;7,61;33830,0;19250,0;118,19;114,52;1,737;101443,93;931,7;79,21;3,668;27,47;0,464;38,269;1,263;0;1353,871;4,681;5,377;0,695;4,987
2022T3;42;Soria;Castilla y León;88330,0;16,432;37,03;31,939;2,3;37,1;89,0;22,12;21720,0;23137,0;20145,0;59,66;55,09;7,65;33830,0;19250,0;120,27;110,537;2,143;94312,5;904,0;80,393;2,91;19,07;0,713;38,235;1,509;0;1374,091;4,751;5,457;0,706;5,061
2022T4;42;Soria;Castilla y León;88330,0;16,432;37,03;31,939;2,3;37,1;89,0;22,12;21720,0;23137,0;20145,0;57,69;53,1;7,96;33830,0;19250,0;119,83;115,007;2,867;88970,37;919,2;79,321;2,785;18,29;0,498;37,133;1,139;0;1355,768;4,688;5,384;0,696;4,994
2023T1;42;Soria;Castilla y León;89528,0;16,589;37,16;31,579;2,3;37,4;88,1;16,36;22641,0;24089,0;21030,0;55,32;49,29;10,89;35904,0;19950,0;120,02;112,827;3,593;107583,33;929,5;79,538;3,496;23,0;1,832;35,535;0,966;0;1359,477;4,515;5,172;0,657;4,804
2023T2;42;Soria;Castilla y León;89528,0;16,589;37,16;31,579;2,3;37,4;88,1;16,36;22641,0;24089,0;21030,0;55,25;51,02;7,65;35904,0;19950,0;121,38;116,6;3,887;109536,91;942,5;81,46;3,195;26,22;0,067;39,526;1,443;0;1392,328;4,624;5,297;0,673;4,92
2023T3;42;Soria;Castilla y León;89528,0;16,589;37,16;31,579;2,3;37,4;88,1;16,36;22641,0;24089,0;21030,0;57,0;52,74;7,46;35904,0;19950,0;123,25;112,777;4,057;86560,98;907,7;82,365;3,384;22,44;0,681;40,036;1,64;0;1407,797;4,675;5,355;0,68;4,974
2023T4;42;Soria;Castilla y León;89528,0;16,589;37,16;31,579;2,3;37,4;88,1;16,36;22641,0;24089,0;21030,0;59,69;56,63;5,14;35904,0;19950,0;123,1;117,607;4,03;122713,11;939,8;82,077;3,027;25,83;0,626;38,517;1,186;0;1402,874;4,659;5,337;0,678;4,957
2024T1;42;Soria;Castilla y León;90073,0;16,589;37,16;31,579;2,3;37,4;88,1;15,48;23569,0;25028,0;21945,0;57,44;51,66;10,07;35904,0;19950,0;123,66;113,317;3,693;108923,57;935,4;84,235;3,641;27,44;0,799;34,942;0,968;1;1439,759;4,602;5,249;0,647;4,887
2024T2;42;Soria;Castilla y León;90073,0;16,589;37,16;31,579;2,3;37,4;88,1;15,48;23569,0;25028,0;21945,0;57,22;54,84;4,15;35904,0;19950,0;125,62;117,41;3,55;101994,82;967,9;87,058;4,241;32,72;0,833;40,097;1,371;1;1488,01;4,756;5,425;0,668;5,051
2024T3;42;Soria;Castilla y León;90073,0;16,589;37,16;31,579;2,3;37,4;88,1;15,48;23569,0;25028,0;21945,0;58,29;54,92;5,77;35904,0;19950,0;125,4;114,163;3,45;109173,91;976,0;88,944;2,898;14,18;0,677;40,748;1,671;1;1520,246;4,859;5,542;0,683;5,16
2024T4;42;Soria;Castilla y León;90073,0;16,589;37,16;31,579;2,3;37,4;88,1;15,48;23569,0;25028,0;21945,0;57,34;54,26;5,37;35904,0;19950,0;125,51;118,19;3,167;109024,39;968,7;90,75;4,086;25,82;0,522;39,635;1,265;1;1551,114;4,958;5,655;0,697;5,265
2015T1;43;Tarragona;Cataluña;793272,0;19,322;40,91;20,553;2,6;27,9;84,9;-0,7;18647,0;21076,0;15777,0;62,61;48,1;23,17;28105,0;14350,0;99,05;90,33;2,613;84169,68;1213,2;50,903;2,188;21,6;0,25;20,715;0,504;0;1173,646;4,455;5,951;1,496;5,035
2015T2;43;Tarragona;Cataluña;793272,0;19,322;40,91;20,553;2,6;27,9;84,9;-0,7;18647,0;21076,0;15777,0;62,93;48,99;22,16;28105,0;14350,0;100,77;93,72;2,507;81895,83;1243,1;53,669;2,303;14,89;0,444;78,895;3,529;0;1237,421;4,697;6,275;1,578;5,309
2015T3;43;Tarragona;Cataluña;793272,0;19,322;40,91;20,553;2,6;27,9;84,9;-0,7;18647,0;21076,0;15777,0;63,09;50,12;20,55;28105,0;14350,0;100,15;90,26;2,45;89902,33;1226,1;54,15;2,482;14,53;0,211;94,024;6,786;0;1248,511;4,739;6,331;1,592;5,356
2015T4;43;Tarragona;Cataluña;793272,0;19,322;40,91;20,553;2,6;27,9;84,9;-0,7;18647,0;21076,0;15777,0;61,73;48,24;21,86;28105,0;14350,0;100,02;92,907;2,427;84062,1;1230,9;54,376;2,268;14,17;0,397;33,556;1,213;0;1253,722;4,759;6,357;1,598;5,379
2016T1;43;Tarragona;Cataluña;792163,0;18,629;41,23;20,948;2,6;28,1;85,1;0,5;18828,0;21329,0;15884,0;60,93;47,97;21,27;29022,0;14350,0;98,12;88,55;2,33;86941,79;1237,4;55,268;2,315;13,74;0,432;21,931;0,664;0;1274,288;4,78;6,418;1,638;5,414
2016T2;43;Tarragona;Cataluña;792163,0;18,629;41,23;20,948;2,6;28,1;85,1;0,5;18828,0;21329,0;15884,0;60,46;48,72;19,43;29022,0;14350,0;99,46;92,68;2,323;86472,51;1239,4;56,626;2,621;13,87;0,393;74,403;3,638;0;1305,599;4,897;6,576;1,679;5,547
2016T3;43;Tarragona;Cataluña;792163,0;18,629;41,23;20,948;2,6;28,1;85,1;0,5;18828,0;21329,0;15884,0;60,62;49,63;18,13;29022,0;14350,0;99,79;89,743;2,367;88705,18;1224,6;57,74;3,023;11,82;0,27;90,991;7,348;0;1331,284;4,993;6,705;1,712;5,657
2016T4;43;Tarragona;Cataluña;792163,0;18,629;41,23;20,948;2,6;28,1;85,1;0,5;18828,0;21329,0;15884,0;58,07;47,96;17,41;29022,0;14350,0;101,17;93,203;2,273;88460,55;1227,6;58,424;2,914;11,05;0,369;33,887;1,338;0;1347,055;5,052;6,784;1,732;5,724
2017T1;43;Tarragona;Cataluña;793077,0;18,127;41,36;21,383;2,6;28,1;84,8;1,69;19129,0;21669,0;16159,0;58,36;46,71;19,98;29703,0;15050,0;101,37;90,093;2,237;89980,71;1249,5;60,119;3,196;14,48;0,316;17,51;0,542;0;1386,135;5,117;6,862;1,745;5,797
2017T2;43;Tarragona;Cataluña;793077,0;18,127;41,36;21,383;2,6;28,1;84,8;1,69;19129,0;21669,0;16159,0;61,28;52,12;14,95;29703,0;15050,0;101,67;93,773;2,17;91342,0;1241,7;61,886;3,191;14,11;0,337;75,931;4,399;0;1426,876;5,268;7,064;1,796;5,967
2017T3;43;Tarragona;Cataluña;793077,0;18,127;41,36;21,383;2,6;28,1;84,8;1,69;19129,0;21669,0;16159,0;60,07;51,96;13,5;29703,0;15050,0;101,57;91,133;2,217;97692,31;1253,6;63,485;3,485;18,56;0,347;89,188;7,68;0;1463,744;5,404;7,247;1,843;6,122
2017T4;43;Tarragona;Cataluña;793077,0;18,127;41,36;21,383;2,6;28,1;84,8;1,69;19129,0;21669,0;16159,0;60,08;50,51;15,92;29703,0;15050,0;102,71;94,803;2,153;94575,38;1241,8;64,387;3,143;17,61;0,489;31,705;1,374;0;1484,541;5,481;7,35;1,869;6,209
2018T1;43;Tarragona;Cataluña;795919,0;17,815;41,34;21,758;2,5;28,2;84,1;8,1;19738,0;22291,0;16779,0;60,65;51,04;15,84;30952,0;15750,0;102,24;91,97;2,227;90844,57;1261,7;65,269;3,342;11,58;0,466;16,583;0,513;0;1504,877;5,401;7,175;1,774;6,099
2018T2;43;Tarragona;Cataluña;795919,0;17,815;41,34;21,758;2,5;28,2;84,1;8,1;19738,0;22291,0;16779,0;60,45;51,57;14,7;30952,0;15750,0;103,85;95,373;2,197;97391,16;1250,1;67,66;3,454;12,48;0,421;75,106;4,225;0;1560,005;5,599;7,438;1,839;6,323
2018T3;43;Tarragona;Cataluña;795919,0;17,815;41,34;21,758;2,5;28,2;84,1;8,1;19738,0;22291,0;16779,0;60,93;52,44;13,93;30952,0;15750,0;104,21;92,553;2,167;95634,39;1254,2;69,239;3,547;14,38;0,585;88,189;7,152;0;1596,411;5,729;7,611;1,882;6,47
2018T4;43;Tarragona;Cataluña;795919,0;17,815;41,34;21,758;2,5;28,2;84,1;8,1;19738,0;22291,0;16779,0;59,14;50,04;15,39;30952,0;15750,0;104,71;96,513;2,26;95805,1;1280,4;69,634;3,436;14,48;0,466;33,121;1,429;0;1605,518;5,762;7,655;1,893;6,507
2019T1;43;Tarragona;Cataluña;803528,0;17,811;41,26;21,997;2,5;28,3;83,3;12,19;20399,0;22947,0;17459,0;58,17;49,16;15,49;32054,0;16450,0;103,26;92,79;2,37;96622,22;1279,1;70,235;3,595;11,32;0,509;15,373;0,437;0;1619,375;5,646;7,42;1,775;6,351
2019T2;43;Tarragona;Cataluña;803528,0;17,811;41,26;21,997;2,5;28,3;83,3;12,19;20399,0;22947,0;17459,0;59,74;51,28;14,16;32054,0;16450,0;104,59;96,067;2,35;89418,82;1288,7;71,169;3,615;9,57;0,469;72,149;4,176;0;1640,91;5,721;7,519;1,798;6,435
2019T3;43;Tarragona;Cataluña;803528,0;17,811;41,26;21,997;2,5;28,3;83,3;12,19;20399,0;22947,0;17459,0;59,67;52,38;12,21;32054,0;16450,0;104,09;93,19;2,153;98894,74;1278,8;72,473;3,364;11,32;0,341;86,981;6,972;0;1670,976;5,826;7,657;1,831;6,553
2019T4;43;Tarragona;Cataluña;803528,0;17,811;41,26;21,997;2,5;28,3;83,3;12,19;20399,0;22947,0;17459,0;58,6;51,59;11,96;32054,0;16450,0;104,69;96,93;1,99;96174,22;1280,4;71,981;3,216;8,94;0,336;32,383;1,351;0;1659,632;5,786;7,605;1,819;6,509
2020T1;43;Tarragona;Cataluña;815746,0;17,884;41,16;22,167;2,5;28,6;83,3;5,53;20352,0;22703,0;17608,0;58,24;50,77;12,83;31975,0;16450,0;103,68;92,617;2,03;98604,96;1259,2;72,464;3,354;8,95;0,447;12,035;0,271;0;1670,768;5,887;7,591;1,704;6,567
2020T2;43;Tarragona;Cataluña;815746,0;17,884;41,16;22,167;2,5;28,6;83,3;5,53;20352,0;22703,0;17608,0;57,05;48,3;15,34;31975,0;16450,0;103,03;93,307;1,907;106840,37;1221,4;72,823;1,855;10,44;0,238;4,722;0,079;0;1679,046;5,917;7,629;1,712;6,6
2020T3;43;Tarragona;Cataluña;815746,0;17,884;41,16;22,167;2,5;28,6;83,3;5,53;20352,0;22703,0;17608,0;59,35;50,2;15,43;31975,0;16450,0;103,08;92,713;1,937;105812,06;1259,8;73,729;2,775;13,34;0,398;48,964;1,875;0;1699,935;5,99;7,723;1,733;6,682
2020T4;43;Tarragona;Cataluña;815746,0;17,884;41,16;22,167;2,5;28,6;83,3;5,53;20352,0;22703,0;17608,0;59,19;48,85;17,47;31975,0;16450,0;103,63;97,763;1,8;111039,84;1270,1;72,699;3,341;11,67;0,354;10,692;0,184;0;1676,187;5,906;7,616;1,709;6,589
2021T1;43;Tarragona;Cataluña;823435,0;17,856;41,2;22,348;2,5;28,9;83,2;3,57;21387,0;23811,0;18590,0;59,25;49,98;15,64;33304,0;17150,0;104,27;94,957;1,72;107110,17;1263,4;73,346;3,574;15,83;0,448;7,386;0,105;0;1691,104;5,682;7,277;1,596;6,326
2021T2;43;Tarragona;Cataluña;823435,0;17,856;41,2;22,348;2,5;28,9;83,2;3,57;21387,0;23811,0;18590,0;57,91;50,45;12,87;33304,0;17150,0;106,3;100,28;1,62;108412,95;1298,5;75,188;4,163;13,74;0,338;28,214;0,835;0;1733,574;5,824;7,46;1,636;6,485
2021T3;43;Tarragona;Cataluña;823435,0;17,856;41,2;22,348;2,5;28,9;83,2;3,57;21387,0;23811,0;18590,0;58,97;51,98;11,86;33304,0;17150,0;106,81;99,757;1,593;110532,23;1321,9;76,151;4,571;13,26;0,316;74,906;4,008;0;1755,778;5,899;7,556;1,657;6,568
2021T4;43;Tarragona;Cataluña;823435,0;17,856;41,2;22,348;2,5;28,9;83,2;3,57;21387,0;23811,0;18590,0;56,57;49,18;13,08;33304,0;17150,0;110,13;105,007;1,543;113624,83;1358,4;77,111;4,196;14,36;0,419;24,976;0,869;0;1777,912;5,973;7,651;1,678;6,65
2022T1;43;Tarragona;Cataluña;830906,0;17,925;40,99;22,677;2,5;29,0;82,4;19,73;22527,0;25019,0;19671,0;55,9;48,63;12,99;34872,0;17850,0;113,05;105,46;1,597;110056,03;1403,5;79,001;4,706;15,35;0,412;12,304;0,304;0;1821,489;5,824;7,408;1,583;6,469
2022T2;43;Tarragona;Cataluña;830906,0;17,925;40,99;22,677;2,5;29,0;82,4;19,73;22527,0;25019,0;19671,0;56,4;50,09;11,18;34872,0;17850,0;116,55;114,52;1,737;111562,06;1380,9;80,612;4,674;13,49;0,451;68,887;3,505;0;1858,633;5,943;7,559;1,616;6,601
2022T3;43;Tarragona;Cataluña;830906,0;17,925;40,99;22,677;2,5;29,0;82,4;19,73;22527,0;25019,0;19671,0;57,68;51,18;11,27;34872,0;17850,0;117,99;110,537;2,143;124684,48;1344,1;82,337;5,192;13,95;0,462;85,369;6,473;0;1898,405;6,07;7,721;1,65;6,742
2022T4;43;Tarragona;Cataluña;830906,0;17,925;40,99;22,677;2,5;29,0;82,4;19,73;22527,0;25019,0;19671,0;57,34;51,53;10,14;34872,0;17850,0;117,25;115,007;2,867;115049,71;1361,2;81,322;4,544;14,67;0,552;30,372;1,273;0;1875,003;5,995;7,625;1,63;6,659
2023T1;43;Tarragona;Cataluña;848592,0;18,22;40,89;22,742;2,5;29,3;81,9;14,31;23653,0;26172,0;20780,0;57,66;50,87;11,78;37029,0;19250,0;117,87;112,827;3,593;112762,77;1381,4;81,755;4,635;14,7;0,47;13,003;0,386;0;1884,986;5,762;7,257;1,495;6,375
2023T2;43;Tarragona;Cataluña;848592,0;18,22;40,89;22,742;2,5;29,3;81,9;14,31;23653,0;26172,0;20780,0;58,83;54,09;8,06;37029,0;19250,0;119,45;116,6;3,887;111770,17;1376,1;83,186;4,355;15,42;0,449;73,115;3,96;0;1917,98;5,863;7,384;1,521;6,487
2023T3;43;Tarragona;Cataluña;848592,0;18,22;40,89;22,742;2,5;29,3;81,9;14,31;23653,0;26172,0;20780,0;60,52;54,24;10,38;37029,0;19250,0;120,87;112,777;4,057;107215,12;1402,2;85,449;4,354;13,72;0,349;86,629;6,643;0;1970,157;6,022;7,585;1,563;6,664
2023T4;43;Tarragona;Cataluña;848592,0;18,22;40,89;22,742;2,5;29,3;81,9;14,31;23653,0;26172,0;20780,0;58,6;49,88;14,88;37029,0;19250,0;120,63;117,607;4,03;117577,43;1443,8;84,193;3,971;13,03;0,701;30,523;1,382;0;1941,198;5,934;7,473;1,54;6,566
2024T1;43;Tarragona;Cataluña;861744,0;18,22;40,89;22,742;2,5;29,3;81,9;13,51;24677,0;27144,0;21870,0;58,46;50,63;13,4;37029,0;19250,0;121,32;113,317;3,693;111231,15;1472,2;86,345;4,211;13,53;0,499;20,322;0,588;1;1990,816;5,867;7,282;1,415;6,454
2024T2;43;Tarragona;Cataluña;861744,0;18,22;40,89;22,742;2,5;29,3;81,9;13,51;24677,0;27144,0;21870,0;59,42;51,44;13,44;37029,0;19250,0;123,52;117,41;3,55;106958,62;1472,4;88,741;3,935;13,3;0,569;72,283;4,227;1;2046,059;6,03;7,484;1,454;6,633
2024T3;43;Tarragona;Cataluña;861744,0;18,22;40,89;22,742;2,5;29,3;81,9;13,51;24677,0;27144,0;21870,0;60,05;53,28;11,28;37029,0;19250,0;123,05;114,163;3,45;115002,14;1487,4;91,222;4,724;12,43;0,431;85,634;6,43;1;2103,263;6,199;7,694;1,495;6,819
2024T4;43;Tarragona;Cataluña;861744,0;18,22;40,89;22,742;2,5;29,3;81,9;13,51;24677,0;27144,0;21870,0;58,92;51,45;12,67;37029,0;19250,0;123,46;118,19;3,167;117666,26;1528,7;92,959;4,801;19,75;0,615;32,515;1,429;1;2143,312;6,317;7,84;1,523;6,948
2015T1;44;Teruel;Aragón;137871,0;18,646;36,83;28,925;2,5;31,2;89,9;-2,43;17146,0;19067,0;14727,0;56,47;44,28;21,59;27027,0;14350,0;98,68;90,33;2,613;88938,68;809,4;57,284;1,219;24,4;0,515;48,956;0,833;0;788,982;3,31;4,286;0,976;3,681
2015T2;44;Teruel;Aragón;137871,0;18,646;36,83;28,925;2,5;31,2;89,9;-2,43;17146,0;19067,0;14727,0;57,67;47,27;18,05;27027,0;14350,0;100,95;93,72;2,507;67817,2;801,2;58,791;1,342;23,24;0,544;52,232;1,173;0;809,738;3,397;4,399;1,001;3,778
2015T3;44;Teruel;Aragón;137871,0;18,646;36,83;28,925;2,5;31,2;89,9;-2,43;17146,0;19067,0;14727,0;56,7;47,94;15,46;27027,0;14350,0;99,82;90,26;2,45;70946,15;780,9;58,227;1,204;9,04;0,515;54,072;1,525;0;801,97;3,365;4,356;0,992;3,742
2015T4;44;Teruel;Aragón;137871,0;18,646;36,83;28,925;2,5;31,2;89,9;-2,43;17146,0;19067,0;14727,0;57,17;49,73;13,0;27027,0;14350,0;100,55;92,907;2,427;87245,76;808,2;58,012;1,617;13,45;0,479;52,675;1,147;0;799,009;3,352;4,34;0,988;3,728
2016T1;44;Teruel;Aragón;136377,0;18,142;37,07;29,223;2,5;31,4;90,1;1,04;17308,0;19200,0;14947,0;57,24;48,93;14,52;27545,0;15050,0;98,12;88,55;2,33;74805,19;790,1;58,389;1,569;14,02;0,513;50,901;1,094;0;804,202;3,351;4,304;0,953;3,717
2016T2;44;Teruel;Aragón;136377,0;18,142;37,07;29,223;2,5;31,4;90,1;1,04;17308,0;19200,0;14947,0;55,88;47,92;14,24;27545,0;15050,0;99,78;92,68;2,323;65214,88;797,2;59,572;1,474;8,46;0,403;55,273;1,209;0;820,495;3,419;4,391;0,973;3,792
2016T3;44;Teruel;Aragón;136377,0;18,142;37,07;29,223;2,5;31,4;90,1;1,04;17308,0;19200,0;14947,0;57,49;50,15;12,75;27545,0;15050,0;99,39;89,743;2,367;72057,47;796,8;59,39;1,239;16,57;0,484;55,188;1,678;0;817,989;3,408;4,378;0,97;3,781
2016T4;44;Teruel;Aragón;136377,0;18,142;37,07;29,223;2,5;31,4;90,1;1,04;17308,0;19200,0;14947,0;56,19;49,29;12,27;27545,0;15050,0;101,63;93,203;2,273;73948,91;807,0;59,367;1,305;11,8;0,748;53,169;1,225;0;817,672;3,407;4,376;0,969;3,779
2017T1;44;Teruel;Aragón;135324,0;17,723;37,17;29,525;2,5;31,7;90,0;1,66;17546,0;19434,0;15221,0;54,09;46,48;14,07;28105,0;15050,0;101,12;90,093;2,237;88153,44;788,2;60,574;1,574;18,78;1,323;51,728;1,112;0;834,296;3,434;4,385;0,951;3,804
2017T2;44;Teruel;Aragón;135324,0;17,723;37,17;29,525;2,5;31,7;90,0;1,66;17546,0;19434,0;15221,0;55,61;48,29;13,16;28105,0;15050,0;101,81;93,773;2,17;75900,76;780,9;60,549;1,345;13,19;0,887;55,666;1,564;0;833,952;3,433;4,383;0,95;3,802
2017T3;44;Teruel;Aragón;135324,0;17,723;37,17;29,525;2,5;31,7;90,0;1,66;17546,0;19434,0;15221,0;56,88;51,06;10,23;28105,0;15050,0;101,03;91,133;2,217;69556,52;801,5;61,087;1,544;14,35;0,414;55,898;1,904;0;841,362;3,463;4,422;0,959;3,836
2017T4;44;Teruel;Aragón;135324,0;17,723;37,17;29,525;2,5;31,7;90,0;1,66;17546,0;19434,0;15221,0;55,0;48,86;11,16;28105,0;15050,0;102,91;94,803;2,153;80600,0;806,0;61,226;1,943;18,25;0,473;52,432;1,389;0;843,276;3,471;4,432;0,961;3,845
2018T1;44;Teruel;Aragón;134449,0;17,423;37,2;29,745;2,4;32,0;89,7;3,72;18061,0;19970,0;15736,0;54,58;49,01;10,21;29278,0;15750,0;101,88;91,97;2,227;77859,46;809,8;62,437;2,083;29,29;0,863;50,706;1,125;0;859,955;3,445;4,372;0,927;3,809
2018T2;44;Teruel;Aragón;134449,0;17,423;37,2;29,745;2,4;32,0;89,7;3,72;18061,0;19970,0;15736,0;56,2;51,26;8,79;29278,0;15750,0;103,6;95,373;2,197;74183,1;818,9;63,274;1,949;19,08;0,417;56,468;1,459;0;871,483;3,491;4,431;0,939;3,86
2018T3;44;Teruel;Aragón;134449,0;17,423;37,2;29,745;2,4;32,0;89,7;3,72;18061,0;19970,0;15736,0;57,35;52,53;8,41;29278,0;15750,0;103,36;92,553;2,167;77945,95;791,3;64,433;2,112;13,38;0,461;56,549;1,983;0;887,447;3,555;4,512;0,957;3,931
2018T4;44;Teruel;Aragón;134449,0;17,423;37,2;29,745;2,4;32,0;89,7;3,72;18061,0;19970,0;15736,0;56,65;51,43;9,23;29278,0;15750,0;104,69;96,513;2,26;81819,67;783,3;65,023;1,934;20,77;0,387;55,972;1,415;0;895,573;3,588;4,553;0,965;3,967
2019T1;44;Teruel;Aragón;134025,0;17,333;37,2;29,88;2,4;32,2;89,0;5,92;18849,0;20708,0;16597,0;55,86;49,35;11,66;30351,0;16450,0;102,87;92,79;2,37;105018,96;783,7;66,442;2,283;21,9;0,381;54,44;1,115;0;915,117;3,535;4,411;0,876;3,884
2019T2;44;Teruel;Aragón;134025,0;17,333;37,2;29,88;2,4;32,2;89,0;5,92;18849,0;20708,0;16597,0;56,88;51,02;10,29;30351,0;16450,0;104,46;96,067;2,35;105271,28;756,4;67,498;2,223;32,89;0,731;57,231;1,607;0;929,661;3,592;4,481;0,89;3,946
2019T3;44;Teruel;Aragón;134025,0;17,333;37,2;29,88;2,4;32,2;89,0;5,92;18849,0;20708,0;16597,0;56,65;52,07;8,09;30351,0;16450,0;103,61;93,19;2,153;81586,78;773,1;68,142;1,612;15,74;0,425;59,158;2,097;0;938,531;3,626;4,524;0,898;3,983
2019T4;44;Teruel;Aragón;134025,0;17,333;37,2;29,88;2,4;32,2;89,0;5,92;18849,0;20708,0;16597,0;57,93;52,7;9,04;30351,0;16450,0;105,2;96,93;1,99;96687,94;791,4;68,594;2,082;18,64;1,022;54,736;1,432;0;944,757;3,65;4,554;0,904;4,01
2020T1;44;Teruel;Aragón;134085,0;17,34;37,32;29,783;2,4;32,6;88,7;2,71;18956,0;20629,0;16922,0;56,28;50,46;10,35;30672,0;17150,0;103,58;92,617;2,03;96022,47;785,2;68,856;2,342;23,25;0,94;49,667;1,012;0;948,365;3,678;4,483;0,806;4,002
2020T2;44;Teruel;Aragón;134085,0;17,34;37,32;29,783;2,4;32,6;88,7;2,71;18956,0;20629,0;16922,0;55,07;48,69;11,59;30672,0;17150,0;103,5;93,307;1,907;105314,81;755,3;69,541;1,149;24,03;0,5;8,927;0,097;0;957,8;3,714;4,528;0,814;4,042
2020T3;44;Teruel;Aragón;134085,0;17,34;37,32;29,783;2,4;32,6;88,7;2,71;18956,0;20629,0;16922,0;56,63;50,31;11,15;30672,0;17150,0;102,97;92,713;1,937;88911,76;735,8;69,846;2,096;21,35;0,447;46,274;1,273;0;962,001;3,731;4,548;0,817;4,06
2020T4;44;Teruel;Aragón;134085,0;17,34;37,32;29,783;2,4;32,6;88,7;2,71;18956,0;20629,0;16922,0;55,83;50,67;9,25;30672,0;17150,0;104,29;97,763;1,8;87093,02;753,9;69,343;2,006;14,5;0,679;36,191;0,512;0;955,073;3,704;4,515;0,811;4,031
2021T1;44;Teruel;Aragón;134259,0;17,302;37,46;29,641;2,4;33,0;88,4;3,67;19745,0;21532,0;17614,0;54,39;48,68;10,51;31658,0;17850,0;103,94;94,957;1,72;77020,55;765,0;70,163;2,264;14,8;0,499;30,379;0,226;0;966,367;3,59;4,389;0,799;3,915
2021T2;44;Teruel;Aragón;134259,0;17,302;37,46;29,641;2,4;33,0;88,4;3,67;19745,0;21532,0;17614,0;56,87;51,89;8,76;31658,0;17850,0;106,34;100,28;1,62;95469,27;758,2;71,26;2,182;21,16;0,544;40,658;0,757;0;981,476;3,647;4,458;0,811;3,977
2021T3;44;Teruel;Aragón;134259,0;17,302;37,46;29,641;2,4;33,0;88,4;3,67;19745,0;21532,0;17614,0;57,36;53,24;7,19;31658,0;17850,0;106,6;99,757;1,593;90602,56;751,9;72,959;2,48;16,82;0,335;52,965;2,045;0;1004,877;3,734;4,564;0,83;4,071
2021T4;44;Teruel;Aragón;134259,0;17,302;37,46;29,641;2,4;33,0;88,4;3,67;19745,0;21532,0;17614,0;56,64;52,64;7,08;31658,0;17850,0;110,49;105,007;1,543;86392,86;765,5;73,731;2,257;16,5;0,611;50,301;1,42;0;1015,51;3,773;4,612;0,839;4,114
2022T1;44;Teruel;Aragón;134132,0;17,231;37,32;29,866;2,4;33,4;87,9;12,99;20777,0;22627,0;18609,0;58,14;52,29;10,06;32889,0;18550,0;112,87;105,46;1,597;101075,22;775,7;75,563;2,654;16,57;0,701;46,285;1,024;0;1040,742;3,68;4,474;0,794;4,007
2022T2;44;Teruel;Aragón;134132,0;17,231;37,32;29,866;2,4;33,4;87,9;12,99;20777,0;22627,0;18609,0;57,61;52,07;9,62;32889,0;18550,0;117,59;114,52;1,737;89355,0;766,1;76,634;2,818;15,34;0,626;54,091;1,672;0;1055,493;3,732;4,538;0,806;4,064
2022T3;44;Teruel;Aragón;134132,0;17,231;37,32;29,866;2,4;33,4;87,9;12,99;20777,0;22627,0;18609,0;56,92;53,28;6,4;32889,0;18550,0;118,66;110,537;2,143;89749,06;789,0;77,47;3,236;9,45;0,395;56,213;2,006;0;1067,007;3,773;4,587;0,815;4,108
2022T4;44;Teruel;Aragón;134132,0;17,231;37,32;29,866;2,4;33,4;87,9;12,99;20777,0;22627,0;18609,0;55,01;49,68;9,68;32889,0;18550,0;119,34;115,007;2,867;92645,83;766,5;76,894;2,639;14,97;0,626;51,839;1,461;0;1059,074;3,744;4,553;0,808;4,078
2023T1;44;Teruel;Aragón;135046,0;17,148;37,37;29,77;2,4;33,9;87,4;9,99;21815,0;23681,0;19640,0;55,34;49,17;11,15;34725,0;19250,0;118,95;112,827;3,593;101672,34;762,9;77,968;3,229;14,45;1,118;48,048;1,151;0;1073,866;3,628;4,374;0,746;3,938
2023T2;44;Teruel;Aragón;135046,0;17,148;37,37;29,77;2,4;33,9;87,4;9,99;21815,0;23681,0;19640,0;57,13;52,12;8,77;34725,0;19250,0;120,66;116,6;3,887;105382,65;792,1;79,248;2,525;14,08;0,4;53,661;1,623;0;1091,496;3,687;4,446;0,759;4,003
2023T3;44;Teruel;Aragón;135046,0;17,148;37,37;29,77;2,4;33,9;87,4;9,99;21815,0;23681,0;19640,0;57,25;52,52;8,26;34725,0;19250,0;121,56;112,777;4,057;94226,95;788,1;81,129;2,399;14,2;0,348;55,423;1,929;0;1117,403;3,775;4,552;0,777;4,098
2023T4;44;Teruel;Aragón;135046,0;17,148;37,37;29,77;2,4;33,9;87,4;9,99;21815,0;23681,0;19640,0;58,05;52,6;9,39;34725,0;19250,0;122,56;117,607;4,03;94928,0;819,2;80,188;2,495;9,79;0,518;52,466;1,523;0;1104,443;3,731;4,499;0,768;4,05
2024T1;44;Teruel;Aragón;135309,0;17,148;37,37;29,77;2,4;33,9;87,4;14,15;22767,0;24583,0;20683,0;56,51;52,92;6,36;34725,0;19250,0;122,58;113,317;3,693;89889,76;840,3;83,44;2,535;10,79;0,547;48,275;1,288;1;1149,233;3,74;4,445;0,705;4,038
2024T2;44;Teruel;Aragón;135309,0;17,148;37,37;29,77;2,4;33,9;87,4;14,15;22767,0;24583,0;20683,0;59,05;54,2;8,22;34725,0;19250,0;124,01;117,41;3,55;87507,58;864,5;87,055;2,535;9,33;0,998;53,717;1,675;1;1199,023;3,902;4,638;0,736;4,213
2024T3;44;Teruel;Aragón;135309,0;17,148;37,37;29,77;2,4;33,9;87,4;14,15;22767,0;24583,0;20683,0;60,51;57,04;5,74;34725,0;19250,0;123,48;114,163;3,45;88206,06;861,6;89,494;2,712;8,45;0,569;51,894;1,954;1;1232,616;4,011;4,768;0,756;4,331
2024T4;44;Teruel;Aragón;135309,0;17,148;37,37;29,77;2,4;33,9;87,4;14,15;22767,0;24583,0;20683,0;60,66;55,52;8,47;34725,0;19250,0;124,22;118,19;3,167;95305,39;891,4;90,891;3,126;11,11;0,399;48,758;1,483;1;1251,857;4,074;4,842;0,768;4,399
2015T1;45;Toledo;Castilla - La Mancha;694329,0;20,873;39,26;20,202;2,7;26,3;91,0;-1,53;16113,0;17567,0;14088,0;61,19;43,36;29,13;23767,0;11550,0;99,11;90,33;2,613;77238,38;811,2;69,067;1,55;21,75;0,461;13,642;0,345;0;797,364;3,631;4,528;0,897;3,959
2015T2;45;Toledo;Castilla - La Mancha;694329,0;20,873;39,26;20,202;2,7;26,3;91,0;-1,53;16113,0;17567,0;14088,0;60,16;42,81;28,84;23767,0;11550,0;100,85;93,72;2,507;76846,05;803,1;70,506;1,64;20,54;0,311;13,987;0,447;0;813,977;3,707;4,622;0,915;4,041
2015T3;45;Toledo;Castilla - La Mancha;694329,0;20,873;39,26;20,202;2,7;26,3;91,0;-1,53;16113,0;17567,0;14088,0;60,5;45,46;24,86;23767,0;11550,0;99,71;90,26;2,45;81928,66;810,5;70,161;1,705;18,58;0,349;13,74;0,461;0;809,994;3,689;4,6;0,911;4,022
2015T4;45;Toledo;Castilla - La Mancha;694329,0;20,873;39,26;20,202;2,7;26,3;91,0;-1,53;16113,0;17567,0;14088,0;60,39;43,53;27,91;23767,0;11550,0;100,33;92,907;2,427;79351,17;809,0;70,375;1,563;15,48;0,393;13,791;0,414;0;812,465;3,7;4,614;0,914;4,034
2016T1;45;Toledo;Castilla - La Mancha;691787,0;20,056;39,78;20,538;2,6;26,6;91,3;-1,08;16377,0;17915,0;14251,0;60,26;43,53;27,77;24502,0;12250,0;97,86;88,55;2,33;74335,4;820,1;70,088;2,017;22,51;0,345;13,729;0,396;0;809,151;3,613;4,542;0,929;3,953
2016T2;45;Toledo;Castilla - La Mancha;691787,0;20,056;39,78;20,538;2,6;26,6;91,3;-1,08;16377,0;17915,0;14251,0;59,96;44,32;26,08;24502,0;12250,0;99,25;92,68;2,323;75844,52;790,9;70,919;2,103;17,11;0,656;13,875;0,481;0;818,745;3,656;4,596;0,94;3,999
2016T3;45;Toledo;Castilla - La Mancha;691787,0;20,056;39,78;20,538;2,6;26,6;91,3;-1,08;16377,0;17915,0;14251,0;60,15;45,53;24,31;24502,0;12250,0;99,34;89,743;2,367;82899,38;800,3;71,065;1,766;14,32;0,259;13,357;0,495;0;820,431;3,664;4,606;0,942;4,008
2016T4;45;Toledo;Castilla - La Mancha;691787,0;20,056;39,78;20,538;2,6;26,6;91,3;-1,08;16377,0;17915,0;14251,0;60,94;46,66;23,44;24502,0;12250,0;101,29;93,203;2,273;93390,21;813,1;70,383;1,79;15,11;0,285;13,319;0,452;0;812,557;3,628;4,561;0,933;3,969
2017T1;45;Toledo;Castilla - La Mancha;691021,0;19,356;40,21;20,867;2,6;26,7;91,2;0,11;16737,0;18407,0;14470,0;61,22;47,35;22,65;25374,0;12250,0;101,16;90,093;2,237;86277,3;804,1;71,215;2,259;18,96;0,349;12,947;0,388;0;822,162;3,573;4,545;0,972;3,93
2017T2;45;Toledo;Castilla - La Mancha;691021,0;19,356;40,21;20,867;2,6;26,7;91,2;0,11;16737,0;18407,0;14470,0;60,0;46,76;22,08;25374,0;12250,0;101,59;93,773;2,17;85830,91;798,5;71,455;2,341;21,38;0,275;13,084;0,498;0;824,933;3,585;4,561;0,975;3,943
2017T3;45;Toledo;Castilla - La Mancha;691021,0;19,356;40,21;20,867;2,6;26,7;91,2;0,11;16737,0;18407,0;14470,0;59,44;48,39;18,59;25374,0;12250,0;101,18;91,133;2,217;89281,46;799,4;71,186;2,469;15,59;0,399;12,825;0,498;0;821,828;3,572;4,544;0,972;3,928
2017T4;45;Toledo;Castilla - La Mancha;691021,0;19,356;40,21;20,867;2,6;26,7;91,2;0,11;16737,0;18407,0;14470,0;61,09;48,67;20,33;25374,0;12250,0;102,97;94,803;2,153;86988,65;796,5;70,685;2,236;16,12;0,582;12,767;0,47;0;816,044;3,547;4,512;0,965;3,901
2018T1;45;Toledo;Castilla - La Mancha;691124,0;18,866;40,46;21,145;2,6;26,9;90,6;5,51;17426,0;19218,0;15040,0;59,32;46,34;21,89;26489,0;12950,0;102,2;91,97;2,227;83574,61;800,8;71,692;2,968;16,82;0,621;12,513;0,406;0;827,669;3,445;4,402;0,957;3,8
2018T2;45;Toledo;Castilla - La Mancha;691124,0;18,866;40,46;21,145;2,6;26,9;90,6;5,51;17426,0;19218,0;15040,0;59,28;47,16;20,45;26489,0;12950,0;103,91;95,373;2,197;83243,51;798,4;72,509;2,882;16,27;0,392;12,903;0,527;0;837,101;3,485;4,453;0,968;3,843
2018T3;45;Toledo;Castilla - La Mancha;691124,0;18,866;40,46;21,145;2,6;26,9;90,6;5,51;17426,0;19218,0;15040,0;59,46;48,74;18,03;26489,0;12950,0;103,96;92,553;2,167;88003,18;809,6;73,467;3,014;22,71;0,608;12,954;0,5;0;848,161;3,531;4,511;0,981;3,894
2018T4;45;Toledo;Castilla - La Mancha;691124,0;18,866;40,46;21,145;2,6;26,9;90,6;5,51;17426,0;19218,0;15040,0;59,26;48,89;17,5;26489,0;12950,0;105,07;96,513;2,26;90761,15;837,2;73,575;2,81;19,36;0,535;12,94;0,471;0;849,408;3,536;4,518;0,982;3,899
2019T1;45;Toledo;Castilla - La Mancha;696390,0;18,584;40,71;21,293;2,6;26,9;89,8;8,29;18230,0;20085,0;15777,0;59,21;49,37;16,62;27705,0;13650,0;103,3;92,79;2,37;81690,2;831,6;74,646;3,288;17,73;0,735;12,479;0,398;0;861,773;3,433;4,37;0,937;3,782
2019T2;45;Toledo;Castilla - La Mancha;696390,0;18,584;40,71;21,293;2,6;26,9;89,8;8,29;18230,0;20085,0;15777,0;58,73;48,24;17,86;27705,0;13650,0;104,76;96,067;2,35;84514,22;826,7;75,333;3,265;24,49;0,775;12,576;0,522;0;869,704;3,464;4,41;0,946;3,817
2019T3;45;Toledo;Castilla - La Mancha;696390,0;18,584;40,71;21,293;2,6;26,9;89,8;8,29;18230,0;20085,0;15777,0;59,09;49,34;16,49;27705,0;13650,0;103,99;93,19;2,153;87486,51;838,2;75,741;2,863;20,81;0,426;12,558;0,518;0;874,414;3,483;4,434;0,951;3,837
2019T4;45;Toledo;Castilla - La Mancha;696390,0;18,584;40,71;21,293;2,6;26,9;89,8;8,29;18230,0;20085,0;15777,0;59,68;49,85;16,47;27705,0;13650,0;105,49;96,93;1,99;65998,94;849,7;75,798;2,962;17,69;0,389;12,737;0,462;0;875,072;3,485;4,437;0,952;3,84
2020T1;45;Toledo;Castilla - La Mancha;704792,0;18,361;40,86;21,411;2,6;27,1;89,7;3,41;18265,0;19915,0;16075,0;59,12;48,31;18,29;27906,0;14350,0;104,09;92,617;2,03;79791,59;835,0;75,411;2,985;18,92;0,234;11,673;0,304;0;870,604;3,497;4,333;0,835;3,813
2020T2;45;Toledo;Castilla - La Mancha;704792,0;18,361;40,86;21,411;2,6;27,1;89,7;3,41;18265,0;19915,0;16075,0;56,22;46,72;16,9;27906,0;14350,0;103,55;93,307;1,907;88937,82;815,2;76,499;1,541;20,63;0,342;1,855;0,021;0;883,165;3,548;4,395;0,847;3,868
2020T3;45;Toledo;Castilla - La Mancha;704792,0;18,361;40,86;21,411;2,6;27,1;89,7;3,41;18265,0;19915,0;16075,0;59,7;47,58;20,31;27906,0;14350,0;103,14;92,713;1,937;89900,25;838,1;76,788;2,72;23,32;0,535;9,4;0,227;0;886,501;3,561;4,412;0,851;3,883
2020T4;45;Toledo;Castilla - La Mancha;704792,0;18,361;40,86;21,411;2,6;27,1;89,7;3,41;18265,0;19915,0;16075,0;61,02;48,9;19,85;27906,0;14350,0;104,16;97,763;1,8;93649,57;849,8;76,702;2,991;18,64;0,684;9,296;0,118;0;885,509;3,557;4,407;0,85;3,878
2021T1;45;Toledo;Castilla - La Mancha;710400,0;18,257;41,21;21,239;2,6;27,4;89,6;3,88;19135,0;20984,0;16744,0;59,22;49,32;16,71;28990,0;15050,0;104,51;94,957;1,72;96224,36;830,9;75,622;2,905;19,43;0,956;8,291;0,101;0;873,04;3,328;4,171;0,843;3,65
2021T2;45;Toledo;Castilla - La Mancha;710400,0;18,257;41,21;21,239;2,6;27,4;89,6;3,88;19135,0;20984,0;16744,0;62,54;51,11;18,28;28990,0;15050,0;107,05;100,28;1,62;94236,43;850,2;78,319;3,18;20,54;0,816;10,477;0,229;0;904,177;3,447;4,32;0,873;3,78
2021T3;45;Toledo;Castilla - La Mancha;710400,0;18,257;41,21;21,239;2,6;27,4;89,6;3,88;19135,0;20984,0;16744,0;62,91;52,35;16,79;28990,0;15050,0;107,86;99,757;1,593;103961,02;867,5;79,089;3,697;21,97;1,23;11,935;0,46;0;913,066;3,481;4,362;0,881;3,817
2021T4;45;Toledo;Castilla - La Mancha;710400,0;18,257;41,21;21,239;2,6;27,4;89,6;3,88;19135,0;20984,0;16744,0;62,85;54,13;13,87;28990,0;15050,0;111,88;105,007;1,543;101721,29;880,0;79,766;3,471;15,86;0,425;12,105;0,415;0;920,882;3,511;4,4;0,889;3,85
2022T1;45;Toledo;Castilla - La Mancha;716309,0;18,193;41,25;21,475;2,6;27,5;88,4;15,95;20266,0;22253,0;17761,0;61,46;53,28;13,31;30626,0;15750,0;115,01;105,46;1,597;98148,0;904,8;81,012;4,069;20,45;0,701;12,659;0,323;0;935,267;3,362;4,213;0,85;3,692
2022T2;45;Toledo;Castilla - La Mancha;716309,0;18,193;41,25;21,475;2,6;27,5;88,4;15,95;20266,0;22253,0;17761,0;61,77;52,08;15,69;30626,0;15750,0;120,0;114,52;1,737;102641,71;884,2;83,044;4,076;19,86;0,645;13,449;0,519;0;958,726;3,447;4,318;0,872;3,785
2022T3;45;Toledo;Castilla - La Mancha;716309,0;18,193;41,25;21,475;2,6;27,5;88,4;15,95;20266,0;22253,0;17761,0;60,81;51,09;15,99;30626,0;15750,0;121,46;110,537;2,143;107332,57;880,4;84,289;4,227;18,26;0,356;13,171;0,536;0;973,099;3,498;4,383;0,885;3,841
2022T4;45;Toledo;Castilla - La Mancha;716309,0;18,193;41,25;21,475;2,6;27,5;88,4;15,95;20266,0;22253,0;17761,0;60,72;51,16;15,75;30626,0;15750,0;121,19;115,007;2,867;101452,91;892,2;82,979;3,303;18,43;0,398;13,07;0,476;0;957,975;3,444;4,315;0,871;3,782
2023T1;45;Toledo;Castilla - La Mancha;731112,0;18,371;41,16;21,626;2,6;27,6;87,6;13,41;21320,0;23391,0;18748,0;60,62;50,28;17,06;32711,0;16450,0;121,95;112,827;3,593;98617,61;918,6;82,324;3,573;18,42;0,434;12,499;0,377;0;950,413;3,251;4,056;0,805;3,566
2023T2;45;Toledo;Castilla - La Mancha;731112,0;18,371;41,16;21,626;2,6;27,6;87,6;13,41;21320,0;23391,0;18748,0;60,82;52,53;13,62;32711,0;16450,0;123,24;116,6;3,887;96433,06;942,2;84,69;3,95;19,81;0,345;13,023;0,547;0;977,728;3,344;4,172;0,828;3,669
2023T3;45;Toledo;Castilla - La Mancha;731112,0;18,371;41,16;21,626;2,6;27,6;87,6;13,41;21320,0;23391,0;18748,0;60,25;53,03;11,99;32711,0;16450,0;124,36;112,777;4,057;97652,37;934,8;85,161;3,871;19,36;0,339;12,823;0,531;0;983,166;3,363;4,195;0,833;3,689
2023T4;45;Toledo;Castilla - La Mancha;731112,0;18,371;41,16;21,626;2,6;27,6;87,6;13,41;21320,0;23391,0;18748,0;57,98;51,09;11,89;32711,0;16450,0;125,25;117,607;4,03;97440,67;930,9;84,707;3,534;18,58;0,555;12,719;0,484;0;977,925;3,345;4,173;0,828;3,67
2024T1;45;Toledo;Castilla - La Mancha;743165,0;18,371;41,16;21,626;2,6;27,6;87,6;12,6;22188,0;24319,0;19570,0;59,17;49,83;15,78;32711,0;16450,0;125,97;113,317;3,693;86320,24;947,1;86,38;3,746;19,4;0,659;12,231;0,39;1;997,239;3,281;4,077;0,796;3,596
2024T2;45;Toledo;Castilla - La Mancha;743165,0;18,371;41,16;21,626;2,6;27,6;87,6;12,6;22188,0;24319,0;19570,0;59,05;50,52;14,45;32711,0;16450,0;127,81;117,41;3,55;108211,07;959,9;89,16;4,069;20,7;0,727;13,166;0,571;1;1029,334;3,386;4,208;0,822;3,711
2024T3;45;Toledo;Castilla - La Mancha;743165,0;18,371;41,16;21,626;2,6;27,6;87,6;12,6;22188,0;24319,0;19570,0;59,2;51,18;13,54;32711,0;16450,0;126,92;114,163;3,45;104162,99;979,8;91,033;4,49;19,87;0,731;12,635;0,516;1;1050,957;3,457;4,296;0,839;3,789
2024T4;45;Toledo;Castilla - La Mancha;743165,0;18,371;41,16;21,626;2,6;27,6;87,6;12,6;22188,0;24319,0;19570,0;57,91;51,13;11,71;32711,0;16450,0;127,71;118,19;3,167;108813,2;1010,7;92,054;5,059;32,47;1,068;12,901;0,504;1;1062,744;3,496;4,344;0,848;3,832
2015T1;46;Valencia/València;Comunitat Valenciana;2528776,0;19,296;42,05;20,44;2,5;27,6;90,3;-1,49;18052,0;19972,0;15731,0;59,77;46,36;22,43;26655,0;12950,0;98,94;90,33;2,613;77553,59;1058,4;58,072;1,842;19,15;0,225;12,876;0,433;0;1041,38;4,171;5,296;1,125;4,615
2015T2;46;Valencia/València;Comunitat Valenciana;2528776,0;19,296;42,05;20,44;2,5;27,6;90,3;-1,49;18052,0;19972,0;15731,0;59,48;46,37;22,05;26655,0;12950,0;100,86;93,72;2,507;78351,53;1066,9;60,382;1,912;15,06;0,233;14,571;0,679;0;1082,804;4,337;5,507;1,169;4,799
2015T3;46;Valencia/València;Comunitat Valenciana;2528776,0;19,296;42,05;20,44;2,5;27,6;90,3;-1,49;18052,0;19972,0;15731,0;59,89;46,73;21,96;26655,0;12950,0;99,87;90,26;2,45;82735,25;1074,5;60,219;1,957;14,79;0,19;14,871;0,901;0;1079,881;4,326;5,492;1,166;4,786
2015T4;46;Valencia/València;Comunitat Valenciana;2528776,0;19,296;42,05;20,44;2,5;27,6;90,3;-1,49;18052,0;19972,0;15731,0;60,05;47,56;20,79;26655,0;12950,0;100,32;92,907;2,427;80234,42;1085,4;60,289;1,78;15,57;0,208;13,354;0,504;0;1081,136;4,331;5,498;1,168;4,791
2016T1;46;Valencia/València;Comunitat Valenciana;2526469,0;18,65;42,35;20,802;2,5;27,7;90,7;1,64;18253,0;20281,0;15823,0;60,35;47,87;20,67;27426,0;13650,0;98,2;88,55;2,33;82240,96;1089,3;61,035;2,111;15,82;0,205;13,527;0,506;0;1094,514;4,317;5,534;1,216;4,797
2016T2;46;Valencia/València;Comunitat Valenciana;2526469,0;18,65;42,35;20,802;2,5;27,7;90,7;1,64;18253,0;20281,0;15823,0;59,65;47,39;20,55;27426,0;13650,0;99,79;92,68;2,323;80130,83;1096,2;61,481;2,448;19,12;0,35;14,611;0,682;0;1102,512;4,349;5,574;1,225;4,832
2016T3;46;Valencia/València;Comunitat Valenciana;2526469,0;18,65;42,35;20,802;2,5;27,7;90,7;1,64;18253,0;20281,0;15823,0;59,62;46,84;21,43;27426,0;13650,0;99,61;89,743;2,367;83490,38;1117,1;61,353;2,128;12,17;0,252;15,152;0,986;0;1100,216;4,34;5,563;1,223;4,822
2016T4;46;Valencia/València;Comunitat Valenciana;2526469,0;18,65;42,35;20,802;2,5;27,7;90,7;1,64;18253,0;20281,0;15823,0;60,65;48,37;20,24;27426,0;13650,0;101,04;93,203;2,273;84073,83;1095,4;61,334;2,057;11,89;0,332;13,546;0,554;0;1099,876;4,339;5,561;1,222;4,821
2017T1;46;Valencia/València;Comunitat Valenciana;2531673,0;18,193;42,49;21,181;2,5;27,7;90,3;4,16;18716,0;20839,0;16181,0;59,91;48,04;19,82;28274,0;14350,0;100,78;90,093;2,237;85893,5;1099,2;62,179;2,517;12,43;0,343;13,239;0,484;0;1115,029;4,281;5,513;1,232;4,766
2017T2;46;Valencia/València;Comunitat Valenciana;2531673,0;18,193;42,49;21,181;2,5;27,7;90,3;4,16;18716,0;20839,0;16181,0;59,5;48,16;19,06;28274,0;14350,0;101,61;93,773;2,17;83322,17;1081,9;62,615;2,753;15,33;0,46;15,084;0,782;0;1122,847;4,311;5,551;1,241;4,8
2017T3;46;Valencia/València;Comunitat Valenciana;2531673,0;18,193;42,49;21,181;2,5;27,7;90,3;4,16;18716,0;20839,0;16181,0;60,33;48,96;18,85;28274,0;14350,0;101,13;91,133;2,217;86428,64;1084,6;63,158;2,853;12,27;0,313;15,372;1,011;0;1132,585;4,348;5,6;1,252;4,841
2017T4;46;Valencia/València;Comunitat Valenciana;2531673,0;18,193;42,49;21,181;2,5;27,7;90,3;4,16;18716,0;20839,0;16181,0;60,25;50,36;16,43;28274,0;14350,0;102,49;94,803;2,153;86313,36;1092,7;63,878;2,431;11,13;0,482;13,697;0,573;0;1145,496;4,398;5,663;1,266;4,896
2018T1;46;Valencia/València;Comunitat Valenciana;2542923,0;17,953;42,49;21,516;2,5;27,9;89,7;4,58;19313,0;21463,0;16779,0;59,05;49,39;16,36;29710,0;15050,0;101,7;91,97;2,227;89892,41;1116,6;64,306;2,96;10,02;0,465;13,36;0,567;0;1153,171;4,298;5,498;1,2;4,777
2018T2;46;Valencia/València;Comunitat Valenciana;2542923,0;17,953;42,49;21,516;2,5;27,9;89,7;4,58;19313,0;21463,0;16779,0;60,24;50,81;15,66;29710,0;15050,0;103,47;95,373;2,197;91670,86;1130,9;65,139;3,183;9,48;0,547;15,393;0,825;0;1168,109;4,354;5,569;1,215;4,839
2018T3;46;Valencia/València;Comunitat Valenciana;2542923,0;17,953;42,49;21,516;2,5;27,9;89,7;4,58;19313,0;21463,0;16779,0;59,49;50,22;15,58;29710,0;15050,0;103,49;92,553;2,167;94005,14;1113,0;66,11;3,205;11,84;0,37;15,543;1,029;0;1185,521;4,419;5,652;1,234;4,911
2018T4;46;Valencia/València;Comunitat Valenciana;2542923,0;17,953;42,49;21,516;2,5;27,9;89,7;4,58;19313,0;21463,0;16779,0;59,14;51,35;13,17;29710,0;15050,0;104,3;96,513;2,26;93564,28;1149,3;66,529;2,691;10,61;0,641;13,849;0,623;0;1193,035;4,447;5,688;1,241;4,942
2019T1;46;Valencia/València;Comunitat Valenciana;2554332,0;17,89;42,39;21,836;2,5;28,0;88,9;11,56;20069,0;22296,0;17464,0;58,58;50,91;13,09;31017,0;15750,0;102,92;92,79;2,37;94721,67;1177,5;66,986;2,943;12,54;0,698;13,551;0,584;0;1201,23;4,31;5,503;1,193;4,788
2019T2;46;Valencia/València;Comunitat Valenciana;2554332,0;17,89;42,39;21,836;2,5;28,0;88,9;11,56;20069,0;22296,0;17464,0;58,58;50,38;14,0;31017,0;15750,0;104,42;96,067;2,35;95472,52;1182,4;68,229;3,043;12,1;0,649;15,311;0,881;0;1223,521;4,39;5,605;1,215;4,877
2019T3;46;Valencia/València;Comunitat Valenciana;2554332,0;17,89;42,39;21,836;2,5;28,0;88,9;11,56;20069,0;22296,0;17464,0;58,31;49,81;14,58;31017,0;15750,0;103,5;93,19;2,153;101645,47;1172,3;68,896;2,931;12,06;0,679;15,369;1,041;0;1235,482;4,433;5,66;1,227;4,925
2019T4;46;Valencia/València;Comunitat Valenciana;2554332,0;17,89;42,39;21,836;2,5;28,0;88,9;11,56;20069,0;22296,0;17464,0;57,73;50,27;12,93;31017,0;15750,0;104,56;96,93;1,99;98118,05;1196,5;69,038;2,641;12,02;0,568;13,777;0,636;0;1238,028;4,442;5,671;1,229;4,935
2020T1;46;Valencia/València;Comunitat Valenciana;2584654,0;17,963;42,31;22,051;2,5;28,4;88,8;4,58;20171,0;22198,0;17790,0;58,13;49,94;14,08;31208,0;15750,0;103,24;92,617;2,03;91333,61;1184,4;69,334;2,902;13,01;0,74;11,651;0,407;0;1243,336;4,481;5,591;1,11;4,931
2020T2;46;Valencia/València;Comunitat Valenciana;2584654,0;17,963;42,31;22,051;2,5;28,4;88,8;4,58;20171,0;22198,0;17790,0;56,07;47,07;16,06;31208,0;15750,0;103,5;93,307;1,907;95609,92;1150,5;69,322;1,608;11,41;0,556;2,603;0,037;0;1243,121;4,48;5,59;1,11;4,93
2020T3;46;Valencia/València;Comunitat Valenciana;2584654,0;17,963;42,31;22,051;2,5;28,4;88,8;4,58;20171,0;22198,0;17790,0;58,59;49,01;16,35;31208,0;15750,0;103,02;92,713;1,937;104597,78;1179,7;70,301;2,116;12,18;0,57;11,972;0,411;0;1260,677;4,543;5,669;1,126;5,0
2020T4;46;Valencia/València;Comunitat Valenciana;2584654,0;17,963;42,31;22,051;2,5;28,4;88,8;4,58;20171,0;22198,0;17790,0;57,89;49,41;14,65;31208,0;15750,0;103,91;97,763;1,8;100678,42;1193,0;70,184;2,611;14,8;0,637;9,395;0,176;0;1258,579;4,536;5,66;1,124;4,992
2021T1;46;Valencia/València;Comunitat Valenciana;2593243,0;17,951;42,3;22,322;2,5;28,7;88,3;6,89;20860,0;22914,0;18481,0;57,37;48,79;14,96;32317,0;16450,0;104,09;94,957;1,72;105281,09;1196,3;70,174;2,884;16,55;0,606;8,061;0,119;0;1258,399;4,393;5,447;1,054;4,826
2021T2;46;Valencia/València;Comunitat Valenciana;2593243,0;17,951;42,3;22,322;2,5;28,7;88,3;6,89;20860,0;22914,0;18481,0;59,47;49,72;16,4;32317,0;16450,0;106,43;100,28;1,62;103481,59;1227,1;72,314;3,258;14,32;0,588;10,484;0,342;0;1296,775;4,527;5,613;1,086;4,973
2021T3;46;Valencia/València;Comunitat Valenciana;2593243,0;17,951;42,3;22,322;2,5;28,7;88,3;6,89;20860,0;22914,0;18481,0;59,55;50,41;15,35;32317,0;16450,0;106,49;99,757;1,593;104331,67;1220,0;73,792;3,557;13,3;0,656;14,298;0,866;0;1323,279;4,62;5,728;1,108;5,075
2021T4;46;Valencia/València;Comunitat Valenciana;2593243,0;17,951;42,3;22,322;2,5;28,7;88,3;6,89;20860,0;22914,0;18481,0;58,76;51,63;12,14;32317,0;16450,0;109,96;105,007;1,543;106527,24;1271,2;74,934;3,32;15,26;0,551;12,529;0,536;0;1343,758;4,691;5,817;1,125;5,153
2022T1;46;Valencia/València;Comunitat Valenciana;2609322,0;18,077;42,16;22,568;2,5;28,7;87,0;19,73;22248,0;24519,0;19658,0;58,85;51,94;11,73;34198,0;17850,0;112,18;105,46;1,597;109121,63;1298,6;76,447;3,655;13,59;0,782;12,437;0,464;0;1370,89;4,473;5,579;1,106;4,929
2022T2;46;Valencia/València;Comunitat Valenciana;2609322,0;18,077;42,16;22,568;2,5;28,7;87,0;19,73;22248,0;24519,0;19658,0;59,24;51,87;12,44;34198,0;17850,0;115,62;114,52;1,737;108729,95;1300,9;78,108;3,74;12,1;0,625;14,955;0,871;0;1400,676;4,57;5,7;1,13;5,037
2022T3;46;Valencia/València;Comunitat Valenciana;2609322,0;18,077;42,16;22,568;2,5;28,7;87,0;19,73;22248,0;24519,0;19658,0;60,05;51,75;13,82;34198,0;17850,0;117,03;110,537;2,143;111378,49;1288,9;78,892;3,874;13,12;0,476;15,312;1,067;0;1414,735;4,616;5,757;1,141;5,087
2022T4;46;Valencia/València;Comunitat Valenciana;2609322,0;18,077;42,16;22,568;2,5;28,7;87,0;19,73;22248,0;24519,0;19658,0;59,79;52,48;12,22;34198,0;17850,0;116,68;115,007;2,867;112207,5;1308,8;78,722;3,551;13,84;0,711;13,195;0,635;0;1411,687;4,606;5,745;1,139;5,076
2023T1;46;Valencia/València;Comunitat Valenciana;2656841,0;18,482;41,88;22,632;2,5;28,7;85,7;20,2;23359,0;25674,0;20749,0;60,36;52,7;12,69;36532,0;18550,0;117,38;112,827;3,593;110508,08;1353,2;79,015;3,823;13,18;0,585;12,879;0,585;0;1416,941;4,415;5,463;1,048;4,853
2023T2;46;Valencia/València;Comunitat Valenciana;2656841,0;18,482;41,88;22,632;2,5;28,7;85,7;20,2;23359,0;25674,0;20749,0;59,55;52,71;11,47;36532,0;18550,0;118,93;116,6;3,887;120461,47;1361,6;80,817;3,73;15,18;0,764;14,931;0,891;0;1449,256;4,516;5,588;1,072;4,963
2023T3;46;Valencia/València;Comunitat Valenciana;2656841,0;18,482;41,88;22,632;2,5;28,7;85,7;20,2;23359,0;25674,0;20749,0;61,22;54,18;11,49;36532,0;18550,0;120,1;112,777;4,057;106310,72;1376,6;82,904;3,308;14,58;0,47;15,246;1,035;0;1486,681;4,632;5,732;1,1;5,092
2023T4;46;Valencia/València;Comunitat Valenciana;2656841,0;18,482;41,88;22,632;2,5;28,7;85,7;20,2;23359,0;25674,0;20749,0;61,13;53,65;12,23;36532,0;18550,0;120,45;117,607;4,03;116763,74;1427,6;82,063;2,991;17,46;0,903;13,09;0,656;0;1471,6;4,585;5,674;1,088;5,04
2024T1;46;Valencia/València;Comunitat Valenciana;2710808,0;18,482;41,88;22,632;2,5;28,7;85,7;19,59;24209,0;26519,0;21625,0;60,93;53,5;12,2;36532,0;18550,0;121,07;113,317;3,693;113834,08;1449,9;84,149;3,407;16,07;0,45;13,051;0,649;1;1509,007;4,552;5,582;1,03;4,987
2024T2;46;Valencia/València;Comunitat Valenciana;2710808,0;18,482;41,88;22,632;2,5;28,7;85,7;19,59;24209,0;26519,0;21625,0;60,68;54,27;10,57;36532,0;18550,0;122,95;117,41;3,55;111711,01;1481,6;87,789;3,281;15,34;0,821;15,222;0,91;1;1574,281;4,749;5,824;1,075;5,202
2024T3;46;Valencia/València;Comunitat Valenciana;2710808,0;18,482;41,88;22,632;2,5;28,7;85,7;19,59;24209,0;26519,0;21625,0;59,86;52,36;12,52;36532,0;18550,0;122,71;114,163;3,45;119104,71;1517,7;90,21;3,814;14,85;0,573;15,523;1,069;1;1617,696;4,88;5,985;1,104;5,346
2024T4;46;Valencia/València;Comunitat Valenciana;2710808,0;18,482;41,88;22,632;2,5;28,7;85,7;19,59;24209,0;26519,0;21625,0;59,57;52,71;11,52;36532,0;18550,0;123,34;118,19;3,167;120648,21;1568,2;92,073;3,848;17,91;0,612;13,123;0,632;1;1651,104;4,981;6,108;1,127;5,456
2015T1;47;Valladolid;Castilla y León;527199,0;17,435;42,23;24,448;2,5;28,4;95,4;-1,96;19562,0;21875,0;16770,0;56,71;47,48;16,28;28899,0;15050,0;98,98;90,33;2,613;87503,6;1122,4;61,891;1,618;21,69;0,307;14,906;0,371;0;1133,653;4,146;5,408;1,262;4,636
2015T2;47;Valladolid;Castilla y León;527199,0;17,435;42,23;24,448;2,5;28,4;95,4;-1,96;19562,0;21875,0;16770,0;57,19;47,8;16,41;28899,0;15050,0;100,77;93,72;2,507;85642,37;1151,5;63,405;1,525;21,77;0,531;15,026;0,524;0;1161,385;4,247;5,54;1,293;4,75
2015T3;47;Valladolid;Castilla y León;527199,0;17,435;42,23;24,448;2,5;28,4;95,4;-1,96;19562,0;21875,0;16770,0;57,15;47,99;16,04;28899,0;15050,0;99,89;90,26;2,45;90925,37;1164,8;62,952;1,772;23,45;0,169;15,151;0,591;0;1153,088;4,217;5,501;1,284;4,716
2015T4;47;Valladolid;Castilla y León;527199,0;17,435;42,23;24,448;2,5;28,4;95,4;-1,96;19562,0;21875,0;16770,0;58,0;48,94;15,62;28899,0;15050,0;100,36;92,907;2,427;95416,0;1163,1;62,984;1,299;17,08;0,368;15,544;0,513;0;1153,674;4,219;5,504;1,284;4,718
2016T1;47;Valladolid;Castilla y León;524669,0;16,728;42,29;25,053;2,5;28,8;95,6;-0,57;19747,0;22187,0;16848,0;57,76;48,46;16,1;29735,0;15750,0;98,1;88,55;2,33;90311,86;1148,6;62,963;1,54;18,19;0,4;15,616;0,479;0;1153,289;4,158;5,476;1,318;4,672
2016T2;47;Valladolid;Castilla y León;524669,0;16,728;42,29;25,053;2,5;28,8;95,6;-0,57;19747,0;22187,0;16848,0;57,24;49,32;13,84;29735,0;15750,0;99,62;92,68;2,323;94855,39;1172,6;63,753;2,316;16,79;0,358;16,017;0,532;0;1167,76;4,211;5,545;1,334;4,731
2016T3;47;Valladolid;Castilla y León;524669,0;16,728;42,29;25,053;2,5;28,8;95,6;-0,57;19747,0;22187,0;16848,0;56,26;49,23;12,5;29735,0;15750,0;99,54;89,743;2,367;90393,94;1139,7;63,699;1,887;16,16;0,233;15,848;0,641;0;1166,77;4,207;5,54;1,333;4,727
2016T4;47;Valladolid;Castilla y León;524669,0;16,728;42,29;25,053;2,5;28,8;95,6;-0,57;19747,0;22187,0;16848,0;57,0;49,04;13,96;29735,0;15750,0;101,35;93,203;2,273;83381,41;1175,4;63,471;1,792;12,87;0,616;15,325;0,536;0;1162,594;4,192;5,52;1,328;4,71
2017T1;47;Valladolid;Castilla y León;522985,0;16,174;42,21;25,656;2,4;29,1;95,5;-1,48;20224,0;22742,0;17270,0;56,4;48,82;13,44;30288,0;16450,0;101,15;90,093;2,237;101743,46;1163,4;64,277;2,222;23,32;0,304;15,085;0,465;0;1177,358;4,142;5,454;1,312;4,657
2017T2;47;Valladolid;Castilla y León;522985,0;16,174;42,21;25,656;2,4;29,1;95,5;-1,48;20224,0;22742,0;17270,0;57,03;49,16;13,8;30288,0;16450,0;101,82;93,773;2,17;94125,99;1156,7;64,47;2,346;15,32;0,384;15,215;0,621;0;1180,893;4,154;5,47;1,316;4,671
2017T3;47;Valladolid;Castilla y León;522985,0;16,174;42,21;25,656;2,4;29,1;95,5;-1,48;20224,0;22742,0;17270,0;56,59;48,81;13,74;30288,0;16450,0;101,35;91,133;2,217;79774,47;1168,6;64,374;1,952;15,87;0,692;15,089;0,698;0;1179,134;4,148;5,462;1,314;4,664
2017T4;47;Valladolid;Castilla y León;522985,0;16,174;42,21;25,656;2,4;29,1;95,5;-1,48;20224,0;22742,0;17270,0;56,41;48,34;14,32;30288,0;16450,0;102,83;94,803;2,153;94348,87;1198,3;64,92;2,138;22,81;0,482;15,271;0,581;0;1189,135;4,183;5,508;1,325;4,704
2018T1;47;Valladolid;Castilla y León;520930,0;15,757;42,01;26,271;2,4;29,5;95,2;2,42;20689,0;23198,0;17787,0;56,06;49,3;12,06;31296,0;17150,0;101,99;91,97;2,227;98319,2;1173,9;65,684;2,507;19,45;0,829;15,451;0,508;0;1203,13;4,149;5,411;1,262;4,652
2018T2;47;Valladolid;Castilla y León;520930,0;15,757;42,01;26,271;2,4;29,5;95,2;2,42;20689,0;23198,0;17787,0;56,63;49,95;11,79;31296,0;17150,0;103,56;95,373;2,197;93618,69;1206,6;66,904;2,451;15,66;0,499;15,683;0,615;0;1225,476;4,226;5,512;1,286;4,739
2018T3;47;Valladolid;Castilla y León;520930,0;15,757;42,01;26,271;2,4;29,5;95,2;2,42;20689,0;23198,0;17787,0;57,47;51,81;9,86;31296,0;17150,0;103,59;92,553;2,167;94463,7;1193,6;68,04;2,54;16,1;0,62;15,396;0,68;0;1246,284;4,298;5,605;1,307;4,819
2018T4;47;Valladolid;Castilla y León;520930,0;15,757;42,01;26,271;2,4;29,5;95,2;2,42;20689,0;23198,0;17787,0;58,2;52,24;10,25;31296,0;17150,0;104,7;96,513;2,26;96629,31;1232,3;67,992;2,234;14,69;0,612;15,765;0,615;0;1245,405;4,295;5,601;1,307;4,816
2019T1;47;Valladolid;Castilla y León;520483,0;15,537;41,81;26,774;2,4;29,7;94,8;3,63;21380,0;23985,0;18400,0;57,13;50,58;11,45;32247,0;17150,0;103,34;92,79;2,37;98520,81;1233,4;68,933;2,569;12,19;0,711;15,718;0,532;0;1262,641;4,211;5,49;1,278;4,725
2019T2;47;Valladolid;Castilla y León;520483,0;15,537;41,81;26,774;2,4;29,7;94,8;3,63;21380,0;23985,0;18400,0;58,04;51,8;10,74;32247,0;17150,0;104,82;96,067;2,35;103878,36;1235,8;70,466;2,3;12,78;0,811;15,99;0,662;0;1290,721;4,305;5,612;1,307;4,83
2019T3;47;Valladolid;Castilla y León;520483,0;15,537;41,81;26,774;2,4;29,7;94,8;3,63;21380,0;23985,0;18400,0;58,07;51,15;11,91;32247,0;17150,0;104,17;93,19;2,153;104210,72;1236,2;70,805;2,094;14,5;0,92;15,865;0,696;0;1296,931;4,326;5,639;1,313;4,853
2019T4;47;Valladolid;Castilla y León;520483,0;15,537;41,81;26,774;2,4;29,7;94,8;3,63;21380,0;23985,0;18400,0;58,12;52,67;9,37;32247,0;17150,0;105,4;96,93;1,99;105626,52;1251,8;71,386;1,914;15,76;0,966;15,993;0,62;0;1307,573;4,361;5,685;1,324;4,893
2020T1;47;Valladolid;Castilla y León;520904,0;15,354;41,59;27,28;2,4;30,2;94,4;2,61;21415,0;23810,0;18679,0;57,87;52,34;9,55;32397,0;17150,0;103,97;92,617;2,03;67155,75;1247,4;70,949;2,394;17,64;0,599;14,058;0,407;0;1299,568;4,366;5,566;1,199;4,855
2020T2;47;Valladolid;Castilla y León;520904,0;15,354;41,59;27,28;2,4;30,2;94,4;2,61;21415,0;23810,0;18679,0;53,9;48,61;9,82;32397,0;17150,0;103,95;93,307;1,907;106833,83;1215,8;72,549;1,459;17,37;0,351;2,311;0,042;0;1328,875;4,465;5,691;1,226;4,964
2020T3;47;Valladolid;Castilla y León;520904,0;15,354;41,59;27,28;2,4;30,2;94,4;2,61;21415,0;23810,0;18679,0;56,57;49,95;11,7;32397,0;17150,0;103,44;92,713;1,937;99021,21;1209,7;72,382;2,054;20,37;0,927;13,795;0,348;0;1325,816;4,455;5,678;1,224;4,953
2020T4;47;Valladolid;Castilla y León;520904,0;15,354;41,59;27,28;2,4;30,2;94,4;2,61;21415,0;23810,0;18679,0;56,75;50,31;11,35;32397,0;17150,0;104,2;97,763;1,8;104744,64;1228,9;72,332;2,208;20,09;0,758;11,934;0,187;0;1324,9;4,452;5,674;1,223;4,949
2021T1;47;Valladolid;Castilla y León;519380,0;15,319;41,49;27,546;2,4;30,8;94,3;2,14;22319,0;24767,0;19543,0;55,71;48,57;12,82;33348,0;17850,0;104,32;94,957;1,72;112437,62;1219,2;72,356;2,341;15,79;0,926;10,028;0,157;0;1325,34;4,281;5,425;1,144;4,751
2021T2;47;Valladolid;Castilla y León;519380,0;15,319;41,49;27,546;2,4;30,8;94,3;2,14;22319,0;24767,0;19543,0;54,52;47,62;12,65;33348,0;17850,0;106,62;100,28;1,62;100335,24;1250,7;74,437;2,534;20,14;0,997;12,641;0,321;0;1363,458;4,404;5,581;1,177;4,887
2021T3;47;Valladolid;Castilla y León;519380,0;15,319;41,49;27,546;2,4;30,8;94,3;2,14;22319,0;24767,0;19543,0;53,01;47,89;9,65;33348,0;17850,0;107,23;99,757;1,593;117237,9;1254,5;75,445;3,048;25,9;1,698;14,242;0,604;0;1381,921;4,464;5,657;1,193;4,953
2021T4;47;Valladolid;Castilla y León;519380,0;15,319;41,49;27,546;2,4;30,8;94,3;2,14;22319,0;24767,0;19543,0;53,24;48,68;8,56;33348,0;17850,0;110,64;105,007;1,543;114587,57;1287,7;76,225;2,969;23,02;1,18;14,714;0,553;0;1396,208;4,51;5,715;1,206;5,005
2022T1;47;Valladolid;Castilla y León;518158,0;15,319;41,04;28,207;2,4;31,2;93,9;9,5;23407,0;25972,0;20548,0;53,19;48,19;9,4;34708,0;19250,0;113,16;105,46;1,597;118186,01;1276,9;77,597;3,126;21,11;0,922;14,318;0,409;0;1421,339;4,378;5,534;1,156;4,858
2022T2;47;Valladolid;Castilla y León;518158,0;15,319;41,04;28,207;2,4;31,2;93,9;9,5;23407,0;25972,0;20548,0;54,21;49,03;9,54;34708,0;19250,0;117,64;114,52;1,737;114320,53;1289,8;79,21;2,879;17,09;0,529;14,802;0,581;0;1450,884;4,469;5,649;1,18;4,959
2022T3;47;Valladolid;Castilla y León;518158,0;15,319;41,04;28,207;2,4;31,2;93,9;9,5;23407,0;25972,0;20548,0;53,88;49,85;7,5;34708,0;19250,0;119,18;110,537;2,143;107703,1;1250,5;80,393;2,876;25,3;0,687;15,016;0,69;0;1472,553;4,536;5,733;1,197;5,033
2022T4;47;Valladolid;Castilla y León;518158,0;15,319;41,04;28,207;2,4;31,2;93,9;9,5;23407,0;25972,0;20548,0;54,25;50,06;7,71;34708,0;19250,0;118,88;115,007;2,867;115575,2;1290,1;79,321;2,374;23,41;1,334;14,456;0,573;0;1452,918;4,475;5,657;1,181;4,966
2023T1;47;Valladolid;Castilla y León;521333,0;15,573;40,62;28,526;2,3;31,6;93,2;8,53;24657,0;27344,0;21694,0;54,91;49,51;9,84;36785,0;19950,0;119,18;112,827;3,593;123200,0;1276,0;79,538;2,969;25,65;1,548;13,872;0,454;0;1456,892;4,262;5,373;1,11;4,727
2023T2;47;Valladolid;Castilla y León;521333,0;15,573;40,62;28,526;2,3;31,6;93,2;8,53;24657,0;27344,0;21694,0;54,95;49,85;9,28;36785,0;19950,0;120,54;116,6;3,887;119506,71;1278,7;81,46;2,952;32,36;1,358;14,15;0,619;0;1492,097;4,365;5,502;1,137;4,841
2023T3;47;Valladolid;Castilla y León;521333,0;15,573;40,62;28,526;2,3;31,6;93,2;8,53;24657,0;27344,0;21694,0;55,58;50,43;9,27;36785,0;19950,0;121,34;112,777;4,057;116956,78;1283,3;82,365;2,659;29,87;1,297;14,082;0,657;0;1508,674;4,414;5,563;1,15;4,895
2023T4;47;Valladolid;Castilla y León;521333,0;15,573;40,62;28,526;2,3;31,6;93,2;8,53;24657,0;27344,0;21694,0;55,01;50,01;9,1;36785,0;19950,0;121,88;117,607;4,03;116132,77;1309,7;82,077;2,317;26,41;1,272;14,482;0,567;0;1503,399;4,398;5,544;1,146;4,878
2024T1;47;Valladolid;Castilla y León;525116,0;15,573;40,62;28,526;2,3;31,6;93,2;8,07;25571,0;28290,0;22597,0;56,89;50,88;10,56;36785,0;19950,0;122,43;113,317;3,693;91904,46;1314,3;84,235;2,836;32,71;1,236;14,372;0,489;1;1542,927;4,363;5,462;1,099;4,827
2024T2;47;Valladolid;Castilla y León;525116,0;15,573;40,62;28,526;2,3;31,6;93,2;8,07;25571,0;28290,0;22597,0;57,64;50,63;12,17;36785,0;19950,0;124,28;117,41;3,55;102753,16;1315,0;87,058;2,807;26,19;2,038;14,54;0,603;1;1594,636;4,509;5,645;1,136;4,989
2024T3;47;Valladolid;Castilla y León;525116,0;15,573;40,62;28,526;2,3;31,6;93,2;8,07;25571,0;28290,0;22597,0;57,52;52,22;9,22;36785,0;19950,0;123,79;114,163;3,45;122315,79;1344,2;88,944;3,161;23,92;1,23;14,536;0,664;1;1629,181;4,607;5,768;1,161;5,097
2024T4;47;Valladolid;Castilla y León;525116,0;15,573;40,62;28,526;2,3;31,6;93,2;8,07;25571,0;28290,0;22597,0;58,2;53,5;8,07;36785,0;19950,0;124,74;118,19;3,167;127707,95;1374,6;90,75;3,481;27,13;1,8;14,222;0,582;1;1662,262;4,701;5,885;1,184;5,2
2015T1;49;Zamora;Castilla y León;183885,0;16,623;35,77;35,644;2,3;34,4;96,5;-0,79;15749,0;16981,0;14257,0;52,85;38,15;27,83;22664,0;12250,0;98,72;90,33;2,613;71974,03;840,5;61,891;1,18;18,43;0,435;17,482;0,321;0;844,266;3,977;4,737;0,76;4,289
2015T2;49;Zamora;Castilla y León;183885,0;16,623;35,77;35,644;2,3;34,4;96,5;-0,79;15749,0;16981,0;14257,0;50,79;39,11;22,99;22664,0;12250,0;100,7;93,72;2,507;93584,8;856,5;63,405;1,169;10,7;0,321;19,228;0,498;0;864,919;4,075;4,853;0,779;4,394
2015T3;49;Zamora;Castilla y León;183885,0;16,623;35,77;35,644;2,3;34,4;96,5;-0,79;15749,0;16981,0;14257,0;49,94;41,28;17,33;22664,0;12250,0;99,84;90,26;2,45;75036,81;854,0;62,952;1,131;9,13;0,283;19,353;0,653;0;858,739;4,046;4,819;0,773;4,362
2015T4;49;Zamora;Castilla y León;183885,0;16,623;35,77;35,644;2,3;34,4;96,5;-0,79;15749,0;16981,0;14257,0;51,64;41,54;19,56;22664,0;12250,0;100,74;92,907;2,427;74903,7;876,1;62,984;0,984;8,84;0,218;17,665;0,403;0;859,176;4,048;4,821;0,773;4,364
2016T1;49;Zamora;Castilla y León;181057,0;16,071;35,92;36,148;2,3;34,9;96,7;0,29;15836,0;17108,0;14323,0;50,55;39,89;21,09;23106,0;12250,0;98,24;88,55;2,33;77695,95;900,6;62,963;1,143;5,8;0,232;17,54;0,366;0;858,889;4,016;4,797;0,781;4,339
2016T2;49;Zamora;Castilla y León;181057,0;16,071;35,92;36,148;2,3;34,9;96,7;0,29;15836,0;17108,0;14323,0;50,62;40,65;19,69;23106,0;12250,0;99,8;92,68;2,323;84637,31;915,1;63,753;1,287;6,87;0,26;19,132;0,469;0;869,666;4,067;4,857;0,791;4,393
2016T3;49;Zamora;Castilla y León;181057,0;16,071;35,92;36,148;2,3;34,9;96,7;0,29;15836,0;17108,0;14323,0;51,95;42,55;18,1;23106,0;12250,0;99,53;89,743;2,367;82127,66;878,3;63,699;1,381;14,4;0,293;19,497;0,741;0;868,929;4,063;4,853;0,79;4,39
2016T4;49;Zamora;Castilla y León;181057,0;16,071;35,92;36,148;2,3;34,9;96,7;0,29;15836,0;17108,0;14323,0;53,01;44,17;16,67;23106,0;12250,0;101,51;93,203;2,273;70910,45;902,1;63,471;1,11;8,96;0,331;17,784;0,481;0;865,819;4,049;4,836;0,787;4,374
2017T1;49;Zamora;Castilla y León;178243,0;15,602;36,06;36,566;2,3;35,2;96,7;0,2;16225,0;17506,0;14705,0;52,32;42,82;18,15;23602,0;12950,0;100,89;90,093;2,237;81206,52;873,0;64,277;1,576;4,63;0,331;17,56;0,326;0;876,814;4,007;4,77;0,763;4,323
2017T2;49;Zamora;Castilla y León;178243,0;15,602;36,06;36,566;2,3;35,2;96,7;0,2;16225,0;17506,0;14705,0;52,73;44,26;16,05;23602,0;12950,0;101,66;93,773;2,17;76496,64;863,9;64,47;1,178;6,67;0,387;19,352;0,575;0;879,447;4,019;4,784;0,766;4,336
2017T3;49;Zamora;Castilla y León;178243,0;15,602;36,06;36,566;2,3;35,2;96,7;0,2;16225,0;17506,0;14705,0;52,27;44,9;14,11;23602,0;12950,0;100,81;91,133;2,217;79024,24;884,2;64,374;1,459;6,15;0,286;20,263;0,794;0;878,137;4,013;4,777;0,764;4,33
2017T4;49;Zamora;Castilla y León;178243,0;15,602;36,06;36,566;2,3;35,2;96,7;0,2;16225,0;17506,0;14705,0;52,9;44,07;16,7;23602,0;12950,0;102,6;94,803;2,153;80343,75;863,6;64,92;1,498;5,24;0,23;18,269;0,48;0;885,585;4,047;4,818;0,771;4,367
2018T1;49;Zamora;Castilla y León;175662,0;15,111;35,93;37,253;2,2;36,0;96,7;1,5;16735,0;18081,0;15159,0;50,09;39,55;21,04;24524,0;13650,0;101,44;91,97;2,227;71814,57;857,9;65,684;1,531;4,09;0,336;18,663;0,403;0;896,007;3,964;4,729;0,764;4,283
2018T2;49;Zamora;Castilla y León;175662,0;15,111;35,93;37,253;2,2;36,0;96,7;1,5;16735,0;18081,0;15159,0;50,89;42,1;17,27;24524,0;13650,0;103,29;95,373;2,197;72726,26;851,6;66,904;1,708;6,0;0,279;20,667;0,657;0;912,649;4,038;4,816;0,778;4,363
2018T3;49;Zamora;Castilla y León;175662,0;15,111;35,93;37,253;2,2;36,0;96,7;1,5;16735,0;18081,0;15159,0;51,79;43,71;15,6;24524,0;13650,0;103,23;92,553;2,167;76482,56;857,3;68,04;1,349;5,91;0,279;21,376;0,895;0;928,146;4,107;4,898;0,792;4,437
2018T4;49;Zamora;Castilla y León;175662,0;15,111;35,93;37,253;2,2;36,0;96,7;1,5;16735,0;18081,0;15159,0;50,29;42,97;14,57;24524,0;13650,0;104,46;96,513;2,26;80618,71;847,6;67,992;1,326;6,44;0,285;19,503;0,593;0;927,491;4,104;4,895;0,791;4,434
2019T1;49;Zamora;Castilla y León;173318,0;14,807;35,76;37,822;2,2;36,4;96,4;2,44;17383,0;18806,0;15749,0;49,06;41,77;14,87;25593,0;14350,0;102,78;92,79;2,37;76242,24;864,8;68,933;1,564;4,8;0,56;18,323;0,431;0;940,327;4,0;4,777;0,776;4,328
2019T2;49;Zamora;Castilla y León;173318,0;14,807;35,76;37,822;2,2;36,4;96,4;2,44;17383,0;18806,0;15749,0;50,45;43,38;14,01;25593,0;14350,0;104,57;96,067;2,35;83994,51;832,2;70,466;1,587;8,0;0,41;20,602;0,756;0;961,239;4,089;4,883;0,794;4,424
2019T3;49;Zamora;Castilla y León;173318,0;14,807;35,76;37,822;2,2;36,4;96,4;2,44;17383,0;18806,0;15749,0;50,32;44,09;12,38;25593,0;14350,0;103,61;93,19;2,153;75694,92;825,9;70,805;1,327;3,91;0,415;21,448;0,92;0;965,863;4,109;4,906;0,798;4,445
2019T4;49;Zamora;Castilla y León;173318,0;14,807;35,76;37,822;2,2;36,4;96,4;2,44;17383,0;18806,0;15749,0;50,09;42,61;14,94;25593,0;14350,0;104,95;96,93;1,99;84616,67;834,7;71,386;1,235;6,07;0,19;19,758;0,574;0;973,789;4,142;4,947;0,804;4,482
2020T1;49;Zamora;Castilla y León;171301,0;14,489;35,63;38,338;2,2;36,9;96,3;0,54;17675,0;19002,0;16162,0;49,95;42,84;14,24;25855,0;15050,0;103,42;92,617;2,03;76024,54;828,9;70,949;1,524;6,13;0,245;15,672;0,321;0;967,828;4,075;4,791;0,716;4,381
2020T2;49;Zamora;Castilla y León;171301,0;14,489;35,63;38,338;2,2;36,9;96,3;0,54;17675,0;19002,0;16162,0;46,18;39,97;13,46;25855,0;15050,0;103,81;93,307;1,907;83416,67;854,3;72,549;0,695;5,88;0,251;0,0;0,0;0;989,654;4,167;4,899;0,732;4,479
2020T3;49;Zamora;Castilla y León;171301,0;14,489;35,63;38,338;2,2;36,9;96,3;0,54;17675,0;19002,0;16162,0;51,09;44,16;13,57;25855,0;15050,0;103,07;92,713;1,937;87921,26;823,5;72,382;1,448;4,84;0,257;17,604;0,508;0;987,376;4,157;4,887;0,73;4,469
2020T4;49;Zamora;Castilla y León;171301,0;14,489;35,63;38,338;2,2;36,9;96,3;0,54;17675,0;19002,0;16162,0;50,82;44,99;11,47;25855,0;15050,0;104,39;97,763;1,8;78979,87;845,4;72,332;1,582;5,54;0,274;13,253;0,168;0;986,694;4,154;4,884;0,73;4,466
2021T1;49;Zamora;Castilla y León;169165,0;14,384;35,74;38,437;2,2;37,5;96,2;2,37;18270,0;19668,0;16688,0;48,73;42,31;13,18;26846,0;15750,0;104,23;94,957;1,72;90836,26;833,6;72,356;1,602;6,64;0,384;10,479;0,12;0;987,021;4,015;4,732;0,717;4,322
2021T2;49;Zamora;Castilla y León;169165,0;14,384;35,74;38,437;2,2;37,5;96,2;2,37;18270,0;19668,0;16688,0;50,21;44,32;11,74;26846,0;15750,0;106,64;100,28;1,62;79453,2;803,0;74,437;2,016;7,04;0,567;14,152;0,289;0;1015,408;4,13;4,868;0,738;4,446
2021T3;49;Zamora;Castilla y León;169165,0;14,384;35,74;38,437;2,2;37,5;96,2;2,37;18270,0;19668,0;16688,0;50,79;45,31;10,79;26846,0;15750,0;107,03;99,757;1,593;84462,37;791,6;75,445;2,099;11,27;0,792;17,947;0,814;0;1029,159;4,186;4,934;0,748;4,506
2021T4;49;Zamora;Castilla y León;169165,0;14,384;35,74;38,437;2,2;37,5;96,2;2,37;18270,0;19668,0;16688,0;50,53;45,86;9,25;26846,0;15750,0;110,91;105,007;1,543;92716,67;815,8;76,225;1,815;5,54;0,709;16,41;0,498;0;1039,799;4,229;4,985;0,755;4,553
2022T1;49;Zamora;Castilla y León;167868,0;14,272;35,31;39,176;2,1;38,1;95,6;8,1;19254,0;20798,0;17558,0;50,94;44,16;13,3;27928,0;16450,0;113,37;105,46;1,597;88925,29;798,9;77,597;2,18;9,56;1,382;14,797;0,32;0;1058,514;4,072;4,823;0,751;4,398
2022T2;49;Zamora;Castilla y León;167868,0;14,272;35,31;39,176;2,1;38,1;95,6;8,1;19254,0;20798,0;17558,0;49,67;43,62;12,19;27928,0;16450,0;117,62;114,52;1,737;87151,35;786,3;79,21;1,894;7,55;0,757;18,9;0,629;0;1080,518;4,156;4,923;0,767;4,49
2022T3;49;Zamora;Castilla y León;167868,0;14,272;35,31;39,176;2,1;38,1;95,6;8,1;19254,0;20798,0;17558,0;49,31;44,2;10,36;27928,0;16450,0;119,17;110,537;2,143;88931,58;789,1;80,393;2,633;24,43;0,518;19,134;0,823;0;1096,655;4,218;4,997;0,778;4,557
2022T4;49;Zamora;Castilla y León;167868,0;14,272;35,31;39,176;2,1;38,1;95,6;8,1;19254,0;20798,0;17558,0;49,97;43,13;13,69;27928,0;16450,0;119,53;115,007;2,867;106711,23;795,7;79,321;2,24;15,69;0,369;16,809;0,489;0;1082,032;4,162;4,93;0,768;4,496
2023T1;49;Zamora;Castilla y León;166927,0;14,032;35,27;39,469;2,1;38,6;95,0;8,38;20227,0;21791,0;18516,0;48,84;41,84;14,33;29891,0;17150,0;120,43;112,827;3,593;108993,94;805,4;79,538;2,372;10,86;0,797;15,544;0,353;0;1084,992;3,983;4,688;0,705;4,291
2023T2;49;Zamora;Castilla y León;166927,0;14,032;35,27;39,469;2,1;38,6;95,0;8,38;20227,0;21791,0;18516,0;49,45;43,65;11,73;29891,0;17150,0;122,31;116,6;3,887;88376,54;812,8;81,46;2,516;7,86;0,587;20,839;0,638;0;1111,21;4,08;4,801;0,722;4,395
2023T3;49;Zamora;Castilla y León;166927,0;14,032;35,27;39,469;2,1;38,6;95,0;8,38;20227,0;21791,0;18516,0;52,55;45,77;12,91;29891,0;17150,0;123,19;112,777;4,057;82790,42;826,4;82,365;1,953;12,58;0,437;21,454;0,824;0;1123,555;4,125;4,854;0,73;4,444
2023T4;49;Zamora;Castilla y León;166927,0;14,032;35,27;39,469;2,1;38,6;95,0;8,38;20227,0;21791,0;18516,0;52,36;44,21;15,58;29891,0;17150,0;123,45;117,607;4,03;84080,0;804,4;82,077;2,049;12,28;0,497;18,098;0,531;0;1119,627;4,11;4,837;0,727;4,428
2024T1;49;Zamora;Castilla y León;166253,0;14,032;35,27;39,469;2,1;38,6;95,0;7,67;20975,0;22561,0;19253,0;51,87;43,91;15,35;29891,0;17150,0;124,37;113,317;3,693;93803,8;814,4;84,235;2,135;16,62;0,391;15,695;0,411;1;1149,064;4,075;4,775;0,7;4,383
2024T2;49;Zamora;Castilla y León;166253,0;14,032;35,27;39,469;2,1;38,6;95,0;7,67;20975,0;22561,0;19253,0;52,05;46,66;10,36;29891,0;17150,0;126,26;117,41;3,55;85860,0;841,2;87,058;2,111;12,82;0,373;18,72;0,594;1;1187,574;4,211;4,935;0,724;4,529
2024T3;49;Zamora;Castilla y León;166253,0;14,032;35,27;39,469;2,1;38,6;95,0;7,67;20975,0;22561,0;19253,0;55,35;47,62;13,95;29891,0;17150,0;125,29;114,163;3,45;89300,93;813,7;88,944;2,52;10,5;0,481;19,324;0,803;1;1213,301;4,302;5,042;0,739;4,628
2024T4;49;Zamora;Castilla y León;166253,0;14,032;35,27;39,469;2,1;38,6;95,0;7,67;20975,0;22561,0;19253,0;53,71;47,35;11,86;29891,0;17150,0;126,17;118,19;3,167;86153,47;836,4;90,75;2,761;6,32;1,155;17,118;0,512;1;1237,937;4,39;5,144;0,754;4,722
2015T1;50;Zaragoza;Aragón;965052,0;18,611;40,63;23,609;2,5;28,5;89,9;-3,18;19672,0;22260,0;16572,0;58,84;47,79;18,78;30105,0;15750,0;99,02;90,33;2,613;97548,32;1252,2;57,284;1,878;21,52;0,577;15,888;0,421;0;1240,816;4,459;5,99;1,531;5,046
2015T2;50;Zaragoza;Aragón;965052,0;18,611;40,63;23,609;2,5;28,5;89,9;-3,18;19672,0;22260,0;16572,0;59,21;49,07;17,13;30105,0;15750,0;100,8;93,72;2,507;97542,58;1270,5;58,791;1,826;15,95;0,418;16,953;0,607;0;1273,458;4,577;6,148;1,571;5,179
2015T3;50;Zaragoza;Aragón;965052,0;18,611;40,63;23,609;2,5;28,5;89,9;-3,18;19672,0;22260,0;16572,0;59,13;50,15;15,18;30105,0;15750,0;99,77;90,26;2,45;94482,86;1260,8;58,227;1,876;20,94;0,432;16,947;0,631;0;1261,242;4,533;6,089;1,556;5,129
2015T4;50;Zaragoza;Aragón;965052,0;18,611;40,63;23,609;2,5;28,5;89,9;-3,18;19672,0;22260,0;16572,0;58,95;49,91;15,33;30105,0;15750,0;100,41;92,907;2,427;101760,15;1248,6;58,012;1,598;15,11;0,498;16,476;0,595;0;1256,585;4,516;6,066;1,55;5,11
2016T1;50;Zaragoza;Aragón;960170,0;17,942;40,82;24,032;2,5;28,9;89,8;0,83;19729,0;22346,0;16610,0;59,77;50,4;15,67;30586,0;15750,0;98,46;88,55;2,33;102663,43;1252,2;58,389;1,972;16,16;0,228;15,772;0,535;0;1264,751;4,528;6,092;1,564;5,128
2016T2;50;Zaragoza;Aragón;960170,0;17,942;40,82;24,032;2,5;28,9;89,8;0,83;19729,0;22346,0;16610,0;60,34;50,77;15,86;30586,0;15750,0;99,74;92,68;2,323;98590,24;1261,1;59,572;2,143;14,48;1,073;17,288;0,682;0;1290,375;4,62;6,215;1,595;5,232
2016T3;50;Zaragoza;Aragón;960170,0;17,942;40,82;24,032;2,5;28,9;89,8;0,83;19729,0;22346,0;16610,0;59,9;50,22;16,17;30586,0;15750,0;99,54;89,743;2,367;98642,6;1237,8;59,39;2,002;22,58;0,348;17,558;0,759;0;1286,433;4,606;6,196;1,59;5,216
2016T4;50;Zaragoza;Aragón;960170,0;17,942;40,82;24,032;2,5;28,9;89,8;0,83;19729,0;22346,0;16610,0;59,87;51,52;13,95;30586,0;15750,0;101,34;93,203;2,273;97951,56;1265,5;59,367;1,853;20,63;0,511;17,154;0,642;0;1285,935;4,604;6,194;1,59;5,214
2017T1;50;Zaragoza;Aragón;959338,0;17,493;40,83;24,437;2,5;29,0;89,5;0,08;20071,0;22818,0;16847,0;59,59;51,47;13,63;31268,0;16450,0;100,93;90,093;2,237;97476,49;1227,5;60,574;2,35;16,46;0,628;16,552;0,533;0;1312,079;4,6;6,231;1,63;5,23
2017T2;50;Zaragoza;Aragón;959338,0;17,493;40,83;24,437;2,5;29,0;89,5;0,08;20071,0;22818,0;16847,0;59,81;52,99;11,39;31268,0;16450,0;101,52;93,773;2,17;101234,6;1213,8;60,549;2,309;12,64;0,671;17,747;0,75;0;1311,538;4,598;6,228;1,63;5,228
2017T3;50;Zaragoza;Aragón;959338,0;17,493;40,83;24,437;2,5;29,0;89,5;0,08;20071,0;22818,0;16847,0;58,35;51,63;11,52;31268,0;16450,0;100,9;91,133;2,217;112906,57;1238,4;61,087;2,297;19,74;0,419;17,734;0,804;0;1323,191;4,639;6,283;1,644;5,274
2017T4;50;Zaragoza;Aragón;959338,0;17,493;40,83;24,437;2,5;29,0;89,5;0,08;20071,0;22818,0;16847,0;59,01;51,85;12,14;31268,0;16450,0;102,58;94,803;2,153;98728,02;1260,9;61,226;2,301;16,18;0,852;17,406;0,693;0;1326,202;4,65;6,298;1,648;5,286
2018T1;50;Zaragoza;Aragón;958391,0;17,204;40,74;24,844;2,5;29,3;88,6;8,82;20572,0;23366,0;17328,0;58,82;51,67;12,15;32328,0;17150,0;101,78;91,97;2,227;109693,05;1239,5;62,437;2,542;17,16;0,795;16,246;0,604;0;1352,433;4,63;6,244;1,613;5,259
2018T2;50;Zaragoza;Aragón;958391,0;17,204;40,74;24,844;2,5;29,3;88,6;8,82;20572,0;23366,0;17328,0;59,19;53,2;10,12;32328,0;17150,0;103,35;95,373;2,197;96398,12;1267,1;63,274;2,765;16,23;0,426;17,394;0,792;0;1370,564;4,693;6,328;1,635;5,33
2018T3;50;Zaragoza;Aragón;958391,0;17,204;40,74;24,844;2,5;29,3;88,6;8,82;20572,0;23366,0;17328,0;58,92;52,77;10,44;32328,0;17150,0;103,2;92,553;2,167;97449,22;1254,6;64,433;2,595;17,37;0,642;17,287;0,837;0;1395,668;4,778;6,444;1,665;5,427
2018T4;50;Zaragoza;Aragón;958391,0;17,204;40,74;24,844;2,5;29,3;88,6;8,82;20572,0;23366,0;17328,0;59,8;52,85;11,61;32328,0;17150,0;104,24;96,513;2,26;107084,6;1301,6;65,023;2,281;17,66;0,788;16,617;0,718;0;1408,448;4,822;6,503;1,68;5,477
2019T1;50;Zaragoza;Aragón;965673,0;17,299;40,57;25,019;2,5;29,2;87,7;10,23;21338,0;24083,0;18149,0;59,28;52,97;10,65;33505,0;17850,0;102,9;92,79;2,37;103477,87;1295,1;66,442;2,494;20,6;0,433;15,84;0,575;0;1439,185;4,781;6,344;1,563;5,396
2019T2;50;Zaragoza;Aragón;965673,0;17,299;40,57;25,019;2,5;29,2;87,7;10,23;21338,0;24083,0;18149,0;59,53;53,54;10,06;33505,0;17850,0;104,33;96,067;2,35;103126,19;1322,8;67,498;2,534;15,53;0,535;17,023;0,807;0;1462,059;4,857;6,445;1,588;5,482
2019T3;50;Zaragoza;Aragón;965673,0;17,299;40,57;25,019;2,5;29,2;87,7;10,23;21338,0;24083,0;18149,0;60,06;53,87;10,31;33505,0;17850,0;103,64;93,19;2,153;114208,04;1324,7;68,142;2,385;19,5;0,566;17,026;0,847;0;1476,008;4,903;6,506;1,603;5,534
2019T4;50;Zaragoza;Aragón;965673,0;17,299;40,57;25,019;2,5;29,2;87,7;10,23;21338,0;24083,0;18149,0;59,36;53,34;10,13;33505,0;17850,0;104,7;96,93;1,99;105519,9;1314,4;68,594;2,369;23,43;0,6;17,05;0,743;0;1485,799;4,936;6,549;1,614;5,571
2020T1;50;Zaragoza;Aragón;973740,0;17,381;40,44;25,195;2,5;29,5;87,8;5,24;21392,0;23975,0;18375,0;59,1;52,57;11,06;33654,0;17850,0;103,43;92,617;2,03;109454,33;1307,2;68,856;2,474;24,41;0,604;14,7;0,48;0;1491,474;4,977;6,493;1,517;5,578
2020T2;50;Zaragoza;Aragón;973740,0;17,381;40,44;25,195;2,5;29,5;87,8;5,24;21392,0;23975,0;18375,0;57,62;50,69;12,03;33654,0;17850,0;103,39;93,307;1,907;113590,72;1266,2;69,541;1,404;23,41;0,361;4,042;0,07;0;1506,312;5,026;6,558;1,532;5,633
2020T3;50;Zaragoza;Aragón;973740,0;17,381;40,44;25,195;2,5;29,5;87,8;5,24;21392,0;23975,0;18375,0;58,34;51,2;12,24;33654,0;17850,0;103,1;92,713;1,937;127516,75;1288,6;69,846;2,154;20,36;0,208;12,722;0,311;0;1512,918;5,048;6,587;1,539;5,658
2020T4;50;Zaragoza;Aragón;973740,0;17,381;40,44;25,195;2,5;29,5;87,8;5,24;21392,0;23975,0;18375,0;59,01;51,38;12,92;33654,0;17850,0;104,04;97,763;1,8;129886,55;1294,2;69,343;2,447;23,46;1,071;11,779;0,231;0;1502,023;5,012;6,539;1,527;5,617
2021T1;50;Zaragoza;Aragón;973684,0;17,393;40,53;25,244;2,4;30,0;87,7;-1,38;22288,0;24936,0;19218,0;58,29;50,51;13,35;34492,0;18550,0;104,17;94,957;1,72;112337,96;1266,1;70,163;2,545;17,84;0,547;11,346;0,196;0;1519,785;4,876;6,327;1,451;5,455
2021T2;50;Zaragoza;Aragón;973684,0;17,393;40,53;25,244;2,4;30,0;87,7;-1,38;22288,0;24936,0;19218,0;58,21;51,15;12,14;34492,0;18550,0;106,43;100,28;1,62;115258,56;1283,6;71,26;3,194;17,88;0,607;12,564;0,328;0;1543,546;4,952;6,425;1,473;5,54
2021T3;50;Zaragoza;Aragón;973684,0;17,393;40,53;25,244;2,4;30,0;87,7;-1,38;22288,0;24936,0;19218,0;58,57;52,97;9,57;34492,0;18550,0;106,84;99,757;1,593;111177,44;1301,1;72,959;2,816;17,87;0,765;15,306;0,635;0;1580,348;5,07;6,579;1,509;5,672
2021T4;50;Zaragoza;Aragón;973684,0;17,393;40,53;25,244;2,4;30,0;87,7;-1,38;22288,0;24936,0;19218,0;59,11;53,27;9,88;34492,0;18550,0;110,53;105,007;1,543;134421,37;1339,5;73,731;2,518;18,47;0,41;15,862;0,591;0;1597,07;5,124;6,648;1,524;5,732
2022T1;50;Zaragoza;Aragón;968884,0;17,283;40,33;25,666;2,4;30,2;86,7;14,77;23346,0;26135,0;20160,0;59,28;52,73;11,06;36098,0;19250,0;112,88;105,46;1,597;116826,3;1362,3;75,563;3,093;19,79;0,567;14,995;0,442;0;1636,753;5,01;6,495;1,485;5,609
2022T2;50;Zaragoza;Aragón;968884,0;17,283;40,33;25,666;2,4;30,2;86,7;14,77;23346,0;26135,0;20160,0;59,45;54,23;8,78;36098,0;19250,0;116,6;114,52;1,737;126374,61;1385,1;76,634;3,216;17,52;0,623;16,788;0,725;0;1659,951;5,081;6,587;1,506;5,688
2022T3;50;Zaragoza;Aragón;968884,0;17,283;40,33;25,666;2,4;30,2;86,7;14,77;23346,0;26135,0;20160,0;58,77;53,17;9,53;36098,0;19250,0;117,94;110,537;2,143;119164,06;1378,0;77,47;3,419;21,01;0,611;16,67;0,791;0;1678,06;5,137;6,659;1,522;5,75
2022T4;50;Zaragoza;Aragón;968884,0;17,283;40,33;25,666;2,4;30,2;86,7;14,77;23346,0;26135,0;20160,0;59,29;53,56;9,67;36098,0;19250,0;117,84;115,007;2,867;136468,79;1407,9;76,894;2,562;20,87;0,693;16,096;0,679;0;1665,583;5,098;6,609;1,511;5,707
2023T1;50;Zaragoza;Aragón;979365,0;17,649;40,18;25,639;2,4;30,5;86,1;10,47;24533,0;27434,0;21245,0;59,39;53,79;9,43;38230,0;20650,0;118,19;112,827;3,593;121401,64;1393,0;77,968;2,864;17,36;0,374;15,242;0,538;0;1688,847;4,925;6,36;1,435;5,507
2023T2;50;Zaragoza;Aragón;979365,0;17,649;40,18;25,639;2,4;30,5;86,1;10,47;24533,0;27434,0;21245,0;59,33;54,02;8,94;38230,0;20650,0;119,32;116,6;3,887;103013,95;1399,1;79,248;2,909;23,41;1,163;16,8;0,743;0;1716,573;5,006;6,464;1,458;5,598
2023T3;50;Zaragoza;Aragón;979365,0;17,649;40,18;25,639;2,4;30,5;86,1;10,47;24533,0;27434,0;21245,0;58,42;53,55;8,34;38230,0;20650,0;120,58;112,777;4,057;126190,68;1452,7;81,129;2,501;16,66;0,648;16,583;0,78;0;1757,317;5,124;6,617;1,493;5,73
2023T4;50;Zaragoza;Aragón;979365,0;17,649;40,18;25,639;2,4;30,5;86,1;10,47;24533,0;27434,0;21245,0;59,52;55,19;7,28;38230,0;20650,0;120,75;117,607;4,03;116234,63;1456,3;80,188;2,557;21,73;0,527;16,338;0,719;0;1736,934;5,065;6,541;1,476;5,664
2024T1;50;Zaragoza;Aragón;987763,0;17,649;40,18;25,639;2,4;30,5;86,1;12,55;25448,0;28380,0;22150,0;58,74;54,21;7,73;38230,0;20650,0;121,74;113,317;3,693;127829,08;1468,7;83,44;2,657;21,04;0,941;15,589;0,604;1;1807,375;5,095;6,528;1,433;5,682
2024T2;50;Zaragoza;Aragón;987763,0;17,649;40,18;25,639;2,4;30,5;86,1;12,55;25448,0;28380,0;22150,0;58,87;54,29;7,78;38230,0;20650,0;123,57;117,41;3,55;114350,49;1519,8;87,055;2,831;18,6;0,732;16,561;0,769;1;1885,678;5,316;6,811;1,495;5,928
2024T3;50;Zaragoza;Aragón;987763,0;17,649;40,18;25,639;2,4;30,5;86,1;12,55;25448,0;28380,0;22150,0;58,32;52,79;9,47;38230,0;20650,0;123,37;114,163;3,45;122656,83;1542,0;89,494;3,008;16,46;0,856;16,549;0,802;1;1938,509;5,464;7,001;1,537;6,094
2024T4;50;Zaragoza;Aragón;987763,0;17,649;40,18;25,639;2,4;30,5;86,1;12,55;25448,0;28380,0;22150,0;58,37;54,17;7,2;38230,0;20650,0;124,06;118,19;3,167;123335,8;1588,7;90,891;3,218;21,42;0,629;15,889;0,728;1;1968,769;5,55;7,111;1,561;6,189
2015T1;5;Ávila;Castilla y León;165694,0;17,558;37,48;29,894;2,3;36,7;93,4;0,25;15936,0;17351,0;14233,0;52,33;38,77;25,92;22442,0;12250,0;98,89;90,33;2,613;79964,29;823,4;61,891;1,569;34,62;0,398;28,164;0,578;0;827,342;3,815;4,65;0,836;4,153
2015T2;5;Ávila;Castilla y León;165694,0;17,558;37,48;29,894;2,3;36,7;93,4;0,25;15936,0;17351,0;14233,0;54,68;41,59;23,93;22442,0;12250,0;101,02;93,72;2,507;69863,25;818,5;63,405;1,406;23,18;0,616;29,699;0,933;0;847,581;3,908;4,764;0,856;4,255
2015T3;5;Ávila;Castilla y León;165694,0;17,558;37,48;29,894;2,3;36,7;93,4;0,25;15936,0;17351,0;14233,0;54,98;43,43;21,01;22442,0;12250,0;99,66;90,26;2,45;86179,69;838,6;62,952;1,364;26,99;0,422;30,355;1,147;0;841,525;3,88;4,73;0,85;4,225
2015T4;5;Ávila;Castilla y León;165694,0;17,558;37,48;29,894;2,3;36,7;93,4;0,25;15936,0;17351,0;14233,0;52,47;41,41;21,08;22442,0;12250,0;100,43;92,907;2,427;82747,97;877,9;62,984;1,243;28,64;0,386;28,895;0,835;0;841,953;3,882;4,732;0,85;4,227
2016T1;5;Ávila;Castilla y León;163669,0;17,111;37,67;30,29;2,3;37,0;93,6;1,31;15969,0;17386,0;14273,0;55,27;40,48;26,77;22877,0;12250,0;97,81;88,55;2,33;73442,03;849,6;62,963;1,497;25,71;0,373;27,016;0,553;0;841,672;3,873;4,718;0,845;4,217
2016T2;5;Ávila;Castilla y León;163669,0;17,111;37,67;30,29;2,3;37,0;93,6;1,31;15969,0;17386,0;14273,0;55,55;43,64;21,43;22877,0;12250,0;99,57;92,68;2,323;67135,71;852,1;63,753;1,442;24,58;0,501;28,252;0,71;0;852,232;3,921;4,777;0,855;4,269
2016T3;5;Ávila;Castilla y León;163669,0;17,111;37,67;30,29;2,3;37,0;93,6;1,31;15969,0;17386,0;14273,0;56,95;45,8;19,57;22877,0;12250,0;99,02;89,743;2,367;84136,0;856,7;63,699;1,442;25,0;0,55;28,586;1,041;0;851,511;3,918;4,773;0,855;4,266
2016T4;5;Ávila;Castilla y León;163669,0;17,111;37,67;30,29;2,3;37,0;93,6;1,31;15969,0;17386,0;14273,0;55,87;46,28;17,16;22877,0;12250,0;101,15;93,203;2,273;72510,2;867,7;63,471;1,534;23,11;0,367;28,415;0,901;0;848,463;3,904;4,756;0,852;4,251
2017T1;5;Ávila;Castilla y León;161782,0;16,658;37,72;30,759;2,3;36,6;94,2;2,33;16348,0;17813,0;14600,0;56,25;44,91;20,15;23596,0;12950,0;100,92;90,093;2,237;75734,57;844,4;64,277;1,539;30,52;0,457;27,815;0,629;0;859,237;3,859;4,708;0,849;4,205
2017T2;5;Ávila;Castilla y León;161782,0;16,658;37,72;30,759;2,3;36,6;94,2;2,33;16348,0;17813,0;14600,0;56,94;46,16;18,92;23596,0;12950,0;101,66;93,773;2,17;80903,23;838,5;64,47;1,644;22,18;0,457;29,356;0,927;0;861,817;3,871;4,722;0,852;4,217
2017T3;5;Ávila;Castilla y León;161782,0;16,658;37,72;30,759;2,3;36,6;94,2;2,33;16348,0;17813,0;14600,0;55,83;47,76;14,45;23596,0;12950,0;100,72;91,133;2,217;78806,45;815,7;64,374;2,003;23,46;0,389;30,436;1,236;0;860,534;3,865;4,715;0,851;4,211
2017T4;5;Ávila;Castilla y León;161782,0;16,658;37,72;30,759;2,3;36,6;94,2;2,33;16348,0;17813,0;14600,0;53,32;43,54;18,34;23596,0;12950,0;102,63;94,803;2,153;84036,23;835,2;64,92;1,83;23,99;0,507;29,396;0,978;0;867,833;3,898;4,755;0,858;4,247
2018T1;5;Ávila;Castilla y León;160104,0;16,309;37,75;31,104;2,3;37,2;94,0;4,54;16993,0;18557,0;15145,0;53,75;43,62;18,85;24593,0;13650,0;101,73;91,97;2,227;84607,95;838,2;65,684;1,886;25,5;0,506;28,817;0,676;0;878,046;3,785;4,638;0,853;4,134
2018T2;5;Ávila;Castilla y León;160104,0;16,309;37,75;31,104;2,3;37,2;94,0;4,54;16993,0;18557,0;15145,0;53,02;43,45;18,05;24593,0;13650,0;103,62;95,373;2,197;79447,2;828,3;66,904;2,099;24,11;0,562;30,135;0,92;0;894,354;3,856;4,724;0,869;4,21
2018T3;5;Ávila;Castilla y León;160104,0;16,309;37,75;31,104;2,3;37,2;94,0;4,54;16993,0;18557,0;15145,0;53,45;45,3;15,26;24593,0;13650,0;103,54;92,553;2,167;78432,93;842,5;68,04;1,942;21,54;0,643;31,663;1,262;0;909,54;3,921;4,804;0,883;4,282
2018T4;5;Ávila;Castilla y León;160104,0;16,309;37,75;31,104;2,3;37,2;94,0;4,54;16993,0;18557,0;15145,0;52,82;45,67;13,53;24593,0;13650,0;104,8;96,513;2,26;85212,33;821,5;67,992;2,18;18,62;0,425;30,997;0,986;0;908,898;3,918;4,801;0,883;4,279
2019T1;5;Ávila;Castilla y León;159237,0;16,096;37,68;31,554;2,2;37,8;93,4;6,96;17506,0;19071,0;15690,0;50,81;41,73;17,87;25530,0;14350,0;103,28;92,79;2,37;81242,77;840,7;68,933;2,342;18,77;0,703;29,731;0,701;0;921,477;3,865;4,698;0,833;4,211
2019T2;5;Ávila;Castilla y León;159237,0;16,096;37,68;31,554;2,2;37,8;93,4;6,96;17506,0;19071,0;15690,0;52,08;44,41;14,72;25530,0;14350,0;105,03;96,067;2,35;76760,98;810,8;70,466;2,386;17,89;0,553;31,182;1,044;0;941,97;3,951;4,803;0,851;4,305
2019T3;5;Ávila;Castilla y León;159237,0;16,096;37,68;31,554;2,2;37,8;93,4;6,96;17506,0;19071,0;15690,0;53,51;46,75;12,65;25530,0;14350,0;103,98;93,19;2,153;81166,67;810,6;70,805;2,437;15,46;0,402;31,883;1,275;0;946,502;3,97;4,826;0,856;4,325
2019T4;5;Ávila;Castilla y León;159237,0;16,096;37,68;31,554;2,2;37,8;93,4;6,96;17506,0;19071,0;15690,0;54,7;47,27;13,57;25530,0;14350,0;105,5;96,93;1,99;76828,88;801,8;71,386;2,487;23,23;0,54;30,989;0,975;0;954,268;4,003;4,866;0,863;4,361
2020T1;5;Ávila;Castilla y León;158819,0;15,918;37,59;31,911;2,2;37,8;93,4;3,71;17913,0;19243,0;16364,0;53,95;47,02;12,85;26065,0;14350,0;104,18;92,617;2,03;75775,12;817,3;70,949;2,147;26,1;0,428;27,045;0,579;0;948,427;3,943;4,637;0,694;4,236
2020T2;5;Ávila;Castilla y León;158819,0;15,918;37,59;31,911;2,2;37,8;93,4;3,71;17913,0;19243,0;16364,0;52,08;45,11;13,38;26065,0;14350,0;103,9;93,307;1,907;71840,76;788,7;72,549;1,102;20,0;0,409;0,0;0,0;0;969,815;4,032;4,741;0,709;4,331
2020T3;5;Ávila;Castilla y León;158819,0;15,918;37,59;31,911;2,2;37,8;93,4;3,71;17913,0;19243,0;16364,0;55,78;47,17;15,43;26065,0;14350,0;103,34;92,713;1,937;74227,03;807,7;72,382;1,643;17,24;0,529;27,031;0,745;0;967,583;4,023;4,73;0,708;4,321
2020T4;5;Ávila;Castilla y León;158819,0;15,918;37,59;31,911;2,2;37,8;93,4;3,71;17913,0;19243,0;16364,0;55,63;46,69;16,06;26065,0;14350,0;104,58;97,763;1,8;75917,2;817,3;72,332;2,191;20,4;0,422;21,708;0,233;0;966,914;4,02;4,727;0,707;4,318
2021T1;5;Ávila;Castilla y León;158898,0;15,845;37,99;31,709;2,2;38,6;93,4;5,53;18574,0;20060,0;16854,0;51,7;43,39;16,07;27023,0;15050,0;104,87;94,957;1,72;80481,08;797,2;72,356;2,203;17,14;0,485;18,27;0,148;0;967,235;3,857;4,591;0,734;4,166
2021T2;5;Ávila;Castilla y León;158898,0;15,845;37,99;31,709;2,2;38,6;93,4;5,53;18574,0;20060,0;16854,0;53,07;43,25;18,5;27023,0;15050,0;107,41;100,28;1,62;83748,84;817,4;74,437;2,675;16,47;0,535;24,544;0,43;0;995,053;3,968;4,723;0,755;4,286
2021T3;5;Ávila;Castilla y León;158898,0;15,845;37,99;31,709;2,2;38,6;93,4;5,53;18574,0;20060,0;16854,0;51,05;45,06;11,73;27023,0;15050,0;107,95;99,757;1,593;75735,77;844,1;75,445;2,587;16,79;0,673;28,612;1,125;0;1008,528;4,022;4,787;0,765;4,344
2021T4;5;Ávila;Castilla y León;158898,0;15,845;37,99;31,709;2,2;38,6;93,4;5,53;18574,0;20060,0;16854,0;53,48;45,1;15,66;27023,0;15050,0;111,86;105,007;1,543;81587,79;839,0;76,225;2,624;12,95;0,541;28,305;0,77;0;1018,955;4,064;4,837;0,773;4,389
2022T1;5;Ávila;Castilla y León;159102,0;15,657;37,85;32,245;2,2;38,4;92,0;14,7;19533,0;21061,0;17789,0;52,05;44,07;15,34;28227,0;15750,0;114,67;105,46;1,597;90163,87;848,7;77,597;2,64;20,0;0,559;26,404;0,573;0;1037,295;3,94;4,665;0,725;4,248
2022T2;5;Ávila;Castilla y León;159102,0;15,657;37,85;32,245;2,2;38,4;92,0;14,7;19533,0;21061,0;17789,0;51,57;43,74;15,2;28227,0;15750,0;119,84;114,52;1,737;82918,82;849,2;79,21;3,03;21,99;0,509;31,028;0,963;0;1058,857;4,022;4,762;0,74;4,337
2022T3;5;Ávila;Castilla y León;159102,0;15,657;37,85;32,245;2,2;38,4;92,0;14,7;19533,0;21061,0;17789,0;53,9;46,45;13,81;28227,0;15750,0;121,07;110,537;2,143;87492,31;871,3;80,393;3,627;16,12;0,434;31,581;1,164;0;1074,671;4,082;4,833;0,751;4,401
2022T4;5;Ávila;Castilla y León;159102,0;15,657;37,85;32,245;2,2;38,4;92,0;14,7;19533,0;21061,0;17789,0;54,34;48,15;11,39;28227,0;15750,0;121,13;115,007;2,867;90061,95;878,8;79,321;3,601;13,79;0,352;28,923;0,849;0;1060,341;4,028;4,769;0,741;4,343
2023T1;5;Ávila;Castilla y León;159764,0;15,588;37,84;32,341;2,2;39,0;91,2;13,9;20487,0;22186,0;18578,0;53,34;46,48;12,85;30159,0;17150,0;121,39;112,827;3,593;79434,96;869,0;79,538;3,705;16,05;0,469;27,507;0,726;0;1063,242;3,834;4,578;0,745;4,152
2023T2;5;Ávila;Castilla y León;159764,0;15,588;37,84;32,341;2,2;39,0;91,2;13,9;20487,0;22186,0;18578,0;53,02;46,7;11,91;30159,0;17150,0;123,32;116,6;3,887;86533,65;860,4;81,46;3,305;19,7;0,638;31,008;1,066;0;1088,935;3,927;4,689;0,763;4,252
2023T3;5;Ávila;Castilla y León;159764,0;15,588;37,84;32,341;2,2;39,0;91,2;13,9;20487,0;22186,0;18578,0;52,24;46,75;10,51;30159,0;17150,0;124,4;112,777;4,057;84849,16;888,9;82,365;3,643;18,38;0,357;31,617;1,271;0;1101,033;3,97;4,741;0,771;4,299
2023T4;5;Ávila;Castilla y León;159764,0;15,588;37,84;32,341;2,2;39,0;91,2;13,9;20487,0;22186,0;18578,0;52,02;46,15;11,27;30159,0;17150,0;124,86;117,607;4,03;86697,67;884,1;82,077;3,18;16,93;0,469;29,817;0,937;0;1097,183;3,956;4,725;0,768;4,284
2024T1;5;Ávila;Castilla y León;160463,0;15,588;37,84;32,341;2,2;39,0;91,2;12,32;21267,0;22992,0;19343,0;50,73;43,83;13,61;30159,0;17150,0;125,39;113,317;3,693;91487,18;902,0;84,235;3,521;15,93;0,573;28,171;0,791;1;1126,03;3,918;4,657;0,739;4,236
2024T2;5;Ávila;Castilla y León;160463,0;15,588;37,84;32,341;2,2;39,0;91,2;12,32;21267,0;22992,0;19343,0;51,88;46,53;10,31;30159,0;17150,0;127,5;117,41;3,55;82273,74;929,8;87,058;3,415;25,18;0,679;31,021;1,076;1;1163,767;4,049;4,813;0,764;4,378
2024T3;5;Ávila;Castilla y León;160463,0;15,588;37,84;32,341;2,2;39,0;91,2;12,32;21267,0;22992,0;19343,0;55,64;49,42;11,18;30159,0;17150,0;126,69;114,163;3,45;87883,18;959,8;88,944;4,138;20,93;0,567;31,247;1,235;1;1188,979;4,137;4,917;0,78;4,473
2024T4;5;Ávila;Castilla y León;160463,0;15,588;37,84;32,341;2,2;39,0;91,2;12,32;21267,0;22992,0;19343,0;52,54;47,57;9,47;30159,0;17150,0;127,55;118,19;3,167;97659,02;965,9;90,75;4,805;25,29;0,636;29,78;0,958;1;1213,121;4,221;5,017;0,796;4,563
