provincia,anio,trimestre,periodo,superficie_m2
Albacete,2004,1,2004-T1,177.5
Albacete,2004,2,2004-T2,146.9
Albacete,2004,3,2004-T3,51.5
Albacete,2004,4,2004-T4,123.7
Albacete,2005,1,2005-T1,145.9
Albacete,2005,2,2005-T2,152.0
Albacete,2005,3,2005-T3,66.1
Albacete,2005,4,2005-T4,50.6
Albacete,2006,1,2006-T1,340.1
Albacete,2006,2,2006-T2,201.0
Albacete,2006,3,2006-T3,161.7
Albacete,2006,4,2006-T4,292.2
Albacete,2007,1,2007-T1,413.0
Albacete,2007,2,2007-T2,115.4
Albacete,2007,3,2007-T3,135.80313
Albacete,2007,4,2007-T4,310.0
Albacete,2008,1,2008-T1,114.2
Albacete,2008,2,2008-T2,179.6
Albacete,2008,3,2008-T3,171.4
Albacete,2008,4,2008-T4,168.56
Albacete,2009,1,2009-T1,41.7
Albacete,2009,2,2009-T2,57.45
Albacete,2009,3,2009-T3,27.19
Albacete,2009,4,2009-T4,30.26
Albacete,2010,1,2010-T1,18.67
Albacete,2010,2,2010-T2,56.8
Albacete,2010,3,2010-T3,21.29
Albacete,2010,4,2010-T4,32.88
Albacete,2011,1,2011-T1,26.4
Albacete,2011,2,2011-T2,81.01
Albacete,2011,3,2011-T3,21.29
Albacete,2011,4,2011-T4,33.23
Albacete,2012,1,2012-T1,23.14
Albacete,2012,2,2012-T2,23.51
Albacete,2012,3,2012-T3,6.13
Albacete,2012,4,2012-T4,20.5
Albacete,2013,1,2013-T1,19.16
Albacete,2013,2,2013-T2,22.8
Albacete,2013,3,2013-T3,17.67
Albacete,2013,4,2013-T4,12.03
Albacete,2014,1,2014-T1,347.77
Albacete,2014,2,2014-T2,41.55
Albacete,2014,3,2014-T3,34.35
Albacete,2014,4,2014-T4,38.02
Albacete,2015,1,2015-T1,14.26
Albacete,2015,2,2015-T2,56.26
Albacete,2015,3,2015-T3,34.53
Albacete,2015,4,2015-T4,21.41
Albacete,2016,1,2016-T1,83.32
Albacete,2016,2,2016-T2,35.0
Albacete,2016,3,2016-T3,24.3
Albacete,2016,4,2016-T4,67.97
Albacete,2017,1,2017-T1,41.95
Albacete,2017,2,2017-T2,34.37
Albacete,2017,3,2017-T3,45.94
Albacete,2017,4,2017-T4,69.68
Albacete,2018,1,2018-T1,23.98
Albacete,2018,2,2018-T2,38.49
Albacete,2018,3,2018-T3,40.21
Albacete,2018,4,2018-T4,76.13
Albacete,2019,1,2019-T1,14.47
Albacete,2019,2,2019-T2,58.92
Albacete,2019,3,2019-T3,53.34
Albacete,2019,4,2019-T4,29.43
Albacete,2020,1,2020-T1,6.24
Albacete,2020,2,2020-T2,8.81
Albacete,2020,3,2020-T3,45.55
Albacete,2020,4,2020-T4,63.65
Albacete,2021,1,2021-T1,50.35
Albacete,2021,2,2021-T2,48.98
Albacete,2021,3,2021-T3,83.67
Albacete,2021,4,2021-T4,35.13
Albacete,2022,1,2022-T1,128.8
Albacete,2022,2,2022-T2,160.14
Albacete,2022,3,2022-T3,89.03
Albacete,2022,4,2022-T4,22.09
Albacete,2023,1,2023-T1,29.37
Albacete,2023,2,2023-T2,22.87
Albacete,2023,3,2023-T3,20.11
Albacete,2023,4,2023-T4,18.57
Albacete,2024,1,2024-T1,36.33
Albacete,2024,2,2024-T2,12.52
Albacete,2024,3,2024-T3,28.38
Albacete,2024,4,2024-T4,16.05
Albacete,2025,1,2025-T1,22.92
Albacete,2025,2,2025-T2,52.83
Albacete,2025,3,2025-T3,29.32
Albacete,2025,4,2025-T4,24.33
Albacete,2026,1,2026-T1,236.72
Alicante/Alacant,2004,1,2004-T1,1344.2
Alicante/Alacant,2004,2,2004-T2,952.7
Alicante/Alacant,2004,3,2004-T3,707.9
Alicante/Alacant,2004,4,2004-T4,1263.6
Alicante/Alacant,2005,1,2005-T1,639.0
Alicante/Alacant,2005,2,2005-T2,527.4
Alicante/Alacant,2005,3,2005-T3,510.1
Alicante/Alacant,2005,4,2005-T4,379.6
Alicante/Alacant,2006,1,2006-T1,318.0
Alicante/Alacant,2006,2,2006-T2,501.9
Alicante/Alacant,2006,3,2006-T3,322.4
Alicante/Alacant,2006,4,2006-T4,443.9
Alicante/Alacant,2007,1,2007-T1,741.0
Alicante/Alacant,2007,2,2007-T2,839.1
Alicante/Alacant,2007,3,2007-T3,734.9678
Alicante/Alacant,2007,4,2007-T4,396.4
Alicante/Alacant,2008,1,2008-T1,360.2
Alicante/Alacant,2008,2,2008-T2,274.7
Alicante/Alacant,2008,3,2008-T3,426.11
Alicante/Alacant,2008,4,2008-T4,275.12
Alicante/Alacant,2009,1,2009-T1,273.93
Alicante/Alacant,2009,2,2009-T2,273.35
Alicante/Alacant,2009,3,2009-T3,88.07
Alicante/Alacant,2009,4,2009-T4,177.97
Alicante/Alacant,2010,1,2010-T1,127.85
Alicante/Alacant,2010,2,2010-T2,145.58
Alicante/Alacant,2010,3,2010-T3,132.6
Alicante/Alacant,2010,4,2010-T4,207.43
Alicante/Alacant,2011,1,2011-T1,103.22
Alicante/Alacant,2011,2,2011-T2,316.9
Alicante/Alacant,2011,3,2011-T3,194.96
Alicante/Alacant,2011,4,2011-T4,152.76
Alicante/Alacant,2012,1,2012-T1,183.46
Alicante/Alacant,2012,2,2012-T2,161.61
Alicante/Alacant,2012,3,2012-T3,166.69
Alicante/Alacant,2012,4,2012-T4,462.51
Alicante/Alacant,2013,1,2013-T1,141.67
Alicante/Alacant,2013,2,2013-T2,226.09
Alicante/Alacant,2013,3,2013-T3,101.8
Alicante/Alacant,2013,4,2013-T4,198.57
Alicante/Alacant,2014,1,2014-T1,146.28
Alicante/Alacant,2014,2,2014-T2,271.78
Alicante/Alacant,2014,3,2014-T3,231.91
Alicante/Alacant,2014,4,2014-T4,356.81
Alicante/Alacant,2015,1,2015-T1,168.46
Alicante/Alacant,2015,2,2015-T2,239.47
Alicante/Alacant,2015,3,2015-T3,894.29
Alicante/Alacant,2015,4,2015-T4,185.48
Alicante/Alacant,2016,1,2016-T1,301.86
Alicante/Alacant,2016,2,2016-T2,180.72
Alicante/Alacant,2016,3,2016-T3,348.74
Alicante/Alacant,2016,4,2016-T4,385.93
Alicante/Alacant,2017,1,2017-T1,455.34
Alicante/Alacant,2017,2,2017-T2,439.7
Alicante/Alacant,2017,3,2017-T3,250.46
Alicante/Alacant,2017,4,2017-T4,238.89
Alicante/Alacant,2018,1,2018-T1,182.57
Alicante/Alacant,2018,2,2018-T2,677.29
Alicante/Alacant,2018,3,2018-T3,412.83
Alicante/Alacant,2018,4,2018-T4,225.98
Alicante/Alacant,2019,1,2019-T1,202.66
Alicante/Alacant,2019,2,2019-T2,383.48
Alicante/Alacant,2019,3,2019-T3,435.98
Alicante/Alacant,2019,4,2019-T4,304.28
Alicante/Alacant,2020,1,2020-T1,131.41
Alicante/Alacant,2020,2,2020-T2,112.43
Alicante/Alacant,2020,3,2020-T3,150.81
Alicante/Alacant,2020,4,2020-T4,472.74
Alicante/Alacant,2021,1,2021-T1,159.31
Alicante/Alacant,2021,2,2021-T2,212.77
Alicante/Alacant,2021,3,2021-T3,251.02
Alicante/Alacant,2021,4,2021-T4,270.19
Alicante/Alacant,2022,1,2022-T1,309.31
Alicante/Alacant,2022,2,2022-T2,243.94
Alicante/Alacant,2022,3,2022-T3,171.71
Alicante/Alacant,2022,4,2022-T4,190.96
Alicante/Alacant,2023,1,2023-T1,138.83
Alicante/Alacant,2023,2,2023-T2,349.49
Alicante/Alacant,2023,3,2023-T3,232.41
Alicante/Alacant,2023,4,2023-T4,984.82
Alicante/Alacant,2024,1,2024-T1,229.29
Alicante/Alacant,2024,2,2024-T2,246.66
Alicante/Alacant,2024,3,2024-T3,211.43
Alicante/Alacant,2024,4,2024-T4,117.89
Alicante/Alacant,2025,1,2025-T1,233.62
Alicante/Alacant,2025,2,2025-T2,276.22
Alicante/Alacant,2025,3,2025-T3,550.25
Alicante/Alacant,2025,4,2025-T4,518.11
Alicante/Alacant,2026,1,2026-T1,380.15
Almería,2004,1,2004-T1,1074.6
Almería,2004,2,2004-T2,609.8
Almería,2004,3,2004-T3,418.7
Almería,2004,4,2004-T4,303.4
Almería,2005,1,2005-T1,187.8
Almería,2005,2,2005-T2,488.6
Almería,2005,3,2005-T3,179.7
Almería,2005,4,2005-T4,1129.4
Almería,2006,1,2006-T1,269.0
Almería,2006,2,2006-T2,282.6
Almería,2006,3,2006-T3,113.7
Almería,2006,4,2006-T4,284.5
Almería,2007,1,2007-T1,125.7
Almería,2007,2,2007-T2,160.1
Almería,2007,3,2007-T3,317.53270000000003
Almería,2007,4,2007-T4,127.5
Almería,2008,1,2008-T1,133.7
Almería,2008,2,2008-T2,83.3
Almería,2008,3,2008-T3,242.09
Almería,2008,4,2008-T4,174.14
Almería,2009,1,2009-T1,287.14
Almería,2009,2,2009-T2,136.06
Almería,2009,3,2009-T3,131.48
Almería,2009,4,2009-T4,90.07
Almería,2010,1,2010-T1,52.09
Almería,2010,2,2010-T2,127.11
Almería,2010,3,2010-T3,51.42
Almería,2010,4,2010-T4,74.66
Almería,2011,1,2011-T1,59.86
Almería,2011,2,2011-T2,58.42
Almería,2011,3,2011-T3,77.16
Almería,2011,4,2011-T4,76.84
Almería,2012,1,2012-T1,29.01
Almería,2012,2,2012-T2,100.01
Almería,2012,3,2012-T3,46.11
Almería,2012,4,2012-T4,37.58
Almería,2013,1,2013-T1,20.34
Almería,2013,2,2013-T2,55.31
Almería,2013,3,2013-T3,113.17
Almería,2013,4,2013-T4,52.17
Almería,2014,1,2014-T1,54.74
Almería,2014,2,2014-T2,48.4
Almería,2014,3,2014-T3,47.26
Almería,2014,4,2014-T4,61.38
Almería,2015,1,2015-T1,68.82
Almería,2015,2,2015-T2,34.19
Almería,2015,3,2015-T3,47.53
Almería,2015,4,2015-T4,119.05
Almería,2016,1,2016-T1,57.84
Almería,2016,2,2016-T2,35.53
Almería,2016,3,2016-T3,69.46
Almería,2016,4,2016-T4,95.35
Almería,2017,1,2017-T1,34.09
Almería,2017,2,2017-T2,195.83
Almería,2017,3,2017-T3,72.74
Almería,2017,4,2017-T4,79.77
Almería,2018,1,2018-T1,42.25
Almería,2018,2,2018-T2,150.49
Almería,2018,3,2018-T3,51.06
Almería,2018,4,2018-T4,104.15
Almería,2019,1,2019-T1,135.8
Almería,2019,2,2019-T2,35.91
Almería,2019,3,2019-T3,168.35
Almería,2019,4,2019-T4,74.6
Almería,2020,1,2020-T1,11.07
Almería,2020,2,2020-T2,20.85
Almería,2020,3,2020-T3,49.77
Almería,2020,4,2020-T4,112.88
Almería,2021,1,2021-T1,38.82
Almería,2021,2,2021-T2,104.96
Almería,2021,3,2021-T3,145.97
Almería,2021,4,2021-T4,101.96
Almería,2022,1,2022-T1,74.51
Almería,2022,2,2022-T2,110.96
Almería,2022,3,2022-T3,108.92
Almería,2022,4,2022-T4,113.55
Almería,2023,1,2023-T1,68.25
Almería,2023,2,2023-T2,167.22
Almería,2023,3,2023-T3,45.35
Almería,2023,4,2023-T4,150.65
Almería,2024,1,2024-T1,132.86
Almería,2024,2,2024-T2,103.53
Almería,2024,3,2024-T3,393.5
Almería,2024,4,2024-T4,215.24
Almería,2025,1,2025-T1,87.15
Almería,2025,2,2025-T2,179.21
Almería,2025,3,2025-T3,100.98
Almería,2025,4,2025-T4,107.65
Almería,2026,1,2026-T1,92.5
Avila,2004,1,2004-T1,161.2
Avila,2004,2,2004-T2,220.8
Avila,2004,3,2004-T3,77.0
Avila,2004,4,2004-T4,174.2
Avila,2005,1,2005-T1,167.0
Avila,2005,2,2005-T2,269.7
Avila,2005,3,2005-T3,418.6
Avila,2005,4,2005-T4,292.7
Avila,2006,1,2006-T1,68.7
Avila,2006,2,2006-T2,107.1
Avila,2006,3,2006-T3,44.5
Avila,2006,4,2006-T4,77.4
Avila,2007,1,2007-T1,56.2
Avila,2007,2,2007-T2,118.4
Avila,2007,3,2007-T3,66.03939
Avila,2007,4,2007-T4,64.5
Avila,2008,1,2008-T1,90.8
Avila,2008,2,2008-T2,64.7
Avila,2008,3,2008-T3,44.7
Avila,2008,4,2008-T4,141.8
Avila,2009,1,2009-T1,32.64
Avila,2009,2,2009-T2,65.58
Avila,2009,3,2009-T3,33.5
Avila,2009,4,2009-T4,35.8
Avila,2010,1,2010-T1,32.78
Avila,2010,2,2010-T2,58.11
Avila,2010,3,2010-T3,28.61
Avila,2010,4,2010-T4,34.29
Avila,2011,1,2011-T1,64.26
Avila,2011,2,2011-T2,23.71
Avila,2011,3,2011-T3,15.82
Avila,2011,4,2011-T4,34.47
Avila,2012,1,2012-T1,19.07
Avila,2012,2,2012-T2,23.66
Avila,2012,3,2012-T3,19.64
Avila,2012,4,2012-T4,20.83
Avila,2013,1,2013-T1,117.9
Avila,2013,2,2013-T2,9.98
Avila,2013,3,2013-T3,10.34
Avila,2013,4,2013-T4,12.49
Avila,2014,1,2014-T1,10.68
Avila,2014,2,2014-T2,9.03
Avila,2014,3,2014-T3,7.23
Avila,2014,4,2014-T4,18.28
Avila,2015,1,2015-T1,2.18
Avila,2015,2,2015-T2,16.53
Avila,2015,3,2015-T3,5.09
Avila,2015,4,2015-T4,8.44
Avila,2016,1,2016-T1,5.03
Avila,2016,2,2016-T2,19.15
Avila,2016,3,2016-T3,27.84
Avila,2016,4,2016-T4,10.67
Avila,2017,1,2017-T1,32.49
Avila,2017,2,2017-T2,13.96
Avila,2017,3,2017-T3,7.02
Avila,2017,4,2017-T4,21.74
Avila,2018,1,2018-T1,3.33
Avila,2018,2,2018-T2,10.76
Avila,2018,3,2018-T3,22.15
Avila,2018,4,2018-T4,11.93
Avila,2019,1,2019-T1,10.74
Avila,2019,2,2019-T2,2.54
Avila,2019,3,2019-T3,5.11
Avila,2019,4,2019-T4,7.99
Avila,2020,1,2020-T1,6.13
Avila,2020,2,2020-T2,0.15
Avila,2020,3,2020-T3,20.94
Avila,2020,4,2020-T4,21.29
Avila,2021,1,2021-T1,20.59
Avila,2021,2,2021-T2,11.34
Avila,2021,3,2021-T3,28.51
Avila,2021,4,2021-T4,31.9
Avila,2022,1,2022-T1,72.61
Avila,2022,2,2022-T2,19.95
Avila,2022,3,2022-T3,20.77
Avila,2022,4,2022-T4,31.49
Avila,2023,1,2023-T1,19.9
Avila,2023,2,2023-T2,17.78
Avila,2023,3,2023-T3,17.11
Avila,2023,4,2023-T4,46.04
Avila,2024,1,2024-T1,18.31
Avila,2024,2,2024-T2,18.0
Avila,2024,3,2024-T3,36.8
Avila,2024,4,2024-T4,16.04
Avila,2025,1,2025-T1,171.89
Avila,2025,2,2025-T2,55.76
Avila,2025,3,2025-T3,266.79
Avila,2025,4,2025-T4,52.68
Avila,2026,1,2026-T1,42.33
Badajoz,2004,1,2004-T1,367.1
Badajoz,2004,2,2004-T2,229.0
Badajoz,2004,3,2004-T3,262.6
Badajoz,2004,4,2004-T4,323.1
Badajoz,2005,1,2005-T1,249.1
Badajoz,2005,2,2005-T2,424.5
Badajoz,2005,3,2005-T3,233.6
Badajoz,2005,4,2005-T4,196.1
Badajoz,2006,1,2006-T1,215.9
Badajoz,2006,2,2006-T2,288.2
Badajoz,2006,3,2006-T3,92.5
Badajoz,2006,4,2006-T4,234.7
Badajoz,2007,1,2007-T1,301.8
Badajoz,2007,2,2007-T2,93.9
Badajoz,2007,3,2007-T3,141.82767
Badajoz,2007,4,2007-T4,193.4
Badajoz,2008,1,2008-T1,253.1
Badajoz,2008,2,2008-T2,105.6
Badajoz,2008,3,2008-T3,373.14
Badajoz,2008,4,2008-T4,121.23
Badajoz,2009,1,2009-T1,397.31
Badajoz,2009,2,2009-T2,200.67
Badajoz,2009,3,2009-T3,36.18
Badajoz,2009,4,2009-T4,138.22
Badajoz,2010,1,2010-T1,97.4
Badajoz,2010,2,2010-T2,101.95
Badajoz,2010,3,2010-T3,71.27
Badajoz,2010,4,2010-T4,99.15
Badajoz,2011,1,2011-T1,383.68
Badajoz,2011,2,2011-T2,226.54
Badajoz,2011,3,2011-T3,74.86
Badajoz,2011,4,2011-T4,48.35
Badajoz,2012,1,2012-T1,67.39
Badajoz,2012,2,2012-T2,69.24
Badajoz,2012,3,2012-T3,39.02
Badajoz,2012,4,2012-T4,64.68
Badajoz,2013,1,2013-T1,22.8
Badajoz,2013,2,2013-T2,40.32
Badajoz,2013,3,2013-T3,73.63
Badajoz,2013,4,2013-T4,54.21
Badajoz,2014,1,2014-T1,170.43
Badajoz,2014,2,2014-T2,39.9
Badajoz,2014,3,2014-T3,55.98
Badajoz,2014,4,2014-T4,43.99
Badajoz,2015,1,2015-T1,46.72
Badajoz,2015,2,2015-T2,55.79
Badajoz,2015,3,2015-T3,71.26
Badajoz,2015,4,2015-T4,101.9
Badajoz,2016,1,2016-T1,52.44
Badajoz,2016,2,2016-T2,75.83
Badajoz,2016,3,2016-T3,70.78
Badajoz,2016,4,2016-T4,43.19
Badajoz,2017,1,2017-T1,50.41
Badajoz,2017,2,2017-T2,65.08
Badajoz,2017,3,2017-T3,75.89
Badajoz,2017,4,2017-T4,131.54
Badajoz,2018,1,2018-T1,46.56
Badajoz,2018,2,2018-T2,58.38
Badajoz,2018,3,2018-T3,65.32
Badajoz,2018,4,2018-T4,76.81
Badajoz,2019,1,2019-T1,74.77
Badajoz,2019,2,2019-T2,66.23
Badajoz,2019,3,2019-T3,51.61
Badajoz,2019,4,2019-T4,54.69
Badajoz,2020,1,2020-T1,41.69
Badajoz,2020,2,2020-T2,29.71
Badajoz,2020,3,2020-T3,66.73
Badajoz,2020,4,2020-T4,97.47
Badajoz,2021,1,2021-T1,93.1
Badajoz,2021,2,2021-T2,116.62
Badajoz,2021,3,2021-T3,86.99
Badajoz,2021,4,2021-T4,133.14
Badajoz,2022,1,2022-T1,145.24
Badajoz,2022,2,2022-T2,73.79
Badajoz,2022,3,2022-T3,48.56
Badajoz,2022,4,2022-T4,91.23
Badajoz,2023,1,2023-T1,56.5
Badajoz,2023,2,2023-T2,83.62
Badajoz,2023,3,2023-T3,48.1
Badajoz,2023,4,2023-T4,97.76
Badajoz,2024,1,2024-T1,88.59
Badajoz,2024,2,2024-T2,89.48
Badajoz,2024,3,2024-T3,62.6
Badajoz,2024,4,2024-T4,60.71
Badajoz,2025,1,2025-T1,72.57
Badajoz,2025,2,2025-T2,66.03
Badajoz,2025,3,2025-T3,72.02
Badajoz,2025,4,2025-T4,84.27
Badajoz,2026,1,2026-T1,88.06
Barcelona,2004,1,2004-T1,3505.9
Barcelona,2004,2,2004-T2,3240.8
Barcelona,2004,3,2004-T3,3543.2
Barcelona,2004,4,2004-T4,3887.6
Barcelona,2005,1,2005-T1,3328.3
Barcelona,2005,2,2005-T2,3175.7
Barcelona,2005,3,2005-T3,3262.1
Barcelona,2005,4,2005-T4,2417.6
Barcelona,2006,1,2006-T1,2213.1
Barcelona,2006,2,2006-T2,2393.1
Barcelona,2006,3,2006-T3,1968.6
Barcelona,2006,4,2006-T4,1896.0
Barcelona,2007,1,2007-T1,1583.6
Barcelona,2007,2,2007-T2,3095.0
Barcelona,2007,3,2007-T3,1402.63784
Barcelona,2007,4,2007-T4,1436.0
Barcelona,2008,1,2008-T1,1376.7
Barcelona,2008,2,2008-T2,999.0
Barcelona,2008,3,2008-T3,2069.06
Barcelona,2008,4,2008-T4,834.37
Barcelona,2009,1,2009-T1,522.63
Barcelona,2009,2,2009-T2,654.34
Barcelona,2009,3,2009-T3,447.13
Barcelona,2009,4,2009-T4,588.98
Barcelona,2010,1,2010-T1,506.51
Barcelona,2010,2,2010-T2,511.67
Barcelona,2010,3,2010-T3,292.74
Barcelona,2010,4,2010-T4,334.03
Barcelona,2011,1,2011-T1,940.43
Barcelona,2011,2,2011-T2,412.32
Barcelona,2011,3,2011-T3,965.33
Barcelona,2011,4,2011-T4,576.97
Barcelona,2012,1,2012-T1,776.86
Barcelona,2012,2,2012-T2,811.59
Barcelona,2012,3,2012-T3,271.33
Barcelona,2012,4,2012-T4,277.53
Barcelona,2013,1,2013-T1,348.12
Barcelona,2013,2,2013-T2,350.11
Barcelona,2013,3,2013-T3,911.08
Barcelona,2013,4,2013-T4,735.38
Barcelona,2014,1,2014-T1,504.39
Barcelona,2014,2,2014-T2,326.08
Barcelona,2014,3,2014-T3,352.72
Barcelona,2014,4,2014-T4,1735.03
Barcelona,2015,1,2015-T1,393.92
Barcelona,2015,2,2015-T2,495.1
Barcelona,2015,3,2015-T3,558.94
Barcelona,2015,4,2015-T4,465.09
Barcelona,2016,1,2016-T1,452.63
Barcelona,2016,2,2016-T2,570.82
Barcelona,2016,3,2016-T3,498.94
Barcelona,2016,4,2016-T4,998.41
Barcelona,2017,1,2017-T1,784.74
Barcelona,2017,2,2017-T2,936.68
Barcelona,2017,3,2017-T3,525.23
Barcelona,2017,4,2017-T4,715.32
Barcelona,2018,1,2018-T1,752.12
Barcelona,2018,2,2018-T2,900.6
Barcelona,2018,3,2018-T3,625.09
Barcelona,2018,4,2018-T4,731.85
Barcelona,2019,1,2019-T1,425.77
Barcelona,2019,2,2019-T2,331.58
Barcelona,2019,3,2019-T3,627.13
Barcelona,2019,4,2019-T4,554.1
Barcelona,2020,1,2020-T1,300.71
Barcelona,2020,2,2020-T2,270.51
Barcelona,2020,3,2020-T3,494.65
Barcelona,2020,4,2020-T4,948.63
Barcelona,2021,1,2021-T1,1071.5
Barcelona,2021,2,2021-T2,964.94
Barcelona,2021,3,2021-T3,848.47
Barcelona,2021,4,2021-T4,1039.76
Barcelona,2022,1,2022-T1,875.93
Barcelona,2022,2,2022-T2,924.14
Barcelona,2022,3,2022-T3,470.94
Barcelona,2022,4,2022-T4,598.89
Barcelona,2023,1,2023-T1,532.83
Barcelona,2023,2,2023-T2,883.01
Barcelona,2023,3,2023-T3,455.58
Barcelona,2023,4,2023-T4,685.28
Barcelona,2024,1,2024-T1,452.07
Barcelona,2024,2,2024-T2,876.1
Barcelona,2024,3,2024-T3,685.39
Barcelona,2024,4,2024-T4,387.39
Barcelona,2025,1,2025-T1,914.01
Barcelona,2025,2,2025-T2,651.81
Barcelona,2025,3,2025-T3,616.72
Barcelona,2025,4,2025-T4,1172.21
Barcelona,2026,1,2026-T1,733.52
Burgos,2004,1,2004-T1,293.2
Burgos,2004,2,2004-T2,253.9
Burgos,2004,3,2004-T3,450.7
Burgos,2004,4,2004-T4,364.3
Burgos,2005,1,2005-T1,251.7
Burgos,2005,2,2005-T2,208.5
Burgos,2005,3,2005-T3,255.1
Burgos,2005,4,2005-T4,186.3
Burgos,2006,1,2006-T1,350.0
Burgos,2006,2,2006-T2,127.4
Burgos,2006,3,2006-T3,229.0
Burgos,2006,4,2006-T4,315.7
Burgos,2007,1,2007-T1,212.8
Burgos,2007,2,2007-T2,271.5
Burgos,2007,3,2007-T3,113.65423
Burgos,2007,4,2007-T4,194.5
Burgos,2008,1,2008-T1,97.4
Burgos,2008,2,2008-T2,98.5
Burgos,2008,3,2008-T3,52.85
Burgos,2008,4,2008-T4,55.51
Burgos,2009,1,2009-T1,66.17
Burgos,2009,2,2009-T2,36.04
Burgos,2009,3,2009-T3,43.36
Burgos,2009,4,2009-T4,57.14
Burgos,2010,1,2010-T1,45.82
Burgos,2010,2,2010-T2,42.46
Burgos,2010,3,2010-T3,251.77
Burgos,2010,4,2010-T4,70.7
Burgos,2011,1,2011-T1,60.9
Burgos,2011,2,2011-T2,51.92
Burgos,2011,3,2011-T3,98.56
Burgos,2011,4,2011-T4,85.42
Burgos,2012,1,2012-T1,105.38
Burgos,2012,2,2012-T2,117.36
Burgos,2012,3,2012-T3,67.13
Burgos,2012,4,2012-T4,22.98
Burgos,2013,1,2013-T1,156.72
Burgos,2013,2,2013-T2,182.15
Burgos,2013,3,2013-T3,33.4
Burgos,2013,4,2013-T4,63.21
Burgos,2014,1,2014-T1,45.68
Burgos,2014,2,2014-T2,32.62
Burgos,2014,3,2014-T3,113.81
Burgos,2014,4,2014-T4,62.8
Burgos,2015,1,2015-T1,66.84
Burgos,2015,2,2015-T2,146.97
Burgos,2015,3,2015-T3,55.93
Burgos,2015,4,2015-T4,127.82
Burgos,2016,1,2016-T1,122.3
Burgos,2016,2,2016-T2,39.03
Burgos,2016,3,2016-T3,32.62
Burgos,2016,4,2016-T4,44.14
Burgos,2017,1,2017-T1,20.27
Burgos,2017,2,2017-T2,67.75
Burgos,2017,3,2017-T3,78.09
Burgos,2017,4,2017-T4,65.38
Burgos,2018,1,2018-T1,134.12
Burgos,2018,2,2018-T2,423.85
Burgos,2018,3,2018-T3,109.46
Burgos,2018,4,2018-T4,136.74
Burgos,2019,1,2019-T1,49.36
Burgos,2019,2,2019-T2,16.53
Burgos,2019,3,2019-T3,52.7
Burgos,2019,4,2019-T4,20.93
Burgos,2020,1,2020-T1,16.57
Burgos,2020,2,2020-T2,14.39
Burgos,2020,3,2020-T3,50.25
Burgos,2020,4,2020-T4,77.43
Burgos,2021,1,2021-T1,62.6
Burgos,2021,2,2021-T2,136.83
Burgos,2021,3,2021-T3,104.18
Burgos,2021,4,2021-T4,118.95
Burgos,2022,1,2022-T1,60.89
Burgos,2022,2,2022-T2,184.42
Burgos,2022,3,2022-T3,74.46
Burgos,2022,4,2022-T4,68.11
Burgos,2023,1,2023-T1,61.63
Burgos,2023,2,2023-T2,348.95
Burgos,2023,3,2023-T3,68.71
Burgos,2023,4,2023-T4,82.64
Burgos,2024,1,2024-T1,79.47
Burgos,2024,2,2024-T2,57.07
Burgos,2024,3,2024-T3,55.25
Burgos,2024,4,2024-T4,55.02
Burgos,2025,1,2025-T1,56.46
Burgos,2025,2,2025-T2,88.84
Burgos,2025,3,2025-T3,106.6
Burgos,2025,4,2025-T4,101.01
Burgos,2026,1,2026-T1,110.56
Castellón/Castelló,2004,1,2004-T1,331.7
Castellón/Castelló,2004,2,2004-T2,212.8
Castellón/Castelló,2004,3,2004-T3,328.6
Castellón/Castelló,2004,4,2004-T4,370.2
Castellón/Castelló,2005,1,2005-T1,178.4
Castellón/Castelló,2005,2,2005-T2,378.3
Castellón/Castelló,2005,3,2005-T3,252.4
Castellón/Castelló,2005,4,2005-T4,327.0
Castellón/Castelló,2006,1,2006-T1,384.6
Castellón/Castelló,2006,2,2006-T2,372.9
Castellón/Castelló,2006,3,2006-T3,219.6
Castellón/Castelló,2006,4,2006-T4,214.4
Castellón/Castelló,2007,1,2007-T1,152.1
Castellón/Castelló,2007,2,2007-T2,100.9
Castellón/Castelló,2007,3,2007-T3,117.0727
Castellón/Castelló,2007,4,2007-T4,240.9
Castellón/Castelló,2008,1,2008-T1,163.0
Castellón/Castelló,2008,2,2008-T2,125.6
Castellón/Castelló,2008,3,2008-T3,129.66
Castellón/Castelló,2008,4,2008-T4,85.9
Castellón/Castelló,2009,1,2009-T1,62.28
Castellón/Castelló,2009,2,2009-T2,86.74
Castellón/Castelló,2009,3,2009-T3,218.63
Castellón/Castelló,2009,4,2009-T4,81.9
Castellón/Castelló,2010,1,2010-T1,67.92
Castellón/Castelló,2010,2,2010-T2,66.3
Castellón/Castelló,2010,3,2010-T3,133.89
Castellón/Castelló,2010,4,2010-T4,121.25
Castellón/Castelló,2011,1,2011-T1,92.22
Castellón/Castelló,2011,2,2011-T2,39.95
Castellón/Castelló,2011,3,2011-T3,80.24
Castellón/Castelló,2011,4,2011-T4,44.63
Castellón/Castelló,2012,1,2012-T1,134.84
Castellón/Castelló,2012,2,2012-T2,46.15
Castellón/Castelló,2012,3,2012-T3,102.27
Castellón/Castelló,2012,4,2012-T4,21.31
Castellón/Castelló,2013,1,2013-T1,26.73
Castellón/Castelló,2013,2,2013-T2,85.37
Castellón/Castelló,2013,3,2013-T3,39.38
Castellón/Castelló,2013,4,2013-T4,59.17
Castellón/Castelló,2014,1,2014-T1,61.38
Castellón/Castelló,2014,2,2014-T2,55.85
Castellón/Castelló,2014,3,2014-T3,43.62
Castellón/Castelló,2014,4,2014-T4,87.85
Castellón/Castelló,2015,1,2015-T1,172.98
Castellón/Castelló,2015,2,2015-T2,19.57
Castellón/Castelló,2015,3,2015-T3,161.48
Castellón/Castelló,2015,4,2015-T4,70.54
Castellón/Castelló,2016,1,2016-T1,105.05
Castellón/Castelló,2016,2,2016-T2,105.5
Castellón/Castelló,2016,3,2016-T3,81.55
Castellón/Castelló,2016,4,2016-T4,69.62
Castellón/Castelló,2017,1,2017-T1,50.73
Castellón/Castelló,2017,2,2017-T2,38.14
Castellón/Castelló,2017,3,2017-T3,157.2
Castellón/Castelló,2017,4,2017-T4,90.24
Castellón/Castelló,2018,1,2018-T1,71.35
Castellón/Castelló,2018,2,2018-T2,146.35
Castellón/Castelló,2018,3,2018-T3,106.01
Castellón/Castelló,2018,4,2018-T4,227.45
Castellón/Castelló,2019,1,2019-T1,36.32
Castellón/Castelló,2019,2,2019-T2,101.25
Castellón/Castelló,2019,3,2019-T3,13.1
Castellón/Castelló,2019,4,2019-T4,58.75
Castellón/Castelló,2020,1,2020-T1,24.13
Castellón/Castelló,2020,2,2020-T2,42.86
Castellón/Castelló,2020,3,2020-T3,131.03
Castellón/Castelló,2020,4,2020-T4,534.82
Castellón/Castelló,2021,1,2021-T1,140.61
Castellón/Castelló,2021,2,2021-T2,72.13
Castellón/Castelló,2021,3,2021-T3,221.7
Castellón/Castelló,2021,4,2021-T4,123.53
Castellón/Castelló,2022,1,2022-T1,136.13
Castellón/Castelló,2022,2,2022-T2,67.94
Castellón/Castelló,2022,3,2022-T3,49.38
Castellón/Castelló,2022,4,2022-T4,108.99
Castellón/Castelló,2023,1,2023-T1,67.66
Castellón/Castelló,2023,2,2023-T2,79.92
Castellón/Castelló,2023,3,2023-T3,52.5
Castellón/Castelló,2023,4,2023-T4,117.82
Castellón/Castelló,2024,1,2024-T1,85.43
Castellón/Castelló,2024,2,2024-T2,115.88
Castellón/Castelló,2024,3,2024-T3,246.95
Castellón/Castelló,2024,4,2024-T4,46.26
Castellón/Castelló,2025,1,2025-T1,42.96
Castellón/Castelló,2025,2,2025-T2,167.0
Castellón/Castelló,2025,3,2025-T3,229.27
Castellón/Castelló,2025,4,2025-T4,193.4
Castellón/Castelló,2026,1,2026-T1,104.89
Ceuta,2004,1,2004-T1,0.7
Ceuta,2004,2,2004-T2,1.5
Ceuta,2004,3,2004-T3,27.1
Ceuta,2004,4,2004-T4,7.9
Ceuta,2005,1,2005-T1,0.7
Ceuta,2005,2,2005-T2,3.4
Ceuta,2005,3,2005-T3,2.9
Ceuta,2005,4,2005-T4,6.9
Ceuta,2006,1,2006-T1,16.2
Ceuta,2006,2,2006-T2,1.7
Ceuta,2006,3,2006-T3,0.7
Ceuta,2006,4,2006-T4,0.0
Ceuta,2007,1,2007-T1,1.7
Ceuta,2007,2,2007-T2,0.3
Ceuta,2007,3,2007-T3,0.0
Ceuta,2007,4,2007-T4,1.8
Ceuta,2008,1,2008-T1,0.0
Ceuta,2008,2,2008-T2,0.5
Ceuta,2008,3,2008-T3,0.79
Ceuta,2008,4,2008-T4,2.07
Ceuta,2009,1,2009-T1,3.0
Ceuta,2009,2,2009-T2,0.35
Ceuta,2009,3,2009-T3,0.62
Ceuta,2009,4,2009-T4,0.25
Ceuta,2010,1,2010-T1,0.24
Ceuta,2010,2,2010-T2,0.35
Ceuta,2010,3,2010-T3,8.77
Ceuta,2010,4,2010-T4,1.49
Ceuta,2011,1,2011-T1,0.35
Ceuta,2011,2,2011-T2,0.0
Ceuta,2011,3,2011-T3,0.0
Ceuta,2011,4,2011-T4,0.34
Ceuta,2012,1,2012-T1,0.0
Ceuta,2012,2,2012-T2,0.51
Ceuta,2012,3,2012-T3,0.22
Ceuta,2012,4,2012-T4,0.8
Ceuta,2013,1,2013-T1,1.61
Ceuta,2013,2,2013-T2,0.86
Ceuta,2013,3,2013-T3,0.5
Ceuta,2013,4,2013-T4,24.06
Ceuta,2014,1,2014-T1,0.0
Ceuta,2014,2,2014-T2,1.25
Ceuta,2014,3,2014-T3,0.0
Ceuta,2014,4,2014-T4,0.0
Ceuta,2015,1,2015-T1,49.74
Ceuta,2015,2,2015-T2,0.0
Ceuta,2015,3,2015-T3,0.0
Ceuta,2015,4,2015-T4,0.39
Ceuta,2016,1,2016-T1,0.0
Ceuta,2016,2,2016-T2,0.0
Ceuta,2016,3,2016-T3,1.6
Ceuta,2016,4,2016-T4,0.0
Ceuta,2017,1,2017-T1,0.58
Ceuta,2017,2,2017-T2,1.62
Ceuta,2017,3,2017-T3,0.0
Ceuta,2017,4,2017-T4,0.0
Ceuta,2018,1,2018-T1,0.0
Ceuta,2018,2,2018-T2,0.0
Ceuta,2018,3,2018-T3,0.73
Ceuta,2018,4,2018-T4,0.14
Ceuta,2019,1,2019-T1,0.0
Ceuta,2019,2,2019-T2,0.0
Ceuta,2019,3,2019-T3,0.0
Ceuta,2019,4,2019-T4,0.0
Ceuta,2020,1,2020-T1,0.66
Ceuta,2020,2,2020-T2,0.0
Ceuta,2020,3,2020-T3,0.0
Ceuta,2020,4,2020-T4,0.0
Ceuta,2021,1,2021-T1,0.0
Ceuta,2021,2,2021-T2,0.03
Ceuta,2021,3,2021-T3,0.0
Ceuta,2021,4,2021-T4,2.63
Ceuta,2022,1,2022-T1,0.48
Ceuta,2022,2,2022-T2,0.06
Ceuta,2022,3,2022-T3,0.0
Ceuta,2022,4,2022-T4,0.0
Ceuta,2023,1,2023-T1,0.0
Ceuta,2023,2,2023-T2,0.0
Ceuta,2023,3,2023-T3,0.0
Ceuta,2023,4,2023-T4,0.29
Ceuta,2024,1,2024-T1,0.04
Ceuta,2024,2,2024-T2,0.04
Ceuta,2024,3,2024-T3,0.03
Ceuta,2024,4,2024-T4,0.0
Ceuta,2025,1,2025-T1,0.0
Ceuta,2025,2,2025-T2,0.0
Ceuta,2025,3,2025-T3,0.0
Ceuta,2025,4,2025-T4,4.14
Ceuta,2026,1,2026-T1,0.0
Ciudad Real,2004,1,2004-T1,224.9
Ciudad Real,2004,2,2004-T2,253.0
Ciudad Real,2004,3,2004-T3,183.8
Ciudad Real,2004,4,2004-T4,221.9
Ciudad Real,2005,1,2005-T1,260.9
Ciudad Real,2005,2,2005-T2,219.6
Ciudad Real,2005,3,2005-T3,173.7
Ciudad Real,2005,4,2005-T4,111.2
Ciudad Real,2006,1,2006-T1,330.7
Ciudad Real,2006,2,2006-T2,159.4
Ciudad Real,2006,3,2006-T3,222.9
Ciudad Real,2006,4,2006-T4,214.0
Ciudad Real,2007,1,2007-T1,255.7
Ciudad Real,2007,2,2007-T2,206.2
Ciudad Real,2007,3,2007-T3,117.37203
Ciudad Real,2007,4,2007-T4,97.2
Ciudad Real,2008,1,2008-T1,73.7
Ciudad Real,2008,2,2008-T2,170.5
Ciudad Real,2008,3,2008-T3,135.23
Ciudad Real,2008,4,2008-T4,151.11
Ciudad Real,2009,1,2009-T1,103.28
Ciudad Real,2009,2,2009-T2,148.73
Ciudad Real,2009,3,2009-T3,51.39
Ciudad Real,2009,4,2009-T4,175.52
Ciudad Real,2010,1,2010-T1,47.57
Ciudad Real,2010,2,2010-T2,169.1
Ciudad Real,2010,3,2010-T3,70.5
Ciudad Real,2010,4,2010-T4,194.16
Ciudad Real,2011,1,2011-T1,57.82
Ciudad Real,2011,2,2011-T2,88.03
Ciudad Real,2011,3,2011-T3,58.98
Ciudad Real,2011,4,2011-T4,46.02
Ciudad Real,2012,1,2012-T1,56.58
Ciudad Real,2012,2,2012-T2,38.76
Ciudad Real,2012,3,2012-T3,159.21
Ciudad Real,2012,4,2012-T4,53.42
Ciudad Real,2013,1,2013-T1,70.33
Ciudad Real,2013,2,2013-T2,41.06
Ciudad Real,2013,3,2013-T3,67.5
Ciudad Real,2013,4,2013-T4,105.79
Ciudad Real,2014,1,2014-T1,29.16
Ciudad Real,2014,2,2014-T2,39.45
Ciudad Real,2014,3,2014-T3,52.27
Ciudad Real,2014,4,2014-T4,77.79
Ciudad Real,2015,1,2015-T1,53.39
Ciudad Real,2015,2,2015-T2,37.76
Ciudad Real,2015,3,2015-T3,44.32
Ciudad Real,2015,4,2015-T4,74.21
Ciudad Real,2016,1,2016-T1,59.57
Ciudad Real,2016,2,2016-T2,47.28
Ciudad Real,2016,3,2016-T3,35.07
Ciudad Real,2016,4,2016-T4,42.76
Ciudad Real,2017,1,2017-T1,139.07
Ciudad Real,2017,2,2017-T2,41.65
Ciudad Real,2017,3,2017-T3,35.29
Ciudad Real,2017,4,2017-T4,104.74
Ciudad Real,2018,1,2018-T1,45.78
Ciudad Real,2018,2,2018-T2,46.95
Ciudad Real,2018,3,2018-T3,49.15
Ciudad Real,2018,4,2018-T4,79.68
Ciudad Real,2019,1,2019-T1,52.13
Ciudad Real,2019,2,2019-T2,47.08
Ciudad Real,2019,3,2019-T3,57.45
Ciudad Real,2019,4,2019-T4,82.23
Ciudad Real,2020,1,2020-T1,17.59
Ciudad Real,2020,2,2020-T2,53.58
Ciudad Real,2020,3,2020-T3,46.01
Ciudad Real,2020,4,2020-T4,56.93
Ciudad Real,2021,1,2021-T1,44.36
Ciudad Real,2021,2,2021-T2,57.57
Ciudad Real,2021,3,2021-T3,77.08
Ciudad Real,2021,4,2021-T4,142.78
Ciudad Real,2022,1,2022-T1,81.42
Ciudad Real,2022,2,2022-T2,81.02
Ciudad Real,2022,3,2022-T3,39.11
Ciudad Real,2022,4,2022-T4,51.13
Ciudad Real,2023,1,2023-T1,46.49
Ciudad Real,2023,2,2023-T2,40.96
Ciudad Real,2023,3,2023-T3,25.44
Ciudad Real,2023,4,2023-T4,79.78
Ciudad Real,2024,1,2024-T1,40.64
Ciudad Real,2024,2,2024-T2,70.22
Ciudad Real,2024,3,2024-T3,63.73
Ciudad Real,2024,4,2024-T4,35.81
Ciudad Real,2025,1,2025-T1,57.63
Ciudad Real,2025,2,2025-T2,82.2
Ciudad Real,2025,3,2025-T3,91.02
Ciudad Real,2025,4,2025-T4,121.39
Ciudad Real,2026,1,2026-T1,69.33
Coruña (A),2004,1,2004-T1,205.8
Coruña (A),2004,2,2004-T2,372.9
Coruña (A),2004,3,2004-T3,233.6
Coruña (A),2004,4,2004-T4,250.4
Coruña (A),2005,1,2005-T1,272.0
Coruña (A),2005,2,2005-T2,441.3
Coruña (A),2005,3,2005-T3,432.2
Coruña (A),2005,4,2005-T4,252.5
Coruña (A),2006,1,2006-T1,202.0
Coruña (A),2006,2,2006-T2,243.8
Coruña (A),2006,3,2006-T3,157.9
Coruña (A),2006,4,2006-T4,244.6
Coruña (A),2007,1,2007-T1,161.7
Coruña (A),2007,2,2007-T2,174.0
Coruña (A),2007,3,2007-T3,160.28525
Coruña (A),2007,4,2007-T4,122.0
Coruña (A),2008,1,2008-T1,124.6
Coruña (A),2008,2,2008-T2,159.6
Coruña (A),2008,3,2008-T3,86.66
Coruña (A),2008,4,2008-T4,269.59
Coruña (A),2009,1,2009-T1,407.39
Coruña (A),2009,2,2009-T2,132.48
Coruña (A),2009,3,2009-T3,82.17
Coruña (A),2009,4,2009-T4,79.03
Coruña (A),2010,1,2010-T1,66.74
Coruña (A),2010,2,2010-T2,74.87
Coruña (A),2010,3,2010-T3,61.95
Coruña (A),2010,4,2010-T4,75.54
Coruña (A),2011,1,2011-T1,40.97
Coruña (A),2011,2,2011-T2,46.79
Coruña (A),2011,3,2011-T3,53.37
Coruña (A),2011,4,2011-T4,105.19
Coruña (A),2012,1,2012-T1,55.94
Coruña (A),2012,2,2012-T2,42.75
Coruña (A),2012,3,2012-T3,40.11
Coruña (A),2012,4,2012-T4,49.38
Coruña (A),2013,1,2013-T1,30.89
Coruña (A),2013,2,2013-T2,33.51
Coruña (A),2013,3,2013-T3,42.3
Coruña (A),2013,4,2013-T4,75.11
Coruña (A),2014,1,2014-T1,31.43
Coruña (A),2014,2,2014-T2,78.25
Coruña (A),2014,3,2014-T3,18.59
Coruña (A),2014,4,2014-T4,68.27
Coruña (A),2015,1,2015-T1,39.59
Coruña (A),2015,2,2015-T2,90.72
Coruña (A),2015,3,2015-T3,62.46
Coruña (A),2015,4,2015-T4,45.91
Coruña (A),2016,1,2016-T1,22.36
Coruña (A),2016,2,2016-T2,28.49
Coruña (A),2016,3,2016-T3,30.93
Coruña (A),2016,4,2016-T4,26.49
Coruña (A),2017,1,2017-T1,51.62
Coruña (A),2017,2,2017-T2,85.34
Coruña (A),2017,3,2017-T3,31.07
Coruña (A),2017,4,2017-T4,46.55
Coruña (A),2018,1,2018-T1,65.63
Coruña (A),2018,2,2018-T2,68.45
Coruña (A),2018,3,2018-T3,43.49
Coruña (A),2018,4,2018-T4,112.72
Coruña (A),2019,1,2019-T1,49.1
Coruña (A),2019,2,2019-T2,56.97
Coruña (A),2019,3,2019-T3,68.54
Coruña (A),2019,4,2019-T4,40.06
Coruña (A),2020,1,2020-T1,14.29
Coruña (A),2020,2,2020-T2,29.33
Coruña (A),2020,3,2020-T3,38.69
Coruña (A),2020,4,2020-T4,76.11
Coruña (A),2021,1,2021-T1,50.78
Coruña (A),2021,2,2021-T2,170.42
Coruña (A),2021,3,2021-T3,53.15
Coruña (A),2021,4,2021-T4,115.08
Coruña (A),2022,1,2022-T1,112.67
Coruña (A),2022,2,2022-T2,41.2
Coruña (A),2022,3,2022-T3,62.03
Coruña (A),2022,4,2022-T4,81.21
Coruña (A),2023,1,2023-T1,33.09
Coruña (A),2023,2,2023-T2,55.58
Coruña (A),2023,3,2023-T3,53.88
Coruña (A),2023,4,2023-T4,53.68
Coruña (A),2024,1,2024-T1,61.59
Coruña (A),2024,2,2024-T2,72.62
Coruña (A),2024,3,2024-T3,96.75
Coruña (A),2024,4,2024-T4,48.18
Coruña (A),2025,1,2025-T1,64.87
Coruña (A),2025,2,2025-T2,64.11
Coruña (A),2025,3,2025-T3,115.43
Coruña (A),2025,4,2025-T4,113.8
Coruña (A),2026,1,2026-T1,66.59
Cuenca,2004,1,2004-T1,124.7
Cuenca,2004,2,2004-T2,72.0
Cuenca,2004,3,2004-T3,107.5
Cuenca,2004,4,2004-T4,136.7
Cuenca,2005,1,2005-T1,97.4
Cuenca,2005,2,2005-T2,125.9
Cuenca,2005,3,2005-T3,72.8
Cuenca,2005,4,2005-T4,104.0
Cuenca,2006,1,2006-T1,140.6
Cuenca,2006,2,2006-T2,32.2
Cuenca,2006,3,2006-T3,56.5
Cuenca,2006,4,2006-T4,68.7
Cuenca,2007,1,2007-T1,37.6
Cuenca,2007,2,2007-T2,122.3
Cuenca,2007,3,2007-T3,344.22081
Cuenca,2007,4,2007-T4,223.4
Cuenca,2008,1,2008-T1,229.9
Cuenca,2008,2,2008-T2,102.8
Cuenca,2008,3,2008-T3,54.63
Cuenca,2008,4,2008-T4,101.79
Cuenca,2009,1,2009-T1,52.28
Cuenca,2009,2,2009-T2,44.49
Cuenca,2009,3,2009-T3,51.24
Cuenca,2009,4,2009-T4,64.96
Cuenca,2010,1,2010-T1,40.71
Cuenca,2010,2,2010-T2,41.19
Cuenca,2010,3,2010-T3,21.99
Cuenca,2010,4,2010-T4,31.63
Cuenca,2011,1,2011-T1,36.32
Cuenca,2011,2,2011-T2,38.99
Cuenca,2011,3,2011-T3,33.81
Cuenca,2011,4,2011-T4,24.57
Cuenca,2012,1,2012-T1,25.32
Cuenca,2012,2,2012-T2,14.09
Cuenca,2012,3,2012-T3,9.68
Cuenca,2012,4,2012-T4,61.53
Cuenca,2013,1,2013-T1,25.01
Cuenca,2013,2,2013-T2,13.04
Cuenca,2013,3,2013-T3,26.24
Cuenca,2013,4,2013-T4,12.15
Cuenca,2014,1,2014-T1,8.91
Cuenca,2014,2,2014-T2,7.15
Cuenca,2014,3,2014-T3,18.8
Cuenca,2014,4,2014-T4,18.14
Cuenca,2015,1,2015-T1,26.89
Cuenca,2015,2,2015-T2,23.56
Cuenca,2015,3,2015-T3,15.96
Cuenca,2015,4,2015-T4,25.97
Cuenca,2016,1,2016-T1,22.94
Cuenca,2016,2,2016-T2,12.82
Cuenca,2016,3,2016-T3,14.07
Cuenca,2016,4,2016-T4,26.84
Cuenca,2017,1,2017-T1,13.17
Cuenca,2017,2,2017-T2,39.21
Cuenca,2017,3,2017-T3,23.31
Cuenca,2017,4,2017-T4,14.29
Cuenca,2018,1,2018-T1,22.02
Cuenca,2018,2,2018-T2,6.82
Cuenca,2018,3,2018-T3,12.96
Cuenca,2018,4,2018-T4,18.02
Cuenca,2019,1,2019-T1,12.94
Cuenca,2019,2,2019-T2,18.26
Cuenca,2019,3,2019-T3,23.67
Cuenca,2019,4,2019-T4,19.48
Cuenca,2020,1,2020-T1,5.98
Cuenca,2020,2,2020-T2,18.98
Cuenca,2020,3,2020-T3,20.76
Cuenca,2020,4,2020-T4,19.3
Cuenca,2021,1,2021-T1,54.22
Cuenca,2021,2,2021-T2,27.46
Cuenca,2021,3,2021-T3,35.06
Cuenca,2021,4,2021-T4,33.46
Cuenca,2022,1,2022-T1,37.42
Cuenca,2022,2,2022-T2,28.94
Cuenca,2022,3,2022-T3,32.99
Cuenca,2022,4,2022-T4,24.43
Cuenca,2023,1,2023-T1,27.27
Cuenca,2023,2,2023-T2,29.57
Cuenca,2023,3,2023-T3,13.59
Cuenca,2023,4,2023-T4,18.77
Cuenca,2024,1,2024-T1,13.22
Cuenca,2024,2,2024-T2,19.55
Cuenca,2024,3,2024-T3,16.94
Cuenca,2024,4,2024-T4,19.35
Cuenca,2025,1,2025-T1,25.88
Cuenca,2025,2,2025-T2,18.76
Cuenca,2025,3,2025-T3,42.73
Cuenca,2025,4,2025-T4,64.56
Cuenca,2026,1,2026-T1,38.27
Cáceres,2004,1,2004-T1,183.9
Cáceres,2004,2,2004-T2,317.2
Cáceres,2004,3,2004-T3,239.3
Cáceres,2004,4,2004-T4,387.5
Cáceres,2005,1,2005-T1,187.3
Cáceres,2005,2,2005-T2,476.4
Cáceres,2005,3,2005-T3,159.6
Cáceres,2005,4,2005-T4,180.4
Cáceres,2006,1,2006-T1,101.7
Cáceres,2006,2,2006-T2,160.2
Cáceres,2006,3,2006-T3,153.0
Cáceres,2006,4,2006-T4,221.9
Cáceres,2007,1,2007-T1,416.7
Cáceres,2007,2,2007-T2,121.1432
Cáceres,2007,3,2007-T3,114.55242999999999
Cáceres,2007,4,2007-T4,192.8
Cáceres,2008,1,2008-T1,253.4
Cáceres,2008,2,2008-T2,100.2
Cáceres,2008,3,2008-T3,242.43
Cáceres,2008,4,2008-T4,169.69
Cáceres,2009,1,2009-T1,53.47
Cáceres,2009,2,2009-T2,28.08
Cáceres,2009,3,2009-T3,61.52
Cáceres,2009,4,2009-T4,39.54
Cáceres,2010,1,2010-T1,65.12
Cáceres,2010,2,2010-T2,54.33
Cáceres,2010,3,2010-T3,35.54
Cáceres,2010,4,2010-T4,74.21
Cáceres,2011,1,2011-T1,92.18
Cáceres,2011,2,2011-T2,44.71
Cáceres,2011,3,2011-T3,20.36
Cáceres,2011,4,2011-T4,43.66
Cáceres,2012,1,2012-T1,49.97
Cáceres,2012,2,2012-T2,38.06
Cáceres,2012,3,2012-T3,23.56
Cáceres,2012,4,2012-T4,93.26
Cáceres,2013,1,2013-T1,18.23
Cáceres,2013,2,2013-T2,27.36
Cáceres,2013,3,2013-T3,28.99
Cáceres,2013,4,2013-T4,19.84
Cáceres,2014,1,2014-T1,19.82
Cáceres,2014,2,2014-T2,16.09
Cáceres,2014,3,2014-T3,45.01
Cáceres,2014,4,2014-T4,26.04
Cáceres,2015,1,2015-T1,44.11
Cáceres,2015,2,2015-T2,22.09
Cáceres,2015,3,2015-T3,16.21
Cáceres,2015,4,2015-T4,32.74
Cáceres,2016,1,2016-T1,61.63
Cáceres,2016,2,2016-T2,40.54
Cáceres,2016,3,2016-T3,12.47
Cáceres,2016,4,2016-T4,43.42
Cáceres,2017,1,2017-T1,13.06
Cáceres,2017,2,2017-T2,29.75
Cáceres,2017,3,2017-T3,31.97
Cáceres,2017,4,2017-T4,22.27
Cáceres,2018,1,2018-T1,24.57
Cáceres,2018,2,2018-T2,38.42
Cáceres,2018,3,2018-T3,28.08
Cáceres,2018,4,2018-T4,32.91
Cáceres,2019,1,2019-T1,16.42
Cáceres,2019,2,2019-T2,25.46
Cáceres,2019,3,2019-T3,39.97
Cáceres,2019,4,2019-T4,44.34
Cáceres,2020,1,2020-T1,10.58
Cáceres,2020,2,2020-T2,13.76
Cáceres,2020,3,2020-T3,31.23
Cáceres,2020,4,2020-T4,49.76
Cáceres,2021,1,2021-T1,48.21
Cáceres,2021,2,2021-T2,52.74
Cáceres,2021,3,2021-T3,51.14
Cáceres,2021,4,2021-T4,30.27
Cáceres,2022,1,2022-T1,35.71
Cáceres,2022,2,2022-T2,32.49
Cáceres,2022,3,2022-T3,24.2
Cáceres,2022,4,2022-T4,36.87
Cáceres,2023,1,2023-T1,105.95
Cáceres,2023,2,2023-T2,34.74
Cáceres,2023,3,2023-T3,46.21
Cáceres,2023,4,2023-T4,42.24
Cáceres,2024,1,2024-T1,43.49
Cáceres,2024,2,2024-T2,33.43
Cáceres,2024,3,2024-T3,31.59
Cáceres,2024,4,2024-T4,45.06
Cáceres,2025,1,2025-T1,35.11
Cáceres,2025,2,2025-T2,40.02
Cáceres,2025,3,2025-T3,33.76
Cáceres,2025,4,2025-T4,80.18
Cáceres,2026,1,2026-T1,45.9
Cádiz,2004,1,2004-T1,1502.8
Cádiz,2004,2,2004-T2,1217.8
Cádiz,2004,3,2004-T3,893.0
Cádiz,2004,4,2004-T4,1945.9
Cádiz,2005,1,2005-T1,1025.5
Cádiz,2005,2,2005-T2,1441.0
Cádiz,2005,3,2005-T3,836.8
Cádiz,2005,4,2005-T4,705.7
Cádiz,2006,1,2006-T1,481.7
Cádiz,2006,2,2006-T2,365.5
Cádiz,2006,3,2006-T3,581.1
Cádiz,2006,4,2006-T4,402.6
Cádiz,2007,1,2007-T1,583.5
Cádiz,2007,2,2007-T2,499.3
Cádiz,2007,3,2007-T3,702.0098
Cádiz,2007,4,2007-T4,527.8
Cádiz,2008,1,2008-T1,670.0
Cádiz,2008,2,2008-T2,181.1
Cádiz,2008,3,2008-T3,582.61
Cádiz,2008,4,2008-T4,487.32
Cádiz,2009,1,2009-T1,127.42
Cádiz,2009,2,2009-T2,144.33
Cádiz,2009,3,2009-T3,178.08
Cádiz,2009,4,2009-T4,477.63
Cádiz,2010,1,2010-T1,52.35
Cádiz,2010,2,2010-T2,134.45
Cádiz,2010,3,2010-T3,155.33
Cádiz,2010,4,2010-T4,164.34
Cádiz,2011,1,2011-T1,74.77
Cádiz,2011,2,2011-T2,100.87
Cádiz,2011,3,2011-T3,142.84
Cádiz,2011,4,2011-T4,73.34
Cádiz,2012,1,2012-T1,31.85
Cádiz,2012,2,2012-T2,325.06
Cádiz,2012,3,2012-T3,150.53
Cádiz,2012,4,2012-T4,228.88
Cádiz,2013,1,2013-T1,78.4
Cádiz,2013,2,2013-T2,130.85
Cádiz,2013,3,2013-T3,154.34
Cádiz,2013,4,2013-T4,141.91
Cádiz,2014,1,2014-T1,89.47
Cádiz,2014,2,2014-T2,134.14
Cádiz,2014,3,2014-T3,244.42
Cádiz,2014,4,2014-T4,244.56
Cádiz,2015,1,2015-T1,61.36
Cádiz,2015,2,2015-T2,61.65
Cádiz,2015,3,2015-T3,87.21
Cádiz,2015,4,2015-T4,108.58
Cádiz,2016,1,2016-T1,79.44
Cádiz,2016,2,2016-T2,97.18
Cádiz,2016,3,2016-T3,111.11
Cádiz,2016,4,2016-T4,214.49
Cádiz,2017,1,2017-T1,103.58
Cádiz,2017,2,2017-T2,184.96
Cádiz,2017,3,2017-T3,116.73
Cádiz,2017,4,2017-T4,300.21
Cádiz,2018,1,2018-T1,540.02
Cádiz,2018,2,2018-T2,284.01
Cádiz,2018,3,2018-T3,229.43
Cádiz,2018,4,2018-T4,290.66
Cádiz,2019,1,2019-T1,110.82
Cádiz,2019,2,2019-T2,88.64
Cádiz,2019,3,2019-T3,120.07
Cádiz,2019,4,2019-T4,168.7
Cádiz,2020,1,2020-T1,102.57
Cádiz,2020,2,2020-T2,82.78
Cádiz,2020,3,2020-T3,97.8
Cádiz,2020,4,2020-T4,190.5
Cádiz,2021,1,2021-T1,126.08
Cádiz,2021,2,2021-T2,280.55
Cádiz,2021,3,2021-T3,320.12
Cádiz,2021,4,2021-T4,248.31
Cádiz,2022,1,2022-T1,209.66
Cádiz,2022,2,2022-T2,313.93
Cádiz,2022,3,2022-T3,196.43
Cádiz,2022,4,2022-T4,106.95
Cádiz,2023,1,2023-T1,174.51
Cádiz,2023,2,2023-T2,342.92
Cádiz,2023,3,2023-T3,89.8
Cádiz,2023,4,2023-T4,208.21
Cádiz,2024,1,2024-T1,200.61
Cádiz,2024,2,2024-T2,194.07
Cádiz,2024,3,2024-T3,154.79
Cádiz,2024,4,2024-T4,1204.62
Cádiz,2025,1,2025-T1,186.36
Cádiz,2025,2,2025-T2,119.4
Cádiz,2025,3,2025-T3,836.67
Cádiz,2025,4,2025-T4,237.72
Cádiz,2026,1,2026-T1,201.87
Córdoba,2004,1,2004-T1,118.0
Córdoba,2004,2,2004-T2,97.7
Córdoba,2004,3,2004-T3,72.4
Córdoba,2004,4,2004-T4,162.5
Córdoba,2005,1,2005-T1,246.6
Córdoba,2005,2,2005-T2,483.6
Córdoba,2005,3,2005-T3,210.3
Córdoba,2005,4,2005-T4,163.2
Córdoba,2006,1,2006-T1,287.3
Córdoba,2006,2,2006-T2,184.8
Córdoba,2006,3,2006-T3,217.3
Córdoba,2006,4,2006-T4,281.5
Córdoba,2007,1,2007-T1,180.3
Córdoba,2007,2,2007-T2,259.8
Córdoba,2007,3,2007-T3,338.09839
Córdoba,2007,4,2007-T4,132.3
Córdoba,2008,1,2008-T1,170.8
Córdoba,2008,2,2008-T2,156.7
Córdoba,2008,3,2008-T3,162.3
Córdoba,2008,4,2008-T4,162.18
Córdoba,2009,1,2009-T1,68.01
Córdoba,2009,2,2009-T2,179.54
Córdoba,2009,3,2009-T3,173.74
Córdoba,2009,4,2009-T4,199.38
Córdoba,2010,1,2010-T1,251.06
Córdoba,2010,2,2010-T2,326.22
Córdoba,2010,3,2010-T3,131.48
Córdoba,2010,4,2010-T4,167.23
Córdoba,2011,1,2011-T1,121.77
Córdoba,2011,2,2011-T2,142.85
Córdoba,2011,3,2011-T3,128.67
Córdoba,2011,4,2011-T4,470.52
Córdoba,2012,1,2012-T1,92.01
Córdoba,2012,2,2012-T2,93.31
Córdoba,2012,3,2012-T3,61.93
Córdoba,2012,4,2012-T4,70.99
Córdoba,2013,1,2013-T1,46.77
Córdoba,2013,2,2013-T2,79.08
Córdoba,2013,3,2013-T3,46.44
Córdoba,2013,4,2013-T4,64.12
Córdoba,2014,1,2014-T1,45.36
Córdoba,2014,2,2014-T2,83.3
Córdoba,2014,3,2014-T3,16.61
Córdoba,2014,4,2014-T4,433.23
Córdoba,2015,1,2015-T1,31.36
Córdoba,2015,2,2015-T2,89.41
Córdoba,2015,3,2015-T3,64.25
Córdoba,2015,4,2015-T4,50.84
Córdoba,2016,1,2016-T1,87.93
Córdoba,2016,2,2016-T2,84.68
Córdoba,2016,3,2016-T3,84.32
Córdoba,2016,4,2016-T4,76.37
Córdoba,2017,1,2017-T1,104.68
Córdoba,2017,2,2017-T2,53.91
Córdoba,2017,3,2017-T3,48.68
Córdoba,2017,4,2017-T4,100.03
Córdoba,2018,1,2018-T1,484.0
Córdoba,2018,2,2018-T2,122.17
Córdoba,2018,3,2018-T3,60.06
Córdoba,2018,4,2018-T4,80.58
Córdoba,2019,1,2019-T1,99.79
Córdoba,2019,2,2019-T2,26.9
Córdoba,2019,3,2019-T3,45.16
Córdoba,2019,4,2019-T4,108.28
Córdoba,2020,1,2020-T1,55.04
Córdoba,2020,2,2020-T2,36.97
Córdoba,2020,3,2020-T3,47.96
Córdoba,2020,4,2020-T4,120.36
Córdoba,2021,1,2021-T1,53.53
Córdoba,2021,2,2021-T2,213.49
Córdoba,2021,3,2021-T3,74.81
Córdoba,2021,4,2021-T4,126.97
Córdoba,2022,1,2022-T1,72.31
Córdoba,2022,2,2022-T2,126.87
Córdoba,2022,3,2022-T3,75.6
Córdoba,2022,4,2022-T4,85.25
Córdoba,2023,1,2023-T1,49.97
Córdoba,2023,2,2023-T2,88.67
Córdoba,2023,3,2023-T3,49.44
Córdoba,2023,4,2023-T4,221.24
Córdoba,2024,1,2024-T1,54.83
Córdoba,2024,2,2024-T2,43.97
Córdoba,2024,3,2024-T3,64.71
Córdoba,2024,4,2024-T4,33.29
Córdoba,2025,1,2025-T1,65.73
Córdoba,2025,2,2025-T2,48.54
Córdoba,2025,3,2025-T3,62.88
Córdoba,2025,4,2025-T4,96.93
Córdoba,2026,1,2026-T1,71.54
Girona,2004,1,2004-T1,2142.7
Girona,2004,2,2004-T2,1746.3
Girona,2004,3,2004-T3,1234.0
Girona,2004,4,2004-T4,2093.0
Girona,2005,1,2005-T1,1684.1
Girona,2005,2,2005-T2,1686.0
Girona,2005,3,2005-T3,1799.7
Girona,2005,4,2005-T4,1506.9
Girona,2006,1,2006-T1,1186.8
Girona,2006,2,2006-T2,1070.2
Girona,2006,3,2006-T3,891.7
Girona,2006,4,2006-T4,1392.9
Girona,2007,1,2007-T1,2027.3
Girona,2007,2,2007-T2,1968.3
Girona,2007,3,2007-T3,911.32406
Girona,2007,4,2007-T4,713.4
Girona,2008,1,2008-T1,1067.2
Girona,2008,2,2008-T2,497.6
Girona,2008,3,2008-T3,503.09
Girona,2008,4,2008-T4,391.85
Girona,2009,1,2009-T1,278.63
Girona,2009,2,2009-T2,282.52
Girona,2009,3,2009-T3,321.39
Girona,2009,4,2009-T4,266.23
Girona,2010,1,2010-T1,207.75
Girona,2010,2,2010-T2,262.02
Girona,2010,3,2010-T3,165.58
Girona,2010,4,2010-T4,176.9
Girona,2011,1,2011-T1,154.48
Girona,2011,2,2011-T2,273.07
Girona,2011,3,2011-T3,129.93
Girona,2011,4,2011-T4,363.69
Girona,2012,1,2012-T1,579.95
Girona,2012,2,2012-T2,185.97
Girona,2012,3,2012-T3,162.11
Girona,2012,4,2012-T4,234.15
Girona,2013,1,2013-T1,386.03
Girona,2013,2,2013-T2,281.01
Girona,2013,3,2013-T3,198.14
Girona,2013,4,2013-T4,275.96
Girona,2014,1,2014-T1,312.87
Girona,2014,2,2014-T2,381.99
Girona,2014,3,2014-T3,193.33
Girona,2014,4,2014-T4,288.28
Girona,2015,1,2015-T1,192.31
Girona,2015,2,2015-T2,179.22
Girona,2015,3,2015-T3,528.05
Girona,2015,4,2015-T4,321.31
Girona,2016,1,2016-T1,200.83
Girona,2016,2,2016-T2,258.74
Girona,2016,3,2016-T3,228.26
Girona,2016,4,2016-T4,464.43
Girona,2017,1,2017-T1,339.43
Girona,2017,2,2017-T2,290.21
Girona,2017,3,2017-T3,267.64
Girona,2017,4,2017-T4,248.51
Girona,2018,1,2018-T1,277.48
Girona,2018,2,2018-T2,387.17
Girona,2018,3,2018-T3,316.73
Girona,2018,4,2018-T4,213.89
Girona,2019,1,2019-T1,170.97
Girona,2019,2,2019-T2,197.26
Girona,2019,3,2019-T3,186.23
Girona,2019,4,2019-T4,303.99
Girona,2020,1,2020-T1,230.61
Girona,2020,2,2020-T2,101.7
Girona,2020,3,2020-T3,166.42
Girona,2020,4,2020-T4,294.05
Girona,2021,1,2021-T1,426.73
Girona,2021,2,2021-T2,339.62
Girona,2021,3,2021-T3,382.65
Girona,2021,4,2021-T4,303.53
Girona,2022,1,2022-T1,437.28
Girona,2022,2,2022-T2,285.5
Girona,2022,3,2022-T3,405.92
Girona,2022,4,2022-T4,389.09
Girona,2023,1,2023-T1,336.82
Girona,2023,2,2023-T2,333.97
Girona,2023,3,2023-T3,209.33
Girona,2023,4,2023-T4,220.28
Girona,2024,1,2024-T1,295.85
Girona,2024,2,2024-T2,237.56
Girona,2024,3,2024-T3,277.91
Girona,2024,4,2024-T4,350.55
Girona,2025,1,2025-T1,370.53
Girona,2025,2,2025-T2,311.68
Girona,2025,3,2025-T3,380.08
Girona,2025,4,2025-T4,498.32
Girona,2026,1,2026-T1,297.59
Granada,2004,1,2004-T1,225.5
Granada,2004,2,2004-T2,386.0
Granada,2004,3,2004-T3,249.3
Granada,2004,4,2004-T4,234.4
Granada,2005,1,2005-T1,211.9
Granada,2005,2,2005-T2,289.1
Granada,2005,3,2005-T3,289.0
Granada,2005,4,2005-T4,231.1
Granada,2006,1,2006-T1,136.0
Granada,2006,2,2006-T2,209.6
Granada,2006,3,2006-T3,127.1
Granada,2006,4,2006-T4,257.7
Granada,2007,1,2007-T1,214.1
Granada,2007,2,2007-T2,192.7
Granada,2007,3,2007-T3,335.09689000000003
Granada,2007,4,2007-T4,167.7
Granada,2008,1,2008-T1,254.7
Granada,2008,2,2008-T2,174.6
Granada,2008,3,2008-T3,133.44
Granada,2008,4,2008-T4,240.84
Granada,2009,1,2009-T1,136.75
Granada,2009,2,2009-T2,132.9
Granada,2009,3,2009-T3,178.72
Granada,2009,4,2009-T4,125.25
Granada,2010,1,2010-T1,45.46
Granada,2010,2,2010-T2,129.01
Granada,2010,3,2010-T3,49.75
Granada,2010,4,2010-T4,62.94
Granada,2011,1,2011-T1,140.21
Granada,2011,2,2011-T2,61.68
Granada,2011,3,2011-T3,155.21
Granada,2011,4,2011-T4,43.66
Granada,2012,1,2012-T1,66.57
Granada,2012,2,2012-T2,55.27
Granada,2012,3,2012-T3,54.71
Granada,2012,4,2012-T4,35.59
Granada,2013,1,2013-T1,69.39
Granada,2013,2,2013-T2,65.08
Granada,2013,3,2013-T3,114.21
Granada,2013,4,2013-T4,164.18
Granada,2014,1,2014-T1,30.72
Granada,2014,2,2014-T2,47.51
Granada,2014,3,2014-T3,55.93
Granada,2014,4,2014-T4,130.63
Granada,2015,1,2015-T1,126.78
Granada,2015,2,2015-T2,43.05
Granada,2015,3,2015-T3,68.66
Granada,2015,4,2015-T4,237.32
Granada,2016,1,2016-T1,76.83
Granada,2016,2,2016-T2,172.15
Granada,2016,3,2016-T3,46.74
Granada,2016,4,2016-T4,45.35
Granada,2017,1,2017-T1,82.4
Granada,2017,2,2017-T2,186.83
Granada,2017,3,2017-T3,343.02
Granada,2017,4,2017-T4,130.06
Granada,2018,1,2018-T1,159.95
Granada,2018,2,2018-T2,153.71
Granada,2018,3,2018-T3,154.45
Granada,2018,4,2018-T4,95.02
Granada,2019,1,2019-T1,88.34
Granada,2019,2,2019-T2,76.99
Granada,2019,3,2019-T3,281.42
Granada,2019,4,2019-T4,105.67
Granada,2020,1,2020-T1,48.34
Granada,2020,2,2020-T2,72.4
Granada,2020,3,2020-T3,124.55
Granada,2020,4,2020-T4,179.72
Granada,2021,1,2021-T1,529.77
Granada,2021,2,2021-T2,133.59
Granada,2021,3,2021-T3,161.12
Granada,2021,4,2021-T4,242.55
Granada,2022,1,2022-T1,193.08
Granada,2022,2,2022-T2,183.53
Granada,2022,3,2022-T3,147.57
Granada,2022,4,2022-T4,143.63
Granada,2023,1,2023-T1,121.84
Granada,2023,2,2023-T2,199.71
Granada,2023,3,2023-T3,97.83
Granada,2023,4,2023-T4,316.59
Granada,2024,1,2024-T1,117.03
Granada,2024,2,2024-T2,100.56
Granada,2024,3,2024-T3,139.13
Granada,2024,4,2024-T4,81.03
Granada,2025,1,2025-T1,365.26
Granada,2025,2,2025-T2,276.04
Granada,2025,3,2025-T3,180.74
Granada,2025,4,2025-T4,168.02
Granada,2026,1,2026-T1,116.38
Guadalajara,2004,1,2004-T1,489.4
Guadalajara,2004,2,2004-T2,414.1
Guadalajara,2004,3,2004-T3,539.4
Guadalajara,2004,4,2004-T4,538.0
Guadalajara,2005,1,2005-T1,436.1
Guadalajara,2005,2,2005-T2,1423.6
Guadalajara,2005,3,2005-T3,411.5
Guadalajara,2005,4,2005-T4,214.6
Guadalajara,2006,1,2006-T1,367.0
Guadalajara,2006,2,2006-T2,595.6
Guadalajara,2006,3,2006-T3,589.1
Guadalajara,2006,4,2006-T4,671.4
Guadalajara,2007,1,2007-T1,261.5
Guadalajara,2007,2,2007-T2,183.8
Guadalajara,2007,3,2007-T3,250.87563
Guadalajara,2007,4,2007-T4,367.9
Guadalajara,2008,1,2008-T1,217.3
Guadalajara,2008,2,2008-T2,338.7
Guadalajara,2008,3,2008-T3,708.47
Guadalajara,2008,4,2008-T4,207.17
Guadalajara,2009,1,2009-T1,76.07
Guadalajara,2009,2,2009-T2,170.59
Guadalajara,2009,3,2009-T3,104.22
Guadalajara,2009,4,2009-T4,70.25
Guadalajara,2010,1,2010-T1,153.0
Guadalajara,2010,2,2010-T2,84.89
Guadalajara,2010,3,2010-T3,110.34
Guadalajara,2010,4,2010-T4,81.38
Guadalajara,2011,1,2011-T1,320.69
Guadalajara,2011,2,2011-T2,62.88
Guadalajara,2011,3,2011-T3,104.77
Guadalajara,2011,4,2011-T4,52.44
Guadalajara,2012,1,2012-T1,74.16
Guadalajara,2012,2,2012-T2,31.96
Guadalajara,2012,3,2012-T3,40.77
Guadalajara,2012,4,2012-T4,110.78
Guadalajara,2013,1,2013-T1,80.23
Guadalajara,2013,2,2013-T2,211.4
Guadalajara,2013,3,2013-T3,38.94
Guadalajara,2013,4,2013-T4,168.44
Guadalajara,2014,1,2014-T1,66.93
Guadalajara,2014,2,2014-T2,39.27
Guadalajara,2014,3,2014-T3,55.83
Guadalajara,2014,4,2014-T4,108.83
Guadalajara,2015,1,2015-T1,38.06
Guadalajara,2015,2,2015-T2,249.86
Guadalajara,2015,3,2015-T3,138.06
Guadalajara,2015,4,2015-T4,256.7
Guadalajara,2016,1,2016-T1,32.05
Guadalajara,2016,2,2016-T2,117.44
Guadalajara,2016,3,2016-T3,246.11
Guadalajara,2016,4,2016-T4,86.0
Guadalajara,2017,1,2017-T1,71.22
Guadalajara,2017,2,2017-T2,135.48
Guadalajara,2017,3,2017-T3,107.43
Guadalajara,2017,4,2017-T4,259.98
Guadalajara,2018,1,2018-T1,413.43
Guadalajara,2018,2,2018-T2,297.82
Guadalajara,2018,3,2018-T3,398.54
Guadalajara,2018,4,2018-T4,537.18
Guadalajara,2019,1,2019-T1,99.92
Guadalajara,2019,2,2019-T2,156.03
Guadalajara,2019,3,2019-T3,69.87
Guadalajara,2019,4,2019-T4,61.57
Guadalajara,2020,1,2020-T1,91.32
Guadalajara,2020,2,2020-T2,40.43
Guadalajara,2020,3,2020-T3,89.9
Guadalajara,2020,4,2020-T4,139.31
Guadalajara,2021,1,2021-T1,151.79
Guadalajara,2021,2,2021-T2,166.56
Guadalajara,2021,3,2021-T3,217.29
Guadalajara,2021,4,2021-T4,293.89
Guadalajara,2022,1,2022-T1,189.67
Guadalajara,2022,2,2022-T2,461.81
Guadalajara,2022,3,2022-T3,177.64
Guadalajara,2022,4,2022-T4,156.26
Guadalajara,2023,1,2023-T1,144.61
Guadalajara,2023,2,2023-T2,176.76
Guadalajara,2023,3,2023-T3,281.69
Guadalajara,2023,4,2023-T4,247.45
Guadalajara,2024,1,2024-T1,145.19
Guadalajara,2024,2,2024-T2,145.36
Guadalajara,2024,3,2024-T3,120.55
Guadalajara,2024,4,2024-T4,73.43
Guadalajara,2025,1,2025-T1,220.34
Guadalajara,2025,2,2025-T2,454.64
Guadalajara,2025,3,2025-T3,408.33
Guadalajara,2025,4,2025-T4,444.33
Guadalajara,2026,1,2026-T1,257.57
Guipúzcoa,2004,1,2004-T1,145.7
Guipúzcoa,2004,2,2004-T2,170.8
Guipúzcoa,2004,3,2004-T3,137.5
Guipúzcoa,2004,4,2004-T4,243.0
Guipúzcoa,2005,1,2005-T1,200.0
Guipúzcoa,2005,2,2005-T2,156.1
Guipúzcoa,2005,3,2005-T3,159.1
Guipúzcoa,2005,4,2005-T4,199.7
Guipúzcoa,2006,1,2006-T1,120.3
Guipúzcoa,2006,2,2006-T2,66.8
Guipúzcoa,2006,3,2006-T3,238.6
Guipúzcoa,2006,4,2006-T4,170.4
Guipúzcoa,2007,1,2007-T1,182.1
Guipúzcoa,2007,2,2007-T2,251.8
Guipúzcoa,2007,3,2007-T3,120.7645
Guipúzcoa,2007,4,2007-T4,189.6
Guipúzcoa,2008,1,2008-T1,87.0
Guipúzcoa,2008,2,2008-T2,79.3
Guipúzcoa,2008,3,2008-T3,119.65
Guipúzcoa,2008,4,2008-T4,105.76
Guipúzcoa,2009,1,2009-T1,66.6
Guipúzcoa,2009,2,2009-T2,42.61
Guipúzcoa,2009,3,2009-T3,39.81
Guipúzcoa,2009,4,2009-T4,56.32
Guipúzcoa,2010,1,2010-T1,29.23
Guipúzcoa,2010,2,2010-T2,98.87
Guipúzcoa,2010,3,2010-T3,15.2
Guipúzcoa,2010,4,2010-T4,48.12
Guipúzcoa,2011,1,2011-T1,6.5
Guipúzcoa,2011,2,2011-T2,4.7
Guipúzcoa,2011,3,2011-T3,55.71
Guipúzcoa,2011,4,2011-T4,51.8
Guipúzcoa,2012,1,2012-T1,22.88
Guipúzcoa,2012,2,2012-T2,47.23
Guipúzcoa,2012,3,2012-T3,5.74
Guipúzcoa,2012,4,2012-T4,53.77
Guipúzcoa,2013,1,2013-T1,7.86
Guipúzcoa,2013,2,2013-T2,7.75
Guipúzcoa,2013,3,2013-T3,22.34
Guipúzcoa,2013,4,2013-T4,6.16
Guipúzcoa,2014,1,2014-T1,27.82
Guipúzcoa,2014,2,2014-T2,32.57
Guipúzcoa,2014,3,2014-T3,52.49
Guipúzcoa,2014,4,2014-T4,19.38
Guipúzcoa,2015,1,2015-T1,41.02
Guipúzcoa,2015,2,2015-T2,71.06
Guipúzcoa,2015,3,2015-T3,51.35
Guipúzcoa,2015,4,2015-T4,37.39
Guipúzcoa,2016,1,2016-T1,28.91
Guipúzcoa,2016,2,2016-T2,21.53
Guipúzcoa,2016,3,2016-T3,32.61
Guipúzcoa,2016,4,2016-T4,52.83
Guipúzcoa,2017,1,2017-T1,26.28
Guipúzcoa,2017,2,2017-T2,17.74
Guipúzcoa,2017,3,2017-T3,28.39
Guipúzcoa,2017,4,2017-T4,71.31
Guipúzcoa,2018,1,2018-T1,25.66
Guipúzcoa,2018,2,2018-T2,19.86
Guipúzcoa,2018,3,2018-T3,20.84
Guipúzcoa,2018,4,2018-T4,46.94
Guipúzcoa,2019,1,2019-T1,15.05
Guipúzcoa,2019,2,2019-T2,619.26
Guipúzcoa,2019,3,2019-T3,31.22
Guipúzcoa,2019,4,2019-T4,33.31
Guipúzcoa,2020,1,2020-T1,142.67
Guipúzcoa,2020,2,2020-T2,11.95
Guipúzcoa,2020,3,2020-T3,60.56
Guipúzcoa,2020,4,2020-T4,48.44
Guipúzcoa,2021,1,2021-T1,49.21
Guipúzcoa,2021,2,2021-T2,29.44
Guipúzcoa,2021,3,2021-T3,15.76
Guipúzcoa,2021,4,2021-T4,30.76
Guipúzcoa,2022,1,2022-T1,149.4
Guipúzcoa,2022,2,2022-T2,33.15
Guipúzcoa,2022,3,2022-T3,27.77
Guipúzcoa,2022,4,2022-T4,91.62
Guipúzcoa,2023,1,2023-T1,10.45
Guipúzcoa,2023,2,2023-T2,44.77
Guipúzcoa,2023,3,2023-T3,21.94
Guipúzcoa,2023,4,2023-T4,46.28
Guipúzcoa,2024,1,2024-T1,27.45
Guipúzcoa,2024,2,2024-T2,93.27
Guipúzcoa,2024,3,2024-T3,15.09
Guipúzcoa,2024,4,2024-T4,2.87
Guipúzcoa,2025,1,2025-T1,26.69
Guipúzcoa,2025,2,2025-T2,21.56
Guipúzcoa,2025,3,2025-T3,12.41
Guipúzcoa,2025,4,2025-T4,18.32
Guipúzcoa,2026,1,2026-T1,3.14
Huelva,2004,1,2004-T1,362.3
Huelva,2004,2,2004-T2,884.3
Huelva,2004,3,2004-T3,123.9
Huelva,2004,4,2004-T4,773.7
Huelva,2005,1,2005-T1,177.9
Huelva,2005,2,2005-T2,78.3
Huelva,2005,3,2005-T3,89.1
Huelva,2005,4,2005-T4,118.8
Huelva,2006,1,2006-T1,101.8
Huelva,2006,2,2006-T2,86.7
Huelva,2006,3,2006-T3,111.5
Huelva,2006,4,2006-T4,805.0
Huelva,2007,1,2007-T1,130.7
Huelva,2007,2,2007-T2,124.1
Huelva,2007,3,2007-T3,159.62178
Huelva,2007,4,2007-T4,321.8
Huelva,2008,1,2008-T1,85.3
Huelva,2008,2,2008-T2,191.0
Huelva,2008,3,2008-T3,139.16
Huelva,2008,4,2008-T4,133.23
Huelva,2009,1,2009-T1,99.07
Huelva,2009,2,2009-T2,99.92
Huelva,2009,3,2009-T3,98.73
Huelva,2009,4,2009-T4,74.59
Huelva,2010,1,2010-T1,17.74
Huelva,2010,2,2010-T2,45.11
Huelva,2010,3,2010-T3,222.71
Huelva,2010,4,2010-T4,33.33
Huelva,2011,1,2011-T1,37.58
Huelva,2011,2,2011-T2,91.76
Huelva,2011,3,2011-T3,53.7
Huelva,2011,4,2011-T4,25.7
Huelva,2012,1,2012-T1,39.5
Huelva,2012,2,2012-T2,17.48
Huelva,2012,3,2012-T3,27.43
Huelva,2012,4,2012-T4,51.04
Huelva,2013,1,2013-T1,9.57
Huelva,2013,2,2013-T2,35.2
Huelva,2013,3,2013-T3,103.06
Huelva,2013,4,2013-T4,134.17
Huelva,2014,1,2014-T1,69.19
Huelva,2014,2,2014-T2,44.11
Huelva,2014,3,2014-T3,20.19
Huelva,2014,4,2014-T4,47.29
Huelva,2015,1,2015-T1,19.11
Huelva,2015,2,2015-T2,52.67
Huelva,2015,3,2015-T3,263.16
Huelva,2015,4,2015-T4,34.62
Huelva,2016,1,2016-T1,25.95
Huelva,2016,2,2016-T2,22.66
Huelva,2016,3,2016-T3,30.24
Huelva,2016,4,2016-T4,37.89
Huelva,2017,1,2017-T1,42.61
Huelva,2017,2,2017-T2,101.77
Huelva,2017,3,2017-T3,37.43
Huelva,2017,4,2017-T4,53.65
Huelva,2018,1,2018-T1,28.54
Huelva,2018,2,2018-T2,29.11
Huelva,2018,3,2018-T3,31.13
Huelva,2018,4,2018-T4,93.3
Huelva,2019,1,2019-T1,21.63
Huelva,2019,2,2019-T2,44.67
Huelva,2019,3,2019-T3,37.81
Huelva,2019,4,2019-T4,135.34
Huelva,2020,1,2020-T1,17.03
Huelva,2020,2,2020-T2,32.99
Huelva,2020,3,2020-T3,23.85
Huelva,2020,4,2020-T4,105.22
Huelva,2021,1,2021-T1,49.24
Huelva,2021,2,2021-T2,117.92
Huelva,2021,3,2021-T3,48.5
Huelva,2021,4,2021-T4,100.94
Huelva,2022,1,2022-T1,157.43
Huelva,2022,2,2022-T2,72.74
Huelva,2022,3,2022-T3,32.75
Huelva,2022,4,2022-T4,41.43
Huelva,2023,1,2023-T1,38.32
Huelva,2023,2,2023-T2,60.19
Huelva,2023,3,2023-T3,58.22
Huelva,2023,4,2023-T4,78.45
Huelva,2024,1,2024-T1,133.36
Huelva,2024,2,2024-T2,100.26
Huelva,2024,3,2024-T3,84.18
Huelva,2024,4,2024-T4,26.53
Huelva,2025,1,2025-T1,75.68
Huelva,2025,2,2025-T2,89.67
Huelva,2025,3,2025-T3,112.88
Huelva,2025,4,2025-T4,117.14
Huelva,2026,1,2026-T1,75.32
Huesca,2004,1,2004-T1,188.8
Huesca,2004,2,2004-T2,195.4
Huesca,2004,3,2004-T3,152.8
Huesca,2004,4,2004-T4,431.0
Huesca,2005,1,2005-T1,165.7
Huesca,2005,2,2005-T2,3091.1
Huesca,2005,3,2005-T3,199.9
Huesca,2005,4,2005-T4,302.8
Huesca,2006,1,2006-T1,169.3
Huesca,2006,2,2006-T2,139.9
Huesca,2006,3,2006-T3,68.6
Huesca,2006,4,2006-T4,111.4
Huesca,2007,1,2007-T1,82.2
Huesca,2007,2,2007-T2,71.1
Huesca,2007,3,2007-T3,169.38467
Huesca,2007,4,2007-T4,58.3
Huesca,2008,1,2008-T1,56.5
Huesca,2008,2,2008-T2,30.7
Huesca,2008,3,2008-T3,45.67
Huesca,2008,4,2008-T4,40.96
Huesca,2009,1,2009-T1,29.62
Huesca,2009,2,2009-T2,41.04
Huesca,2009,3,2009-T3,29.23
Huesca,2009,4,2009-T4,69.48
Huesca,2010,1,2010-T1,22.37
Huesca,2010,2,2010-T2,45.35
Huesca,2010,3,2010-T3,18.23
Huesca,2010,4,2010-T4,11.77
Huesca,2011,1,2011-T1,24.05
Huesca,2011,2,2011-T2,17.07
Huesca,2011,3,2011-T3,9.27
Huesca,2011,4,2011-T4,27.2
Huesca,2012,1,2012-T1,41.97
Huesca,2012,2,2012-T2,36.36
Huesca,2012,3,2012-T3,55.72
Huesca,2012,4,2012-T4,16.27
Huesca,2013,1,2013-T1,11.53
Huesca,2013,2,2013-T2,15.4
Huesca,2013,3,2013-T3,39.41
Huesca,2013,4,2013-T4,9.28
Huesca,2014,1,2014-T1,100.58
Huesca,2014,2,2014-T2,28.6
Huesca,2014,3,2014-T3,16.32
Huesca,2014,4,2014-T4,31.82
Huesca,2015,1,2015-T1,42.58
Huesca,2015,2,2015-T2,14.17
Huesca,2015,3,2015-T3,20.53
Huesca,2015,4,2015-T4,74.31
Huesca,2016,1,2016-T1,14.05
Huesca,2016,2,2016-T2,33.93
Huesca,2016,3,2016-T3,9.1
Huesca,2016,4,2016-T4,35.2
Huesca,2017,1,2017-T1,60.46
Huesca,2017,2,2017-T2,18.33
Huesca,2017,3,2017-T3,33.4
Huesca,2017,4,2017-T4,36.83
Huesca,2018,1,2018-T1,62.56
Huesca,2018,2,2018-T2,62.74
Huesca,2018,3,2018-T3,57.4
Huesca,2018,4,2018-T4,57.41
Huesca,2019,1,2019-T1,11.79
Huesca,2019,2,2019-T2,18.49
Huesca,2019,3,2019-T3,39.16
Huesca,2019,4,2019-T4,61.74
Huesca,2020,1,2020-T1,58.72
Huesca,2020,2,2020-T2,13.39
Huesca,2020,3,2020-T3,31.12
Huesca,2020,4,2020-T4,70.05
Huesca,2021,1,2021-T1,22.86
Huesca,2021,2,2021-T2,68.83
Huesca,2021,3,2021-T3,192.01
Huesca,2021,4,2021-T4,36.76
Huesca,2022,1,2022-T1,56.69
Huesca,2022,2,2022-T2,41.21
Huesca,2022,3,2022-T3,93.74
Huesca,2022,4,2022-T4,48.24
Huesca,2023,1,2023-T1,17.99
Huesca,2023,2,2023-T2,77.94
Huesca,2023,3,2023-T3,14.88
Huesca,2023,4,2023-T4,122.91
Huesca,2024,1,2024-T1,62.56
Huesca,2024,2,2024-T2,21.64
Huesca,2024,3,2024-T3,29.57
Huesca,2024,4,2024-T4,8.69
Huesca,2025,1,2025-T1,61.26
Huesca,2025,2,2025-T2,137.22
Huesca,2025,3,2025-T3,119.34
Huesca,2025,4,2025-T4,24.89
Huesca,2026,1,2026-T1,17.65
Jaén,2004,1,2004-T1,70.0
Jaén,2004,2,2004-T2,66.4
Jaén,2004,3,2004-T3,60.3
Jaén,2004,4,2004-T4,87.2
Jaén,2005,1,2005-T1,105.0
Jaén,2005,2,2005-T2,109.1
Jaén,2005,3,2005-T3,85.1
Jaén,2005,4,2005-T4,93.8
Jaén,2006,1,2006-T1,87.9
Jaén,2006,2,2006-T2,416.4
Jaén,2006,3,2006-T3,84.2
Jaén,2006,4,2006-T4,175.5
Jaén,2007,1,2007-T1,241.1
Jaén,2007,2,2007-T2,174.2
Jaén,2007,3,2007-T3,153.52987
Jaén,2007,4,2007-T4,88.5
Jaén,2008,1,2008-T1,157.1
Jaén,2008,2,2008-T2,94.3
Jaén,2008,3,2008-T3,114.03
Jaén,2008,4,2008-T4,81.15
Jaén,2009,1,2009-T1,124.48
Jaén,2009,2,2009-T2,95.03
Jaén,2009,3,2009-T3,34.25
Jaén,2009,4,2009-T4,68.77
Jaén,2010,1,2010-T1,38.9
Jaén,2010,2,2010-T2,89.38
Jaén,2010,3,2010-T3,110.66
Jaén,2010,4,2010-T4,83.0
Jaén,2011,1,2011-T1,67.37
Jaén,2011,2,2011-T2,60.57
Jaén,2011,3,2011-T3,33.18
Jaén,2011,4,2011-T4,85.42
Jaén,2012,1,2012-T1,35.79
Jaén,2012,2,2012-T2,43.06
Jaén,2012,3,2012-T3,39.5
Jaén,2012,4,2012-T4,29.76
Jaén,2013,1,2013-T1,22.7
Jaén,2013,2,2013-T2,223.93
Jaén,2013,3,2013-T3,52.31
Jaén,2013,4,2013-T4,37.27
Jaén,2014,1,2014-T1,50.32
Jaén,2014,2,2014-T2,48.78
Jaén,2014,3,2014-T3,60.32
Jaén,2014,4,2014-T4,42.77
Jaén,2015,1,2015-T1,27.81
Jaén,2015,2,2015-T2,42.75
Jaén,2015,3,2015-T3,53.6
Jaén,2015,4,2015-T4,321.36
Jaén,2016,1,2016-T1,43.13
Jaén,2016,2,2016-T2,49.5
Jaén,2016,3,2016-T3,41.57
Jaén,2016,4,2016-T4,64.71
Jaén,2017,1,2017-T1,64.74
Jaén,2017,2,2017-T2,89.82
Jaén,2017,3,2017-T3,57.98
Jaén,2017,4,2017-T4,43.03
Jaén,2018,1,2018-T1,88.82
Jaén,2018,2,2018-T2,55.98
Jaén,2018,3,2018-T3,45.6
Jaén,2018,4,2018-T4,51.08
Jaén,2019,1,2019-T1,49.12
Jaén,2019,2,2019-T2,37.36
Jaén,2019,3,2019-T3,26.14
Jaén,2019,4,2019-T4,36.03
Jaén,2020,1,2020-T1,18.3
Jaén,2020,2,2020-T2,24.66
Jaén,2020,3,2020-T3,33.47
Jaén,2020,4,2020-T4,60.6
Jaén,2021,1,2021-T1,64.77
Jaén,2021,2,2021-T2,93.99
Jaén,2021,3,2021-T3,103.35
Jaén,2021,4,2021-T4,72.44
Jaén,2022,1,2022-T1,154.22
Jaén,2022,2,2022-T2,40.28
Jaén,2022,3,2022-T3,197.84
Jaén,2022,4,2022-T4,59.29
Jaén,2023,1,2023-T1,115.83
Jaén,2023,2,2023-T2,36.62
Jaén,2023,3,2023-T3,30.76
Jaén,2023,4,2023-T4,74.07
Jaén,2024,1,2024-T1,45.25
Jaén,2024,2,2024-T2,36.66
Jaén,2024,3,2024-T3,28.04
Jaén,2024,4,2024-T4,9.67
Jaén,2025,1,2025-T1,35.58
Jaén,2025,2,2025-T2,38.33
Jaén,2025,3,2025-T3,44.78
Jaén,2025,4,2025-T4,71.39
Jaén,2026,1,2026-T1,35.25
León,2004,1,2004-T1,133.9
León,2004,2,2004-T2,338.8
León,2004,3,2004-T3,466.2
León,2004,4,2004-T4,373.1
León,2005,1,2005-T1,327.9
León,2005,2,2005-T2,274.8
León,2005,3,2005-T3,158.8
León,2005,4,2005-T4,273.5
León,2006,1,2006-T1,220.0
León,2006,2,2006-T2,215.6
León,2006,3,2006-T3,177.2
León,2006,4,2006-T4,258.1
León,2007,1,2007-T1,328.8
León,2007,2,2007-T2,149.7
León,2007,3,2007-T3,166.73292999999998
León,2007,4,2007-T4,166.0
León,2008,1,2008-T1,142.5
León,2008,2,2008-T2,95.0
León,2008,3,2008-T3,101.05
León,2008,4,2008-T4,71.39
León,2009,1,2009-T1,96.44
León,2009,2,2009-T2,78.37
León,2009,3,2009-T3,157.77
León,2009,4,2009-T4,77.14
León,2010,1,2010-T1,27.82
León,2010,2,2010-T2,200.95
León,2010,3,2010-T3,39.24
León,2010,4,2010-T4,142.08
León,2011,1,2011-T1,60.88
León,2011,2,2011-T2,66.69
León,2011,3,2011-T3,34.72
León,2011,4,2011-T4,43.44
León,2012,1,2012-T1,37.39
León,2012,2,2012-T2,92.65
León,2012,3,2012-T3,46.3
León,2012,4,2012-T4,28.25
León,2013,1,2013-T1,24.57
León,2013,2,2013-T2,107.01
León,2013,3,2013-T3,84.5
León,2013,4,2013-T4,43.23
León,2014,1,2014-T1,83.63
León,2014,2,2014-T2,22.58
León,2014,3,2014-T3,52.1
León,2014,4,2014-T4,202.43
León,2015,1,2015-T1,26.94
León,2015,2,2015-T2,36.22
León,2015,3,2015-T3,41.04
León,2015,4,2015-T4,45.14
León,2016,1,2016-T1,38.14
León,2016,2,2016-T2,31.72
León,2016,3,2016-T3,35.49
León,2016,4,2016-T4,82.3
León,2017,1,2017-T1,61.68
León,2017,2,2017-T2,40.26
León,2017,3,2017-T3,53.88
León,2017,4,2017-T4,54.45
León,2018,1,2018-T1,164.46
León,2018,2,2018-T2,70.88
León,2018,3,2018-T3,41.54
León,2018,4,2018-T4,72.87
León,2019,1,2019-T1,100.4
León,2019,2,2019-T2,22.15
León,2019,3,2019-T3,107.13
León,2019,4,2019-T4,60.96
León,2020,1,2020-T1,17.49
León,2020,2,2020-T2,23.11
León,2020,3,2020-T3,56.8
León,2020,4,2020-T4,91.84
León,2021,1,2021-T1,79.4
León,2021,2,2021-T2,77.96
León,2021,3,2021-T3,51.35
León,2021,4,2021-T4,160.47
León,2022,1,2022-T1,82.84
León,2022,2,2022-T2,61.02
León,2022,3,2022-T3,51.0
León,2022,4,2022-T4,134.88
León,2023,1,2023-T1,435.15
León,2023,2,2023-T2,52.72
León,2023,3,2023-T3,46.01
León,2023,4,2023-T4,66.85
León,2024,1,2024-T1,28.49
León,2024,2,2024-T2,35.02
León,2024,3,2024-T3,63.44
León,2024,4,2024-T4,233.16
León,2025,1,2025-T1,65.01
León,2025,2,2025-T2,93.25
León,2025,3,2025-T3,101.48
León,2025,4,2025-T4,122.0
León,2026,1,2026-T1,65.7
Lleida,2004,1,2004-T1,445.0
Lleida,2004,2,2004-T2,411.1
Lleida,2004,3,2004-T3,462.2
Lleida,2004,4,2004-T4,501.4
Lleida,2005,1,2005-T1,441.6
Lleida,2005,2,2005-T2,565.5
Lleida,2005,3,2005-T3,607.9
Lleida,2005,4,2005-T4,292.2
Lleida,2006,1,2006-T1,347.1
Lleida,2006,2,2006-T2,587.3
Lleida,2006,3,2006-T3,238.9
Lleida,2006,4,2006-T4,330.1
Lleida,2007,1,2007-T1,398.5
Lleida,2007,2,2007-T2,392.9
Lleida,2007,3,2007-T3,355.2451
Lleida,2007,4,2007-T4,178.9
Lleida,2008,1,2008-T1,372.4
Lleida,2008,2,2008-T2,116.3
Lleida,2008,3,2008-T3,295.95
Lleida,2008,4,2008-T4,258.77
Lleida,2009,1,2009-T1,166.52
Lleida,2009,2,2009-T2,100.46
Lleida,2009,3,2009-T3,108.09
Lleida,2009,4,2009-T4,99.51
Lleida,2010,1,2010-T1,46.13
Lleida,2010,2,2010-T2,66.49
Lleida,2010,3,2010-T3,26.72
Lleida,2010,4,2010-T4,54.13
Lleida,2011,1,2011-T1,43.5
Lleida,2011,2,2011-T2,58.86
Lleida,2011,3,2011-T3,30.26
Lleida,2011,4,2011-T4,63.59
Lleida,2012,1,2012-T1,85.31
Lleida,2012,2,2012-T2,34.29
Lleida,2012,3,2012-T3,40.14
Lleida,2012,4,2012-T4,26.53
Lleida,2013,1,2013-T1,27.13
Lleida,2013,2,2013-T2,67.59
Lleida,2013,3,2013-T3,72.29
Lleida,2013,4,2013-T4,93.2
Lleida,2014,1,2014-T1,52.68
Lleida,2014,2,2014-T2,69.42
Lleida,2014,3,2014-T3,53.1
Lleida,2014,4,2014-T4,59.04
Lleida,2015,1,2015-T1,75.88
Lleida,2015,2,2015-T2,84.64
Lleida,2015,3,2015-T3,76.86
Lleida,2015,4,2015-T4,54.29
Lleida,2016,1,2016-T1,55.93
Lleida,2016,2,2016-T2,86.29
Lleida,2016,3,2016-T3,80.78
Lleida,2016,4,2016-T4,50.94
Lleida,2017,1,2017-T1,62.84
Lleida,2017,2,2017-T2,78.28
Lleida,2017,3,2017-T3,59.71
Lleida,2017,4,2017-T4,93.41
Lleida,2018,1,2018-T1,61.03
Lleida,2018,2,2018-T2,114.33
Lleida,2018,3,2018-T3,90.27
Lleida,2018,4,2018-T4,79.6
Lleida,2019,1,2019-T1,30.53
Lleida,2019,2,2019-T2,48.77
Lleida,2019,3,2019-T3,45.78
Lleida,2019,4,2019-T4,84.45
Lleida,2020,1,2020-T1,26.62
Lleida,2020,2,2020-T2,30.63
Lleida,2020,3,2020-T3,27.73
Lleida,2020,4,2020-T4,94.14
Lleida,2021,1,2021-T1,83.2
Lleida,2021,2,2021-T2,86.5
Lleida,2021,3,2021-T3,61.73
Lleida,2021,4,2021-T4,101.78
Lleida,2022,1,2022-T1,53.78
Lleida,2022,2,2022-T2,59.7
Lleida,2022,3,2022-T3,70.67
Lleida,2022,4,2022-T4,92.9
Lleida,2023,1,2023-T1,35.44
Lleida,2023,2,2023-T2,168.4
Lleida,2023,3,2023-T3,54.25
Lleida,2023,4,2023-T4,51.09
Lleida,2024,1,2024-T1,120.8
Lleida,2024,2,2024-T2,83.41
Lleida,2024,3,2024-T3,52.9
Lleida,2024,4,2024-T4,52.31
Lleida,2025,1,2025-T1,136.61
Lleida,2025,2,2025-T2,104.57
Lleida,2025,3,2025-T3,181.82
Lleida,2025,4,2025-T4,91.97
Lleida,2026,1,2026-T1,214.89
Lugo,2004,1,2004-T1,29.6
Lugo,2004,2,2004-T2,83.9
Lugo,2004,3,2004-T3,76.8
Lugo,2004,4,2004-T4,64.8
Lugo,2005,1,2005-T1,24.7
Lugo,2005,2,2005-T2,122.9
Lugo,2005,3,2005-T3,83.0
Lugo,2005,4,2005-T4,47.8
Lugo,2006,1,2006-T1,53.8
Lugo,2006,2,2006-T2,53.4
Lugo,2006,3,2006-T3,62.3
Lugo,2006,4,2006-T4,86.6
Lugo,2007,1,2007-T1,53.9
Lugo,2007,2,2007-T2,57.2
Lugo,2007,3,2007-T3,14.81035
Lugo,2007,4,2007-T4,72.9
Lugo,2008,1,2008-T1,44.7
Lugo,2008,2,2008-T2,25.8
Lugo,2008,3,2008-T3,14.54
Lugo,2008,4,2008-T4,21.18
Lugo,2009,1,2009-T1,59.69
Lugo,2009,2,2009-T2,17.59
Lugo,2009,3,2009-T3,87.6
Lugo,2009,4,2009-T4,20.01
Lugo,2010,1,2010-T1,31.5
Lugo,2010,2,2010-T2,47.47
Lugo,2010,3,2010-T3,8.29
Lugo,2010,4,2010-T4,18.35
Lugo,2011,1,2011-T1,14.91
Lugo,2011,2,2011-T2,56.25
Lugo,2011,3,2011-T3,18.54
Lugo,2011,4,2011-T4,10.82
Lugo,2012,1,2012-T1,16.76
Lugo,2012,2,2012-T2,11.52
Lugo,2012,3,2012-T3,28.15
Lugo,2012,4,2012-T4,7.89
Lugo,2013,1,2013-T1,10.46
Lugo,2013,2,2013-T2,15.68
Lugo,2013,3,2013-T3,11.44
Lugo,2013,4,2013-T4,13.71
Lugo,2014,1,2014-T1,9.85
Lugo,2014,2,2014-T2,19.02
Lugo,2014,3,2014-T3,11.5
Lugo,2014,4,2014-T4,9.6
Lugo,2015,1,2015-T1,21.58
Lugo,2015,2,2015-T2,35.99
Lugo,2015,3,2015-T3,26.13
Lugo,2015,4,2015-T4,12.81
Lugo,2016,1,2016-T1,2.59
Lugo,2016,2,2016-T2,5.5
Lugo,2016,3,2016-T3,7.88
Lugo,2016,4,2016-T4,21.22
Lugo,2017,1,2017-T1,23.27
Lugo,2017,2,2017-T2,14.47
Lugo,2017,3,2017-T3,7.59
Lugo,2017,4,2017-T4,23.42
Lugo,2018,1,2018-T1,25.81
Lugo,2018,2,2018-T2,26.72
Lugo,2018,3,2018-T3,20.4
Lugo,2018,4,2018-T4,16.3
Lugo,2019,1,2019-T1,16.36
Lugo,2019,2,2019-T2,15.44
Lugo,2019,3,2019-T3,8.37
Lugo,2019,4,2019-T4,9.29
Lugo,2020,1,2020-T1,6.26
Lugo,2020,2,2020-T2,5.22
Lugo,2020,3,2020-T3,46.11
Lugo,2020,4,2020-T4,39.28
Lugo,2021,1,2021-T1,16.16
Lugo,2021,2,2021-T2,22.26
Lugo,2021,3,2021-T3,21.4
Lugo,2021,4,2021-T4,22.12
Lugo,2022,1,2022-T1,28.46
Lugo,2022,2,2022-T2,21.47
Lugo,2022,3,2022-T3,17.24
Lugo,2022,4,2022-T4,25.36
Lugo,2023,1,2023-T1,8.39
Lugo,2023,2,2023-T2,30.71
Lugo,2023,3,2023-T3,9.45
Lugo,2023,4,2023-T4,13.44
Lugo,2024,1,2024-T1,14.36
Lugo,2024,2,2024-T2,7.51
Lugo,2024,3,2024-T3,26.22
Lugo,2024,4,2024-T4,36.52
Lugo,2025,1,2025-T1,20.58
Lugo,2025,2,2025-T2,29.93
Lugo,2025,3,2025-T3,59.28
Lugo,2025,4,2025-T4,13.9
Lugo,2026,1,2026-T1,14.77
Melilla,2004,1,2004-T1,4.3
Melilla,2004,2,2004-T2,1.8
Melilla,2004,3,2004-T3,1.6
Melilla,2004,4,2004-T4,0.9
Melilla,2005,1,2005-T1,8.0
Melilla,2005,2,2005-T2,1.3
Melilla,2005,3,2005-T3,1.2
Melilla,2005,4,2005-T4,3.5
Melilla,2006,1,2006-T1,3.2
Melilla,2006,2,2006-T2,0.0
Melilla,2006,3,2006-T3,52.1
Melilla,2006,4,2006-T4,0.4
Melilla,2007,1,2007-T1,0.2
Melilla,2007,2,2007-T2,0.3
Melilla,2007,3,2007-T3,0.163
Melilla,2007,4,2007-T4,0.6
Melilla,2008,1,2008-T1,2.6
Melilla,2008,2,2008-T2,1.0
Melilla,2008,3,2008-T3,2.06
Melilla,2008,4,2008-T4,0.17
Melilla,2009,1,2009-T1,0.45
Melilla,2009,2,2009-T2,0.57
Melilla,2009,3,2009-T3,0.17
Melilla,2009,4,2009-T4,1.37
Melilla,2010,1,2010-T1,1.28
Melilla,2010,2,2010-T2,1.86
Melilla,2010,3,2010-T3,0.81
Melilla,2010,4,2010-T4,1.09
Melilla,2011,1,2011-T1,0.48
Melilla,2011,2,2011-T2,0.0
Melilla,2011,3,2011-T3,10.12
Melilla,2011,4,2011-T4,0.06
Melilla,2012,1,2012-T1,0.3
Melilla,2012,2,2012-T2,0.16
Melilla,2012,3,2012-T3,0.21
Melilla,2012,4,2012-T4,0.0
Melilla,2013,1,2013-T1,0.0
Melilla,2013,2,2013-T2,0.0
Melilla,2013,3,2013-T3,0.0
Melilla,2013,4,2013-T4,3.71
Melilla,2014,1,2014-T1,0.1
Melilla,2014,2,2014-T2,0.0
Melilla,2014,3,2014-T3,0.0
Melilla,2014,4,2014-T4,0.4
Melilla,2015,1,2015-T1,0.3
Melilla,2015,2,2015-T2,0.0
Melilla,2015,3,2015-T3,0.39
Melilla,2015,4,2015-T4,0.32
Melilla,2016,1,2016-T1,1.28
Melilla,2016,2,2016-T2,0.0
Melilla,2016,3,2016-T3,0.0
Melilla,2016,4,2016-T4,4.04
Melilla,2017,1,2017-T1,0.0
Melilla,2017,2,2017-T2,0.21
Melilla,2017,3,2017-T3,2.3
Melilla,2017,4,2017-T4,0.0
Melilla,2018,1,2018-T1,0.0
Melilla,2018,2,2018-T2,0.07
Melilla,2018,3,2018-T3,0.2
Melilla,2018,4,2018-T4,0.0
Melilla,2019,1,2019-T1,0.0
Melilla,2019,2,2019-T2,0.89
Melilla,2019,3,2019-T3,0.2
Melilla,2019,4,2019-T4,1.3
Melilla,2020,1,2020-T1,0.15
Melilla,2020,2,2020-T2,0.0
Melilla,2020,3,2020-T3,0.0
Melilla,2020,4,2020-T4,0.0
Melilla,2021,1,2021-T1,0.1
Melilla,2021,2,2021-T2,0.28
Melilla,2021,3,2021-T3,0.1
Melilla,2021,4,2021-T4,0.43
Melilla,2022,1,2022-T1,0.45
Melilla,2022,2,2022-T2,0.0
Melilla,2022,3,2022-T3,0.0
Melilla,2022,4,2022-T4,0.0
Melilla,2023,1,2023-T1,0.1
Melilla,2023,2,2023-T2,0.0
Melilla,2023,3,2023-T3,0.0
Melilla,2023,4,2023-T4,0.63
Melilla,2024,1,2024-T1,0.04
Melilla,2024,2,2024-T2,0.2
Melilla,2024,3,2024-T3,0.0
Melilla,2024,4,2024-T4,0.1
Melilla,2025,1,2025-T1,0.08
Melilla,2025,2,2025-T2,0.0
Melilla,2025,3,2025-T3,0.0
Melilla,2025,4,2025-T4,0.0
Melilla,2026,1,2026-T1,0.12
Málaga,2004,1,2004-T1,574.6
Málaga,2004,2,2004-T2,1299.2
Málaga,2004,3,2004-T3,280.7
Málaga,2004,4,2004-T4,1427.9
Málaga,2005,1,2005-T1,497.1
Málaga,2005,2,2005-T2,512.6
Málaga,2005,3,2005-T3,848.4
Málaga,2005,4,2005-T4,273.4
Málaga,2006,1,2006-T1,487.0
Málaga,2006,2,2006-T2,758.6
Málaga,2006,3,2006-T3,529.0
Málaga,2006,4,2006-T4,1088.5
Málaga,2007,1,2007-T1,864.7
Málaga,2007,2,2007-T2,1548.6
Málaga,2007,3,2007-T3,648.20564
Málaga,2007,4,2007-T4,417.8
Málaga,2008,1,2008-T1,525.2
Málaga,2008,2,2008-T2,384.3
Málaga,2008,3,2008-T3,225.26
Málaga,2008,4,2008-T4,967.89
Málaga,2009,1,2009-T1,349.86
Málaga,2009,2,2009-T2,429.53
Málaga,2009,3,2009-T3,299.1
Málaga,2009,4,2009-T4,349.84
Málaga,2010,1,2010-T1,288.68
Málaga,2010,2,2010-T2,336.85
Málaga,2010,3,2010-T3,189.09
Málaga,2010,4,2010-T4,201.17
Málaga,2011,1,2011-T1,273.02
Málaga,2011,2,2011-T2,361.78
Málaga,2011,3,2011-T3,117.15
Málaga,2011,4,2011-T4,394.25
Málaga,2012,1,2012-T1,288.64
Málaga,2012,2,2012-T2,316.71
Málaga,2012,3,2012-T3,171.91
Málaga,2012,4,2012-T4,300.7
Málaga,2013,1,2013-T1,114.37
Málaga,2013,2,2013-T2,183.78
Málaga,2013,3,2013-T3,181.58
Málaga,2013,4,2013-T4,356.01
Málaga,2014,1,2014-T1,472.89
Málaga,2014,2,2014-T2,299.99
Málaga,2014,3,2014-T3,684.09
Málaga,2014,4,2014-T4,465.89
Málaga,2015,1,2015-T1,210.15
Málaga,2015,2,2015-T2,498.28
Málaga,2015,3,2015-T3,239.8
Málaga,2015,4,2015-T4,412.42
Málaga,2016,1,2016-T1,335.92
Málaga,2016,2,2016-T2,447.66
Málaga,2016,3,2016-T3,397.73
Málaga,2016,4,2016-T4,495.75
Málaga,2017,1,2017-T1,482.43
Málaga,2017,2,2017-T2,485.19
Málaga,2017,3,2017-T3,720.91
Málaga,2017,4,2017-T4,870.33
Málaga,2018,1,2018-T1,324.69
Málaga,2018,2,2018-T2,827.9
Málaga,2018,3,2018-T3,497.26
Málaga,2018,4,2018-T4,505.42
Málaga,2019,1,2019-T1,516.5
Málaga,2019,2,2019-T2,238.11
Málaga,2019,3,2019-T3,531.83
Málaga,2019,4,2019-T4,616.19
Málaga,2020,1,2020-T1,198.73
Málaga,2020,2,2020-T2,147.01
Málaga,2020,3,2020-T3,207.33
Málaga,2020,4,2020-T4,535.49
Málaga,2021,1,2021-T1,410.37
Málaga,2021,2,2021-T2,661.69
Málaga,2021,3,2021-T3,499.48
Málaga,2021,4,2021-T4,538.42
Málaga,2022,1,2022-T1,657.27
Málaga,2022,2,2022-T2,423.21
Málaga,2022,3,2022-T3,453.29
Málaga,2022,4,2022-T4,484.02
Málaga,2023,1,2023-T1,1072.26
Málaga,2023,2,2023-T2,361.6
Málaga,2023,3,2023-T3,240.74
Málaga,2023,4,2023-T4,291.18
Málaga,2024,1,2024-T1,296.1
Málaga,2024,2,2024-T2,253.73
Málaga,2024,3,2024-T3,413.69
Málaga,2024,4,2024-T4,934.67
Málaga,2025,1,2025-T1,372.94
Málaga,2025,2,2025-T2,539.89
Málaga,2025,3,2025-T3,317.4
Málaga,2025,4,2025-T4,670.56
Málaga,2026,1,2026-T1,480.66
Ourense,2004,1,2004-T1,36.0
Ourense,2004,2,2004-T2,65.1
Ourense,2004,3,2004-T3,455.1
Ourense,2004,4,2004-T4,121.8
Ourense,2005,1,2005-T1,93.1
Ourense,2005,2,2005-T2,55.5
Ourense,2005,3,2005-T3,42.2
Ourense,2005,4,2005-T4,64.2
Ourense,2006,1,2006-T1,118.9
Ourense,2006,2,2006-T2,77.2
Ourense,2006,3,2006-T3,35.1
Ourense,2006,4,2006-T4,69.5
Ourense,2007,1,2007-T1,25.9
Ourense,2007,2,2007-T2,39.1
Ourense,2007,3,2007-T3,50.00871
Ourense,2007,4,2007-T4,42.3
Ourense,2008,1,2008-T1,41.0
Ourense,2008,2,2008-T2,27.7
Ourense,2008,3,2008-T3,18.61
Ourense,2008,4,2008-T4,27.28
Ourense,2009,1,2009-T1,22.71
Ourense,2009,2,2009-T2,32.93
Ourense,2009,3,2009-T3,12.21
Ourense,2009,4,2009-T4,18.97
Ourense,2010,1,2010-T1,25.32
Ourense,2010,2,2010-T2,12.25
Ourense,2010,3,2010-T3,43.22
Ourense,2010,4,2010-T4,6.73
Ourense,2011,1,2011-T1,16.88
Ourense,2011,2,2011-T2,28.96
Ourense,2011,3,2011-T3,5.83
Ourense,2011,4,2011-T4,7.17
Ourense,2012,1,2012-T1,6.62
Ourense,2012,2,2012-T2,5.21
Ourense,2012,3,2012-T3,6.65
Ourense,2012,4,2012-T4,8.88
Ourense,2013,1,2013-T1,2.17
Ourense,2013,2,2013-T2,14.46
Ourense,2013,3,2013-T3,10.66
Ourense,2013,4,2013-T4,8.53
Ourense,2014,1,2014-T1,6.13
Ourense,2014,2,2014-T2,7.93
Ourense,2014,3,2014-T3,14.11
Ourense,2014,4,2014-T4,9.49
Ourense,2015,1,2015-T1,5.67
Ourense,2015,2,2015-T2,8.61
Ourense,2015,3,2015-T3,34.49
Ourense,2015,4,2015-T4,9.19
Ourense,2016,1,2016-T1,11.72
Ourense,2016,2,2016-T2,13.13
Ourense,2016,3,2016-T3,7.31
Ourense,2016,4,2016-T4,21.34
Ourense,2017,1,2017-T1,8.44
Ourense,2017,2,2017-T2,24.67
Ourense,2017,3,2017-T3,7.14
Ourense,2017,4,2017-T4,10.38
Ourense,2018,1,2018-T1,8.57
Ourense,2018,2,2018-T2,10.09
Ourense,2018,3,2018-T3,26.25
Ourense,2018,4,2018-T4,23.01
Ourense,2019,1,2019-T1,7.55
Ourense,2019,2,2019-T2,15.83
Ourense,2019,3,2019-T3,7.34
Ourense,2019,4,2019-T4,7.22
Ourense,2020,1,2020-T1,103.73
Ourense,2020,2,2020-T2,5.68
Ourense,2020,3,2020-T3,8.22
Ourense,2020,4,2020-T4,10.23
Ourense,2021,1,2021-T1,7.28
Ourense,2021,2,2021-T2,33.97
Ourense,2021,3,2021-T3,15.09
Ourense,2021,4,2021-T4,10.62
Ourense,2022,1,2022-T1,9.02
Ourense,2022,2,2022-T2,9.81
Ourense,2022,3,2022-T3,13.68
Ourense,2022,4,2022-T4,18.62
Ourense,2023,1,2023-T1,4.14
Ourense,2023,2,2023-T2,3.33
Ourense,2023,3,2023-T3,3.3
Ourense,2023,4,2023-T4,11.86
Ourense,2024,1,2024-T1,5.66
Ourense,2024,2,2024-T2,0.6
Ourense,2024,3,2024-T3,11.24
Ourense,2024,4,2024-T4,19.4
Ourense,2025,1,2025-T1,32.67
Ourense,2025,2,2025-T2,8.91
Ourense,2025,3,2025-T3,6.67
Ourense,2025,4,2025-T4,22.33
Ourense,2026,1,2026-T1,20.12
Palencia,2004,1,2004-T1,177.8
Palencia,2004,2,2004-T2,125.0
Palencia,2004,3,2004-T3,137.9
Palencia,2004,4,2004-T4,370.6
Palencia,2005,1,2005-T1,102.0
Palencia,2005,2,2005-T2,191.6
Palencia,2005,3,2005-T3,133.5
Palencia,2005,4,2005-T4,74.3
Palencia,2006,1,2006-T1,71.2
Palencia,2006,2,2006-T2,483.0
Palencia,2006,3,2006-T3,132.1
Palencia,2006,4,2006-T4,118.3
Palencia,2007,1,2007-T1,61.7
Palencia,2007,2,2007-T2,60.5
Palencia,2007,3,2007-T3,23.27976
Palencia,2007,4,2007-T4,72.3
Palencia,2008,1,2008-T1,32.4
Palencia,2008,2,2008-T2,46.5
Palencia,2008,3,2008-T3,26.77
Palencia,2008,4,2008-T4,84.64
Palencia,2009,1,2009-T1,34.09
Palencia,2009,2,2009-T2,98.08
Palencia,2009,3,2009-T3,36.74
Palencia,2009,4,2009-T4,52.6
Palencia,2010,1,2010-T1,12.36
Palencia,2010,2,2010-T2,32.31
Palencia,2010,3,2010-T3,26.03
Palencia,2010,4,2010-T4,97.54
Palencia,2011,1,2011-T1,29.95
Palencia,2011,2,2011-T2,42.61
Palencia,2011,3,2011-T3,14.67
Palencia,2011,4,2011-T4,32.0
Palencia,2012,1,2012-T1,46.41
Palencia,2012,2,2012-T2,256.58
Palencia,2012,3,2012-T3,64.52
Palencia,2012,4,2012-T4,15.6
Palencia,2013,1,2013-T1,17.73
Palencia,2013,2,2013-T2,176.27
Palencia,2013,3,2013-T3,8.61
Palencia,2013,4,2013-T4,177.33
Palencia,2014,1,2014-T1,7.08
Palencia,2014,2,2014-T2,24.18
Palencia,2014,3,2014-T3,16.01
Palencia,2014,4,2014-T4,27.79
Palencia,2015,1,2015-T1,14.77
Palencia,2015,2,2015-T2,13.85
Palencia,2015,3,2015-T3,117.63
Palencia,2015,4,2015-T4,17.7
Palencia,2016,1,2016-T1,4.33
Palencia,2016,2,2016-T2,11.99
Palencia,2016,3,2016-T3,31.61
Palencia,2016,4,2016-T4,3.87
Palencia,2017,1,2017-T1,14.15
Palencia,2017,2,2017-T2,9.0
Palencia,2017,3,2017-T3,22.13
Palencia,2017,4,2017-T4,13.02
Palencia,2018,1,2018-T1,12.27
Palencia,2018,2,2018-T2,45.54
Palencia,2018,3,2018-T3,29.44
Palencia,2018,4,2018-T4,112.61
Palencia,2019,1,2019-T1,14.63
Palencia,2019,2,2019-T2,19.47
Palencia,2019,3,2019-T3,25.45
Palencia,2019,4,2019-T4,11.3
Palencia,2020,1,2020-T1,44.51
Palencia,2020,2,2020-T2,19.09
Palencia,2020,3,2020-T3,17.75
Palencia,2020,4,2020-T4,40.75
Palencia,2021,1,2021-T1,46.8
Palencia,2021,2,2021-T2,37.11
Palencia,2021,3,2021-T3,38.84
Palencia,2021,4,2021-T4,24.02
Palencia,2022,1,2022-T1,27.38
Palencia,2022,2,2022-T2,69.58
Palencia,2022,3,2022-T3,30.89
Palencia,2022,4,2022-T4,53.05
Palencia,2023,1,2023-T1,13.17
Palencia,2023,2,2023-T2,59.49
Palencia,2023,3,2023-T3,19.19
Palencia,2023,4,2023-T4,23.64
Palencia,2024,1,2024-T1,51.25
Palencia,2024,2,2024-T2,20.97
Palencia,2024,3,2024-T3,159.97
Palencia,2024,4,2024-T4,143.59
Palencia,2025,1,2025-T1,116.24
Palencia,2025,2,2025-T2,27.94
Palencia,2025,3,2025-T3,29.58
Palencia,2025,4,2025-T4,36.96
Palencia,2026,1,2026-T1,39.5
Palmas (Las),2004,1,2004-T1,535.3
Palmas (Las),2004,2,2004-T2,547.2
Palmas (Las),2004,3,2004-T3,670.4
Palmas (Las),2004,4,2004-T4,545.4
Palmas (Las),2005,1,2005-T1,655.2
Palmas (Las),2005,2,2005-T2,452.6
Palmas (Las),2005,3,2005-T3,320.6
Palmas (Las),2005,4,2005-T4,265.1
Palmas (Las),2006,1,2006-T1,501.8
Palmas (Las),2006,2,2006-T2,240.9
Palmas (Las),2006,3,2006-T3,117.8
Palmas (Las),2006,4,2006-T4,468.9
Palmas (Las),2007,1,2007-T1,233.2
Palmas (Las),2007,2,2007-T2,133.1
Palmas (Las),2007,3,2007-T3,249.33133999999998
Palmas (Las),2007,4,2007-T4,229.0
Palmas (Las),2008,1,2008-T1,103.9
Palmas (Las),2008,2,2008-T2,94.5
Palmas (Las),2008,3,2008-T3,275.14
Palmas (Las),2008,4,2008-T4,85.96
Palmas (Las),2009,1,2009-T1,89.88
Palmas (Las),2009,2,2009-T2,79.0
Palmas (Las),2009,3,2009-T3,44.08
Palmas (Las),2009,4,2009-T4,130.12
Palmas (Las),2010,1,2010-T1,31.65
Palmas (Las),2010,2,2010-T2,81.58
Palmas (Las),2010,3,2010-T3,67.51
Palmas (Las),2010,4,2010-T4,40.32
Palmas (Las),2011,1,2011-T1,31.29
Palmas (Las),2011,2,2011-T2,146.08
Palmas (Las),2011,3,2011-T3,27.57
Palmas (Las),2011,4,2011-T4,27.47
Palmas (Las),2012,1,2012-T1,14.72
Palmas (Las),2012,2,2012-T2,190.01
Palmas (Las),2012,3,2012-T3,76.9
Palmas (Las),2012,4,2012-T4,102.02
Palmas (Las),2013,1,2013-T1,49.83
Palmas (Las),2013,2,2013-T2,59.65
Palmas (Las),2013,3,2013-T3,145.45
Palmas (Las),2013,4,2013-T4,38.25
Palmas (Las),2014,1,2014-T1,419.17
Palmas (Las),2014,2,2014-T2,53.33
Palmas (Las),2014,3,2014-T3,33.52
Palmas (Las),2014,4,2014-T4,120.75
Palmas (Las),2015,1,2015-T1,34.36
Palmas (Las),2015,2,2015-T2,92.02
Palmas (Las),2015,3,2015-T3,64.09
Palmas (Las),2015,4,2015-T4,47.78
Palmas (Las),2016,1,2016-T1,69.03
Palmas (Las),2016,2,2016-T2,51.39
Palmas (Las),2016,3,2016-T3,94.81
Palmas (Las),2016,4,2016-T4,89.29
Palmas (Las),2017,1,2017-T1,57.69
Palmas (Las),2017,2,2017-T2,128.02
Palmas (Las),2017,3,2017-T3,47.01
Palmas (Las),2017,4,2017-T4,68.03
Palmas (Las),2018,1,2018-T1,100.41
Palmas (Las),2018,2,2018-T2,70.98
Palmas (Las),2018,3,2018-T3,85.57
Palmas (Las),2018,4,2018-T4,172.21
Palmas (Las),2019,1,2019-T1,54.36
Palmas (Las),2019,2,2019-T2,79.52
Palmas (Las),2019,3,2019-T3,45.26
Palmas (Las),2019,4,2019-T4,88.57
Palmas (Las),2020,1,2020-T1,54.45
Palmas (Las),2020,2,2020-T2,30.82
Palmas (Las),2020,3,2020-T3,33.54
Palmas (Las),2020,4,2020-T4,139.78
Palmas (Las),2021,1,2021-T1,120.9
Palmas (Las),2021,2,2021-T2,102.67
Palmas (Las),2021,3,2021-T3,67.66
Palmas (Las),2021,4,2021-T4,216.9
Palmas (Las),2022,1,2022-T1,72.35
Palmas (Las),2022,2,2022-T2,76.69
Palmas (Las),2022,3,2022-T3,77.49
Palmas (Las),2022,4,2022-T4,66.98
Palmas (Las),2023,1,2023-T1,95.38
Palmas (Las),2023,2,2023-T2,249.48
Palmas (Las),2023,3,2023-T3,62.47
Palmas (Las),2023,4,2023-T4,61.4
Palmas (Las),2024,1,2024-T1,96.95
Palmas (Las),2024,2,2024-T2,74.37
Palmas (Las),2024,3,2024-T3,196.37
Palmas (Las),2024,4,2024-T4,92.39
Palmas (Las),2025,1,2025-T1,35.03
Palmas (Las),2025,2,2025-T2,91.87
Palmas (Las),2025,3,2025-T3,206.67
Palmas (Las),2025,4,2025-T4,142.99
Palmas (Las),2026,1,2026-T1,73.23
Pontevedra,2004,1,2004-T1,75.2
Pontevedra,2004,2,2004-T2,144.4
Pontevedra,2004,3,2004-T3,245.1
Pontevedra,2004,4,2004-T4,266.6
Pontevedra,2005,1,2005-T1,192.0
Pontevedra,2005,2,2005-T2,103.8
Pontevedra,2005,3,2005-T3,144.4
Pontevedra,2005,4,2005-T4,175.5
Pontevedra,2006,1,2006-T1,165.2
Pontevedra,2006,2,2006-T2,67.3
Pontevedra,2006,3,2006-T3,125.9
Pontevedra,2006,4,2006-T4,123.4
Pontevedra,2007,1,2007-T1,46.9
Pontevedra,2007,2,2007-T2,66.7
Pontevedra,2007,3,2007-T3,48.29769
Pontevedra,2007,4,2007-T4,81.6
Pontevedra,2008,1,2008-T1,33.1
Pontevedra,2008,2,2008-T2,29.8
Pontevedra,2008,3,2008-T3,33.8
Pontevedra,2008,4,2008-T4,51.68
Pontevedra,2009,1,2009-T1,32.35
Pontevedra,2009,2,2009-T2,34.69
Pontevedra,2009,3,2009-T3,72.0
Pontevedra,2009,4,2009-T4,63.44
Pontevedra,2010,1,2010-T1,52.27
Pontevedra,2010,2,2010-T2,35.12
Pontevedra,2010,3,2010-T3,25.69
Pontevedra,2010,4,2010-T4,55.53
Pontevedra,2011,1,2011-T1,24.97
Pontevedra,2011,2,2011-T2,30.36
Pontevedra,2011,3,2011-T3,20.95
Pontevedra,2011,4,2011-T4,17.77
Pontevedra,2012,1,2012-T1,14.69
Pontevedra,2012,2,2012-T2,47.56
Pontevedra,2012,3,2012-T3,5.26
Pontevedra,2012,4,2012-T4,37.93
Pontevedra,2013,1,2013-T1,13.17
Pontevedra,2013,2,2013-T2,29.1
Pontevedra,2013,3,2013-T3,26.51
Pontevedra,2013,4,2013-T4,35.79
Pontevedra,2014,1,2014-T1,22.61
Pontevedra,2014,2,2014-T2,25.0
Pontevedra,2014,3,2014-T3,28.22
Pontevedra,2014,4,2014-T4,39.38
Pontevedra,2015,1,2015-T1,24.57
Pontevedra,2015,2,2015-T2,40.81
Pontevedra,2015,3,2015-T3,49.65
Pontevedra,2015,4,2015-T4,116.61
Pontevedra,2016,1,2016-T1,24.28
Pontevedra,2016,2,2016-T2,41.49
Pontevedra,2016,3,2016-T3,19.99
Pontevedra,2016,4,2016-T4,21.54
Pontevedra,2017,1,2017-T1,26.21
Pontevedra,2017,2,2017-T2,70.51
Pontevedra,2017,3,2017-T3,36.48
Pontevedra,2017,4,2017-T4,44.73
Pontevedra,2018,1,2018-T1,60.55
Pontevedra,2018,2,2018-T2,58.04
Pontevedra,2018,3,2018-T3,42.75
Pontevedra,2018,4,2018-T4,25.98
Pontevedra,2019,1,2019-T1,45.37
Pontevedra,2019,2,2019-T2,23.71
Pontevedra,2019,3,2019-T3,33.66
Pontevedra,2019,4,2019-T4,54.97
Pontevedra,2020,1,2020-T1,8.67
Pontevedra,2020,2,2020-T2,14.96
Pontevedra,2020,3,2020-T3,13.27
Pontevedra,2020,4,2020-T4,41.17
Pontevedra,2021,1,2021-T1,57.18
Pontevedra,2021,2,2021-T2,111.57
Pontevedra,2021,3,2021-T3,50.23
Pontevedra,2021,4,2021-T4,33.25
Pontevedra,2022,1,2022-T1,50.8
Pontevedra,2022,2,2022-T2,27.47
Pontevedra,2022,3,2022-T3,21.72
Pontevedra,2022,4,2022-T4,31.36
Pontevedra,2023,1,2023-T1,19.09
Pontevedra,2023,2,2023-T2,31.97
Pontevedra,2023,3,2023-T3,37.84
Pontevedra,2023,4,2023-T4,13.3
Pontevedra,2024,1,2024-T1,26.62
Pontevedra,2024,2,2024-T2,30.84
Pontevedra,2024,3,2024-T3,31.37
Pontevedra,2024,4,2024-T4,18.81
Pontevedra,2025,1,2025-T1,57.97
Pontevedra,2025,2,2025-T2,41.77
Pontevedra,2025,3,2025-T3,68.18
Pontevedra,2025,4,2025-T4,61.29
Pontevedra,2026,1,2026-T1,36.72
Salamanca,2004,1,2004-T1,121.8
Salamanca,2004,2,2004-T2,144.0
Salamanca,2004,3,2004-T3,156.4
Salamanca,2004,4,2004-T4,187.9
Salamanca,2005,1,2005-T1,86.9
Salamanca,2005,2,2005-T2,93.4
Salamanca,2005,3,2005-T3,190.9
Salamanca,2005,4,2005-T4,36.6
Salamanca,2006,1,2006-T1,106.6
Salamanca,2006,2,2006-T2,61.7
Salamanca,2006,3,2006-T3,66.9
Salamanca,2006,4,2006-T4,659.7
Salamanca,2007,1,2007-T1,202.0
Salamanca,2007,2,2007-T2,90.7
Salamanca,2007,3,2007-T3,62.70519
Salamanca,2007,4,2007-T4,53.2
Salamanca,2008,1,2008-T1,131.6
Salamanca,2008,2,2008-T2,114.6
Salamanca,2008,3,2008-T3,50.91
Salamanca,2008,4,2008-T4,236.84
Salamanca,2009,1,2009-T1,49.74
Salamanca,2009,2,2009-T2,77.49
Salamanca,2009,3,2009-T3,28.21
Salamanca,2009,4,2009-T4,36.76
Salamanca,2010,1,2010-T1,40.98
Salamanca,2010,2,2010-T2,133.05
Salamanca,2010,3,2010-T3,39.42
Salamanca,2010,4,2010-T4,50.35
Salamanca,2011,1,2011-T1,29.31
Salamanca,2011,2,2011-T2,117.4
Salamanca,2011,3,2011-T3,25.68
Salamanca,2011,4,2011-T4,56.08
Salamanca,2012,1,2012-T1,22.34
Salamanca,2012,2,2012-T2,16.97
Salamanca,2012,3,2012-T3,39.34
Salamanca,2012,4,2012-T4,15.36
Salamanca,2013,1,2013-T1,13.25
Salamanca,2013,2,2013-T2,51.13
Salamanca,2013,3,2013-T3,21.73
Salamanca,2013,4,2013-T4,22.83
Salamanca,2014,1,2014-T1,7.63
Salamanca,2014,2,2014-T2,20.44
Salamanca,2014,3,2014-T3,18.84
Salamanca,2014,4,2014-T4,111.95
Salamanca,2015,1,2015-T1,34.7
Salamanca,2015,2,2015-T2,52.59
Salamanca,2015,3,2015-T3,49.51
Salamanca,2015,4,2015-T4,52.65
Salamanca,2016,1,2016-T1,27.19
Salamanca,2016,2,2016-T2,43.66
Salamanca,2016,3,2016-T3,12.26
Salamanca,2016,4,2016-T4,35.86
Salamanca,2017,1,2017-T1,22.49
Salamanca,2017,2,2017-T2,48.03
Salamanca,2017,3,2017-T3,128.26
Salamanca,2017,4,2017-T4,35.19
Salamanca,2018,1,2018-T1,26.27
Salamanca,2018,2,2018-T2,28.85
Salamanca,2018,3,2018-T3,28.02
Salamanca,2018,4,2018-T4,24.9
Salamanca,2019,1,2019-T1,28.0
Salamanca,2019,2,2019-T2,27.14
Salamanca,2019,3,2019-T3,26.49
Salamanca,2019,4,2019-T4,47.49
Salamanca,2020,1,2020-T1,12.07
Salamanca,2020,2,2020-T2,18.33
Salamanca,2020,3,2020-T3,64.1
Salamanca,2020,4,2020-T4,68.28
Salamanca,2021,1,2021-T1,41.59
Salamanca,2021,2,2021-T2,88.92
Salamanca,2021,3,2021-T3,64.56
Salamanca,2021,4,2021-T4,41.22
Salamanca,2022,1,2022-T1,42.82
Salamanca,2022,2,2022-T2,27.38
Salamanca,2022,3,2022-T3,43.8
Salamanca,2022,4,2022-T4,27.81
Salamanca,2023,1,2023-T1,43.02
Salamanca,2023,2,2023-T2,30.53
Salamanca,2023,3,2023-T3,36.54
Salamanca,2023,4,2023-T4,37.83
Salamanca,2024,1,2024-T1,44.16
Salamanca,2024,2,2024-T2,25.93
Salamanca,2024,3,2024-T3,60.42
Salamanca,2024,4,2024-T4,41.19
Salamanca,2025,1,2025-T1,43.08
Salamanca,2025,2,2025-T2,151.12
Salamanca,2025,3,2025-T3,94.27
Salamanca,2025,4,2025-T4,197.0
Salamanca,2026,1,2026-T1,120.99
Santa Cruz de Tenerife,2004,1,2004-T1,485.6
Santa Cruz de Tenerife,2004,2,2004-T2,271.5
Santa Cruz de Tenerife,2004,3,2004-T3,231.8
Santa Cruz de Tenerife,2004,4,2004-T4,277.8
Santa Cruz de Tenerife,2005,1,2005-T1,304.7
Santa Cruz de Tenerife,2005,2,2005-T2,423.9
Santa Cruz de Tenerife,2005,3,2005-T3,421.1
Santa Cruz de Tenerife,2005,4,2005-T4,197.3
Santa Cruz de Tenerife,2006,1,2006-T1,329.5
Santa Cruz de Tenerife,2006,2,2006-T2,229.4
Santa Cruz de Tenerife,2006,3,2006-T3,396.6
Santa Cruz de Tenerife,2006,4,2006-T4,553.4
Santa Cruz de Tenerife,2007,1,2007-T1,327.3
Santa Cruz de Tenerife,2007,2,2007-T2,166.3
Santa Cruz de Tenerife,2007,3,2007-T3,111.41182
Santa Cruz de Tenerife,2007,4,2007-T4,139.7
Santa Cruz de Tenerife,2008,1,2008-T1,61.1
Santa Cruz de Tenerife,2008,2,2008-T2,155.1
Santa Cruz de Tenerife,2008,3,2008-T3,180.98
Santa Cruz de Tenerife,2008,4,2008-T4,80.7
Santa Cruz de Tenerife,2009,1,2009-T1,192.3
Santa Cruz de Tenerife,2009,2,2009-T2,76.74
Santa Cruz de Tenerife,2009,3,2009-T3,75.49
Santa Cruz de Tenerife,2009,4,2009-T4,162.13
Santa Cruz de Tenerife,2010,1,2010-T1,40.35
Santa Cruz de Tenerife,2010,2,2010-T2,88.38
Santa Cruz de Tenerife,2010,3,2010-T3,98.14
Santa Cruz de Tenerife,2010,4,2010-T4,86.63
Santa Cruz de Tenerife,2011,1,2011-T1,59.2
Santa Cruz de Tenerife,2011,2,2011-T2,148.16
Santa Cruz de Tenerife,2011,3,2011-T3,63.65
Santa Cruz de Tenerife,2011,4,2011-T4,58.12
Santa Cruz de Tenerife,2012,1,2012-T1,85.47
Santa Cruz de Tenerife,2012,2,2012-T2,98.8
Santa Cruz de Tenerife,2012,3,2012-T3,33.12
Santa Cruz de Tenerife,2012,4,2012-T4,89.6
Santa Cruz de Tenerife,2013,1,2013-T1,74.68
Santa Cruz de Tenerife,2013,2,2013-T2,79.96
Santa Cruz de Tenerife,2013,3,2013-T3,175.0
Santa Cruz de Tenerife,2013,4,2013-T4,61.96
Santa Cruz de Tenerife,2014,1,2014-T1,56.4
Santa Cruz de Tenerife,2014,2,2014-T2,53.71
Santa Cruz de Tenerife,2014,3,2014-T3,132.79
Santa Cruz de Tenerife,2014,4,2014-T4,287.81
Santa Cruz de Tenerife,2015,1,2015-T1,66.89
Santa Cruz de Tenerife,2015,2,2015-T2,104.52
Santa Cruz de Tenerife,2015,3,2015-T3,81.7
Santa Cruz de Tenerife,2015,4,2015-T4,80.61
Santa Cruz de Tenerife,2016,1,2016-T1,394.9
Santa Cruz de Tenerife,2016,2,2016-T2,95.48
Santa Cruz de Tenerife,2016,3,2016-T3,94.68
Santa Cruz de Tenerife,2016,4,2016-T4,92.83
Santa Cruz de Tenerife,2017,1,2017-T1,121.19
Santa Cruz de Tenerife,2017,2,2017-T2,56.32
Santa Cruz de Tenerife,2017,3,2017-T3,119.24
Santa Cruz de Tenerife,2017,4,2017-T4,72.21
Santa Cruz de Tenerife,2018,1,2018-T1,94.57
Santa Cruz de Tenerife,2018,2,2018-T2,115.35
Santa Cruz de Tenerife,2018,3,2018-T3,143.69
Santa Cruz de Tenerife,2018,4,2018-T4,116.2
Santa Cruz de Tenerife,2019,1,2019-T1,48.68
Santa Cruz de Tenerife,2019,2,2019-T2,42.31
Santa Cruz de Tenerife,2019,3,2019-T3,40.66
Santa Cruz de Tenerife,2019,4,2019-T4,192.68
Santa Cruz de Tenerife,2020,1,2020-T1,67.35
Santa Cruz de Tenerife,2020,2,2020-T2,32.03
Santa Cruz de Tenerife,2020,3,2020-T3,42.0
Santa Cruz de Tenerife,2020,4,2020-T4,51.49
Santa Cruz de Tenerife,2021,1,2021-T1,30.76
Santa Cruz de Tenerife,2021,2,2021-T2,120.71
Santa Cruz de Tenerife,2021,3,2021-T3,100.66
Santa Cruz de Tenerife,2021,4,2021-T4,76.09
Santa Cruz de Tenerife,2022,1,2022-T1,181.75
Santa Cruz de Tenerife,2022,2,2022-T2,200.5
Santa Cruz de Tenerife,2022,3,2022-T3,66.02
Santa Cruz de Tenerife,2022,4,2022-T4,210.82
Santa Cruz de Tenerife,2023,1,2023-T1,129.0
Santa Cruz de Tenerife,2023,2,2023-T2,90.16
Santa Cruz de Tenerife,2023,3,2023-T3,42.02
Santa Cruz de Tenerife,2023,4,2023-T4,120.96
Santa Cruz de Tenerife,2024,1,2024-T1,207.12
Santa Cruz de Tenerife,2024,2,2024-T2,96.74
Santa Cruz de Tenerife,2024,3,2024-T3,54.9
Santa Cruz de Tenerife,2024,4,2024-T4,53.31
Santa Cruz de Tenerife,2025,1,2025-T1,51.08
Santa Cruz de Tenerife,2025,2,2025-T2,90.97
Santa Cruz de Tenerife,2025,3,2025-T3,64.24
Santa Cruz de Tenerife,2025,4,2025-T4,85.31
Santa Cruz de Tenerife,2026,1,2026-T1,69.3
Segovia,2004,1,2004-T1,349.9
Segovia,2004,2,2004-T2,393.3
Segovia,2004,3,2004-T3,481.5
Segovia,2004,4,2004-T4,483.4
Segovia,2005,1,2005-T1,416.8
Segovia,2005,2,2005-T2,721.1
Segovia,2005,3,2005-T3,275.0
Segovia,2005,4,2005-T4,381.8
Segovia,2006,1,2006-T1,567.7
Segovia,2006,2,2006-T2,288.1
Segovia,2006,3,2006-T3,239.9
Segovia,2006,4,2006-T4,180.5
Segovia,2007,1,2007-T1,213.7
Segovia,2007,2,2007-T2,191.9
Segovia,2007,3,2007-T3,98.14013
Segovia,2007,4,2007-T4,81.7
Segovia,2008,1,2008-T1,81.9
Segovia,2008,2,2008-T2,79.5
Segovia,2008,3,2008-T3,149.64
Segovia,2008,4,2008-T4,133.86
Segovia,2009,1,2009-T1,52.86
Segovia,2009,2,2009-T2,90.3
Segovia,2009,3,2009-T3,65.55
Segovia,2009,4,2009-T4,49.26
Segovia,2010,1,2010-T1,41.26
Segovia,2010,2,2010-T2,52.97
Segovia,2010,3,2010-T3,48.86
Segovia,2010,4,2010-T4,36.49
Segovia,2011,1,2011-T1,36.85
Segovia,2011,2,2011-T2,49.76
Segovia,2011,3,2011-T3,44.12
Segovia,2011,4,2011-T4,64.91
Segovia,2012,1,2012-T1,26.03
Segovia,2012,2,2012-T2,84.43
Segovia,2012,3,2012-T3,104.15
Segovia,2012,4,2012-T4,54.59
Segovia,2013,1,2013-T1,14.98
Segovia,2013,2,2013-T2,17.85
Segovia,2013,3,2013-T3,29.98
Segovia,2013,4,2013-T4,19.46
Segovia,2014,1,2014-T1,27.29
Segovia,2014,2,2014-T2,34.82
Segovia,2014,3,2014-T3,44.25
Segovia,2014,4,2014-T4,63.93
Segovia,2015,1,2015-T1,12.58
Segovia,2015,2,2015-T2,19.56
Segovia,2015,3,2015-T3,28.3
Segovia,2015,4,2015-T4,17.17
Segovia,2016,1,2016-T1,23.39
Segovia,2016,2,2016-T2,38.08
Segovia,2016,3,2016-T3,13.68
Segovia,2016,4,2016-T4,39.27
Segovia,2017,1,2017-T1,52.8
Segovia,2017,2,2017-T2,50.11
Segovia,2017,3,2017-T3,50.93
Segovia,2017,4,2017-T4,102.8
Segovia,2018,1,2018-T1,29.14
Segovia,2018,2,2018-T2,30.81
Segovia,2018,3,2018-T3,58.89
Segovia,2018,4,2018-T4,54.53
Segovia,2019,1,2019-T1,52.75
Segovia,2019,2,2019-T2,20.9
Segovia,2019,3,2019-T3,100.4
Segovia,2019,4,2019-T4,55.47
Segovia,2020,1,2020-T1,23.35
Segovia,2020,2,2020-T2,29.48
Segovia,2020,3,2020-T3,45.12
Segovia,2020,4,2020-T4,64.5
Segovia,2021,1,2021-T1,60.15
Segovia,2021,2,2021-T2,105.59
Segovia,2021,3,2021-T3,67.33
Segovia,2021,4,2021-T4,99.8
Segovia,2022,1,2022-T1,80.88
Segovia,2022,2,2022-T2,64.15
Segovia,2022,3,2022-T3,42.44
Segovia,2022,4,2022-T4,60.79
Segovia,2023,1,2023-T1,50.68
Segovia,2023,2,2023-T2,54.44
Segovia,2023,3,2023-T3,24.66
Segovia,2023,4,2023-T4,77.47
Segovia,2024,1,2024-T1,50.73
Segovia,2024,2,2024-T2,28.92
Segovia,2024,3,2024-T3,37.57
Segovia,2024,4,2024-T4,36.12
Segovia,2025,1,2025-T1,59.05
Segovia,2025,2,2025-T2,84.18
Segovia,2025,3,2025-T3,106.58
Segovia,2025,4,2025-T4,109.68
Segovia,2026,1,2026-T1,92.64
Sevilla,2004,1,2004-T1,1200.3
Sevilla,2004,2,2004-T2,885.8
Sevilla,2004,3,2004-T3,821.2
Sevilla,2004,4,2004-T4,930.6
Sevilla,2005,1,2005-T1,720.3
Sevilla,2005,2,2005-T2,1020.3
Sevilla,2005,3,2005-T3,1564.8
Sevilla,2005,4,2005-T4,524.0
Sevilla,2006,1,2006-T1,687.5
Sevilla,2006,2,2006-T2,725.7
Sevilla,2006,3,2006-T3,912.2
Sevilla,2006,4,2006-T4,717.9
Sevilla,2007,1,2007-T1,803.4
Sevilla,2007,2,2007-T2,607.2
Sevilla,2007,3,2007-T3,637.52642
Sevilla,2007,4,2007-T4,547.6
Sevilla,2008,1,2008-T1,326.5
Sevilla,2008,2,2008-T2,338.3
Sevilla,2008,3,2008-T3,325.83
Sevilla,2008,4,2008-T4,274.47
Sevilla,2009,1,2009-T1,248.55
Sevilla,2009,2,2009-T2,131.41
Sevilla,2009,3,2009-T3,133.15
Sevilla,2009,4,2009-T4,266.54
Sevilla,2010,1,2010-T1,123.0
Sevilla,2010,2,2010-T2,288.96
Sevilla,2010,3,2010-T3,325.36
Sevilla,2010,4,2010-T4,168.07
Sevilla,2011,1,2011-T1,169.99
Sevilla,2011,2,2011-T2,230.29
Sevilla,2011,3,2011-T3,336.5
Sevilla,2011,4,2011-T4,222.17
Sevilla,2012,1,2012-T1,129.35
Sevilla,2012,2,2012-T2,105.49
Sevilla,2012,3,2012-T3,112.9
Sevilla,2012,4,2012-T4,179.63
Sevilla,2013,1,2013-T1,334.64
Sevilla,2013,2,2013-T2,187.92
Sevilla,2013,3,2013-T3,200.21
Sevilla,2013,4,2013-T4,224.99
Sevilla,2014,1,2014-T1,202.5
Sevilla,2014,2,2014-T2,146.78
Sevilla,2014,3,2014-T3,292.1
Sevilla,2014,4,2014-T4,318.57
Sevilla,2015,1,2015-T1,179.34
Sevilla,2015,2,2015-T2,140.49
Sevilla,2015,3,2015-T3,394.11
Sevilla,2015,4,2015-T4,165.44
Sevilla,2016,1,2016-T1,307.89
Sevilla,2016,2,2016-T2,170.46
Sevilla,2016,3,2016-T3,138.68
Sevilla,2016,4,2016-T4,137.13
Sevilla,2017,1,2017-T1,162.92
Sevilla,2017,2,2017-T2,245.52
Sevilla,2017,3,2017-T3,485.85
Sevilla,2017,4,2017-T4,234.57
Sevilla,2018,1,2018-T1,151.6
Sevilla,2018,2,2018-T2,389.53
Sevilla,2018,3,2018-T3,117.28
Sevilla,2018,4,2018-T4,377.68
Sevilla,2019,1,2019-T1,200.85
Sevilla,2019,2,2019-T2,320.53
Sevilla,2019,3,2019-T3,110.15
Sevilla,2019,4,2019-T4,175.15
Sevilla,2020,1,2020-T1,95.0
Sevilla,2020,2,2020-T2,116.05
Sevilla,2020,3,2020-T3,155.02
Sevilla,2020,4,2020-T4,316.09
Sevilla,2021,1,2021-T1,660.81
Sevilla,2021,2,2021-T2,535.26
Sevilla,2021,3,2021-T3,334.83
Sevilla,2021,4,2021-T4,412.0
Sevilla,2022,1,2022-T1,332.09
Sevilla,2022,2,2022-T2,289.12
Sevilla,2022,3,2022-T3,152.58
Sevilla,2022,4,2022-T4,235.9
Sevilla,2023,1,2023-T1,202.69
Sevilla,2023,2,2023-T2,440.3
Sevilla,2023,3,2023-T3,201.06
Sevilla,2023,4,2023-T4,226.09
Sevilla,2024,1,2024-T1,325.91
Sevilla,2024,2,2024-T2,215.99
Sevilla,2024,3,2024-T3,208.2
Sevilla,2024,4,2024-T4,330.24
Sevilla,2025,1,2025-T1,257.44
Sevilla,2025,2,2025-T2,373.22
Sevilla,2025,3,2025-T3,181.23
Sevilla,2025,4,2025-T4,608.69
Sevilla,2026,1,2026-T1,291.35
Soria,2004,1,2004-T1,23.6
Soria,2004,2,2004-T2,80.2
Soria,2004,3,2004-T3,90.2
Soria,2004,4,2004-T4,50.0
Soria,2005,1,2005-T1,62.9
Soria,2005,2,2005-T2,99.1
Soria,2005,3,2005-T3,19.3
Soria,2005,4,2005-T4,67.9
Soria,2006,1,2006-T1,21.0
Soria,2006,2,2006-T2,40.1
Soria,2006,3,2006-T3,49.9
Soria,2006,4,2006-T4,43.6
Soria,2007,1,2007-T1,25.8
Soria,2007,2,2007-T2,72.9
Soria,2007,3,2007-T3,40.426660000000005
Soria,2007,4,2007-T4,93.1
Soria,2008,1,2008-T1,31.2
Soria,2008,2,2008-T2,62.7
Soria,2008,3,2008-T3,24.36
Soria,2008,4,2008-T4,16.21
Soria,2009,1,2009-T1,74.96
Soria,2009,2,2009-T2,64.25
Soria,2009,3,2009-T3,17.48
Soria,2009,4,2009-T4,106.13
Soria,2010,1,2010-T1,17.52
Soria,2010,2,2010-T2,49.69
Soria,2010,3,2010-T3,39.24
Soria,2010,4,2010-T4,44.71
Soria,2011,1,2011-T1,19.8
Soria,2011,2,2011-T2,105.26
Soria,2011,3,2011-T3,14.68
Soria,2011,4,2011-T4,142.97
Soria,2012,1,2012-T1,5.2
Soria,2012,2,2012-T2,10.84
Soria,2012,3,2012-T3,390.54
Soria,2012,4,2012-T4,14.79
Soria,2013,1,2013-T1,6.34
Soria,2013,2,2013-T2,1.7
Soria,2013,3,2013-T3,7.08
Soria,2013,4,2013-T4,6.94
Soria,2014,1,2014-T1,1.84
Soria,2014,2,2014-T2,38.86
Soria,2014,3,2014-T3,9.03
Soria,2014,4,2014-T4,158.16
Soria,2015,1,2015-T1,12.55
Soria,2015,2,2015-T2,15.9
Soria,2015,3,2015-T3,36.7
Soria,2015,4,2015-T4,13.29
Soria,2016,1,2016-T1,33.77
Soria,2016,2,2016-T2,5.61
Soria,2016,3,2016-T3,4.2
Soria,2016,4,2016-T4,6.53
Soria,2017,1,2017-T1,8.97
Soria,2017,2,2017-T2,9.22
Soria,2017,3,2017-T3,30.49
Soria,2017,4,2017-T4,11.56
Soria,2018,1,2018-T1,2.35
Soria,2018,2,2018-T2,4.94
Soria,2018,3,2018-T3,4.39
Soria,2018,4,2018-T4,6.96
Soria,2019,1,2019-T1,11.39
Soria,2019,2,2019-T2,38.16
Soria,2019,3,2019-T3,9.46
Soria,2019,4,2019-T4,31.21
Soria,2020,1,2020-T1,0.28
Soria,2020,2,2020-T2,3.1
Soria,2020,3,2020-T3,6.95
Soria,2020,4,2020-T4,9.58
Soria,2021,1,2021-T1,8.75
Soria,2021,2,2021-T2,32.3
Soria,2021,3,2021-T3,26.73
Soria,2021,4,2021-T4,51.61
Soria,2022,1,2022-T1,13.97
Soria,2022,2,2022-T2,26.6
Soria,2022,3,2022-T3,8.89
Soria,2022,4,2022-T4,23.68
Soria,2023,1,2023-T1,8.88
Soria,2023,2,2023-T2,25.2
Soria,2023,3,2023-T3,14.05
Soria,2023,4,2023-T4,21.28
Soria,2024,1,2024-T1,6.2
Soria,2024,2,2024-T2,92.5
Soria,2024,3,2024-T3,70.89
Soria,2024,4,2024-T4,2.63
Soria,2025,1,2025-T1,12.8
Soria,2025,2,2025-T2,22.01
Soria,2025,3,2025-T3,13.14
Soria,2025,4,2025-T4,28.33
Soria,2026,1,2026-T1,8.04
Tarragona,2004,1,2004-T1,1304.1
Tarragona,2004,2,2004-T2,1448.8
Tarragona,2004,3,2004-T3,1191.4
Tarragona,2004,4,2004-T4,1402.9
Tarragona,2005,1,2005-T1,1137.4
Tarragona,2005,2,2005-T2,1203.5
Tarragona,2005,3,2005-T3,1325.8
Tarragona,2005,4,2005-T4,758.2
Tarragona,2006,1,2006-T1,555.1
Tarragona,2006,2,2006-T2,599.7
Tarragona,2006,3,2006-T3,560.4
Tarragona,2006,4,2006-T4,594.3
Tarragona,2007,1,2007-T1,586.4
Tarragona,2007,2,2007-T2,668.4
Tarragona,2007,3,2007-T3,332.26322999999996
Tarragona,2007,4,2007-T4,251.7
Tarragona,2008,1,2008-T1,1222.9
Tarragona,2008,2,2008-T2,256.8
Tarragona,2008,3,2008-T3,219.62
Tarragona,2008,4,2008-T4,436.44
Tarragona,2009,1,2009-T1,226.73
Tarragona,2009,2,2009-T2,212.23
Tarragona,2009,3,2009-T3,116.04
Tarragona,2009,4,2009-T4,129.41
Tarragona,2010,1,2010-T1,266.68
Tarragona,2010,2,2010-T2,149.89
Tarragona,2010,3,2010-T3,68.67
Tarragona,2010,4,2010-T4,264.58
Tarragona,2011,1,2011-T1,86.37
Tarragona,2011,2,2011-T2,498.26
Tarragona,2011,3,2011-T3,143.7
Tarragona,2011,4,2011-T4,233.61
Tarragona,2012,1,2012-T1,249.68
Tarragona,2012,2,2012-T2,94.29
Tarragona,2012,3,2012-T3,144.21
Tarragona,2012,4,2012-T4,84.83
Tarragona,2013,1,2013-T1,125.03
Tarragona,2013,2,2013-T2,139.15
Tarragona,2013,3,2013-T3,126.37
Tarragona,2013,4,2013-T4,168.08
Tarragona,2014,1,2014-T1,104.39
Tarragona,2014,2,2014-T2,550.48
Tarragona,2014,3,2014-T3,96.78
Tarragona,2014,4,2014-T4,259.91
Tarragona,2015,1,2015-T1,193.25
Tarragona,2015,2,2015-T2,172.43
Tarragona,2015,3,2015-T3,160.16
Tarragona,2015,4,2015-T4,98.73
Tarragona,2016,1,2016-T1,146.97
Tarragona,2016,2,2016-T2,144.47
Tarragona,2016,3,2016-T3,69.43
Tarragona,2016,4,2016-T4,129.99
Tarragona,2017,1,2017-T1,140.15
Tarragona,2017,2,2017-T2,133.35
Tarragona,2017,3,2017-T3,90.99
Tarragona,2017,4,2017-T4,168.91
Tarragona,2018,1,2018-T1,265.71
Tarragona,2018,2,2018-T2,178.85
Tarragona,2018,3,2018-T3,194.23
Tarragona,2018,4,2018-T4,157.7
Tarragona,2019,1,2019-T1,296.94
Tarragona,2019,2,2019-T2,61.4
Tarragona,2019,3,2019-T3,130.21
Tarragona,2019,4,2019-T4,315.24
Tarragona,2020,1,2020-T1,28.7
Tarragona,2020,2,2020-T2,61.14
Tarragona,2020,3,2020-T3,152.63
Tarragona,2020,4,2020-T4,229.07
Tarragona,2021,1,2021-T1,284.61
Tarragona,2021,2,2021-T2,235.38
Tarragona,2021,3,2021-T3,360.58
Tarragona,2021,4,2021-T4,332.2
Tarragona,2022,1,2022-T1,280.49
Tarragona,2022,2,2022-T2,293.04
Tarragona,2022,3,2022-T3,462.75
Tarragona,2022,4,2022-T4,266.84
Tarragona,2023,1,2023-T1,212.27
Tarragona,2023,2,2023-T2,337.86
Tarragona,2023,3,2023-T3,117.45
Tarragona,2023,4,2023-T4,282.71
Tarragona,2024,1,2024-T1,172.33
Tarragona,2024,2,2024-T2,143.12
Tarragona,2024,3,2024-T3,183.36
Tarragona,2024,4,2024-T4,149.28
Tarragona,2025,1,2025-T1,354.63
Tarragona,2025,2,2025-T2,390.56
Tarragona,2025,3,2025-T3,217.38
Tarragona,2025,4,2025-T4,453.72
Tarragona,2026,1,2026-T1,308.6
Teruel,2004,1,2004-T1,48.4
Teruel,2004,2,2004-T2,38.9
Teruel,2004,3,2004-T3,28.1
Teruel,2004,4,2004-T4,55.4
Teruel,2005,1,2005-T1,31.7
Teruel,2005,2,2005-T2,53.2
Teruel,2005,3,2005-T3,21.5
Teruel,2005,4,2005-T4,20.1
Teruel,2006,1,2006-T1,25.7
Teruel,2006,2,2006-T2,21.7
Teruel,2006,3,2006-T3,63.2
Teruel,2006,4,2006-T4,30.1
Teruel,2007,1,2007-T1,30.3
Teruel,2007,2,2007-T2,42.0
Teruel,2007,3,2007-T3,35.542089999999995
Teruel,2007,4,2007-T4,73.5
Teruel,2008,1,2008-T1,106.8
Teruel,2008,2,2008-T2,48.9
Teruel,2008,3,2008-T3,36.74
Teruel,2008,4,2008-T4,128.22
Teruel,2009,1,2009-T1,16.89
Teruel,2009,2,2009-T2,33.02
Teruel,2009,3,2009-T3,9.24
Teruel,2009,4,2009-T4,65.57
Teruel,2010,1,2010-T1,11.38
Teruel,2010,2,2010-T2,41.58
Teruel,2010,3,2010-T3,6.38
Teruel,2010,4,2010-T4,5.81
Teruel,2011,1,2011-T1,14.36
Teruel,2011,2,2011-T2,7.14
Teruel,2011,3,2011-T3,4.18
Teruel,2011,4,2011-T4,7.74
Teruel,2012,1,2012-T1,6.48
Teruel,2012,2,2012-T2,4.7
Teruel,2012,3,2012-T3,13.88
Teruel,2012,4,2012-T4,13.27
Teruel,2013,1,2013-T1,4.2
Teruel,2013,2,2013-T2,17.07
Teruel,2013,3,2013-T3,9.13
Teruel,2013,4,2013-T4,10.78
Teruel,2014,1,2014-T1,30.32
Teruel,2014,2,2014-T2,3.46
Teruel,2014,3,2014-T3,32.7
Teruel,2014,4,2014-T4,9.98
Teruel,2015,1,2015-T1,1.96
Teruel,2015,2,2015-T2,5.65
Teruel,2015,3,2015-T3,7.08
Teruel,2015,4,2015-T4,19.37
Teruel,2016,1,2016-T1,5.39
Teruel,2016,2,2016-T2,64.73
Teruel,2016,3,2016-T3,1.09
Teruel,2016,4,2016-T4,2.79
Teruel,2017,1,2017-T1,6.56
Teruel,2017,2,2017-T2,6.58
Teruel,2017,3,2017-T3,4.54
Teruel,2017,4,2017-T4,12.74
Teruel,2018,1,2018-T1,9.15
Teruel,2018,2,2018-T2,9.08
Teruel,2018,3,2018-T3,8.44
Teruel,2018,4,2018-T4,13.58
Teruel,2019,1,2019-T1,4.09
Teruel,2019,2,2019-T2,50.15
Teruel,2019,3,2019-T3,7.08
Teruel,2019,4,2019-T4,1.58
Teruel,2020,1,2020-T1,1.02
Teruel,2020,2,2020-T2,5.35
Teruel,2020,3,2020-T3,8.84
Teruel,2020,4,2020-T4,13.73
Teruel,2021,1,2021-T1,25.31
Teruel,2021,2,2021-T2,11.9
Teruel,2021,3,2021-T3,6.37
Teruel,2021,4,2021-T4,40.29
Teruel,2022,1,2022-T1,26.29
Teruel,2022,2,2022-T2,45.78
Teruel,2022,3,2022-T3,28.0
Teruel,2022,4,2022-T4,13.85
Teruel,2023,1,2023-T1,83.45
Teruel,2023,2,2023-T2,79.6
Teruel,2023,3,2023-T3,6.87
Teruel,2023,4,2023-T4,5.36
Teruel,2024,1,2024-T1,3.59
Teruel,2024,2,2024-T2,32.32
Teruel,2024,3,2024-T3,5.84
Teruel,2024,4,2024-T4,3.25
Teruel,2025,1,2025-T1,7.48
Teruel,2025,2,2025-T2,169.88
Teruel,2025,3,2025-T3,13.54
Teruel,2025,4,2025-T4,13.61
Teruel,2026,1,2026-T1,22.5
Toledo,2004,1,2004-T1,742.3
Toledo,2004,2,2004-T2,3018.5
Toledo,2004,3,2004-T3,598.8
Toledo,2004,4,2004-T4,746.3
Toledo,2005,1,2005-T1,1002.6
Toledo,2005,2,2005-T2,662.1
Toledo,2005,3,2005-T3,506.6
Toledo,2005,4,2005-T4,423.5
Toledo,2006,1,2006-T1,690.8
Toledo,2006,2,2006-T2,875.3
Toledo,2006,3,2006-T3,574.4
Toledo,2006,4,2006-T4,526.9
Toledo,2007,1,2007-T1,1176.4
Toledo,2007,2,2007-T2,797.0
Toledo,2007,3,2007-T3,729.85951
Toledo,2007,4,2007-T4,496.7
Toledo,2008,1,2008-T1,903.0
Toledo,2008,2,2008-T2,409.4
Toledo,2008,3,2008-T3,373.52
Toledo,2008,4,2008-T4,620.12
Toledo,2009,1,2009-T1,157.21
Toledo,2009,2,2009-T2,752.54
Toledo,2009,3,2009-T3,153.6
Toledo,2009,4,2009-T4,366.05
Toledo,2010,1,2010-T1,188.57
Toledo,2010,2,2010-T2,324.97
Toledo,2010,3,2010-T3,151.7
Toledo,2010,4,2010-T4,165.75
Toledo,2011,1,2011-T1,195.25
Toledo,2011,2,2011-T2,180.82
Toledo,2011,3,2011-T3,161.01
Toledo,2011,4,2011-T4,329.41
Toledo,2012,1,2012-T1,175.76
Toledo,2012,2,2012-T2,109.29
Toledo,2012,3,2012-T3,145.7
Toledo,2012,4,2012-T4,70.79
Toledo,2013,1,2013-T1,130.25
Toledo,2013,2,2013-T2,87.18
Toledo,2013,3,2013-T3,167.09
Toledo,2013,4,2013-T4,148.63
Toledo,2014,1,2014-T1,110.59
Toledo,2014,2,2014-T2,156.86
Toledo,2014,3,2014-T3,109.35
Toledo,2014,4,2014-T4,118.03
Toledo,2015,1,2015-T1,125.16
Toledo,2015,2,2015-T2,160.68
Toledo,2015,3,2015-T3,141.75
Toledo,2015,4,2015-T4,108.85
Toledo,2016,1,2016-T1,93.89
Toledo,2016,2,2016-T2,131.11
Toledo,2016,3,2016-T3,181.89
Toledo,2016,4,2016-T4,215.25
Toledo,2017,1,2017-T1,187.35
Toledo,2017,2,2017-T2,272.36
Toledo,2017,3,2017-T3,128.68
Toledo,2017,4,2017-T4,212.15
Toledo,2018,1,2018-T1,234.3
Toledo,2018,2,2018-T2,281.3
Toledo,2018,3,2018-T3,301.52
Toledo,2018,4,2018-T4,317.69
Toledo,2019,1,2019-T1,335.37
Toledo,2019,2,2019-T2,356.47
Toledo,2019,3,2019-T3,127.87
Toledo,2019,4,2019-T4,343.06
Toledo,2020,1,2020-T1,218.95
Toledo,2020,2,2020-T2,148.65
Toledo,2020,3,2020-T3,1017.41
Toledo,2020,4,2020-T4,305.15
Toledo,2021,1,2021-T1,663.53
Toledo,2021,2,2021-T2,761.38
Toledo,2021,3,2021-T3,445.5
Toledo,2021,4,2021-T4,453.59
Toledo,2022,1,2022-T1,389.86
Toledo,2022,2,2022-T2,354.79
Toledo,2022,3,2022-T3,251.99
Toledo,2022,4,2022-T4,349.09
Toledo,2023,1,2023-T1,351.42
Toledo,2023,2,2023-T2,343.3
Toledo,2023,3,2023-T3,152.54
Toledo,2023,4,2023-T4,361.63
Toledo,2024,1,2024-T1,214.83
Toledo,2024,2,2024-T2,190.29
Toledo,2024,3,2024-T3,352.98
Toledo,2024,4,2024-T4,152.06
Toledo,2025,1,2025-T1,216.75
Toledo,2025,2,2025-T2,601.32
Toledo,2025,3,2025-T3,321.8
Toledo,2025,4,2025-T4,376.71
Toledo,2026,1,2026-T1,299.7
Valencia/València,2004,1,2004-T1,1622.6
Valencia/València,2004,2,2004-T2,1446.8
Valencia/València,2004,3,2004-T3,965.4
Valencia/València,2004,4,2004-T4,1570.8
Valencia/València,2005,1,2005-T1,1139.6
Valencia/València,2005,2,2005-T2,1713.5
Valencia/València,2005,3,2005-T3,1119.3
Valencia/València,2005,4,2005-T4,825.2
Valencia/València,2006,1,2006-T1,1005.7
Valencia/València,2006,2,2006-T2,1729.5
Valencia/València,2006,3,2006-T3,623.9
Valencia/València,2006,4,2006-T4,676.3
Valencia/València,2007,1,2007-T1,416.6
Valencia/València,2007,2,2007-T2,686.1
Valencia/València,2007,3,2007-T3,547.5602299999999
Valencia/València,2007,4,2007-T4,438.8
Valencia/València,2008,1,2008-T1,428.1
Valencia/València,2008,2,2008-T2,289.0
Valencia/València,2008,3,2008-T3,205.39
Valencia/València,2008,4,2008-T4,294.25
Valencia/València,2009,1,2009-T1,240.23
Valencia/València,2009,2,2009-T2,162.33
Valencia/València,2009,3,2009-T3,201.06
Valencia/València,2009,4,2009-T4,162.14
Valencia/València,2010,1,2010-T1,134.76
Valencia/València,2010,2,2010-T2,155.51
Valencia/València,2010,3,2010-T3,185.27
Valencia/València,2010,4,2010-T4,146.86
Valencia/València,2011,1,2011-T1,93.5
Valencia/València,2011,2,2011-T2,553.15
Valencia/València,2011,3,2011-T3,423.66
Valencia/València,2011,4,2011-T4,189.26
Valencia/València,2012,1,2012-T1,114.95
Valencia/València,2012,2,2012-T2,109.94
Valencia/València,2012,3,2012-T3,186.47
Valencia/València,2012,4,2012-T4,101.25
Valencia/València,2013,1,2013-T1,96.37
Valencia/València,2013,2,2013-T2,75.4
Valencia/València,2013,3,2013-T3,132.75
Valencia/València,2013,4,2013-T4,260.17
Valencia/València,2014,1,2014-T1,81.28
Valencia/València,2014,2,2014-T2,107.49
Valencia/València,2014,3,2014-T3,173.22
Valencia/València,2014,4,2014-T4,247.89
Valencia/València,2015,1,2015-T1,253.07
Valencia/València,2015,2,2015-T2,210.49
Valencia/València,2015,3,2015-T3,93.14
Valencia/València,2015,4,2015-T4,480.25
Valencia/València,2016,1,2016-T1,241.32
Valencia/València,2016,2,2016-T2,156.31
Valencia/València,2016,3,2016-T3,340.92
Valencia/València,2016,4,2016-T4,387.56
Valencia/València,2017,1,2017-T1,199.56
Valencia/València,2017,2,2017-T2,511.0
Valencia/València,2017,3,2017-T3,256.02
Valencia/València,2017,4,2017-T4,670.05
Valencia/València,2018,1,2018-T1,317.96
Valencia/València,2018,2,2018-T2,455.45
Valencia/València,2018,3,2018-T3,733.91
Valencia/València,2018,4,2018-T4,382.12
Valencia/València,2019,1,2019-T1,621.11
Valencia/València,2019,2,2019-T2,314.8
Valencia/València,2019,3,2019-T3,454.17
Valencia/València,2019,4,2019-T4,321.07
Valencia/València,2020,1,2020-T1,248.95
Valencia/València,2020,2,2020-T2,125.76
Valencia/València,2020,3,2020-T3,213.04
Valencia/València,2020,4,2020-T4,364.09
Valencia/València,2021,1,2021-T1,291.04
Valencia/València,2021,2,2021-T2,295.75
Valencia/València,2021,3,2021-T3,287.84
Valencia/València,2021,4,2021-T4,402.65
Valencia/València,2022,1,2022-T1,265.98
Valencia/València,2022,2,2022-T2,375.1
Valencia/València,2022,3,2022-T3,308.76
Valencia/València,2022,4,2022-T4,316.67
Valencia/València,2023,1,2023-T1,287.71
Valencia/València,2023,2,2023-T2,248.16
Valencia/València,2023,3,2023-T3,172.97
Valencia/València,2023,4,2023-T4,270.76
Valencia/València,2024,1,2024-T1,251.73
Valencia/València,2024,2,2024-T2,224.28
Valencia/València,2024,3,2024-T3,249.62
Valencia/València,2024,4,2024-T4,251.71
Valencia/València,2025,1,2025-T1,379.51
Valencia/València,2025,2,2025-T2,651.5
Valencia/València,2025,3,2025-T3,575.15
Valencia/València,2025,4,2025-T4,402.91
Valencia/València,2026,1,2026-T1,761.85
Valladolid,2004,1,2004-T1,114.0
Valladolid,2004,2,2004-T2,206.1
Valladolid,2004,3,2004-T3,209.8
Valladolid,2004,4,2004-T4,156.1
Valladolid,2005,1,2005-T1,110.2
Valladolid,2005,2,2005-T2,129.7
Valladolid,2005,3,2005-T3,155.0
Valladolid,2005,4,2005-T4,162.2
Valladolid,2006,1,2006-T1,102.1
Valladolid,2006,2,2006-T2,407.7
Valladolid,2006,3,2006-T3,97.4
Valladolid,2006,4,2006-T4,282.4
Valladolid,2007,1,2007-T1,180.3
Valladolid,2007,2,2007-T2,175.2
Valladolid,2007,3,2007-T3,138.09623000000002
Valladolid,2007,4,2007-T4,179.7
Valladolid,2008,1,2008-T1,82.6
Valladolid,2008,2,2008-T2,57.7
Valladolid,2008,3,2008-T3,157.34
Valladolid,2008,4,2008-T4,50.38
Valladolid,2009,1,2009-T1,46.22
Valladolid,2009,2,2009-T2,28.33
Valladolid,2009,3,2009-T3,67.54
Valladolid,2009,4,2009-T4,45.69
Valladolid,2010,1,2010-T1,318.24
Valladolid,2010,2,2010-T2,126.78
Valladolid,2010,3,2010-T3,39.97
Valladolid,2010,4,2010-T4,27.5
Valladolid,2011,1,2011-T1,25.95
Valladolid,2011,2,2011-T2,116.34
Valladolid,2011,3,2011-T3,21.34
Valladolid,2011,4,2011-T4,55.99
Valladolid,2012,1,2012-T1,28.05
Valladolid,2012,2,2012-T2,28.89
Valladolid,2012,3,2012-T3,19.5
Valladolid,2012,4,2012-T4,73.1
Valladolid,2013,1,2013-T1,29.05
Valladolid,2013,2,2013-T2,87.87
Valladolid,2013,3,2013-T3,25.13
Valladolid,2013,4,2013-T4,51.24
Valladolid,2014,1,2014-T1,43.09
Valladolid,2014,2,2014-T2,79.92
Valladolid,2014,3,2014-T3,78.31
Valladolid,2014,4,2014-T4,40.55
Valladolid,2015,1,2015-T1,22.84
Valladolid,2015,2,2015-T2,37.02
Valladolid,2015,3,2015-T3,108.15
Valladolid,2015,4,2015-T4,32.82
Valladolid,2016,1,2016-T1,47.97
Valladolid,2016,2,2016-T2,34.97
Valladolid,2016,3,2016-T3,21.26
Valladolid,2016,4,2016-T4,78.58
Valladolid,2017,1,2017-T1,21.85
Valladolid,2017,2,2017-T2,99.79
Valladolid,2017,3,2017-T3,64.3
Valladolid,2017,4,2017-T4,145.14
Valladolid,2018,1,2018-T1,39.47
Valladolid,2018,2,2018-T2,48.93
Valladolid,2018,3,2018-T3,82.59
Valladolid,2018,4,2018-T4,48.95
Valladolid,2019,1,2019-T1,23.86
Valladolid,2019,2,2019-T2,55.36
Valladolid,2019,3,2019-T3,52.97
Valladolid,2019,4,2019-T4,126.74
Valladolid,2020,1,2020-T1,68.25
Valladolid,2020,2,2020-T2,17.23
Valladolid,2020,3,2020-T3,107.66
Valladolid,2020,4,2020-T4,112.81
Valladolid,2021,1,2021-T1,97.37
Valladolid,2021,2,2021-T2,90.18
Valladolid,2021,3,2021-T3,149.11
Valladolid,2021,4,2021-T4,144.57
Valladolid,2022,1,2022-T1,94.89
Valladolid,2022,2,2022-T2,81.01
Valladolid,2022,3,2022-T3,49.75
Valladolid,2022,4,2022-T4,67.14
Valladolid,2023,1,2023-T1,32.55
Valladolid,2023,2,2023-T2,71.44
Valladolid,2023,3,2023-T3,29.04
Valladolid,2023,4,2023-T4,77.03
Valladolid,2024,1,2024-T1,68.17
Valladolid,2024,2,2024-T2,46.3
Valladolid,2024,3,2024-T3,60.07
Valladolid,2024,4,2024-T4,103.46
Valladolid,2025,1,2025-T1,334.07
Valladolid,2025,2,2025-T2,96.74
Valladolid,2025,3,2025-T3,46.4
Valladolid,2025,4,2025-T4,129.59
Valladolid,2026,1,2026-T1,150.85
Vizcaya,2004,1,2004-T1,330.6
Vizcaya,2004,2,2004-T2,382.8
Vizcaya,2004,3,2004-T3,245.6
Vizcaya,2004,4,2004-T4,440.8
Vizcaya,2005,1,2005-T1,552.8
Vizcaya,2005,2,2005-T2,465.7
Vizcaya,2005,3,2005-T3,471.6
Vizcaya,2005,4,2005-T4,164.6
Vizcaya,2006,1,2006-T1,146.1
Vizcaya,2006,2,2006-T2,306.3
Vizcaya,2006,3,2006-T3,370.8
Vizcaya,2006,4,2006-T4,739.4
Vizcaya,2007,1,2007-T1,409.3
Vizcaya,2007,2,2007-T2,258.4
Vizcaya,2007,3,2007-T3,227.86276999999998
Vizcaya,2007,4,2007-T4,238.8
Vizcaya,2008,1,2008-T1,215.6
Vizcaya,2008,2,2008-T2,200.1
Vizcaya,2008,3,2008-T3,96.57
Vizcaya,2008,4,2008-T4,206.94
Vizcaya,2009,1,2009-T1,216.71
Vizcaya,2009,2,2009-T2,111.63
Vizcaya,2009,3,2009-T3,144.51
Vizcaya,2009,4,2009-T4,92.46
Vizcaya,2010,1,2010-T1,72.96
Vizcaya,2010,2,2010-T2,129.38
Vizcaya,2010,3,2010-T3,159.71
Vizcaya,2010,4,2010-T4,48.76
Vizcaya,2011,1,2011-T1,117.42
Vizcaya,2011,2,2011-T2,144.86
Vizcaya,2011,3,2011-T3,18.67
Vizcaya,2011,4,2011-T4,31.89
Vizcaya,2012,1,2012-T1,55.2
Vizcaya,2012,2,2012-T2,153.14
Vizcaya,2012,3,2012-T3,27.0
Vizcaya,2012,4,2012-T4,164.43
Vizcaya,2013,1,2013-T1,23.05
Vizcaya,2013,2,2013-T2,202.88
Vizcaya,2013,3,2013-T3,46.03
Vizcaya,2013,4,2013-T4,207.76
Vizcaya,2014,1,2014-T1,10.87
Vizcaya,2014,2,2014-T2,161.03
Vizcaya,2014,3,2014-T3,107.29
Vizcaya,2014,4,2014-T4,136.3
Vizcaya,2015,1,2015-T1,67.2
Vizcaya,2015,2,2015-T2,259.99
Vizcaya,2015,3,2015-T3,43.53
Vizcaya,2015,4,2015-T4,100.93
Vizcaya,2016,1,2016-T1,49.44
Vizcaya,2016,2,2016-T2,40.95
Vizcaya,2016,3,2016-T3,46.12
Vizcaya,2016,4,2016-T4,86.79
Vizcaya,2017,1,2017-T1,140.77
Vizcaya,2017,2,2017-T2,104.68
Vizcaya,2017,3,2017-T3,65.4
Vizcaya,2017,4,2017-T4,100.01
Vizcaya,2018,1,2018-T1,75.65
Vizcaya,2018,2,2018-T2,73.12
Vizcaya,2018,3,2018-T3,60.98
Vizcaya,2018,4,2018-T4,94.33
Vizcaya,2019,1,2019-T1,74.99
Vizcaya,2019,2,2019-T2,18.49
Vizcaya,2019,3,2019-T3,17.81
Vizcaya,2019,4,2019-T4,151.77
Vizcaya,2020,1,2020-T1,17.17
Vizcaya,2020,2,2020-T2,26.22
Vizcaya,2020,3,2020-T3,19.79
Vizcaya,2020,4,2020-T4,114.94
Vizcaya,2021,1,2021-T1,48.34
Vizcaya,2021,2,2021-T2,102.67
Vizcaya,2021,3,2021-T3,47.34
Vizcaya,2021,4,2021-T4,118.21
Vizcaya,2022,1,2022-T1,136.61
Vizcaya,2022,2,2022-T2,106.3
Vizcaya,2022,3,2022-T3,33.02
Vizcaya,2022,4,2022-T4,51.99
Vizcaya,2023,1,2023-T1,70.74
Vizcaya,2023,2,2023-T2,80.79
Vizcaya,2023,3,2023-T3,67.38
Vizcaya,2023,4,2023-T4,89.94
Vizcaya,2024,1,2024-T1,61.96
Vizcaya,2024,2,2024-T2,87.0
Vizcaya,2024,3,2024-T3,28.95
Vizcaya,2024,4,2024-T4,27.94
Vizcaya,2025,1,2025-T1,62.7
Vizcaya,2025,2,2025-T2,61.7
Vizcaya,2025,3,2025-T3,62.99
Vizcaya,2025,4,2025-T4,46.54
Vizcaya,2026,1,2026-T1,15.98
Zamora,2004,1,2004-T1,93.4
Zamora,2004,2,2004-T2,73.0
Zamora,2004,3,2004-T3,59.0
Zamora,2004,4,2004-T4,109.3
Zamora,2005,1,2005-T1,62.2
Zamora,2005,2,2005-T2,88.2
Zamora,2005,3,2005-T3,54.9
Zamora,2005,4,2005-T4,67.6
Zamora,2006,1,2006-T1,99.4
Zamora,2006,2,2006-T2,55.7
Zamora,2006,3,2006-T3,92.9
Zamora,2006,4,2006-T4,50.0
Zamora,2007,1,2007-T1,100.9
Zamora,2007,2,2007-T2,63.5
Zamora,2007,3,2007-T3,22.951349999999998
Zamora,2007,4,2007-T4,46.8
Zamora,2008,1,2008-T1,70.2
Zamora,2008,2,2008-T2,33.2
Zamora,2008,3,2008-T3,19.95
Zamora,2008,4,2008-T4,25.5
Zamora,2009,1,2009-T1,14.66
Zamora,2009,2,2009-T2,23.81
Zamora,2009,3,2009-T3,61.23
Zamora,2009,4,2009-T4,17.37
Zamora,2010,1,2010-T1,20.92
Zamora,2010,2,2010-T2,25.46
Zamora,2010,3,2010-T3,32.95
Zamora,2010,4,2010-T4,31.26
Zamora,2011,1,2011-T1,13.67
Zamora,2011,2,2011-T2,19.11
Zamora,2011,3,2011-T3,153.05
Zamora,2011,4,2011-T4,19.68
Zamora,2012,1,2012-T1,9.47
Zamora,2012,2,2012-T2,123.3
Zamora,2012,3,2012-T3,46.03
Zamora,2012,4,2012-T4,10.11
Zamora,2013,1,2013-T1,8.31
Zamora,2013,2,2013-T2,25.17
Zamora,2013,3,2013-T3,15.79
Zamora,2013,4,2013-T4,20.44
Zamora,2014,1,2014-T1,4.54
Zamora,2014,2,2014-T2,17.25
Zamora,2014,3,2014-T3,30.77
Zamora,2014,4,2014-T4,19.67
Zamora,2015,1,2015-T1,14.23
Zamora,2015,2,2015-T2,63.56
Zamora,2015,3,2015-T3,30.11
Zamora,2015,4,2015-T4,12.3
Zamora,2016,1,2016-T1,5.16
Zamora,2016,2,2016-T2,15.64
Zamora,2016,3,2016-T3,16.31
Zamora,2016,4,2016-T4,28.64
Zamora,2017,1,2017-T1,11.39
Zamora,2017,2,2017-T2,11.34
Zamora,2017,3,2017-T3,18.54
Zamora,2017,4,2017-T4,45.66
Zamora,2018,1,2018-T1,19.76
Zamora,2018,2,2018-T2,15.14
Zamora,2018,3,2018-T3,29.22
Zamora,2018,4,2018-T4,16.09
Zamora,2019,1,2019-T1,4.84
Zamora,2019,2,2019-T2,28.43
Zamora,2019,3,2019-T3,11.95
Zamora,2019,4,2019-T4,14.26
Zamora,2020,1,2020-T1,7.28
Zamora,2020,2,2020-T2,6.23
Zamora,2020,3,2020-T3,196.83
Zamora,2020,4,2020-T4,20.63
Zamora,2021,1,2021-T1,110.59
Zamora,2021,2,2021-T2,35.72
Zamora,2021,3,2021-T3,31.79
Zamora,2021,4,2021-T4,34.44
Zamora,2022,1,2022-T1,17.05
Zamora,2022,2,2022-T2,21.72
Zamora,2022,3,2022-T3,11.28
Zamora,2022,4,2022-T4,4.45
Zamora,2023,1,2023-T1,7.82
Zamora,2023,2,2023-T2,13.07
Zamora,2023,3,2023-T3,10.83
Zamora,2023,4,2023-T4,33.82
Zamora,2024,1,2024-T1,11.23
Zamora,2024,2,2024-T2,7.92
Zamora,2024,3,2024-T3,11.76
Zamora,2024,4,2024-T4,24.2
Zamora,2025,1,2025-T1,32.07
Zamora,2025,2,2025-T2,22.42
Zamora,2025,3,2025-T3,19.47
Zamora,2025,4,2025-T4,30.56
Zamora,2026,1,2026-T1,10.66
Zaragoza,2004,1,2004-T1,288.7
Zaragoza,2004,2,2004-T2,584.0
Zaragoza,2004,3,2004-T3,655.9
Zaragoza,2004,4,2004-T4,1344.5
Zaragoza,2005,1,2005-T1,1002.6
Zaragoza,2005,2,2005-T2,1286.6
Zaragoza,2005,3,2005-T3,938.0
Zaragoza,2005,4,2005-T4,1303.3
Zaragoza,2006,1,2006-T1,563.4
Zaragoza,2006,2,2006-T2,458.8
Zaragoza,2006,3,2006-T3,584.9
Zaragoza,2006,4,2006-T4,573.8
Zaragoza,2007,1,2007-T1,526.1
Zaragoza,2007,2,2007-T2,498.9
Zaragoza,2007,3,2007-T3,508.13554999999997
Zaragoza,2007,4,2007-T4,334.3
Zaragoza,2008,1,2008-T1,209.2
Zaragoza,2008,2,2008-T2,560.0
Zaragoza,2008,3,2008-T3,714.09
Zaragoza,2008,4,2008-T4,519.08
Zaragoza,2009,1,2009-T1,484.11
Zaragoza,2009,2,2009-T2,115.33
Zaragoza,2009,3,2009-T3,116.17
Zaragoza,2009,4,2009-T4,96.33
Zaragoza,2010,1,2010-T1,62.56
Zaragoza,2010,2,2010-T2,443.13
Zaragoza,2010,3,2010-T3,150.14
Zaragoza,2010,4,2010-T4,318.36
Zaragoza,2011,1,2011-T1,53.73
Zaragoza,2011,2,2011-T2,122.81
Zaragoza,2011,3,2011-T3,63.85
Zaragoza,2011,4,2011-T4,66.47
Zaragoza,2012,1,2012-T1,24.82
Zaragoza,2012,2,2012-T2,206.2
Zaragoza,2012,3,2012-T3,64.88
Zaragoza,2012,4,2012-T4,288.78
Zaragoza,2013,1,2013-T1,43.69
Zaragoza,2013,2,2013-T2,134.78
Zaragoza,2013,3,2013-T3,57.26
Zaragoza,2013,4,2013-T4,39.06
Zaragoza,2014,1,2014-T1,28.1
Zaragoza,2014,2,2014-T2,134.28
Zaragoza,2014,3,2014-T3,59.17
Zaragoza,2014,4,2014-T4,25.44
Zaragoza,2015,1,2015-T1,58.54
Zaragoza,2015,2,2015-T2,101.92
Zaragoza,2015,3,2015-T3,75.79
Zaragoza,2015,4,2015-T4,171.22
Zaragoza,2016,1,2016-T1,313.66
Zaragoza,2016,2,2016-T2,203.61
Zaragoza,2016,3,2016-T3,195.71
Zaragoza,2016,4,2016-T4,144.03
Zaragoza,2017,1,2017-T1,249.32
Zaragoza,2017,2,2017-T2,145.88
Zaragoza,2017,3,2017-T3,85.96
Zaragoza,2017,4,2017-T4,132.64
Zaragoza,2018,1,2018-T1,88.75
Zaragoza,2018,2,2018-T2,91.21
Zaragoza,2018,3,2018-T3,106.16
Zaragoza,2018,4,2018-T4,171.49
Zaragoza,2019,1,2019-T1,232.33
Zaragoza,2019,2,2019-T2,60.05
Zaragoza,2019,3,2019-T3,88.74
Zaragoza,2019,4,2019-T4,118.71
Zaragoza,2020,1,2020-T1,107.23
Zaragoza,2020,2,2020-T2,33.11
Zaragoza,2020,3,2020-T3,28.48
Zaragoza,2020,4,2020-T4,169.42
Zaragoza,2021,1,2021-T1,273.28
Zaragoza,2021,2,2021-T2,244.3
Zaragoza,2021,3,2021-T3,472.1
Zaragoza,2021,4,2021-T4,391.96
Zaragoza,2022,1,2022-T1,78.49
Zaragoza,2022,2,2022-T2,182.67
Zaragoza,2022,3,2022-T3,103.56
Zaragoza,2022,4,2022-T4,111.35
Zaragoza,2023,1,2023-T1,366.03
Zaragoza,2023,2,2023-T2,193.24
Zaragoza,2023,3,2023-T3,139.53
Zaragoza,2023,4,2023-T4,73.29
Zaragoza,2024,1,2024-T1,182.96
Zaragoza,2024,2,2024-T2,178.16
Zaragoza,2024,3,2024-T3,274.56
Zaragoza,2024,4,2024-T4,188.14
Zaragoza,2025,1,2025-T1,105.68
Zaragoza,2025,2,2025-T2,140.28
Zaragoza,2025,3,2025-T3,317.9
Zaragoza,2025,4,2025-T4,436.61
Zaragoza,2026,1,2026-T1,347.15
Álava,2004,1,2004-T1,189.3
Álava,2004,2,2004-T2,206.3
Álava,2004,3,2004-T3,236.4
Álava,2004,4,2004-T4,241.1
Álava,2005,1,2005-T1,194.4
Álava,2005,2,2005-T2,176.6
Álava,2005,3,2005-T3,111.8
Álava,2005,4,2005-T4,135.1
Álava,2006,1,2006-T1,223.2
Álava,2006,2,2006-T2,155.8
Álava,2006,3,2006-T3,172.5
Álava,2006,4,2006-T4,164.8
Álava,2007,1,2007-T1,159.2
Álava,2007,2,2007-T2,122.0
Álava,2007,3,2007-T3,165.65314999999998
Álava,2007,4,2007-T4,75.8
Álava,2008,1,2008-T1,78.8
Álava,2008,2,2008-T2,81.6
Álava,2008,3,2008-T3,70.89
Álava,2008,4,2008-T4,59.15
Álava,2009,1,2009-T1,20.37
Álava,2009,2,2009-T2,97.6
Álava,2009,3,2009-T3,31.37
Álava,2009,4,2009-T4,36.7
Álava,2010,1,2010-T1,26.47
Álava,2010,2,2010-T2,23.3
Álava,2010,3,2010-T3,18.43
Álava,2010,4,2010-T4,89.55
Álava,2011,1,2011-T1,13.94
Álava,2011,2,2011-T2,46.25
Álava,2011,3,2011-T3,11.83
Álava,2011,4,2011-T4,56.73
Álava,2012,1,2012-T1,46.68
Álava,2012,2,2012-T2,152.75
Álava,2012,3,2012-T3,32.39
Álava,2012,4,2012-T4,3.54
Álava,2013,1,2013-T1,9.05
Álava,2013,2,2013-T2,5.5
Álava,2013,3,2013-T3,51.87
Álava,2013,4,2013-T4,16.3
Álava,2014,1,2014-T1,6.8
Álava,2014,2,2014-T2,11.69
Álava,2014,3,2014-T3,5.11
Álava,2014,4,2014-T4,6.65
Álava,2015,1,2015-T1,29.72
Álava,2015,2,2015-T2,9.46
Álava,2015,3,2015-T3,70.7
Álava,2015,4,2015-T4,24.56
Álava,2016,1,2016-T1,58.4
Álava,2016,2,2016-T2,18.11
Álava,2016,3,2016-T3,21.42
Álava,2016,4,2016-T4,9.94
Álava,2017,1,2017-T1,16.85
Álava,2017,2,2017-T2,33.24
Álava,2017,3,2017-T3,20.1
Álava,2017,4,2017-T4,21.14
Álava,2018,1,2018-T1,37.49
Álava,2018,2,2018-T2,25.62
Álava,2018,3,2018-T3,14.6
Álava,2018,4,2018-T4,30.24
Álava,2019,1,2019-T1,56.86
Álava,2019,2,2019-T2,29.56
Álava,2019,3,2019-T3,158.95
Álava,2019,4,2019-T4,29.12
Álava,2020,1,2020-T1,138.49
Álava,2020,2,2020-T2,29.98
Álava,2020,3,2020-T3,28.77
Álava,2020,4,2020-T4,118.79
Álava,2021,1,2021-T1,51.29
Álava,2021,2,2021-T2,61.14
Álava,2021,3,2021-T3,36.97
Álava,2021,4,2021-T4,37.82
Álava,2022,1,2022-T1,262.49
Álava,2022,2,2022-T2,72.54
Álava,2022,3,2022-T3,12.77
Álava,2022,4,2022-T4,23.63
Álava,2023,1,2023-T1,28.58
Álava,2023,2,2023-T2,27.38
Álava,2023,3,2023-T3,25.89
Álava,2023,4,2023-T4,9.43
Álava,2024,1,2024-T1,170.84
Álava,2024,2,2024-T2,113.73
Álava,2024,3,2024-T3,9.8
Álava,2024,4,2024-T4,27.67
Álava,2025,1,2025-T1,42.47
Álava,2025,2,2025-T2,62.72
Álava,2025,3,2025-T3,31.22
Álava,2025,4,2025-T4,109.44
Álava,2026,1,2026-T1,46.68
