provincia,anio,trimestre,periodo,valor_transacciones_miles_euros
Albacete,2004,1,2004-T1,10521.0
Albacete,2004,2,2004-T2,12979.7
Albacete,2004,3,2004-T3,6210.8
Albacete,2004,4,2004-T4,9160.7
Albacete,2005,1,2005-T1,13194.5
Albacete,2005,2,2005-T2,14540.9
Albacete,2005,3,2005-T3,5457.4
Albacete,2005,4,2005-T4,7370.3
Albacete,2006,1,2006-T1,32767.1
Albacete,2006,2,2006-T2,41299.5
Albacete,2006,3,2006-T3,24598.5
Albacete,2006,4,2006-T4,45641.1
Albacete,2007,1,2007-T1,78457.6
Albacete,2007,2,2007-T2,19405.2
Albacete,2007,3,2007-T3,29893.75782
Albacete,2007,4,2007-T4,77552.6
Albacete,2008,1,2008-T1,17859.4
Albacete,2008,2,2008-T2,26142.1
Albacete,2008,3,2008-T3,20385.62
Albacete,2008,4,2008-T4,27099.74
Albacete,2009,1,2009-T1,14235.95
Albacete,2009,2,2009-T2,9203.48
Albacete,2009,3,2009-T3,4453.86
Albacete,2009,4,2009-T4,3836.29
Albacete,2010,1,2010-T1,1646.47
Albacete,2010,2,2010-T2,6643.34
Albacete,2010,3,2010-T3,1711.57
Albacete,2010,4,2010-T4,3945.7
Albacete,2011,1,2011-T1,2302.99
Albacete,2011,2,2011-T2,5362.61
Albacete,2011,3,2011-T3,2342.86
Albacete,2011,4,2011-T4,2865.38
Albacete,2012,1,2012-T1,2068.92
Albacete,2012,2,2012-T2,2282.67
Albacete,2012,3,2012-T3,518.67
Albacete,2012,4,2012-T4,1503.81
Albacete,2013,1,2013-T1,2840.91
Albacete,2013,2,2013-T2,1190.82
Albacete,2013,3,2013-T3,1028.42
Albacete,2013,4,2013-T4,1547.53
Albacete,2014,1,2014-T1,10387.47
Albacete,2014,2,2014-T2,1088.59
Albacete,2014,3,2014-T3,2488.37
Albacete,2014,4,2014-T4,3452.36
Albacete,2015,1,2015-T1,999.37
Albacete,2015,2,2015-T2,2027.12
Albacete,2015,3,2015-T3,1470.9
Albacete,2015,4,2015-T4,1083.08
Albacete,2016,1,2016-T1,4182.83
Albacete,2016,2,2016-T2,1934.87
Albacete,2016,3,2016-T3,1766.06
Albacete,2016,4,2016-T4,2745.35
Albacete,2017,1,2017-T1,1908.94
Albacete,2017,2,2017-T2,1674.92
Albacete,2017,3,2017-T3,2302.16
Albacete,2017,4,2017-T4,2376.62
Albacete,2018,1,2018-T1,1780.44
Albacete,2018,2,2018-T2,1912.97
Albacete,2018,3,2018-T3,1075.65
Albacete,2018,4,2018-T4,3746.3
Albacete,2019,1,2019-T1,1187.71
Albacete,2019,2,2019-T2,4506.61
Albacete,2019,3,2019-T3,4632.74
Albacete,2019,4,2019-T4,2102.16
Albacete,2020,1,2020-T1,529.35
Albacete,2020,2,2020-T2,378.24
Albacete,2020,3,2020-T3,3318.21
Albacete,2020,4,2020-T4,5132.54
Albacete,2021,1,2021-T1,1461.01
Albacete,2021,2,2021-T2,4690.85
Albacete,2021,3,2021-T3,3880.2
Albacete,2021,4,2021-T4,2191.96
Albacete,2022,1,2022-T1,3675.22
Albacete,2022,2,2022-T2,4630.29
Albacete,2022,3,2022-T3,2032.66
Albacete,2022,4,2022-T4,1538.61
Albacete,2023,1,2023-T1,1671.8
Albacete,2023,2,2023-T2,1252.5
Albacete,2023,3,2023-T3,2073.43
Albacete,2023,4,2023-T4,1122.03
Albacete,2024,1,2024-T1,2061.3
Albacete,2024,2,2024-T2,1572.92
Albacete,2024,3,2024-T3,1935.56
Albacete,2024,4,2024-T4,1863.59
Albacete,2025,1,2025-T1,2240.45
Albacete,2025,2,2025-T2,2360.73
Albacete,2025,3,2025-T3,2678.11
Albacete,2025,4,2025-T4,2345.88
Albacete,2026,1,2026-T1,5127.37
Alicante/Alacant,2004,1,2004-T1,248776.4
Alicante/Alacant,2004,2,2004-T2,195681.6
Alicante/Alacant,2004,3,2004-T3,113621.2
Alicante/Alacant,2004,4,2004-T4,270521.6
Alicante/Alacant,2005,1,2005-T1,195676.4
Alicante/Alacant,2005,2,2005-T2,158830.6
Alicante/Alacant,2005,3,2005-T3,215831.0
Alicante/Alacant,2005,4,2005-T4,124693.2
Alicante/Alacant,2006,1,2006-T1,122070.2
Alicante/Alacant,2006,2,2006-T2,145495.9
Alicante/Alacant,2006,3,2006-T3,119355.8
Alicante/Alacant,2006,4,2006-T4,166931.9
Alicante/Alacant,2007,1,2007-T1,250272.3
Alicante/Alacant,2007,2,2007-T2,255596.6
Alicante/Alacant,2007,3,2007-T3,202566.74349000002
Alicante/Alacant,2007,4,2007-T4,150480.8
Alicante/Alacant,2008,1,2008-T1,82078.5
Alicante/Alacant,2008,2,2008-T2,74220.3
Alicante/Alacant,2008,3,2008-T3,151092.76
Alicante/Alacant,2008,4,2008-T4,93420.1
Alicante/Alacant,2009,1,2009-T1,71127.73
Alicante/Alacant,2009,2,2009-T2,67529.88
Alicante/Alacant,2009,3,2009-T3,23986.92
Alicante/Alacant,2009,4,2009-T4,38399.61
Alicante/Alacant,2010,1,2010-T1,29840.8
Alicante/Alacant,2010,2,2010-T2,20599.81
Alicante/Alacant,2010,3,2010-T3,26046.72
Alicante/Alacant,2010,4,2010-T4,55746.29
Alicante/Alacant,2011,1,2011-T1,13804.04
Alicante/Alacant,2011,2,2011-T2,27031.35
Alicante/Alacant,2011,3,2011-T3,21536.44
Alicante/Alacant,2011,4,2011-T4,15444.04
Alicante/Alacant,2012,1,2012-T1,41818.71
Alicante/Alacant,2012,2,2012-T2,23076.57
Alicante/Alacant,2012,3,2012-T3,30701.08
Alicante/Alacant,2012,4,2012-T4,16664.27
Alicante/Alacant,2013,1,2013-T1,12062.87
Alicante/Alacant,2013,2,2013-T2,41692.57
Alicante/Alacant,2013,3,2013-T3,18374.11
Alicante/Alacant,2013,4,2013-T4,33785.14
Alicante/Alacant,2014,1,2014-T1,20556.62
Alicante/Alacant,2014,2,2014-T2,34548.46
Alicante/Alacant,2014,3,2014-T3,30486.28
Alicante/Alacant,2014,4,2014-T4,44115.95
Alicante/Alacant,2015,1,2015-T1,19897.51
Alicante/Alacant,2015,2,2015-T2,24759.88
Alicante/Alacant,2015,3,2015-T3,31880.94
Alicante/Alacant,2015,4,2015-T4,25822.03
Alicante/Alacant,2016,1,2016-T1,20975.28
Alicante/Alacant,2016,2,2016-T2,33495.27
Alicante/Alacant,2016,3,2016-T3,38769.33
Alicante/Alacant,2016,4,2016-T4,30978.55
Alicante/Alacant,2017,1,2017-T1,35138.79
Alicante/Alacant,2017,2,2017-T2,55085.41
Alicante/Alacant,2017,3,2017-T3,30604.07
Alicante/Alacant,2017,4,2017-T4,30256.62
Alicante/Alacant,2018,1,2018-T1,28779.13
Alicante/Alacant,2018,2,2018-T2,60549.72
Alicante/Alacant,2018,3,2018-T3,35814.0
Alicante/Alacant,2018,4,2018-T4,29048.26
Alicante/Alacant,2019,1,2019-T1,23512.15
Alicante/Alacant,2019,2,2019-T2,28724.71
Alicante/Alacant,2019,3,2019-T3,52166.35
Alicante/Alacant,2019,4,2019-T4,26922.54
Alicante/Alacant,2020,1,2020-T1,19887.67
Alicante/Alacant,2020,2,2020-T2,18449.15
Alicante/Alacant,2020,3,2020-T3,23288.54
Alicante/Alacant,2020,4,2020-T4,28992.1
Alicante/Alacant,2021,1,2021-T1,23778.31
Alicante/Alacant,2021,2,2021-T2,29007.45
Alicante/Alacant,2021,3,2021-T3,29323.38
Alicante/Alacant,2021,4,2021-T4,41453.77
Alicante/Alacant,2022,1,2022-T1,55256.59
Alicante/Alacant,2022,2,2022-T2,40234.56
Alicante/Alacant,2022,3,2022-T3,38495.8
Alicante/Alacant,2022,4,2022-T4,35711.51
Alicante/Alacant,2023,1,2023-T1,25751.55
Alicante/Alacant,2023,2,2023-T2,41476.34
Alicante/Alacant,2023,3,2023-T3,29238.89
Alicante/Alacant,2023,4,2023-T4,48677.81
Alicante/Alacant,2024,1,2024-T1,35722.18
Alicante/Alacant,2024,2,2024-T2,52908.7
Alicante/Alacant,2024,3,2024-T3,41949.26
Alicante/Alacant,2024,4,2024-T4,16653.46
Alicante/Alacant,2025,1,2025-T1,36552.31
Alicante/Alacant,2025,2,2025-T2,63787.74
Alicante/Alacant,2025,3,2025-T3,92850.35
Alicante/Alacant,2025,4,2025-T4,69362.65
Alicante/Alacant,2026,1,2026-T1,66065.87
Almería,2004,1,2004-T1,151132.9
Almería,2004,2,2004-T2,187798.2
Almería,2004,3,2004-T3,129457.1
Almería,2004,4,2004-T4,96876.8
Almería,2005,1,2005-T1,133116.2
Almería,2005,2,2005-T2,176852.3
Almería,2005,3,2005-T3,97672.3
Almería,2005,4,2005-T4,266118.2
Almería,2006,1,2006-T1,89645.8
Almería,2006,2,2006-T2,84856.2
Almería,2006,3,2006-T3,26717.8
Almería,2006,4,2006-T4,88143.0
Almería,2007,1,2007-T1,36303.0
Almería,2007,2,2007-T2,44819.3
Almería,2007,3,2007-T3,89973.50044
Almería,2007,4,2007-T4,28556.4
Almería,2008,1,2008-T1,39849.0
Almería,2008,2,2008-T2,24207.0
Almería,2008,3,2008-T3,34561.42
Almería,2008,4,2008-T4,39861.94
Almería,2009,1,2009-T1,88471.96
Almería,2009,2,2009-T2,34882.31
Almería,2009,3,2009-T3,42374.16
Almería,2009,4,2009-T4,20000.66
Almería,2010,1,2010-T1,12851.5
Almería,2010,2,2010-T2,34813.01
Almería,2010,3,2010-T3,5173.3
Almería,2010,4,2010-T4,19549.85
Almería,2011,1,2011-T1,11380.62
Almería,2011,2,2011-T2,11805.16
Almería,2011,3,2011-T3,7836.4
Almería,2011,4,2011-T4,12197.81
Almería,2012,1,2012-T1,3715.46
Almería,2012,2,2012-T2,11355.22
Almería,2012,3,2012-T3,11270.31
Almería,2012,4,2012-T4,2519.46
Almería,2013,1,2013-T1,3122.94
Almería,2013,2,2013-T2,3239.83
Almería,2013,3,2013-T3,10739.48
Almería,2013,4,2013-T4,7572.73
Almería,2014,1,2014-T1,4548.55
Almería,2014,2,2014-T2,6222.21
Almería,2014,3,2014-T3,5505.07
Almería,2014,4,2014-T4,7899.65
Almería,2015,1,2015-T1,13448.83
Almería,2015,2,2015-T2,4579.9
Almería,2015,3,2015-T3,7544.37
Almería,2015,4,2015-T4,6201.95
Almería,2016,1,2016-T1,7932.02
Almería,2016,2,2016-T2,4418.7
Almería,2016,3,2016-T3,4853.32
Almería,2016,4,2016-T4,7281.02
Almería,2017,1,2017-T1,5490.49
Almería,2017,2,2017-T2,9655.57
Almería,2017,3,2017-T3,6255.1
Almería,2017,4,2017-T4,5716.94
Almería,2018,1,2018-T1,5111.38
Almería,2018,2,2018-T2,12989.67
Almería,2018,3,2018-T3,6208.66
Almería,2018,4,2018-T4,9021.57
Almería,2019,1,2019-T1,7632.47
Almería,2019,2,2019-T2,4131.82
Almería,2019,3,2019-T3,10285.17
Almería,2019,4,2019-T4,9735.54
Almería,2020,1,2020-T1,1088.34
Almería,2020,2,2020-T2,2760.11
Almería,2020,3,2020-T3,4945.76
Almería,2020,4,2020-T4,7539.3
Almería,2021,1,2021-T1,3586.63
Almería,2021,2,2021-T2,8743.29
Almería,2021,3,2021-T3,10559.93
Almería,2021,4,2021-T4,15179.06
Almería,2022,1,2022-T1,17774.34
Almería,2022,2,2022-T2,10625.31
Almería,2022,3,2022-T3,14890.24
Almería,2022,4,2022-T4,13475.29
Almería,2023,1,2023-T1,10570.62
Almería,2023,2,2023-T2,26971.74
Almería,2023,3,2023-T3,4713.39
Almería,2023,4,2023-T4,11653.79
Almería,2024,1,2024-T1,12203.88
Almería,2024,2,2024-T2,6380.7
Almería,2024,3,2024-T3,18140.0
Almería,2024,4,2024-T4,15601.11
Almería,2025,1,2025-T1,19846.35
Almería,2025,2,2025-T2,28914.84
Almería,2025,3,2025-T3,9907.3
Almería,2025,4,2025-T4,18610.35
Almería,2026,1,2026-T1,16525.52
Avila,2004,1,2004-T1,15754.4
Avila,2004,2,2004-T2,23295.5
Avila,2004,3,2004-T3,9956.0
Avila,2004,4,2004-T4,18583.8
Avila,2005,1,2005-T1,12566.7
Avila,2005,2,2005-T2,18500.3
Avila,2005,3,2005-T3,41456.2
Avila,2005,4,2005-T4,16232.7
Avila,2006,1,2006-T1,9595.2
Avila,2006,2,2006-T2,15010.9
Avila,2006,3,2006-T3,3922.2
Avila,2006,4,2006-T4,6160.7
Avila,2007,1,2007-T1,5738.1
Avila,2007,2,2007-T2,15155.7
Avila,2007,3,2007-T3,3496.9966
Avila,2007,4,2007-T4,8028.4
Avila,2008,1,2008-T1,7985.0
Avila,2008,2,2008-T2,13024.6
Avila,2008,3,2008-T3,6708.0
Avila,2008,4,2008-T4,13730.18
Avila,2009,1,2009-T1,1957.13
Avila,2009,2,2009-T2,12248.27
Avila,2009,3,2009-T3,2858.97
Avila,2009,4,2009-T4,3471.13
Avila,2010,1,2010-T1,3325.72
Avila,2010,2,2010-T2,5054.58
Avila,2010,3,2010-T3,1789.18
Avila,2010,4,2010-T4,2007.58
Avila,2011,1,2011-T1,1819.07
Avila,2011,2,2011-T2,1417.58
Avila,2011,3,2011-T3,2093.0
Avila,2011,4,2011-T4,6496.85
Avila,2012,1,2012-T1,1229.11
Avila,2012,2,2012-T2,1708.82
Avila,2012,3,2012-T3,1140.66
Avila,2012,4,2012-T4,2288.59
Avila,2013,1,2013-T1,1079.44
Avila,2013,2,2013-T2,669.51
Avila,2013,3,2013-T3,438.82
Avila,2013,4,2013-T4,818.09
Avila,2014,1,2014-T1,262.2
Avila,2014,2,2014-T2,170.15
Avila,2014,3,2014-T3,502.41
Avila,2014,4,2014-T4,1609.98
Avila,2015,1,2015-T1,110.43
Avila,2015,2,2015-T2,1388.39
Avila,2015,3,2015-T3,227.22
Avila,2015,4,2015-T4,243.04
Avila,2016,1,2016-T1,214.7
Avila,2016,2,2016-T2,1257.76
Avila,2016,3,2016-T3,1835.99
Avila,2016,4,2016-T4,782.76
Avila,2017,1,2017-T1,334.5
Avila,2017,2,2017-T2,994.47
Avila,2017,3,2017-T3,377.69
Avila,2017,4,2017-T4,1021.53
Avila,2018,1,2018-T1,133.03
Avila,2018,2,2018-T2,456.1
Avila,2018,3,2018-T3,691.24
Avila,2018,4,2018-T4,973.14
Avila,2019,1,2019-T1,835.08
Avila,2019,2,2019-T2,226.04
Avila,2019,3,2019-T3,283.04
Avila,2019,4,2019-T4,382.43
Avila,2020,1,2020-T1,256.57
Avila,2020,2,2020-T2,28.0
Avila,2020,3,2020-T3,684.77
Avila,2020,4,2020-T4,732.12
Avila,2021,1,2021-T1,844.29
Avila,2021,2,2021-T2,766.89
Avila,2021,3,2021-T3,915.33
Avila,2021,4,2021-T4,1874.14
Avila,2022,1,2022-T1,1374.77
Avila,2022,2,2022-T2,1019.23
Avila,2022,3,2022-T3,827.24
Avila,2022,4,2022-T4,1347.16
Avila,2023,1,2023-T1,670.98
Avila,2023,2,2023-T2,914.6
Avila,2023,3,2023-T3,1587.14
Avila,2023,4,2023-T4,1354.48
Avila,2024,1,2024-T1,878.75
Avila,2024,2,2024-T2,1103.08
Avila,2024,3,2024-T3,1893.86
Avila,2024,4,2024-T4,985.69
Avila,2025,1,2025-T1,17518.33
Avila,2025,2,2025-T2,3697.5
Avila,2025,3,2025-T3,5187.73
Avila,2025,4,2025-T4,3225.51
Avila,2026,1,2026-T1,3184.89
Badajoz,2004,1,2004-T1,26157.3
Badajoz,2004,2,2004-T2,21478.5
Badajoz,2004,3,2004-T3,23991.5
Badajoz,2004,4,2004-T4,38559.4
Badajoz,2005,1,2005-T1,40785.7
Badajoz,2005,2,2005-T2,53048.8
Badajoz,2005,3,2005-T3,22362.4
Badajoz,2005,4,2005-T4,23334.1
Badajoz,2006,1,2006-T1,18575.9
Badajoz,2006,2,2006-T2,41182.4
Badajoz,2006,3,2006-T3,11168.9
Badajoz,2006,4,2006-T4,35254.7
Badajoz,2007,1,2007-T1,38304.3
Badajoz,2007,2,2007-T2,14077.2
Badajoz,2007,3,2007-T3,21673.29173
Badajoz,2007,4,2007-T4,43448.4
Badajoz,2008,1,2008-T1,68605.9
Badajoz,2008,2,2008-T2,21275.3
Badajoz,2008,3,2008-T3,120042.78
Badajoz,2008,4,2008-T4,24999.94
Badajoz,2009,1,2009-T1,92584.0
Badajoz,2009,2,2009-T2,58340.77
Badajoz,2009,3,2009-T3,5464.76
Badajoz,2009,4,2009-T4,12187.09
Badajoz,2010,1,2010-T1,7495.36
Badajoz,2010,2,2010-T2,11830.18
Badajoz,2010,3,2010-T3,7898.94
Badajoz,2010,4,2010-T4,6989.64
Badajoz,2011,1,2011-T1,6959.96
Badajoz,2011,2,2011-T2,3824.88
Badajoz,2011,3,2011-T3,6256.47
Badajoz,2011,4,2011-T4,4286.86
Badajoz,2012,1,2012-T1,4960.02
Badajoz,2012,2,2012-T2,11340.36
Badajoz,2012,3,2012-T3,4538.82
Badajoz,2012,4,2012-T4,10630.5
Badajoz,2013,1,2013-T1,1824.71
Badajoz,2013,2,2013-T2,2475.94
Badajoz,2013,3,2013-T3,8099.14
Badajoz,2013,4,2013-T4,4068.54
Badajoz,2014,1,2014-T1,3475.45
Badajoz,2014,2,2014-T2,5285.22
Badajoz,2014,3,2014-T3,4321.61
Badajoz,2014,4,2014-T4,3083.35
Badajoz,2015,1,2015-T1,3028.89
Badajoz,2015,2,2015-T2,3879.88
Badajoz,2015,3,2015-T3,3088.62
Badajoz,2015,4,2015-T4,5236.28
Badajoz,2016,1,2016-T1,3580.49
Badajoz,2016,2,2016-T2,5769.36
Badajoz,2016,3,2016-T3,5211.16
Badajoz,2016,4,2016-T4,4869.01
Badajoz,2017,1,2017-T1,4004.19
Badajoz,2017,2,2017-T2,7939.08
Badajoz,2017,3,2017-T3,7844.4
Badajoz,2017,4,2017-T4,6627.98
Badajoz,2018,1,2018-T1,4201.41
Badajoz,2018,2,2018-T2,3409.87
Badajoz,2018,3,2018-T3,4364.29
Badajoz,2018,4,2018-T4,5657.43
Badajoz,2019,1,2019-T1,3680.94
Badajoz,2019,2,2019-T2,3756.96
Badajoz,2019,3,2019-T3,3881.82
Badajoz,2019,4,2019-T4,4036.07
Badajoz,2020,1,2020-T1,2796.72
Badajoz,2020,2,2020-T2,2391.61
Badajoz,2020,3,2020-T3,4475.35
Badajoz,2020,4,2020-T4,9089.99
Badajoz,2021,1,2021-T1,6877.9
Badajoz,2021,2,2021-T2,9117.31
Badajoz,2021,3,2021-T3,6275.31
Badajoz,2021,4,2021-T4,11409.08
Badajoz,2022,1,2022-T1,10634.01
Badajoz,2022,2,2022-T2,6843.46
Badajoz,2022,3,2022-T3,3261.91
Badajoz,2022,4,2022-T4,5875.28
Badajoz,2023,1,2023-T1,4798.56
Badajoz,2023,2,2023-T2,10422.39
Badajoz,2023,3,2023-T3,4782.56
Badajoz,2023,4,2023-T4,16457.28
Badajoz,2024,1,2024-T1,9088.28
Badajoz,2024,2,2024-T2,9695.67
Badajoz,2024,3,2024-T3,3825.0
Badajoz,2024,4,2024-T4,6656.57
Badajoz,2025,1,2025-T1,11087.24
Badajoz,2025,2,2025-T2,8012.05
Badajoz,2025,3,2025-T3,10467.75
Badajoz,2025,4,2025-T4,6728.33
Badajoz,2026,1,2026-T1,7508.52
Barcelona,2004,1,2004-T1,819842.1
Barcelona,2004,2,2004-T2,720378.0
Barcelona,2004,3,2004-T3,669427.3
Barcelona,2004,4,2004-T4,911096.8
Barcelona,2005,1,2005-T1,731598.5
Barcelona,2005,2,2005-T2,980477.5
Barcelona,2005,3,2005-T3,898042.7
Barcelona,2005,4,2005-T4,558645.0
Barcelona,2006,1,2006-T1,633224.1
Barcelona,2006,2,2006-T2,465676.4
Barcelona,2006,3,2006-T3,508415.6
Barcelona,2006,4,2006-T4,587635.7
Barcelona,2007,1,2007-T1,684576.4
Barcelona,2007,2,2007-T2,750299.2
Barcelona,2007,3,2007-T3,636960.29412
Barcelona,2007,4,2007-T4,485906.5
Barcelona,2008,1,2008-T1,379667.1
Barcelona,2008,2,2008-T2,305102.5
Barcelona,2008,3,2008-T3,553980.73
Barcelona,2008,4,2008-T4,276953.53
Barcelona,2009,1,2009-T1,152341.87
Barcelona,2009,2,2009-T2,144535.39
Barcelona,2009,3,2009-T3,183166.05
Barcelona,2009,4,2009-T4,147506.77
Barcelona,2010,1,2010-T1,94570.39
Barcelona,2010,2,2010-T2,73692.38
Barcelona,2010,3,2010-T3,29541.9
Barcelona,2010,4,2010-T4,98450.05
Barcelona,2011,1,2011-T1,89502.77
Barcelona,2011,2,2011-T2,119143.78
Barcelona,2011,3,2011-T3,82387.1
Barcelona,2011,4,2011-T4,132116.46
Barcelona,2012,1,2012-T1,83458.76
Barcelona,2012,2,2012-T2,81628.69
Barcelona,2012,3,2012-T3,46083.04
Barcelona,2012,4,2012-T4,39914.16
Barcelona,2013,1,2013-T1,41372.57
Barcelona,2013,2,2013-T2,61590.12
Barcelona,2013,3,2013-T3,78770.02
Barcelona,2013,4,2013-T4,104004.71
Barcelona,2014,1,2014-T1,47997.17
Barcelona,2014,2,2014-T2,56688.15
Barcelona,2014,3,2014-T3,67976.49
Barcelona,2014,4,2014-T4,96880.6
Barcelona,2015,1,2015-T1,56243.72
Barcelona,2015,2,2015-T2,52254.42
Barcelona,2015,3,2015-T3,79374.34
Barcelona,2015,4,2015-T4,71241.82
Barcelona,2016,1,2016-T1,75499.89
Barcelona,2016,2,2016-T2,96874.98
Barcelona,2016,3,2016-T3,49336.27
Barcelona,2016,4,2016-T4,97961.38
Barcelona,2017,1,2017-T1,108912.63
Barcelona,2017,2,2017-T2,148608.23
Barcelona,2017,3,2017-T3,76366.32
Barcelona,2017,4,2017-T4,118575.3
Barcelona,2018,1,2018-T1,112044.43
Barcelona,2018,2,2018-T2,126388.68
Barcelona,2018,3,2018-T3,97581.35
Barcelona,2018,4,2018-T4,106391.74
Barcelona,2019,1,2019-T1,75338.56
Barcelona,2019,2,2019-T2,71360.74
Barcelona,2019,3,2019-T3,69820.08
Barcelona,2019,4,2019-T4,82645.64
Barcelona,2020,1,2020-T1,46493.81
Barcelona,2020,2,2020-T2,55487.68
Barcelona,2020,3,2020-T3,69447.65
Barcelona,2020,4,2020-T4,120234.48
Barcelona,2021,1,2021-T1,117391.51
Barcelona,2021,2,2021-T2,146407.71
Barcelona,2021,3,2021-T3,121956.87
Barcelona,2021,4,2021-T4,207566.67
Barcelona,2022,1,2022-T1,161916.37
Barcelona,2022,2,2022-T2,105444.96
Barcelona,2022,3,2022-T3,67208.54
Barcelona,2022,4,2022-T4,118641.71
Barcelona,2023,1,2023-T1,99779.26
Barcelona,2023,2,2023-T2,112519.91
Barcelona,2023,3,2023-T3,73863.98
Barcelona,2023,4,2023-T4,89519.73
Barcelona,2024,1,2024-T1,63135.72
Barcelona,2024,2,2024-T2,109555.13
Barcelona,2024,3,2024-T3,103842.28
Barcelona,2024,4,2024-T4,74176.58
Barcelona,2025,1,2025-T1,109482.44
Barcelona,2025,2,2025-T2,110614.93
Barcelona,2025,3,2025-T3,112107.25
Barcelona,2025,4,2025-T4,155081.51
Barcelona,2026,1,2026-T1,107956.39
Burgos,2004,1,2004-T1,30709.6
Burgos,2004,2,2004-T2,49521.7
Burgos,2004,3,2004-T3,83263.5
Burgos,2004,4,2004-T4,96327.6
Burgos,2005,1,2005-T1,69994.0
Burgos,2005,2,2005-T2,41769.9
Burgos,2005,3,2005-T3,33827.5
Burgos,2005,4,2005-T4,25732.0
Burgos,2006,1,2006-T1,41779.9
Burgos,2006,2,2006-T2,16749.3
Burgos,2006,3,2006-T3,21780.7
Burgos,2006,4,2006-T4,37029.2
Burgos,2007,1,2007-T1,29237.8
Burgos,2007,2,2007-T2,68780.1
Burgos,2007,3,2007-T3,18567.02071
Burgos,2007,4,2007-T4,28071.7
Burgos,2008,1,2008-T1,10821.3
Burgos,2008,2,2008-T2,12385.0
Burgos,2008,3,2008-T3,7383.09
Burgos,2008,4,2008-T4,9195.92
Burgos,2009,1,2009-T1,19016.87
Burgos,2009,2,2009-T2,4072.07
Burgos,2009,3,2009-T3,4764.66
Burgos,2009,4,2009-T4,11680.17
Burgos,2010,1,2010-T1,4184.66
Burgos,2010,2,2010-T2,5520.3
Burgos,2010,3,2010-T3,18882.95
Burgos,2010,4,2010-T4,4381.22
Burgos,2011,1,2011-T1,6274.44
Burgos,2011,2,2011-T2,6923.28
Burgos,2011,3,2011-T3,13748.13
Burgos,2011,4,2011-T4,4672.94
Burgos,2012,1,2012-T1,10475.44
Burgos,2012,2,2012-T2,18678.02
Burgos,2012,3,2012-T3,4359.61
Burgos,2012,4,2012-T4,717.36
Burgos,2013,1,2013-T1,3060.4
Burgos,2013,2,2013-T2,5169.34
Burgos,2013,3,2013-T3,1421.89
Burgos,2013,4,2013-T4,2282.18
Burgos,2014,1,2014-T1,5043.45
Burgos,2014,2,2014-T2,1286.29
Burgos,2014,3,2014-T3,5215.34
Burgos,2014,4,2014-T4,2523.49
Burgos,2015,1,2015-T1,8358.37
Burgos,2015,2,2015-T2,10687.41
Burgos,2015,3,2015-T3,2203.98
Burgos,2015,4,2015-T4,7191.51
Burgos,2016,1,2016-T1,5673.08
Burgos,2016,2,2016-T2,1368.23
Burgos,2016,3,2016-T3,2076.09
Burgos,2016,4,2016-T4,3117.62
Burgos,2017,1,2017-T1,600.26
Burgos,2017,2,2017-T2,8081.54
Burgos,2017,3,2017-T3,6060.17
Burgos,2017,4,2017-T4,3115.13
Burgos,2018,1,2018-T1,9684.06
Burgos,2018,2,2018-T2,17916.28
Burgos,2018,3,2018-T3,4995.09
Burgos,2018,4,2018-T4,10806.38
Burgos,2019,1,2019-T1,2353.71
Burgos,2019,2,2019-T2,1313.62
Burgos,2019,3,2019-T3,1712.5
Burgos,2019,4,2019-T4,1896.51
Burgos,2020,1,2020-T1,1060.17
Burgos,2020,2,2020-T2,1265.94
Burgos,2020,3,2020-T3,4149.7
Burgos,2020,4,2020-T4,4679.17
Burgos,2021,1,2021-T1,3716.81
Burgos,2021,2,2021-T2,4433.34
Burgos,2021,3,2021-T3,3444.72
Burgos,2021,4,2021-T4,9722.24
Burgos,2022,1,2022-T1,4852.56
Burgos,2022,2,2022-T2,8924.17
Burgos,2022,3,2022-T3,3500.68
Burgos,2022,4,2022-T4,4008.73
Burgos,2023,1,2023-T1,2622.61
Burgos,2023,2,2023-T2,12156.88
Burgos,2023,3,2023-T3,4296.16
Burgos,2023,4,2023-T4,5460.84
Burgos,2024,1,2024-T1,3669.84
Burgos,2024,2,2024-T2,8056.4
Burgos,2024,3,2024-T3,3997.29
Burgos,2024,4,2024-T4,3116.14
Burgos,2025,1,2025-T1,2930.19
Burgos,2025,2,2025-T2,8967.36
Burgos,2025,3,2025-T3,9313.62
Burgos,2025,4,2025-T4,6618.73
Burgos,2026,1,2026-T1,11727.95
Castellón/Castelló,2004,1,2004-T1,121740.3
Castellón/Castelló,2004,2,2004-T2,54846.2
Castellón/Castelló,2004,3,2004-T3,73546.4
Castellón/Castelló,2004,4,2004-T4,64206.5
Castellón/Castelló,2005,1,2005-T1,61113.2
Castellón/Castelló,2005,2,2005-T2,129511.1
Castellón/Castelló,2005,3,2005-T3,113797.4
Castellón/Castelló,2005,4,2005-T4,58551.4
Castellón/Castelló,2006,1,2006-T1,66775.3
Castellón/Castelló,2006,2,2006-T2,109394.5
Castellón/Castelló,2006,3,2006-T3,68985.5
Castellón/Castelló,2006,4,2006-T4,59552.4
Castellón/Castelló,2007,1,2007-T1,60531.4
Castellón/Castelló,2007,2,2007-T2,28401.4
Castellón/Castelló,2007,3,2007-T3,35350.08147999999
Castellón/Castelló,2007,4,2007-T4,46774.7
Castellón/Castelló,2008,1,2008-T1,45499.3
Castellón/Castelló,2008,2,2008-T2,31093.8
Castellón/Castelló,2008,3,2008-T3,32829.64
Castellón/Castelló,2008,4,2008-T4,27644.85
Castellón/Castelló,2009,1,2009-T1,15754.89
Castellón/Castelló,2009,2,2009-T2,16600.12
Castellón/Castelló,2009,3,2009-T3,50078.83
Castellón/Castelló,2009,4,2009-T4,21309.36
Castellón/Castelló,2010,1,2010-T1,19117.58
Castellón/Castelló,2010,2,2010-T2,17636.3
Castellón/Castelló,2010,3,2010-T3,36474.3
Castellón/Castelló,2010,4,2010-T4,27913.55
Castellón/Castelló,2011,1,2011-T1,43274.41
Castellón/Castelló,2011,2,2011-T2,6059.77
Castellón/Castelló,2011,3,2011-T3,14038.94
Castellón/Castelló,2011,4,2011-T4,10218.71
Castellón/Castelló,2012,1,2012-T1,28103.43
Castellón/Castelló,2012,2,2012-T2,12176.62
Castellón/Castelló,2012,3,2012-T3,11994.91
Castellón/Castelló,2012,4,2012-T4,3028.43
Castellón/Castelló,2013,1,2013-T1,2335.39
Castellón/Castelló,2013,2,2013-T2,6217.35
Castellón/Castelló,2013,3,2013-T3,4413.21
Castellón/Castelló,2013,4,2013-T4,7311.33
Castellón/Castelló,2014,1,2014-T1,3811.98
Castellón/Castelló,2014,2,2014-T2,5021.54
Castellón/Castelló,2014,3,2014-T3,9859.19
Castellón/Castelló,2014,4,2014-T4,10185.09
Castellón/Castelló,2015,1,2015-T1,5031.45
Castellón/Castelló,2015,2,2015-T2,1366.48
Castellón/Castelló,2015,3,2015-T3,5195.74
Castellón/Castelló,2015,4,2015-T4,3956.25
Castellón/Castelló,2016,1,2016-T1,8339.28
Castellón/Castelló,2016,2,2016-T2,7077.83
Castellón/Castelló,2016,3,2016-T3,6531.32
Castellón/Castelló,2016,4,2016-T4,7148.37
Castellón/Castelló,2017,1,2017-T1,6473.64
Castellón/Castelló,2017,2,2017-T2,3767.87
Castellón/Castelló,2017,3,2017-T3,5956.52
Castellón/Castelló,2017,4,2017-T4,5093.17
Castellón/Castelló,2018,1,2018-T1,6485.99
Castellón/Castelló,2018,2,2018-T2,7311.83
Castellón/Castelló,2018,3,2018-T3,3072.58
Castellón/Castelló,2018,4,2018-T4,13539.1
Castellón/Castelló,2019,1,2019-T1,2780.4
Castellón/Castelló,2019,2,2019-T2,2853.47
Castellón/Castelló,2019,3,2019-T3,1498.91
Castellón/Castelló,2019,4,2019-T4,4089.72
Castellón/Castelló,2020,1,2020-T1,1325.07
Castellón/Castelló,2020,2,2020-T2,4653.69
Castellón/Castelló,2020,3,2020-T3,16941.15
Castellón/Castelló,2020,4,2020-T4,30428.56
Castellón/Castelló,2021,1,2021-T1,9402.74
Castellón/Castelló,2021,2,2021-T2,8092.43
Castellón/Castelló,2021,3,2021-T3,15933.91
Castellón/Castelló,2021,4,2021-T4,8918.99
Castellón/Castelló,2022,1,2022-T1,16676.31
Castellón/Castelló,2022,2,2022-T2,5411.13
Castellón/Castelló,2022,3,2022-T3,7158.73
Castellón/Castelló,2022,4,2022-T4,10060.38
Castellón/Castelló,2023,1,2023-T1,4991.16
Castellón/Castelló,2023,2,2023-T2,7929.68
Castellón/Castelló,2023,3,2023-T3,6641.57
Castellón/Castelló,2023,4,2023-T4,8933.85
Castellón/Castelló,2024,1,2024-T1,6774.53
Castellón/Castelló,2024,2,2024-T2,13523.56
Castellón/Castelló,2024,3,2024-T3,22307.75
Castellón/Castelló,2024,4,2024-T4,5017.18
Castellón/Castelló,2025,1,2025-T1,5576.71
Castellón/Castelló,2025,2,2025-T2,12195.61
Castellón/Castelló,2025,3,2025-T3,11334.42
Castellón/Castelló,2025,4,2025-T4,19832.37
Castellón/Castelló,2026,1,2026-T1,15683.58
Ceuta,2004,1,2004-T1,224.0
Ceuta,2004,2,2004-T2,1469.5
Ceuta,2004,3,2004-T3,5791.2
Ceuta,2004,4,2004-T4,4575.3
Ceuta,2005,1,2005-T1,811.9
Ceuta,2005,2,2005-T2,868.1
Ceuta,2005,3,2005-T3,1436.8
Ceuta,2005,4,2005-T4,2325.0
Ceuta,2006,1,2006-T1,3484.5
Ceuta,2006,2,2006-T2,935.0
Ceuta,2006,3,2006-T3,674.6
Ceuta,2006,4,2006-T4,0.0
Ceuta,2007,1,2007-T1,1039.2
Ceuta,2007,2,2007-T2,120.2
Ceuta,2007,3,2007-T3,0.0
Ceuta,2007,4,2007-T4,695.9
Ceuta,2008,1,2008-T1,0.0
Ceuta,2008,2,2008-T2,185.6
Ceuta,2008,3,2008-T3,296.94
Ceuta,2008,4,2008-T4,684.81
Ceuta,2009,1,2009-T1,1205.18
Ceuta,2009,2,2009-T2,141.96
Ceuta,2009,3,2009-T3,195.46
Ceuta,2009,4,2009-T4,105.0
Ceuta,2010,1,2010-T1,250.0
Ceuta,2010,2,2010-T2,120.0
Ceuta,2010,3,2010-T3,196.16
Ceuta,2010,4,2010-T4,527.0
Ceuta,2011,1,2011-T1,160.0
Ceuta,2011,2,2011-T2,0.0
Ceuta,2011,3,2011-T3,0.0
Ceuta,2011,4,2011-T4,148.0
Ceuta,2012,1,2012-T1,0.0
Ceuta,2012,2,2012-T2,170.0
Ceuta,2012,3,2012-T3,60.03
Ceuta,2012,4,2012-T4,275.0
Ceuta,2013,1,2013-T1,190.0
Ceuta,2013,2,2013-T2,106.28
Ceuta,2013,3,2013-T3,60.0
Ceuta,2013,4,2013-T4,82.0
Ceuta,2014,1,2014-T1,0.0
Ceuta,2014,2,2014-T2,303.0
Ceuta,2014,3,2014-T3,0.0
Ceuta,2014,4,2014-T4,0.0
Ceuta,2015,1,2015-T1,511.74
Ceuta,2015,2,2015-T2,0.0
Ceuta,2015,3,2015-T3,0.0
Ceuta,2015,4,2015-T4,210.0
Ceuta,2016,1,2016-T1,0.0
Ceuta,2016,2,2016-T2,0.0
Ceuta,2016,3,2016-T3,186.0
Ceuta,2016,4,2016-T4,0.0
Ceuta,2017,1,2017-T1,220.0
Ceuta,2017,2,2017-T2,234.27
Ceuta,2017,3,2017-T3,0.0
Ceuta,2017,4,2017-T4,0.0
Ceuta,2018,1,2018-T1,0.0
Ceuta,2018,2,2018-T2,0.0
Ceuta,2018,3,2018-T3,188.0
Ceuta,2018,4,2018-T4,20.0
Ceuta,2019,1,2019-T1,0.0
Ceuta,2019,2,2019-T2,0.0
Ceuta,2019,3,2019-T3,0.0
Ceuta,2019,4,2019-T4,0.0
Ceuta,2020,1,2020-T1,200.0
Ceuta,2020,2,2020-T2,0.0
Ceuta,2020,3,2020-T3,0.0
Ceuta,2020,4,2020-T4,0.0
Ceuta,2021,1,2021-T1,0.0
Ceuta,2021,2,2021-T2,0.48
Ceuta,2021,3,2021-T3,0.0
Ceuta,2021,4,2021-T4,1902.41
Ceuta,2022,1,2022-T1,80.0
Ceuta,2022,2,2022-T2,12.0
Ceuta,2022,3,2022-T3,0.0
Ceuta,2022,4,2022-T4,0.0
Ceuta,2023,1,2023-T1,0.0
Ceuta,2023,2,2023-T2,0.0
Ceuta,2023,3,2023-T3,0.0
Ceuta,2023,4,2023-T4,40.0
Ceuta,2024,1,2024-T1,0.0
Ceuta,2024,2,2024-T2,25.0
Ceuta,2024,3,2024-T3,15.0
Ceuta,2024,4,2024-T4,0.0
Ceuta,2025,1,2025-T1,0.0
Ceuta,2025,2,2025-T2,0.0
Ceuta,2025,3,2025-T3,0.0
Ceuta,2025,4,2025-T4,750.0
Ceuta,2026,1,2026-T1,0.0
Ciudad Real,2004,1,2004-T1,21646.8
Ciudad Real,2004,2,2004-T2,19478.2
Ciudad Real,2004,3,2004-T3,12270.9
Ciudad Real,2004,4,2004-T4,15174.0
Ciudad Real,2005,1,2005-T1,25558.4
Ciudad Real,2005,2,2005-T2,56873.4
Ciudad Real,2005,3,2005-T3,22892.8
Ciudad Real,2005,4,2005-T4,10182.9
Ciudad Real,2006,1,2006-T1,30335.0
Ciudad Real,2006,2,2006-T2,22225.9
Ciudad Real,2006,3,2006-T3,24857.8
Ciudad Real,2006,4,2006-T4,31494.3
Ciudad Real,2007,1,2007-T1,42142.3
Ciudad Real,2007,2,2007-T2,37146.2
Ciudad Real,2007,3,2007-T3,30989.22615
Ciudad Real,2007,4,2007-T4,14469.3
Ciudad Real,2008,1,2008-T1,14304.5
Ciudad Real,2008,2,2008-T2,37963.4
Ciudad Real,2008,3,2008-T3,19919.96
Ciudad Real,2008,4,2008-T4,23899.03
Ciudad Real,2009,1,2009-T1,19346.81
Ciudad Real,2009,2,2009-T2,33583.47
Ciudad Real,2009,3,2009-T3,8575.23
Ciudad Real,2009,4,2009-T4,13056.29
Ciudad Real,2010,1,2010-T1,6910.74
Ciudad Real,2010,2,2010-T2,9156.21
Ciudad Real,2010,3,2010-T3,12742.82
Ciudad Real,2010,4,2010-T4,8322.58
Ciudad Real,2011,1,2011-T1,6507.89
Ciudad Real,2011,2,2011-T2,13715.55
Ciudad Real,2011,3,2011-T3,8498.77
Ciudad Real,2011,4,2011-T4,4506.08
Ciudad Real,2012,1,2012-T1,5029.93
Ciudad Real,2012,2,2012-T2,5226.52
Ciudad Real,2012,3,2012-T3,6254.57
Ciudad Real,2012,4,2012-T4,9633.95
Ciudad Real,2013,1,2013-T1,4639.09
Ciudad Real,2013,2,2013-T2,6262.29
Ciudad Real,2013,3,2013-T3,7413.62
Ciudad Real,2013,4,2013-T4,4828.62
Ciudad Real,2014,1,2014-T1,2247.33
Ciudad Real,2014,2,2014-T2,4198.68
Ciudad Real,2014,3,2014-T3,3549.63
Ciudad Real,2014,4,2014-T4,7451.42
Ciudad Real,2015,1,2015-T1,2845.69
Ciudad Real,2015,2,2015-T2,3407.11
Ciudad Real,2015,3,2015-T3,3969.39
Ciudad Real,2015,4,2015-T4,8012.23
Ciudad Real,2016,1,2016-T1,4528.35
Ciudad Real,2016,2,2016-T2,3701.8
Ciudad Real,2016,3,2016-T3,3626.9
Ciudad Real,2016,4,2016-T4,5806.29
Ciudad Real,2017,1,2017-T1,6682.76
Ciudad Real,2017,2,2017-T2,3636.64
Ciudad Real,2017,3,2017-T3,3117.51
Ciudad Real,2017,4,2017-T4,6868.95
Ciudad Real,2018,1,2018-T1,3178.61
Ciudad Real,2018,2,2018-T2,5036.68
Ciudad Real,2018,3,2018-T3,5317.99
Ciudad Real,2018,4,2018-T4,5447.04
Ciudad Real,2019,1,2019-T1,3704.99
Ciudad Real,2019,2,2019-T2,3366.46
Ciudad Real,2019,3,2019-T3,5028.13
Ciudad Real,2019,4,2019-T4,4177.54
Ciudad Real,2020,1,2020-T1,1622.86
Ciudad Real,2020,2,2020-T2,2564.54
Ciudad Real,2020,3,2020-T3,4523.38
Ciudad Real,2020,4,2020-T4,4585.45
Ciudad Real,2021,1,2021-T1,3961.09
Ciudad Real,2021,2,2021-T2,5113.43
Ciudad Real,2021,3,2021-T3,5212.24
Ciudad Real,2021,4,2021-T4,10130.72
Ciudad Real,2022,1,2022-T1,9373.71
Ciudad Real,2022,2,2022-T2,5185.9
Ciudad Real,2022,3,2022-T3,4623.48
Ciudad Real,2022,4,2022-T4,3170.9
Ciudad Real,2023,1,2023-T1,3586.89
Ciudad Real,2023,2,2023-T2,6110.31
Ciudad Real,2023,3,2023-T3,2138.9
Ciudad Real,2023,4,2023-T4,6155.3
Ciudad Real,2024,1,2024-T1,4676.96
Ciudad Real,2024,2,2024-T2,8357.9
Ciudad Real,2024,3,2024-T3,4998.6
Ciudad Real,2024,4,2024-T4,2863.21
Ciudad Real,2025,1,2025-T1,6785.71
Ciudad Real,2025,2,2025-T2,5286.55
Ciudad Real,2025,3,2025-T3,7932.18
Ciudad Real,2025,4,2025-T4,9518.59
Ciudad Real,2026,1,2026-T1,6418.85
Coruña (A),2004,1,2004-T1,47754.5
Coruña (A),2004,2,2004-T2,49568.6
Coruña (A),2004,3,2004-T3,26224.9
Coruña (A),2004,4,2004-T4,44266.8
Coruña (A),2005,1,2005-T1,65976.3
Coruña (A),2005,2,2005-T2,123627.5
Coruña (A),2005,3,2005-T3,69179.0
Coruña (A),2005,4,2005-T4,31227.0
Coruña (A),2006,1,2006-T1,26077.2
Coruña (A),2006,2,2006-T2,41650.7
Coruña (A),2006,3,2006-T3,22325.7
Coruña (A),2006,4,2006-T4,37495.9
Coruña (A),2007,1,2007-T1,37493.3
Coruña (A),2007,2,2007-T2,45650.7
Coruña (A),2007,3,2007-T3,43023.2933
Coruña (A),2007,4,2007-T4,21136.8
Coruña (A),2008,1,2008-T1,18289.9
Coruña (A),2008,2,2008-T2,32670.9
Coruña (A),2008,3,2008-T3,22486.33
Coruña (A),2008,4,2008-T4,50393.79
Coruña (A),2009,1,2009-T1,94342.28
Coruña (A),2009,2,2009-T2,21884.53
Coruña (A),2009,3,2009-T3,15674.7
Coruña (A),2009,4,2009-T4,14915.55
Coruña (A),2010,1,2010-T1,13769.15
Coruña (A),2010,2,2010-T2,8302.34
Coruña (A),2010,3,2010-T3,4586.96
Coruña (A),2010,4,2010-T4,6918.28
Coruña (A),2011,1,2011-T1,3294.75
Coruña (A),2011,2,2011-T2,3127.76
Coruña (A),2011,3,2011-T3,4724.08
Coruña (A),2011,4,2011-T4,16384.12
Coruña (A),2012,1,2012-T1,2869.06
Coruña (A),2012,2,2012-T2,2976.24
Coruña (A),2012,3,2012-T3,5073.93
Coruña (A),2012,4,2012-T4,5167.83
Coruña (A),2013,1,2013-T1,1941.45
Coruña (A),2013,2,2013-T2,2296.02
Coruña (A),2013,3,2013-T3,2588.27
Coruña (A),2013,4,2013-T4,8999.48
Coruña (A),2014,1,2014-T1,2928.11
Coruña (A),2014,2,2014-T2,3634.67
Coruña (A),2014,3,2014-T3,1354.9
Coruña (A),2014,4,2014-T4,4002.7
Coruña (A),2015,1,2015-T1,1823.95
Coruña (A),2015,2,2015-T2,4471.84
Coruña (A),2015,3,2015-T3,6126.5
Coruña (A),2015,4,2015-T4,2036.23
Coruña (A),2016,1,2016-T1,1139.71
Coruña (A),2016,2,2016-T2,1287.85
Coruña (A),2016,3,2016-T3,1839.52
Coruña (A),2016,4,2016-T4,1789.01
Coruña (A),2017,1,2017-T1,4287.09
Coruña (A),2017,2,2017-T2,3656.39
Coruña (A),2017,3,2017-T3,2329.93
Coruña (A),2017,4,2017-T4,4038.24
Coruña (A),2018,1,2018-T1,3586.27
Coruña (A),2018,2,2018-T2,7848.83
Coruña (A),2018,3,2018-T3,3125.45
Coruña (A),2018,4,2018-T4,8735.18
Coruña (A),2019,1,2019-T1,4971.78
Coruña (A),2019,2,2019-T2,6012.1
Coruña (A),2019,3,2019-T3,5645.26
Coruña (A),2019,4,2019-T4,3007.66
Coruña (A),2020,1,2020-T1,1264.2
Coruña (A),2020,2,2020-T2,2316.17
Coruña (A),2020,3,2020-T3,4173.07
Coruña (A),2020,4,2020-T4,5686.34
Coruña (A),2021,1,2021-T1,5315.68
Coruña (A),2021,2,2021-T2,11669.53
Coruña (A),2021,3,2021-T3,3693.42
Coruña (A),2021,4,2021-T4,8082.62
Coruña (A),2022,1,2022-T1,8510.27
Coruña (A),2022,2,2022-T2,3194.02
Coruña (A),2022,3,2022-T3,4763.77
Coruña (A),2022,4,2022-T4,6797.18
Coruña (A),2023,1,2023-T1,2574.78
Coruña (A),2023,2,2023-T2,4225.35
Coruña (A),2023,3,2023-T3,5520.28
Coruña (A),2023,4,2023-T4,4615.26
Coruña (A),2024,1,2024-T1,5253.53
Coruña (A),2024,2,2024-T2,5560.15
Coruña (A),2024,3,2024-T3,6369.28
Coruña (A),2024,4,2024-T4,3718.41
Coruña (A),2025,1,2025-T1,4872.37
Coruña (A),2025,2,2025-T2,3245.77
Coruña (A),2025,3,2025-T3,8119.13
Coruña (A),2025,4,2025-T4,8776.88
Coruña (A),2026,1,2026-T1,9129.9
Cuenca,2004,1,2004-T1,4599.2
Cuenca,2004,2,2004-T2,4922.1
Cuenca,2004,3,2004-T3,7269.6
Cuenca,2004,4,2004-T4,25779.8
Cuenca,2005,1,2005-T1,9420.1
Cuenca,2005,2,2005-T2,6447.1
Cuenca,2005,3,2005-T3,3261.0
Cuenca,2005,4,2005-T4,7515.4
Cuenca,2006,1,2006-T1,8694.3
Cuenca,2006,2,2006-T2,2422.6
Cuenca,2006,3,2006-T3,2384.7
Cuenca,2006,4,2006-T4,5816.2
Cuenca,2007,1,2007-T1,3600.8
Cuenca,2007,2,2007-T2,11715.2
Cuenca,2007,3,2007-T3,19873.20143
Cuenca,2007,4,2007-T4,13011.9
Cuenca,2008,1,2008-T1,12608.3
Cuenca,2008,2,2008-T2,12027.8
Cuenca,2008,3,2008-T3,3456.86
Cuenca,2008,4,2008-T4,7764.58
Cuenca,2009,1,2009-T1,8190.64
Cuenca,2009,2,2009-T2,8500.46
Cuenca,2009,3,2009-T3,7414.39
Cuenca,2009,4,2009-T4,4015.63
Cuenca,2010,1,2010-T1,3637.05
Cuenca,2010,2,2010-T2,3204.03
Cuenca,2010,3,2010-T3,1009.66
Cuenca,2010,4,2010-T4,1978.44
Cuenca,2011,1,2011-T1,2141.16
Cuenca,2011,2,2011-T2,1401.13
Cuenca,2011,3,2011-T3,2660.92
Cuenca,2011,4,2011-T4,1949.68
Cuenca,2012,1,2012-T1,1226.74
Cuenca,2012,2,2012-T2,1367.27
Cuenca,2012,3,2012-T3,543.59
Cuenca,2012,4,2012-T4,2890.65
Cuenca,2013,1,2013-T1,1331.77
Cuenca,2013,2,2013-T2,651.23
Cuenca,2013,3,2013-T3,1160.92
Cuenca,2013,4,2013-T4,811.87
Cuenca,2014,1,2014-T1,694.75
Cuenca,2014,2,2014-T2,595.68
Cuenca,2014,3,2014-T3,1083.64
Cuenca,2014,4,2014-T4,1040.0
Cuenca,2015,1,2015-T1,1038.4
Cuenca,2015,2,2015-T2,1180.53
Cuenca,2015,3,2015-T3,721.98
Cuenca,2015,4,2015-T4,1644.23
Cuenca,2016,1,2016-T1,1087.77
Cuenca,2016,2,2016-T2,522.58
Cuenca,2016,3,2016-T3,910.17
Cuenca,2016,4,2016-T4,1576.42
Cuenca,2017,1,2017-T1,867.3
Cuenca,2017,2,2017-T2,1028.75
Cuenca,2017,3,2017-T3,829.44
Cuenca,2017,4,2017-T4,738.4
Cuenca,2018,1,2018-T1,1021.64
Cuenca,2018,2,2018-T2,466.39
Cuenca,2018,3,2018-T3,738.01
Cuenca,2018,4,2018-T4,839.71
Cuenca,2019,1,2019-T1,879.62
Cuenca,2019,2,2019-T2,1154.81
Cuenca,2019,3,2019-T3,6664.07
Cuenca,2019,4,2019-T4,1211.99
Cuenca,2020,1,2020-T1,349.66
Cuenca,2020,2,2020-T2,3304.44
Cuenca,2020,3,2020-T3,522.8
Cuenca,2020,4,2020-T4,1225.11
Cuenca,2021,1,2021-T1,2726.09
Cuenca,2021,2,2021-T2,1883.07
Cuenca,2021,3,2021-T3,1343.77
Cuenca,2021,4,2021-T4,1988.83
Cuenca,2022,1,2022-T1,4375.78
Cuenca,2022,2,2022-T2,3745.91
Cuenca,2022,3,2022-T3,1367.9
Cuenca,2022,4,2022-T4,1318.8
Cuenca,2023,1,2023-T1,2914.82
Cuenca,2023,2,2023-T2,1621.62
Cuenca,2023,3,2023-T3,905.71
Cuenca,2023,4,2023-T4,1457.51
Cuenca,2024,1,2024-T1,813.64
Cuenca,2024,2,2024-T2,1496.75
Cuenca,2024,3,2024-T3,1787.11
Cuenca,2024,4,2024-T4,1119.6
Cuenca,2025,1,2025-T1,1724.83
Cuenca,2025,2,2025-T2,1425.9
Cuenca,2025,3,2025-T3,2390.59
Cuenca,2025,4,2025-T4,5272.25
Cuenca,2026,1,2026-T1,2291.3
Cáceres,2004,1,2004-T1,34385.8
Cáceres,2004,2,2004-T2,62368.3
Cáceres,2004,3,2004-T3,51391.5
Cáceres,2004,4,2004-T4,53079.4
Cáceres,2005,1,2005-T1,43342.8
Cáceres,2005,2,2005-T2,65904.4
Cáceres,2005,3,2005-T3,29542.6
Cáceres,2005,4,2005-T4,24755.5
Cáceres,2006,1,2006-T1,15884.5
Cáceres,2006,2,2006-T2,20800.0
Cáceres,2006,3,2006-T3,15817.1
Cáceres,2006,4,2006-T4,16325.3
Cáceres,2007,1,2007-T1,53185.0
Cáceres,2007,2,2007-T2,18060.724280000002
Cáceres,2007,3,2007-T3,11720.236359999999
Cáceres,2007,4,2007-T4,52149.7
Cáceres,2008,1,2008-T1,25315.3
Cáceres,2008,2,2008-T2,17517.6
Cáceres,2008,3,2008-T3,106418.59
Cáceres,2008,4,2008-T4,22215.28
Cáceres,2009,1,2009-T1,7947.85
Cáceres,2009,2,2009-T2,2890.93
Cáceres,2009,3,2009-T3,6760.57
Cáceres,2009,4,2009-T4,5738.51
Cáceres,2010,1,2010-T1,5765.32
Cáceres,2010,2,2010-T2,17080.21
Cáceres,2010,3,2010-T3,3737.45
Cáceres,2010,4,2010-T4,10667.03
Cáceres,2011,1,2011-T1,8660.76
Cáceres,2011,2,2011-T2,2913.07
Cáceres,2011,3,2011-T3,1802.15
Cáceres,2011,4,2011-T4,1954.06
Cáceres,2012,1,2012-T1,3276.79
Cáceres,2012,2,2012-T2,7042.71
Cáceres,2012,3,2012-T3,1714.23
Cáceres,2012,4,2012-T4,6651.32
Cáceres,2013,1,2013-T1,1500.19
Cáceres,2013,2,2013-T2,1745.05
Cáceres,2013,3,2013-T3,3713.72
Cáceres,2013,4,2013-T4,1590.95
Cáceres,2014,1,2014-T1,1729.63
Cáceres,2014,2,2014-T2,1088.81
Cáceres,2014,3,2014-T3,5711.67
Cáceres,2014,4,2014-T4,1293.58
Cáceres,2015,1,2015-T1,3266.87
Cáceres,2015,2,2015-T2,3201.38
Cáceres,2015,3,2015-T3,1365.88
Cáceres,2015,4,2015-T4,4060.96
Cáceres,2016,1,2016-T1,1075.42
Cáceres,2016,2,2016-T2,6777.89
Cáceres,2016,3,2016-T3,638.86
Cáceres,2016,4,2016-T4,5184.72
Cáceres,2017,1,2017-T1,1035.04
Cáceres,2017,2,2017-T2,2845.35
Cáceres,2017,3,2017-T3,3056.95
Cáceres,2017,4,2017-T4,1718.93
Cáceres,2018,1,2018-T1,2029.78
Cáceres,2018,2,2018-T2,2780.56
Cáceres,2018,3,2018-T3,2484.53
Cáceres,2018,4,2018-T4,2623.85
Cáceres,2019,1,2019-T1,1875.17
Cáceres,2019,2,2019-T2,3273.81
Cáceres,2019,3,2019-T3,6487.48
Cáceres,2019,4,2019-T4,6877.42
Cáceres,2020,1,2020-T1,894.81
Cáceres,2020,2,2020-T2,1290.68
Cáceres,2020,3,2020-T3,2185.95
Cáceres,2020,4,2020-T4,3444.8
Cáceres,2021,1,2021-T1,3846.45
Cáceres,2021,2,2021-T2,5664.04
Cáceres,2021,3,2021-T3,4829.7
Cáceres,2021,4,2021-T4,2786.26
Cáceres,2022,1,2022-T1,2521.47
Cáceres,2022,2,2022-T2,3463.52
Cáceres,2022,3,2022-T3,2577.67
Cáceres,2022,4,2022-T4,3250.57
Cáceres,2023,1,2023-T1,2918.46
Cáceres,2023,2,2023-T2,2699.16
Cáceres,2023,3,2023-T3,4663.79
Cáceres,2023,4,2023-T4,4303.96
Cáceres,2024,1,2024-T1,4027.15
Cáceres,2024,2,2024-T2,2611.32
Cáceres,2024,3,2024-T3,2275.35
Cáceres,2024,4,2024-T4,3773.89
Cáceres,2025,1,2025-T1,3735.3
Cáceres,2025,2,2025-T2,3810.9
Cáceres,2025,3,2025-T3,2875.03
Cáceres,2025,4,2025-T4,4867.07
Cáceres,2026,1,2026-T1,3297.44
Cádiz,2004,1,2004-T1,159740.4
Cádiz,2004,2,2004-T2,203598.8
Cádiz,2004,3,2004-T3,159922.1
Cádiz,2004,4,2004-T4,420349.9
Cádiz,2005,1,2005-T1,127433.5
Cádiz,2005,2,2005-T2,203837.2
Cádiz,2005,3,2005-T3,335028.3
Cádiz,2005,4,2005-T4,159267.6
Cádiz,2006,1,2006-T1,120016.6
Cádiz,2006,2,2006-T2,84829.4
Cádiz,2006,3,2006-T3,85189.1
Cádiz,2006,4,2006-T4,88968.3
Cádiz,2007,1,2007-T1,138025.9
Cádiz,2007,2,2007-T2,171519.9
Cádiz,2007,3,2007-T3,331350.33961
Cádiz,2007,4,2007-T4,266900.9
Cádiz,2008,1,2008-T1,237524.0
Cádiz,2008,2,2008-T2,68793.1
Cádiz,2008,3,2008-T3,191746.35
Cádiz,2008,4,2008-T4,157545.1
Cádiz,2009,1,2009-T1,46930.61
Cádiz,2009,2,2009-T2,78210.72
Cádiz,2009,3,2009-T3,93591.07
Cádiz,2009,4,2009-T4,143108.5
Cádiz,2010,1,2010-T1,13972.99
Cádiz,2010,2,2010-T2,40095.33
Cádiz,2010,3,2010-T3,16600.65
Cádiz,2010,4,2010-T4,25274.32
Cádiz,2011,1,2011-T1,18387.02
Cádiz,2011,2,2011-T2,18824.7
Cádiz,2011,3,2011-T3,23142.09
Cádiz,2011,4,2011-T4,13736.83
Cádiz,2012,1,2012-T1,6327.93
Cádiz,2012,2,2012-T2,20723.71
Cádiz,2012,3,2012-T3,27102.76
Cádiz,2012,4,2012-T4,9644.4
Cádiz,2013,1,2013-T1,7625.68
Cádiz,2013,2,2013-T2,17083.47
Cádiz,2013,3,2013-T3,19231.81
Cádiz,2013,4,2013-T4,12803.2
Cádiz,2014,1,2014-T1,9162.87
Cádiz,2014,2,2014-T2,7088.44
Cádiz,2014,3,2014-T3,26970.3
Cádiz,2014,4,2014-T4,35730.62
Cádiz,2015,1,2015-T1,8304.89
Cádiz,2015,2,2015-T2,5302.02
Cádiz,2015,3,2015-T3,10246.56
Cádiz,2015,4,2015-T4,15135.01
Cádiz,2016,1,2016-T1,7358.4
Cádiz,2016,2,2016-T2,9929.81
Cádiz,2016,3,2016-T3,12891.14
Cádiz,2016,4,2016-T4,16689.1
Cádiz,2017,1,2017-T1,9441.24
Cádiz,2017,2,2017-T2,24271.39
Cádiz,2017,3,2017-T3,10820.94
Cádiz,2017,4,2017-T4,25864.43
Cádiz,2018,1,2018-T1,25448.87
Cádiz,2018,2,2018-T2,37238.99
Cádiz,2018,3,2018-T3,24978.58
Cádiz,2018,4,2018-T4,29004.13
Cádiz,2019,1,2019-T1,14482.4
Cádiz,2019,2,2019-T2,11769.98
Cádiz,2019,3,2019-T3,13274.33
Cádiz,2019,4,2019-T4,13953.23
Cádiz,2020,1,2020-T1,10492.81
Cádiz,2020,2,2020-T2,20299.88
Cádiz,2020,3,2020-T3,7472.07
Cádiz,2020,4,2020-T4,17611.36
Cádiz,2021,1,2021-T1,16227.03
Cádiz,2021,2,2021-T2,30968.89
Cádiz,2021,3,2021-T3,31667.99
Cádiz,2021,4,2021-T4,34439.29
Cádiz,2022,1,2022-T1,23695.18
Cádiz,2022,2,2022-T2,21258.47
Cádiz,2022,3,2022-T3,16077.08
Cádiz,2022,4,2022-T4,11771.32
Cádiz,2023,1,2023-T1,23789.12
Cádiz,2023,2,2023-T2,34887.47
Cádiz,2023,3,2023-T3,8843.2
Cádiz,2023,4,2023-T4,22565.96
Cádiz,2024,1,2024-T1,42249.42
Cádiz,2024,2,2024-T2,35740.61
Cádiz,2024,3,2024-T3,26002.54
Cádiz,2024,4,2024-T4,17784.94
Cádiz,2025,1,2025-T1,27987.1
Cádiz,2025,2,2025-T2,21387.44
Cádiz,2025,3,2025-T3,18961.81
Cádiz,2025,4,2025-T4,26097.94
Cádiz,2026,1,2026-T1,39396.3
Córdoba,2004,1,2004-T1,10324.3
Córdoba,2004,2,2004-T2,14387.6
Córdoba,2004,3,2004-T3,15145.8
Córdoba,2004,4,2004-T4,41322.1
Córdoba,2005,1,2005-T1,99222.0
Córdoba,2005,2,2005-T2,45495.8
Córdoba,2005,3,2005-T3,25308.4
Córdoba,2005,4,2005-T4,20973.6
Córdoba,2006,1,2006-T1,46348.0
Córdoba,2006,2,2006-T2,39231.5
Córdoba,2006,3,2006-T3,50688.8
Córdoba,2006,4,2006-T4,78956.2
Córdoba,2007,1,2007-T1,43379.9
Córdoba,2007,2,2007-T2,90788.0
Córdoba,2007,3,2007-T3,126945.36524
Córdoba,2007,4,2007-T4,29696.4
Córdoba,2008,1,2008-T1,52267.2
Córdoba,2008,2,2008-T2,36023.0
Córdoba,2008,3,2008-T3,44162.98
Córdoba,2008,4,2008-T4,39846.62
Córdoba,2009,1,2009-T1,18260.01
Córdoba,2009,2,2009-T2,25142.76
Córdoba,2009,3,2009-T3,48788.58
Córdoba,2009,4,2009-T4,23017.51
Córdoba,2010,1,2010-T1,34088.57
Córdoba,2010,2,2010-T2,18677.62
Córdoba,2010,3,2010-T3,33799.6
Córdoba,2010,4,2010-T4,22878.55
Córdoba,2011,1,2011-T1,9244.66
Córdoba,2011,2,2011-T2,8260.87
Córdoba,2011,3,2011-T3,13597.1
Córdoba,2011,4,2011-T4,12727.38
Córdoba,2012,1,2012-T1,12420.2
Córdoba,2012,2,2012-T2,8313.35
Córdoba,2012,3,2012-T3,13348.02
Córdoba,2012,4,2012-T4,28894.83
Córdoba,2013,1,2013-T1,15234.7
Córdoba,2013,2,2013-T2,9233.97
Córdoba,2013,3,2013-T3,5626.32
Córdoba,2013,4,2013-T4,12990.9
Córdoba,2014,1,2014-T1,14109.0
Córdoba,2014,2,2014-T2,6129.78
Córdoba,2014,3,2014-T3,2087.83
Córdoba,2014,4,2014-T4,8537.22
Córdoba,2015,1,2015-T1,3740.69
Córdoba,2015,2,2015-T2,5401.76
Córdoba,2015,3,2015-T3,5506.08
Córdoba,2015,4,2015-T4,3555.42
Córdoba,2016,1,2016-T1,12410.13
Córdoba,2016,2,2016-T2,14560.03
Córdoba,2016,3,2016-T3,4057.47
Córdoba,2016,4,2016-T4,12455.97
Córdoba,2017,1,2017-T1,12562.23
Córdoba,2017,2,2017-T2,4603.99
Córdoba,2017,3,2017-T3,5309.54
Córdoba,2017,4,2017-T4,13213.2
Córdoba,2018,1,2018-T1,13496.25
Córdoba,2018,2,2018-T2,10833.7
Córdoba,2018,3,2018-T3,4422.54
Córdoba,2018,4,2018-T4,9696.59
Córdoba,2019,1,2019-T1,21862.09
Córdoba,2019,2,2019-T2,3857.09
Córdoba,2019,3,2019-T3,4957.07
Córdoba,2019,4,2019-T4,13581.87
Córdoba,2020,1,2020-T1,8215.55
Córdoba,2020,2,2020-T2,2898.45
Córdoba,2020,3,2020-T3,3310.23
Córdoba,2020,4,2020-T4,10077.75
Córdoba,2021,1,2021-T1,4832.65
Córdoba,2021,2,2021-T2,20999.67
Córdoba,2021,3,2021-T3,8834.85
Córdoba,2021,4,2021-T4,18649.17
Córdoba,2022,1,2022-T1,6420.66
Córdoba,2022,2,2022-T2,14215.12
Córdoba,2022,3,2022-T3,11194.41
Córdoba,2022,4,2022-T4,8554.31
Córdoba,2023,1,2023-T1,5467.4
Córdoba,2023,2,2023-T2,6122.4
Córdoba,2023,3,2023-T3,3663.25
Córdoba,2023,4,2023-T4,11148.13
Córdoba,2024,1,2024-T1,3120.52
Córdoba,2024,2,2024-T2,6482.46
Córdoba,2024,3,2024-T3,7880.81
Córdoba,2024,4,2024-T4,8490.2
Córdoba,2025,1,2025-T1,9048.99
Córdoba,2025,2,2025-T2,5489.43
Córdoba,2025,3,2025-T3,5253.83
Córdoba,2025,4,2025-T4,14922.96
Córdoba,2026,1,2026-T1,6191.47
Girona,2004,1,2004-T1,208658.2
Girona,2004,2,2004-T2,178689.2
Girona,2004,3,2004-T3,164193.0
Girona,2004,4,2004-T4,250088.5
Girona,2005,1,2005-T1,194022.1
Girona,2005,2,2005-T2,270416.9
Girona,2005,3,2005-T3,279889.8
Girona,2005,4,2005-T4,219745.2
Girona,2006,1,2006-T1,182479.8
Girona,2006,2,2006-T2,165386.8
Girona,2006,3,2006-T3,165619.8
Girona,2006,4,2006-T4,219563.0
Girona,2007,1,2007-T1,436089.5
Girona,2007,2,2007-T2,313567.7
Girona,2007,3,2007-T3,156900.05081000002
Girona,2007,4,2007-T4,123454.7
Girona,2008,1,2008-T1,260794.4
Girona,2008,2,2008-T2,82274.9
Girona,2008,3,2008-T3,96824.81
Girona,2008,4,2008-T4,88495.28
Girona,2009,1,2009-T1,84400.28
Girona,2009,2,2009-T2,39155.97
Girona,2009,3,2009-T3,50059.68
Girona,2009,4,2009-T4,46974.08
Girona,2010,1,2010-T1,31272.33
Girona,2010,2,2010-T2,44661.49
Girona,2010,3,2010-T3,34294.05
Girona,2010,4,2010-T4,40240.61
Girona,2011,1,2011-T1,26708.7
Girona,2011,2,2011-T2,25481.69
Girona,2011,3,2011-T3,19446.15
Girona,2011,4,2011-T4,28248.27
Girona,2012,1,2012-T1,20356.69
Girona,2012,2,2012-T2,30507.05
Girona,2012,3,2012-T3,22981.78
Girona,2012,4,2012-T4,23816.97
Girona,2013,1,2013-T1,15373.26
Girona,2013,2,2013-T2,20713.23
Girona,2013,3,2013-T3,19583.68
Girona,2013,4,2013-T4,20807.44
Girona,2014,1,2014-T1,22427.38
Girona,2014,2,2014-T2,20717.42
Girona,2014,3,2014-T3,25101.21
Girona,2014,4,2014-T4,16224.09
Girona,2015,1,2015-T1,15855.52
Girona,2015,2,2015-T2,20281.85
Girona,2015,3,2015-T3,30176.53
Girona,2015,4,2015-T4,17157.61
Girona,2016,1,2016-T1,17555.67
Girona,2016,2,2016-T2,27603.22
Girona,2016,3,2016-T3,24374.21
Girona,2016,4,2016-T4,27794.02
Girona,2017,1,2017-T1,38807.88
Girona,2017,2,2017-T2,31794.39
Girona,2017,3,2017-T3,35467.84
Girona,2017,4,2017-T4,33912.93
Girona,2018,1,2018-T1,29662.06
Girona,2018,2,2018-T2,37815.15
Girona,2018,3,2018-T3,28627.63
Girona,2018,4,2018-T4,24844.6
Girona,2019,1,2019-T1,19518.66
Girona,2019,2,2019-T2,23391.18
Girona,2019,3,2019-T3,32440.92
Girona,2019,4,2019-T4,35680.91
Girona,2020,1,2020-T1,31538.48
Girona,2020,2,2020-T2,12698.47
Girona,2020,3,2020-T3,16317.62
Girona,2020,4,2020-T4,31766.09
Girona,2021,1,2021-T1,51163.72
Girona,2021,2,2021-T2,39802.98
Girona,2021,3,2021-T3,42012.1
Girona,2021,4,2021-T4,41864.29
Girona,2022,1,2022-T1,45955.37
Girona,2022,2,2022-T2,38939.2
Girona,2022,3,2022-T3,52614.73
Girona,2022,4,2022-T4,52089.95
Girona,2023,1,2023-T1,45690.32
Girona,2023,2,2023-T2,35718.08
Girona,2023,3,2023-T3,35631.54
Girona,2023,4,2023-T4,35106.78
Girona,2024,1,2024-T1,45498.58
Girona,2024,2,2024-T2,32110.23
Girona,2024,3,2024-T3,40988.02
Girona,2024,4,2024-T4,34067.73
Girona,2025,1,2025-T1,45824.27
Girona,2025,2,2025-T2,41888.82
Girona,2025,3,2025-T3,47965.45
Girona,2025,4,2025-T4,67879.08
Girona,2026,1,2026-T1,32977.27
Granada,2004,1,2004-T1,37461.3
Granada,2004,2,2004-T2,42358.1
Granada,2004,3,2004-T3,57024.6
Granada,2004,4,2004-T4,56174.5
Granada,2005,1,2005-T1,29669.6
Granada,2005,2,2005-T2,56066.9
Granada,2005,3,2005-T3,47883.0
Granada,2005,4,2005-T4,37620.7
Granada,2006,1,2006-T1,19131.4
Granada,2006,2,2006-T2,29218.0
Granada,2006,3,2006-T3,26576.0
Granada,2006,4,2006-T4,48262.5
Granada,2007,1,2007-T1,51660.0
Granada,2007,2,2007-T2,60544.7
Granada,2007,3,2007-T3,71475.76688
Granada,2007,4,2007-T4,31297.8
Granada,2008,1,2008-T1,53198.1
Granada,2008,2,2008-T2,45172.8
Granada,2008,3,2008-T3,54103.12
Granada,2008,4,2008-T4,46168.83
Granada,2009,1,2009-T1,34931.22
Granada,2009,2,2009-T2,12317.04
Granada,2009,3,2009-T3,18238.46
Granada,2009,4,2009-T4,17588.23
Granada,2010,1,2010-T1,7125.4
Granada,2010,2,2010-T2,21828.56
Granada,2010,3,2010-T3,8662.38
Granada,2010,4,2010-T4,10506.94
Granada,2011,1,2011-T1,26207.0
Granada,2011,2,2011-T2,10056.76
Granada,2011,3,2011-T3,7919.7
Granada,2011,4,2011-T4,6113.72
Granada,2012,1,2012-T1,10813.05
Granada,2012,2,2012-T2,6138.39
Granada,2012,3,2012-T3,7994.73
Granada,2012,4,2012-T4,3100.65
Granada,2013,1,2013-T1,4448.99
Granada,2013,2,2013-T2,5661.79
Granada,2013,3,2013-T3,8212.73
Granada,2013,4,2013-T4,8015.52
Granada,2014,1,2014-T1,2950.21
Granada,2014,2,2014-T2,3188.0
Granada,2014,3,2014-T3,5607.41
Granada,2014,4,2014-T4,7410.42
Granada,2015,1,2015-T1,11208.31
Granada,2015,2,2015-T2,3581.31
Granada,2015,3,2015-T3,4905.15
Granada,2015,4,2015-T4,28645.78
Granada,2016,1,2016-T1,5679.42
Granada,2016,2,2016-T2,6399.5
Granada,2016,3,2016-T3,3780.26
Granada,2016,4,2016-T4,5931.64
Granada,2017,1,2017-T1,6618.72
Granada,2017,2,2017-T2,16061.6
Granada,2017,3,2017-T3,38333.63
Granada,2017,4,2017-T4,14378.99
Granada,2018,1,2018-T1,11911.94
Granada,2018,2,2018-T2,16832.04
Granada,2018,3,2018-T3,13728.66
Granada,2018,4,2018-T4,6919.79
Granada,2019,1,2019-T1,13923.7
Granada,2019,2,2019-T2,10069.64
Granada,2019,3,2019-T3,18449.52
Granada,2019,4,2019-T4,9747.47
Granada,2020,1,2020-T1,6904.98
Granada,2020,2,2020-T2,3556.21
Granada,2020,3,2020-T3,9484.65
Granada,2020,4,2020-T4,18228.54
Granada,2021,1,2021-T1,19998.64
Granada,2021,2,2021-T2,10683.38
Granada,2021,3,2021-T3,22308.06
Granada,2021,4,2021-T4,17221.64
Granada,2022,1,2022-T1,16085.9
Granada,2022,2,2022-T2,13499.74
Granada,2022,3,2022-T3,13605.21
Granada,2022,4,2022-T4,17641.21
Granada,2023,1,2023-T1,10810.68
Granada,2023,2,2023-T2,15553.2
Granada,2023,3,2023-T3,7087.88
Granada,2023,4,2023-T4,20258.8
Granada,2024,1,2024-T1,21888.15
Granada,2024,2,2024-T2,16261.68
Granada,2024,3,2024-T3,12934.19
Granada,2024,4,2024-T4,6993.2
Granada,2025,1,2025-T1,23499.99
Granada,2025,2,2025-T2,11417.33
Granada,2025,3,2025-T3,15398.47
Granada,2025,4,2025-T4,14551.3
Granada,2026,1,2026-T1,14540.51
Guadalajara,2004,1,2004-T1,40699.4
Guadalajara,2004,2,2004-T2,63639.7
Guadalajara,2004,3,2004-T3,51737.6
Guadalajara,2004,4,2004-T4,45041.4
Guadalajara,2005,1,2005-T1,92318.6
Guadalajara,2005,2,2005-T2,112084.3
Guadalajara,2005,3,2005-T3,55471.3
Guadalajara,2005,4,2005-T4,30183.8
Guadalajara,2006,1,2006-T1,37806.2
Guadalajara,2006,2,2006-T2,41114.2
Guadalajara,2006,3,2006-T3,69813.1
Guadalajara,2006,4,2006-T4,80188.2
Guadalajara,2007,1,2007-T1,48343.4
Guadalajara,2007,2,2007-T2,21537.5
Guadalajara,2007,3,2007-T3,27292.52929
Guadalajara,2007,4,2007-T4,112396.4
Guadalajara,2008,1,2008-T1,41168.9
Guadalajara,2008,2,2008-T2,54715.4
Guadalajara,2008,3,2008-T3,104284.37
Guadalajara,2008,4,2008-T4,27461.32
Guadalajara,2009,1,2009-T1,15501.22
Guadalajara,2009,2,2009-T2,28918.4
Guadalajara,2009,3,2009-T3,14023.5
Guadalajara,2009,4,2009-T4,8613.65
Guadalajara,2010,1,2010-T1,36659.39
Guadalajara,2010,2,2010-T2,14437.48
Guadalajara,2010,3,2010-T3,15191.13
Guadalajara,2010,4,2010-T4,7280.21
Guadalajara,2011,1,2011-T1,45824.03
Guadalajara,2011,2,2011-T2,5714.99
Guadalajara,2011,3,2011-T3,16333.44
Guadalajara,2011,4,2011-T4,8307.91
Guadalajara,2012,1,2012-T1,27419.37
Guadalajara,2012,2,2012-T2,4585.27
Guadalajara,2012,3,2012-T3,13182.55
Guadalajara,2012,4,2012-T4,22422.54
Guadalajara,2013,1,2013-T1,12214.03
Guadalajara,2013,2,2013-T2,30212.9
Guadalajara,2013,3,2013-T3,4357.84
Guadalajara,2013,4,2013-T4,16733.07
Guadalajara,2014,1,2014-T1,4344.94
Guadalajara,2014,2,2014-T2,2761.35
Guadalajara,2014,3,2014-T3,7712.34
Guadalajara,2014,4,2014-T4,4473.74
Guadalajara,2015,1,2015-T1,2071.19
Guadalajara,2015,2,2015-T2,15376.54
Guadalajara,2015,3,2015-T3,9564.04
Guadalajara,2015,4,2015-T4,17282.02
Guadalajara,2016,1,2016-T1,2257.64
Guadalajara,2016,2,2016-T2,5687.42
Guadalajara,2016,3,2016-T3,21768.77
Guadalajara,2016,4,2016-T4,6274.26
Guadalajara,2017,1,2017-T1,6530.65
Guadalajara,2017,2,2017-T2,15818.06
Guadalajara,2017,3,2017-T3,8285.14
Guadalajara,2017,4,2017-T4,24795.13
Guadalajara,2018,1,2018-T1,36842.45
Guadalajara,2018,2,2018-T2,41418.11
Guadalajara,2018,3,2018-T3,30176.49
Guadalajara,2018,4,2018-T4,43639.31
Guadalajara,2019,1,2019-T1,5615.48
Guadalajara,2019,2,2019-T2,4760.33
Guadalajara,2019,3,2019-T3,6364.0
Guadalajara,2019,4,2019-T4,4442.64
Guadalajara,2020,1,2020-T1,5023.25
Guadalajara,2020,2,2020-T2,2931.19
Guadalajara,2020,3,2020-T3,3456.59
Guadalajara,2020,4,2020-T4,7473.52
Guadalajara,2021,1,2021-T1,9621.69
Guadalajara,2021,2,2021-T2,12818.51
Guadalajara,2021,3,2021-T3,17627.32
Guadalajara,2021,4,2021-T4,22414.89
Guadalajara,2022,1,2022-T1,18443.26
Guadalajara,2022,2,2022-T2,34148.77
Guadalajara,2022,3,2022-T3,18897.3
Guadalajara,2022,4,2022-T4,14397.04
Guadalajara,2023,1,2023-T1,13064.77
Guadalajara,2023,2,2023-T2,12019.19
Guadalajara,2023,3,2023-T3,19699.74
Guadalajara,2023,4,2023-T4,18234.64
Guadalajara,2024,1,2024-T1,5793.09
Guadalajara,2024,2,2024-T2,7968.73
Guadalajara,2024,3,2024-T3,12999.84
Guadalajara,2024,4,2024-T4,6076.74
Guadalajara,2025,1,2025-T1,25741.72
Guadalajara,2025,2,2025-T2,34304.72
Guadalajara,2025,3,2025-T3,41890.31
Guadalajara,2025,4,2025-T4,21473.9
Guadalajara,2026,1,2026-T1,20792.59
Guipúzcoa,2004,1,2004-T1,43360.2
Guipúzcoa,2004,2,2004-T2,32785.8
Guipúzcoa,2004,3,2004-T3,36646.6
Guipúzcoa,2004,4,2004-T4,113395.6
Guipúzcoa,2005,1,2005-T1,26667.2
Guipúzcoa,2005,2,2005-T2,46748.5
Guipúzcoa,2005,3,2005-T3,31039.0
Guipúzcoa,2005,4,2005-T4,62042.3
Guipúzcoa,2006,1,2006-T1,35520.1
Guipúzcoa,2006,2,2006-T2,25975.3
Guipúzcoa,2006,3,2006-T3,48400.5
Guipúzcoa,2006,4,2006-T4,25500.6
Guipúzcoa,2007,1,2007-T1,75345.0
Guipúzcoa,2007,2,2007-T2,119726.8
Guipúzcoa,2007,3,2007-T3,23540.693170000002
Guipúzcoa,2007,4,2007-T4,88781.8
Guipúzcoa,2008,1,2008-T1,33981.4
Guipúzcoa,2008,2,2008-T2,24323.4
Guipúzcoa,2008,3,2008-T3,49378.97
Guipúzcoa,2008,4,2008-T4,49144.67
Guipúzcoa,2009,1,2009-T1,11780.48
Guipúzcoa,2009,2,2009-T2,9396.29
Guipúzcoa,2009,3,2009-T3,12901.4
Guipúzcoa,2009,4,2009-T4,9666.41
Guipúzcoa,2010,1,2010-T1,11468.92
Guipúzcoa,2010,2,2010-T2,40065.17
Guipúzcoa,2010,3,2010-T3,3679.43
Guipúzcoa,2010,4,2010-T4,9287.14
Guipúzcoa,2011,1,2011-T1,5334.28
Guipúzcoa,2011,2,2011-T2,3243.78
Guipúzcoa,2011,3,2011-T3,14348.94
Guipúzcoa,2011,4,2011-T4,4989.42
Guipúzcoa,2012,1,2012-T1,3586.22
Guipúzcoa,2012,2,2012-T2,10010.07
Guipúzcoa,2012,3,2012-T3,1454.48
Guipúzcoa,2012,4,2012-T4,11107.9
Guipúzcoa,2013,1,2013-T1,1884.52
Guipúzcoa,2013,2,2013-T2,1549.08
Guipúzcoa,2013,3,2013-T3,901.57
Guipúzcoa,2013,4,2013-T4,3025.77
Guipúzcoa,2014,1,2014-T1,2405.8
Guipúzcoa,2014,2,2014-T2,3640.67
Guipúzcoa,2014,3,2014-T3,10336.8
Guipúzcoa,2014,4,2014-T4,2673.7
Guipúzcoa,2015,1,2015-T1,1110.43
Guipúzcoa,2015,2,2015-T2,8505.36
Guipúzcoa,2015,3,2015-T3,17856.69
Guipúzcoa,2015,4,2015-T4,5265.22
Guipúzcoa,2016,1,2016-T1,4799.22
Guipúzcoa,2016,2,2016-T2,5033.87
Guipúzcoa,2016,3,2016-T3,6220.08
Guipúzcoa,2016,4,2016-T4,7342.26
Guipúzcoa,2017,1,2017-T1,3822.37
Guipúzcoa,2017,2,2017-T2,1250.82
Guipúzcoa,2017,3,2017-T3,6073.27
Guipúzcoa,2017,4,2017-T4,10604.61
Guipúzcoa,2018,1,2018-T1,6712.41
Guipúzcoa,2018,2,2018-T2,2838.56
Guipúzcoa,2018,3,2018-T3,2208.11
Guipúzcoa,2018,4,2018-T4,12232.15
Guipúzcoa,2019,1,2019-T1,1646.47
Guipúzcoa,2019,2,2019-T2,8495.89
Guipúzcoa,2019,3,2019-T3,12224.08
Guipúzcoa,2019,4,2019-T4,10209.36
Guipúzcoa,2020,1,2020-T1,18592.42
Guipúzcoa,2020,2,2020-T2,2532.07
Guipúzcoa,2020,3,2020-T3,5580.5
Guipúzcoa,2020,4,2020-T4,11446.15
Guipúzcoa,2021,1,2021-T1,7750.99
Guipúzcoa,2021,2,2021-T2,3166.1
Guipúzcoa,2021,3,2021-T3,4939.61
Guipúzcoa,2021,4,2021-T4,8484.74
Guipúzcoa,2022,1,2022-T1,14816.6
Guipúzcoa,2022,2,2022-T2,6998.35
Guipúzcoa,2022,3,2022-T3,7271.88
Guipúzcoa,2022,4,2022-T4,15756.27
Guipúzcoa,2023,1,2023-T1,2793.74
Guipúzcoa,2023,2,2023-T2,7927.07
Guipúzcoa,2023,3,2023-T3,6341.12
Guipúzcoa,2023,4,2023-T4,2122.32
Guipúzcoa,2024,1,2024-T1,6231.6
Guipúzcoa,2024,2,2024-T2,6468.2
Guipúzcoa,2024,3,2024-T3,5713.06
Guipúzcoa,2024,4,2024-T4,1623.85
Guipúzcoa,2025,1,2025-T1,4353.28
Guipúzcoa,2025,2,2025-T2,14265.56
Guipúzcoa,2025,3,2025-T3,1658.85
Guipúzcoa,2025,4,2025-T4,1785.87
Guipúzcoa,2026,1,2026-T1,546.0
Huelva,2004,1,2004-T1,96034.7
Huelva,2004,2,2004-T2,255867.0
Huelva,2004,3,2004-T3,25501.3
Huelva,2004,4,2004-T4,116133.7
Huelva,2005,1,2005-T1,50745.0
Huelva,2005,2,2005-T2,23763.6
Huelva,2005,3,2005-T3,33347.9
Huelva,2005,4,2005-T4,46166.3
Huelva,2006,1,2006-T1,21960.2
Huelva,2006,2,2006-T2,18195.8
Huelva,2006,3,2006-T3,22134.9
Huelva,2006,4,2006-T4,74245.7
Huelva,2007,1,2007-T1,26379.7
Huelva,2007,2,2007-T2,31987.7
Huelva,2007,3,2007-T3,30147.862699999998
Huelva,2007,4,2007-T4,72122.3
Huelva,2008,1,2008-T1,19337.7
Huelva,2008,2,2008-T2,32727.7
Huelva,2008,3,2008-T3,28366.56
Huelva,2008,4,2008-T4,34955.74
Huelva,2009,1,2009-T1,17949.89
Huelva,2009,2,2009-T2,40539.7
Huelva,2009,3,2009-T3,34841.88
Huelva,2009,4,2009-T4,16649.63
Huelva,2010,1,2010-T1,2584.8
Huelva,2010,2,2010-T2,4208.76
Huelva,2010,3,2010-T3,25562.27
Huelva,2010,4,2010-T4,8245.54
Huelva,2011,1,2011-T1,6666.57
Huelva,2011,2,2011-T2,32905.84
Huelva,2011,3,2011-T3,8417.01
Huelva,2011,4,2011-T4,3474.88
Huelva,2012,1,2012-T1,2844.56
Huelva,2012,2,2012-T2,3127.83
Huelva,2012,3,2012-T3,3665.35
Huelva,2012,4,2012-T4,10957.45
Huelva,2013,1,2013-T1,1476.84
Huelva,2013,2,2013-T2,2606.71
Huelva,2013,3,2013-T3,7673.25
Huelva,2013,4,2013-T4,9410.51
Huelva,2014,1,2014-T1,1877.78
Huelva,2014,2,2014-T2,3986.9
Huelva,2014,3,2014-T3,2494.28
Huelva,2014,4,2014-T4,5820.84
Huelva,2015,1,2015-T1,2446.02
Huelva,2015,2,2015-T2,3056.62
Huelva,2015,3,2015-T3,33114.69
Huelva,2015,4,2015-T4,3774.23
Huelva,2016,1,2016-T1,1865.08
Huelva,2016,2,2016-T2,1812.2
Huelva,2016,3,2016-T3,2256.12
Huelva,2016,4,2016-T4,4106.1
Huelva,2017,1,2017-T1,2546.99
Huelva,2017,2,2017-T2,6998.2
Huelva,2017,3,2017-T3,5558.93
Huelva,2017,4,2017-T4,4002.41
Huelva,2018,1,2018-T1,2527.83
Huelva,2018,2,2018-T2,2692.05
Huelva,2018,3,2018-T3,2574.76
Huelva,2018,4,2018-T4,5422.68
Huelva,2019,1,2019-T1,2075.24
Huelva,2019,2,2019-T2,3356.92
Huelva,2019,3,2019-T3,2246.6
Huelva,2019,4,2019-T4,9715.99
Huelva,2020,1,2020-T1,1306.3
Huelva,2020,2,2020-T2,1676.79
Huelva,2020,3,2020-T3,2231.81
Huelva,2020,4,2020-T4,6498.58
Huelva,2021,1,2021-T1,4251.13
Huelva,2021,2,2021-T2,6258.6
Huelva,2021,3,2021-T3,3314.37
Huelva,2021,4,2021-T4,7091.67
Huelva,2022,1,2022-T1,6806.73
Huelva,2022,2,2022-T2,6816.38
Huelva,2022,3,2022-T3,3166.78
Huelva,2022,4,2022-T4,2930.47
Huelva,2023,1,2023-T1,3998.87
Huelva,2023,2,2023-T2,3518.82
Huelva,2023,3,2023-T3,4937.77
Huelva,2023,4,2023-T4,4020.9
Huelva,2024,1,2024-T1,12004.96
Huelva,2024,2,2024-T2,8474.88
Huelva,2024,3,2024-T3,5258.28
Huelva,2024,4,2024-T4,1834.53
Huelva,2025,1,2025-T1,13918.6
Huelva,2025,2,2025-T2,5548.24
Huelva,2025,3,2025-T3,5012.73
Huelva,2025,4,2025-T4,10219.09
Huelva,2026,1,2026-T1,9585.76
Huesca,2004,1,2004-T1,14782.8
Huesca,2004,2,2004-T2,23969.5
Huesca,2004,3,2004-T3,16211.0
Huesca,2004,4,2004-T4,37114.8
Huesca,2005,1,2005-T1,34678.5
Huesca,2005,2,2005-T2,209989.2
Huesca,2005,3,2005-T3,23435.1
Huesca,2005,4,2005-T4,57298.5
Huesca,2006,1,2006-T1,16500.6
Huesca,2006,2,2006-T2,23358.0
Huesca,2006,3,2006-T3,9613.8
Huesca,2006,4,2006-T4,13831.5
Huesca,2007,1,2007-T1,14903.8
Huesca,2007,2,2007-T2,10189.1
Huesca,2007,3,2007-T3,27938.54304
Huesca,2007,4,2007-T4,9092.7
Huesca,2008,1,2008-T1,9854.7
Huesca,2008,2,2008-T2,4065.0
Huesca,2008,3,2008-T3,4351.49
Huesca,2008,4,2008-T4,7020.64
Huesca,2009,1,2009-T1,4445.69
Huesca,2009,2,2009-T2,5983.74
Huesca,2009,3,2009-T3,3245.63
Huesca,2009,4,2009-T4,10405.46
Huesca,2010,1,2010-T1,2346.84
Huesca,2010,2,2010-T2,6945.49
Huesca,2010,3,2010-T3,3060.45
Huesca,2010,4,2010-T4,1509.73
Huesca,2011,1,2011-T1,2291.27
Huesca,2011,2,2011-T2,4766.48
Huesca,2011,3,2011-T3,1034.49
Huesca,2011,4,2011-T4,3281.63
Huesca,2012,1,2012-T1,5849.0
Huesca,2012,2,2012-T2,7945.18
Huesca,2012,3,2012-T3,4627.68
Huesca,2012,4,2012-T4,974.73
Huesca,2013,1,2013-T1,350.82
Huesca,2013,2,2013-T2,981.88
Huesca,2013,3,2013-T3,2273.99
Huesca,2013,4,2013-T4,532.1
Huesca,2014,1,2014-T1,1347.49
Huesca,2014,2,2014-T2,1550.3
Huesca,2014,3,2014-T3,1306.92
Huesca,2014,4,2014-T4,5977.3
Huesca,2015,1,2015-T1,1610.72
Huesca,2015,2,2015-T2,1919.47
Huesca,2015,3,2015-T3,1968.94
Huesca,2015,4,2015-T4,2063.39
Huesca,2016,1,2016-T1,1612.24
Huesca,2016,2,2016-T2,2561.66
Huesca,2016,3,2016-T3,679.81
Huesca,2016,4,2016-T4,2416.68
Huesca,2017,1,2017-T1,3489.0
Huesca,2017,2,2017-T2,1301.74
Huesca,2017,3,2017-T3,2759.27
Huesca,2017,4,2017-T4,2059.92
Huesca,2018,1,2018-T1,2098.52
Huesca,2018,2,2018-T2,3563.84
Huesca,2018,3,2018-T3,3565.65
Huesca,2018,4,2018-T4,3915.65
Huesca,2019,1,2019-T1,767.3
Huesca,2019,2,2019-T2,1847.22
Huesca,2019,3,2019-T3,2131.55
Huesca,2019,4,2019-T4,2745.97
Huesca,2020,1,2020-T1,2435.68
Huesca,2020,2,2020-T2,961.91
Huesca,2020,3,2020-T3,1698.18
Huesca,2020,4,2020-T4,1833.26
Huesca,2021,1,2021-T1,855.74
Huesca,2021,2,2021-T2,3222.89
Huesca,2021,3,2021-T3,11209.31
Huesca,2021,4,2021-T4,3104.4
Huesca,2022,1,2022-T1,2506.74
Huesca,2022,2,2022-T2,3331.96
Huesca,2022,3,2022-T3,8539.99
Huesca,2022,4,2022-T4,2063.97
Huesca,2023,1,2023-T1,2360.57
Huesca,2023,2,2023-T2,4925.83
Huesca,2023,3,2023-T3,1353.96
Huesca,2023,4,2023-T4,9090.4
Huesca,2024,1,2024-T1,3332.06
Huesca,2024,2,2024-T2,2742.1
Huesca,2024,3,2024-T3,1784.56
Huesca,2024,4,2024-T4,1335.1
Huesca,2025,1,2025-T1,3139.42
Huesca,2025,2,2025-T2,5813.59
Huesca,2025,3,2025-T3,5479.86
Huesca,2025,4,2025-T4,1811.64
Huesca,2026,1,2026-T1,1734.9
Jaén,2004,1,2004-T1,7084.1
Jaén,2004,2,2004-T2,3553.3
Jaén,2004,3,2004-T3,4460.8
Jaén,2004,4,2004-T4,11650.3
Jaén,2005,1,2005-T1,9212.2
Jaén,2005,2,2005-T2,6983.8
Jaén,2005,3,2005-T3,8025.5
Jaén,2005,4,2005-T4,7102.8
Jaén,2006,1,2006-T1,5191.1
Jaén,2006,2,2006-T2,45914.1
Jaén,2006,3,2006-T3,10891.4
Jaén,2006,4,2006-T4,21317.4
Jaén,2007,1,2007-T1,44305.6
Jaén,2007,2,2007-T2,25034.1
Jaén,2007,3,2007-T3,29418.1952
Jaén,2007,4,2007-T4,18130.6
Jaén,2008,1,2008-T1,28873.4
Jaén,2008,2,2008-T2,17449.7
Jaén,2008,3,2008-T3,20875.71
Jaén,2008,4,2008-T4,14319.08
Jaén,2009,1,2009-T1,14710.7
Jaén,2009,2,2009-T2,16418.82
Jaén,2009,3,2009-T3,4392.43
Jaén,2009,4,2009-T4,7157.46
Jaén,2010,1,2010-T1,4344.93
Jaén,2010,2,2010-T2,13510.99
Jaén,2010,3,2010-T3,31819.77
Jaén,2010,4,2010-T4,9976.78
Jaén,2011,1,2011-T1,8578.97
Jaén,2011,2,2011-T2,8188.2
Jaén,2011,3,2011-T3,4156.11
Jaén,2011,4,2011-T4,5225.74
Jaén,2012,1,2012-T1,3915.55
Jaén,2012,2,2012-T2,4579.72
Jaén,2012,3,2012-T3,4659.51
Jaén,2012,4,2012-T4,3010.51
Jaén,2013,1,2013-T1,2298.27
Jaén,2013,2,2013-T2,6171.58
Jaén,2013,3,2013-T3,4155.64
Jaén,2013,4,2013-T4,3181.71
Jaén,2014,1,2014-T1,2871.39
Jaén,2014,2,2014-T2,2738.23
Jaén,2014,3,2014-T3,4546.51
Jaén,2014,4,2014-T4,3887.09
Jaén,2015,1,2015-T1,2621.6
Jaén,2015,2,2015-T2,3670.33
Jaén,2015,3,2015-T3,3062.17
Jaén,2015,4,2015-T4,8784.79
Jaén,2016,1,2016-T1,2520.94
Jaén,2016,2,2016-T2,6085.09
Jaén,2016,3,2016-T3,2612.98
Jaén,2016,4,2016-T4,3624.89
Jaén,2017,1,2017-T1,5507.16
Jaén,2017,2,2017-T2,6614.2
Jaén,2017,3,2017-T3,4496.52
Jaén,2017,4,2017-T4,4498.81
Jaén,2018,1,2018-T1,5428.61
Jaén,2018,2,2018-T2,4071.14
Jaén,2018,3,2018-T3,4596.78
Jaén,2018,4,2018-T4,4761.54
Jaén,2019,1,2019-T1,4785.29
Jaén,2019,2,2019-T2,3319.82
Jaén,2019,3,2019-T3,2544.8
Jaén,2019,4,2019-T4,3429.46
Jaén,2020,1,2020-T1,1593.15
Jaén,2020,2,2020-T2,1863.81
Jaén,2020,3,2020-T3,3039.1
Jaén,2020,4,2020-T4,5643.99
Jaén,2021,1,2021-T1,5246.77
Jaén,2021,2,2021-T2,9095.29
Jaén,2021,3,2021-T3,5860.0
Jaén,2021,4,2021-T4,5475.51
Jaén,2022,1,2022-T1,12270.96
Jaén,2022,2,2022-T2,4106.84
Jaén,2022,3,2022-T3,5527.34
Jaén,2022,4,2022-T4,4928.99
Jaén,2023,1,2023-T1,6630.78
Jaén,2023,2,2023-T2,4431.08
Jaén,2023,3,2023-T3,3449.23
Jaén,2023,4,2023-T4,8387.04
Jaén,2024,1,2024-T1,4089.09
Jaén,2024,2,2024-T2,3411.99
Jaén,2024,3,2024-T3,3228.88
Jaén,2024,4,2024-T4,1699.91
Jaén,2025,1,2025-T1,3026.73
Jaén,2025,2,2025-T2,3924.6
Jaén,2025,3,2025-T3,3312.21
Jaén,2025,4,2025-T4,5103.33
Jaén,2026,1,2026-T1,3919.26
León,2004,1,2004-T1,23198.7
León,2004,2,2004-T2,34229.8
León,2004,3,2004-T3,164720.0
León,2004,4,2004-T4,64139.1
León,2005,1,2005-T1,47467.8
León,2005,2,2005-T2,66502.3
León,2005,3,2005-T3,22535.5
León,2005,4,2005-T4,50560.7
León,2006,1,2006-T1,101687.8
León,2006,2,2006-T2,34074.0
León,2006,3,2006-T3,25594.0
León,2006,4,2006-T4,39217.9
León,2007,1,2007-T1,47628.8
León,2007,2,2007-T2,23622.4
León,2007,3,2007-T3,22201.32941
León,2007,4,2007-T4,19481.5
León,2008,1,2008-T1,33169.8
León,2008,2,2008-T2,16267.1
León,2008,3,2008-T3,13303.95
León,2008,4,2008-T4,7536.09
León,2009,1,2009-T1,30581.48
León,2009,2,2009-T2,21148.11
León,2009,3,2009-T3,17145.78
León,2009,4,2009-T4,7637.44
León,2010,1,2010-T1,1639.48
León,2010,2,2010-T2,10552.86
León,2010,3,2010-T3,1572.69
León,2010,4,2010-T4,4766.48
León,2011,1,2011-T1,2364.41
León,2011,2,2011-T2,3901.13
León,2011,3,2011-T3,834.64
León,2011,4,2011-T4,1807.46
León,2012,1,2012-T1,3154.4
León,2012,2,2012-T2,4182.98
León,2012,3,2012-T3,2563.59
León,2012,4,2012-T4,814.61
León,2013,1,2013-T1,2132.63
León,2013,2,2013-T2,3326.9
León,2013,3,2013-T3,3665.55
León,2013,4,2013-T4,2240.87
León,2014,1,2014-T1,2966.77
León,2014,2,2014-T2,503.24
León,2014,3,2014-T3,3589.34
León,2014,4,2014-T4,4541.68
León,2015,1,2015-T1,1168.64
León,2015,2,2015-T2,1998.66
León,2015,3,2015-T3,1652.77
León,2015,4,2015-T4,1805.47
León,2016,1,2016-T1,1500.78
León,2016,2,2016-T2,2102.63
León,2016,3,2016-T3,2093.72
León,2016,4,2016-T4,1849.81
León,2017,1,2017-T1,2429.87
León,2017,2,2017-T2,3838.35
León,2017,3,2017-T3,2829.53
León,2017,4,2017-T4,2158.84
León,2018,1,2018-T1,2639.65
León,2018,2,2018-T2,1554.38
León,2018,3,2018-T3,1255.41
León,2018,4,2018-T4,5747.12
León,2019,1,2019-T1,11160.1
León,2019,2,2019-T2,763.68
León,2019,3,2019-T3,11614.24
León,2019,4,2019-T4,1269.19
León,2020,1,2020-T1,1127.85
León,2020,2,2020-T2,2393.48
León,2020,3,2020-T3,1690.24
León,2020,4,2020-T4,5542.09
León,2021,1,2021-T1,4944.4
León,2021,2,2021-T2,3036.02
León,2021,3,2021-T3,2665.8
León,2021,4,2021-T4,2916.79
León,2022,1,2022-T1,2003.31
León,2022,2,2022-T2,2148.61
León,2022,3,2022-T3,1653.66
León,2022,4,2022-T4,1712.79
León,2023,1,2023-T1,4278.65
León,2023,2,2023-T2,3310.44
León,2023,3,2023-T3,1645.08
León,2023,4,2023-T4,1645.22
León,2024,1,2024-T1,2229.69
León,2024,2,2024-T2,3229.25
León,2024,3,2024-T3,3177.48
León,2024,4,2024-T4,4115.81
León,2025,1,2025-T1,1828.79
León,2025,2,2025-T2,8605.03
León,2025,3,2025-T3,4582.02
León,2025,4,2025-T4,3316.12
León,2026,1,2026-T1,2599.89
Lleida,2004,1,2004-T1,44543.3
Lleida,2004,2,2004-T2,53716.9
Lleida,2004,3,2004-T3,78939.2
Lleida,2004,4,2004-T4,101258.8
Lleida,2005,1,2005-T1,66657.0
Lleida,2005,2,2005-T2,74849.4
Lleida,2005,3,2005-T3,91487.2
Lleida,2005,4,2005-T4,72566.8
Lleida,2006,1,2006-T1,63048.9
Lleida,2006,2,2006-T2,69326.9
Lleida,2006,3,2006-T3,45026.6
Lleida,2006,4,2006-T4,67041.5
Lleida,2007,1,2007-T1,100310.4
Lleida,2007,2,2007-T2,75505.6
Lleida,2007,3,2007-T3,112604.10275
Lleida,2007,4,2007-T4,40237.1
Lleida,2008,1,2008-T1,73209.1
Lleida,2008,2,2008-T2,21524.0
Lleida,2008,3,2008-T3,49693.63
Lleida,2008,4,2008-T4,68300.93
Lleida,2009,1,2009-T1,28045.37
Lleida,2009,2,2009-T2,21811.71
Lleida,2009,3,2009-T3,25820.82
Lleida,2009,4,2009-T4,9924.44
Lleida,2010,1,2010-T1,7333.26
Lleida,2010,2,2010-T2,8911.45
Lleida,2010,3,2010-T3,6520.13
Lleida,2010,4,2010-T4,9779.63
Lleida,2011,1,2011-T1,3733.43
Lleida,2011,2,2011-T2,9554.65
Lleida,2011,3,2011-T3,4311.78
Lleida,2011,4,2011-T4,7096.73
Lleida,2012,1,2012-T1,5243.53
Lleida,2012,2,2012-T2,6378.21
Lleida,2012,3,2012-T3,2937.88
Lleida,2012,4,2012-T4,1436.84
Lleida,2013,1,2013-T1,2706.38
Lleida,2013,2,2013-T2,13718.26
Lleida,2013,3,2013-T3,4554.53
Lleida,2013,4,2013-T4,11714.82
Lleida,2014,1,2014-T1,5370.5
Lleida,2014,2,2014-T2,5171.33
Lleida,2014,3,2014-T3,5501.8
Lleida,2014,4,2014-T4,5298.53
Lleida,2015,1,2015-T1,2981.94
Lleida,2015,2,2015-T2,5903.46
Lleida,2015,3,2015-T3,6450.89
Lleida,2015,4,2015-T4,4293.69
Lleida,2016,1,2016-T1,4046.28
Lleida,2016,2,2016-T2,3965.83
Lleida,2016,3,2016-T3,4166.49
Lleida,2016,4,2016-T4,6125.94
Lleida,2017,1,2017-T1,5280.33
Lleida,2017,2,2017-T2,4303.59
Lleida,2017,3,2017-T3,3518.06
Lleida,2017,4,2017-T4,8295.06
Lleida,2018,1,2018-T1,3245.99
Lleida,2018,2,2018-T2,5136.01
Lleida,2018,3,2018-T3,4501.09
Lleida,2018,4,2018-T4,4595.74
Lleida,2019,1,2019-T1,2168.78
Lleida,2019,2,2019-T2,2530.33
Lleida,2019,3,2019-T3,3396.37
Lleida,2019,4,2019-T4,8860.61
Lleida,2020,1,2020-T1,2157.12
Lleida,2020,2,2020-T2,2250.27
Lleida,2020,3,2020-T3,2814.61
Lleida,2020,4,2020-T4,7051.54
Lleida,2021,1,2021-T1,8521.06
Lleida,2021,2,2021-T2,8114.53
Lleida,2021,3,2021-T3,8257.59
Lleida,2021,4,2021-T4,6107.3
Lleida,2022,1,2022-T1,3593.99
Lleida,2022,2,2022-T2,4160.14
Lleida,2022,3,2022-T3,6377.08
Lleida,2022,4,2022-T4,10704.27
Lleida,2023,1,2023-T1,3574.97
Lleida,2023,2,2023-T2,7368.17
Lleida,2023,3,2023-T3,4664.69
Lleida,2023,4,2023-T4,4965.82
Lleida,2024,1,2024-T1,8101.48
Lleida,2024,2,2024-T2,7435.97
Lleida,2024,3,2024-T3,4088.82
Lleida,2024,4,2024-T4,8760.86
Lleida,2025,1,2025-T1,9188.49
Lleida,2025,2,2025-T2,11046.79
Lleida,2025,3,2025-T3,9359.6
Lleida,2025,4,2025-T4,15815.13
Lleida,2026,1,2026-T1,16930.68
Lugo,2004,1,2004-T1,3101.0
Lugo,2004,2,2004-T2,7123.3
Lugo,2004,3,2004-T3,8252.8
Lugo,2004,4,2004-T4,8668.8
Lugo,2005,1,2005-T1,3947.4
Lugo,2005,2,2005-T2,9658.5
Lugo,2005,3,2005-T3,9135.9
Lugo,2005,4,2005-T4,7086.8
Lugo,2006,1,2006-T1,6937.0
Lugo,2006,2,2006-T2,4976.6
Lugo,2006,3,2006-T3,6339.2
Lugo,2006,4,2006-T4,8761.8
Lugo,2007,1,2007-T1,8134.7
Lugo,2007,2,2007-T2,8606.2
Lugo,2007,3,2007-T3,2936.99721
Lugo,2007,4,2007-T4,11017.1
Lugo,2008,1,2008-T1,5651.6
Lugo,2008,2,2008-T2,3150.6
Lugo,2008,3,2008-T3,2018.83
Lugo,2008,4,2008-T4,3653.69
Lugo,2009,1,2009-T1,8565.31
Lugo,2009,2,2009-T2,1729.53
Lugo,2009,3,2009-T3,3464.79
Lugo,2009,4,2009-T4,1427.63
Lugo,2010,1,2010-T1,6010.96
Lugo,2010,2,2010-T2,1719.28
Lugo,2010,3,2010-T3,405.06
Lugo,2010,4,2010-T4,1701.32
Lugo,2011,1,2011-T1,686.14
Lugo,2011,2,2011-T2,1052.62
Lugo,2011,3,2011-T3,390.58
Lugo,2011,4,2011-T4,1871.53
Lugo,2012,1,2012-T1,744.32
Lugo,2012,2,2012-T2,965.74
Lugo,2012,3,2012-T3,3473.41
Lugo,2012,4,2012-T4,827.78
Lugo,2013,1,2013-T1,398.73
Lugo,2013,2,2013-T2,643.14
Lugo,2013,3,2013-T3,260.5
Lugo,2013,4,2013-T4,448.81
Lugo,2014,1,2014-T1,611.01
Lugo,2014,2,2014-T2,716.26
Lugo,2014,3,2014-T3,1232.16
Lugo,2014,4,2014-T4,277.86
Lugo,2015,1,2015-T1,644.19
Lugo,2015,2,2015-T2,1221.02
Lugo,2015,3,2015-T3,710.36
Lugo,2015,4,2015-T4,426.0
Lugo,2016,1,2016-T1,94.84
Lugo,2016,2,2016-T2,215.55
Lugo,2016,3,2016-T3,333.25
Lugo,2016,4,2016-T4,449.48
Lugo,2017,1,2017-T1,1345.43
Lugo,2017,2,2017-T2,632.51
Lugo,2017,3,2017-T3,180.63
Lugo,2017,4,2017-T4,401.59
Lugo,2018,1,2018-T1,581.01
Lugo,2018,2,2018-T2,971.79
Lugo,2018,3,2018-T3,954.52
Lugo,2018,4,2018-T4,770.4
Lugo,2019,1,2019-T1,970.44
Lugo,2019,2,2019-T2,1339.52
Lugo,2019,3,2019-T3,475.84
Lugo,2019,4,2019-T4,321.25
Lugo,2020,1,2020-T1,382.08
Lugo,2020,2,2020-T2,70.23
Lugo,2020,3,2020-T3,1709.48
Lugo,2020,4,2020-T4,1548.84
Lugo,2021,1,2021-T1,815.85
Lugo,2021,2,2021-T2,723.34
Lugo,2021,3,2021-T3,1529.4
Lugo,2021,4,2021-T4,1043.78
Lugo,2022,1,2022-T1,804.21
Lugo,2022,2,2022-T2,1420.42
Lugo,2022,3,2022-T3,734.23
Lugo,2022,4,2022-T4,1265.0
Lugo,2023,1,2023-T1,540.05
Lugo,2023,2,2023-T2,1259.88
Lugo,2023,3,2023-T3,305.23
Lugo,2023,4,2023-T4,517.24
Lugo,2024,1,2024-T1,607.85
Lugo,2024,2,2024-T2,397.76
Lugo,2024,3,2024-T3,780.1
Lugo,2024,4,2024-T4,685.74
Lugo,2025,1,2025-T1,844.26
Lugo,2025,2,2025-T2,1651.09
Lugo,2025,3,2025-T3,1145.26
Lugo,2025,4,2025-T4,737.77
Lugo,2026,1,2026-T1,805.93
Melilla,2004,1,2004-T1,1277.8
Melilla,2004,2,2004-T2,460.4
Melilla,2004,3,2004-T3,615.5
Melilla,2004,4,2004-T4,336.0
Melilla,2005,1,2005-T1,5368.4
Melilla,2005,2,2005-T2,557.3
Melilla,2005,3,2005-T3,852.4
Melilla,2005,4,2005-T4,1956.3
Melilla,2006,1,2006-T1,1603.6
Melilla,2006,2,2006-T2,10.8
Melilla,2006,3,2006-T3,3975.9
Melilla,2006,4,2006-T4,270.0
Melilla,2007,1,2007-T1,101.1
Melilla,2007,2,2007-T2,145.0
Melilla,2007,3,2007-T3,63.522800000000004
Melilla,2007,4,2007-T4,233.8
Melilla,2008,1,2008-T1,1073.0
Melilla,2008,2,2008-T2,427.2
Melilla,2008,3,2008-T3,742.52
Melilla,2008,4,2008-T4,173.67
Melilla,2009,1,2009-T1,196.91
Melilla,2009,2,2009-T2,243.74
Melilla,2009,3,2009-T3,65.6
Melilla,2009,4,2009-T4,487.32
Melilla,2010,1,2010-T1,327.51
Melilla,2010,2,2010-T2,458.54
Melilla,2010,3,2010-T3,393.11
Melilla,2010,4,2010-T4,397.33
Melilla,2011,1,2011-T1,173.75
Melilla,2011,2,2011-T2,0.0
Melilla,2011,3,2011-T3,93.23
Melilla,2011,4,2011-T4,3.21
Melilla,2012,1,2012-T1,83.0
Melilla,2012,2,2012-T2,86.5
Melilla,2012,3,2012-T3,37.76
Melilla,2012,4,2012-T4,0.0
Melilla,2013,1,2013-T1,0.0
Melilla,2013,2,2013-T2,0.0
Melilla,2013,3,2013-T3,0.0
Melilla,2013,4,2013-T4,134.67
Melilla,2014,1,2014-T1,16.2
Melilla,2014,2,2014-T2,0.0
Melilla,2014,3,2014-T3,0.0
Melilla,2014,4,2014-T4,95.0
Melilla,2015,1,2015-T1,55.26
Melilla,2015,2,2015-T2,0.0
Melilla,2015,3,2015-T3,149.63
Melilla,2015,4,2015-T4,207.68
Melilla,2016,1,2016-T1,175.13
Melilla,2016,2,2016-T2,0.0
Melilla,2016,3,2016-T3,0.0
Melilla,2016,4,2016-T4,470.0
Melilla,2017,1,2017-T1,0.0
Melilla,2017,2,2017-T2,109.5
Melilla,2017,3,2017-T3,901.0
Melilla,2017,4,2017-T4,0.0
Melilla,2018,1,2018-T1,0.0
Melilla,2018,2,2018-T2,37.5
Melilla,2018,3,2018-T3,22.38
Melilla,2018,4,2018-T4,0.0
Melilla,2019,1,2019-T1,0.0
Melilla,2019,2,2019-T2,19.58
Melilla,2019,3,2019-T3,120.0
Melilla,2019,4,2019-T4,298.88
Melilla,2020,1,2020-T1,80.0
Melilla,2020,2,2020-T2,0.0
Melilla,2020,3,2020-T3,0.0
Melilla,2020,4,2020-T4,0.0
Melilla,2021,1,2021-T1,48.3
Melilla,2021,2,2021-T2,169.5
Melilla,2021,3,2021-T3,2.1
Melilla,2021,4,2021-T4,273.43
Melilla,2022,1,2022-T1,70.0
Melilla,2022,2,2022-T2,0.0
Melilla,2022,3,2022-T3,0.0
Melilla,2022,4,2022-T4,0.0
Melilla,2023,1,2023-T1,30.0
Melilla,2023,2,2023-T2,0.0
Melilla,2023,3,2023-T3,0.0
Melilla,2023,4,2023-T4,263.93
Melilla,2024,1,2024-T1,20.0
Melilla,2024,2,2024-T2,107.5
Melilla,2024,3,2024-T3,0.0
Melilla,2024,4,2024-T4,57.0
Melilla,2025,1,2025-T1,46.0
Melilla,2025,2,2025-T2,0.0
Melilla,2025,3,2025-T3,0.0
Melilla,2025,4,2025-T4,0.0
Melilla,2026,1,2026-T1,37.05
Málaga,2004,1,2004-T1,276673.9
Málaga,2004,2,2004-T2,419931.3
Málaga,2004,3,2004-T3,88941.3
Málaga,2004,4,2004-T4,329201.9
Málaga,2005,1,2005-T1,218636.4
Málaga,2005,2,2005-T2,222769.6
Málaga,2005,3,2005-T3,234903.3
Málaga,2005,4,2005-T4,92743.1
Málaga,2006,1,2006-T1,137194.7
Málaga,2006,2,2006-T2,193057.8
Málaga,2006,3,2006-T3,175985.6
Málaga,2006,4,2006-T4,272768.4
Málaga,2007,1,2007-T1,380936.5
Málaga,2007,2,2007-T2,710164.9
Málaga,2007,3,2007-T3,333515.8532
Málaga,2007,4,2007-T4,198060.8
Málaga,2008,1,2008-T1,207768.0
Málaga,2008,2,2008-T2,172222.8
Málaga,2008,3,2008-T3,97167.03
Málaga,2008,4,2008-T4,278091.88
Málaga,2009,1,2009-T1,127821.45
Málaga,2009,2,2009-T2,134268.96
Málaga,2009,3,2009-T3,117066.87
Málaga,2009,4,2009-T4,41462.72
Málaga,2010,1,2010-T1,51432.08
Málaga,2010,2,2010-T2,83106.29
Málaga,2010,3,2010-T3,48271.78
Málaga,2010,4,2010-T4,26170.61
Málaga,2011,1,2011-T1,58235.77
Málaga,2011,2,2011-T2,99890.64
Málaga,2011,3,2011-T3,29438.58
Málaga,2011,4,2011-T4,85125.87
Málaga,2012,1,2012-T1,29035.59
Málaga,2012,2,2012-T2,49003.21
Málaga,2012,3,2012-T3,22197.57
Málaga,2012,4,2012-T4,85354.46
Málaga,2013,1,2013-T1,18793.11
Málaga,2013,2,2013-T2,34714.16
Málaga,2013,3,2013-T3,30844.79
Málaga,2013,4,2013-T4,55797.27
Málaga,2014,1,2014-T1,29199.83
Málaga,2014,2,2014-T2,53263.23
Málaga,2014,3,2014-T3,95811.82
Málaga,2014,4,2014-T4,80823.12
Málaga,2015,1,2015-T1,40805.49
Málaga,2015,2,2015-T2,59541.33
Málaga,2015,3,2015-T3,44170.95
Málaga,2015,4,2015-T4,64164.77
Málaga,2016,1,2016-T1,72261.3
Málaga,2016,2,2016-T2,88100.54
Málaga,2016,3,2016-T3,78815.65
Málaga,2016,4,2016-T4,120558.98
Málaga,2017,1,2017-T1,76147.05
Málaga,2017,2,2017-T2,119308.05
Málaga,2017,3,2017-T3,84627.58
Málaga,2017,4,2017-T4,99837.93
Málaga,2018,1,2018-T1,79685.72
Málaga,2018,2,2018-T2,115736.64
Málaga,2018,3,2018-T3,67421.91
Málaga,2018,4,2018-T4,88178.52
Málaga,2019,1,2019-T1,64210.24
Málaga,2019,2,2019-T2,69197.74
Málaga,2019,3,2019-T3,104366.66
Málaga,2019,4,2019-T4,103464.01
Málaga,2020,1,2020-T1,42240.1
Málaga,2020,2,2020-T2,28764.89
Málaga,2020,3,2020-T3,34952.51
Málaga,2020,4,2020-T4,70984.75
Málaga,2021,1,2021-T1,51755.48
Málaga,2021,2,2021-T2,136322.7
Málaga,2021,3,2021-T3,88683.34
Málaga,2021,4,2021-T4,107094.31
Málaga,2022,1,2022-T1,140691.48
Málaga,2022,2,2022-T2,110312.72
Málaga,2022,3,2022-T3,144411.32
Málaga,2022,4,2022-T4,119149.59
Málaga,2023,1,2023-T1,152329.99
Málaga,2023,2,2023-T2,66598.4
Málaga,2023,3,2023-T3,71189.06
Málaga,2023,4,2023-T4,48639.51
Málaga,2024,1,2024-T1,77263.75
Málaga,2024,2,2024-T2,59655.1
Málaga,2024,3,2024-T3,122530.54
Málaga,2024,4,2024-T4,99949.0
Málaga,2025,1,2025-T1,83771.92
Málaga,2025,2,2025-T2,104143.3
Málaga,2025,3,2025-T3,93768.63
Málaga,2025,4,2025-T4,159709.47
Málaga,2026,1,2026-T1,175279.98
Ourense,2004,1,2004-T1,2866.3
Ourense,2004,2,2004-T2,5259.3
Ourense,2004,3,2004-T3,10833.7
Ourense,2004,4,2004-T4,12600.6
Ourense,2005,1,2005-T1,6479.5
Ourense,2005,2,2005-T2,5244.5
Ourense,2005,3,2005-T3,4933.2
Ourense,2005,4,2005-T4,5812.9
Ourense,2006,1,2006-T1,9208.0
Ourense,2006,2,2006-T2,6047.3
Ourense,2006,3,2006-T3,3397.9
Ourense,2006,4,2006-T4,5413.1
Ourense,2007,1,2007-T1,4326.7
Ourense,2007,2,2007-T2,5371.8
Ourense,2007,3,2007-T3,5999.122240000001
Ourense,2007,4,2007-T4,6510.6
Ourense,2008,1,2008-T1,11202.6
Ourense,2008,2,2008-T2,4220.4
Ourense,2008,3,2008-T3,4039.11
Ourense,2008,4,2008-T4,4596.65
Ourense,2009,1,2009-T1,2349.79
Ourense,2009,2,2009-T2,10382.84
Ourense,2009,3,2009-T3,2943.79
Ourense,2009,4,2009-T4,2466.82
Ourense,2010,1,2010-T1,2026.22
Ourense,2010,2,2010-T2,922.47
Ourense,2010,3,2010-T3,10841.18
Ourense,2010,4,2010-T4,528.83
Ourense,2011,1,2011-T1,589.02
Ourense,2011,2,2011-T2,1476.74
Ourense,2011,3,2011-T3,858.37
Ourense,2011,4,2011-T4,581.04
Ourense,2012,1,2012-T1,510.1
Ourense,2012,2,2012-T2,170.55
Ourense,2012,3,2012-T3,244.75
Ourense,2012,4,2012-T4,331.61
Ourense,2013,1,2013-T1,48.42
Ourense,2013,2,2013-T2,952.79
Ourense,2013,3,2013-T3,246.61
Ourense,2013,4,2013-T4,346.69
Ourense,2014,1,2014-T1,203.9
Ourense,2014,2,2014-T2,386.48
Ourense,2014,3,2014-T3,813.65
Ourense,2014,4,2014-T4,471.16
Ourense,2015,1,2015-T1,229.8
Ourense,2015,2,2015-T2,235.56
Ourense,2015,3,2015-T3,3411.02
Ourense,2015,4,2015-T4,483.67
Ourense,2016,1,2016-T1,561.82
Ourense,2016,2,2016-T2,438.32
Ourense,2016,3,2016-T3,266.35
Ourense,2016,4,2016-T4,442.85
Ourense,2017,1,2017-T1,379.2
Ourense,2017,2,2017-T2,2236.14
Ourense,2017,3,2017-T3,393.82
Ourense,2017,4,2017-T4,502.84
Ourense,2018,1,2018-T1,390.7
Ourense,2018,2,2018-T2,436.13
Ourense,2018,3,2018-T3,1032.46
Ourense,2018,4,2018-T4,1398.34
Ourense,2019,1,2019-T1,260.81
Ourense,2019,2,2019-T2,183.37
Ourense,2019,3,2019-T3,320.83
Ourense,2019,4,2019-T4,334.04
Ourense,2020,1,2020-T1,1542.0
Ourense,2020,2,2020-T2,187.04
Ourense,2020,3,2020-T3,160.65
Ourense,2020,4,2020-T4,263.81
Ourense,2021,1,2021-T1,231.5
Ourense,2021,2,2021-T2,1374.06
Ourense,2021,3,2021-T3,497.75
Ourense,2021,4,2021-T4,524.45
Ourense,2022,1,2022-T1,552.7
Ourense,2022,2,2022-T2,137.57
Ourense,2022,3,2022-T3,330.28
Ourense,2022,4,2022-T4,420.2
Ourense,2023,1,2023-T1,330.56
Ourense,2023,2,2023-T2,140.5
Ourense,2023,3,2023-T3,140.45
Ourense,2023,4,2023-T4,651.32
Ourense,2024,1,2024-T1,210.3
Ourense,2024,2,2024-T2,20.87
Ourense,2024,3,2024-T3,266.12
Ourense,2024,4,2024-T4,664.5
Ourense,2025,1,2025-T1,614.74
Ourense,2025,2,2025-T2,493.96
Ourense,2025,3,2025-T3,503.7
Ourense,2025,4,2025-T4,597.3
Ourense,2026,1,2026-T1,496.02
Palencia,2004,1,2004-T1,9754.1
Palencia,2004,2,2004-T2,8044.2
Palencia,2004,3,2004-T3,11868.9
Palencia,2004,4,2004-T4,21815.6
Palencia,2005,1,2005-T1,18236.8
Palencia,2005,2,2005-T2,12313.8
Palencia,2005,3,2005-T3,8625.4
Palencia,2005,4,2005-T4,13538.8
Palencia,2006,1,2006-T1,5089.7
Palencia,2006,2,2006-T2,31880.5
Palencia,2006,3,2006-T3,7933.5
Palencia,2006,4,2006-T4,13820.2
Palencia,2007,1,2007-T1,5635.1
Palencia,2007,2,2007-T2,3801.5
Palencia,2007,3,2007-T3,2448.01655
Palencia,2007,4,2007-T4,7397.2
Palencia,2008,1,2008-T1,5994.4
Palencia,2008,2,2008-T2,5751.0
Palencia,2008,3,2008-T3,2122.66
Palencia,2008,4,2008-T4,28417.08
Palencia,2009,1,2009-T1,1853.73
Palencia,2009,2,2009-T2,28750.68
Palencia,2009,3,2009-T3,6303.43
Palencia,2009,4,2009-T4,6325.31
Palencia,2010,1,2010-T1,879.73
Palencia,2010,2,2010-T2,1787.59
Palencia,2010,3,2010-T3,856.27
Palencia,2010,4,2010-T4,4249.42
Palencia,2011,1,2011-T1,3440.95
Palencia,2011,2,2011-T2,1935.48
Palencia,2011,3,2011-T3,838.77
Palencia,2011,4,2011-T4,1625.17
Palencia,2012,1,2012-T1,558.19
Palencia,2012,2,2012-T2,4142.26
Palencia,2012,3,2012-T3,555.05
Palencia,2012,4,2012-T4,636.8
Palencia,2013,1,2013-T1,796.39
Palencia,2013,2,2013-T2,2629.91
Palencia,2013,3,2013-T3,261.88
Palencia,2013,4,2013-T4,8497.41
Palencia,2014,1,2014-T1,146.49
Palencia,2014,2,2014-T2,262.03
Palencia,2014,3,2014-T3,546.6
Palencia,2014,4,2014-T4,1028.34
Palencia,2015,1,2015-T1,1003.36
Palencia,2015,2,2015-T2,603.29
Palencia,2015,3,2015-T3,3484.82
Palencia,2015,4,2015-T4,1097.33
Palencia,2016,1,2016-T1,158.19
Palencia,2016,2,2016-T2,251.55
Palencia,2016,3,2016-T3,1939.79
Palencia,2016,4,2016-T4,67.7
Palencia,2017,1,2017-T1,674.52
Palencia,2017,2,2017-T2,477.55
Palencia,2017,3,2017-T3,742.6
Palencia,2017,4,2017-T4,634.14
Palencia,2018,1,2018-T1,525.13
Palencia,2018,2,2018-T2,1121.95
Palencia,2018,3,2018-T3,1721.86
Palencia,2018,4,2018-T4,1643.76
Palencia,2019,1,2019-T1,553.8
Palencia,2019,2,2019-T2,741.77
Palencia,2019,3,2019-T3,1258.28
Palencia,2019,4,2019-T4,553.31
Palencia,2020,1,2020-T1,1252.6
Palencia,2020,2,2020-T2,417.38
Palencia,2020,3,2020-T3,671.01
Palencia,2020,4,2020-T4,1560.72
Palencia,2021,1,2021-T1,3918.17
Palencia,2021,2,2021-T2,1885.62
Palencia,2021,3,2021-T3,1154.42
Palencia,2021,4,2021-T4,1442.57
Palencia,2022,1,2022-T1,907.06
Palencia,2022,2,2022-T2,2219.48
Palencia,2022,3,2022-T3,1323.4
Palencia,2022,4,2022-T4,2137.19
Palencia,2023,1,2023-T1,626.59
Palencia,2023,2,2023-T2,1646.16
Palencia,2023,3,2023-T3,758.97
Palencia,2023,4,2023-T4,874.2
Palencia,2024,1,2024-T1,1329.31
Palencia,2024,2,2024-T2,483.72
Palencia,2024,3,2024-T3,3748.85
Palencia,2024,4,2024-T4,3775.77
Palencia,2025,1,2025-T1,4372.3
Palencia,2025,2,2025-T2,1012.37
Palencia,2025,3,2025-T3,2003.79
Palencia,2025,4,2025-T4,1586.34
Palencia,2026,1,2026-T1,1514.04
Palmas (Las),2004,1,2004-T1,95977.6
Palmas (Las),2004,2,2004-T2,107642.1
Palmas (Las),2004,3,2004-T3,103730.0
Palmas (Las),2004,4,2004-T4,125076.0
Palmas (Las),2005,1,2005-T1,131710.4
Palmas (Las),2005,2,2005-T2,121524.3
Palmas (Las),2005,3,2005-T3,129409.1
Palmas (Las),2005,4,2005-T4,85017.9
Palmas (Las),2006,1,2006-T1,95396.4
Palmas (Las),2006,2,2006-T2,68333.2
Palmas (Las),2006,3,2006-T3,30602.8
Palmas (Las),2006,4,2006-T4,108535.1
Palmas (Las),2007,1,2007-T1,76768.5
Palmas (Las),2007,2,2007-T2,48242.3
Palmas (Las),2007,3,2007-T3,78221.77354000001
Palmas (Las),2007,4,2007-T4,77938.2
Palmas (Las),2008,1,2008-T1,31340.9
Palmas (Las),2008,2,2008-T2,22648.5
Palmas (Las),2008,3,2008-T3,87561.46
Palmas (Las),2008,4,2008-T4,38172.63
Palmas (Las),2009,1,2009-T1,31195.41
Palmas (Las),2009,2,2009-T2,31450.71
Palmas (Las),2009,3,2009-T3,15362.31
Palmas (Las),2009,4,2009-T4,19893.65
Palmas (Las),2010,1,2010-T1,6518.32
Palmas (Las),2010,2,2010-T2,15603.53
Palmas (Las),2010,3,2010-T3,6929.53
Palmas (Las),2010,4,2010-T4,11046.34
Palmas (Las),2011,1,2011-T1,5194.56
Palmas (Las),2011,2,2011-T2,35669.7
Palmas (Las),2011,3,2011-T3,4647.7
Palmas (Las),2011,4,2011-T4,6313.33
Palmas (Las),2012,1,2012-T1,3920.34
Palmas (Las),2012,2,2012-T2,5180.28
Palmas (Las),2012,3,2012-T3,6667.04
Palmas (Las),2012,4,2012-T4,13286.37
Palmas (Las),2013,1,2013-T1,19788.56
Palmas (Las),2013,2,2013-T2,15140.6
Palmas (Las),2013,3,2013-T3,11315.81
Palmas (Las),2013,4,2013-T4,4834.68
Palmas (Las),2014,1,2014-T1,18083.15
Palmas (Las),2014,2,2014-T2,13954.63
Palmas (Las),2014,3,2014-T3,8270.71
Palmas (Las),2014,4,2014-T4,20607.68
Palmas (Las),2015,1,2015-T1,5055.67
Palmas (Las),2015,2,2015-T2,6967.29
Palmas (Las),2015,3,2015-T3,6757.94
Palmas (Las),2015,4,2015-T4,8115.5
Palmas (Las),2016,1,2016-T1,11408.9
Palmas (Las),2016,2,2016-T2,5920.62
Palmas (Las),2016,3,2016-T3,7073.85
Palmas (Las),2016,4,2016-T4,8135.66
Palmas (Las),2017,1,2017-T1,6660.88
Palmas (Las),2017,2,2017-T2,12781.6
Palmas (Las),2017,3,2017-T3,6679.21
Palmas (Las),2017,4,2017-T4,12141.57
Palmas (Las),2018,1,2018-T1,20144.54
Palmas (Las),2018,2,2018-T2,7918.44
Palmas (Las),2018,3,2018-T3,18047.29
Palmas (Las),2018,4,2018-T4,12216.79
Palmas (Las),2019,1,2019-T1,8747.15
Palmas (Las),2019,2,2019-T2,6945.53
Palmas (Las),2019,3,2019-T3,7958.25
Palmas (Las),2019,4,2019-T4,16292.05
Palmas (Las),2020,1,2020-T1,11315.59
Palmas (Las),2020,2,2020-T2,6468.7
Palmas (Las),2020,3,2020-T3,3928.78
Palmas (Las),2020,4,2020-T4,17487.03
Palmas (Las),2021,1,2021-T1,5926.45
Palmas (Las),2021,2,2021-T2,11339.72
Palmas (Las),2021,3,2021-T3,8357.87
Palmas (Las),2021,4,2021-T4,15522.61
Palmas (Las),2022,1,2022-T1,11052.25
Palmas (Las),2022,2,2022-T2,11549.43
Palmas (Las),2022,3,2022-T3,20852.63
Palmas (Las),2022,4,2022-T4,13617.89
Palmas (Las),2023,1,2023-T1,12993.26
Palmas (Las),2023,2,2023-T2,25750.47
Palmas (Las),2023,3,2023-T3,7661.54
Palmas (Las),2023,4,2023-T4,11918.07
Palmas (Las),2024,1,2024-T1,19179.29
Palmas (Las),2024,2,2024-T2,12502.4
Palmas (Las),2024,3,2024-T3,44243.54
Palmas (Las),2024,4,2024-T4,13710.83
Palmas (Las),2025,1,2025-T1,10223.11
Palmas (Las),2025,2,2025-T2,18629.85
Palmas (Las),2025,3,2025-T3,13546.55
Palmas (Las),2025,4,2025-T4,23191.65
Palmas (Las),2026,1,2026-T1,19448.09
Pontevedra,2004,1,2004-T1,23343.3
Pontevedra,2004,2,2004-T2,32319.1
Pontevedra,2004,3,2004-T3,47870.0
Pontevedra,2004,4,2004-T4,78379.6
Pontevedra,2005,1,2005-T1,57554.1
Pontevedra,2005,2,2005-T2,34812.5
Pontevedra,2005,3,2005-T3,53170.2
Pontevedra,2005,4,2005-T4,37299.3
Pontevedra,2006,1,2006-T1,27003.0
Pontevedra,2006,2,2006-T2,19514.1
Pontevedra,2006,3,2006-T3,26626.2
Pontevedra,2006,4,2006-T4,31401.7
Pontevedra,2007,1,2007-T1,13264.8
Pontevedra,2007,2,2007-T2,18809.3
Pontevedra,2007,3,2007-T3,12790.05141
Pontevedra,2007,4,2007-T4,20821.7
Pontevedra,2008,1,2008-T1,7333.5
Pontevedra,2008,2,2008-T2,4817.1
Pontevedra,2008,3,2008-T3,7064.66
Pontevedra,2008,4,2008-T4,15567.19
Pontevedra,2009,1,2009-T1,8529.35
Pontevedra,2009,2,2009-T2,5727.04
Pontevedra,2009,3,2009-T3,12914.43
Pontevedra,2009,4,2009-T4,19918.23
Pontevedra,2010,1,2010-T1,17010.93
Pontevedra,2010,2,2010-T2,7861.34
Pontevedra,2010,3,2010-T3,4197.18
Pontevedra,2010,4,2010-T4,9873.93
Pontevedra,2011,1,2011-T1,2757.47
Pontevedra,2011,2,2011-T2,5054.29
Pontevedra,2011,3,2011-T3,4666.55
Pontevedra,2011,4,2011-T4,2936.69
Pontevedra,2012,1,2012-T1,1255.96
Pontevedra,2012,2,2012-T2,2456.41
Pontevedra,2012,3,2012-T3,993.0
Pontevedra,2012,4,2012-T4,6752.94
Pontevedra,2013,1,2013-T1,916.72
Pontevedra,2013,2,2013-T2,4131.23
Pontevedra,2013,3,2013-T3,2453.1
Pontevedra,2013,4,2013-T4,3232.88
Pontevedra,2014,1,2014-T1,1750.93
Pontevedra,2014,2,2014-T2,2224.53
Pontevedra,2014,3,2014-T3,3767.31
Pontevedra,2014,4,2014-T4,1469.97
Pontevedra,2015,1,2015-T1,2948.64
Pontevedra,2015,2,2015-T2,2867.92
Pontevedra,2015,3,2015-T3,5400.79
Pontevedra,2015,4,2015-T4,10274.28
Pontevedra,2016,1,2016-T1,2224.83
Pontevedra,2016,2,2016-T2,4536.29
Pontevedra,2016,3,2016-T3,1583.27
Pontevedra,2016,4,2016-T4,1020.28
Pontevedra,2017,1,2017-T1,2510.36
Pontevedra,2017,2,2017-T2,8583.55
Pontevedra,2017,3,2017-T3,2896.62
Pontevedra,2017,4,2017-T4,4162.37
Pontevedra,2018,1,2018-T1,6442.15
Pontevedra,2018,2,2018-T2,5390.09
Pontevedra,2018,3,2018-T3,4562.47
Pontevedra,2018,4,2018-T4,2763.39
Pontevedra,2019,1,2019-T1,6544.66
Pontevedra,2019,2,2019-T2,2162.06
Pontevedra,2019,3,2019-T3,3902.35
Pontevedra,2019,4,2019-T4,5784.82
Pontevedra,2020,1,2020-T1,1046.5
Pontevedra,2020,2,2020-T2,2381.32
Pontevedra,2020,3,2020-T3,1194.17
Pontevedra,2020,4,2020-T4,4604.97
Pontevedra,2021,1,2021-T1,5194.39
Pontevedra,2021,2,2021-T2,14609.37
Pontevedra,2021,3,2021-T3,2919.35
Pontevedra,2021,4,2021-T4,3596.32
Pontevedra,2022,1,2022-T1,7949.09
Pontevedra,2022,2,2022-T2,3067.56
Pontevedra,2022,3,2022-T3,3074.36
Pontevedra,2022,4,2022-T4,3651.97
Pontevedra,2023,1,2023-T1,1878.1
Pontevedra,2023,2,2023-T2,4175.66
Pontevedra,2023,3,2023-T3,6370.46
Pontevedra,2023,4,2023-T4,1495.16
Pontevedra,2024,1,2024-T1,2007.4
Pontevedra,2024,2,2024-T2,3282.47
Pontevedra,2024,3,2024-T3,2951.68
Pontevedra,2024,4,2024-T4,3640.67
Pontevedra,2025,1,2025-T1,4912.32
Pontevedra,2025,2,2025-T2,4203.5
Pontevedra,2025,3,2025-T3,6387.27
Pontevedra,2025,4,2025-T4,5522.61
Pontevedra,2026,1,2026-T1,6474.32
Salamanca,2004,1,2004-T1,18112.7
Salamanca,2004,2,2004-T2,30605.6
Salamanca,2004,3,2004-T3,16229.0
Salamanca,2004,4,2004-T4,26271.7
Salamanca,2005,1,2005-T1,8121.1
Salamanca,2005,2,2005-T2,9197.7
Salamanca,2005,3,2005-T3,18174.4
Salamanca,2005,4,2005-T4,5169.8
Salamanca,2006,1,2006-T1,4253.9
Salamanca,2006,2,2006-T2,6656.8
Salamanca,2006,3,2006-T3,6177.2
Salamanca,2006,4,2006-T4,46113.7
Salamanca,2007,1,2007-T1,93134.3
Salamanca,2007,2,2007-T2,8840.3
Salamanca,2007,3,2007-T3,27271.46014
Salamanca,2007,4,2007-T4,4255.2
Salamanca,2008,1,2008-T1,17887.6
Salamanca,2008,2,2008-T2,32730.7
Salamanca,2008,3,2008-T3,29104.63
Salamanca,2008,4,2008-T4,24633.98
Salamanca,2009,1,2009-T1,17330.58
Salamanca,2009,2,2009-T2,18238.19
Salamanca,2009,3,2009-T3,2536.61
Salamanca,2009,4,2009-T4,3815.0
Salamanca,2010,1,2010-T1,4588.04
Salamanca,2010,2,2010-T2,11766.9
Salamanca,2010,3,2010-T3,8837.78
Salamanca,2010,4,2010-T4,8410.21
Salamanca,2011,1,2011-T1,3358.45
Salamanca,2011,2,2011-T2,3643.61
Salamanca,2011,3,2011-T3,5241.5
Salamanca,2011,4,2011-T4,7123.59
Salamanca,2012,1,2012-T1,1816.62
Salamanca,2012,2,2012-T2,880.25
Salamanca,2012,3,2012-T3,5468.35
Salamanca,2012,4,2012-T4,1029.77
Salamanca,2013,1,2013-T1,545.52
Salamanca,2013,2,2013-T2,6664.48
Salamanca,2013,3,2013-T3,1435.1
Salamanca,2013,4,2013-T4,1126.95
Salamanca,2014,1,2014-T1,747.2
Salamanca,2014,2,2014-T2,1275.15
Salamanca,2014,3,2014-T3,873.62
Salamanca,2014,4,2014-T4,911.07
Salamanca,2015,1,2015-T1,1808.21
Salamanca,2015,2,2015-T2,3083.85
Salamanca,2015,3,2015-T3,3791.74
Salamanca,2015,4,2015-T4,2809.06
Salamanca,2016,1,2016-T1,1437.87
Salamanca,2016,2,2016-T2,2224.08
Salamanca,2016,3,2016-T3,550.81
Salamanca,2016,4,2016-T4,1559.81
Salamanca,2017,1,2017-T1,1198.75
Salamanca,2017,2,2017-T2,3475.05
Salamanca,2017,3,2017-T3,5522.75
Salamanca,2017,4,2017-T4,1672.2
Salamanca,2018,1,2018-T1,1502.37
Salamanca,2018,2,2018-T2,3725.78
Salamanca,2018,3,2018-T3,1891.67
Salamanca,2018,4,2018-T4,1168.2
Salamanca,2019,1,2019-T1,1863.91
Salamanca,2019,2,2019-T2,1387.39
Salamanca,2019,3,2019-T3,2229.09
Salamanca,2019,4,2019-T4,2518.17
Salamanca,2020,1,2020-T1,1093.71
Salamanca,2020,2,2020-T2,1373.88
Salamanca,2020,3,2020-T3,3624.51
Salamanca,2020,4,2020-T4,3140.29
Salamanca,2021,1,2021-T1,2012.25
Salamanca,2021,2,2021-T2,4288.88
Salamanca,2021,3,2021-T3,4400.97
Salamanca,2021,4,2021-T4,3418.74
Salamanca,2022,1,2022-T1,2351.64
Salamanca,2022,2,2022-T2,2029.82
Salamanca,2022,3,2022-T3,4184.78
Salamanca,2022,4,2022-T4,2312.27
Salamanca,2023,1,2023-T1,7727.55
Salamanca,2023,2,2023-T2,1907.69
Salamanca,2023,3,2023-T3,1978.48
Salamanca,2023,4,2023-T4,3528.59
Salamanca,2024,1,2024-T1,3748.63
Salamanca,2024,2,2024-T2,2215.89
Salamanca,2024,3,2024-T3,6354.98
Salamanca,2024,4,2024-T4,4717.85
Salamanca,2025,1,2025-T1,2441.15
Salamanca,2025,2,2025-T2,3872.11
Salamanca,2025,3,2025-T3,10424.61
Salamanca,2025,4,2025-T4,5100.9
Salamanca,2026,1,2026-T1,3345.35
Santa Cruz de Tenerife,2004,1,2004-T1,82696.9
Santa Cruz de Tenerife,2004,2,2004-T2,51065.3
Santa Cruz de Tenerife,2004,3,2004-T3,79085.2
Santa Cruz de Tenerife,2004,4,2004-T4,65780.5
Santa Cruz de Tenerife,2005,1,2005-T1,80681.7
Santa Cruz de Tenerife,2005,2,2005-T2,106544.3
Santa Cruz de Tenerife,2005,3,2005-T3,95830.1
Santa Cruz de Tenerife,2005,4,2005-T4,41965.9
Santa Cruz de Tenerife,2006,1,2006-T1,89090.0
Santa Cruz de Tenerife,2006,2,2006-T2,51320.8
Santa Cruz de Tenerife,2006,3,2006-T3,135524.1
Santa Cruz de Tenerife,2006,4,2006-T4,147834.7
Santa Cruz de Tenerife,2007,1,2007-T1,97138.0
Santa Cruz de Tenerife,2007,2,2007-T2,50296.2
Santa Cruz de Tenerife,2007,3,2007-T3,32013.35571
Santa Cruz de Tenerife,2007,4,2007-T4,43663.1
Santa Cruz de Tenerife,2008,1,2008-T1,24946.9
Santa Cruz de Tenerife,2008,2,2008-T2,59957.9
Santa Cruz de Tenerife,2008,3,2008-T3,83135.82
Santa Cruz de Tenerife,2008,4,2008-T4,29047.46
Santa Cruz de Tenerife,2009,1,2009-T1,45248.76
Santa Cruz de Tenerife,2009,2,2009-T2,16343.42
Santa Cruz de Tenerife,2009,3,2009-T3,17418.22
Santa Cruz de Tenerife,2009,4,2009-T4,16505.27
Santa Cruz de Tenerife,2010,1,2010-T1,6031.62
Santa Cruz de Tenerife,2010,2,2010-T2,16356.85
Santa Cruz de Tenerife,2010,3,2010-T3,23267.23
Santa Cruz de Tenerife,2010,4,2010-T4,16780.17
Santa Cruz de Tenerife,2011,1,2011-T1,8705.8
Santa Cruz de Tenerife,2011,2,2011-T2,23048.62
Santa Cruz de Tenerife,2011,3,2011-T3,11437.49
Santa Cruz de Tenerife,2011,4,2011-T4,4028.07
Santa Cruz de Tenerife,2012,1,2012-T1,23748.06
Santa Cruz de Tenerife,2012,2,2012-T2,4971.99
Santa Cruz de Tenerife,2012,3,2012-T3,3742.05
Santa Cruz de Tenerife,2012,4,2012-T4,9183.06
Santa Cruz de Tenerife,2013,1,2013-T1,3450.69
Santa Cruz de Tenerife,2013,2,2013-T2,6873.66
Santa Cruz de Tenerife,2013,3,2013-T3,14608.18
Santa Cruz de Tenerife,2013,4,2013-T4,9382.16
Santa Cruz de Tenerife,2014,1,2014-T1,4354.49
Santa Cruz de Tenerife,2014,2,2014-T2,9756.44
Santa Cruz de Tenerife,2014,3,2014-T3,13073.24
Santa Cruz de Tenerife,2014,4,2014-T4,15539.07
Santa Cruz de Tenerife,2015,1,2015-T1,8971.37
Santa Cruz de Tenerife,2015,2,2015-T2,6230.29
Santa Cruz de Tenerife,2015,3,2015-T3,4363.57
Santa Cruz de Tenerife,2015,4,2015-T4,7015.29
Santa Cruz de Tenerife,2016,1,2016-T1,20739.89
Santa Cruz de Tenerife,2016,2,2016-T2,13213.4
Santa Cruz de Tenerife,2016,3,2016-T3,13461.94
Santa Cruz de Tenerife,2016,4,2016-T4,8553.19
Santa Cruz de Tenerife,2017,1,2017-T1,19794.3
Santa Cruz de Tenerife,2017,2,2017-T2,9568.7
Santa Cruz de Tenerife,2017,3,2017-T3,15193.22
Santa Cruz de Tenerife,2017,4,2017-T4,14474.37
Santa Cruz de Tenerife,2018,1,2018-T1,15882.71
Santa Cruz de Tenerife,2018,2,2018-T2,18259.33
Santa Cruz de Tenerife,2018,3,2018-T3,15988.13
Santa Cruz de Tenerife,2018,4,2018-T4,22045.62
Santa Cruz de Tenerife,2019,1,2019-T1,6067.06
Santa Cruz de Tenerife,2019,2,2019-T2,10189.96
Santa Cruz de Tenerife,2019,3,2019-T3,7341.39
Santa Cruz de Tenerife,2019,4,2019-T4,23056.54
Santa Cruz de Tenerife,2020,1,2020-T1,10056.92
Santa Cruz de Tenerife,2020,2,2020-T2,3966.19
Santa Cruz de Tenerife,2020,3,2020-T3,7235.24
Santa Cruz de Tenerife,2020,4,2020-T4,8329.33
Santa Cruz de Tenerife,2021,1,2021-T1,5727.22
Santa Cruz de Tenerife,2021,2,2021-T2,23020.11
Santa Cruz de Tenerife,2021,3,2021-T3,9811.17
Santa Cruz de Tenerife,2021,4,2021-T4,13340.39
Santa Cruz de Tenerife,2022,1,2022-T1,18348.01
Santa Cruz de Tenerife,2022,2,2022-T2,20929.32
Santa Cruz de Tenerife,2022,3,2022-T3,16041.7
Santa Cruz de Tenerife,2022,4,2022-T4,42070.8
Santa Cruz de Tenerife,2023,1,2023-T1,33524.52
Santa Cruz de Tenerife,2023,2,2023-T2,14819.28
Santa Cruz de Tenerife,2023,3,2023-T3,16707.95
Santa Cruz de Tenerife,2023,4,2023-T4,14770.0
Santa Cruz de Tenerife,2024,1,2024-T1,61194.2
Santa Cruz de Tenerife,2024,2,2024-T2,22502.46
Santa Cruz de Tenerife,2024,3,2024-T3,12625.69
Santa Cruz de Tenerife,2024,4,2024-T4,8694.52
Santa Cruz de Tenerife,2025,1,2025-T1,9407.82
Santa Cruz de Tenerife,2025,2,2025-T2,11648.76
Santa Cruz de Tenerife,2025,3,2025-T3,9724.75
Santa Cruz de Tenerife,2025,4,2025-T4,18056.17
Santa Cruz de Tenerife,2026,1,2026-T1,9277.04
Segovia,2004,1,2004-T1,13753.7
Segovia,2004,2,2004-T2,15681.7
Segovia,2004,3,2004-T3,30190.4
Segovia,2004,4,2004-T4,46795.2
Segovia,2005,1,2005-T1,24096.0
Segovia,2005,2,2005-T2,22317.8
Segovia,2005,3,2005-T3,13598.2
Segovia,2005,4,2005-T4,20590.7
Segovia,2006,1,2006-T1,34968.5
Segovia,2006,2,2006-T2,27276.5
Segovia,2006,3,2006-T3,17527.3
Segovia,2006,4,2006-T4,16475.6
Segovia,2007,1,2007-T1,20155.5
Segovia,2007,2,2007-T2,23406.4
Segovia,2007,3,2007-T3,8374.96722
Segovia,2007,4,2007-T4,7449.2
Segovia,2008,1,2008-T1,6904.3
Segovia,2008,2,2008-T2,7311.9
Segovia,2008,3,2008-T3,22880.5
Segovia,2008,4,2008-T4,14570.37
Segovia,2009,1,2009-T1,4410.47
Segovia,2009,2,2009-T2,7059.76
Segovia,2009,3,2009-T3,6282.69
Segovia,2009,4,2009-T4,2192.56
Segovia,2010,1,2010-T1,2165.33
Segovia,2010,2,2010-T2,4785.26
Segovia,2010,3,2010-T3,2934.6
Segovia,2010,4,2010-T4,2639.46
Segovia,2011,1,2011-T1,1523.46
Segovia,2011,2,2011-T2,2475.59
Segovia,2011,3,2011-T3,3866.4
Segovia,2011,4,2011-T4,4917.22
Segovia,2012,1,2012-T1,1648.62
Segovia,2012,2,2012-T2,4293.92
Segovia,2012,3,2012-T3,2974.11
Segovia,2012,4,2012-T4,4039.28
Segovia,2013,1,2013-T1,701.99
Segovia,2013,2,2013-T2,890.8
Segovia,2013,3,2013-T3,972.59
Segovia,2013,4,2013-T4,897.43
Segovia,2014,1,2014-T1,892.21
Segovia,2014,2,2014-T2,2543.01
Segovia,2014,3,2014-T3,2225.34
Segovia,2014,4,2014-T4,5780.52
Segovia,2015,1,2015-T1,716.64
Segovia,2015,2,2015-T2,1230.68
Segovia,2015,3,2015-T3,1427.91
Segovia,2015,4,2015-T4,1013.8
Segovia,2016,1,2016-T1,973.61
Segovia,2016,2,2016-T2,1690.61
Segovia,2016,3,2016-T3,446.71
Segovia,2016,4,2016-T4,1208.11
Segovia,2017,1,2017-T1,1635.89
Segovia,2017,2,2017-T2,2666.36
Segovia,2017,3,2017-T3,2489.62
Segovia,2017,4,2017-T4,4034.16
Segovia,2018,1,2018-T1,1526.1
Segovia,2018,2,2018-T2,1769.6
Segovia,2018,3,2018-T3,4548.21
Segovia,2018,4,2018-T4,2919.26
Segovia,2019,1,2019-T1,3046.83
Segovia,2019,2,2019-T2,1420.06
Segovia,2019,3,2019-T3,4336.85
Segovia,2019,4,2019-T4,4300.29
Segovia,2020,1,2020-T1,1102.15
Segovia,2020,2,2020-T2,1932.41
Segovia,2020,3,2020-T3,1479.08
Segovia,2020,4,2020-T4,3714.77
Segovia,2021,1,2021-T1,3093.21
Segovia,2021,2,2021-T2,5379.17
Segovia,2021,3,2021-T3,3305.37
Segovia,2021,4,2021-T4,4350.96
Segovia,2022,1,2022-T1,7930.47
Segovia,2022,2,2022-T2,2708.18
Segovia,2022,3,2022-T3,2159.26
Segovia,2022,4,2022-T4,4118.24
Segovia,2023,1,2023-T1,1606.08
Segovia,2023,2,2023-T2,3614.27
Segovia,2023,3,2023-T3,1050.17
Segovia,2023,4,2023-T4,4606.46
Segovia,2024,1,2024-T1,7541.95
Segovia,2024,2,2024-T2,2222.05
Segovia,2024,3,2024-T3,2905.08
Segovia,2024,4,2024-T4,2342.14
Segovia,2025,1,2025-T1,3917.06
Segovia,2025,2,2025-T2,4183.5
Segovia,2025,3,2025-T3,7991.33
Segovia,2025,4,2025-T4,5727.14
Segovia,2026,1,2026-T1,5291.44
Sevilla,2004,1,2004-T1,156352.6
Sevilla,2004,2,2004-T2,141981.9
Sevilla,2004,3,2004-T3,171826.5
Sevilla,2004,4,2004-T4,321493.9
Sevilla,2005,1,2005-T1,148227.8
Sevilla,2005,2,2005-T2,209747.8
Sevilla,2005,3,2005-T3,258150.2
Sevilla,2005,4,2005-T4,136435.3
Sevilla,2006,1,2006-T1,124911.5
Sevilla,2006,2,2006-T2,92921.0
Sevilla,2006,3,2006-T3,127083.0
Sevilla,2006,4,2006-T4,145761.6
Sevilla,2007,1,2007-T1,185539.6
Sevilla,2007,2,2007-T2,169573.4
Sevilla,2007,3,2007-T3,186659.78407
Sevilla,2007,4,2007-T4,126616.4
Sevilla,2008,1,2008-T1,77318.4
Sevilla,2008,2,2008-T2,74760.1
Sevilla,2008,3,2008-T3,92966.81
Sevilla,2008,4,2008-T4,68252.22
Sevilla,2009,1,2009-T1,69409.31
Sevilla,2009,2,2009-T2,50946.66
Sevilla,2009,3,2009-T3,29782.19
Sevilla,2009,4,2009-T4,54720.77
Sevilla,2010,1,2010-T1,20959.17
Sevilla,2010,2,2010-T2,40434.34
Sevilla,2010,3,2010-T3,63930.48
Sevilla,2010,4,2010-T4,23812.48
Sevilla,2011,1,2011-T1,28952.97
Sevilla,2011,2,2011-T2,57361.31
Sevilla,2011,3,2011-T3,81418.37
Sevilla,2011,4,2011-T4,38552.84
Sevilla,2012,1,2012-T1,16071.6
Sevilla,2012,2,2012-T2,9006.06
Sevilla,2012,3,2012-T3,27471.94
Sevilla,2012,4,2012-T4,25097.51
Sevilla,2013,1,2013-T1,15400.29
Sevilla,2013,2,2013-T2,19405.84
Sevilla,2013,3,2013-T3,27500.5
Sevilla,2013,4,2013-T4,24407.47
Sevilla,2014,1,2014-T1,25859.76
Sevilla,2014,2,2014-T2,21959.41
Sevilla,2014,3,2014-T3,28756.47
Sevilla,2014,4,2014-T4,34387.03
Sevilla,2015,1,2015-T1,12491.19
Sevilla,2015,2,2015-T2,14918.63
Sevilla,2015,3,2015-T3,41553.3
Sevilla,2015,4,2015-T4,12029.78
Sevilla,2016,1,2016-T1,63090.94
Sevilla,2016,2,2016-T2,22529.6
Sevilla,2016,3,2016-T3,16869.05
Sevilla,2016,4,2016-T4,18339.63
Sevilla,2017,1,2017-T1,17649.09
Sevilla,2017,2,2017-T2,24934.57
Sevilla,2017,3,2017-T3,42971.7
Sevilla,2017,4,2017-T4,39547.17
Sevilla,2018,1,2018-T1,15599.86
Sevilla,2018,2,2018-T2,51123.76
Sevilla,2018,3,2018-T3,14790.12
Sevilla,2018,4,2018-T4,26349.55
Sevilla,2019,1,2019-T1,27615.57
Sevilla,2019,2,2019-T2,42924.12
Sevilla,2019,3,2019-T3,14139.82
Sevilla,2019,4,2019-T4,18366.13
Sevilla,2020,1,2020-T1,9470.26
Sevilla,2020,2,2020-T2,11447.49
Sevilla,2020,3,2020-T3,14106.85
Sevilla,2020,4,2020-T4,34667.09
Sevilla,2021,1,2021-T1,46371.17
Sevilla,2021,2,2021-T2,54961.54
Sevilla,2021,3,2021-T3,38859.1
Sevilla,2021,4,2021-T4,45452.98
Sevilla,2022,1,2022-T1,67929.85
Sevilla,2022,2,2022-T2,29801.96
Sevilla,2022,3,2022-T3,16315.77
Sevilla,2022,4,2022-T4,32349.68
Sevilla,2023,1,2023-T1,37584.86
Sevilla,2023,2,2023-T2,43209.08
Sevilla,2023,3,2023-T3,24233.89
Sevilla,2023,4,2023-T4,33806.14
Sevilla,2024,1,2024-T1,50636.2
Sevilla,2024,2,2024-T2,22775.39
Sevilla,2024,3,2024-T3,26077.21
Sevilla,2024,4,2024-T4,26445.98
Sevilla,2025,1,2025-T1,32610.0
Sevilla,2025,2,2025-T2,38126.74
Sevilla,2025,3,2025-T3,31112.1
Sevilla,2025,4,2025-T4,103446.34
Sevilla,2026,1,2026-T1,25364.32
Soria,2004,1,2004-T1,2181.2
Soria,2004,2,2004-T2,3100.4
Soria,2004,3,2004-T3,7985.3
Soria,2004,4,2004-T4,4783.6
Soria,2005,1,2005-T1,7167.6
Soria,2005,2,2005-T2,5630.8
Soria,2005,3,2005-T3,1651.5
Soria,2005,4,2005-T4,8851.5
Soria,2006,1,2006-T1,2355.4
Soria,2006,2,2006-T2,6761.8
Soria,2006,3,2006-T3,5827.0
Soria,2006,4,2006-T4,4289.1
Soria,2007,1,2007-T1,1992.2
Soria,2007,2,2007-T2,9027.9
Soria,2007,3,2007-T3,3388.6188199999997
Soria,2007,4,2007-T4,8992.8
Soria,2008,1,2008-T1,3603.7
Soria,2008,2,2008-T2,6482.4
Soria,2008,3,2008-T3,3134.41
Soria,2008,4,2008-T4,1239.04
Soria,2009,1,2009-T1,5321.77
Soria,2009,2,2009-T2,4298.62
Soria,2009,3,2009-T3,3414.78
Soria,2009,4,2009-T4,2386.5
Soria,2010,1,2010-T1,2134.69
Soria,2010,2,2010-T2,1873.54
Soria,2010,3,2010-T3,2950.14
Soria,2010,4,2010-T4,5552.17
Soria,2011,1,2011-T1,2095.18
Soria,2011,2,2011-T2,1060.21
Soria,2011,3,2011-T3,1338.52
Soria,2011,4,2011-T4,3736.81
Soria,2012,1,2012-T1,126.16
Soria,2012,2,2012-T2,1968.59
Soria,2012,3,2012-T3,4300.74
Soria,2012,4,2012-T4,489.73
Soria,2013,1,2013-T1,569.13
Soria,2013,2,2013-T2,78.85
Soria,2013,3,2013-T3,411.27
Soria,2013,4,2013-T4,963.63
Soria,2014,1,2014-T1,158.13
Soria,2014,2,2014-T2,2428.88
Soria,2014,3,2014-T3,1421.9
Soria,2014,4,2014-T4,2023.36
Soria,2015,1,2015-T1,855.68
Soria,2015,2,2015-T2,661.69
Soria,2015,3,2015-T3,1298.7
Soria,2015,4,2015-T4,410.6
Soria,2016,1,2016-T1,1659.13
Soria,2016,2,2016-T2,290.6
Soria,2016,3,2016-T3,88.4
Soria,2016,4,2016-T4,595.35
Soria,2017,1,2017-T1,377.78
Soria,2017,2,2017-T2,524.13
Soria,2017,3,2017-T3,4180.02
Soria,2017,4,2017-T4,877.3
Soria,2018,1,2018-T1,166.48
Soria,2018,2,2018-T2,241.62
Soria,2018,3,2018-T3,282.5
Soria,2018,4,2018-T4,386.46
Soria,2019,1,2019-T1,434.83
Soria,2019,2,2019-T2,329.57
Soria,2019,3,2019-T3,404.99
Soria,2019,4,2019-T4,850.4
Soria,2020,1,2020-T1,21.51
Soria,2020,2,2020-T2,728.5
Soria,2020,3,2020-T3,258.08
Soria,2020,4,2020-T4,716.32
Soria,2021,1,2021-T1,445.45
Soria,2021,2,2021-T2,1596.53
Soria,2021,3,2021-T3,1923.15
Soria,2021,4,2021-T4,1609.91
Soria,2022,1,2022-T1,2042.97
Soria,2022,2,2022-T2,1005.19
Soria,2022,3,2022-T3,572.74
Soria,2022,4,2022-T4,1256.6
Soria,2023,1,2023-T1,314.61
Soria,2023,2,2023-T2,679.8
Soria,2023,3,2023-T3,573.1
Soria,2023,4,2023-T4,863.47
Soria,2024,1,2024-T1,1496.18
Soria,2024,2,2024-T2,1658.15
Soria,2024,3,2024-T3,2485.21
Soria,2024,4,2024-T4,187.5
Soria,2025,1,2025-T1,655.74
Soria,2025,2,2025-T2,2533.93
Soria,2025,3,2025-T3,2484.37
Soria,2025,4,2025-T4,2737.11
Soria,2026,1,2026-T1,394.72
Tarragona,2004,1,2004-T1,145207.3
Tarragona,2004,2,2004-T2,131575.9
Tarragona,2004,3,2004-T3,118725.6
Tarragona,2004,4,2004-T4,170846.2
Tarragona,2005,1,2005-T1,175434.4
Tarragona,2005,2,2005-T2,201457.7
Tarragona,2005,3,2005-T3,227417.8
Tarragona,2005,4,2005-T4,97669.1
Tarragona,2006,1,2006-T1,93759.5
Tarragona,2006,2,2006-T2,83351.7
Tarragona,2006,3,2006-T3,72223.5
Tarragona,2006,4,2006-T4,121398.5
Tarragona,2007,1,2007-T1,169146.9
Tarragona,2007,2,2007-T2,131488.9
Tarragona,2007,3,2007-T3,51938.96106
Tarragona,2007,4,2007-T4,55323.5
Tarragona,2008,1,2008-T1,449385.3
Tarragona,2008,2,2008-T2,45587.0
Tarragona,2008,3,2008-T3,62046.23
Tarragona,2008,4,2008-T4,98792.15
Tarragona,2009,1,2009-T1,39474.96
Tarragona,2009,2,2009-T2,50010.14
Tarragona,2009,3,2009-T3,29236.49
Tarragona,2009,4,2009-T4,20823.04
Tarragona,2010,1,2010-T1,32840.65
Tarragona,2010,2,2010-T2,16200.1
Tarragona,2010,3,2010-T3,6946.59
Tarragona,2010,4,2010-T4,22393.1
Tarragona,2011,1,2011-T1,11935.6
Tarragona,2011,2,2011-T2,20971.74
Tarragona,2011,3,2011-T3,5510.37
Tarragona,2011,4,2011-T4,17284.73
Tarragona,2012,1,2012-T1,12530.56
Tarragona,2012,2,2012-T2,9900.17
Tarragona,2012,3,2012-T3,18300.57
Tarragona,2012,4,2012-T4,8337.38
Tarragona,2013,1,2013-T1,5995.64
Tarragona,2013,2,2013-T2,8555.44
Tarragona,2013,3,2013-T3,12204.89
Tarragona,2013,4,2013-T4,23079.56
Tarragona,2014,1,2014-T1,7103.02
Tarragona,2014,2,2014-T2,26079.08
Tarragona,2014,3,2014-T3,8260.94
Tarragona,2014,4,2014-T4,19891.93
Tarragona,2015,1,2015-T1,9545.0
Tarragona,2015,2,2015-T2,8654.04
Tarragona,2015,3,2015-T3,21609.8
Tarragona,2015,4,2015-T4,12263.34
Tarragona,2016,1,2016-T1,10571.21
Tarragona,2016,2,2016-T2,5859.38
Tarragona,2016,3,2016-T3,5372.78
Tarragona,2016,4,2016-T4,6789.13
Tarragona,2017,1,2017-T1,12828.52
Tarragona,2017,2,2017-T2,9764.65
Tarragona,2017,3,2017-T3,7691.5
Tarragona,2017,4,2017-T4,7544.67
Tarragona,2018,1,2018-T1,11836.19
Tarragona,2018,2,2018-T2,11901.55
Tarragona,2018,3,2018-T3,20560.57
Tarragona,2018,4,2018-T4,8690.3
Tarragona,2019,1,2019-T1,12710.95
Tarragona,2019,2,2019-T2,4716.12
Tarragona,2019,3,2019-T3,11303.19
Tarragona,2019,4,2019-T4,18313.42
Tarragona,2020,1,2020-T1,3013.44
Tarragona,2020,2,2020-T2,2964.54
Tarragona,2020,3,2020-T3,21061.11
Tarragona,2020,4,2020-T4,11268.22
Tarragona,2021,1,2021-T1,26694.23
Tarragona,2021,2,2021-T2,23286.95
Tarragona,2021,3,2021-T3,21670.12
Tarragona,2021,4,2021-T4,23641.0
Tarragona,2022,1,2022-T1,28459.33
Tarragona,2022,2,2022-T2,14867.14
Tarragona,2022,3,2022-T3,31155.2
Tarragona,2022,4,2022-T4,23717.89
Tarragona,2023,1,2023-T1,12682.35
Tarragona,2023,2,2023-T2,27055.41
Tarragona,2023,3,2023-T3,9791.68
Tarragona,2023,4,2023-T4,24643.84
Tarragona,2024,1,2024-T1,17273.96
Tarragona,2024,2,2024-T2,11767.01
Tarragona,2024,3,2024-T3,16075.41
Tarragona,2024,4,2024-T4,17667.97
Tarragona,2025,1,2025-T1,25324.15
Tarragona,2025,2,2025-T2,18076.02
Tarragona,2025,3,2025-T3,21433.63
Tarragona,2025,4,2025-T4,34466.09
Tarragona,2026,1,2026-T1,29881.53
Teruel,2004,1,2004-T1,2199.7
Teruel,2004,2,2004-T2,1787.4
Teruel,2004,3,2004-T3,1745.4
Teruel,2004,4,2004-T4,4002.4
Teruel,2005,1,2005-T1,4404.6
Teruel,2005,2,2005-T2,5884.5
Teruel,2005,3,2005-T3,1578.7
Teruel,2005,4,2005-T4,1730.0
Teruel,2006,1,2006-T1,2610.0
Teruel,2006,2,2006-T2,1536.2
Teruel,2006,3,2006-T3,3746.3
Teruel,2006,4,2006-T4,3865.2
Teruel,2007,1,2007-T1,1804.3
Teruel,2007,2,2007-T2,3600.0
Teruel,2007,3,2007-T3,3073.95602
Teruel,2007,4,2007-T4,7631.8
Teruel,2008,1,2008-T1,10828.7
Teruel,2008,2,2008-T2,4469.6
Teruel,2008,3,2008-T3,5561.69
Teruel,2008,4,2008-T4,14823.31
Teruel,2009,1,2009-T1,1368.24
Teruel,2009,2,2009-T2,4152.98
Teruel,2009,3,2009-T3,652.32
Teruel,2009,4,2009-T4,2116.69
Teruel,2010,1,2010-T1,1077.01
Teruel,2010,2,2010-T2,3794.47
Teruel,2010,3,2010-T3,412.35
Teruel,2010,4,2010-T4,215.15
Teruel,2011,1,2011-T1,2142.09
Teruel,2011,2,2011-T2,783.98
Teruel,2011,3,2011-T3,461.41
Teruel,2011,4,2011-T4,842.27
Teruel,2012,1,2012-T1,603.34
Teruel,2012,2,2012-T2,130.66
Teruel,2012,3,2012-T3,253.22
Teruel,2012,4,2012-T4,864.1
Teruel,2013,1,2013-T1,276.81
Teruel,2013,2,2013-T2,569.16
Teruel,2013,3,2013-T3,346.53
Teruel,2013,4,2013-T4,682.47
Teruel,2014,1,2014-T1,266.62
Teruel,2014,2,2014-T2,286.36
Teruel,2014,3,2014-T3,1095.34
Teruel,2014,4,2014-T4,572.63
Teruel,2015,1,2015-T1,32.24
Teruel,2015,2,2015-T2,346.3
Teruel,2015,3,2015-T3,470.18
Teruel,2015,4,2015-T4,353.1
Teruel,2016,1,2016-T1,390.62
Teruel,2016,2,2016-T2,1418.03
Teruel,2016,3,2016-T3,294.0
Teruel,2016,4,2016-T4,203.04
Teruel,2017,1,2017-T1,673.96
Teruel,2017,2,2017-T2,282.83
Teruel,2017,3,2017-T3,340.36
Teruel,2017,4,2017-T4,594.9
Teruel,2018,1,2018-T1,799.65
Teruel,2018,2,2018-T2,498.43
Teruel,2018,3,2018-T3,315.46
Teruel,2018,4,2018-T4,2388.8
Teruel,2019,1,2019-T1,227.8
Teruel,2019,2,2019-T2,1677.17
Teruel,2019,3,2019-T3,776.92
Teruel,2019,4,2019-T4,162.83
Teruel,2020,1,2020-T1,91.83
Teruel,2020,2,2020-T2,351.89
Teruel,2020,3,2020-T3,1052.39
Teruel,2020,4,2020-T4,1193.14
Teruel,2021,1,2021-T1,571.7
Teruel,2021,2,2021-T2,793.3
Teruel,2021,3,2021-T3,330.67
Teruel,2021,4,2021-T4,873.25
Teruel,2022,1,2022-T1,621.63
Teruel,2022,2,2022-T2,1405.51
Teruel,2022,3,2022-T3,1578.82
Teruel,2022,4,2022-T4,1005.64
Teruel,2023,1,2023-T1,2205.45
Teruel,2023,2,2023-T2,1116.3
Teruel,2023,3,2023-T3,399.04
Teruel,2023,4,2023-T4,358.0
Teruel,2024,1,2024-T1,174.45
Teruel,2024,2,2024-T2,541.11
Teruel,2024,3,2024-T3,395.71
Teruel,2024,4,2024-T4,175.35
Teruel,2025,1,2025-T1,716.03
Teruel,2025,2,2025-T2,5586.21
Teruel,2025,3,2025-T3,898.9
Teruel,2025,4,2025-T4,1141.78
Teruel,2026,1,2026-T1,1524.5
Toledo,2004,1,2004-T1,69724.8
Toledo,2004,2,2004-T2,175263.3
Toledo,2004,3,2004-T3,62995.3
Toledo,2004,4,2004-T4,85074.0
Toledo,2005,1,2005-T1,107868.9
Toledo,2005,2,2005-T2,88553.4
Toledo,2005,3,2005-T3,114274.4
Toledo,2005,4,2005-T4,135576.6
Toledo,2006,1,2006-T1,73753.6
Toledo,2006,2,2006-T2,109170.6
Toledo,2006,3,2006-T3,73307.3
Toledo,2006,4,2006-T4,104568.1
Toledo,2007,1,2007-T1,164937.7
Toledo,2007,2,2007-T2,171641.8
Toledo,2007,3,2007-T3,149873.89367
Toledo,2007,4,2007-T4,129071.4
Toledo,2008,1,2008-T1,197271.6
Toledo,2008,2,2008-T2,85462.1
Toledo,2008,3,2008-T3,68099.04
Toledo,2008,4,2008-T4,137085.23
Toledo,2009,1,2009-T1,27164.25
Toledo,2009,2,2009-T2,215535.08
Toledo,2009,3,2009-T3,27056.19
Toledo,2009,4,2009-T4,38365.75
Toledo,2010,1,2010-T1,21325.24
Toledo,2010,2,2010-T2,44490.38
Toledo,2010,3,2010-T3,17486.99
Toledo,2010,4,2010-T4,26934.73
Toledo,2011,1,2011-T1,40722.3
Toledo,2011,2,2011-T2,24344.17
Toledo,2011,3,2011-T3,19035.87
Toledo,2011,4,2011-T4,24409.97
Toledo,2012,1,2012-T1,15051.91
Toledo,2012,2,2012-T2,12265.62
Toledo,2012,3,2012-T3,8537.83
Toledo,2012,4,2012-T4,4717.98
Toledo,2013,1,2013-T1,23125.93
Toledo,2013,2,2013-T2,9862.5
Toledo,2013,3,2013-T3,12567.24
Toledo,2013,4,2013-T4,8490.27
Toledo,2014,1,2014-T1,5387.78
Toledo,2014,2,2014-T2,7473.1
Toledo,2014,3,2014-T3,3868.13
Toledo,2014,4,2014-T4,6487.12
Toledo,2015,1,2015-T1,9821.01
Toledo,2015,2,2015-T2,10659.56
Toledo,2015,3,2015-T3,9168.12
Toledo,2015,4,2015-T4,8917.55
Toledo,2016,1,2016-T1,4958.79
Toledo,2016,2,2016-T2,7295.0
Toledo,2016,3,2016-T3,11193.15
Toledo,2016,4,2016-T4,15767.25
Toledo,2017,1,2017-T1,9094.14
Toledo,2017,2,2017-T2,19200.74
Toledo,2017,3,2017-T3,10164.5
Toledo,2017,4,2017-T4,13977.29
Toledo,2018,1,2018-T1,11132.17
Toledo,2018,2,2018-T2,10486.94
Toledo,2018,3,2018-T3,19195.28
Toledo,2018,4,2018-T4,14079.53
Toledo,2019,1,2019-T1,20352.35
Toledo,2019,2,2019-T2,22440.4
Toledo,2019,3,2019-T3,7962.8
Toledo,2019,4,2019-T4,15806.62
Toledo,2020,1,2020-T1,15418.51
Toledo,2020,2,2020-T2,5504.88
Toledo,2020,3,2020-T3,77393.5
Toledo,2020,4,2020-T4,18397.33
Toledo,2021,1,2021-T1,21611.21
Toledo,2021,2,2021-T2,120550.5
Toledo,2021,3,2021-T3,30019.06
Toledo,2021,4,2021-T4,29161.85
Toledo,2022,1,2022-T1,26841.72
Toledo,2022,2,2022-T2,26851.61
Toledo,2022,3,2022-T3,20194.61
Toledo,2022,4,2022-T4,28935.44
Toledo,2023,1,2023-T1,23249.52
Toledo,2023,2,2023-T2,17483.26
Toledo,2023,3,2023-T3,11142.49
Toledo,2023,4,2023-T4,19068.86
Toledo,2024,1,2024-T1,14918.6
Toledo,2024,2,2024-T2,15539.65
Toledo,2024,3,2024-T3,26248.83
Toledo,2024,4,2024-T4,12844.51
Toledo,2025,1,2025-T1,17308.41
Toledo,2025,2,2025-T2,35521.23
Toledo,2025,3,2025-T3,20100.0
Toledo,2025,4,2025-T4,23408.51
Toledo,2026,1,2026-T1,25819.47
Valencia/València,2004,1,2004-T1,286402.2
Valencia/València,2004,2,2004-T2,281247.7
Valencia/València,2004,3,2004-T3,204787.7
Valencia/València,2004,4,2004-T4,293317.0
Valencia/València,2005,1,2005-T1,261586.1
Valencia/València,2005,2,2005-T2,306036.7
Valencia/València,2005,3,2005-T3,275026.8
Valencia/València,2005,4,2005-T4,214813.0
Valencia/València,2006,1,2006-T1,198073.7
Valencia/València,2006,2,2006-T2,186831.5
Valencia/València,2006,3,2006-T3,176674.3
Valencia/València,2006,4,2006-T4,219809.6
Valencia/València,2007,1,2007-T1,162365.5
Valencia/València,2007,2,2007-T2,229104.2
Valencia/València,2007,3,2007-T3,186131.00131999998
Valencia/València,2007,4,2007-T4,138246.0
Valencia/València,2008,1,2008-T1,143118.2
Valencia/València,2008,2,2008-T2,128688.9
Valencia/València,2008,3,2008-T3,57948.72
Valencia/València,2008,4,2008-T4,99048.7
Valencia/València,2009,1,2009-T1,42760.75
Valencia/València,2009,2,2009-T2,59680.52
Valencia/València,2009,3,2009-T3,65678.76
Valencia/València,2009,4,2009-T4,40018.05
Valencia/València,2010,1,2010-T1,32725.59
Valencia/València,2010,2,2010-T2,28161.2
Valencia/València,2010,3,2010-T3,30405.13
Valencia/València,2010,4,2010-T4,30453.95
Valencia/València,2011,1,2011-T1,24151.54
Valencia/València,2011,2,2011-T2,60983.06
Valencia/València,2011,3,2011-T3,30528.35
Valencia/València,2011,4,2011-T4,22942.59
Valencia/València,2012,1,2012-T1,25056.71
Valencia/València,2012,2,2012-T2,20279.45
Valencia/València,2012,3,2012-T3,28599.59
Valencia/València,2012,4,2012-T4,34945.45
Valencia/València,2013,1,2013-T1,29556.8
Valencia/València,2013,2,2013-T2,9514.87
Valencia/València,2013,3,2013-T3,19944.27
Valencia/València,2013,4,2013-T4,28699.05
Valencia/València,2014,1,2014-T1,10021.46
Valencia/València,2014,2,2014-T2,13151.06
Valencia/València,2014,3,2014-T3,19026.84
Valencia/València,2014,4,2014-T4,11169.11
Valencia/València,2015,1,2015-T1,23458.27
Valencia/València,2015,2,2015-T2,23906.93
Valencia/València,2015,3,2015-T3,11417.81
Valencia/València,2015,4,2015-T4,18773.01
Valencia/València,2016,1,2016-T1,13302.02
Valencia/València,2016,2,2016-T2,15165.31
Valencia/València,2016,3,2016-T3,24540.67
Valencia/València,2016,4,2016-T4,24675.93
Valencia/València,2017,1,2017-T1,22194.67
Valencia/València,2017,2,2017-T2,47896.62
Valencia/València,2017,3,2017-T3,20916.43
Valencia/València,2017,4,2017-T4,82542.9
Valencia/València,2018,1,2018-T1,30425.58
Valencia/València,2018,2,2018-T2,35639.83
Valencia/València,2018,3,2018-T3,85041.45
Valencia/València,2018,4,2018-T4,37924.97
Valencia/València,2019,1,2019-T1,103695.15
Valencia/València,2019,2,2019-T2,41596.06
Valencia/València,2019,3,2019-T3,45608.11
Valencia/València,2019,4,2019-T4,35737.97
Valencia/València,2020,1,2020-T1,27425.0
Valencia/València,2020,2,2020-T2,9357.1
Valencia/València,2020,3,2020-T3,17180.15
Valencia/València,2020,4,2020-T4,45163.17
Valencia/València,2021,1,2021-T1,31222.8
Valencia/València,2021,2,2021-T2,38715.1
Valencia/València,2021,3,2021-T3,33504.89
Valencia/València,2021,4,2021-T4,52785.67
Valencia/València,2022,1,2022-T1,37191.77
Valencia/València,2022,2,2022-T2,47281.98
Valencia/València,2022,3,2022-T3,34194.95
Valencia/València,2022,4,2022-T4,48656.77
Valencia/València,2023,1,2023-T1,43330.94
Valencia/València,2023,2,2023-T2,33896.45
Valencia/València,2023,3,2023-T3,28477.56
Valencia/València,2023,4,2023-T4,42965.51
Valencia/València,2024,1,2024-T1,43367.79
Valencia/València,2024,2,2024-T2,39957.5
Valencia/València,2024,3,2024-T3,45573.71
Valencia/València,2024,4,2024-T4,34223.19
Valencia/València,2025,1,2025-T1,59674.79
Valencia/València,2025,2,2025-T2,98689.01
Valencia/València,2025,3,2025-T3,85203.21
Valencia/València,2025,4,2025-T4,67511.0
Valencia/València,2026,1,2026-T1,142445.72
Valladolid,2004,1,2004-T1,34336.1
Valladolid,2004,2,2004-T2,43398.9
Valladolid,2004,3,2004-T3,24454.9
Valladolid,2004,4,2004-T4,59141.2
Valladolid,2005,1,2005-T1,19733.2
Valladolid,2005,2,2005-T2,29874.6
Valladolid,2005,3,2005-T3,62608.4
Valladolid,2005,4,2005-T4,17671.1
Valladolid,2006,1,2006-T1,9788.0
Valladolid,2006,2,2006-T2,43390.1
Valladolid,2006,3,2006-T3,17097.7
Valladolid,2006,4,2006-T4,45027.6
Valladolid,2007,1,2007-T1,39531.1
Valladolid,2007,2,2007-T2,24228.4
Valladolid,2007,3,2007-T3,26145.80852
Valladolid,2007,4,2007-T4,16114.9
Valladolid,2008,1,2008-T1,22730.5
Valladolid,2008,2,2008-T2,12186.5
Valladolid,2008,3,2008-T3,76859.35
Valladolid,2008,4,2008-T4,7620.14
Valladolid,2009,1,2009-T1,8872.58
Valladolid,2009,2,2009-T2,4819.88
Valladolid,2009,3,2009-T3,7140.85
Valladolid,2009,4,2009-T4,8296.27
Valladolid,2010,1,2010-T1,27291.54
Valladolid,2010,2,2010-T2,8545.34
Valladolid,2010,3,2010-T3,4833.91
Valladolid,2010,4,2010-T4,9854.86
Valladolid,2011,1,2011-T1,4770.66
Valladolid,2011,2,2011-T2,6163.62
Valladolid,2011,3,2011-T3,3437.63
Valladolid,2011,4,2011-T4,8504.27
Valladolid,2012,1,2012-T1,3474.18
Valladolid,2012,2,2012-T2,4826.54
Valladolid,2012,3,2012-T3,1712.96
Valladolid,2012,4,2012-T4,8917.18
Valladolid,2013,1,2013-T1,4637.64
Valladolid,2013,2,2013-T2,4379.18
Valladolid,2013,3,2013-T3,2342.36
Valladolid,2013,4,2013-T4,2231.08
Valladolid,2014,1,2014-T1,2772.41
Valladolid,2014,2,2014-T2,10579.29
Valladolid,2014,3,2014-T3,3575.64
Valladolid,2014,4,2014-T4,4242.12
Valladolid,2015,1,2015-T1,1916.21
Valladolid,2015,2,2015-T2,2130.28
Valladolid,2015,3,2015-T3,4777.44
Valladolid,2015,4,2015-T4,2650.62
Valladolid,2016,1,2016-T1,6337.46
Valladolid,2016,2,2016-T2,4887.82
Valladolid,2016,3,2016-T3,2028.88
Valladolid,2016,4,2016-T4,3310.29
Valladolid,2017,1,2017-T1,2059.54
Valladolid,2017,2,2017-T2,12879.26
Valladolid,2017,3,2017-T3,6541.31
Valladolid,2017,4,2017-T4,9187.7
Valladolid,2018,1,2018-T1,4721.64
Valladolid,2018,2,2018-T2,4684.38
Valladolid,2018,3,2018-T3,7980.83
Valladolid,2018,4,2018-T4,6473.36
Valladolid,2019,1,2019-T1,2956.62
Valladolid,2019,2,2019-T2,2648.23
Valladolid,2019,3,2019-T3,6015.81
Valladolid,2019,4,2019-T4,13438.34
Valladolid,2020,1,2020-T1,4204.33
Valladolid,2020,2,2020-T2,1932.66
Valladolid,2020,3,2020-T3,3057.57
Valladolid,2020,4,2020-T4,9427.97
Valladolid,2021,1,2021-T1,6986.18
Valladolid,2021,2,2021-T2,8219.84
Valladolid,2021,3,2021-T3,8736.76
Valladolid,2021,4,2021-T4,10733.37
Valladolid,2022,1,2022-T1,9327.57
Valladolid,2022,2,2022-T2,8934.39
Valladolid,2022,3,2022-T3,3289.4
Valladolid,2022,4,2022-T4,10578.96
Valladolid,2023,1,2023-T1,3407.76
Valladolid,2023,2,2023-T2,5894.73
Valladolid,2023,3,2023-T3,3935.31
Valladolid,2023,4,2023-T4,9159.84
Valladolid,2024,1,2024-T1,9806.82
Valladolid,2024,2,2024-T2,2712.7
Valladolid,2024,3,2024-T3,4844.17
Valladolid,2024,4,2024-T4,6065.46
Valladolid,2025,1,2025-T1,6609.71
Valladolid,2025,2,2025-T2,9568.59
Valladolid,2025,3,2025-T3,5949.26
Valladolid,2025,4,2025-T4,16737.44
Valladolid,2026,1,2026-T1,9967.13
Vizcaya,2004,1,2004-T1,97663.2
Vizcaya,2004,2,2004-T2,125649.3
Vizcaya,2004,3,2004-T3,50402.6
Vizcaya,2004,4,2004-T4,121807.7
Vizcaya,2005,1,2005-T1,90102.8
Vizcaya,2005,2,2005-T2,126894.7
Vizcaya,2005,3,2005-T3,116512.1
Vizcaya,2005,4,2005-T4,114931.1
Vizcaya,2006,1,2006-T1,39012.4
Vizcaya,2006,2,2006-T2,66256.1
Vizcaya,2006,3,2006-T3,63012.7
Vizcaya,2006,4,2006-T4,153182.0
Vizcaya,2007,1,2007-T1,96776.2
Vizcaya,2007,2,2007-T2,56574.0
Vizcaya,2007,3,2007-T3,63005.64436
Vizcaya,2007,4,2007-T4,68623.9
Vizcaya,2008,1,2008-T1,60533.2
Vizcaya,2008,2,2008-T2,59057.9
Vizcaya,2008,3,2008-T3,24600.15
Vizcaya,2008,4,2008-T4,52609.8
Vizcaya,2009,1,2009-T1,65709.43
Vizcaya,2009,2,2009-T2,34350.83
Vizcaya,2009,3,2009-T3,35464.65
Vizcaya,2009,4,2009-T4,20664.95
Vizcaya,2010,1,2010-T1,21703.52
Vizcaya,2010,2,2010-T2,33794.42
Vizcaya,2010,3,2010-T3,24639.27
Vizcaya,2010,4,2010-T4,31130.92
Vizcaya,2011,1,2011-T1,21224.28
Vizcaya,2011,2,2011-T2,14802.75
Vizcaya,2011,3,2011-T3,3966.53
Vizcaya,2011,4,2011-T4,7023.72
Vizcaya,2012,1,2012-T1,17340.86
Vizcaya,2012,2,2012-T2,11295.16
Vizcaya,2012,3,2012-T3,8361.73
Vizcaya,2012,4,2012-T4,23492.67
Vizcaya,2013,1,2013-T1,6376.59
Vizcaya,2013,2,2013-T2,23474.08
Vizcaya,2013,3,2013-T3,16025.77
Vizcaya,2013,4,2013-T4,16016.91
Vizcaya,2014,1,2014-T1,1163.5
Vizcaya,2014,2,2014-T2,9550.66
Vizcaya,2014,3,2014-T3,8058.27
Vizcaya,2014,4,2014-T4,28572.22
Vizcaya,2015,1,2015-T1,11410.46
Vizcaya,2015,2,2015-T2,15436.97
Vizcaya,2015,3,2015-T3,16277.61
Vizcaya,2015,4,2015-T4,19637.43
Vizcaya,2016,1,2016-T1,3159.77
Vizcaya,2016,2,2016-T2,6973.4
Vizcaya,2016,3,2016-T3,5882.28
Vizcaya,2016,4,2016-T4,8367.41
Vizcaya,2017,1,2017-T1,8321.8
Vizcaya,2017,2,2017-T2,16109.9
Vizcaya,2017,3,2017-T3,11723.91
Vizcaya,2017,4,2017-T4,12098.71
Vizcaya,2018,1,2018-T1,6513.71
Vizcaya,2018,2,2018-T2,10101.82
Vizcaya,2018,3,2018-T3,9564.87
Vizcaya,2018,4,2018-T4,16529.11
Vizcaya,2019,1,2019-T1,8249.43
Vizcaya,2019,2,2019-T2,3780.74
Vizcaya,2019,3,2019-T3,2566.8
Vizcaya,2019,4,2019-T4,27727.32
Vizcaya,2020,1,2020-T1,3196.01
Vizcaya,2020,2,2020-T2,5216.19
Vizcaya,2020,3,2020-T3,4823.01
Vizcaya,2020,4,2020-T4,19623.23
Vizcaya,2021,1,2021-T1,7110.23
Vizcaya,2021,2,2021-T2,17562.55
Vizcaya,2021,3,2021-T3,12091.48
Vizcaya,2021,4,2021-T4,31584.93
Vizcaya,2022,1,2022-T1,22061.19
Vizcaya,2022,2,2022-T2,13835.5
Vizcaya,2022,3,2022-T3,5330.07
Vizcaya,2022,4,2022-T4,6145.35
Vizcaya,2023,1,2023-T1,16034.76
Vizcaya,2023,2,2023-T2,17525.11
Vizcaya,2023,3,2023-T3,16024.64
Vizcaya,2023,4,2023-T4,20835.98
Vizcaya,2024,1,2024-T1,8378.89
Vizcaya,2024,2,2024-T2,12691.5
Vizcaya,2024,3,2024-T3,7435.59
Vizcaya,2024,4,2024-T4,7156.65
Vizcaya,2025,1,2025-T1,10439.95
Vizcaya,2025,2,2025-T2,16703.79
Vizcaya,2025,3,2025-T3,12109.46
Vizcaya,2025,4,2025-T4,19614.5
Vizcaya,2026,1,2026-T1,3746.04
Zamora,2004,1,2004-T1,8158.4
Zamora,2004,2,2004-T2,3777.3
Zamora,2004,3,2004-T3,3147.4
Zamora,2004,4,2004-T4,7621.2
Zamora,2005,1,2005-T1,3509.9
Zamora,2005,2,2005-T2,5627.2
Zamora,2005,3,2005-T3,7668.4
Zamora,2005,4,2005-T4,3776.8
Zamora,2006,1,2006-T1,3854.2
Zamora,2006,2,2006-T2,7036.6
Zamora,2006,3,2006-T3,8061.3
Zamora,2006,4,2006-T4,6323.6
Zamora,2007,1,2007-T1,22974.5
Zamora,2007,2,2007-T2,16112.2
Zamora,2007,3,2007-T3,3304.7685
Zamora,2007,4,2007-T4,3652.4
Zamora,2008,1,2008-T1,7898.9
Zamora,2008,2,2008-T2,4118.8
Zamora,2008,3,2008-T3,691.38
Zamora,2008,4,2008-T4,2534.49
Zamora,2009,1,2009-T1,2010.41
Zamora,2009,2,2009-T2,4595.31
Zamora,2009,3,2009-T3,6603.65
Zamora,2009,4,2009-T4,1022.59
Zamora,2010,1,2010-T1,1454.79
Zamora,2010,2,2010-T2,1688.76
Zamora,2010,3,2010-T3,2206.5
Zamora,2010,4,2010-T4,2085.52
Zamora,2011,1,2011-T1,494.76
Zamora,2011,2,2011-T2,1102.58
Zamora,2011,3,2011-T3,3612.21
Zamora,2011,4,2011-T4,773.55
Zamora,2012,1,2012-T1,317.69
Zamora,2012,2,2012-T2,1741.38
Zamora,2012,3,2012-T3,1386.28
Zamora,2012,4,2012-T4,661.88
Zamora,2013,1,2013-T1,398.76
Zamora,2013,2,2013-T2,1719.93
Zamora,2013,3,2013-T3,661.67
Zamora,2013,4,2013-T4,861.07
Zamora,2014,1,2014-T1,164.29
Zamora,2014,2,2014-T2,1516.59
Zamora,2014,3,2014-T3,2725.28
Zamora,2014,4,2014-T4,829.55
Zamora,2015,1,2015-T1,135.6
Zamora,2015,2,2015-T2,763.1
Zamora,2015,3,2015-T3,3698.65
Zamora,2015,4,2015-T4,364.54
Zamora,2016,1,2016-T1,108.69
Zamora,2016,2,2016-T2,667.33
Zamora,2016,3,2016-T3,503.69
Zamora,2016,4,2016-T4,346.6
Zamora,2017,1,2017-T1,485.56
Zamora,2017,2,2017-T2,308.52
Zamora,2017,3,2017-T3,1008.82
Zamora,2017,4,2017-T4,3039.03
Zamora,2018,1,2018-T1,662.07
Zamora,2018,2,2018-T2,2770.38
Zamora,2018,3,2018-T3,757.73
Zamora,2018,4,2018-T4,682.59
Zamora,2019,1,2019-T1,212.79
Zamora,2019,2,2019-T2,2320.8
Zamora,2019,3,2019-T3,641.16
Zamora,2019,4,2019-T4,995.7
Zamora,2020,1,2020-T1,283.13
Zamora,2020,2,2020-T2,342.25
Zamora,2020,3,2020-T3,2861.62
Zamora,2020,4,2020-T4,915.61
Zamora,2021,1,2021-T1,3176.39
Zamora,2021,2,2021-T2,2130.37
Zamora,2021,3,2021-T3,1697.4
Zamora,2021,4,2021-T4,855.75
Zamora,2022,1,2022-T1,292.04
Zamora,2022,2,2022-T2,1108.94
Zamora,2022,3,2022-T3,684.45
Zamora,2022,4,2022-T4,217.27
Zamora,2023,1,2023-T1,463.93
Zamora,2023,2,2023-T2,1271.55
Zamora,2023,3,2023-T3,271.07
Zamora,2023,4,2023-T4,3481.96
Zamora,2024,1,2024-T1,782.7
Zamora,2024,2,2024-T2,415.42
Zamora,2024,3,2024-T3,668.21
Zamora,2024,4,2024-T4,843.0
Zamora,2025,1,2025-T1,1352.52
Zamora,2025,2,2025-T2,1429.56
Zamora,2025,3,2025-T3,1218.8
Zamora,2025,4,2025-T4,1094.35
Zamora,2026,1,2026-T1,575.67
Zaragoza,2004,1,2004-T1,87274.1
Zaragoza,2004,2,2004-T2,89925.8
Zaragoza,2004,3,2004-T3,64287.8
Zaragoza,2004,4,2004-T4,246950.5
Zaragoza,2005,1,2005-T1,179942.6
Zaragoza,2005,2,2005-T2,181361.3
Zaragoza,2005,3,2005-T3,159887.3
Zaragoza,2005,4,2005-T4,210852.5
Zaragoza,2006,1,2006-T1,116005.1
Zaragoza,2006,2,2006-T2,65247.9
Zaragoza,2006,3,2006-T3,75167.6
Zaragoza,2006,4,2006-T4,128023.4
Zaragoza,2007,1,2007-T1,143799.4
Zaragoza,2007,2,2007-T2,172285.7
Zaragoza,2007,3,2007-T3,128741.33407
Zaragoza,2007,4,2007-T4,90954.9
Zaragoza,2008,1,2008-T1,47886.3
Zaragoza,2008,2,2008-T2,58357.3
Zaragoza,2008,3,2008-T3,210755.93
Zaragoza,2008,4,2008-T4,169525.72
Zaragoza,2009,1,2009-T1,186735.15
Zaragoza,2009,2,2009-T2,56201.41
Zaragoza,2009,3,2009-T3,35662.73
Zaragoza,2009,4,2009-T4,11526.88
Zaragoza,2010,1,2010-T1,6552.96
Zaragoza,2010,2,2010-T2,28559.12
Zaragoza,2010,3,2010-T3,28659.71
Zaragoza,2010,4,2010-T4,7646.43
Zaragoza,2011,1,2011-T1,5842.78
Zaragoza,2011,2,2011-T2,43984.23
Zaragoza,2011,3,2011-T3,5691.4
Zaragoza,2011,4,2011-T4,8409.61
Zaragoza,2012,1,2012-T1,5963.4
Zaragoza,2012,2,2012-T2,15938.76
Zaragoza,2012,3,2012-T3,14187.02
Zaragoza,2012,4,2012-T4,11664.77
Zaragoza,2013,1,2013-T1,12809.23
Zaragoza,2013,2,2013-T2,13133.27
Zaragoza,2013,3,2013-T3,4633.95
Zaragoza,2013,4,2013-T4,4493.67
Zaragoza,2014,1,2014-T1,1262.74
Zaragoza,2014,2,2014-T2,13220.47
Zaragoza,2014,3,2014-T3,7012.53
Zaragoza,2014,4,2014-T4,1404.01
Zaragoza,2015,1,2015-T1,4824.41
Zaragoza,2015,2,2015-T2,11293.06
Zaragoza,2015,3,2015-T3,12059.04
Zaragoza,2015,4,2015-T4,20278.59
Zaragoza,2016,1,2016-T1,20167.56
Zaragoza,2016,2,2016-T2,17896.82
Zaragoza,2016,3,2016-T3,16081.3
Zaragoza,2016,4,2016-T4,8000.14
Zaragoza,2017,1,2017-T1,8346.7
Zaragoza,2017,2,2017-T2,12998.96
Zaragoza,2017,3,2017-T3,8907.22
Zaragoza,2017,4,2017-T4,8016.95
Zaragoza,2018,1,2018-T1,9019.73
Zaragoza,2018,2,2018-T2,7224.77
Zaragoza,2018,3,2018-T3,7038.8
Zaragoza,2018,4,2018-T4,16777.79
Zaragoza,2019,1,2019-T1,13330.52
Zaragoza,2019,2,2019-T2,4799.98
Zaragoza,2019,3,2019-T3,9106.05
Zaragoza,2019,4,2019-T4,12305.11
Zaragoza,2020,1,2020-T1,6532.99
Zaragoza,2020,2,2020-T2,4958.52
Zaragoza,2020,3,2020-T3,3606.79
Zaragoza,2020,4,2020-T4,19215.01
Zaragoza,2021,1,2021-T1,19730.48
Zaragoza,2021,2,2021-T2,85771.62
Zaragoza,2021,3,2021-T3,18781.41
Zaragoza,2021,4,2021-T4,42634.1
Zaragoza,2022,1,2022-T1,8271.0
Zaragoza,2022,2,2022-T2,19128.57
Zaragoza,2022,3,2022-T3,6763.78
Zaragoza,2022,4,2022-T4,8150.74
Zaragoza,2023,1,2023-T1,22322.3
Zaragoza,2023,2,2023-T2,8171.65
Zaragoza,2023,3,2023-T3,4098.8
Zaragoza,2023,4,2023-T4,10179.73
Zaragoza,2024,1,2024-T1,13327.04
Zaragoza,2024,2,2024-T2,11732.69
Zaragoza,2024,3,2024-T3,15130.88
Zaragoza,2024,4,2024-T4,6430.57
Zaragoza,2025,1,2025-T1,10454.13
Zaragoza,2025,2,2025-T2,12101.92
Zaragoza,2025,3,2025-T3,21365.92
Zaragoza,2025,4,2025-T4,25803.35
Zaragoza,2026,1,2026-T1,18099.58
Álava,2004,1,2004-T1,32325.7
Álava,2004,2,2004-T2,70746.1
Álava,2004,3,2004-T3,24821.1
Álava,2004,4,2004-T4,54623.8
Álava,2005,1,2005-T1,32951.0
Álava,2005,2,2005-T2,31064.2
Álava,2005,3,2005-T3,35277.5
Álava,2005,4,2005-T4,41258.2
Álava,2006,1,2006-T1,40969.2
Álava,2006,2,2006-T2,40559.1
Álava,2006,3,2006-T3,40243.0
Álava,2006,4,2006-T4,40401.1
Álava,2007,1,2007-T1,40772.7
Álava,2007,2,2007-T2,55755.0
Álava,2007,3,2007-T3,59887.54221
Álava,2007,4,2007-T4,27014.6
Álava,2008,1,2008-T1,60739.8
Álava,2008,2,2008-T2,17998.5
Álava,2008,3,2008-T3,14174.7
Álava,2008,4,2008-T4,21139.02
Álava,2009,1,2009-T1,9662.42
Álava,2009,2,2009-T2,69554.78
Álava,2009,3,2009-T3,18959.65
Álava,2009,4,2009-T4,6854.62
Álava,2010,1,2010-T1,6330.52
Álava,2010,2,2010-T2,13650.84
Álava,2010,3,2010-T3,3459.9
Álava,2010,4,2010-T4,15747.93
Álava,2011,1,2011-T1,3875.19
Álava,2011,2,2011-T2,8339.56
Álava,2011,3,2011-T3,769.94
Álava,2011,4,2011-T4,2709.31
Álava,2012,1,2012-T1,5867.41
Álava,2012,2,2012-T2,4579.2
Álava,2012,3,2012-T3,1583.88
Álava,2012,4,2012-T4,398.73
Álava,2013,1,2013-T1,1893.04
Álava,2013,2,2013-T2,1335.05
Álava,2013,3,2013-T3,1641.19
Álava,2013,4,2013-T4,4278.48
Álava,2014,1,2014-T1,2096.03
Álava,2014,2,2014-T2,2822.5
Álava,2014,3,2014-T3,1177.88
Álava,2014,4,2014-T4,1773.0
Álava,2015,1,2015-T1,2780.6
Álava,2015,2,2015-T2,1751.3
Álava,2015,3,2015-T3,4477.02
Álava,2015,4,2015-T4,4816.86
Álava,2016,1,2016-T1,3925.03
Álava,2016,2,2016-T2,4528.0
Álava,2016,3,2016-T3,2565.0
Álava,2016,4,2016-T4,2668.9
Álava,2017,1,2017-T1,1912.26
Álava,2017,2,2017-T2,2920.7
Álava,2017,3,2017-T3,1525.49
Álava,2017,4,2017-T4,2290.2
Álava,2018,1,2018-T1,2506.48
Álava,2018,2,2018-T2,2655.43
Álava,2018,3,2018-T3,1942.8
Álava,2018,4,2018-T4,4864.12
Álava,2019,1,2019-T1,4955.24
Álava,2019,2,2019-T2,2735.24
Álava,2019,3,2019-T3,2805.49
Álava,2019,4,2019-T4,3966.39
Álava,2020,1,2020-T1,9767.08
Álava,2020,2,2020-T2,2836.6
Álava,2020,3,2020-T3,1706.48
Álava,2020,4,2020-T4,11350.08
Álava,2021,1,2021-T1,5141.27
Álava,2021,2,2021-T2,7082.27
Álava,2021,3,2021-T3,5449.08
Álava,2021,4,2021-T4,11482.59
Álava,2022,1,2022-T1,21976.18
Álava,2022,2,2022-T2,8122.33
Álava,2022,3,2022-T3,4620.14
Álava,2022,4,2022-T4,5198.98
Álava,2023,1,2023-T1,2590.65
Álava,2023,2,2023-T2,6084.07
Álava,2023,3,2023-T3,3601.11
Álava,2023,4,2023-T4,2787.05
Álava,2024,1,2024-T1,21188.73
Álava,2024,2,2024-T2,9854.33
Álava,2024,3,2024-T3,4627.22
Álava,2024,4,2024-T4,7303.5
Álava,2025,1,2025-T1,5108.56
Álava,2025,2,2025-T2,5100.06
Álava,2025,3,2025-T3,7015.15
Álava,2025,4,2025-T4,5911.88
Álava,2026,1,2026-T1,7057.56
